# Blender v2.93.0 OBJ File: ''
# www.blender.org
mtllib ordi.mtl
o Ecran_Cube.003
v 0.429735 0.009248 -0.085506
v 0.429735 0.006838 -0.084508
v 0.429735 0.004428 -0.085506
v 0.429735 0.003429 -0.087916
v 0.429735 0.004428 -0.090327
v 0.429735 0.006838 -0.091325
v 0.429735 0.009248 -0.090327
v 0.429735 0.010247 -0.087916
v 0.443115 0.007164 -0.065346
v 0.443115 0.006473 -0.065346
v 0.450263 0.006473 -0.065346
v 0.450263 0.007164 -0.065346
v 0.443115 0.005896 -0.058437
v 0.450263 0.005896 -0.058437
v 0.450263 0.005896 -0.064768
v 0.443115 0.005896 -0.064768
v 0.443115 0.007741 -0.058437
v 0.443115 0.007572 -0.058029
v 0.443115 0.007164 -0.057859
v 0.443115 0.006473 -0.057859
v 0.443115 0.006065 -0.058029
v 0.443115 0.006065 -0.065177
v 0.443115 0.007572 -0.065177
v 0.443115 0.007741 -0.064768
v 0.448131 0.007345 -0.064950
v 0.448131 0.006292 -0.064950
v 0.448131 0.006292 -0.058256
v 0.448131 0.007345 -0.058256
v 0.450263 0.007741 -0.058437
v 0.450263 0.007572 -0.058029
v 0.450263 0.007164 -0.057859
v 0.450263 0.006065 -0.065177
v 0.450263 0.006449 -0.065336
v 0.443115 0.007164 -0.076528
v 0.443115 0.006473 -0.076528
v 0.450263 0.006473 -0.076528
v 0.450263 0.007164 -0.076528
v 0.443115 0.005896 -0.069620
v 0.450263 0.005896 -0.069620
v 0.450263 0.005896 -0.075950
v 0.443115 0.005896 -0.075950
v 0.443115 0.007741 -0.069620
v 0.443115 0.007572 -0.069211
v 0.443115 0.007164 -0.069042
v 0.443115 0.006473 -0.069042
v 0.443115 0.006065 -0.069211
v 0.443115 0.006065 -0.076359
v 0.443115 0.007572 -0.076359
v 0.443115 0.007741 -0.075950
v 0.448131 0.007345 -0.076132
v 0.448131 0.006292 -0.076132
v 0.448131 0.006292 -0.069438
v 0.448131 0.007345 -0.069438
v 0.450263 0.007741 -0.069620
v 0.450263 0.007572 -0.069211
v 0.450263 0.007164 -0.069042
v 0.450263 0.006065 -0.076359
v 0.343004 0.005770 -0.080922
v 0.343004 0.005770 0.180114
v 0.342674 0.005770 0.181346
v 0.342367 0.005770 0.181653
v 0.341136 0.005770 0.181983
v 0.000000 0.005770 0.181983
v -0.170568 0.005770 0.181983
v -0.341136 0.005770 0.181983
v -0.342367 0.005770 0.181653
v -0.342674 0.005770 0.181346
v -0.343004 0.005770 0.180114
v -0.343004 0.005770 -0.080922
v -0.342674 0.005770 -0.082153
v -0.342521 0.005770 -0.082307
v -0.342367 0.005770 -0.082460
v -0.341136 0.005770 -0.082790
v 0.341136 0.005770 -0.082790
v 0.342367 0.005770 -0.082460
v 0.342674 0.005770 -0.082153
v -0.344819 0.008635 0.185899
v -0.345443 0.010548 0.186980
v -0.348002 0.010548 0.184421
v -0.346920 0.008635 0.183797
v -0.342367 0.005770 0.181653
v -0.342674 0.005770 0.181346
v -0.343004 0.005770 0.180114
v -0.341759 0.008635 -0.087526
v -0.341918 0.010548 -0.088732
v 0.341918 0.010548 -0.088732
v 0.341759 0.008635 -0.087526
v -0.342521 0.005770 -0.082307
v -0.342367 0.005770 -0.082460
v 0.342674 0.005770 -0.082153
v 0.343004 0.005770 -0.080922
v 0.347740 0.008635 -0.081545
v 0.348946 0.010548 -0.081704
v 0.348946 0.010548 0.180896
v 0.347740 0.008635 0.180738
v 0.342367 0.005770 -0.082460
v 0.342367 0.005770 0.181653
v 0.341136 0.005770 0.181983
v 0.341759 0.008635 0.186718
v 0.341918 0.010548 0.187925
v 0.000000 0.010548 0.187925
v 0.000000 0.008635 0.186718
v 0.342674 0.005770 0.181346
v -0.170959 0.010548 0.187925
v -0.170880 0.008635 0.186718
v -0.343004 0.005770 -0.080922
v -0.170568 0.005770 0.181983
v -0.341136 0.005770 0.181983
v 0.343004 0.005770 0.180114
v -0.341136 0.005770 -0.082790
v 0.341136 0.005770 -0.082790
v 0.000000 0.005770 0.181983
v -0.343280 0.006245 0.183234
v -0.342824 0.006007 0.182443
v -0.341252 0.006007 0.182864
v -0.341368 0.006245 0.183746
v -0.342674 0.005770 -0.082153
v -0.341759 0.008635 0.186718
v -0.341918 0.010548 0.187925
v 0.348002 0.010548 0.184421
v 0.346920 0.008635 0.183797
v 0.344819 0.008635 0.185899
v 0.345443 0.010548 0.186980
v 0.345443 0.010548 -0.087787
v 0.344819 0.008635 -0.086706
v 0.346920 0.008635 -0.084604
v 0.348002 0.010548 -0.085229
v -0.347740 0.008635 -0.081545
v -0.348946 0.010548 -0.081704
v -0.348002 0.010548 -0.085229
v -0.346920 0.008635 -0.084604
v -0.344819 0.008635 -0.086706
v -0.345443 0.010548 -0.087787
v -0.345869 0.008635 -0.085655
v -0.346722 0.010548 -0.086508
v -0.347740 0.008635 0.180738
v -0.348946 0.010548 0.180896
v -0.170798 0.007293 0.185480
v 0.000000 0.007293 0.185480
v -0.170684 0.006245 0.183746
v 0.000000 0.006245 0.183746
v -0.170626 0.006007 0.182864
v 0.000000 0.006007 0.182864
v 0.341596 0.007293 0.185480
v 0.341368 0.006245 0.183746
v 0.341252 0.006007 0.182864
v 0.341596 0.007293 -0.086287
v -0.341596 0.007293 -0.086287
v 0.341368 0.006245 -0.084554
v -0.341368 0.006245 -0.084554
v 0.341252 0.006007 -0.083672
v -0.341252 0.006007 -0.083672
v 0.346501 0.007293 0.180574
v 0.346501 0.007293 -0.081382
v 0.344768 0.006245 0.180346
v 0.344768 0.006245 -0.081154
v 0.343886 0.006007 0.180230
v 0.343886 0.006007 -0.081038
v -0.341596 0.007293 0.185480
v -0.346501 0.007293 -0.081382
v -0.346501 0.007293 0.180574
v -0.344768 0.006245 -0.081154
v -0.344768 0.006245 0.180346
v -0.343886 0.006007 -0.081038
v -0.343886 0.006007 0.180230
v 0.345809 0.007293 0.183156
v 0.344255 0.006245 0.182259
v 0.343465 0.006007 0.181802
v 0.344177 0.007293 0.184788
v 0.343280 0.006245 0.183234
v 0.342824 0.006007 0.182443
v 0.344177 0.007293 -0.085595
v 0.343280 0.006245 -0.084041
v 0.342824 0.006007 -0.083251
v 0.345809 0.007293 -0.083963
v 0.344255 0.006245 -0.083066
v 0.343465 0.006007 -0.082609
v -0.345809 0.007293 -0.083963
v -0.344255 0.006245 -0.083066
v -0.343465 0.006007 -0.082609
v -0.344993 0.007293 -0.084779
v -0.343768 0.006245 -0.083554
v -0.343144 0.006007 -0.082930
v -0.344177 0.007293 -0.085595
v -0.343280 0.006245 -0.084041
v -0.342824 0.006007 -0.083251
v -0.345809 0.007293 0.183156
v -0.344255 0.006245 0.182259
v -0.343465 0.006007 0.181802
v -0.344177 0.007293 0.184788
v 0.191184 0.004295 0.451122
v -0.188245 0.004295 0.451122
v -0.188245 0.010548 0.451122
v 0.191184 0.010548 0.451122
v 0.201661 0.004295 0.211412
v 0.201661 0.004295 0.440645
v 0.201661 0.010548 0.440645
v 0.201661 0.010548 0.211412
v -0.198722 0.004295 0.440645
v -0.198722 0.004295 0.211412
v -0.198722 0.010548 0.211412
v -0.198722 0.010548 0.440645
v -0.188245 0.004295 0.200934
v 0.191184 0.004295 0.200934
v 0.191184 0.010548 0.200934
v -0.188245 0.010548 0.200934
v -0.193484 0.004295 0.449719
v -0.193484 0.010548 0.449719
v -0.197318 0.004295 0.445884
v -0.197318 0.010548 0.445884
v 0.196423 0.004295 0.449719
v 0.200258 0.004295 0.445884
v 0.200258 0.004295 0.206173
v 0.196423 0.004295 0.202338
v -0.193484 0.004295 0.202338
v -0.197318 0.004295 0.206173
v -0.424404 -0.000145 -0.126010
v -0.424145 -0.000145 -0.127309
v -0.424794 -0.000145 -0.126338
v -0.425765 -0.000145 -0.125689
v -0.424466 -0.000145 -0.125948
v 0.425509 -0.000145 -0.125948
v 0.426808 -0.000145 -0.125689
v 0.425838 -0.000145 -0.126338
v 0.425189 -0.000145 -0.127309
v 0.425447 -0.000145 -0.126010
v 0.425447 -0.000145 0.443352
v 0.425189 -0.000145 0.444651
v 0.425838 -0.000145 0.443679
v 0.426808 -0.000145 0.443031
v 0.425509 -0.000145 0.443289
v -0.424466 -0.000145 0.443289
v -0.425765 -0.000145 0.443031
v -0.424794 -0.000145 0.443679
v -0.424145 -0.000145 0.444651
v -0.424404 -0.000145 0.443352
v -0.449220 0.003058 0.445796
v -0.449220 0.010548 0.445796
v -0.449220 0.010548 -0.128454
v -0.449220 0.003059 -0.128454
v 0.427954 0.003058 0.468105
v 0.427954 0.010548 0.468105
v 0.029012 0.010548 0.468105
v 0.029012 0.010059 0.468105
v 0.028628 0.008035 0.468105
v 0.027578 0.006553 0.468105
v 0.026145 0.006011 0.468105
v -0.026145 0.006011 0.468105
v -0.027578 0.006555 0.468103
v -0.028628 0.008035 0.468105
v -0.029012 0.010059 0.468105
v -0.029012 0.010548 0.468105
v -0.426910 0.010548 0.468105
v -0.426910 0.003058 0.468105
v 0.450263 0.010548 -0.128454
v -0.197318 0.010548 0.206173
v -0.193484 0.010548 0.202338
v 0.196423 0.010548 0.202338
v 0.200258 0.010548 0.206173
v 0.450263 0.010548 0.445796
v 0.450263 0.003059 -0.128454
v 0.450263 0.008094 -0.090805
v 0.450263 0.006838 -0.091325
v 0.450263 0.004428 -0.090327
v 0.450263 0.003429 -0.087916
v 0.450263 0.004428 -0.085506
v 0.450263 0.006838 -0.084508
v 0.450263 0.007707 -0.084867
v 0.450263 0.006065 -0.069211
v 0.450263 0.006473 -0.069042
v 0.450263 0.006065 -0.058029
v 0.450263 0.006399 -0.057890
v 0.450263 0.003058 0.445796
v 0.448565 0.003059 -0.136992
v 0.448565 0.010548 -0.136992
v 0.443729 0.003059 -0.144229
v 0.443729 0.010548 -0.144229
v 0.436491 0.003059 -0.149065
v 0.436491 0.010548 -0.149065
v 0.427954 0.003059 -0.150764
v 0.427954 0.010548 -0.150764
v -0.435448 0.010548 0.466407
v -0.435448 0.003058 0.466407
v -0.442685 0.010548 0.461571
v -0.442685 0.003058 0.461571
v -0.447522 0.010548 0.454333
v -0.447522 0.003058 0.454333
v 0.436491 0.003058 0.466407
v 0.436491 0.010548 0.466407
v 0.443729 0.003058 0.461571
v 0.443729 0.010548 0.461571
v 0.448565 0.003058 0.454333
v 0.448565 0.010548 0.454333
v -0.426910 0.010548 -0.150764
v -0.426910 0.003059 -0.150764
v -0.435448 0.003059 -0.149065
v -0.435448 0.010548 -0.149065
v -0.442685 0.003059 -0.144229
v -0.442685 0.010548 -0.144229
v -0.447522 0.003059 -0.136992
v -0.447522 0.010548 -0.136992
v 0.450263 0.003059 -0.128454
v 0.448565 0.003059 -0.136992
v 0.443729 0.003059 -0.144229
v 0.436491 0.003059 -0.149065
v 0.427954 0.003059 -0.150764
v -0.435448 0.003058 0.466407
v -0.426910 0.003058 0.468105
v -0.442685 0.003058 0.461571
v -0.447522 0.003058 0.454333
v -0.449220 0.003058 0.445796
v 0.427954 0.003058 0.468105
v 0.436491 0.003058 0.466407
v 0.443729 0.003058 0.461571
v 0.448565 0.003058 0.454333
v 0.450263 0.003058 0.445796
v -0.426910 0.003059 -0.150764
v -0.435448 0.003059 -0.149065
v -0.442685 0.003059 -0.144229
v -0.447522 0.003059 -0.136992
v -0.449220 0.003059 -0.128454
v 0.448205 0.002961 -0.136843
v 0.443453 0.002961 -0.143954
v 0.425838 -0.000145 -0.126338
v 0.425189 -0.000145 -0.127309
v 0.426808 -0.000145 -0.125689
v 0.425509 -0.000145 -0.125948
v -0.426872 0.002961 0.467723
v 0.427916 0.002961 0.467723
v -0.425765 -0.000145 0.443031
v -0.424794 -0.000145 0.443679
v -0.424145 -0.000145 0.444651
v -0.424404 -0.000145 0.443352
v -0.424404 -0.000145 -0.126010
v 0.436342 0.002961 0.466047
v 0.443453 0.002961 0.461295
v 0.425838 -0.000145 0.443679
v 0.426808 -0.000145 0.443031
v 0.425189 -0.000145 0.444651
v 0.425447 -0.000145 0.443352
v -0.435298 0.002961 -0.148705
v -0.442410 0.002961 -0.143954
v -0.424794 -0.000145 -0.126338
v -0.425765 -0.000145 -0.125689
v -0.424145 -0.000145 -0.127309
v -0.424466 -0.000145 -0.125948
v 0.425447 -0.000145 -0.126010
v 0.425509 -0.000145 0.443289
v -0.424466 -0.000145 0.443289
v -0.448837 0.002961 -0.128416
v -0.448837 0.002961 0.445758
v 0.449881 0.002961 -0.128416
v -0.447161 0.002961 -0.136843
v -0.426872 0.002961 -0.150381
v 0.448205 0.002961 0.454184
v 0.449881 0.002961 0.445758
v -0.447161 0.002961 0.454184
v -0.442410 0.002961 0.461295
v -0.435298 0.002961 0.466047
v 0.427916 0.002961 -0.150381
v 0.436342 0.002961 -0.148705
v -0.426117 0.001426 0.460048
v 0.427160 0.001426 0.460048
v -0.425236 0.000289 0.451104
v 0.426279 0.000289 0.451104
v -0.441162 0.001426 -0.127661
v -0.441162 0.001426 0.445002
v -0.432219 0.000289 -0.126780
v -0.432219 0.000289 0.444121
v 0.442206 0.001426 0.445002
v 0.442206 0.001426 -0.127661
v 0.433262 0.000289 0.444121
v 0.433262 0.000289 -0.126780
v 0.427160 0.001426 -0.142706
v -0.426117 0.001426 -0.142706
v 0.426279 0.000289 -0.133763
v -0.425236 0.000289 -0.133763
v -0.439931 0.001426 -0.133848
v -0.431507 0.000289 -0.130358
v -0.436876 0.001426 -0.138420
v -0.430428 0.000289 -0.131972
v -0.432304 0.001426 -0.141475
v -0.428814 0.000289 -0.133051
v 0.440975 0.001426 0.451189
v 0.432550 0.000289 0.447700
v 0.437920 0.001426 0.455762
v 0.431472 0.000289 0.449314
v 0.433347 0.001426 0.458817
v 0.429858 0.000289 0.450392
v -0.439931 0.001426 0.451189
v -0.431507 0.000289 0.447700
v -0.436876 0.001426 0.455762
v -0.430428 0.000289 0.449314
v -0.432304 0.001426 0.458817
v -0.428814 0.000289 0.450392
v 0.433347 0.001426 -0.141475
v 0.429858 0.000289 -0.133051
v 0.437920 0.001426 -0.138420
v 0.431472 0.000289 -0.131972
v 0.440975 0.001426 -0.133848
v 0.432550 0.000289 -0.130358
v 0.028628 0.010548 0.465584
v 0.029012 0.010548 0.467615
v -0.027578 0.010548 0.464098
v -0.028628 0.010548 0.465584
v 0.026145 0.010548 0.463554
v 0.027578 0.010548 0.464098
v -0.026145 0.010548 0.463554
v -0.029012 0.010548 0.467615
v 0.200258 0.010548 0.445884
v 0.196423 0.010548 0.449719
v 0.450263 0.006292 -0.076132
v 0.450263 0.007345 -0.076132
v 0.450263 0.006473 -0.057859
v 0.450263 0.007741 -0.064768
v 0.450263 0.007572 -0.065177
v 0.450263 0.007741 -0.075950
v 0.450263 0.007572 -0.076359
v 0.450263 0.009248 -0.085506
v 0.450263 0.010247 -0.087916
v 0.450263 0.009248 -0.090327
v 0.450263 0.006292 -0.069438
v 0.450263 0.007345 -0.069438
v 0.450263 0.006446 -0.064950
v 0.450263 0.007345 -0.064950
v 0.450263 0.007345 -0.058256
v 0.450263 0.006402 -0.058256
v 0.450263 0.006292 -0.064950
v 0.450263 0.006292 -0.058256
v 0.190758 0.003576 0.450842
v 0.190758 0.007804 0.450842
v -0.187819 0.007804 0.450842
v -0.187819 0.003576 0.450842
v 0.201212 0.003576 0.211669
v 0.201212 0.007804 0.211669
v 0.201212 0.007804 0.440388
v 0.201212 0.003576 0.440388
v 0.199812 0.007804 0.206442
v 0.195985 0.007804 0.202615
v 0.190758 0.007804 0.201215
v -0.187819 0.007804 0.201215
v -0.193046 0.007804 0.202615
v -0.196872 0.007804 0.206442
v -0.198273 0.007804 0.211669
v -0.198273 0.007804 0.440388
v -0.196872 0.007804 0.445615
v -0.193046 0.007804 0.449441
v 0.195985 0.007804 0.449441
v 0.199812 0.007804 0.445615
v -0.198273 0.003576 0.440388
v -0.198273 0.003576 0.211669
v -0.187819 0.003576 0.201215
v 0.190758 0.003576 0.201215
v -0.193046 0.003576 0.449441
v -0.196872 0.003576 0.445615
v -0.193046 0.003576 0.202615
v -0.196872 0.003576 0.206442
v 0.199812 0.003576 0.206442
v 0.195985 0.003576 0.202615
v 0.195985 0.003576 0.449441
v 0.199812 0.003576 0.445615
v -0.136097 0.000889 0.041898
v -0.136097 0.009831 0.041898
v -0.172762 0.009831 0.041898
v -0.172762 0.000889 0.041898
v -0.133541 0.000889 0.002044
v -0.133541 0.009831 0.002044
v -0.133541 0.009831 0.039341
v -0.133541 0.000889 0.039341
v -0.134289 0.009831 0.000236
v -0.136097 0.009831 -0.000513
v -0.172762 0.009831 -0.000513
v -0.174570 0.009831 0.000236
v -0.175318 0.009831 0.002044
v -0.175318 0.009831 0.039341
v -0.174570 0.009831 0.041149
v -0.134289 0.009831 0.041149
v -0.175318 0.000889 0.039341
v -0.175318 0.000889 0.002044
v -0.172762 0.000889 -0.000513
v -0.136097 0.000889 -0.000513
v -0.174570 0.000889 0.041149
v -0.174570 0.000889 0.000236
v -0.134289 0.000889 0.000236
v -0.134289 0.000889 0.041149
v -0.232282 0.000889 0.041898
v -0.232282 0.009831 0.041898
v -0.268947 0.009831 0.041898
v -0.268947 0.000889 0.041898
v -0.229725 0.000889 0.002044
v -0.229725 0.009831 0.002044
v -0.229725 0.009831 0.039341
v -0.229725 0.000889 0.039341
v -0.230474 0.009831 0.000236
v -0.232282 0.009831 -0.000513
v -0.268947 0.009831 -0.000513
v -0.270755 0.009831 0.000236
v -0.271503 0.009831 0.002044
v -0.271503 0.009831 0.039341
v -0.270755 0.009831 0.041149
v -0.230474 0.009831 0.041149
v -0.271503 0.000889 0.039341
v -0.271503 0.000889 0.002044
v -0.268947 0.000889 -0.000513
v -0.232282 0.000889 -0.000513
v -0.270755 0.000889 0.041149
v -0.270755 0.000889 0.000236
v -0.230474 0.000889 0.000236
v -0.230474 0.000889 0.041149
v -0.183771 0.000889 0.041898
v -0.183771 0.009831 0.041898
v -0.220436 0.009831 0.041898
v -0.220436 0.000889 0.041898
v -0.181215 0.000889 0.002044
v -0.181215 0.009831 0.002044
v -0.181215 0.009831 0.039341
v -0.181215 0.000889 0.039341
v -0.181964 0.009831 0.000236
v -0.183771 0.009831 -0.000513
v -0.220436 0.009831 -0.000513
v -0.222244 0.009831 0.000236
v -0.222993 0.009831 0.002044
v -0.222993 0.009831 0.039341
v -0.222244 0.009831 0.041149
v -0.181964 0.009831 0.041149
v -0.222993 0.000889 0.039341
v -0.222993 0.000889 0.002044
v -0.220436 0.000889 -0.000513
v -0.183771 0.000889 -0.000513
v -0.222244 0.000889 0.041149
v -0.222244 0.000889 0.000236
v -0.181964 0.000889 0.000236
v -0.181964 0.000889 0.041149
v -0.088005 0.000889 0.041898
v -0.088005 0.009831 0.041898
v -0.124669 0.009831 0.041898
v -0.124669 0.000889 0.041898
v -0.085448 0.000889 0.002044
v -0.085448 0.009831 0.002044
v -0.085448 0.009831 0.039341
v -0.085448 0.000889 0.039341
v -0.086197 0.009831 0.000236
v -0.088005 0.009831 -0.000513
v -0.124669 0.009831 -0.000513
v -0.126477 0.009831 0.000236
v -0.127226 0.009831 0.002044
v -0.127226 0.009831 0.039341
v -0.126477 0.009831 0.041149
v -0.086197 0.009831 0.041149
v -0.127226 0.000889 0.039341
v -0.127226 0.000889 0.002044
v -0.124669 0.000889 -0.000513
v -0.088005 0.000889 -0.000513
v -0.126477 0.000889 0.041149
v -0.126477 0.000889 0.000236
v -0.086197 0.000889 0.000236
v -0.086197 0.000889 0.041149
v -0.040749 0.000889 0.041898
v -0.040749 0.009831 0.041898
v -0.077413 0.009831 0.041898
v -0.077413 0.000889 0.041898
v -0.038192 0.000889 0.002044
v -0.038192 0.009831 0.002044
v -0.038192 0.009831 0.039341
v -0.038192 0.000889 0.039341
v -0.038941 0.009831 0.000236
v -0.040749 0.009831 -0.000513
v -0.077413 0.009831 -0.000513
v -0.079221 0.009831 0.000236
v -0.079970 0.009831 0.002044
v -0.079970 0.009831 0.039341
v -0.079221 0.009831 0.041149
v -0.038941 0.009831 0.041149
v -0.079970 0.000889 0.039341
v -0.079970 0.000889 0.002044
v -0.077413 0.000889 -0.000513
v -0.040749 0.000889 -0.000513
v -0.079221 0.000889 0.041149
v -0.079221 0.000889 0.000236
v -0.038941 0.000889 0.000236
v -0.038941 0.000889 0.041149
v 0.007344 0.000889 0.041898
v 0.007344 0.009831 0.041898
v -0.029321 0.009831 0.041898
v -0.029321 0.000889 0.041898
v 0.009900 0.000889 0.002044
v 0.009900 0.009831 0.002044
v 0.009900 0.009831 0.039341
v 0.009900 0.000889 0.039341
v 0.009152 0.009831 0.000236
v 0.007344 0.009831 -0.000513
v -0.029321 0.009831 -0.000513
v -0.031129 0.009831 0.000236
v -0.031878 0.009831 0.002044
v -0.031878 0.009831 0.039341
v -0.031129 0.009831 0.041149
v 0.009152 0.009831 0.041149
v -0.031878 0.000889 0.039341
v -0.031878 0.000889 0.002044
v -0.029321 0.000889 -0.000513
v 0.007344 0.000889 -0.000513
v -0.031129 0.000889 0.041149
v -0.031129 0.000889 0.000236
v 0.009152 0.000889 0.000236
v 0.009152 0.000889 0.041149
v 0.055436 0.000889 0.041898
v 0.055436 0.009831 0.041898
v 0.018772 0.009831 0.041898
v 0.018772 0.000889 0.041898
v 0.057993 0.000889 0.002044
v 0.057993 0.009831 0.002044
v 0.057993 0.009831 0.039341
v 0.057993 0.000889 0.039341
v 0.057244 0.009831 0.000236
v 0.055436 0.009831 -0.000513
v 0.018772 0.009831 -0.000513
v 0.016964 0.009831 0.000236
v 0.016215 0.009831 0.002044
v 0.016215 0.009831 0.039341
v 0.016964 0.009831 0.041149
v 0.057244 0.009831 0.041149
v 0.016215 0.000889 0.039341
v 0.016215 0.000889 0.002044
v 0.018772 0.000889 -0.000513
v 0.055436 0.000889 -0.000513
v 0.016964 0.000889 0.041149
v 0.016964 0.000889 0.000236
v 0.057244 0.000889 0.000236
v 0.057244 0.000889 0.041149
v 0.102692 0.000889 0.041898
v 0.102692 0.009831 0.041898
v 0.066028 0.009831 0.041898
v 0.066028 0.000889 0.041898
v 0.105249 0.000889 0.002044
v 0.105249 0.009831 0.002044
v 0.105249 0.009831 0.039341
v 0.105249 0.000889 0.039341
v 0.104500 0.009831 0.000236
v 0.102692 0.009831 -0.000513
v 0.066028 0.009831 -0.000513
v 0.064220 0.009831 0.000236
v 0.063471 0.009831 0.002044
v 0.063471 0.009831 0.039341
v 0.064220 0.009831 0.041149
v 0.104500 0.009831 0.041149
v 0.063471 0.000889 0.039341
v 0.063471 0.000889 0.002044
v 0.066028 0.000889 -0.000513
v 0.102692 0.000889 -0.000513
v 0.064220 0.000889 0.041149
v 0.064220 0.000889 0.000236
v 0.104500 0.000889 0.000236
v 0.104500 0.000889 0.041149
v 0.150785 0.000889 0.041898
v 0.150785 0.009831 0.041898
v 0.114120 0.009831 0.041898
v 0.114120 0.000889 0.041898
v 0.153341 0.000889 0.002044
v 0.153341 0.009831 0.002044
v 0.153341 0.009831 0.039341
v 0.153341 0.000889 0.039341
v 0.152592 0.009831 0.000236
v 0.150785 0.009831 -0.000513
v 0.114120 0.009831 -0.000513
v 0.112312 0.009831 0.000236
v 0.111563 0.009831 0.002044
v 0.111563 0.009831 0.039341
v 0.112312 0.009831 0.041149
v 0.152592 0.009831 0.041149
v 0.111563 0.000889 0.039341
v 0.111563 0.000889 0.002044
v 0.114120 0.000889 -0.000513
v 0.150785 0.000889 -0.000513
v 0.112312 0.000889 0.041149
v 0.112312 0.000889 0.000236
v 0.152592 0.000889 0.000236
v 0.152592 0.000889 0.041149
v 0.198459 0.000889 0.041898
v 0.198459 0.009831 0.041898
v 0.161794 0.009831 0.041898
v 0.161794 0.000889 0.041898
v 0.201015 0.000889 0.002044
v 0.201015 0.009831 0.002044
v 0.201015 0.009831 0.039341
v 0.201015 0.000889 0.039341
v 0.200267 0.009831 0.000236
v 0.198459 0.009831 -0.000513
v 0.161794 0.009831 -0.000513
v 0.159986 0.009831 0.000236
v 0.159237 0.009831 0.002044
v 0.159237 0.009831 0.039341
v 0.159986 0.009831 0.041149
v 0.200267 0.009831 0.041149
v 0.159237 0.000889 0.039341
v 0.159237 0.000889 0.002044
v 0.161794 0.000889 -0.000513
v 0.198459 0.000889 -0.000513
v 0.159986 0.000889 0.041149
v 0.159986 0.000889 0.000236
v 0.200267 0.000889 0.000236
v 0.200267 0.000889 0.041149
v 0.246133 0.000889 0.041898
v 0.246133 0.009831 0.041898
v 0.209468 0.009831 0.041898
v 0.209468 0.000889 0.041898
v 0.248690 0.000889 0.002044
v 0.248690 0.009831 0.002044
v 0.248690 0.009831 0.039341
v 0.248690 0.000889 0.039341
v 0.247941 0.009831 0.000236
v 0.246133 0.009831 -0.000513
v 0.209468 0.009831 -0.000513
v 0.207660 0.009831 0.000236
v 0.206912 0.009831 0.002044
v 0.206912 0.009831 0.039341
v 0.207660 0.009831 0.041149
v 0.247941 0.009831 0.041149
v 0.206912 0.000889 0.039341
v 0.206912 0.000889 0.002044
v 0.209468 0.000889 -0.000513
v 0.246133 0.000889 -0.000513
v 0.207660 0.000889 0.041149
v 0.207660 0.000889 0.000236
v 0.247941 0.000889 0.000236
v 0.247941 0.000889 0.041149
v 0.293807 0.000889 0.041898
v 0.293807 0.009831 0.041898
v 0.257143 0.009831 0.041898
v 0.257143 0.000889 0.041898
v 0.296364 0.000889 0.002044
v 0.296364 0.009831 0.002044
v 0.296364 0.009831 0.039341
v 0.296364 0.000889 0.039341
v 0.295615 0.009831 0.000236
v 0.293807 0.009831 -0.000513
v 0.257143 0.009831 -0.000513
v 0.255335 0.009831 0.000236
v 0.254586 0.009831 0.002044
v 0.254586 0.009831 0.039341
v 0.255335 0.009831 0.041149
v 0.295615 0.009831 0.041149
v 0.254586 0.000889 0.039341
v 0.254586 0.000889 0.002044
v 0.257143 0.000889 -0.000513
v 0.293807 0.000889 -0.000513
v 0.255335 0.000889 0.041149
v 0.255335 0.000889 0.000236
v 0.295615 0.000889 0.000236
v 0.295615 0.000889 0.041149
v 0.269970 0.000889 -0.004104
v 0.269970 0.009831 -0.004104
v 0.233305 0.009831 -0.004104
v 0.233305 0.000889 -0.004104
v 0.272527 0.000889 -0.043958
v 0.272527 0.009831 -0.043958
v 0.272527 0.009831 -0.006661
v 0.272527 0.000889 -0.006661
v 0.271778 0.009831 -0.045766
v 0.269970 0.009831 -0.046514
v 0.233305 0.009831 -0.046514
v 0.231498 0.009831 -0.045766
v 0.230749 0.009831 -0.043958
v 0.230749 0.009831 -0.006661
v 0.231498 0.009831 -0.004853
v 0.271778 0.009831 -0.004853
v 0.230749 0.000889 -0.006661
v 0.230749 0.000889 -0.043958
v 0.233305 0.000889 -0.046514
v 0.269970 0.000889 -0.046514
v 0.231498 0.000889 -0.004853
v 0.231498 0.000889 -0.045766
v 0.271778 0.000889 -0.045766
v 0.271778 0.000889 -0.004853
v 0.221878 0.000889 -0.004104
v 0.221878 0.009831 -0.004104
v 0.185213 0.009831 -0.004104
v 0.185213 0.000889 -0.004104
v 0.224434 0.000889 -0.043958
v 0.224434 0.009831 -0.043958
v 0.224434 0.009831 -0.006661
v 0.224434 0.000889 -0.006661
v 0.223685 0.009831 -0.045766
v 0.221878 0.009831 -0.046514
v 0.185213 0.009831 -0.046514
v 0.183405 0.009831 -0.045766
v 0.182656 0.009831 -0.043958
v 0.182656 0.009831 -0.006661
v 0.183405 0.009831 -0.004853
v 0.223685 0.009831 -0.004853
v 0.182656 0.000889 -0.006661
v 0.182656 0.000889 -0.043958
v 0.185213 0.000889 -0.046514
v 0.221878 0.000889 -0.046514
v 0.183405 0.000889 -0.004853
v 0.183405 0.000889 -0.045766
v 0.223685 0.000889 -0.045766
v 0.223685 0.000889 -0.004853
v 0.175040 0.000889 -0.004104
v 0.175040 0.009831 -0.004104
v 0.138375 0.009831 -0.004104
v 0.138375 0.000889 -0.004104
v 0.177597 0.000889 -0.043958
v 0.177597 0.009831 -0.043958
v 0.177597 0.009831 -0.006661
v 0.177597 0.000889 -0.006661
v 0.176848 0.009831 -0.045766
v 0.175040 0.009831 -0.046514
v 0.138375 0.009831 -0.046514
v 0.136567 0.009831 -0.045766
v 0.135819 0.009831 -0.043958
v 0.135819 0.009831 -0.006661
v 0.136567 0.009831 -0.004853
v 0.176848 0.009831 -0.004853
v 0.135819 0.000889 -0.006661
v 0.135819 0.000889 -0.043958
v 0.138375 0.000889 -0.046514
v 0.175040 0.000889 -0.046514
v 0.136567 0.000889 -0.004853
v 0.136567 0.000889 -0.045766
v 0.176848 0.000889 -0.045766
v 0.176848 0.000889 -0.004853
v 0.126529 0.000889 -0.004104
v 0.126529 0.009831 -0.004104
v 0.089865 0.009831 -0.004104
v 0.089865 0.000889 -0.004104
v 0.129086 0.000889 -0.043958
v 0.129086 0.009831 -0.043958
v 0.129086 0.009831 -0.006661
v 0.129086 0.000889 -0.006661
v 0.128337 0.009831 -0.045766
v 0.126529 0.009831 -0.046514
v 0.089865 0.009831 -0.046514
v 0.088057 0.009831 -0.045766
v 0.087308 0.009831 -0.043958
v 0.087308 0.009831 -0.006661
v 0.088057 0.009831 -0.004853
v 0.128337 0.009831 -0.004853
v 0.087308 0.000889 -0.006661
v 0.087308 0.000889 -0.043958
v 0.089865 0.000889 -0.046514
v 0.126529 0.000889 -0.046514
v 0.088057 0.000889 -0.004853
v 0.088057 0.000889 -0.045766
v 0.128337 0.000889 -0.045766
v 0.128337 0.000889 -0.004853
v 0.078437 0.000889 -0.004104
v 0.078437 0.009831 -0.004104
v 0.041772 0.009831 -0.004104
v 0.041772 0.000889 -0.004104
v 0.080993 0.000889 -0.043958
v 0.080993 0.009831 -0.043958
v 0.080993 0.009831 -0.006661
v 0.080993 0.000889 -0.006661
v 0.080245 0.009831 -0.045766
v 0.078437 0.009831 -0.046514
v 0.041772 0.009831 -0.046514
v 0.039964 0.009831 -0.045766
v 0.039215 0.009831 -0.043958
v 0.039215 0.009831 -0.006661
v 0.039964 0.009831 -0.004853
v 0.080245 0.009831 -0.004853
v 0.039215 0.000889 -0.006661
v 0.039215 0.000889 -0.043958
v 0.041772 0.000889 -0.046514
v 0.078437 0.000889 -0.046514
v 0.039964 0.000889 -0.004853
v 0.039964 0.000889 -0.045766
v 0.080245 0.000889 -0.045766
v 0.080245 0.000889 -0.004853
v 0.031181 0.000889 -0.004104
v 0.031181 0.009831 -0.004104
v -0.005484 0.009831 -0.004104
v -0.005484 0.000889 -0.004104
v 0.033737 0.000889 -0.043958
v 0.033737 0.009831 -0.043958
v 0.033737 0.009831 -0.006661
v 0.033737 0.000889 -0.006661
v 0.032989 0.009831 -0.045766
v 0.031181 0.009831 -0.046514
v -0.005484 0.009831 -0.046514
v -0.007292 0.009831 -0.045766
v -0.008040 0.009831 -0.043958
v -0.008040 0.009831 -0.006661
v -0.007292 0.009831 -0.004853
v 0.032989 0.009831 -0.004853
v -0.008040 0.000889 -0.006661
v -0.008040 0.000889 -0.043958
v -0.005484 0.000889 -0.046514
v 0.031181 0.000889 -0.046514
v -0.007292 0.000889 -0.004853
v -0.007292 0.000889 -0.045766
v 0.032989 0.000889 -0.045766
v 0.032989 0.000889 -0.004853
v -0.016912 0.000889 -0.004104
v -0.016912 0.009831 -0.004104
v -0.053576 0.009831 -0.004104
v -0.053576 0.000889 -0.004104
v -0.014355 0.000889 -0.043958
v -0.014355 0.009831 -0.043958
v -0.014355 0.009831 -0.006661
v -0.014355 0.000889 -0.006661
v -0.015104 0.009831 -0.045766
v -0.016912 0.009831 -0.046514
v -0.053576 0.009831 -0.046514
v -0.055384 0.009831 -0.045766
v -0.056133 0.009831 -0.043958
v -0.056133 0.009831 -0.006661
v -0.055384 0.009831 -0.004853
v -0.015104 0.009831 -0.004853
v -0.056133 0.000889 -0.006661
v -0.056133 0.000889 -0.043958
v -0.053576 0.000889 -0.046514
v -0.016912 0.000889 -0.046514
v -0.055384 0.000889 -0.004853
v -0.055384 0.000889 -0.045766
v -0.015104 0.000889 -0.045766
v -0.015104 0.000889 -0.004853
v -0.064586 0.000889 -0.004104
v -0.064586 0.009831 -0.004104
v -0.101250 0.009831 -0.004104
v -0.101250 0.000889 -0.004104
v -0.062029 0.000889 -0.043958
v -0.062029 0.009831 -0.043958
v -0.062029 0.009831 -0.006661
v -0.062029 0.000889 -0.006661
v -0.062778 0.009831 -0.045766
v -0.064586 0.009831 -0.046514
v -0.101250 0.009831 -0.046514
v -0.103058 0.009831 -0.045766
v -0.103807 0.009831 -0.043958
v -0.103807 0.009831 -0.006661
v -0.103058 0.009831 -0.004853
v -0.062778 0.009831 -0.004853
v -0.103807 0.000889 -0.006661
v -0.103807 0.000889 -0.043958
v -0.101250 0.000889 -0.046514
v -0.064586 0.000889 -0.046514
v -0.103058 0.000889 -0.004853
v -0.103058 0.000889 -0.045766
v -0.062778 0.000889 -0.045766
v -0.062778 0.000889 -0.004853
v -0.111424 0.000889 -0.004104
v -0.111424 0.009831 -0.004104
v -0.148088 0.009831 -0.004104
v -0.148088 0.000889 -0.004104
v -0.108867 0.000889 -0.043958
v -0.108867 0.009831 -0.043958
v -0.108867 0.009831 -0.006661
v -0.108867 0.000889 -0.006661
v -0.109616 0.009831 -0.045766
v -0.111424 0.009831 -0.046514
v -0.148088 0.009831 -0.046514
v -0.149896 0.009831 -0.045766
v -0.150645 0.009831 -0.043958
v -0.150645 0.009831 -0.006661
v -0.149896 0.009831 -0.004853
v -0.109616 0.009831 -0.004853
v -0.150645 0.000889 -0.006661
v -0.150645 0.000889 -0.043958
v -0.148088 0.000889 -0.046514
v -0.111424 0.000889 -0.046514
v -0.149896 0.000889 -0.004853
v -0.149896 0.000889 -0.045766
v -0.109616 0.000889 -0.045766
v -0.109616 0.000889 -0.004853
v -0.159934 0.000889 -0.004104
v -0.159934 0.009831 -0.004104
v -0.196599 0.009831 -0.004104
v -0.196599 0.000889 -0.004104
v -0.157378 0.000889 -0.043958
v -0.157378 0.009831 -0.043958
v -0.157378 0.009831 -0.006661
v -0.157378 0.000889 -0.006661
v -0.158126 0.009831 -0.045766
v -0.159934 0.009831 -0.046514
v -0.196599 0.009831 -0.046514
v -0.198407 0.009831 -0.045766
v -0.199156 0.009831 -0.043958
v -0.199156 0.009831 -0.006661
v -0.198407 0.009831 -0.004853
v -0.158126 0.009831 -0.004853
v -0.199156 0.000889 -0.006661
v -0.199156 0.000889 -0.043958
v -0.196599 0.000889 -0.046514
v -0.159934 0.000889 -0.046514
v -0.198407 0.000889 -0.004853
v -0.198407 0.000889 -0.045766
v -0.158126 0.000889 -0.045766
v -0.158126 0.000889 -0.004853
v -0.208027 0.000889 -0.004104
v -0.208027 0.009831 -0.004104
v -0.244691 0.009831 -0.004104
v -0.244691 0.000889 -0.004104
v -0.205470 0.000889 -0.043958
v -0.205470 0.009831 -0.043958
v -0.205470 0.009831 -0.006661
v -0.205470 0.000889 -0.006661
v -0.206219 0.009831 -0.045766
v -0.208027 0.009831 -0.046514
v -0.244691 0.009831 -0.046514
v -0.246499 0.009831 -0.045766
v -0.247248 0.009831 -0.043958
v -0.247248 0.009831 -0.006661
v -0.246499 0.009831 -0.004853
v -0.206219 0.009831 -0.004853
v -0.247248 0.000889 -0.006661
v -0.247248 0.000889 -0.043958
v -0.244691 0.000889 -0.046514
v -0.208027 0.000889 -0.046514
v -0.246499 0.000889 -0.004853
v -0.246499 0.000889 -0.045766
v -0.206219 0.000889 -0.045766
v -0.206219 0.000889 -0.004853
v -0.255701 0.000889 -0.004104
v -0.255701 0.009831 -0.004104
v -0.292365 0.009831 -0.004104
v -0.292365 0.000889 -0.004104
v -0.253144 0.000889 -0.043958
v -0.253144 0.009831 -0.043958
v -0.253144 0.009831 -0.006661
v -0.253144 0.000889 -0.006661
v -0.253893 0.009831 -0.045766
v -0.255701 0.009831 -0.046514
v -0.292365 0.009831 -0.046514
v -0.294173 0.009831 -0.045766
v -0.294922 0.009831 -0.043958
v -0.294922 0.009831 -0.006661
v -0.294173 0.009831 -0.004853
v -0.253893 0.009831 -0.004853
v -0.294922 0.000889 -0.006661
v -0.294922 0.000889 -0.043958
v -0.292365 0.000889 -0.046514
v -0.255701 0.000889 -0.046514
v -0.294173 0.000889 -0.004853
v -0.294173 0.000889 -0.045766
v -0.253893 0.000889 -0.045766
v -0.253893 0.000889 -0.004853
v -0.303375 0.000889 -0.004104
v -0.303375 0.009831 -0.004104
v -0.340040 0.009831 -0.004104
v -0.340040 0.000889 -0.004104
v -0.300819 0.000889 -0.043958
v -0.300819 0.009831 -0.043958
v -0.300819 0.009831 -0.006661
v -0.300819 0.000889 -0.006661
v -0.301567 0.009831 -0.045766
v -0.303375 0.009831 -0.046514
v -0.340040 0.009831 -0.046514
v -0.341848 0.009831 -0.045766
v -0.342596 0.009831 -0.043958
v -0.342596 0.009831 -0.006661
v -0.341848 0.009831 -0.004853
v -0.301567 0.009831 -0.004853
v -0.342596 0.000889 -0.006661
v -0.342596 0.000889 -0.043958
v -0.340040 0.000889 -0.046514
v -0.303375 0.000889 -0.046514
v -0.341848 0.000889 -0.004853
v -0.341848 0.000889 -0.045766
v -0.301567 0.000889 -0.045766
v -0.301567 0.000889 -0.004853
v -0.303375 0.000889 -0.004104
v -0.303375 0.009831 -0.004104
v -0.340040 0.009831 -0.004104
v -0.340040 0.000889 -0.004104
v -0.300819 0.000889 -0.043958
v -0.300819 0.009831 -0.043958
v -0.300819 0.009831 -0.006661
v -0.300819 0.000889 -0.006661
v -0.301567 0.009831 -0.045766
v -0.303375 0.009831 -0.046514
v -0.340040 0.009831 -0.046514
v -0.341848 0.009831 -0.045766
v -0.342596 0.009831 -0.043958
v -0.342596 0.009831 -0.006661
v -0.341848 0.009831 -0.004853
v -0.301567 0.009831 -0.004853
v -0.342596 0.000889 -0.006661
v -0.342596 0.000889 -0.043958
v -0.340040 0.000889 -0.046514
v -0.303375 0.000889 -0.046514
v -0.341848 0.000889 -0.004853
v -0.341848 0.000889 -0.045766
v -0.301567 0.000889 -0.045766
v -0.301567 0.000889 -0.004853
v -0.266982 0.000889 0.088735
v -0.266982 0.009831 0.088735
v -0.340040 0.009831 0.088735
v -0.340040 0.000889 0.088735
v -0.264425 0.000889 0.048882
v -0.264425 0.009831 0.048882
v -0.264425 0.009831 0.086179
v -0.264425 0.000889 0.086179
v -0.265174 0.009831 0.047074
v -0.266982 0.009831 0.046325
v -0.340040 0.009831 0.046325
v -0.341848 0.009831 0.047074
v -0.342596 0.009831 0.048882
v -0.342596 0.009831 0.086179
v -0.341848 0.009831 0.087987
v -0.265174 0.009831 0.087987
v -0.342596 0.000889 0.086179
v -0.342596 0.000889 0.048882
v -0.340040 0.000889 0.046325
v -0.266982 0.000889 0.046325
v -0.341848 0.000889 0.087987
v -0.341848 0.000889 0.047074
v -0.265174 0.000889 0.047074
v -0.265174 0.000889 0.087987
v -0.279122 0.000889 0.041563
v -0.279122 0.009831 0.041563
v -0.340040 0.009831 0.041563
v -0.340040 0.000889 0.041563
v -0.276566 0.000889 0.001709
v -0.276566 0.009831 0.001709
v -0.276566 0.009831 0.039006
v -0.276566 0.000889 0.039006
v -0.277314 0.009831 -0.000099
v -0.279122 0.009831 -0.000848
v -0.340040 0.009831 -0.000848
v -0.341848 0.009831 -0.000099
v -0.342596 0.009831 0.001709
v -0.342596 0.009831 0.039006
v -0.341848 0.009831 0.040814
v -0.277314 0.009831 0.040814
v -0.342596 0.000889 0.039006
v -0.342596 0.000889 0.001709
v -0.340040 0.000889 -0.000848
v -0.279122 0.000889 -0.000848
v -0.341848 0.000889 0.040814
v -0.341848 0.000889 -0.000099
v -0.277314 0.000889 -0.000099
v -0.277314 0.000889 0.040814
v -0.303375 0.000889 -0.051276
v -0.303375 0.009831 -0.051276
v -0.340040 0.009831 -0.051276
v -0.340040 0.000889 -0.051276
v -0.300819 0.000889 -0.077484
v -0.300819 0.009831 -0.077484
v -0.300819 0.009831 -0.053833
v -0.300819 0.000889 -0.053833
v -0.301567 0.009831 -0.079292
v -0.303375 0.009831 -0.080041
v -0.340040 0.009831 -0.080041
v -0.341848 0.009831 -0.079292
v -0.342596 0.009831 -0.077484
v -0.342596 0.009831 -0.053833
v -0.341848 0.009831 -0.052025
v -0.301567 0.009831 -0.052025
v -0.342596 0.000889 -0.053833
v -0.342596 0.000889 -0.077484
v -0.340040 0.000889 -0.080041
v -0.303375 0.000889 -0.080041
v -0.341848 0.000889 -0.052025
v -0.341848 0.000889 -0.079292
v -0.301567 0.000889 -0.079292
v -0.301567 0.000889 -0.052025
v -0.291136 0.000889 0.134402
v -0.291136 0.009831 0.134402
v -0.340040 0.009831 0.134402
v -0.340040 0.000889 0.134402
v -0.288579 0.000889 0.094548
v -0.288579 0.009831 0.094548
v -0.288579 0.009831 0.131846
v -0.288579 0.000889 0.131846
v -0.289328 0.009831 0.092741
v -0.291136 0.009831 0.091992
v -0.340040 0.009831 0.091992
v -0.341848 0.009831 0.092741
v -0.342596 0.009831 0.094548
v -0.342596 0.009831 0.131846
v -0.341848 0.009831 0.133654
v -0.289328 0.009831 0.133654
v -0.342596 0.000889 0.131846
v -0.342596 0.000889 0.094548
v -0.340040 0.000889 0.091992
v -0.291136 0.000889 0.091992
v -0.341848 0.000889 0.133654
v -0.341848 0.000889 0.092741
v -0.289328 0.000889 0.092741
v -0.289328 0.000889 0.133654
v -0.303375 0.000889 0.180571
v -0.303375 0.009831 0.180571
v -0.340040 0.009831 0.180571
v -0.340040 0.000889 0.180571
v -0.300819 0.000889 0.140717
v -0.300819 0.009831 0.140717
v -0.300819 0.009831 0.178014
v -0.300819 0.000889 0.178014
v -0.301567 0.009831 0.138909
v -0.303375 0.009831 0.138161
v -0.340040 0.009831 0.138161
v -0.341848 0.009831 0.138909
v -0.342596 0.009831 0.140717
v -0.342596 0.009831 0.178014
v -0.341848 0.009831 0.179822
v -0.301567 0.009831 0.179822
v -0.342596 0.000889 0.178014
v -0.342596 0.000889 0.140717
v -0.340040 0.000889 0.138161
v -0.303375 0.000889 0.138161
v -0.341848 0.000889 0.179822
v -0.341848 0.000889 0.138909
v -0.301567 0.000889 0.138909
v -0.301567 0.000889 0.179822
v -0.256203 0.000889 0.180571
v -0.256203 0.009831 0.180571
v -0.292868 0.009831 0.180571
v -0.292868 0.000889 0.180571
v -0.253646 0.000889 0.140717
v -0.253646 0.009831 0.140717
v -0.253646 0.009831 0.178014
v -0.253646 0.000889 0.178014
v -0.254395 0.009831 0.138909
v -0.256203 0.009831 0.138161
v -0.292868 0.009831 0.138161
v -0.294675 0.009831 0.138909
v -0.295424 0.009831 0.140717
v -0.295424 0.009831 0.178014
v -0.294675 0.009831 0.179822
v -0.254395 0.009831 0.179822
v -0.295424 0.000889 0.178014
v -0.295424 0.000889 0.140717
v -0.292868 0.000889 0.138161
v -0.256203 0.000889 0.138161
v -0.294675 0.000889 0.179822
v -0.294675 0.000889 0.138909
v -0.254395 0.000889 0.138909
v -0.254395 0.000889 0.179822
v -0.208529 0.000889 0.180571
v -0.208529 0.009831 0.180571
v -0.245193 0.009831 0.180571
v -0.245193 0.000889 0.180571
v -0.205972 0.000889 0.140717
v -0.205972 0.009831 0.140717
v -0.205972 0.009831 0.178014
v -0.205972 0.000889 0.178014
v -0.206721 0.009831 0.138909
v -0.208529 0.009831 0.138161
v -0.245193 0.009831 0.138161
v -0.247001 0.009831 0.138909
v -0.247750 0.009831 0.140717
v -0.247750 0.009831 0.178014
v -0.247001 0.009831 0.179822
v -0.206721 0.009831 0.179822
v -0.247750 0.000889 0.178014
v -0.247750 0.000889 0.140717
v -0.245193 0.000889 0.138161
v -0.208529 0.000889 0.138161
v -0.247001 0.000889 0.179822
v -0.247001 0.000889 0.138909
v -0.206721 0.000889 0.138909
v -0.206721 0.000889 0.179822
v -0.145618 0.000889 0.180571
v -0.145618 0.009831 0.180571
v -0.197017 0.009831 0.180571
v -0.197017 0.000889 0.180571
v -0.143062 0.000889 0.140717
v -0.143062 0.009831 0.140717
v -0.143062 0.009831 0.178014
v -0.143062 0.000889 0.178014
v -0.143810 0.009831 0.138909
v -0.145618 0.009831 0.138161
v -0.197017 0.009831 0.138161
v -0.198825 0.009831 0.138909
v -0.199574 0.009831 0.140717
v -0.199574 0.009831 0.178014
v -0.198825 0.009831 0.179822
v -0.143810 0.009831 0.179822
v -0.199574 0.000889 0.178014
v -0.199574 0.000889 0.140717
v -0.197017 0.000889 0.138161
v -0.145618 0.000889 0.138161
v -0.198825 0.000889 0.179822
v -0.198825 0.000889 0.138909
v -0.143810 0.000889 0.138909
v -0.143810 0.000889 0.179822
v 0.091357 0.000889 0.180571
v 0.091357 0.009831 0.180571
v -0.136295 0.009831 0.180571
v -0.136295 0.000889 0.180571
v 0.093914 0.000889 0.140717
v 0.093914 0.009831 0.140717
v 0.093914 0.009831 0.178014
v 0.093914 0.000889 0.178014
v 0.093165 0.009831 0.138909
v 0.091357 0.009831 0.138161
v -0.136295 0.009831 0.138161
v -0.138103 0.009831 0.138909
v -0.138852 0.009831 0.140717
v -0.138852 0.009831 0.178014
v -0.138103 0.009831 0.179822
v 0.093165 0.009831 0.179822
v -0.138852 0.000889 0.178014
v -0.138852 0.000889 0.140717
v -0.136295 0.000889 0.138161
v 0.091357 0.000889 0.138161
v -0.138103 0.000889 0.179822
v -0.138103 0.000889 0.138909
v 0.093165 0.000889 0.138909
v 0.093165 0.000889 0.179822
v 0.151188 0.000889 0.180571
v 0.151188 0.009831 0.180571
v 0.100570 0.009831 0.180571
v 0.100570 0.000889 0.180571
v 0.153744 0.000889 0.140717
v 0.153744 0.009831 0.140717
v 0.153744 0.009831 0.178014
v 0.153744 0.000889 0.178014
v 0.152996 0.009831 0.138909
v 0.151188 0.009831 0.138161
v 0.100570 0.009831 0.138161
v 0.098762 0.009831 0.138909
v 0.098014 0.009831 0.140717
v 0.098014 0.009831 0.178014
v 0.098762 0.009831 0.179822
v 0.152996 0.009831 0.179822
v 0.098014 0.000889 0.178014
v 0.098014 0.000889 0.140717
v 0.100570 0.000889 0.138161
v 0.151188 0.000889 0.138161
v 0.098762 0.000889 0.179822
v 0.098762 0.000889 0.138909
v 0.152996 0.000889 0.138909
v 0.152996 0.000889 0.179822
v 0.198459 0.000889 0.180571
v 0.198459 0.009831 0.180571
v 0.161794 0.009831 0.180571
v 0.161794 0.000889 0.180571
v 0.201015 0.000889 0.140717
v 0.201015 0.009831 0.140717
v 0.201015 0.009831 0.178014
v 0.201015 0.000889 0.178014
v 0.200267 0.009831 0.138909
v 0.198459 0.009831 0.138161
v 0.161794 0.009831 0.138161
v 0.159986 0.009831 0.138909
v 0.159237 0.009831 0.140717
v 0.159237 0.009831 0.178014
v 0.159986 0.009831 0.179822
v 0.200267 0.009831 0.179822
v 0.159237 0.000889 0.178014
v 0.159237 0.000889 0.140717
v 0.161794 0.000889 0.138161
v 0.198459 0.000889 0.138161
v 0.159986 0.000889 0.179822
v 0.159986 0.000889 0.138909
v 0.200267 0.000889 0.138909
v 0.200267 0.000889 0.179822
v 0.246133 0.000889 0.180571
v 0.246133 0.009831 0.180571
v 0.209468 0.009831 0.180571
v 0.209468 0.000889 0.180571
v 0.248690 0.000889 0.158400
v 0.248690 0.009831 0.158400
v 0.248690 0.009831 0.178014
v 0.248690 0.000889 0.178014
v 0.247941 0.009831 0.156592
v 0.246133 0.009831 0.155843
v 0.209468 0.009831 0.155843
v 0.207660 0.009831 0.156592
v 0.206912 0.009831 0.158400
v 0.206912 0.009831 0.178014
v 0.207660 0.009831 0.179822
v 0.247941 0.009831 0.179822
v 0.206912 0.000889 0.178014
v 0.206912 0.000889 0.158400
v 0.209468 0.000889 0.155843
v 0.246133 0.000889 0.155843
v 0.207660 0.000889 0.179822
v 0.207660 0.000889 0.156592
v 0.247941 0.000889 0.156592
v 0.247941 0.000889 0.179822
v 0.294811 0.000889 0.180571
v 0.294811 0.009831 0.180571
v 0.258146 0.009831 0.180571
v 0.258146 0.000889 0.180571
v 0.297368 0.000889 0.140717
v 0.297368 0.009831 0.140717
v 0.297368 0.009831 0.178014
v 0.297368 0.000889 0.178014
v 0.296619 0.009831 0.138909
v 0.294811 0.009831 0.138161
v 0.258146 0.009831 0.138161
v 0.256338 0.009831 0.138909
v 0.255590 0.009831 0.140717
v 0.255590 0.009831 0.178014
v 0.256338 0.009831 0.179822
v 0.296619 0.009831 0.179822
v 0.255590 0.000889 0.178014
v 0.255590 0.000889 0.140717
v 0.258146 0.000889 0.138161
v 0.294811 0.000889 0.138161
v 0.256338 0.000889 0.179822
v 0.256338 0.000889 0.138909
v 0.296619 0.000889 0.138909
v 0.296619 0.000889 0.179822
v -0.243155 0.000889 0.134402
v -0.243155 0.009831 0.134402
v -0.279820 0.009831 0.134402
v -0.279820 0.000889 0.134402
v -0.240599 0.000889 0.094548
v -0.240599 0.009831 0.094548
v -0.240599 0.009831 0.131846
v -0.240599 0.000889 0.131846
v -0.241347 0.009831 0.092741
v -0.243155 0.009831 0.091992
v -0.279820 0.009831 0.091992
v -0.281628 0.009831 0.092741
v -0.282377 0.009831 0.094548
v -0.282377 0.009831 0.131846
v -0.281628 0.009831 0.133654
v -0.241347 0.009831 0.133654
v -0.282377 0.000889 0.131846
v -0.282377 0.000889 0.094548
v -0.279820 0.000889 0.091992
v -0.243155 0.000889 0.091992
v -0.281628 0.000889 0.133654
v -0.281628 0.000889 0.092741
v -0.241347 0.000889 0.092741
v -0.241347 0.000889 0.133654
v -0.195983 0.000889 0.134402
v -0.195983 0.009831 0.134402
v -0.232647 0.009831 0.134402
v -0.232647 0.000889 0.134402
v -0.193426 0.000889 0.094548
v -0.193426 0.009831 0.094548
v -0.193426 0.009831 0.131846
v -0.193426 0.000889 0.131846
v -0.194175 0.009831 0.092741
v -0.195983 0.009831 0.091992
v -0.232647 0.009831 0.091992
v -0.234455 0.009831 0.092741
v -0.235204 0.009831 0.094548
v -0.235204 0.009831 0.131846
v -0.234455 0.009831 0.133654
v -0.194175 0.009831 0.133654
v -0.235204 0.000889 0.131846
v -0.235204 0.000889 0.094548
v -0.232647 0.000889 0.091992
v -0.195983 0.000889 0.091992
v -0.234455 0.000889 0.133654
v -0.234455 0.000889 0.092741
v -0.194175 0.000889 0.092741
v -0.194175 0.000889 0.133654
v -0.148309 0.000889 0.134402
v -0.148309 0.009831 0.134402
v -0.184973 0.009831 0.134402
v -0.184973 0.000889 0.134402
v -0.145752 0.000889 0.094548
v -0.145752 0.009831 0.094548
v -0.145752 0.009831 0.131846
v -0.145752 0.000889 0.131846
v -0.146501 0.009831 0.092741
v -0.148309 0.009831 0.091992
v -0.184973 0.009831 0.091992
v -0.186781 0.009831 0.092741
v -0.187530 0.009831 0.094548
v -0.187530 0.009831 0.131846
v -0.186781 0.009831 0.133654
v -0.146501 0.009831 0.133654
v -0.187530 0.000889 0.131846
v -0.187530 0.000889 0.094548
v -0.184973 0.000889 0.091992
v -0.148309 0.000889 0.091992
v -0.186781 0.000889 0.133654
v -0.186781 0.000889 0.092741
v -0.146501 0.000889 0.092741
v -0.146501 0.000889 0.133654
v -0.100634 0.000889 0.134402
v -0.100634 0.009831 0.134402
v -0.137299 0.009831 0.134402
v -0.137299 0.000889 0.134402
v -0.098078 0.000889 0.094548
v -0.098078 0.009831 0.094548
v -0.098078 0.009831 0.131846
v -0.098078 0.000889 0.131846
v -0.098826 0.009831 0.092741
v -0.100634 0.009831 0.091992
v -0.137299 0.009831 0.091992
v -0.139107 0.009831 0.092741
v -0.139856 0.009831 0.094548
v -0.139856 0.009831 0.131846
v -0.139107 0.009831 0.133654
v -0.098826 0.009831 0.133654
v -0.139856 0.000889 0.131846
v -0.139856 0.000889 0.094548
v -0.137299 0.000889 0.091992
v -0.100634 0.000889 0.091992
v -0.139107 0.000889 0.133654
v -0.139107 0.000889 0.092741
v -0.098826 0.000889 0.092741
v -0.098826 0.000889 0.133654
v -0.052458 0.000889 0.134402
v -0.052458 0.009831 0.134402
v -0.089123 0.009831 0.134402
v -0.089123 0.000889 0.134402
v -0.049902 0.000889 0.094548
v -0.049902 0.009831 0.094548
v -0.049902 0.009831 0.131846
v -0.049902 0.000889 0.131846
v -0.050651 0.009831 0.092741
v -0.052458 0.009831 0.091992
v -0.089123 0.009831 0.091992
v -0.090931 0.009831 0.092741
v -0.091680 0.009831 0.094548
v -0.091680 0.009831 0.131846
v -0.090931 0.009831 0.133654
v -0.050651 0.009831 0.133654
v -0.091680 0.000889 0.131846
v -0.091680 0.000889 0.094548
v -0.089123 0.000889 0.091992
v -0.052458 0.000889 0.091992
v -0.090931 0.000889 0.133654
v -0.090931 0.000889 0.092741
v -0.050651 0.000889 0.092741
v -0.050651 0.000889 0.133654
v -0.003780 0.000889 0.134402
v -0.003780 0.009831 0.134402
v -0.040445 0.009831 0.134402
v -0.040445 0.000889 0.134402
v -0.001224 0.000889 0.094548
v -0.001224 0.009831 0.094548
v -0.001224 0.009831 0.131846
v -0.001224 0.000889 0.131846
v -0.001973 0.009831 0.092741
v -0.003780 0.009831 0.091992
v -0.040445 0.009831 0.091992
v -0.042253 0.009831 0.092741
v -0.043002 0.009831 0.094548
v -0.043002 0.009831 0.131846
v -0.042253 0.009831 0.133654
v -0.001973 0.009831 0.133654
v -0.043002 0.000889 0.131846
v -0.043002 0.000889 0.094548
v -0.040445 0.000889 0.091992
v -0.003780 0.000889 0.091992
v -0.042253 0.000889 0.133654
v -0.042253 0.000889 0.092741
v -0.001973 0.000889 0.092741
v -0.001973 0.000889 0.133654
v 0.043894 0.000889 0.134402
v 0.043894 0.009831 0.134402
v 0.007229 0.009831 0.134402
v 0.007229 0.000889 0.134402
v 0.046450 0.000889 0.094548
v 0.046450 0.009831 0.094548
v 0.046450 0.009831 0.131846
v 0.046450 0.000889 0.131846
v 0.045702 0.009831 0.092741
v 0.043894 0.009831 0.091992
v 0.007229 0.009831 0.091992
v 0.005421 0.009831 0.092741
v 0.004673 0.009831 0.094548
v 0.004673 0.009831 0.131846
v 0.005421 0.009831 0.133654
v 0.045702 0.009831 0.133654
v 0.004673 0.000889 0.131846
v 0.004673 0.000889 0.094548
v 0.007229 0.000889 0.091992
v 0.043894 0.000889 0.091992
v 0.005421 0.000889 0.133654
v 0.005421 0.000889 0.092741
v 0.045702 0.000889 0.092741
v 0.045702 0.000889 0.133654
v 0.091066 0.000889 0.134402
v 0.091066 0.009831 0.134402
v 0.054402 0.009831 0.134402
v 0.054402 0.000889 0.134402
v 0.093623 0.000889 0.094548
v 0.093623 0.009831 0.094548
v 0.093623 0.009831 0.131846
v 0.093623 0.000889 0.131846
v 0.092874 0.009831 0.092741
v 0.091066 0.009831 0.091992
v 0.054402 0.009831 0.091992
v 0.052594 0.009831 0.092741
v 0.051845 0.009831 0.094548
v 0.051845 0.009831 0.131846
v 0.052594 0.009831 0.133654
v 0.092874 0.009831 0.133654
v 0.051845 0.000889 0.131846
v 0.051845 0.000889 0.094548
v 0.054402 0.000889 0.091992
v 0.091066 0.000889 0.091992
v 0.052594 0.000889 0.133654
v 0.052594 0.000889 0.092741
v 0.092874 0.000889 0.092741
v 0.092874 0.000889 0.133654
v 0.138740 0.000889 0.134402
v 0.138740 0.009831 0.134402
v 0.102076 0.009831 0.134402
v 0.102076 0.000889 0.134402
v 0.141297 0.000889 0.094548
v 0.141297 0.009831 0.094548
v 0.141297 0.009831 0.131846
v 0.141297 0.000889 0.131846
v 0.140548 0.009831 0.092741
v 0.138740 0.009831 0.091992
v 0.102076 0.009831 0.091992
v 0.100268 0.009831 0.092741
v 0.099519 0.009831 0.094548
v 0.099519 0.009831 0.131846
v 0.100268 0.009831 0.133654
v 0.140548 0.009831 0.133654
v 0.099519 0.000889 0.131846
v 0.099519 0.000889 0.094548
v 0.102076 0.000889 0.091992
v 0.138740 0.000889 0.091992
v 0.100268 0.000889 0.133654
v 0.100268 0.000889 0.092741
v 0.140548 0.000889 0.092741
v 0.140548 0.000889 0.133654
v 0.185411 0.000889 0.134402
v 0.185411 0.009831 0.134402
v 0.148746 0.009831 0.134402
v 0.148746 0.000889 0.134402
v 0.187968 0.000889 0.094548
v 0.187968 0.009831 0.094548
v 0.187968 0.009831 0.131846
v 0.187968 0.000889 0.131846
v 0.187219 0.009831 0.092741
v 0.185411 0.009831 0.091992
v 0.148746 0.009831 0.091992
v 0.146939 0.009831 0.092741
v 0.146190 0.009831 0.094548
v 0.146190 0.009831 0.131846
v 0.146939 0.009831 0.133654
v 0.187219 0.009831 0.133654
v 0.146190 0.000889 0.131846
v 0.146190 0.000889 0.094548
v 0.148746 0.000889 0.091992
v 0.185411 0.000889 0.091992
v 0.146939 0.000889 0.133654
v 0.146939 0.000889 0.092741
v 0.187219 0.000889 0.092741
v 0.187219 0.000889 0.133654
v 0.234089 0.000889 0.134402
v 0.234089 0.009831 0.134402
v 0.197424 0.009831 0.134402
v 0.197424 0.000889 0.134402
v 0.236646 0.000889 0.094548
v 0.236646 0.009831 0.094548
v 0.236646 0.009831 0.131846
v 0.236646 0.000889 0.131846
v 0.235897 0.009831 0.092741
v 0.234089 0.009831 0.091992
v 0.197424 0.009831 0.091992
v 0.195616 0.009831 0.092741
v 0.194868 0.009831 0.094548
v 0.194868 0.009831 0.131846
v 0.195616 0.009831 0.133654
v 0.235897 0.009831 0.133654
v 0.194868 0.000889 0.131846
v 0.194868 0.000889 0.094548
v 0.197424 0.000889 0.091992
v 0.234089 0.000889 0.091992
v 0.195616 0.000889 0.133654
v 0.195616 0.000889 0.092741
v 0.235897 0.000889 0.092741
v 0.235897 0.000889 0.133654
v 0.341551 0.000889 0.134402
v 0.341551 0.009831 0.134402
v 0.244597 0.009831 0.134402
v 0.244597 0.000889 0.134402
v 0.344108 0.000889 0.094548
v 0.344108 0.009831 0.094548
v 0.344108 0.009831 0.131846
v 0.344108 0.000889 0.131846
v 0.343359 0.009831 0.092741
v 0.341551 0.009831 0.091992
v 0.244597 0.009831 0.091992
v 0.242789 0.009831 0.092741
v 0.242040 0.009831 0.094548
v 0.242040 0.009831 0.131846
v 0.242789 0.009831 0.133654
v 0.343359 0.009831 0.133654
v 0.242040 0.000889 0.131846
v 0.242040 0.000889 0.094548
v 0.244597 0.000889 0.091992
v 0.341551 0.000889 0.091992
v 0.242789 0.000889 0.133654
v 0.242789 0.000889 0.092741
v 0.343359 0.000889 0.092741
v 0.343359 0.000889 0.133654
v -0.220071 0.000889 0.088735
v -0.220071 0.009831 0.088735
v -0.256735 0.009831 0.088735
v -0.256735 0.000889 0.088735
v -0.217514 0.000889 0.048882
v -0.217514 0.009831 0.048882
v -0.217514 0.009831 0.086179
v -0.217514 0.000889 0.086179
v -0.218263 0.009831 0.047074
v -0.220071 0.009831 0.046325
v -0.256735 0.009831 0.046325
v -0.258543 0.009831 0.047074
v -0.259292 0.009831 0.048882
v -0.259292 0.009831 0.086179
v -0.258543 0.009831 0.087987
v -0.218263 0.009831 0.087987
v -0.259292 0.000889 0.086179
v -0.259292 0.000889 0.048882
v -0.256735 0.000889 0.046325
v -0.220071 0.000889 0.046325
v -0.258543 0.000889 0.087987
v -0.258543 0.000889 0.047074
v -0.218263 0.000889 0.047074
v -0.218263 0.000889 0.087987
v -0.171393 0.000889 0.088735
v -0.171393 0.009831 0.088735
v -0.208058 0.009831 0.088735
v -0.208058 0.000889 0.088735
v -0.168836 0.000889 0.048882
v -0.168836 0.009831 0.048882
v -0.168836 0.009831 0.086179
v -0.168836 0.000889 0.086179
v -0.169585 0.009831 0.047074
v -0.171393 0.009831 0.046325
v -0.208058 0.009831 0.046325
v -0.209865 0.009831 0.047074
v -0.210614 0.009831 0.048882
v -0.210614 0.009831 0.086179
v -0.209865 0.009831 0.087987
v -0.169585 0.009831 0.087987
v -0.210614 0.000889 0.086179
v -0.210614 0.000889 0.048882
v -0.208058 0.000889 0.046325
v -0.171393 0.000889 0.046325
v -0.209865 0.000889 0.087987
v -0.209865 0.000889 0.047074
v -0.169585 0.000889 0.047074
v -0.169585 0.000889 0.087987
v -0.123719 0.000889 0.088735
v -0.123719 0.009831 0.088735
v -0.160383 0.009831 0.088735
v -0.160383 0.000889 0.088735
v -0.121162 0.000889 0.048882
v -0.121162 0.009831 0.048882
v -0.121162 0.009831 0.086179
v -0.121162 0.000889 0.086179
v -0.121911 0.009831 0.047074
v -0.123719 0.009831 0.046325
v -0.160383 0.009831 0.046325
v -0.162191 0.009831 0.047074
v -0.162940 0.009831 0.048882
v -0.162940 0.009831 0.086179
v -0.162191 0.009831 0.087987
v -0.121911 0.009831 0.087987
v -0.162940 0.000889 0.086179
v -0.162940 0.000889 0.048882
v -0.160383 0.000889 0.046325
v -0.123719 0.000889 0.046325
v -0.162191 0.000889 0.087987
v -0.162191 0.000889 0.047074
v -0.121911 0.000889 0.047074
v -0.121911 0.000889 0.087987
v -0.076546 0.000889 0.088735
v -0.076546 0.009831 0.088735
v -0.113211 0.009831 0.088735
v -0.113211 0.000889 0.088735
v -0.073990 0.000889 0.048882
v -0.073990 0.009831 0.048882
v -0.073990 0.009831 0.086179
v -0.073990 0.000889 0.086179
v -0.074739 0.009831 0.047074
v -0.076546 0.009831 0.046325
v -0.113211 0.009831 0.046325
v -0.115019 0.009831 0.047074
v -0.115768 0.009831 0.048882
v -0.115768 0.009831 0.086179
v -0.115019 0.009831 0.087987
v -0.074739 0.009831 0.087987
v -0.115768 0.000889 0.086179
v -0.115768 0.000889 0.048882
v -0.113211 0.000889 0.046325
v -0.076546 0.000889 0.046325
v -0.115019 0.000889 0.087987
v -0.115019 0.000889 0.047074
v -0.074739 0.000889 0.047074
v -0.074739 0.000889 0.087987
v -0.027868 0.000889 0.088735
v -0.027868 0.009831 0.088735
v -0.064533 0.009831 0.088735
v -0.064533 0.000889 0.088735
v -0.025312 0.000889 0.048882
v -0.025312 0.009831 0.048882
v -0.025312 0.009831 0.086179
v -0.025312 0.000889 0.086179
v -0.026060 0.009831 0.047074
v -0.027868 0.009831 0.046325
v -0.064533 0.009831 0.046325
v -0.066341 0.009831 0.047074
v -0.067090 0.009831 0.048882
v -0.067090 0.009831 0.086179
v -0.066341 0.009831 0.087987
v -0.026060 0.009831 0.087987
v -0.067090 0.000889 0.086179
v -0.067090 0.000889 0.048882
v -0.064533 0.000889 0.046325
v -0.027868 0.000889 0.046325
v -0.066341 0.000889 0.087987
v -0.066341 0.000889 0.047074
v -0.026060 0.000889 0.047074
v -0.026060 0.000889 0.087987
v 0.019304 0.000889 0.088735
v 0.019304 0.009831 0.088735
v -0.017360 0.009831 0.088735
v -0.017360 0.000889 0.088735
v 0.021861 0.000889 0.048882
v 0.021861 0.009831 0.048882
v 0.021861 0.009831 0.086179
v 0.021861 0.000889 0.086179
v 0.021112 0.009831 0.047074
v 0.019304 0.009831 0.046325
v -0.017360 0.009831 0.046325
v -0.019168 0.009831 0.047074
v -0.019917 0.009831 0.048882
v -0.019917 0.009831 0.086179
v -0.019168 0.009831 0.087987
v 0.021112 0.009831 0.087987
v -0.019917 0.000889 0.086179
v -0.019917 0.000889 0.048882
v -0.017360 0.000889 0.046325
v 0.019304 0.000889 0.046325
v -0.019168 0.000889 0.087987
v -0.019168 0.000889 0.047074
v 0.021112 0.000889 0.047074
v 0.021112 0.000889 0.087987
v 0.065974 0.000889 0.088735
v 0.065974 0.009831 0.088735
v 0.029310 0.009831 0.088735
v 0.029310 0.000889 0.088735
v 0.068531 0.000889 0.048882
v 0.068531 0.009831 0.048882
v 0.068531 0.009831 0.086179
v 0.068531 0.000889 0.086179
v 0.067782 0.009831 0.047074
v 0.065974 0.009831 0.046325
v 0.029310 0.009831 0.046325
v 0.027502 0.009831 0.047074
v 0.026753 0.009831 0.048882
v 0.026753 0.009831 0.086179
v 0.027502 0.009831 0.087987
v 0.067782 0.009831 0.087987
v 0.026753 0.000889 0.086179
v 0.026753 0.000889 0.048882
v 0.029310 0.000889 0.046325
v 0.065974 0.000889 0.046325
v 0.027502 0.000889 0.087987
v 0.027502 0.000889 0.047074
v 0.067782 0.000889 0.047074
v 0.067782 0.000889 0.087987
v 0.115154 0.000889 0.088735
v 0.115154 0.009831 0.088735
v 0.078490 0.009831 0.088735
v 0.078490 0.000889 0.088735
v 0.117711 0.000889 0.048882
v 0.117711 0.009831 0.048882
v 0.117711 0.009831 0.086179
v 0.117711 0.000889 0.086179
v 0.116962 0.009831 0.047074
v 0.115154 0.009831 0.046325
v 0.078490 0.009831 0.046325
v 0.076682 0.009831 0.047074
v 0.075933 0.009831 0.048882
v 0.075933 0.009831 0.086179
v 0.076682 0.009831 0.087987
v 0.116962 0.009831 0.087987
v 0.075933 0.000889 0.086179
v 0.075933 0.000889 0.048882
v 0.078490 0.000889 0.046325
v 0.115154 0.000889 0.046325
v 0.076682 0.000889 0.087987
v 0.076682 0.000889 0.047074
v 0.116962 0.000889 0.047074
v 0.116962 0.000889 0.087987
v 0.162327 0.000889 0.088735
v 0.162327 0.009831 0.088735
v 0.125662 0.009831 0.088735
v 0.125662 0.000889 0.088735
v 0.164883 0.000889 0.048882
v 0.164883 0.009831 0.048882
v 0.164883 0.009831 0.086179
v 0.164883 0.000889 0.086179
v 0.164135 0.009831 0.047074
v 0.162327 0.009831 0.046325
v 0.125662 0.009831 0.046325
v 0.123854 0.009831 0.047074
v 0.123105 0.009831 0.048882
v 0.123105 0.009831 0.086179
v 0.123854 0.009831 0.087987
v 0.164135 0.009831 0.087987
v 0.123105 0.000889 0.086179
v 0.123105 0.000889 0.048882
v 0.125662 0.000889 0.046325
v 0.162327 0.000889 0.046325
v 0.123854 0.000889 0.087987
v 0.123854 0.000889 0.047074
v 0.164135 0.000889 0.047074
v 0.164135 0.000889 0.087987
v 0.210503 0.000889 0.088735
v 0.210503 0.009831 0.088735
v 0.173838 0.009831 0.088735
v 0.173838 0.000889 0.088735
v 0.213059 0.000889 0.048882
v 0.213059 0.009831 0.048882
v 0.213059 0.009831 0.086179
v 0.213059 0.000889 0.086179
v 0.212310 0.009831 0.047074
v 0.210503 0.009831 0.046325
v 0.173838 0.009831 0.046325
v 0.172030 0.009831 0.047074
v 0.171281 0.009831 0.048882
v 0.171281 0.009831 0.086179
v 0.172030 0.009831 0.087987
v 0.212310 0.009831 0.087987
v 0.171281 0.000889 0.086179
v 0.171281 0.000889 0.048882
v 0.173838 0.000889 0.046325
v 0.210503 0.000889 0.046325
v 0.172030 0.000889 0.087987
v 0.172030 0.000889 0.047074
v 0.212310 0.000889 0.047074
v 0.212310 0.000889 0.087987
v 0.258177 0.000889 0.088735
v 0.258177 0.009831 0.088735
v 0.221512 0.009831 0.088735
v 0.221512 0.000889 0.088735
v 0.260733 0.000889 0.048882
v 0.260733 0.009831 0.048882
v 0.260733 0.009831 0.086179
v 0.260733 0.000889 0.086179
v 0.259985 0.009831 0.047074
v 0.258177 0.009831 0.046325
v 0.221512 0.009831 0.046325
v 0.219705 0.009831 0.047074
v 0.218956 0.009831 0.048882
v 0.218956 0.009831 0.086179
v 0.219705 0.009831 0.087987
v 0.259985 0.009831 0.087987
v 0.218956 0.000889 0.086179
v 0.218956 0.000889 0.048882
v 0.221512 0.000889 0.046325
v 0.258177 0.000889 0.046325
v 0.219705 0.000889 0.087987
v 0.219705 0.000889 0.047074
v 0.259985 0.000889 0.047074
v 0.259985 0.000889 0.087987
v 0.305851 0.000889 0.088735
v 0.305851 0.009831 0.088735
v 0.269186 0.009831 0.088735
v 0.269186 0.000889 0.088735
v 0.308408 0.000889 0.048882
v 0.308408 0.009831 0.048882
v 0.308408 0.009831 0.086179
v 0.308408 0.000889 0.086179
v 0.307659 0.009831 0.047074
v 0.305851 0.009831 0.046325
v 0.269186 0.009831 0.046325
v 0.267379 0.009831 0.047074
v 0.266630 0.009831 0.048882
v 0.266630 0.009831 0.086179
v 0.267379 0.009831 0.087987
v 0.307659 0.009831 0.087987
v 0.266630 0.000889 0.086179
v 0.266630 0.000889 0.048882
v 0.269186 0.000889 0.046325
v 0.305851 0.000889 0.046325
v 0.267379 0.000889 0.087987
v 0.267379 0.000889 0.047074
v 0.307659 0.000889 0.047074
v 0.307659 0.000889 0.087987
v 0.305851 0.000889 0.088735
v 0.305851 0.009831 0.088735
v 0.269186 0.009831 0.088735
v 0.269186 0.000889 0.088735
v 0.308408 0.000889 0.048882
v 0.308408 0.009831 0.048882
v 0.308408 0.009831 0.086179
v 0.308408 0.000889 0.086179
v 0.307659 0.009831 0.047074
v 0.305851 0.009831 0.046325
v 0.269186 0.009831 0.046325
v 0.267379 0.009831 0.047074
v 0.266630 0.009831 0.048882
v 0.266630 0.009831 0.086179
v 0.267379 0.009831 0.087987
v 0.307659 0.009831 0.087987
v 0.266630 0.000889 0.086179
v 0.266630 0.000889 0.048882
v 0.269186 0.000889 0.046325
v 0.305851 0.000889 0.046325
v 0.267379 0.000889 0.087987
v 0.267379 0.000889 0.047074
v 0.307659 0.000889 0.047074
v 0.307659 0.000889 0.087987
v 0.341226 0.000889 -0.004104
v 0.341226 0.009831 -0.004104
v 0.281147 0.009831 -0.004104
v 0.281147 0.000889 -0.004104
v 0.343783 0.000889 -0.043958
v 0.343783 0.009831 -0.043958
v 0.343783 0.009831 -0.006661
v 0.343783 0.000889 -0.006661
v 0.343034 0.009831 -0.045766
v 0.341226 0.009831 -0.046514
v 0.281147 0.009831 -0.046514
v 0.279339 0.009831 -0.045766
v 0.278590 0.009831 -0.043958
v 0.278590 0.009831 -0.006661
v 0.279339 0.009831 -0.004853
v 0.343034 0.009831 -0.004853
v 0.278590 0.000889 -0.006661
v 0.278590 0.000889 -0.043958
v 0.281147 0.000889 -0.046514
v 0.341226 0.000889 -0.046514
v 0.279339 0.000889 -0.004853
v 0.279339 0.000889 -0.045766
v 0.343034 0.000889 -0.045766
v 0.343034 0.000889 -0.004853
v 0.342464 0.000889 -0.050360
v 0.342464 0.009831 -0.050360
v 0.318586 0.009831 -0.050360
v 0.318586 0.000889 -0.050360
v 0.345020 0.000889 -0.078030
v 0.345020 0.009831 -0.078030
v 0.345020 0.009831 -0.052917
v 0.345020 0.000889 -0.052917
v 0.344271 0.009831 -0.079837
v 0.342464 0.009831 -0.080586
v 0.318586 0.009831 -0.080586
v 0.316778 0.009831 -0.079837
v 0.316029 0.009831 -0.078030
v 0.316029 0.009831 -0.052917
v 0.316778 0.009831 -0.051109
v 0.344271 0.009831 -0.051109
v 0.316029 0.000889 -0.052917
v 0.316029 0.000889 -0.078030
v 0.318586 0.000889 -0.080586
v 0.342464 0.000889 -0.080586
v 0.316778 0.000889 -0.051109
v 0.316778 0.000889 -0.079837
v 0.344271 0.000889 -0.079837
v 0.344271 0.000889 -0.051109
v 0.338611 0.000889 0.041898
v 0.338611 0.009831 0.041898
v 0.301946 0.009831 0.041898
v 0.301946 0.000889 0.041898
v 0.341168 0.000889 0.002044
v 0.341168 0.009831 0.002044
v 0.341168 0.009831 0.039341
v 0.341168 0.000889 0.039341
v 0.340419 0.009831 0.000236
v 0.338611 0.009831 -0.000513
v 0.301946 0.009831 -0.000513
v 0.300138 0.009831 0.000236
v 0.299390 0.009831 0.002044
v 0.299390 0.009831 0.039341
v 0.300138 0.009831 0.041149
v 0.340419 0.009831 0.041149
v 0.299390 0.000889 0.039341
v 0.299390 0.000889 0.002044
v 0.301946 0.000889 -0.000513
v 0.338611 0.000889 -0.000513
v 0.300138 0.000889 0.041149
v 0.300138 0.000889 0.000236
v 0.340419 0.000889 0.000236
v 0.340419 0.000889 0.041149
v 0.338611 0.000889 0.088267
v 0.338611 0.009831 0.088267
v 0.317625 0.009831 0.088267
v 0.317625 0.000889 0.088267
v 0.341168 0.000889 0.048413
v 0.341168 0.009831 0.048413
v 0.341168 0.009831 0.085710
v 0.341168 0.000889 0.085710
v 0.340419 0.009831 0.046605
v 0.338611 0.009831 0.045857
v 0.317625 0.009831 0.045857
v 0.315817 0.009831 0.046605
v 0.315068 0.009831 0.048413
v 0.315068 0.009831 0.085710
v 0.315817 0.009831 0.087518
v 0.340419 0.009831 0.087518
v 0.315068 0.000889 0.085710
v 0.315068 0.000889 0.048413
v 0.317625 0.000889 0.045857
v 0.338611 0.000889 0.045857
v 0.315817 0.000889 0.087518
v 0.315817 0.000889 0.046605
v 0.340419 0.000889 0.046605
v 0.340419 0.000889 0.087518
v 0.307215 0.000889 -0.050360
v 0.307215 0.009831 -0.050360
v -0.293690 0.009831 -0.050360
v -0.293690 0.000889 -0.050360
v 0.309772 0.000889 -0.078030
v 0.309772 0.009831 -0.078030
v 0.309772 0.009831 -0.052917
v 0.309772 0.000889 -0.052917
v 0.309023 0.009831 -0.079837
v 0.307215 0.009831 -0.080586
v -0.293690 0.009831 -0.080586
v -0.295498 0.009831 -0.079837
v -0.296247 0.009831 -0.078030
v -0.296247 0.009831 -0.052917
v -0.295498 0.009831 -0.051109
v 0.309023 0.009831 -0.051109
v -0.296247 0.000889 -0.052917
v -0.296247 0.000889 -0.078030
v -0.293690 0.000889 -0.080586
v 0.307215 0.000889 -0.080586
v -0.295498 0.000889 -0.051109
v -0.295498 0.000889 -0.079837
v 0.309023 0.000889 -0.079837
v 0.309023 0.000889 -0.051109
v 0.342860 0.000889 0.180571
v 0.342860 0.009831 0.180571
v 0.306195 0.009831 0.180571
v 0.306195 0.000889 0.180571
v 0.345416 0.000889 0.158400
v 0.345416 0.009831 0.158400
v 0.345416 0.009831 0.178014
v 0.345416 0.000889 0.178014
v 0.344668 0.009831 0.156592
v 0.342860 0.009831 0.155843
v 0.306195 0.009831 0.155843
v 0.304387 0.009831 0.156592
v 0.303638 0.009831 0.158400
v 0.303638 0.009831 0.178014
v 0.304387 0.009831 0.179822
v 0.344668 0.009831 0.179822
v 0.303638 0.000889 0.178014
v 0.303638 0.000889 0.158400
v 0.306195 0.000889 0.155843
v 0.342860 0.000889 0.155843
v 0.304387 0.000889 0.179822
v 0.304387 0.000889 0.156592
v 0.344668 0.000889 0.156592
v 0.344668 0.000889 0.179822
vt 0.052756 0.494490
vt 0.040418 0.499314
vt 0.028080 0.494490
vt 0.022969 0.482845
vt 0.028080 0.471200
vt 0.040418 0.466376
vt 0.052756 0.471200
vt 0.057867 0.482845
vt 0.055196 0.517155
vt 0.061992 0.517155
vt 0.061992 0.533534
vt 0.055196 0.533534
vt 0.067682 0.501324
vt 0.085035 0.501324
vt 0.085035 0.515831
vt 0.067682 0.515831
vt 0.049506 0.501324
vt 0.051172 0.500388
vt 0.055196 0.500000
vt 0.061992 0.500000
vt 0.066015 0.500388
vt 0.066015 0.516767
vt 0.051172 0.516767
vt 0.049506 0.515831
vt 0.428671 0.013231
vt 0.571329 0.013231
vt 0.571329 0.236769
vt 0.428671 0.236769
vt 0.032152 0.501324
vt 0.032152 0.500000
vt 0.049506 0.500000
vt 0.049506 0.483621
vt 0.055196 0.483621
vt 0.085035 0.517155
vt 0.067682 0.517155
vt 0.067682 0.533534
vt 0.062334 0.533534
vt 0.055196 0.517155
vt 0.061992 0.517155
vt 0.061992 0.533534
vt 0.055196 0.533534
vt 0.067682 0.501324
vt 0.085035 0.501324
vt 0.085035 0.515831
vt 0.067682 0.515831
vt 0.049506 0.501324
vt 0.051172 0.500388
vt 0.055196 0.500000
vt 0.061992 0.500000
vt 0.066015 0.500388
vt 0.066015 0.516767
vt 0.051172 0.516767
vt 0.049506 0.515831
vt 0.428671 0.013231
vt 0.571329 0.013231
vt 0.571329 0.236769
vt 0.428671 0.236769
vt 0.032152 0.501324
vt 0.032152 0.500000
vt 0.049506 0.500000
vt 0.049506 0.483621
vt 0.055196 0.483621
vt 0.085035 0.517155
vt 0.067682 0.517155
vt 0.067682 0.533534
vt 0.067842 0.500498
vt 0.067842 0.516657
vt 0.067851 0.516734
vt 0.067859 0.516753
vt 0.067891 0.516773
vt 0.076770 0.516773
vt 0.081209 0.516773
vt 0.085648 0.516773
vt 0.085680 0.516753
vt 0.085688 0.516734
vt 0.085697 0.516657
vt 0.085697 0.500498
vt 0.085688 0.500421
vt 0.085684 0.500412
vt 0.085680 0.500402
vt 0.085648 0.500382
vt 0.067891 0.500382
vt 0.067859 0.500402
vt 0.067851 0.500421
vt 0.085744 0.517016
vt 0.085760 0.517082
vt 0.085827 0.516924
vt 0.085799 0.516885
vt 0.085680 0.516753
vt 0.085688 0.516734
vt 0.085697 0.516657
vt 0.085665 0.500089
vt 0.085669 0.500014
vt 0.067871 0.500014
vt 0.067875 0.500089
vt 0.085684 0.500412
vt 0.085680 0.500402
vt 0.067851 0.500421
vt 0.067842 0.500498
vt 0.067719 0.500459
vt 0.067688 0.500449
vt 0.067688 0.516706
vt 0.067719 0.516696
vt 0.067859 0.500402
vt 0.067859 0.516753
vt 0.067891 0.516773
vt 0.067875 0.517066
vt 0.067871 0.517141
vt 0.076770 0.517141
vt 0.076770 0.517066
vt 0.067851 0.516734
vt 0.081219 0.517141
vt 0.081217 0.517066
vt 0.085697 0.500498
vt 0.081209 0.516773
vt 0.085648 0.516773
vt 0.067842 0.516657
vt 0.085648 0.500382
vt 0.067891 0.500382
vt 0.076770 0.516773
vt 0.085705 0.516852
vt 0.085692 0.516802
vt 0.085651 0.516828
vt 0.085655 0.516884
vt 0.085688 0.500421
vt 0.085665 0.517066
vt 0.085669 0.517141
vt 0.067712 0.516924
vt 0.067740 0.516885
vt 0.067795 0.517016
vt 0.067779 0.517082
vt 0.067779 0.500073
vt 0.067795 0.500140
vt 0.067740 0.500270
vt 0.067712 0.500231
vt 0.085820 0.500459
vt 0.085852 0.500449
vt 0.085827 0.500231
vt 0.085799 0.500270
vt 0.085744 0.500140
vt 0.085760 0.500073
vt 0.085772 0.500205
vt 0.085794 0.500152
vt 0.085820 0.516696
vt 0.085852 0.516706
vt 0.081215 0.517007
vt 0.076770 0.517007
vt 0.081212 0.516884
vt 0.076770 0.516884
vt 0.081211 0.516828
vt 0.076770 0.516829
vt 0.067878 0.517007
vt 0.067885 0.516884
vt 0.067888 0.516828
vt 0.067878 0.500148
vt 0.085661 0.500148
vt 0.067885 0.500271
vt 0.085655 0.500271
vt 0.067888 0.500327
vt 0.085651 0.500327
vt 0.067744 0.516688
vt 0.067744 0.500467
vt 0.067796 0.516672
vt 0.067796 0.500483
vt 0.067819 0.516665
vt 0.067819 0.500490
vt 0.085661 0.517007
vt 0.085795 0.500467
vt 0.085795 0.516688
vt 0.085744 0.500483
vt 0.085744 0.516672
vt 0.085720 0.500490
vt 0.085720 0.516665
vt 0.067763 0.516854
vt 0.067809 0.516791
vt 0.067830 0.516762
vt 0.067808 0.516961
vt 0.067835 0.516852
vt 0.067847 0.516802
vt 0.067808 0.500194
vt 0.067835 0.500303
vt 0.067847 0.500353
vt 0.067763 0.500301
vt 0.067809 0.500364
vt 0.067830 0.500393
vt 0.085776 0.500301
vt 0.085730 0.500364
vt 0.085709 0.500393
vt 0.085754 0.500247
vt 0.085717 0.500334
vt 0.085701 0.500373
vt 0.085731 0.500194
vt 0.085705 0.500303
vt 0.085692 0.500353
vt 0.085776 0.516854
vt 0.085730 0.516791
vt 0.085709 0.516762
vt 0.085731 0.516961
vt 0.049506 0.517604
vt 0.049506 0.533861
vt 0.051521 0.533861
vt 0.051521 0.517604
vt 0.049506 0.500718
vt 0.049506 0.516437
vt 0.051521 0.516437
vt 0.051521 0.500718
vt 0.049506 0.466408
vt 0.049506 0.482127
vt 0.051521 0.482127
vt 0.051521 0.466408
vt 0.049506 0.483294
vt 0.049506 0.499551
vt 0.051521 0.499551
vt 0.051521 0.483294
vt 0.049506 0.534086
vt 0.051521 0.534086
vt 0.049506 0.465690
vt 0.049506 0.466049
vt 0.051521 0.466049
vt 0.051521 0.465690
vt 0.031330 0.500718
vt 0.031330 0.516437
vt 0.031394 0.516796
vt 0.031568 0.517059
vt 0.031806 0.517155
vt 0.049030 0.517155
vt 0.049268 0.517059
vt 0.049442 0.516796
vt 0.049442 0.500359
vt 0.049268 0.500096
vt 0.049030 0.500000
vt 0.031806 0.500000
vt 0.031568 0.500096
vt 0.031394 0.500359
vt 0.031832 0.500686
vt 0.031837 0.500650
vt 0.031824 0.500677
vt 0.031804 0.500695
vt 0.031830 0.500688
vt 0.049006 0.500688
vt 0.049032 0.500695
vt 0.049012 0.500677
vt 0.048999 0.500650
vt 0.049005 0.500686
vt 0.049005 0.516469
vt 0.048999 0.516505
vt 0.049012 0.516478
vt 0.049032 0.516460
vt 0.049006 0.516467
vt 0.031830 0.516467
vt 0.031804 0.516460
vt 0.031824 0.516478
vt 0.031837 0.516505
vt 0.031832 0.516469
vt 0.049506 0.466308
vt 0.067682 0.466308
vt 0.067682 0.482227
vt 0.049506 0.482227
vt 0.049506 0.517581
vt 0.067682 0.517581
vt 0.067682 0.525189
vt 0.066495 0.525189
vt 0.061583 0.525196
vt 0.057987 0.525216
vt 0.056671 0.525244
vt 0.056671 0.526241
vt 0.057992 0.526268
vt 0.061583 0.526288
vt 0.066495 0.526296
vt 0.067682 0.526296
vt 0.067682 0.533884
vt 0.049506 0.533884
vt 0.067682 0.500618
vt 0.069729 0.501914
vt 0.069729 0.509194
vt 0.069748 0.509291
vt 0.069800 0.509362
vt 0.069871 0.509388
vt 0.076780 0.509388
vt 0.080235 0.509388
vt 0.083689 0.509388
vt 0.083761 0.509362
vt 0.083812 0.509291
vt 0.083831 0.509194
vt 0.085858 0.516537
vt 0.080796 0.516394
vt 0.080796 0.510039
vt 0.080767 0.509894
vt 0.080690 0.509788
vt 0.080584 0.509749
vt 0.072917 0.509749
vt 0.072811 0.509788
vt 0.072734 0.509894
vt 0.072705 0.510039
vt 0.067682 0.516537
vt 0.049506 0.500618
vt 0.061726 0.501662
vt 0.058678 0.501648
vt 0.052828 0.501675
vt 0.050405 0.501742
vt 0.052828 0.501809
vt 0.058678 0.501837
vt 0.060787 0.501827
vt 0.059468 0.502058
vt 0.057793 0.502058
vt 0.056801 0.502062
vt 0.056391 0.502074
vt 0.056391 0.502249
vt 0.056801 0.502261
vt 0.057793 0.502265
vt 0.057733 0.502368
vt 0.056801 0.502372
vt 0.056391 0.502384
vt 0.056391 0.502559
vt 0.056801 0.502571
vt 0.057613 0.502574
vt 0.049506 0.516537
vt 0.049506 0.500382
vt 0.067682 0.500382
vt 0.049506 0.500000
vt 0.067682 0.500000
vt 0.049506 0.499737
vt 0.067682 0.499737
vt 0.049506 0.499574
vt 0.067682 0.499574
vt 0.067682 0.534047
vt 0.049506 0.534047
vt 0.067682 0.534310
vt 0.049506 0.534310
vt 0.049506 0.465690
vt 0.067682 0.465690
vt 0.067682 0.466072
vt 0.049506 0.466072
vt 0.049506 0.517418
vt 0.067682 0.517418
vt 0.049506 0.517155
vt 0.067682 0.517155
vt 0.049506 0.516773
vt 0.067682 0.516773
vt 0.067682 0.483271
vt 0.049506 0.483271
vt 0.049506 0.483108
vt 0.067682 0.483108
vt 0.049506 0.482845
vt 0.067682 0.482845
vt 0.049506 0.482463
vt 0.067682 0.482463
vt 0.049506 0.500618
vt 0.049472 0.500382
vt 0.049374 0.500181
vt 0.049374 0.500181
vt 0.049228 0.500047
vt 0.049228 0.500047
vt 0.049055 0.500000
vt 0.049055 0.500000
vt 0.031608 0.517108
vt 0.031781 0.517155
vt 0.031781 0.517155
vt 0.031608 0.517108
vt 0.031462 0.516974
vt 0.031462 0.516974
vt 0.031364 0.516773
vt 0.031364 0.516773
vt 0.031330 0.516537
vt 0.031330 0.516537
vt 0.049055 0.517155
vt 0.049228 0.517108
vt 0.049228 0.517108
vt 0.049055 0.517155
vt 0.049374 0.516974
vt 0.049374 0.516974
vt 0.049472 0.516773
vt 0.049506 0.516537
vt 0.031781 0.500000
vt 0.031608 0.500047
vt 0.031608 0.500047
vt 0.031781 0.500000
vt 0.031462 0.500181
vt 0.031462 0.500181
vt 0.031364 0.500382
vt 0.031364 0.500382
vt 0.031330 0.500618
vt 0.031330 0.500618
vt 0.049464 0.500386
vt 0.049368 0.500189
vt 0.049012 0.500677
vt 0.048999 0.500650
vt 0.049032 0.500695
vt 0.049006 0.500688
vt 0.031782 0.517144
vt 0.049054 0.517144
vt 0.031804 0.516460
vt 0.031824 0.516478
vt 0.031837 0.516505
vt 0.031832 0.516469
vt 0.031832 0.500686
vt 0.049225 0.517098
vt 0.049368 0.516966
vt 0.049012 0.516478
vt 0.049032 0.516460
vt 0.048999 0.516505
vt 0.049005 0.516469
vt 0.031611 0.500057
vt 0.031468 0.500189
vt 0.031824 0.500677
vt 0.031804 0.500695
vt 0.031837 0.500650
vt 0.031830 0.500688
vt 0.049005 0.500686
vt 0.049006 0.516467
vt 0.031830 0.516467
vt 0.031338 0.500619
vt 0.031338 0.516536
vt 0.049498 0.500620
vt 0.031372 0.500386
vt 0.031782 0.500011
vt 0.049464 0.516769
vt 0.049498 0.516536
vt 0.031372 0.516769
vt 0.031468 0.516966
vt 0.031611 0.517098
vt 0.049054 0.500011
vt 0.049225 0.500057
vt 0.031797 0.516934
vt 0.049039 0.516934
vt 0.031815 0.516684
vt 0.049021 0.516684
vt 0.031491 0.500640
vt 0.031491 0.516515
vt 0.031674 0.500665
vt 0.031674 0.516490
vt 0.049345 0.516515
vt 0.049345 0.500640
vt 0.049162 0.516490
vt 0.049162 0.500665
vt 0.049039 0.500221
vt 0.031797 0.500221
vt 0.049021 0.500471
vt 0.031815 0.500471
vt 0.031516 0.500468
vt 0.031688 0.500566
vt 0.031578 0.500340
vt 0.031710 0.500521
vt 0.031671 0.500255
vt 0.031742 0.500491
vt 0.049320 0.516687
vt 0.049148 0.516589
vt 0.049258 0.516815
vt 0.049126 0.516634
vt 0.049165 0.516900
vt 0.049094 0.516664
vt 0.031516 0.516687
vt 0.031688 0.516589
vt 0.031578 0.516815
vt 0.031710 0.516634
vt 0.031671 0.516900
vt 0.031742 0.516664
vt 0.049165 0.500255
vt 0.049094 0.500491
vt 0.049258 0.500340
vt 0.049126 0.500521
vt 0.049320 0.500468
vt 0.049148 0.500566
vt 0.055956 0.466114
vt 0.057071 0.466114
vt 0.056624 0.466538
vt 0.056407 0.466538
vt 0.057398 0.517579
vt 0.055626 0.517579
vt 0.055956 0.516731
vt 0.057071 0.516731
vt 0.055506 0.533462
vt 0.057519 0.533462
vt 0.057399 0.533886
vt 0.055626 0.533886
vt 0.055626 0.465690
vt 0.057399 0.465690
vt 0.056515 0.466640
vt 0.057519 0.518003
vt 0.055506 0.518003
vt 0.056407 0.516307
vt 0.056624 0.516307
vt 0.056515 0.516205
vt 0.051521 0.483069
vt 0.049506 0.483069
vt 0.049506 0.482486
vt 0.051521 0.482486
vt 0.051521 0.516796
vt 0.049506 0.516796
vt 0.049506 0.517379
vt 0.051521 0.517379
vt 0.051521 0.500359
vt 0.049506 0.500359
vt 0.072705 0.516394
vt 0.072734 0.516539
vt 0.072811 0.516645
vt 0.072917 0.516684
vt 0.080584 0.516684
vt 0.080690 0.516645
vt 0.080767 0.516539
vt 0.085823 0.516773
vt 0.085726 0.516974
vt 0.085579 0.517108
vt 0.085407 0.517155
vt 0.077366 0.517155
vt 0.077366 0.517141
vt 0.077359 0.517085
vt 0.077338 0.517044
vt 0.077309 0.517029
vt 0.076252 0.517029
vt 0.076223 0.517044
vt 0.076202 0.517085
vt 0.076194 0.517141
vt 0.076194 0.517155
vt 0.068133 0.517155
vt 0.067960 0.517108
vt 0.067814 0.516974
vt 0.049506 0.499776
vt 0.051521 0.499776
vt 0.083831 0.501914
vt 0.083812 0.501817
vt 0.083786 0.501781
vt 0.083761 0.501746
vt 0.083689 0.501720
vt 0.069871 0.501720
vt 0.069800 0.501746
vt 0.069748 0.501817
vt 0.067814 0.500181
vt 0.067960 0.500047
vt 0.068133 0.500000
vt 0.085407 0.500000
vt 0.085579 0.500047
vt 0.085726 0.500181
vt 0.085823 0.500382
vt 0.085858 0.500618
vt 0.061992 0.483621
vt 0.067682 0.483621
vt 0.067682 0.500000
vt 0.571329 0.013231
vt 0.428671 0.013231
vt 0.057793 0.502575
vt 0.059468 0.502575
vt 0.060459 0.502571
vt 0.060870 0.502559
vt 0.060870 0.502384
vt 0.060459 0.502372
vt 0.059468 0.502368
vt 0.057793 0.502368
vt 0.059468 0.502265
vt 0.060459 0.502261
vt 0.060870 0.502249
vt 0.060870 0.502074
vt 0.060459 0.502062
vt 0.064528 0.501809
vt 0.066951 0.501742
vt 0.064528 0.501675
vt 0.482924 0.532853
vt 0.482924 0.530148
vt 0.518080 0.530148
vt 0.518080 0.532853
vt 0.032152 0.515831
vt 0.049506 0.517155
vt 0.032152 0.517155
vt 0.571329 0.236769
vt 0.428671 0.236769
vt 0.049506 0.533534
vt 0.085035 0.500000
vt 0.061992 0.483621
vt 0.488078 0.534666
vt 0.518080 0.534666
vt 0.518080 0.537370
vt 0.486595 0.537370
vt 0.067682 0.483621
vt 0.067682 0.500000
vt 0.063022 0.483621
vt 0.571329 0.013231
vt 0.428671 0.013231
vt 0.550415 0.013231
vt 0.032152 0.515831
vt 0.049506 0.517155
vt 0.032152 0.517155
vt 0.482923 0.537370
vt 0.482923 0.534666
vt 0.571329 0.236769
vt 0.428671 0.236769
vt 0.556429 0.236769
vt 0.049506 0.533534
vt 0.085035 0.500000
vt 0.040418 0.504514
vt 0.040418 0.534310
vt 0.031330 0.534310
vt 0.031330 0.504514
vt 0.085858 0.504514
vt 0.085858 0.534310
vt 0.076770 0.534310
vt 0.076770 0.504514
vt 0.049506 0.504514
vt 0.049506 0.534310
vt 0.067682 0.534310
vt 0.067682 0.504514
vt 0.058594 0.534310
vt 0.058594 0.504514
vt 0.063329 0.504514
vt 0.022242 0.534310
vt 0.022242 0.504514
vt 0.094945 0.504514
vt 0.094945 0.534310
vt 0.091669 0.504514
vt 0.375000 0.756542
vt 0.625000 0.756542
vt 0.625000 0.993458
vt 0.375000 0.993458
vt 0.375000 0.510469
vt 0.625000 0.510469
vt 0.625000 0.739531
vt 0.375000 0.739531
vt 0.625876 0.505235
vt 0.628271 0.501403
vt 0.631542 0.500000
vt 0.868458 0.500000
vt 0.871729 0.501403
vt 0.874124 0.505235
vt 0.875000 0.510469
vt 0.875000 0.739531
vt 0.874124 0.744765
vt 0.871729 0.748597
vt 0.868458 0.750000
vt 0.631542 0.750000
vt 0.628271 0.748597
vt 0.625876 0.744765
vt 0.375000 0.010469
vt 0.625000 0.010469
vt 0.625000 0.239531
vt 0.375000 0.239531
vt 0.375000 0.256542
vt 0.625000 0.256542
vt 0.625000 0.493458
vt 0.375000 0.493458
vt 0.625000 0.996729
vt 0.375000 0.996729
vt 0.375000 0.000000
vt 0.625000 0.000000
vt 0.625000 0.005235
vt 0.375000 0.005235
vt 0.375000 0.253271
vt 0.625000 0.253271
vt 0.375000 0.244765
vt 0.625000 0.244765
vt 0.375000 0.505235
vt 0.625000 0.505235
vt 0.375000 0.496729
vt 0.625000 0.496729
vt 0.375000 0.753271
vt 0.625000 0.753271
vt 0.375000 0.744765
vt 0.625000 0.744765
vt 0.125000 0.510469
vt 0.125876 0.505235
vt 0.128271 0.501403
vt 0.131542 0.500000
vt 0.368458 0.500000
vt 0.371729 0.501403
vt 0.374124 0.505235
vt 0.374124 0.744765
vt 0.371729 0.748597
vt 0.368458 0.750000
vt 0.131542 0.750000
vt 0.128271 0.748597
vt 0.125876 0.744765
vt 0.125000 0.739531
vt 0.375000 0.765299
vt 0.625000 0.765299
vt 0.625000 0.984701
vt 0.375000 0.984701
vt 0.375000 0.515071
vt 0.625000 0.515071
vt 0.625000 0.734929
vt 0.375000 0.734929
vt 0.629481 0.504414
vt 0.640299 0.500000
vt 0.859701 0.500000
vt 0.870519 0.504414
vt 0.875000 0.515071
vt 0.875000 0.734929
vt 0.870519 0.745586
vt 0.859701 0.750000
vt 0.640299 0.750000
vt 0.629481 0.745586
vt 0.375000 0.015071
vt 0.625000 0.015071
vt 0.625000 0.234929
vt 0.375000 0.234929
vt 0.375000 0.265299
vt 0.625000 0.265299
vt 0.625000 0.484701
vt 0.375000 0.484701
vt 0.625000 1.000000
vt 0.375000 1.000000
vt 0.375000 0.000000
vt 0.625000 0.000000
vt 0.375000 0.250000
vt 0.625000 0.250000
vt 0.375000 0.500000
vt 0.625000 0.500000
vt 0.375000 0.750000
vt 0.625000 0.750000
vt 0.125000 0.515071
vt 0.129481 0.504414
vt 0.140299 0.500000
vt 0.359701 0.500000
vt 0.370519 0.504414
vt 0.370519 0.745586
vt 0.359701 0.750000
vt 0.140299 0.750000
vt 0.129481 0.745586
vt 0.125000 0.734929
vt 0.375000 0.765299
vt 0.625000 0.765299
vt 0.625000 0.984701
vt 0.375000 0.984701
vt 0.375000 0.515071
vt 0.625000 0.515071
vt 0.625000 0.734929
vt 0.375000 0.734929
vt 0.629481 0.504414
vt 0.640299 0.500000
vt 0.859701 0.500000
vt 0.870519 0.504414
vt 0.875000 0.515071
vt 0.875000 0.734929
vt 0.870519 0.745586
vt 0.859701 0.750000
vt 0.640299 0.750000
vt 0.629481 0.745586
vt 0.375000 0.015071
vt 0.625000 0.015071
vt 0.625000 0.234929
vt 0.375000 0.234929
vt 0.375000 0.265299
vt 0.625000 0.265299
vt 0.625000 0.484701
vt 0.375000 0.484701
vt 0.625000 1.000000
vt 0.375000 1.000000
vt 0.375000 0.000000
vt 0.625000 0.000000
vt 0.375000 0.250000
vt 0.625000 0.250000
vt 0.375000 0.500000
vt 0.625000 0.500000
vt 0.375000 0.750000
vt 0.625000 0.750000
vt 0.125000 0.515071
vt 0.129481 0.504414
vt 0.140299 0.500000
vt 0.359701 0.500000
vt 0.370519 0.504414
vt 0.370519 0.745586
vt 0.359701 0.750000
vt 0.140299 0.750000
vt 0.129481 0.745586
vt 0.125000 0.734929
vt 0.375000 0.765299
vt 0.625000 0.765299
vt 0.625000 0.984701
vt 0.375000 0.984701
vt 0.375000 0.515071
vt 0.625000 0.515071
vt 0.625000 0.734929
vt 0.375000 0.734929
vt 0.629481 0.504414
vt 0.640299 0.500000
vt 0.859701 0.500000
vt 0.870519 0.504414
vt 0.875000 0.515071
vt 0.875000 0.734929
vt 0.870519 0.745586
vt 0.859701 0.750000
vt 0.640299 0.750000
vt 0.629481 0.745586
vt 0.375000 0.015071
vt 0.625000 0.015071
vt 0.625000 0.234929
vt 0.375000 0.234929
vt 0.375000 0.265299
vt 0.625000 0.265299
vt 0.625000 0.484701
vt 0.375000 0.484701
vt 0.625000 1.000000
vt 0.375000 1.000000
vt 0.375000 0.000000
vt 0.625000 0.000000
vt 0.375000 0.250000
vt 0.625000 0.250000
vt 0.375000 0.500000
vt 0.625000 0.500000
vt 0.375000 0.750000
vt 0.625000 0.750000
vt 0.125000 0.515071
vt 0.129481 0.504414
vt 0.140299 0.500000
vt 0.359701 0.500000
vt 0.370519 0.504414
vt 0.370519 0.745586
vt 0.359701 0.750000
vt 0.140299 0.750000
vt 0.129481 0.745586
vt 0.125000 0.734929
vt 0.375000 0.765299
vt 0.625000 0.765299
vt 0.625000 0.984701
vt 0.375000 0.984701
vt 0.375000 0.515071
vt 0.625000 0.515071
vt 0.625000 0.734929
vt 0.375000 0.734929
vt 0.629481 0.504414
vt 0.640299 0.500000
vt 0.859701 0.500000
vt 0.870519 0.504414
vt 0.875000 0.515071
vt 0.875000 0.734929
vt 0.870519 0.745586
vt 0.859701 0.750000
vt 0.640299 0.750000
vt 0.629481 0.745586
vt 0.375000 0.015071
vt 0.625000 0.015071
vt 0.625000 0.234929
vt 0.375000 0.234929
vt 0.375000 0.265299
vt 0.625000 0.265299
vt 0.625000 0.484701
vt 0.375000 0.484701
vt 0.625000 1.000000
vt 0.375000 1.000000
vt 0.375000 0.000000
vt 0.625000 0.000000
vt 0.375000 0.250000
vt 0.625000 0.250000
vt 0.375000 0.500000
vt 0.625000 0.500000
vt 0.375000 0.750000
vt 0.625000 0.750000
vt 0.125000 0.515071
vt 0.129481 0.504414
vt 0.140299 0.500000
vt 0.359701 0.500000
vt 0.370519 0.504414
vt 0.370519 0.745586
vt 0.359701 0.750000
vt 0.140299 0.750000
vt 0.129481 0.745586
vt 0.125000 0.734929
vt 0.375000 0.765299
vt 0.625000 0.765299
vt 0.625000 0.984701
vt 0.375000 0.984701
vt 0.375000 0.515071
vt 0.625000 0.515071
vt 0.625000 0.734929
vt 0.375000 0.734929
vt 0.629481 0.504414
vt 0.640299 0.500000
vt 0.859701 0.500000
vt 0.870519 0.504414
vt 0.875000 0.515071
vt 0.875000 0.734929
vt 0.870519 0.745586
vt 0.859701 0.750000
vt 0.640299 0.750000
vt 0.629481 0.745586
vt 0.375000 0.015071
vt 0.625000 0.015071
vt 0.625000 0.234929
vt 0.375000 0.234929
vt 0.375000 0.265299
vt 0.625000 0.265299
vt 0.625000 0.484701
vt 0.375000 0.484701
vt 0.625000 1.000000
vt 0.375000 1.000000
vt 0.375000 0.000000
vt 0.625000 0.000000
vt 0.375000 0.250000
vt 0.625000 0.250000
vt 0.375000 0.500000
vt 0.625000 0.500000
vt 0.375000 0.750000
vt 0.625000 0.750000
vt 0.125000 0.515071
vt 0.129481 0.504414
vt 0.140299 0.500000
vt 0.359701 0.500000
vt 0.370519 0.504414
vt 0.370519 0.745586
vt 0.359701 0.750000
vt 0.140299 0.750000
vt 0.129481 0.745586
vt 0.125000 0.734929
vt 0.375000 0.765299
vt 0.625000 0.765299
vt 0.625000 0.984701
vt 0.375000 0.984701
vt 0.375000 0.515071
vt 0.625000 0.515071
vt 0.625000 0.734929
vt 0.375000 0.734929
vt 0.629481 0.504414
vt 0.640299 0.500000
vt 0.859701 0.500000
vt 0.870519 0.504414
vt 0.875000 0.515071
vt 0.875000 0.734929
vt 0.870519 0.745586
vt 0.859701 0.750000
vt 0.640299 0.750000
vt 0.629481 0.745586
vt 0.375000 0.015071
vt 0.625000 0.015071
vt 0.625000 0.234929
vt 0.375000 0.234929
vt 0.375000 0.265299
vt 0.625000 0.265299
vt 0.625000 0.484701
vt 0.375000 0.484701
vt 0.625000 1.000000
vt 0.375000 1.000000
vt 0.375000 0.000000
vt 0.625000 0.000000
vt 0.375000 0.250000
vt 0.625000 0.250000
vt 0.375000 0.500000
vt 0.625000 0.500000
vt 0.375000 0.750000
vt 0.625000 0.750000
vt 0.125000 0.515071
vt 0.129481 0.504414
vt 0.140299 0.500000
vt 0.359701 0.500000
vt 0.370519 0.504414
vt 0.370519 0.745586
vt 0.359701 0.750000
vt 0.140299 0.750000
vt 0.129481 0.745586
vt 0.125000 0.734929
vt 0.375000 0.765299
vt 0.625000 0.765299
vt 0.625000 0.984701
vt 0.375000 0.984701
vt 0.375000 0.515071
vt 0.625000 0.515071
vt 0.625000 0.734929
vt 0.375000 0.734929
vt 0.629481 0.504414
vt 0.640299 0.500000
vt 0.859701 0.500000
vt 0.870519 0.504414
vt 0.875000 0.515071
vt 0.875000 0.734929
vt 0.870519 0.745586
vt 0.859701 0.750000
vt 0.640299 0.750000
vt 0.629481 0.745586
vt 0.375000 0.015071
vt 0.625000 0.015071
vt 0.625000 0.234929
vt 0.375000 0.234929
vt 0.375000 0.265299
vt 0.625000 0.265299
vt 0.625000 0.484701
vt 0.375000 0.484701
vt 0.625000 1.000000
vt 0.375000 1.000000
vt 0.375000 0.000000
vt 0.625000 0.000000
vt 0.375000 0.250000
vt 0.625000 0.250000
vt 0.375000 0.500000
vt 0.625000 0.500000
vt 0.375000 0.750000
vt 0.625000 0.750000
vt 0.125000 0.515071
vt 0.129481 0.504414
vt 0.140299 0.500000
vt 0.359701 0.500000
vt 0.370519 0.504414
vt 0.370519 0.745586
vt 0.359701 0.750000
vt 0.140299 0.750000
vt 0.129481 0.745586
vt 0.125000 0.734929
vt 0.375000 0.765299
vt 0.625000 0.765299
vt 0.625000 0.984701
vt 0.375000 0.984701
vt 0.375000 0.515071
vt 0.625000 0.515071
vt 0.625000 0.734929
vt 0.375000 0.734929
vt 0.629481 0.504414
vt 0.640299 0.500000
vt 0.859701 0.500000
vt 0.870519 0.504414
vt 0.875000 0.515071
vt 0.875000 0.734929
vt 0.870519 0.745586
vt 0.859701 0.750000
vt 0.640299 0.750000
vt 0.629481 0.745586
vt 0.375000 0.015071
vt 0.625000 0.015071
vt 0.625000 0.234929
vt 0.375000 0.234929
vt 0.375000 0.265299
vt 0.625000 0.265299
vt 0.625000 0.484701
vt 0.375000 0.484701
vt 0.625000 1.000000
vt 0.375000 1.000000
vt 0.375000 0.000000
vt 0.625000 0.000000
vt 0.375000 0.250000
vt 0.625000 0.250000
vt 0.375000 0.500000
vt 0.625000 0.500000
vt 0.375000 0.750000
vt 0.625000 0.750000
vt 0.125000 0.515071
vt 0.129481 0.504414
vt 0.140299 0.500000
vt 0.359701 0.500000
vt 0.370519 0.504414
vt 0.370519 0.745586
vt 0.359701 0.750000
vt 0.140299 0.750000
vt 0.129481 0.745586
vt 0.125000 0.734929
vt 0.375000 0.765299
vt 0.625000 0.765299
vt 0.625000 0.984701
vt 0.375000 0.984701
vt 0.375000 0.515071
vt 0.625000 0.515071
vt 0.625000 0.734929
vt 0.375000 0.734929
vt 0.629481 0.504414
vt 0.640299 0.500000
vt 0.859701 0.500000
vt 0.870519 0.504414
vt 0.875000 0.515071
vt 0.875000 0.734929
vt 0.870519 0.745586
vt 0.859701 0.750000
vt 0.640299 0.750000
vt 0.629481 0.745586
vt 0.375000 0.015071
vt 0.625000 0.015071
vt 0.625000 0.234929
vt 0.375000 0.234929
vt 0.375000 0.265299
vt 0.625000 0.265299
vt 0.625000 0.484701
vt 0.375000 0.484701
vt 0.625000 1.000000
vt 0.375000 1.000000
vt 0.375000 0.000000
vt 0.625000 0.000000
vt 0.375000 0.250000
vt 0.625000 0.250000
vt 0.375000 0.500000
vt 0.625000 0.500000
vt 0.375000 0.750000
vt 0.625000 0.750000
vt 0.125000 0.515071
vt 0.129481 0.504414
vt 0.140299 0.500000
vt 0.359701 0.500000
vt 0.370519 0.504414
vt 0.370519 0.745586
vt 0.359701 0.750000
vt 0.140299 0.750000
vt 0.129481 0.745586
vt 0.125000 0.734929
vt 0.375000 0.765299
vt 0.625000 0.765299
vt 0.625000 0.984701
vt 0.375000 0.984701
vt 0.375000 0.515071
vt 0.625000 0.515071
vt 0.625000 0.734929
vt 0.375000 0.734929
vt 0.629481 0.504414
vt 0.640299 0.500000
vt 0.859701 0.500000
vt 0.870519 0.504414
vt 0.875000 0.515071
vt 0.875000 0.734929
vt 0.870519 0.745586
vt 0.859701 0.750000
vt 0.640299 0.750000
vt 0.629481 0.745586
vt 0.375000 0.015071
vt 0.625000 0.015071
vt 0.625000 0.234929
vt 0.375000 0.234929
vt 0.375000 0.265299
vt 0.625000 0.265299
vt 0.625000 0.484701
vt 0.375000 0.484701
vt 0.625000 1.000000
vt 0.375000 1.000000
vt 0.375000 0.000000
vt 0.625000 0.000000
vt 0.375000 0.250000
vt 0.625000 0.250000
vt 0.375000 0.500000
vt 0.625000 0.500000
vt 0.375000 0.750000
vt 0.625000 0.750000
vt 0.125000 0.515071
vt 0.129481 0.504414
vt 0.140299 0.500000
vt 0.359701 0.500000
vt 0.370519 0.504414
vt 0.370519 0.745586
vt 0.359701 0.750000
vt 0.140299 0.750000
vt 0.129481 0.745586
vt 0.125000 0.734929
vt 0.375000 0.765299
vt 0.625000 0.765299
vt 0.625000 0.984701
vt 0.375000 0.984701
vt 0.375000 0.515071
vt 0.625000 0.515071
vt 0.625000 0.734929
vt 0.375000 0.734929
vt 0.629481 0.504414
vt 0.640299 0.500000
vt 0.859701 0.500000
vt 0.870519 0.504414
vt 0.875000 0.515071
vt 0.875000 0.734929
vt 0.870519 0.745586
vt 0.859701 0.750000
vt 0.640299 0.750000
vt 0.629481 0.745586
vt 0.375000 0.015071
vt 0.625000 0.015071
vt 0.625000 0.234929
vt 0.375000 0.234929
vt 0.375000 0.265299
vt 0.625000 0.265299
vt 0.625000 0.484701
vt 0.375000 0.484701
vt 0.625000 1.000000
vt 0.375000 1.000000
vt 0.375000 0.000000
vt 0.625000 0.000000
vt 0.375000 0.250000
vt 0.625000 0.250000
vt 0.375000 0.500000
vt 0.625000 0.500000
vt 0.375000 0.750000
vt 0.625000 0.750000
vt 0.125000 0.515071
vt 0.129481 0.504414
vt 0.140299 0.500000
vt 0.359701 0.500000
vt 0.370519 0.504414
vt 0.370519 0.745586
vt 0.359701 0.750000
vt 0.140299 0.750000
vt 0.129481 0.745586
vt 0.125000 0.734929
vt 0.375000 0.765299
vt 0.625000 0.765299
vt 0.625000 0.984701
vt 0.375000 0.984701
vt 0.375000 0.515071
vt 0.625000 0.515071
vt 0.625000 0.734929
vt 0.375000 0.734929
vt 0.629481 0.504414
vt 0.640299 0.500000
vt 0.859701 0.500000
vt 0.870519 0.504414
vt 0.875000 0.515071
vt 0.875000 0.734929
vt 0.870519 0.745586
vt 0.859701 0.750000
vt 0.640299 0.750000
vt 0.629481 0.745586
vt 0.375000 0.015071
vt 0.625000 0.015071
vt 0.625000 0.234929
vt 0.375000 0.234929
vt 0.375000 0.265299
vt 0.625000 0.265299
vt 0.625000 0.484701
vt 0.375000 0.484701
vt 0.625000 1.000000
vt 0.375000 1.000000
vt 0.375000 0.000000
vt 0.625000 0.000000
vt 0.375000 0.250000
vt 0.625000 0.250000
vt 0.375000 0.500000
vt 0.625000 0.500000
vt 0.375000 0.750000
vt 0.625000 0.750000
vt 0.125000 0.515071
vt 0.129481 0.504414
vt 0.140299 0.500000
vt 0.359701 0.500000
vt 0.370519 0.504414
vt 0.370519 0.745586
vt 0.359701 0.750000
vt 0.140299 0.750000
vt 0.129481 0.745586
vt 0.125000 0.734929
vt 0.375000 0.765299
vt 0.625000 0.765299
vt 0.625000 0.984701
vt 0.375000 0.984701
vt 0.375000 0.515071
vt 0.625000 0.515071
vt 0.625000 0.734929
vt 0.375000 0.734929
vt 0.629481 0.504414
vt 0.640299 0.500000
vt 0.859701 0.500000
vt 0.870519 0.504414
vt 0.875000 0.515071
vt 0.875000 0.734929
vt 0.870519 0.745586
vt 0.859701 0.750000
vt 0.640299 0.750000
vt 0.629481 0.745586
vt 0.375000 0.015071
vt 0.625000 0.015071
vt 0.625000 0.234929
vt 0.375000 0.234929
vt 0.375000 0.265299
vt 0.625000 0.265299
vt 0.625000 0.484701
vt 0.375000 0.484701
vt 0.625000 1.000000
vt 0.375000 1.000000
vt 0.375000 0.000000
vt 0.625000 0.000000
vt 0.375000 0.250000
vt 0.625000 0.250000
vt 0.375000 0.500000
vt 0.625000 0.500000
vt 0.375000 0.750000
vt 0.625000 0.750000
vt 0.125000 0.515071
vt 0.129481 0.504414
vt 0.140299 0.500000
vt 0.359701 0.500000
vt 0.370519 0.504414
vt 0.370519 0.745586
vt 0.359701 0.750000
vt 0.140299 0.750000
vt 0.129481 0.745586
vt 0.125000 0.734929
vt 0.375000 0.765299
vt 0.625000 0.765299
vt 0.625000 0.984701
vt 0.375000 0.984701
vt 0.375000 0.515071
vt 0.625000 0.515071
vt 0.625000 0.734929
vt 0.375000 0.734929
vt 0.629481 0.504414
vt 0.640299 0.500000
vt 0.859701 0.500000
vt 0.870519 0.504414
vt 0.875000 0.515071
vt 0.875000 0.734929
vt 0.870519 0.745586
vt 0.859701 0.750000
vt 0.640299 0.750000
vt 0.629481 0.745586
vt 0.375000 0.015071
vt 0.625000 0.015071
vt 0.625000 0.234929
vt 0.375000 0.234929
vt 0.375000 0.265299
vt 0.625000 0.265299
vt 0.625000 0.484701
vt 0.375000 0.484701
vt 0.625000 1.000000
vt 0.375000 1.000000
vt 0.375000 0.000000
vt 0.625000 0.000000
vt 0.375000 0.250000
vt 0.625000 0.250000
vt 0.375000 0.500000
vt 0.625000 0.500000
vt 0.375000 0.750000
vt 0.625000 0.750000
vt 0.125000 0.515071
vt 0.129481 0.504414
vt 0.140299 0.500000
vt 0.359701 0.500000
vt 0.370519 0.504414
vt 0.370519 0.745586
vt 0.359701 0.750000
vt 0.140299 0.750000
vt 0.129481 0.745586
vt 0.125000 0.734929
vt 0.375000 0.765299
vt 0.625000 0.765299
vt 0.625000 0.984701
vt 0.375000 0.984701
vt 0.375000 0.515071
vt 0.625000 0.515071
vt 0.625000 0.734929
vt 0.375000 0.734929
vt 0.629481 0.504414
vt 0.640299 0.500000
vt 0.859701 0.500000
vt 0.870519 0.504414
vt 0.875000 0.515071
vt 0.875000 0.734929
vt 0.870519 0.745586
vt 0.859701 0.750000
vt 0.640299 0.750000
vt 0.629481 0.745586
vt 0.375000 0.015071
vt 0.625000 0.015071
vt 0.625000 0.234929
vt 0.375000 0.234929
vt 0.375000 0.265299
vt 0.625000 0.265299
vt 0.625000 0.484701
vt 0.375000 0.484701
vt 0.625000 1.000000
vt 0.375000 1.000000
vt 0.375000 0.000000
vt 0.625000 0.000000
vt 0.375000 0.250000
vt 0.625000 0.250000
vt 0.375000 0.500000
vt 0.625000 0.500000
vt 0.375000 0.750000
vt 0.625000 0.750000
vt 0.125000 0.515071
vt 0.129481 0.504414
vt 0.140299 0.500000
vt 0.359701 0.500000
vt 0.370519 0.504414
vt 0.370519 0.745586
vt 0.359701 0.750000
vt 0.140299 0.750000
vt 0.129481 0.745586
vt 0.125000 0.734929
vt 0.375000 0.765299
vt 0.625000 0.765299
vt 0.625000 0.984701
vt 0.375000 0.984701
vt 0.375000 0.515071
vt 0.625000 0.515071
vt 0.625000 0.734929
vt 0.375000 0.734929
vt 0.629481 0.504414
vt 0.640299 0.500000
vt 0.859701 0.500000
vt 0.870519 0.504414
vt 0.875000 0.515071
vt 0.875000 0.734929
vt 0.870519 0.745586
vt 0.859701 0.750000
vt 0.640299 0.750000
vt 0.629481 0.745586
vt 0.375000 0.015071
vt 0.625000 0.015071
vt 0.625000 0.234929
vt 0.375000 0.234929
vt 0.375000 0.265299
vt 0.625000 0.265299
vt 0.625000 0.484701
vt 0.375000 0.484701
vt 0.625000 1.000000
vt 0.375000 1.000000
vt 0.375000 0.000000
vt 0.625000 0.000000
vt 0.375000 0.250000
vt 0.625000 0.250000
vt 0.375000 0.500000
vt 0.625000 0.500000
vt 0.375000 0.750000
vt 0.625000 0.750000
vt 0.125000 0.515071
vt 0.129481 0.504414
vt 0.140299 0.500000
vt 0.359701 0.500000
vt 0.370519 0.504414
vt 0.370519 0.745586
vt 0.359701 0.750000
vt 0.140299 0.750000
vt 0.129481 0.745586
vt 0.125000 0.734929
vt 0.375000 0.765299
vt 0.625000 0.765299
vt 0.625000 0.984701
vt 0.375000 0.984701
vt 0.375000 0.515071
vt 0.625000 0.515071
vt 0.625000 0.734929
vt 0.375000 0.734929
vt 0.629481 0.504414
vt 0.640299 0.500000
vt 0.859701 0.500000
vt 0.870519 0.504414
vt 0.875000 0.515071
vt 0.875000 0.734929
vt 0.870519 0.745586
vt 0.859701 0.750000
vt 0.640299 0.750000
vt 0.629481 0.745586
vt 0.375000 0.015071
vt 0.625000 0.015071
vt 0.625000 0.234929
vt 0.375000 0.234929
vt 0.375000 0.265299
vt 0.625000 0.265299
vt 0.625000 0.484701
vt 0.375000 0.484701
vt 0.625000 1.000000
vt 0.375000 1.000000
vt 0.375000 0.000000
vt 0.625000 0.000000
vt 0.375000 0.250000
vt 0.625000 0.250000
vt 0.375000 0.500000
vt 0.625000 0.500000
vt 0.375000 0.750000
vt 0.625000 0.750000
vt 0.125000 0.515071
vt 0.129481 0.504414
vt 0.140299 0.500000
vt 0.359701 0.500000
vt 0.370519 0.504414
vt 0.370519 0.745586
vt 0.359701 0.750000
vt 0.140299 0.750000
vt 0.129481 0.745586
vt 0.125000 0.734929
vt 0.375000 0.765299
vt 0.625000 0.765299
vt 0.625000 0.984701
vt 0.375000 0.984701
vt 0.375000 0.515071
vt 0.625000 0.515071
vt 0.625000 0.734929
vt 0.375000 0.734929
vt 0.629481 0.504414
vt 0.640299 0.500000
vt 0.859701 0.500000
vt 0.870519 0.504414
vt 0.875000 0.515071
vt 0.875000 0.734929
vt 0.870519 0.745586
vt 0.859701 0.750000
vt 0.640299 0.750000
vt 0.629481 0.745586
vt 0.375000 0.015071
vt 0.625000 0.015071
vt 0.625000 0.234929
vt 0.375000 0.234929
vt 0.375000 0.265299
vt 0.625000 0.265299
vt 0.625000 0.484701
vt 0.375000 0.484701
vt 0.625000 1.000000
vt 0.375000 1.000000
vt 0.375000 0.000000
vt 0.625000 0.000000
vt 0.375000 0.250000
vt 0.625000 0.250000
vt 0.375000 0.500000
vt 0.625000 0.500000
vt 0.375000 0.750000
vt 0.625000 0.750000
vt 0.125000 0.515071
vt 0.129481 0.504414
vt 0.140299 0.500000
vt 0.359701 0.500000
vt 0.370519 0.504414
vt 0.370519 0.745586
vt 0.359701 0.750000
vt 0.140299 0.750000
vt 0.129481 0.745586
vt 0.125000 0.734929
vt 0.375000 0.765299
vt 0.625000 0.765299
vt 0.625000 0.984701
vt 0.375000 0.984701
vt 0.375000 0.515071
vt 0.625000 0.515071
vt 0.625000 0.734929
vt 0.375000 0.734929
vt 0.629481 0.504414
vt 0.640299 0.500000
vt 0.859701 0.500000
vt 0.870519 0.504414
vt 0.875000 0.515071
vt 0.875000 0.734929
vt 0.870519 0.745586
vt 0.859701 0.750000
vt 0.640299 0.750000
vt 0.629481 0.745586
vt 0.375000 0.015071
vt 0.625000 0.015071
vt 0.625000 0.234929
vt 0.375000 0.234929
vt 0.375000 0.265299
vt 0.625000 0.265299
vt 0.625000 0.484701
vt 0.375000 0.484701
vt 0.625000 1.000000
vt 0.375000 1.000000
vt 0.375000 0.000000
vt 0.625000 0.000000
vt 0.375000 0.250000
vt 0.625000 0.250000
vt 0.375000 0.500000
vt 0.625000 0.500000
vt 0.375000 0.750000
vt 0.625000 0.750000
vt 0.125000 0.515071
vt 0.129481 0.504414
vt 0.140299 0.500000
vt 0.359701 0.500000
vt 0.370519 0.504414
vt 0.370519 0.745586
vt 0.359701 0.750000
vt 0.140299 0.750000
vt 0.129481 0.745586
vt 0.125000 0.734929
vt 0.375000 0.765299
vt 0.625000 0.765299
vt 0.625000 0.984701
vt 0.375000 0.984701
vt 0.375000 0.515071
vt 0.625000 0.515071
vt 0.625000 0.734929
vt 0.375000 0.734929
vt 0.629481 0.504414
vt 0.640299 0.500000
vt 0.859701 0.500000
vt 0.870519 0.504414
vt 0.875000 0.515071
vt 0.875000 0.734929
vt 0.870519 0.745586
vt 0.859701 0.750000
vt 0.640299 0.750000
vt 0.629481 0.745586
vt 0.375000 0.015071
vt 0.625000 0.015071
vt 0.625000 0.234929
vt 0.375000 0.234929
vt 0.375000 0.265299
vt 0.625000 0.265299
vt 0.625000 0.484701
vt 0.375000 0.484701
vt 0.625000 1.000000
vt 0.375000 1.000000
vt 0.375000 0.000000
vt 0.625000 0.000000
vt 0.375000 0.250000
vt 0.625000 0.250000
vt 0.375000 0.500000
vt 0.625000 0.500000
vt 0.375000 0.750000
vt 0.625000 0.750000
vt 0.125000 0.515071
vt 0.129481 0.504414
vt 0.140299 0.500000
vt 0.359701 0.500000
vt 0.370519 0.504414
vt 0.370519 0.745586
vt 0.359701 0.750000
vt 0.140299 0.750000
vt 0.129481 0.745586
vt 0.125000 0.734929
vt 0.375000 0.765299
vt 0.625000 0.765299
vt 0.625000 0.984701
vt 0.375000 0.984701
vt 0.375000 0.515071
vt 0.625000 0.515071
vt 0.625000 0.734929
vt 0.375000 0.734929
vt 0.629481 0.504414
vt 0.640299 0.500000
vt 0.859701 0.500000
vt 0.870519 0.504414
vt 0.875000 0.515071
vt 0.875000 0.734929
vt 0.870519 0.745586
vt 0.859701 0.750000
vt 0.640299 0.750000
vt 0.629481 0.745586
vt 0.375000 0.015071
vt 0.625000 0.015071
vt 0.625000 0.234929
vt 0.375000 0.234929
vt 0.375000 0.265299
vt 0.625000 0.265299
vt 0.625000 0.484701
vt 0.375000 0.484701
vt 0.625000 1.000000
vt 0.375000 1.000000
vt 0.375000 0.000000
vt 0.625000 0.000000
vt 0.375000 0.250000
vt 0.625000 0.250000
vt 0.375000 0.500000
vt 0.625000 0.500000
vt 0.375000 0.750000
vt 0.625000 0.750000
vt 0.125000 0.515071
vt 0.129481 0.504414
vt 0.140299 0.500000
vt 0.359701 0.500000
vt 0.370519 0.504414
vt 0.370519 0.745586
vt 0.359701 0.750000
vt 0.140299 0.750000
vt 0.129481 0.745586
vt 0.125000 0.734929
vt 0.375000 0.765299
vt 0.625000 0.765299
vt 0.625000 0.984701
vt 0.375000 0.984701
vt 0.375000 0.515071
vt 0.625000 0.515071
vt 0.625000 0.734929
vt 0.375000 0.734929
vt 0.629481 0.504414
vt 0.640299 0.500000
vt 0.859701 0.500000
vt 0.870519 0.504414
vt 0.875000 0.515071
vt 0.875000 0.734929
vt 0.870519 0.745586
vt 0.859701 0.750000
vt 0.640299 0.750000
vt 0.629481 0.745586
vt 0.375000 0.015071
vt 0.625000 0.015071
vt 0.625000 0.234929
vt 0.375000 0.234929
vt 0.375000 0.265299
vt 0.625000 0.265299
vt 0.625000 0.484701
vt 0.375000 0.484701
vt 0.625000 1.000000
vt 0.375000 1.000000
vt 0.375000 0.000000
vt 0.625000 0.000000
vt 0.375000 0.250000
vt 0.625000 0.250000
vt 0.375000 0.500000
vt 0.625000 0.500000
vt 0.375000 0.750000
vt 0.625000 0.750000
vt 0.125000 0.515071
vt 0.129481 0.504414
vt 0.140299 0.500000
vt 0.359701 0.500000
vt 0.370519 0.504414
vt 0.370519 0.745586
vt 0.359701 0.750000
vt 0.140299 0.750000
vt 0.129481 0.745586
vt 0.125000 0.734929
vt 0.375000 0.765299
vt 0.625000 0.765299
vt 0.625000 0.984701
vt 0.375000 0.984701
vt 0.375000 0.515071
vt 0.625000 0.515071
vt 0.625000 0.734929
vt 0.375000 0.734929
vt 0.629481 0.504414
vt 0.640299 0.500000
vt 0.859701 0.500000
vt 0.870519 0.504414
vt 0.875000 0.515071
vt 0.875000 0.734929
vt 0.870519 0.745586
vt 0.859701 0.750000
vt 0.640299 0.750000
vt 0.629481 0.745586
vt 0.375000 0.015071
vt 0.625000 0.015071
vt 0.625000 0.234929
vt 0.375000 0.234929
vt 0.375000 0.265299
vt 0.625000 0.265299
vt 0.625000 0.484701
vt 0.375000 0.484701
vt 0.625000 1.000000
vt 0.375000 1.000000
vt 0.375000 0.000000
vt 0.625000 0.000000
vt 0.375000 0.250000
vt 0.625000 0.250000
vt 0.375000 0.500000
vt 0.625000 0.500000
vt 0.375000 0.750000
vt 0.625000 0.750000
vt 0.125000 0.515071
vt 0.129481 0.504414
vt 0.140299 0.500000
vt 0.359701 0.500000
vt 0.370519 0.504414
vt 0.370519 0.745586
vt 0.359701 0.750000
vt 0.140299 0.750000
vt 0.129481 0.745586
vt 0.125000 0.734929
vt 0.375000 0.765299
vt 0.625000 0.765299
vt 0.625000 0.984701
vt 0.375000 0.984701
vt 0.375000 0.515071
vt 0.625000 0.515071
vt 0.625000 0.734929
vt 0.375000 0.734929
vt 0.629481 0.504414
vt 0.640299 0.500000
vt 0.859701 0.500000
vt 0.870519 0.504414
vt 0.875000 0.515071
vt 0.875000 0.734929
vt 0.870519 0.745586
vt 0.859701 0.750000
vt 0.640299 0.750000
vt 0.629481 0.745586
vt 0.375000 0.015071
vt 0.625000 0.015071
vt 0.625000 0.234929
vt 0.375000 0.234929
vt 0.375000 0.265299
vt 0.625000 0.265299
vt 0.625000 0.484701
vt 0.375000 0.484701
vt 0.625000 1.000000
vt 0.375000 1.000000
vt 0.375000 0.000000
vt 0.625000 0.000000
vt 0.375000 0.250000
vt 0.625000 0.250000
vt 0.375000 0.500000
vt 0.625000 0.500000
vt 0.375000 0.750000
vt 0.625000 0.750000
vt 0.125000 0.515071
vt 0.129481 0.504414
vt 0.140299 0.500000
vt 0.359701 0.500000
vt 0.370519 0.504414
vt 0.370519 0.745586
vt 0.359701 0.750000
vt 0.140299 0.750000
vt 0.129481 0.745586
vt 0.125000 0.734929
vt 0.375000 0.765299
vt 0.625000 0.765299
vt 0.625000 0.984701
vt 0.375000 0.984701
vt 0.375000 0.515071
vt 0.625000 0.515071
vt 0.625000 0.734929
vt 0.375000 0.734929
vt 0.629481 0.504414
vt 0.640299 0.500000
vt 0.859701 0.500000
vt 0.870519 0.504414
vt 0.875000 0.515071
vt 0.875000 0.734929
vt 0.870519 0.745586
vt 0.859701 0.750000
vt 0.640299 0.750000
vt 0.629481 0.745586
vt 0.375000 0.015071
vt 0.625000 0.015071
vt 0.625000 0.234929
vt 0.375000 0.234929
vt 0.375000 0.265299
vt 0.625000 0.265299
vt 0.625000 0.484701
vt 0.375000 0.484701
vt 0.625000 1.000000
vt 0.375000 1.000000
vt 0.375000 0.000000
vt 0.625000 0.000000
vt 0.375000 0.250000
vt 0.625000 0.250000
vt 0.375000 0.500000
vt 0.625000 0.500000
vt 0.375000 0.750000
vt 0.625000 0.750000
vt 0.125000 0.515071
vt 0.129481 0.504414
vt 0.140299 0.500000
vt 0.359701 0.500000
vt 0.370519 0.504414
vt 0.370519 0.745586
vt 0.359701 0.750000
vt 0.140299 0.750000
vt 0.129481 0.745586
vt 0.125000 0.734929
vt 0.375000 0.765299
vt 0.625000 0.765299
vt 0.625000 0.984701
vt 0.375000 0.984701
vt 0.375000 0.515071
vt 0.625000 0.515071
vt 0.625000 0.734929
vt 0.375000 0.734929
vt 0.629481 0.504414
vt 0.640299 0.500000
vt 0.859701 0.500000
vt 0.870519 0.504414
vt 0.875000 0.515071
vt 0.875000 0.734929
vt 0.870519 0.745586
vt 0.859701 0.750000
vt 0.640299 0.750000
vt 0.629481 0.745586
vt 0.375000 0.015071
vt 0.625000 0.015071
vt 0.625000 0.234929
vt 0.375000 0.234929
vt 0.375000 0.265299
vt 0.625000 0.265299
vt 0.625000 0.484701
vt 0.375000 0.484701
vt 0.625000 1.000000
vt 0.375000 1.000000
vt 0.375000 0.000000
vt 0.625000 0.000000
vt 0.375000 0.250000
vt 0.625000 0.250000
vt 0.375000 0.500000
vt 0.625000 0.500000
vt 0.375000 0.750000
vt 0.625000 0.750000
vt 0.125000 0.515071
vt 0.129481 0.504414
vt 0.140299 0.500000
vt 0.359701 0.500000
vt 0.370519 0.504414
vt 0.370519 0.745586
vt 0.359701 0.750000
vt 0.140299 0.750000
vt 0.129481 0.745586
vt 0.125000 0.734929
vt 0.375000 0.765299
vt 0.625000 0.765299
vt 0.625000 0.984701
vt 0.375000 0.984701
vt 0.375000 0.515071
vt 0.625000 0.515071
vt 0.625000 0.734929
vt 0.375000 0.734929
vt 0.629481 0.504414
vt 0.640299 0.500000
vt 0.859701 0.500000
vt 0.870519 0.504414
vt 0.875000 0.515071
vt 0.875000 0.734929
vt 0.870519 0.745586
vt 0.859701 0.750000
vt 0.640299 0.750000
vt 0.629481 0.745586
vt 0.375000 0.015071
vt 0.625000 0.015071
vt 0.625000 0.234929
vt 0.375000 0.234929
vt 0.375000 0.265299
vt 0.625000 0.265299
vt 0.625000 0.484701
vt 0.375000 0.484701
vt 0.625000 1.000000
vt 0.375000 1.000000
vt 0.375000 0.000000
vt 0.625000 0.000000
vt 0.375000 0.250000
vt 0.625000 0.250000
vt 0.375000 0.500000
vt 0.625000 0.500000
vt 0.375000 0.750000
vt 0.625000 0.750000
vt 0.125000 0.515071
vt 0.129481 0.504414
vt 0.140299 0.500000
vt 0.359701 0.500000
vt 0.370519 0.504414
vt 0.370519 0.745586
vt 0.359701 0.750000
vt 0.140299 0.750000
vt 0.129481 0.745586
vt 0.125000 0.734929
vt 0.375000 0.765299
vt 0.625000 0.765299
vt 0.625000 0.984701
vt 0.375000 0.984701
vt 0.375000 0.515071
vt 0.625000 0.515071
vt 0.625000 0.734929
vt 0.375000 0.734929
vt 0.629481 0.504414
vt 0.640299 0.500000
vt 0.859701 0.500000
vt 0.870519 0.504414
vt 0.875000 0.515071
vt 0.875000 0.734929
vt 0.870519 0.745586
vt 0.859701 0.750000
vt 0.640299 0.750000
vt 0.629481 0.745586
vt 0.375000 0.015071
vt 0.625000 0.015071
vt 0.625000 0.234929
vt 0.375000 0.234929
vt 0.375000 0.265299
vt 0.625000 0.265299
vt 0.625000 0.484701
vt 0.375000 0.484701
vt 0.625000 1.000000
vt 0.375000 1.000000
vt 0.375000 0.000000
vt 0.625000 0.000000
vt 0.375000 0.250000
vt 0.625000 0.250000
vt 0.375000 0.500000
vt 0.625000 0.500000
vt 0.375000 0.750000
vt 0.625000 0.750000
vt 0.125000 0.515071
vt 0.129481 0.504414
vt 0.140299 0.500000
vt 0.359701 0.500000
vt 0.370519 0.504414
vt 0.370519 0.745586
vt 0.359701 0.750000
vt 0.140299 0.750000
vt 0.129481 0.745586
vt 0.125000 0.734929
vt 0.375000 0.765299
vt 0.625000 0.765299
vt 0.625000 0.984701
vt 0.375000 0.984701
vt 0.375000 0.515071
vt 0.625000 0.515071
vt 0.625000 0.734929
vt 0.375000 0.734929
vt 0.629481 0.504414
vt 0.640299 0.500000
vt 0.859701 0.500000
vt 0.870519 0.504414
vt 0.875000 0.515071
vt 0.875000 0.734929
vt 0.870519 0.745586
vt 0.859701 0.750000
vt 0.640299 0.750000
vt 0.629481 0.745586
vt 0.375000 0.015071
vt 0.625000 0.015071
vt 0.625000 0.234929
vt 0.375000 0.234929
vt 0.375000 0.265299
vt 0.625000 0.265299
vt 0.625000 0.484701
vt 0.375000 0.484701
vt 0.625000 1.000000
vt 0.375000 1.000000
vt 0.375000 0.000000
vt 0.625000 0.000000
vt 0.375000 0.250000
vt 0.625000 0.250000
vt 0.375000 0.500000
vt 0.625000 0.500000
vt 0.375000 0.750000
vt 0.625000 0.750000
vt 0.125000 0.515071
vt 0.129481 0.504414
vt 0.140299 0.500000
vt 0.359701 0.500000
vt 0.370519 0.504414
vt 0.370519 0.745586
vt 0.359701 0.750000
vt 0.140299 0.750000
vt 0.129481 0.745586
vt 0.125000 0.734929
vt 0.375000 0.765299
vt 0.625000 0.765299
vt 0.625000 0.984701
vt 0.375000 0.984701
vt 0.375000 0.515071
vt 0.625000 0.515071
vt 0.625000 0.734929
vt 0.375000 0.734929
vt 0.629481 0.504414
vt 0.640299 0.500000
vt 0.859701 0.500000
vt 0.870519 0.504414
vt 0.875000 0.515071
vt 0.875000 0.734929
vt 0.870519 0.745586
vt 0.859701 0.750000
vt 0.640299 0.750000
vt 0.629481 0.745586
vt 0.375000 0.015071
vt 0.625000 0.015071
vt 0.625000 0.234929
vt 0.375000 0.234929
vt 0.375000 0.265299
vt 0.625000 0.265299
vt 0.625000 0.484701
vt 0.375000 0.484701
vt 0.625000 1.000000
vt 0.375000 1.000000
vt 0.375000 0.000000
vt 0.625000 0.000000
vt 0.375000 0.250000
vt 0.625000 0.250000
vt 0.375000 0.500000
vt 0.625000 0.500000
vt 0.375000 0.750000
vt 0.625000 0.750000
vt 0.125000 0.515071
vt 0.129481 0.504414
vt 0.140299 0.500000
vt 0.359701 0.500000
vt 0.370519 0.504414
vt 0.370519 0.745586
vt 0.359701 0.750000
vt 0.140299 0.750000
vt 0.129481 0.745586
vt 0.125000 0.734929
vt 0.375000 0.765299
vt 0.625000 0.765299
vt 0.625000 0.984701
vt 0.375000 0.984701
vt 0.375000 0.515071
vt 0.625000 0.515071
vt 0.625000 0.734929
vt 0.375000 0.734929
vt 0.629481 0.504414
vt 0.640299 0.500000
vt 0.859701 0.500000
vt 0.870519 0.504414
vt 0.875000 0.515071
vt 0.875000 0.734929
vt 0.870519 0.745586
vt 0.859701 0.750000
vt 0.640299 0.750000
vt 0.629481 0.745586
vt 0.375000 0.015071
vt 0.625000 0.015071
vt 0.625000 0.234929
vt 0.375000 0.234929
vt 0.375000 0.265299
vt 0.625000 0.265299
vt 0.625000 0.484701
vt 0.375000 0.484701
vt 0.625000 1.000000
vt 0.375000 1.000000
vt 0.375000 0.000000
vt 0.625000 0.000000
vt 0.375000 0.250000
vt 0.625000 0.250000
vt 0.375000 0.500000
vt 0.625000 0.500000
vt 0.375000 0.750000
vt 0.625000 0.750000
vt 0.125000 0.515071
vt 0.129481 0.504414
vt 0.140299 0.500000
vt 0.359701 0.500000
vt 0.370519 0.504414
vt 0.370519 0.745586
vt 0.359701 0.750000
vt 0.140299 0.750000
vt 0.129481 0.745586
vt 0.125000 0.734929
vt 0.375000 0.765299
vt 0.625000 0.765299
vt 0.625000 0.984701
vt 0.375000 0.984701
vt 0.375000 0.515071
vt 0.625000 0.515071
vt 0.625000 0.734929
vt 0.375000 0.734929
vt 0.629481 0.504414
vt 0.640299 0.500000
vt 0.859701 0.500000
vt 0.870519 0.504414
vt 0.875000 0.515071
vt 0.875000 0.734929
vt 0.870519 0.745586
vt 0.859701 0.750000
vt 0.640299 0.750000
vt 0.629481 0.745586
vt 0.375000 0.015071
vt 0.625000 0.015071
vt 0.625000 0.234929
vt 0.375000 0.234929
vt 0.375000 0.265299
vt 0.625000 0.265299
vt 0.625000 0.484701
vt 0.375000 0.484701
vt 0.625000 1.000000
vt 0.375000 1.000000
vt 0.375000 0.000000
vt 0.625000 0.000000
vt 0.375000 0.250000
vt 0.625000 0.250000
vt 0.375000 0.500000
vt 0.625000 0.500000
vt 0.375000 0.750000
vt 0.625000 0.750000
vt 0.125000 0.515071
vt 0.129481 0.504414
vt 0.140299 0.500000
vt 0.359701 0.500000
vt 0.370519 0.504414
vt 0.370519 0.745586
vt 0.359701 0.750000
vt 0.140299 0.750000
vt 0.129481 0.745586
vt 0.125000 0.734929
vt 0.375000 0.765299
vt 0.625000 0.765299
vt 0.625000 0.984701
vt 0.375000 0.984701
vt 0.375000 0.515071
vt 0.625000 0.515071
vt 0.625000 0.734929
vt 0.375000 0.734929
vt 0.629481 0.504414
vt 0.640299 0.500000
vt 0.859701 0.500000
vt 0.870519 0.504414
vt 0.875000 0.515071
vt 0.875000 0.734929
vt 0.870519 0.745586
vt 0.859701 0.750000
vt 0.640299 0.750000
vt 0.629481 0.745586
vt 0.375000 0.015071
vt 0.625000 0.015071
vt 0.625000 0.234929
vt 0.375000 0.234929
vt 0.375000 0.265299
vt 0.625000 0.265299
vt 0.625000 0.484701
vt 0.375000 0.484701
vt 0.625000 1.000000
vt 0.375000 1.000000
vt 0.375000 0.000000
vt 0.625000 0.000000
vt 0.375000 0.250000
vt 0.625000 0.250000
vt 0.375000 0.500000
vt 0.625000 0.500000
vt 0.375000 0.750000
vt 0.625000 0.750000
vt 0.125000 0.515071
vt 0.129481 0.504414
vt 0.140299 0.500000
vt 0.359701 0.500000
vt 0.370519 0.504414
vt 0.370519 0.745586
vt 0.359701 0.750000
vt 0.140299 0.750000
vt 0.129481 0.745586
vt 0.125000 0.734929
vt 0.375000 0.765299
vt 0.625000 0.765299
vt 0.625000 0.984701
vt 0.375000 0.984701
vt 0.375000 0.515071
vt 0.625000 0.515071
vt 0.625000 0.734929
vt 0.375000 0.734929
vt 0.629481 0.504414
vt 0.640299 0.500000
vt 0.859701 0.500000
vt 0.870519 0.504414
vt 0.875000 0.515071
vt 0.875000 0.734929
vt 0.870519 0.745586
vt 0.859701 0.750000
vt 0.640299 0.750000
vt 0.629481 0.745586
vt 0.375000 0.015071
vt 0.625000 0.015071
vt 0.625000 0.234929
vt 0.375000 0.234929
vt 0.375000 0.265299
vt 0.625000 0.265299
vt 0.625000 0.484701
vt 0.375000 0.484701
vt 0.625000 1.000000
vt 0.375000 1.000000
vt 0.375000 0.000000
vt 0.625000 0.000000
vt 0.375000 0.250000
vt 0.625000 0.250000
vt 0.375000 0.500000
vt 0.625000 0.500000
vt 0.375000 0.750000
vt 0.625000 0.750000
vt 0.125000 0.515071
vt 0.129481 0.504414
vt 0.140299 0.500000
vt 0.359701 0.500000
vt 0.370519 0.504414
vt 0.370519 0.745586
vt 0.359701 0.750000
vt 0.140299 0.750000
vt 0.129481 0.745586
vt 0.125000 0.734929
vt 0.375000 0.765299
vt 0.625000 0.765299
vt 0.625000 0.984701
vt 0.375000 0.984701
vt 0.375000 0.515071
vt 0.625000 0.515071
vt 0.625000 0.734929
vt 0.375000 0.734929
vt 0.629481 0.504414
vt 0.640299 0.500000
vt 0.859701 0.500000
vt 0.870519 0.504414
vt 0.875000 0.515071
vt 0.875000 0.734929
vt 0.870519 0.745586
vt 0.859701 0.750000
vt 0.640299 0.750000
vt 0.629481 0.745586
vt 0.375000 0.015071
vt 0.625000 0.015071
vt 0.625000 0.234929
vt 0.375000 0.234929
vt 0.375000 0.265299
vt 0.625000 0.265299
vt 0.625000 0.484701
vt 0.375000 0.484701
vt 0.625000 1.000000
vt 0.375000 1.000000
vt 0.375000 0.000000
vt 0.625000 0.000000
vt 0.375000 0.250000
vt 0.625000 0.250000
vt 0.375000 0.500000
vt 0.625000 0.500000
vt 0.375000 0.750000
vt 0.625000 0.750000
vt 0.125000 0.515071
vt 0.129481 0.504414
vt 0.140299 0.500000
vt 0.359701 0.500000
vt 0.370519 0.504414
vt 0.370519 0.745586
vt 0.359701 0.750000
vt 0.140299 0.750000
vt 0.129481 0.745586
vt 0.125000 0.734929
vt 0.375000 0.765299
vt 0.625000 0.765299
vt 0.625000 0.984701
vt 0.375000 0.984701
vt 0.375000 0.515071
vt 0.625000 0.515071
vt 0.625000 0.734929
vt 0.375000 0.734929
vt 0.629481 0.504414
vt 0.640299 0.500000
vt 0.859701 0.500000
vt 0.870519 0.504414
vt 0.875000 0.515071
vt 0.875000 0.734929
vt 0.870519 0.745586
vt 0.859701 0.750000
vt 0.640299 0.750000
vt 0.629481 0.745586
vt 0.375000 0.015071
vt 0.625000 0.015071
vt 0.625000 0.234929
vt 0.375000 0.234929
vt 0.375000 0.265299
vt 0.625000 0.265299
vt 0.625000 0.484701
vt 0.375000 0.484701
vt 0.625000 1.000000
vt 0.375000 1.000000
vt 0.375000 0.000000
vt 0.625000 0.000000
vt 0.375000 0.250000
vt 0.625000 0.250000
vt 0.375000 0.500000
vt 0.625000 0.500000
vt 0.375000 0.750000
vt 0.625000 0.750000
vt 0.125000 0.515071
vt 0.129481 0.504414
vt 0.140299 0.500000
vt 0.359701 0.500000
vt 0.370519 0.504414
vt 0.370519 0.745586
vt 0.359701 0.750000
vt 0.140299 0.750000
vt 0.129481 0.745586
vt 0.125000 0.734929
vt 0.375000 0.765299
vt 0.625000 0.765299
vt 0.625000 0.984701
vt 0.375000 0.984701
vt 0.375000 0.515071
vt 0.625000 0.515071
vt 0.625000 0.734929
vt 0.375000 0.734929
vt 0.629481 0.504414
vt 0.640299 0.500000
vt 0.859701 0.500000
vt 0.870519 0.504414
vt 0.875000 0.515071
vt 0.875000 0.734929
vt 0.870519 0.745586
vt 0.859701 0.750000
vt 0.640299 0.750000
vt 0.629481 0.745586
vt 0.375000 0.015071
vt 0.625000 0.015071
vt 0.625000 0.234929
vt 0.375000 0.234929
vt 0.375000 0.265299
vt 0.625000 0.265299
vt 0.625000 0.484701
vt 0.375000 0.484701
vt 0.625000 1.000000
vt 0.375000 1.000000
vt 0.375000 0.000000
vt 0.625000 0.000000
vt 0.375000 0.250000
vt 0.625000 0.250000
vt 0.375000 0.500000
vt 0.625000 0.500000
vt 0.375000 0.750000
vt 0.625000 0.750000
vt 0.125000 0.515071
vt 0.129481 0.504414
vt 0.140299 0.500000
vt 0.359701 0.500000
vt 0.370519 0.504414
vt 0.370519 0.745586
vt 0.359701 0.750000
vt 0.140299 0.750000
vt 0.129481 0.745586
vt 0.125000 0.734929
vt 0.375000 0.765299
vt 0.625000 0.765299
vt 0.625000 0.984701
vt 0.375000 0.984701
vt 0.375000 0.515071
vt 0.625000 0.515071
vt 0.625000 0.734929
vt 0.375000 0.734929
vt 0.629481 0.504414
vt 0.640299 0.500000
vt 0.859701 0.500000
vt 0.870519 0.504414
vt 0.875000 0.515071
vt 0.875000 0.734929
vt 0.870519 0.745586
vt 0.859701 0.750000
vt 0.640299 0.750000
vt 0.629481 0.745586
vt 0.375000 0.015071
vt 0.625000 0.015071
vt 0.625000 0.234929
vt 0.375000 0.234929
vt 0.375000 0.265299
vt 0.625000 0.265299
vt 0.625000 0.484701
vt 0.375000 0.484701
vt 0.625000 1.000000
vt 0.375000 1.000000
vt 0.375000 0.000000
vt 0.625000 0.000000
vt 0.375000 0.250000
vt 0.625000 0.250000
vt 0.375000 0.500000
vt 0.625000 0.500000
vt 0.375000 0.750000
vt 0.625000 0.750000
vt 0.125000 0.515071
vt 0.129481 0.504414
vt 0.140299 0.500000
vt 0.359701 0.500000
vt 0.370519 0.504414
vt 0.370519 0.745586
vt 0.359701 0.750000
vt 0.140299 0.750000
vt 0.129481 0.745586
vt 0.125000 0.734929
vt 0.375000 0.765299
vt 0.625000 0.765299
vt 0.625000 0.984701
vt 0.375000 0.984701
vt 0.375000 0.515071
vt 0.625000 0.515071
vt 0.625000 0.734929
vt 0.375000 0.734929
vt 0.629481 0.504414
vt 0.640299 0.500000
vt 0.859701 0.500000
vt 0.870519 0.504414
vt 0.875000 0.515071
vt 0.875000 0.734929
vt 0.870519 0.745586
vt 0.859701 0.750000
vt 0.640299 0.750000
vt 0.629481 0.745586
vt 0.375000 0.015071
vt 0.625000 0.015071
vt 0.625000 0.234929
vt 0.375000 0.234929
vt 0.375000 0.265299
vt 0.625000 0.265299
vt 0.625000 0.484701
vt 0.375000 0.484701
vt 0.625000 1.000000
vt 0.375000 1.000000
vt 0.375000 0.000000
vt 0.625000 0.000000
vt 0.375000 0.250000
vt 0.625000 0.250000
vt 0.375000 0.500000
vt 0.625000 0.500000
vt 0.375000 0.750000
vt 0.625000 0.750000
vt 0.125000 0.515071
vt 0.129481 0.504414
vt 0.140299 0.500000
vt 0.359701 0.500000
vt 0.370519 0.504414
vt 0.370519 0.745586
vt 0.359701 0.750000
vt 0.140299 0.750000
vt 0.129481 0.745586
vt 0.125000 0.734929
vt 0.375000 0.765299
vt 0.625000 0.765299
vt 0.625000 0.984701
vt 0.375000 0.984701
vt 0.375000 0.515071
vt 0.625000 0.515071
vt 0.625000 0.734929
vt 0.375000 0.734929
vt 0.629481 0.504414
vt 0.640299 0.500000
vt 0.859701 0.500000
vt 0.870519 0.504414
vt 0.875000 0.515071
vt 0.875000 0.734929
vt 0.870519 0.745586
vt 0.859701 0.750000
vt 0.640299 0.750000
vt 0.629481 0.745586
vt 0.375000 0.015071
vt 0.625000 0.015071
vt 0.625000 0.234929
vt 0.375000 0.234929
vt 0.375000 0.265299
vt 0.625000 0.265299
vt 0.625000 0.484701
vt 0.375000 0.484701
vt 0.625000 1.000000
vt 0.375000 1.000000
vt 0.375000 0.000000
vt 0.625000 0.000000
vt 0.375000 0.250000
vt 0.625000 0.250000
vt 0.375000 0.500000
vt 0.625000 0.500000
vt 0.375000 0.750000
vt 0.625000 0.750000
vt 0.125000 0.515071
vt 0.129481 0.504414
vt 0.140299 0.500000
vt 0.359701 0.500000
vt 0.370519 0.504414
vt 0.370519 0.745586
vt 0.359701 0.750000
vt 0.140299 0.750000
vt 0.129481 0.745586
vt 0.125000 0.734929
vt 0.375000 0.765299
vt 0.625000 0.765299
vt 0.625000 0.984701
vt 0.375000 0.984701
vt 0.375000 0.515071
vt 0.625000 0.515071
vt 0.625000 0.734929
vt 0.375000 0.734929
vt 0.629481 0.504414
vt 0.640299 0.500000
vt 0.859701 0.500000
vt 0.870519 0.504414
vt 0.875000 0.515071
vt 0.875000 0.734929
vt 0.870519 0.745586
vt 0.859701 0.750000
vt 0.640299 0.750000
vt 0.629481 0.745586
vt 0.375000 0.015071
vt 0.625000 0.015071
vt 0.625000 0.234929
vt 0.375000 0.234929
vt 0.375000 0.265299
vt 0.625000 0.265299
vt 0.625000 0.484701
vt 0.375000 0.484701
vt 0.625000 1.000000
vt 0.375000 1.000000
vt 0.375000 0.000000
vt 0.625000 0.000000
vt 0.375000 0.250000
vt 0.625000 0.250000
vt 0.375000 0.500000
vt 0.625000 0.500000
vt 0.375000 0.750000
vt 0.625000 0.750000
vt 0.125000 0.515071
vt 0.129481 0.504414
vt 0.140299 0.500000
vt 0.359701 0.500000
vt 0.370519 0.504414
vt 0.370519 0.745586
vt 0.359701 0.750000
vt 0.140299 0.750000
vt 0.129481 0.745586
vt 0.125000 0.734929
vt 0.375000 0.765299
vt 0.625000 0.765299
vt 0.625000 0.984701
vt 0.375000 0.984701
vt 0.375000 0.515071
vt 0.625000 0.515071
vt 0.625000 0.734929
vt 0.375000 0.734929
vt 0.629481 0.504414
vt 0.640299 0.500000
vt 0.859701 0.500000
vt 0.870519 0.504414
vt 0.875000 0.515071
vt 0.875000 0.734929
vt 0.870519 0.745586
vt 0.859701 0.750000
vt 0.640299 0.750000
vt 0.629481 0.745586
vt 0.375000 0.015071
vt 0.625000 0.015071
vt 0.625000 0.234929
vt 0.375000 0.234929
vt 0.375000 0.265299
vt 0.625000 0.265299
vt 0.625000 0.484701
vt 0.375000 0.484701
vt 0.625000 1.000000
vt 0.375000 1.000000
vt 0.375000 0.000000
vt 0.625000 0.000000
vt 0.375000 0.250000
vt 0.625000 0.250000
vt 0.375000 0.500000
vt 0.625000 0.500000
vt 0.375000 0.750000
vt 0.625000 0.750000
vt 0.125000 0.515071
vt 0.129481 0.504414
vt 0.140299 0.500000
vt 0.359701 0.500000
vt 0.370519 0.504414
vt 0.370519 0.745586
vt 0.359701 0.750000
vt 0.140299 0.750000
vt 0.129481 0.745586
vt 0.125000 0.734929
vt 0.375000 0.765299
vt 0.625000 0.765299
vt 0.625000 0.984701
vt 0.375000 0.984701
vt 0.375000 0.515071
vt 0.625000 0.515071
vt 0.625000 0.734929
vt 0.375000 0.734929
vt 0.629481 0.504414
vt 0.640299 0.500000
vt 0.859701 0.500000
vt 0.870519 0.504414
vt 0.875000 0.515071
vt 0.875000 0.734929
vt 0.870519 0.745586
vt 0.859701 0.750000
vt 0.640299 0.750000
vt 0.629481 0.745586
vt 0.375000 0.015071
vt 0.625000 0.015071
vt 0.625000 0.234929
vt 0.375000 0.234929
vt 0.375000 0.265299
vt 0.625000 0.265299
vt 0.625000 0.484701
vt 0.375000 0.484701
vt 0.625000 1.000000
vt 0.375000 1.000000
vt 0.375000 0.000000
vt 0.625000 0.000000
vt 0.375000 0.250000
vt 0.625000 0.250000
vt 0.375000 0.500000
vt 0.625000 0.500000
vt 0.375000 0.750000
vt 0.625000 0.750000
vt 0.125000 0.515071
vt 0.129481 0.504414
vt 0.140299 0.500000
vt 0.359701 0.500000
vt 0.370519 0.504414
vt 0.370519 0.745586
vt 0.359701 0.750000
vt 0.140299 0.750000
vt 0.129481 0.745586
vt 0.125000 0.734929
vt 0.375000 0.765299
vt 0.625000 0.765299
vt 0.625000 0.984701
vt 0.375000 0.984701
vt 0.375000 0.515071
vt 0.625000 0.515071
vt 0.625000 0.734929
vt 0.375000 0.734929
vt 0.629481 0.504414
vt 0.640299 0.500000
vt 0.859701 0.500000
vt 0.870519 0.504414
vt 0.875000 0.515071
vt 0.875000 0.734929
vt 0.870519 0.745586
vt 0.859701 0.750000
vt 0.640299 0.750000
vt 0.629481 0.745586
vt 0.375000 0.015071
vt 0.625000 0.015071
vt 0.625000 0.234929
vt 0.375000 0.234929
vt 0.375000 0.265299
vt 0.625000 0.265299
vt 0.625000 0.484701
vt 0.375000 0.484701
vt 0.625000 1.000000
vt 0.375000 1.000000
vt 0.375000 0.000000
vt 0.625000 0.000000
vt 0.375000 0.250000
vt 0.625000 0.250000
vt 0.375000 0.500000
vt 0.625000 0.500000
vt 0.375000 0.750000
vt 0.625000 0.750000
vt 0.125000 0.515071
vt 0.129481 0.504414
vt 0.140299 0.500000
vt 0.359701 0.500000
vt 0.370519 0.504414
vt 0.370519 0.745586
vt 0.359701 0.750000
vt 0.140299 0.750000
vt 0.129481 0.745586
vt 0.125000 0.734929
vt 0.375000 0.765299
vt 0.625000 0.765299
vt 0.625000 0.984701
vt 0.375000 0.984701
vt 0.375000 0.515071
vt 0.625000 0.515071
vt 0.625000 0.734929
vt 0.375000 0.734929
vt 0.629481 0.504414
vt 0.640299 0.500000
vt 0.859701 0.500000
vt 0.870519 0.504414
vt 0.875000 0.515071
vt 0.875000 0.734929
vt 0.870519 0.745586
vt 0.859701 0.750000
vt 0.640299 0.750000
vt 0.629481 0.745586
vt 0.375000 0.015071
vt 0.625000 0.015071
vt 0.625000 0.234929
vt 0.375000 0.234929
vt 0.375000 0.265299
vt 0.625000 0.265299
vt 0.625000 0.484701
vt 0.375000 0.484701
vt 0.625000 1.000000
vt 0.375000 1.000000
vt 0.375000 0.000000
vt 0.625000 0.000000
vt 0.375000 0.250000
vt 0.625000 0.250000
vt 0.375000 0.500000
vt 0.625000 0.500000
vt 0.375000 0.750000
vt 0.625000 0.750000
vt 0.125000 0.515071
vt 0.129481 0.504414
vt 0.140299 0.500000
vt 0.359701 0.500000
vt 0.370519 0.504414
vt 0.370519 0.745586
vt 0.359701 0.750000
vt 0.140299 0.750000
vt 0.129481 0.745586
vt 0.125000 0.734929
vt 0.375000 0.765299
vt 0.625000 0.765299
vt 0.625000 0.984701
vt 0.375000 0.984701
vt 0.375000 0.515071
vt 0.625000 0.515071
vt 0.625000 0.734929
vt 0.375000 0.734929
vt 0.629481 0.504414
vt 0.640299 0.500000
vt 0.859701 0.500000
vt 0.870519 0.504414
vt 0.875000 0.515071
vt 0.875000 0.734929
vt 0.870519 0.745586
vt 0.859701 0.750000
vt 0.640299 0.750000
vt 0.629481 0.745586
vt 0.375000 0.015071
vt 0.625000 0.015071
vt 0.625000 0.234929
vt 0.375000 0.234929
vt 0.375000 0.265299
vt 0.625000 0.265299
vt 0.625000 0.484701
vt 0.375000 0.484701
vt 0.625000 1.000000
vt 0.375000 1.000000
vt 0.375000 0.000000
vt 0.625000 0.000000
vt 0.375000 0.250000
vt 0.625000 0.250000
vt 0.375000 0.500000
vt 0.625000 0.500000
vt 0.375000 0.750000
vt 0.625000 0.750000
vt 0.125000 0.515071
vt 0.129481 0.504414
vt 0.140299 0.500000
vt 0.359701 0.500000
vt 0.370519 0.504414
vt 0.370519 0.745586
vt 0.359701 0.750000
vt 0.140299 0.750000
vt 0.129481 0.745586
vt 0.125000 0.734929
vt 0.375000 0.765299
vt 0.625000 0.765299
vt 0.625000 0.984701
vt 0.375000 0.984701
vt 0.375000 0.515071
vt 0.625000 0.515071
vt 0.625000 0.734929
vt 0.375000 0.734929
vt 0.629481 0.504414
vt 0.640299 0.500000
vt 0.859701 0.500000
vt 0.870519 0.504414
vt 0.875000 0.515071
vt 0.875000 0.734929
vt 0.870519 0.745586
vt 0.859701 0.750000
vt 0.640299 0.750000
vt 0.629481 0.745586
vt 0.375000 0.015071
vt 0.625000 0.015071
vt 0.625000 0.234929
vt 0.375000 0.234929
vt 0.375000 0.265299
vt 0.625000 0.265299
vt 0.625000 0.484701
vt 0.375000 0.484701
vt 0.625000 1.000000
vt 0.375000 1.000000
vt 0.375000 0.000000
vt 0.625000 0.000000
vt 0.375000 0.250000
vt 0.625000 0.250000
vt 0.375000 0.500000
vt 0.625000 0.500000
vt 0.375000 0.750000
vt 0.625000 0.750000
vt 0.125000 0.515071
vt 0.129481 0.504414
vt 0.140299 0.500000
vt 0.359701 0.500000
vt 0.370519 0.504414
vt 0.370519 0.745586
vt 0.359701 0.750000
vt 0.140299 0.750000
vt 0.129481 0.745586
vt 0.125000 0.734929
vt 0.375000 0.765299
vt 0.625000 0.765299
vt 0.625000 0.984701
vt 0.375000 0.984701
vt 0.375000 0.515071
vt 0.625000 0.515071
vt 0.625000 0.734929
vt 0.375000 0.734929
vt 0.629481 0.504414
vt 0.640299 0.500000
vt 0.859701 0.500000
vt 0.870519 0.504414
vt 0.875000 0.515071
vt 0.875000 0.734929
vt 0.870519 0.745586
vt 0.859701 0.750000
vt 0.640299 0.750000
vt 0.629481 0.745586
vt 0.375000 0.015071
vt 0.625000 0.015071
vt 0.625000 0.234929
vt 0.375000 0.234929
vt 0.375000 0.265299
vt 0.625000 0.265299
vt 0.625000 0.484701
vt 0.375000 0.484701
vt 0.625000 1.000000
vt 0.375000 1.000000
vt 0.375000 0.000000
vt 0.625000 0.000000
vt 0.375000 0.250000
vt 0.625000 0.250000
vt 0.375000 0.500000
vt 0.625000 0.500000
vt 0.375000 0.750000
vt 0.625000 0.750000
vt 0.125000 0.515071
vt 0.129481 0.504414
vt 0.140299 0.500000
vt 0.359701 0.500000
vt 0.370519 0.504414
vt 0.370519 0.745586
vt 0.359701 0.750000
vt 0.140299 0.750000
vt 0.129481 0.745586
vt 0.125000 0.734929
vt 0.375000 0.765299
vt 0.625000 0.765299
vt 0.625000 0.984701
vt 0.375000 0.984701
vt 0.375000 0.515071
vt 0.625000 0.515071
vt 0.625000 0.734929
vt 0.375000 0.734929
vt 0.629481 0.504414
vt 0.640299 0.500000
vt 0.859701 0.500000
vt 0.870519 0.504414
vt 0.875000 0.515071
vt 0.875000 0.734929
vt 0.870519 0.745586
vt 0.859701 0.750000
vt 0.640299 0.750000
vt 0.629481 0.745586
vt 0.375000 0.015071
vt 0.625000 0.015071
vt 0.625000 0.234929
vt 0.375000 0.234929
vt 0.375000 0.265299
vt 0.625000 0.265299
vt 0.625000 0.484701
vt 0.375000 0.484701
vt 0.625000 1.000000
vt 0.375000 1.000000
vt 0.375000 0.000000
vt 0.625000 0.000000
vt 0.375000 0.250000
vt 0.625000 0.250000
vt 0.375000 0.500000
vt 0.625000 0.500000
vt 0.375000 0.750000
vt 0.625000 0.750000
vt 0.125000 0.515071
vt 0.129481 0.504414
vt 0.140299 0.500000
vt 0.359701 0.500000
vt 0.370519 0.504414
vt 0.370519 0.745586
vt 0.359701 0.750000
vt 0.140299 0.750000
vt 0.129481 0.745586
vt 0.125000 0.734929
vt 0.375000 0.765299
vt 0.625000 0.765299
vt 0.625000 0.984701
vt 0.375000 0.984701
vt 0.375000 0.515071
vt 0.625000 0.515071
vt 0.625000 0.734929
vt 0.375000 0.734929
vt 0.629481 0.504414
vt 0.640299 0.500000
vt 0.859701 0.500000
vt 0.870519 0.504414
vt 0.875000 0.515071
vt 0.875000 0.734929
vt 0.870519 0.745586
vt 0.859701 0.750000
vt 0.640299 0.750000
vt 0.629481 0.745586
vt 0.375000 0.015071
vt 0.625000 0.015071
vt 0.625000 0.234929
vt 0.375000 0.234929
vt 0.375000 0.265299
vt 0.625000 0.265299
vt 0.625000 0.484701
vt 0.375000 0.484701
vt 0.625000 1.000000
vt 0.375000 1.000000
vt 0.375000 0.000000
vt 0.625000 0.000000
vt 0.375000 0.250000
vt 0.625000 0.250000
vt 0.375000 0.500000
vt 0.625000 0.500000
vt 0.375000 0.750000
vt 0.625000 0.750000
vt 0.125000 0.515071
vt 0.129481 0.504414
vt 0.140299 0.500000
vt 0.359701 0.500000
vt 0.370519 0.504414
vt 0.370519 0.745586
vt 0.359701 0.750000
vt 0.140299 0.750000
vt 0.129481 0.745586
vt 0.125000 0.734929
vt 0.375000 0.765299
vt 0.625000 0.765299
vt 0.625000 0.984701
vt 0.375000 0.984701
vt 0.375000 0.515071
vt 0.625000 0.515071
vt 0.625000 0.734929
vt 0.375000 0.734929
vt 0.629481 0.504414
vt 0.640299 0.500000
vt 0.859701 0.500000
vt 0.870519 0.504414
vt 0.875000 0.515071
vt 0.875000 0.734929
vt 0.870519 0.745586
vt 0.859701 0.750000
vt 0.640299 0.750000
vt 0.629481 0.745586
vt 0.375000 0.015071
vt 0.625000 0.015071
vt 0.625000 0.234929
vt 0.375000 0.234929
vt 0.375000 0.265299
vt 0.625000 0.265299
vt 0.625000 0.484701
vt 0.375000 0.484701
vt 0.625000 1.000000
vt 0.375000 1.000000
vt 0.375000 0.000000
vt 0.625000 0.000000
vt 0.375000 0.250000
vt 0.625000 0.250000
vt 0.375000 0.500000
vt 0.625000 0.500000
vt 0.375000 0.750000
vt 0.625000 0.750000
vt 0.125000 0.515071
vt 0.129481 0.504414
vt 0.140299 0.500000
vt 0.359701 0.500000
vt 0.370519 0.504414
vt 0.370519 0.745586
vt 0.359701 0.750000
vt 0.140299 0.750000
vt 0.129481 0.745586
vt 0.125000 0.734929
vt 0.375000 0.765299
vt 0.625000 0.765299
vt 0.625000 0.984701
vt 0.375000 0.984701
vt 0.375000 0.515071
vt 0.625000 0.515071
vt 0.625000 0.734929
vt 0.375000 0.734929
vt 0.629481 0.504414
vt 0.640299 0.500000
vt 0.859701 0.500000
vt 0.870519 0.504414
vt 0.875000 0.515071
vt 0.875000 0.734929
vt 0.870519 0.745586
vt 0.859701 0.750000
vt 0.640299 0.750000
vt 0.629481 0.745586
vt 0.375000 0.015071
vt 0.625000 0.015071
vt 0.625000 0.234929
vt 0.375000 0.234929
vt 0.375000 0.265299
vt 0.625000 0.265299
vt 0.625000 0.484701
vt 0.375000 0.484701
vt 0.625000 1.000000
vt 0.375000 1.000000
vt 0.375000 0.000000
vt 0.625000 0.000000
vt 0.375000 0.250000
vt 0.625000 0.250000
vt 0.375000 0.500000
vt 0.625000 0.500000
vt 0.375000 0.750000
vt 0.625000 0.750000
vt 0.125000 0.515071
vt 0.129481 0.504414
vt 0.140299 0.500000
vt 0.359701 0.500000
vt 0.370519 0.504414
vt 0.370519 0.745586
vt 0.359701 0.750000
vt 0.140299 0.750000
vt 0.129481 0.745586
vt 0.125000 0.734929
vt 0.375000 0.765299
vt 0.625000 0.765299
vt 0.625000 0.984701
vt 0.375000 0.984701
vt 0.375000 0.515071
vt 0.625000 0.515071
vt 0.625000 0.734929
vt 0.375000 0.734929
vt 0.629481 0.504414
vt 0.640299 0.500000
vt 0.859701 0.500000
vt 0.870519 0.504414
vt 0.875000 0.515071
vt 0.875000 0.734929
vt 0.870519 0.745586
vt 0.859701 0.750000
vt 0.640299 0.750000
vt 0.629481 0.745586
vt 0.375000 0.015071
vt 0.625000 0.015071
vt 0.625000 0.234929
vt 0.375000 0.234929
vt 0.375000 0.265299
vt 0.625000 0.265299
vt 0.625000 0.484701
vt 0.375000 0.484701
vt 0.625000 1.000000
vt 0.375000 1.000000
vt 0.375000 0.000000
vt 0.625000 0.000000
vt 0.375000 0.250000
vt 0.625000 0.250000
vt 0.375000 0.500000
vt 0.625000 0.500000
vt 0.375000 0.750000
vt 0.625000 0.750000
vt 0.125000 0.515071
vt 0.129481 0.504414
vt 0.140299 0.500000
vt 0.359701 0.500000
vt 0.370519 0.504414
vt 0.370519 0.745586
vt 0.359701 0.750000
vt 0.140299 0.750000
vt 0.129481 0.745586
vt 0.125000 0.734929
vt 0.375000 0.765299
vt 0.625000 0.765299
vt 0.625000 0.984701
vt 0.375000 0.984701
vt 0.375000 0.515071
vt 0.625000 0.515071
vt 0.625000 0.734929
vt 0.375000 0.734929
vt 0.629481 0.504414
vt 0.640299 0.500000
vt 0.859701 0.500000
vt 0.870519 0.504414
vt 0.875000 0.515071
vt 0.875000 0.734929
vt 0.870519 0.745586
vt 0.859701 0.750000
vt 0.640299 0.750000
vt 0.629481 0.745586
vt 0.375000 0.015071
vt 0.625000 0.015071
vt 0.625000 0.234929
vt 0.375000 0.234929
vt 0.375000 0.265299
vt 0.625000 0.265299
vt 0.625000 0.484701
vt 0.375000 0.484701
vt 0.625000 1.000000
vt 0.375000 1.000000
vt 0.375000 0.000000
vt 0.625000 0.000000
vt 0.375000 0.250000
vt 0.625000 0.250000
vt 0.375000 0.500000
vt 0.625000 0.500000
vt 0.375000 0.750000
vt 0.625000 0.750000
vt 0.125000 0.515071
vt 0.129481 0.504414
vt 0.140299 0.500000
vt 0.359701 0.500000
vt 0.370519 0.504414
vt 0.370519 0.745586
vt 0.359701 0.750000
vt 0.140299 0.750000
vt 0.129481 0.745586
vt 0.125000 0.734929
vt 0.375000 0.765299
vt 0.625000 0.765299
vt 0.625000 0.984701
vt 0.375000 0.984701
vt 0.375000 0.515071
vt 0.625000 0.515071
vt 0.625000 0.734929
vt 0.375000 0.734929
vt 0.629481 0.504414
vt 0.640299 0.500000
vt 0.859701 0.500000
vt 0.870519 0.504414
vt 0.875000 0.515071
vt 0.875000 0.734929
vt 0.870519 0.745586
vt 0.859701 0.750000
vt 0.640299 0.750000
vt 0.629481 0.745586
vt 0.375000 0.015071
vt 0.625000 0.015071
vt 0.625000 0.234929
vt 0.375000 0.234929
vt 0.375000 0.265299
vt 0.625000 0.265299
vt 0.625000 0.484701
vt 0.375000 0.484701
vt 0.625000 1.000000
vt 0.375000 1.000000
vt 0.375000 0.000000
vt 0.625000 0.000000
vt 0.375000 0.250000
vt 0.625000 0.250000
vt 0.375000 0.500000
vt 0.625000 0.500000
vt 0.375000 0.750000
vt 0.625000 0.750000
vt 0.125000 0.515071
vt 0.129481 0.504414
vt 0.140299 0.500000
vt 0.359701 0.500000
vt 0.370519 0.504414
vt 0.370519 0.745586
vt 0.359701 0.750000
vt 0.140299 0.750000
vt 0.129481 0.745586
vt 0.125000 0.734929
vt 0.375000 0.765299
vt 0.625000 0.765299
vt 0.625000 0.984701
vt 0.375000 0.984701
vt 0.375000 0.515071
vt 0.625000 0.515071
vt 0.625000 0.734929
vt 0.375000 0.734929
vt 0.629481 0.504414
vt 0.640299 0.500000
vt 0.859701 0.500000
vt 0.870519 0.504414
vt 0.875000 0.515071
vt 0.875000 0.734929
vt 0.870519 0.745586
vt 0.859701 0.750000
vt 0.640299 0.750000
vt 0.629481 0.745586
vt 0.375000 0.015071
vt 0.625000 0.015071
vt 0.625000 0.234929
vt 0.375000 0.234929
vt 0.375000 0.265299
vt 0.625000 0.265299
vt 0.625000 0.484701
vt 0.375000 0.484701
vt 0.625000 1.000000
vt 0.375000 1.000000
vt 0.375000 0.000000
vt 0.625000 0.000000
vt 0.375000 0.250000
vt 0.625000 0.250000
vt 0.375000 0.500000
vt 0.625000 0.500000
vt 0.375000 0.750000
vt 0.625000 0.750000
vt 0.125000 0.515071
vt 0.129481 0.504414
vt 0.140299 0.500000
vt 0.359701 0.500000
vt 0.370519 0.504414
vt 0.370519 0.745586
vt 0.359701 0.750000
vt 0.140299 0.750000
vt 0.129481 0.745586
vt 0.125000 0.734929
vt 0.375000 0.765299
vt 0.625000 0.765299
vt 0.625000 0.984701
vt 0.375000 0.984701
vt 0.375000 0.515071
vt 0.625000 0.515071
vt 0.625000 0.734929
vt 0.375000 0.734929
vt 0.629481 0.504414
vt 0.640299 0.500000
vt 0.859701 0.500000
vt 0.870519 0.504414
vt 0.875000 0.515071
vt 0.875000 0.734929
vt 0.870519 0.745586
vt 0.859701 0.750000
vt 0.640299 0.750000
vt 0.629481 0.745586
vt 0.375000 0.015071
vt 0.625000 0.015071
vt 0.625000 0.234929
vt 0.375000 0.234929
vt 0.375000 0.265299
vt 0.625000 0.265299
vt 0.625000 0.484701
vt 0.375000 0.484701
vt 0.625000 1.000000
vt 0.375000 1.000000
vt 0.375000 0.000000
vt 0.625000 0.000000
vt 0.375000 0.250000
vt 0.625000 0.250000
vt 0.375000 0.500000
vt 0.625000 0.500000
vt 0.375000 0.750000
vt 0.625000 0.750000
vt 0.125000 0.515071
vt 0.129481 0.504414
vt 0.140299 0.500000
vt 0.359701 0.500000
vt 0.370519 0.504414
vt 0.370519 0.745586
vt 0.359701 0.750000
vt 0.140299 0.750000
vt 0.129481 0.745586
vt 0.125000 0.734929
vt 0.375000 0.765299
vt 0.625000 0.765299
vt 0.625000 0.984701
vt 0.375000 0.984701
vt 0.375000 0.515071
vt 0.625000 0.515071
vt 0.625000 0.734929
vt 0.375000 0.734929
vt 0.629481 0.504414
vt 0.640299 0.500000
vt 0.859701 0.500000
vt 0.870519 0.504414
vt 0.875000 0.515071
vt 0.875000 0.734929
vt 0.870519 0.745586
vt 0.859701 0.750000
vt 0.640299 0.750000
vt 0.629481 0.745586
vt 0.375000 0.015071
vt 0.625000 0.015071
vt 0.625000 0.234929
vt 0.375000 0.234929
vt 0.375000 0.265299
vt 0.625000 0.265299
vt 0.625000 0.484701
vt 0.375000 0.484701
vt 0.625000 1.000000
vt 0.375000 1.000000
vt 0.375000 0.000000
vt 0.625000 0.000000
vt 0.375000 0.250000
vt 0.625000 0.250000
vt 0.375000 0.500000
vt 0.625000 0.500000
vt 0.375000 0.750000
vt 0.625000 0.750000
vt 0.125000 0.515071
vt 0.129481 0.504414
vt 0.140299 0.500000
vt 0.359701 0.500000
vt 0.370519 0.504414
vt 0.370519 0.745586
vt 0.359701 0.750000
vt 0.140299 0.750000
vt 0.129481 0.745586
vt 0.125000 0.734929
vt 0.375000 0.765299
vt 0.625000 0.765299
vt 0.625000 0.984701
vt 0.375000 0.984701
vt 0.375000 0.515071
vt 0.625000 0.515071
vt 0.625000 0.734929
vt 0.375000 0.734929
vt 0.629481 0.504414
vt 0.640299 0.500000
vt 0.859701 0.500000
vt 0.870519 0.504414
vt 0.875000 0.515071
vt 0.875000 0.734929
vt 0.870519 0.745586
vt 0.859701 0.750000
vt 0.640299 0.750000
vt 0.629481 0.745586
vt 0.375000 0.015071
vt 0.625000 0.015071
vt 0.625000 0.234929
vt 0.375000 0.234929
vt 0.375000 0.265299
vt 0.625000 0.265299
vt 0.625000 0.484701
vt 0.375000 0.484701
vt 0.625000 1.000000
vt 0.375000 1.000000
vt 0.375000 0.000000
vt 0.625000 0.000000
vt 0.375000 0.250000
vt 0.625000 0.250000
vt 0.375000 0.500000
vt 0.625000 0.500000
vt 0.375000 0.750000
vt 0.625000 0.750000
vt 0.125000 0.515071
vt 0.129481 0.504414
vt 0.140299 0.500000
vt 0.359701 0.500000
vt 0.370519 0.504414
vt 0.370519 0.745586
vt 0.359701 0.750000
vt 0.140299 0.750000
vt 0.129481 0.745586
vt 0.125000 0.734929
vt 0.375000 0.765299
vt 0.625000 0.765299
vt 0.625000 0.984701
vt 0.375000 0.984701
vt 0.375000 0.515071
vt 0.625000 0.515071
vt 0.625000 0.734929
vt 0.375000 0.734929
vt 0.629481 0.504414
vt 0.640299 0.500000
vt 0.859701 0.500000
vt 0.870519 0.504414
vt 0.875000 0.515071
vt 0.875000 0.734929
vt 0.870519 0.745586
vt 0.859701 0.750000
vt 0.640299 0.750000
vt 0.629481 0.745586
vt 0.375000 0.015071
vt 0.625000 0.015071
vt 0.625000 0.234929
vt 0.375000 0.234929
vt 0.375000 0.265299
vt 0.625000 0.265299
vt 0.625000 0.484701
vt 0.375000 0.484701
vt 0.625000 1.000000
vt 0.375000 1.000000
vt 0.375000 0.000000
vt 0.625000 0.000000
vt 0.375000 0.250000
vt 0.625000 0.250000
vt 0.375000 0.500000
vt 0.625000 0.500000
vt 0.375000 0.750000
vt 0.625000 0.750000
vt 0.125000 0.515071
vt 0.129481 0.504414
vt 0.140299 0.500000
vt 0.359701 0.500000
vt 0.370519 0.504414
vt 0.370519 0.745586
vt 0.359701 0.750000
vt 0.140299 0.750000
vt 0.129481 0.745586
vt 0.125000 0.734929
vt 0.375000 0.765299
vt 0.625000 0.765299
vt 0.625000 0.984701
vt 0.375000 0.984701
vt 0.375000 0.515071
vt 0.625000 0.515071
vt 0.625000 0.734929
vt 0.375000 0.734929
vt 0.629481 0.504414
vt 0.640299 0.500000
vt 0.859701 0.500000
vt 0.870519 0.504414
vt 0.875000 0.515071
vt 0.875000 0.734929
vt 0.870519 0.745586
vt 0.859701 0.750000
vt 0.640299 0.750000
vt 0.629481 0.745586
vt 0.375000 0.015071
vt 0.625000 0.015071
vt 0.625000 0.234929
vt 0.375000 0.234929
vt 0.375000 0.265299
vt 0.625000 0.265299
vt 0.625000 0.484701
vt 0.375000 0.484701
vt 0.625000 1.000000
vt 0.375000 1.000000
vt 0.375000 0.000000
vt 0.625000 0.000000
vt 0.375000 0.250000
vt 0.625000 0.250000
vt 0.375000 0.500000
vt 0.625000 0.500000
vt 0.375000 0.750000
vt 0.625000 0.750000
vt 0.125000 0.515071
vt 0.129481 0.504414
vt 0.140299 0.500000
vt 0.359701 0.500000
vt 0.370519 0.504414
vt 0.370519 0.745586
vt 0.359701 0.750000
vt 0.140299 0.750000
vt 0.129481 0.745586
vt 0.125000 0.734929
vt 0.375000 0.765299
vt 0.625000 0.765299
vt 0.625000 0.984701
vt 0.375000 0.984701
vt 0.375000 0.515071
vt 0.625000 0.515071
vt 0.625000 0.734929
vt 0.375000 0.734929
vt 0.629481 0.504414
vt 0.640299 0.500000
vt 0.859701 0.500000
vt 0.870519 0.504414
vt 0.875000 0.515071
vt 0.875000 0.734929
vt 0.870519 0.745586
vt 0.859701 0.750000
vt 0.640299 0.750000
vt 0.629481 0.745586
vt 0.375000 0.015071
vt 0.625000 0.015071
vt 0.625000 0.234929
vt 0.375000 0.234929
vt 0.375000 0.265299
vt 0.625000 0.265299
vt 0.625000 0.484701
vt 0.375000 0.484701
vt 0.625000 1.000000
vt 0.375000 1.000000
vt 0.375000 0.000000
vt 0.625000 0.000000
vt 0.375000 0.250000
vt 0.625000 0.250000
vt 0.375000 0.500000
vt 0.625000 0.500000
vt 0.375000 0.750000
vt 0.625000 0.750000
vt 0.125000 0.515071
vt 0.129481 0.504414
vt 0.140299 0.500000
vt 0.359701 0.500000
vt 0.370519 0.504414
vt 0.370519 0.745586
vt 0.359701 0.750000
vt 0.140299 0.750000
vt 0.129481 0.745586
vt 0.125000 0.734929
vt 0.375000 0.765299
vt 0.625000 0.765299
vt 0.625000 0.984701
vt 0.375000 0.984701
vt 0.375000 0.515071
vt 0.625000 0.515071
vt 0.625000 0.734929
vt 0.375000 0.734929
vt 0.629481 0.504414
vt 0.640299 0.500000
vt 0.859701 0.500000
vt 0.870519 0.504414
vt 0.875000 0.515071
vt 0.875000 0.734929
vt 0.870519 0.745586
vt 0.859701 0.750000
vt 0.640299 0.750000
vt 0.629481 0.745586
vt 0.375000 0.015071
vt 0.625000 0.015071
vt 0.625000 0.234929
vt 0.375000 0.234929
vt 0.375000 0.265299
vt 0.625000 0.265299
vt 0.625000 0.484701
vt 0.375000 0.484701
vt 0.625000 1.000000
vt 0.375000 1.000000
vt 0.375000 0.000000
vt 0.625000 0.000000
vt 0.375000 0.250000
vt 0.625000 0.250000
vt 0.375000 0.500000
vt 0.625000 0.500000
vt 0.375000 0.750000
vt 0.625000 0.750000
vt 0.125000 0.515071
vt 0.129481 0.504414
vt 0.140299 0.500000
vt 0.359701 0.500000
vt 0.370519 0.504414
vt 0.370519 0.745586
vt 0.359701 0.750000
vt 0.140299 0.750000
vt 0.129481 0.745586
vt 0.125000 0.734929
vt 0.375000 0.765299
vt 0.625000 0.765299
vt 0.625000 0.984701
vt 0.375000 0.984701
vt 0.375000 0.515071
vt 0.625000 0.515071
vt 0.625000 0.734929
vt 0.375000 0.734929
vt 0.629481 0.504414
vt 0.640299 0.500000
vt 0.859701 0.500000
vt 0.870519 0.504414
vt 0.875000 0.515071
vt 0.875000 0.734929
vt 0.870519 0.745586
vt 0.859701 0.750000
vt 0.640299 0.750000
vt 0.629481 0.745586
vt 0.375000 0.015071
vt 0.625000 0.015071
vt 0.625000 0.234929
vt 0.375000 0.234929
vt 0.375000 0.265299
vt 0.625000 0.265299
vt 0.625000 0.484701
vt 0.375000 0.484701
vt 0.625000 1.000000
vt 0.375000 1.000000
vt 0.375000 0.000000
vt 0.625000 0.000000
vt 0.375000 0.250000
vt 0.625000 0.250000
vt 0.375000 0.500000
vt 0.625000 0.500000
vt 0.375000 0.750000
vt 0.625000 0.750000
vt 0.125000 0.515071
vt 0.129481 0.504414
vt 0.140299 0.500000
vt 0.359701 0.500000
vt 0.370519 0.504414
vt 0.370519 0.745586
vt 0.359701 0.750000
vt 0.140299 0.750000
vt 0.129481 0.745586
vt 0.125000 0.734929
vt 0.375000 0.765299
vt 0.625000 0.765299
vt 0.625000 0.984701
vt 0.375000 0.984701
vt 0.375000 0.515071
vt 0.625000 0.515071
vt 0.625000 0.734929
vt 0.375000 0.734929
vt 0.629481 0.504414
vt 0.640299 0.500000
vt 0.859701 0.500000
vt 0.870519 0.504414
vt 0.875000 0.515071
vt 0.875000 0.734929
vt 0.870519 0.745586
vt 0.859701 0.750000
vt 0.640299 0.750000
vt 0.629481 0.745586
vt 0.375000 0.015071
vt 0.625000 0.015071
vt 0.625000 0.234929
vt 0.375000 0.234929
vt 0.375000 0.265299
vt 0.625000 0.265299
vt 0.625000 0.484701
vt 0.375000 0.484701
vt 0.625000 1.000000
vt 0.375000 1.000000
vt 0.375000 0.000000
vt 0.625000 0.000000
vt 0.375000 0.250000
vt 0.625000 0.250000
vt 0.375000 0.500000
vt 0.625000 0.500000
vt 0.375000 0.750000
vt 0.625000 0.750000
vt 0.125000 0.515071
vt 0.129481 0.504414
vt 0.140299 0.500000
vt 0.359701 0.500000
vt 0.370519 0.504414
vt 0.370519 0.745586
vt 0.359701 0.750000
vt 0.140299 0.750000
vt 0.129481 0.745586
vt 0.125000 0.734929
vt 0.375000 0.765299
vt 0.625000 0.765299
vt 0.625000 0.984701
vt 0.375000 0.984701
vt 0.375000 0.515071
vt 0.625000 0.515071
vt 0.625000 0.734929
vt 0.375000 0.734929
vt 0.629481 0.504414
vt 0.640299 0.500000
vt 0.859701 0.500000
vt 0.870519 0.504414
vt 0.875000 0.515071
vt 0.875000 0.734929
vt 0.870519 0.745586
vt 0.859701 0.750000
vt 0.640299 0.750000
vt 0.629481 0.745586
vt 0.375000 0.015071
vt 0.625000 0.015071
vt 0.625000 0.234929
vt 0.375000 0.234929
vt 0.375000 0.265299
vt 0.625000 0.265299
vt 0.625000 0.484701
vt 0.375000 0.484701
vt 0.625000 1.000000
vt 0.375000 1.000000
vt 0.375000 0.000000
vt 0.625000 0.000000
vt 0.375000 0.250000
vt 0.625000 0.250000
vt 0.375000 0.500000
vt 0.625000 0.500000
vt 0.375000 0.750000
vt 0.625000 0.750000
vt 0.125000 0.515071
vt 0.129481 0.504414
vt 0.140299 0.500000
vt 0.359701 0.500000
vt 0.370519 0.504414
vt 0.370519 0.745586
vt 0.359701 0.750000
vt 0.140299 0.750000
vt 0.129481 0.745586
vt 0.125000 0.734929
vt 0.375000 0.765299
vt 0.625000 0.765299
vt 0.625000 0.984701
vt 0.375000 0.984701
vt 0.375000 0.515071
vt 0.625000 0.515071
vt 0.625000 0.734929
vt 0.375000 0.734929
vt 0.629481 0.504414
vt 0.640299 0.500000
vt 0.859701 0.500000
vt 0.870519 0.504414
vt 0.875000 0.515071
vt 0.875000 0.734929
vt 0.870519 0.745586
vt 0.859701 0.750000
vt 0.640299 0.750000
vt 0.629481 0.745586
vt 0.375000 0.015071
vt 0.625000 0.015071
vt 0.625000 0.234929
vt 0.375000 0.234929
vt 0.375000 0.265299
vt 0.625000 0.265299
vt 0.625000 0.484701
vt 0.375000 0.484701
vt 0.625000 1.000000
vt 0.375000 1.000000
vt 0.375000 0.000000
vt 0.625000 0.000000
vt 0.375000 0.250000
vt 0.625000 0.250000
vt 0.375000 0.500000
vt 0.625000 0.500000
vt 0.375000 0.750000
vt 0.625000 0.750000
vt 0.125000 0.515071
vt 0.129481 0.504414
vt 0.140299 0.500000
vt 0.359701 0.500000
vt 0.370519 0.504414
vt 0.370519 0.745586
vt 0.359701 0.750000
vt 0.140299 0.750000
vt 0.129481 0.745586
vt 0.125000 0.734929
vt 0.375000 0.765299
vt 0.625000 0.765299
vt 0.625000 0.984701
vt 0.375000 0.984701
vt 0.375000 0.515071
vt 0.625000 0.515071
vt 0.625000 0.734929
vt 0.375000 0.734929
vt 0.629481 0.504414
vt 0.640299 0.500000
vt 0.859701 0.500000
vt 0.870519 0.504414
vt 0.875000 0.515071
vt 0.875000 0.734929
vt 0.870519 0.745586
vt 0.859701 0.750000
vt 0.640299 0.750000
vt 0.629481 0.745586
vt 0.375000 0.015071
vt 0.625000 0.015071
vt 0.625000 0.234929
vt 0.375000 0.234929
vt 0.375000 0.265299
vt 0.625000 0.265299
vt 0.625000 0.484701
vt 0.375000 0.484701
vt 0.625000 1.000000
vt 0.375000 1.000000
vt 0.375000 0.000000
vt 0.625000 0.000000
vt 0.375000 0.250000
vt 0.625000 0.250000
vt 0.375000 0.500000
vt 0.625000 0.500000
vt 0.375000 0.750000
vt 0.625000 0.750000
vt 0.125000 0.515071
vt 0.129481 0.504414
vt 0.140299 0.500000
vt 0.359701 0.500000
vt 0.370519 0.504414
vt 0.370519 0.745586
vt 0.359701 0.750000
vt 0.140299 0.750000
vt 0.129481 0.745586
vt 0.125000 0.734929
vt 0.375000 0.765299
vt 0.625000 0.765299
vt 0.625000 0.984701
vt 0.375000 0.984701
vt 0.375000 0.515071
vt 0.625000 0.515071
vt 0.625000 0.734929
vt 0.375000 0.734929
vt 0.629481 0.504414
vt 0.640299 0.500000
vt 0.859701 0.500000
vt 0.870519 0.504414
vt 0.875000 0.515071
vt 0.875000 0.734929
vt 0.870519 0.745586
vt 0.859701 0.750000
vt 0.640299 0.750000
vt 0.629481 0.745586
vt 0.375000 0.015071
vt 0.625000 0.015071
vt 0.625000 0.234929
vt 0.375000 0.234929
vt 0.375000 0.265299
vt 0.625000 0.265299
vt 0.625000 0.484701
vt 0.375000 0.484701
vt 0.625000 1.000000
vt 0.375000 1.000000
vt 0.375000 0.000000
vt 0.625000 0.000000
vt 0.375000 0.250000
vt 0.625000 0.250000
vt 0.375000 0.500000
vt 0.625000 0.500000
vt 0.375000 0.750000
vt 0.625000 0.750000
vt 0.125000 0.515071
vt 0.129481 0.504414
vt 0.140299 0.500000
vt 0.359701 0.500000
vt 0.370519 0.504414
vt 0.370519 0.745586
vt 0.359701 0.750000
vt 0.140299 0.750000
vt 0.129481 0.745586
vt 0.125000 0.734929
vt 0.375000 0.765299
vt 0.625000 0.765299
vt 0.625000 0.984701
vt 0.375000 0.984701
vt 0.375000 0.515071
vt 0.625000 0.515071
vt 0.625000 0.734929
vt 0.375000 0.734929
vt 0.629481 0.504414
vt 0.640299 0.500000
vt 0.859701 0.500000
vt 0.870519 0.504414
vt 0.875000 0.515071
vt 0.875000 0.734929
vt 0.870519 0.745586
vt 0.859701 0.750000
vt 0.640299 0.750000
vt 0.629481 0.745586
vt 0.375000 0.015071
vt 0.625000 0.015071
vt 0.625000 0.234929
vt 0.375000 0.234929
vt 0.375000 0.265299
vt 0.625000 0.265299
vt 0.625000 0.484701
vt 0.375000 0.484701
vt 0.625000 1.000000
vt 0.375000 1.000000
vt 0.375000 0.000000
vt 0.625000 0.000000
vt 0.375000 0.250000
vt 0.625000 0.250000
vt 0.375000 0.500000
vt 0.625000 0.500000
vt 0.375000 0.750000
vt 0.625000 0.750000
vt 0.125000 0.515071
vt 0.129481 0.504414
vt 0.140299 0.500000
vt 0.359701 0.500000
vt 0.370519 0.504414
vt 0.370519 0.745586
vt 0.359701 0.750000
vt 0.140299 0.750000
vt 0.129481 0.745586
vt 0.125000 0.734929
vn 1.0000 0.0000 0.0000
vn 0.0000 0.0000 1.0000
vn 0.0000 1.0000 0.0000
vn -1.0000 0.0000 0.0000
vn 0.0000 -0.9239 -0.3827
vn 0.0000 -0.3825 -0.9239
vn 0.0000 0.9240 0.3825
vn -0.0000 0.3827 0.9239
vn 0.0000 -0.9242 -0.3819
vn 0.0000 -0.3827 -0.9239
vn -0.0000 -1.0000 -0.0000
vn -0.0000 -0.8779 0.4788
vn -0.0001 -1.0000 -0.0004
vn 0.0000 -1.0000 0.0001
vn -0.0000 -1.0000 0.0015
vn 0.0001 -1.0000 0.0015
vn -0.0000 -0.8779 0.4789
vn 0.0000 -1.0000 0.0006
vn -0.0000 -0.8940 0.4480
vn -0.0001 -1.0000 -0.0013
vn 0.0001 -1.0000 -0.0008
vn -0.5982 -0.5333 0.5981
vn 0.0009 -1.0000 0.0022
vn -0.0001 -1.0000 0.0022
vn 0.0000 -0.5333 -0.8459
vn 0.0006 -1.0000 -0.0012
vn 0.8459 -0.5333 -0.0000
vn -0.0000 -1.0000 -0.0016
vn 0.0009 -1.0000 -0.0000
vn 0.0000 -0.5336 0.8457
vn -0.0001 -1.0000 -0.0005
vn 0.0000 0.0000 0.0000
vn -0.0672 -0.9657 0.2507
vn -0.0672 -0.9656 0.2510
vn -0.0672 -0.9657 0.2510
vn 0.0000 -1.0000 -0.0011
vn 0.0000 -1.0000 0.0011
vn -0.2189 -0.5334 0.8171
vn 0.8171 -0.5334 0.2189
vn 0.2189 -0.5334 0.8171
vn 0.5982 -0.5333 0.5981
vn 0.2190 -0.5332 -0.8171
vn 0.8170 -0.5334 -0.2189
vn 0.5981 -0.5334 -0.5981
vn -0.8170 -0.5334 -0.2189
vn -0.2190 -0.5333 -0.8171
vn -0.5981 -0.5334 -0.5981
vn -0.5983 -0.5333 -0.5980
vn -0.8459 -0.5333 -0.0000
vn -0.8171 -0.5334 0.2189
vn 0.0000 -0.5333 0.8459
vn 0.0000 -0.6781 0.7350
vn 0.0000 -0.8558 0.5173
vn 0.0000 -0.9657 0.2598
vn 0.0000 -0.6784 0.7347
vn 0.0000 -0.8556 0.5177
vn 0.0000 -0.9656 0.2602
vn 0.0000 -0.6781 -0.7350
vn 0.0000 -0.8557 -0.5175
vn 0.0000 -0.9657 -0.2597
vn 0.0000 -0.9656 -0.2600
vn 0.7347 -0.6783 -0.0000
vn 0.5175 -0.8557 -0.0000
vn 0.2600 -0.9656 -0.0000
vn 0.2601 -0.9656 -0.0000
vn -0.0000 -0.8555 0.5177
vn -0.7347 -0.6783 -0.0000
vn -0.5175 -0.8557 -0.0000
vn -0.2601 -0.9656 -0.0000
vn -0.2600 -0.9656 -0.0000
vn -0.2597 -0.9657 -0.0000
vn 0.7097 -0.6784 0.1902
vn 0.4998 -0.8557 0.1340
vn 0.2513 -0.9656 0.0673
vn 0.2507 -0.9657 0.0671
vn 0.2509 -0.9657 0.0672
vn 0.5196 -0.6784 0.5194
vn 0.3659 -0.8557 0.3659
vn 0.1836 -0.9657 0.1836
vn 0.1835 -0.9657 0.1835
vn 0.1901 -0.6782 0.7098
vn 0.1339 -0.8558 0.4997
vn 0.0672 -0.9657 0.2510
vn 0.0672 -0.9657 0.2509
vn 0.0672 -0.9656 0.2510
vn 0.1902 -0.6784 -0.7096
vn 0.1340 -0.8554 -0.5004
vn 0.0673 -0.9656 -0.2513
vn 0.0674 -0.9656 -0.2510
vn 0.0672 -0.9657 -0.2510
vn 0.5196 -0.6784 -0.5194
vn 0.3659 -0.8557 -0.3659
vn 0.1836 -0.9657 -0.1837
vn 0.1838 -0.9656 -0.1838
vn 0.1840 -0.9656 -0.1839
vn 0.7097 -0.6784 -0.1902
vn 0.4998 -0.8557 -0.1340
vn 0.2512 -0.9656 -0.0674
vn 0.2507 -0.9657 -0.0672
vn 0.2510 -0.9657 -0.0672
vn -0.7097 -0.6784 -0.1902
vn -0.4998 -0.8557 -0.1340
vn -0.2513 -0.9656 -0.0674
vn -0.2507 -0.9657 -0.0672
vn -0.2510 -0.9657 -0.0672
vn -0.5196 -0.6784 -0.5195
vn -0.5196 -0.6783 -0.5196
vn -0.3659 -0.8557 -0.3659
vn -0.3660 -0.8554 -0.3664
vn -0.1840 -0.9656 -0.1838
vn -0.1837 -0.9657 -0.1835
vn -0.1838 -0.9657 -0.1834
vn -0.1841 -0.9656 -0.1838
vn -0.1902 -0.6780 -0.7100
vn -0.1340 -0.8554 -0.5004
vn -0.0673 -0.9656 -0.2512
vn -0.0671 -0.9658 -0.2506
vn -0.0673 -0.9656 -0.2513
vn -0.7097 -0.6784 0.1902
vn -0.4998 -0.8557 0.1340
vn -0.2509 -0.9657 0.0672
vn -0.2507 -0.9657 0.0671
vn -0.2510 -0.9657 0.0672
vn -0.5197 -0.6780 0.5198
vn -0.3659 -0.8557 0.3659
vn -0.1836 -0.9657 0.1836
vn -0.1836 -0.9657 0.1835
vn -0.1901 -0.6782 0.7098
vn -0.1340 -0.8556 0.5000
vn -0.0672 -0.9657 0.2509
vn -0.0672 -0.9656 -0.2511
vn -0.1840 -0.9656 -0.1840
vn -0.1843 -0.9655 -0.1841
vn -0.2511 -0.9656 -0.0672
vn 0.2509 -0.9657 -0.0672
vn 0.1837 -0.9657 -0.1837
vn 0.0672 -0.9657 0.2507
vn 0.1838 -0.9656 0.1838
vn -0.2598 -0.9657 -0.0000
vn 0.0000 -0.9657 0.2597
vn 0.2596 -0.9657 -0.0000
vn -0.0000 -0.9657 -0.2596
vn 0.0000 -0.9656 0.2601
vn -0.1839 -0.9656 -0.1839
vn -0.1835 -0.9657 -0.1835
vn -0.3658 -0.8557 -0.3661
vn -0.5196 -0.6784 -0.5194
vn -0.5979 -0.5335 -0.5982
vn 0.0000 0.0000 -1.0000
vn -0.0000 0.9997 -0.0254
vn -0.0000 0.9997 -0.0255
vn 0.2587 0.0000 -0.9660
vn 0.7072 0.0000 -0.7070
vn 0.9659 0.0000 -0.2589
vn 0.0000 -0.8823 0.4706
vn 0.0001 -1.0000 0.0000
vn 0.9808 0.0000 -0.1951
vn 0.8314 0.0000 -0.5556
vn 0.5555 0.0000 -0.8315
vn 0.1952 0.0000 -0.9808
vn -0.1951 0.0000 0.9808
vn -0.5556 0.0000 0.8314
vn -0.8314 0.0000 0.5556
vn -0.9808 0.0000 0.1951
vn 0.1951 0.0000 0.9808
vn 0.5556 0.0000 0.8315
vn 0.8315 0.0000 0.5555
vn 0.9808 0.0000 0.1951
vn -0.1952 0.0000 -0.9808
vn -0.5556 0.0000 -0.8314
vn -0.8314 0.0000 -0.5557
vn -0.9808 0.0000 -0.1951
vn 0.2051 -0.9691 -0.1370
vn -0.7975 0.0000 0.6033
vn -0.4683 0.0003 0.8836
vn -0.4683 0.0000 0.8836
vn 0.0002 -1.0000 0.0000
vn 0.0000 -0.9692 0.2461
vn 0.0010 1.0000 -0.0017
vn -0.9788 0.0000 0.2050
vn 0.1369 -0.9691 0.2050
vn -0.0021 1.0000 -0.0033
vn -0.0022 1.0000 -0.0034
vn -0.8460 -0.0000 -0.5333
vn -0.8460 0.0000 -0.5332
vn 0.9788 0.0000 0.2050
vn -0.1368 -0.9692 -0.2047
vn 0.4683 0.0000 0.8836
vn 0.7975 0.0000 0.6033
vn -0.9840 -0.0000 -0.1783
vn -0.9840 0.0003 -0.1783
vn 0.2310 0.0000 0.9730
vn 0.2310 -0.0001 0.9729
vn 0.8460 -0.0000 -0.5332
vn -0.2463 -0.9692 -0.0000
vn 0.2414 -0.9692 -0.0480
vn -0.2310 0.0001 0.9729
vn -0.2310 0.0000 0.9730
vn -0.2414 -0.9692 -0.0480
vn -0.2051 -0.9691 -0.1370
vn -0.0480 -0.9692 -0.2415
vn 0.2413 -0.9693 0.0480
vn 0.2050 -0.9691 0.1370
vn 0.0480 -0.9693 0.2413
vn -0.2414 -0.9692 0.0480
vn -0.2046 -0.9692 0.1367
vn -0.0481 -0.9692 0.2417
vn -0.1368 -0.9692 0.2048
vn -0.0000 -0.9692 -0.2463
vn 0.0480 -0.9692 -0.2415
vn 0.1368 -0.9692 -0.2047
vn 0.2460 -0.9693 -0.0000
vn 0.0000 -0.9806 0.1961
vn 0.0000 -0.9920 0.1261
vn 0.0054 -0.9985 0.0549
vn -0.0054 -0.9985 0.0549
vn -0.1961 -0.9806 -0.0000
vn -0.1261 -0.9920 -0.0000
vn -0.0549 -0.9985 0.0054
vn -0.0549 -0.9985 -0.0054
vn 0.1961 -0.9806 -0.0000
vn 0.1261 -0.9920 -0.0000
vn 0.0549 -0.9985 -0.0054
vn 0.0549 -0.9985 0.0054
vn 0.0000 -0.9806 -0.1961
vn 0.0000 -0.9920 -0.1261
vn -0.0054 -0.9985 -0.0549
vn 0.0054 -0.9985 -0.0549
vn -0.1923 -0.9806 -0.0383
vn -0.1237 -0.9920 -0.0246
vn -0.0544 -0.9985 -0.0108
vn -0.1631 -0.9806 -0.1089
vn -0.1049 -0.9920 -0.0701
vn -0.0461 -0.9985 -0.0308
vn -0.1089 -0.9806 -0.1631
vn -0.0701 -0.9920 -0.1049
vn -0.0308 -0.9985 -0.0461
vn -0.0383 -0.9806 -0.1923
vn -0.0246 -0.9920 -0.1237
vn -0.0108 -0.9985 -0.0544
vn 0.1923 -0.9806 0.0383
vn 0.1237 -0.9920 0.0246
vn 0.0544 -0.9985 0.0108
vn 0.1631 -0.9806 0.1090
vn 0.1049 -0.9920 0.0701
vn 0.0461 -0.9985 0.0308
vn 0.1090 -0.9806 0.1631
vn 0.0701 -0.9920 0.1049
vn 0.0308 -0.9985 0.0461
vn 0.0383 -0.9806 0.1923
vn 0.0246 -0.9920 0.1237
vn 0.0108 -0.9985 0.0544
vn -0.1923 -0.9806 0.0383
vn -0.1237 -0.9920 0.0246
vn -0.0544 -0.9985 0.0108
vn -0.1631 -0.9806 0.1089
vn -0.1049 -0.9920 0.0701
vn -0.0461 -0.9985 0.0309
vn -0.1090 -0.9806 0.1631
vn -0.0701 -0.9920 0.1049
vn -0.0308 -0.9985 0.0461
vn -0.0383 -0.9806 0.1923
vn -0.0246 -0.9920 0.1237
vn -0.0108 -0.9985 0.0544
vn 0.0383 -0.9806 -0.1923
vn 0.0246 -0.9920 -0.1237
vn 0.0108 -0.9985 -0.0544
vn 0.1089 -0.9806 -0.1631
vn 0.0701 -0.9920 -0.1049
vn 0.0308 -0.9985 -0.0461
vn 0.1631 -0.9806 -0.1090
vn 0.1049 -0.9920 -0.0701
vn 0.0461 -0.9985 -0.0308
vn 0.1923 -0.9806 -0.0383
vn 0.1237 -0.9920 -0.0246
vn 0.0544 -0.9985 -0.0108
vn 0.9840 -0.0003 -0.1783
vn 0.9840 -0.0000 -0.1783
vn -0.9660 0.1832 0.1827
vn 0.7069 0.5009 0.4994
vn -0.2588 0.6841 0.6820
vn -0.7069 0.5009 0.4994
vn 0.2588 0.6840 0.6820
vn 0.9660 0.1832 0.1827
vn 0.0000 0.7082 0.7060
vn 0.2589 0.0000 0.9659
vn 0.9659 0.0000 0.2589
vn 0.7072 0.0000 0.7070
vn -0.7071 0.0000 -0.7071
vn -0.2587 0.0000 -0.9660
vn -0.9660 0.0000 0.2587
vn -0.9660 0.0000 -0.2587
vn -0.2589 0.0000 0.9659
vn -0.7071 0.0000 0.7071
vn 0.0000 0.3827 -0.9239
vn 0.0000 -0.9242 0.3819
vn 0.0000 -0.3827 0.9239
vn -0.0000 0.9240 -0.3825
vn 0.0000 0.9239 -0.3827
vn 0.0000 0.9240 -0.3824
vn -0.0000 -0.9240 -0.3824
vn -0.0000 0.9240 0.3823
vn 0.0000 -0.9240 0.3823
vn 0.0000 -0.3826 0.9239
vn 0.0000 0.3826 -0.9239
vn 0.0000 -0.3826 -0.9239
vn 0.0000 0.3826 0.9239
vn -0.9659 0.0000 0.2589
vn -0.7072 0.0000 -0.7070
vn -0.9659 0.0000 -0.2589
vn 0.9660 0.0000 -0.2587
vn 0.7071 0.0000 -0.7071
vn 0.7070 0.0000 0.7072
vn 0.9660 0.0000 0.2587
vn -0.3827 0.0000 0.9239
vn -0.9240 0.0000 0.3823
vn -0.3827 0.0000 -0.9239
vn -0.9239 -0.0000 -0.3827
vn 0.9240 0.0000 -0.3823
vn 0.3827 0.0000 -0.9239
vn 0.3827 0.0000 0.9239
vn 0.9240 0.0000 0.3823
vn 0.9239 0.0000 -0.3827
vn 0.9239 0.0000 0.3827
vn -0.9239 0.0000 0.3827
vn 0.3829 0.0000 -0.9238
vn 0.3829 0.0000 0.9238
vn -0.9240 0.0000 -0.3824
vn -0.3829 0.0000 0.9238
vn -0.3828 0.0000 -0.9238
vn 0.3830 -0.0000 -0.9237
vn -0.3823 0.0000 -0.9240
vn -0.9240 0.0000 -0.3823
vn 0.3823 0.0000 -0.9240
vn 0.9238 0.0000 -0.3829
vn 0.9238 0.0000 0.3829
vn -0.3823 0.0000 0.9240
vn -0.9240 0.0000 -0.3825
vn 0.3823 0.0000 0.9240
vn -0.3825 0.0000 -0.9240
vn -0.9238 0.0000 -0.3829
vn 0.9240 0.0000 -0.3825
vn 0.3825 0.0000 -0.9240
vn 0.3828 0.0000 0.9238
vn 0.3825 0.0000 0.9240
vn -0.3825 0.0000 0.9240
vn -0.3829 0.0000 -0.9238
vn 0.3826 0.0000 0.9239
vn -0.3826 0.0000 0.9239
vn -0.3828 0.0000 0.9238
usemtl Clavier
s 1
f 1/1/1 2/2/1 3/3/1 4/4/1 5/5/1 6/6/1 7/7/1 8/8/1
f 9/9/2 10/10/2 11/11/2 12/12/2
f 13/13/3 14/14/3 15/15/3 16/16/3
f 17/17/1 18/18/1 19/19/1 20/20/1 21/21/1 13/13/1 16/16/1 22/22/1 10/10/1 9/9/1 23/23/1 24/24/1
f 25/25/4 26/26/4 27/27/4 28/28/4
f 17/17/5 29/29/5 30/30/5 18/31/5
f 18/31/6 30/32/6 31/33/6 19/19/6
f 16/16/7 15/15/7 32/34/7 22/35/7
f 22/35/8 32/36/8 33/37/8 11/11/8 10/10/8
f 34/38/2 35/39/2 36/40/2 37/41/2
f 38/42/3 39/43/3 40/44/3 41/45/3
f 42/46/1 43/47/1 44/48/1 45/49/1 46/50/1 38/42/1 41/45/1 47/51/1 35/39/1 34/38/1 48/52/1 49/53/1
f 50/54/4 51/55/4 52/56/4 53/57/4
f 42/46/9 54/58/9 55/59/9 43/60/9
f 43/60/10 55/61/10 56/62/10 44/48/10
f 41/45/7 40/44/7 57/63/7 47/64/7
f 47/64/8 57/65/8 36/40/8 35/39/8
f 58/66/11 59/67/12 60/68/13 61/69/11 62/70/11 63/71/14 64/72/14 65/73/11 66/74/15 67/75/16 68/76/11 69/77/17 70/78/18 71/79/19 72/80/11 73/81/11 74/82/11 75/83/20 76/84/21
f 77/85/22 78/86/22 79/87/22 80/88/22
f 66/74/15 81/89/23 82/90/24 67/75/16
f 67/75/16 82/90/24 83/91/2 68/76/11
f 84/92/25 85/93/25 86/94/25 87/95/25
f 71/79/19 88/96/11 89/97/11 72/80/11
f 76/84/21 90/98/26 91/99/2 58/66/11
f 92/100/27 93/101/27 94/102/27 95/103/27
f 75/83/20 96/104/28 90/98/26 76/84/21
f 61/69/11 97/105/29 98/106/11 62/70/11
f 99/107/30 100/108/30 101/109/30 102/110/30
f 60/68/13 103/111/31 97/105/29 61/69/11
f 102/110/30 101/109/30 104/112/30 105/113/30
f 68/76/32 83/91/32 106/114/32 69/77/32
f 64/72/14 107/115/11 108/116/11 65/73/11
f 58/66/32 91/99/32 109/117/32 59/67/32
f 73/81/11 110/118/11 111/119/11 74/82/11
f 62/70/11 98/106/11 112/120/11 63/71/14
f 63/71/14 112/120/11 107/115/11 64/72/14
f 113/121/33 114/122/34 115/123/35 116/124/33
f 59/67/12 109/117/36 103/111/31 60/68/13
f 69/77/17 106/114/37 117/125/2 70/78/18
f 74/82/11 111/119/11 96/104/28 75/83/20
f 118/126/38 119/127/38 78/86/38 77/85/38
f 72/80/11 89/97/11 110/118/11 73/81/11
f 95/103/39 94/102/39 120/128/39 121/129/39
f 122/130/40 123/131/40 100/108/40 99/107/40
f 121/129/41 120/128/41 123/131/41 122/130/41
f 87/95/42 86/94/42 124/132/42 125/133/42
f 126/134/43 127/135/43 93/101/43 92/100/43
f 125/133/44 124/132/44 127/135/44 126/134/44
f 128/136/45 129/137/45 130/138/45 131/139/45
f 132/140/46 133/141/46 85/93/46 84/92/46
f 134/142/47 135/143/47 133/141/48 132/140/48
f 136/144/49 137/145/49 129/137/49 128/136/49
f 80/88/50 79/87/50 137/145/50 136/144/50
f 105/113/30 104/112/30 119/127/51 118/126/51
f 105/113/52 138/146/52 139/147/52 102/110/52
f 138/146/53 140/148/53 141/149/53 139/147/53
f 142/150/54 107/115/54 112/120/54 143/151/54
f 102/110/52 139/147/52 144/152/55 99/107/55
f 139/147/53 141/149/53 145/153/56 144/152/56
f 143/151/54 112/120/54 98/106/54 146/154/57
f 87/95/58 147/155/58 148/156/58 84/92/58
f 147/155/59 149/157/59 150/158/59 148/156/59
f 151/159/60 111/119/61 110/118/61 152/160/60
f 95/103/62 153/161/62 154/162/62 92/100/62
f 153/161/63 155/163/63 156/164/63 154/162/63
f 157/165/64 109/117/65 91/99/65 158/166/64
f 118/126/52 159/167/52 138/146/52 105/113/52
f 159/167/66 116/124/66 140/148/53 138/146/53
f 115/123/57 108/116/54 107/115/54 142/150/54
f 128/136/67 160/168/67 161/169/67 136/144/67
f 160/168/68 162/170/68 163/171/68 161/169/68
f 164/172/69 106/114/70 83/91/70 165/173/71
f 121/129/72 166/174/72 153/161/72 95/103/72
f 166/174/73 167/175/73 155/163/73 153/161/73
f 168/176/74 103/111/75 109/117/75 157/165/76
f 122/130/77 169/177/77 166/174/77 121/129/77
f 169/177/78 170/178/78 167/175/78 166/174/78
f 171/179/79 97/105/80 103/111/80 168/176/79
f 99/107/81 144/152/81 169/177/81 122/130/81
f 144/152/82 145/153/82 170/178/82 169/177/82
f 146/154/83 98/106/84 97/105/84 171/179/85
f 125/133/86 172/180/86 147/155/86 87/95/86
f 172/180/87 173/181/87 149/157/87 147/155/87
f 174/182/88 96/104/89 111/119/89 151/159/90
f 126/134/91 175/183/91 172/180/91 125/133/91
f 175/183/92 176/184/92 173/181/92 172/180/92
f 177/185/93 90/98/94 96/104/94 174/182/95
f 92/100/96 154/162/96 175/183/96 126/134/96
f 154/162/97 156/164/97 176/184/97 175/183/97
f 158/166/98 91/99/99 90/98/99 177/185/100
f 131/139/101 178/186/101 160/168/101 128/136/101
f 178/186/102 179/187/102 162/170/102 160/168/102
f 180/188/103 117/125/104 106/114/104 164/172/105
f 134/142/106 181/189/106 178/186/107 131/139/107
f 181/189/108 182/190/108 179/187/109 178/186/109
f 183/191/110 88/96/111 117/125/112 180/188/113
f 84/92/114 148/156/114 184/192/114 132/140/114
f 148/156/115 150/158/115 185/193/115 184/192/115
f 152/160/116 110/118/117 89/97/117 186/194/118
f 136/144/119 161/169/119 187/195/119 80/88/119
f 161/169/120 163/171/120 188/196/120 187/195/120
f 165/173/121 83/91/122 82/90/122 189/197/123
f 80/88/124 187/195/124 190/198/124 77/85/124
f 187/195/125 188/196/125 113/121/125 190/198/125
f 189/197/126 82/90/127 81/89/127 114/122/126
f 77/85/128 190/198/128 159/167/128 118/126/128
f 190/198/129 113/121/129 116/124/129 159/167/129
f 114/122/34 81/89/130 108/116/130 115/123/35
f 65/73/11 108/116/11 81/89/23 66/74/15
f 188/196/126 189/197/126 114/122/126 113/121/126
f 163/171/121 165/173/121 189/197/123 188/196/121
f 150/158/131 152/160/116 186/194/118 185/193/131
f 182/190/132 183/191/110 180/188/113 179/187/133
f 179/187/134 180/188/103 164/172/105 162/170/134
f 156/164/135 158/166/98 177/185/100 176/184/135
f 176/184/136 177/185/93 174/182/95 173/181/136
f 173/181/90 174/182/88 151/159/90 149/157/90
f 145/153/137 146/154/83 171/179/85 170/178/137
f 170/178/138 171/179/79 168/176/79 167/175/138
f 167/175/76 168/176/74 157/165/76 155/163/76
f 162/170/139 164/172/69 165/173/71 163/171/139
f 116/124/54 115/123/57 142/150/54 140/148/140
f 155/163/141 157/165/64 158/166/64 156/164/141
f 149/157/142 151/159/60 152/160/60 150/158/142
f 141/149/143 143/151/54 146/154/57 145/153/140
f 140/148/140 142/150/54 143/151/54 141/149/143
f 185/193/144 186/194/132 183/191/110 182/190/132
f 186/194/132 89/97/145 88/96/111 183/191/110
f 184/192/146 185/193/146 182/190/108 181/189/108
f 132/140/147 184/192/147 181/189/106 134/142/106
f 131/139/148 130/138/148 135/143/47 134/142/47
f 70/78/149 117/125/150 88/96/149 71/79/151
f 191/199/149 192/200/149 193/201/149 194/202/149
f 195/203/4 196/204/4 197/205/4 198/206/4
f 199/207/1 200/208/1 201/209/1 202/210/1
f 203/211/2 204/212/2 205/213/2 206/214/2
f 192/200/152 207/215/152 208/216/152 193/201/152
f 207/217/153 209/218/153 210/219/153 208/220/153
f 209/218/154 199/207/154 202/210/154 210/219/154
f 200/221/3 199/222/3 209/223/3 207/224/3 192/225/3 191/226/3 211/227/3 212/228/3 196/204/3 195/203/3 213/229/3 214/230/3 204/231/3 203/232/3 215/233/3 216/234/3
f 217/235/11 218/236/11 219/237/11 220/238/11 221/239/11 222/240/155 223/241/156 224/242/11 225/243/11 226/244/11 227/245/11 228/246/11 229/247/11 230/248/11 231/249/11 232/250/11 233/251/11 234/252/11 235/253/11 236/254/11
f 237/255/4 238/256/4 239/257/4 240/258/4
f 241/259/2 242/260/2 243/261/2 244/262/2 245/263/2 246/264/2 247/265/2 248/266/2 249/267/2 250/268/2 251/269/2 252/270/2 253/271/2 254/272/2
f 255/273/3 93/274/3 94/275/3 120/276/3 123/277/3 100/278/3 101/279/3 104/280/3 119/281/3 78/282/3 79/283/3 137/284/3 238/285/3 202/286/3 201/287/3 256/288/3 257/289/3 206/290/3 205/291/3 258/292/3 259/293/3 198/294/3 260/295/3
f 261/296/1 255/273/1 262/297/1 263/298/1 264/299/1 265/300/1 266/301/1 267/302/1 268/303/1 37/304/1 36/305/1 57/306/1 40/307/1 39/308/1 269/309/1 270/310/1 33/311/1 32/312/1 15/313/1 14/314/1 271/315/1 272/316/1 273/317/1
f 255/273/157 261/296/157 274/318/157 275/319/157
f 275/319/158 274/318/158 276/320/158 277/321/158
f 277/321/159 276/320/159 278/322/159 279/323/159
f 279/323/160 278/322/160 280/324/160 281/325/160
f 254/272/161 253/271/161 282/326/161 283/327/161
f 283/327/162 282/326/162 284/328/162 285/329/162
f 285/330/163 284/331/163 286/332/163 287/333/163
f 287/333/164 286/332/164 238/256/164 237/255/164
f 242/260/165 241/259/165 288/334/165 289/335/165
f 289/335/166 288/334/166 290/336/166 291/337/166
f 291/337/167 290/336/167 292/338/167 293/339/167
f 293/339/168 292/338/168 273/317/168 260/295/168
f 294/340/169 295/341/169 296/342/169 297/343/169
f 297/343/170 296/342/170 298/344/170 299/345/170
f 299/345/171 298/344/171 300/346/171 301/347/171
f 301/347/172 300/346/172 240/258/172 239/257/172
f 295/341/149 294/340/149 281/325/149 280/324/149
f 302/348/32 303/349/2 274/318/2 261/296/32
f 303/349/2 304/350/2 276/351/2 274/318/2
f 304/350/2 305/352/2 278/353/2 276/351/2
f 305/352/2 306/354/2 280/355/2 278/353/2
f 307/356/2 308/357/2 254/358/2 283/359/2
f 309/360/2 307/356/2 283/359/2 285/361/2
f 310/362/2 309/360/2 285/361/2 287/363/2
f 311/364/32 310/362/2 287/363/2 237/365/32
f 312/366/2 313/367/2 288/368/2 241/369/2
f 313/367/2 314/370/2 290/371/2 288/368/2
f 314/370/2 315/372/2 292/338/2 290/371/2
f 315/372/2 316/373/32 273/317/32 292/338/2
f 317/374/2 318/375/2 296/376/2 295/377/2
f 318/375/2 319/378/2 298/379/2 296/376/2
f 319/378/2 320/380/2 300/381/2 298/379/2
f 320/380/2 321/382/32 240/383/32 300/381/2
f 306/354/2 317/374/2 295/377/2 280/355/2
f 316/373/32 302/348/32 261/296/32 273/317/32
f 321/382/32 311/364/32 237/365/32 240/383/32
f 308/357/2 312/366/2 241/369/2 254/358/2
f 322/384/173 323/385/173 304/350/173 303/349/173
f 225/243/174 224/242/2 324/386/174 325/387/2
f 224/242/175 223/241/2 326/388/176 324/386/2
f 223/241/156 222/240/155 327/389/177 326/388/2
f 328/390/178 329/391/178 312/366/178 308/357/178
f 234/252/179 233/251/149 330/392/179 331/393/149
f 236/254/180 235/253/2 332/394/180 333/395/2
f 217/235/32 236/254/32 333/395/32 334/396/32
f 335/397/181 336/398/181 314/370/181 313/367/181
f 230/248/182 229/247/149 337/399/183 338/400/149
f 229/247/184 228/246/149 339/401/185 337/399/149
f 228/246/186 227/245/2 340/402/186 339/401/2
f 341/403/187 342/404/187 319/378/187 318/375/187
f 220/238/188 219/237/2 343/405/188 344/406/2
f 219/237/189 218/236/2 345/407/189 343/405/2
f 218/236/190 217/235/149 334/396/191 345/407/149
f 222/240/2 221/239/2 346/408/2 327/389/2
f 227/245/32 226/244/32 347/409/32 340/402/32
f 231/249/192 230/248/2 338/400/193 348/410/2
f 232/250/2 231/249/2 348/410/2 349/411/2
f 235/253/194 234/252/149 331/393/194 332/394/149
f 350/412/195 351/413/195 311/364/195 321/382/195
f 352/414/196 322/384/196 303/349/196 302/348/196
f 233/251/197 232/250/2 349/411/198 330/392/2
f 353/415/199 350/412/199 321/382/199 320/380/199
f 342/404/200 353/415/200 320/380/200 319/378/200
f 354/416/201 341/403/201 318/375/201 317/374/201
f 221/239/4 220/238/2 344/406/4 346/408/2
f 355/417/202 356/418/202 316/373/202 315/372/202
f 336/398/203 355/417/203 315/372/203 314/370/203
f 329/391/204 335/397/204 313/367/204 312/366/204
f 351/413/205 357/419/205 310/362/205 311/364/205
f 357/419/206 358/420/206 309/360/206 310/362/206
f 359/421/207 328/390/207 308/357/207 307/356/207
f 358/420/208 359/421/208 307/356/208 309/360/208
f 360/422/209 354/416/209 317/374/209 306/354/209
f 361/423/210 360/422/210 306/354/210 305/352/210
f 323/385/211 361/423/211 305/352/211 304/350/211
f 356/418/212 352/414/212 302/348/212 316/373/212
f 329/391/213 328/390/213 362/424/213 363/425/213
f 363/425/214 362/424/214 364/426/214 365/427/214
f 365/427/215 364/426/216 349/411/216 348/410/215
f 351/413/217 350/412/217 366/428/217 367/429/217
f 367/429/218 366/428/218 368/430/218 369/431/218
f 369/431/219 368/430/220 334/396/220 333/395/219
f 352/414/221 356/418/221 370/432/221 371/433/221
f 371/433/222 370/432/222 372/434/222 373/435/222
f 373/435/223 372/434/224 340/402/224 347/409/223
f 354/416/225 360/422/225 374/436/225 375/437/225
f 375/437/226 374/436/226 376/438/226 377/439/226
f 377/439/227 376/438/228 327/389/228 346/408/227
f 350/412/229 353/415/229 378/440/229 366/428/229
f 366/428/230 378/440/230 379/441/230 368/430/230
f 368/430/220 379/441/231 345/407/231 334/396/220
f 353/415/232 342/404/232 380/442/232 378/440/232
f 378/440/233 380/442/233 381/443/233 379/441/233
f 379/441/234 381/443/234 343/405/234 345/407/234
f 342/404/235 341/403/235 382/444/235 380/442/235
f 380/442/236 382/444/236 383/445/236 381/443/236
f 381/443/237 383/445/237 344/406/237 343/405/237
f 341/403/238 354/416/238 375/437/238 382/444/238
f 382/444/239 375/437/239 377/439/239 383/445/239
f 383/445/240 377/439/227 346/408/227 344/406/240
f 356/418/241 355/417/241 384/446/241 370/432/241
f 370/432/242 384/446/242 385/447/242 372/434/242
f 372/434/224 385/447/243 339/401/243 340/402/224
f 355/417/244 336/398/244 386/448/244 384/446/244
f 384/446/245 386/448/245 387/449/245 385/447/245
f 385/447/246 387/449/246 337/399/246 339/401/246
f 336/398/247 335/397/247 388/450/247 386/448/247
f 386/448/248 388/450/248 389/451/248 387/449/248
f 387/449/249 389/451/249 338/400/249 337/399/249
f 335/397/250 329/391/250 363/425/250 388/450/250
f 388/450/251 363/425/251 365/427/251 389/451/251
f 389/451/252 365/427/215 348/410/215 338/400/252
f 357/419/253 351/413/253 367/429/253 390/452/253
f 390/452/254 367/429/254 369/431/254 391/453/254
f 391/453/255 369/431/219 333/395/219 332/394/255
f 358/420/256 357/419/256 390/452/256 392/454/256
f 392/454/257 390/452/257 391/453/257 393/455/257
f 393/455/258 391/453/258 332/394/258 331/393/258
f 359/421/259 358/420/259 392/454/259 394/456/259
f 394/456/260 392/454/260 393/455/260 395/457/260
f 395/457/261 393/455/261 331/393/261 330/392/261
f 328/390/262 359/421/262 394/456/262 362/424/262
f 362/424/263 394/456/263 395/457/263 364/426/263
f 364/426/216 395/457/264 330/392/264 349/411/216
f 360/422/265 361/423/265 396/458/265 374/436/265
f 374/436/266 396/458/266 397/459/266 376/438/266
f 376/438/228 397/459/267 326/388/267 327/389/228
f 361/423/268 323/385/268 398/460/268 396/458/268
f 396/458/269 398/460/269 399/461/269 397/459/269
f 397/459/270 399/461/270 324/386/270 326/388/270
f 323/385/271 322/384/271 400/462/271 398/460/271
f 398/460/272 400/462/272 401/463/272 399/461/272
f 399/461/273 401/463/273 325/387/273 324/386/273
f 322/384/274 352/414/274 371/433/274 400/462/274
f 400/462/275 371/433/275 373/435/275 401/463/275
f 401/463/276 373/435/223 347/409/223 325/387/276
f 226/244/277 225/243/149 325/387/278 347/409/149
f 402/464/279 245/465/279 244/466/279 403/467/279
f 249/468/280 404/469/280 405/470/280 250/471/280
f 406/472/281 247/473/281 246/474/281 407/475/281
f 407/476/282 246/477/282 245/465/282 402/464/282
f 403/467/4 244/466/4 243/478/4
f 248/479/283 408/480/283 404/469/283 249/468/283
f 250/471/284 405/470/284 409/481/284 251/482/284
f 408/480/285 248/479/285 247/473/285 406/472/285
f 251/482/1 409/481/1 252/483/1
f 257/484/286 215/485/286 203/211/286 206/214/286
f 201/209/287 200/208/287 216/486/287 256/487/287
f 256/487/288 216/486/288 215/485/288 257/484/288
f 410/488/289 212/489/289 211/490/289 411/491/289
f 411/491/290 211/490/290 191/199/290 194/202/290
f 259/492/291 213/493/291 195/203/291 198/206/291
f 260/295/3 198/294/3 197/494/3 410/495/3 411/496/3 194/497/3 193/498/3 208/499/3 210/500/3 202/286/3 238/285/3 286/501/3 284/502/3 282/503/3 253/504/3 252/505/3 409/506/3 405/507/3 404/508/3 408/509/3 406/510/3 407/511/3 402/512/3 403/513/3 243/514/3 242/515/3 289/516/3 291/517/3 293/339/3
f 197/205/292 196/204/292 212/489/292 410/488/292
f 205/213/293 204/212/293 214/518/293 258/519/293
f 258/519/294 214/518/294 213/493/294 259/492/294
f 238/285/3 137/284/3 129/520/3 130/521/3 135/522/3 133/523/3 85/524/3 86/525/3 124/526/3 127/527/3 93/274/3 255/273/3 275/319/3 277/528/3 279/529/3 281/530/3 294/531/3 297/532/3 299/533/3 301/534/3 239/535/3
f 270/536/149 45/49/149 44/48/149 56/62/149
f 269/537/295 46/538/295 45/49/295 270/536/295
f 412/539/149 51/55/149 50/54/149 413/540/149
f 273/317/1 272/316/1 414/541/1 31/542/1 30/543/1 29/544/1 415/545/1 416/546/1 12/547/1 11/548/1 33/311/1 270/310/1 56/549/1 55/550/1 54/551/1 417/552/1 418/553/1 37/304/1 268/303/1 419/554/1 420/555/1 421/556/1 262/297/1 255/273/1 260/295/1
f 422/557/1 412/558/1 413/559/1 423/560/1
f 417/561/296 49/53/296 48/562/296 418/563/296
f 54/58/11 42/46/11 49/53/11 417/561/11
f 422/564/11 52/56/11 51/55/11 412/539/11
f 423/565/2 53/57/2 52/56/2 422/564/2
f 418/566/297 48/562/297 34/38/297 37/41/297
f 413/540/3 50/54/3 53/57/3 423/565/3
f 39/43/298 38/42/298 46/538/298 269/567/298
f 414/568/149 20/20/149 19/19/149 31/33/149
f 424/569/1 425/570/1 426/571/1 427/572/1
f 271/573/295 21/574/295 20/20/295 414/568/295 272/575/295
f 428/576/149 26/26/149 25/25/149 425/577/149 424/578/149
f 415/579/296 24/24/296 23/580/296 416/581/296
f 29/29/11 17/17/11 24/24/11 415/579/11
f 427/572/1 429/582/1 428/583/1 424/569/1
f 429/584/11 27/27/11 26/26/11 428/576/11
f 426/585/2 28/28/2 27/27/2 429/584/2 427/586/2
f 416/587/297 23/580/297 9/9/297 12/12/297
f 425/577/3 25/25/3 28/28/3 426/585/3
f 14/14/299 13/13/299 21/574/299 271/588/299
f 265/589/300 4/590/300 3/591/300 266/592/300
f 419/593/301 1/594/301 8/595/301 420/596/301
f 264/597/302 5/598/302 4/590/302 265/589/302
f 420/596/303 8/595/303 7/599/303 421/600/303
f 421/600/304 7/599/304 6/601/304 263/602/304 262/603/304
f 266/592/305 3/591/305 2/604/305 267/605/305
f 267/606/306 2/607/306 1/594/306 419/593/306 268/608/306
f 263/602/307 6/601/307 5/598/307 264/597/307
f 430/609/2 431/610/2 432/611/2 433/612/2
f 434/613/1 435/614/1 436/615/1 437/616/1
f 435/614/3 438/617/3 439/618/3 440/619/3 441/620/3 442/621/3 443/622/3 444/623/3 445/624/3 446/625/3 447/626/3 432/627/3 431/628/3 448/629/3 449/630/3 436/615/3
f 450/631/4 445/632/4 444/633/4 451/634/4
f 452/635/149 441/636/149 440/637/149 453/638/149
f 433/612/293 432/611/293 447/639/293 454/640/293
f 454/641/294 447/642/294 446/643/294 455/644/294
f 455/644/308 446/643/308 445/632/308 450/631/308
f 441/636/290 452/635/290 456/645/290 442/646/290
f 442/646/309 456/645/309 457/647/309 443/648/309
f 443/648/310 457/647/310 451/634/310 444/633/310
f 435/614/311 434/613/311 458/649/311 438/650/311
f 438/650/312 458/649/312 459/651/312 439/652/312
f 439/652/152 459/651/152 453/638/152 440/637/152
f 431/610/286 430/609/286 460/653/286 448/654/286
f 448/654/313 460/653/313 461/655/313 449/656/313
f 449/656/314 461/655/314 437/616/314 436/615/314
f 451/657/11 457/658/11 456/659/11 452/660/11 453/661/11 459/662/11 458/663/11 434/613/11 437/616/11 461/664/11 460/665/11 430/666/11 433/667/11 454/668/11 455/669/11 450/670/11
f 462/671/2 463/672/2 464/673/2 465/674/2
f 466/675/1 467/676/1 468/677/1 469/678/1
f 467/676/3 470/679/3 471/680/3 472/681/3 473/682/3 474/683/3 475/684/3 476/685/3 464/686/3 463/687/3 477/688/3 468/677/3
f 478/689/4 475/690/4 474/691/4 479/692/4
f 480/693/149 472/694/149 471/695/149 481/696/149
f 465/674/315 464/673/315 476/697/315 482/698/315
f 482/699/316 476/700/316 475/690/316 478/689/316
f 472/694/317 480/693/317 483/701/317 473/702/317
f 473/702/318 483/701/318 479/692/318 474/691/318
f 467/676/319 466/675/319 484/703/319 470/704/319
f 470/704/320 484/703/320 481/696/320 471/695/320
f 463/672/321 462/671/321 485/705/321 477/706/321
f 477/706/322 485/705/322 469/678/322 468/677/322
f 479/707/11 483/708/11 480/709/11 481/710/11 484/711/11 466/675/11 469/678/11 485/712/11 462/713/11 465/714/11 482/715/11 478/716/11
f 486/717/2 487/718/2 488/719/2 489/720/2
f 490/721/1 491/722/1 492/723/1 493/724/1
f 491/722/3 494/725/3 495/726/3 496/727/3 497/728/3 498/729/3 499/730/3 500/731/3 488/732/3 487/733/3 501/734/3 492/723/3
f 502/735/4 499/736/4 498/737/4 503/738/4
f 504/739/149 496/740/149 495/741/149 505/742/149
f 489/720/315 488/719/315 500/743/315 506/744/315
f 506/745/316 500/746/316 499/736/316 502/735/316
f 496/740/317 504/739/317 507/747/317 497/748/317
f 497/748/318 507/747/318 503/738/318 498/737/318
f 491/722/323 490/721/323 508/749/323 494/750/323
f 494/750/320 508/749/320 505/742/320 495/741/320
f 487/718/321 486/717/321 509/751/321 501/752/321
f 501/752/324 509/751/324 493/724/324 492/723/324
f 503/753/11 507/754/11 504/755/11 505/756/11 508/757/11 490/721/11 493/724/11 509/758/11 486/759/11 489/760/11 506/761/11 502/762/11
f 510/763/2 511/764/2 512/765/2 513/766/2
f 514/767/1 515/768/1 516/769/1 517/770/1
f 515/768/3 518/771/3 519/772/3 520/773/3 521/774/3 522/775/3 523/776/3 524/777/3 512/778/3 511/779/3 525/780/3 516/769/3
f 526/781/4 523/782/4 522/783/4 527/784/4
f 528/785/149 520/786/149 519/787/149 529/788/149
f 513/766/315 512/765/315 524/789/315 530/790/315
f 530/791/325 524/792/325 523/782/325 526/781/325
f 520/786/317 528/785/317 531/793/317 521/794/317
f 521/794/318 531/793/318 527/784/318 522/783/318
f 515/768/323 514/767/323 532/795/323 518/796/323
f 518/796/326 532/795/326 529/788/326 519/787/326
f 511/764/327 510/763/327 533/797/327 525/798/327
f 525/798/324 533/797/324 517/770/324 516/769/324
f 527/799/11 531/800/11 528/801/11 529/802/11 532/803/11 514/767/11 517/770/11 533/804/11 510/805/11 513/806/11 530/807/11 526/808/11
f 534/809/2 535/810/2 536/811/2 537/812/2
f 538/813/1 539/814/1 540/815/1 541/816/1
f 539/814/3 542/817/3 543/818/3 544/819/3 545/820/3 546/821/3 547/822/3 548/823/3 536/824/3 535/825/3 549/826/3 540/815/3
f 550/827/4 547/828/4 546/829/4 551/830/4
f 552/831/149 544/832/149 543/833/149 553/834/149
f 537/812/315 536/811/315 548/835/315 554/836/315
f 554/837/325 548/838/325 547/828/325 550/827/325
f 544/832/317 552/831/317 555/839/317 545/840/317
f 545/840/318 555/839/318 551/830/318 546/829/318
f 539/814/323 538/813/323 556/841/323 542/842/323
f 542/842/320 556/841/320 553/834/320 543/833/320
f 535/810/321 534/809/321 557/843/321 549/844/321
f 549/844/324 557/843/324 541/816/324 540/815/324
f 551/845/11 555/846/11 552/847/11 553/848/11 556/849/11 538/813/11 541/816/11 557/850/11 534/851/11 537/852/11 554/853/11 550/854/11
f 558/855/2 559/856/2 560/857/2 561/858/2
f 562/859/1 563/860/1 564/861/1 565/862/1
f 563/860/3 566/863/3 567/864/3 568/865/3 569/866/3 570/867/3 571/868/3 572/869/3 560/870/3 559/871/3 573/872/3 564/861/3
f 574/873/4 571/874/4 570/875/4 575/876/4
f 576/877/149 568/878/149 567/879/149 577/880/149
f 561/858/315 560/857/315 572/881/315 578/882/315
f 578/883/325 572/884/325 571/874/325 574/873/325
f 568/878/317 576/877/317 579/885/317 569/886/317
f 569/886/318 579/885/318 575/876/318 570/875/318
f 563/860/323 562/859/323 580/887/323 566/888/323
f 566/888/320 580/887/320 577/880/320 567/879/320
f 559/856/321 558/855/321 581/889/321 573/890/321
f 573/890/324 581/889/324 565/862/324 564/861/324
f 575/891/11 579/892/11 576/893/11 577/894/11 580/895/11 562/859/11 565/862/11 581/896/11 558/897/11 561/898/11 578/899/11 574/900/11
f 582/901/2 583/902/2 584/903/2 585/904/2
f 586/905/1 587/906/1 588/907/1 589/908/1
f 587/906/3 590/909/3 591/910/3 592/911/3 593/912/3 594/913/3 595/914/3 596/915/3 584/916/3 583/917/3 597/918/3 588/907/3
f 598/919/4 595/920/4 594/921/4 599/922/4
f 600/923/149 592/924/149 591/925/149 601/926/149
f 585/904/315 584/903/315 596/927/315 602/928/315
f 602/929/325 596/930/325 595/920/325 598/919/325
f 592/924/317 600/923/317 603/931/317 593/932/317
f 593/932/328 603/931/328 599/922/328 594/921/328
f 587/906/319 586/905/319 604/933/319 590/934/319
f 590/934/320 604/933/320 601/926/320 591/925/320
f 583/902/321 582/901/321 605/935/321 597/936/321
f 597/936/322 605/935/322 589/908/322 588/907/322
f 599/937/11 603/938/11 600/939/11 601/940/11 604/941/11 586/905/11 589/908/11 605/942/11 582/943/11 585/944/11 602/945/11 598/946/11
f 606/947/2 607/948/2 608/949/2 609/950/2
f 610/951/1 611/952/1 612/953/1 613/954/1
f 611/952/3 614/955/3 615/956/3 616/957/3 617/958/3 618/959/3 619/960/3 620/961/3 608/962/3 607/963/3 621/964/3 612/953/3
f 622/965/4 619/966/4 618/967/4 623/968/4
f 624/969/149 616/970/149 615/971/149 625/972/149
f 609/950/315 608/949/315 620/973/315 626/974/315
f 626/975/325 620/976/325 619/966/325 622/965/325
f 616/970/317 624/969/317 627/977/317 617/978/317
f 617/978/318 627/977/318 623/968/318 618/967/318
f 611/952/323 610/951/323 628/979/323 614/980/323
f 614/980/320 628/979/320 625/972/320 615/971/320
f 607/948/321 606/947/321 629/981/321 621/982/321
f 621/982/324 629/981/324 613/954/324 612/953/324
f 623/983/11 627/984/11 624/985/11 625/986/11 628/987/11 610/951/11 613/954/11 629/988/11 606/989/11 609/990/11 626/991/11 622/992/11
f 630/993/2 631/994/2 632/995/2 633/996/2
f 634/997/1 635/998/1 636/999/1 637/1000/1
f 635/998/3 638/1001/3 639/1002/3 640/1003/3 641/1004/3 642/1005/3 643/1006/3 644/1007/3 632/1008/3 631/1009/3 645/1010/3 636/999/3
f 646/1011/4 643/1012/4 642/1013/4 647/1014/4
f 648/1015/149 640/1016/149 639/1017/149 649/1018/149
f 633/996/315 632/995/315 644/1019/315 650/1020/315
f 650/1021/325 644/1022/325 643/1012/325 646/1011/325
f 640/1016/317 648/1015/317 651/1023/317 641/1024/317
f 641/1024/318 651/1023/318 647/1014/318 642/1013/318
f 635/998/323 634/997/323 652/1025/323 638/1026/323
f 638/1026/320 652/1025/320 649/1018/320 639/1017/320
f 631/994/321 630/993/321 653/1027/321 645/1028/321
f 645/1028/324 653/1027/324 637/1000/324 636/999/324
f 647/1029/11 651/1030/11 648/1031/11 649/1032/11 652/1033/11 634/997/11 637/1000/11 653/1034/11 630/1035/11 633/1036/11 650/1037/11 646/1038/11
f 654/1039/2 655/1040/2 656/1041/2 657/1042/2
f 658/1043/1 659/1044/1 660/1045/1 661/1046/1
f 659/1044/3 662/1047/3 663/1048/3 664/1049/3 665/1050/3 666/1051/3 667/1052/3 668/1053/3 656/1054/3 655/1055/3 669/1056/3 660/1045/3
f 670/1057/4 667/1058/4 666/1059/4 671/1060/4
f 672/1061/149 664/1062/149 663/1063/149 673/1064/149
f 657/1042/315 656/1041/315 668/1065/315 674/1066/315
f 674/1067/325 668/1068/325 667/1058/325 670/1057/325
f 664/1062/317 672/1061/317 675/1069/317 665/1070/317
f 665/1070/318 675/1069/318 671/1060/318 666/1059/318
f 659/1044/323 658/1043/323 676/1071/323 662/1072/323
f 662/1072/326 676/1071/326 673/1064/326 663/1063/326
f 655/1040/327 654/1039/327 677/1073/327 669/1074/327
f 669/1074/324 677/1073/324 661/1046/324 660/1045/324
f 671/1075/11 675/1076/11 672/1077/11 673/1078/11 676/1079/11 658/1043/11 661/1046/11 677/1080/11 654/1081/11 657/1082/11 674/1083/11 670/1084/11
f 678/1085/2 679/1086/2 680/1087/2 681/1088/2
f 682/1089/1 683/1090/1 684/1091/1 685/1092/1
f 683/1090/3 686/1093/3 687/1094/3 688/1095/3 689/1096/3 690/1097/3 691/1098/3 692/1099/3 680/1100/3 679/1101/3 693/1102/3 684/1091/3
f 694/1103/4 691/1104/4 690/1105/4 695/1106/4
f 696/1107/149 688/1108/149 687/1109/149 697/1110/149
f 681/1088/315 680/1087/315 692/1111/315 698/1112/315
f 698/1113/325 692/1114/325 691/1104/325 694/1103/325
f 688/1108/317 696/1107/317 699/1115/317 689/1116/317
f 689/1116/318 699/1115/318 695/1106/318 690/1105/318
f 683/1090/319 682/1089/319 700/1117/319 686/1118/319
f 686/1118/320 700/1117/320 697/1110/320 687/1109/320
f 679/1086/321 678/1085/321 701/1119/321 693/1120/321
f 693/1120/322 701/1119/322 685/1092/322 684/1091/322
f 695/1121/11 699/1122/11 696/1123/11 697/1124/11 700/1125/11 682/1089/11 685/1092/11 701/1126/11 678/1127/11 681/1128/11 698/1129/11 694/1130/11
f 702/1131/2 703/1132/2 704/1133/2 705/1134/2
f 706/1135/1 707/1136/1 708/1137/1 709/1138/1
f 707/1136/3 710/1139/3 711/1140/3 712/1141/3 713/1142/3 714/1143/3 715/1144/3 716/1145/3 704/1146/3 703/1147/3 717/1148/3 708/1137/3
f 718/1149/4 715/1150/4 714/1151/4 719/1152/4
f 720/1153/149 712/1154/149 711/1155/149 721/1156/149
f 705/1134/315 704/1133/315 716/1157/315 722/1158/315
f 722/1159/316 716/1160/316 715/1150/316 718/1149/316
f 712/1154/317 720/1153/317 723/1161/317 713/1162/317
f 713/1162/318 723/1161/318 719/1152/318 714/1151/318
f 707/1136/323 706/1135/323 724/1163/323 710/1164/323
f 710/1164/320 724/1163/320 721/1156/320 711/1155/320
f 703/1132/321 702/1131/321 725/1165/321 717/1166/321
f 717/1166/324 725/1165/324 709/1138/324 708/1137/324
f 719/1167/11 723/1168/11 720/1169/11 721/1170/11 724/1171/11 706/1135/11 709/1138/11 725/1172/11 702/1173/11 705/1174/11 722/1175/11 718/1176/11
f 726/1177/2 727/1178/2 728/1179/2 729/1180/2
f 730/1181/1 731/1182/1 732/1183/1 733/1184/1
f 731/1182/3 734/1185/3 735/1186/3 736/1187/3 737/1188/3 738/1189/3 739/1190/3 740/1191/3 728/1192/3 727/1193/3 741/1194/3 732/1183/3
f 742/1195/4 739/1196/4 738/1197/4 743/1198/4
f 744/1199/149 736/1200/149 735/1201/149 745/1202/149
f 729/1180/315 728/1179/315 740/1203/315 746/1204/315
f 746/1205/325 740/1206/325 739/1196/325 742/1195/325
f 736/1200/317 744/1199/317 747/1207/317 737/1208/317
f 737/1208/318 747/1207/318 743/1198/318 738/1197/318
f 731/1182/323 730/1181/323 748/1209/323 734/1210/323
f 734/1210/320 748/1209/320 745/1202/320 735/1201/320
f 727/1178/321 726/1177/321 749/1211/321 741/1212/321
f 741/1212/324 749/1211/324 733/1184/324 732/1183/324
f 743/1213/11 747/1214/11 744/1215/11 745/1216/11 748/1217/11 730/1181/11 733/1184/11 749/1218/11 726/1219/11 729/1220/11 746/1221/11 742/1222/11
f 750/1223/2 751/1224/2 752/1225/2 753/1226/2
f 754/1227/1 755/1228/1 756/1229/1 757/1230/1
f 755/1228/3 758/1231/3 759/1232/3 760/1233/3 761/1234/3 762/1235/3 763/1236/3 764/1237/3 752/1238/3 751/1239/3 765/1240/3 756/1229/3
f 766/1241/4 763/1242/4 762/1243/4 767/1244/4
f 768/1245/149 760/1246/149 759/1247/149 769/1248/149
f 753/1226/329 752/1225/329 764/1249/329 770/1250/329
f 770/1251/325 764/1252/325 763/1242/325 766/1241/325
f 760/1246/330 768/1245/330 771/1253/330 761/1254/330
f 761/1254/318 771/1253/318 767/1244/318 762/1243/318
f 755/1228/323 754/1227/323 772/1255/323 758/1256/323
f 758/1256/320 772/1255/320 769/1248/320 759/1247/320
f 751/1224/321 750/1223/321 773/1257/321 765/1258/321
f 765/1258/324 773/1257/324 757/1230/324 756/1229/324
f 767/1259/11 771/1260/11 768/1261/11 769/1262/11 772/1263/11 754/1227/11 757/1230/11 773/1264/11 750/1265/11 753/1266/11 770/1267/11 766/1268/11
f 774/1269/2 775/1270/2 776/1271/2 777/1272/2
f 778/1273/1 779/1274/1 780/1275/1 781/1276/1
f 779/1274/3 782/1277/3 783/1278/3 784/1279/3 785/1280/3 786/1281/3 787/1282/3 788/1283/3 776/1284/3 775/1285/3 789/1286/3 780/1275/3
f 790/1287/4 787/1288/4 786/1289/4 791/1290/4
f 792/1291/149 784/1292/149 783/1293/149 793/1294/149
f 777/1272/315 776/1271/315 788/1295/315 794/1296/315
f 794/1297/325 788/1298/325 787/1288/325 790/1287/325
f 784/1292/317 792/1291/317 795/1299/317 785/1300/317
f 785/1300/318 795/1299/318 791/1290/318 786/1289/318
f 779/1274/323 778/1273/323 796/1301/323 782/1302/323
f 782/1302/331 796/1301/331 793/1294/331 783/1293/331
f 775/1270/327 774/1269/327 797/1303/327 789/1304/327
f 789/1304/324 797/1303/324 781/1276/324 780/1275/324
f 791/1305/11 795/1306/11 792/1307/11 793/1308/11 796/1309/11 778/1273/11 781/1276/11 797/1310/11 774/1311/11 777/1312/11 794/1313/11 790/1314/11
f 798/1315/2 799/1316/2 800/1317/2 801/1318/2
f 802/1319/1 803/1320/1 804/1321/1 805/1322/1
f 803/1320/3 806/1323/3 807/1324/3 808/1325/3 809/1326/3 810/1327/3 811/1328/3 812/1329/3 800/1330/3 799/1331/3 813/1332/3 804/1321/3
f 814/1333/4 811/1334/4 810/1335/4 815/1336/4
f 816/1337/149 808/1338/149 807/1339/149 817/1340/149
f 801/1318/315 800/1317/315 812/1341/315 818/1342/315
f 818/1343/316 812/1344/316 811/1334/316 814/1333/316
f 808/1338/332 816/1337/332 819/1345/332 809/1346/332
f 809/1346/333 819/1345/333 815/1336/333 810/1335/333
f 803/1320/323 802/1319/323 820/1347/323 806/1348/323
f 806/1348/334 820/1347/334 817/1340/334 807/1339/334
f 799/1316/321 798/1315/321 821/1349/321 813/1350/321
f 813/1350/324 821/1349/324 805/1322/324 804/1321/324
f 815/1351/11 819/1352/11 816/1353/11 817/1354/11 820/1355/11 802/1319/11 805/1322/11 821/1356/11 798/1357/11 801/1358/11 818/1359/11 814/1360/11
f 822/1361/2 823/1362/2 824/1363/2 825/1364/2
f 826/1365/1 827/1366/1 828/1367/1 829/1368/1
f 827/1366/3 830/1369/3 831/1370/3 832/1371/3 833/1372/3 834/1373/3 835/1374/3 836/1375/3 824/1376/3 823/1377/3 837/1378/3 828/1367/3
f 838/1379/4 835/1380/4 834/1381/4 839/1382/4
f 840/1383/149 832/1384/149 831/1385/149 841/1386/149
f 825/1364/315 824/1363/315 836/1387/315 842/1388/315
f 842/1389/325 836/1390/325 835/1380/325 838/1379/325
f 832/1384/332 840/1383/332 843/1391/332 833/1392/332
f 833/1392/318 843/1391/318 839/1382/318 834/1381/318
f 827/1366/323 826/1365/323 844/1393/323 830/1394/323
f 830/1394/334 844/1393/334 841/1386/334 831/1385/334
f 823/1362/321 822/1361/321 845/1395/321 837/1396/321
f 837/1396/324 845/1395/324 829/1368/324 828/1367/324
f 839/1397/11 843/1398/11 840/1399/11 841/1400/11 844/1401/11 826/1365/11 829/1368/11 845/1402/11 822/1403/11 825/1404/11 842/1405/11 838/1406/11
f 846/1407/2 847/1408/2 848/1409/2 849/1410/2
f 850/1411/1 851/1412/1 852/1413/1 853/1414/1
f 851/1412/3 854/1415/3 855/1416/3 856/1417/3 857/1418/3 858/1419/3 859/1420/3 860/1421/3 848/1422/3 847/1423/3 861/1424/3 852/1413/3
f 862/1425/4 859/1426/4 858/1427/4 863/1428/4
f 864/1429/149 856/1430/149 855/1431/149 865/1432/149
f 849/1410/315 848/1409/315 860/1433/315 866/1434/315
f 866/1435/325 860/1436/325 859/1426/325 862/1425/325
f 856/1430/332 864/1429/332 867/1437/332 857/1438/332
f 857/1438/318 867/1437/318 863/1428/318 858/1427/318
f 851/1412/319 850/1411/319 868/1439/319 854/1440/319
f 854/1440/334 868/1439/334 865/1432/334 855/1431/334
f 847/1408/321 846/1407/321 869/1441/321 861/1442/321
f 861/1442/322 869/1441/322 853/1414/322 852/1413/322
f 863/1443/11 867/1444/11 864/1445/11 865/1446/11 868/1447/11 850/1411/11 853/1414/11 869/1448/11 846/1449/11 849/1450/11 866/1451/11 862/1452/11
f 870/1453/2 871/1454/2 872/1455/2 873/1456/2
f 874/1457/1 875/1458/1 876/1459/1 877/1460/1
f 875/1458/3 878/1461/3 879/1462/3 880/1463/3 881/1464/3 882/1465/3 883/1466/3 884/1467/3 872/1468/3 871/1469/3 885/1470/3 876/1459/3
f 886/1471/4 883/1472/4 882/1473/4 887/1474/4
f 888/1475/149 880/1476/149 879/1477/149 889/1478/149
f 873/1456/315 872/1455/315 884/1479/315 890/1480/315
f 890/1481/316 884/1482/316 883/1472/316 886/1471/316
f 880/1476/332 888/1475/332 891/1483/332 881/1484/332
f 881/1484/333 891/1483/333 887/1474/333 882/1473/333
f 875/1458/319 874/1457/319 892/1485/319 878/1486/319
f 878/1486/334 892/1485/334 889/1478/334 879/1477/334
f 871/1454/321 870/1453/321 893/1487/321 885/1488/321
f 885/1488/322 893/1487/322 877/1460/322 876/1459/322
f 887/1489/11 891/1490/11 888/1491/11 889/1492/11 892/1493/11 874/1457/11 877/1460/11 893/1494/11 870/1495/11 873/1496/11 890/1497/11 886/1498/11
f 894/1499/2 895/1500/2 896/1501/2 897/1502/2
f 898/1503/1 899/1504/1 900/1505/1 901/1506/1
f 899/1504/3 902/1507/3 903/1508/3 904/1509/3 905/1510/3 906/1511/3 907/1512/3 908/1513/3 896/1514/3 895/1515/3 909/1516/3 900/1505/3
f 910/1517/4 907/1518/4 906/1519/4 911/1520/4
f 912/1521/149 904/1522/149 903/1523/149 913/1524/149
f 897/1502/315 896/1501/315 908/1525/315 914/1526/315
f 914/1527/325 908/1528/325 907/1518/325 910/1517/325
f 904/1522/332 912/1521/332 915/1529/332 905/1530/332
f 905/1530/318 915/1529/318 911/1520/318 906/1519/318
f 899/1504/323 898/1503/323 916/1531/323 902/1532/323
f 902/1532/334 916/1531/334 913/1524/334 903/1523/334
f 895/1500/321 894/1499/321 917/1533/321 909/1534/321
f 909/1534/324 917/1533/324 901/1506/324 900/1505/324
f 911/1535/11 915/1536/11 912/1537/11 913/1538/11 916/1539/11 898/1503/11 901/1506/11 917/1540/11 894/1541/11 897/1542/11 914/1543/11 910/1544/11
f 918/1545/2 919/1546/2 920/1547/2 921/1548/2
f 922/1549/1 923/1550/1 924/1551/1 925/1552/1
f 923/1550/3 926/1553/3 927/1554/3 928/1555/3 929/1556/3 930/1557/3 931/1558/3 932/1559/3 920/1560/3 919/1561/3 933/1562/3 924/1551/3
f 934/1563/4 931/1564/4 930/1565/4 935/1566/4
f 936/1567/149 928/1568/149 927/1569/149 937/1570/149
f 921/1548/315 920/1547/315 932/1571/315 938/1572/315
f 938/1573/325 932/1574/325 931/1564/325 934/1563/325
f 928/1568/332 936/1567/332 939/1575/332 929/1576/332
f 929/1576/318 939/1575/318 935/1566/318 930/1565/318
f 923/1550/323 922/1549/323 940/1577/323 926/1578/323
f 926/1578/334 940/1577/334 937/1570/334 927/1569/334
f 919/1546/321 918/1545/321 941/1579/321 933/1580/321
f 933/1580/324 941/1579/324 925/1552/324 924/1551/324
f 935/1581/11 939/1582/11 936/1583/11 937/1584/11 940/1585/11 922/1549/11 925/1552/11 941/1586/11 918/1587/11 921/1588/11 938/1589/11 934/1590/11
f 942/1591/2 943/1592/2 944/1593/2 945/1594/2
f 946/1595/1 947/1596/1 948/1597/1 949/1598/1
f 947/1596/3 950/1599/3 951/1600/3 952/1601/3 953/1602/3 954/1603/3 955/1604/3 956/1605/3 944/1606/3 943/1607/3 957/1608/3 948/1597/3
f 958/1609/4 955/1610/4 954/1611/4 959/1612/4
f 960/1613/149 952/1614/149 951/1615/149 961/1616/149
f 945/1594/315 944/1593/315 956/1617/315 962/1618/315
f 962/1619/325 956/1620/325 955/1610/325 958/1609/325
f 952/1614/332 960/1613/332 963/1621/332 953/1622/332
f 953/1622/318 963/1621/318 959/1612/318 954/1611/318
f 947/1596/323 946/1595/323 964/1623/323 950/1624/323
f 950/1624/334 964/1623/334 961/1616/334 951/1615/334
f 943/1592/321 942/1591/321 965/1625/321 957/1626/321
f 957/1626/324 965/1625/324 949/1598/324 948/1597/324
f 959/1627/11 963/1628/11 960/1629/11 961/1630/11 964/1631/11 946/1595/11 949/1598/11 965/1632/11 942/1633/11 945/1634/11 962/1635/11 958/1636/11
f 966/1637/2 967/1638/2 968/1639/2 969/1640/2
f 970/1641/1 971/1642/1 972/1643/1 973/1644/1
f 971/1642/3 974/1645/3 975/1646/3 976/1647/3 977/1648/3 978/1649/3 979/1650/3 980/1651/3 968/1652/3 967/1653/3 981/1654/3 972/1643/3
f 982/1655/4 979/1656/4 978/1657/4 983/1658/4
f 984/1659/149 976/1660/149 975/1661/149 985/1662/149
f 969/1640/315 968/1639/315 980/1663/315 986/1664/315
f 986/1665/325 980/1666/325 979/1656/325 982/1655/325
f 976/1660/332 984/1659/332 987/1667/332 977/1668/332
f 977/1668/318 987/1667/318 983/1658/318 978/1657/318
f 971/1642/319 970/1641/319 988/1669/319 974/1670/319
f 974/1670/334 988/1669/334 985/1662/334 975/1661/334
f 967/1638/321 966/1637/321 989/1671/321 981/1672/321
f 981/1672/322 989/1671/322 973/1644/322 972/1643/322
f 983/1673/11 987/1674/11 984/1675/11 985/1676/11 988/1677/11 970/1641/11 973/1644/11 989/1678/11 966/1679/11 969/1680/11 986/1681/11 982/1682/11
f 990/1683/2 991/1684/2 992/1685/2 993/1686/2
f 994/1687/1 995/1688/1 996/1689/1 997/1690/1
f 995/1688/3 998/1691/3 999/1692/3 1000/1693/3 1001/1694/3 1002/1695/3 1003/1696/3 1004/1697/3 992/1698/3 991/1699/3 1005/1700/3 996/1689/3
f 1006/1701/4 1003/1702/4 1002/1703/4 1007/1704/4
f 1008/1705/149 1000/1706/149 999/1707/149 1009/1708/149
f 993/1686/315 992/1685/315 1004/1709/315 1010/1710/315
f 1010/1711/325 1004/1712/325 1003/1702/325 1006/1701/325
f 1000/1706/332 1008/1705/332 1011/1713/332 1001/1714/332
f 1001/1714/318 1011/1713/318 1007/1704/318 1002/1703/318
f 995/1688/323 994/1687/323 1012/1715/323 998/1716/323
f 998/1716/334 1012/1715/334 1009/1708/334 999/1707/334
f 991/1684/321 990/1683/321 1013/1717/321 1005/1718/321
f 1005/1718/324 1013/1717/324 997/1690/324 996/1689/324
f 1007/1719/11 1011/1720/11 1008/1721/11 1009/1722/11 1012/1723/11 994/1687/11 997/1690/11 1013/1724/11 990/1725/11 993/1726/11 1010/1727/11 1006/1728/11
f 1014/1729/2 1015/1730/2 1016/1731/2 1017/1732/2
f 1018/1733/1 1019/1734/1 1020/1735/1 1021/1736/1
f 1019/1734/3 1022/1737/3 1023/1738/3 1024/1739/3 1025/1740/3 1026/1741/3 1027/1742/3 1028/1743/3 1016/1744/3 1015/1745/3 1029/1746/3 1020/1735/3
f 1030/1747/4 1027/1748/4 1026/1749/4 1031/1750/4
f 1032/1751/149 1024/1752/149 1023/1753/149 1033/1754/149
f 1017/1732/315 1016/1731/315 1028/1755/315 1034/1756/315
f 1034/1757/325 1028/1758/325 1027/1748/325 1030/1747/325
f 1024/1752/332 1032/1751/332 1035/1759/332 1025/1760/332
f 1025/1760/318 1035/1759/318 1031/1750/318 1026/1749/318
f 1019/1734/323 1018/1733/323 1036/1761/323 1022/1762/323
f 1022/1762/320 1036/1761/320 1033/1754/320 1023/1753/320
f 1015/1730/321 1014/1729/321 1037/1763/321 1029/1764/321
f 1029/1764/324 1037/1763/324 1021/1736/324 1020/1735/324
f 1031/1765/11 1035/1766/11 1032/1767/11 1033/1768/11 1036/1769/11 1018/1733/11 1021/1736/11 1037/1770/11 1014/1771/11 1017/1772/11 1034/1773/11 1030/1774/11
f 1038/1775/2 1039/1776/2 1040/1777/2 1041/1778/2
f 1042/1779/1 1043/1780/1 1044/1781/1 1045/1782/1
f 1043/1780/3 1046/1783/3 1047/1784/3 1048/1785/3 1049/1786/3 1050/1787/3 1051/1788/3 1052/1789/3 1040/1790/3 1039/1791/3 1053/1792/3 1044/1781/3
f 1054/1793/4 1051/1794/4 1050/1795/4 1055/1796/4
f 1056/1797/149 1048/1798/149 1047/1799/149 1057/1800/149
f 1041/1778/315 1040/1777/315 1052/1801/315 1058/1802/315
f 1058/1803/316 1052/1804/316 1051/1794/316 1054/1793/316
f 1048/1798/332 1056/1797/332 1059/1805/332 1049/1806/332
f 1049/1806/333 1059/1805/333 1055/1796/333 1050/1795/333
f 1043/1780/335 1042/1779/335 1060/1807/335 1046/1808/335
f 1046/1808/334 1060/1807/334 1057/1800/334 1047/1799/334
f 1039/1776/321 1038/1775/321 1061/1809/321 1053/1810/321
f 1053/1810/336 1061/1809/336 1045/1782/336 1044/1781/336
f 1055/1811/11 1059/1812/11 1056/1813/11 1057/1814/11 1060/1815/11 1042/1779/11 1045/1782/11 1061/1816/11 1038/1817/11 1041/1818/11 1058/1819/11 1054/1820/11
f 1062/1821/2 1063/1822/2 1064/1823/2 1065/1824/2
f 1066/1825/1 1067/1826/1 1068/1827/1 1069/1828/1
f 1067/1826/3 1070/1829/3 1071/1830/3 1072/1831/3 1073/1832/3 1074/1833/3 1075/1834/3 1076/1835/3 1064/1836/3 1063/1837/3 1077/1838/3 1068/1827/3
f 1078/1839/4 1075/1840/4 1074/1841/4 1079/1842/4
f 1080/1843/149 1072/1844/149 1071/1845/149 1081/1846/149
f 1065/1824/315 1064/1823/315 1076/1847/315 1082/1848/315
f 1082/1849/316 1076/1850/316 1075/1840/316 1078/1839/316
f 1072/1844/332 1080/1843/332 1083/1851/332 1073/1852/332
f 1073/1852/333 1083/1851/333 1079/1842/333 1074/1841/333
f 1067/1826/335 1066/1825/335 1084/1853/335 1070/1854/335
f 1070/1854/334 1084/1853/334 1081/1846/334 1071/1845/334
f 1063/1822/321 1062/1821/321 1085/1855/321 1077/1856/321
f 1077/1856/336 1085/1855/336 1069/1828/336 1068/1827/336
f 1079/1857/11 1083/1858/11 1080/1859/11 1081/1860/11 1084/1861/11 1066/1825/11 1069/1828/11 1085/1862/11 1062/1863/11 1065/1864/11 1082/1865/11 1078/1866/11
f 1086/1867/2 1087/1868/2 1088/1869/2 1089/1870/2
f 1090/1871/1 1091/1872/1 1092/1873/1 1093/1874/1
f 1091/1872/3 1094/1875/3 1095/1876/3 1096/1877/3 1097/1878/3 1098/1879/3 1099/1880/3 1100/1881/3 1088/1882/3 1087/1883/3 1101/1884/3 1092/1873/3
f 1102/1885/4 1099/1886/4 1098/1887/4 1103/1888/4
f 1104/1889/149 1096/1890/149 1095/1891/149 1105/1892/149
f 1089/1870/337 1088/1869/337 1100/1893/337 1106/1894/337
f 1106/1895/316 1100/1896/316 1099/1886/316 1102/1885/316
f 1096/1890/317 1104/1889/317 1107/1897/317 1097/1898/317
f 1097/1898/333 1107/1897/333 1103/1888/333 1098/1887/333
f 1091/1872/323 1090/1871/323 1108/1899/323 1094/1900/323
f 1094/1900/320 1108/1899/320 1105/1892/320 1095/1891/320
f 1087/1868/321 1086/1867/321 1109/1901/321 1101/1902/321
f 1101/1902/324 1109/1901/324 1093/1874/324 1092/1873/324
f 1103/1903/11 1107/1904/11 1104/1905/11 1105/1906/11 1108/1907/11 1090/1871/11 1093/1874/11 1109/1908/11 1086/1909/11 1089/1910/11 1106/1911/11 1102/1912/11
f 1110/1913/2 1111/1914/2 1112/1915/2 1113/1916/2
f 1114/1917/1 1115/1918/1 1116/1919/1 1117/1920/1
f 1115/1918/3 1118/1921/3 1119/1922/3 1120/1923/3 1121/1924/3 1122/1925/3 1123/1926/3 1124/1927/3 1112/1928/3 1111/1929/3 1125/1930/3 1116/1919/3
f 1126/1931/4 1123/1932/4 1122/1933/4 1127/1934/4
f 1128/1935/149 1120/1936/149 1119/1937/149 1129/1938/149
f 1113/1916/315 1112/1915/315 1124/1939/315 1130/1940/315
f 1130/1941/316 1124/1942/316 1123/1932/316 1126/1931/316
f 1120/1936/317 1128/1935/317 1131/1943/317 1121/1944/317
f 1121/1944/333 1131/1943/333 1127/1934/333 1122/1933/333
f 1115/1918/319 1114/1917/319 1132/1945/319 1118/1946/319
f 1118/1946/320 1132/1945/320 1129/1938/320 1119/1937/320
f 1111/1914/321 1110/1913/321 1133/1947/321 1125/1948/321
f 1125/1948/322 1133/1947/322 1117/1920/322 1116/1919/322
f 1127/1949/11 1131/1950/11 1128/1951/11 1129/1952/11 1132/1953/11 1114/1917/11 1117/1920/11 1133/1954/11 1110/1955/11 1113/1956/11 1130/1957/11 1126/1958/11
f 1134/1959/2 1135/1960/2 1136/1961/2 1137/1962/2
f 1138/1963/1 1139/1964/1 1140/1965/1 1141/1966/1
f 1139/1964/3 1142/1967/3 1143/1968/3 1144/1969/3 1145/1970/3 1146/1971/3 1147/1972/3 1148/1973/3 1136/1974/3 1135/1975/3 1149/1976/3 1140/1965/3
f 1150/1977/4 1147/1978/4 1146/1979/4 1151/1980/4
f 1152/1981/149 1144/1982/149 1143/1983/149 1153/1984/149
f 1137/1962/315 1136/1961/315 1148/1985/315 1154/1986/315
f 1154/1987/316 1148/1988/316 1147/1978/316 1150/1977/316
f 1144/1982/317 1152/1981/317 1155/1989/317 1145/1990/317
f 1145/1990/333 1155/1989/333 1151/1980/333 1146/1979/333
f 1139/1964/335 1138/1963/335 1156/1991/335 1142/1992/335
f 1142/1992/320 1156/1991/320 1153/1984/320 1143/1983/320
f 1135/1960/321 1134/1959/321 1157/1993/321 1149/1994/321
f 1149/1994/336 1157/1993/336 1141/1966/336 1140/1965/336
f 1151/1995/11 1155/1996/11 1152/1997/11 1153/1998/11 1156/1999/11 1138/1963/11 1141/1966/11 1157/2000/11 1134/2001/11 1137/2002/11 1154/2003/11 1150/2004/11
f 1158/2005/2 1159/2006/2 1160/2007/2 1161/2008/2
f 1162/2009/1 1163/2010/1 1164/2011/1 1165/2012/1
f 1163/2010/3 1166/2013/3 1167/2014/3 1168/2015/3 1169/2016/3 1170/2017/3 1171/2018/3 1172/2019/3 1160/2020/3 1159/2021/3 1173/2022/3 1164/2011/3
f 1174/2023/4 1171/2024/4 1170/2025/4 1175/2026/4
f 1176/2027/149 1168/2028/149 1167/2029/149 1177/2030/149
f 1161/2008/337 1160/2007/337 1172/2031/337 1178/2032/337
f 1178/2033/316 1172/2034/316 1171/2024/316 1174/2023/316
f 1168/2028/317 1176/2027/317 1179/2035/317 1169/2036/317
f 1169/2036/338 1179/2035/338 1175/2026/338 1170/2025/338
f 1163/2010/335 1162/2009/335 1180/2037/335 1166/2038/335
f 1166/2038/320 1180/2037/320 1177/2030/320 1167/2029/320
f 1159/2006/339 1158/2005/339 1181/2039/339 1173/2040/339
f 1173/2040/324 1181/2039/324 1165/2012/324 1164/2011/324
f 1175/2041/11 1179/2042/11 1176/2043/11 1177/2044/11 1180/2045/11 1162/2009/11 1165/2012/11 1181/2046/11 1158/2047/11 1161/2048/11 1178/2049/11 1174/2050/11
f 1182/2051/2 1183/2052/2 1184/2053/2 1185/2054/2
f 1186/2055/1 1187/2056/1 1188/2057/1 1189/2058/1
f 1187/2056/3 1190/2059/3 1191/2060/3 1192/2061/3 1193/2062/3 1194/2063/3 1195/2064/3 1196/2065/3 1184/2066/3 1183/2067/3 1197/2068/3 1188/2057/3
f 1198/2069/4 1195/2070/4 1194/2071/4 1199/2072/4
f 1200/2073/149 1192/2074/149 1191/2075/149 1201/2076/149
f 1185/2054/315 1184/2053/315 1196/2077/315 1202/2078/315
f 1202/2079/316 1196/2080/316 1195/2070/316 1198/2069/316
f 1192/2074/332 1200/2073/332 1203/2081/332 1193/2082/332
f 1193/2082/333 1203/2081/333 1199/2072/333 1194/2071/333
f 1187/2056/323 1186/2055/323 1204/2083/323 1190/2084/323
f 1190/2084/334 1204/2083/334 1201/2076/334 1191/2075/334
f 1183/2052/321 1182/2051/321 1205/2085/321 1197/2086/321
f 1197/2086/322 1205/2085/322 1189/2058/322 1188/2057/322
f 1199/2087/11 1203/2088/11 1200/2089/11 1201/2090/11 1204/2091/11 1186/2055/11 1189/2058/11 1205/2092/11 1182/2093/11 1185/2094/11 1202/2095/11 1198/2096/11
f 1206/2097/2 1207/2098/2 1208/2099/2 1209/2100/2
f 1210/2101/1 1211/2102/1 1212/2103/1 1213/2104/1
f 1211/2102/3 1214/2105/3 1215/2106/3 1216/2107/3 1217/2108/3 1218/2109/3 1219/2110/3 1220/2111/3 1208/2112/3 1207/2113/3 1221/2114/3 1212/2103/3
f 1222/2115/4 1219/2116/4 1218/2117/4 1223/2118/4
f 1224/2119/149 1216/2120/149 1215/2121/149 1225/2122/149
f 1209/2100/329 1208/2099/329 1220/2123/329 1226/2124/329
f 1226/2125/325 1220/2126/325 1219/2116/325 1222/2115/325
f 1216/2120/340 1224/2119/340 1227/2127/340 1217/2128/340
f 1217/2128/318 1227/2127/318 1223/2118/318 1218/2117/318
f 1211/2102/323 1210/2101/323 1228/2129/323 1214/2130/323
f 1214/2130/334 1228/2129/334 1225/2122/334 1215/2121/334
f 1207/2098/321 1206/2097/321 1229/2131/321 1221/2132/321
f 1221/2132/324 1229/2131/324 1213/2104/324 1212/2103/324
f 1223/2133/11 1227/2134/11 1224/2135/11 1225/2136/11 1228/2137/11 1210/2101/11 1213/2104/11 1229/2138/11 1206/2139/11 1209/2140/11 1226/2141/11 1222/2142/11
f 1230/2143/2 1231/2144/2 1232/2145/2 1233/2146/2
f 1234/2147/1 1235/2148/1 1236/2149/1 1237/2150/1
f 1235/2148/3 1238/2151/3 1239/2152/3 1240/2153/3 1241/2154/3 1242/2155/3 1243/2156/3 1244/2157/3 1232/2158/3 1231/2159/3 1245/2160/3 1236/2149/3
f 1246/2161/4 1243/2162/4 1242/2163/4 1247/2164/4
f 1248/2165/149 1240/2166/149 1239/2167/149 1249/2168/149
f 1233/2146/315 1232/2145/315 1244/2169/315 1250/2170/315
f 1250/2171/325 1244/2172/325 1243/2162/325 1246/2161/325
f 1240/2166/332 1248/2165/332 1251/2173/332 1241/2174/332
f 1241/2174/318 1251/2173/318 1247/2164/318 1242/2163/318
f 1235/2148/323 1234/2147/323 1252/2175/323 1238/2176/323
f 1238/2176/334 1252/2175/334 1249/2168/334 1239/2167/334
f 1231/2144/321 1230/2143/321 1253/2177/321 1245/2178/321
f 1245/2178/324 1253/2177/324 1237/2150/324 1236/2149/324
f 1247/2179/11 1251/2180/11 1248/2181/11 1249/2182/11 1252/2183/11 1234/2147/11 1237/2150/11 1253/2184/11 1230/2185/11 1233/2186/11 1250/2187/11 1246/2188/11
f 1254/2189/2 1255/2190/2 1256/2191/2 1257/2192/2
f 1258/2193/1 1259/2194/1 1260/2195/1 1261/2196/1
f 1259/2194/3 1262/2197/3 1263/2198/3 1264/2199/3 1265/2200/3 1266/2201/3 1267/2202/3 1268/2203/3 1256/2204/3 1255/2205/3 1269/2206/3 1260/2195/3
f 1270/2207/4 1267/2208/4 1266/2209/4 1271/2210/4
f 1272/2211/149 1264/2212/149 1263/2213/149 1273/2214/149
f 1257/2192/315 1256/2191/315 1268/2215/315 1274/2216/315
f 1274/2217/325 1268/2218/325 1267/2208/325 1270/2207/325
f 1264/2212/332 1272/2211/332 1275/2219/332 1265/2220/332
f 1265/2220/318 1275/2219/318 1271/2210/318 1266/2209/318
f 1259/2194/319 1258/2193/319 1276/2221/319 1262/2222/319
f 1262/2222/334 1276/2221/334 1273/2214/334 1263/2213/334
f 1255/2190/321 1254/2189/321 1277/2223/321 1269/2224/321
f 1269/2224/322 1277/2223/322 1261/2196/322 1260/2195/322
f 1271/2225/11 1275/2226/11 1272/2227/11 1273/2228/11 1276/2229/11 1258/2193/11 1261/2196/11 1277/2230/11 1254/2231/11 1257/2232/11 1274/2233/11 1270/2234/11
f 1278/2235/2 1279/2236/2 1280/2237/2 1281/2238/2
f 1282/2239/1 1283/2240/1 1284/2241/1 1285/2242/1
f 1283/2240/3 1286/2243/3 1287/2244/3 1288/2245/3 1289/2246/3 1290/2247/3 1291/2248/3 1292/2249/3 1280/2250/3 1279/2251/3 1293/2252/3 1284/2241/3
f 1294/2253/4 1291/2254/4 1290/2255/4 1295/2256/4
f 1296/2257/149 1288/2258/149 1287/2259/149 1297/2260/149
f 1281/2238/315 1280/2237/315 1292/2261/315 1298/2262/315
f 1298/2263/325 1292/2264/325 1291/2254/325 1294/2253/325
f 1288/2258/317 1296/2257/317 1299/2265/317 1289/2266/317
f 1289/2266/318 1299/2265/318 1295/2256/318 1290/2255/318
f 1283/2240/323 1282/2239/323 1300/2267/323 1286/2268/323
f 1286/2268/334 1300/2267/334 1297/2260/334 1287/2259/334
f 1279/2236/321 1278/2235/321 1301/2269/321 1293/2270/321
f 1293/2270/324 1301/2269/324 1285/2242/324 1284/2241/324
f 1295/2271/11 1299/2272/11 1296/2273/11 1297/2274/11 1300/2275/11 1282/2239/11 1285/2242/11 1301/2276/11 1278/2277/11 1281/2278/11 1298/2279/11 1294/2280/11
f 1302/2281/2 1303/2282/2 1304/2283/2 1305/2284/2
f 1306/2285/1 1307/2286/1 1308/2287/1 1309/2288/1
f 1307/2286/3 1310/2289/3 1311/2290/3 1312/2291/3 1313/2292/3 1314/2293/3 1315/2294/3 1316/2295/3 1304/2296/3 1303/2297/3 1317/2298/3 1308/2287/3
f 1318/2299/4 1315/2300/4 1314/2301/4 1319/2302/4
f 1320/2303/149 1312/2304/149 1311/2305/149 1321/2306/149
f 1305/2284/315 1304/2283/315 1316/2307/315 1322/2308/315
f 1322/2309/316 1316/2310/316 1315/2300/316 1318/2299/316
f 1312/2304/332 1320/2303/332 1323/2311/332 1313/2312/332
f 1313/2312/333 1323/2311/333 1319/2302/333 1314/2301/333
f 1307/2286/319 1306/2285/319 1324/2313/319 1310/2314/319
f 1310/2314/334 1324/2313/334 1321/2306/334 1311/2305/334
f 1303/2282/321 1302/2281/321 1325/2315/321 1317/2316/321
f 1317/2316/322 1325/2315/322 1309/2288/322 1308/2287/322
f 1319/2317/11 1323/2318/11 1320/2319/11 1321/2320/11 1324/2321/11 1306/2285/11 1309/2288/11 1325/2322/11 1302/2323/11 1305/2324/11 1322/2325/11 1318/2326/11
f 1326/2327/2 1327/2328/2 1328/2329/2 1329/2330/2
f 1330/2331/1 1331/2332/1 1332/2333/1 1333/2334/1
f 1331/2332/3 1334/2335/3 1335/2336/3 1336/2337/3 1337/2338/3 1338/2339/3 1339/2340/3 1340/2341/3 1328/2342/3 1327/2343/3 1341/2344/3 1332/2333/3
f 1342/2345/4 1339/2346/4 1338/2347/4 1343/2348/4
f 1344/2349/149 1336/2350/149 1335/2351/149 1345/2352/149
f 1329/2330/315 1328/2329/315 1340/2353/315 1346/2354/315
f 1346/2355/325 1340/2356/325 1339/2346/325 1342/2345/325
f 1336/2350/332 1344/2349/332 1347/2357/332 1337/2358/332
f 1337/2358/318 1347/2357/318 1343/2348/318 1338/2347/318
f 1331/2332/319 1330/2331/319 1348/2359/319 1334/2360/319
f 1334/2360/334 1348/2359/334 1345/2352/334 1335/2351/334
f 1327/2328/321 1326/2327/321 1349/2361/321 1341/2362/321
f 1341/2362/322 1349/2361/322 1333/2334/322 1332/2333/322
f 1343/2363/11 1347/2364/11 1344/2365/11 1345/2366/11 1348/2367/11 1330/2331/11 1333/2334/11 1349/2368/11 1326/2369/11 1329/2370/11 1346/2371/11 1342/2372/11
f 1350/2373/2 1351/2374/2 1352/2375/2 1353/2376/2
f 1354/2377/1 1355/2378/1 1356/2379/1 1357/2380/1
f 1355/2378/3 1358/2381/3 1359/2382/3 1360/2383/3 1361/2384/3 1362/2385/3 1363/2386/3 1364/2387/3 1352/2388/3 1351/2389/3 1365/2390/3 1356/2379/3
f 1366/2391/4 1363/2392/4 1362/2393/4 1367/2394/4
f 1368/2395/149 1360/2396/149 1359/2397/149 1369/2398/149
f 1353/2376/315 1352/2375/315 1364/2399/315 1370/2400/315
f 1370/2401/316 1364/2402/316 1363/2392/316 1366/2391/316
f 1360/2396/317 1368/2395/317 1371/2403/317 1361/2404/317
f 1361/2404/333 1371/2403/333 1367/2394/333 1362/2393/333
f 1355/2378/323 1354/2377/323 1372/2405/323 1358/2406/323
f 1358/2406/320 1372/2405/320 1369/2398/320 1359/2397/320
f 1351/2374/321 1350/2373/321 1373/2407/321 1365/2408/321
f 1365/2408/324 1373/2407/324 1357/2380/324 1356/2379/324
f 1367/2409/11 1371/2410/11 1368/2411/11 1369/2412/11 1372/2413/11 1354/2377/11 1357/2380/11 1373/2414/11 1350/2415/11 1353/2416/11 1370/2417/11 1366/2418/11
f 1374/2419/2 1375/2420/2 1376/2421/2 1377/2422/2
f 1378/2423/1 1379/2424/1 1380/2425/1 1381/2426/1
f 1379/2424/3 1382/2427/3 1383/2428/3 1384/2429/3 1385/2430/3 1386/2431/3 1387/2432/3 1388/2433/3 1376/2434/3 1375/2435/3 1389/2436/3 1380/2425/3
f 1390/2437/4 1387/2438/4 1386/2439/4 1391/2440/4
f 1392/2441/149 1384/2442/149 1383/2443/149 1393/2444/149
f 1377/2422/315 1376/2421/315 1388/2445/315 1394/2446/315
f 1394/2447/316 1388/2448/316 1387/2438/316 1390/2437/316
f 1384/2442/332 1392/2441/332 1395/2449/332 1385/2450/332
f 1385/2450/333 1395/2449/333 1391/2440/333 1386/2439/333
f 1379/2424/323 1378/2423/323 1396/2451/323 1382/2452/323
f 1382/2452/334 1396/2451/334 1393/2444/334 1383/2443/334
f 1375/2420/321 1374/2419/321 1397/2453/321 1389/2454/321
f 1389/2454/324 1397/2453/324 1381/2426/324 1380/2425/324
f 1391/2455/11 1395/2456/11 1392/2457/11 1393/2458/11 1396/2459/11 1378/2423/11 1381/2426/11 1397/2460/11 1374/2461/11 1377/2462/11 1394/2463/11 1390/2464/11
f 1398/2465/2 1399/2466/2 1400/2467/2 1401/2468/2
f 1402/2469/1 1403/2470/1 1404/2471/1 1405/2472/1
f 1403/2470/3 1406/2473/3 1407/2474/3 1408/2475/3 1409/2476/3 1410/2477/3 1411/2478/3 1412/2479/3 1400/2480/3 1399/2481/3 1413/2482/3 1404/2471/3
f 1414/2483/4 1411/2484/4 1410/2485/4 1415/2486/4
f 1416/2487/149 1408/2488/149 1407/2489/149 1417/2490/149
f 1401/2468/337 1400/2467/337 1412/2491/337 1418/2492/337
f 1418/2493/325 1412/2494/325 1411/2484/325 1414/2483/325
f 1408/2488/317 1416/2487/317 1419/2495/317 1409/2496/317
f 1409/2496/341 1419/2495/341 1415/2486/341 1410/2485/341
f 1403/2470/342 1402/2469/342 1420/2497/342 1406/2498/342
f 1406/2498/320 1420/2497/320 1417/2490/320 1407/2489/320
f 1399/2466/339 1398/2465/339 1421/2499/339 1413/2500/339
f 1413/2500/322 1421/2499/322 1405/2472/322 1404/2471/322
f 1415/2501/11 1419/2502/11 1416/2503/11 1417/2504/11 1420/2505/11 1402/2469/11 1405/2472/11 1421/2506/11 1398/2507/11 1401/2508/11 1418/2509/11 1414/2510/11
f 1422/2511/2 1423/2512/2 1424/2513/2 1425/2514/2
f 1426/2515/1 1427/2516/1 1428/2517/1 1429/2518/1
f 1427/2516/3 1430/2519/3 1431/2520/3 1432/2521/3 1433/2522/3 1434/2523/3 1435/2524/3 1436/2525/3 1424/2526/3 1423/2527/3 1437/2528/3 1428/2517/3
f 1438/2529/4 1435/2530/4 1434/2531/4 1439/2532/4
f 1440/2533/149 1432/2534/149 1431/2535/149 1441/2536/149
f 1425/2514/337 1424/2513/337 1436/2537/337 1442/2538/337
f 1442/2539/325 1436/2540/325 1435/2530/325 1438/2529/325
f 1432/2534/317 1440/2533/317 1443/2541/317 1433/2542/317
f 1433/2542/341 1443/2541/341 1439/2532/341 1434/2531/341
f 1427/2516/335 1426/2515/335 1444/2543/335 1430/2544/335
f 1430/2544/320 1444/2543/320 1441/2536/320 1431/2535/320
f 1423/2512/339 1422/2511/339 1445/2545/339 1437/2546/339
f 1437/2546/324 1445/2545/324 1429/2518/324 1428/2517/324
f 1439/2547/11 1443/2548/11 1440/2549/11 1441/2550/11 1444/2551/11 1426/2515/11 1429/2518/11 1445/2552/11 1422/2553/11 1425/2554/11 1442/2555/11 1438/2556/11
f 1446/2557/2 1447/2558/2 1448/2559/2 1449/2560/2
f 1450/2561/1 1451/2562/1 1452/2563/1 1453/2564/1
f 1451/2562/3 1454/2565/3 1455/2566/3 1456/2567/3 1457/2568/3 1458/2569/3 1459/2570/3 1460/2571/3 1448/2572/3 1447/2573/3 1461/2574/3 1452/2563/3
f 1462/2575/4 1459/2576/4 1458/2577/4 1463/2578/4
f 1464/2579/149 1456/2580/149 1455/2581/149 1465/2582/149
f 1449/2560/337 1448/2559/337 1460/2583/337 1466/2584/337
f 1466/2585/325 1460/2586/325 1459/2576/325 1462/2575/325
f 1456/2580/317 1464/2579/317 1467/2587/317 1457/2588/317
f 1457/2588/341 1467/2587/341 1463/2578/341 1458/2577/341
f 1451/2562/335 1450/2561/335 1468/2589/335 1454/2590/335
f 1454/2590/320 1468/2589/320 1465/2582/320 1455/2581/320
f 1447/2558/339 1446/2557/339 1469/2591/339 1461/2592/339
f 1461/2592/324 1469/2591/324 1453/2564/324 1452/2563/324
f 1463/2593/11 1467/2594/11 1464/2595/11 1465/2596/11 1468/2597/11 1450/2561/11 1453/2564/11 1469/2598/11 1446/2599/11 1449/2600/11 1466/2601/11 1462/2602/11
f 1470/2603/2 1471/2604/2 1472/2605/2 1473/2606/2
f 1474/2607/1 1475/2608/1 1476/2609/1 1477/2610/1
f 1475/2608/3 1478/2611/3 1479/2612/3 1480/2613/3 1481/2614/3 1482/2615/3 1483/2616/3 1484/2617/3 1472/2618/3 1471/2619/3 1485/2620/3 1476/2609/3
f 1486/2621/4 1483/2622/4 1482/2623/4 1487/2624/4
f 1488/2625/149 1480/2626/149 1479/2627/149 1489/2628/149
f 1473/2606/337 1472/2605/337 1484/2629/337 1490/2630/337
f 1490/2631/325 1484/2632/325 1483/2622/325 1486/2621/325
f 1480/2626/317 1488/2625/317 1491/2633/317 1481/2634/317
f 1481/2634/341 1491/2633/341 1487/2624/341 1482/2623/341
f 1475/2608/342 1474/2607/342 1492/2635/342 1478/2636/342
f 1478/2636/320 1492/2635/320 1489/2628/320 1479/2627/320
f 1471/2604/339 1470/2603/339 1493/2637/339 1485/2638/339
f 1485/2638/322 1493/2637/322 1477/2610/322 1476/2609/322
f 1487/2639/11 1491/2640/11 1488/2641/11 1489/2642/11 1492/2643/11 1474/2607/11 1477/2610/11 1493/2644/11 1470/2645/11 1473/2646/11 1490/2647/11 1486/2648/11
f 1494/2649/2 1495/2650/2 1496/2651/2 1497/2652/2
f 1498/2653/1 1499/2654/1 1500/2655/1 1501/2656/1
f 1499/2654/3 1502/2657/3 1503/2658/3 1504/2659/3 1505/2660/3 1506/2661/3 1507/2662/3 1508/2663/3 1496/2664/3 1495/2665/3 1509/2666/3 1500/2655/3
f 1510/2667/4 1507/2668/4 1506/2669/4 1511/2670/4
f 1512/2671/149 1504/2672/149 1503/2673/149 1513/2674/149
f 1497/2652/337 1496/2651/337 1508/2675/337 1514/2676/337
f 1514/2677/325 1508/2678/325 1507/2668/325 1510/2667/325
f 1504/2672/317 1512/2671/317 1515/2679/317 1505/2680/317
f 1505/2680/341 1515/2679/341 1511/2670/341 1506/2669/341
f 1499/2654/335 1498/2653/335 1516/2681/335 1502/2682/335
f 1502/2682/343 1516/2681/343 1513/2674/343 1503/2673/343
f 1495/2650/344 1494/2649/344 1517/2683/344 1509/2684/344
f 1509/2684/324 1517/2683/324 1501/2656/324 1500/2655/324
f 1511/2685/11 1515/2686/11 1512/2687/11 1513/2688/11 1516/2689/11 1498/2653/11 1501/2656/11 1517/2690/11 1494/2691/11 1497/2692/11 1514/2693/11 1510/2694/11
f 1518/2695/2 1519/2696/2 1520/2697/2 1521/2698/2
f 1522/2699/1 1523/2700/1 1524/2701/1 1525/2702/1
f 1523/2700/3 1526/2703/3 1527/2704/3 1528/2705/3 1529/2706/3 1530/2707/3 1531/2708/3 1532/2709/3 1520/2710/3 1519/2711/3 1533/2712/3 1524/2701/3
f 1534/2713/4 1531/2714/4 1530/2715/4 1535/2716/4
f 1536/2717/149 1528/2718/149 1527/2719/149 1537/2720/149
f 1521/2698/315 1520/2697/315 1532/2721/315 1538/2722/315
f 1538/2723/325 1532/2724/325 1531/2714/325 1534/2713/325
f 1528/2718/317 1536/2717/317 1539/2725/317 1529/2726/317
f 1529/2726/341 1539/2725/341 1535/2716/341 1530/2715/341
f 1523/2700/342 1522/2699/342 1540/2727/342 1526/2728/342
f 1526/2728/343 1540/2727/343 1537/2720/343 1527/2719/343
f 1519/2696/345 1518/2695/345 1541/2729/345 1533/2730/345
f 1533/2730/324 1541/2729/324 1525/2702/324 1524/2701/324
f 1535/2731/11 1539/2732/11 1536/2733/11 1537/2734/11 1540/2735/11 1522/2699/11 1525/2702/11 1541/2736/11 1518/2737/11 1521/2738/11 1538/2739/11 1534/2740/11
f 1542/2741/2 1543/2742/2 1544/2743/2 1545/2744/2
f 1546/2745/1 1547/2746/1 1548/2747/1 1549/2748/1
f 1547/2746/3 1550/2749/3 1551/2750/3 1552/2751/3 1553/2752/3 1554/2753/3 1555/2754/3 1556/2755/3 1544/2756/3 1543/2757/3 1557/2758/3 1548/2747/3
f 1558/2759/4 1555/2760/4 1554/2761/4 1559/2762/4
f 1560/2763/149 1552/2764/149 1551/2765/149 1561/2766/149
f 1545/2744/337 1544/2743/337 1556/2767/337 1562/2768/337
f 1562/2769/316 1556/2770/316 1555/2760/316 1558/2759/316
f 1552/2764/317 1560/2763/317 1563/2771/317 1553/2772/317
f 1553/2772/338 1563/2771/338 1559/2762/338 1554/2761/338
f 1547/2746/342 1546/2745/342 1564/2773/342 1550/2774/342
f 1550/2774/320 1564/2773/320 1561/2766/320 1551/2765/320
f 1543/2742/339 1542/2741/339 1565/2775/339 1557/2776/339
f 1557/2776/322 1565/2775/322 1549/2748/322 1548/2747/322
f 1559/2777/11 1563/2778/11 1560/2779/11 1561/2780/11 1564/2781/11 1546/2745/11 1549/2748/11 1565/2782/11 1542/2783/11 1545/2784/11 1562/2785/11 1558/2786/11
f 1566/2787/2 1567/2788/2 1568/2789/2 1569/2790/2
f 1570/2791/1 1571/2792/1 1572/2793/1 1573/2794/1
f 1571/2792/3 1574/2795/3 1575/2796/3 1576/2797/3 1577/2798/3 1578/2799/3 1579/2800/3 1580/2801/3 1568/2802/3 1567/2803/3 1581/2804/3 1572/2793/3
f 1582/2805/4 1579/2806/4 1578/2807/4 1583/2808/4
f 1584/2809/149 1576/2810/149 1575/2811/149 1585/2812/149
f 1569/2790/337 1568/2789/337 1580/2813/337 1586/2814/337
f 1586/2815/325 1580/2816/325 1579/2806/325 1582/2805/325
f 1576/2810/317 1584/2809/317 1587/2817/317 1577/2818/317
f 1577/2818/341 1587/2817/341 1583/2808/341 1578/2807/341
f 1571/2792/335 1570/2791/335 1588/2819/335 1574/2820/335
f 1574/2820/320 1588/2819/320 1585/2812/320 1575/2811/320
f 1567/2788/339 1566/2787/339 1589/2821/339 1581/2822/339
f 1581/2822/324 1589/2821/324 1573/2794/324 1572/2793/324
f 1583/2823/11 1587/2824/11 1584/2825/11 1585/2826/11 1588/2827/11 1570/2791/11 1573/2794/11 1589/2828/11 1566/2829/11 1569/2830/11 1586/2831/11 1582/2832/11
f 1590/2833/2 1591/2834/2 1592/2835/2 1593/2836/2
f 1594/2837/1 1595/2838/1 1596/2839/1 1597/2840/1
f 1595/2838/3 1598/2841/3 1599/2842/3 1600/2843/3 1601/2844/3 1602/2845/3 1603/2846/3 1604/2847/3 1592/2848/3 1591/2849/3 1605/2850/3 1596/2839/3
f 1606/2851/4 1603/2852/4 1602/2853/4 1607/2854/4
f 1608/2855/149 1600/2856/149 1599/2857/149 1609/2858/149
f 1593/2836/337 1592/2835/337 1604/2859/337 1610/2860/337
f 1610/2861/325 1604/2862/325 1603/2852/325 1606/2851/325
f 1600/2856/317 1608/2855/317 1611/2863/317 1601/2864/317
f 1601/2864/341 1611/2863/341 1607/2854/341 1602/2853/341
f 1595/2838/335 1594/2837/335 1612/2865/335 1598/2866/335
f 1598/2866/320 1612/2865/320 1609/2858/320 1599/2857/320
f 1591/2834/339 1590/2833/339 1613/2867/339 1605/2868/339
f 1605/2868/324 1613/2867/324 1597/2840/324 1596/2839/324
f 1607/2869/11 1611/2870/11 1608/2871/11 1609/2872/11 1612/2873/11 1594/2837/11 1597/2840/11 1613/2874/11 1590/2875/11 1593/2876/11 1610/2877/11 1606/2878/11
f 1614/2879/2 1615/2880/2 1616/2881/2 1617/2882/2
f 1618/2883/1 1619/2884/1 1620/2885/1 1621/2886/1
f 1619/2884/3 1622/2887/3 1623/2888/3 1624/2889/3 1625/2890/3 1626/2891/3 1627/2892/3 1628/2893/3 1616/2894/3 1615/2895/3 1629/2896/3 1620/2885/3
f 1630/2897/4 1627/2898/4 1626/2899/4 1631/2900/4
f 1632/2901/149 1624/2902/149 1623/2903/149 1633/2904/149
f 1617/2882/346 1616/2881/346 1628/2905/346 1634/2906/346
f 1634/2907/325 1628/2908/325 1627/2898/325 1630/2897/325
f 1624/2902/347 1632/2901/347 1635/2909/347 1625/2910/347
f 1625/2910/341 1635/2909/341 1631/2900/341 1626/2899/341
f 1619/2884/335 1618/2883/335 1636/2911/335 1622/2912/335
f 1622/2912/320 1636/2911/320 1633/2904/320 1623/2903/320
f 1615/2880/339 1614/2879/339 1637/2913/339 1629/2914/339
f 1629/2914/324 1637/2913/324 1621/2886/324 1620/2885/324
f 1631/2915/11 1635/2916/11 1632/2917/11 1633/2918/11 1636/2919/11 1618/2883/11 1621/2886/11 1637/2920/11 1614/2921/11 1617/2922/11 1634/2923/11 1630/2924/11
f 1638/2925/2 1639/2926/2 1640/2927/2 1641/2928/2
f 1642/2929/1 1643/2930/1 1644/2931/1 1645/2932/1
f 1643/2930/3 1646/2933/3 1647/2934/3 1648/2935/3 1649/2936/3 1650/2937/3 1651/2938/3 1652/2939/3 1640/2940/3 1639/2941/3 1653/2942/3 1644/2931/3
f 1654/2943/4 1651/2944/4 1650/2945/4 1655/2946/4
f 1656/2947/149 1648/2948/149 1647/2949/149 1657/2950/149
f 1641/2928/337 1640/2927/337 1652/2951/337 1658/2952/337
f 1658/2953/316 1652/2954/316 1651/2944/316 1654/2943/316
f 1648/2948/317 1656/2947/317 1659/2955/317 1649/2956/317
f 1649/2956/338 1659/2955/338 1655/2946/338 1650/2945/338
f 1643/2930/335 1642/2929/335 1660/2957/335 1646/2958/335
f 1646/2958/320 1660/2957/320 1657/2950/320 1647/2949/320
f 1639/2926/339 1638/2925/339 1661/2959/339 1653/2960/339
f 1653/2960/324 1661/2959/324 1645/2932/324 1644/2931/324
f 1655/2961/11 1659/2962/11 1656/2963/11 1657/2964/11 1660/2965/11 1642/2929/11 1645/2932/11 1661/2966/11 1638/2967/11 1641/2968/11 1658/2969/11 1654/2970/11
f 1662/2971/2 1663/2972/2 1664/2973/2 1665/2974/2
f 1666/2975/1 1667/2976/1 1668/2977/1 1669/2978/1
f 1667/2976/3 1670/2979/3 1671/2980/3 1672/2981/3 1673/2982/3 1674/2983/3 1675/2984/3 1676/2985/3 1664/2986/3 1663/2987/3 1677/2988/3 1668/2977/3
f 1678/2989/4 1675/2990/4 1674/2991/4 1679/2992/4
f 1680/2993/149 1672/2994/149 1671/2995/149 1681/2996/149
f 1665/2974/337 1664/2973/337 1676/2997/337 1682/2998/337
f 1682/2999/325 1676/3000/325 1675/2990/325 1678/2989/325
f 1672/2994/317 1680/2993/317 1683/3001/317 1673/3002/317
f 1673/3002/341 1683/3001/341 1679/2992/341 1674/2991/341
f 1667/2976/335 1666/2975/335 1684/3003/335 1670/3004/335
f 1670/3004/320 1684/3003/320 1681/2996/320 1671/2995/320
f 1663/2972/321 1662/2971/321 1685/3005/321 1677/3006/321
f 1677/3006/324 1685/3005/324 1669/2978/324 1668/2977/324
f 1679/3007/11 1683/3008/11 1680/3009/11 1681/3010/11 1684/3011/11 1666/2975/11 1669/2978/11 1685/3012/11 1662/3013/11 1665/3014/11 1682/3015/11 1678/3016/11
f 1686/3017/2 1687/3018/2 1688/3019/2 1689/3020/2
f 1690/3021/1 1691/3022/1 1692/3023/1 1693/3024/1
f 1691/3022/3 1694/3025/3 1695/3026/3 1696/3027/3 1697/3028/3 1698/3029/3 1699/3030/3 1700/3031/3 1688/3032/3 1687/3033/3 1701/3034/3 1692/3023/3
f 1702/3035/4 1699/3036/4 1698/3037/4 1703/3038/4
f 1704/3039/149 1696/3040/149 1695/3041/149 1705/3042/149
f 1689/3020/337 1688/3019/337 1700/3043/337 1706/3044/337
f 1706/3045/325 1700/3046/325 1699/3036/325 1702/3035/325
f 1696/3040/317 1704/3039/317 1707/3047/317 1697/3048/317
f 1697/3048/318 1707/3047/318 1703/3038/318 1698/3037/318
f 1691/3022/323 1690/3021/323 1708/3049/323 1694/3050/323
f 1694/3050/320 1708/3049/320 1705/3042/320 1695/3041/320
f 1687/3018/339 1686/3017/339 1709/3051/339 1701/3052/339
f 1701/3052/324 1709/3051/324 1693/3024/324 1692/3023/324
f 1703/3053/11 1707/3054/11 1704/3055/11 1705/3056/11 1708/3057/11 1690/3021/11 1693/3024/11 1709/3058/11 1686/3059/11 1689/3060/11 1706/3061/11 1702/3062/11
f 1710/3063/2 1711/3064/2 1712/3065/2 1713/3066/2
f 1714/3067/1 1715/3068/1 1716/3069/1 1717/3070/1
f 1715/3068/3 1718/3071/3 1719/3072/3 1720/3073/3 1721/3074/3 1722/3075/3 1723/3076/3 1724/3077/3 1712/3078/3 1711/3079/3 1725/3080/3 1716/3069/3
f 1726/3081/4 1723/3082/4 1722/3083/4 1727/3084/4
f 1728/3085/149 1720/3086/149 1719/3087/149 1729/3088/149
f 1713/3066/346 1712/3065/346 1724/3089/346 1730/3090/346
f 1730/3091/325 1724/3092/325 1723/3082/325 1726/3081/325
f 1720/3086/347 1728/3085/347 1731/3093/347 1721/3094/347
f 1721/3094/318 1731/3093/318 1727/3084/318 1722/3083/318
f 1715/3068/323 1714/3067/323 1732/3095/323 1718/3096/323
f 1718/3096/320 1732/3095/320 1729/3088/320 1719/3087/320
f 1711/3064/339 1710/3063/339 1733/3097/339 1725/3098/339
f 1725/3098/324 1733/3097/324 1717/3070/324 1716/3069/324
f 1727/3099/11 1731/3100/11 1728/3101/11 1729/3102/11 1732/3103/11 1714/3067/11 1717/3070/11 1733/3104/11 1710/3105/11 1713/3106/11 1730/3107/11 1726/3108/11
f 1734/3109/2 1735/3110/2 1736/3111/2 1737/3112/2
f 1738/3113/1 1739/3114/1 1740/3115/1 1741/3116/1
f 1739/3114/3 1742/3117/3 1743/3118/3 1744/3119/3 1745/3120/3 1746/3121/3 1747/3122/3 1748/3123/3 1736/3124/3 1735/3125/3 1749/3126/3 1740/3115/3
f 1750/3127/4 1747/3128/4 1746/3129/4 1751/3130/4
f 1752/3131/149 1744/3132/149 1743/3133/149 1753/3134/149
f 1737/3112/315 1736/3111/315 1748/3135/315 1754/3136/315
f 1754/3137/325 1748/3138/325 1747/3128/325 1750/3127/325
f 1744/3132/317 1752/3131/317 1755/3139/317 1745/3140/317
f 1745/3140/318 1755/3139/318 1751/3130/318 1746/3129/318
f 1739/3114/323 1738/3113/323 1756/3141/323 1742/3142/323
f 1742/3142/320 1756/3141/320 1753/3134/320 1743/3133/320
f 1735/3110/321 1734/3109/321 1757/3143/321 1749/3144/321
f 1749/3144/324 1757/3143/324 1741/3116/324 1740/3115/324
f 1751/3145/11 1755/3146/11 1752/3147/11 1753/3148/11 1756/3149/11 1738/3113/11 1741/3116/11 1757/3150/11 1734/3151/11 1737/3152/11 1754/3153/11 1750/3154/11
f 1758/3155/2 1759/3156/2 1760/3157/2 1761/3158/2
f 1762/3159/1 1763/3160/1 1764/3161/1 1765/3162/1
f 1763/3160/3 1766/3163/3 1767/3164/3 1768/3165/3 1769/3166/3 1770/3167/3 1771/3168/3 1772/3169/3 1760/3170/3 1759/3171/3 1773/3172/3 1764/3161/3
f 1774/3173/4 1771/3174/4 1770/3175/4 1775/3176/4
f 1776/3177/149 1768/3178/149 1767/3179/149 1777/3180/149
f 1761/3158/315 1760/3157/315 1772/3181/315 1778/3182/315
f 1778/3183/325 1772/3184/325 1771/3174/325 1774/3173/325
f 1768/3178/317 1776/3177/317 1779/3185/317 1769/3186/317
f 1769/3186/318 1779/3185/318 1775/3176/318 1770/3175/318
f 1763/3160/323 1762/3159/323 1780/3187/323 1766/3188/323
f 1766/3188/326 1780/3187/326 1777/3180/326 1767/3179/326
f 1759/3156/327 1758/3155/327 1781/3189/327 1773/3190/327
f 1773/3190/324 1781/3189/324 1765/3162/324 1764/3161/324
f 1775/3191/11 1779/3192/11 1776/3193/11 1777/3194/11 1780/3195/11 1762/3159/11 1765/3162/11 1781/3196/11 1758/3197/11 1761/3198/11 1778/3199/11 1774/3200/11
f 1782/3201/2 1783/3202/2 1784/3203/2 1785/3204/2
f 1786/3205/1 1787/3206/1 1788/3207/1 1789/3208/1
f 1787/3206/3 1790/3209/3 1791/3210/3 1792/3211/3 1793/3212/3 1794/3213/3 1795/3214/3 1796/3215/3 1784/3216/3 1783/3217/3 1797/3218/3 1788/3207/3
f 1798/3219/4 1795/3220/4 1794/3221/4 1799/3222/4
f 1800/3223/149 1792/3224/149 1791/3225/149 1801/3226/149
f 1785/3204/337 1784/3203/337 1796/3227/337 1802/3228/337
f 1802/3229/325 1796/3230/325 1795/3220/325 1798/3219/325
f 1792/3224/317 1800/3223/317 1803/3231/317 1793/3232/317
f 1793/3232/318 1803/3231/318 1799/3222/318 1794/3221/318
f 1787/3206/319 1786/3205/319 1804/3233/319 1790/3234/319
f 1790/3234/320 1804/3233/320 1801/3226/320 1791/3225/320
f 1783/3202/348 1782/3201/348 1805/3235/348 1797/3236/348
f 1797/3236/322 1805/3235/322 1789/3208/322 1788/3207/322
f 1799/3237/11 1803/3238/11 1800/3239/11 1801/3240/11 1804/3241/11 1786/3205/11 1789/3208/11 1805/3242/11 1782/3243/11 1785/3244/11 1802/3245/11 1798/3246/11
f 1806/3247/2 1807/3248/2 1808/3249/2 1809/3250/2
f 1810/3251/1 1811/3252/1 1812/3253/1 1813/3254/1
f 1811/3252/3 1814/3255/3 1815/3256/3 1816/3257/3 1817/3258/3 1818/3259/3 1819/3260/3 1820/3261/3 1808/3262/3 1807/3263/3 1821/3264/3 1812/3253/3
f 1822/3265/4 1819/3266/4 1818/3267/4 1823/3268/4
f 1824/3269/149 1816/3270/149 1815/3271/149 1825/3272/149
f 1809/3250/349 1808/3249/349 1820/3273/349 1826/3274/349
f 1826/3275/325 1820/3276/325 1819/3266/325 1822/3265/325
f 1816/3270/317 1824/3269/317 1827/3277/317 1817/3278/317
f 1817/3278/318 1827/3277/318 1823/3268/318 1818/3267/318
f 1811/3252/323 1810/3251/323 1828/3279/323 1814/3280/323
f 1814/3280/320 1828/3279/320 1825/3272/320 1815/3271/320
f 1807/3248/348 1806/3247/348 1829/3281/348 1821/3282/348
f 1821/3282/324 1829/3281/324 1813/3254/324 1812/3253/324
f 1823/3283/11 1827/3284/11 1824/3285/11 1825/3286/11 1828/3287/11 1810/3251/11 1813/3254/11 1829/3288/11 1806/3289/11 1809/3290/11 1826/3291/11 1822/3292/11
f 1830/3293/2 1831/3294/2 1832/3295/2 1833/3296/2
f 1834/3297/1 1835/3298/1 1836/3299/1 1837/3300/1
f 1835/3298/3 1838/3301/3 1839/3302/3 1840/3303/3 1841/3304/3 1842/3305/3 1843/3306/3 1844/3307/3 1832/3308/3 1831/3309/3 1845/3310/3 1836/3299/3
f 1846/3311/4 1843/3312/4 1842/3313/4 1847/3314/4
f 1848/3315/149 1840/3316/149 1839/3317/149 1849/3318/149
f 1833/3296/337 1832/3295/337 1844/3319/337 1850/3320/337
f 1850/3321/325 1844/3322/325 1843/3312/325 1846/3311/325
f 1840/3316/317 1848/3315/317 1851/3323/317 1841/3324/317
f 1841/3324/318 1851/3323/318 1847/3314/318 1842/3313/318
f 1835/3298/323 1834/3297/323 1852/3325/323 1838/3326/323
f 1838/3326/320 1852/3325/320 1849/3318/320 1839/3317/320
f 1831/3294/339 1830/3293/339 1853/3327/339 1845/3328/339
f 1845/3328/324 1853/3327/324 1837/3300/324 1836/3299/324
f 1847/3329/11 1851/3330/11 1848/3331/11 1849/3332/11 1852/3333/11 1834/3297/11 1837/3300/11 1853/3334/11 1830/3335/11 1833/3336/11 1850/3337/11 1846/3338/11
f 1854/3339/2 1855/3340/2 1856/3341/2 1857/3342/2
f 1858/3343/1 1859/3344/1 1860/3345/1 1861/3346/1
f 1859/3344/3 1862/3347/3 1863/3348/3 1864/3349/3 1865/3350/3 1866/3351/3 1867/3352/3 1868/3353/3 1856/3354/3 1855/3355/3 1869/3356/3 1860/3345/3
f 1870/3357/4 1867/3358/4 1866/3359/4 1871/3360/4
f 1872/3361/149 1864/3362/149 1863/3363/149 1873/3364/149
f 1857/3342/337 1856/3341/337 1868/3365/337 1874/3366/337
f 1874/3367/325 1868/3368/325 1867/3358/325 1870/3357/325
f 1864/3362/317 1872/3361/317 1875/3369/317 1865/3370/317
f 1865/3370/318 1875/3369/318 1871/3360/318 1866/3359/318
f 1859/3344/323 1858/3343/323 1876/3371/323 1862/3372/323
f 1862/3372/320 1876/3371/320 1873/3364/320 1863/3363/320
f 1855/3340/339 1854/3339/339 1877/3373/339 1869/3374/339
f 1869/3374/324 1877/3373/324 1861/3346/324 1860/3345/324
f 1871/3375/11 1875/3376/11 1872/3377/11 1873/3378/11 1876/3379/11 1858/3343/11 1861/3346/11 1877/3380/11 1854/3381/11 1857/3382/11 1874/3383/11 1870/3384/11
f 1878/3385/2 1879/3386/2 1880/3387/2 1881/3388/2
f 1882/3389/1 1883/3390/1 1884/3391/1 1885/3392/1
f 1883/3390/3 1886/3393/3 1887/3394/3 1888/3395/3 1889/3396/3 1890/3397/3 1891/3398/3 1892/3399/3 1880/3400/3 1879/3401/3 1893/3402/3 1884/3391/3
f 1894/3403/4 1891/3404/4 1890/3405/4 1895/3406/4
f 1896/3407/149 1888/3408/149 1887/3409/149 1897/3410/149
f 1881/3388/337 1880/3387/337 1892/3411/337 1898/3412/337
f 1898/3413/325 1892/3414/325 1891/3404/325 1894/3403/325
f 1888/3408/317 1896/3407/317 1899/3415/317 1889/3416/317
f 1889/3416/318 1899/3415/318 1895/3406/318 1890/3405/318
f 1883/3390/319 1882/3389/319 1900/3417/319 1886/3418/319
f 1886/3418/320 1900/3417/320 1897/3410/320 1887/3409/320
f 1879/3386/339 1878/3385/339 1901/3419/339 1893/3420/339
f 1893/3420/322 1901/3419/322 1885/3392/322 1884/3391/322
f 1895/3421/11 1899/3422/11 1896/3423/11 1897/3424/11 1900/3425/11 1882/3389/11 1885/3392/11 1901/3426/11 1878/3427/11 1881/3428/11 1898/3429/11 1894/3430/11
f 1902/3431/2 1903/3432/2 1904/3433/2 1905/3434/2
f 1906/3435/1 1907/3436/1 1908/3437/1 1909/3438/1
f 1907/3436/3 1910/3439/3 1911/3440/3 1912/3441/3 1913/3442/3 1914/3443/3 1915/3444/3 1916/3445/3 1904/3446/3 1903/3447/3 1917/3448/3 1908/3437/3
f 1918/3449/4 1915/3450/4 1914/3451/4 1919/3452/4
f 1920/3453/149 1912/3454/149 1911/3455/149 1921/3456/149
f 1905/3434/337 1904/3433/337 1916/3457/337 1922/3458/337
f 1922/3459/325 1916/3460/325 1915/3450/325 1918/3449/325
f 1912/3454/317 1920/3453/317 1923/3461/317 1913/3462/317
f 1913/3462/318 1923/3461/318 1919/3452/318 1914/3451/318
f 1907/3436/323 1906/3435/323 1924/3463/323 1910/3464/323
f 1910/3464/326 1924/3463/326 1921/3456/326 1911/3455/326
f 1903/3432/344 1902/3431/344 1925/3465/344 1917/3466/344
f 1917/3466/324 1925/3465/324 1909/3438/324 1908/3437/324
f 1919/3467/11 1923/3468/11 1920/3469/11 1921/3470/11 1924/3471/11 1906/3435/11 1909/3438/11 1925/3472/11 1902/3473/11 1905/3474/11 1922/3475/11 1918/3476/11
f 1926/3477/2 1927/3478/2 1928/3479/2 1929/3480/2
f 1930/3481/1 1931/3482/1 1932/3483/1 1933/3484/1
f 1931/3482/3 1934/3485/3 1935/3486/3 1936/3487/3 1937/3488/3 1938/3489/3 1939/3490/3 1940/3491/3 1928/3492/3 1927/3493/3 1941/3494/3 1932/3483/3
f 1942/3495/4 1939/3496/4 1938/3497/4 1943/3498/4
f 1944/3499/149 1936/3500/149 1935/3501/149 1945/3502/149
f 1929/3480/346 1928/3479/346 1940/3503/346 1946/3504/346
f 1946/3505/325 1940/3506/325 1939/3496/325 1942/3495/325
f 1936/3500/347 1944/3499/347 1947/3507/347 1937/3508/347
f 1937/3508/318 1947/3507/318 1943/3498/318 1938/3497/318
f 1931/3482/319 1930/3481/319 1948/3509/319 1934/3510/319
f 1934/3510/320 1948/3509/320 1945/3502/320 1935/3501/320
f 1927/3478/339 1926/3477/339 1949/3511/339 1941/3512/339
f 1941/3512/322 1949/3511/322 1933/3484/322 1932/3483/322
f 1943/3513/11 1947/3514/11 1944/3515/11 1945/3516/11 1948/3517/11 1930/3481/11 1933/3484/11 1949/3518/11 1926/3519/11 1929/3520/11 1946/3521/11 1942/3522/11
f 1950/3523/2 1951/3524/2 1952/3525/2 1953/3526/2
f 1954/3527/1 1955/3528/1 1956/3529/1 1957/3530/1
f 1955/3528/3 1958/3531/3 1959/3532/3 1960/3533/3 1961/3534/3 1962/3535/3 1963/3536/3 1964/3537/3 1952/3538/3 1951/3539/3 1965/3540/3 1956/3529/3
f 1966/3541/4 1963/3542/4 1962/3543/4 1967/3544/4
f 1968/3545/149 1960/3546/149 1959/3547/149 1969/3548/149
f 1953/3526/350 1952/3525/350 1964/3549/350 1970/3550/350
f 1970/3551/325 1964/3552/325 1963/3542/325 1966/3541/325
f 1960/3546/347 1968/3545/347 1971/3553/347 1961/3554/347
f 1961/3554/318 1971/3553/318 1967/3544/318 1962/3543/318
f 1955/3528/323 1954/3527/323 1972/3555/323 1958/3556/323
f 1958/3556/320 1972/3555/320 1969/3548/320 1959/3547/320
f 1951/3524/321 1950/3523/321 1973/3557/321 1965/3558/321
f 1965/3558/324 1973/3557/324 1957/3530/324 1956/3529/324
f 1967/3559/11 1971/3560/11 1968/3561/11 1969/3562/11 1972/3563/11 1954/3527/11 1957/3530/11 1973/3564/11 1950/3565/11 1953/3566/11 1970/3567/11 1966/3568/11
f 1974/3569/2 1975/3570/2 1976/3571/2 1977/3572/2
f 1978/3573/1 1979/3574/1 1980/3575/1 1981/3576/1
f 1979/3574/3 1982/3577/3 1983/3578/3 1984/3579/3 1985/3580/3 1986/3581/3 1987/3582/3 1988/3583/3 1976/3584/3 1975/3585/3 1989/3586/3 1980/3575/3
f 1990/3587/4 1987/3588/4 1986/3589/4 1991/3590/4
f 1992/3591/149 1984/3592/149 1983/3593/149 1993/3594/149
f 1977/3572/350 1976/3571/350 1988/3595/350 1994/3596/350
f 1994/3597/325 1988/3598/325 1987/3588/325 1990/3587/325
f 1984/3592/347 1992/3591/347 1995/3599/347 1985/3600/347
f 1985/3600/318 1995/3599/318 1991/3590/318 1986/3589/318
f 1979/3574/323 1978/3573/323 1996/3601/323 1982/3602/323
f 1982/3602/320 1996/3601/320 1993/3594/320 1983/3593/320
f 1975/3570/321 1974/3569/321 1997/3603/321 1989/3604/321
f 1989/3604/324 1997/3603/324 1981/3576/324 1980/3575/324
f 1991/3605/11 1995/3606/11 1992/3607/11 1993/3608/11 1996/3609/11 1978/3573/11 1981/3576/11 1997/3610/11 1974/3611/11 1977/3612/11 1994/3613/11 1990/3614/11
f 1998/3615/2 1999/3616/2 2000/3617/2 2001/3618/2
f 2002/3619/1 2003/3620/1 2004/3621/1 2005/3622/1
f 2003/3620/3 2006/3623/3 2007/3624/3 2008/3625/3 2009/3626/3 2010/3627/3 2011/3628/3 2012/3629/3 2000/3630/3 1999/3631/3 2013/3632/3 2004/3621/3
f 2014/3633/4 2011/3634/4 2010/3635/4 2015/3636/4
f 2016/3637/149 2008/3638/149 2007/3639/149 2017/3640/149
f 2001/3618/315 2000/3617/315 2012/3641/315 2018/3642/315
f 2018/3643/325 2012/3644/325 2011/3634/325 2014/3633/325
f 2008/3638/317 2016/3637/317 2019/3645/317 2009/3646/317
f 2009/3646/318 2019/3645/318 2015/3636/318 2010/3635/318
f 2003/3620/323 2002/3619/323 2020/3647/323 2006/3648/323
f 2006/3648/334 2020/3647/334 2017/3640/334 2007/3639/334
f 1999/3616/321 1998/3615/321 2021/3649/321 2013/3650/321
f 2013/3650/324 2021/3649/324 2005/3622/324 2004/3621/324
f 2015/3651/11 2019/3652/11 2016/3653/11 2017/3654/11 2020/3655/11 2002/3619/11 2005/3622/11 2021/3656/11 1998/3657/11 2001/3658/11 2018/3659/11 2014/3660/11
f 2022/3661/2 2023/3662/2 2024/3663/2 2025/3664/2
f 2026/3665/1 2027/3666/1 2028/3667/1 2029/3668/1
f 2027/3666/3 2030/3669/3 2031/3670/3 2032/3671/3 2033/3672/3 2034/3673/3 2035/3674/3 2036/3675/3 2024/3676/3 2023/3677/3 2037/3678/3 2028/3667/3
f 2038/3679/4 2035/3680/4 2034/3681/4 2039/3682/4
f 2040/3683/149 2032/3684/149 2031/3685/149 2041/3686/149
f 2025/3664/315 2024/3663/315 2036/3687/315 2042/3688/315
f 2042/3689/325 2036/3690/325 2035/3680/325 2038/3679/325
f 2032/3684/317 2040/3683/317 2043/3691/317 2033/3692/317
f 2033/3692/341 2043/3691/341 2039/3682/341 2034/3681/341
f 2027/3666/335 2026/3665/335 2044/3693/335 2030/3694/335
f 2030/3694/326 2044/3693/326 2041/3686/326 2031/3685/326
f 2023/3662/327 2022/3661/327 2045/3695/327 2037/3696/327
f 2037/3696/324 2045/3695/324 2029/3668/324 2028/3667/324
f 2039/3697/11 2043/3698/11 2040/3699/11 2041/3700/11 2044/3701/11 2026/3665/11 2029/3668/11 2045/3702/11 2022/3703/11 2025/3704/11 2042/3705/11 2038/3706/11
f 2046/3707/2 2047/3708/2 2048/3709/2 2049/3710/2
f 2050/3711/1 2051/3712/1 2052/3713/1 2053/3714/1
f 2051/3712/3 2054/3715/3 2055/3716/3 2056/3717/3 2057/3718/3 2058/3719/3 2059/3720/3 2060/3721/3 2048/3722/3 2047/3723/3 2061/3724/3 2052/3713/3
f 2062/3725/4 2059/3726/4 2058/3727/4 2063/3728/4
f 2064/3729/149 2056/3730/149 2055/3731/149 2065/3732/149
f 2049/3710/315 2048/3709/315 2060/3733/315 2066/3734/315
f 2066/3735/316 2060/3736/316 2059/3726/316 2062/3725/316
f 2056/3730/317 2064/3729/317 2067/3737/317 2057/3738/317
f 2057/3738/318 2067/3737/318 2063/3728/318 2058/3727/318
f 2051/3712/323 2050/3711/323 2068/3739/323 2054/3740/323
f 2054/3740/320 2068/3739/320 2065/3732/320 2055/3731/320
f 2047/3708/321 2046/3707/321 2069/3741/321 2061/3742/321
f 2061/3742/324 2069/3741/324 2053/3714/324 2052/3713/324
f 2063/3743/11 2067/3744/11 2064/3745/11 2065/3746/11 2068/3747/11 2050/3711/11 2053/3714/11 2069/3748/11 2046/3749/11 2049/3750/11 2066/3751/11 2062/3752/11
f 2070/3753/2 2071/3754/2 2072/3755/2 2073/3756/2
f 2074/3757/1 2075/3758/1 2076/3759/1 2077/3760/1
f 2075/3758/3 2078/3761/3 2079/3762/3 2080/3763/3 2081/3764/3 2082/3765/3 2083/3766/3 2084/3767/3 2072/3768/3 2071/3769/3 2085/3770/3 2076/3759/3
f 2086/3771/4 2083/3772/4 2082/3773/4 2087/3774/4
f 2088/3775/149 2080/3776/149 2079/3777/149 2089/3778/149
f 2073/3756/315 2072/3755/315 2084/3779/315 2090/3780/315
f 2090/3781/325 2084/3782/325 2083/3772/325 2086/3771/325
f 2080/3776/332 2088/3775/332 2091/3783/332 2081/3784/332
f 2081/3784/318 2091/3783/318 2087/3774/318 2082/3773/318
f 2075/3758/323 2074/3757/323 2092/3785/323 2078/3786/323
f 2078/3786/320 2092/3785/320 2089/3778/320 2079/3777/320
f 2071/3754/321 2070/3753/321 2093/3787/321 2085/3788/321
f 2085/3788/324 2093/3787/324 2077/3760/324 2076/3759/324
f 2087/3789/11 2091/3790/11 2088/3791/11 2089/3792/11 2092/3793/11 2074/3757/11 2077/3760/11 2093/3794/11 2070/3795/11 2073/3796/11 2090/3797/11 2086/3798/11
f 2094/3799/2 2095/3800/2 2096/3801/2 2097/3802/2
f 2098/3803/1 2099/3804/1 2100/3805/1 2101/3806/1
f 2099/3804/3 2102/3807/3 2103/3808/3 2104/3809/3 2105/3810/3 2106/3811/3 2107/3812/3 2108/3813/3 2096/3814/3 2095/3815/3 2109/3816/3 2100/3805/3
f 2110/3817/4 2107/3818/4 2106/3819/4 2111/3820/4
f 2112/3821/149 2104/3822/149 2103/3823/149 2113/3824/149
f 2097/3802/315 2096/3801/315 2108/3825/315 2114/3826/315
f 2114/3827/325 2108/3828/325 2107/3818/325 2110/3817/325
f 2104/3822/317 2112/3821/317 2115/3829/317 2105/3830/317
f 2105/3830/341 2115/3829/341 2111/3820/341 2106/3819/341
f 2099/3804/335 2098/3803/335 2116/3831/335 2102/3832/335
f 2102/3832/320 2116/3831/320 2113/3824/320 2103/3823/320
f 2095/3800/321 2094/3799/321 2117/3833/321 2109/3834/321
f 2109/3834/324 2117/3833/324 2101/3806/324 2100/3805/324
f 2111/3835/11 2115/3836/11 2112/3837/11 2113/3838/11 2116/3839/11 2098/3803/11 2101/3806/11 2117/3840/11 2094/3841/11 2097/3842/11 2114/3843/11 2110/3844/11
f 2118/3845/2 2119/3846/2 2120/3847/2 2121/3848/2
f 2122/3849/1 2123/3850/1 2124/3851/1 2125/3852/1
f 2123/3850/3 2126/3853/3 2127/3854/3 2128/3855/3 2129/3856/3 2130/3857/3 2131/3858/3 2132/3859/3 2120/3860/3 2119/3861/3 2133/3862/3 2124/3851/3
f 2134/3863/4 2131/3864/4 2130/3865/4 2135/3866/4
f 2136/3867/149 2128/3868/149 2127/3869/149 2137/3870/149
f 2121/3848/315 2120/3847/315 2132/3871/315 2138/3872/315
f 2138/3873/325 2132/3874/325 2131/3864/325 2134/3863/325
f 2128/3868/317 2136/3867/317 2139/3875/317 2129/3876/317
f 2129/3876/318 2139/3875/318 2135/3866/318 2130/3865/318
f 2123/3850/319 2122/3849/319 2140/3877/319 2126/3878/319
f 2126/3878/320 2140/3877/320 2137/3870/320 2127/3869/320
f 2119/3846/321 2118/3845/321 2141/3879/321 2133/3880/321
f 2133/3880/322 2141/3879/322 2125/3852/322 2124/3851/322
f 2135/3881/11 2139/3882/11 2136/3883/11 2137/3884/11 2140/3885/11 2122/3849/11 2125/3852/11 2141/3886/11 2118/3887/11 2121/3888/11 2138/3889/11 2134/3890/11
o Ecran_Cube.004
v 0.433797 0.025138 -0.157943
v 0.432921 0.024684 -0.157573
v 0.436945 0.017140 -0.151450
v 0.441234 0.019364 -0.153256
v 0.434383 0.473287 -0.521695
v 0.434965 0.471014 -0.519850
v 0.434965 0.028092 -0.160340
v 0.434383 0.025819 -0.158495
v 0.444099 0.022694 -0.155959
v 0.445280 0.027303 -0.159700
v 0.445280 0.471802 -0.520490
v 0.444099 0.476412 -0.524232
v 0.441234 0.479741 -0.526934
v 0.436945 0.481966 -0.528740
v 0.431008 0.482883 -0.529484
v -0.422099 0.482883 -0.529484
v -0.428036 0.481966 -0.528740
v -0.432324 0.479741 -0.526934
v -0.435190 0.476412 -0.524232
v -0.436371 0.471802 -0.520490
v -0.436371 0.027303 -0.159700
v -0.435190 0.022694 -0.155959
v -0.432324 0.019364 -0.153256
v -0.428036 0.017140 -0.151450
v -0.422099 0.016223 -0.150706
v 0.431008 0.016223 -0.150706
v 0.429992 0.024231 -0.157206
v -0.421083 0.024231 -0.157206
v -0.424012 0.024684 -0.157573
v -0.424888 0.025138 -0.157943
v -0.425473 0.025819 -0.158495
v -0.426056 0.028092 -0.160340
v -0.426056 0.471014 -0.519850
v -0.425473 0.473287 -0.521695
v -0.424888 0.473968 -0.522247
v -0.424011 0.474423 -0.522617
v -0.421083 0.474875 -0.522984
v 0.429992 0.474875 -0.522984
v 0.432921 0.474423 -0.522617
v 0.433797 0.473968 -0.522247
v -0.420471 0.465885 -0.525296
v -0.420213 0.466893 -0.526115
v -0.420861 0.466139 -0.525503
v -0.421832 0.465635 -0.525094
v -0.420533 0.465836 -0.525257
v 0.429442 0.465836 -0.525257
v 0.430741 0.465635 -0.525094
v 0.429770 0.466139 -0.525503
v 0.429122 0.466893 -0.526115
v 0.429380 0.465885 -0.525296
v 0.429380 0.023817 -0.166480
v 0.429122 0.022809 -0.165661
v 0.429770 0.023563 -0.166273
v 0.430741 0.024066 -0.166682
v 0.429442 0.023866 -0.166519
v -0.420533 0.023866 -0.166519
v -0.421832 0.024066 -0.166682
v -0.420861 0.023563 -0.166273
v -0.420213 0.022809 -0.165661
v -0.420471 0.023817 -0.166480
v -0.445287 0.023061 -0.163534
v -0.445287 0.026621 -0.159147
v -0.445287 0.472484 -0.521044
v -0.445287 0.468924 -0.525431
v 0.431886 0.005739 -0.149474
v 0.431886 0.009300 -0.145087
v -0.422977 0.009300 -0.145087
v -0.422977 0.005739 -0.149474
v 0.454196 0.468924 -0.525431
v 0.454196 0.472484 -0.521044
v 0.454196 0.026621 -0.159147
v 0.454196 0.023061 -0.163534
v 0.452498 0.475552 -0.530811
v 0.452498 0.479113 -0.526424
v 0.447662 0.481172 -0.535372
v 0.447662 0.484733 -0.530985
v 0.440424 0.484927 -0.538420
v 0.440424 0.488488 -0.534033
v 0.431886 0.486245 -0.539490
v 0.431886 0.489806 -0.535103
v -0.431515 0.010618 -0.146157
v -0.431515 0.007058 -0.150544
v -0.438753 0.014373 -0.149205
v -0.438753 0.010812 -0.153592
v -0.443589 0.019993 -0.153766
v -0.443589 0.016432 -0.158153
v 0.440424 0.007058 -0.150544
v 0.440424 0.010618 -0.146157
v 0.447662 0.010812 -0.153592
v 0.447662 0.014373 -0.149205
v 0.452498 0.016432 -0.158153
v 0.452498 0.019993 -0.153766
v -0.422977 0.489806 -0.535103
v -0.422977 0.486245 -0.539490
v -0.431515 0.484927 -0.538420
v -0.431515 0.488488 -0.534033
v -0.438753 0.481172 -0.535372
v -0.438753 0.484733 -0.530985
v -0.443589 0.475552 -0.530811
v -0.443589 0.479113 -0.526424
v 0.454196 0.468924 -0.525431
v 0.452498 0.475552 -0.530811
v 0.447662 0.481172 -0.535372
v 0.440424 0.484927 -0.538420
v 0.431886 0.486245 -0.539490
v -0.431515 0.007058 -0.150544
v -0.422977 0.005739 -0.149474
v -0.438753 0.010812 -0.153592
v -0.443589 0.016432 -0.158153
v -0.445287 0.023061 -0.163534
v 0.431886 0.005739 -0.149474
v 0.440424 0.007058 -0.150544
v 0.447662 0.010812 -0.153592
v 0.452498 0.016432 -0.158153
v 0.454196 0.023061 -0.163534
v -0.422977 0.486245 -0.539490
v -0.431515 0.484927 -0.538420
v -0.438753 0.481172 -0.535372
v -0.443589 0.475552 -0.530811
v -0.445287 0.468924 -0.525431
v 0.452138 0.475402 -0.530760
v 0.447386 0.480923 -0.535241
v 0.429770 0.466139 -0.525503
v 0.429122 0.466893 -0.526115
v 0.430741 0.465635 -0.525094
v 0.429442 0.465836 -0.525257
v -0.422940 0.006002 -0.149757
v 0.431849 0.006002 -0.149757
v -0.421832 0.024066 -0.166682
v -0.420861 0.023563 -0.166273
v -0.420213 0.022809 -0.165661
v -0.420471 0.023817 -0.166480
v -0.420471 0.465885 -0.525296
v 0.440275 0.007303 -0.150814
v 0.447386 0.010992 -0.153808
v 0.429771 0.023563 -0.166273
v 0.430741 0.024066 -0.166682
v 0.429122 0.022809 -0.165661
v 0.429380 0.023817 -0.166480
v -0.431366 0.484612 -0.538235
v -0.438477 0.480923 -0.535241
v -0.420861 0.466139 -0.525503
v -0.421832 0.465635 -0.525094
v -0.420213 0.466893 -0.526115
v -0.420533 0.465836 -0.525257
v 0.429380 0.465885 -0.525296
v 0.429442 0.023866 -0.166519
v -0.420533 0.023866 -0.166519
v -0.444904 0.468860 -0.525449
v -0.444904 0.023056 -0.163600
v 0.453814 0.468860 -0.525449
v -0.443229 0.475402 -0.530760
v -0.422940 0.485914 -0.539292
v 0.452138 0.016513 -0.158290
v 0.453814 0.023056 -0.163600
v -0.443229 0.016513 -0.158290
v -0.438477 0.010992 -0.153808
v -0.431366 0.007303 -0.150814
v 0.431849 0.485914 -0.539292
v 0.440275 0.484612 -0.538235
v -0.422184 0.011414 -0.155268
v 0.431093 0.011414 -0.155268
v -0.421303 0.017952 -0.161403
v 0.430212 0.017952 -0.161403
v -0.437229 0.467726 -0.525647
v -0.437229 0.023096 -0.164750
v -0.428286 0.466637 -0.525591
v -0.428286 0.023375 -0.165804
v 0.446139 0.023096 -0.164750
v 0.446139 0.467726 -0.525647
v 0.437195 0.023375 -0.165804
v 0.437195 0.466637 -0.525591
v 0.431093 0.479408 -0.535129
v -0.422184 0.479408 -0.535129
v 0.430212 0.472059 -0.529991
v -0.421303 0.472059 -0.529991
v -0.435999 0.472530 -0.529546
v -0.427574 0.469415 -0.527846
v -0.432943 0.476080 -0.532428
v -0.426496 0.470669 -0.528863
v -0.428371 0.478452 -0.534353
v -0.424882 0.471506 -0.529543
v 0.444908 0.018292 -0.160851
v 0.436483 0.020596 -0.163549
v 0.441852 0.014742 -0.157969
v 0.435405 0.019343 -0.162532
v 0.437280 0.012369 -0.156044
v 0.433791 0.018505 -0.161852
v -0.435999 0.018292 -0.160851
v -0.427574 0.020596 -0.163549
v -0.432943 0.014742 -0.157969
v -0.426496 0.019343 -0.162532
v -0.428371 0.012369 -0.156044
v -0.424882 0.018505 -0.161852
v 0.437280 0.478452 -0.534353
v 0.433791 0.471506 -0.529543
v 0.441852 0.476080 -0.532428
v 0.435405 0.470669 -0.528863
v 0.444908 0.472530 -0.529546
v 0.436483 0.469415 -0.527846
v 0.447355 0.477459 -0.525081
v 0.448736 0.472067 -0.520705
v 0.443726 0.481676 -0.528504
v 0.438294 0.484494 -0.530792
v 0.431349 0.485567 -0.531662
v -0.422440 0.013539 -0.148528
v -0.429384 0.014612 -0.149399
v -0.434816 0.017429 -0.151686
v -0.438445 0.021647 -0.155109
v -0.439827 0.027039 -0.159486
v 0.438294 0.014612 -0.149399
v 0.431349 0.013539 -0.148528
v 0.443726 0.017429 -0.151686
v 0.447355 0.021647 -0.155109
v 0.448736 0.027039 -0.159486
v -0.429384 0.484494 -0.530792
v -0.422440 0.485567 -0.531662
v -0.434816 0.481676 -0.528504
v -0.438445 0.477459 -0.525081
v -0.439827 0.472067 -0.520705
v 0.447008 0.473477 -0.518697
v 0.447008 0.028714 -0.157692
v 0.447008 0.028714 -0.157692
v 0.447008 0.473477 -0.518697
v 0.441234 0.480668 -0.525792
v 0.436945 0.482893 -0.527597
v 0.431179 0.485767 -0.528673
v 0.437619 0.484773 -0.527865
v 0.437619 0.484773 -0.527865
v 0.431179 0.485767 -0.528673
v 0.431008 0.483810 -0.528342
v -0.422099 0.483810 -0.528342
v -0.422270 0.485767 -0.528673
v -0.422270 0.485767 -0.528673
v -0.428036 0.018067 -0.150308
v -0.422099 0.017150 -0.149564
v 0.442480 0.482252 -0.525819
v 0.442480 0.482252 -0.525819
v -0.438099 0.473477 -0.518697
v -0.436818 0.478478 -0.522756
v -0.436818 0.478478 -0.522756
v -0.438099 0.473477 -0.518697
v 0.438203 0.485560 -0.529133
v 0.443559 0.482782 -0.526878
v 0.443559 0.482782 -0.526878
v 0.438203 0.485560 -0.529133
v 0.445280 0.028231 -0.158558
v 0.445280 0.472730 -0.519348
v -0.433570 0.482252 -0.525819
v -0.433570 0.482252 -0.525819
v -0.435190 0.477339 -0.523089
v -0.436371 0.472730 -0.519348
v 0.445727 0.478478 -0.522756
v 0.445727 0.478478 -0.522756
v 0.444099 0.477339 -0.523089
v -0.439596 0.473284 -0.519169
v -0.438227 0.478624 -0.523503
v -0.438227 0.478624 -0.523503
v -0.439596 0.473284 -0.519169
v -0.432324 0.480668 -0.525792
v -0.428710 0.484773 -0.527865
v -0.428710 0.484773 -0.527865
v -0.428036 0.482893 -0.527597
v 0.447137 0.478624 -0.523503
v 0.448505 0.473284 -0.519169
v 0.448505 0.473284 -0.519169
v 0.447137 0.478624 -0.523503
v -0.422417 0.486622 -0.529995
v 0.431326 0.486622 -0.529995
v 0.431326 0.486622 -0.529995
v -0.422417 0.486622 -0.529995
v -0.422417 0.014954 -0.147152
v 0.431326 0.014954 -0.147152
v 0.431326 0.014954 -0.147152
v -0.422417 0.014954 -0.147152
v -0.429294 0.016016 -0.148014
v -0.429294 0.016016 -0.148014
v -0.438227 0.022952 -0.153644
v -0.439596 0.028292 -0.157979
v -0.439596 0.028292 -0.157979
v -0.438227 0.022952 -0.153644
v 0.443559 0.018794 -0.150269
v 0.438203 0.016016 -0.148014
v 0.438203 0.016016 -0.148014
v 0.443559 0.018794 -0.150269
v 0.437619 0.017418 -0.148524
v 0.431179 0.016424 -0.147716
v 0.431179 0.016424 -0.147716
v 0.437619 0.017418 -0.148524
v -0.434649 0.482782 -0.526878
v -0.429294 0.485560 -0.529133
v -0.429294 0.485560 -0.529133
v -0.434649 0.482782 -0.526878
v -0.434649 0.018794 -0.150269
v -0.434649 0.018794 -0.150269
v 0.447137 0.022952 -0.153644
v 0.447137 0.022952 -0.153644
v -0.422270 0.016424 -0.147716
v -0.428710 0.017418 -0.148524
v -0.428710 0.017418 -0.148524
v -0.422270 0.016424 -0.147716
v 0.431008 0.017150 -0.149564
v 0.436945 0.018067 -0.150308
v -0.438099 0.028714 -0.157692
v -0.438099 0.028714 -0.157692
v -0.435190 0.023621 -0.154817
v -0.432324 0.020292 -0.152114
v -0.433570 0.019940 -0.150570
v -0.433570 0.019940 -0.150570
v -0.436371 0.028231 -0.158558
v -0.436818 0.023713 -0.153633
v -0.436818 0.023713 -0.153633
v 0.441234 0.020292 -0.152114
v 0.442480 0.019940 -0.150570
v 0.442480 0.019940 -0.150570
v 0.444099 0.023621 -0.154817
v 0.448505 0.028292 -0.157979
v 0.448505 0.028292 -0.157979
v 0.445727 0.023713 -0.153633
v 0.445727 0.023713 -0.153633
v 0.447872 0.473461 -0.518852
v 0.446541 0.478658 -0.523070
v 0.447355 0.478067 -0.524332
v 0.448736 0.472675 -0.519955
v 0.443103 0.482653 -0.526313
v 0.443726 0.482285 -0.527755
v 0.437957 0.485322 -0.528480
v 0.438294 0.485103 -0.530042
v 0.431264 0.486356 -0.529319
v 0.431349 0.486175 -0.530913
v -0.429047 0.016704 -0.148113
v -0.422354 0.015670 -0.147274
v -0.422440 0.014148 -0.147778
v -0.429384 0.015220 -0.148649
v -0.434193 0.019373 -0.150279
v -0.434816 0.018038 -0.150936
v -0.437632 0.023369 -0.153522
v -0.438445 0.022255 -0.154359
v -0.438963 0.028565 -0.157740
v -0.439827 0.027648 -0.158736
v 0.431264 0.015670 -0.147274
v 0.437957 0.016704 -0.148113
v 0.438294 0.015220 -0.148649
v 0.431349 0.014148 -0.147778
v 0.443103 0.019373 -0.150279
v 0.443726 0.018038 -0.150936
v 0.446541 0.023369 -0.153522
v 0.447355 0.022255 -0.154359
v 0.447872 0.028565 -0.157740
v 0.448736 0.027648 -0.158736
v -0.422354 0.486356 -0.529319
v -0.429047 0.485322 -0.528480
v -0.429384 0.485103 -0.530042
v -0.422440 0.486175 -0.530913
v -0.434193 0.482653 -0.526313
v -0.434816 0.482285 -0.527755
v -0.437632 0.478658 -0.523070
v -0.438445 0.478067 -0.524332
v -0.438963 0.473461 -0.518852
v -0.439827 0.472675 -0.519955
v 0.445511 0.473055 -0.518983
v 0.444317 0.477717 -0.522767
v 0.446144 0.473329 -0.518745
v 0.444913 0.478134 -0.522645
v 0.441400 0.481106 -0.525518
v 0.441857 0.481685 -0.525528
v 0.437036 0.483370 -0.527356
v 0.437282 0.484058 -0.527454
v 0.431031 0.484298 -0.528109
v 0.431094 0.485014 -0.528230
v -0.428126 0.018205 -0.149792
v -0.422122 0.017278 -0.149039
v -0.428373 0.017968 -0.149139
v -0.422184 0.017012 -0.148363
v -0.432491 0.020470 -0.151630
v -0.432947 0.020341 -0.151065
v -0.435408 0.023859 -0.154380
v -0.436004 0.023893 -0.153947
v -0.436602 0.028521 -0.158164
v -0.437235 0.028698 -0.157848
v 0.431031 0.017278 -0.149039
v 0.437036 0.018205 -0.149792
v 0.431094 0.017012 -0.148363
v 0.437282 0.017968 -0.149139
v 0.441400 0.020470 -0.151630
v 0.441857 0.020341 -0.151065
v 0.444317 0.023859 -0.154380
v 0.444913 0.023893 -0.153947
v 0.445511 0.028521 -0.158164
v 0.446144 0.028698 -0.157848
v -0.422122 0.484298 -0.528109
v -0.428126 0.483370 -0.527356
v -0.422184 0.485014 -0.528230
v -0.428373 0.484058 -0.527454
v -0.432491 0.481106 -0.525518
v -0.432947 0.481685 -0.525528
v -0.435408 0.477717 -0.522767
v -0.436004 0.478134 -0.522645
v -0.436602 0.473055 -0.518983
v -0.437235 0.473329 -0.518745
v 0.447291 0.478362 -0.523926
v 0.448668 0.472985 -0.519562
v 0.443676 0.482562 -0.527335
v 0.438267 0.485368 -0.529613
v 0.431342 0.486438 -0.530481
v -0.422433 0.014516 -0.147432
v -0.429358 0.015585 -0.148301
v -0.434767 0.018392 -0.150578
v -0.438381 0.022591 -0.153987
v -0.439759 0.027968 -0.158351
v 0.438267 0.015585 -0.148301
v 0.431342 0.014516 -0.147432
v 0.443676 0.018392 -0.150578
v 0.447291 0.022591 -0.153987
v 0.448668 0.027968 -0.158351
v -0.429358 0.485368 -0.529613
v -0.422433 0.486438 -0.530481
v -0.434767 0.482562 -0.527335
v -0.438381 0.478362 -0.523926
v -0.439759 0.472985 -0.519562
vt 0.887822 -0.025222
vt 0.888539 -0.025479
vt 0.885240 -0.029739
vt 0.881724 -0.028483
vt 0.887341 1.027278
vt 0.886863 1.025994
vt 0.886863 -0.023554
vt 0.887341 -0.024837
vt 0.879373 -0.026602
vt 0.878405 -0.023999
vt 0.878405 1.026439
vt 0.879373 1.029042
vt 0.881724 1.030922
vt 0.885240 1.032178
vt 0.890108 1.032696
vt 0.112725 1.032729
vt 0.117592 1.032215
vt 0.121109 1.030970
vt 0.123460 1.029105
vt 0.124427 1.026524
vt 0.124427 -0.021806
vt 0.123460 -0.024386
vt 0.121109 -0.026252
vt 0.117592 -0.027497
vt 0.112725 -0.028010
vt 0.890108 -0.030256
vt 0.890940 -0.025734
vt 0.111893 -0.023525
vt 0.114294 -0.023272
vt 0.115011 -0.023018
vt 0.115492 -0.022637
vt 0.115970 -0.021364
vt 0.115970 1.026083
vt 0.115492 1.027356
vt 0.115011 1.027736
vt 0.114294 1.027991
vt 0.111893 1.028244
vt 0.890940 1.028173
vt 0.888539 1.027918
vt 0.887822 1.027661
vt 0.878001 1.025843
vt 0.878058 1.026408
vt 0.877916 1.025986
vt 0.877703 1.025704
vt 0.877988 1.025816
vt 0.113277 1.025724
vt 0.114342 1.025612
vt 0.113546 1.025896
vt 0.113015 1.026321
vt 0.113227 1.025752
vt 0.113227 -0.023312
vt 0.113015 -0.023882
vt 0.113546 -0.023457
vt 0.114342 -0.023172
vt 0.113277 -0.023285
vt 0.877988 -0.021097
vt 0.877703 -0.020985
vt 0.877916 -0.021267
vt 0.878058 -0.021689
vt 0.878001 -0.021124
vt 0.133574 -0.039014
vt 0.871095 -0.039014
vt 0.871095 1.041523
vt 0.133574 1.041523
vt 0.133574 -0.040896
vt 0.871095 -0.040896
vt 0.871095 1.035099
vt 0.133574 1.035099
vt 0.133574 1.026824
vt 0.871095 1.026824
vt 0.871095 -0.024385
vt 0.133574 -0.024385
vt 0.133574 1.030567
vt 0.871095 1.030567
vt 0.133574 1.036605
vt 0.871095 1.036605
vt 0.133574 1.040760
vt 0.871095 1.040760
vt 0.133574 1.043336
vt 0.871095 1.043336
vt 0.871095 1.032523
vt 0.133574 1.032523
vt 0.871095 1.028368
vt 0.133574 1.028368
vt 0.133574 -0.018880
vt 0.871095 -0.018880
vt 0.871095 -0.031308
vt 0.133574 -0.031308
vt 0.133574 -0.038321
vt 0.871095 -0.038321
vt 0.133574 -0.034166
vt 0.871095 -0.034166
vt 0.133574 -0.028128
vt 0.871095 -0.028128
vt 0.871095 1.025011
vt 0.133574 1.025011
vt 0.133574 1.027587
vt 0.871095 1.027587
vt 0.133574 1.031741
vt 0.871095 1.031741
vt 0.133574 1.037779
vt 0.871095 1.037779
vt 0.133574 1.026824
vt 0.132181 1.030567
vt 0.132181 1.030567
vt 0.128217 1.033740
vt 0.128217 1.033740
vt 0.122281 1.035861
vt 0.122281 1.035861
vt 0.115280 1.036605
vt 0.115280 1.036605
vt 0.875583 -0.031148
vt 0.877453 -0.031887
vt 0.877453 -0.031887
vt 0.875583 -0.031148
vt 0.873998 -0.029045
vt 0.873998 -0.029045
vt 0.872939 -0.025900
vt 0.872939 -0.025900
vt 0.872567 -0.022188
vt 0.872567 -0.022188
vt 0.115280 -0.034166
vt 0.122281 -0.033421
vt 0.122281 -0.033421
vt 0.115280 -0.034166
vt 0.128217 -0.031301
vt 0.128217 -0.031301
vt 0.132181 -0.028128
vt 0.132181 -0.028128
vt 0.133574 -0.024385
vt 0.877453 1.036605
vt 0.875583 1.035867
vt 0.875583 1.035867
vt 0.877453 1.036605
vt 0.873998 1.033764
vt 0.873998 1.033764
vt 0.872939 1.030618
vt 0.872939 1.030618
vt 0.872567 1.026906
vt 0.872567 1.026906
vt 0.131886 1.030501
vt 0.127989 1.033619
vt 0.113546 1.025896
vt 0.113015 1.026321
vt 0.114342 1.025612
vt 0.113277 1.025724
vt 0.877461 -0.031721
vt 0.115251 -0.033999
vt 0.877703 -0.020985
vt 0.877916 -0.021267
vt 0.878058 -0.021689
vt 0.878001 -0.021124
vt 0.878001 1.025843
vt 0.122160 -0.033264
vt 0.127989 -0.031180
vt 0.113546 -0.023457
vt 0.114342 -0.023172
vt 0.113015 -0.023882
vt 0.113227 -0.023312
vt 0.875615 1.035711
vt 0.874058 1.033644
vt 0.877916 1.025986
vt 0.877703 1.025704
vt 0.878058 1.026408
vt 0.877988 1.025816
vt 0.113227 1.025752
vt 0.113277 -0.023285
vt 0.877988 -0.021097
vt 0.872651 1.026890
vt 0.872651 -0.022171
vt 0.133261 1.026807
vt 0.873018 1.030552
vt 0.877461 1.036440
vt 0.131886 -0.028062
vt 0.133261 -0.024368
vt 0.873018 -0.025834
vt 0.874058 -0.028926
vt 0.875615 -0.030991
vt 0.115251 1.036438
vt 0.122160 1.035702
vt 0.877625 -0.028427
vt 0.114637 -0.030676
vt 0.877819 -0.024496
vt 0.113909 -0.026713
vt 0.874310 1.026565
vt 0.874310 -0.021846
vt 0.876290 1.026179
vt 0.876290 -0.021459
vt 0.127048 -0.024041
vt 0.127048 1.026480
vt 0.119635 -0.023650
vt 0.119635 1.026089
vt 0.114637 1.033116
vt 0.877625 1.033145
vt 0.113909 1.029152
vt 0.877819 1.029215
vt 0.874582 1.029267
vt 0.876446 1.027734
vt 0.875255 1.031268
vt 0.876682 1.028435
vt 0.876263 1.032606
vt 0.877035 1.028905
vt 0.126030 -0.026765
vt 0.119051 -0.025219
vt 0.123508 -0.028784
vt 0.118165 -0.025927
vt 0.119735 -0.030133
vt 0.116844 -0.026400
vt 0.874582 -0.024549
vt 0.876446 -0.023015
vt 0.875255 -0.026550
vt 0.876682 -0.023717
vt 0.876263 -0.027887
vt 0.877035 -0.024186
vt 0.119735 1.032572
vt 0.116844 1.028840
vt 0.123508 1.031223
vt 0.118168 1.028366
vt 0.126030 1.029205
vt 0.119051 1.027658
vt 0.876703 1.029633
vt 0.875573 1.026588
vt 0.872487 1.030567
vt 0.879679 1.032014
vt 0.876452 1.033740
vt 0.884134 1.033605
vt 0.882388 1.035861
vt 0.889828 1.034211
vt 0.889388 1.036605
vt 0.113005 -0.029513
vt 0.118698 -0.028912
vt 0.120445 -0.031148
vt 0.113444 -0.031887
vt 0.123153 -0.027334
vt 0.126381 -0.029045
vt 0.126127 -0.024973
vt 0.130345 -0.025900
vt 0.127259 -0.021954
vt 0.131738 -0.022188
vt 0.884134 -0.031166
vt 0.889828 -0.031772
vt 0.889388 -0.034166
vt 0.882388 -0.033421
vt 0.879679 -0.029575
vt 0.876452 -0.031301
vt 0.876706 -0.027193
vt 0.872487 -0.028128
vt 0.875573 -0.024149
vt 0.118698 1.033631
vt 0.113005 1.034231
vt 0.113444 1.036605
vt 0.120445 1.035867
vt 0.123153 1.032053
vt 0.126381 1.033764
vt 0.126127 1.029691
vt 0.130345 1.030618
vt 0.127259 1.026672
vt 0.131738 1.026906
vt 0.876989 1.026514
vt 0.876989 -0.024074
vt 0.876989 -0.024074
vt 0.876989 1.026514
vt 0.881724 1.030922
vt 0.885240 1.032178
vt 0.889969 1.033453
vt 0.884686 1.032892
vt 0.884686 1.032892
vt 0.889966 1.033453
vt 0.890108 1.032696
vt 0.112725 1.032729
vt 0.112863 1.033480
vt 0.112863 1.033480
vt 0.117592 -0.027497
vt 0.112725 -0.028010
vt 0.880700 1.031468
vt 0.880700 1.031468
vt 0.125844 1.026598
vt 0.124793 1.029399
vt 0.124793 1.029399
vt 0.125844 1.026598
vt 0.884137 1.033602
vt 0.879685 1.032012
vt 0.879685 1.032012
vt 0.884137 1.033602
vt 0.878405 -0.023999
vt 0.878405 1.026439
vt 0.122129 1.031511
vt 0.122129 1.031511
vt 0.123460 1.029105
vt 0.124427 1.026524
vt 0.878039 1.029338
vt 0.878039 1.029338
vt 0.879373 1.029042
vt 0.127259 1.026672
vt 0.126121 1.029691
vt 0.126121 1.029691
vt 0.127259 1.026672
vt 0.121109 1.030970
vt 0.118147 1.032922
vt 0.118147 1.032924
vt 0.117592 1.032215
vt 0.876712 1.029632
vt 0.875573 1.026588
vt 0.875573 1.026588
vt 0.876712 1.029632
vt 0.113005 1.034230
vt 0.889828 1.034210
vt 0.889828 1.034210
vt 0.113005 1.034230
vt 0.113005 -0.029512
vt 0.889828 -0.031771
vt 0.889828 -0.031771
vt 0.113005 -0.029512
vt 0.118695 -0.028909
vt 0.118695 -0.028909
vt 0.126121 -0.024972
vt 0.127259 -0.021953
vt 0.127259 -0.021953
vt 0.126121 -0.024972
vt 0.879685 -0.029573
vt 0.884137 -0.031163
vt 0.884137 -0.031163
vt 0.879685 -0.029573
vt 0.884686 -0.030453
vt 0.889966 -0.031014
vt 0.889966 -0.031014
vt 0.884686 -0.030453
vt 0.123147 1.032050
vt 0.118695 1.033627
vt 0.118695 1.033627
vt 0.123147 1.032050
vt 0.123147 -0.027332
vt 0.123147 -0.027332
vt 0.876712 -0.027192
vt 0.876712 -0.027192
vt 0.112866 -0.028761
vt 0.118147 -0.028205
vt 0.118147 -0.028205
vt 0.112863 -0.028761
vt 0.890108 -0.030256
vt 0.885240 -0.029739
vt 0.125844 -0.021880
vt 0.125844 -0.021880
vt 0.123460 -0.024386
vt 0.121109 -0.026252
vt 0.122132 -0.026793
vt 0.122132 -0.026793
vt 0.124427 -0.021806
vt 0.124793 -0.024680
vt 0.124793 -0.024680
vt 0.881724 -0.028483
vt 0.880703 -0.029029
vt 0.880703 -0.029029
vt 0.879373 -0.026602
vt 0.875573 -0.024148
vt 0.875573 -0.024148
vt 0.878039 -0.026898
vt 0.878039 -0.026898
vt 0.876281 1.026550
vt 0.877372 1.029485
vt 0.876703 1.029633
vt 0.875573 1.026588
vt 0.880190 1.031742
vt 0.879679 1.032014
vt 0.884411 1.033248
vt 0.884134 1.033605
vt 0.889898 1.033832
vt 0.889828 1.034211
vt 0.118421 -0.028558
vt 0.112934 -0.029137
vt 0.113005 -0.029513
vt 0.118698 -0.028912
vt 0.122643 -0.027064
vt 0.123153 -0.027334
vt 0.125460 -0.024827
vt 0.126127 -0.024973
vt 0.126552 -0.021916
vt 0.127259 -0.021954
vt 0.889898 -0.031393
vt 0.884411 -0.030809
vt 0.884134 -0.031166
vt 0.889828 -0.031772
vt 0.880190 -0.029302
vt 0.879679 -0.029575
vt 0.877372 -0.027046
vt 0.876706 -0.027193
vt 0.876281 -0.024111
vt 0.875573 -0.024149
vt 0.112934 1.033855
vt 0.118424 1.033276
vt 0.118698 1.033631
vt 0.113005 1.034231
vt 0.122643 1.031783
vt 0.123153 1.032053
vt 0.125460 1.029545
vt 0.126127 1.029691
vt 0.126552 1.026635
vt 0.127259 1.026672
vt 0.878405 1.026439
vt 0.879367 1.029043
vt 0.877697 1.026477
vt 0.878706 1.029190
vt 0.881718 1.030924
vt 0.881211 1.031195
vt 0.885237 1.032181
vt 0.884963 1.032535
vt 0.890108 1.032697
vt 0.890037 1.033075
vt 0.117595 -0.027500
vt 0.112725 -0.028011
vt 0.117870 -0.027851
vt 0.112795 -0.028386
vt 0.121114 -0.026254
vt 0.121619 -0.026522
vt 0.123466 -0.024388
vt 0.124127 -0.024534
vt 0.124427 -0.021806
vt 0.125136 -0.021843
vt 0.890108 -0.030258
vt 0.885237 -0.029742
vt 0.890037 -0.030635
vt 0.884963 -0.030096
vt 0.881718 -0.028485
vt 0.881213 -0.028755
vt 0.879367 -0.026604
vt 0.878706 -0.026749
vt 0.878405 -0.023999
vt 0.877697 -0.024036
vt 0.112725 1.032730
vt 0.117595 1.032218
vt 0.112795 1.033104
vt 0.117870 1.032570
vt 0.121114 1.030972
vt 0.121619 1.031240
vt 0.123466 1.029107
vt 0.124127 1.029251
vt 0.124427 1.026524
vt 0.125136 1.026561
vt 0.876706 1.029633
vt 0.875573 1.026588
vt 0.879679 1.032014
vt 0.884134 1.033604
vt 0.889828 1.034211
vt 0.113005 -0.029513
vt 0.118698 -0.028911
vt 0.123150 -0.027334
vt 0.126127 -0.024973
vt 0.127259 -0.021954
vt 0.884134 -0.031165
vt 0.889828 -0.031772
vt 0.879682 -0.029574
vt 0.876706 -0.027193
vt 0.875573 -0.024148
vt 0.118698 1.033630
vt 0.113005 1.034231
vt 0.123150 1.032053
vt 0.126127 1.029691
vt 0.127259 1.026672
vn 0.0001 0.6302 0.7764
vn 0.0001 0.6303 0.7764
vn -0.0000 0.6302 0.7764
vn 0.0000 -0.6302 -0.7764
vn -1.0000 0.0000 0.0000
vn 0.0000 -0.7764 0.6302
vn 1.0000 0.0000 0.0000
vn 0.9808 0.1515 -0.1229
vn 0.8315 0.4313 -0.3501
vn 0.5556 0.6456 -0.5240
vn 0.1950 0.7615 -0.6181
vn -0.1951 -0.7615 0.6181
vn -0.5555 -0.6456 0.5240
vn -0.8315 -0.4313 0.3501
vn -0.9808 -0.1515 0.1229
vn 0.1951 -0.7615 0.6181
vn 0.5555 -0.6456 0.5240
vn 0.8315 -0.4313 0.3501
vn 0.9808 -0.1515 0.1229
vn -0.1950 0.7615 -0.6181
vn -0.5556 0.6456 -0.5240
vn -0.8315 0.4313 -0.3501
vn -0.9808 0.1515 -0.1229
vn 0.0000 0.7764 -0.6302
vn 0.0000 0.0000 1.0000
vn 0.1185 -0.5623 -0.8184
vn -0.0000 1.0000 0.0001
vn -0.0001 1.0000 -0.0000
vn -0.0001 -1.0000 -0.0000
vn -0.0000 -1.0000 0.0001
vn -0.0000 -0.7341 -0.6790
vn -0.2116 -0.0059 0.9773
vn 0.0000 0.0000 0.9962
vn -0.1999 0.0179 0.9797
vn 0.0787 -0.7153 -0.6944
vn 0.1739 0.3982 0.9007
vn 0.1621 0.3836 0.9092
vn 0.1686 0.3934 0.9038
vn 0.0000 0.6247 0.7809
vn 0.3684 0.6083 0.7030
vn 0.0000 0.6739 0.7388
vn 0.3443 0.6359 0.6907
vn 0.3914 0.6030 0.6951
vn -0.0790 -0.5320 -0.8431
vn -0.0000 1.0000 -0.0000
vn -0.0001 1.0000 0.0001
vn -0.2491 0.8345 0.4915
vn -0.2833 0.8168 0.5026
vn 0.0000 0.0000 0.3394
vn -0.1421 -0.6238 -0.7685
vn 0.1393 -0.6023 -0.7860
vn -0.1393 -0.6023 -0.7860
vn -0.1188 -0.5624 -0.8183
vn -0.0277 -0.5157 -0.8563
vn -0.0000 -1.0000 -0.0000
vn 0.1394 -0.6453 -0.7511
vn 0.1185 -0.6852 -0.7186
vn 0.0277 -0.7321 -0.6806
vn -0.1396 -0.6455 -0.7509
vn -0.1183 -0.6852 -0.7187
vn -0.0277 -0.7320 -0.6808
vn -0.0787 -0.7153 -0.6944
vn 0.0000 -0.5134 -0.8582
vn 0.0277 -0.5157 -0.8563
vn 0.0790 -0.5320 -0.8431
vn 0.1422 -0.6240 -0.7684
vn 0.0000 -0.7135 -0.7007
vn 0.0070 -0.6838 -0.7297
vn -0.0070 -0.6838 -0.7297
vn 0.0030 -0.6540 -0.7565
vn -0.0030 -0.6540 -0.7565
vn -0.0034 -0.6539 -0.7566
vn -0.1124 -0.6262 -0.7715
vn -0.0710 -0.6340 -0.7701
vn -0.0710 -0.6232 -0.7789
vn -0.0311 -0.6323 -0.7741
vn -0.0311 -0.6276 -0.7779
vn 0.1124 -0.6262 -0.7715
vn 0.0710 -0.6232 -0.7789
vn 0.0710 -0.6340 -0.7701
vn 0.0311 -0.6276 -0.7779
vn 0.0311 -0.6323 -0.7741
vn 0.0000 -0.5390 -0.8423
vn -0.0070 -0.5735 -0.8192
vn 0.0070 -0.5735 -0.8192
vn -0.0030 -0.6057 -0.7957
vn 0.0030 -0.6057 -0.7957
vn -0.1102 -0.6092 -0.7853
vn -0.0703 -0.6177 -0.7832
vn -0.0285 -0.6207 -0.7835
vn -0.0263 -0.6169 -0.7866
vn -0.0934 -0.5778 -0.8108
vn -0.0596 -0.5977 -0.7995
vn -0.0219 -0.6128 -0.7899
vn -0.0624 -0.5537 -0.8304
vn -0.0398 -0.5823 -0.8120
vn -0.0115 -0.6078 -0.7940
vn -0.0165 -0.6097 -0.7925
vn -0.0219 -0.5406 -0.8410
vn -0.0139 -0.5740 -0.8187
vn 0.1102 -0.6432 -0.7577
vn 0.0703 -0.6394 -0.7657
vn 0.0285 -0.6391 -0.7686
vn 0.0264 -0.6429 -0.7655
vn 0.0933 -0.6747 -0.7322
vn 0.0596 -0.6596 -0.7493
vn 0.0217 -0.6469 -0.7623
vn 0.0222 -0.6466 -0.7625
vn 0.0625 -0.6987 -0.7127
vn 0.0400 -0.6748 -0.7369
vn 0.0121 -0.6518 -0.7583
vn 0.0167 -0.6504 -0.7594
vn 0.0218 -0.7118 -0.7020
vn 0.0139 -0.6832 -0.7301
vn -0.1102 -0.6432 -0.7577
vn -0.0703 -0.6394 -0.7657
vn -0.0284 -0.6391 -0.7686
vn -0.0264 -0.6429 -0.7655
vn -0.0933 -0.6747 -0.7322
vn -0.0596 -0.6596 -0.7493
vn -0.0216 -0.6469 -0.7623
vn -0.0625 -0.6987 -0.7127
vn -0.0400 -0.6748 -0.7369
vn -0.0118 -0.6520 -0.7581
vn -0.0168 -0.6505 -0.7593
vn -0.0218 -0.7118 -0.7020
vn -0.0139 -0.6832 -0.7301
vn 0.0219 -0.5406 -0.8410
vn 0.0139 -0.5740 -0.8187
vn 0.0116 -0.6077 -0.7941
vn 0.0165 -0.6097 -0.7924
vn 0.0624 -0.5536 -0.8304
vn 0.0398 -0.5823 -0.8120
vn 0.0219 -0.6129 -0.7899
vn 0.0934 -0.5778 -0.8108
vn 0.0596 -0.5977 -0.7995
vn 0.0286 -0.6208 -0.7835
vn 0.0265 -0.6168 -0.7867
vn 0.1102 -0.6092 -0.7853
vn 0.0703 -0.6177 -0.7833
vn -0.0000 0.6302 0.7765
vn -0.0001 0.6302 0.7764
vn -0.5557 -0.6453 0.5241
vn -0.1238 0.0619 0.9904
vn 0.0000 -0.7768 0.6298
vn 0.1951 0.7615 -0.6181
vn -0.2425 0.0000 0.9702
vn -0.1951 -0.7616 0.6180
vn 0.0001 1.0000 0.0001
vn 0.9808 -0.1515 0.1230
vn -0.0001 1.0000 -0.0001
vn 0.0000 0.0000 -1.0000
vn -0.8315 -0.4314 0.3500
vn 0.8314 -0.4315 0.3501
vn 0.2425 0.0000 0.9702
vn 0.5556 -0.6457 0.5239
vn -0.1953 0.9759 0.0976
vn -0.1952 0.9759 0.0976
vn 0.1238 0.0619 0.9904
vn -0.9808 -0.1515 0.1230
vn 0.0001 -1.0000 0.0000
vn 1.0000 0.0000 -0.0001
vn 1.0000 -0.0001 0.0000
vn 0.1952 0.9759 0.0976
vn -0.1951 0.7615 -0.6181
vn 0.8316 0.4313 -0.3500
vn 0.0000 0.5547 0.8321
vn 0.5556 0.6457 -0.5238
vn -1.0000 0.0001 -0.0001
vn 0.9808 0.1514 -0.1230
vn -0.2673 0.5345 0.8018
vn 0.0000 0.8420 0.5394
vn -0.5555 0.6454 -0.5242
vn -0.8315 0.4312 -0.3502
vn -0.9808 0.1515 -0.1230
vn 0.1961 0.7845 0.5883
vn 0.1951 -0.7616 0.6180
vn 0.1470 0.6457 0.7493
vn 0.4826 0.6232 0.6155
vn 0.1242 0.6876 0.7154
vn 0.4091 0.7609 0.5037
vn 0.8314 0.4314 -0.3501
vn 0.0832 0.7198 0.6892
vn 0.2734 0.8662 0.4182
vn 0.5556 0.6455 -0.5241
vn 0.0292 0.7369 0.6754
vn 0.0959 0.9231 0.3723
vn 0.1951 0.7614 -0.6182
vn -0.0292 0.5093 0.8601
vn -0.0959 0.1743 0.9800
vn -0.1951 -0.7616 0.6179
vn -0.0833 0.5262 0.8463
vn -0.2733 0.2310 0.9338
vn -0.5555 -0.6457 0.5239
vn -0.1246 0.5584 0.8201
vn -0.4091 0.3363 0.8482
vn -0.8315 -0.4311 0.3504
vn -0.1469 0.6004 0.7861
vn -0.4828 0.4740 0.7364
vn -0.9808 -0.1516 0.1230
vn 0.0292 0.5091 0.8602
vn 0.0959 0.1745 0.9800
vn 0.1951 -0.7616 0.6179
vn 0.0832 0.5262 0.8463
vn 0.2730 0.2316 0.9337
vn 0.5555 -0.6457 0.5239
vn 0.1246 0.5585 0.8201
vn 0.4089 0.3366 0.8482
vn 0.8315 -0.4311 0.3504
vn 0.1469 0.6004 0.7861
vn 0.4825 0.4742 0.7364
vn -0.0292 0.7369 0.6754
vn -0.0959 0.9231 0.3724
vn -0.1951 0.7614 -0.6182
vn -0.0834 0.7200 0.6889
vn -0.2734 0.8663 0.4181
vn -0.5556 0.6455 -0.5241
vn -0.1246 0.6878 0.7151
vn -0.4089 0.7609 0.5038
vn -0.8314 0.4314 -0.3501
vn -0.1468 0.6458 0.7493
vn -0.4829 0.6231 0.6153
vn -0.9808 0.1516 -0.1229
vn 0.0000 0.7390 0.6738
vn -0.0000 0.9307 0.3657
vn 0.0000 0.7767 -0.6299
vn 0.1497 0.6231 0.7677
vn 0.4919 0.5487 0.6760
vn -0.4919 0.5487 0.6760
vn -0.1501 0.6230 0.7677
vn 0.0000 -0.7767 0.6298
vn 0.0000 0.1669 0.9860
vn 0.0000 0.5067 0.8621
vn -0.8864 0.1328 0.4435
vn -0.4823 0.4742 0.7365
vn -0.1466 0.6005 0.7861
vn -0.7515 -0.1201 0.6487
vn -0.4090 0.3364 0.8482
vn -0.1244 0.5586 0.8201
vn -0.5020 -0.3131 0.8062
vn -0.2734 0.2309 0.9338
vn -0.0832 0.5264 0.8462
vn -0.1764 -0.4183 0.8910
vn -0.0960 0.1740 0.9801
vn 0.1763 0.9581 -0.2257
vn 0.0960 0.9233 0.3718
vn 0.0292 0.7370 0.6753
vn 0.5020 0.8533 -0.1406
vn 0.2734 0.8663 0.4181
vn 0.0831 0.7197 0.6893
vn 0.7513 0.6598 0.0161
vn 0.4091 0.7608 0.5037
vn 0.1246 0.6877 0.7152
vn 0.8862 0.4069 0.2216
vn 0.4828 0.6231 0.6153
vn 0.1467 0.6458 0.7493
vn -0.1762 0.9582 -0.2255
vn -0.0960 0.9233 0.3718
vn -0.5020 0.8533 -0.1406
vn -0.0834 0.7199 0.6890
vn -0.7512 0.6599 0.0166
vn -0.4090 0.7608 0.5039
vn -0.1246 0.6877 0.7152
vn -0.8862 0.4069 0.2216
vn -0.4822 0.6233 0.6156
vn -0.1467 0.6458 0.7493
vn 0.1763 -0.4182 0.8911
vn 0.0960 0.1740 0.9801
vn 0.0290 0.5096 0.8599
vn 0.5018 -0.3129 0.8064
vn 0.2737 0.2306 0.9338
vn 0.0832 0.5265 0.8461
vn 0.7513 -0.1201 0.6489
vn 0.4093 0.3362 0.8482
vn 0.8862 0.1332 0.4438
vn 0.4826 0.4741 0.7364
vn 0.1466 0.6005 0.7861
vn -0.0000 -0.4317 0.9020
vn 0.0000 0.1666 0.9860
vn 0.0000 0.5070 0.8619
vn -0.9035 0.2701 0.3328
vn -0.4922 0.5485 0.6759
vn -0.1498 0.6231 0.7677
vn 0.1498 0.6231 0.7677
vn 0.4922 0.5486 0.6759
vn 0.9035 0.2701 0.3328
vn -0.0000 0.7393 0.6734
vn 0.0000 0.9306 0.3662
vn -0.0000 0.9716 -0.2365
vn 0.9719 0.2349 -0.0173
vn 0.9309 0.3422 0.1278
vn 0.8238 0.5123 -0.2429
vn 0.7892 0.6078 -0.0880
vn 0.5505 0.7243 -0.4150
vn 0.5274 0.8110 -0.2532
vn 0.1933 0.8393 -0.5081
vn 0.1852 0.9212 -0.3422
vn -0.1933 -0.6700 0.7168
vn -0.1852 -0.5246 0.8310
vn -0.5507 -0.5552 0.6233
vn -0.5273 -0.4145 0.7417
vn -0.8239 -0.3426 0.4514
vn -0.7893 -0.2113 0.5765
vn -0.9719 -0.0654 0.2262
vn -0.9309 0.0546 0.3611
vn 0.1933 -0.6698 0.7169
vn 0.1852 -0.5250 0.8307
vn 0.5505 -0.5548 0.6238
vn 0.5274 -0.4146 0.7416
vn 0.8239 -0.3429 0.4511
vn 0.7892 -0.2111 0.5767
vn 0.9719 -0.0654 0.2261
vn 0.9308 0.0550 0.3615
vn -0.1933 0.8394 -0.5080
vn -0.1853 0.9209 -0.3431
vn -0.5505 0.7244 -0.4149
vn -0.5273 0.8112 -0.2530
vn -0.8238 0.5124 -0.2424
vn -0.7892 0.6078 -0.0880
vn -0.9718 0.2350 -0.0173
vn -0.9309 0.3423 0.1276
vn 0.0000 0.8542 -0.5200
vn 0.0000 0.9354 -0.3535
vn 0.9910 0.0845 0.1042
vn 0.9492 0.1983 0.2443
vn -0.9909 0.0847 0.1043
vn -0.9492 0.1984 0.2443
vn 0.0000 -0.6846 0.7289
vn 0.0000 -0.5386 0.8426
usemtl Clavier
s 1
f 2142/3891/351 2143/3892/351 2144/3893/352 2145/3894/352
f 2146/3895/353 2147/3896/353 2148/3897/353 2149/3898/353 2142/3891/351 2145/3894/352 2150/3899/353 2151/3900/353 2152/3901/353 2153/3902/353 2154/3903/353 2155/3904/353 2156/3905/353 2157/3906/353 2158/3907/353 2159/3908/353 2160/3909/353 2161/3910/353 2162/3911/353 2163/3912/353 2164/3913/353 2165/3914/353 2166/3915/353 2167/3916/353 2144/3893/352 2143/3892/351 2168/3917/353 2169/3918/353 2170/3919/353 2171/3920/353 2172/3921/353 2173/3922/353 2174/3923/353 2175/3924/353 2176/3925/353 2177/3926/353 2178/3927/353 2179/3928/353 2180/3929/353 2181/3930/353
f 2182/3931/354 2183/3932/354 2184/3933/354 2185/3934/354 2186/3935/354 2187/3936/354 2188/3937/354 2189/3938/354 2190/3939/354 2191/3940/354 2192/3941/354 2193/3942/354 2194/3943/354 2195/3944/354 2196/3945/354 2197/3946/354 2198/3947/354 2199/3948/354 2200/3949/354 2201/3950/354
f 2202/3951/355 2203/3952/355 2204/3953/355 2205/3954/355
f 2206/3955/356 2207/3956/356 2208/3957/356 2209/3958/356
f 2210/3959/357 2211/3960/357 2212/3961/357 2213/3962/357
f 2211/3960/358 2210/3959/358 2214/3963/358 2215/3964/358
f 2215/3964/359 2214/3963/359 2216/3965/359 2217/3966/359
f 2217/3966/360 2216/3965/360 2218/3967/360 2219/3968/360
f 2219/3968/361 2218/3967/361 2220/3969/361 2221/3970/361
f 2209/3958/362 2208/3957/362 2222/3971/362 2223/3972/362
f 2223/3972/363 2222/3971/363 2224/3973/363 2225/3974/363
f 2225/3975/364 2224/3976/364 2226/3977/364 2227/3978/364
f 2227/3978/365 2226/3977/365 2203/3952/365 2202/3951/365
f 2207/3956/366 2206/3955/366 2228/3979/366 2229/3980/366
f 2229/3980/367 2228/3979/367 2230/3981/367 2231/3982/367
f 2231/3982/368 2230/3981/368 2232/3983/368 2233/3984/368
f 2233/3984/369 2232/3983/369 2213/3962/369 2212/3961/369
f 2234/3985/370 2235/3986/370 2236/3987/370 2237/3988/370
f 2237/3988/371 2236/3987/371 2238/3989/371 2239/3990/371
f 2239/3990/372 2238/3989/372 2240/3991/372 2241/3992/372
f 2241/3992/373 2240/3991/373 2205/3954/373 2204/3953/373
f 2235/3986/374 2234/3985/374 2221/3970/374 2220/3969/374
f 2242/3993/375 2243/3994/375 2214/3995/375 2210/3959/375
f 2243/3994/375 2244/3996/375 2216/3997/375 2214/3995/375
f 2244/3996/375 2245/3998/375 2218/3999/375 2216/3997/375
f 2245/3998/375 2246/4000/375 2220/4001/375 2218/3999/375
f 2247/4002/375 2248/4003/375 2209/4004/375 2223/4005/375
f 2249/4006/375 2247/4002/375 2223/4005/375 2225/4007/375
f 2250/4008/375 2249/4006/375 2225/4007/375 2227/4009/375
f 2251/4010/375 2250/4008/375 2227/4009/375 2202/4011/375
f 2252/4012/375 2253/4013/375 2228/4014/375 2206/4015/375
f 2253/4013/375 2254/4016/375 2230/4017/375 2228/4014/375
f 2254/4016/375 2255/4018/375 2232/4019/375 2230/4017/375
f 2255/4018/375 2256/4020/375 2213/3962/375 2232/4019/375
f 2257/4021/375 2258/4022/375 2236/4023/375 2235/4024/375
f 2258/4022/375 2259/4025/375 2238/4026/375 2236/4023/375
f 2259/4025/375 2260/4027/375 2240/4028/375 2238/4026/375
f 2260/4027/375 2261/4029/375 2205/4030/375 2240/4028/375
f 2246/4000/375 2257/4021/375 2235/4024/375 2220/4001/375
f 2256/4020/375 2242/3993/375 2210/3959/375 2213/3962/375
f 2261/4029/375 2251/4010/375 2202/4011/375 2205/4030/375
f 2248/4003/375 2252/4012/375 2206/4015/375 2209/4004/375
f 2262/4031/376 2263/4032/376 2244/3996/376 2243/3994/376
f 2190/3939/375 2189/3938/375 2264/4033/375 2265/4034/375
f 2189/3938/377 2188/3937/375 2266/4035/378 2264/4033/375
f 2188/3937/379 2187/3936/375 2267/4036/380 2266/4035/375
f 2268/4037/381 2269/4038/381 2252/4012/381 2248/4003/381
f 2199/3948/382 2198/3947/383 2270/4039/384 2271/4040/375
f 2201/3950/375 2200/3949/375 2272/4041/375 2273/4042/375
f 2182/3931/375 2201/3950/375 2273/4042/375 2274/4043/375
f 2275/4044/385 2276/4045/385 2254/4016/385 2253/4013/385
f 2195/3944/386 2194/3943/387 2277/4046/388 2278/4047/389
f 2194/3943/390 2193/3942/391 2279/4048/392 2277/4046/393
f 2193/3942/375 2192/3941/375 2280/4049/375 2279/4048/375
f 2281/4050/394 2282/4051/394 2259/4025/394 2258/4022/394
f 2185/3934/395 2184/3933/375 2283/4052/396 2284/4053/375
f 2184/3933/375 2183/3932/375 2285/4054/375 2283/4052/375
f 2183/3932/375 2182/3931/375 2274/4043/375 2285/4054/375
f 2187/3936/375 2186/3935/375 2286/4055/375 2267/4036/375
f 2192/3941/375 2191/3940/375 2287/4056/375 2280/4049/375
f 2196/3945/375 2195/3944/375 2278/4047/375 2288/4057/375
f 2197/3946/375 2196/3945/375 2288/4057/375 2289/4058/375
f 2200/3949/397 2199/3948/375 2271/4040/398 2272/4041/399
f 2290/4059/400 2291/4060/400 2251/4010/400 2261/4029/400
f 2292/4061/401 2262/4031/401 2243/3994/401 2242/3993/401
f 2198/3947/375 2197/3946/375 2289/4058/375 2270/4039/375
f 2293/4062/402 2290/4059/402 2261/4029/402 2260/4027/402
f 2282/4051/403 2293/4062/403 2260/4027/403 2259/4025/403
f 2294/4063/404 2281/4050/404 2258/4022/404 2257/4021/404
f 2186/3935/380 2185/3934/375 2284/4053/405 2286/4055/375
f 2295/4064/406 2296/4065/406 2256/4020/406 2255/4018/406
f 2276/4045/407 2295/4064/407 2255/4018/407 2254/4016/407
f 2269/4038/408 2275/4044/408 2253/4013/408 2252/4012/408
f 2291/4060/409 2297/4066/409 2250/4008/409 2251/4010/409
f 2297/4066/410 2298/4067/410 2249/4006/410 2250/4008/410
f 2299/4068/411 2268/4037/411 2248/4003/411 2247/4002/411
f 2298/4067/412 2299/4068/412 2247/4002/412 2249/4006/412
f 2300/4069/413 2294/4063/413 2257/4021/413 2246/4000/413
f 2301/4070/414 2300/4069/414 2246/4000/414 2245/3998/414
f 2263/4032/415 2301/4070/415 2245/3998/415 2244/3996/415
f 2296/4065/416 2292/4061/416 2242/3993/416 2256/4020/416
f 2269/4038/417 2268/4037/417 2302/4071/417 2303/4072/417
f 2303/4072/418 2302/4071/419 2304/4073/419 2305/4074/418
f 2305/4074/420 2304/4073/421 2289/4058/422 2288/4057/420
f 2291/4060/423 2290/4059/423 2306/4075/423 2307/4076/423
f 2307/4076/424 2306/4075/425 2308/4077/425 2309/4078/424
f 2309/4078/426 2308/4077/427 2274/4043/427 2273/4042/426
f 2292/4061/428 2296/4065/428 2310/4079/428 2311/4080/428
f 2311/4080/429 2310/4079/430 2312/4081/430 2313/4082/429
f 2313/4082/431 2312/4081/432 2280/4049/432 2287/4056/431
f 2294/4063/433 2300/4069/433 2314/4083/433 2315/4084/433
f 2315/4084/434 2314/4083/435 2316/4085/435 2317/4086/434
f 2317/4086/436 2316/4085/437 2267/4036/437 2286/4055/436
f 2290/4059/438 2293/4062/438 2318/4087/438 2306/4075/438
f 2306/4075/425 2318/4087/439 2319/4088/439 2308/4077/425
f 2308/4077/427 2319/4088/440 2285/4054/441 2274/4043/427
f 2293/4062/442 2282/4051/442 2320/4089/442 2318/4087/442
f 2318/4087/443 2320/4089/443 2321/4090/443 2319/4088/443
f 2319/4088/440 2321/4090/444 2283/4052/444 2285/4054/441
f 2282/4051/445 2281/4050/445 2322/4091/445 2320/4089/445
f 2320/4089/446 2322/4091/446 2323/4092/446 2321/4090/446
f 2321/4090/444 2323/4092/447 2284/4053/448 2283/4052/444
f 2281/4050/449 2294/4063/449 2315/4084/449 2322/4091/449
f 2322/4091/450 2315/4084/434 2317/4086/434 2323/4092/450
f 2323/4092/447 2317/4086/436 2286/4055/436 2284/4053/448
f 2296/4065/451 2295/4064/451 2324/4093/451 2310/4079/451
f 2310/4079/430 2324/4093/452 2325/4094/452 2312/4081/430
f 2312/4081/432 2325/4094/453 2279/4048/454 2280/4049/432
f 2295/4064/455 2276/4045/455 2326/4095/455 2324/4093/455
f 2324/4093/456 2326/4095/456 2327/4096/456 2325/4094/456
f 2325/4094/453 2327/4096/457 2277/4046/458 2279/4048/454
f 2276/4045/459 2275/4044/459 2328/4097/459 2326/4095/459
f 2326/4095/460 2328/4097/460 2329/4098/460 2327/4096/460
f 2327/4096/457 2329/4098/461 2278/4047/462 2277/4046/458
f 2275/4044/463 2269/4038/463 2303/4072/463 2328/4097/463
f 2328/4097/464 2303/4072/418 2305/4074/418 2329/4098/464
f 2329/4098/461 2305/4074/420 2288/4057/420 2278/4047/462
f 2297/4066/465 2291/4060/465 2307/4076/465 2330/4099/465
f 2330/4099/466 2307/4076/424 2309/4078/424 2331/4100/466
f 2331/4100/467 2309/4078/426 2273/4042/426 2272/4041/468
f 2298/4067/469 2297/4066/469 2330/4099/469 2332/4101/469
f 2332/4101/470 2330/4099/470 2331/4100/470 2333/4102/470
f 2333/4102/471 2331/4100/467 2272/4041/468 2271/4040/471
f 2299/4068/472 2298/4067/472 2332/4101/472 2334/4103/472
f 2334/4103/473 2332/4101/473 2333/4102/473 2335/4104/473
f 2335/4104/474 2333/4102/471 2271/4040/471 2270/4039/475
f 2268/4037/476 2299/4068/476 2334/4103/476 2302/4071/476
f 2302/4071/419 2334/4103/477 2335/4104/477 2304/4073/419
f 2304/4073/421 2335/4104/474 2270/4039/475 2289/4058/422
f 2300/4069/478 2301/4070/478 2336/4105/478 2314/4083/478
f 2314/4083/435 2336/4105/479 2337/4106/479 2316/4085/435
f 2316/4085/437 2337/4106/480 2266/4035/481 2267/4036/437
f 2301/4070/482 2263/4032/482 2338/4107/482 2336/4105/482
f 2336/4105/483 2338/4107/483 2339/4108/483 2337/4106/483
f 2337/4106/480 2339/4108/484 2264/4033/484 2266/4035/481
f 2263/4032/485 2262/4031/485 2340/4109/485 2338/4107/485
f 2338/4107/486 2340/4109/486 2341/4110/486 2339/4108/486
f 2339/4108/484 2341/4110/487 2265/4034/488 2264/4033/484
f 2262/4031/489 2292/4061/489 2311/4080/489 2340/4109/489
f 2340/4109/490 2311/4080/429 2313/4082/429 2341/4110/490
f 2341/4110/487 2313/4082/431 2287/4056/431 2265/4034/488
f 2191/3940/375 2190/3939/375 2265/4034/375 2287/4056/375
f 2342/4111/351 2343/4112/351 2211/3960/351 2215/4113/351
f 2344/4114/353 2342/4111/351 2215/4113/351 2217/4115/353
f 2345/4116/491 2344/4114/353 2217/4115/353 2219/4117/491
f 2346/4118/353 2345/4116/491 2219/4117/491 2221/4119/353
f 2347/4120/353 2348/4121/353 2222/4122/353 2208/4123/353
f 2348/4121/353 2349/4124/353 2224/4125/353 2222/4122/353
f 2349/4124/353 2350/4126/353 2226/4127/353 2224/4125/353
f 2350/4126/353 2351/4128/353 2203/4129/353 2226/4127/353
f 2352/4130/353 2353/4131/353 2207/4132/353 2229/4133/353
f 2354/4134/353 2352/4130/353 2229/4133/353 2231/4135/353
f 2355/4136/353 2354/4134/353 2231/4135/353 2233/4137/353
f 2356/4138/353 2355/4136/353 2233/4137/353 2212/3961/353
f 2357/4139/491 2358/4140/353 2234/4141/353 2237/4142/491
f 2359/4143/353 2357/4139/491 2237/4142/491 2239/4144/353
f 2360/4145/492 2359/4143/353 2239/4144/353 2241/4146/492
f 2361/4147/492 2360/4145/492 2241/4146/492 2204/4148/492
f 2358/4140/353 2346/4118/353 2221/4119/353 2234/4141/353
f 2343/4112/351 2356/4138/353 2212/3961/353 2211/3960/351
f 2351/4128/353 2361/4147/492 2204/4148/492 2203/4129/353
f 2353/4131/353 2347/4120/353 2208/4123/353 2207/4132/353
f 2362/4149/375 2363/4150/375 2364/4151/375 2365/4152/375
f 2155/3904/493 2154/3903/493 2366/4153/493 2367/4154/493
f 2368/4155/494 2369/4156/375 2370/4157/494 2371/4158/375
f 2157/3906/495 2156/3905/495 2372/4159/495 2373/4160/495
f 2374/4161/375 2368/4155/375 2371/4158/375 2375/4162/375
f 2166/3915/496 2165/3914/496 2376/4163/496 2377/4164/496
f 2369/4156/497 2378/4165/375 2379/4166/497 2370/4157/375
f 2156/3905/498 2155/3904/498 2367/4154/498 2372/4159/498
f 2380/4167/375 2381/4168/375 2382/4169/375 2383/4170/375
f 2384/4171/377 2385/4172/375 2386/4173/395 2387/4174/377
f 2152/3901/355 2151/3900/355 2388/4175/355 2389/4176/355
f 2381/4168/395 2390/4177/375 2391/4178/499 2382/4169/375
f 2161/3910/500 2160/3909/500 2392/4179/500 2393/4180/500
f 2378/4165/501 2394/4181/375 2395/4182/395 2379/4166/502
f 2154/3903/503 2153/3902/503 2396/4183/503 2366/4153/503
f 2397/4184/375 2398/4185/375 2399/4186/375 2400/4187/375
f 2160/3909/504 2159/3908/504 2401/4188/504 2392/4179/504
f 2390/4177/505 2402/4189/375 2403/4190/505 2391/4178/375
f 2159/3908/506 2158/3907/506 2404/4191/506 2401/4188/506
f 2405/4192/375 2406/4193/375 2407/4194/375 2408/4195/375
f 2394/4181/375 2362/4149/375 2365/4152/375 2395/4182/375
f 2409/4196/375 2410/4197/375 2411/4198/375 2412/4199/375
f 2413/4200/375 2414/4201/375 2415/4202/375 2416/4203/375
f 2416/4203/375 2417/4204/375 2418/4205/375 2413/4200/375
f 2419/4206/375 2420/4207/375 2421/4208/375 2422/4209/375
f 2400/4187/375 2421/4208/375 2420/4207/375 2397/4184/375
f 2423/4210/405 2424/4211/375 2425/4212/405 2426/4213/375
f 2424/4211/375 2415/4202/375 2414/4201/375 2425/4212/375
f 2427/4214/507 2428/4215/375 2429/4216/508 2430/4217/375
f 2431/4218/395 2432/4219/377 2433/4220/377 2434/4221/375
f 2398/4185/375 2431/4218/375 2434/4221/375 2399/4186/375
f 2432/4219/377 2409/4196/375 2412/4199/395 2433/4220/377
f 2402/4189/509 2374/4161/375 2375/4162/509 2403/4190/375
f 2153/3902/510 2152/3901/510 2389/4176/510 2396/4183/510
f 2417/4204/511 2435/4222/375 2436/4223/511 2418/4205/375
f 2410/4197/378 2384/4171/377 2387/4174/377 2411/4198/375
f 2437/4224/512 2423/4210/375 2426/4213/513 2438/4225/502
f 2439/4226/514 2440/4227/375 2441/4228/514 2442/4229/375
f 2167/3916/374 2166/3915/374 2377/4164/374 2443/4230/374
f 2428/4215/395 2439/4226/375 2442/4229/395 2429/4216/375
f 2144/3893/515 2167/3916/515 2443/4230/515 2444/4231/515
f 2445/4232/375 2380/4167/375 2383/4170/375 2446/4233/375
f 2164/3913/516 2163/3912/516 2447/4234/516 2448/4235/516
f 2440/4227/517 2449/4236/375 2450/4237/517 2441/4228/375
f 2165/3914/518 2164/3913/518 2448/4235/518 2376/4163/518
f 2435/4222/355 2419/4206/502 2422/4209/519 2436/4223/375
f 2163/3912/520 2162/3911/520 2451/4238/520 2447/4234/520
f 2449/4236/521 2452/4239/375 2453/4240/521 2450/4237/375
f 2162/3911/357 2161/3910/357 2393/4180/357 2451/4238/357
f 2452/4239/522 2445/4232/375 2446/4233/522 2453/4240/375
f 2145/3894/523 2144/3893/523 2444/4231/523 2454/4241/523
f 2455/4242/375 2427/4214/375 2430/4217/375 2456/4243/375
f 2150/3899/524 2145/3894/524 2454/4241/524 2457/4244/524
f 2458/4245/375 2437/4224/375 2438/4225/375 2459/4246/375
f 2151/3900/525 2150/3899/525 2457/4244/525 2388/4175/525
f 2460/4247/526 2455/4242/375 2456/4243/526 2461/4248/375
f 2158/3907/527 2157/3906/527 2373/4160/527 2404/4191/527
f 2363/4150/522 2460/4247/375 2461/4248/522 2364/4151/375
f 2395/4182/528 2365/4152/528 2462/4249/528 2463/4250/528
f 2463/4250/529 2462/4249/529 2406/4193/529 2405/4192/529
f 2343/4112/358 2342/4111/358 2464/4251/358 2465/4252/358
f 2379/4166/530 2395/4182/530 2463/4250/530 2466/4253/530
f 2466/4253/531 2463/4250/531 2405/4192/531 2385/4172/531
f 2342/4111/532 2344/4114/532 2467/4254/532 2464/4251/532
f 2370/4157/533 2379/4166/533 2466/4253/533 2468/4255/533
f 2468/4255/534 2466/4253/534 2385/4172/534 2384/4171/534
f 2344/4114/535 2345/4116/535 2469/4256/535 2467/4254/535
f 2371/4158/536 2370/4157/536 2468/4255/536 2470/4257/536
f 2470/4257/537 2468/4255/537 2384/4171/537 2410/4197/537
f 2345/4116/538 2346/4118/538 2471/4258/538 2469/4256/538
f 2442/4229/539 2441/4228/539 2472/4259/539 2473/4260/539
f 2473/4260/540 2472/4259/540 2417/4204/540 2416/4203/540
f 2348/4121/541 2347/4120/541 2474/4261/541 2475/4262/541
f 2441/4228/542 2450/4237/542 2476/4263/542 2472/4259/542
f 2472/4259/543 2476/4263/543 2435/4222/543 2417/4204/543
f 2349/4124/544 2348/4121/544 2475/4262/544 2477/4264/544
f 2450/4237/545 2453/4240/545 2478/4265/545 2476/4263/545
f 2476/4263/546 2478/4265/546 2419/4206/546 2435/4222/546
f 2350/4126/547 2349/4124/547 2477/4264/547 2479/4266/547
f 2453/4240/548 2446/4233/548 2480/4267/548 2478/4265/548
f 2478/4265/549 2480/4267/549 2420/4207/549 2419/4206/549
f 2351/4128/550 2350/4126/550 2479/4266/550 2481/4268/550
f 2430/4217/551 2429/4216/551 2482/4269/551 2483/4270/551
f 2483/4270/552 2482/4269/552 2415/4202/552 2424/4211/552
f 2353/4131/553 2352/4130/553 2484/4271/553 2485/4272/553
f 2456/4243/554 2430/4217/554 2483/4270/554 2486/4273/554
f 2486/4273/555 2483/4270/555 2424/4211/555 2423/4210/555
f 2352/4130/556 2354/4134/556 2487/4274/556 2484/4271/556
f 2461/4248/557 2456/4243/557 2486/4273/557 2488/4275/557
f 2488/4275/558 2486/4273/558 2423/4210/558 2437/4224/558
f 2354/4134/559 2355/4136/559 2489/4276/559 2487/4274/559
f 2364/4151/560 2461/4248/560 2488/4275/560 2490/4277/560
f 2490/4277/561 2488/4275/561 2437/4224/561 2458/4245/561
f 2355/4136/369 2356/4138/369 2491/4278/369 2489/4276/369
f 2403/4190/562 2375/4162/562 2492/4279/562 2493/4280/562
f 2493/4280/563 2492/4279/563 2409/4196/563 2432/4219/563
f 2358/4140/564 2357/4139/564 2494/4281/564 2495/4282/564
f 2391/4178/565 2403/4190/565 2493/4280/565 2496/4283/565
f 2496/4283/566 2493/4280/566 2432/4219/566 2431/4218/566
f 2357/4139/567 2359/4143/567 2497/4284/567 2494/4281/567
f 2382/4169/568 2391/4178/568 2496/4283/568 2498/4285/568
f 2498/4285/569 2496/4283/569 2431/4218/569 2398/4185/569
f 2359/4143/570 2360/4145/570 2499/4286/570 2497/4284/570
f 2383/4170/571 2382/4169/571 2498/4285/571 2500/4287/571
f 2500/4287/572 2498/4285/572 2398/4185/572 2397/4184/572
f 2360/4145/573 2361/4147/573 2501/4288/573 2499/4286/573
f 2375/4162/574 2371/4158/574 2470/4257/574 2492/4279/574
f 2492/4279/575 2470/4257/575 2410/4197/575 2409/4196/575
f 2346/4118/576 2358/4140/576 2495/4282/576 2471/4258/576
f 2365/4152/577 2364/4151/577 2490/4277/577 2462/4249/577
f 2462/4249/578 2490/4277/578 2458/4245/578 2406/4193/578
f 2356/4138/357 2343/4112/357 2465/4252/357 2491/4278/357
f 2361/4147/355 2351/4128/355 2481/4268/355 2501/4288/355
f 2397/4184/579 2420/4207/579 2480/4267/579 2500/4287/579
f 2500/4287/580 2480/4267/580 2446/4233/580 2383/4170/580
f 2347/4120/581 2353/4131/581 2485/4272/581 2474/4261/581
f 2416/4203/582 2415/4202/582 2482/4269/582 2473/4260/582
f 2473/4260/583 2482/4269/583 2429/4216/583 2442/4229/583
f 2396/4183/584 2389/4176/584 2502/4289/584 2503/4290/584
f 2503/4290/585 2502/4289/585 2504/4291/585 2505/4292/585
f 2505/4292/586 2504/4291/586 2362/4149/586 2394/4181/586
f 2366/4153/587 2396/4183/587 2503/4290/587 2506/4293/587
f 2506/4293/588 2503/4290/588 2505/4292/588 2507/4294/588
f 2507/4294/589 2505/4292/589 2394/4181/589 2378/4165/589
f 2367/4154/590 2366/4153/590 2506/4293/590 2508/4295/590
f 2508/4295/591 2506/4293/591 2507/4294/591 2509/4296/591
f 2509/4296/592 2507/4294/592 2378/4165/592 2369/4156/592
f 2372/4159/593 2367/4154/593 2508/4295/593 2510/4297/593
f 2510/4297/594 2508/4295/594 2509/4296/594 2511/4298/594
f 2511/4298/539 2509/4296/539 2369/4156/539 2368/4155/539
f 2377/4164/595 2376/4163/595 2512/4299/595 2513/4300/595
f 2513/4300/596 2512/4299/596 2514/4301/596 2515/4302/596
f 2515/4302/597 2514/4301/597 2440/4227/597 2439/4226/597
f 2376/4163/598 2448/4235/598 2516/4303/598 2512/4299/598
f 2512/4299/599 2516/4303/599 2517/4304/599 2514/4301/599
f 2514/4301/600 2517/4304/600 2449/4236/600 2440/4227/600
f 2448/4235/601 2447/4234/601 2518/4305/601 2516/4303/601
f 2516/4303/602 2518/4305/602 2519/4306/602 2517/4304/602
f 2517/4304/603 2519/4306/603 2452/4239/603 2449/4236/603
f 2447/4234/604 2451/4238/604 2520/4307/604 2518/4305/604
f 2518/4305/605 2520/4307/605 2521/4308/605 2519/4306/605
f 2519/4306/606 2521/4308/606 2445/4232/606 2452/4239/606
f 2444/4231/607 2443/4230/607 2522/4309/607 2523/4310/607
f 2523/4310/608 2522/4309/608 2524/4311/608 2525/4312/608
f 2525/4312/562 2524/4311/562 2428/4215/562 2427/4214/562
f 2454/4241/609 2444/4231/609 2523/4310/609 2526/4313/609
f 2526/4313/566 2523/4310/566 2525/4312/566 2527/4314/566
f 2527/4314/610 2525/4312/610 2427/4214/610 2455/4242/610
f 2457/4244/611 2454/4241/611 2526/4313/611 2528/4315/611
f 2528/4315/612 2526/4313/612 2527/4314/612 2529/4316/612
f 2529/4316/613 2527/4314/613 2455/4242/613 2460/4247/613
f 2388/4175/614 2457/4244/614 2528/4315/614 2530/4317/614
f 2530/4317/615 2528/4315/615 2529/4316/615 2531/4318/615
f 2531/4318/616 2529/4316/616 2460/4247/616 2363/4150/616
f 2404/4191/617 2373/4160/617 2532/4319/617 2533/4320/617
f 2533/4320/618 2532/4319/618 2534/4321/618 2535/4322/618
f 2535/4322/619 2534/4321/619 2374/4161/619 2402/4189/619
f 2401/4188/620 2404/4191/620 2533/4320/620 2536/4323/620
f 2536/4323/621 2533/4320/621 2535/4322/621 2537/4324/621
f 2537/4324/622 2535/4322/622 2402/4189/622 2390/4177/622
f 2392/4179/623 2401/4188/623 2536/4323/623 2538/4325/623
f 2538/4325/624 2536/4323/624 2537/4324/624 2539/4326/624
f 2539/4326/557 2537/4324/557 2390/4177/557 2381/4168/557
f 2393/4180/625 2392/4179/625 2538/4325/625 2540/4327/625
f 2540/4327/626 2538/4325/626 2539/4326/626 2541/4328/626
f 2541/4328/627 2539/4326/627 2381/4168/627 2380/4167/627
f 2373/4160/628 2372/4159/628 2510/4297/628 2532/4319/628
f 2532/4319/629 2510/4297/629 2511/4298/629 2534/4321/629
f 2534/4321/630 2511/4298/630 2368/4155/630 2374/4161/630
f 2389/4176/631 2388/4175/631 2530/4317/631 2502/4289/631
f 2502/4289/632 2530/4317/632 2531/4318/632 2504/4291/632
f 2504/4291/633 2531/4318/633 2363/4150/633 2362/4149/633
f 2380/4167/634 2445/4232/634 2521/4308/634 2541/4328/634
f 2541/4328/635 2521/4308/635 2520/4307/635 2540/4327/635
f 2540/4327/636 2520/4307/636 2451/4238/636 2393/4180/636
f 2439/4226/637 2428/4215/637 2524/4311/637 2515/4302/637
f 2515/4302/638 2524/4311/638 2522/4309/638 2513/4300/638
f 2513/4300/639 2522/4309/639 2443/4230/639 2377/4164/639
f 2406/4193/375 2458/4245/375 2459/4246/375 2407/4194/375
f 2465/4252/640 2464/4251/640 2542/4329/640 2543/4330/640
f 2543/4330/641 2542/4329/641 2408/4195/641 2407/4194/641
f 2464/4251/642 2467/4254/642 2544/4331/642 2542/4329/642
f 2542/4329/643 2544/4331/643 2386/4173/643 2408/4195/643
f 2467/4254/644 2469/4256/644 2545/4332/644 2544/4331/644
f 2544/4331/645 2545/4332/645 2387/4174/645 2386/4173/645
f 2469/4256/646 2471/4258/646 2546/4333/646 2545/4332/646
f 2545/4332/647 2546/4333/647 2411/4198/647 2387/4174/647
f 2475/4262/648 2474/4261/648 2547/4334/648 2548/4335/648
f 2548/4335/649 2547/4334/649 2413/4200/649 2418/4205/649
f 2477/4264/650 2475/4262/650 2548/4335/650 2549/4336/650
f 2549/4336/651 2548/4335/651 2418/4205/651 2436/4223/651
f 2479/4266/652 2477/4264/652 2549/4336/652 2550/4337/652
f 2550/4337/653 2549/4336/653 2436/4223/653 2422/4209/653
f 2481/4268/654 2479/4266/654 2550/4337/654 2551/4338/654
f 2551/4338/655 2550/4337/655 2422/4209/655 2421/4208/655
f 2485/4272/656 2484/4271/656 2552/4339/656 2553/4340/656
f 2553/4340/657 2552/4339/657 2425/4212/657 2414/4201/657
f 2484/4271/658 2487/4274/658 2554/4341/658 2552/4339/658
f 2552/4339/659 2554/4341/659 2426/4213/659 2425/4212/659
f 2487/4274/660 2489/4276/660 2555/4342/660 2554/4341/660
f 2554/4341/661 2555/4342/661 2438/4225/661 2426/4213/661
f 2489/4276/662 2491/4278/662 2556/4343/662 2555/4342/662
f 2555/4342/663 2556/4343/663 2459/4246/663 2438/4225/663
f 2495/4282/664 2494/4281/664 2557/4344/664 2558/4345/664
f 2558/4345/665 2557/4344/665 2433/4220/665 2412/4199/665
f 2494/4281/666 2497/4284/666 2559/4346/666 2557/4344/666
f 2557/4344/667 2559/4346/667 2434/4221/667 2433/4220/667
f 2497/4284/668 2499/4286/668 2560/4347/668 2559/4346/668
f 2559/4346/669 2560/4347/669 2399/4186/669 2434/4221/669
f 2499/4286/670 2501/4288/670 2561/4348/670 2560/4347/670
f 2560/4347/671 2561/4348/671 2400/4187/671 2399/4186/671
f 2471/4258/672 2495/4282/672 2558/4345/672 2546/4333/672
f 2546/4333/673 2558/4345/673 2412/4199/673 2411/4198/673
f 2491/4278/674 2465/4252/674 2543/4330/674 2556/4343/674
f 2556/4343/675 2543/4330/675 2407/4194/675 2459/4246/675
f 2501/4288/676 2481/4268/676 2551/4338/676 2561/4348/676
f 2561/4348/677 2551/4338/677 2421/4208/677 2400/4187/677
f 2474/4261/678 2485/4272/678 2553/4340/678 2547/4334/678
f 2547/4334/679 2553/4340/679 2414/4201/679 2413/4200/679
f 2385/4172/375 2405/4192/375 2408/4195/375 2386/4173/375
usemtl Ecran.001
f 2147/3896/353 2146/3895/353 2181/3930/353 2180/3929/353 2179/3928/353 2178/3927/353 2177/3926/353 2176/3925/353 2175/3924/353 2174/3923/353 2173/3922/353 2172/3921/353 2171/3920/353 2170/3919/353 2169/3918/353 2168/3917/353 2143/3892/351 2142/3891/351 2149/3898/353 2148/3897/353
