# Blender v3.2.0 OBJ File: ''
# www.blender.org
mtllib belier.mtl
o belier_19244_Battering_ram_v1
v 0.008717 -0.288855 -0.053729
v -0.208573 -0.288855 -0.053729
v -0.208573 -0.268219 -0.103873
v 0.008717 -0.268219 -0.103873
v 0.397043 -0.268219 -0.103873
v 0.397043 -0.288856 -0.053729
v 0.397043 -0.296056 0.000015
v 0.008717 -0.296056 0.000015
v -0.208573 -0.296056 0.000015
v 0.008717 -0.235111 -0.146816
v -0.208573 -0.235111 -0.146817
v -0.208573 -0.192168 -0.179924
v 0.008717 -0.192168 -0.179924
v 0.397043 -0.192168 -0.179924
v 0.397043 -0.235111 -0.146817
v 0.008717 -0.142024 -0.200561
v -0.208573 -0.142024 -0.200561
v -0.208573 -0.088280 -0.207761
v 0.008717 -0.088280 -0.207761
v 0.397043 -0.088280 -0.207761
v 0.397043 -0.142024 -0.200561
v 1.314402 -0.288856 -0.053729
v 1.314402 -0.268219 -0.103873
v 1.341423 -0.268219 -0.103873
v 1.341423 -0.288856 -0.053729
v 1.341423 -0.296056 0.000015
v 1.314402 -0.296056 0.000015
v 1.309876 -0.300473 0.000015
v 1.309944 -0.293119 -0.054871
v 1.310046 -0.272044 -0.106081
v -1.485652 -0.288855 -0.053729
v -1.417464 -0.288855 -0.053729
v -1.417464 -0.296056 0.000015
v -1.485652 -0.296056 0.000015
v -1.555202 -0.296056 0.000015
v -1.555202 -0.288855 -0.053729
v -1.555202 -0.268219 -0.103873
v -1.485652 -0.268219 -0.103873
v -1.417464 -0.268219 -0.103873
v 1.314402 -0.235112 -0.146817
v 1.314402 -0.192168 -0.179924
v 1.341423 -0.192168 -0.179924
v 1.341423 -0.235112 -0.146817
v 1.310081 -0.238233 -0.149938
v 1.310081 -0.194376 -0.183749
v -1.485652 -0.235111 -0.146817
v -1.417464 -0.235111 -0.146817
v -1.555202 -0.235111 -0.146817
v -1.555202 -0.192168 -0.179924
v -1.485652 -0.192168 -0.179924
v -1.417464 -0.192168 -0.179924
v 1.314402 -0.142024 -0.200561
v 1.314402 -0.088280 -0.207761
v 1.341423 -0.088280 -0.207761
v 1.341423 -0.142024 -0.200561
v 1.310081 -0.143166 -0.204824
v 1.310081 -0.088280 -0.212178
v -1.485652 -0.142024 -0.200561
v -1.417464 -0.142024 -0.200561
v -1.555202 -0.142024 -0.200561
v -1.555202 -0.088280 -0.207761
v -1.485652 -0.088280 -0.207761
v -1.417464 -0.088280 -0.207761
v 1.006560 -0.288856 -0.053729
v 1.233442 -0.288856 -0.053729
v 1.234360 -0.296056 0.000015
v 1.006759 -0.296056 0.000015
v 1.232067 -0.268219 -0.103873
v 1.006263 -0.268219 -0.103873
v -1.140709 -0.288855 -0.053729
v -1.180707 -0.288855 -0.053729
v -1.180707 -0.268219 -0.103873
v -1.140709 -0.268219 -0.103873
v -0.757379 -0.268219 -0.103873
v -0.757379 -0.288855 -0.053729
v -0.757379 -0.296056 0.000015
v -1.140709 -0.296056 0.000015
v -1.180707 -0.296056 0.000015
v 1.006163 -0.235112 -0.146817
v 1.231608 -0.235112 -0.146816
v 1.006164 -0.192168 -0.179924
v 1.231608 -0.192168 -0.179924
v -1.140709 -0.235111 -0.146816
v -1.180707 -0.235111 -0.146817
v -1.180707 -0.192168 -0.179924
v -1.140709 -0.192168 -0.179924
v -0.757379 -0.192168 -0.179924
v -0.757379 -0.235111 -0.146817
v 1.006163 -0.142024 -0.200561
v 1.231608 -0.142024 -0.200561
v 1.006164 -0.088280 -0.207761
v 1.231608 -0.088280 -0.207761
v -1.140709 -0.142024 -0.200561
v -1.180707 -0.142024 -0.200561
v -1.180707 -0.088280 -0.207761
v -1.140709 -0.088280 -0.207761
v -0.757379 -0.088280 -0.207761
v -0.757379 -0.142024 -0.200561
v 1.275607 -0.322964 -0.062868
v 1.275792 -0.298818 -0.121539
v 1.280658 -0.298818 -0.121539
v 1.280321 -0.322964 -0.062868
v 1.280096 -0.331389 0.000015
v 1.275483 -0.331389 0.000015
v 1.273818 -0.327668 0.000015
v 1.273951 -0.319372 -0.061906
v 1.274151 -0.295596 -0.119679
v -1.377654 -0.322964 -0.062868
v -1.373003 -0.322964 -0.062868
v -1.372738 -0.331389 0.000015
v -1.377257 -0.331389 0.000015
v -1.378765 -0.326972 0.000015
v -1.379205 -0.318700 -0.061726
v -1.379866 -0.294993 -0.119331
v -1.378251 -0.298818 -0.121539
v -1.373400 -0.298818 -0.121539
v 1.291156 -0.260081 -0.171786
v 1.280771 -0.260081 -0.171786
v 1.280771 -0.209834 -0.210523
v 1.291156 -0.209834 -0.210523
v 1.301542 -0.209834 -0.210523
v 1.301542 -0.260081 -0.171786
v 1.301291 -0.298818 -0.121539
v 1.290970 -0.298818 -0.121539
v -1.363147 -0.260080 -0.171786
v -1.352762 -0.260080 -0.171786
v -1.352710 -0.298818 -0.121539
v -1.363066 -0.298818 -0.121539
v -1.373533 -0.260080 -0.171786
v -1.373533 -0.209834 -0.210523
v -1.363147 -0.209834 -0.210523
v -1.352762 -0.209834 -0.210523
v 1.291156 -0.151163 -0.234669
v 1.280771 -0.151163 -0.234669
v 1.280771 -0.088280 -0.243094
v 1.291156 -0.088280 -0.243094
v 1.301542 -0.088280 -0.243094
v 1.301542 -0.151163 -0.234669
v -1.363147 -0.151163 -0.234669
v -1.352762 -0.151163 -0.234669
v -1.373533 -0.151163 -0.234669
v -1.373533 -0.088280 -0.243094
v -1.363147 -0.088280 -0.243094
v -1.352762 -0.088280 -0.243094
v 1.273035 -0.308597 -0.059019
v 1.274346 -0.295733 -0.055572
v 1.275020 -0.274389 -0.107435
v 1.273513 -0.285929 -0.114098
v 1.272717 -0.316506 0.000015
v 1.273897 -0.303180 0.000015
v 1.273672 -0.249563 -0.161268
v 1.275244 -0.240146 -0.151851
v 1.275244 -0.195730 -0.186094
v 1.273672 -0.202393 -0.197634
v 1.274218 -0.207974 -0.207301
v 1.274218 -0.257451 -0.169156
v 1.273672 -0.147314 -0.220302
v 1.275244 -0.143867 -0.207438
v 1.275244 -0.088280 -0.214885
v 1.273672 -0.088280 -0.228211
v 1.274218 -0.088280 -0.239373
v 1.274218 -0.150201 -0.231077
v 1.308640 -0.146594 -0.217615
v 1.308640 -0.088280 -0.225427
v 1.308640 -0.201001 -0.195224
v 1.308094 -0.207626 -0.206699
v 1.308095 -0.150021 -0.230405
v 1.308095 -0.088280 -0.238677
v 1.308640 -0.247596 -0.159301
v 1.308504 -0.283519 -0.112706
v 1.307856 -0.294994 -0.119331
v 1.308095 -0.256959 -0.168664
v 1.308095 -0.305910 -0.058299
v 1.307822 -0.313722 0.000015
v 1.306663 -0.326972 0.000015
v 1.307140 -0.318700 -0.061726
v -1.345663 -0.147313 -0.220302
v -1.347235 -0.143867 -0.207438
v -1.347235 -0.195730 -0.186094
v -1.345663 -0.202393 -0.197634
v -1.346209 -0.207974 -0.207301
v -1.346209 -0.150201 -0.231077
v -1.346209 -0.088280 -0.239373
v -1.345663 -0.088280 -0.228211
v -1.347235 -0.088280 -0.214885
v -1.345663 -0.249563 -0.161268
v -1.347235 -0.240146 -0.151851
v -1.347228 -0.274389 -0.107435
v -1.345635 -0.285929 -0.114098
v -1.346162 -0.295596 -0.119679
v -1.346209 -0.257451 -0.169156
v -1.345550 -0.308596 -0.059019
v -1.347207 -0.295732 -0.055572
v -1.347193 -0.303180 0.000015
v -1.345493 -0.316505 0.000015
v -1.345925 -0.327668 0.000015
v -1.346020 -0.319372 -0.061906
v -1.380086 -0.305910 -0.058299
v -1.379813 -0.313722 0.000015
v -1.382542 -0.300472 0.000015
v -1.382611 -0.293119 -0.054871
v -1.382713 -0.272044 -0.106081
v -1.380495 -0.283519 -0.112706
v -1.380632 -0.247596 -0.159301
v -1.382747 -0.238232 -0.149938
v -1.382747 -0.194376 -0.183749
v -1.380632 -0.201001 -0.195224
v -1.380086 -0.207626 -0.206699
v -1.380086 -0.256959 -0.168664
v -1.380632 -0.146594 -0.217615
v -1.382747 -0.143166 -0.204824
v -1.382747 -0.088280 -0.212178
v -1.380632 -0.088280 -0.225427
v -1.380086 -0.088280 -0.238677
v -1.380086 -0.150021 -0.230405
v 1.266156 -0.287450 -0.053729
v 1.256020 -0.288504 -0.053729
v 1.254574 -0.268131 -0.103873
v 1.264686 -0.267868 -0.103873
v 1.269828 -0.266421 -0.103139
v 1.271116 -0.285331 -0.053349
v 1.271974 -0.291426 0.000015
v 1.267136 -0.293948 0.000015
v 1.256983 -0.295529 0.000015
v -1.332955 -0.288855 -0.053729
v -1.316445 -0.288855 -0.053729
v -1.316445 -0.296056 0.000015
v -1.332955 -0.296056 0.000015
v -1.340582 -0.294588 0.000015
v -1.340582 -0.287439 -0.053349
v -1.340582 -0.266948 -0.103139
v -1.332955 -0.268219 -0.103873
v -1.316445 -0.268219 -0.103873
v 1.264196 -0.235112 -0.146816
v 1.254093 -0.235112 -0.146817
v 1.254093 -0.192168 -0.179924
v 1.264196 -0.192168 -0.179924
v 1.269398 -0.191434 -0.178653
v 1.269398 -0.234074 -0.145779
v -1.332955 -0.235111 -0.146817
v -1.316445 -0.235111 -0.146817
v -1.340582 -0.234074 -0.145779
v -1.340582 -0.191434 -0.178653
v -1.332955 -0.192168 -0.179924
v -1.316445 -0.192168 -0.179924
v 1.264196 -0.142024 -0.200561
v 1.254093 -0.142024 -0.200561
v 1.254093 -0.088280 -0.207761
v 1.264196 -0.088280 -0.207761
v 1.269398 -0.088280 -0.206293
v 1.269398 -0.141644 -0.199144
v -1.332955 -0.142024 -0.200561
v -1.316445 -0.142024 -0.200561
v -1.340582 -0.141644 -0.199144
v -1.340582 -0.088280 -0.206293
v -1.332955 -0.088280 -0.207761
v -1.316445 -0.088280 -0.207761
v 1.515666 -0.288856 -0.053729
v 1.482536 -0.288856 -0.053729
v 1.482536 -0.268219 -0.103873
v 1.515666 -0.268219 -0.103873
v 1.526096 -0.265206 -0.102133
v 1.526096 -0.285497 -0.052829
v 1.526096 -0.292577 0.000015
v 1.515666 -0.296056 0.000015
v 1.482536 -0.296056 0.000015
v -1.587657 -0.288855 -0.053729
v -1.587657 -0.296056 0.000015
v -1.598088 -0.292577 0.000015
v -1.598088 -0.285497 -0.052829
v -1.598088 -0.265206 -0.102133
v -1.587657 -0.268219 -0.103873
v 1.515666 -0.235112 -0.146816
v 1.482536 -0.235112 -0.146817
v 1.482536 -0.192168 -0.179924
v 1.515666 -0.192168 -0.179924
v 1.526096 -0.190428 -0.176911
v 1.526096 -0.232653 -0.144358
v -1.587657 -0.235111 -0.146817
v -1.598088 -0.232653 -0.144358
v -1.598088 -0.190428 -0.176911
v -1.587657 -0.192168 -0.179924
v 1.515666 -0.142024 -0.200561
v 1.482536 -0.142024 -0.200561
v 1.482536 -0.088280 -0.207761
v 1.515666 -0.088280 -0.207761
v 1.526096 -0.088280 -0.204282
v 1.526096 -0.141124 -0.197202
v -1.587657 -0.142024 -0.200561
v -1.598088 -0.141124 -0.197202
v -1.598088 -0.088280 -0.204282
v -1.587657 -0.088280 -0.207761
v -1.601565 -0.275422 -0.050129
v -1.601565 -0.256167 -0.096915
v -1.601565 -0.282140 0.000015
v 1.529573 -0.275422 -0.050129
v 1.529573 -0.282140 0.000015
v 1.529573 -0.256168 -0.096915
v -1.601565 -0.225277 -0.136982
v -1.601565 -0.185210 -0.167873
v 1.529573 -0.225277 -0.136982
v 1.529573 -0.185210 -0.167873
v -1.601565 -0.138424 -0.187127
v -1.601565 -0.088280 -0.193845
v 1.529573 -0.138424 -0.187127
v 1.529573 -0.088280 -0.193845
v 1.410961 -0.288856 -0.053729
v 1.410961 -0.268219 -0.103873
v 1.410961 -0.296056 0.000015
v -1.389093 -0.288855 -0.053729
v -1.389093 -0.268219 -0.103873
v -1.389093 -0.296056 0.000015
v 1.410961 -0.235112 -0.146816
v 1.410961 -0.192168 -0.179924
v -1.389093 -0.235111 -0.146816
v -1.389093 -0.192168 -0.179924
v 1.410961 -0.142024 -0.200561
v 1.410961 -0.088280 -0.207761
v -1.389093 -0.142024 -0.200561
v -1.389093 -0.088280 -0.207761
v -1.378449 -0.260080 -0.171786
v -1.378449 -0.209834 -0.210523
v -1.347846 -0.260080 -0.171786
v -1.347846 -0.209834 -0.210523
v -1.347798 -0.298818 -0.121539
v -1.378449 -0.151163 -0.234669
v -1.378449 -0.088280 -0.243094
v -1.347846 -0.151163 -0.234669
v -1.347846 -0.088280 -0.243094
v 1.306458 -0.260081 -0.171786
v 1.306458 -0.209834 -0.210523
v 1.306185 -0.298818 -0.121539
v 1.275854 -0.260081 -0.171786
v 1.275854 -0.209834 -0.210523
v 1.306458 -0.151163 -0.234669
v 1.306458 -0.088280 -0.243094
v 1.275854 -0.151163 -0.234669
v 1.275854 -0.088280 -0.243094
v 1.279369 -0.285876 -0.052930
v 1.279073 -0.292969 0.000015
v 1.282555 -0.287420 0.000015
v 1.282506 -0.280676 -0.051631
v 1.282433 -0.261109 -0.099818
v 1.279812 -0.265546 -0.102329
v 1.279960 -0.232930 -0.144635
v 1.282408 -0.229381 -0.141086
v 1.282409 -0.188113 -0.172901
v 1.279960 -0.190625 -0.177251
v 1.279960 -0.141226 -0.197581
v 1.282408 -0.139926 -0.192732
v 1.282409 -0.088280 -0.199652
v 1.279960 -0.088280 -0.204674
v -1.351951 -0.141225 -0.197581
v -1.351951 -0.088280 -0.204674
v -1.354400 -0.088280 -0.199652
v -1.354400 -0.139926 -0.192732
v -1.354400 -0.188113 -0.172901
v -1.351951 -0.190624 -0.177251
v -1.351951 -0.232930 -0.144635
v -1.354400 -0.229381 -0.141086
v -1.354400 -0.261196 -0.099818
v -1.351951 -0.265546 -0.102329
v -1.351951 -0.285876 -0.052930
v -1.354400 -0.281027 -0.051631
v -1.354400 -0.287947 0.000015
v -1.351951 -0.292969 0.000015
v -1.349170 -0.283189 -0.052211
v -1.349169 -0.290186 0.000015
v -1.349170 -0.263135 -0.100938
v 1.277179 -0.230963 -0.142668
v 1.277179 -0.189233 -0.174841
v 1.277424 -0.262784 -0.100938
v -1.349170 -0.230963 -0.142668
v -1.349170 -0.189233 -0.174841
v 1.277179 -0.140506 -0.194894
v 1.277179 -0.088280 -0.201891
v -1.349170 -0.140506 -0.194894
v -1.349169 -0.088280 -0.201891
v 0.843736 -0.288856 -0.053729
v 0.771484 -0.288856 -0.053729
v 0.771484 -0.268219 -0.103873
v 0.843736 -0.268219 -0.103873
v 0.902768 -0.268219 -0.103873
v 0.902791 -0.288856 -0.053729
v 0.902806 -0.296056 0.000015
v 0.843736 -0.296056 0.000015
v 0.771484 -0.296056 0.000015
v -0.543135 -0.288855 -0.053729
v -0.470883 -0.288855 -0.053729
v -0.470883 -0.296056 0.000015
v -0.543135 -0.296056 0.000015
v -0.606142 -0.296056 0.000015
v -0.606142 -0.288855 -0.053729
v -0.606142 -0.268219 -0.103873
v -0.543135 -0.268219 -0.103873
v -0.470883 -0.268219 -0.103873
v 0.008717 -0.288856 0.053759
v -0.208573 -0.288855 0.053759
v 0.397043 -0.288856 0.053759
v 0.397043 -0.268219 0.103903
v 0.008717 -0.268219 0.103903
v -0.208573 -0.268219 0.103903
v 0.008717 -0.235111 0.146847
v -0.208573 -0.235111 0.146847
v 0.397043 -0.235111 0.146847
v 0.397043 -0.192168 0.179954
v 0.008717 -0.192168 0.179954
v -0.208573 -0.192168 0.179954
v 0.008717 -0.142024 0.200591
v -0.208573 -0.142024 0.200591
v 0.397043 -0.142024 0.200591
v 0.397043 -0.088280 0.207791
v 0.008717 -0.088280 0.207791
v -0.208573 -0.088280 0.207791
v 1.314402 -0.288856 0.053759
v 1.341423 -0.288856 0.053759
v 1.341423 -0.268219 0.103903
v 1.314402 -0.268219 0.103903
v 1.310046 -0.272044 0.106111
v 1.309944 -0.293119 0.054902
v -1.485652 -0.288855 0.053759
v -1.417464 -0.288855 0.053759
v -1.417464 -0.268219 0.103903
v -1.485652 -0.268219 0.103903
v -1.555202 -0.268219 0.103903
v -1.555202 -0.288855 0.053759
v 1.314402 -0.235112 0.146847
v 1.341423 -0.235112 0.146847
v 1.341423 -0.192168 0.179954
v 1.314402 -0.192168 0.179954
v 1.310081 -0.194376 0.183779
v 1.310081 -0.238233 0.149968
v -1.485652 -0.235111 0.146847
v -1.417464 -0.235111 0.146847
v -1.417464 -0.192168 0.179954
v -1.485652 -0.192168 0.179954
v -1.555202 -0.192168 0.179954
v -1.555202 -0.235111 0.146847
v 1.314402 -0.142024 0.200591
v 1.341423 -0.142024 0.200591
v 1.341423 -0.088280 0.207791
v 1.314402 -0.088280 0.207791
v 1.310081 -0.088280 0.212208
v 1.310081 -0.143166 0.204854
v -1.485652 -0.142024 0.200591
v -1.417464 -0.142024 0.200591
v -1.417464 -0.088280 0.207791
v -1.485652 -0.088280 0.207791
v -1.555202 -0.088280 0.207791
v -1.555202 -0.142024 0.200591
v 1.006263 -0.268219 0.103903
v 1.006560 -0.288856 0.053759
v 1.233442 -0.288856 0.053759
v 1.232067 -0.268219 0.103903
v -1.140709 -0.288855 0.053759
v -1.180707 -0.288855 0.053759
v -0.757379 -0.288855 0.053759
v -0.757379 -0.268219 0.103903
v -1.140709 -0.268219 0.103903
v -1.180707 -0.268219 0.103903
v 1.006164 -0.192168 0.179954
v 1.006163 -0.235112 0.146847
v 1.231608 -0.235112 0.146847
v 1.231608 -0.192168 0.179954
v -1.140709 -0.235111 0.146847
v -1.180707 -0.235111 0.146847
v -0.757379 -0.235111 0.146847
v -0.757379 -0.192168 0.179954
v -1.140709 -0.192168 0.179954
v -1.180707 -0.192168 0.179954
v 1.006163 -0.142024 0.200591
v 1.231608 -0.142024 0.200591
v 1.231608 -0.088280 0.207791
v 1.006164 -0.088280 0.207791
v -1.140709 -0.142024 0.200591
v -1.180707 -0.142024 0.200591
v -0.757379 -0.142024 0.200591
v -0.757379 -0.088280 0.207791
v -1.140709 -0.088280 0.207791
v -1.180707 -0.088280 0.207791
v 1.275607 -0.322964 0.062899
v 1.280321 -0.322964 0.062899
v 1.280658 -0.298818 0.121570
v 1.275792 -0.298818 0.121570
v 1.274151 -0.295596 0.119709
v 1.273951 -0.319372 0.061936
v -1.377654 -0.322964 0.062899
v -1.373003 -0.322964 0.062899
v -1.373400 -0.298818 0.121570
v -1.378251 -0.298818 0.121570
v -1.379866 -0.294993 0.119361
v -1.379205 -0.318700 0.061756
v 1.291156 -0.260081 0.171816
v 1.291156 -0.209834 0.210554
v 1.280771 -0.209834 0.210554
v 1.280771 -0.260081 0.171816
v 1.290970 -0.298818 0.121570
v 1.301291 -0.298818 0.121570
v 1.301542 -0.260081 0.171816
v 1.301542 -0.209834 0.210554
v -1.363147 -0.260080 0.171816
v -1.363066 -0.298818 0.121570
v -1.352710 -0.298818 0.121570
v -1.352762 -0.260080 0.171816
v -1.352762 -0.209834 0.210554
v -1.363147 -0.209834 0.210554
v -1.373533 -0.209834 0.210554
v -1.373533 -0.260080 0.171816
v 1.291156 -0.151163 0.234699
v 1.291156 -0.088280 0.243124
v 1.280771 -0.088280 0.243124
v 1.280771 -0.151163 0.234699
v 1.301542 -0.151163 0.234699
v 1.301542 -0.088280 0.243124
v -1.363147 -0.151163 0.234699
v -1.352762 -0.151163 0.234699
v -1.352762 -0.088280 0.243124
v -1.363147 -0.088280 0.243124
v -1.373533 -0.088280 0.243124
v -1.373533 -0.151163 0.234699
v 1.273035 -0.308597 0.059049
v 1.273513 -0.285929 0.114128
v 1.275020 -0.274389 0.107465
v 1.274346 -0.295733 0.055602
v 1.273672 -0.249563 0.161298
v 1.273672 -0.202393 0.197664
v 1.275244 -0.195730 0.186124
v 1.275244 -0.240146 0.151881
v 1.274218 -0.257451 0.169186
v 1.274218 -0.207974 0.207331
v 1.273672 -0.147314 0.220332
v 1.273672 -0.088280 0.228241
v 1.275244 -0.088280 0.214915
v 1.275244 -0.143867 0.207468
v 1.274218 -0.150201 0.231107
v 1.274218 -0.088280 0.239403
v 1.308640 -0.146594 0.217645
v 1.308640 -0.088280 0.225458
v 1.308095 -0.088280 0.238707
v 1.308095 -0.150021 0.230436
v 1.308094 -0.207626 0.206729
v 1.308640 -0.201001 0.195254
v 1.308640 -0.247596 0.159331
v 1.308095 -0.256959 0.168695
v 1.307856 -0.294994 0.119361
v 1.308504 -0.283519 0.112736
v 1.308095 -0.305910 0.058329
v 1.307140 -0.318700 0.061756
v -1.345663 -0.147313 0.220332
v -1.345663 -0.202393 0.197664
v -1.347235 -0.195730 0.186124
v -1.347235 -0.143867 0.207468
v -1.347235 -0.088280 0.214915
v -1.345663 -0.088280 0.228241
v -1.346209 -0.088280 0.239403
v -1.346209 -0.150201 0.231107
v -1.346209 -0.207974 0.207331
v -1.345663 -0.249563 0.161298
v -1.345635 -0.285929 0.114128
v -1.347228 -0.274389 0.107465
v -1.347235 -0.240146 0.151881
v -1.346209 -0.257451 0.169186
v -1.346162 -0.295596 0.119709
v -1.345550 -0.308596 0.059049
v -1.347207 -0.295732 0.055602
v -1.346020 -0.319372 0.061936
v -1.380086 -0.305910 0.058329
v -1.382611 -0.293119 0.054902
v -1.380495 -0.283519 0.112736
v -1.382713 -0.272044 0.106111
v -1.380632 -0.247596 0.159331
v -1.382747 -0.238232 0.149968
v -1.380086 -0.256959 0.168695
v -1.380086 -0.207626 0.206729
v -1.380632 -0.201001 0.195254
v -1.382747 -0.194376 0.183779
v -1.380632 -0.146594 0.217645
v -1.382747 -0.143166 0.204854
v -1.380086 -0.150021 0.230436
v -1.380086 -0.088280 0.238707
v -1.380632 -0.088280 0.225458
v -1.382747 -0.088280 0.212208
v 1.266156 -0.287450 0.053759
v 1.264686 -0.267868 0.103903
v 1.254574 -0.268131 0.103903
v 1.256020 -0.288504 0.053759
v 1.271116 -0.285331 0.053380
v 1.269827 -0.266421 0.103169
v -1.332955 -0.288855 0.053759
v -1.316445 -0.288855 0.053759
v -1.316445 -0.268219 0.103903
v -1.332955 -0.268219 0.103903
v -1.340582 -0.266948 0.103169
v -1.340582 -0.287439 0.053380
v 1.264196 -0.235112 0.146847
v 1.264196 -0.192168 0.179954
v 1.254093 -0.192168 0.179954
v 1.254093 -0.235112 0.146847
v 1.269398 -0.234074 0.145810
v 1.269398 -0.191434 0.178684
v -1.332955 -0.235111 0.146847
v -1.316445 -0.235111 0.146847
v -1.316445 -0.192168 0.179954
v -1.332955 -0.192168 0.179954
v -1.340582 -0.191434 0.178684
v -1.340582 -0.234074 0.145810
v 1.264196 -0.142024 0.200591
v 1.264196 -0.088280 0.207791
v 1.254093 -0.088280 0.207791
v 1.254093 -0.142024 0.200591
v 1.269398 -0.141644 0.199174
v 1.269398 -0.088280 0.206324
v -1.332955 -0.142024 0.200591
v -1.316445 -0.142024 0.200591
v -1.316445 -0.088280 0.207791
v -1.332955 -0.088280 0.207791
v -1.340582 -0.088280 0.206324
v -1.340582 -0.141644 0.199174
v 1.515666 -0.288856 0.053759
v 1.515666 -0.268219 0.103903
v 1.482536 -0.268219 0.103903
v 1.482536 -0.288856 0.053759
v 1.526096 -0.285497 0.052859
v 1.526096 -0.265206 0.102164
v -1.587657 -0.288855 0.053759
v -1.587657 -0.268219 0.103903
v -1.598088 -0.265206 0.102164
v -1.598088 -0.285497 0.052859
v 1.515666 -0.235112 0.146847
v 1.515666 -0.192168 0.179954
v 1.482536 -0.192168 0.179954
v 1.482536 -0.235112 0.146847
v 1.526096 -0.232653 0.144388
v 1.526096 -0.190428 0.176942
v -1.587657 -0.235111 0.146847
v -1.587657 -0.192168 0.179954
v -1.598088 -0.190428 0.176942
v -1.598088 -0.232653 0.144388
v 1.515666 -0.142024 0.200591
v 1.515666 -0.088280 0.207791
v 1.482536 -0.088280 0.207791
v 1.482536 -0.142024 0.200591
v 1.526096 -0.141124 0.197232
v 1.526096 -0.088280 0.204312
v -1.587657 -0.142024 0.200591
v -1.587657 -0.088280 0.207791
v -1.598088 -0.088280 0.204312
v -1.598088 -0.141124 0.197232
v -1.601565 -0.275422 0.050160
v -1.601565 -0.256167 0.096945
v 1.529573 -0.275422 0.050160
v 1.529573 -0.256168 0.096945
v -1.601565 -0.225277 0.137013
v -1.601565 -0.185210 0.167903
v 1.529573 -0.225277 0.137013
v 1.529573 -0.185210 0.167903
v -1.601565 -0.138424 0.187157
v -1.601565 -0.088280 0.193875
v 1.529573 -0.138424 0.187157
v 1.529573 -0.088280 0.193875
v 1.410961 -0.288856 0.053759
v 1.410961 -0.268219 0.103903
v -1.389093 -0.288855 0.053759
v -1.389093 -0.268219 0.103903
v 1.410961 -0.235112 0.146847
v 1.410961 -0.192168 0.179954
v -1.389093 -0.235111 0.146847
v -1.389093 -0.192168 0.179954
v 1.410961 -0.142024 0.200591
v 1.410961 -0.088280 0.207791
v -1.389093 -0.142024 0.200591
v -1.389093 -0.088280 0.207791
v -1.378449 -0.260080 0.171816
v -1.378449 -0.209834 0.210554
v -1.347846 -0.260080 0.171816
v -1.347846 -0.209834 0.210554
v -1.347798 -0.298818 0.121570
v -1.378449 -0.151163 0.234699
v -1.378449 -0.088280 0.243124
v -1.347846 -0.151163 0.234699
v -1.347846 -0.088280 0.243124
v 1.306458 -0.260081 0.171816
v 1.306458 -0.209834 0.210554
v 1.306185 -0.298818 0.121570
v 1.275854 -0.260081 0.171816
v 1.275854 -0.209834 0.210554
v 1.306458 -0.151163 0.234699
v 1.306458 -0.088280 0.243124
v 1.275854 -0.151163 0.234699
v 1.275854 -0.088280 0.243124
v 1.279369 -0.285876 0.052961
v 1.279812 -0.265546 0.102360
v 1.282433 -0.261109 0.099849
v 1.282506 -0.280676 0.051662
v 1.279960 -0.232930 0.144665
v 1.279960 -0.190625 0.177281
v 1.282409 -0.188113 0.172932
v 1.282408 -0.229381 0.141116
v 1.279960 -0.141226 0.197611
v 1.279960 -0.088280 0.204704
v 1.282409 -0.088280 0.199682
v 1.282408 -0.139926 0.192763
v -1.351951 -0.141225 0.197611
v -1.351951 -0.088280 0.204704
v -1.351951 -0.190624 0.177281
v -1.354400 -0.188113 0.172932
v -1.354400 -0.139926 0.192763
v -1.354400 -0.088280 0.199682
v -1.351951 -0.232930 0.144665
v -1.351951 -0.265546 0.102360
v -1.354400 -0.261196 0.099849
v -1.354400 -0.229381 0.141116
v -1.351951 -0.285876 0.052961
v -1.354400 -0.281027 0.051662
v -1.349169 -0.283189 0.052241
v -1.349169 -0.263135 0.100968
v 1.277179 -0.230963 0.142698
v 1.277179 -0.189233 0.174871
v 1.277424 -0.262784 0.100968
v -1.349169 -0.230963 0.142699
v -1.349169 -0.189233 0.174871
v 1.277179 -0.140506 0.194924
v 1.277179 -0.088280 0.201921
v -1.349169 -0.140506 0.194924
v -1.349169 -0.088280 0.201921
v 0.843736 -0.288856 0.053759
v 0.843736 -0.268219 0.103903
v 0.771484 -0.268219 0.103903
v 0.771484 -0.288856 0.053759
v 0.902791 -0.288856 0.053759
v 0.902768 -0.268219 0.103903
v -0.543135 -0.288855 0.053759
v -0.470883 -0.288855 0.053759
v -0.470883 -0.268219 0.103903
v -0.543135 -0.268219 0.103903
v -0.606142 -0.268219 0.103903
v -0.606142 -0.288855 0.053759
v 1.278160 -0.281784 -0.052211
v 1.278651 -0.288078 0.000015
v 1.278160 -0.281784 0.052241
v 1.305368 -0.322964 -0.062868
v 1.300538 -0.322964 -0.062868
v 1.304823 -0.331389 0.000015
v 1.300036 -0.331389 0.000015
v 1.305368 -0.322964 0.062899
v 1.300538 -0.322964 0.062899
v 1.290410 -0.322964 -0.062868
v 1.290037 -0.331389 0.000015
v 1.290410 -0.322964 0.062899
v -1.362821 -0.322964 -0.062868
v -1.352556 -0.322964 -0.062868
v -1.352453 -0.331389 0.000015
v -1.362658 -0.331389 0.000015
v -1.362821 -0.322964 0.062899
v -1.352556 -0.322964 0.062899
v -1.347655 -0.322964 -0.062868
v -1.347560 -0.331389 0.000015
v -1.347655 -0.322964 0.062899
v 0.008717 0.112296 -0.053729
v -0.208573 0.112296 -0.053729
v -0.208573 0.119496 0.000015
v 0.008717 0.119496 0.000015
v 0.397043 0.119496 0.000015
v 0.397043 0.112296 -0.053729
v 0.397043 0.091660 -0.103873
v 0.008717 0.091660 -0.103873
v -0.208573 0.091660 -0.103873
v 0.008717 0.058552 -0.146817
v -0.208573 0.058552 -0.146817
v 0.397043 0.058552 -0.146817
v 0.397043 0.015608 -0.179924
v 0.008717 0.015608 -0.179924
v -0.208573 0.015608 -0.179924
v 0.008717 -0.034536 -0.200561
v -0.208573 -0.034536 -0.200561
v 0.397043 -0.034536 -0.200561
v 1.314402 0.112296 -0.053729
v 1.341423 0.112296 -0.053729
v 1.341423 0.091659 -0.103873
v 1.314402 0.091659 -0.103873
v 1.310046 0.095484 -0.106081
v 1.309944 0.116559 -0.054871
v 1.309876 0.123913 0.000015
v 1.314402 0.119496 0.000015
v 1.341423 0.119496 0.000015
v -1.485652 0.112296 -0.053729
v -1.485652 0.119496 0.000015
v -1.417464 0.119496 0.000015
v -1.417464 0.112296 -0.053729
v -1.417464 0.091660 -0.103873
v -1.485652 0.091660 -0.103873
v -1.555202 0.091660 -0.103873
v -1.555202 0.112296 -0.053729
v -1.555202 0.119496 0.000015
v 1.314402 0.058552 -0.146816
v 1.341423 0.058552 -0.146817
v 1.341423 0.015608 -0.179924
v 1.314402 0.015608 -0.179924
v 1.310081 0.017816 -0.183749
v 1.310081 0.061673 -0.149938
v -1.485652 0.058552 -0.146817
v -1.417464 0.058552 -0.146817
v -1.417464 0.015608 -0.179924
v -1.485652 0.015608 -0.179924
v -1.555202 0.015608 -0.179924
v -1.555202 0.058552 -0.146817
v 1.314402 -0.034536 -0.200561
v 1.341423 -0.034536 -0.200561
v 1.310081 -0.033393 -0.204824
v -1.485652 -0.034536 -0.200561
v -1.417464 -0.034536 -0.200561
v -1.555202 -0.034536 -0.200561
v 1.006263 0.091660 -0.103873
v 1.006560 0.112296 -0.053729
v 1.233442 0.112296 -0.053729
v 1.232067 0.091660 -0.103873
v 1.006759 0.119496 0.000015
v 1.234360 0.119496 0.000015
v -1.140709 0.112296 -0.053729
v -1.180707 0.112296 -0.053729
v -1.180707 0.119496 0.000015
v -1.140709 0.119496 0.000015
v -0.757379 0.119496 0.000015
v -0.757379 0.112296 -0.053729
v -0.757379 0.091660 -0.103873
v -1.140709 0.091660 -0.103873
v -1.180707 0.091660 -0.103873
v 1.006164 0.015608 -0.179924
v 1.006163 0.058552 -0.146817
v 1.231608 0.058552 -0.146817
v 1.231608 0.015608 -0.179924
v -1.140709 0.058552 -0.146817
v -1.180707 0.058552 -0.146817
v -0.757379 0.058552 -0.146817
v -0.757379 0.015608 -0.179924
v -1.140709 0.015608 -0.179924
v -1.180707 0.015608 -0.179924
v 1.006163 -0.034536 -0.200561
v 1.231608 -0.034536 -0.200561
v -1.140709 -0.034536 -0.200561
v -1.180707 -0.034536 -0.200561
v -0.757379 -0.034536 -0.200561
v 1.275607 0.146404 -0.062868
v 1.280321 0.146404 -0.062868
v 1.280658 0.122259 -0.121539
v 1.275792 0.122259 -0.121539
v 1.274151 0.119036 -0.119679
v 1.273951 0.142812 -0.061906
v 1.273818 0.151108 0.000015
v 1.275483 0.154829 0.000015
v 1.280096 0.154829 0.000015
v -1.377654 0.146404 -0.062868
v -1.377257 0.154829 0.000015
v -1.372738 0.154829 0.000015
v -1.373003 0.146404 -0.062868
v -1.373400 0.122259 -0.121539
v -1.378250 0.122259 -0.121539
v -1.379866 0.118434 -0.119331
v -1.379205 0.142141 -0.061726
v -1.378765 0.150413 0.000015
v 1.291156 0.083521 -0.171786
v 1.291156 0.033275 -0.210523
v 1.280771 0.033275 -0.210523
v 1.280771 0.083521 -0.171786
v 1.290970 0.122259 -0.121539
v 1.301290 0.122259 -0.121539
v 1.301542 0.083521 -0.171786
v 1.301542 0.033275 -0.210523
v -1.363147 0.083521 -0.171786
v -1.363066 0.122259 -0.121539
v -1.352710 0.122259 -0.121539
v -1.352762 0.083521 -0.171786
v -1.352762 0.033275 -0.210523
v -1.363147 0.033275 -0.210523
v -1.373533 0.033275 -0.210523
v -1.373533 0.083521 -0.171786
v 1.291156 -0.025396 -0.234669
v 1.280771 -0.025396 -0.234669
v 1.301542 -0.025396 -0.234669
v -1.363147 -0.025396 -0.234669
v -1.352762 -0.025396 -0.234669
v -1.373533 -0.025396 -0.234669
v 1.273035 0.132037 -0.059019
v 1.273513 0.109369 -0.114098
v 1.275020 0.097829 -0.107435
v 1.274346 0.119173 -0.055572
v 1.273897 0.126620 0.000015
v 1.272717 0.139946 0.000015
v 1.273672 0.073003 -0.161268
v 1.273672 0.025833 -0.197634
v 1.275244 0.019170 -0.186094
v 1.275244 0.063586 -0.151851
v 1.274218 0.080891 -0.169156
v 1.274218 0.031414 -0.207301
v 1.273672 -0.029246 -0.220302
v 1.275244 -0.032693 -0.207438
v 1.274218 -0.026359 -0.231077
v 1.308640 -0.029966 -0.217615
v 1.308095 -0.026539 -0.230405
v 1.308094 0.031066 -0.206699
v 1.308640 0.024441 -0.195224
v 1.308640 0.071036 -0.159301
v 1.308095 0.080400 -0.168664
v 1.307856 0.118434 -0.119331
v 1.308504 0.106959 -0.112706
v 1.308095 0.129350 -0.058299
v 1.307140 0.142141 -0.061726
v 1.306663 0.150412 0.000015
v 1.307822 0.137163 0.000015
v -1.345663 -0.029246 -0.220302
v -1.345663 0.025833 -0.197634
v -1.347235 0.019170 -0.186094
v -1.347235 -0.032693 -0.207438
v -1.346209 -0.026359 -0.231077
v -1.346209 0.031414 -0.207301
v -1.345663 0.073003 -0.161268
v -1.345635 0.109369 -0.114098
v -1.347228 0.097829 -0.107435
v -1.347235 0.063586 -0.151851
v -1.346209 0.080891 -0.169156
v -1.346162 0.119036 -0.119679
v -1.345550 0.132037 -0.059019
v -1.345493 0.139946 0.000015
v -1.347193 0.126620 0.000015
v -1.347207 0.119173 -0.055572
v -1.346020 0.142812 -0.061906
v -1.345925 0.151108 0.000015
v -1.380086 0.129350 -0.058299
v -1.382611 0.116560 -0.054871
v -1.382542 0.123913 0.000015
v -1.379813 0.137163 0.000015
v -1.380495 0.106959 -0.112706
v -1.382713 0.095484 -0.106081
v -1.380632 0.071036 -0.159301
v -1.382747 0.061673 -0.149938
v -1.380086 0.080400 -0.168664
v -1.380086 0.031066 -0.206699
v -1.380632 0.024441 -0.195224
v -1.382747 0.017816 -0.183749
v -1.380632 -0.029966 -0.217615
v -1.382747 -0.033393 -0.204824
v -1.380086 -0.026539 -0.230405
v 1.266156 0.110891 -0.053729
v 1.264686 0.091308 -0.103873
v 1.254574 0.091572 -0.103873
v 1.256020 0.111945 -0.053729
v 1.256983 0.118969 0.000015
v 1.267136 0.117388 0.000015
v 1.271974 0.114867 0.000015
v 1.271116 0.108771 -0.053349
v 1.269827 0.089862 -0.103139
v -1.332955 0.112296 -0.053729
v -1.332955 0.119496 0.000015
v -1.316445 0.119496 0.000015
v -1.316445 0.112296 -0.053729
v -1.316445 0.091660 -0.103873
v -1.332955 0.091660 -0.103873
v -1.340581 0.090389 -0.103139
v -1.340582 0.110879 -0.053349
v -1.340582 0.118029 0.000015
v 1.264196 0.058552 -0.146817
v 1.264196 0.015608 -0.179924
v 1.254093 0.015608 -0.179924
v 1.254093 0.058552 -0.146817
v 1.269398 0.057515 -0.145779
v 1.269398 0.014874 -0.178653
v -1.332955 0.058552 -0.146817
v -1.316445 0.058552 -0.146817
v -1.316445 0.015608 -0.179924
v -1.332955 0.015608 -0.179924
v -1.340581 0.014875 -0.178653
v -1.340582 0.057515 -0.145779
v 1.264196 -0.034536 -0.200561
v 1.254093 -0.034536 -0.200561
v 1.269398 -0.034915 -0.199144
v -1.332955 -0.034536 -0.200561
v -1.316445 -0.034536 -0.200561
v -1.340582 -0.034915 -0.199144
v 1.515666 0.112296 -0.053729
v 1.515666 0.091659 -0.103873
v 1.482536 0.091659 -0.103873
v 1.482536 0.112296 -0.053729
v 1.482536 0.119496 0.000015
v 1.515666 0.119496 0.000015
v 1.526096 0.116017 0.000015
v 1.526096 0.108937 -0.052829
v 1.526096 0.088647 -0.102133
v -1.587657 0.112296 -0.053729
v -1.587657 0.119496 0.000015
v -1.587657 0.091660 -0.103873
v -1.598088 0.088647 -0.102133
v -1.598088 0.108937 -0.052829
v -1.598088 0.116017 0.000015
v 1.515666 0.058552 -0.146817
v 1.515666 0.015608 -0.179924
v 1.482536 0.015608 -0.179924
v 1.482536 0.058552 -0.146817
v 1.526096 0.056093 -0.144358
v 1.526096 0.013869 -0.176911
v -1.587657 0.058552 -0.146817
v -1.587657 0.015608 -0.179924
v -1.598088 0.013869 -0.176911
v -1.598088 0.056093 -0.144358
v 1.515666 -0.034536 -0.200561
v 1.482536 -0.034536 -0.200561
v 1.526096 -0.035436 -0.197202
v -1.587657 -0.034536 -0.200561
v -1.598088 -0.035436 -0.197202
v -1.601565 0.098862 -0.050129
v -1.601565 0.079608 -0.096915
v -1.601565 0.105580 0.000015
v 1.529573 0.098862 -0.050129
v 1.529573 0.105580 0.000015
v 1.529573 0.079608 -0.096915
v -1.601565 0.048718 -0.136982
v -1.601565 0.008650 -0.167873
v 1.529573 0.048718 -0.136982
v 1.529573 0.008650 -0.167873
v -1.601565 -0.038135 -0.187127
v 1.529573 -0.038135 -0.187127
v 1.410961 0.112296 -0.053729
v 1.410961 0.091659 -0.103873
v 1.410961 0.119496 0.000015
v -1.389093 0.112296 -0.053729
v -1.389093 0.091660 -0.103873
v -1.389093 0.119496 0.000015
v 1.410961 0.058552 -0.146817
v 1.410961 0.015608 -0.179924
v -1.389093 0.058552 -0.146817
v -1.389093 0.015608 -0.179924
v 1.410961 -0.034536 -0.200561
v -1.389093 -0.034536 -0.200561
v -1.378449 0.083521 -0.171786
v -1.378449 0.033275 -0.210523
v -1.347846 0.083521 -0.171786
v -1.347846 0.033275 -0.210523
v -1.347798 0.122259 -0.121539
v -1.378449 -0.025396 -0.234669
v -1.347846 -0.025396 -0.234669
v 1.306458 0.083521 -0.171786
v 1.306458 0.033275 -0.210523
v 1.306185 0.122259 -0.121539
v 1.275854 0.083521 -0.171786
v 1.275854 0.033275 -0.210523
v 1.306458 -0.025396 -0.234669
v 1.275854 -0.025396 -0.234669
v 1.279369 0.109316 -0.052930
v 1.279073 0.116409 0.000015
v 1.279812 0.088986 -0.102329
v 1.282433 0.084549 -0.099818
v 1.282506 0.104116 -0.051631
v 1.282555 0.110860 0.000015
v 1.279960 0.056370 -0.144635
v 1.279960 0.014065 -0.177251
v 1.282409 0.011554 -0.172901
v 1.282408 0.052821 -0.141086
v 1.279960 -0.035334 -0.197581
v 1.282408 -0.036633 -0.192732
v -1.351951 -0.035334 -0.197581
v -1.351951 0.014065 -0.177251
v -1.354400 0.011554 -0.172901
v -1.354400 -0.036633 -0.192732
v -1.351951 0.056370 -0.144635
v -1.351951 0.088986 -0.102329
v -1.354400 0.084637 -0.099818
v -1.354400 0.052821 -0.141086
v -1.351951 0.109316 -0.052930
v -1.351951 0.116409 0.000015
v -1.354400 0.111387 0.000015
v -1.354400 0.104468 -0.051631
v -1.349169 0.106629 -0.052211
v -1.349169 0.113626 0.000015
v -1.349169 0.086576 -0.100938
v 1.277179 0.054404 -0.142668
v 1.277179 0.012673 -0.174841
v 1.277424 0.086225 -0.100938
v -1.349169 0.054404 -0.142668
v -1.349169 0.012673 -0.174841
v 1.277179 -0.036054 -0.194894
v -1.349169 -0.036054 -0.194894
v 0.843736 0.112296 -0.053729
v 0.843736 0.096405 -0.099128
v 0.773555 0.091054 -0.108020
v 0.771484 0.112296 -0.053729
v 0.771484 0.119496 0.000015
v 0.843736 0.119496 0.000015
v 0.902806 0.119496 0.000015
v 0.902791 0.112296 -0.053729
v 0.905457 0.091054 -0.108020
v -0.543135 0.112296 -0.053729
v -0.543135 0.119496 0.000015
v -0.470883 0.119496 0.000015
v -0.470883 0.112296 -0.053729
v -0.472954 0.091054 -0.108020
v -0.543135 0.096405 -0.099128
v -0.607399 0.091054 -0.108020
v -0.606142 0.112296 -0.053729
v -0.606142 0.119496 0.000015
v 0.782369 0.048371 -0.156998
v 0.756142 0.056006 -0.149362
v 0.797824 0.070242 -0.135126
v 0.802449 0.056428 -0.148043
v 0.788429 0.040365 -0.164144
v 0.788139 0.012488 -0.183405
v 0.782201 0.013974 -0.182225
v 0.756100 0.015200 -0.180500
v 0.782145 -0.030889 -0.199584
v 0.756086 -0.033624 -0.200316
v 0.788043 -0.028309 -0.198254
v 0.801966 -0.063750 -0.207736
v 0.797543 -0.068463 -0.209651
v 0.773510 -0.087259 -0.210080
v 0.843736 -0.080987 -0.213007
v 0.843736 -0.099893 -0.210873
v 0.843736 -0.075565 -0.210896
v 0.885506 -0.063750 -0.207736
v 0.889930 -0.068463 -0.209651
v 0.905496 -0.087259 -0.210080
v 0.905327 -0.030889 -0.199584
v 0.918159 -0.033624 -0.200316
v 0.899430 -0.028309 -0.198254
v 0.899333 0.012488 -0.183405
v 0.905271 0.013974 -0.182225
v 0.918145 0.015200 -0.180500
v 0.905103 0.048371 -0.156998
v 0.918102 0.056006 -0.149362
v 0.899044 0.040365 -0.164144
v 0.885024 0.056428 -0.148043
v 0.889649 0.070242 -0.135126
v 0.843736 0.077533 -0.127835
v 0.843736 0.061783 -0.142676
v -0.481769 0.048371 -0.156998
v -0.455541 0.056006 -0.149362
v -0.455499 0.015200 -0.180500
v -0.481600 0.013974 -0.182225
v -0.487539 0.012488 -0.183405
v -0.487828 0.040365 -0.164144
v -0.501848 0.056428 -0.148043
v -0.497223 0.070242 -0.135126
v -0.543135 0.077533 -0.127835
v -0.543135 0.061783 -0.142676
v -0.584423 0.056428 -0.148043
v -0.589048 0.070242 -0.135126
v -0.604502 0.048371 -0.156998
v -0.621483 0.056006 -0.149362
v -0.598442 0.040365 -0.164144
v -0.598732 0.012488 -0.183405
v -0.604670 0.013974 -0.182225
v -0.621525 0.015200 -0.180500
v -0.604726 -0.030889 -0.199584
v -0.621540 -0.033624 -0.200316
v -0.598828 -0.028308 -0.198254
v -0.584905 -0.063750 -0.207736
v -0.589329 -0.068463 -0.209651
v -0.607444 -0.087259 -0.210080
v -0.543135 -0.080987 -0.213007
v -0.543135 -0.099893 -0.210873
v -0.543135 -0.075564 -0.210896
v -0.501365 -0.063750 -0.207736
v -0.496942 -0.068463 -0.209651
v -0.472909 -0.087259 -0.210080
v -0.481544 -0.030889 -0.199584
v -0.455485 -0.033624 -0.200316
v -0.487442 -0.028308 -0.198254
v 0.008717 0.112296 0.053759
v -0.208573 0.112296 0.053759
v -0.208573 0.091660 0.103903
v 0.008717 0.091660 0.103903
v 0.397043 0.091660 0.103903
v 0.397043 0.112296 0.053759
v 0.008717 0.058552 0.146847
v -0.208573 0.058552 0.146847
v -0.208573 0.015608 0.179954
v 0.008717 0.015608 0.179954
v 0.397043 0.015608 0.179954
v 0.397043 0.058552 0.146847
v 0.008717 -0.034536 0.200591
v -0.208573 -0.034536 0.200591
v 0.397043 -0.034536 0.200591
v 1.314402 0.112296 0.053759
v 1.314402 0.091659 0.103903
v 1.341423 0.091659 0.103903
v 1.341423 0.112296 0.053759
v 1.309944 0.116559 0.054902
v 1.310046 0.095484 0.106111
v -1.485652 0.112296 0.053759
v -1.417464 0.112296 0.053759
v -1.555202 0.112296 0.053759
v -1.555202 0.091660 0.103903
v -1.485652 0.091660 0.103903
v -1.417464 0.091660 0.103903
v 1.314402 0.058552 0.146847
v 1.314402 0.015608 0.179954
v 1.341423 0.015608 0.179954
v 1.341423 0.058552 0.146847
v 1.310081 0.061673 0.149968
v 1.310080 0.017816 0.183779
v -1.485652 0.058552 0.146847
v -1.417464 0.058552 0.146847
v -1.555202 0.058552 0.146847
v -1.555202 0.015608 0.179954
v -1.485652 0.015608 0.179954
v -1.417464 0.015608 0.179954
v 1.314402 -0.034536 0.200591
v 1.341423 -0.034536 0.200591
v 1.310081 -0.033393 0.204854
v -1.485652 -0.034536 0.200591
v -1.417464 -0.034536 0.200591
v -1.555202 -0.034536 0.200591
v 1.006560 0.112296 0.053759
v 1.233442 0.112296 0.053759
v 1.006263 0.091659 0.103903
v 1.232067 0.091660 0.103903
v -1.140709 0.112296 0.053759
v -1.180707 0.112296 0.053759
v -1.180707 0.091660 0.103903
v -1.140709 0.091660 0.103903
v -0.757379 0.091660 0.103903
v -0.757379 0.112296 0.053759
v 1.006163 0.058552 0.146847
v 1.231608 0.058552 0.146847
v 1.006164 0.015608 0.179954
v 1.231608 0.015608 0.179954
v -1.140709 0.058552 0.146847
v -1.180707 0.058552 0.146847
v -1.180707 0.015608 0.179954
v -1.140709 0.015608 0.179954
v -0.757379 0.015608 0.179954
v -0.757379 0.058552 0.146847
v 1.006163 -0.034536 0.200591
v 1.231608 -0.034536 0.200591
v -1.140709 -0.034536 0.200591
v -1.180707 -0.034536 0.200591
v -0.757379 -0.034536 0.200591
v 1.275607 0.146404 0.062899
v 1.275792 0.122259 0.121570
v 1.280658 0.122259 0.121570
v 1.280321 0.146404 0.062899
v 1.273951 0.142812 0.061936
v 1.274151 0.119036 0.119709
v -1.377654 0.146404 0.062899
v -1.378250 0.122259 0.121570
v -1.373400 0.122259 0.121570
v -1.373003 0.146404 0.062899
v -1.379205 0.142141 0.061756
v -1.379866 0.118434 0.119361
v 1.291156 0.083521 0.171816
v 1.280771 0.083521 0.171816
v 1.280771 0.033275 0.210554
v 1.291156 0.033275 0.210554
v 1.301542 0.033275 0.210554
v 1.301542 0.083521 0.171816
v 1.301291 0.122259 0.121570
v 1.290970 0.122259 0.121570
v -1.363147 0.083521 0.171816
v -1.352762 0.083521 0.171816
v -1.352710 0.122259 0.121570
v -1.363066 0.122259 0.121570
v -1.373533 0.083521 0.171816
v -1.373533 0.033275 0.210554
v -1.363147 0.033275 0.210554
v -1.352762 0.033275 0.210554
v 1.291156 -0.025396 0.234699
v 1.280771 -0.025396 0.234699
v 1.301542 -0.025396 0.234699
v -1.363147 -0.025396 0.234699
v -1.352762 -0.025396 0.234699
v -1.373533 -0.025396 0.234699
v 1.273035 0.132037 0.059049
v 1.274346 0.119173 0.055602
v 1.275020 0.097829 0.107465
v 1.273513 0.109369 0.114128
v 1.273672 0.073003 0.161298
v 1.275244 0.063586 0.151881
v 1.275244 0.019170 0.186124
v 1.273672 0.025833 0.197664
v 1.274218 0.031414 0.207331
v 1.274218 0.080891 0.169186
v 1.273672 -0.029246 0.220332
v 1.275244 -0.032693 0.207468
v 1.274218 -0.026359 0.231107
v 1.308640 -0.029966 0.217645
v 1.308640 0.024441 0.195254
v 1.308095 0.031066 0.206729
v 1.308095 -0.026539 0.230436
v 1.308640 0.071036 0.159331
v 1.308504 0.106959 0.112736
v 1.307856 0.118434 0.119361
v 1.308095 0.080400 0.168695
v 1.308095 0.129350 0.058329
v 1.307140 0.142141 0.061756
v -1.345663 -0.029246 0.220332
v -1.347235 -0.032693 0.207468
v -1.347235 0.019170 0.186124
v -1.345663 0.025833 0.197664
v -1.346209 0.031414 0.207331
v -1.346209 -0.026359 0.231107
v -1.345663 0.073003 0.161298
v -1.347235 0.063586 0.151881
v -1.347228 0.097829 0.107465
v -1.345635 0.109369 0.114128
v -1.346162 0.119036 0.119709
v -1.346209 0.080891 0.169186
v -1.345550 0.132037 0.059049
v -1.347207 0.119173 0.055602
v -1.346020 0.142812 0.061936
v -1.380086 0.129350 0.058329
v -1.382611 0.116560 0.054902
v -1.382713 0.095484 0.106111
v -1.380495 0.106959 0.112736
v -1.380632 0.071036 0.159331
v -1.382747 0.061673 0.149968
v -1.382747 0.017816 0.183779
v -1.380632 0.024441 0.195254
v -1.380086 0.031066 0.206729
v -1.380086 0.080400 0.168695
v -1.380632 -0.029966 0.217645
v -1.382747 -0.033393 0.204854
v -1.380086 -0.026539 0.230436
v 1.266156 0.110891 0.053759
v 1.256020 0.111945 0.053759
v 1.254574 0.091572 0.103903
v 1.264686 0.091308 0.103903
v 1.269828 0.089862 0.103169
v 1.271116 0.108771 0.053380
v -1.332955 0.112296 0.053759
v -1.316445 0.112296 0.053759
v -1.340582 0.110879 0.053380
v -1.340582 0.090389 0.103169
v -1.332955 0.091660 0.103903
v -1.316445 0.091660 0.103903
v 1.264196 0.058552 0.146847
v 1.254093 0.058552 0.146847
v 1.254093 0.015608 0.179954
v 1.264196 0.015608 0.179954
v 1.269398 0.014874 0.178684
v 1.269398 0.057515 0.145810
v -1.332955 0.058552 0.146847
v -1.316445 0.058552 0.146847
v -1.340582 0.057515 0.145810
v -1.340582 0.014875 0.178684
v -1.332955 0.015608 0.179954
v -1.316445 0.015608 0.179954
v 1.264196 -0.034536 0.200591
v 1.254093 -0.034536 0.200591
v 1.269398 -0.034915 0.199174
v -1.332955 -0.034536 0.200591
v -1.316445 -0.034536 0.200591
v -1.340582 -0.034915 0.199174
v 1.515666 0.112296 0.053759
v 1.482536 0.112296 0.053759
v 1.482536 0.091659 0.103903
v 1.515666 0.091659 0.103903
v 1.526096 0.088647 0.102164
v 1.526096 0.108937 0.052859
v -1.587657 0.112296 0.053759
v -1.598088 0.108937 0.052859
v -1.598088 0.088647 0.102164
v -1.587657 0.091660 0.103903
v 1.515666 0.058552 0.146847
v 1.482536 0.058552 0.146847
v 1.482536 0.015608 0.179954
v 1.515666 0.015608 0.179954
v 1.526096 0.013869 0.176942
v 1.526096 0.056093 0.144388
v -1.587657 0.058552 0.146847
v -1.598088 0.056093 0.144388
v -1.598088 0.013869 0.176942
v -1.587657 0.015608 0.179954
v 1.515666 -0.034536 0.200591
v 1.482536 -0.034536 0.200591
v 1.526096 -0.035436 0.197232
v -1.587657 -0.034536 0.200591
v -1.598088 -0.035436 0.197232
v -1.601565 0.098862 0.050160
v -1.601565 0.079608 0.096945
v 1.529573 0.098862 0.050160
v 1.529573 0.079608 0.096945
v -1.601565 0.048718 0.137013
v -1.601565 0.008650 0.167903
v 1.529573 0.048718 0.137013
v 1.529573 0.008650 0.167903
v -1.601565 -0.038135 0.187157
v 1.529573 -0.038135 0.187157
v 1.410961 0.112296 0.053759
v 1.410961 0.091659 0.103903
v -1.389093 0.112296 0.053759
v -1.389093 0.091660 0.103903
v 1.410961 0.058552 0.146847
v 1.410961 0.015608 0.179954
v -1.389093 0.058552 0.146847
v -1.389093 0.015608 0.179954
v 1.410961 -0.034536 0.200591
v -1.389093 -0.034536 0.200591
v -1.378449 0.083521 0.171816
v -1.378449 0.033275 0.210554
v -1.347846 0.083521 0.171816
v -1.347846 0.033275 0.210554
v -1.347798 0.122259 0.121570
v -1.378449 -0.025396 0.234699
v -1.347846 -0.025396 0.234699
v 1.306458 0.083521 0.171816
v 1.306458 0.033275 0.210554
v 1.306185 0.122259 0.121570
v 1.275854 0.083521 0.171816
v 1.275854 0.033275 0.210554
v 1.306458 -0.025396 0.234699
v 1.275854 -0.025396 0.234699
v 1.279369 0.109316 0.052961
v 1.282506 0.104116 0.051662
v 1.282433 0.084549 0.099849
v 1.279812 0.088986 0.102360
v 1.279960 0.056370 0.144665
v 1.282408 0.052821 0.141116
v 1.282409 0.011554 0.172932
v 1.279960 0.014065 0.177281
v 1.279960 -0.035334 0.197611
v 1.282408 -0.036633 0.192763
v -1.351951 -0.035334 0.197611
v -1.354400 -0.036633 0.192763
v -1.354400 0.011554 0.172932
v -1.351951 0.014065 0.177281
v -1.351951 0.056370 0.144665
v -1.354400 0.052821 0.141116
v -1.354400 0.084637 0.099849
v -1.351951 0.088986 0.102360
v -1.351951 0.109316 0.052961
v -1.354400 0.104468 0.051662
v -1.349169 0.106629 0.052241
v -1.349169 0.086576 0.100968
v 1.277179 0.054404 0.142698
v 1.277179 0.012673 0.174871
v 1.277424 0.086225 0.100968
v -1.349169 0.054404 0.142699
v -1.349169 0.012673 0.174871
v 1.277179 -0.036054 0.194924
v -1.349169 -0.036054 0.194924
v 0.843736 0.112296 0.053759
v 0.771484 0.112296 0.053759
v 0.773636 0.090848 0.108082
v 0.843736 0.096049 0.099240
v 0.905376 0.090848 0.108082
v 0.902791 0.112296 0.053759
v -0.543135 0.112296 0.053759
v -0.470883 0.112296 0.053759
v -0.606142 0.112296 0.053759
v -0.607399 0.091054 0.108050
v -0.543135 0.096405 0.099158
v -0.472954 0.091054 0.108050
v -0.481769 0.048371 0.157028
v -0.481600 0.013974 0.182255
v -0.455499 0.015200 0.180530
v -0.455541 0.056006 0.149392
v -0.497223 0.070242 0.135156
v -0.501848 0.056428 0.148073
v -0.487828 0.040365 0.164174
v -0.487539 0.012488 0.183435
v -0.543135 0.077533 0.127866
v -0.589048 0.070242 0.135156
v -0.584423 0.056428 0.148073
v -0.543135 0.061783 0.142707
v -0.604502 0.048371 0.157028
v -0.621483 0.056006 0.149392
v -0.621525 0.015200 0.180530
v -0.604670 0.013974 0.182255
v -0.598732 0.012488 0.183435
v -0.598442 0.040365 0.164174
v -0.604726 -0.030889 0.199614
v -0.621540 -0.033624 0.200347
v -0.607444 -0.087259 0.210110
v -0.589329 -0.068463 0.209682
v -0.584905 -0.063750 0.207766
v -0.598828 -0.028308 0.198284
v -0.543135 -0.080987 0.213038
v -0.543135 -0.099893 0.210903
v -0.472909 -0.087259 0.210110
v -0.496942 -0.068463 0.209682
v -0.501365 -0.063750 0.207766
v -0.543135 -0.075564 0.210926
v -0.481544 -0.030889 0.199614
v -0.455485 -0.033624 0.200347
v -0.487442 -0.028308 0.198284
v 0.843736 -0.015908 -0.147087
v 0.814294 -0.031651 -0.157619
v 0.808706 -0.008292 -0.149577
v 0.814301 0.007254 -0.139107
v 0.821804 0.018575 -0.129397
v 0.843736 0.016364 -0.127649
v 0.865669 0.018575 -0.129397
v 0.873171 0.007254 -0.139107
v 0.878767 -0.008292 -0.149577
v 0.873178 -0.031651 -0.157619
v 0.865685 -0.056609 -0.165176
v 0.843736 -0.061446 -0.164672
v 0.821788 -0.056609 -0.165176
v -0.543135 -0.015908 -0.147087
v -0.543135 0.016364 -0.127649
v -0.521203 0.018575 -0.129397
v -0.513701 0.007254 -0.139107
v -0.508105 -0.008292 -0.149577
v -0.513694 -0.031651 -0.157619
v -0.521187 -0.056609 -0.165176
v -0.543135 -0.061446 -0.164672
v -0.565084 -0.056609 -0.165176
v -0.572577 -0.031651 -0.157619
v -0.578166 -0.008292 -0.149577
v -0.572570 0.007254 -0.139107
v -0.565068 0.018575 -0.129397
v 0.843736 -0.015908 0.147118
v 0.843736 0.016320 0.127689
v 0.821832 0.018504 0.129438
v 0.814327 0.007227 0.139132
v 0.808762 -0.008311 0.149574
v 0.814327 -0.031645 0.157623
v 0.821832 -0.056578 0.165154
v 0.843736 -0.061424 0.164672
v 0.865641 -0.056578 0.165154
v 0.873145 -0.031645 0.157623
v 0.878711 -0.008311 0.149574
v 0.873145 0.007227 0.139132
v 0.865641 0.018504 0.129438
v -0.543135 -0.015908 0.147118
v -0.513694 -0.031651 0.157649
v -0.508105 -0.008292 0.149608
v -0.513701 0.007254 0.139138
v -0.521203 0.018575 0.129427
v -0.543135 0.016364 0.127679
v -0.565068 0.018575 0.129427
v -0.572570 0.007254 0.139138
v -0.578166 -0.008292 0.149608
v -0.572577 -0.031651 0.157649
v -0.565084 -0.056609 0.165206
v -0.543135 -0.061446 0.164702
v -0.521187 -0.056609 0.165206
v 0.797469 0.026336 -0.151487
v 0.797301 0.003963 -0.167028
v 0.792850 0.008939 -0.177422
v 0.793118 0.033377 -0.160808
v 0.805952 0.046550 -0.147148
v 0.809148 0.037954 -0.138669
v 0.812345 0.029358 -0.130190
v 0.801820 0.019294 -0.142166
v 0.801752 -0.001014 -0.156634
v 0.797245 -0.032173 -0.179470
v 0.808868 -0.064437 -0.187640
v 0.805504 -0.063038 -0.199699
v 0.792760 -0.029245 -0.190837
v 0.801729 -0.035102 -0.168103
v 0.812231 -0.065835 -0.175580
v 0.843736 -0.075191 -0.190363
v 0.878605 -0.064437 -0.187640
v 0.881968 -0.063038 -0.199699
v 0.843736 -0.074302 -0.202653
v 0.843736 -0.076080 -0.178073
v 0.875241 -0.065835 -0.175580
v 0.890228 -0.032173 -0.179470
v 0.890172 0.003963 -0.167028
v 0.894623 0.008939 -0.177422
v 0.894712 -0.029245 -0.190837
v 0.885743 -0.035102 -0.168103
v 0.885720 -0.001014 -0.156634
v 0.890003 0.026336 -0.151487
v 0.878324 0.037954 -0.138669
v 0.881521 0.046550 -0.147148
v 0.894354 0.033377 -0.160808
v 0.885652 0.019294 -0.142166
v 0.875127 0.029358 -0.130190
v 0.843736 0.041827 -0.134396
v 0.843736 0.050941 -0.142594
v 0.843736 0.032713 -0.126198
v -0.496869 0.026336 -0.151487
v -0.508548 0.037954 -0.138669
v -0.505351 0.046550 -0.147148
v -0.492517 0.033377 -0.160808
v -0.492249 0.008939 -0.177422
v -0.496700 0.003963 -0.167028
v -0.501151 -0.001014 -0.156634
v -0.501220 0.019294 -0.142166
v -0.511744 0.029358 -0.130190
v -0.543135 0.041827 -0.134396
v -0.577723 0.037954 -0.138669
v -0.580920 0.046550 -0.147148
v -0.543135 0.050941 -0.142594
v -0.543135 0.032713 -0.126198
v -0.574526 0.029358 -0.130190
v -0.589402 0.026336 -0.151487
v -0.589571 0.003963 -0.167028
v -0.594022 0.008939 -0.177422
v -0.593753 0.033377 -0.160808
v -0.585051 0.019294 -0.142166
v -0.585119 -0.001014 -0.156634
v -0.589627 -0.032173 -0.179470
v -0.578004 -0.064436 -0.187640
v -0.581367 -0.063038 -0.199699
v -0.594111 -0.029245 -0.190837
v -0.585142 -0.035102 -0.168103
v -0.574640 -0.065835 -0.175580
v -0.543135 -0.075191 -0.190363
v -0.508267 -0.064436 -0.187640
v -0.504903 -0.063038 -0.199699
v -0.543135 -0.074302 -0.202653
v -0.543135 -0.076080 -0.178073
v -0.511630 -0.065835 -0.175580
v -0.496644 -0.032173 -0.179470
v -0.492159 -0.029245 -0.190837
v -0.501129 -0.035102 -0.168103
v 0.798301 0.025457 0.151330
v 0.809656 0.036667 0.138898
v 0.806761 0.044499 0.147495
v 0.794444 0.031977 0.160540
v 0.794450 0.008393 0.176484
v 0.798305 0.003620 0.166451
v 0.802160 -0.001153 0.156417
v 0.802158 0.018938 0.142120
v 0.812551 0.028836 0.130301
v 0.843736 0.040404 0.134754
v 0.877816 0.036667 0.138898
v 0.880712 0.044499 0.147495
v 0.843736 0.048673 0.143147
v 0.843736 0.032135 0.126362
v 0.874921 0.028836 0.130301
v 0.889171 0.025457 0.151330
v 0.889167 0.003620 0.166451
v 0.893022 0.008393 0.176484
v 0.893028 0.031977 0.160540
v 0.885314 0.018938 0.142120
v 0.885313 -0.001153 0.156417
v 0.889171 -0.031999 0.178660
v 0.877816 -0.063881 0.186725
v 0.880710 -0.062153 0.198223
v 0.893028 -0.028967 0.189528
v 0.885314 -0.035031 0.167792
v 0.874921 -0.065610 0.175227
v 0.843736 -0.074509 0.189414
v 0.809657 -0.063881 0.186725
v 0.806762 -0.062153 0.198223
v 0.843736 -0.073215 0.201122
v 0.843736 -0.075803 0.177706
v 0.812551 -0.065610 0.175227
v 0.798302 -0.031999 0.178660
v 0.794445 -0.028967 0.189528
v 0.802158 -0.035031 0.167792
v -0.496869 0.026336 0.151517
v -0.496700 0.003963 0.167058
v -0.492249 0.008939 0.177452
v -0.492517 0.033377 0.160838
v -0.505351 0.046550 0.147178
v -0.508548 0.037954 0.138699
v -0.511744 0.029358 0.130220
v -0.501220 0.019294 0.142196
v -0.501151 -0.001014 0.156664
v -0.496644 -0.032173 0.179500
v -0.508267 -0.064436 0.187670
v -0.504903 -0.063038 0.199729
v -0.492159 -0.029245 0.190867
v -0.501129 -0.035102 0.168133
v -0.511630 -0.065835 0.175611
v -0.543135 -0.075191 0.190393
v -0.578004 -0.064436 0.187670
v -0.581367 -0.063038 0.199729
v -0.543135 -0.074302 0.202683
v -0.543135 -0.076080 0.178103
v -0.574640 -0.065835 0.175611
v -0.589627 -0.032173 0.179500
v -0.589571 0.003963 0.167058
v -0.594022 0.008939 0.177452
v -0.594111 -0.029245 0.190867
v -0.585142 -0.035102 0.168133
v -0.585119 -0.001014 0.156664
v -0.589402 0.026336 0.151517
v -0.577723 0.037954 0.138699
v -0.580920 0.046550 0.147178
v -0.593753 0.033377 0.160838
v -0.585051 0.019294 0.142196
v -0.574526 0.029358 0.130220
v -0.543135 0.041827 0.134426
v -0.543135 0.050941 0.142624
v -0.543135 0.032713 0.126228
v 0.783201 0.047492 0.156841
v 0.783205 0.013632 0.181648
v 0.789866 0.011899 0.182391
v 0.789859 0.038855 0.163853
v 0.803321 0.054216 0.148416
v 0.798331 0.068955 0.135355
v 0.756350 0.055787 0.149345
v 0.756351 0.015114 0.180378
v 0.783202 -0.030715 0.198773
v 0.798332 -0.067908 0.208737
v 0.803323 -0.062796 0.206142
v 0.789860 -0.028009 0.196840
v 0.756350 -0.033581 0.200137
v 0.773636 -0.087170 0.209959
v 0.843736 -0.080305 0.212058
v 0.889140 -0.067908 0.208737
v 0.884150 -0.062796 0.206142
v 0.843736 -0.074392 0.209243
v 0.843736 -0.099722 0.210658
v 0.905370 -0.087170 0.209959
v 0.904270 -0.030715 0.198773
v 0.904267 0.013632 0.181648
v 0.897607 0.011899 0.182391
v 0.897613 -0.028009 0.196840
v 0.917894 -0.033581 0.200137
v 0.917894 0.015114 0.180378
v 0.904271 0.047492 0.156841
v 0.889141 0.068955 0.135355
v 0.884151 0.054216 0.148416
v 0.897614 0.038855 0.163853
v 0.917894 0.055787 0.149345
v 0.843736 0.076110 0.128193
v 0.843736 0.059337 0.143270
v 0.803984 0.015852 0.137760
v 0.813922 0.025128 0.126231
v 0.803985 -0.003412 0.151668
v 0.792618 0.035063 0.164901
v 0.792626 0.010652 0.181234
v 0.805390 0.048206 0.151565
v 0.843736 0.028221 0.122388
v 0.873551 0.025128 0.126231
v 0.843736 0.052587 0.147120
v 0.882082 0.048206 0.151565
v 0.883488 0.015851 0.137760
v 0.883488 -0.003412 0.151668
v 0.894855 0.035063 0.164901
v 0.894847 0.010652 0.181234
v 0.883488 -0.036466 0.162647
v 0.873551 -0.066428 0.169784
v 0.894853 -0.027532 0.194673
v 0.882081 -0.061335 0.203666
v 0.843736 -0.076415 0.172163
v 0.813922 -0.066428 0.169784
v 0.843736 -0.072602 0.206664
v 0.805392 -0.061335 0.203666
v 0.803984 -0.036466 0.162647
v 0.792619 -0.027532 0.194673
v -0.503280 0.015961 0.137783
v -0.503259 -0.003370 0.151743
v -0.513258 0.025289 0.126206
v -0.490458 0.036710 0.165251
v -0.503838 0.050620 0.151192
v -0.490142 0.011295 0.182373
v -0.503252 -0.036488 0.162752
v -0.513223 -0.066497 0.169902
v -0.490036 -0.027858 0.196249
v -0.503311 -0.062376 0.205438
v -0.543135 -0.076500 0.172285
v -0.573048 -0.066497 0.169902
v -0.543135 -0.073881 0.208501
v -0.582960 -0.062376 0.205438
v -0.583019 -0.036488 0.162752
v -0.583012 -0.003370 0.151743
v -0.596234 -0.027858 0.196249
v -0.596129 0.011295 0.182373
v -0.582991 0.015961 0.137783
v -0.573013 0.025289 0.126206
v -0.595813 0.036710 0.165251
v -0.582433 0.050620 0.151192
v -0.543135 0.028398 0.122348
v -0.543135 0.055256 0.146505
v -0.503280 0.015961 -0.137753
v -0.513258 0.025289 -0.126176
v -0.503259 -0.003370 -0.151713
v -0.490458 0.036710 -0.165220
v -0.490142 0.011295 -0.182342
v -0.503838 0.050620 -0.151161
v -0.543135 0.028398 -0.122317
v -0.573013 0.025289 -0.126176
v -0.543135 0.055256 -0.146475
v -0.582433 0.050620 -0.151161
v -0.582991 0.015961 -0.137753
v -0.583012 -0.003370 -0.151713
v -0.595813 0.036710 -0.165220
v -0.596129 0.011295 -0.182342
v -0.583019 -0.036488 -0.162722
v -0.573048 -0.066497 -0.169872
v -0.596234 -0.027858 -0.196218
v -0.582960 -0.062376 -0.205408
v -0.543135 -0.076500 -0.172255
v -0.513223 -0.066497 -0.169872
v -0.543135 -0.073881 -0.208471
v -0.503311 -0.062376 -0.205408
v -0.503252 -0.036488 -0.162722
v -0.490036 -0.027858 -0.196218
v 0.803880 0.015961 -0.137753
v 0.803860 -0.003370 -0.151713
v 0.813858 0.025289 -0.126176
v 0.791058 0.036710 -0.165220
v 0.804438 0.050620 -0.151161
v 0.790742 0.011295 -0.182342
v 0.803852 -0.036488 -0.162722
v 0.813823 -0.066497 -0.169872
v 0.790637 -0.027858 -0.196218
v 0.803912 -0.062376 -0.205408
v 0.843736 -0.076500 -0.172255
v 0.873649 -0.066497 -0.169872
v 0.843736 -0.073881 -0.208471
v 0.883561 -0.062376 -0.205408
v 0.883620 -0.036488 -0.162722
v 0.883613 -0.003370 -0.151713
v 0.896835 -0.027858 -0.196218
v 0.896730 0.011295 -0.182342
v 0.883592 0.015961 -0.137753
v 0.873614 0.025289 -0.126176
v 0.896414 0.036710 -0.165220
v 0.883034 0.050620 -0.151161
v 0.843736 0.028398 -0.122317
v 0.843736 0.055256 -0.146475
v 1.278160 0.105224 -0.052211
v 1.278651 0.111518 0.000015
v 1.278160 0.105224 0.052241
v 1.305368 0.146404 -0.062868
v 1.300538 0.146404 -0.062868
v 1.300036 0.154829 0.000015
v 1.304823 0.154829 0.000015
v 1.305368 0.146404 0.062899
v 1.300538 0.146404 0.062899
v 1.290410 0.146404 -0.062868
v 1.290037 0.154829 0.000015
v 1.290410 0.146404 0.062899
v -1.362821 0.146404 -0.062868
v -1.362658 0.154829 0.000015
v -1.352453 0.154829 0.000015
v -1.352556 0.146404 -0.062868
v -1.362821 0.146404 0.062899
v -1.352556 0.146404 0.062899
v -1.347655 0.146404 -0.062868
v -1.347560 0.154829 0.000015
v -1.347655 0.146404 0.062899
v -0.543135 -0.142024 0.200591
v -0.606142 -0.142024 0.200591
v -0.606142 -0.192168 0.179954
v -0.543135 -0.192168 0.179954
v -0.470883 -0.192168 0.179954
v -0.470883 -0.142024 0.200591
v -0.543135 -0.235111 0.146847
v -0.470883 -0.235111 0.146847
v -0.606142 -0.235111 0.146847
v 0.843736 -0.142024 0.200591
v 0.843736 -0.192168 0.179954
v 0.902761 -0.192168 0.179954
v 0.902761 -0.142024 0.200591
v 0.771484 -0.142024 0.200591
v 0.771484 -0.192168 0.179954
v 0.843736 -0.235112 0.146847
v 0.771484 -0.235112 0.146847
v 0.902761 -0.235112 0.146847
v -0.543135 -0.142024 -0.200561
v -0.470883 -0.142024 -0.200561
v -0.470883 -0.192168 -0.179924
v -0.543135 -0.192168 -0.179924
v -0.606142 -0.192168 -0.179924
v -0.606142 -0.142024 -0.200561
v -0.543135 -0.235111 -0.146817
v -0.606142 -0.235111 -0.146817
v -0.470883 -0.235111 -0.146817
v 0.843736 -0.142024 -0.200561
v 0.902761 -0.142024 -0.200561
v 0.902761 -0.192168 -0.179924
v 0.843736 -0.192168 -0.179924
v 0.771484 -0.192168 -0.179924
v 0.771484 -0.142024 -0.200561
v 0.843736 -0.235112 -0.146817
v 0.771484 -0.235112 -0.146817
v 0.902761 -0.235112 -0.146817
v 0.693008 -0.288856 -0.053729
v 0.693008 -0.268219 -0.103873
v 0.693008 -0.296056 0.000015
v -0.392407 -0.288855 -0.053729
v -0.392407 -0.296056 0.000015
v -0.392407 -0.268219 -0.103873
v 0.693008 -0.235111 -0.146816
v 0.693008 -0.192168 -0.179924
v -0.392407 -0.235111 -0.146817
v -0.392407 -0.192168 -0.179924
v 0.693008 -0.142024 -0.200561
v 0.693008 -0.088280 -0.207761
v -0.392407 -0.142024 -0.200561
v -0.392407 -0.088280 -0.207761
v 0.693008 -0.288856 0.053759
v 0.693008 -0.268219 0.103903
v -0.392407 -0.288855 0.053759
v -0.392407 -0.268219 0.103903
v 0.693008 -0.235112 0.146847
v 0.693008 -0.192168 0.179954
v -0.392407 -0.235111 0.146847
v -0.392407 -0.192168 0.179954
v 0.693008 -0.142024 0.200591
v 0.693008 -0.088280 0.207791
v -0.392407 -0.142024 0.200591
v -0.392407 -0.088280 0.207791
v 0.693008 0.112296 -0.053729
v 0.693008 0.119496 0.000015
v 0.693008 0.091660 -0.103873
v -0.392407 0.112296 -0.053729
v -0.392407 0.091660 -0.103873
v -0.392407 0.119496 0.000015
v 0.693008 0.058552 -0.146817
v 0.693008 0.015608 -0.179924
v -0.392407 0.058552 -0.146816
v -0.392407 0.015608 -0.179924
v 0.693008 -0.034536 -0.200561
v -0.392407 -0.034536 -0.200561
v 0.693008 0.112296 0.053759
v 0.693008 0.091660 0.103903
v -0.392407 0.112296 0.053759
v -0.392407 0.091660 0.103903
v 0.693008 0.058552 0.146847
v 0.693008 0.015608 0.179954
v -0.392407 0.058552 0.146847
v -0.392407 0.015608 0.179954
v 0.693008 -0.034536 0.200591
v -0.392407 -0.034536 0.200591
v -0.656879 -0.288855 -0.053729
v -0.656879 -0.268219 -0.103873
v -0.656879 -0.296056 0.000015
v -1.281207 -0.288855 -0.053729
v -1.281207 -0.296056 0.000015
v -1.281207 -0.268219 -0.103873
v -0.656879 -0.235111 -0.146816
v -0.656879 -0.192168 -0.179924
v -1.281207 -0.235111 -0.146817
v -1.281207 -0.192168 -0.179924
v -0.656879 -0.142024 -0.200561
v -0.656879 -0.088280 -0.207761
v -1.281207 -0.142024 -0.200561
v -1.281207 -0.088280 -0.207761
v -0.656879 -0.288855 0.053759
v -0.656879 -0.268219 0.103903
v -1.281207 -0.288855 0.053759
v -1.281207 -0.268219 0.103903
v -0.656879 -0.235111 0.146847
v -0.656879 -0.192168 0.179954
v -1.281207 -0.235111 0.146847
v -1.281207 -0.192168 0.179954
v -0.656879 -0.142024 0.200591
v -0.656879 -0.088280 0.207791
v -1.281207 -0.142024 0.200591
v -1.281207 -0.088280 0.207791
v -0.656879 0.112296 -0.053729
v -0.656879 0.119496 0.000015
v -0.656879 0.091660 -0.103873
v -1.281207 0.112296 -0.053729
v -1.281207 0.091660 -0.103873
v -1.281207 0.119496 0.000015
v -0.656879 0.058552 -0.146817
v -0.656879 0.015608 -0.179924
v -1.281207 0.058552 -0.146816
v -1.281207 0.015608 -0.179924
v -0.656879 -0.034536 -0.200561
v -1.281207 -0.034536 -0.200561
v -0.656879 0.112296 0.053759
v -0.656879 0.091660 0.103903
v -1.281207 0.112296 0.053759
v -1.281207 0.091660 0.103903
v -0.656879 0.058552 0.146847
v -0.656879 0.015608 0.179954
v -1.281207 0.058552 0.146847
v -1.281207 0.015608 0.179954
v -0.656879 -0.034536 0.200591
v -1.281207 -0.034536 0.200591
v 0.941675 -0.288856 -0.053729
v 0.941736 -0.296056 0.000015
v 0.941583 -0.268219 -0.103873
v 0.941552 -0.235112 -0.146817
v 0.941552 -0.192168 -0.179924
v 0.941552 -0.142024 -0.200561
v 0.941552 -0.088280 -0.207761
v 0.941674 -0.288856 0.053759
v 0.941583 -0.268219 0.103903
v 0.941552 -0.235112 0.146847
v 0.941552 -0.192168 0.179954
v 0.941552 -0.142024 0.200591
v 0.941552 -0.088280 0.207791
v 0.941674 0.112296 -0.053729
v 0.941583 0.091660 -0.103873
v 0.941736 0.119496 0.000015
v 0.941552 0.058552 -0.146816
v 0.941552 0.015608 -0.179924
v 0.941552 -0.034536 -0.200561
v 0.941675 0.112296 0.053759
v 0.941583 0.091660 0.103903
v 0.941552 0.058552 0.146847
v 0.941552 0.015608 0.179954
v 0.941552 -0.034536 0.200591
v 0.857173 -0.013529 -0.057031
v 0.857173 0.008375 -0.110256
v 0.839252 0.012472 -0.107891
v 0.839252 -0.008962 -0.055807
v 0.839252 -0.016441 0.000016
v 0.857173 -0.021172 0.000016
v 0.872567 -0.034199 0.000015
v 0.872567 -0.026105 -0.060401
v 0.872566 -0.002906 -0.116769
v 0.882904 -0.045566 -0.065615
v 0.882904 -0.020365 -0.126849
v 0.882904 -0.054358 0.000015
v 0.886846 -0.078095 0.000015
v 0.886846 -0.068480 -0.071755
v 0.886846 -0.040922 -0.138717
v 0.883055 -0.091416 -0.077901
v 0.883055 -0.061498 -0.150597
v 0.883055 -0.101855 0.000015
v 0.872793 -0.122092 0.000015
v 0.872793 -0.110952 -0.083135
v 0.872793 -0.079024 -0.160715
v 0.857325 -0.123665 -0.086542
v 0.857324 -0.090429 -0.167300
v 0.857325 -0.135261 0.000015
v 0.839252 -0.140079 0.000015
v 0.839252 -0.128316 -0.087788
v 0.839252 -0.094602 -0.169709
v 0.821179 -0.123665 -0.086542
v 0.821179 -0.090429 -0.167300
v 0.821180 -0.135261 0.000015
v 0.805711 -0.122092 0.000015
v 0.805711 -0.110952 -0.083135
v 0.805710 -0.079024 -0.160716
v 0.795449 -0.091416 -0.077901
v 0.795449 -0.061498 -0.150597
v 0.795449 -0.101855 0.000015
v 0.791658 -0.078095 0.000015
v 0.791658 -0.068480 -0.071755
v 0.791658 -0.040922 -0.138717
v 0.795600 -0.045566 -0.065615
v 0.795600 -0.020365 -0.126849
v 0.795600 -0.054358 0.000015
v 0.805937 -0.034199 0.000015
v 0.805937 -0.026105 -0.060401
v 0.805937 -0.002906 -0.116769
v 0.821331 -0.013529 -0.057031
v 0.821330 0.008375 -0.110256
v 0.821331 -0.021172 0.000016
v 0.857173 -0.013529 0.057062
v 0.839252 -0.008962 0.055838
v 0.839252 0.012472 0.107921
v 0.857173 0.008375 0.110286
v 0.872566 -0.002907 0.116800
v 0.872567 -0.026105 0.060431
v 0.882904 -0.045566 0.065646
v 0.882904 -0.020365 0.126879
v 0.886846 -0.040922 0.138748
v 0.886846 -0.068480 0.071785
v 0.883055 -0.091416 0.077931
v 0.883055 -0.061498 0.150627
v 0.872793 -0.079024 0.160746
v 0.872793 -0.110952 0.083165
v 0.857325 -0.123665 0.086572
v 0.857324 -0.090429 0.167330
v 0.839252 -0.094602 0.169739
v 0.839252 -0.128316 0.087818
v 0.821179 -0.123665 0.086572
v 0.821179 -0.090429 0.167330
v 0.805711 -0.079024 0.160746
v 0.805711 -0.110952 0.083165
v 0.795449 -0.091416 0.077931
v 0.795449 -0.061498 0.150627
v 0.791658 -0.040922 0.138748
v 0.791658 -0.068480 0.071785
v 0.795600 -0.045566 0.065646
v 0.795600 -0.020365 0.126879
v 0.805937 -0.002907 0.116800
v 0.805937 -0.026105 0.060431
v 0.821331 -0.013529 0.057062
v 0.821330 0.008375 0.110286
v 0.857173 0.043517 0.155868
v 0.839252 0.046860 0.152525
v 0.839252 0.091465 0.186913
v 0.857173 0.089099 0.191010
v 0.872566 0.082586 0.202292
v 0.872567 0.034311 0.165074
v 0.882904 0.020065 0.179320
v 0.882904 0.072506 0.219750
v 0.886846 0.060637 0.240307
v 0.886846 0.003290 0.196095
v 0.883055 -0.013500 0.212885
v 0.883055 0.048758 0.260883
v 0.872793 0.038639 0.278409
v 0.872793 -0.027801 0.227186
v 0.857324 -0.037108 0.236493
v 0.857324 0.032054 0.289814
v 0.839252 0.029645 0.293987
v 0.839252 -0.040513 0.239897
v 0.821179 -0.037108 0.236493
v 0.821179 0.032054 0.289814
v 0.805710 0.038639 0.278409
v 0.805710 -0.027801 0.227186
v 0.795449 -0.013500 0.212885
v 0.795449 0.048758 0.260883
v 0.791658 0.060637 0.240307
v 0.791658 0.003290 0.196095
v 0.795600 0.020065 0.179320
v 0.795600 0.072506 0.219750
v 0.805937 0.082586 0.202292
v 0.805937 0.034311 0.165074
v 0.821330 0.043517 0.155868
v 0.821330 0.089099 0.191010
v 0.857173 0.142324 0.212914
v 0.839252 0.143548 0.208347
v 0.839252 0.199370 0.215826
v 0.857173 0.199370 0.220557
v 0.872566 0.199370 0.233584
v 0.872567 0.138954 0.225490
v 0.882904 0.133740 0.244951
v 0.882904 0.199370 0.253743
v 0.886846 0.199370 0.277480
v 0.886846 0.127600 0.267865
v 0.883055 0.121454 0.290801
v 0.883055 0.199370 0.301240
v 0.872793 0.199370 0.321477
v 0.872793 0.116219 0.310337
v 0.857324 0.112813 0.323050
v 0.857324 0.199370 0.334646
v 0.839252 0.199370 0.339464
v 0.839252 0.111567 0.327701
v 0.821179 0.112813 0.323050
v 0.821179 0.199370 0.334646
v 0.805710 0.199370 0.321477
v 0.805710 0.116219 0.310337
v 0.795449 0.121454 0.290801
v 0.795449 0.199370 0.301240
v 0.791658 0.199370 0.277480
v 0.791658 0.127600 0.267865
v 0.795600 0.133740 0.244951
v 0.795600 0.199370 0.253743
v 0.805937 0.199370 0.233584
v 0.805937 0.138954 0.225490
v 0.821330 0.142324 0.212914
v 0.821330 0.199370 0.220557
v 0.857173 0.256416 0.212914
v 0.839252 0.255193 0.208347
v 0.839252 0.307276 0.186913
v 0.857173 0.309641 0.191010
v 0.872566 0.316154 0.202292
v 0.872567 0.259786 0.225490
v 0.882904 0.265000 0.244951
v 0.882904 0.326234 0.219750
v 0.886846 0.338103 0.240307
v 0.886846 0.271140 0.267865
v 0.883055 0.277286 0.290801
v 0.883055 0.349982 0.260883
v 0.872793 0.360101 0.278409
v 0.872793 0.282520 0.310337
v 0.857324 0.285927 0.323050
v 0.857324 0.366686 0.289814
v 0.839252 0.369095 0.293987
v 0.839252 0.287173 0.327701
v 0.821179 0.285927 0.323050
v 0.821179 0.366686 0.289814
v 0.805710 0.360101 0.278409
v 0.805710 0.282520 0.310337
v 0.795449 0.277286 0.290801
v 0.795449 0.349982 0.260883
v 0.791658 0.338103 0.240307
v 0.791658 0.271140 0.267865
v 0.795600 0.265000 0.244951
v 0.795600 0.326234 0.219750
v 0.805937 0.316154 0.202292
v 0.805937 0.259786 0.225490
v 0.821330 0.256416 0.212914
v 0.821330 0.309641 0.191010
v 0.857173 0.355223 0.155868
v 0.839252 0.351880 0.152525
v 0.839252 0.386268 0.107921
v 0.857173 0.390365 0.110286
v 0.872566 0.401647 0.116800
v 0.872567 0.364429 0.165074
v 0.882904 0.378675 0.179320
v 0.882904 0.419105 0.126879
v 0.886846 0.439662 0.138748
v 0.886846 0.395450 0.196095
v 0.883055 0.412240 0.212885
v 0.883055 0.460238 0.150627
v 0.872793 0.477764 0.160746
v 0.872793 0.426541 0.227186
v 0.857324 0.435848 0.236493
v 0.857324 0.489169 0.167331
v 0.839252 0.493342 0.169740
v 0.839252 0.439253 0.239898
v 0.821179 0.435848 0.236493
v 0.821179 0.489169 0.167331
v 0.805710 0.477764 0.160746
v 0.805710 0.426541 0.227186
v 0.795449 0.412240 0.212885
v 0.795449 0.460238 0.150627
v 0.791658 0.439662 0.138748
v 0.791658 0.395450 0.196095
v 0.795600 0.378675 0.179320
v 0.795600 0.419105 0.126879
v 0.805937 0.401647 0.116800
v 0.805937 0.364429 0.165074
v 0.821330 0.355223 0.155868
v 0.821330 0.390365 0.110286
v 0.857173 0.412269 0.057061
v 0.839252 0.407702 0.055837
v 0.839252 0.415181 0.000015
v 0.857173 0.419912 0.000015
v 0.872566 0.432939 0.000015
v 0.872567 0.424845 0.060431
v 0.882904 0.444306 0.065645
v 0.882904 0.453098 0.000015
v 0.886846 0.476835 0.000015
v 0.886846 0.467220 0.071785
v 0.883055 0.490156 0.077931
v 0.883055 0.500595 0.000015
v 0.872793 0.520832 0.000015
v 0.872793 0.509692 0.083166
v 0.857324 0.522405 0.086572
v 0.857324 0.534001 0.000016
v 0.839252 0.538819 0.000016
v 0.839252 0.527056 0.087819
v 0.821179 0.522405 0.086572
v 0.821179 0.534001 0.000016
v 0.805710 0.520832 0.000015
v 0.805710 0.509692 0.083166
v 0.795449 0.490156 0.077931
v 0.795449 0.500595 0.000015
v 0.791658 0.476835 0.000015
v 0.791658 0.467220 0.071785
v 0.795600 0.444306 0.065645
v 0.795600 0.453098 0.000015
v 0.805937 0.432939 0.000015
v 0.805937 0.424845 0.060431
v 0.821330 0.412269 0.057061
v 0.821330 0.419912 0.000015
v 0.857173 0.412269 -0.057031
v 0.839252 0.407702 -0.055808
v 0.839252 0.386268 -0.107890
v 0.857173 0.390365 -0.110256
v 0.872566 0.401647 -0.116769
v 0.872567 0.424845 -0.060401
v 0.882904 0.444306 -0.065615
v 0.882904 0.419105 -0.126849
v 0.886846 0.439662 -0.138717
v 0.886846 0.467220 -0.071755
v 0.883055 0.490156 -0.077901
v 0.883055 0.460238 -0.150597
v 0.872793 0.477764 -0.160716
v 0.872793 0.509692 -0.083135
v 0.857324 0.522405 -0.086542
v 0.857324 0.489169 -0.167300
v 0.839252 0.493341 -0.169709
v 0.839252 0.527056 -0.087788
v 0.821179 0.522405 -0.086542
v 0.821179 0.489169 -0.167300
v 0.805710 0.477764 -0.160716
v 0.805710 0.509692 -0.083135
v 0.795449 0.490156 -0.077901
v 0.795449 0.460238 -0.150597
v 0.791658 0.439662 -0.138717
v 0.791658 0.467220 -0.071755
v 0.795600 0.444306 -0.065615
v 0.795600 0.419105 -0.126849
v 0.805937 0.401647 -0.116769
v 0.805937 0.424845 -0.060401
v 0.821330 0.412269 -0.057031
v 0.821330 0.390365 -0.110256
v 0.857173 0.355223 -0.155838
v 0.839252 0.351880 -0.152494
v 0.839252 0.307276 -0.186883
v 0.857173 0.309641 -0.190979
v 0.872566 0.316155 -0.202261
v 0.872567 0.364429 -0.165044
v 0.882904 0.378675 -0.179290
v 0.882904 0.326234 -0.219720
v 0.886846 0.338103 -0.240277
v 0.886846 0.395450 -0.196065
v 0.883055 0.412240 -0.212855
v 0.883055 0.349982 -0.260853
v 0.872793 0.360101 -0.278379
v 0.872793 0.426541 -0.227156
v 0.857324 0.435848 -0.236463
v 0.857324 0.366685 -0.289784
v 0.839252 0.369094 -0.293956
v 0.839252 0.439252 -0.239868
v 0.821179 0.435848 -0.236463
v 0.821179 0.366685 -0.289784
v 0.805710 0.360101 -0.278379
v 0.805710 0.426541 -0.227156
v 0.795449 0.412240 -0.212855
v 0.795449 0.349982 -0.260853
v 0.791658 0.338103 -0.240277
v 0.791658 0.395450 -0.196065
v 0.795600 0.378675 -0.179290
v 0.795600 0.326234 -0.219720
v 0.805937 0.316155 -0.202261
v 0.805937 0.364429 -0.165044
v 0.821330 0.355223 -0.155838
v 0.821330 0.309641 -0.190979
v 0.857173 0.256416 -0.212884
v 0.839252 0.255192 -0.208317
v 0.839252 0.199370 -0.215796
v 0.857173 0.199370 -0.220527
v 0.872566 0.199370 -0.233554
v 0.872567 0.259786 -0.225460
v 0.882904 0.265000 -0.244920
v 0.882904 0.199370 -0.253713
v 0.886846 0.199370 -0.277450
v 0.886846 0.271140 -0.267835
v 0.883055 0.277286 -0.290771
v 0.883055 0.199370 -0.301210
v 0.872793 0.199370 -0.321447
v 0.872793 0.282521 -0.310307
v 0.857324 0.285927 -0.323020
v 0.857324 0.199370 -0.334616
v 0.839252 0.199370 -0.339434
v 0.839252 0.287173 -0.327671
v 0.821179 0.285927 -0.323020
v 0.821179 0.199370 -0.334616
v 0.805710 0.199370 -0.321447
v 0.805710 0.282520 -0.310307
v 0.795449 0.277286 -0.290771
v 0.795449 0.199370 -0.301210
v 0.791658 0.199370 -0.277450
v 0.791658 0.271140 -0.267835
v 0.795600 0.265000 -0.244920
v 0.795600 0.199370 -0.253713
v 0.805937 0.199370 -0.233554
v 0.805937 0.259786 -0.225460
v 0.821330 0.256416 -0.212884
v 0.821330 0.199370 -0.220527
v 0.857173 0.142323 -0.212884
v 0.839252 0.143547 -0.208317
v 0.839252 0.091464 -0.186883
v 0.857173 0.089099 -0.190980
v 0.872566 0.082585 -0.202262
v 0.872567 0.138954 -0.225460
v 0.882904 0.133740 -0.244920
v 0.882904 0.072506 -0.219720
v 0.886846 0.060637 -0.240277
v 0.886846 0.127600 -0.267835
v 0.883055 0.121454 -0.290771
v 0.883055 0.048758 -0.260853
v 0.872793 0.038639 -0.278379
v 0.872793 0.116220 -0.310307
v 0.857324 0.112814 -0.323020
v 0.857324 0.032055 -0.289784
v 0.839252 0.029646 -0.293956
v 0.839252 0.111567 -0.327671
v 0.821179 0.112814 -0.323020
v 0.821179 0.032055 -0.289784
v 0.805710 0.038639 -0.278379
v 0.805710 0.116220 -0.310307
v 0.795449 0.121454 -0.290771
v 0.795449 0.048758 -0.260853
v 0.791658 0.060637 -0.240277
v 0.791658 0.127600 -0.267835
v 0.795600 0.133740 -0.244920
v 0.795600 0.072506 -0.219720
v 0.805937 0.082585 -0.202261
v 0.805937 0.138954 -0.225460
v 0.821330 0.142323 -0.212884
v 0.821330 0.089099 -0.190979
v 0.857173 0.043517 -0.155838
v 0.839252 0.046860 -0.152495
v 0.872567 0.034311 -0.165044
v 0.882904 0.020065 -0.179290
v 0.886846 0.003290 -0.196065
v 0.883055 -0.013500 -0.212855
v 0.872793 -0.027801 -0.227156
v 0.857324 -0.037108 -0.236463
v 0.839252 -0.040512 -0.239867
v 0.821179 -0.037108 -0.236463
v 0.805710 -0.027801 -0.227156
v 0.795449 -0.013500 -0.212855
v 0.791658 0.003290 -0.196065
v 0.795600 0.020065 -0.179290
v 0.805937 0.034311 -0.165044
v 0.821330 0.043517 -0.155838
v -0.521898 -0.123665 -0.086542
v -0.521898 -0.135261 0.000015
v -0.539970 -0.140079 0.000016
v -0.539970 -0.128316 -0.087788
v -0.539970 -0.094601 -0.169709
v -0.521898 -0.090429 -0.167300
v -0.506429 -0.079024 -0.160716
v -0.506429 -0.110951 -0.083135
v -0.506429 -0.122092 0.000015
v -0.496167 -0.091416 -0.077901
v -0.496167 -0.101855 0.000015
v -0.496167 -0.061498 -0.150597
v -0.492376 -0.040922 -0.138717
v -0.492376 -0.068480 -0.071755
v -0.492376 -0.078095 0.000015
v -0.496318 -0.045566 -0.065615
v -0.496318 -0.054358 0.000015
v -0.496319 -0.020365 -0.126849
v -0.506656 -0.002907 -0.116769
v -0.506656 -0.026105 -0.060401
v -0.506655 -0.034199 0.000015
v -0.522049 -0.013529 -0.057031
v -0.522049 -0.021172 0.000015
v -0.522049 0.008375 -0.110256
v -0.539970 0.012472 -0.107890
v -0.539970 -0.008962 -0.055808
v -0.539970 -0.016441 0.000015
v -0.557892 -0.013529 -0.057031
v -0.557892 -0.021172 0.000015
v -0.557892 0.008375 -0.110256
v -0.573285 -0.002907 -0.116769
v -0.573285 -0.026105 -0.060401
v -0.573285 -0.034199 0.000015
v -0.583622 -0.045566 -0.065615
v -0.583622 -0.054358 0.000015
v -0.583622 -0.020365 -0.126849
v -0.587564 -0.040922 -0.138717
v -0.587564 -0.068480 -0.071755
v -0.587564 -0.078095 0.000015
v -0.583773 -0.091416 -0.077901
v -0.583773 -0.101855 0.000015
v -0.583773 -0.061498 -0.150597
v -0.573512 -0.079024 -0.160716
v -0.573512 -0.110951 -0.083135
v -0.573512 -0.122092 0.000015
v -0.558043 -0.123665 -0.086542
v -0.558043 -0.135261 0.000015
v -0.558043 -0.090429 -0.167300
v -0.521898 -0.037107 -0.236463
v -0.539970 -0.040512 -0.239868
v -0.539970 0.029646 -0.293956
v -0.521898 0.032055 -0.289784
v -0.506429 0.038639 -0.278379
v -0.506429 -0.027801 -0.227156
v -0.496167 -0.013500 -0.212855
v -0.496167 0.048758 -0.260853
v -0.492376 0.060637 -0.240277
v -0.492376 0.003290 -0.196065
v -0.496319 0.020065 -0.179290
v -0.496319 0.072506 -0.219720
v -0.506656 0.082585 -0.202261
v -0.506656 0.034311 -0.165044
v -0.522049 0.043517 -0.155838
v -0.522049 0.089099 -0.190979
v -0.539970 0.091464 -0.186883
v -0.539970 0.046860 -0.152495
v -0.557892 0.043517 -0.155838
v -0.557892 0.089099 -0.190979
v -0.573285 0.082585 -0.202261
v -0.573285 0.034311 -0.165044
v -0.583622 0.020065 -0.179290
v -0.583622 0.072506 -0.219720
v -0.587564 0.060637 -0.240277
v -0.587564 0.003290 -0.196065
v -0.583773 -0.013500 -0.212855
v -0.583773 0.048758 -0.260853
v -0.573512 0.038639 -0.278379
v -0.573512 -0.027801 -0.227156
v -0.558043 -0.037107 -0.236463
v -0.558043 0.032055 -0.289784
v -0.521898 0.112813 -0.323020
v -0.539970 0.111567 -0.327671
v -0.539970 0.199370 -0.339434
v -0.521898 0.199370 -0.334616
v -0.506429 0.199370 -0.321447
v -0.506429 0.116220 -0.310307
v -0.496167 0.121454 -0.290771
v -0.496167 0.199370 -0.301210
v -0.492376 0.199370 -0.277450
v -0.492376 0.127600 -0.267835
v -0.496319 0.133740 -0.244920
v -0.496319 0.199370 -0.253713
v -0.506656 0.199370 -0.233554
v -0.506656 0.138954 -0.225460
v -0.522049 0.142324 -0.212884
v -0.522049 0.199370 -0.220527
v -0.539970 0.199370 -0.215796
v -0.539970 0.143548 -0.208317
v -0.557892 0.142324 -0.212884
v -0.557892 0.199370 -0.220527
v -0.573285 0.199370 -0.233554
v -0.573285 0.138954 -0.225460
v -0.583622 0.133740 -0.244920
v -0.583622 0.199370 -0.253713
v -0.587564 0.199370 -0.277450
v -0.587564 0.127600 -0.267835
v -0.583773 0.121454 -0.290771
v -0.583773 0.199370 -0.301210
v -0.573512 0.199370 -0.321447
v -0.573512 0.116220 -0.310307
v -0.558043 0.112813 -0.323020
v -0.558043 0.199370 -0.334616
v -0.521898 0.285927 -0.323020
v -0.539970 0.287173 -0.327671
v -0.539970 0.369094 -0.293956
v -0.521898 0.366685 -0.289784
v -0.506429 0.360101 -0.278379
v -0.506429 0.282520 -0.310307
v -0.496167 0.277286 -0.290771
v -0.496167 0.349982 -0.260853
v -0.492376 0.338103 -0.240277
v -0.492376 0.271140 -0.267835
v -0.496319 0.265001 -0.244920
v -0.496319 0.326234 -0.219720
v -0.506656 0.316155 -0.202261
v -0.506656 0.259786 -0.225460
v -0.522049 0.256417 -0.212884
v -0.522049 0.309641 -0.190979
v -0.539970 0.307276 -0.186883
v -0.539970 0.255193 -0.208317
v -0.557892 0.256417 -0.212884
v -0.557892 0.309641 -0.190979
v -0.573285 0.316155 -0.202261
v -0.573285 0.259786 -0.225460
v -0.583622 0.265001 -0.244920
v -0.583622 0.326234 -0.219720
v -0.587564 0.338103 -0.240277
v -0.587564 0.271140 -0.267835
v -0.583773 0.277286 -0.290771
v -0.583773 0.349982 -0.260853
v -0.573512 0.360101 -0.278379
v -0.573512 0.282520 -0.310307
v -0.558043 0.285927 -0.323020
v -0.558043 0.366685 -0.289784
v -0.521898 0.435848 -0.236463
v -0.539970 0.439252 -0.239867
v -0.539970 0.493342 -0.169709
v -0.521898 0.489169 -0.167300
v -0.506429 0.477764 -0.160715
v -0.506429 0.426541 -0.227156
v -0.496167 0.412240 -0.212855
v -0.496167 0.460238 -0.150597
v -0.492376 0.439662 -0.138717
v -0.492376 0.395450 -0.196065
v -0.496319 0.378675 -0.179290
v -0.496319 0.419105 -0.126849
v -0.506656 0.401647 -0.116770
v -0.506656 0.364429 -0.165044
v -0.522049 0.355223 -0.155838
v -0.522049 0.390365 -0.110256
v -0.539970 0.386268 -0.107891
v -0.539970 0.351880 -0.152495
v -0.557892 0.355223 -0.155838
v -0.557892 0.390365 -0.110256
v -0.573285 0.401647 -0.116770
v -0.573285 0.364429 -0.165044
v -0.583622 0.378675 -0.179290
v -0.583622 0.419105 -0.126849
v -0.587564 0.439662 -0.138717
v -0.587564 0.395450 -0.196065
v -0.583773 0.412240 -0.212855
v -0.583773 0.460238 -0.150597
v -0.573512 0.477764 -0.160715
v -0.573512 0.426541 -0.227156
v -0.558043 0.435848 -0.236463
v -0.558043 0.489169 -0.167300
v -0.521898 0.522405 -0.086542
v -0.539970 0.527056 -0.087788
v -0.539970 0.538819 0.000015
v -0.521898 0.534001 0.000015
v -0.506429 0.520832 0.000015
v -0.506429 0.509692 -0.083135
v -0.496167 0.490156 -0.077901
v -0.496167 0.500595 0.000015
v -0.492376 0.476835 0.000015
v -0.492376 0.467220 -0.071755
v -0.496319 0.444306 -0.065615
v -0.496319 0.453098 0.000015
v -0.506656 0.432939 0.000015
v -0.506656 0.424845 -0.060401
v -0.522049 0.412269 -0.057031
v -0.522049 0.419912 0.000015
v -0.539970 0.415181 0.000015
v -0.539970 0.407702 -0.055808
v -0.557892 0.412269 -0.057031
v -0.557892 0.419912 0.000015
v -0.573285 0.432939 0.000015
v -0.573285 0.424845 -0.060401
v -0.583622 0.444306 -0.065615
v -0.583622 0.453098 0.000015
v -0.587564 0.476835 0.000015
v -0.587564 0.467220 -0.071755
v -0.583773 0.490156 -0.077901
v -0.583773 0.500595 0.000015
v -0.573512 0.520832 0.000015
v -0.573512 0.509692 -0.083135
v -0.558043 0.522405 -0.086542
v -0.558043 0.534001 0.000015
v -0.521898 0.522405 0.086572
v -0.539970 0.527056 0.087818
v -0.539970 0.493342 0.169740
v -0.521898 0.489169 0.167331
v -0.506429 0.477764 0.160746
v -0.506429 0.509692 0.083166
v -0.496167 0.490156 0.077931
v -0.496167 0.460238 0.150627
v -0.492376 0.439662 0.138748
v -0.492376 0.467220 0.071785
v -0.496319 0.444306 0.065645
v -0.496319 0.419105 0.126879
v -0.506656 0.401647 0.116800
v -0.506656 0.424845 0.060431
v -0.522049 0.412269 0.057061
v -0.522049 0.390365 0.110286
v -0.539970 0.386268 0.107921
v -0.539970 0.407702 0.055838
v -0.557892 0.412269 0.057061
v -0.557892 0.390365 0.110286
v -0.573285 0.401647 0.116800
v -0.573285 0.424845 0.060431
v -0.583622 0.444306 0.065645
v -0.583622 0.419105 0.126879
v -0.587564 0.439662 0.138748
v -0.587564 0.467220 0.071785
v -0.583773 0.490156 0.077931
v -0.583773 0.460238 0.150628
v -0.573512 0.477764 0.160746
v -0.573512 0.509692 0.083166
v -0.558043 0.522405 0.086572
v -0.558043 0.489169 0.167331
v -0.521898 0.435848 0.236493
v -0.539970 0.439252 0.239898
v -0.539970 0.369095 0.293987
v -0.521898 0.366686 0.289814
v -0.506429 0.360101 0.278409
v -0.506429 0.426541 0.227186
v -0.496167 0.412240 0.212885
v -0.496167 0.349982 0.260883
v -0.492376 0.338103 0.240307
v -0.492376 0.395450 0.196095
v -0.496319 0.378675 0.179320
v -0.496319 0.326234 0.219750
v -0.506656 0.316154 0.202292
v -0.506656 0.364429 0.165074
v -0.522049 0.355223 0.155868
v -0.522049 0.309641 0.191010
v -0.539970 0.307276 0.186913
v -0.539970 0.351880 0.152525
v -0.557892 0.355223 0.155868
v -0.557892 0.309641 0.191010
v -0.573285 0.316154 0.202292
v -0.573285 0.364429 0.165074
v -0.583622 0.378675 0.179320
v -0.583622 0.326234 0.219750
v -0.587564 0.338103 0.240307
v -0.587564 0.395450 0.196095
v -0.583773 0.412240 0.212885
v -0.583773 0.349982 0.260883
v -0.573512 0.360101 0.278409
v -0.573512 0.426541 0.227186
v -0.558043 0.435848 0.236493
v -0.558043 0.366686 0.289814
v -0.521898 0.285927 0.323050
v -0.539970 0.287173 0.327701
v -0.539970 0.199370 0.339464
v -0.521898 0.199370 0.334646
v -0.506429 0.199370 0.321477
v -0.506429 0.282521 0.310337
v -0.496167 0.277286 0.290801
v -0.496167 0.199370 0.301240
v -0.492376 0.199370 0.277480
v -0.492376 0.271140 0.267865
v -0.496319 0.265000 0.244951
v -0.496319 0.199370 0.253743
v -0.506656 0.199370 0.233584
v -0.506656 0.259786 0.225490
v -0.522049 0.256416 0.212914
v -0.522049 0.199370 0.220557
v -0.539970 0.199370 0.215826
v -0.539970 0.255192 0.208347
v -0.557892 0.256416 0.212914
v -0.557892 0.199370 0.220557
v -0.573285 0.199370 0.233584
v -0.573285 0.259786 0.225490
v -0.583622 0.265000 0.244951
v -0.583622 0.199370 0.253743
v -0.587564 0.199370 0.277480
v -0.587564 0.271140 0.267865
v -0.583773 0.277286 0.290801
v -0.583773 0.199370 0.301240
v -0.573512 0.199370 0.321477
v -0.573512 0.282521 0.310337
v -0.558043 0.285927 0.323050
v -0.558043 0.199370 0.334646
v -0.521898 0.112813 0.323050
v -0.539970 0.111567 0.327701
v -0.539970 0.029645 0.293986
v -0.521898 0.032054 0.289814
v -0.506429 0.038639 0.278409
v -0.506429 0.116220 0.310337
v -0.496167 0.121454 0.290801
v -0.496167 0.048758 0.260883
v -0.492376 0.060637 0.240307
v -0.492376 0.127600 0.267865
v -0.496319 0.133740 0.244951
v -0.496319 0.072506 0.219750
v -0.506656 0.082586 0.202292
v -0.506656 0.138954 0.225490
v -0.522049 0.142324 0.212914
v -0.522049 0.089099 0.191010
v -0.539970 0.091465 0.186913
v -0.539970 0.143547 0.208347
v -0.557892 0.142324 0.212914
v -0.557892 0.089099 0.191010
v -0.573285 0.082586 0.202292
v -0.573285 0.138954 0.225490
v -0.583622 0.133740 0.244951
v -0.583622 0.072506 0.219750
v -0.587564 0.060637 0.240307
v -0.587564 0.127600 0.267865
v -0.583773 0.121454 0.290801
v -0.583773 0.048758 0.260883
v -0.573512 0.038639 0.278409
v -0.573512 0.116220 0.310337
v -0.558043 0.112813 0.323050
v -0.558043 0.032054 0.289814
v -0.521898 -0.037108 0.236493
v -0.539970 -0.040513 0.239897
v -0.539970 -0.094602 0.169739
v -0.521898 -0.090429 0.167330
v -0.506429 -0.079024 0.160746
v -0.506429 -0.027801 0.227186
v -0.496167 -0.013500 0.212885
v -0.496167 -0.061498 0.150627
v -0.492376 -0.040922 0.138748
v -0.492376 0.003290 0.196095
v -0.496319 0.020065 0.179320
v -0.496319 -0.020365 0.126879
v -0.506656 -0.002906 0.116800
v -0.506656 0.034311 0.165074
v -0.522049 0.043517 0.155868
v -0.522049 0.008375 0.110286
v -0.539970 0.012472 0.107921
v -0.539970 0.046860 0.152525
v -0.557892 0.043517 0.155868
v -0.557892 0.008375 0.110286
v -0.573285 -0.002906 0.116800
v -0.573285 0.034311 0.165074
v -0.583622 0.020065 0.179320
v -0.583622 -0.020365 0.126879
v -0.587564 -0.040922 0.138748
v -0.587564 0.003290 0.196095
v -0.583773 -0.013500 0.212885
v -0.583773 -0.061498 0.150627
v -0.573512 -0.079024 0.160746
v -0.573512 -0.027801 0.227186
v -0.558043 -0.037108 0.236493
v -0.558043 -0.090429 0.167330
v -0.521898 -0.123665 0.086572
v -0.539970 -0.128316 0.087818
v -0.506429 -0.110952 0.083166
v -0.496167 -0.091416 0.077931
v -0.492376 -0.068480 0.071785
v -0.496318 -0.045566 0.065645
v -0.506656 -0.026105 0.060431
v -0.522049 -0.013529 0.057061
v -0.539970 -0.008962 0.055837
v -0.557892 -0.013529 0.057061
v -0.573285 -0.026105 0.060431
v -0.583622 -0.045566 0.065645
v -0.587564 -0.068480 0.071785
v -0.583773 -0.091416 0.077931
v -0.573512 -0.110952 0.083166
v -0.558043 -0.123665 0.086572
vt 0.972557 0.131299
vt 0.972949 0.131300
vt 0.972949 0.131398
vt 0.972557 0.131397
vt 0.971855 0.131393
vt 0.971855 0.131296
vt 0.971856 0.131198
vt 0.972557 0.131202
vt 0.972949 0.131203
vt 0.972556 0.131495
vt 0.972948 0.131495
vt 0.972948 0.131593
vt 0.972556 0.131593
vt 0.971855 0.131589
vt 0.971855 0.131491
vt 0.972556 0.131691
vt 0.972947 0.131691
vt 0.972948 0.131789
vt 0.972555 0.131789
vt 0.971856 0.131786
vt 0.971855 0.131687
vt 0.975122 0.135626
vt 0.975260 0.135684
vt 0.975240 0.135718
vt 0.975113 0.135662
vt 0.974974 0.135647
vt 0.974974 0.135607
vt 0.974974 0.135598
vt 0.975125 0.135617
vt 0.975265 0.135676
vt 0.973188 0.135706
vt 0.973166 0.135622
vt 0.973302 0.135601
vt 0.973302 0.135692
vt 0.973302 0.135784
vt 0.973210 0.135789
vt 0.973129 0.135830
vt 0.973082 0.135751
vt 0.973037 0.135672
vt 0.975377 0.135776
vt 0.975469 0.135893
vt 0.975436 0.135913
vt 0.975350 0.135803
vt 0.975384 0.135769
vt 0.975477 0.135889
vt 0.972991 0.135820
vt 0.972929 0.135759
vt 0.973052 0.135881
vt 0.973003 0.135957
vt 0.972922 0.135912
vt 0.972843 0.135866
vt 0.975528 0.136031
vt 0.975545 0.136179
vt 0.975507 0.136179
vt 0.975490 0.136041
vt 0.975537 0.136028
vt 0.975555 0.136179
vt 0.972877 0.136017
vt 0.972791 0.135994
vt 0.972963 0.136040
vt 0.972951 0.136131
vt 0.972861 0.136130
vt 0.972776 0.136131
vt 0.970946 0.131289
vt 0.970330 0.131299
vt 0.970324 0.131202
vt 0.970946 0.131191
vt 0.970335 0.131397
vt 0.970948 0.131387
vt 0.974645 0.131306
vt 0.975030 0.131310
vt 0.975028 0.131408
vt 0.974644 0.131404
vt 0.973947 0.131399
vt 0.973947 0.131301
vt 0.973948 0.131202
vt 0.974646 0.131208
vt 0.975032 0.131213
vt 0.970948 0.131485
vt 0.970338 0.131494
vt 0.970947 0.131583
vt 0.970338 0.131591
vt 0.974643 0.131501
vt 0.975026 0.131506
vt 0.975025 0.131604
vt 0.974642 0.131599
vt 0.973948 0.131595
vt 0.973947 0.131497
vt 0.970946 0.131680
vt 0.970338 0.131688
vt 0.970945 0.131774
vt 0.970338 0.131785
vt 0.974642 0.131698
vt 0.975024 0.131702
vt 0.975023 0.131799
vt 0.974641 0.131796
vt 0.973952 0.131792
vt 0.973949 0.131694
vt 0.975151 0.135520
vt 0.975316 0.135589
vt 0.975311 0.135596
vt 0.975149 0.135528
vt 0.974974 0.135506
vt 0.974974 0.135498
vt 0.974974 0.135491
vt 0.975153 0.135513
vt 0.975319 0.135583
vt 0.973139 0.135522
vt 0.973137 0.135515
vt 0.973302 0.135492
vt 0.973302 0.135500
vt 0.973302 0.135507
vt 0.973141 0.135530
vt 0.972990 0.135592
vt 0.972986 0.135585
vt 0.972982 0.135578
vt 0.975438 0.135715
vt 0.975451 0.135703
vt 0.975558 0.135842
vt 0.975543 0.135851
vt 0.975528 0.135860
vt 0.975426 0.135728
vt 0.975294 0.135626
vt 0.975303 0.135611
vt 0.972838 0.135667
vt 0.972825 0.135654
vt 0.972965 0.135548
vt 0.972974 0.135563
vt 0.972850 0.135680
vt 0.972748 0.135811
vt 0.972733 0.135803
vt 0.972718 0.135794
vt 0.975609 0.136009
vt 0.975627 0.136004
vt 0.975648 0.136179
vt 0.975631 0.136179
vt 0.975614 0.136179
vt 0.975593 0.136014
vt 0.972668 0.135961
vt 0.972650 0.135957
vt 0.972685 0.135966
vt 0.972664 0.136131
vt 0.972647 0.136131
vt 0.972629 0.136131
vt 0.975158 0.135495
vt 0.975164 0.135473
vt 0.975341 0.135545
vt 0.975329 0.135566
vt 0.974974 0.135471
vt 0.974974 0.135447
vt 0.975475 0.135678
vt 0.975492 0.135662
vt 0.975609 0.135813
vt 0.975588 0.135825
vt 0.975571 0.135835
vt 0.975462 0.135692
vt 0.975660 0.135996
vt 0.975682 0.135990
vt 0.975707 0.136179
vt 0.975683 0.136179
vt 0.975664 0.136179
vt 0.975642 0.136000
vt 0.975557 0.136023
vt 0.975576 0.136179
vt 0.975495 0.135878
vt 0.975514 0.135868
vt 0.975577 0.136018
vt 0.975598 0.136179
vt 0.975399 0.135755
vt 0.975275 0.135658
vt 0.975286 0.135640
vt 0.975414 0.135739
vt 0.975130 0.135597
vt 0.974974 0.135577
vt 0.974974 0.135555
vt 0.975136 0.135576
vt 0.972618 0.135948
vt 0.972595 0.135942
vt 0.972668 0.135765
vt 0.972688 0.135777
vt 0.972705 0.135787
vt 0.972636 0.135953
vt 0.972613 0.136131
vt 0.972594 0.136131
vt 0.972570 0.136131
vt 0.972801 0.135630
vt 0.972785 0.135614
vt 0.972936 0.135497
vt 0.972948 0.135518
vt 0.972958 0.135535
vt 0.972814 0.135643
vt 0.973119 0.135448
vt 0.973113 0.135425
vt 0.973302 0.135400
vt 0.973302 0.135424
vt 0.973302 0.135443
vt 0.973124 0.135466
vt 0.973146 0.135551
vt 0.973302 0.135529
vt 0.973302 0.135550
vt 0.973152 0.135571
vt 0.973012 0.135628
vt 0.973001 0.135610
vt 0.972877 0.135706
vt 0.972892 0.135721
vt 0.972798 0.135840
vt 0.972780 0.135830
vt 0.972762 0.135819
vt 0.972862 0.135691
vt 0.972721 0.135975
vt 0.972741 0.135981
vt 0.972722 0.136131
vt 0.972701 0.136131
vt 0.972680 0.136131
vt 0.972700 0.135970
vt 0.970271 0.131303
vt 0.970290 0.131301
vt 0.970295 0.131398
vt 0.970277 0.131399
vt 0.970267 0.131399
vt 0.970262 0.131304
vt 0.970254 0.131208
vt 0.970264 0.131206
vt 0.970282 0.131205
vt 0.975305 0.131318
vt 0.975275 0.131317
vt 0.975280 0.131219
vt 0.975310 0.131221
vt 0.975324 0.131222
vt 0.975319 0.131319
vt 0.975316 0.131415
vt 0.975302 0.131415
vt 0.975273 0.131414
vt 0.970279 0.131495
vt 0.970297 0.131494
vt 0.970298 0.131591
vt 0.970279 0.131591
vt 0.970270 0.131592
vt 0.970269 0.131495
vt 0.975301 0.131512
vt 0.975271 0.131511
vt 0.975315 0.131512
vt 0.975313 0.131609
vt 0.975299 0.131608
vt 0.975269 0.131608
vt 0.970279 0.131688
vt 0.970298 0.131688
vt 0.970298 0.131786
vt 0.970279 0.131786
vt 0.970270 0.131786
vt 0.970270 0.131688
vt 0.975298 0.131706
vt 0.975269 0.131705
vt 0.975312 0.131706
vt 0.975312 0.131803
vt 0.975298 0.131803
vt 0.975268 0.131802
vt 0.975053 0.135885
vt 0.975064 0.135839
vt 0.975152 0.135872
vt 0.975128 0.135912
vt 0.975121 0.135925
vt 0.975049 0.135900
vt 0.974974 0.135890
vt 0.974974 0.135875
vt 0.974974 0.135831
vt 0.973223 0.135834
vt 0.973302 0.135825
vt 0.973302 0.135840
vt 0.973227 0.135850
vt 0.973157 0.135879
vt 0.973149 0.135866
vt 0.975191 0.135961
vt 0.975223 0.135930
vt 0.975275 0.136006
vt 0.975239 0.136026
vt 0.975226 0.136034
vt 0.975180 0.135973
vt 0.973086 0.135914
vt 0.973097 0.135925
vt 0.973051 0.135986
vt 0.973038 0.135978
vt 0.975271 0.136100
vt 0.975315 0.136089
vt 0.975324 0.136179
vt 0.975278 0.136179
vt 0.975263 0.136179
vt 0.975255 0.136104
vt 0.973007 0.136052
vt 0.973022 0.136056
vt 0.973009 0.136131
vt 0.972993 0.136131
vt 0.973231 0.135865
vt 0.973165 0.135893
vt 0.973302 0.135856
vt 0.975045 0.135915
vt 0.974974 0.135906
vt 0.975113 0.135939
vt 0.973108 0.135936
vt 0.973065 0.135994
vt 0.975169 0.135984
vt 0.975212 0.136041
vt 0.973037 0.136060
vt 0.973025 0.136132
vt 0.975240 0.136108
vt 0.975248 0.136179
vt 0.975087 0.135753
vt 0.975194 0.135798
vt 0.974974 0.135733
vt 0.973155 0.135583
vt 0.973017 0.135638
vt 0.973302 0.135561
vt 0.975289 0.135865
vt 0.975359 0.135957
vt 0.972900 0.135730
vt 0.972808 0.135846
vt 0.975398 0.136066
vt 0.975420 0.136179
vt 0.972753 0.135984
vt 0.972734 0.136131
vt 0.972856 0.135686
vt 0.972755 0.135816
vt 0.972819 0.135648
vt 0.972711 0.135790
vt 0.972961 0.135541
vt 0.972693 0.135968
vt 0.972672 0.136131
vt 0.972642 0.135954
vt 0.972620 0.136131
vt 0.975420 0.135734
vt 0.975521 0.135864
vt 0.975290 0.135633
vt 0.975457 0.135697
vt 0.975565 0.135838
vt 0.975585 0.136016
vt 0.975605 0.136179
vt 0.975635 0.136002
vt 0.975657 0.136179
vt 0.975169 0.135453
vt 0.974974 0.135426
vt 0.974974 0.135413
vt 0.975173 0.135441
vt 0.975357 0.135518
vt 0.975351 0.135527
vt 0.975506 0.135648
vt 0.975513 0.135641
vt 0.975636 0.135797
vt 0.975627 0.135802
vt 0.975701 0.135984
vt 0.975711 0.135982
vt 0.975739 0.136179
vt 0.975728 0.136179
vt 0.972576 0.135937
vt 0.972549 0.136131
vt 0.972538 0.136131
vt 0.972566 0.135934
vt 0.972640 0.135749
vt 0.972650 0.135754
vt 0.972771 0.135600
vt 0.972763 0.135592
vt 0.972920 0.135470
vt 0.972926 0.135479
vt 0.973108 0.135406
vt 0.973105 0.135396
vt 0.973302 0.135368
vt 0.973302 0.135379
vt 0.975336 0.131320
vt 0.975341 0.131224
vt 0.973102 0.135385
vt 0.973302 0.135357
vt 0.972915 0.135460
vt 0.975334 0.131416
vt 0.970253 0.131495
vt 0.970253 0.131592
vt 0.975522 0.135632
vt 0.975646 0.135791
vt 0.975363 0.135509
vt 0.970251 0.131399
vt 0.975332 0.131512
vt 0.972755 0.135584
vt 0.972630 0.135743
vt 0.975331 0.131609
vt 0.970254 0.131689
vt 0.970253 0.131786
vt 0.975722 0.135979
vt 0.975750 0.136179
vt 0.975330 0.131706
vt 0.972555 0.135931
vt 0.972527 0.136131
vt 0.975329 0.131803
vt 0.971203 0.131291
vt 0.971358 0.131291
vt 0.971358 0.131390
vt 0.971203 0.131389
vt 0.971096 0.131388
vt 0.971096 0.131290
vt 0.971096 0.131192
vt 0.971204 0.131193
vt 0.971358 0.131194
vt 0.973555 0.131300
vt 0.973424 0.131300
vt 0.973424 0.131202
vt 0.973555 0.131202
vt 0.973671 0.131202
vt 0.973670 0.131300
vt 0.973670 0.131398
vt 0.973555 0.131397
vt 0.973423 0.131397
vt 0.972550 0.133456
vt 0.972942 0.133458
vt 0.972941 0.133556
vt 0.972550 0.133554
vt 0.971848 0.133553
vt 0.971848 0.133455
vt 0.971848 0.133358
vt 0.972550 0.133358
vt 0.972942 0.133361
vt 0.972551 0.133261
vt 0.972942 0.133263
vt 0.971849 0.133260
vt 0.971850 0.133162
vt 0.972551 0.133163
vt 0.972943 0.133165
vt 0.972551 0.133065
vt 0.972943 0.133067
vt 0.971851 0.133064
vt 0.971852 0.132965
vt 0.972552 0.132967
vt 0.972944 0.132969
vt 0.974825 0.135627
vt 0.974835 0.135662
vt 0.974708 0.135720
vt 0.974688 0.135686
vt 0.974683 0.135677
vt 0.974823 0.135617
vt 0.973416 0.135706
vt 0.973439 0.135622
vt 0.973567 0.135673
vt 0.973522 0.135751
vt 0.973476 0.135831
vt 0.973394 0.135789
vt 0.974570 0.135776
vt 0.974596 0.135803
vt 0.974511 0.135913
vt 0.974478 0.135894
vt 0.974470 0.135889
vt 0.974563 0.135769
vt 0.973613 0.135820
vt 0.973675 0.135758
vt 0.973761 0.135867
vt 0.973682 0.135912
vt 0.973603 0.135958
vt 0.973553 0.135881
vt 0.974420 0.136031
vt 0.974458 0.136041
vt 0.974441 0.136180
vt 0.974403 0.136180
vt 0.974393 0.136180
vt 0.974411 0.136029
vt 0.973726 0.136018
vt 0.973813 0.135994
vt 0.973829 0.136131
vt 0.973745 0.136131
vt 0.973651 0.136131
vt 0.973644 0.136040
vt 0.970941 0.133357
vt 0.970939 0.133456
vt 0.970323 0.133442
vt 0.970329 0.133345
vt 0.970316 0.133539
vt 0.970938 0.133554
vt 0.974638 0.133464
vt 0.975023 0.133462
vt 0.975024 0.133559
vt 0.974638 0.133562
vt 0.973940 0.133562
vt 0.973940 0.133464
vt 0.973941 0.133366
vt 0.974637 0.133366
vt 0.975022 0.133364
vt 0.970942 0.133162
vt 0.970942 0.133259
vt 0.970332 0.133247
vt 0.970333 0.133150
vt 0.974637 0.133268
vt 0.975021 0.133266
vt 0.973942 0.133268
vt 0.973943 0.133170
vt 0.974637 0.133170
vt 0.975020 0.133168
vt 0.970941 0.133064
vt 0.970334 0.133053
vt 0.970334 0.132956
vt 0.970941 0.132969
vt 0.974637 0.133072
vt 0.975020 0.133070
vt 0.973945 0.133071
vt 0.973948 0.132972
vt 0.974637 0.132974
vt 0.975020 0.132972
vt 0.974797 0.135520
vt 0.974799 0.135528
vt 0.974636 0.135597
vt 0.974632 0.135589
vt 0.974629 0.135583
vt 0.974795 0.135513
vt 0.973466 0.135522
vt 0.973468 0.135515
vt 0.973622 0.135578
vt 0.973618 0.135585
vt 0.973614 0.135592
vt 0.973464 0.135530
vt 0.974509 0.135716
vt 0.974405 0.135852
vt 0.974389 0.135843
vt 0.974496 0.135703
vt 0.974645 0.135612
vt 0.974654 0.135627
vt 0.974522 0.135728
vt 0.974420 0.135860
vt 0.973766 0.135667
vt 0.973630 0.135563
vt 0.973639 0.135548
vt 0.973779 0.135655
vt 0.973886 0.135794
vt 0.973871 0.135803
vt 0.973856 0.135812
vt 0.973754 0.135680
vt 0.974338 0.136010
vt 0.974317 0.136180
vt 0.974300 0.136180
vt 0.974321 0.136005
vt 0.974355 0.136014
vt 0.974334 0.136180
vt 0.973936 0.135961
vt 0.973953 0.135957
vt 0.973975 0.136131
vt 0.973958 0.136131
vt 0.973940 0.136131
vt 0.973919 0.135966
vt 0.974790 0.135495
vt 0.974619 0.135566
vt 0.974607 0.135546
vt 0.974784 0.135473
vt 0.974472 0.135679
vt 0.974359 0.135825
vt 0.974339 0.135813
vt 0.974456 0.135662
vt 0.974485 0.135692
vt 0.974376 0.135835
vt 0.974288 0.135996
vt 0.974265 0.136180
vt 0.974241 0.136180
vt 0.974266 0.135990
vt 0.974306 0.136001
vt 0.974284 0.136180
vt 0.974391 0.136024
vt 0.974372 0.136180
vt 0.974351 0.136180
vt 0.974371 0.136018
vt 0.974433 0.135868
vt 0.974452 0.135879
vt 0.974548 0.135755
vt 0.974533 0.135739
vt 0.974662 0.135641
vt 0.974673 0.135659
vt 0.974818 0.135597
vt 0.974812 0.135577
vt 0.973987 0.135948
vt 0.973916 0.135777
vt 0.973936 0.135765
vt 0.974009 0.135942
vt 0.974034 0.136131
vt 0.974010 0.136131
vt 0.973991 0.136131
vt 0.973968 0.135953
vt 0.973899 0.135787
vt 0.973803 0.135630
vt 0.973656 0.135518
vt 0.973668 0.135497
vt 0.973819 0.135614
vt 0.973790 0.135644
vt 0.973647 0.135535
vt 0.973485 0.135448
vt 0.973491 0.135425
vt 0.973481 0.135466
vt 0.973458 0.135551
vt 0.973452 0.135571
vt 0.973603 0.135610
vt 0.973593 0.135628
vt 0.973727 0.135707
vt 0.973712 0.135721
vt 0.973742 0.135691
vt 0.973842 0.135820
vt 0.973823 0.135830
vt 0.973805 0.135841
vt 0.973883 0.135976
vt 0.973863 0.135981
vt 0.973904 0.135970
vt 0.973924 0.136131
vt 0.973903 0.136131
vt 0.973882 0.136131
vt 0.970264 0.133438
vt 0.970270 0.133342
vt 0.970289 0.133343
vt 0.970283 0.133439
vt 0.970275 0.133536
vt 0.970256 0.133534
vt 0.970246 0.133533
vt 0.970255 0.133437
vt 0.970261 0.133342
vt 0.975298 0.133456
vt 0.975302 0.133553
vt 0.975272 0.133554
vt 0.975268 0.133457
vt 0.975266 0.133360
vt 0.975296 0.133359
vt 0.975310 0.133359
vt 0.975312 0.133455
vt 0.975316 0.133552
vt 0.970273 0.133246
vt 0.970274 0.133149
vt 0.970293 0.133150
vt 0.970291 0.133246
vt 0.970263 0.133246
vt 0.970265 0.133149
vt 0.975295 0.133262
vt 0.975265 0.133263
vt 0.975264 0.133166
vt 0.975294 0.133165
vt 0.975308 0.133165
vt 0.975309 0.133262
vt 0.970275 0.133052
vt 0.970276 0.132955
vt 0.970294 0.132955
vt 0.970293 0.133053
vt 0.970265 0.133052
vt 0.970266 0.132955
vt 0.975294 0.133068
vt 0.975264 0.133068
vt 0.975264 0.132971
vt 0.975294 0.132971
vt 0.975308 0.132971
vt 0.975308 0.133068
vt 0.974894 0.135883
vt 0.974818 0.135910
vt 0.974796 0.135872
vt 0.974884 0.135840
vt 0.974898 0.135899
vt 0.974826 0.135924
vt 0.973382 0.135834
vt 0.973455 0.135866
vt 0.973448 0.135879
vt 0.973378 0.135850
vt 0.974757 0.135962
vt 0.974710 0.136028
vt 0.974672 0.136006
vt 0.974724 0.135931
vt 0.974768 0.135973
vt 0.974723 0.136036
vt 0.973519 0.135914
vt 0.973567 0.135978
vt 0.973554 0.135986
vt 0.973508 0.135925
vt 0.974678 0.136101
vt 0.974668 0.136180
vt 0.974626 0.136180
vt 0.974632 0.136089
vt 0.974694 0.136105
vt 0.974684 0.136180
vt 0.973599 0.136052
vt 0.973608 0.136130
vt 0.973593 0.136131
vt 0.973583 0.136056
vt 0.973374 0.135865
vt 0.973440 0.135893
vt 0.974902 0.135914
vt 0.974834 0.135938
vt 0.973497 0.135936
vt 0.973540 0.135994
vt 0.974779 0.135984
vt 0.974737 0.136043
vt 0.973568 0.136060
vt 0.973577 0.136131
vt 0.974709 0.136109
vt 0.974699 0.136180
vt 0.974860 0.135753
vt 0.974753 0.135797
vt 0.973449 0.135583
vt 0.973587 0.135638
vt 0.974660 0.135867
vt 0.974589 0.135958
vt 0.973704 0.135730
vt 0.973796 0.135846
vt 0.974550 0.136066
vt 0.974528 0.136180
vt 0.973851 0.135984
vt 0.973870 0.136131
vt 0.973748 0.135686
vt 0.973849 0.135816
vt 0.973785 0.135649
vt 0.973893 0.135790
vt 0.973643 0.135541
vt 0.973911 0.135968
vt 0.973932 0.136131
vt 0.973962 0.135954
vt 0.973984 0.136131
vt 0.974527 0.135734
vt 0.974427 0.135864
vt 0.974658 0.135634
vt 0.974490 0.135697
vt 0.974382 0.135839
vt 0.974363 0.136016
vt 0.974343 0.136180
vt 0.974313 0.136003
vt 0.974291 0.136180
vt 0.974778 0.135453
vt 0.974597 0.135528
vt 0.974591 0.135519
vt 0.974775 0.135442
vt 0.974442 0.135648
vt 0.974321 0.135803
vt 0.974311 0.135798
vt 0.974434 0.135641
vt 0.974247 0.135985
vt 0.974220 0.136180
vt 0.974209 0.136180
vt 0.974236 0.135982
vt 0.974028 0.135937
vt 0.974055 0.136131
vt 0.973954 0.135755
vt 0.973964 0.135749
vt 0.974038 0.135934
vt 0.974066 0.136131
vt 0.973833 0.135600
vt 0.973678 0.135479
vt 0.973684 0.135470
vt 0.973841 0.135592
vt 0.973496 0.135406
vt 0.973499 0.135396
vt 0.975329 0.133454
vt 0.975334 0.133550
vt 0.975327 0.133358
vt 0.973502 0.135385
vt 0.973689 0.135460
vt 0.970247 0.133245
vt 0.970248 0.133149
vt 0.970245 0.133341
vt 0.974426 0.135633
vt 0.974585 0.135510
vt 0.974302 0.135792
vt 0.975326 0.133262
vt 0.975326 0.133165
vt 0.973849 0.135584
vt 0.973974 0.135744
vt 0.970249 0.133052
vt 0.970250 0.132955
vt 0.974225 0.135979
vt 0.974198 0.136180
vt 0.975325 0.133068
vt 0.975325 0.132971
vt 0.974049 0.135931
vt 0.974077 0.136131
vt 0.971196 0.133456
vt 0.971197 0.133357
vt 0.971351 0.133358
vt 0.971351 0.133456
vt 0.971350 0.133554
vt 0.971196 0.133554
vt 0.971089 0.133554
vt 0.971089 0.133455
vt 0.971090 0.133357
vt 0.973548 0.133462
vt 0.973548 0.133560
vt 0.973416 0.133559
vt 0.973417 0.133462
vt 0.973416 0.133364
vt 0.973548 0.133365
vt 0.973663 0.133365
vt 0.973663 0.133463
vt 0.973663 0.133561
vt 0.970247 0.131304
vt 0.975176 0.135433
vt 0.974974 0.135406
vt 0.970241 0.131209
vt 0.970240 0.133436
vt 0.970233 0.133531
vt 0.974771 0.135433
vt 0.975138 0.135569
vt 0.975140 0.135561
vt 0.974974 0.135547
vt 0.974974 0.135539
vt 0.974810 0.135569
vt 0.974807 0.135561
vt 0.975144 0.135544
vt 0.974974 0.135523
vt 0.974803 0.135545
vt 0.973132 0.135498
vt 0.973128 0.135481
vt 0.973302 0.135458
vt 0.973302 0.135475
vt 0.973472 0.135498
vt 0.973477 0.135481
vt 0.973125 0.135472
vt 0.973302 0.135450
vt 0.973479 0.135472
vt 0.972554 0.132280
vt 0.972945 0.132281
vt 0.972944 0.132379
vt 0.972553 0.132378
vt 0.971854 0.132376
vt 0.971854 0.132277
vt 0.971855 0.132179
vt 0.972554 0.132182
vt 0.972945 0.132183
vt 0.972554 0.132083
vt 0.972946 0.132085
vt 0.971855 0.132081
vt 0.971856 0.131982
vt 0.972555 0.131985
vt 0.972947 0.131986
vt 0.972555 0.131887
vt 0.972949 0.131888
vt 0.971856 0.131884
vt 0.975123 0.136732
vt 0.975113 0.136696
vt 0.975241 0.136640
vt 0.975260 0.136674
vt 0.975265 0.136682
vt 0.975125 0.136741
vt 0.974974 0.136761
vt 0.974974 0.136752
vt 0.974975 0.136712
vt 0.973189 0.136553
vt 0.973302 0.136574
vt 0.973302 0.136658
vt 0.973165 0.136643
vt 0.973039 0.136587
vt 0.973081 0.136515
vt 0.973128 0.136433
vt 0.973210 0.136473
vt 0.973302 0.136479
vt 0.975379 0.136583
vt 0.975352 0.136556
vt 0.975437 0.136446
vt 0.975470 0.136465
vt 0.975478 0.136470
vt 0.975386 0.136590
vt 0.972992 0.136441
vt 0.972929 0.136504
vt 0.972844 0.136396
vt 0.972920 0.136351
vt 0.973001 0.136305
vt 0.973052 0.136382
vt 0.975528 0.136328
vt 0.975490 0.136318
vt 0.975537 0.136330
vt 0.972881 0.136243
vt 0.972790 0.136269
vt 0.972960 0.136223
vt 0.970944 0.132179
vt 0.970944 0.132275
vt 0.970334 0.132273
vt 0.970337 0.132176
vt 0.970944 0.132373
vt 0.970333 0.132371
vt 0.974639 0.132287
vt 0.975021 0.132288
vt 0.975020 0.132386
vt 0.974638 0.132385
vt 0.973946 0.132382
vt 0.973947 0.132284
vt 0.973949 0.132185
vt 0.974639 0.132189
vt 0.975021 0.132190
vt 0.970951 0.131983
vt 0.970944 0.132083
vt 0.970338 0.132078
vt 0.970338 0.131980
vt 0.974640 0.132090
vt 0.975022 0.132093
vt 0.973951 0.132086
vt 0.973959 0.131989
vt 0.974640 0.131992
vt 0.975022 0.131995
vt 0.970922 0.131876
vt 0.970338 0.131883
vt 0.974641 0.131894
vt 0.975023 0.131897
vt 0.973958 0.131891
vt 0.975152 0.136839
vt 0.975149 0.136831
vt 0.975312 0.136763
vt 0.975316 0.136770
vt 0.975319 0.136776
vt 0.975153 0.136846
vt 0.974975 0.136868
vt 0.974975 0.136861
vt 0.974975 0.136853
vt 0.973139 0.136741
vt 0.973302 0.136762
vt 0.973302 0.136770
vt 0.973137 0.136748
vt 0.972983 0.136684
vt 0.972987 0.136677
vt 0.972991 0.136670
vt 0.973141 0.136733
vt 0.973302 0.136755
vt 0.975439 0.136644
vt 0.975543 0.136507
vt 0.975559 0.136516
vt 0.975452 0.136656
vt 0.975303 0.136747
vt 0.975295 0.136732
vt 0.975427 0.136631
vt 0.975528 0.136499
vt 0.972838 0.136595
vt 0.972974 0.136699
vt 0.972966 0.136714
vt 0.972825 0.136608
vt 0.972719 0.136468
vt 0.972734 0.136459
vt 0.972749 0.136450
vt 0.972850 0.136582
vt 0.975610 0.136349
vt 0.975627 0.136354
vt 0.975593 0.136345
vt 0.972668 0.136301
vt 0.972651 0.136306
vt 0.972685 0.136296
vt 0.975158 0.136864
vt 0.975329 0.136793
vt 0.975341 0.136814
vt 0.975164 0.136886
vt 0.974975 0.136911
vt 0.974975 0.136887
vt 0.975476 0.136680
vt 0.975589 0.136534
vt 0.975609 0.136546
vt 0.975492 0.136697
vt 0.975463 0.136667
vt 0.975572 0.136524
vt 0.975660 0.136363
vt 0.975682 0.136369
vt 0.975642 0.136358
vt 0.975557 0.136335
vt 0.975578 0.136341
vt 0.975515 0.136491
vt 0.975496 0.136480
vt 0.975400 0.136604
vt 0.975415 0.136620
vt 0.975287 0.136718
vt 0.975276 0.136700
vt 0.975131 0.136761
vt 0.975137 0.136782
vt 0.974975 0.136804
vt 0.974974 0.136782
vt 0.972618 0.136314
vt 0.972689 0.136485
vt 0.972668 0.136497
vt 0.972596 0.136320
vt 0.972636 0.136310
vt 0.972706 0.136476
vt 0.972801 0.136632
vt 0.972948 0.136744
vt 0.972936 0.136765
vt 0.972785 0.136648
vt 0.972815 0.136619
vt 0.972958 0.136727
vt 0.973119 0.136815
vt 0.973302 0.136838
vt 0.973302 0.136862
vt 0.973113 0.136837
vt 0.973124 0.136797
vt 0.973302 0.136819
vt 0.973146 0.136712
vt 0.973152 0.136692
vt 0.973302 0.136712
vt 0.973302 0.136733
vt 0.973002 0.136651
vt 0.973012 0.136633
vt 0.972877 0.136556
vt 0.972892 0.136541
vt 0.972862 0.136571
vt 0.972763 0.136442
vt 0.972781 0.136432
vt 0.972800 0.136421
vt 0.972721 0.136287
vt 0.972741 0.136281
vt 0.972700 0.136292
vt 0.970275 0.132273
vt 0.970278 0.132175
vt 0.970296 0.132176
vt 0.970294 0.132273
vt 0.970292 0.132370
vt 0.970273 0.132370
vt 0.970263 0.132370
vt 0.970266 0.132272
vt 0.970268 0.132175
vt 0.975295 0.132289
vt 0.975295 0.132387
vt 0.975265 0.132387
vt 0.975265 0.132289
vt 0.975266 0.132192
vt 0.975295 0.132192
vt 0.975309 0.132192
vt 0.975309 0.132289
vt 0.975309 0.132387
vt 0.970279 0.132078
vt 0.970279 0.131981
vt 0.970298 0.131981
vt 0.970297 0.132078
vt 0.970269 0.132078
vt 0.970270 0.131981
vt 0.975296 0.132095
vt 0.975266 0.132094
vt 0.975266 0.131997
vt 0.975296 0.131997
vt 0.975310 0.131997
vt 0.975310 0.132095
vt 0.970279 0.131883
vt 0.970298 0.131883
vt 0.970270 0.131883
vt 0.975297 0.131900
vt 0.975267 0.131900
vt 0.975311 0.131900
vt 0.975054 0.136478
vt 0.975126 0.136444
vt 0.975149 0.136483
vt 0.975066 0.136521
vt 0.974974 0.136529
vt 0.974973 0.136485
vt 0.974974 0.136470
vt 0.975050 0.136463
vt 0.975119 0.136431
vt 0.973222 0.136428
vt 0.973302 0.136438
vt 0.973148 0.136397
vt 0.973156 0.136384
vt 0.973226 0.136412
vt 0.973302 0.136422
vt 0.975193 0.136399
vt 0.975239 0.136332
vt 0.975276 0.136354
vt 0.975224 0.136430
vt 0.975181 0.136387
vt 0.975225 0.136324
vt 0.973085 0.136349
vt 0.973037 0.136285
vt 0.973050 0.136277
vt 0.973096 0.136337
vt 0.975271 0.136259
vt 0.975315 0.136270
vt 0.975255 0.136255
vt 0.973005 0.136211
vt 0.973020 0.136207
vt 0.973231 0.136397
vt 0.973302 0.136407
vt 0.973164 0.136370
vt 0.975046 0.136447
vt 0.975111 0.136417
vt 0.974974 0.136455
vt 0.973107 0.136326
vt 0.973063 0.136269
vt 0.975170 0.136376
vt 0.975212 0.136317
vt 0.973036 0.136203
vt 0.975240 0.136251
vt 0.975088 0.136604
vt 0.975198 0.136566
vt 0.974975 0.136625
vt 0.973155 0.136681
vt 0.973018 0.136623
vt 0.973302 0.136700
vt 0.975286 0.136491
vt 0.975359 0.136400
vt 0.972900 0.136533
vt 0.972810 0.136416
vt 0.975398 0.136292
vt 0.972752 0.136278
vt 0.972856 0.136577
vt 0.972756 0.136446
vt 0.972819 0.136614
vt 0.972712 0.136472
vt 0.972961 0.136721
vt 0.972693 0.136294
vt 0.972642 0.136308
vt 0.975421 0.136625
vt 0.975521 0.136495
vt 0.975291 0.136725
vt 0.975458 0.136662
vt 0.975566 0.136521
vt 0.975585 0.136343
vt 0.975635 0.136356
vt 0.975170 0.136906
vt 0.974975 0.136933
vt 0.975352 0.136831
vt 0.975357 0.136840
vt 0.975173 0.136917
vt 0.974975 0.136945
vt 0.975507 0.136711
vt 0.975628 0.136556
vt 0.975637 0.136561
vt 0.975514 0.136718
vt 0.975702 0.136374
vt 0.975712 0.136377
vt 0.972576 0.136326
vt 0.972650 0.136508
vt 0.972641 0.136513
vt 0.972566 0.136328
vt 0.972771 0.136662
vt 0.972926 0.136783
vt 0.972921 0.136792
vt 0.972763 0.136670
vt 0.973108 0.136856
vt 0.973302 0.136883
vt 0.973302 0.136894
vt 0.973105 0.136867
vt 0.975326 0.132290
vt 0.975326 0.132387
vt 0.975327 0.132192
vt 0.973102 0.136878
vt 0.972915 0.136802
vt 0.973302 0.136905
vt 0.970253 0.132078
vt 0.970253 0.131981
vt 0.970253 0.132176
vt 0.975522 0.136726
vt 0.975363 0.136849
vt 0.975647 0.136567
vt 0.975327 0.132095
vt 0.975328 0.131997
vt 0.972755 0.136678
vt 0.972631 0.136519
vt 0.970254 0.131883
vt 0.975723 0.136380
vt 0.975328 0.131900
vt 0.972555 0.136331
vt 0.971202 0.132274
vt 0.971199 0.132172
vt 0.971356 0.132169
vt 0.971360 0.132276
vt 0.971359 0.132374
vt 0.971202 0.132375
vt 0.971092 0.132373
vt 0.971091 0.132274
vt 0.971069 0.132178
vt 0.973544 0.132285
vt 0.973547 0.132381
vt 0.973415 0.132381
vt 0.973415 0.132284
vt 0.973419 0.132180
vt 0.973545 0.132203
vt 0.973666 0.132180
vt 0.973664 0.132284
vt 0.973664 0.132382
vt 0.971227 0.132069
vt 0.971411 0.132100
vt 0.971323 0.132095
vt 0.971334 0.131967
vt 0.970871 0.131638
vt 0.970227 0.131951
vt 0.970824 0.131826
vt 0.971393 0.131989
vt 0.970770 0.132010
vt 0.971383 0.131867
vt 0.970257 0.132367
vt 0.970881 0.132198
vt 0.971137 0.131967
vt 0.971352 0.131786
vt 0.971129 0.131837
vt 0.971175 0.131766
vt 0.971197 0.131779
vt 0.971088 0.131887
vt 0.971020 0.131827
vt 0.971072 0.131787
vt 0.970873 0.131779
vt 0.971139 0.131875
vt 0.971388 0.132113
vt 0.971733 0.132125
vt 0.970490 0.132069
vt 0.971111 0.131974
vt 0.970951 0.132084
vt 0.970890 0.132128
vt 0.971729 0.131831
vt 0.971344 0.131759
vt 0.971082 0.132071
vt 0.971185 0.132125
vt 0.971218 0.132098
vt 0.973416 0.132085
vt 0.973399 0.132085
vt 0.973399 0.131989
vt 0.973459 0.131983
vt 0.973314 0.131985
vt 0.973394 0.132071
vt 0.973449 0.132105
vt 0.973459 0.132124
vt 0.973498 0.132138
vt 0.973524 0.132100
vt 0.973605 0.132107
vt 0.973618 0.132125
vt 0.973659 0.132039
vt 0.973713 0.132073
vt 0.973758 0.132059
vt 0.973856 0.132011
vt 0.973762 0.131986
vt 0.973741 0.131979
vt 0.973711 0.131913
vt 0.973733 0.131898
vt 0.973890 0.131858
vt 0.973714 0.131743
vt 0.973639 0.131803
vt 0.973673 0.131791
vt 0.973504 0.131787
vt 0.973543 0.131761
vt 0.973533 0.131803
vt 0.973429 0.131823
vt 0.973457 0.131827
vt 0.973418 0.131788
vt 0.973436 0.131891
vt 0.973397 0.131886
vt 0.973366 0.131893
vt 0.972553 0.132476
vt 0.972944 0.132477
vt 0.972944 0.132575
vt 0.972553 0.132574
vt 0.971854 0.132572
vt 0.971854 0.132474
vt 0.972553 0.132672
vt 0.972945 0.132674
vt 0.972945 0.132772
vt 0.972552 0.132770
vt 0.971853 0.132769
vt 0.971853 0.132670
vt 0.972552 0.132869
vt 0.972945 0.132871
vt 0.971852 0.132867
vt 0.974826 0.136733
vt 0.974689 0.136674
vt 0.974708 0.136641
vt 0.974836 0.136696
vt 0.974823 0.136742
vt 0.974684 0.136682
vt 0.973415 0.136553
vt 0.973439 0.136643
vt 0.973393 0.136473
vt 0.973475 0.136433
vt 0.973524 0.136515
vt 0.973566 0.136588
vt 0.974570 0.136584
vt 0.974479 0.136466
vt 0.974512 0.136447
vt 0.974597 0.136556
vt 0.974563 0.136590
vt 0.974471 0.136470
vt 0.973613 0.136442
vt 0.973676 0.136505
vt 0.973549 0.136380
vt 0.973606 0.136307
vt 0.973682 0.136350
vt 0.973760 0.136395
vt 0.974420 0.136328
vt 0.974458 0.136318
vt 0.974411 0.136331
vt 0.973723 0.136244
vt 0.973814 0.136269
vt 0.973643 0.136222
vt 0.970943 0.132470
vt 0.970334 0.132468
vt 0.970943 0.132564
vt 0.970336 0.132565
vt 0.974638 0.132483
vt 0.975020 0.132484
vt 0.975020 0.132581
vt 0.974638 0.132581
vt 0.973947 0.132580
vt 0.973946 0.132481
vt 0.970920 0.132661
vt 0.970336 0.132663
vt 0.970949 0.132765
vt 0.970335 0.132761
vt 0.974638 0.132679
vt 0.975020 0.132679
vt 0.975020 0.132777
vt 0.974638 0.132777
vt 0.973956 0.132776
vt 0.973951 0.132679
vt 0.970946 0.132869
vt 0.970335 0.132858
vt 0.974638 0.132876
vt 0.975019 0.132875
vt 0.973952 0.132874
vt 0.974797 0.136839
vt 0.974633 0.136770
vt 0.974637 0.136763
vt 0.974799 0.136831
vt 0.974795 0.136846
vt 0.974630 0.136776
vt 0.973466 0.136741
vt 0.973618 0.136677
vt 0.973621 0.136683
vt 0.973468 0.136748
vt 0.973464 0.136733
vt 0.973614 0.136670
vt 0.974509 0.136644
vt 0.974497 0.136657
vt 0.974390 0.136517
vt 0.974405 0.136508
vt 0.974420 0.136499
vt 0.974522 0.136631
vt 0.974654 0.136732
vt 0.974646 0.136748
vt 0.973766 0.136595
vt 0.973779 0.136608
vt 0.973639 0.136714
vt 0.973630 0.136698
vt 0.973754 0.136583
vt 0.973855 0.136450
vt 0.973870 0.136459
vt 0.973885 0.136468
vt 0.974339 0.136350
vt 0.974321 0.136355
vt 0.974355 0.136346
vt 0.973936 0.136301
vt 0.973953 0.136306
vt 0.973919 0.136297
vt 0.974791 0.136864
vt 0.974785 0.136886
vt 0.974608 0.136814
vt 0.974620 0.136793
vt 0.974473 0.136681
vt 0.974456 0.136697
vt 0.974339 0.136546
vt 0.974360 0.136534
vt 0.974377 0.136525
vt 0.974486 0.136668
vt 0.974288 0.136364
vt 0.974266 0.136369
vt 0.974306 0.136359
vt 0.974391 0.136336
vt 0.974452 0.136481
vt 0.974434 0.136492
vt 0.974371 0.136341
vt 0.974548 0.136605
vt 0.974673 0.136700
vt 0.974662 0.136719
vt 0.974533 0.136620
vt 0.974818 0.136762
vt 0.974812 0.136782
vt 0.973986 0.136315
vt 0.974009 0.136321
vt 0.973936 0.136497
vt 0.973915 0.136485
vt 0.973899 0.136476
vt 0.973968 0.136310
vt 0.973803 0.136632
vt 0.973819 0.136648
vt 0.973668 0.136765
vt 0.973656 0.136744
vt 0.973646 0.136727
vt 0.973790 0.136619
vt 0.973486 0.136815
vt 0.973491 0.136837
vt 0.973481 0.136797
vt 0.973458 0.136713
vt 0.973453 0.136693
vt 0.973592 0.136633
vt 0.973603 0.136651
vt 0.973727 0.136556
vt 0.973713 0.136541
vt 0.973805 0.136421
vt 0.973823 0.136432
vt 0.973841 0.136442
vt 0.973742 0.136571
vt 0.973883 0.136287
vt 0.973863 0.136282
vt 0.973904 0.136292
vt 0.970275 0.132468
vt 0.970293 0.132468
vt 0.970295 0.132565
vt 0.970277 0.132565
vt 0.970267 0.132565
vt 0.970265 0.132468
vt 0.975294 0.132484
vt 0.975265 0.132484
vt 0.975308 0.132484
vt 0.975308 0.132582
vt 0.975294 0.132582
vt 0.975264 0.132582
vt 0.970277 0.132663
vt 0.970296 0.132663
vt 0.970295 0.132760
vt 0.970277 0.132760
vt 0.970267 0.132760
vt 0.970268 0.132662
vt 0.975294 0.132679
vt 0.975264 0.132679
vt 0.975308 0.132679
vt 0.975308 0.132776
vt 0.975294 0.132776
vt 0.975264 0.132776
vt 0.970276 0.132858
vt 0.970294 0.132858
vt 0.970266 0.132858
vt 0.975294 0.132874
vt 0.975264 0.132874
vt 0.975308 0.132874
vt 0.974894 0.136476
vt 0.974882 0.136522
vt 0.974800 0.136482
vt 0.974821 0.136446
vt 0.974828 0.136432
vt 0.974899 0.136461
vt 0.973381 0.136428
vt 0.973377 0.136412
vt 0.973447 0.136384
vt 0.973454 0.136397
vt 0.974757 0.136397
vt 0.974723 0.136431
vt 0.974673 0.136354
vt 0.974709 0.136333
vt 0.974723 0.136326
vt 0.974768 0.136386
vt 0.973519 0.136348
vt 0.973508 0.136337
vt 0.973555 0.136277
vt 0.973568 0.136284
vt 0.974678 0.136259
vt 0.974633 0.136271
vt 0.974694 0.136255
vt 0.973600 0.136211
vt 0.973584 0.136207
vt 0.973373 0.136397
vt 0.973439 0.136370
vt 0.974903 0.136446
vt 0.974836 0.136419
vt 0.973497 0.136326
vt 0.973541 0.136269
vt 0.974779 0.136375
vt 0.974736 0.136318
vt 0.973569 0.136203
vt 0.974709 0.136251
vt 0.974861 0.136605
vt 0.974751 0.136566
vt 0.973450 0.136681
vt 0.973586 0.136623
vt 0.974662 0.136492
vt 0.974590 0.136401
vt 0.973705 0.136533
vt 0.973795 0.136416
vt 0.974550 0.136293
vt 0.973852 0.136279
vt 0.973748 0.136577
vt 0.973848 0.136446
vt 0.973785 0.136614
vt 0.973893 0.136472
vt 0.973643 0.136721
vt 0.973911 0.136294
vt 0.973962 0.136308
vt 0.974528 0.136626
vt 0.974427 0.136495
vt 0.974658 0.136725
vt 0.974491 0.136663
vt 0.974383 0.136521
vt 0.974363 0.136343
vt 0.974313 0.136357
vt 0.974779 0.136906
vt 0.974776 0.136917
vt 0.974592 0.136841
vt 0.974597 0.136832
vt 0.974442 0.136711
vt 0.974435 0.136719
vt 0.974312 0.136562
vt 0.974321 0.136557
vt 0.974247 0.136375
vt 0.974237 0.136377
vt 0.974028 0.136326
vt 0.974038 0.136328
vt 0.973963 0.136513
vt 0.973954 0.136508
vt 0.973833 0.136662
vt 0.973841 0.136670
vt 0.973684 0.136792
vt 0.973678 0.136783
vt 0.973497 0.136857
vt 0.973499 0.136867
vt 0.975326 0.132484
vt 0.973502 0.136878
vt 0.973689 0.136802
vt 0.975326 0.132582
vt 0.970252 0.132662
vt 0.970251 0.132760
vt 0.974427 0.136727
vt 0.974302 0.136568
vt 0.974585 0.136850
vt 0.970252 0.132565
vt 0.975325 0.132679
vt 0.973849 0.136678
vt 0.973973 0.136519
vt 0.975325 0.132776
vt 0.970250 0.132857
vt 0.974225 0.136380
vt 0.975325 0.132874
vt 0.974049 0.136331
vt 0.971201 0.132472
vt 0.971361 0.132472
vt 0.971356 0.132578
vt 0.971185 0.132572
vt 0.971075 0.132577
vt 0.971088 0.132471
vt 0.973546 0.132477
vt 0.973414 0.132477
vt 0.973664 0.132479
vt 0.973664 0.132586
vt 0.973544 0.132560
vt 0.973416 0.132581
vt 0.973419 0.132693
vt 0.973439 0.132770
vt 0.973397 0.132772
vt 0.973394 0.132676
vt 0.973453 0.132639
vt 0.973452 0.132669
vt 0.973415 0.132701
vt 0.973337 0.132809
vt 0.973505 0.132616
vt 0.973621 0.132636
vt 0.973629 0.132622
vt 0.973526 0.132656
vt 0.973660 0.132725
vt 0.973701 0.132697
vt 0.973750 0.132782
vt 0.973745 0.132791
vt 0.973904 0.132791
vt 0.973788 0.132672
vt 0.973734 0.132864
vt 0.973744 0.132869
vt 0.973668 0.132973
vt 0.973633 0.132947
vt 0.973665 0.132969
vt 0.973843 0.132902
vt 0.973492 0.132966
vt 0.973539 0.133002
vt 0.973417 0.132972
vt 0.973450 0.132941
vt 0.973393 0.132910
vt 0.973522 0.132944
vt 0.973416 0.132882
vt 0.973401 0.132875
vt 0.973344 0.132875
vt 0.971202 0.131952
vt 0.971216 0.131870
vt 0.971405 0.131932
vt 0.971162 0.132081
vt 0.971305 0.132098
vt 0.971209 0.131971
vt 0.970898 0.132073
vt 0.970911 0.131992
vt 0.969990 0.132026
vt 0.970996 0.131832
vt 0.970826 0.131862
vt 0.971151 0.131938
vt 0.971175 0.131937
vt 0.973602 0.131961
vt 0.973611 0.132024
vt 0.973555 0.132064
vt 0.973590 0.132028
vt 0.973446 0.131913
vt 0.973568 0.131926
vt 0.973582 0.131863
vt 0.973616 0.131879
vt 0.973572 0.131929
vt 0.973648 0.131964
vt 0.973329 0.131950
vt 0.973660 0.131970
vt 0.973571 0.132002
vt 0.971201 0.132807
vt 0.971165 0.132796
vt 0.971256 0.132782
vt 0.971158 0.132642
vt 0.971320 0.132772
vt 0.971209 0.132834
vt 0.971237 0.132892
vt 0.971201 0.132760
vt 0.970973 0.132946
vt 0.970880 0.132838
vt 0.969743 0.132846
vt 0.971028 0.132790
vt 0.970884 0.132625
vt 0.973599 0.132798
vt 0.973584 0.132855
vt 0.973453 0.132740
vt 0.973562 0.132743
vt 0.973563 0.132756
vt 0.973615 0.132738
vt 0.973571 0.132790
vt 0.973663 0.132807
vt 0.973314 0.132744
vt 0.973645 0.132811
vt 0.973586 0.132824
vt 0.973602 0.132888
vt 0.973526 0.132903
vt 0.971404 0.131999
vt 0.971359 0.131977
vt 0.971404 0.131961
vt 0.971438 0.131976
vt 0.971385 0.132061
vt 0.971446 0.132139
vt 0.971427 0.132106
vt 0.971491 0.132049
vt 0.971652 0.132014
vt 0.971359 0.131902
vt 0.971388 0.131772
vt 0.971353 0.131757
vt 0.971385 0.131895
vt 0.971514 0.131866
vt 0.971400 0.131723
vt 0.971197 0.131701
vt 0.971082 0.131821
vt 0.971129 0.131874
vt 0.971193 0.131686
vt 0.971153 0.131759
vt 0.971084 0.131825
vt 0.971141 0.131913
vt 0.971174 0.131978
vt 0.971446 0.131996
vt 0.971391 0.131929
vt 0.971093 0.131896
vt 0.971231 0.132015
vt 0.971123 0.131978
vt 0.971054 0.132032
vt 0.971060 0.132040
vt 0.971254 0.131886
vt 0.971016 0.131985
vt 0.971025 0.132040
vt 0.971152 0.132209
vt 0.971191 0.132255
vt 0.971155 0.132119
vt 0.973670 0.131997
vt 0.973611 0.131967
vt 0.973569 0.131967
vt 0.973633 0.131999
vt 0.973650 0.131984
vt 0.973681 0.131983
vt 0.973724 0.131982
vt 0.973712 0.131999
vt 0.973641 0.131963
vt 0.973563 0.132040
vt 0.973685 0.132118
vt 0.973692 0.132171
vt 0.973544 0.132053
vt 0.973616 0.132024
vt 0.973683 0.132098
vt 0.973820 0.132076
vt 0.973870 0.131974
vt 0.973909 0.131974
vt 0.973867 0.132102
vt 0.973795 0.132036
vt 0.973823 0.131966
vt 0.973850 0.131892
vt 0.973723 0.131804
vt 0.973724 0.131771
vt 0.973881 0.131871
vt 0.973810 0.131910
vt 0.973725 0.131837
vt 0.973573 0.131860
vt 0.973632 0.131930
vt 0.973587 0.131919
vt 0.973556 0.131841
vt 0.973631 0.131872
vt 0.973655 0.131941
vt 0.973676 0.131933
vt 0.973635 0.131928
vt 0.973709 0.131936
vt 0.971411 0.132751
vt 0.971432 0.132603
vt 0.971407 0.132656
vt 0.971427 0.132792
vt 0.971365 0.132797
vt 0.971359 0.132773
vt 0.971678 0.132815
vt 0.971516 0.132695
vt 0.971425 0.132580
vt 0.971186 0.132530
vt 0.971035 0.132710
vt 0.971102 0.132799
vt 0.971192 0.132519
vt 0.971153 0.132579
vt 0.971036 0.132681
vt 0.971114 0.132774
vt 0.971165 0.132766
vt 0.971432 0.132768
vt 0.971315 0.132757
vt 0.971066 0.132721
vt 0.971242 0.132788
vt 0.971143 0.132837
vt 0.971081 0.132921
vt 0.971106 0.132911
vt 0.971259 0.132826
vt 0.971037 0.132846
vt 0.971088 0.132945
vt 0.971148 0.133049
vt 0.971395 0.132981
vt 0.971328 0.132928
vt 0.971171 0.133103
vt 0.971194 0.132977
vt 0.971388 0.132957
vt 0.971355 0.132842
vt 0.971363 0.132860
vt 0.971486 0.132907
vt 0.973668 0.132773
vt 0.973678 0.132780
vt 0.973637 0.132779
vt 0.973637 0.132763
vt 0.973558 0.132782
vt 0.973610 0.132795
vt 0.973636 0.132805
vt 0.973705 0.132774
vt 0.973715 0.132777
vt 0.973673 0.132833
vt 0.973627 0.132833
vt 0.973589 0.132835
vt 0.973641 0.132835
vt 0.973718 0.132830
vt 0.973658 0.132825
vt 0.973575 0.132905
vt 0.973719 0.132960
vt 0.973731 0.133007
vt 0.973555 0.132918
vt 0.973622 0.132895
vt 0.973715 0.132944
vt 0.973847 0.132876
vt 0.973867 0.132790
vt 0.973911 0.132781
vt 0.973886 0.132891
vt 0.973810 0.132849
vt 0.973818 0.132789
vt 0.973818 0.132700
vt 0.973686 0.132643
vt 0.973683 0.132601
vt 0.973848 0.132664
vt 0.973790 0.132725
vt 0.973686 0.132676
vt 0.973555 0.132724
vt 0.973539 0.132705
vt 0.973610 0.132736
vt 0.971095 0.132800
vt 0.970767 0.132677
vt 0.970043 0.132720
vt 0.970677 0.133419
vt 0.971199 0.132877
vt 0.971326 0.132682
vt 0.971415 0.132639
vt 0.971364 0.132753
vt 0.970996 0.132727
vt 0.971222 0.132910
vt 0.970989 0.132670
vt 0.970453 0.132513
vt 0.971360 0.132872
vt 0.971351 0.132962
vt 0.971147 0.132969
vt 0.970973 0.132924
vt 0.971633 0.132509
vt 0.971205 0.133003
vt 0.971186 0.132960
vt 0.971060 0.132973
vt 0.970915 0.132864
vt 0.970664 0.132847
vt 0.971730 0.132915
vt 0.971947 0.132751
vt 0.970900 0.132917
vt 0.971022 0.132750
vt 0.970946 0.132725
vt 0.971067 0.132662
vt 0.971095 0.132738
vt 0.971220 0.132912
vt 0.971050 0.132676
vt 0.971158 0.132635
vt 0.971188 0.132630
vt 0.971374 0.132663
vt 0.971413 0.132564
vt 0.971908 0.132709
vt 0.971205 0.133124
vt 0.970565 0.133150
vt 0.971361 0.132865
vt 0.971148 0.132680
vt 0.970912 0.132719
vt 0.971190 0.132610
vt 0.971232 0.132814
vt 0.970869 0.132655
vt 0.970605 0.132770
vt 0.971892 0.132813
vt 0.972341 0.132689
vt 0.970877 0.132817
vt 0.970787 0.132963
vt 0.972006 0.132461
vt 0.971572 0.132592
vt 0.971131 0.132892
vt 0.971411 0.132950
vt 0.971169 0.133014
vt 0.971019 0.132609
vt 0.971498 0.132812
vt 0.970660 0.132576
vt 0.973679 0.132746
vt 0.973875 0.132809
vt 0.973654 0.132761
vt 0.973466 0.132751
vt 0.973496 0.132704
vt 0.973427 0.132780
vt 0.973680 0.132845
vt 0.973673 0.132879
vt 0.973495 0.132852
vt 0.973494 0.132879
vt 0.973627 0.132914
vt 0.973684 0.132893
vt 0.973532 0.132935
vt 0.973740 0.133021
vt 0.973690 0.132821
vt 0.973467 0.132745
vt 0.973946 0.132912
vt 0.973983 0.132748
vt 0.973706 0.132776
vt 0.973651 0.132764
vt 0.973837 0.132639
vt 0.973658 0.132586
vt 0.973612 0.132740
vt 0.973522 0.132669
vt 0.973684 0.132019
vt 0.973643 0.132009
vt 0.973913 0.131998
vt 0.973481 0.132082
vt 0.973459 0.131954
vt 0.973499 0.132016
vt 0.973613 0.132038
vt 0.973674 0.132053
vt 0.973527 0.132073
vt 0.973663 0.132147
vt 0.973703 0.131999
vt 0.973499 0.131940
vt 0.973858 0.132116
vt 0.973993 0.131962
vt 0.973696 0.131943
vt 0.973663 0.131916
vt 0.973929 0.131832
vt 0.973735 0.131739
vt 0.973627 0.131884
vt 0.973663 0.131908
vt 0.973523 0.131804
vt 0.973499 0.131868
vt 0.973682 0.131924
vt 0.973451 0.131905
vt 0.971424 0.131992
vt 0.972013 0.131727
vt 0.971415 0.132074
vt 0.970917 0.131575
vt 0.971267 0.131830
vt 0.970531 0.132183
vt 0.971452 0.131865
vt 0.971450 0.131710
vt 0.970894 0.132300
vt 0.971185 0.131858
vt 0.971162 0.131853
vt 0.970980 0.131806
vt 0.971273 0.131777
vt 0.971473 0.131985
vt 0.970821 0.131843
vt 0.970422 0.132182
vt 0.971989 0.132127
vt 0.972404 0.131928
vt 0.970912 0.132016
vt 0.970869 0.132221
vt 0.971454 0.131861
vt 0.971188 0.131953
vt 0.971141 0.132071
vt 0.971172 0.132176
vt 0.970251 0.132273
vt 0.970250 0.132370
vt 0.975177 0.136926
vt 0.974975 0.136953
vt 0.970251 0.132468
vt 0.974772 0.136926
vt 0.975139 0.136790
vt 0.975141 0.136798
vt 0.974975 0.136820
vt 0.974975 0.136812
vt 0.974810 0.136790
vt 0.974808 0.136798
vt 0.975145 0.136814
vt 0.974975 0.136836
vt 0.974804 0.136815
vt 0.973132 0.136765
vt 0.973302 0.136786
vt 0.973302 0.136804
vt 0.973128 0.136782
vt 0.973472 0.136765
vt 0.973477 0.136782
vt 0.973126 0.136790
vt 0.973302 0.136812
vt 0.973479 0.136790
vt 0.973538 0.133075
vt 0.973662 0.133071
vt 0.973663 0.133170
vt 0.973546 0.133171
vt 0.973414 0.133170
vt 0.973412 0.133074
vt 0.973547 0.133268
vt 0.973416 0.133267
vt 0.973663 0.133268
vt 0.971198 0.133060
vt 0.971198 0.133161
vt 0.971088 0.133161
vt 0.971086 0.133063
vt 0.971358 0.133065
vt 0.971354 0.133162
vt 0.971198 0.133259
vt 0.971353 0.133260
vt 0.971089 0.133259
vt 0.973548 0.131687
vt 0.973417 0.131687
vt 0.973421 0.131591
vt 0.973552 0.131592
vt 0.973667 0.131593
vt 0.973667 0.131692
vt 0.973553 0.131495
vt 0.973669 0.131496
vt 0.973422 0.131494
vt 0.971198 0.131684
vt 0.971086 0.131682
vt 0.971093 0.131585
vt 0.971203 0.131587
vt 0.971359 0.131586
vt 0.971364 0.131682
vt 0.971203 0.131487
vt 0.971358 0.131488
vt 0.971095 0.131487
vt 0.971514 0.131293
vt 0.971514 0.131390
vt 0.971514 0.131195
vt 0.973282 0.131300
vt 0.973282 0.131202
vt 0.973281 0.131397
vt 0.971514 0.131488
vt 0.971515 0.131586
vt 0.973280 0.131494
vt 0.973279 0.131592
vt 0.971517 0.131683
vt 0.971518 0.131778
vt 0.973278 0.131689
vt 0.973278 0.131785
vt 0.971506 0.133456
vt 0.971506 0.133554
vt 0.971507 0.133358
vt 0.973274 0.133461
vt 0.973274 0.133363
vt 0.973274 0.133558
vt 0.971508 0.133260
vt 0.971510 0.133163
vt 0.973274 0.133266
vt 0.973274 0.133169
vt 0.971512 0.133065
vt 0.971515 0.132963
vt 0.973272 0.133072
vt 0.973273 0.132974
vt 0.971516 0.132277
vt 0.971515 0.132375
vt 0.971517 0.132175
vt 0.973273 0.132283
vt 0.973275 0.132186
vt 0.973275 0.132380
vt 0.971514 0.132079
vt 0.971519 0.131993
vt 0.973277 0.132087
vt 0.973283 0.131989
vt 0.971521 0.131878
vt 0.973257 0.131886
vt 0.971515 0.132472
vt 0.971516 0.132566
vt 0.973274 0.132477
vt 0.973274 0.132573
vt 0.971517 0.132663
vt 0.971510 0.132775
vt 0.973252 0.132672
vt 0.973280 0.132774
vt 0.971511 0.132866
vt 0.973279 0.132873
vt 0.973763 0.131300
vt 0.973763 0.131398
vt 0.973763 0.131202
vt 0.975212 0.131314
vt 0.975215 0.131217
vt 0.975209 0.131412
vt 0.973763 0.131496
vt 0.973763 0.131594
vt 0.975208 0.131509
vt 0.975206 0.131607
vt 0.973764 0.131694
vt 0.973769 0.131794
vt 0.975205 0.131704
vt 0.975204 0.131802
vt 0.973756 0.133464
vt 0.973756 0.133561
vt 0.973757 0.133366
vt 0.975205 0.133459
vt 0.975203 0.133361
vt 0.975208 0.133557
vt 0.973757 0.133267
vt 0.973758 0.133169
vt 0.975202 0.133264
vt 0.975201 0.133166
vt 0.973760 0.133070
vt 0.973765 0.132971
vt 0.975201 0.133069
vt 0.975200 0.132971
vt 0.973760 0.132283
vt 0.973760 0.132382
vt 0.973763 0.132185
vt 0.975202 0.132289
vt 0.975202 0.132192
vt 0.975201 0.132387
vt 0.973743 0.132082
vt 0.973796 0.131985
vt 0.975203 0.132094
vt 0.975203 0.131997
vt 0.973792 0.131893
vt 0.975204 0.131899
vt 0.973760 0.132481
vt 0.973762 0.132580
vt 0.975201 0.132484
vt 0.975201 0.132582
vt 0.973773 0.132681
vt 0.973794 0.132776
vt 0.975201 0.132679
vt 0.975200 0.132777
vt 0.973751 0.132870
vt 0.975200 0.132874
vt 0.971055 0.131289
vt 0.971055 0.131192
vt 0.971055 0.131388
vt 0.971054 0.131486
vt 0.971053 0.131584
vt 0.971051 0.131680
vt 0.971038 0.131791
vt 0.971048 0.133456
vt 0.971048 0.133358
vt 0.971047 0.133555
vt 0.971049 0.133260
vt 0.971047 0.133162
vt 0.971045 0.133066
vt 0.971037 0.132973
vt 0.971050 0.132276
vt 0.971043 0.132180
vt 0.971050 0.132373
vt 0.971073 0.132090
vt 0.971052 0.131976
vt 0.971050 0.131873
vt 0.971050 0.132470
vt 0.971040 0.132582
vt 0.971050 0.132658
vt 0.971056 0.132748
vt 0.971066 0.132873
vt 0.972702 0.215903
vt 0.973507 0.215584
vt 0.973582 0.215714
vt 0.972740 0.216044
vt 0.971846 0.216179
vt 0.971846 0.216029
vt 0.971846 0.215874
vt 0.972663 0.215757
vt 0.973430 0.215450
vt 0.972621 0.215600
vt 0.973345 0.215303
vt 0.971846 0.215705
vt 0.971846 0.215527
vt 0.972577 0.215435
vt 0.973257 0.215150
vt 0.972533 0.215270
vt 0.973168 0.214996
vt 0.971846 0.215350
vt 0.971846 0.215181
vt 0.972491 0.215113
vt 0.973084 0.214850
vt 0.972453 0.214971
vt 0.973009 0.214720
vt 0.971846 0.215031
vt 0.971846 0.214892
vt 0.972418 0.214840
vt 0.972939 0.214600
vt 0.972381 0.214701
vt 0.972871 0.214481
vt 0.971846 0.214755
vt 0.971846 0.214599
vt 0.972339 0.214546
vt 0.972793 0.214345
vt 0.972291 0.214366
vt 0.972702 0.214188
vt 0.971846 0.214417
vt 0.971847 0.214216
vt 0.972239 0.214170
vt 0.972601 0.214014
vt 0.972185 0.213968
vt 0.972498 0.213835
vt 0.971847 0.214009
vt 0.971847 0.213808
vt 0.972132 0.213773
vt 0.972397 0.213661
vt 0.972084 0.213595
vt 0.972306 0.213502
vt 0.971847 0.213626
vt 0.971847 0.213454
vt 0.972040 0.213427
vt 0.972220 0.213354
vt 0.970990 0.215902
vt 0.970952 0.216044
vt 0.970110 0.215714
vt 0.970185 0.215584
vt 0.970263 0.215449
vt 0.971029 0.215757
vt 0.971071 0.215599
vt 0.970347 0.215303
vt 0.970436 0.215149
vt 0.971115 0.215435
vt 0.971159 0.215270
vt 0.970525 0.214995
vt 0.970609 0.214849
vt 0.971201 0.215113
vt 0.971240 0.214971
vt 0.970684 0.214719
vt 0.970753 0.214599
vt 0.971275 0.214839
vt 0.971312 0.214701
vt 0.970822 0.214480
vt 0.970900 0.214345
vt 0.971354 0.214546
vt 0.971402 0.214366
vt 0.970991 0.214187
vt 0.971092 0.214014
vt 0.971454 0.214170
vt 0.971509 0.213968
vt 0.971195 0.213834
vt 0.971296 0.213660
vt 0.971561 0.213772
vt 0.971609 0.213594
vt 0.971387 0.213502
vt 0.971473 0.213354
vt 0.971654 0.213426
vt 0.969507 0.215046
vt 0.969403 0.215149
vt 0.968839 0.214442
vt 0.968969 0.214367
vt 0.969103 0.214290
vt 0.969613 0.214939
vt 0.969729 0.214824
vt 0.969250 0.214205
vt 0.969404 0.214116
vt 0.969849 0.214703
vt 0.969970 0.214583
vt 0.969558 0.214027
vt 0.969704 0.213943
vt 0.970085 0.214468
vt 0.970189 0.214364
vt 0.969834 0.213868
vt 0.969954 0.213799
vt 0.970285 0.214267
vt 0.970387 0.214166
vt 0.970073 0.213730
vt 0.970208 0.213652
vt 0.970500 0.214052
vt 0.970632 0.213921
vt 0.970366 0.213561
vt 0.970540 0.213461
vt 0.970775 0.213777
vt 0.970923 0.213630
vt 0.970719 0.213357
vt 0.970893 0.213257
vt 0.971067 0.213487
vt 0.971197 0.213356
vt 0.971052 0.213166
vt 0.971200 0.213080
vt 0.971320 0.213234
vt 0.968651 0.213562
vt 0.968509 0.213600
vt 0.968374 0.212706
vt 0.968524 0.212706
vt 0.968679 0.212706
vt 0.968796 0.213523
vt 0.968954 0.213481
vt 0.968849 0.212706
vt 0.969026 0.212706
vt 0.969118 0.213437
vt 0.969283 0.213393
vt 0.969204 0.212706
vt 0.969372 0.212706
vt 0.969440 0.213351
vt 0.969582 0.213313
vt 0.969523 0.212706
vt 0.969661 0.212706
vt 0.969714 0.213277
vt 0.969853 0.213240
vt 0.969799 0.212706
vt 0.969955 0.212706
vt 0.970008 0.213199
vt 0.970188 0.213151
vt 0.970137 0.212706
vt 0.970338 0.212706
vt 0.970384 0.213098
vt 0.970586 0.213044
vt 0.970545 0.212706
vt 0.970746 0.212707
vt 0.970782 0.212992
vt 0.970960 0.212944
vt 0.970929 0.212707
vt 0.971100 0.212707
vt 0.971128 0.212899
vt 0.968651 0.211849
vt 0.968510 0.211811
vt 0.968840 0.210970
vt 0.968970 0.211045
vt 0.969104 0.211122
vt 0.968797 0.211889
vt 0.968954 0.211931
vt 0.969251 0.211207
vt 0.969405 0.211296
vt 0.969119 0.211975
vt 0.969284 0.212019
vt 0.969558 0.211385
vt 0.969704 0.211469
vt 0.969441 0.212061
vt 0.969583 0.212100
vt 0.969834 0.211544
vt 0.969954 0.211614
vt 0.969714 0.212135
vt 0.969853 0.212172
vt 0.970073 0.211683
vt 0.970209 0.211761
vt 0.970008 0.212214
vt 0.970188 0.212262
vt 0.970366 0.211852
vt 0.970540 0.211952
vt 0.970384 0.212315
vt 0.970586 0.212369
vt 0.970719 0.212056
vt 0.970893 0.212156
vt 0.970782 0.212421
vt 0.970960 0.212469
vt 0.971052 0.212248
vt 0.971200 0.212333
vt 0.971128 0.212514
vt 0.969508 0.210367
vt 0.969405 0.210263
vt 0.970112 0.209699
vt 0.970187 0.209829
vt 0.970264 0.209963
vt 0.969615 0.210473
vt 0.969730 0.210589
vt 0.970349 0.210110
vt 0.970437 0.210264
vt 0.969850 0.210709
vt 0.969971 0.210830
vt 0.970526 0.210418
vt 0.970610 0.210564
vt 0.970086 0.210945
vt 0.970189 0.211049
vt 0.970685 0.210694
vt 0.970755 0.210814
vt 0.970286 0.211145
vt 0.970387 0.211247
vt 0.970823 0.210933
vt 0.970901 0.211068
vt 0.970501 0.211361
vt 0.970632 0.211492
vt 0.970992 0.211226
vt 0.971092 0.211400
vt 0.970776 0.211636
vt 0.970924 0.211784
vt 0.971196 0.211579
vt 0.971296 0.211753
vt 0.971067 0.211927
vt 0.971197 0.212057
vt 0.971388 0.211911
vt 0.971474 0.212060
vt 0.971321 0.212180
vt 0.970992 0.209511
vt 0.970954 0.209370
vt 0.971848 0.209235
vt 0.971848 0.209385
vt 0.971848 0.209540
vt 0.971031 0.209656
vt 0.971073 0.209814
vt 0.971848 0.209709
vt 0.971848 0.209887
vt 0.971117 0.209979
vt 0.971161 0.210144
vt 0.971848 0.210064
vt 0.971848 0.210233
vt 0.971203 0.210301
vt 0.971241 0.210442
vt 0.971848 0.210383
vt 0.971848 0.210522
vt 0.971276 0.210574
vt 0.971313 0.210713
vt 0.971848 0.210659
vt 0.971847 0.210815
vt 0.971354 0.210868
vt 0.971403 0.211047
vt 0.971847 0.210997
vt 0.971847 0.211198
vt 0.971455 0.211244
vt 0.971509 0.211446
vt 0.971847 0.211405
vt 0.971847 0.211606
vt 0.971562 0.211641
vt 0.971609 0.211819
vt 0.971847 0.211788
vt 0.971847 0.211960
vt 0.971654 0.211987
vt 0.972704 0.209511
vt 0.972742 0.209370
vt 0.973584 0.209700
vt 0.973509 0.209830
vt 0.973431 0.209965
vt 0.972665 0.209657
vt 0.972623 0.209815
vt 0.973347 0.210111
vt 0.973258 0.210265
vt 0.972579 0.209979
vt 0.972534 0.210144
vt 0.973169 0.210419
vt 0.973085 0.210565
vt 0.972493 0.210301
vt 0.972454 0.210443
vt 0.973010 0.210695
vt 0.972940 0.210815
vt 0.972419 0.210575
vt 0.972382 0.210713
vt 0.972872 0.210934
vt 0.972793 0.211069
vt 0.972340 0.210868
vt 0.972292 0.211048
vt 0.972702 0.211227
vt 0.972602 0.211400
vt 0.972239 0.211244
vt 0.972185 0.211446
vt 0.972498 0.211580
vt 0.972398 0.211754
vt 0.972133 0.211641
vt 0.972085 0.211819
vt 0.972306 0.211912
vt 0.972220 0.212060
vt 0.972040 0.211987
vt 0.974187 0.210368
vt 0.974290 0.210265
vt 0.974854 0.210971
vt 0.974724 0.211046
vt 0.974590 0.211124
vt 0.974080 0.210475
vt 0.973965 0.210590
vt 0.974444 0.211209
vt 0.974290 0.211297
vt 0.973844 0.210711
vt 0.973724 0.210831
vt 0.974136 0.211386
vt 0.973990 0.211470
vt 0.973609 0.210946
vt 0.973505 0.211050
vt 0.973860 0.211546
vt 0.973740 0.211615
vt 0.973409 0.211147
vt 0.973307 0.211248
vt 0.973621 0.211684
vt 0.973486 0.211762
vt 0.973193 0.211362
vt 0.973062 0.211493
vt 0.973328 0.211853
vt 0.973154 0.211953
vt 0.972918 0.211636
vt 0.972770 0.211784
vt 0.972974 0.212056
vt 0.972800 0.212157
vt 0.972627 0.211927
vt 0.972496 0.212058
vt 0.972642 0.212248
vt 0.972493 0.212334
vt 0.972373 0.212180
vt 0.975043 0.211851
vt 0.975184 0.211813
vt 0.975319 0.212708
vt 0.975169 0.212708
vt 0.975014 0.212708
vt 0.974897 0.211890
vt 0.974740 0.211932
vt 0.974845 0.212708
vt 0.974667 0.212707
vt 0.974575 0.211977
vt 0.974410 0.212021
vt 0.974490 0.212707
vt 0.974321 0.212707
vt 0.974253 0.212063
vt 0.974111 0.212101
vt 0.974171 0.212707
vt 0.974032 0.212707
vt 0.973980 0.212136
vt 0.973841 0.212173
vt 0.973895 0.212707
vt 0.973739 0.212707
vt 0.973686 0.212215
vt 0.973506 0.212263
vt 0.973556 0.212707
vt 0.973356 0.212707
vt 0.973310 0.212315
vt 0.973108 0.212369
vt 0.973149 0.212707
vt 0.972948 0.212707
vt 0.972912 0.212422
vt 0.972734 0.212469
vt 0.972765 0.212707
vt 0.972593 0.212707
vt 0.972566 0.212514
vt 0.975043 0.213564
vt 0.975184 0.213602
vt 0.974854 0.214444
vt 0.974724 0.214369
vt 0.974590 0.214291
vt 0.974897 0.213525
vt 0.974739 0.213483
vt 0.974443 0.214206
vt 0.974289 0.214118
vt 0.974575 0.213438
vt 0.974410 0.213394
vt 0.974135 0.214029
vt 0.973990 0.213944
vt 0.974253 0.213352
vt 0.974111 0.213314
vt 0.973859 0.213869
vt 0.973739 0.213800
vt 0.973979 0.213279
vt 0.973841 0.213241
vt 0.973620 0.213731
vt 0.973485 0.213653
vt 0.973686 0.213200
vt 0.973506 0.213152
vt 0.973327 0.213562
vt 0.973154 0.213462
vt 0.973310 0.213099
vt 0.973108 0.213045
vt 0.972974 0.213358
vt 0.972800 0.213258
vt 0.972912 0.212993
vt 0.972734 0.212945
vt 0.972642 0.213166
vt 0.972493 0.213081
vt 0.972566 0.212900
vt 0.974186 0.215047
vt 0.974289 0.215150
vt 0.974079 0.214940
vt 0.973964 0.214825
vt 0.973844 0.214704
vt 0.973723 0.214584
vt 0.973608 0.214468
vt 0.973504 0.214365
vt 0.973408 0.214268
vt 0.973306 0.214167
vt 0.973193 0.214053
vt 0.973062 0.213922
vt 0.972918 0.213778
vt 0.972770 0.213630
vt 0.972627 0.213487
vt 0.972496 0.213357
vt 0.972373 0.213234
vt 0.979679 0.215064
vt 0.979072 0.215123
vt 0.979072 0.214985
vt 0.979643 0.214932
vt 0.980165 0.214693
vt 0.980234 0.214813
vt 0.980309 0.214943
vt 0.979716 0.215206
vt 0.979072 0.215274
vt 0.979758 0.215363
vt 0.979071 0.215442
vt 0.980393 0.215089
vt 0.980482 0.215243
vt 0.979802 0.215528
vt 0.979071 0.215620
vt 0.979846 0.215692
vt 0.979071 0.215797
vt 0.980571 0.215397
vt 0.980655 0.215543
vt 0.979888 0.215850
vt 0.979071 0.215966
vt 0.979927 0.215996
vt 0.979071 0.216122
vt 0.980732 0.215678
vt 0.980807 0.215808
vt 0.979965 0.216137
vt 0.979071 0.216271
vt 0.979311 0.213687
vt 0.979073 0.213718
vt 0.979073 0.213546
vt 0.979266 0.213519
vt 0.979446 0.213447
vt 0.979532 0.213595
vt 0.979623 0.213753
vt 0.979358 0.213865
vt 0.979073 0.213901
vt 0.979410 0.214061
vt 0.979072 0.214102
vt 0.979724 0.213927
vt 0.979827 0.214107
vt 0.979464 0.214263
vt 0.979072 0.214309
vt 0.979517 0.214459
vt 0.979072 0.214509
vt 0.979927 0.214281
vt 0.980018 0.214438
vt 0.979565 0.214638
vt 0.979072 0.214691
vt 0.979606 0.214794
vt 0.979072 0.214847
vt 0.980096 0.214574
vt 0.980730 0.214458
vt 0.980634 0.214361
vt 0.980965 0.213893
vt 0.981085 0.213962
vt 0.981215 0.214038
vt 0.980834 0.214562
vt 0.980949 0.214677
vt 0.981361 0.214122
vt 0.981515 0.214211
vt 0.981069 0.214798
vt 0.981189 0.214918
vt 0.981669 0.214300
vt 0.981815 0.214385
vt 0.981305 0.215034
vt 0.981411 0.215141
vt 0.981949 0.214463
vt 0.982079 0.214538
vt 0.981515 0.215244
vt 0.979722 0.213450
vt 0.979599 0.213327
vt 0.979720 0.213173
vt 0.979868 0.213259
vt 0.980026 0.213350
vt 0.979853 0.213580
vt 0.979996 0.213723
vt 0.980200 0.213451
vt 0.980380 0.213555
vt 0.980144 0.213871
vt 0.980287 0.214015
vt 0.980553 0.213655
vt 0.980711 0.213746
vt 0.980419 0.214146
vt 0.980532 0.214260
vt 0.980846 0.213824
vt 0.981337 0.213407
vt 0.981206 0.213372
vt 0.981259 0.212801
vt 0.981397 0.212801
vt 0.981548 0.212801
vt 0.981479 0.213446
vt 0.981636 0.213488
vt 0.981716 0.212801
vt 0.981894 0.212801
vt 0.981801 0.213532
vt 0.981966 0.213576
vt 0.982071 0.212801
vt 0.982241 0.212802
vt 0.982123 0.213619
vt 0.982269 0.213658
vt 0.982396 0.212802
vt 0.982546 0.212802
vt 0.982410 0.213696
vt 0.979960 0.213038
vt 0.979792 0.212993
vt 0.979820 0.212800
vt 0.979991 0.212800
vt 0.980174 0.212800
vt 0.980138 0.213086
vt 0.980334 0.213138
vt 0.980375 0.212800
vt 0.980582 0.212800
vt 0.980536 0.213192
vt 0.980732 0.213245
vt 0.980783 0.212801
vt 0.980965 0.212801
vt 0.980912 0.213293
vt 0.981067 0.213335
vt 0.981121 0.212801
vt 0.981338 0.212194
vt 0.981206 0.212230
vt 0.980967 0.211708
vt 0.981087 0.211639
vt 0.981217 0.211564
vt 0.981480 0.212156
vt 0.981637 0.212114
vt 0.981363 0.211480
vt 0.981517 0.211391
vt 0.981802 0.212070
vt 0.981966 0.212026
vt 0.981671 0.211302
vt 0.981817 0.211218
vt 0.982124 0.211984
vt 0.982270 0.211945
vt 0.981952 0.211140
vt 0.982082 0.211065
vt 0.982411 0.211907
vt 0.979960 0.212562
vt 0.979792 0.212607
vt 0.979720 0.212426
vt 0.979869 0.212341
vt 0.980027 0.212250
vt 0.980139 0.212515
vt 0.980334 0.212462
vt 0.980201 0.212149
vt 0.980381 0.212046
vt 0.980536 0.212409
vt 0.980733 0.212356
vt 0.980555 0.211946
vt 0.980712 0.211855
vt 0.980912 0.212308
vt 0.981067 0.212267
vt 0.980848 0.211777
vt 0.980732 0.211143
vt 0.980636 0.211240
vt 0.980168 0.210908
vt 0.980237 0.210788
vt 0.980312 0.210658
vt 0.980836 0.211039
vt 0.980951 0.210925
vt 0.980396 0.210512
vt 0.980485 0.210358
vt 0.981072 0.210804
vt 0.981192 0.210683
vt 0.980574 0.210204
vt 0.980659 0.210058
vt 0.981308 0.210568
vt 0.981414 0.210461
vt 0.980736 0.209923
vt 0.980811 0.209794
vt 0.981518 0.210358
vt 0.979723 0.212150
vt 0.979600 0.212273
vt 0.979447 0.212153
vt 0.979533 0.212004
vt 0.979625 0.211846
vt 0.979854 0.212020
vt 0.979997 0.211877
vt 0.979725 0.211672
vt 0.979829 0.211493
vt 0.980145 0.211729
vt 0.980289 0.211586
vt 0.979929 0.211319
vt 0.980021 0.211162
vt 0.980420 0.211455
vt 0.980534 0.211341
vt 0.980099 0.211027
vt 0.979682 0.210536
vt 0.979646 0.210667
vt 0.979075 0.210614
vt 0.979075 0.210476
vt 0.979075 0.210325
vt 0.979720 0.210394
vt 0.979762 0.210237
vt 0.979075 0.210157
vt 0.979075 0.209979
vt 0.979806 0.210072
vt 0.979850 0.209907
vt 0.979075 0.209802
vt 0.979076 0.209632
vt 0.979893 0.209750
vt 0.979932 0.209604
vt 0.979076 0.209477
vt 0.979076 0.209327
vt 0.979970 0.209463
vt 0.979312 0.211912
vt 0.979266 0.212080
vt 0.979074 0.212052
vt 0.979074 0.211881
vt 0.979074 0.211698
vt 0.979360 0.211734
vt 0.979412 0.211538
vt 0.979074 0.211497
vt 0.979074 0.211290
vt 0.979466 0.211337
vt 0.979519 0.211140
vt 0.979074 0.211090
vt 0.979075 0.210907
vt 0.979567 0.210961
vt 0.979609 0.210806
vt 0.979075 0.210751
vt 0.978468 0.210535
vt 0.978503 0.210666
vt 0.977982 0.210906
vt 0.977912 0.210786
vt 0.977837 0.210656
vt 0.978430 0.210393
vt 0.978388 0.210236
vt 0.977753 0.210510
vt 0.977665 0.210356
vt 0.978344 0.210071
vt 0.978300 0.209906
vt 0.977576 0.210202
vt 0.977492 0.210055
vt 0.978258 0.209749
vt 0.978219 0.209603
vt 0.977414 0.209921
vt 0.977339 0.209791
vt 0.978182 0.209462
vt 0.978836 0.211912
vt 0.978881 0.212079
vt 0.978700 0.212152
vt 0.978615 0.212004
vt 0.978523 0.211845
vt 0.978788 0.211733
vt 0.978736 0.211538
vt 0.978423 0.211671
vt 0.978319 0.211492
vt 0.978682 0.211336
vt 0.978630 0.211140
vt 0.978219 0.211318
vt 0.978128 0.211160
vt 0.978582 0.210960
vt 0.978540 0.210805
vt 0.978050 0.211025
vt 0.977417 0.211141
vt 0.977513 0.211237
vt 0.977181 0.211706
vt 0.977061 0.211636
vt 0.976931 0.211561
vt 0.977313 0.211037
vt 0.977198 0.210922
vt 0.976785 0.211477
vt 0.976632 0.211387
vt 0.977078 0.210801
vt 0.976957 0.210680
vt 0.976478 0.211298
vt 0.976331 0.211214
vt 0.976842 0.210565
vt 0.976735 0.210458
vt 0.976197 0.211136
vt 0.976067 0.211061
vt 0.976632 0.210355
vt 0.978424 0.212149
vt 0.978547 0.212272
vt 0.978427 0.212425
vt 0.978279 0.212340
vt 0.978120 0.212248
vt 0.978294 0.212019
vt 0.978151 0.211876
vt 0.977946 0.212148
vt 0.977767 0.212044
vt 0.978003 0.211728
vt 0.977859 0.211584
vt 0.977593 0.211944
vt 0.977435 0.211853
vt 0.977728 0.211453
vt 0.977614 0.211339
vt 0.977300 0.211774
vt 0.976809 0.212191
vt 0.976941 0.212227
vt 0.976888 0.212798
vt 0.976749 0.212798
vt 0.976599 0.212798
vt 0.976667 0.212153
vt 0.976510 0.212111
vt 0.976430 0.212797
vt 0.976253 0.212797
vt 0.976346 0.212066
vt 0.976181 0.212022
vt 0.976075 0.212797
vt 0.975906 0.212797
vt 0.976023 0.211980
vt 0.975878 0.211941
vt 0.975751 0.212797
vt 0.975601 0.212797
vt 0.975737 0.211903
vt 0.978186 0.212561
vt 0.978354 0.212606
vt 0.978327 0.212799
vt 0.978155 0.212799
vt 0.977972 0.212799
vt 0.978008 0.212513
vt 0.977813 0.212461
vt 0.977772 0.212798
vt 0.977564 0.212798
vt 0.977611 0.212406
vt 0.977414 0.212354
vt 0.977364 0.212798
vt 0.977181 0.212798
vt 0.977235 0.212306
vt 0.977080 0.212264
vt 0.977025 0.212798
vt 0.976808 0.213404
vt 0.976940 0.213369
vt 0.977180 0.213891
vt 0.977060 0.213960
vt 0.976929 0.214035
vt 0.976667 0.213442
vt 0.976510 0.213484
vt 0.976784 0.214119
vt 0.976630 0.214208
vt 0.976345 0.213528
vt 0.976180 0.213572
vt 0.976476 0.214297
vt 0.976329 0.214381
vt 0.976022 0.213615
vt 0.975877 0.213654
vt 0.976195 0.214459
vt 0.976065 0.214534
vt 0.975735 0.213691
vt 0.978186 0.213036
vt 0.978354 0.212992
vt 0.978426 0.213173
vt 0.978278 0.213258
vt 0.978119 0.213349
vt 0.978008 0.213084
vt 0.977812 0.213136
vt 0.977945 0.213449
vt 0.977766 0.213553
vt 0.977610 0.213190
vt 0.977414 0.213243
vt 0.977592 0.213653
vt 0.977434 0.213744
vt 0.977234 0.213291
vt 0.977079 0.213332
vt 0.977299 0.213822
vt 0.977414 0.214456
vt 0.977511 0.214359
vt 0.977979 0.214691
vt 0.977910 0.214811
vt 0.977834 0.214941
vt 0.977310 0.214559
vt 0.977195 0.214674
vt 0.977750 0.215087
vt 0.977661 0.215241
vt 0.977075 0.214795
vt 0.976954 0.214915
vt 0.977572 0.215395
vt 0.977488 0.215541
vt 0.976839 0.215031
vt 0.976732 0.215137
vt 0.977410 0.215675
vt 0.977335 0.215805
vt 0.976629 0.215241
vt 0.978423 0.213449
vt 0.978547 0.213326
vt 0.978699 0.213446
vt 0.978614 0.213595
vt 0.978522 0.213753
vt 0.978293 0.213579
vt 0.978149 0.213722
vt 0.978421 0.213927
vt 0.978318 0.214106
vt 0.978001 0.213869
vt 0.977858 0.214013
vt 0.978217 0.214279
vt 0.978126 0.214437
vt 0.977726 0.214144
vt 0.977612 0.214258
vt 0.978048 0.214572
vt 0.978465 0.215063
vt 0.978500 0.214931
vt 0.978427 0.215205
vt 0.978385 0.215362
vt 0.978340 0.215527
vt 0.978296 0.215691
vt 0.978254 0.215849
vt 0.978215 0.215994
vt 0.978177 0.216136
vt 0.978835 0.213687
vt 0.978880 0.213519
vt 0.978787 0.213865
vt 0.978734 0.214060
vt 0.978680 0.214262
vt 0.978627 0.214458
vt 0.978579 0.214638
vt 0.978537 0.214793
vn 0.0000 -0.9248 -0.3806
vn -0.0000 -0.9911 -0.1328
vn 0.0000 -0.6106 -0.7920
vn -0.0000 -0.7920 -0.6106
vn 0.0000 -0.1328 -0.9911
vn 0.0000 -0.3806 -0.9248
vn 0.0004 -0.9247 -0.3808
vn 0.0001 -0.9252 -0.3796
vn 0.0000 -0.9247 -0.3806
vn 0.0002 -0.9912 -0.1324
vn 0.0020 -0.9910 -0.1336
vn 0.6979 -0.7099 -0.0947
vn 0.6973 -0.7103 -0.0966
vn 0.7008 -0.7068 -0.0964
vn 0.6988 -0.7093 -0.0924
vn 0.7045 -0.6563 -0.2699
vn 0.7062 -0.6544 -0.2702
vn 0.7047 -0.6572 -0.2673
vn 0.7039 -0.6571 -0.2697
vn 0.0001 -0.6103 -0.7922
vn 0.0010 -0.7919 -0.6106
vn 0.7102 -0.5576 -0.4296
vn 0.7101 -0.5570 -0.4306
vn 0.7118 -0.5562 -0.4288
vn 0.7103 -0.5585 -0.4284
vn 0.7114 -0.4290 -0.5567
vn 0.7127 -0.4281 -0.5557
vn 0.7116 -0.4290 -0.5564
vn 0.7116 -0.2674 -0.6497
vn 0.7116 -0.0933 -0.6963
vn -0.0013 -0.9910 -0.1340
vn -0.0005 -0.9251 -0.3798
vn -0.0009 -0.7916 -0.6110
vn 0.0001 -0.9911 -0.1331
vn -0.9118 -0.4067 -0.0564
vn -0.9120 -0.4063 -0.0565
vn -0.9112 -0.4077 -0.0596
vn -0.9113 -0.4077 -0.0566
vn -0.9129 -0.3763 -0.1579
vn -0.9129 -0.3759 -0.1590
vn -0.9124 -0.3780 -0.1570
vn -0.9131 -0.3762 -0.1575
vn 0.0004 -0.9912 -0.1325
vn 0.0018 -0.9910 -0.1335
vn -0.9441 -0.3277 -0.0373
vn -0.9442 -0.3270 -0.0392
vn -0.9439 -0.3281 -0.0377
vn -0.9438 -0.3285 -0.0374
vn -0.9405 -0.3177 -0.1208
vn -0.9402 -0.3180 -0.1216
vn -0.9403 -0.3182 -0.1205
vn -0.9406 -0.3175 -0.1200
vn 0.0003 -0.9251 -0.3798
vn -0.0000 -0.3806 -0.9247
vn -0.9942 0.1032 0.0307
vn -0.9943 0.1023 0.0298
vn -0.9944 0.1012 0.0312
vn -0.9942 0.1019 0.0350
vn -0.9975 -0.0631 -0.0331
vn -0.9973 -0.0664 -0.0319
vn -0.9976 -0.0618 -0.0300
vn -0.9976 -0.0616 -0.0315
vn -0.9958 -0.0908 -0.0150
vn -0.9959 -0.0896 -0.0146
vn -0.9961 -0.0863 -0.0170
vn -0.9955 -0.0918 -0.0224
vn -0.9955 0.0946 0.0072
vn -0.9949 0.1004 0.0032
vn -0.9956 0.0939 0.0059
vn -0.9957 0.0924 0.0056
vn -0.9929 0.0730 0.0944
vn -0.9930 0.0722 0.0936
vn -0.9988 -0.0291 -0.0398
vn -0.9988 -0.0301 -0.0390
vn -0.9988 -0.0294 -0.0395
vn -0.9985 -0.0421 -0.0350
vn -0.9986 -0.0403 -0.0332
vn -0.9986 -0.0393 -0.0347
vn -0.9985 -0.0405 -0.0378
vn -0.9933 0.0931 0.0689
vn -0.9929 0.0973 0.0685
vn -0.9933 0.0938 0.0676
vn -0.9933 0.0937 0.0681
vn -0.9930 0.0157 0.1171
vn -0.9988 -0.0065 -0.0488
vn -0.9988 -0.0187 -0.0455
vn -0.9930 0.0450 0.1093
vn 0.9940 -0.0145 -0.1081
vn 0.9940 -0.0415 -0.1008
vn 0.9991 -0.0158 -0.0384
vn 0.9991 -0.0055 -0.0411
vn 0.9941 -0.0655 -0.0867
vn 0.9940 -0.0666 -0.0863
vn 0.9940 -0.0654 -0.0874
vn 0.9937 -0.0897 -0.0667
vn 0.9934 -0.0915 -0.0688
vn 0.9936 -0.0889 -0.0696
vn 0.9937 -0.0873 -0.0700
vn 0.9989 -0.0389 -0.0246
vn 0.9988 -0.0403 -0.0280
vn 0.9990 -0.0358 -0.0268
vn 0.9990 -0.0387 -0.0242
vn 0.9991 -0.0259 -0.0340
vn 0.9992 -0.0243 -0.0318
vn 0.9991 -0.0253 -0.0329
vn 0.9919 -0.1186 -0.0447
vn 0.9922 -0.1176 -0.0420
vn 0.9915 -0.1221 -0.0458
vn 0.9916 -0.1207 -0.0471
vn 0.9892 -0.1459 -0.0150
vn 0.9888 -0.1485 -0.0157
vn 0.9888 -0.1475 -0.0210
vn 0.9900 -0.1396 -0.0193
vn 0.9966 -0.0817 -0.0045
vn 0.9965 -0.0826 -0.0112
vn 0.9971 -0.0760 -0.0063
vn 0.9968 -0.0795 -0.0032
vn 0.9981 -0.0597 -0.0161
vn 0.9982 -0.0585 -0.0152
vn 0.9982 -0.0580 -0.0128
vn 0.9980 -0.0622 -0.0118
vn 0.9930 0.0450 0.1093
vn 0.9988 -0.0188 -0.0456
vn 0.9988 -0.0065 -0.0488
vn 0.9930 0.0157 0.1171
vn 0.9929 0.0944 0.0727
vn 0.9929 0.0944 0.0724
vn 0.9928 0.0952 0.0725
vn 0.9988 -0.0380 -0.0300
vn 0.9988 -0.0379 -0.0307
vn 0.9988 -0.0374 -0.0300
vn 0.9988 -0.0301 -0.0390
vn 0.9930 0.0722 0.0936
vn 0.9920 0.1250 0.0161
vn 0.9921 0.1245 0.0156
vn 0.9920 0.1257 0.0148
vn 0.9992 -0.0402 -0.0066
vn 0.9991 -0.0416 -0.0072
vn 0.9990 -0.0412 -0.0190
vn 0.9990 -0.0409 -0.0188
vn 0.9990 -0.0408 -0.0183
vn 0.9925 0.1133 0.0456
vn 0.9925 0.1133 0.0463
vn -0.9808 -0.1938 -0.0222
vn -0.9814 -0.1901 -0.0273
vn -0.9802 -0.1960 -0.0270
vn -0.9804 -0.1957 -0.0209
vn -0.9842 -0.1649 -0.0644
vn -0.9837 -0.1680 -0.0647
vn -0.9838 -0.1679 -0.0629
vn -0.9843 -0.1660 -0.0603
vn -0.9982 -0.0573 -0.0148
vn -0.9981 -0.0597 -0.0139
vn -0.9983 -0.0560 -0.0133
vn -0.9984 -0.0555 -0.0138
vn -0.9972 -0.0744 -0.0028
vn -0.9973 -0.0731 -0.0028
vn -0.9973 -0.0731 -0.0045
vn -0.9970 -0.0775 -0.0087
vn -0.9867 -0.1302 -0.0971
vn -0.9871 -0.1266 -0.0978
vn -0.9864 -0.1302 -0.1002
vn -0.9865 -0.1313 -0.0980
vn -0.9874 -0.0961 -0.1255
vn -0.9871 -0.0971 -0.1273
vn -0.9873 -0.0971 -0.1259
vn -0.9991 -0.0248 -0.0338
vn -0.9991 -0.0254 -0.0329
vn -0.9989 -0.0383 -0.0254
vn -0.9990 -0.0372 -0.0250
vn -0.9990 -0.0367 -0.0253
vn -0.9989 -0.0365 -0.0282
vn -0.9873 -0.0605 -0.1471
vn -0.9873 -0.0211 -0.1576
vn -0.9991 -0.0055 -0.0412
vn -0.9991 -0.0158 -0.0384
vn 0.0569 -0.9256 -0.3741
vn 0.0610 -0.9255 -0.3739
vn 0.0643 -0.9277 -0.3677
vn 0.0554 -0.9318 -0.3586
vn 0.3492 -0.8699 -0.3484
vn 0.3580 -0.8700 -0.3390
vn 0.3434 -0.8753 -0.3405
vn 0.3435 -0.8718 -0.3493
vn 0.4319 -0.8953 -0.1092
vn 0.4253 -0.8983 -0.1104
vn 0.4215 -0.8988 -0.1207
vn 0.4375 -0.8886 -0.1377
vn 0.1243 -0.9846 -0.1228
vn 0.1029 -0.9853 -0.1360
vn 0.1314 -0.9820 -0.1353
vn 0.1308 -0.9835 -0.1253
vn -0.1873 -0.9736 -0.1304
vn -0.1873 -0.9084 -0.3738
vn -0.0000 -0.6068 -0.7948
vn 0.0026 -0.6098 -0.7926
vn 0.2738 -0.5871 -0.7618
vn 0.2693 -0.5880 -0.7627
vn 0.2691 -0.5856 -0.7646
vn 0.2828 -0.7648 -0.5789
vn 0.2797 -0.7627 -0.5832
vn 0.2772 -0.7617 -0.5856
vn 0.2874 -0.7527 -0.5923
vn 0.0056 -0.7939 -0.6081
vn -0.0028 -0.7909 -0.6120
vn 0.0138 -0.7913 -0.6113
vn 0.0114 -0.7954 -0.6060
vn -0.1873 -0.7779 -0.5998
vn -0.1873 -0.5998 -0.7779
vn 0.2693 -0.1279 -0.9545
vn 0.2693 -0.3665 -0.8906
vn -0.1873 -0.3738 -0.9084
vn -0.1873 -0.1304 -0.9736
vn 0.3139 -0.8780 -0.3613
vn 0.3139 -0.9411 -0.1261
vn -0.3139 -0.9411 -0.1261
vn -0.3139 -0.8780 -0.3613
vn 0.3139 -0.5797 -0.7519
vn 0.3139 -0.7519 -0.5797
vn -0.3139 -0.7519 -0.5797
vn -0.3139 -0.5797 -0.7519
vn 0.3139 -0.1261 -0.9411
vn 0.3139 -0.3613 -0.8780
vn -0.3139 -0.3613 -0.8780
vn -0.3139 -0.1261 -0.9411
vn -0.9479 -0.2946 -0.1213
vn -0.9479 -0.3158 -0.0423
vn 0.9479 -0.3158 -0.0423
vn 0.9479 -0.2946 -0.1213
vn -0.9479 -0.1945 -0.2523
vn -0.9479 -0.2523 -0.1945
vn 0.9479 -0.2523 -0.1945
vn 0.9479 -0.1945 -0.2523
vn -0.9479 -0.0423 -0.3158
vn -0.9479 -0.1213 -0.2946
vn 0.9479 -0.1212 -0.2946
vn 0.9479 -0.0423 -0.3158
vn -0.0002 -0.9249 -0.3803
vn -0.5627 -0.7647 -0.3141
vn -0.5620 -0.7653 -0.3139
vn -0.5638 -0.7645 -0.3124
vn -0.5631 -0.7635 -0.3162
vn -0.5576 -0.8228 -0.1099
vn -0.5595 -0.8216 -0.1090
vn -0.5606 -0.8206 -0.1114
vn -0.5572 -0.8229 -0.1109
vn -0.0012 -0.9911 -0.1333
vn -0.5678 -0.5026 -0.6519
vn -0.5685 -0.5015 -0.6522
vn -0.5668 -0.6526 -0.5029
vn -0.5677 -0.6527 -0.5017
vn -0.5679 -0.6510 -0.5036
vn -0.5665 -0.6523 -0.5035
vn -0.0004 -0.7918 -0.6107
vn -0.5678 -0.1093 -0.8159
vn -0.5678 -0.3133 -0.7612
vn 0.0008 -0.7918 -0.6108
vn -0.9374 -0.2776 -0.2101
vn -0.9375 -0.2769 -0.2106
vn -0.9367 -0.2138 -0.2773
vn 0.9140 -0.2476 -0.3212
vn 0.9139 -0.2476 -0.3215
vn 0.9141 -0.3208 -0.2482
vn 0.9139 -0.3207 -0.2487
vn -0.9367 -0.1333 -0.3238
vn -0.9367 -0.0465 -0.3471
vn 0.9140 -0.0539 -0.4020
vn 0.9140 -0.1544 -0.3751
vn 0.9367 -0.2138 -0.2773
vn 0.9367 -0.2129 -0.2781
vn 0.9356 -0.2821 -0.2123
vn 0.9350 -0.2830 -0.2136
vn 0.9346 -0.2837 -0.2145
vn 0.9356 -0.2814 -0.2132
vn -0.0003 -0.7922 -0.6103
vn -0.0009 -0.7918 -0.6108
vn 0.0002 -0.7918 -0.6107
vn -0.9138 -0.3211 -0.2487
vn -0.9132 -0.3215 -0.2503
vn -0.9138 -0.3217 -0.2479
vn -0.9140 -0.2477 -0.3212
vn -0.9137 -0.2482 -0.3218
vn 0.9367 -0.0465 -0.3471
vn 0.9367 -0.1333 -0.3238
vn -0.9140 -0.1544 -0.3751
vn -0.9140 -0.0539 -0.4020
vn -0.8942 0.4443 0.0551
vn -0.8930 0.4467 0.0552
vn -0.8930 0.4468 0.0537
vn -0.8972 0.4387 0.0500
vn -0.8523 0.5185 0.0691
vn -0.8514 0.5214 0.0575
vn -0.8726 0.4857 0.0511
vn -0.8543 0.5152 0.0687
vn -0.8730 0.4534 0.1799
vn -0.8754 0.4493 0.1784
vn -0.8826 0.4369 0.1738
vn -0.8716 0.4540 0.1851
vn -0.9006 0.4063 0.1547
vn -0.9008 0.4030 0.1618
vn -0.8996 0.4070 0.1582
vn -0.8990 0.4084 0.1579
vn -0.9063 0.3367 0.2555
vn -0.9051 0.3386 0.2572
vn -0.9048 0.3394 0.2572
vn -0.9075 0.3356 0.2528
vn -0.8924 0.3566 0.2767
vn -0.8915 0.3630 0.2712
vn -0.8925 0.3683 0.2602
vn -0.8961 0.3528 0.2695
vn -0.8961 0.2713 0.3512
vn -0.8974 0.2758 0.3443
vn -0.8973 0.2695 0.3495
vn -0.9065 0.2600 0.3327
vn -0.9064 0.2579 0.3345
vn -0.9064 0.1607 0.3906
vn -0.8973 0.1680 0.4081
vn -0.8973 0.0586 0.4374
vn -0.9064 0.0561 0.4186
vn 0.9064 0.0561 0.4186
vn 0.8973 0.0586 0.4375
vn 0.8973 0.1680 0.4081
vn 0.9064 0.1608 0.3906
vn 0.9064 0.2579 0.3345
vn 0.8973 0.2695 0.3495
vn 0.8973 0.3495 0.2695
vn 0.9063 0.3348 0.2580
vn 0.9058 0.3919 0.1611
vn 0.8973 0.4081 0.1680
vn 0.8973 0.4374 0.0586
vn 0.9052 0.4212 0.0563
vn 0.9051 0.4216 0.0560
vn 0.9052 0.4212 0.0568
vn -0.4530 -0.8836 -0.1184
vn -0.3906 -0.9124 -0.1222
vn -0.3906 -0.8513 -0.3503
vn -0.4530 -0.8244 -0.3393
vn 0.4877 -0.5319 -0.6923
vn 0.4917 -0.5314 -0.6898
vn 0.4892 -0.5325 -0.6907
vn 0.3920 -0.5604 -0.7296
vn 0.3906 -0.5621 -0.7290
vn 0.3831 -0.5641 -0.7315
vn 0.3834 -0.7337 -0.5610
vn 0.3815 -0.7382 -0.5563
vn 0.3655 -0.7383 -0.5668
vn 0.3850 -0.7267 -0.5690
vn 0.4862 -0.6947 -0.5302
vn 0.4796 -0.6946 -0.5362
vn 0.4899 -0.6885 -0.5348
vn 0.4877 -0.6948 -0.5285
vn -0.4530 -0.7061 -0.5443
vn -0.3906 -0.7290 -0.5621
vn -0.3906 -0.5621 -0.7290
vn -0.4530 -0.5443 -0.7061
vn 0.4892 -0.1158 -0.8645
vn 0.3906 -0.1222 -0.9124
vn 0.3906 -0.3503 -0.8513
vn 0.4892 -0.3319 -0.8066
vn -0.4530 -0.3393 -0.8244
vn -0.3906 -0.3503 -0.8513
vn -0.3906 -0.1222 -0.9124
vn -0.4530 -0.1184 -0.8836
vn -0.0000 -0.9911 0.1328
vn -0.0000 -0.9247 0.3806
vn 0.0000 -0.7920 0.6106
vn -0.0000 -0.6106 0.7920
vn 0.0000 -0.3806 0.9248
vn 0.0000 -0.1328 0.9911
vn 0.0006 -0.9252 0.3796
vn 0.7047 -0.6563 0.2694
vn 0.7042 -0.6570 0.2693
vn 0.7053 -0.6567 0.2672
vn 0.7062 -0.6544 0.2702
vn 0.6977 -0.7101 0.0945
vn 0.6988 -0.7093 0.0924
vn 0.6992 -0.7081 0.0987
vn 0.6965 -0.7112 0.0955
vn 0.0009 -0.9909 0.1348
vn 0.0000 -0.9248 0.3806
vn 0.7116 -0.4290 0.5564
vn 0.7126 -0.4282 0.5558
vn 0.7102 -0.5581 0.4291
vn 0.7103 -0.5586 0.4283
vn 0.7118 -0.5558 0.4295
vn 0.7099 -0.5574 0.4306
vn 0.0008 -0.7917 0.6109
vn 0.7116 -0.0933 0.6963
vn 0.7116 -0.2674 0.6497
vn -0.0001 -0.9251 0.3796
vn -0.0013 -0.9910 0.1341
vn -0.0002 -0.9912 0.1325
vn -0.0009 -0.7919 0.6107
vn -0.9129 -0.3763 0.1579
vn -0.9122 -0.3781 0.1578
vn -0.9129 -0.3759 0.1589
vn -0.9118 -0.4068 0.0564
vn -0.9113 -0.4077 0.0566
vn -0.9105 -0.4095 0.0579
vn -0.9119 -0.4065 0.0569
vn 0.0003 -0.9911 0.1329
vn 0.0004 -0.9245 0.3811
vn 0.0003 -0.9250 0.3799
vn -0.9405 -0.3176 0.1208
vn -0.9406 -0.3175 0.1200
vn -0.9402 -0.3186 0.1204
vn -0.9402 -0.3181 0.1216
vn -0.9441 -0.3275 0.0369
vn -0.9437 -0.3286 0.0374
vn -0.9440 -0.3278 0.0380
vn -0.9446 -0.3260 0.0382
vn 0.0006 -0.9912 0.1324
vn 0.0007 -0.9909 0.1346
vn -0.9942 0.1032 -0.0312
vn -0.9943 0.1007 -0.0348
vn -0.9943 0.1016 -0.0311
vn -0.9945 0.1006 -0.0302
vn -0.9955 0.0941 -0.0073
vn -0.9956 0.0931 -0.0073
vn -0.9956 0.0939 -0.0059
vn -0.9952 0.0974 0.0002
vn -0.9957 -0.0909 0.0156
vn -0.9952 -0.0958 0.0189
vn -0.9960 -0.0877 0.0187
vn -0.9959 -0.0896 0.0146
vn -0.9975 -0.0626 0.0332
vn -0.9976 -0.0616 0.0315
vn -0.9976 -0.0626 0.0298
vn -0.9973 -0.0661 0.0334
vn -0.9929 0.0732 -0.0932
vn -0.9930 0.0722 -0.0936
vn -0.9931 0.0942 -0.0691
vn -0.9933 0.0937 -0.0681
vn -0.9933 0.0941 -0.0675
vn -0.9928 0.0971 -0.0697
vn -0.9985 -0.0422 0.0335
vn -0.9985 -0.0391 0.0373
vn -0.9987 -0.0392 0.0339
vn -0.9986 -0.0404 0.0333
vn -0.9987 -0.0306 0.0402
vn -0.9988 -0.0292 0.0396
vn -0.9988 -0.0301 0.0390
vn -0.9930 0.0157 -0.1171
vn -0.9930 0.0450 -0.1093
vn -0.9988 -0.0187 0.0455
vn -0.9988 -0.0065 0.0488
vn 0.9940 -0.0145 0.1081
vn 0.9991 -0.0055 0.0411
vn 0.9991 -0.0158 0.0384
vn 0.9940 -0.0415 0.1008
vn 0.9942 -0.0656 0.0855
vn 0.9940 -0.0654 0.0874
vn 0.9940 -0.0666 0.0863
vn 0.9991 -0.0244 0.0336
vn 0.9991 -0.0253 0.0329
vn 0.9992 -0.0244 0.0319
vn 0.9989 -0.0387 0.0261
vn 0.9990 -0.0387 0.0241
vn 0.9991 -0.0355 0.0242
vn 0.9988 -0.0403 0.0280
vn 0.9936 -0.0910 0.0668
vn 0.9937 -0.0873 0.0700
vn 0.9935 -0.0897 0.0700
vn 0.9934 -0.0914 0.0687
vn 0.9919 -0.1189 0.0451
vn 0.9916 -0.1207 0.0470
vn 0.9915 -0.1224 0.0449
vn 0.9922 -0.1176 0.0420
vn 0.9981 -0.0603 0.0160
vn 0.9980 -0.0622 0.0118
vn 0.9981 -0.0606 0.0122
vn 0.9982 -0.0585 0.0152
vn 0.9967 -0.0816 0.0039
vn 0.9968 -0.0796 0.0034
vn 0.9969 -0.0780 0.0086
vn 0.9962 -0.0866 0.0077
vn 0.9892 -0.1455 0.0153
vn 0.9895 -0.1426 0.0227
vn 0.9885 -0.1502 0.0186
vn 0.9888 -0.1484 0.0157
vn 0.9930 0.0450 -0.1093
vn 0.9930 0.0157 -0.1171
vn 0.9988 -0.0065 0.0488
vn 0.9988 -0.0187 0.0456
vn 0.9929 0.0945 -0.0727
vn 0.9928 0.0953 -0.0722
vn 0.9929 0.0944 -0.0724
vn 0.9929 0.0941 -0.0722
vn 0.9930 0.0722 -0.0936
vn 0.9988 -0.0301 0.0390
vn 0.9988 -0.0380 0.0300
vn 0.9988 -0.0380 0.0304
vn 0.9920 0.1250 -0.0161
vn 0.9919 0.1264 -0.0157
vn 0.9921 0.1247 -0.0158
vn 0.9921 0.1247 -0.0162
vn 0.9925 0.1133 -0.0456
vn 0.9925 0.1135 -0.0461
vn 0.9990 -0.0409 0.0188
vn 0.9990 -0.0414 0.0186
vn 0.9990 -0.0407 0.0184
vn 0.9992 -0.0402 0.0066
vn 0.9991 -0.0405 0.0080
vn -0.9807 -0.1942 0.0219
vn -0.9803 -0.1966 0.0215
vn -0.9798 -0.1983 0.0249
vn -0.9814 -0.1901 0.0273
vn -0.9972 -0.0746 0.0034
vn -0.9970 -0.0775 0.0087
vn -0.9973 -0.0731 0.0040
vn -0.9973 -0.0732 0.0031
vn -0.9983 -0.0569 0.0151
vn -0.9984 -0.0554 0.0138
vn -0.9983 -0.0561 0.0129
vn -0.9981 -0.0596 0.0139
vn -0.9843 -0.1648 0.0640
vn -0.9843 -0.1660 0.0604
vn -0.9837 -0.1679 0.0638
vn -0.9837 -0.1673 0.0655
vn -0.9867 -0.1305 0.0973
vn -0.9864 -0.1312 0.0987
vn -0.9865 -0.1292 0.1002
vn -0.9871 -0.1267 0.0978
vn -0.9990 -0.0379 0.0256
vn -0.9989 -0.0365 0.0281
vn -0.9990 -0.0369 0.0251
vn -0.9990 -0.0372 0.0250
vn -0.9991 -0.0245 0.0336
vn -0.9991 -0.0253 0.0329
vn -0.9874 -0.0963 0.1252
vn -0.9873 -0.0971 0.1259
vn -0.9872 -0.0964 0.1273
vn -0.9873 -0.0605 0.1471
vn -0.9991 -0.0158 0.0384
vn -0.9991 -0.0055 0.0412
vn -0.9873 -0.0211 0.1576
vn 0.0559 -0.9263 0.3726
vn 0.0461 -0.9276 0.3707
vn 0.0653 -0.9270 0.3693
vn 0.0635 -0.9263 0.3714
vn 0.1259 -0.9846 0.1217
vn 0.1282 -0.9841 0.1229
vn 0.1369 -0.9820 0.1299
vn 0.1172 -0.9816 0.1507
vn 0.4328 -0.8947 0.1106
vn 0.4512 -0.8839 0.1229
vn 0.4215 -0.8988 0.1207
vn 0.4254 -0.8983 0.1104
vn 0.3477 -0.8700 0.3495
vn 0.3435 -0.8718 0.3493
vn 0.3459 -0.8747 0.3395
vn 0.3467 -0.8770 0.3326
vn -0.1873 -0.9084 0.3738
vn -0.1873 -0.9736 0.1304
vn -0.0018 -0.6072 0.7946
vn 0.0020 -0.6090 0.7931
vn 0.0061 -0.7950 0.6066
vn 0.0123 -0.7951 0.6064
vn 0.0120 -0.7907 0.6121
vn 0.0098 -0.7853 0.6191
vn 0.2844 -0.7641 0.5790
vn 0.2962 -0.7580 0.5811
vn 0.2767 -0.7634 0.5837
vn 0.2797 -0.7627 0.5832
vn 0.2733 -0.5858 0.7630
vn 0.2691 -0.5856 0.7646
vn 0.2693 -0.5880 0.7627
vn -0.1873 -0.5998 0.7779
vn -0.1873 -0.7779 0.5998
vn 0.2693 -0.3665 0.8906
vn 0.2693 -0.1279 0.9545
vn 0.0000 -0.3806 0.9247
vn -0.1873 -0.1304 0.9736
vn -0.1873 -0.3738 0.9084
vn 0.3139 -0.9411 0.1261
vn 0.3139 -0.8780 0.3613
vn -0.3139 -0.8780 0.3613
vn -0.3139 -0.9411 0.1261
vn 0.3139 -0.7519 0.5797
vn 0.3139 -0.5797 0.7519
vn -0.3139 -0.5797 0.7519
vn -0.3139 -0.7519 0.5797
vn 0.3139 -0.3613 0.8780
vn 0.3139 -0.1261 0.9411
vn -0.3139 -0.1261 0.9411
vn -0.3139 -0.3613 0.8780
vn -0.9479 -0.3158 0.0423
vn -0.9479 -0.2946 0.1213
vn 0.9479 -0.2946 0.1213
vn 0.9479 -0.3158 0.0423
vn -0.9479 -0.2523 0.1945
vn -0.9479 -0.1945 0.2523
vn 0.9479 -0.1945 0.2523
vn 0.9479 -0.2523 0.1945
vn -0.9479 -0.1213 0.2946
vn -0.9479 -0.0423 0.3158
vn 0.9479 -0.0423 0.3158
vn 0.9479 -0.1212 0.2946
vn -0.0001 -0.9249 0.3801
vn -0.0004 -0.9910 0.1337
vn -0.5573 -0.8231 0.1097
vn -0.5567 -0.8234 0.1104
vn -0.5589 -0.8214 0.1134
vn -0.5592 -0.8220 0.1082
vn -0.5627 -0.7647 0.3141
vn -0.5639 -0.7632 0.3156
vn -0.5632 -0.7651 0.3122
vn -0.5621 -0.7650 0.3142
vn -0.0007 -0.7919 0.6106
vn -0.5668 -0.6526 0.5029
vn -0.5667 -0.6523 0.5033
vn -0.5683 -0.6512 0.5029
vn -0.5673 -0.6531 0.5016
vn -0.5678 -0.5026 0.6519
vn -0.5689 -0.5016 0.6517
vn -0.5678 -0.3133 0.7612
vn -0.5678 -0.1093 0.8159
vn 0.0002 -0.7922 0.6102
vn 0.0008 -0.7917 0.6108
vn 0.0005 -0.6104 0.7921
vn -0.9367 -0.2138 0.2773
vn -0.9376 -0.2774 0.2095
vn -0.9374 -0.2776 0.2101
vn -0.9372 -0.2779 0.2109
vn -0.9375 -0.2768 0.2106
vn 0.9141 -0.3208 0.2482
vn 0.9140 -0.2477 0.3212
vn -0.9367 -0.0465 0.3471
vn -0.9367 -0.1333 0.3238
vn 0.9140 -0.1544 0.3751
vn 0.9140 -0.0539 0.4020
vn -0.0001 -0.7922 0.6103
vn -0.0010 -0.7917 0.6109
vn 0.9355 -0.2822 0.2127
vn 0.9356 -0.2813 0.2133
vn 0.9354 -0.2808 0.2148
vn 0.9350 -0.2831 0.2137
vn 0.9367 -0.2138 0.2773
vn 0.9367 -0.2127 0.2782
vn -0.9140 -0.2477 0.3212
vn -0.9136 -0.2484 0.3219
vn -0.9138 -0.3210 0.2487
vn -0.9138 -0.3218 0.2477
vn -0.9134 -0.3207 0.2505
vn 0.9367 -0.1333 0.3238
vn 0.9367 -0.0465 0.3471
vn -0.9140 -0.0539 0.4020
vn -0.9140 -0.1544 0.3751
vn -0.8944 0.4441 -0.0537
vn -0.8946 0.4447 -0.0442
vn -0.8930 0.4468 -0.0537
vn -0.8924 0.4480 -0.0546
vn -0.9000 0.4076 -0.1545
vn -0.8995 0.4080 -0.1563
vn -0.8997 0.4066 -0.1586
vn -0.9008 0.4030 -0.1618
vn -0.8727 0.4535 -0.1810
vn -0.8716 0.4539 -0.1851
vn -0.8775 0.4388 -0.1936
vn -0.8754 0.4493 -0.1784
vn -0.8529 0.5174 -0.0694
vn -0.8543 0.5152 -0.0686
vn -0.8605 0.5087 -0.0278
vn -0.8485 0.5255 -0.0632
vn -0.9056 0.3363 -0.2585
vn -0.9075 0.3356 -0.2528
vn -0.9049 0.3391 -0.2574
vn -0.9051 0.3386 -0.2572
vn -0.9075 0.2571 -0.3322
vn -0.9064 0.2579 -0.3345
vn -0.8969 0.2721 -0.3486
vn -0.8973 0.2695 -0.3495
vn -0.8974 0.2758 -0.3443
vn -0.8913 0.3591 -0.2767
vn -0.8961 0.3528 -0.2695
vn -0.8998 0.3493 -0.2613
vn -0.8915 0.3629 -0.2711
vn -0.9064 0.1607 -0.3906
vn -0.9064 0.0561 -0.4186
vn -0.8973 0.0586 -0.4374
vn -0.8973 0.1680 -0.4081
vn 0.9064 0.0561 -0.4186
vn 0.9064 0.1607 -0.3906
vn 0.8973 0.1680 -0.4081
vn 0.8973 0.0586 -0.4374
vn 0.9064 0.2579 -0.3345
vn 0.9063 0.2581 -0.3347
vn 0.9063 0.3348 -0.2580
vn 0.9063 0.3346 -0.2583
vn 0.8973 0.3495 -0.2695
vn 0.8973 0.2695 -0.3495
vn 0.9058 0.3919 -0.1611
vn 0.9052 0.4212 -0.0563
vn 0.9051 0.4215 -0.0561
vn 0.8973 0.4374 -0.0586
vn 0.8973 0.4081 -0.1680
vn -0.4530 -0.8836 0.1184
vn -0.4530 -0.8244 0.3393
vn -0.3906 -0.8513 0.3503
vn -0.3906 -0.9124 0.1222
vn 0.4873 -0.5326 0.6920
vn 0.4892 -0.5325 0.6907
vn 0.4919 -0.5313 0.6897
vn 0.4870 -0.6945 0.5297
vn 0.4877 -0.6948 0.5285
vn 0.4878 -0.6891 0.5359
vn 0.4796 -0.6946 0.5362
vn 0.3836 -0.7331 0.5616
vn 0.3850 -0.7267 0.5690
vn 0.3756 -0.7252 0.5770
vn 0.3815 -0.7382 0.5563
vn 0.3913 -0.5602 0.7301
vn 0.3831 -0.5641 0.7315
vn 0.3906 -0.5621 0.7290
vn -0.4530 -0.7060 0.5443
vn -0.4530 -0.5443 0.7061
vn -0.3906 -0.5621 0.7290
vn -0.3906 -0.7290 0.5621
vn 0.4892 -0.1158 0.8645
vn 0.4892 -0.3319 0.8066
vn 0.3906 -0.3503 0.8513
vn 0.3906 -0.1222 0.9124
vn -0.4530 -0.3393 0.8244
vn -0.4530 -0.1184 0.8836
vn -0.3906 -0.1222 0.9124
vn -0.3906 -0.3503 0.8513
vn 0.4724 -0.8191 -0.3255
vn 0.4786 -0.8151 -0.3263
vn 0.4802 -0.8165 -0.3206
vn 0.4721 -0.8226 -0.3168
vn 0.3256 -0.8764 -0.3550
vn 0.3335 -0.8765 -0.3471
vn 0.3244 -0.8842 -0.3360
vn 0.3231 -0.8774 -0.3547
vn 0.2192 -0.9681 -0.1217
vn 0.2134 -0.9695 -0.1209
vn 0.2013 -0.9662 -0.1610
vn 0.2427 -0.9608 -0.1340
vn 0.4531 -0.8851 -0.1063
vn 0.4421 -0.8863 -0.1380
vn 0.4604 -0.8799 -0.1173
vn 0.4558 -0.8838 -0.1055
vn 0.4531 -0.8851 0.1064
vn 0.4558 -0.8838 0.1055
vn 0.4604 -0.8799 0.1173
vn 0.4277 -0.8957 0.1218
vn 0.2190 -0.9681 0.1218
vn 0.2270 -0.9623 0.1500
vn 0.1780 -0.9744 0.1376
vn 0.2134 -0.9695 0.1209
vn 0.3256 -0.8764 0.3550
vn 0.3232 -0.8774 0.3547
vn 0.3096 -0.8846 0.3488
vn 0.3335 -0.8765 0.3471
vn 0.4724 -0.8191 0.3255
vn 0.4721 -0.8226 0.3168
vn 0.4809 -0.8153 0.3226
vn 0.4786 -0.8152 0.3262
vn -0.0008 -0.9247 -0.3808
vn -0.0004 -0.9251 -0.3796
vn 0.9306 -0.3424 -0.1293
vn 0.9309 -0.3422 -0.1281
vn 0.9303 -0.3443 -0.1267
vn 0.9302 -0.3433 -0.1302
vn 0.9247 -0.3783 -0.0428
vn 0.9239 -0.3802 -0.0424
vn 0.9236 -0.3804 -0.0477
vn 0.9251 -0.3771 -0.0440
vn -0.0002 -0.9912 -0.1320
vn -0.0009 -0.9909 -0.1348
vn -0.0002 -0.9913 0.1320
vn -0.0019 -0.9910 0.1336
vn 0.9246 -0.3785 0.0429
vn 0.9247 -0.3780 0.0451
vn 0.9227 -0.3829 0.0453
vn 0.9240 -0.3801 0.0425
vn 0.9306 -0.3423 0.1294
vn 0.9302 -0.3432 0.1300
vn 0.9296 -0.3449 0.1297
vn 0.9309 -0.3421 0.1281
vn -0.0007 -0.9247 0.3807
vn -0.0004 -0.9251 0.3797
vn 0.9141 -0.3741 -0.1562
vn 0.9142 -0.4016 -0.0552
vn 0.9142 -0.4016 0.0552
vn 0.9141 -0.3742 0.1562
vn 0.0000 0.9911 -0.1328
vn 0.0000 0.9248 -0.3806
vn 0.0000 0.7920 -0.6106
vn 0.0000 0.6106 -0.7920
vn 0.0000 0.3806 -0.9248
vn 0.0000 0.1328 -0.9911
vn 0.0000 0.9247 -0.3806
vn 0.0005 0.9251 -0.3797
vn 0.7045 0.6565 -0.2698
vn 0.7041 0.6571 -0.2693
vn 0.7053 0.6567 -0.2671
vn 0.7062 0.6544 -0.2702
vn 0.6979 0.7099 -0.0947
vn 0.6988 0.7093 -0.0924
vn 0.7001 0.7073 -0.0978
vn 0.6973 0.7103 -0.0967
vn 0.0003 0.9912 -0.1325
vn 0.0020 0.9910 -0.1337
vn 0.0000 0.6100 -0.7924
vn 0.7111 0.4293 -0.5567
vn 0.7116 0.4290 -0.5564
vn 0.7128 0.4280 -0.5556
vn 0.7102 0.5576 -0.4296
vn 0.7103 0.5585 -0.4285
vn 0.7117 0.5559 -0.4295
vn 0.7100 0.5574 -0.4303
vn 0.0006 0.7918 -0.6108
vn 0.7116 0.0933 -0.6963
vn 0.7116 0.2674 -0.6497
vn -0.0004 0.9246 -0.3809
vn -0.0001 0.9251 -0.3796
vn -0.0003 0.9912 -0.1324
vn -0.0016 0.9911 -0.1335
vn -0.0011 0.7919 -0.6107
vn 0.0005 0.9248 -0.3804
vn -0.9129 0.3763 -0.1579
vn -0.9122 0.3781 -0.1578
vn -0.9129 0.3760 -0.1588
vn -0.9118 0.4067 -0.0564
vn -0.9115 0.4075 -0.0566
vn -0.9104 0.4098 -0.0564
vn 0.0003 0.9912 -0.1327
vn 0.0014 0.9910 -0.1342
vn 0.0001 0.9245 -0.3812
vn 0.0003 0.9251 -0.3798
vn -0.9406 0.3173 -0.1207
vn -0.9407 0.3174 -0.1199
vn -0.9402 0.3185 -0.1205
vn -0.9402 0.3181 -0.1218
vn -0.9440 0.3278 -0.0369
vn -0.9438 0.3285 -0.0374
vn -0.9439 0.3280 -0.0378
vn -0.9444 0.3264 -0.0389
vn -0.9942 -0.1032 0.0312
vn -0.9943 -0.1007 0.0348
vn -0.9944 -0.1013 0.0309
vn -0.9945 -0.1007 0.0303
vn -0.9955 -0.0941 0.0073
vn -0.9956 -0.0930 0.0074
vn -0.9956 -0.0932 0.0059
vn -0.9949 -0.1004 0.0032
vn -0.9957 0.0908 -0.0156
vn -0.9955 0.0918 -0.0224
vn -0.9958 0.0890 -0.0191
vn -0.9959 0.0896 -0.0146
vn -0.9975 0.0626 -0.0332
vn -0.9976 0.0616 -0.0315
vn -0.9976 0.0626 -0.0298
vn -0.9973 0.0661 -0.0334
vn -0.9929 -0.0732 0.0932
vn -0.9930 -0.0722 0.0936
vn -0.9931 -0.0942 0.0691
vn -0.9933 -0.0937 0.0681
vn -0.9933 -0.0941 0.0675
vn -0.9928 -0.0971 0.0697
vn -0.9985 0.0423 -0.0334
vn -0.9985 0.0391 -0.0373
vn -0.9987 0.0391 -0.0339
vn -0.9986 0.0404 -0.0333
vn -0.9987 0.0306 -0.0401
vn -0.9988 0.0293 -0.0396
vn -0.9988 0.0301 -0.0390
vn -0.9930 -0.0157 0.1171
vn -0.9930 -0.0450 0.1093
vn -0.9988 0.0187 -0.0455
vn -0.9988 0.0065 -0.0488
vn 0.9940 0.0145 -0.1081
vn 0.9991 0.0055 -0.0411
vn 0.9991 0.0158 -0.0384
vn 0.9940 0.0415 -0.1008
vn 0.9942 0.0656 -0.0855
vn 0.9940 0.0654 -0.0874
vn 0.9940 0.0666 -0.0863
vn 0.9991 0.0244 -0.0336
vn 0.9991 0.0253 -0.0329
vn 0.9992 0.0243 -0.0319
vn 0.9989 0.0387 -0.0261
vn 0.9990 0.0387 -0.0241
vn 0.9991 0.0356 -0.0242
vn 0.9988 0.0403 -0.0280
vn 0.9936 0.0910 -0.0668
vn 0.9937 0.0874 -0.0700
vn 0.9935 0.0897 -0.0699
vn 0.9934 0.0914 -0.0687
vn 0.9919 0.1187 -0.0452
vn 0.9916 0.1207 -0.0471
vn 0.9915 0.1225 -0.0449
vn 0.9922 0.1176 -0.0420
vn 0.9981 0.0603 -0.0160
vn 0.9980 0.0622 -0.0118
vn 0.9981 0.0606 -0.0123
vn 0.9982 0.0585 -0.0152
vn 0.9967 0.0816 -0.0039
vn 0.9968 0.0796 -0.0034
vn 0.9970 0.0768 -0.0076
vn 0.9965 0.0826 -0.0112
vn 0.9892 0.1455 -0.0153
vn 0.9900 0.1396 -0.0193
vn 0.9886 0.1491 -0.0201
vn 0.9888 0.1484 -0.0157
vn 0.9930 -0.0450 0.1093
vn 0.9930 -0.0157 0.1171
vn 0.9988 0.0065 -0.0488
vn 0.9988 0.0187 -0.0456
vn 0.9929 -0.0944 0.0724
vn 0.9930 -0.0722 0.0936
vn 0.9988 0.0301 -0.0390
vn 0.9988 0.0380 -0.0300
vn 0.9988 0.0376 -0.0302
vn 0.9988 0.0381 -0.0305
vn 0.9920 -0.1250 0.0161
vn 0.9918 -0.1265 0.0161
vn 0.9921 -0.1244 0.0159
vn 0.9925 -0.1133 0.0456
vn 0.9925 -0.1132 0.0452
vn 0.9925 -0.1135 0.0461
vn 0.9990 0.0408 -0.0192
vn 0.9990 0.0415 -0.0186
vn 0.9990 0.0407 -0.0185
vn 0.9990 0.0409 -0.0188
vn 0.9992 0.0402 -0.0066
vn 0.9992 0.0398 -0.0066
vn 0.9992 0.0400 -0.0080
vn -0.9807 0.1942 -0.0219
vn -0.9803 0.1965 -0.0216
vn -0.9798 0.1987 -0.0231
vn -0.9816 0.1890 -0.0255
vn -0.9972 0.0747 -0.0033
vn -0.9971 0.0754 -0.0100
vn -0.9973 0.0726 -0.0045
vn -0.9973 0.0731 -0.0028
vn -0.9983 0.0568 -0.0148
vn -0.9984 0.0556 -0.0138
vn -0.9983 0.0563 -0.0133
vn -0.9981 0.0597 -0.0139
vn -0.9842 0.1649 -0.0639
vn -0.9843 0.1660 -0.0603
vn -0.9837 0.1680 -0.0638
vn -0.9837 0.1673 -0.0655
vn -0.9867 0.1306 -0.0972
vn -0.9865 0.1311 -0.0986
vn -0.9865 0.1292 -0.1002
vn -0.9871 0.1266 -0.0978
vn -0.9989 0.0381 -0.0258
vn -0.9989 0.0365 -0.0282
vn -0.9990 0.0372 -0.0250
vn -0.9991 0.0244 -0.0337
vn -0.9991 0.0254 -0.0329
vn -0.9874 0.0963 -0.1252
vn -0.9873 0.0971 -0.1259
vn -0.9872 0.0965 -0.1271
vn -0.9873 0.0605 -0.1471
vn -0.9991 0.0158 -0.0384
vn -0.9991 0.0055 -0.0412
vn -0.9873 0.0211 -0.1576
vn 0.0559 0.9263 -0.3726
vn 0.0461 0.9276 -0.3707
vn 0.0653 0.9270 -0.3693
vn 0.0636 0.9263 -0.3714
vn 0.1259 0.9845 -0.1217
vn 0.1282 0.9841 -0.1229
vn 0.1378 0.9824 -0.1261
vn 0.1029 0.9853 -0.1361
vn 0.4328 0.8947 -0.1106
vn 0.4375 0.8886 -0.1377
vn 0.4194 0.9003 -0.1169
vn 0.4254 0.8983 -0.1104
vn 0.3477 0.8700 -0.3495
vn 0.3435 0.8718 -0.3493
vn 0.3459 0.8747 -0.3395
vn 0.3467 0.8770 -0.3326
vn -0.1873 0.9084 -0.3738
vn -0.1873 0.9736 -0.1304
vn -0.0018 0.6072 -0.7945
vn 0.0020 0.6090 -0.7932
vn 0.0060 0.7950 -0.6066
vn 0.0123 0.7950 -0.6064
vn 0.0120 0.7907 -0.6121
vn 0.0098 0.7852 -0.6191
vn 0.2845 0.7642 -0.5789
vn 0.2962 0.7580 -0.5811
vn 0.2767 0.7634 -0.5837
vn 0.2797 0.7627 -0.5832
vn 0.2734 0.5858 -0.7630
vn 0.2691 0.5856 -0.7646
vn 0.2693 0.5880 -0.7627
vn -0.1873 0.5998 -0.7779
vn -0.1873 0.7779 -0.5998
vn 0.2693 0.3665 -0.8906
vn 0.2693 0.1279 -0.9545
vn 0.0000 0.3806 -0.9247
vn -0.1873 0.1304 -0.9736
vn -0.1873 0.3738 -0.9084
vn 0.3139 0.9411 -0.1261
vn 0.3139 0.8780 -0.3613
vn -0.3139 0.8780 -0.3613
vn -0.3139 0.9411 -0.1261
vn 0.3139 0.7519 -0.5797
vn 0.3139 0.5797 -0.7519
vn -0.3139 0.5797 -0.7519
vn -0.3139 0.7519 -0.5797
vn 0.3139 0.3613 -0.8780
vn 0.3139 0.1261 -0.9411
vn -0.3139 0.1261 -0.9411
vn -0.3139 0.3613 -0.8780
vn -0.9479 0.3158 -0.0423
vn -0.9479 0.2946 -0.1213
vn 0.9479 0.2946 -0.1213
vn 0.9479 0.3158 -0.0423
vn -0.9479 0.2523 -0.1945
vn -0.9479 0.1945 -0.2523
vn 0.9479 0.1945 -0.2523
vn 0.9479 0.2523 -0.1945
vn -0.9479 0.1213 -0.2946
vn -0.9479 0.0423 -0.3158
vn 0.9479 0.0423 -0.3158
vn 0.9479 0.1212 -0.2946
vn -0.0000 0.9249 -0.3803
vn -0.0011 0.9911 -0.1333
vn -0.5576 0.8228 -0.1099
vn -0.5572 0.8229 -0.1110
vn -0.5576 0.8223 -0.1139
vn -0.5591 0.8220 -0.1082
vn -0.5627 0.7647 -0.3141
vn -0.5638 0.7632 -0.3156
vn -0.5632 0.7651 -0.3122
vn -0.5623 0.7649 -0.3142
vn -0.5668 0.6526 -0.5029
vn -0.5683 0.6512 -0.5029
vn -0.5672 0.6531 -0.5018
vn -0.5678 0.5026 -0.6519
vn -0.5688 0.5017 -0.6518
vn -0.5678 0.3133 -0.7612
vn -0.5678 0.1093 -0.8159
vn 0.0002 0.7923 -0.6101
vn 0.0009 0.7917 -0.6109
vn 0.0005 0.6104 -0.7921
vn -0.9367 0.2135 -0.2774
vn -0.9367 0.2138 -0.2773
vn -0.9376 0.2775 -0.2097
vn -0.9374 0.2777 -0.2101
vn -0.9373 0.2778 -0.2106
vn -0.9375 0.2769 -0.2106
vn 0.9141 0.3208 -0.2482
vn 0.9140 0.2477 -0.3212
vn -0.9367 0.0465 -0.3471
vn -0.9367 0.1333 -0.3238
vn 0.9140 0.1544 -0.3751
vn 0.9140 0.0539 -0.4020
vn -0.0005 0.6105 -0.7921
vn -0.0010 0.7917 -0.6109
vn 0.9355 0.2822 -0.2127
vn 0.9356 0.2815 -0.2132
vn 0.9354 0.2808 -0.2148
vn 0.9350 0.2831 -0.2136
vn 0.9367 0.2138 -0.2773
vn 0.9367 0.2128 -0.2781
vn -0.9140 0.2477 -0.3212
vn -0.9137 0.2483 -0.3218
vn -0.9138 0.3210 -0.2487
vn -0.9138 0.3216 -0.2480
vn -0.9134 0.3207 -0.2505
vn 0.9367 0.1333 -0.3238
vn 0.9367 0.0465 -0.3471
vn -0.9140 0.0539 -0.4020
vn -0.9140 0.1544 -0.3751
vn -0.8944 -0.4441 0.0537
vn -0.8963 -0.4411 0.0463
vn -0.8930 -0.4469 0.0531
vn -0.8924 -0.4480 0.0546
vn -0.9000 -0.4075 0.1546
vn -0.8995 -0.4081 0.1563
vn -0.8997 -0.4067 0.1584
vn -0.9008 -0.4030 0.1618
vn -0.8727 -0.4535 0.1810
vn -0.8716 -0.4539 0.1851
vn -0.8775 -0.4388 0.1937
vn -0.8754 -0.4493 0.1784
vn -0.8529 -0.5175 0.0695
vn -0.8543 -0.5152 0.0686
vn -0.8681 -0.4951 0.0365
vn -0.8497 -0.5239 0.0598
vn -0.9056 -0.3362 0.2586
vn -0.9075 -0.3356 0.2528
vn -0.9047 -0.3393 0.2575
vn -0.9050 -0.3387 0.2575
vn -0.9075 -0.2570 0.3321
vn -0.9063 -0.2583 0.3344
vn -0.9064 -0.2579 0.3345
vn -0.8969 -0.2721 0.3486
vn -0.8973 -0.2695 0.3495
vn -0.8974 -0.2758 0.3443
vn -0.8913 -0.3591 0.2768
vn -0.8961 -0.3528 0.2695
vn -0.8999 -0.3493 0.2613
vn -0.8915 -0.3629 0.2711
vn -0.9064 -0.1607 0.3906
vn -0.9064 -0.0561 0.4186
vn -0.8973 -0.0586 0.4374
vn -0.8973 -0.1680 0.4081
vn 0.9064 -0.0561 0.4186
vn 0.9064 -0.1607 0.3906
vn 0.8973 -0.1680 0.4082
vn 0.8973 -0.0586 0.4375
vn 0.9064 -0.2579 0.3345
vn 0.9063 -0.3347 0.2580
vn 0.8973 -0.3496 0.2695
vn 0.8973 -0.2695 0.3496
vn 0.9058 -0.3918 0.1611
vn 0.9057 -0.3921 0.1610
vn 0.9052 -0.4212 0.0563
vn 0.9051 -0.4213 0.0566
vn 0.9051 -0.4214 0.0559
vn 0.8973 -0.4375 0.0586
vn 0.8973 -0.4082 0.1680
vn -0.4530 0.8836 -0.1184
vn -0.4530 0.8244 -0.3393
vn -0.3906 0.8513 -0.3503
vn -0.3906 0.9124 -0.1222
vn 0.4873 0.5327 -0.6920
vn 0.4892 0.5325 -0.6907
vn 0.4918 0.5314 -0.6898
vn 0.4869 0.6946 -0.5295
vn 0.4877 0.6948 -0.5285
vn 0.4878 0.6891 -0.5359
vn 0.4796 0.6946 -0.5362
vn 0.3838 0.7331 -0.5615
vn 0.3850 0.7267 -0.5690
vn 0.3756 0.7252 -0.5771
vn 0.3815 0.7382 -0.5563
vn 0.3913 0.5602 -0.7301
vn 0.3831 0.5641 -0.7315
vn 0.3906 0.5621 -0.7290
vn -0.4530 0.7061 -0.5443
vn -0.4530 0.5443 -0.7061
vn -0.3906 0.5621 -0.7290
vn -0.3906 0.7290 -0.5621
vn 0.4892 0.1158 -0.8645
vn 0.4892 0.3319 -0.8066
vn 0.3906 0.3503 -0.8513
vn 0.3906 0.1222 -0.9124
vn -0.4530 0.3393 -0.8244
vn -0.4530 0.1184 -0.8836
vn -0.3906 0.1222 -0.9124
vn -0.3906 0.3503 -0.8513
vn -0.0144 0.9365 -0.3503
vn -0.0394 0.9393 -0.3408
vn -0.0110 0.9378 -0.3470
vn -0.0084 0.9368 -0.3497
vn -0.0011 0.9913 -0.1318
vn 0.0004 0.9918 -0.1279
vn 0.0010 0.9913 -0.1317
vn -0.0006 0.9921 -0.1255
vn 0.0168 0.9368 -0.3495
vn 0.0084 0.9370 -0.3492
vn 0.0122 0.9387 -0.3446
vn 0.0284 0.9451 -0.3256
vn 0.0001 0.9913 -0.1313
vn -0.0004 0.9918 -0.1279
vn 0.0150 0.9369 -0.3493
vn 0.0084 0.9368 -0.3497
vn 0.0120 0.9380 -0.3464
vn 0.0134 0.9462 -0.3233
vn -0.0151 0.9366 -0.3502
vn -0.0423 0.9348 -0.3526
vn -0.0119 0.9379 -0.3467
vn -0.0086 0.9369 -0.3494
vn -0.0016 0.9912 -0.1327
vn 0.0005 0.9920 -0.1265
vn -0.0300 0.7526 -0.6578
vn -0.0191 0.7601 -0.6495
vn -0.0307 0.7485 -0.6624
vn -0.0526 0.7306 -0.6808
vn 0.0483 0.6866 -0.7254
vn 0.0528 0.6626 -0.7471
vn 0.0443 0.6871 -0.7252
vn 0.0589 0.7140 -0.6976
vn -0.1035 0.5764 -0.8106
vn -0.1381 0.5913 -0.7945
vn -0.1046 0.5790 -0.8086
vn -0.0985 0.5877 -0.8031
vn -0.0444 0.5999 -0.7989
vn -0.0519 0.6028 -0.7962
vn -0.0403 0.6003 -0.7988
vn -0.0276 0.5907 -0.8064
vn -0.0416 0.3811 -0.9236
vn -0.0210 0.3904 -0.9204
vn -0.0273 0.3676 -0.9296
vn -0.0327 0.3586 -0.9329
vn -0.0096 0.3671 -0.9301
vn -0.0114 0.3460 -0.9382
vn -0.0208 0.3508 -0.9362
vn -0.0394 0.3686 -0.9287
vn 0.1101 0.2840 -0.9525
vn 0.0793 0.2703 -0.9595
vn 0.0889 0.2951 -0.9513
vn 0.1219 0.3253 -0.9377
vn -0.0702 0.1765 -0.9818
vn -0.0798 0.2333 -0.9691
vn -0.0537 0.1962 -0.9791
vn -0.0349 0.1875 -0.9817
vn -0.0400 -0.0475 -0.9981
vn -0.0611 0.0325 -0.9976
vn -0.0320 -0.0211 -0.9993
vn -0.0729 -0.0498 -0.9961
vn 0.0041 0.3646 -0.9311
vn 0.0746 0.3469 -0.9349
vn 0.0290 0.3532 -0.9351
vn 0.0188 0.3502 -0.9365
vn -0.0299 0.3826 -0.9234
vn -0.0188 0.3502 -0.9365
vn -0.0290 0.3532 -0.9351
vn -0.0710 0.3652 -0.9282
vn 0.0713 -0.0196 -0.9973
vn 0.0380 -0.0671 -0.9970
vn 0.0322 -0.0235 -0.9992
vn 0.0916 0.0046 -0.9958
vn 0.1155 0.1543 -0.9812
vn 0.0698 0.1422 -0.9874
vn 0.0947 0.1939 -0.9764
vn 0.1395 0.1946 -0.9709
vn -0.1241 0.2772 -0.9528
vn -0.1033 0.3308 -0.9380
vn -0.0889 0.2951 -0.9513
vn -0.0793 0.2703 -0.9595
vn 0.0006 0.3793 -0.9253
vn 0.0394 0.3686 -0.9287
vn 0.0208 0.3510 -0.9362
vn 0.0173 0.3430 -0.9392
vn 0.0826 0.3891 -0.9175
vn 0.0674 0.3649 -0.9286
vn 0.0573 0.3659 -0.9289
vn 0.0159 0.3921 -0.9198
vn 0.0862 0.5989 -0.7962
vn 0.0761 0.5674 -0.8199
vn 0.0811 0.5978 -0.7975
vn 0.0875 0.6052 -0.7913
vn 0.1035 0.5764 -0.8106
vn 0.0931 0.5810 -0.8086
vn 0.1041 0.5788 -0.8088
vn 0.1381 0.5913 -0.7945
vn -0.0483 0.6866 -0.7254
vn -0.0589 0.7140 -0.6976
vn -0.0445 0.6900 -0.7225
vn -0.0523 0.6610 -0.7485
vn 0.0472 0.7546 -0.6545
vn 0.0737 0.7327 -0.6766
vn 0.0476 0.7492 -0.6607
vn 0.0090 0.7474 -0.6644
vn 0.0082 0.8175 -0.5759
vn 0.0309 0.8053 -0.5920
vn 0.0030 0.8124 -0.5831
vn 0.0163 0.8340 -0.5515
vn -0.0005 0.6840 -0.7294
vn -0.0437 0.6854 -0.7269
vn -0.0089 0.6861 -0.7274
vn -0.0064 0.6884 -0.7253
vn 0.0064 0.6806 -0.7327
vn 0.0018 0.6844 -0.7291
vn 0.0064 0.6871 -0.7265
vn 0.0416 0.6867 -0.7257
vn -0.0136 0.8126 -0.5827
vn -0.0225 0.8310 -0.5559
vn -0.0044 0.8125 -0.5829
vn -0.0177 0.7987 -0.6014
vn 0.0444 0.5999 -0.7989
vn 0.0372 0.5856 -0.8098
vn 0.0409 0.6005 -0.7986
vn 0.0519 0.6028 -0.7962
vn 0.1035 0.5763 -0.8107
vn 0.0985 0.5877 -0.8031
vn 0.1037 0.5795 -0.8084
vn -0.0484 0.6866 -0.7254
vn -0.0528 0.6626 -0.7471
vn 0.0300 0.7526 -0.6578
vn 0.0526 0.7306 -0.6808
vn 0.0300 0.7487 -0.6622
vn 0.0127 0.7505 -0.6607
vn 0.0075 0.8171 -0.5765
vn 0.0340 0.8107 -0.5845
vn 0.0041 0.8130 -0.5822
vn 0.0225 0.8310 -0.5559
vn -0.0004 0.6840 -0.7295
vn -0.0416 0.6867 -0.7257
vn 0.0064 0.6805 -0.7327
vn 0.0019 0.6844 -0.7291
vn 0.0089 0.6861 -0.7274
vn 0.0385 0.6715 -0.7400
vn -0.0141 0.8129 -0.5822
vn 0.0050 0.8328 -0.5536
vn -0.0048 0.8124 -0.5831
vn -0.0080 0.7979 -0.6028
vn -0.0406 0.7533 -0.6565
vn -0.0219 0.7673 -0.6409
vn -0.0413 0.7496 -0.6606
vn -0.0787 0.7482 -0.6588
vn 0.0478 0.6871 -0.7250
vn 0.0433 0.6616 -0.7486
vn 0.0445 0.6900 -0.7225
vn -0.1035 0.5770 -0.8102
vn -0.1044 0.5789 -0.8087
vn -0.0987 0.5873 -0.8033
vn -0.0661 0.5994 -0.7978
vn -0.0739 0.6021 -0.7950
vn -0.0625 0.6000 -0.7976
vn -0.0441 0.5826 -0.8116
vn -0.0639 0.3859 -0.9203
vn -0.0326 0.4015 -0.9153
vn -0.0424 0.3670 -0.9292
vn -0.0482 0.3588 -0.9322
vn -0.0045 0.3741 -0.9274
vn -0.0118 0.3463 -0.9380
vn -0.0208 0.3510 -0.9362
vn 0.1182 0.2802 -0.9526
vn 0.1192 0.3241 -0.9385
vn -0.0968 0.1638 -0.9817
vn -0.1036 0.2244 -0.9690
vn -0.0760 0.1936 -0.9781
vn -0.0444 0.1808 -0.9825
vn -0.0432 -0.0526 -0.9977
vn -0.0643 0.0286 -0.9975
vn -0.0329 -0.0257 -0.9991
vn -0.0682 -0.0581 -0.9960
vn 0.0037 0.3648 -0.9311
vn 0.0722 0.3488 -0.9344
vn 0.0188 0.3501 -0.9365
vn -0.0298 0.3830 -0.9233
vn -0.0188 0.3501 -0.9365
vn -0.0752 0.3639 -0.9284
vn 0.0671 -0.0124 -0.9977
vn 0.0421 -0.0644 -0.9970
vn 0.0319 -0.0189 -0.9993
vn 0.0879 0.0110 -0.9961
vn 0.0702 0.1765 -0.9818
vn 0.0446 0.1719 -0.9841
vn 0.0560 0.1981 -0.9786
vn 0.1017 0.2123 -0.9719
vn -0.1101 0.2840 -0.9525
vn -0.1062 0.3337 -0.9367
vn 0.0096 0.3671 -0.9301
vn 0.0217 0.3519 -0.9358
vn 0.0114 0.3460 -0.9382
vn 0.0416 0.3811 -0.9236
vn 0.0327 0.3586 -0.9329
vn 0.0267 0.3680 -0.9294
vn 0.0064 0.3790 -0.9254
vn 0.0000 0.9248 0.3806
vn 0.0000 0.9911 0.1328
vn 0.0000 0.6106 0.7920
vn 0.0000 0.7920 0.6106
vn 0.0000 0.1328 0.9911
vn 0.0000 0.3806 0.9248
vn 0.0005 0.9247 0.3808
vn 0.0001 0.9252 0.3796
vn 0.0000 0.9247 0.3806
vn 0.0001 0.9912 0.1325
vn 0.0009 0.9909 0.1348
vn 0.6976 0.7102 0.0945
vn 0.6965 0.7112 0.0955
vn 0.7001 0.7073 0.0977
vn 0.6988 0.7093 0.0924
vn 0.7045 0.6563 0.2700
vn 0.7062 0.6544 0.2702
vn 0.7047 0.6572 0.2672
vn 0.7039 0.6571 0.2697
vn 0.0001 0.6103 0.7922
vn 0.0004 0.7921 0.6104
vn 0.0012 0.7919 0.6107
vn 0.7101 0.5580 0.4294
vn 0.7102 0.5570 0.4306
vn 0.7119 0.5562 0.4288
vn 0.7103 0.5586 0.4283
vn 0.7116 0.4290 0.5564
vn 0.7127 0.4281 0.5557
vn 0.7116 0.2674 0.6497
vn 0.7116 0.0933 0.6963
vn -0.0003 0.9911 0.1328
vn -0.0007 0.9909 0.1345
vn -0.0007 0.9252 0.3795
vn -0.0011 0.7916 0.6111
vn 0.0001 0.9246 0.3809
vn 0.0003 0.9911 0.1329
vn -0.9118 0.4068 0.0564
vn -0.9119 0.4065 0.0569
vn -0.9118 0.4063 0.0598
vn -0.9113 0.4077 0.0566
vn -0.9129 0.3763 0.1579
vn -0.9129 0.3760 0.1588
vn -0.9124 0.3779 0.1570
vn 0.0006 0.9246 0.3809
vn 0.0009 0.9248 0.3806
vn 0.0003 0.9912 0.1324
vn 0.0014 0.9910 0.1342
vn -0.9442 0.3272 0.0370
vn -0.9445 0.3263 0.0389
vn -0.9439 0.3279 0.0378
vn -0.9438 0.3284 0.0374
vn -0.9403 0.3181 0.1207
vn -0.9402 0.3181 0.1216
vn -0.9403 0.3183 0.1201
vn -0.0000 0.3806 0.9247
vn -0.9942 -0.1032 -0.0307
vn -0.9943 -0.1024 -0.0296
vn -0.9944 -0.1012 -0.0312
vn -0.9942 -0.1019 -0.0350
vn -0.9975 0.0632 0.0331
vn -0.9973 0.0664 0.0319
vn -0.9976 0.0618 0.0300
vn -0.9976 0.0616 0.0315
vn -0.9958 0.0908 0.0150
vn -0.9959 0.0896 0.0146
vn -0.9962 0.0860 0.0157
vn -0.9952 0.0958 0.0189
vn -0.9955 -0.0946 -0.0072
vn -0.9952 -0.0974 0.0002
vn -0.9956 -0.0940 -0.0053
vn -0.9957 -0.0922 -0.0056
vn -0.9929 -0.0730 -0.0944
vn -0.9930 -0.0722 -0.0936
vn -0.9988 0.0292 0.0397
vn -0.9988 0.0301 0.0390
vn -0.9988 0.0293 0.0396
vn -0.9985 0.0421 0.0349
vn -0.9986 0.0404 0.0333
vn -0.9986 0.0393 0.0347
vn -0.9985 0.0405 0.0378
vn -0.9933 -0.0929 -0.0691
vn -0.9929 -0.0974 -0.0685
vn -0.9933 -0.0938 -0.0674
vn -0.9933 -0.0937 -0.0681
vn -0.9930 -0.0157 -0.1171
vn -0.9988 0.0065 0.0488
vn -0.9988 0.0187 0.0455
vn -0.9930 -0.0450 -0.1093
vn 0.9940 0.0145 0.1081
vn 0.9940 0.0415 0.1008
vn 0.9991 0.0158 0.0384
vn 0.9991 0.0055 0.0411
vn 0.9941 0.0654 0.0868
vn 0.9940 0.0666 0.0863
vn 0.9940 0.0653 0.0875
vn 0.9937 0.0897 0.0666
vn 0.9934 0.0915 0.0688
vn 0.9936 0.0889 0.0696
vn 0.9937 0.0874 0.0699
vn 0.9989 0.0389 0.0246
vn 0.9988 0.0402 0.0279
vn 0.9990 0.0358 0.0268
vn 0.9990 0.0387 0.0241
vn 0.9991 0.0259 0.0341
vn 0.9992 0.0243 0.0318
vn 0.9991 0.0253 0.0329
vn 0.9919 0.1188 0.0447
vn 0.9922 0.1176 0.0421
vn 0.9915 0.1222 0.0458
vn 0.9916 0.1207 0.0470
vn 0.9892 0.1459 0.0152
vn 0.9888 0.1484 0.0158
vn 0.9886 0.1491 0.0201
vn 0.9895 0.1426 0.0227
vn 0.9966 0.0818 0.0045
vn 0.9962 0.0866 0.0077
vn 0.9970 0.0768 0.0076
vn 0.9968 0.0795 0.0031
vn 0.9981 0.0597 0.0160
vn 0.9982 0.0584 0.0152
vn 0.9982 0.0580 0.0128
vn 0.9980 0.0622 0.0118
vn 0.9930 -0.0450 -0.1093
vn 0.9988 0.0188 0.0456
vn 0.9988 0.0065 0.0488
vn 0.9930 -0.0157 -0.1171
vn 0.9929 -0.0944 -0.0727
vn 0.9929 -0.0944 -0.0724
vn 0.9929 -0.0949 -0.0724
vn 0.9988 0.0383 0.0300
vn 0.9988 0.0378 0.0309
vn 0.9988 0.0380 0.0300
vn 0.9988 0.0301 0.0390
vn 0.9930 -0.0722 -0.0936
vn 0.9920 -0.1250 -0.0161
vn 0.9921 -0.1245 -0.0161
vn 0.9920 -0.1249 -0.0158
vn 0.9920 -0.1252 -0.0147
vn 0.9992 0.0402 0.0066
vn 0.9991 0.0416 0.0066
vn 0.9990 0.0409 0.0188
vn 0.9990 0.0408 0.0185
vn 0.9990 0.0416 0.0188
vn 0.9925 -0.1133 -0.0456
vn 0.9925 -0.1133 -0.0461
vn -0.9808 0.1939 0.0222
vn -0.9810 0.1917 0.0286
vn -0.9806 0.1943 0.0271
vn -0.9804 0.1957 0.0209
vn -0.9842 0.1651 0.0642
vn -0.9836 0.1681 0.0648
vn -0.9838 0.1679 0.0629
vn -0.9843 0.1660 0.0603
vn -0.9982 0.0573 0.0147
vn -0.9981 0.0596 0.0139
vn -0.9983 0.0561 0.0134
vn -0.9984 0.0556 0.0138
vn -0.9972 0.0743 0.0029
vn -0.9973 0.0732 0.0033
vn -0.9973 0.0731 0.0041
vn -0.9968 0.0790 0.0067
vn -0.9867 0.1302 0.0971
vn -0.9871 0.1267 0.0978
vn -0.9864 0.1302 0.1002
vn -0.9865 0.1312 0.0980
vn -0.9874 0.0960 0.1254
vn -0.9871 0.0971 0.1274
vn -0.9873 0.0971 0.1259
vn -0.9991 0.0248 0.0339
vn -0.9991 0.0253 0.0329
vn -0.9989 0.0383 0.0254
vn -0.9990 0.0372 0.0250
vn -0.9990 0.0367 0.0253
vn -0.9989 0.0365 0.0281
vn -0.9873 0.0605 0.1471
vn -0.9873 0.0211 0.1576
vn -0.9991 0.0055 0.0412
vn -0.9991 0.0158 0.0384
vn 0.0569 0.9256 0.3741
vn 0.0610 0.9255 0.3739
vn 0.0643 0.9277 0.3677
vn 0.0554 0.9318 0.3586
vn 0.3491 0.8699 0.3484
vn 0.3580 0.8700 0.3390
vn 0.3434 0.8753 0.3405
vn 0.3435 0.8718 0.3493
vn 0.4319 0.8953 0.1092
vn 0.4253 0.8983 0.1104
vn 0.4248 0.8969 0.1231
vn 0.4512 0.8839 0.1229
vn 0.1243 0.9846 0.1228
vn 0.1171 0.9816 0.1507
vn 0.1276 0.9824 0.1361
vn 0.1308 0.9835 0.1253
vn -0.1873 0.9736 0.1304
vn -0.1874 0.9084 0.3738
vn -0.0000 0.6068 0.7948
vn 0.0027 0.6097 0.7926
vn 0.2738 0.5871 0.7618
vn 0.2693 0.5880 0.7627
vn 0.2691 0.5856 0.7646
vn 0.2828 0.7648 0.5789
vn 0.2798 0.7626 0.5831
vn 0.2772 0.7617 0.5856
vn 0.2874 0.7527 0.5923
vn 0.0056 0.7939 0.6081
vn -0.0028 0.7909 0.6120
vn 0.0138 0.7913 0.6113
vn 0.0114 0.7954 0.6059
vn -0.1873 0.7779 0.5998
vn -0.1873 0.5998 0.7779
vn 0.2693 0.1279 0.9545
vn 0.2693 0.3665 0.8906
vn -0.1873 0.3738 0.9084
vn -0.1873 0.1304 0.9736
vn 0.3139 0.8780 0.3613
vn 0.3139 0.9411 0.1261
vn -0.3139 0.9411 0.1261
vn -0.3139 0.8780 0.3613
vn 0.3139 0.5797 0.7519
vn 0.3139 0.7519 0.5797
vn -0.3139 0.7519 0.5797
vn -0.3139 0.5797 0.7519
vn 0.3139 0.1261 0.9411
vn 0.3139 0.3613 0.8780
vn -0.3139 0.3613 0.8780
vn -0.3139 0.1261 0.9411
vn -0.9479 0.2946 0.1213
vn -0.9479 0.3158 0.0423
vn 0.9479 0.3158 0.0423
vn 0.9479 0.2946 0.1213
vn -0.9479 0.1945 0.2523
vn -0.9479 0.2523 0.1945
vn 0.9479 0.2523 0.1945
vn 0.9479 0.1945 0.2523
vn -0.9479 0.0423 0.3158
vn -0.9479 0.1213 0.2946
vn -1.0000 0.0000 0.0000
vn 0.9479 0.1212 0.2946
vn 0.9479 0.0423 0.3158
vn 1.0000 -0.0000 0.0000
vn -0.5622 0.7648 0.3146
vn -0.5622 0.7651 0.3140
vn -0.5638 0.7645 0.3124
vn -0.5631 0.7635 0.3162
vn -0.5576 0.8228 0.1099
vn -0.5596 0.8216 0.1090
vn -0.5610 0.8205 0.1099
vn -0.5567 0.8234 0.1104
vn -0.0004 0.9910 0.1338
vn -0.5678 0.5026 0.6519
vn -0.5686 0.5014 0.6522
vn -0.5668 0.6526 0.5029
vn -0.5676 0.6527 0.5018
vn -0.5679 0.6511 0.5036
vn -0.5678 0.1093 0.8159
vn -0.5678 0.3133 0.7612
vn 0.0005 0.7920 0.6105
vn 0.0000 0.7914 0.6113
vn -0.9374 0.2776 0.2101
vn -0.9376 0.2772 0.2099
vn -0.9367 0.2138 0.2773
vn 0.0000 0.6103 0.7922
vn 0.9140 0.2476 0.3212
vn 0.9141 0.3208 0.2482
vn 0.9140 0.3208 0.2485
vn -0.9367 0.1333 0.3238
vn -0.9367 0.0465 0.3471
vn 0.9140 0.0539 0.4020
vn 0.9140 0.1544 0.3751
vn 0.9367 0.2138 0.2773
vn 0.9367 0.2128 0.2782
vn 0.9355 0.2821 0.2127
vn 0.9350 0.2831 0.2137
vn 0.9346 0.2837 0.2145
vn 0.9356 0.2812 0.2133
vn -0.0010 0.7917 0.6109
vn -0.9138 0.3210 0.2487
vn -0.9132 0.3216 0.2505
vn -0.9138 0.3217 0.2479
vn -0.9140 0.2477 0.3212
vn -0.9136 0.2484 0.3219
vn 0.9367 0.0465 0.3471
vn 0.9367 0.1333 0.3238
vn -0.9140 0.1544 0.3751
vn -0.9140 0.0539 0.4020
vn -0.8941 -0.4444 -0.0550
vn -0.8930 -0.4467 -0.0554
vn -0.8928 -0.4473 -0.0537
vn -0.8963 -0.4411 -0.0463
vn -0.8523 -0.5185 -0.0691
vn -0.8497 -0.5239 -0.0598
vn -0.8681 -0.4950 -0.0365
vn -0.8543 -0.5153 -0.0686
vn -0.8730 -0.4533 -0.1799
vn -0.8754 -0.4493 -0.1785
vn -0.8826 -0.4369 -0.1738
vn -0.8716 -0.4539 -0.1851
vn -0.9006 -0.4063 -0.1547
vn -0.9008 -0.4030 -0.1618
vn -0.8996 -0.4070 -0.1582
vn -0.8990 -0.4085 -0.1579
vn -0.9063 -0.3368 -0.2555
vn -0.9051 -0.3386 -0.2572
vn -0.9049 -0.3391 -0.2572
vn -0.9075 -0.3356 -0.2528
vn -0.8924 -0.3566 -0.2767
vn -0.8915 -0.3629 -0.2712
vn -0.8926 -0.3683 -0.2602
vn -0.8961 -0.3528 -0.2695
vn -0.8962 -0.2713 -0.3512
vn -0.8974 -0.2758 -0.3443
vn -0.8973 -0.2695 -0.3495
vn -0.9065 -0.2600 -0.3327
vn -0.9064 -0.2579 -0.3345
vn -0.9064 -0.1607 -0.3906
vn -0.8973 -0.1680 -0.4081
vn -0.8973 -0.0586 -0.4374
vn -0.9064 -0.0561 -0.4186
vn 0.9064 -0.0561 -0.4186
vn 0.8973 -0.0586 -0.4375
vn 0.8973 -0.1680 -0.4082
vn 0.9064 -0.1607 -0.3906
vn 0.9064 -0.2579 -0.3345
vn 0.8973 -0.2695 -0.3496
vn 0.8973 -0.3495 -0.2695
vn 0.8972 -0.3499 -0.2695
vn 0.9063 -0.3347 -0.2580
vn 0.9064 -0.3348 -0.2577
vn 0.9058 -0.3918 -0.1611
vn 0.9057 -0.3921 -0.1611
vn 0.9059 -0.3915 -0.1611
vn 0.8973 -0.4082 -0.1680
vn 0.8973 -0.4375 -0.0586
vn 0.9052 -0.4212 -0.0563
vn -0.4530 0.8836 0.1184
vn -0.3906 0.9124 0.1222
vn -0.3906 0.8513 0.3503
vn -0.4530 0.8244 0.3393
vn 0.4877 0.5319 0.6923
vn 0.4918 0.5314 0.6898
vn 0.4892 0.5325 0.6907
vn 0.3921 0.5603 0.7296
vn 0.3906 0.5621 0.7290
vn 0.3831 0.5641 0.7315
vn 0.3833 0.7337 0.5610
vn 0.3815 0.7382 0.5563
vn 0.3655 0.7383 0.5668
vn 0.3850 0.7267 0.5689
vn 0.4862 0.6946 0.5302
vn 0.4796 0.6946 0.5362
vn 0.4899 0.6885 0.5348
vn 0.4877 0.6948 0.5285
vn -0.4530 0.7061 0.5443
vn -0.3906 0.7290 0.5621
vn -0.3906 0.5621 0.7290
vn -0.4530 0.5443 0.7061
vn 0.4892 0.1158 0.8645
vn 0.3906 0.1222 0.9124
vn 0.3906 0.3503 0.8513
vn 0.4892 0.3319 0.8066
vn -0.4530 0.3393 0.8244
vn -0.3906 0.3503 0.8513
vn -0.3906 0.1222 0.9124
vn -0.4530 0.1184 0.8836
vn -0.0127 0.9349 0.3548
vn -0.0108 0.9338 0.3576
vn -0.0109 0.9364 0.3507
vn -0.0122 0.9442 0.3292
vn 0.0157 0.9354 0.3533
vn 0.0400 0.9334 0.3566
vn 0.0098 0.9366 0.3502
vn 0.0079 0.9354 0.3535
vn 0.0004 0.9913 0.1316
vn -0.0006 0.9920 0.1263
vn -0.0012 0.9912 0.1324
vn 0.0043 0.9913 0.1315
vn 0.0014 0.9912 0.1323
vn -0.0023 0.9917 0.1284
vn -0.0005 0.9913 0.1314
vn 0.0005 0.9920 0.1265
vn -0.0165 0.9368 0.3494
vn -0.0086 0.9369 0.3494
vn -0.0128 0.9382 0.3459
vn -0.0150 0.9463 0.3229
vn 0.0139 0.9364 0.3506
vn 0.0407 0.9348 0.3527
vn 0.0111 0.9378 0.3470
vn 0.0089 0.9362 0.3514
vn 0.0430 0.5971 0.8010
vn 0.0496 0.6055 0.7943
vn 0.0403 0.6003 0.7988
vn 0.0411 0.5850 0.8100
vn 0.0330 0.7521 0.6583
vn 0.0139 0.7468 0.6649
vn 0.0307 0.7486 0.6623
vn 0.0526 0.7306 0.6808
vn -0.0491 0.6895 0.7226
vn -0.0528 0.6626 0.7471
vn -0.0443 0.6871 0.7252
vn -0.0589 0.7140 0.6976
vn 0.1024 0.5765 0.8106
vn 0.1381 0.5913 0.7945
vn 0.1044 0.5789 0.8087
vn 0.0943 0.5853 0.8053
vn 0.0136 0.8144 0.5801
vn 0.0225 0.8310 0.5559
vn 0.0044 0.8125 0.5829
vn 0.0075 0.7976 0.6032
vn -0.0111 0.8169 0.5767
vn -0.0344 0.8108 0.5843
vn -0.0044 0.8129 0.5823
vn 0.0050 0.8328 0.5536
vn 0.0013 0.6825 0.7309
vn 0.0385 0.6715 0.7400
vn 0.0080 0.6867 0.7269
vn 0.0064 0.6884 0.7253
vn -0.0041 0.6808 0.7324
vn -0.0018 0.6844 0.7291
vn -0.0064 0.6871 0.7265
vn -0.0416 0.6867 0.7257
vn -0.0412 0.7534 0.6563
vn -0.0787 0.7482 0.6588
vn -0.0407 0.7496 0.6606
vn -0.0144 0.7439 0.6682
vn -0.0663 0.5985 0.7984
vn -0.0624 0.5754 0.8155
vn -0.0634 0.6004 0.7972
vn -0.0738 0.6021 0.7950
vn -0.1033 0.5770 0.8102
vn -0.0987 0.5873 0.8034
vn -0.1037 0.5796 0.8082
vn -0.1381 0.5913 0.7945
vn 0.0485 0.6876 0.7245
vn 0.0589 0.7140 0.6976
vn 0.0437 0.6889 0.7236
vn 0.0433 0.6616 0.7486
vn -0.0705 0.3752 0.9243
vn -0.0481 0.3589 0.9321
vn -0.0418 0.3677 0.9290
vn -0.0070 0.3746 0.9272
vn -0.0844 0.1598 0.9835
vn -0.0727 0.1497 0.9861
vn -0.0774 0.1945 0.9778
vn -0.1036 0.2244 0.9690
vn 0.1207 0.2919 0.9488
vn 0.1192 0.3241 0.9385
vn 0.0879 0.2922 0.9523
vn 0.0793 0.2703 0.9595
vn -0.0125 0.3776 0.9259
vn -0.0394 0.3686 0.9287
vn -0.0218 0.3519 0.9358
vn -0.0118 0.3463 0.9380
vn -0.0701 -0.0321 0.9970
vn -0.0682 -0.0581 0.9960
vn -0.0328 -0.0241 0.9992
vn -0.0791 0.0199 0.9967
vn 0.0544 -0.0439 0.9976
vn 0.0764 0.0240 0.9968
vn 0.0319 -0.0198 0.9993
vn 0.0421 -0.0644 0.9970
vn -0.0083 0.3733 0.9277
vn -0.0752 0.3639 0.9284
vn -0.0345 0.3561 0.9338
vn -0.0188 0.3501 0.9365
vn 0.0198 0.3813 0.9242
vn 0.0188 0.3501 0.9365
vn 0.0322 0.3536 0.9348
vn 0.0722 0.3488 0.9344
vn 0.0764 0.1839 0.9800
vn 0.1017 0.2123 0.9719
vn 0.0550 0.1975 0.9788
vn 0.0512 0.1684 0.9844
vn 0.0337 0.3855 0.9221
vn 0.0041 0.3721 0.9282
vn 0.0272 0.3676 0.9296
vn 0.0365 0.3609 0.9319
vn 0.0050 0.3630 0.9318
vn 0.0137 0.3437 0.9390
vn 0.0208 0.3510 0.9362
vn 0.0394 0.3686 0.9287
vn -0.1045 0.2773 0.9551
vn -0.0793 0.2703 0.9595
vn -0.0893 0.2890 0.9532
vn -0.1062 0.3337 0.9367
vn 0.1528 0.4260 -0.8917
vn 0.1744 0.4429 -0.8795
vn 0.2260 0.4792 -0.8481
vn 0.1683 0.3979 -0.9019
vn 0.1600 0.5321 -0.8315
vn 0.1904 0.5379 -0.8212
vn 0.1631 0.5124 -0.8431
vn 0.1605 0.4979 -0.8522
vn -0.1583 0.5315 -0.8321
vn -0.1240 0.5335 -0.8366
vn -0.1743 0.5162 -0.8385
vn -0.1904 0.5379 -0.8212
vn -0.1526 0.4235 -0.8929
vn -0.1683 0.3979 -0.9019
vn -0.2252 0.3551 -0.9073
vn -0.1686 0.4469 -0.8786
vn -0.1260 0.3422 -0.9312
vn -0.1534 0.3302 -0.9314
vn -0.1338 0.3588 -0.9238
vn -0.1265 0.3697 -0.9205
vn 0.1241 0.3433 -0.9310
vn 0.1008 0.3509 -0.9310
vn 0.1414 0.3511 -0.9256
vn 0.1465 0.3224 -0.9352
vn -0.1591 0.5320 -0.8317
vn -0.1265 0.5206 -0.8444
vn -0.1524 0.4248 -0.8924
vn -0.1249 0.3425 -0.9312
vn 0.1249 0.3426 -0.9311
vn 0.1534 0.3302 -0.9314
vn 0.1524 0.4248 -0.8924
vn 0.1686 0.4469 -0.8786
vn 0.1591 0.5320 -0.8317
vn 0.1457 0.5018 -0.8526
vn 0.1588 0.5324 0.8315
vn 0.1259 0.5210 0.8443
vn 0.1743 0.5164 0.8384
vn 0.1904 0.5384 0.8209
vn 0.1515 0.4248 0.8925
vn 0.1676 0.3977 0.9021
vn 0.2255 0.3538 0.9077
vn 0.1678 0.4470 0.8787
vn 0.1245 0.3421 0.9314
vn 0.1531 0.3296 0.9316
vn 0.1335 0.3584 0.9240
vn 0.1260 0.3693 0.9207
vn -0.1245 0.3421 0.9314
vn -0.1003 0.3505 0.9312
vn -0.1411 0.3506 0.9258
vn -0.1531 0.3296 0.9316
vn -0.1515 0.4248 0.8925
vn -0.1678 0.4470 0.8787
vn -0.2263 0.4802 0.8475
vn -0.1676 0.3977 0.9021
vn -0.1588 0.5324 0.8314
vn -0.1904 0.5384 0.8209
vn -0.1629 0.5125 0.8431
vn -0.1454 0.5020 0.8526
vn -0.1527 0.4260 0.8917
vn -0.1744 0.4429 0.8795
vn -0.2260 0.4792 0.8481
vn -0.1683 0.3979 0.9019
vn -0.1600 0.5321 0.8314
vn -0.1904 0.5379 0.8212
vn -0.1631 0.5124 0.8431
vn -0.1605 0.4979 0.8522
vn 0.1583 0.5315 0.8321
vn 0.1240 0.5335 0.8366
vn 0.1743 0.5162 0.8385
vn 0.1904 0.5379 0.8212
vn 0.1526 0.4235 0.8929
vn 0.1683 0.3979 0.9019
vn 0.2252 0.3551 0.9073
vn 0.1686 0.4469 0.8786
vn 0.1260 0.3422 0.9311
vn 0.1534 0.3302 0.9314
vn 0.1338 0.3588 0.9238
vn 0.1265 0.3697 0.9205
vn -0.1241 0.3432 0.9310
vn -0.1008 0.3509 0.9310
vn -0.1414 0.3511 0.9256
vn -0.1465 0.3224 0.9352
vn 0.9342 0.1959 -0.2982
vn 0.9325 0.1980 -0.3019
vn 0.9353 0.1957 -0.2949
vn 0.9344 0.1951 -0.2982
vn 0.8112 -0.2232 -0.5405
vn 0.8112 -0.2247 -0.5399
vn 0.8113 -0.2255 -0.5394
vn 0.8090 -0.2224 -0.5441
vn 0.8145 -0.2192 -0.5371
vn 0.8124 -0.2225 -0.5390
vn 0.8132 -0.2181 -0.5395
vn 0.8142 -0.2161 -0.5389
vn 0.9343 0.2010 -0.2943
vn 0.9337 0.2002 -0.2969
vn 0.9331 0.2030 -0.2968
vn 0.9343 0.2057 -0.2913
vn 0.8942 0.3833 -0.2312
vn 0.8914 0.3914 -0.2286
vn 0.8928 0.3901 -0.2251
vn 0.8977 0.3802 -0.2227
vn 0.9308 0.1204 -0.3451
vn 0.9354 0.1219 -0.3319
vn 0.9333 0.1138 -0.3406
vn 0.9328 0.1120 -0.3424
vn 0.9337 0.1199 -0.3374
vn 0.9346 0.1131 -0.3371
vn 0.9329 0.1122 -0.3423
vn 0.9325 0.1266 -0.3382
vn 0.9008 0.3698 -0.2276
vn 0.8945 0.3752 -0.2432
vn 0.8977 0.3743 -0.2325
vn 0.8986 0.3746 -0.2284
vn -0.2865 0.9574 0.0368
vn -0.2928 0.9551 0.0457
vn -0.2944 0.9544 0.0494
vn -0.2916 0.9539 0.0714
vn 0.2791 0.9592 0.0452
vn 0.2706 0.9613 0.0511
vn 0.2938 0.9545 0.0514
vn 0.2928 0.9551 0.0457
vn 0.3000 0.9520 0.0605
vn 0.3081 0.9501 0.0487
vn 0.3052 0.9512 0.0458
vn 0.2866 0.9576 0.0300
vn -0.2925 0.9548 0.0532
vn -0.2866 0.9576 0.0300
vn -0.3052 0.9512 0.0460
vn -0.3081 0.9501 0.0487
vn -0.9319 0.1227 -0.3413
vn -0.9328 0.1120 -0.3424
vn -0.9338 0.1145 -0.3389
vn -0.9354 0.1219 -0.3319
vn -0.8921 0.3869 -0.2335
vn -0.8977 0.3802 -0.2227
vn -0.8939 0.3879 -0.2246
vn -0.8914 0.3914 -0.2286
vn -0.9008 0.3677 -0.2310
vn -0.8986 0.3746 -0.2283
vn -0.8976 0.3744 -0.2326
vn -0.8945 0.3752 -0.2432
vn -0.9348 0.1163 -0.3355
vn -0.9325 0.1266 -0.3382
vn -0.9329 0.1122 -0.3423
vn -0.9347 0.1130 -0.3371
vn -0.8106 -0.2236 -0.5412
vn -0.8086 -0.2236 -0.5442
vn -0.8099 -0.2259 -0.5413
vn -0.8112 -0.2247 -0.5399
vn -0.9343 0.1952 -0.2984
vn -0.9344 0.1949 -0.2983
vn -0.9348 0.1975 -0.2953
vn -0.9325 0.1980 -0.3019
vn -0.9345 0.2012 -0.2938
vn -0.9343 0.2057 -0.2913
vn -0.9331 0.2030 -0.2968
vn -0.9337 0.2002 -0.2969
vn -0.8147 -0.2187 -0.5371
vn -0.8142 -0.2161 -0.5389
vn -0.8130 -0.2187 -0.5396
vn -0.8131 -0.2230 -0.5377
vn 0.1643 -0.6602 -0.7329
vn 0.1685 -0.6585 -0.7335
vn 0.1667 -0.6601 -0.7325
vn 0.1643 -0.6607 -0.7325
vn -0.1645 -0.6598 -0.7333
vn -0.1643 -0.6607 -0.7325
vn -0.1659 -0.6614 -0.7315
vn -0.1675 -0.6576 -0.7345
vn -0.1636 -0.6606 -0.7327
vn -0.1673 -0.6621 -0.7305
vn -0.1656 -0.6589 -0.7338
vn -0.1641 -0.6595 -0.7336
vn 0.1639 -0.6609 -0.7324
vn 0.1631 -0.6605 -0.7329
vn 0.1661 -0.6594 -0.7332
vn 0.1664 -0.6627 -0.7301
vn -0.8106 -0.2233 -0.5414
vn -0.8100 -0.2258 -0.5412
vn -0.8111 -0.2246 -0.5401
vn -0.9342 0.1951 -0.2986
vn -0.9344 0.1948 -0.2983
vn -0.9351 0.1966 -0.2950
vn -0.9336 0.2007 -0.2969
vn -0.9346 0.2010 -0.2936
vn -0.9357 0.2014 -0.2895
vn -0.9337 0.2047 -0.2936
vn -0.9337 0.2002 -0.2968
vn -0.8149 -0.2185 -0.5369
vn 0.1648 -0.6603 -0.7327
vn 0.1675 -0.6576 -0.7345
vn 0.1665 -0.6604 -0.7322
vn 0.1642 -0.6608 -0.7324
vn -0.1648 -0.6603 -0.7327
vn -0.1641 -0.6608 -0.7324
vn -0.1658 -0.6613 -0.7316
vn -0.1675 -0.6577 -0.7345
vn -0.1641 -0.6604 -0.7328
vn -0.1673 -0.6620 -0.7306
vn -0.1641 -0.6597 -0.7334
vn 0.1641 -0.6604 -0.7328
vn 0.1632 -0.6605 -0.7329
vn 0.1656 -0.6589 -0.7338
vn 0.1673 -0.6621 -0.7305
vn 0.9326 0.1980 -0.3019
vn 0.9353 0.1957 -0.2950
vn 0.9344 0.1949 -0.2983
vn 0.8111 -0.2234 -0.5405
vn 0.8109 -0.2258 -0.5399
vn 0.8086 -0.2236 -0.5443
vn 0.8145 -0.2191 -0.5373
vn 0.8131 -0.2231 -0.5377
vn 0.8131 -0.2187 -0.5395
vn 0.8142 -0.2162 -0.5389
vn 0.9343 0.2009 -0.2943
vn 0.9337 0.2002 -0.2968
vn 0.9347 0.1130 -0.3371
vn 0.8976 0.3745 -0.2326
vn 0.8986 0.3746 -0.2283
vn 0.3053 0.9512 0.0458
vn -0.3053 0.9512 0.0458
vn -0.9312 0.1166 -0.3454
vn -0.9336 0.1139 -0.3397
vn -0.8921 0.3869 -0.2334
vn -0.8976 0.3745 -0.2326
vn -0.9318 0.1150 -0.3442
vn -0.9335 0.1102 -0.3411
vn 0.8158 -0.2582 0.5175
vn 0.8142 -0.2578 0.5202
vn 0.8153 -0.2592 0.5177
vn 0.8161 -0.2583 0.5171
vn 0.9449 0.1850 0.2701
vn 0.9450 0.1842 0.2701
vn 0.9454 0.1856 0.2680
vn 0.9444 0.1885 0.2695
vn 0.9448 0.1883 0.2682
vn 0.9458 0.1881 0.2647
vn 0.9444 0.1906 0.2678
vn 0.9445 0.1866 0.2703
vn 0.8193 -0.2530 0.5145
vn 0.8190 -0.2508 0.5161
vn 0.8185 -0.2528 0.5158
vn 0.8184 -0.2560 0.5145
vn -0.1609 -0.7022 0.6935
vn -0.1632 -0.7007 0.6946
vn -0.1624 -0.7026 0.6928
vn -0.1611 -0.7030 0.6927
vn 0.1611 -0.7025 0.6932
vn 0.1605 -0.7026 0.6933
vn 0.1618 -0.7032 0.6924
vn 0.1632 -0.7007 0.6946
vn 0.1615 -0.7027 0.6930
vn 0.1639 -0.7036 0.6914
vn 0.1625 -0.7015 0.6939
vn 0.1610 -0.7021 0.6936
vn -0.1616 -0.7024 0.6932
vn -0.1625 -0.7016 0.6938
vn -0.1638 -0.7036 0.6915
vn -0.9449 0.1850 0.2701
vn -0.9437 0.1865 0.2731
vn -0.9455 0.1849 0.2679
vn -0.9450 0.1844 0.2701
vn -0.8158 -0.2582 0.5175
vn -0.8162 -0.2583 0.5168
vn -0.8159 -0.2593 0.5169
vn -0.8142 -0.2578 0.5201
vn -0.8195 -0.2530 0.5143
vn -0.8184 -0.2560 0.5145
vn -0.8185 -0.2528 0.5159
vn -0.8190 -0.2508 0.5161
vn -0.9449 0.1878 0.2681
vn -0.9445 0.1867 0.2702
vn -0.9440 0.1892 0.2702
vn -0.9448 0.1912 0.2661
vn -0.9063 0.3745 0.1960
vn -0.9038 0.3816 0.1935
vn -0.9049 0.3805 0.1906
vn -0.9091 0.3717 0.1883
vn -0.9434 0.1102 0.3129
vn -0.9471 0.1113 0.3009
vn -0.9454 0.1045 0.3087
vn -0.9451 0.1034 0.3100
vn -0.9458 0.1093 0.3060
vn -0.9462 0.1035 0.3064
vn -0.9451 0.1027 0.3103
vn -0.9448 0.1152 0.3069
vn -0.9118 0.3625 0.1927
vn -0.9067 0.3676 0.2068
vn -0.9092 0.3667 0.1973
vn -0.9099 0.3667 0.1938
vn 0.2923 0.9534 -0.0750
vn 0.2981 0.9508 -0.0839
vn 0.2995 0.9502 -0.0867
vn 0.2971 0.9488 -0.1073
vn -0.2854 0.9548 -0.0828
vn -0.2774 0.9567 -0.0883
vn -0.2988 0.9502 -0.0884
vn -0.2982 0.9508 -0.0837
vn -0.3044 0.9476 -0.0972
vn -0.3116 0.9463 -0.0860
vn -0.3095 0.9472 -0.0836
vn -0.2925 0.9538 -0.0691
vn 0.2974 0.9504 -0.0905
vn 0.2925 0.9538 -0.0691
vn 0.3095 0.9472 -0.0837
vn 0.3116 0.9463 -0.0860
vn 0.9443 0.1123 0.3094
vn 0.9440 0.1067 0.3123
vn 0.9456 0.1047 0.3080
vn 0.9471 0.1113 0.3009
vn 0.9044 0.3779 0.1981
vn 0.9091 0.3717 0.1883
vn 0.9058 0.3787 0.1902
vn 0.9039 0.3816 0.1935
vn 0.9119 0.3606 0.1959
vn 0.9099 0.3667 0.1939
vn 0.9093 0.3665 0.1972
vn 0.9067 0.3676 0.2068
vn 0.9467 0.1059 0.3042
vn 0.9448 0.1152 0.3069
vn 0.9443 0.1049 0.3119
vn 0.9455 0.1014 0.3094
vn -0.9341 0.1959 0.2985
vn -0.9325 0.1980 0.3019
vn -0.9353 0.1957 0.2950
vn -0.9344 0.1950 0.2982
vn -0.8111 -0.2233 0.5405
vn -0.8111 -0.2246 0.5401
vn -0.8112 -0.2254 0.5395
vn -0.8090 -0.2224 0.5441
vn -0.8146 -0.2192 0.5370
vn -0.8124 -0.2224 0.5390
vn -0.8133 -0.2181 0.5395
vn -0.8142 -0.2162 0.5389
vn -0.9344 0.2008 0.2943
vn -0.9337 0.2002 0.2969
vn -0.9331 0.2030 0.2969
vn -0.9343 0.2057 0.2913
vn -0.8942 0.3833 0.2312
vn -0.8914 0.3914 0.2286
vn -0.8928 0.3901 0.2252
vn -0.8977 0.3802 0.2227
vn -0.9308 0.1204 0.3451
vn -0.9354 0.1219 0.3319
vn -0.9333 0.1137 0.3406
vn -0.9328 0.1120 0.3424
vn -0.9337 0.1199 0.3374
vn -0.9347 0.1130 0.3371
vn -0.9329 0.1122 0.3423
vn -0.9325 0.1266 0.3382
vn -0.9008 0.3698 0.2276
vn -0.8945 0.3752 0.2432
vn -0.8976 0.3744 0.2326
vn -0.8986 0.3746 0.2284
vn 0.2865 0.9574 -0.0368
vn 0.2928 0.9551 -0.0457
vn 0.2944 0.9544 -0.0494
vn 0.2916 0.9539 -0.0714
vn -0.2791 0.9592 -0.0452
vn -0.2706 0.9613 -0.0511
vn -0.2937 0.9545 -0.0514
vn -0.2928 0.9551 -0.0457
vn -0.3000 0.9520 -0.0605
vn -0.3081 0.9501 -0.0487
vn -0.3053 0.9512 -0.0458
vn -0.2866 0.9576 -0.0300
vn 0.2925 0.9548 -0.0532
vn 0.2866 0.9576 -0.0300
vn 0.3052 0.9512 -0.0460
vn 0.3081 0.9501 -0.0487
vn 0.9319 0.1227 0.3413
vn 0.9328 0.1120 0.3424
vn 0.9338 0.1145 0.3389
vn 0.9354 0.1219 0.3319
vn 0.8921 0.3869 0.2335
vn 0.8977 0.3802 0.2227
vn 0.8939 0.3879 0.2246
vn 0.8914 0.3914 0.2286
vn 0.9008 0.3677 0.2310
vn 0.8986 0.3746 0.2284
vn 0.8977 0.3743 0.2325
vn 0.8945 0.3752 0.2432
vn 0.9348 0.1163 0.3355
vn 0.9325 0.1266 0.3382
vn 0.9329 0.1122 0.3423
vn 0.9347 0.1130 0.3371
vn 0.8107 -0.2237 0.5411
vn 0.8086 -0.2236 0.5442
vn 0.8100 -0.2257 0.5412
vn 0.8111 -0.2246 0.5400
vn 0.9343 0.1952 0.2984
vn 0.9344 0.1951 0.2982
vn 0.9348 0.1975 0.2954
vn 0.9325 0.1980 0.3019
vn 0.9345 0.2011 0.2937
vn 0.9343 0.2057 0.2913
vn 0.9332 0.2029 0.2967
vn 0.9337 0.2003 0.2968
vn 0.8148 -0.2186 0.5370
vn 0.8142 -0.2162 0.5389
vn 0.8131 -0.2187 0.5395
vn 0.8131 -0.2230 0.5377
vn -0.1648 -0.6603 0.7327
vn -0.1685 -0.6585 0.7335
vn -0.1667 -0.6601 0.7325
vn -0.1641 -0.6608 0.7324
vn 0.1648 -0.6603 0.7327
vn 0.1644 -0.6605 0.7326
vn 0.1657 -0.6612 0.7317
vn 0.1674 -0.6577 0.7344
vn 0.1641 -0.6604 0.7328
vn 0.1673 -0.6620 0.7306
vn 0.1655 -0.6590 0.7337
vn 0.1641 -0.6597 0.7334
vn -0.1641 -0.6604 0.7328
vn -0.1633 -0.6605 0.7329
vn -0.1660 -0.6594 0.7332
vn -0.1663 -0.6627 0.7302
vn -0.0210 0.5780 0.8158
vn -0.0119 0.5789 0.8153
vn -0.0224 0.5809 0.8137
vn -0.0577 0.5940 0.8024
vn 0.0855 0.6739 0.7338
vn 0.0952 0.6988 0.7090
vn 0.0810 0.6744 0.7339
vn 0.0896 0.6461 0.7580
vn -0.0143 0.7474 0.6642
vn -0.0341 0.7259 0.6870
vn -0.0111 0.7440 0.6681
vn 0.0051 0.7418 0.6706
vn -0.0227 0.5972 0.8018
vn -0.0210 0.5851 0.8107
vn -0.0208 0.6008 0.7991
vn -0.0223 0.6075 0.7940
vn 0.1647 0.2992 0.9399
vn 0.1756 0.3486 0.9207
vn 0.1493 0.3126 0.9381
vn 0.1425 0.2935 0.9453
vn 0.0717 0.3594 0.9304
vn 0.0415 0.3659 0.9297
vn 0.0570 0.3504 0.9349
vn 0.0587 0.3409 0.9382
vn -0.0124 0.3832 0.9236
vn -0.0182 0.3682 0.9296
vn -0.0063 0.3678 0.9299
vn 0.0162 0.3720 0.9281
vn -0.0516 0.1937 0.9797
vn -0.0285 0.1772 0.9838
vn -0.0324 0.2058 0.9781
vn -0.0690 0.2323 0.9702
vn -0.0412 0.4417 0.8962
vn -0.0933 0.4210 0.9023
vn -0.0552 0.4197 0.9060
vn -0.0371 0.4130 0.9100
vn 0.0312 0.4350 0.8999
vn 0.0371 0.4130 0.9100
vn 0.0526 0.4171 0.9073
vn 0.0947 0.4190 0.9030
vn -0.0442 -0.0057 0.9990
vn -0.0498 -0.0240 0.9985
vn -0.0239 0.0154 0.9996
vn -0.0658 0.0564 0.9962
vn 0.0588 0.0035 0.9983
vn 0.0688 0.0518 0.9963
vn 0.0227 0.0112 0.9997
vn 0.0429 -0.0312 0.9986
vn -0.0673 0.3795 0.9227
vn -0.0587 0.3419 0.9379
vn -0.0573 0.3496 0.9352
vn -0.0415 0.3659 0.9297
vn -0.1863 0.3113 0.9319
vn -0.1425 0.2935 0.9453
vn -0.1508 0.3090 0.9390
vn -0.1731 0.3484 0.9212
vn 0.0618 0.1651 0.9843
vn 0.0950 0.2216 0.9705
vn 0.0546 0.2055 0.9771
vn 0.0101 0.2065 0.9784
vn 0.0464 0.3749 0.9259
vn 0.0155 0.4139 0.9102
vn 0.0131 0.3676 0.9299
vn 0.0248 0.3687 0.9292
vn -0.0852 0.6719 0.7357
vn -0.0862 0.6428 0.7612
vn -0.0808 0.6715 0.7366
vn -0.0952 0.6988 0.7090
vn 0.0219 0.5784 0.8155
vn 0.0577 0.5940 0.8024
vn 0.0230 0.5808 0.8137
vn 0.0130 0.5791 0.8151
vn 0.0447 0.5990 0.7995
vn 0.0431 0.6062 0.7941
vn 0.0415 0.6011 0.7981
vn 0.0393 0.5666 0.8230
vn 0.0186 0.7486 0.6628
vn -0.0177 0.7330 0.6800
vn 0.0189 0.7433 0.6687
vn 0.0529 0.7310 0.6803
vn 0.0093 0.6631 0.7484
vn 0.0470 0.6685 0.7422
vn 0.0139 0.6681 0.7439
vn 0.0114 0.6710 0.7414
vn -0.0068 0.6647 0.7471
vn -0.0062 0.6663 0.7456
vn -0.0114 0.6692 0.7430
vn -0.0508 0.6619 0.7479
vn 0.0060 0.8048 0.5935
vn 0.0038 0.8245 0.5658
vn -0.0009 0.7996 0.6006
vn 0.0032 0.7866 0.6175
vn -0.0084 0.8026 0.5964
vn -0.0278 0.7992 0.6004
vn 0.0004 0.8013 0.5983
vn -0.0179 0.8201 0.5720
vn 0.8266 -0.2327 0.5124
vn 0.7941 -0.2691 0.5450
vn 0.8219 -0.2498 0.5119
vn 0.8238 -0.2476 0.5100
vn 0.9405 0.1893 0.2821
vn 0.9455 0.1890 0.2650
vn 0.9454 0.1909 0.2642
vn 0.8945 0.2822 0.3466
vn 0.4553 0.4490 0.7688
vn 0.5037 0.5521 0.6644
vn 0.4468 0.5346 0.7173
vn 0.4233 0.4534 0.7844
vn 0.2940 0.5640 0.7717
vn 0.2656 0.5908 0.7619
vn 0.2586 0.5617 0.7859
vn 0.3067 0.5323 0.7890
vn 0.9485 0.1729 0.2653
vn 0.9458 0.1853 0.2666
vn 0.9444 0.1850 0.2719
vn 0.9448 0.1828 0.2720
vn 0.8206 -0.2577 0.5102
vn 0.8138 -0.2608 0.5193
vn 0.8131 -0.2612 0.5203
vn 0.8147 -0.2703 0.5131
vn 0.3248 0.5141 0.7939
vn 0.3202 0.5001 0.8046
vn 0.3276 0.5018 0.8005
vn 0.3612 0.4814 0.7986
vn 0.4616 0.4900 0.7395
vn 0.4724 0.4631 0.7499
vn 0.4687 0.4963 0.7308
vn 0.4640 0.5004 0.7310
vn -0.1568 -0.6932 0.7035
vn -0.1568 -0.6685 0.7270
vn -0.1633 -0.7029 0.6923
vn -0.1616 -0.7027 0.6929
vn 0.1486 -0.6999 0.6986
vn 0.1615 -0.7028 0.6929
vn 0.1632 -0.7029 0.6924
vn 0.1568 -0.6685 0.7270
vn 0.0835 0.4341 0.8970
vn 0.1350 0.4477 0.8840
vn 0.0902 0.4656 0.8804
vn 0.0747 0.4763 0.8761
vn -0.0752 0.4408 0.8944
vn -0.0563 0.4613 0.8855
vn -0.1048 0.4583 0.8826
vn -0.1350 0.4477 0.8840
vn 0.1594 -0.7049 0.6912
vn 0.1712 -0.7028 0.6905
vn 0.1618 -0.7021 0.6935
vn 0.1607 -0.7021 0.6937
vn -0.1577 -0.7039 0.6926
vn -0.1604 -0.7026 0.6932
vn -0.1609 -0.7016 0.6942
vn -0.1686 -0.7067 0.6871
vn -0.0461 0.4890 0.8711
vn -0.0541 0.4936 0.8680
vn -0.0505 0.4862 0.8724
vn -0.0476 0.4817 0.8750
vn 0.0445 0.4872 0.8721
vn 0.0424 0.4857 0.8731
vn 0.0493 0.4842 0.8735
vn 0.0471 0.4957 0.8672
vn -0.9434 0.1802 0.2784
vn -0.9033 0.3128 0.2935
vn -0.9447 0.1929 0.2652
vn -0.9455 0.1890 0.2651
vn -0.8193 -0.2362 0.5224
vn -0.8238 -0.2475 0.5100
vn -0.8219 -0.2499 0.5120
vn -0.7941 -0.2690 0.5450
vn -0.2901 0.5725 0.7669
vn -0.3067 0.5323 0.7890
vn -0.2571 0.5722 0.7788
vn -0.2656 0.5908 0.7619
vn -0.4597 0.4508 0.7652
vn -0.4233 0.4534 0.7844
vn -0.3914 0.5247 0.7560
vn -0.5547 0.4938 0.6697
vn -0.8195 -0.2636 0.5089
vn -0.8103 -0.2719 0.5191
vn -0.8128 -0.2620 0.5203
vn -0.8139 -0.2607 0.5193
vn -0.9469 0.1709 0.2725
vn -0.9447 0.1828 0.2723
vn -0.9446 0.1851 0.2711
vn -0.9463 0.1836 0.2661
vn -0.4570 0.5002 0.7355
vn -0.4652 0.5010 0.7298
vn -0.4684 0.4970 0.7304
vn -0.4724 0.4631 0.7499
vn -0.3307 0.5134 0.7919
vn -0.3612 0.4814 0.7986
vn -0.3291 0.5014 0.8002
vn -0.3187 0.5082 0.8001
vn -0.9146 0.3420 0.2157
vn -0.9040 0.3800 0.1960
vn -0.9133 0.3554 0.1990
vn -0.9166 0.3451 0.2018
vn -0.9395 0.1191 0.3212
vn -0.9484 0.1016 0.3002
vn -0.9458 0.1026 0.3081
vn -0.9054 0.0474 0.4219
vn -0.4105 0.3433 0.8448
vn -0.4632 0.2000 0.8634
vn -0.3831 0.2502 0.8892
vn -0.3781 0.3473 0.8581
vn -0.2497 0.3137 0.9161
vn -0.2168 0.2946 0.9307
vn -0.2160 0.3292 0.9192
vn -0.2444 0.3386 0.9086
vn -0.9458 0.1107 0.3054
vn -0.9461 0.1027 0.3072
vn -0.9444 0.1079 0.3105
vn -0.9428 0.1161 0.3125
vn -0.9036 0.3853 0.1871
vn -0.9022 0.3832 0.1979
vn -0.9009 0.3896 0.1912
vn -0.9010 0.3932 0.1833
vn -0.5440 0.4008 0.7372
vn -0.5374 0.4066 0.7388
vn -0.5427 0.4093 0.7335
vn -0.5613 0.3884 0.7308
vn -0.5200 0.2883 0.8040
vn -0.5372 0.3002 0.7882
vn -0.5240 0.2857 0.8024
vn -0.5191 0.2850 0.8058
vn 0.3120 0.9480 -0.0637
vn 0.3145 0.9476 -0.0562
vn 0.3199 0.9437 -0.0837
vn 0.3032 0.9476 -0.1010
vn -0.2998 0.9508 -0.0775
vn -0.3032 0.9476 -0.1010
vn -0.3200 0.9437 -0.0838
vn -0.3145 0.9476 -0.0562
vn -0.0801 0.4338 0.8975
vn -0.1115 0.4073 0.9065
vn -0.0856 0.3988 0.9130
vn -0.0856 0.3913 0.9163
vn 0.0679 0.4263 0.9020
vn 0.0607 0.4198 0.9056
vn 0.0963 0.4016 0.9107
vn 0.1115 0.4073 0.9065
vn -0.2710 0.9577 -0.0964
vn -0.2952 0.9508 -0.0935
vn -0.2912 0.9528 -0.0861
vn -0.2893 0.9548 -0.0678
vn 0.2828 0.9531 -0.1078
vn 0.2700 0.9587 -0.0895
vn 0.2890 0.9535 -0.0855
vn 0.2915 0.9517 -0.0960
vn 0.1644 0.7913 0.5890
vn 0.1923 0.7880 0.5848
vn 0.1891 0.7913 0.5815
vn 0.1742 0.7996 0.5747
vn -0.1762 0.7804 0.5999
vn -0.1742 0.7996 0.5747
vn -0.1876 0.7925 0.5803
vn -0.1884 0.7856 0.5894
vn 0.9434 0.1234 0.3080
vn 0.9216 0.0006 0.3881
vn 0.9454 0.1011 0.3099
vn 0.9485 0.1016 0.3002
vn 0.9085 0.3555 0.2198
vn 0.9166 0.3451 0.2018
vn 0.9133 0.3554 0.1990
vn 0.9040 0.3800 0.1960
vn 0.2410 0.3017 0.9224
vn 0.2444 0.3386 0.9086
vn 0.2131 0.3180 0.9238
vn 0.2168 0.2946 0.9307
vn 0.4171 0.3371 0.8440
vn 0.3781 0.3473 0.8581
vn 0.3220 0.3448 0.8817
vn 0.4906 0.2169 0.8440
vn 0.9035 0.3843 0.1900
vn 0.8991 0.3956 0.1875
vn 0.9011 0.3902 0.1892
vn 0.9022 0.3832 0.1979
vn 0.9464 0.1076 0.3045
vn 0.9428 0.1161 0.3125
vn 0.9445 0.1071 0.3104
vn 0.9465 0.1034 0.3056
vn 0.5225 0.2903 0.8017
vn 0.5203 0.2830 0.8057
vn 0.5234 0.2856 0.8028
vn 0.5372 0.3002 0.7882
vn 0.5415 0.4031 0.7378
vn 0.5613 0.3884 0.7308
vn 0.5447 0.4090 0.7321
vn 0.5392 0.4009 0.7406
vn -0.9328 0.1964 0.3022
vn -0.8912 0.3250 0.3165
vn -0.9341 0.2092 0.2893
vn -0.9351 0.2039 0.2899
vn -0.8140 -0.2029 0.5443
vn -0.8190 -0.2138 0.5324
vn -0.8163 -0.2162 0.5356
vn -0.7905 -0.2204 0.5715
vn -0.2913 0.5704 0.7680
vn -0.2948 0.5277 0.7966
vn -0.2596 0.5703 0.7794
vn -0.2678 0.5888 0.7626
vn -0.4605 0.4510 0.7645
vn -0.4249 0.4530 0.7837
vn -0.3936 0.5231 0.7560
vn -0.5532 0.4931 0.6714
vn -0.8154 -0.2298 0.5314
vn -0.8072 -0.2375 0.5404
vn -0.8075 -0.2284 0.5438
vn -0.8092 -0.2266 0.5421
vn -0.9365 0.1790 0.3014
vn -0.9340 0.1926 0.3010
vn -0.9339 0.1951 0.2995
vn -0.9359 0.1929 0.2946
vn -0.4468 0.5016 0.7408
vn -0.4562 0.5021 0.7347
vn -0.4590 0.4982 0.7356
vn -0.4630 0.4643 0.7550
vn -0.3228 0.5206 0.7904
vn -0.3527 0.4877 0.7986
vn -0.3209 0.5077 0.7995
vn -0.3104 0.5115 0.8012
vn -0.9034 0.3478 0.2510
vn -0.8930 0.3858 0.2318
vn -0.9025 0.3615 0.2342
vn -0.9062 0.3499 0.2375
vn -0.9267 0.1292 0.3529
vn -0.9370 0.1119 0.3308
vn -0.9340 0.1126 0.3391
vn -0.8914 0.0585 0.4495
vn -0.4124 0.3431 0.8439
vn -0.4643 0.2032 0.8621
vn -0.3857 0.2513 0.8878
vn -0.3875 0.3542 0.8511
vn -0.2526 0.3147 0.9149
vn -0.2136 0.3004 0.9296
vn -0.2191 0.3301 0.9182
vn -0.2472 0.3394 0.9076
vn -0.9337 0.1209 0.3370
vn -0.9340 0.1122 0.3391
vn -0.9319 0.1177 0.3432
vn -0.9301 0.1267 0.3448
vn -0.8915 0.3952 0.2215
vn -0.8895 0.3927 0.2335
vn -0.8881 0.4001 0.2263
vn -0.8886 0.4035 0.2182
vn -0.5422 0.4030 0.7373
vn -0.5358 0.4092 0.7386
vn -0.5410 0.4116 0.7334
vn -0.5617 0.3894 0.7299
vn -0.5166 0.2896 0.8057
vn -0.5359 0.3030 0.7880
vn -0.5211 0.2872 0.8038
vn -0.5159 0.2860 0.8075
vn 0.3087 0.9508 -0.0249
vn 0.3112 0.9502 -0.0185
vn 0.3173 0.9472 -0.0460
vn 0.2989 0.9521 -0.0648
vn -0.2960 0.9544 -0.0394
vn -0.2989 0.9521 -0.0648
vn -0.3174 0.9472 -0.0461
vn -0.3112 0.9502 -0.0185
vn -0.0808 0.4374 0.8956
vn -0.1124 0.4103 0.9050
vn -0.0866 0.4018 0.9116
vn -0.0866 0.3942 0.9149
vn 0.0681 0.4296 0.9005
vn 0.0617 0.4226 0.9042
vn 0.0972 0.4046 0.9093
vn 0.1124 0.4103 0.9050
vn -0.2646 0.9625 -0.0593
vn -0.2890 0.9557 -0.0562
vn -0.2853 0.9572 -0.0486
vn -0.2831 0.9586 -0.0292
vn 0.2766 0.9584 -0.0708
vn 0.2625 0.9635 -0.0524
vn 0.2826 0.9580 -0.0479
vn 0.2855 0.9566 -0.0586
vn 0.1616 0.7921 0.5886
vn 0.1896 0.7891 0.5843
vn 0.1860 0.7921 0.5813
vn 0.1731 0.7991 0.5757
vn -0.1736 0.7812 0.5997
vn -0.1731 0.7991 0.5757
vn -0.1847 0.7933 0.5802
vn -0.1858 0.7866 0.5888
vn 0.9310 0.1337 0.3398
vn 0.8914 0.0585 0.4495
vn 0.9340 0.1126 0.3391
vn 0.9370 0.1119 0.3308
vn 0.8970 0.3610 0.2551
vn 0.9062 0.3499 0.2375
vn 0.9024 0.3615 0.2344
vn 0.8930 0.3858 0.2318
vn 0.2441 0.3028 0.9213
vn 0.2472 0.3394 0.9076
vn 0.2162 0.3190 0.9228
vn 0.2198 0.2958 0.9296
vn 0.4191 0.3370 0.8431
vn 0.3804 0.3470 0.8573
vn 0.3255 0.3440 0.8807
vn 0.4643 0.2032 0.8621
vn 0.8913 0.3938 0.2248
vn 0.8866 0.4056 0.2224
vn 0.8884 0.4007 0.2239
vn 0.8895 0.3927 0.2335
vn 0.9346 0.1174 0.3359
vn 0.9301 0.1267 0.3448
vn 0.9324 0.1157 0.3424
vn 0.9349 0.1145 0.3360
vn 0.5195 0.2920 0.8030
vn 0.5192 0.2825 0.8066
vn 0.5205 0.2865 0.8043
vn 0.5359 0.3030 0.7880
vn 0.5393 0.4057 0.7380
vn 0.5617 0.3894 0.7299
vn 0.5428 0.4114 0.7322
vn 0.5376 0.4037 0.7403
vn 0.8209 -0.1996 0.5351
vn 0.7904 -0.2341 0.5661
vn 0.8167 -0.2165 0.5349
vn 0.8190 -0.2138 0.5325
vn 0.9298 0.2050 0.3055
vn 0.9351 0.2040 0.2899
vn 0.9341 0.2092 0.2893
vn 0.8912 0.3250 0.3165
vn 0.4564 0.4494 0.7679
vn 0.5532 0.4931 0.6714
vn 0.4483 0.5330 0.7176
vn 0.4249 0.4530 0.7837
vn 0.2950 0.5624 0.7724
vn 0.2678 0.5888 0.7626
vn 0.2611 0.5600 0.7863
vn 0.3075 0.5320 0.7889
vn 0.9386 0.1811 0.2937
vn 0.9348 0.1962 0.2961
vn 0.9334 0.1944 0.3017
vn 0.9340 0.1926 0.3009
vn 0.8164 -0.2231 0.5326
vn 0.8092 -0.2266 0.5420
vn 0.8078 -0.2266 0.5442
vn 0.8098 -0.2362 0.5370
vn 0.3163 0.5214 0.7925
vn 0.3122 0.5066 0.8037
vn 0.3200 0.5078 0.7998
vn 0.3527 0.4877 0.7986
vn 0.4518 0.4902 0.7454
vn 0.4630 0.4644 0.7550
vn 0.4599 0.4972 0.7357
vn 0.4541 0.5003 0.7372
vn -0.1589 -0.6519 0.7415
vn -0.1775 -0.6259 0.7594
vn -0.1649 -0.6617 0.7314
vn -0.1636 -0.6612 0.7322
vn 0.1515 -0.6582 0.7375
vn 0.1626 -0.6606 0.7329
vn 0.1652 -0.6613 0.7317
vn 0.1577 -0.6267 0.7631
vn 0.0844 0.4331 0.8974
vn 0.1331 0.4454 0.8854
vn 0.0906 0.4629 0.8818
vn 0.0886 0.4756 0.8752
vn -0.0770 0.4391 0.8951
vn -0.0536 0.4471 0.8929
vn -0.1048 0.4557 0.8840
vn -0.1328 0.4367 0.8897
vn 0.1636 -0.6629 0.7306
vn 0.1753 -0.6605 0.7301
vn 0.1667 -0.6594 0.7331
vn 0.1645 -0.6598 0.7333
vn -0.1618 -0.6617 0.7321
vn -0.1646 -0.6598 0.7332
vn -0.1647 -0.6588 0.7341
vn -0.1741 -0.6630 0.7281
vn -0.0453 0.4973 0.8664
vn -0.0510 0.5026 0.8630
vn -0.0499 0.4941 0.8679
vn -0.0470 0.4903 0.8703
vn 0.0434 0.4954 0.8676
vn 0.0424 0.4937 0.8686
vn 0.0495 0.4929 0.8687
vn 0.0466 0.5034 0.8628
vn -0.8209 -0.1996 -0.5351
vn -0.7904 -0.2341 -0.5662
vn -0.8167 -0.2166 -0.5349
vn -0.8190 -0.2138 -0.5324
vn -0.9299 0.2050 -0.3055
vn -0.9351 0.2039 -0.2899
vn -0.9351 0.2065 -0.2881
vn -0.8818 0.2952 -0.3679
vn -0.4564 0.4494 -0.7679
vn -0.5037 0.5496 -0.6665
vn -0.4483 0.5330 -0.7176
vn -0.4249 0.4530 -0.7837
vn -0.2950 0.5624 -0.7724
vn -0.2678 0.5888 -0.7626
vn -0.2611 0.5600 -0.7863
vn -0.3075 0.5320 -0.7889
vn -0.9386 0.1811 -0.2937
vn -0.9354 0.1947 -0.2951
vn -0.9336 0.1950 -0.3007
vn -0.9341 0.1925 -0.3008
vn -0.8164 -0.2231 -0.5326
vn -0.8092 -0.2266 -0.5421
vn -0.8078 -0.2266 -0.5442
vn -0.8098 -0.2362 -0.5370
vn -0.3163 0.5214 -0.7925
vn -0.3122 0.5066 -0.8037
vn -0.3194 0.5081 -0.7999
vn -0.3527 0.4877 -0.7986
vn -0.4518 0.4902 -0.7454
vn -0.4630 0.4643 -0.7550
vn -0.4598 0.4972 -0.7358
vn -0.4549 0.5014 -0.7359
vn 0.1589 -0.6519 -0.7415
vn 0.1577 -0.6267 -0.7631
vn 0.1653 -0.6614 -0.7316
vn 0.1636 -0.6611 -0.7322
vn -0.1515 -0.6582 -0.7375
vn -0.1629 -0.6606 -0.7329
vn -0.1654 -0.6614 -0.7316
vn -0.1577 -0.6267 -0.7631
vn -0.0844 0.4331 -0.8974
vn -0.1331 0.4454 -0.8854
vn -0.0906 0.4629 -0.8818
vn -0.0752 0.4737 -0.8775
vn 0.0770 0.4391 -0.8951
vn 0.0570 0.4588 -0.8867
vn 0.1048 0.4557 -0.8840
vn 0.1331 0.4454 -0.8854
vn -0.1636 -0.6629 -0.7306
vn -0.1753 -0.6605 -0.7301
vn -0.1668 -0.6593 -0.7331
vn -0.1645 -0.6598 -0.7332
vn 0.1618 -0.6617 -0.7321
vn 0.1645 -0.6598 -0.7332
vn 0.1654 -0.6587 -0.7340
vn 0.1729 -0.6644 -0.7271
vn 0.0453 0.4973 -0.8664
vn 0.0533 0.5014 -0.8636
vn 0.0487 0.4922 -0.8691
vn 0.0470 0.4903 -0.8703
vn -0.0434 0.4954 -0.8676
vn -0.0425 0.4937 -0.8686
vn -0.0487 0.4922 -0.8691
vn -0.0466 0.5034 -0.8628
vn 0.9328 0.1964 -0.3022
vn 0.8912 0.3250 -0.3165
vn 0.9341 0.2092 -0.2893
vn 0.9351 0.2040 -0.2899
vn 0.8140 -0.2029 -0.5443
vn 0.8190 -0.2138 -0.5325
vn 0.8167 -0.2166 -0.5349
vn 0.7904 -0.2341 -0.5662
vn 0.2913 0.5704 -0.7680
vn 0.3075 0.5320 -0.7889
vn 0.2596 0.5703 -0.7794
vn 0.2678 0.5888 -0.7626
vn 0.4605 0.4510 -0.7645
vn 0.4249 0.4530 -0.7837
vn 0.3936 0.5231 -0.7560
vn 0.5532 0.4931 -0.6714
vn 0.8154 -0.2298 -0.5313
vn 0.8057 -0.2374 -0.5427
vn 0.8075 -0.2279 -0.5440
vn 0.8092 -0.2266 -0.5421
vn 0.9365 0.1789 -0.3014
vn 0.9340 0.1926 -0.3010
vn 0.9339 0.1950 -0.2996
vn 0.9359 0.1929 -0.2946
vn 0.4468 0.5016 -0.7408
vn 0.4562 0.5021 -0.7347
vn 0.4590 0.4982 -0.7356
vn 0.4630 0.4644 -0.7550
vn 0.3228 0.5206 -0.7904
vn 0.3527 0.4877 -0.7986
vn 0.3195 0.5082 -0.7998
vn 0.3108 0.5144 -0.7992
vn 0.9034 0.3478 -0.2510
vn 0.8930 0.3858 -0.2318
vn 0.9025 0.3615 -0.2342
vn 0.9062 0.3499 -0.2375
vn 0.9267 0.1292 -0.3529
vn 0.9370 0.1119 -0.3308
vn 0.9340 0.1126 -0.3391
vn 0.8914 0.0585 -0.4495
vn 0.4124 0.3431 -0.8439
vn 0.4643 0.2032 -0.8621
vn 0.3857 0.2513 -0.8878
vn 0.3803 0.3470 -0.8573
vn 0.2526 0.3147 -0.9149
vn 0.2198 0.2958 -0.9296
vn 0.2191 0.3301 -0.9182
vn 0.2472 0.3394 -0.9076
vn 0.9337 0.1210 -0.3369
vn 0.9340 0.1122 -0.3391
vn 0.9319 0.1177 -0.3431
vn 0.9301 0.1267 -0.3448
vn 0.8915 0.3951 -0.2214
vn 0.8895 0.3927 -0.2335
vn 0.8881 0.4001 -0.2263
vn 0.8886 0.4035 -0.2183
vn 0.5422 0.4030 -0.7373
vn 0.5357 0.4092 -0.7386
vn 0.5445 0.4104 -0.7315
vn 0.5617 0.3894 -0.7299
vn 0.5166 0.2897 -0.8057
vn 0.5359 0.3030 -0.7880
vn 0.5211 0.2872 -0.8038
vn 0.5159 0.2860 -0.8075
vn -0.3087 0.9508 0.0249
vn -0.3112 0.9502 0.0185
vn -0.3174 0.9472 0.0461
vn -0.2989 0.9521 0.0648
vn 0.2960 0.9544 0.0394
vn 0.2989 0.9521 0.0648
vn 0.3174 0.9472 0.0461
vn 0.3112 0.9502 0.0185
vn 0.0808 0.4374 -0.8956
vn 0.1124 0.4103 -0.9050
vn 0.0866 0.4018 -0.9116
vn 0.0866 0.3942 -0.9149
vn -0.0681 0.4296 -0.9005
vn -0.0617 0.4226 -0.9042
vn -0.0972 0.4046 -0.9093
vn -0.1124 0.4103 -0.9050
vn 0.2646 0.9625 0.0593
vn 0.2890 0.9557 0.0562
vn 0.2853 0.9572 0.0485
vn 0.2831 0.9586 0.0292
vn -0.2766 0.9584 0.0708
vn -0.2625 0.9635 0.0524
vn -0.2826 0.9580 0.0479
vn -0.2855 0.9566 0.0586
vn -0.1616 0.7921 -0.5886
vn -0.1896 0.7891 -0.5843
vn -0.1865 0.7910 -0.5827
vn -0.1731 0.7991 -0.5757
vn 0.1736 0.7812 -0.5997
vn 0.1731 0.7991 -0.5757
vn 0.1865 0.7910 -0.5827
vn 0.1858 0.7866 -0.5888
vn -0.9310 0.1337 -0.3398
vn -0.9088 0.0132 -0.4171
vn -0.9333 0.1107 -0.3416
vn -0.9370 0.1119 -0.3308
vn -0.8970 0.3610 -0.2551
vn -0.9062 0.3499 -0.2375
vn -0.9025 0.3615 -0.2342
vn -0.8930 0.3858 -0.2318
vn -0.2441 0.3028 -0.9213
vn -0.2472 0.3394 -0.9076
vn -0.2162 0.3190 -0.9228
vn -0.2198 0.2958 -0.9296
vn -0.4191 0.3370 -0.8431
vn -0.3803 0.3470 -0.8573
vn -0.3255 0.3440 -0.8807
vn -0.4910 0.2198 -0.8430
vn -0.8913 0.3938 -0.2248
vn -0.8866 0.4056 -0.2224
vn -0.8884 0.4008 -0.2239
vn -0.8895 0.3927 -0.2335
vn -0.9345 0.1174 -0.3359
vn -0.9301 0.1267 -0.3448
vn -0.9321 0.1166 -0.3430
vn -0.9345 0.1131 -0.3374
vn -0.5195 0.2920 -0.8030
vn -0.5173 0.2839 -0.8074
vn -0.5205 0.2868 -0.8043
vn -0.5360 0.3031 -0.7880
vn -0.5393 0.4057 -0.7379
vn -0.5618 0.3894 -0.7299
vn -0.5445 0.4104 -0.7315
vn -0.5376 0.4037 -0.7403
vn 0.8163 -0.2164 -0.5356
vn 0.7905 -0.2204 -0.5715
vn 0.2948 0.5277 -0.7966
vn 0.8154 -0.2298 -0.5314
vn 0.8072 -0.2375 -0.5404
vn 0.8076 -0.2284 -0.5437
vn 0.8091 -0.2267 -0.5421
vn 0.9341 0.1925 -0.3008
vn 0.9339 0.1951 -0.2995
vn 0.4590 0.4983 -0.7356
vn 0.3209 0.5078 -0.7995
vn 0.3104 0.5115 -0.8012
vn 0.9024 0.3615 -0.2343
vn 0.3875 0.3542 -0.8511
vn 0.2136 0.3004 -0.9296
vn 0.9337 0.1209 -0.3369
vn 0.8915 0.3952 -0.2215
vn 0.8886 0.4035 -0.2182
vn 0.5618 0.3894 -0.7299
vn 0.5166 0.2896 -0.8057
vn 0.5360 0.3031 -0.7880
vn 0.5213 0.2870 -0.8037
vn -0.3172 0.9472 0.0459
vn 0.3173 0.9472 0.0460
vn 0.1866 0.7910 -0.5827
vn 0.1858 0.7866 -0.5889
vn -0.8914 0.0585 -0.4495
vn -0.9340 0.1126 -0.3391
vn -0.9371 0.1119 -0.3308
vn -0.9025 0.3615 -0.2344
vn -0.3804 0.3470 -0.8573
vn -0.4643 0.2032 -0.8621
vn -0.8866 0.4056 -0.2223
vn -0.9346 0.1174 -0.3359
vn -0.9324 0.1157 -0.3424
vn -0.9349 0.1145 -0.3360
vn -0.5192 0.2825 -0.8066
vn -0.5212 0.2871 -0.8037
vn -0.5393 0.4057 -0.7380
vn -0.5444 0.4104 -0.7315
vn -0.8208 -0.1996 -0.5351
vn -0.8190 -0.2138 -0.5325
vn -0.9298 0.2050 -0.3055
vn -0.9341 0.2092 -0.2893
vn -0.8912 0.3250 -0.3165
vn -0.5532 0.4931 -0.6714
vn -0.9348 0.1962 -0.2961
vn -0.9334 0.1944 -0.3017
vn -0.9340 0.1926 -0.3008
vn -0.8092 -0.2266 -0.5420
vn -0.8078 -0.2266 -0.5441
vn -0.8098 -0.2362 -0.5371
vn -0.3163 0.5214 -0.7926
vn -0.4518 0.4902 -0.7453
vn -0.4630 0.4644 -0.7550
vn -0.4590 0.4981 -0.7357
vn -0.4541 0.5003 -0.7372
vn 0.1775 -0.6259 -0.7594
vn 0.1649 -0.6618 -0.7314
vn 0.1636 -0.6612 -0.7321
vn -0.1628 -0.6606 -0.7329
vn -0.1653 -0.6614 -0.7316
vn -0.0886 0.4756 -0.8752
vn 0.0536 0.4471 -0.8929
vn 0.1328 0.4367 -0.8897
vn -0.1669 -0.6593 -0.7331
vn -0.1647 -0.6599 -0.7331
vn 0.1647 -0.6587 -0.7341
vn 0.1741 -0.6630 -0.7281
vn 0.0510 0.5026 -0.8630
vn 0.0499 0.4942 -0.8679
vn 0.0470 0.4904 -0.8703
vn -0.0424 0.4937 -0.8686
vn 0.4746 0.8169 -0.3276
vn 0.4721 0.8226 -0.3168
vn 0.4808 0.8153 -0.3226
vn 0.4786 0.8151 -0.3263
vn 0.4506 0.8860 -0.1093
vn 0.4558 0.8838 -0.1055
vn 0.4571 0.8813 -0.1198
vn 0.4421 0.8863 -0.1380
vn 0.2167 0.9689 -0.1194
vn 0.2427 0.9608 -0.1340
vn 0.1871 0.9705 -0.1519
vn 0.2134 0.9695 -0.1209
vn 0.3281 0.8765 -0.3522
vn 0.3232 0.8774 -0.3547
vn 0.3095 0.8846 -0.3488
vn 0.3335 0.8765 -0.3471
vn 0.4519 0.8856 0.1070
vn 0.4277 0.8957 0.1218
vn 0.4627 0.8792 0.1137
vn 0.4558 0.8838 0.1055
vn 0.4728 0.8184 0.3266
vn 0.4786 0.8151 0.3263
vn 0.4802 0.8165 0.3206
vn 0.4721 0.8226 0.3168
vn 0.3268 0.8762 0.3543
vn 0.3335 0.8765 0.3471
vn 0.3244 0.8842 0.3360
vn 0.3232 0.8774 0.3547
vn 0.2186 0.9683 0.1206
vn 0.2134 0.9694 0.1210
vn 0.1871 0.9705 0.1519
vn 0.2270 0.9623 0.1500
vn -0.0001 0.9245 -0.3812
vn -0.0004 0.9251 -0.3796
vn -0.0007 0.9912 -0.1326
vn -0.0008 0.9909 -0.1347
vn 0.9244 0.3790 -0.0426
vn 0.9251 0.3771 -0.0440
vn 0.9230 0.3818 -0.0468
vn 0.9239 0.3802 -0.0424
vn 0.9308 0.3421 -0.1287
vn 0.9302 0.3432 -0.1301
vn 0.9297 0.3448 -0.1297
vn 0.9309 0.3420 -0.1280
vn -0.0004 0.9912 0.1323
vn -0.0019 0.9910 0.1336
vn -0.0003 0.9247 0.3808
vn -0.0003 0.9251 0.3798
vn 0.9307 0.3422 0.1292
vn 0.9309 0.3422 0.1281
vn 0.9303 0.3443 0.1268
vn 0.9302 0.3433 0.1302
vn 0.9245 0.3787 0.0428
vn 0.9240 0.3801 0.0425
vn 0.9230 0.3818 0.0468
vn 0.9247 0.3780 0.0451
vn 0.9142 0.4016 -0.0552
vn 0.9141 0.3741 -0.1562
vn 0.9141 0.3741 0.1562
vn 0.9140 0.3745 0.1562
vn 0.9142 0.4016 0.0552
vn -0.0289 -0.1981 0.9798
vn -0.0727 -0.2378 0.9686
vn -0.0227 -0.2098 0.9775
vn -0.0140 -0.2001 0.9797
vn -0.0028 -0.3833 0.9236
vn 0.0007 -0.3915 0.9202
vn 0.0030 -0.3832 0.9237
vn -0.0005 -0.3890 0.9213
vn 0.0259 -0.1971 0.9800
vn 0.0139 -0.1995 0.9798
vn 0.0212 -0.2073 0.9781
vn 0.0693 -0.2377 0.9689
vn 0.0036 -0.3807 0.9247
vn -0.0008 -0.3927 0.9197
vn 0.0263 -0.1934 0.9808
vn 0.0128 -0.1960 0.9805
vn 0.0215 -0.2076 0.9780
vn 0.0700 -0.2313 0.9704
vn -0.0255 -0.1955 0.9804
vn -0.0652 -0.2310 0.9708
vn -0.0202 -0.2025 0.9791
vn -0.0134 -0.1951 0.9807
vn -0.0001 -0.3839 0.9234
vn 0.0005 -0.3885 0.9215
vn 0.0259 -0.1972 -0.9800
vn 0.0514 -0.2519 -0.9664
vn 0.0198 -0.2068 -0.9782
vn 0.0139 -0.1995 -0.9798
vn 0.0030 -0.3832 -0.9237
vn -0.0005 -0.3890 -0.9213
vn -0.0028 -0.3833 -0.9236
vn 0.0007 -0.3915 -0.9202
vn -0.0289 -0.1981 -0.9798
vn -0.0140 -0.2001 -0.9797
vn -0.0248 -0.2103 -0.9773
vn -0.0837 -0.2178 -0.9724
vn 0.0302 -0.1987 -0.9796
vn 0.0559 -0.2522 -0.9661
vn 0.0204 -0.2110 -0.9773
vn 0.0133 -0.2004 -0.9796
vn 0.0026 -0.3831 -0.9237
vn -0.0008 -0.3935 -0.9193
vn -0.0028 -0.3829 -0.9238
vn 0.0005 -0.3890 -0.9213
vn -0.0256 -0.1974 -0.9800
vn -0.0139 -0.1995 -0.9798
vn -0.0233 -0.2075 -0.9780
vn -0.0800 -0.2176 -0.9728
vn -0.0013 -0.1325 -0.9912
vn -0.0025 -0.1389 -0.9903
vn -0.0131 -0.1507 -0.9885
vn -0.0073 -0.1544 -0.9880
vn -0.0213 -0.1523 -0.9881
vn -0.0136 -0.1431 -0.9896
vn 0.0013 -0.3809 -0.9246
vn -0.0091 -0.3811 -0.9245
vn -0.0003 -0.3818 -0.9243
vn 0.0003 -0.3817 -0.9243
vn -0.0012 -0.3808 -0.9246
vn 0.0091 -0.3811 -0.9245
vn 0.0131 -0.1508 -0.9885
vn 0.0136 -0.1431 -0.9896
vn 0.0202 -0.1560 -0.9876
vn 0.0073 -0.1544 -0.9880
vn 0.0013 -0.1325 -0.9912
vn 0.0025 -0.1389 -0.9903
vn -0.0003 -0.3815 0.9244
vn 0.0012 -0.3808 0.9246
vn -0.0086 -0.3811 0.9245
vn -0.0121 -0.1493 0.9887
vn -0.0126 -0.1422 0.9898
vn -0.0195 -0.1529 0.9880
vn -0.0063 -0.1528 0.9882
vn -0.0012 -0.1325 0.9912
vn -0.0023 -0.1389 0.9903
vn 0.0013 -0.1325 0.9912
vn 0.0025 -0.1389 0.9903
vn 0.0132 -0.1509 0.9885
vn 0.0073 -0.1544 0.9880
vn 0.0209 -0.1546 0.9878
vn 0.0136 -0.1431 0.9896
vn -0.0012 -0.3808 0.9246
vn 0.0091 -0.3811 0.9245
vn 0.0003 -0.3817 0.9243
vn -0.0050 0.9912 -0.1324
vn -0.0061 0.9279 -0.3727
vn -0.0064 0.9262 -0.3769
vn -0.0084 0.9290 -0.3699
vn -0.0009 0.9286 -0.3712
vn -0.0014 0.9267 -0.3757
vn 0.0005 0.9247 -0.3807
vn 0.0014 0.9268 -0.3756
vn 0.0061 0.9280 -0.3726
vn 0.0008 0.9286 -0.3712
vn 0.0091 0.9287 -0.3707
vn 0.0064 0.9262 -0.3769
vn -0.0003 0.9912 -0.1327
vn 0.0050 0.9912 -0.1324
vn 0.0001 0.9912 -0.1325
vn -0.0007 0.7921 -0.6104
vn -0.0053 0.7911 -0.6117
vn -0.0119 0.7792 -0.6267
vn -0.0108 0.7755 -0.6313
vn -0.0151 0.7776 -0.6286
vn -0.0277 0.7838 -0.6204
vn -0.0045 0.6084 -0.7936
vn -0.0122 0.5954 -0.8033
vn -0.0066 0.6096 -0.7927
vn -0.0054 0.6095 -0.7928
vn -0.0003 0.6098 -0.7925
vn -0.0011 0.6106 -0.7920
vn 0.0002 0.6101 -0.7924
vn 0.0010 0.6106 -0.7920
vn 0.0047 0.6085 -0.7936
vn 0.0054 0.6093 -0.7930
vn 0.0070 0.6092 -0.7930
vn 0.0226 0.6045 -0.7963
vn 0.0120 0.7790 -0.6268
vn 0.0134 0.7897 -0.6134
vn 0.0144 0.7771 -0.6292
vn 0.0108 0.7754 -0.6313
vn 0.0009 0.7921 -0.6104
vn 0.0053 0.7911 -0.6117
vn -0.0001 0.3810 -0.9246
vn 0.0000 0.3797 -0.9251
vn -0.0033 0.3785 -0.9256
vn -0.0029 0.3784 -0.9257
vn -0.0052 0.3772 -0.9261
vn -0.0271 0.3852 -0.9225
vn -0.0163 0.1534 -0.9880
vn -0.0182 0.1297 -0.9914
vn -0.0189 0.1608 -0.9868
vn -0.0139 0.1594 -0.9871
vn -0.0061 0.1352 -0.9908
vn 0.0005 0.1327 -0.9912
vn 0.0061 0.1352 -0.9908
vn 0.0162 0.1526 -0.9881
vn 0.0139 0.1594 -0.9871
vn 0.0217 0.1592 -0.9870
vn 0.0378 0.1426 -0.9891
vn 0.0033 0.3785 -0.9256
vn 0.0131 0.3991 -0.9168
vn 0.0046 0.3768 -0.9263
vn 0.0028 0.3783 -0.9257
vn -0.0013 0.9268 0.3755
vn -0.0050 0.9273 0.3742
vn 0.0004 0.9279 0.3728
vn -0.0080 0.9281 0.3722
vn -0.0094 0.9270 0.3749
vn -0.0013 0.9917 0.1285
vn -0.0001 0.9912 0.1323
vn 0.0001 0.9912 0.1323
vn 0.0045 0.9914 0.1305
vn 0.0061 0.9279 0.3727
vn 0.0084 0.9264 0.3765
vn 0.0084 0.9291 0.3698
vn 0.0008 0.9286 0.3712
vn 0.0014 0.9268 0.3756
vn -0.0003 0.6098 0.7925
vn -0.0011 0.6106 0.7920
vn -0.0017 0.6084 0.7936
vn -0.0026 0.6095 0.7928
vn -0.0043 0.6092 0.7930
vn -0.0206 0.6088 0.7930
vn -0.0095 0.7788 0.6272
vn -0.0051 0.7888 0.6146
vn -0.0120 0.7766 0.6299
vn -0.0085 0.7748 0.6322
vn -0.0009 0.7921 0.6104
vn -0.0055 0.7911 0.6116
vn 0.0010 0.7921 0.6103
vn 0.0053 0.7911 0.6117
vn 0.0119 0.7793 0.6265
vn 0.0108 0.7754 0.6313
vn 0.0151 0.7776 0.6286
vn 0.0074 0.7894 0.6139
vn 0.0045 0.6084 0.7936
vn 0.0233 0.6088 0.7930
vn 0.0066 0.6096 0.7927
vn 0.0054 0.6095 0.7928
vn 0.0002 0.6099 0.7925
vn 0.0012 0.6106 0.7920
vn -0.0003 0.1327 0.9912
vn -0.0061 0.1351 0.9908
vn -0.0138 0.1536 0.9880
vn -0.0117 0.1604 0.9870
vn -0.0180 0.1606 0.9869
vn -0.0378 0.1528 0.9875
vn -0.0008 0.3784 0.9256
vn -0.0022 0.4006 0.9163
vn -0.0018 0.3769 0.9263
vn -0.0001 0.3783 0.9257
vn -0.0001 0.3811 0.9245
vn -0.0000 0.3798 0.9251
vn 0.0000 0.3795 0.9252
vn 0.0033 0.3785 0.9256
vn 0.0027 0.3784 0.9257
vn 0.0052 0.3772 0.9261
vn 0.0049 0.4007 0.9162
vn 0.0163 0.1534 0.9880
vn 0.0403 0.1518 0.9876
vn 0.0206 0.1600 0.9869
vn 0.0139 0.1594 0.9871
vn 0.0005 0.1327 0.9912
vn 0.0061 0.1352 0.9908
vn -0.0041 -0.1426 -0.9898
vn -0.0213 -0.1525 -0.9881
vn -0.0115 -0.1564 -0.9876
vn -0.0313 -0.1539 -0.9876
vn -0.0223 -0.1409 -0.9898
vn -0.0119 -0.3812 -0.9244
vn -0.0119 -0.3812 0.9244
vn -0.0213 -0.1525 0.9881
vn -0.0223 -0.1409 0.9898
vn -0.0306 -0.1563 0.9872
vn -0.0115 -0.1564 0.9876
vn -0.0041 -0.1426 0.9898
vn -0.0003 0.9912 -0.1326
vn 0.0002 0.9912 -0.1325
vn -0.0064 0.9912 -0.1323
vn -0.0098 0.9282 -0.3721
vn -0.0104 0.9258 -0.3779
vn -0.0117 0.9294 -0.3689
vn -0.0021 0.9289 -0.3703
vn -0.0025 0.9276 -0.3736
vn -0.0011 0.7930 -0.6092
vn -0.0076 0.7904 -0.6125
vn -0.0187 0.7797 -0.6258
vn -0.0181 0.7744 -0.6324
vn -0.0240 0.7780 -0.6278
vn -0.0454 0.7872 -0.6150
vn -0.0086 0.6073 -0.7945
vn -0.0210 0.5870 -0.8093
vn -0.0113 0.6099 -0.7924
vn -0.0096 0.6095 -0.7927
vn -0.0017 0.6097 -0.7926
vn -0.0016 0.3817 -0.9243
vn 0.0000 0.3796 -0.9252
vn -0.0059 0.3798 -0.9250
vn -0.0060 0.3783 -0.9256
vn -0.0085 0.3769 -0.9262
vn -0.0421 0.3888 -0.9204
vn -0.0261 0.1513 -0.9881
vn -0.0326 0.1167 -0.9926
vn -0.0311 0.1618 -0.9863
vn -0.0236 0.1621 -0.9865
vn -0.0012 0.1312 -0.9914
vn -0.0099 0.1369 -0.9905
vn -0.0025 0.9276 0.3736
vn -0.0098 0.9282 0.3721
vn -0.0021 0.9289 0.3703
vn -0.0128 0.9291 0.3696
vn -0.0104 0.9258 0.3779
vn -0.0064 0.9912 0.1323
vn -0.0017 0.6097 0.7926
vn -0.0086 0.6073 0.7945
vn -0.0096 0.6095 0.7927
vn -0.0118 0.6092 0.7929
vn -0.0387 0.6082 0.7928
vn -0.0188 0.7797 0.6259
vn -0.0161 0.7966 0.6043
vn -0.0235 0.7774 0.6286
vn -0.0181 0.7744 0.6324
vn -0.0011 0.7930 0.6092
vn -0.0076 0.7904 0.6125
vn -0.0012 0.1312 0.9914
vn -0.0099 0.1369 0.9905
vn -0.0261 0.1514 0.9881
vn -0.0236 0.1621 0.9865
vn -0.0331 0.1608 0.9864
vn -0.0640 0.1512 0.9864
vn -0.0058 0.3799 0.9250
vn -0.0070 0.4123 0.9110
vn -0.0077 0.3764 0.9264
vn -0.0062 0.3783 0.9256
vn -0.0016 0.3817 0.9243
vn -0.0000 0.3794 0.9252
vn 0.0095 -0.9255 -0.3787
vn 0.0100 -0.9257 -0.3782
vn 0.0056 -0.9270 -0.3749
vn 0.0059 -0.9252 -0.3794
vn 0.0193 -0.9911 -0.1315
vn 0.0185 -0.9915 -0.1285
vn 0.0100 -0.9908 -0.1353
vn 0.0205 -0.9909 -0.1327
vn -0.0010 -0.6084 -0.7936
vn 0.0015 -0.7923 -0.6101
vn -0.0010 -0.7930 -0.6093
vn -0.0025 -0.7902 -0.6128
vn 0.0020 -0.7919 -0.6107
vn 0.0015 -0.3816 -0.9243
vn -0.0011 -0.3819 -0.9242
vn 0.0140 -0.3813 -0.9243
vn 0.0270 -0.1518 -0.9880
vn 0.0300 -0.1394 -0.9898
vn 0.0381 -0.1611 -0.9862
vn 0.0152 -0.1581 -0.9873
vn 0.0011 -0.1314 -0.9913
vn 0.0057 -0.1461 -0.9893
vn 0.0193 -0.9911 0.1315
vn 0.0206 -0.9909 0.1328
vn 0.0153 -0.9899 0.1406
vn 0.0160 -0.9912 0.1311
vn 0.0090 -0.9255 0.3787
vn 0.0085 -0.9243 0.3817
vn 0.0074 -0.9274 0.3740
vn 0.0100 -0.9255 0.3786
vn 0.0015 -0.7923 0.6101
vn 0.0017 -0.7917 0.6109
vn -0.0035 -0.7913 0.6114
vn -0.0005 -0.7935 0.6085
vn -0.0019 -0.6089 0.7932
vn 0.0010 -0.1315 0.9913
vn 0.0054 -0.1459 0.9893
vn 0.0250 -0.1504 0.9883
vn 0.0131 -0.1563 0.9876
vn 0.0374 -0.1567 0.9869
vn 0.0277 -0.1386 0.9900
vn -0.0010 -0.3818 0.9242
vn 0.0131 -0.3813 0.9244
vn 0.0013 -0.3815 0.9244
vn 0.0003 0.9246 -0.3809
vn 0.0035 0.9284 -0.3715
vn 0.0125 0.9280 -0.3723
vn 0.0031 0.9292 -0.3695
vn 0.0170 0.9297 -0.3679
vn 0.0140 0.9254 -0.3786
vn 0.0074 0.9912 -0.1322
vn 0.0005 0.9912 -0.1324
vn 0.0193 0.9911 -0.1315
vn 0.0199 0.9909 -0.1331
vn 0.0191 0.9898 -0.1414
vn 0.0160 0.9912 -0.1311
vn 0.0093 0.9253 -0.3790
vn 0.0085 0.9242 -0.3817
vn 0.0074 0.9274 -0.3740
vn 0.0102 0.9255 -0.3785
vn 0.0041 0.6083 -0.7937
vn 0.0009 0.6106 -0.7919
vn 0.0119 0.6052 -0.7960
vn 0.0144 0.6095 -0.7927
vn 0.0147 0.6106 -0.7918
vn 0.0526 0.6006 -0.7978
vn 0.0246 0.7810 -0.6240
vn 0.0343 0.8024 -0.5958
vn 0.0337 0.7770 -0.6285
vn 0.0258 0.7733 -0.6335
vn 0.0028 0.7945 -0.6073
vn 0.0098 0.7898 -0.6133
vn 0.0015 0.7923 -0.6101
vn 0.0017 0.7916 -0.6110
vn -0.0035 0.7913 -0.6114
vn -0.0005 0.7935 -0.6085
vn -0.0020 0.6089 -0.7932
vn 0.0033 0.1286 -0.9917
vn 0.0134 0.1384 -0.9903
vn 0.0350 0.1482 -0.9883
vn 0.0338 0.1645 -0.9858
vn 0.0486 0.1600 -0.9859
vn 0.0814 0.1300 -0.9882
vn 0.0074 0.3823 -0.9240
vn 0.0289 0.4189 -0.9076
vn 0.0131 0.3782 -0.9256
vn 0.0096 0.3783 -0.9256
vn 0.0042 0.3836 -0.9235
vn 0.0000 0.3795 -0.9252
vn 0.0005 0.9912 0.1324
vn -0.0003 0.9912 0.1323
vn 0.0065 0.9912 0.1322
vn 0.0104 0.9275 0.3737
vn 0.0116 0.9252 0.3794
vn 0.0129 0.9295 0.3686
vn 0.0008 0.9285 0.3713
vn 0.0002 0.9246 0.3808
vn 0.0033 0.9284 0.3716
vn 0.0090 0.9255 0.3787
vn 0.0100 0.9257 0.3782
vn 0.0056 0.9270 0.3749
vn 0.0059 0.9252 0.3794
vn 0.0193 0.9912 0.1312
vn 0.0185 0.9916 0.1284
vn 0.0093 0.9913 0.1315
vn 0.0210 0.9910 0.1322
vn 0.0030 0.7946 0.6071
vn 0.0097 0.7899 0.6131
vn 0.0187 0.7804 0.6249
vn 0.0204 0.7727 0.6344
vn 0.0288 0.7775 0.6282
vn 0.0197 0.8029 0.5957
vn 0.0043 0.6051 0.7962
vn 0.0477 0.6084 0.7922
vn 0.0096 0.6092 0.7929
vn 0.0071 0.6096 0.7927
vn 0.0043 0.6082 0.7938
vn 0.0011 0.6106 0.7920
vn -0.0010 0.6084 0.7936
vn 0.0015 0.7923 0.6101
vn -0.0025 0.7902 0.6128
vn 0.0021 0.7917 0.6108
vn 0.0044 0.3838 0.9234
vn 0.0000 0.3796 0.9252
vn -0.0003 0.3825 0.9240
vn 0.0020 0.3783 0.9257
vn 0.0038 0.3761 0.9266
vn 0.0517 0.3758 0.9253
vn 0.0289 0.1494 0.9884
vn 0.0228 0.1066 0.9940
vn 0.0404 0.1629 0.9858
vn 0.0283 0.1657 0.9858
vn 0.0035 0.1284 0.9917
vn 0.0133 0.1382 0.9903
vn 0.2531 0.8946 0.3682
vn 0.2531 0.9589 0.1285
vn 0.6427 0.7594 0.1017
vn 0.6427 0.7085 0.2916
vn 0.8882 0.4249 0.1749
vn 0.8882 0.4554 0.0610
vn 0.9862 0.1638 0.0219
vn 0.9862 0.1528 0.0629
vn 0.9873 -0.1470 -0.0605
vn 0.9873 -0.1575 -0.0211
vn 0.8903 -0.4514 -0.0605
vn 0.8903 -0.4212 -0.1733
vn 0.6449 -0.7068 -0.2909
vn 0.6449 -0.7575 -0.1015
vn 0.2555 -0.9583 -0.1284
vn 0.2555 -0.8941 -0.3679
vn -0.2555 -0.8941 -0.3679
vn -0.2555 -0.9583 -0.1284
vn -0.6449 -0.7575 -0.1015
vn -0.6449 -0.7068 -0.2909
vn -0.8903 -0.4212 -0.1733
vn -0.8903 -0.4514 -0.0605
vn -0.9873 -0.1575 -0.0211
vn -0.9873 -0.1470 -0.0605
vn -0.9862 0.1528 0.0629
vn -0.9863 0.1638 0.0219
vn -0.8882 0.4554 0.0610
vn -0.8882 0.4249 0.1749
vn -0.6427 0.7085 0.2916
vn -0.6427 0.7594 0.1017
vn -0.2531 0.9589 0.1285
vn -0.2531 0.8946 0.3682
vn 0.2531 0.9589 -0.1285
vn 0.2531 0.8946 -0.3682
vn 0.6427 0.7085 -0.2916
vn 0.6427 0.7594 -0.1017
vn 0.8882 0.4554 -0.0610
vn 0.8882 0.4249 -0.1749
vn 0.9862 0.1528 -0.0629
vn 0.9862 0.1638 -0.0219
vn 0.9873 -0.1575 0.0211
vn 0.9873 -0.1470 0.0605
vn 0.8903 -0.4212 0.1733
vn 0.8903 -0.4514 0.0605
vn 0.6449 -0.7575 0.1015
vn 0.6449 -0.7068 0.2909
vn 0.2555 -0.8941 0.3679
vn 0.2555 -0.9583 0.1284
vn -0.2555 -0.9583 0.1284
vn -0.2555 -0.8941 0.3679
vn -0.6449 -0.7068 0.2909
vn -0.6449 -0.7575 0.1015
vn -0.8903 -0.4514 0.0605
vn -0.8903 -0.4212 0.1733
vn -0.9873 -0.1470 0.0605
vn -0.9873 -0.1575 0.0211
vn -0.9863 0.1638 -0.0219
vn -0.9862 0.1528 -0.0629
vn -0.8882 0.4249 -0.1749
vn -0.8882 0.4554 -0.0610
vn -0.6427 0.7594 -0.1017
vn -0.6427 0.7085 -0.2916
vn -0.2531 0.8946 -0.3682
vn -0.2531 0.9589 -0.1285
vn 0.2531 0.7662 -0.5907
vn 0.2531 0.5907 -0.7662
vn 0.6426 0.4678 -0.6068
vn 0.6426 0.6068 -0.4678
vn 0.8882 0.3639 -0.2806
vn 0.8882 0.2806 -0.3639
vn 0.9862 0.1009 -0.1309
vn 0.9862 0.1309 -0.1009
vn 0.9873 -0.1259 0.0971
vn 0.9873 -0.0970 0.1259
vn 0.8903 -0.2781 0.3607
vn 0.8903 -0.3607 0.2781
vn 0.6449 -0.6053 0.4666
vn 0.6449 -0.4666 0.6053
vn 0.2555 -0.5903 0.7657
vn 0.2555 -0.7657 0.5903
vn -0.2555 -0.7657 0.5903
vn -0.2555 -0.5903 0.7657
vn -0.6449 -0.4666 0.6053
vn -0.6449 -0.6053 0.4666
vn -0.8903 -0.3607 0.2781
vn -0.8903 -0.2781 0.3607
vn -0.9873 -0.0970 0.1259
vn -0.9873 -0.1259 0.0970
vn -0.9862 0.1309 -0.1009
vn -0.9862 0.1009 -0.1309
vn -0.8882 0.2806 -0.3639
vn -0.8882 0.3639 -0.2806
vn -0.6427 0.6068 -0.4678
vn -0.6427 0.4678 -0.6068
vn -0.2531 0.5907 -0.7662
vn -0.2531 0.7662 -0.5907
vn 0.2531 0.3682 -0.8946
vn 0.2531 0.1285 -0.9589
vn 0.6427 0.1017 -0.7594
vn 0.6426 0.2916 -0.7085
vn 0.8882 0.1749 -0.4249
vn 0.8882 0.0610 -0.4554
vn 0.9862 0.0219 -0.1638
vn 0.9862 0.0629 -0.1528
vn 0.9873 -0.0605 0.1470
vn 0.9873 -0.0211 0.1575
vn 0.8903 -0.0605 0.4514
vn 0.8903 -0.1733 0.4212
vn 0.6449 -0.2909 0.7068
vn 0.6449 -0.1015 0.7575
vn 0.2555 -0.1284 0.9583
vn 0.2555 -0.3679 0.8941
vn -0.2555 -0.3679 0.8941
vn -0.2555 -0.1284 0.9583
vn -0.6449 -0.1015 0.7575
vn -0.6449 -0.2909 0.7068
vn -0.8903 -0.1733 0.4212
vn -0.8903 -0.0605 0.4514
vn -0.9873 -0.0211 0.1575
vn -0.9873 -0.0605 0.1470
vn -0.9862 0.0629 -0.1528
vn -0.9862 0.0219 -0.1638
vn -0.8882 0.0610 -0.4554
vn -0.8882 0.1749 -0.4249
vn -0.6427 0.2916 -0.7085
vn -0.6427 0.1017 -0.7594
vn -0.2531 0.1285 -0.9589
vn -0.2531 0.3682 -0.8946
vn 0.2531 -0.1285 -0.9589
vn 0.2531 -0.3682 -0.8946
vn 0.6426 -0.2916 -0.7085
vn 0.6427 -0.1017 -0.7594
vn 0.8882 -0.0610 -0.4554
vn 0.8882 -0.1749 -0.4249
vn 0.9862 -0.0629 -0.1528
vn 0.9862 -0.0219 -0.1638
vn 0.9873 0.0211 0.1575
vn 0.9873 0.0605 0.1470
vn 0.8903 0.1733 0.4212
vn 0.8903 0.0605 0.4514
vn 0.6449 0.1015 0.7575
vn 0.6449 0.2909 0.7068
vn 0.2555 0.3679 0.8941
vn 0.2555 0.1284 0.9583
vn -0.2555 0.1284 0.9583
vn -0.2555 0.3679 0.8941
vn -0.6449 0.2909 0.7068
vn -0.6449 0.1015 0.7575
vn -0.8903 0.0605 0.4514
vn -0.8903 0.1733 0.4212
vn -0.9873 0.0605 0.1470
vn -0.9873 0.0211 0.1575
vn -0.9862 -0.0219 -0.1638
vn -0.9862 -0.0629 -0.1528
vn -0.8882 -0.1749 -0.4249
vn -0.8882 -0.0610 -0.4554
vn -0.6427 -0.1017 -0.7594
vn -0.6427 -0.2916 -0.7085
vn -0.2531 -0.3682 -0.8946
vn -0.2531 -0.1285 -0.9589
vn 0.2531 -0.5907 -0.7662
vn 0.2531 -0.7662 -0.5907
vn 0.6426 -0.6068 -0.4678
vn 0.6426 -0.4678 -0.6068
vn 0.8882 -0.2806 -0.3639
vn 0.8882 -0.3639 -0.2806
vn 0.9862 -0.1309 -0.1009
vn 0.9862 -0.1009 -0.1309
vn 0.9873 0.0970 0.1259
vn 0.9873 0.1259 0.0970
vn 0.8903 0.3607 0.2781
vn 0.8903 0.2781 0.3607
vn 0.6449 0.4666 0.6053
vn 0.6449 0.6053 0.4666
vn 0.2555 0.7657 0.5903
vn 0.2555 0.5903 0.7657
vn -0.2555 0.5903 0.7657
vn -0.2555 0.7657 0.5903
vn -0.6449 0.6053 0.4666
vn -0.6449 0.4666 0.6053
vn -0.8903 0.2781 0.3607
vn -0.8903 0.3607 0.2781
vn -0.9873 0.1259 0.0970
vn -0.9873 0.0970 0.1259
vn -0.9862 -0.1009 -0.1309
vn -0.9862 -0.1309 -0.1009
vn -0.8882 -0.3639 -0.2806
vn -0.8882 -0.2806 -0.3639
vn -0.6427 -0.4678 -0.6068
vn -0.6427 -0.6068 -0.4678
vn -0.2531 -0.7662 -0.5907
vn -0.2531 -0.5907 -0.7662
vn 0.2531 -0.8946 -0.3682
vn 0.2531 -0.9589 -0.1285
vn 0.6427 -0.7594 -0.1017
vn 0.6426 -0.7085 -0.2916
vn 0.8882 -0.4249 -0.1749
vn 0.8882 -0.4554 -0.0610
vn 0.9862 -0.1638 -0.0219
vn 0.9862 -0.1528 -0.0629
vn 0.9873 0.1470 0.0605
vn 0.9873 0.1575 0.0211
vn 0.8903 0.4514 0.0605
vn 0.8903 0.4212 0.1733
vn 0.6449 0.7068 0.2909
vn 0.6449 0.7575 0.1015
vn 0.2555 0.9583 0.1284
vn 0.2555 0.8941 0.3679
vn -0.2555 0.8941 0.3679
vn -0.2555 0.9583 0.1284
vn -0.6449 0.7575 0.1015
vn -0.6449 0.7068 0.2909
vn -0.8903 0.4212 0.1733
vn -0.8903 0.4514 0.0605
vn -0.9873 0.1575 0.0211
vn -0.9873 0.1470 0.0605
vn -0.9862 -0.1528 -0.0629
vn -0.9862 -0.1638 -0.0219
vn -0.8882 -0.4554 -0.0610
vn -0.8882 -0.4249 -0.1749
vn -0.6427 -0.7085 -0.2916
vn -0.6427 -0.7594 -0.1017
vn -0.2531 -0.9589 -0.1285
vn -0.2531 -0.8946 -0.3682
vn 0.2531 -0.9589 0.1285
vn 0.2531 -0.8946 0.3682
vn 0.6426 -0.7085 0.2916
vn 0.6427 -0.7594 0.1017
vn 0.8882 -0.4554 0.0610
vn 0.8882 -0.4249 0.1749
vn 0.9862 -0.1528 0.0629
vn 0.9863 -0.1638 0.0219
vn 0.9873 0.1575 -0.0211
vn 0.9873 0.1470 -0.0605
vn 0.8903 0.4212 -0.1733
vn 0.8903 0.4514 -0.0605
vn 0.6449 0.7575 -0.1015
vn 0.6449 0.7068 -0.2909
vn 0.2555 0.8941 -0.3679
vn 0.2555 0.9583 -0.1284
vn -0.2555 0.9583 -0.1284
vn -0.2555 0.8941 -0.3679
vn -0.6449 0.7068 -0.2909
vn -0.6449 0.7575 -0.1015
vn -0.8903 0.4514 -0.0605
vn -0.8903 0.4212 -0.1733
vn -0.9873 0.1470 -0.0605
vn -0.9873 0.1575 -0.0211
vn -0.9862 -0.1638 0.0219
vn -0.9862 -0.1528 0.0629
vn -0.8882 -0.4249 0.1749
vn -0.8882 -0.4554 0.0610
vn -0.6427 -0.7594 0.1017
vn -0.6427 -0.7085 0.2916
vn -0.2531 -0.8946 0.3682
vn -0.2531 -0.9589 0.1285
vn 0.2531 -0.7662 0.5907
vn 0.2531 -0.5907 0.7662
vn 0.6426 -0.4678 0.6068
vn 0.6426 -0.6068 0.4678
vn 0.8882 -0.3639 0.2806
vn 0.8882 -0.2806 0.3639
vn 0.9862 -0.1009 0.1309
vn 0.9862 -0.1309 0.1009
vn 0.9873 0.1259 -0.0970
vn 0.9873 0.0970 -0.1259
vn 0.8903 0.2781 -0.3607
vn 0.8903 0.3607 -0.2781
vn 0.6449 0.6053 -0.4666
vn 0.6449 0.4666 -0.6053
vn 0.2555 0.5903 -0.7657
vn 0.2555 0.7657 -0.5903
vn -0.2555 0.7657 -0.5903
vn -0.2555 0.5903 -0.7657
vn -0.6449 0.4666 -0.6053
vn -0.6449 0.6053 -0.4666
vn -0.8903 0.3607 -0.2781
vn -0.8903 0.2781 -0.3607
vn -0.9873 0.0970 -0.1259
vn -0.9873 0.1259 -0.0970
vn -0.9862 -0.1309 0.1009
vn -0.9862 -0.1009 0.1309
vn -0.8882 -0.2806 0.3639
vn -0.8882 -0.3639 0.2806
vn -0.6427 -0.6068 0.4678
vn -0.6427 -0.4678 0.6068
vn -0.2531 -0.5907 0.7662
vn -0.2531 -0.7662 0.5907
vn 0.2531 -0.3682 0.8946
vn 0.2531 -0.1285 0.9589
vn 0.6426 -0.1017 0.7594
vn 0.6427 -0.2916 0.7085
vn 0.8882 -0.1749 0.4249
vn 0.8882 -0.0610 0.4554
vn 0.9862 -0.0219 0.1638
vn 0.9862 -0.0629 0.1528
vn 0.9873 0.0605 -0.1470
vn 0.9873 0.0211 -0.1575
vn 0.8903 0.0605 -0.4514
vn 0.8903 0.1733 -0.4212
vn 0.6449 0.2909 -0.7068
vn 0.6449 0.1015 -0.7575
vn 0.2555 0.1284 -0.9583
vn 0.2555 0.3679 -0.8941
vn -0.2555 0.3679 -0.8941
vn -0.2555 0.1284 -0.9583
vn -0.6449 0.1015 -0.7575
vn -0.6449 0.2909 -0.7068
vn -0.8903 0.1733 -0.4212
vn -0.8903 0.0605 -0.4514
vn -0.9873 0.0211 -0.1575
vn -0.9873 0.0605 -0.1470
vn -0.9862 -0.0629 0.1528
vn -0.9862 -0.0219 0.1638
vn -0.8882 -0.0610 0.4554
vn -0.8882 -0.1749 0.4249
vn -0.6427 -0.2916 0.7085
vn -0.6427 -0.1017 0.7594
vn -0.2531 -0.1285 0.9589
vn -0.2531 -0.3682 0.8946
vn 0.2531 0.1285 0.9589
vn 0.2531 0.3682 0.8946
vn 0.6426 0.2916 0.7085
vn 0.6426 0.1017 0.7594
vn 0.8882 0.0610 0.4554
vn 0.8882 0.1749 0.4249
vn 0.9862 0.0629 0.1528
vn 0.9862 0.0219 0.1638
vn 0.9873 -0.0211 -0.1575
vn 0.9873 -0.0605 -0.1470
vn 0.8903 -0.1733 -0.4212
vn 0.8903 -0.0605 -0.4514
vn 0.6449 -0.1015 -0.7575
vn 0.6449 -0.2909 -0.7068
vn 0.2555 -0.3679 -0.8941
vn 0.2555 -0.1284 -0.9583
vn -0.2555 -0.1284 -0.9583
vn -0.2555 -0.3679 -0.8941
vn -0.6449 -0.2909 -0.7068
vn -0.6449 -0.1015 -0.7575
vn -0.8903 -0.0605 -0.4514
vn -0.8903 -0.1733 -0.4212
vn -0.9873 -0.0605 -0.1470
vn -0.9873 -0.0211 -0.1575
vn -0.9862 0.0219 0.1638
vn -0.9862 0.0629 0.1528
vn -0.8882 0.1749 0.4249
vn -0.8882 0.0610 0.4554
vn -0.6427 0.1017 0.7594
vn -0.6427 0.2916 0.7085
vn -0.2531 0.3682 0.8946
vn -0.2531 0.1285 0.9589
vn 0.2531 0.5907 0.7662
vn 0.2531 0.7662 0.5907
vn 0.6426 0.6068 0.4678
vn 0.6426 0.4678 0.6068
vn 0.8882 0.2806 0.3639
vn 0.8882 0.3639 0.2806
vn 0.9862 0.1309 0.1009
vn 0.9862 0.1009 0.1309
vn 0.9873 -0.0971 -0.1259
vn 0.9873 -0.1259 -0.0970
vn 0.8903 -0.3607 -0.2781
vn 0.8903 -0.2781 -0.3607
vn 0.6449 -0.4666 -0.6053
vn 0.6449 -0.6053 -0.4666
vn 0.2555 -0.7657 -0.5903
vn 0.2555 -0.5903 -0.7657
vn -0.2555 -0.5903 -0.7657
vn -0.2555 -0.7657 -0.5903
vn -0.6449 -0.6053 -0.4666
vn -0.6449 -0.4666 -0.6053
vn -0.8903 -0.2781 -0.3607
vn -0.8903 -0.3607 -0.2781
vn -0.9873 -0.1259 -0.0970
vn -0.9873 -0.0970 -0.1259
vn -0.9862 0.1009 0.1309
vn -0.9862 0.1309 0.1009
vn -0.8882 0.3639 0.2806
vn -0.8882 0.2806 0.3639
vn -0.6427 0.4678 0.6068
vn -0.6427 0.6068 0.4678
vn -0.2531 0.7662 0.5907
vn -0.2531 0.5907 0.7662
vn -0.9863 0.1528 0.0629
vn 0.9873 -0.0970 -0.1259
vn 0.6427 0.6068 0.4678
vn 0.6427 0.4678 0.6068
vn -0.9863 0.1309 0.1009
vn 0.6427 0.2916 0.7085
vn 0.6427 0.1017 0.7594
vn 0.6427 -0.1017 0.7594
vn -0.9863 -0.0629 0.1528
vn 0.6427 -0.4678 0.6068
vn 0.6427 -0.6068 0.4678
vn -0.6426 -0.6068 0.4678
vn -0.9863 -0.1309 0.1009
vn -0.9863 -0.1009 0.1309
vn 0.9862 -0.1638 0.0219
vn 0.6427 -0.7085 0.2916
vn -0.9863 -0.1638 0.0219
vn -0.9863 -0.1528 0.0629
vn 0.6427 -0.7085 -0.2916
vn -0.6426 -0.7085 -0.2916
vn -0.6426 -0.7594 -0.1017
vn -0.9863 -0.1528 -0.0629
vn -0.9863 -0.1638 -0.0219
vn 0.6427 -0.6068 -0.4678
vn 0.6427 -0.4678 -0.6068
vn -0.9863 -0.1009 -0.1309
vn -0.9863 -0.1309 -0.1009
vn 0.6427 -0.2916 -0.7085
vn -0.9863 -0.0629 -0.1528
vn 0.6427 0.2916 -0.7085
vn 0.9873 -0.1259 0.0970
vn 0.6427 0.4678 -0.6068
vn 0.6427 0.6068 -0.4678
vn -0.9863 0.1309 -0.1009
vn 0.9863 0.1638 -0.0219
vn -0.9862 0.1638 -0.0219
vn -0.9863 0.1528 -0.0629
usemtl Material.001
s off
f 1/1/1 2/2/1 3/3/1 4/4/1
f 1/1/1 4/4/1 5/5/1 6/6/1
f 1/1/2 6/6/2 7/7/2 8/8/2
f 1/1/2 8/8/2 9/9/2 2/2/2
f 10/10/3 11/11/3 12/12/3 13/13/3
f 10/10/3 13/13/3 14/14/3 15/15/3
f 10/10/4 15/15/4 5/5/4 4/4/4
f 10/10/4 4/4/4 3/3/4 11/11/4
f 16/16/5 17/17/5 18/18/5 19/19/5
f 16/16/5 19/19/5 20/20/5 21/21/5
f 16/16/6 21/21/6 14/14/6 13/13/6
f 16/16/6 13/13/6 12/12/6 17/17/6
f 22/22/7 23/23/8 24/24/9 25/25/9
f 22/22/10 25/25/2 26/26/2 27/27/11
f 22/22/12 27/27/13 28/28/14 29/29/15
f 22/22/16 29/29/17 30/30/18 23/23/19
f 31/31/2 32/32/2 33/33/2 34/34/2
f 31/31/2 34/34/2 35/35/2 36/36/2
f 31/31/1 36/36/1 37/37/1 38/38/1
f 31/31/1 38/38/1 39/39/1 32/32/1
f 40/40/20 41/41/3 42/42/3 43/43/3
f 40/40/4 43/43/4 24/24/4 23/23/21
f 40/40/22 23/23/23 30/30/24 44/44/25
f 40/40/26 44/44/27 45/45/28 41/41/28
f 46/46/4 47/47/4 39/39/4 38/38/4
f 46/46/4 38/38/4 37/37/4 48/48/4
f 46/46/3 48/48/3 49/49/3 50/50/3
f 46/46/3 50/50/3 51/51/3 47/47/3
f 52/52/5 53/53/5 54/54/5 55/55/5
f 52/52/6 55/55/6 42/42/6 41/41/6
f 52/52/29 41/41/29 45/45/29 56/56/29
f 52/52/30 56/56/30 57/57/30 53/53/30
f 58/58/6 59/59/6 51/51/6 50/50/6
f 58/58/6 50/50/6 49/49/6 60/60/6
f 58/58/5 60/60/5 61/61/5 62/62/5
f 58/58/5 62/62/5 63/63/5 59/59/5
f 64/64/2 65/65/2 66/66/31 67/67/2
f 68/68/32 65/65/1 64/64/1 69/69/1
f 70/70/1 71/71/1 72/72/1 73/73/1
f 70/70/1 73/73/1 74/74/1 75/75/1
f 70/70/2 75/75/2 76/76/2 77/77/2
f 70/70/2 77/77/2 78/78/2 71/71/2
f 69/69/4 79/79/4 80/80/4 68/68/33
f 80/80/3 79/79/3 81/81/3 82/82/3
f 83/83/3 84/84/3 85/85/3 86/86/3
f 83/83/3 86/86/3 87/87/3 88/88/3
f 83/83/4 88/88/4 74/74/4 73/73/4
f 83/83/4 73/73/4 72/72/4 84/84/4
f 81/81/6 89/89/6 90/90/6 82/82/6
f 90/90/5 89/89/5 91/91/5 92/92/5
f 93/93/5 94/94/5 95/95/5 96/96/5
f 93/93/5 96/96/5 97/97/5 98/98/5
f 93/93/6 98/98/6 87/87/6 86/86/6
f 93/93/6 86/86/6 85/85/6 94/94/6
f 99/99/1 100/100/1 101/101/1 102/102/1
f 99/99/2 102/102/2 103/103/2 104/104/34
f 99/99/35 104/104/36 105/105/37 106/106/38
f 99/99/39 106/106/40 107/107/41 100/100/42
f 108/108/43 109/109/2 110/110/2 111/111/44
f 108/108/45 111/111/46 112/112/47 113/113/48
f 108/108/49 113/113/50 114/114/51 115/115/52
f 108/108/1 115/115/53 116/116/1 109/109/1
f 117/117/3 118/118/3 119/119/3 120/120/3
f 117/117/3 120/120/3 121/121/3 122/122/3
f 117/117/4 122/122/4 123/123/4 124/124/4
f 117/117/4 124/124/4 101/101/4 118/118/4
f 125/125/4 126/126/4 127/127/4 128/128/4
f 125/125/4 128/128/4 116/116/4 129/129/4
f 125/125/3 129/129/3 130/130/3 131/131/3
f 125/125/3 131/131/3 132/132/3 126/126/3
f 133/133/5 134/134/5 135/135/5 136/136/5
f 133/133/5 136/136/5 137/137/5 138/138/5
f 133/133/6 138/138/6 121/121/6 120/120/6
f 133/133/54 120/120/54 119/119/54 134/134/54
f 139/139/6 140/140/6 132/132/6 131/131/6
f 139/139/6 131/131/6 130/130/6 141/141/6
f 139/139/5 141/141/5 142/142/5 143/143/5
f 139/139/5 143/143/5 144/144/5 140/140/5
f 145/145/55 146/146/56 147/147/57 148/148/58
f 145/145/59 148/148/60 107/107/61 106/106/62
f 145/145/63 106/106/64 105/105/65 149/149/66
f 145/145/67 149/149/68 150/150/69 146/146/70
f 151/151/71 152/152/72 153/153/72 154/154/72
f 151/151/73 154/154/74 155/155/74 156/156/75
f 151/151/76 156/156/77 107/107/78 148/148/79
f 151/151/80 148/148/81 147/147/82 152/152/83
f 157/157/84 158/158/84 159/159/84 160/160/84
f 157/157/85 160/160/85 161/161/85 162/162/85
f 157/157/86 162/162/86 155/155/86 154/154/86
f 157/157/87 154/154/87 153/153/87 158/158/87
f 163/163/88 164/164/88 57/57/88 56/56/88
f 163/163/89 56/56/89 45/45/89 165/165/89
f 163/163/90 165/165/90 166/166/90 167/167/90
f 163/163/91 167/167/91 168/168/91 164/164/91
f 169/169/92 165/165/93 45/45/93 44/44/94
f 169/169/95 44/44/96 30/30/97 170/170/98
f 169/169/99 170/170/100 171/171/101 172/172/102
f 169/169/103 172/172/104 166/166/105 165/165/105
f 173/173/106 170/170/107 30/30/108 29/29/109
f 173/173/110 29/29/111 28/28/112 174/174/113
f 173/173/114 174/174/115 175/175/116 176/176/117
f 173/173/118 176/176/119 171/171/120 170/170/121
f 177/177/122 178/178/122 179/179/122 180/180/122
f 177/177/123 180/180/123 181/181/123 182/182/123
f 177/177/124 182/182/124 183/183/124 184/184/124
f 177/177/125 184/184/125 185/185/125 178/178/125
f 186/186/126 187/187/127 188/188/127 189/189/128
f 186/186/129 189/189/130 190/190/131 191/191/129
f 186/186/132 191/191/132 181/181/132 180/180/132
f 186/186/133 180/180/133 179/179/133 187/187/133
f 192/192/134 193/193/134 194/194/135 195/195/136
f 192/192/137 195/195/138 196/196/137 197/197/137
f 192/192/139 197/197/140 190/190/141 189/189/140
f 192/192/142 189/189/143 188/188/142 193/193/142
f 198/198/144 199/199/145 200/200/146 201/201/147
f 198/198/148 201/201/149 202/202/150 203/203/151
f 198/198/152 203/203/153 114/114/154 113/113/155
f 198/198/156 113/113/157 112/112/158 199/199/159
f 204/204/160 203/203/161 202/202/162 205/205/163
f 204/204/164 205/205/165 206/206/166 207/207/166
f 204/204/167 207/207/168 208/208/168 209/209/168
f 204/204/169 209/209/170 114/114/171 203/203/172
f 210/210/173 207/207/173 206/206/173 211/211/173
f 210/210/174 211/211/174 212/212/174 213/213/174
f 210/210/175 213/213/175 214/214/175 215/215/175
f 210/210/176 215/215/176 208/208/176 207/207/176
f 216/216/177 217/217/178 218/218/179 219/219/180
f 216/216/181 219/219/182 220/220/183 221/221/184
f 216/216/185 221/221/186 222/222/187 223/223/188
f 216/216/189 223/223/190 224/224/191 217/217/192
f 225/225/2 226/226/2 227/227/2 228/228/2
f 225/225/193 228/228/193 229/229/193 230/230/193
f 225/225/194 230/230/194 231/231/194 232/232/194
f 225/225/1 232/232/1 233/233/1 226/226/1
f 234/234/195 235/235/196 236/236/3 237/237/3
f 234/234/197 237/237/198 238/238/198 239/239/199
f 234/234/200 239/239/201 220/220/202 219/219/203
f 234/234/204 219/219/205 218/218/206 235/235/207
f 240/240/4 241/241/4 233/233/4 232/232/4
f 240/240/208 232/232/208 231/231/208 242/242/208
f 240/240/209 242/242/209 243/243/209 244/244/209
f 240/240/3 244/244/3 245/245/3 241/241/3
f 246/246/5 247/247/5 248/248/5 249/249/5
f 246/246/210 249/249/210 250/250/210 251/251/210
f 246/246/211 251/251/211 238/238/211 237/237/211
f 246/246/54 237/237/54 236/236/54 247/247/54
f 252/252/54 253/253/54 245/245/54 244/244/54
f 252/252/212 244/244/212 243/243/212 254/254/212
f 252/252/213 254/254/213 255/255/213 256/256/213
f 252/252/5 256/256/5 257/257/5 253/253/5
f 258/258/1 259/259/1 260/260/1 261/261/1
f 258/258/214 261/261/214 262/262/214 263/263/214
f 258/258/215 263/263/215 264/264/215 265/265/215
f 258/258/2 265/265/2 266/266/2 259/259/2
f 267/267/2 36/36/2 35/35/2 268/268/2
f 267/267/216 268/268/216 269/269/216 270/270/216
f 267/267/217 270/270/217 271/271/217 272/272/217
f 267/267/1 272/272/1 37/37/1 36/36/1
f 273/273/3 274/274/3 275/275/3 276/276/3
f 273/273/218 276/276/218 277/277/218 278/278/218
f 273/273/219 278/278/219 262/262/219 261/261/219
f 273/273/4 261/261/4 260/260/4 274/274/4
f 279/279/4 48/48/4 37/37/4 272/272/4
f 279/279/220 272/272/220 271/271/220 280/280/220
f 279/279/221 280/280/221 281/281/221 282/282/221
f 279/279/3 282/282/3 49/49/3 48/48/3
f 283/283/5 284/284/5 285/285/5 286/286/5
f 283/283/222 286/286/222 287/287/222 288/288/222
f 283/283/223 288/288/223 277/277/223 276/276/223
f 283/283/6 276/276/6 275/275/6 284/284/6
f 289/289/6 60/60/6 49/49/6 282/282/6
f 289/289/224 282/282/224 281/281/224 290/290/224
f 289/289/225 290/290/225 291/291/225 292/292/225
f 289/289/5 292/292/5 61/61/5 60/60/5
f 293/293/226 294/294/226 271/271/226 270/270/226
f 293/293/227 270/270/227 269/269/227 295/295/227
f 296/296/228 297/297/228 264/264/228 263/263/228
f 296/296/229 263/263/229 262/262/229 298/298/229
f 299/299/230 300/300/230 281/281/230 280/280/230
f 299/299/231 280/280/231 271/271/231 294/294/231
f 301/301/232 298/298/232 262/262/232 278/278/232
f 301/301/233 278/278/233 277/277/233 302/302/233
f 303/303/234 304/304/234 291/291/234 290/290/234
f 303/303/235 290/290/235 281/281/235 300/300/235
f 305/305/236 302/302/236 277/277/236 288/288/236
f 305/305/237 288/288/237 287/287/237 306/306/237
f 307/307/1 25/25/1 24/24/1 308/308/1
f 307/307/1 308/308/1 260/260/1 259/259/1
f 307/307/2 259/259/2 266/266/2 309/309/2
f 307/307/2 309/309/2 26/26/2 25/25/2
f 310/310/1 32/32/1 39/39/1 311/311/238
f 310/310/239 311/311/240 202/202/241 201/201/242
f 310/310/243 201/201/244 200/200/245 312/312/246
f 310/310/2 312/312/247 33/33/2 32/32/2
f 313/313/3 43/43/3 42/42/3 314/314/3
f 313/313/3 314/314/3 275/275/3 274/274/3
f 313/313/4 274/274/4 260/260/4 308/308/4
f 313/313/4 308/308/4 24/24/4 43/43/4
f 315/315/3 47/47/3 51/51/3 316/316/3
f 315/315/248 316/316/248 206/206/248 205/205/249
f 315/315/250 205/205/251 202/202/252 311/311/253
f 315/315/4 311/311/254 39/39/4 47/47/4
f 317/317/5 55/55/5 54/54/5 318/318/5
f 317/317/5 318/318/5 285/285/5 284/284/5
f 317/317/6 284/284/6 275/275/6 314/314/6
f 317/317/6 314/314/6 42/42/6 55/55/6
f 319/319/5 59/59/5 63/63/5 320/320/5
f 319/319/255 320/320/255 212/212/255 211/211/255
f 319/319/256 211/211/256 206/206/256 316/316/256
f 319/319/6 316/316/6 51/51/6 59/59/6
f 321/321/4 129/129/4 116/116/4 115/115/257
f 321/321/258 115/115/259 114/114/258 209/209/258
f 321/321/260 209/209/260 208/208/260 322/322/260
f 321/321/3 322/322/3 130/130/3 129/129/3
f 323/323/3 126/126/3 132/132/3 324/324/3
f 323/323/261 324/324/261 181/181/261 191/191/262
f 323/323/263 191/191/263 190/190/264 325/325/263
f 323/323/4 325/325/4 127/127/4 126/126/4
f 326/326/54 141/141/54 130/130/54 322/322/54
f 326/326/265 322/322/265 208/208/265 215/215/265
f 326/326/266 215/215/266 214/214/266 327/327/266
f 326/326/5 327/327/5 142/142/5 141/141/5
f 328/328/5 140/140/5 144/144/5 329/329/5
f 328/328/267 329/329/267 183/183/267 182/182/267
f 328/328/268 182/182/268 181/181/268 324/324/268
f 328/328/54 324/324/54 132/132/54 140/140/54
f 330/330/3 122/122/3 121/121/3 331/331/3
f 330/330/269 331/331/269 166/166/269 172/172/270
f 330/330/271 172/172/272 171/171/273 332/332/274
f 330/330/275 332/332/276 123/123/4 122/122/4
f 333/333/4 118/118/4 101/101/4 100/100/277
f 333/333/278 100/100/278 107/107/279 156/156/280
f 333/333/281 156/156/282 155/155/281 334/334/281
f 333/333/3 334/334/3 119/119/3 118/118/3
f 335/335/5 138/138/5 137/137/5 336/336/5
f 335/335/283 336/336/283 168/168/283 167/167/283
f 335/335/284 167/167/284 166/166/284 331/331/284
f 335/335/54 331/331/54 121/121/54 138/138/54
f 337/337/6 134/134/6 119/119/6 334/334/6
f 337/337/285 334/334/285 155/155/285 162/162/285
f 337/337/286 162/162/286 161/161/286 338/338/286
f 337/337/5 338/338/5 135/135/5 134/134/5
f 339/339/287 146/146/288 150/150/289 340/340/290
f 339/339/291 340/340/292 341/341/293 342/342/294
f 339/339/295 342/342/296 343/343/297 344/344/298
f 339/339/299 344/344/300 147/147/301 146/146/302
f 345/345/303 152/152/304 147/147/305 344/344/306
f 345/345/307 344/344/308 343/343/309 346/346/310
f 345/345/311 346/346/312 347/347/313 348/348/313
f 345/345/314 348/348/315 153/153/315 152/152/315
f 349/349/316 158/158/316 153/153/316 348/348/316
f 349/349/317 348/348/317 347/347/317 350/350/317
f 349/349/318 350/350/318 351/351/318 352/352/318
f 349/349/319 352/352/319 159/159/319 158/158/319
f 353/353/320 178/178/320 185/185/320 354/354/320
f 353/353/321 354/354/321 355/355/321 356/356/321
f 353/353/322 356/356/322 357/357/322 358/358/322
f 353/353/323 358/358/323 179/179/323 178/178/323
f 359/359/324 187/187/324 179/179/324 358/358/324
f 359/359/325 358/358/325 357/357/325 360/360/325
f 359/359/326 360/360/326 361/361/326 362/362/326
f 359/359/327 362/362/327 188/188/327 187/187/327
f 363/363/328 193/193/328 188/188/328 362/362/328
f 363/363/329 362/362/329 361/361/329 364/364/329
f 363/363/330 364/364/330 365/365/330 366/366/330
f 363/363/331 366/366/331 194/194/332 193/193/333
f 367/367/334 230/230/334 229/229/334 368/368/334
f 367/369/335 368/370/335 365/365/335 364/364/335
f 367/369/336 364/364/336 361/361/336 369/371/336
f 367/367/337 369/372/337 231/231/337 230/230/337
f 370/373/338 239/239/339 238/238/340 371/374/340
f 370/375/341 371/376/342 347/347/342 346/346/343
f 370/375/344 346/346/345 343/343/346 372/377/347
f 370/373/348 372/378/349 220/220/350 239/239/351
f 373/379/352 242/242/352 231/231/352 369/372/352
f 373/380/353 369/371/353 361/361/353 360/360/353
f 373/380/354 360/360/354 357/357/354 374/381/354
f 373/379/355 374/382/355 243/243/355 242/242/355
f 375/383/356 251/251/356 250/250/356 376/384/356
f 375/385/357 376/386/357 351/351/357 350/350/357
f 375/385/358 350/350/358 347/347/358 371/376/358
f 375/383/359 371/374/359 238/238/359 251/251/359
f 377/387/360 254/254/360 243/243/360 374/382/360
f 377/388/361 374/381/361 357/357/361 356/356/361
f 377/388/362 356/356/362 355/355/362 378/389/362
f 377/387/363 378/390/363 255/255/363 254/254/363
f 379/391/1 380/392/1 381/393/1 382/394/1
f 379/391/1 382/394/1 383/395/1 384/396/1
f 379/391/2 384/396/2 385/397/2 386/398/2
f 379/391/2 386/398/2 387/399/2 380/392/2
f 388/400/2 389/401/2 390/402/2 391/403/2
f 388/400/2 391/403/2 392/404/2 393/405/2
f 388/400/1 393/405/1 394/406/1 395/407/1
f 388/400/1 395/407/1 396/408/1 389/401/1
f 397/409/364 398/410/364 9/411/364 8/412/364
f 397/409/364 8/412/364 7/413/364 399/414/364
f 397/409/365 399/414/365 400/415/365 401/416/365
f 397/409/365 401/416/365 402/417/365 398/410/365
f 403/418/366 404/419/366 402/417/366 401/416/366
f 403/418/366 401/416/366 400/415/366 405/420/366
f 403/418/367 405/420/367 406/421/367 407/422/367
f 403/418/367 407/422/367 408/423/367 404/419/367
f 409/424/368 410/425/368 408/423/368 407/422/368
f 409/424/368 407/422/368 406/421/368 411/426/368
f 409/424/369 411/426/369 412/427/369 413/428/369
f 409/424/369 413/428/369 414/429/369 410/425/369
f 415/430/365 416/431/365 417/432/365 418/433/370
f 415/430/371 418/433/372 419/434/373 420/435/374
f 415/430/375 420/435/376 28/28/377 27/27/378
f 415/430/364 27/27/379 26/26/364 416/431/364
f 421/436/364 34/34/364 33/33/364 422/437/364
f 421/436/380 422/437/380 423/438/380 424/439/380
f 421/436/380 424/439/380 425/440/380 426/441/380
f 421/436/364 426/441/364 35/35/364 34/34/364
f 427/442/367 428/443/367 429/444/367 430/445/367
f 427/442/381 430/445/381 431/446/381 432/447/382
f 427/442/383 432/447/384 419/434/385 418/433/386
f 427/442/366 418/433/387 417/432/366 428/443/366
f 433/448/366 424/439/366 423/438/366 434/449/366
f 433/448/367 434/449/367 435/450/367 436/451/367
f 433/448/367 436/451/367 437/452/367 438/453/367
f 433/448/366 438/453/366 425/440/366 424/439/366
f 439/454/369 440/455/369 441/456/369 442/457/369
f 439/454/388 442/457/388 443/458/388 444/459/388
f 439/454/389 444/459/389 431/446/389 430/445/389
f 439/454/368 430/445/368 429/444/368 440/455/368
f 445/460/368 436/451/368 435/450/368 446/461/368
f 445/460/369 446/461/369 447/462/369 448/463/369
f 445/460/369 448/463/369 449/464/369 450/465/369
f 445/460/368 450/465/368 437/452/368 436/451/368
f 451/466/380 452/467/380 453/468/380 454/469/390
f 66/470/391 453/468/392 452/467/364 67/471/364
f 455/472/364 456/473/364 78/474/364 77/475/364
f 455/472/364 77/475/364 76/476/364 457/477/364
f 455/472/380 457/477/380 458/478/380 459/479/380
f 455/472/380 459/479/380 460/480/380 456/473/380
f 461/481/367 462/482/367 463/483/367 464/484/367
f 463/483/366 462/482/366 451/466/366 454/469/393
f 465/485/366 466/486/366 460/480/366 459/479/366
f 465/485/366 459/479/366 458/478/366 467/487/366
f 465/485/367 467/487/367 468/488/367 469/489/367
f 465/485/367 469/489/367 470/490/367 466/486/367
f 471/491/369 472/492/369 473/493/369 474/494/369
f 472/492/368 471/491/368 461/481/368 464/484/368
f 475/495/368 476/496/368 470/490/368 469/489/368
f 475/495/368 469/489/368 468/488/368 477/497/368
f 475/495/369 477/497/369 478/498/369 479/499/369
f 475/495/369 479/499/369 480/500/369 476/496/369
f 481/501/380 482/502/380 483/503/380 484/504/380
f 481/501/394 484/504/394 485/505/395 486/506/396
f 481/501/397 486/506/398 105/105/399 104/104/400
f 481/501/364 104/104/401 103/103/364 482/502/364
f 487/507/402 488/508/365 489/509/365 490/510/403
f 487/507/404 490/510/405 491/511/406 492/512/407
f 487/507/408 492/512/409 112/112/410 111/111/411
f 487/507/412 111/111/413 110/110/364 488/508/364
f 493/513/367 494/514/367 495/515/367 496/516/367
f 493/513/366 496/516/366 483/503/366 497/517/366
f 493/513/366 497/517/366 498/518/366 499/519/366
f 493/513/367 499/519/367 500/520/367 494/514/367
f 501/521/366 502/522/366 503/523/366 504/524/366
f 501/521/367 504/524/367 505/525/367 506/526/367
f 501/521/367 506/526/367 507/527/367 508/528/367
f 501/521/366 508/528/366 489/509/366 502/522/366
f 509/529/369 510/530/369 511/531/369 512/532/369
f 509/529/368 512/532/368 495/515/368 494/514/368
f 509/529/368 494/514/368 500/520/368 513/533/368
f 509/529/369 513/533/369 514/534/369 510/530/369
f 515/535/368 506/526/368 505/525/368 516/536/368
f 515/535/369 516/536/369 517/537/369 518/538/369
f 515/535/369 518/538/369 519/539/369 520/540/369
f 515/535/368 520/540/368 507/527/368 506/526/368
f 521/541/414 522/542/415 523/543/416 524/544/417
f 521/541/418 524/544/419 150/150/420 149/149/421
f 521/541/422 149/149/423 105/105/424 486/506/425
f 521/541/426 486/506/427 485/505/428 522/542/429
f 525/545/430 526/546/431 527/547/431 528/548/431
f 525/545/432 528/548/433 523/543/434 522/542/435
f 525/545/436 522/542/437 485/505/438 529/549/439
f 525/545/440 529/549/441 530/550/442 526/546/442
f 531/551/443 532/552/443 533/553/443 534/554/443
f 531/551/444 534/554/444 527/547/444 526/546/444
f 531/551/445 526/546/445 530/550/445 535/555/445
f 531/551/446 535/555/446 536/556/446 532/552/446
f 537/557/447 444/459/447 443/458/447 538/558/447
f 537/557/448 538/558/448 539/559/448 540/560/448
f 537/557/449 540/560/449 541/561/449 542/562/449
f 537/557/450 542/562/450 431/446/450 444/459/450
f 543/563/451 432/447/452 431/446/453 542/562/453
f 543/563/454 542/562/455 541/561/455 544/564/456
f 543/563/457 544/564/458 545/565/459 546/566/460
f 543/563/461 546/566/462 419/434/463 432/447/464
f 547/567/465 420/435/466 419/434/467 546/566/468
f 547/567/469 546/566/470 545/565/471 548/568/472
f 547/567/473 548/568/474 175/175/475 174/174/476
f 547/567/477 174/174/478 28/28/479 420/435/480
f 549/569/481 550/570/481 551/571/481 552/572/481
f 549/569/482 552/572/482 553/573/482 554/574/482
f 549/569/483 554/574/483 555/575/483 556/576/483
f 549/569/484 556/576/484 557/577/484 550/570/484
f 558/578/485 559/579/486 560/580/487 561/581/488
f 558/578/489 561/581/489 551/571/489 550/570/489
f 558/578/490 550/570/490 557/577/490 562/582/490
f 558/578/491 562/582/491 563/583/491 559/579/492
f 564/584/493 195/195/494 194/194/495 565/585/496
f 564/584/497 565/585/497 560/580/497 559/579/498
f 564/584/499 559/579/500 563/583/501 566/586/499
f 564/584/502 566/586/502 196/196/502 195/195/503
f 567/587/504 568/588/505 200/200/506 199/199/507
f 567/587/508 199/199/509 112/112/510 492/512/511
f 567/587/512 492/512/513 491/511/514 569/589/515
f 567/587/516 569/589/517 570/590/518 568/588/519
f 571/591/520 572/592/521 570/590/522 569/589/523
f 571/591/524 569/589/525 491/511/526 573/593/527
f 571/591/528 573/593/529 574/594/529 575/595/529
f 571/591/530 575/595/531 576/596/531 572/592/532
f 577/597/533 578/598/533 576/596/533 575/595/533
f 577/597/534 575/595/534 574/594/534 579/599/534
f 577/597/535 579/599/535 580/600/535 581/601/535
f 577/597/536 581/601/536 582/602/536 578/598/536
f 583/603/537 584/604/538 585/605/539 586/606/540
f 583/603/541 586/606/542 224/607/543 223/608/544
f 583/603/545 223/608/546 222/609/547 587/610/548
f 583/603/549 587/610/550 588/611/551 584/604/552
f 589/612/364 228/613/364 227/614/364 590/615/364
f 589/612/380 590/615/380 591/616/380 592/617/380
f 589/612/553 592/617/553 593/618/553 594/619/553
f 589/612/554 594/619/554 229/620/554 228/613/554
f 595/621/555 596/622/367 597/623/367 598/624/556
f 595/621/557 598/624/558 585/605/559 584/604/560
f 595/621/561 584/604/562 588/611/563 599/625/564
f 595/621/565 599/625/566 600/626/567 596/622/567
f 601/627/366 592/617/366 591/616/366 602/628/366
f 601/627/367 602/628/367 603/629/367 604/630/367
f 601/627/568 604/630/568 605/631/568 606/632/568
f 601/627/569 606/632/569 593/618/569 592/617/569
f 607/633/369 608/634/369 609/635/369 610/636/369
f 607/633/368 610/636/368 597/623/368 596/622/368
f 607/633/570 596/622/570 600/626/570 611/637/570
f 607/633/571 611/637/571 612/638/571 608/634/571
f 613/639/572 604/630/572 603/629/572 614/640/572
f 613/639/369 614/640/369 615/641/369 616/642/369
f 613/639/573 616/642/573 617/643/573 618/644/573
f 613/639/574 618/644/574 605/631/574 604/630/574
f 619/645/380 620/646/380 621/647/380 622/648/380
f 619/645/364 622/648/364 266/266/364 265/265/364
f 619/645/575 265/265/575 264/264/575 623/649/575
f 619/645/576 623/649/576 624/650/576 620/646/576
f 625/651/364 268/268/364 35/35/364 426/441/364
f 625/651/380 426/441/380 425/440/380 626/652/380
f 625/651/577 626/652/577 627/653/577 628/654/577
f 625/651/578 628/654/578 269/269/578 268/268/578
f 629/655/367 630/656/367 631/657/367 632/658/367
f 629/655/366 632/658/366 621/647/366 620/646/366
f 629/655/579 620/646/579 624/650/579 633/659/579
f 629/655/580 633/659/580 634/660/580 630/656/580
f 635/661/366 626/652/366 425/440/366 438/453/366
f 635/661/367 438/453/367 437/452/367 636/662/367
f 635/661/581 636/662/581 637/663/581 638/664/581
f 635/661/582 638/664/582 627/653/582 626/652/582
f 639/665/369 640/666/369 641/667/369 642/668/369
f 639/665/368 642/668/368 631/657/368 630/656/368
f 639/665/583 630/656/583 634/660/583 643/669/583
f 639/665/584 643/669/584 644/670/584 640/666/584
f 645/671/368 636/662/368 437/452/368 450/465/368
f 645/671/369 450/465/369 449/464/369 646/672/369
f 645/671/585 646/672/585 647/673/585 648/674/585
f 645/671/586 648/674/586 637/663/586 636/662/586
f 649/675/587 295/295/587 269/269/587 628/654/587
f 649/675/588 628/654/588 627/653/588 650/676/588
f 651/677/589 652/678/589 624/650/589 623/649/589
f 651/677/590 623/649/590 264/264/590 297/297/590
f 653/679/591 650/676/591 627/653/591 638/664/591
f 653/679/592 638/664/592 637/663/592 654/680/592
f 655/681/593 656/682/593 634/660/593 633/659/593
f 655/681/594 633/659/594 624/650/594 652/678/594
f 657/683/595 654/680/595 637/663/595 648/674/595
f 657/683/596 648/674/596 647/673/596 658/684/596
f 659/685/597 660/686/597 644/670/597 643/669/597
f 659/685/598 643/669/598 634/660/598 656/682/598
f 661/687/380 662/688/380 417/432/380 416/431/380
f 661/687/364 416/431/364 26/26/364 309/309/364
f 661/687/364 309/309/364 266/266/364 622/648/364
f 661/687/365 622/648/365 621/647/365 662/688/365
f 663/689/380 664/690/599 423/438/380 422/437/380
f 663/689/364 422/437/364 33/33/364 312/312/600
f 663/689/601 312/312/602 200/200/603 568/588/604
f 663/689/605 568/588/606 570/590/607 664/690/608
f 665/691/367 666/692/367 429/444/367 428/443/367
f 665/691/366 428/443/366 417/432/366 662/688/366
f 665/691/366 662/688/366 621/647/366 632/658/366
f 665/691/367 632/658/367 631/657/367 666/692/367
f 667/693/367 668/694/367 435/450/367 434/449/367
f 667/693/366 434/449/366 423/438/366 664/690/609
f 667/693/610 664/690/611 570/590/612 572/592/613
f 667/693/614 572/592/615 576/596/614 668/694/614
f 669/695/369 670/696/369 441/456/369 440/455/369
f 669/695/368 440/455/368 429/444/368 666/692/368
f 669/695/368 666/692/368 631/657/368 642/668/368
f 669/695/369 642/668/369 641/667/369 670/696/369
f 671/697/369 672/698/369 447/462/369 446/461/369
f 671/697/368 446/461/368 435/450/368 668/694/368
f 671/697/616 668/694/616 576/596/616 578/598/616
f 671/697/617 578/598/617 582/602/617 672/698/617
f 673/699/618 490/510/619 489/509/366 508/528/366
f 673/699/620 508/528/367 507/527/367 674/700/367
f 673/699/621 674/700/621 574/594/621 573/593/621
f 673/699/622 573/593/623 491/511/624 490/510/625
f 675/701/367 676/702/367 505/525/367 504/524/367
f 675/701/366 504/524/366 503/523/366 677/703/366
f 675/701/626 677/703/626 563/583/626 562/582/626
f 675/701/627 562/582/627 557/577/627 676/702/627
f 678/704/572 674/700/572 507/527/572 520/540/572
f 678/704/369 520/540/369 519/539/369 679/705/369
f 678/704/628 679/705/628 580/600/628 579/599/628
f 678/704/629 579/599/629 574/594/629 674/700/629
f 680/706/369 681/707/369 517/537/369 516/536/369
f 680/706/572 516/536/572 505/525/572 676/702/572
f 680/706/630 676/702/630 557/577/630 556/576/630
f 680/706/631 556/576/631 555/575/631 681/707/631
f 682/708/367 683/709/367 500/520/367 499/519/367
f 682/708/632 499/519/366 498/518/366 684/710/633
f 682/708/634 684/710/635 545/565/636 544/564/637
f 682/708/638 544/564/639 541/561/638 683/709/638
f 685/711/366 484/504/366 483/503/366 496/516/366
f 685/711/367 496/516/367 495/515/367 686/712/367
f 685/711/640 686/712/640 530/550/640 529/549/641
f 685/711/642 529/549/643 485/505/644 484/504/642
f 687/713/369 688/714/369 514/534/369 513/533/369
f 687/713/368 513/533/368 500/520/368 683/709/368
f 687/713/645 683/709/645 541/561/645 540/560/645
f 687/713/646 540/560/646 539/559/646 688/714/646
f 689/715/572 686/712/572 495/515/572 512/532/572
f 689/715/369 512/532/369 511/531/369 690/716/369
f 689/715/647 690/716/647 536/556/647 535/555/647
f 689/715/648 535/555/648 530/550/648 686/712/648
f 691/717/649 340/340/650 150/150/651 524/544/652
f 691/717/653 524/544/654 523/543/655 692/718/656
f 691/717/657 692/718/658 693/719/659 694/720/660
f 691/717/661 694/720/662 341/341/663 340/340/664
f 695/721/665 692/718/666 523/543/667 528/548/668
f 695/721/669 528/548/670 527/547/670 696/722/670
f 695/721/671 696/722/672 697/723/672 698/724/673
f 695/721/674 698/724/675 693/719/676 692/718/677
f 699/725/678 696/722/678 527/547/678 534/554/678
f 699/725/679 534/554/679 533/553/679 700/726/679
f 699/725/680 700/726/680 701/727/680 702/728/680
f 699/725/681 702/728/681 697/723/681 696/722/681
f 703/729/682 704/730/682 553/573/682 552/572/682
f 703/729/683 552/572/683 551/571/683 705/731/683
f 703/729/684 705/731/684 706/732/684 707/733/684
f 703/729/685 707/733/685 708/734/685 704/730/685
f 709/735/686 705/731/686 551/571/686 561/581/687
f 709/735/688 561/581/689 560/580/688 710/736/688
f 709/735/690 710/736/690 711/737/690 712/738/690
f 709/735/691 712/738/691 706/732/691 705/731/691
f 713/739/692 710/736/692 560/580/692 565/585/692
f 713/739/693 565/585/693 194/194/694 366/366/693
f 713/739/695 366/366/695 365/365/695 714/740/695
f 713/739/696 714/740/696 711/737/696 710/736/696
f 715/741/697 368/742/697 229/620/697 594/619/697
f 715/741/698 594/619/698 593/618/698 716/743/698
f 715/744/699 716/745/699 711/737/699 714/740/699
f 715/744/700 714/740/700 365/365/700 368/370/700
f 717/746/701 718/747/702 600/626/702 599/625/703
f 717/746/704 599/625/705 588/611/706 719/748/707
f 717/749/708 719/750/709 693/719/710 698/724/711
f 717/749/712 698/724/713 697/723/714 718/751/714
f 720/752/715 716/743/715 593/618/715 606/632/715
f 720/752/716 606/632/716 605/631/716 721/753/716
f 720/754/717 721/755/717 706/732/717 712/738/717
f 720/754/718 712/738/718 711/737/718 716/745/718
f 722/756/719 723/757/719 612/638/719 611/637/719
f 722/756/720 611/637/720 600/626/720 718/747/720
f 722/758/721 718/751/721 697/723/721 702/728/721
f 722/758/722 702/728/722 701/727/722 723/759/722
f 724/760/723 721/753/723 605/631/723 618/644/723
f 724/760/724 618/644/724 617/643/724 725/761/724
f 724/762/725 725/763/725 708/734/725 707/733/725
f 724/762/726 707/733/726 706/732/726 721/755/726
f 726/764/380 727/765/380 728/766/380 729/767/380
f 726/764/364 729/767/364 387/768/364 386/769/364
f 726/764/364 386/769/364 385/770/364 730/771/364
f 726/764/380 730/771/380 731/772/380 727/765/380
f 732/773/364 391/774/364 390/775/364 733/776/364
f 732/773/380 733/776/380 734/777/380 735/778/380
f 732/773/380 735/778/380 736/779/380 737/780/380
f 732/773/364 737/780/364 392/781/364 391/774/364
f 738/782/727 221/221/728 220/220/729 372/378/730
f 738/783/731 372/377/732 343/343/733 342/342/734
f 738/783/735 342/342/736 341/341/737 739/784/738
f 738/782/739 739/785/740 222/222/741 221/221/742
f 740/786/743 587/610/744 222/609/745 739/787/746
f 740/788/747 739/784/748 341/341/749 694/720/750
f 740/788/751 694/720/752 693/719/753 719/750/754
f 740/786/755 719/748/756 588/611/757 587/610/758
f 741/789/759 742/790/9 123/123/9 332/332/760
f 741/789/761 332/332/762 171/171/763 176/176/764
f 741/789/765 176/176/766 175/175/767 743/791/768
f 741/789/769 743/791/770 744/792/2 742/790/2
f 745/793/771 746/794/364 744/792/364 743/791/772
f 745/793/773 743/791/774 175/175/775 548/568/776
f 745/793/777 548/568/778 545/565/779 684/710/780
f 745/793/781 684/710/782 498/518/365 746/794/365
f 747/795/9 102/102/9 101/101/9 124/124/9
f 747/795/1 124/124/1 123/123/1 742/790/1
f 747/795/2 742/790/2 744/792/2 748/796/2
f 747/795/2 748/796/2 103/103/2 102/102/2
f 749/797/364 482/502/364 103/103/364 748/796/364
f 749/797/364 748/796/364 744/792/364 746/794/364
f 749/797/380 746/794/380 498/518/380 497/517/380
f 749/797/365 497/517/365 483/503/365 482/502/365
f 750/798/1 109/109/1 116/116/1 128/128/1
f 750/798/9 128/128/9 127/127/9 751/799/9
f 750/798/2 751/799/2 752/800/2 753/801/2
f 750/798/2 753/801/2 110/110/2 109/109/2
f 754/802/364 488/508/364 110/110/364 753/801/364
f 754/802/364 753/801/364 752/800/364 755/803/364
f 754/802/380 755/803/380 503/523/380 502/522/380
f 754/802/380 502/522/380 489/509/380 488/508/380
f 756/804/1 751/799/1 127/127/1 325/325/1
f 756/804/783 325/325/783 190/190/783 197/197/783
f 756/804/784 197/197/784 196/196/784 757/805/784
f 756/804/2 757/805/2 752/800/2 751/799/2
f 758/806/364 755/803/364 752/800/364 757/805/364
f 758/806/785 757/805/785 196/196/785 566/586/785
f 758/806/786 566/586/786 563/583/786 677/703/786
f 758/806/380 677/703/380 503/523/380 755/803/380
f 759/807/787 760/808/787 761/809/787 762/810/787
f 759/807/787 762/810/787 763/811/787 764/812/787
f 759/807/788 764/812/788 765/813/788 766/814/788
f 759/807/788 766/814/788 767/815/788 760/808/788
f 768/816/789 769/817/789 767/815/789 766/814/789
f 768/816/789 766/814/789 765/813/789 770/818/789
f 768/816/790 770/818/790 771/819/790 772/820/790
f 768/816/790 772/820/790 773/821/790 769/817/790
f 774/822/791 775/823/791 773/821/791 772/820/791
f 774/822/791 772/820/791 771/819/791 776/824/791
f 774/822/792 776/824/792 20/20/792 19/19/792
f 774/822/792 19/19/792 18/18/792 775/823/792
f 777/825/793 778/826/793 779/827/793 780/828/794
f 777/825/795 780/828/796 781/829/797 782/830/798
f 777/825/799 782/830/800 783/831/801 784/832/802
f 777/825/803 784/832/804 785/833/787 778/826/787
f 786/834/787 787/835/787 788/836/787 789/837/787
f 786/834/793 789/837/793 790/838/793 791/839/793
f 786/834/788 791/839/788 792/840/788 793/841/788
f 786/834/787 793/841/787 794/842/787 787/835/787
f 795/843/805 796/844/790 797/845/790 798/846/790
f 795/843/806 798/846/807 799/847/807 800/848/808
f 795/843/809 800/848/810 781/829/811 780/828/812
f 795/843/789 780/828/813 779/827/789 796/844/789
f 801/849/789 791/839/789 790/838/789 802/850/789
f 801/849/790 802/850/790 803/851/790 804/852/790
f 801/849/790 804/852/790 805/853/790 806/854/790
f 801/849/789 806/854/789 792/840/789 791/839/789
f 807/855/792 808/856/792 54/54/792 53/53/792
f 807/855/814 53/53/814 57/57/814 809/857/814
f 807/855/815 809/857/815 799/847/815 798/846/815
f 807/855/791 798/846/791 797/845/791 808/856/791
f 810/858/791 804/852/791 803/851/791 811/859/791
f 810/858/792 811/859/792 63/63/792 62/62/792
f 810/858/792 62/62/792 61/61/792 812/860/792
f 810/858/791 812/860/791 805/853/791 804/852/791
f 813/861/788 814/862/788 815/863/816 816/864/817
f 815/863/818 814/862/787 817/865/787 818/866/819
f 819/867/787 820/868/787 821/869/787 822/870/787
f 819/867/787 822/870/787 823/871/787 824/872/787
f 819/867/788 824/872/788 825/873/788 826/874/788
f 819/867/788 826/874/788 827/875/788 820/868/788
f 828/876/790 829/877/790 830/878/790 831/879/790
f 830/878/789 829/877/789 813/861/789 816/864/820
f 832/880/789 833/881/789 827/875/789 826/874/789
f 832/880/789 826/874/789 825/873/789 834/882/789
f 832/880/790 834/882/790 835/883/790 836/884/790
f 832/880/790 836/884/790 837/885/790 833/881/790
f 91/91/792 838/886/792 839/887/792 92/92/792
f 839/887/791 838/886/791 828/876/791 831/879/791
f 840/888/791 841/889/791 837/885/791 836/884/791
f 840/888/791 836/884/791 835/883/791 842/890/791
f 840/888/792 842/890/792 97/97/792 96/96/792
f 840/888/792 96/96/792 95/95/792 841/889/792
f 843/891/788 844/892/788 845/893/788 846/894/821
f 843/891/822 846/894/822 847/895/823 848/896/824
f 843/891/825 848/896/826 849/897/827 850/898/825
f 843/891/787 850/898/787 851/899/787 844/892/787
f 852/900/828 853/901/829 854/902/787 855/903/787
f 852/900/830 855/903/788 856/904/788 857/905/831
f 852/900/832 857/905/833 858/906/834 859/907/835
f 852/900/836 859/907/837 860/908/838 853/901/839
f 861/909/790 862/910/790 863/911/790 864/912/790
f 861/909/789 864/912/789 845/893/789 865/913/789
f 861/909/789 865/913/789 866/914/789 867/915/789
f 861/909/790 867/915/790 868/916/790 862/910/790
f 869/917/789 870/918/789 871/919/789 872/920/789
f 869/917/790 872/920/790 873/921/790 874/922/790
f 869/917/790 874/922/790 875/923/790 876/924/790
f 869/917/789 876/924/789 856/904/789 870/918/789
f 877/925/792 136/136/792 135/135/792 878/926/792
f 877/925/791 878/926/791 863/911/791 862/910/791
f 877/925/791 862/910/791 868/916/791 879/927/791
f 877/925/792 879/927/792 137/137/792 136/136/792
f 880/928/791 874/922/791 873/921/791 881/929/791
f 880/928/792 881/929/792 144/144/792 143/143/792
f 880/928/792 143/143/792 142/142/792 882/930/792
f 880/928/791 882/930/791 875/923/791 874/922/791
f 883/931/840 884/932/841 885/933/842 886/934/843
f 883/931/844 886/934/845 887/935/846 888/936/847
f 883/931/848 888/936/849 849/897/850 848/896/851
f 883/931/852 848/896/853 847/895/854 884/932/855
f 889/937/856 890/938/857 891/939/857 892/940/857
f 889/937/858 892/940/859 885/933/860 884/932/861
f 889/937/862 884/932/863 847/895/864 893/941/865
f 889/937/866 893/941/867 894/942/868 890/938/868
f 895/943/869 160/160/869 159/159/869 896/944/869
f 895/943/870 896/944/870 891/939/870 890/938/870
f 895/943/871 890/938/871 894/942/871 897/945/871
f 895/943/872 897/945/872 161/161/872 160/160/872
f 898/946/873 809/857/873 57/57/873 164/164/873
f 898/946/874 164/164/874 168/168/874 899/947/874
f 898/946/875 899/947/875 900/948/875 901/949/875
f 898/946/876 901/949/876 799/847/876 809/857/876
f 902/950/877 800/848/878 799/847/879 901/949/879
f 902/950/880 901/949/881 900/948/881 903/951/882
f 902/950/883 903/951/884 904/952/885 905/953/886
f 902/950/887 905/953/888 781/829/889 800/848/890
f 906/954/891 782/830/892 781/829/893 905/953/894
f 906/954/895 905/953/896 904/952/897 907/955/898
f 906/954/899 907/955/900 908/956/901 909/957/902
f 906/954/903 909/957/904 783/831/905 782/830/906
f 910/958/907 911/959/907 912/960/907 913/961/907
f 910/958/908 913/961/908 185/185/908 184/184/908
f 910/958/909 184/184/909 183/183/909 914/962/909
f 910/958/910 914/962/910 915/963/910 911/959/910
f 916/964/911 917/965/911 918/966/911 919/967/911
f 916/964/912 919/967/912 912/960/912 911/959/912
f 916/964/913 911/959/913 915/963/913 920/968/913
f 916/964/914 920/968/914 921/969/915 917/965/916
f 922/970/917 923/971/918 924/972/919 925/973/917
f 922/970/920 925/973/921 918/966/920 917/965/922
f 922/970/923 917/965/924 921/969/925 926/974/926
f 922/970/927 926/974/927 927/975/928 923/971/929
f 928/976/930 929/977/931 930/978/932 931/979/933
f 928/976/934 931/979/935 860/908/936 859/907/937
f 928/976/938 859/907/939 858/906/940 932/980/941
f 928/976/942 932/980/943 933/981/944 929/977/945
f 934/982/946 935/983/947 933/981/948 932/980/949
f 934/982/950 932/980/951 858/906/952 936/984/952
f 934/982/953 936/984/954 937/985/954 938/986/954
f 934/982/955 938/986/956 939/987/956 935/983/957
f 940/988/958 941/989/958 939/987/958 938/986/958
f 940/988/959 938/986/959 937/985/959 942/990/959
f 940/988/960 942/990/960 214/214/960 213/213/960
f 940/988/961 213/213/961 212/212/961 941/989/961
f 943/991/962 944/992/963 945/993/964 946/994/965
f 943/991/966 946/994/967 947/995/968 948/996/969
f 943/991/970 948/996/971 949/997/972 950/998/973
f 943/991/974 950/998/975 951/999/976 944/992/977
f 952/1000/787 953/1001/787 954/1002/787 955/1003/787
f 952/1000/788 955/1003/788 956/1004/788 957/1005/788
f 952/1000/978 957/1005/978 958/1006/978 959/1007/978
f 952/1000/979 959/1007/979 960/1008/979 953/1001/979
f 961/1009/980 962/1010/790 963/1011/790 964/1012/981
f 961/1009/982 964/1012/983 945/993/984 944/992/985
f 961/1009/986 944/992/987 951/999/988 965/1013/989
f 961/1009/990 965/1013/991 966/1014/992 962/1010/992
f 967/1015/789 957/1005/789 956/1004/789 968/1016/789
f 967/1015/790 968/1016/790 969/1017/790 970/1018/790
f 967/1015/993 970/1018/993 971/1019/993 972/1020/993
f 967/1015/994 972/1020/994 958/1006/994 957/1005/994
f 973/1021/792 249/249/792 248/248/792 974/1022/792
f 973/1021/791 974/1022/791 963/1011/791 962/1010/791
f 973/1021/995 962/1010/995 966/1014/995 975/1023/995
f 973/1021/996 975/1023/996 250/250/996 249/249/996
f 976/1024/997 970/1018/997 969/1017/997 977/1025/997
f 976/1024/792 977/1025/792 257/257/792 256/256/792
f 976/1024/998 256/256/998 255/255/998 978/1026/998
f 976/1024/999 978/1026/999 971/1019/999 970/1018/999
f 979/1027/788 980/1028/788 981/1029/788 982/1030/788
f 979/1027/787 982/1030/787 983/1031/787 984/1032/787
f 979/1027/1000 984/1032/1000 985/1033/1000 986/1034/1000
f 979/1027/1001 986/1034/1001 987/1035/1001 980/1028/1001
f 988/1036/787 989/1037/787 794/842/787 793/841/787
f 988/1036/793 793/841/793 792/840/793 990/1038/793
f 988/1036/1002 990/1038/1002 991/1039/1002 992/1040/1002
f 988/1036/1003 992/1040/1003 993/1041/1003 989/1037/1003
f 994/1042/790 995/1043/790 996/1044/790 997/1045/790
f 994/1042/789 997/1045/789 981/1029/789 980/1028/789
f 994/1042/1004 980/1028/1004 987/1035/1004 998/1046/1004
f 994/1042/1005 998/1046/1005 999/1047/1005 995/1043/1005
f 1000/1048/789 990/1038/789 792/840/789 806/854/789
f 1000/1048/790 806/854/790 805/853/790 1001/1049/790
f 1000/1048/1006 1001/1049/1006 1002/1050/1006 1003/1051/1006
f 1000/1048/1007 1003/1051/1007 991/1039/1007 990/1038/1007
f 1004/1052/792 286/286/792 285/285/792 1005/1053/792
f 1004/1052/791 1005/1053/791 996/1044/791 995/1043/791
f 1004/1052/1008 995/1043/1008 999/1047/1008 1006/1054/1008
f 1004/1052/1009 1006/1054/1009 287/287/1009 286/286/1009
f 1007/1055/791 1001/1049/791 805/853/791 812/860/791
f 1007/1055/792 812/860/792 61/61/792 292/292/792
f 1007/1055/1010 292/292/1010 291/291/1010 1008/1056/1010
f 1007/1055/1011 1008/1056/1011 1002/1050/1011 1001/1049/1011
f 1009/1057/1012 1011/1058/1012 993/1041/1012 992/1040/1012
f 1009/1057/1013 992/1040/1013 991/1039/1013 1010/1059/1013
f 1012/1060/1014 1014/1061/1014 987/1035/1014 986/1034/1014
f 1012/1060/1015 986/1034/1015 985/1033/1015 1013/1062/1015
f 1015/1063/1016 1010/1059/1016 991/1039/1016 1003/1051/1016
f 1015/1063/1017 1003/1051/1017 1002/1050/1017 1016/1064/1017
f 1017/1065/1018 1018/1066/1018 999/1047/1018 998/1046/1018
f 1017/1065/1019 998/1046/1019 987/1035/1019 1014/1061/1019
f 1019/1067/1020 1016/1064/1020 1002/1050/1020 1008/1056/1020
f 1019/1067/1021 1008/1056/1021 291/291/1021 304/304/1021
f 1020/1068/1022 306/306/1022 287/287/1022 1006/1054/1022
f 1020/1068/1023 1006/1054/1023 999/1047/1023 1018/1066/1023
f 1021/1069/788 1022/1070/788 779/827/788 778/826/788
f 1021/1069/787 778/826/787 785/833/787 1023/1071/787
f 1021/1069/787 1023/1071/787 983/1031/787 982/1030/787
f 1021/1069/788 982/1030/788 981/1029/788 1022/1070/788
f 1024/1072/793 1025/1073/1024 790/838/793 789/837/793
f 1024/1072/787 789/837/787 788/836/787 1026/1074/1025
f 1024/1072/1026 1026/1074/1027 930/978/1028 929/977/1029
f 1024/1072/1030 929/977/1031 933/981/1032 1025/1073/1033
f 1027/1075/790 1028/1076/790 797/845/790 796/844/790
f 1027/1075/789 796/844/789 779/827/789 1022/1070/789
f 1027/1075/789 1022/1070/789 981/1029/789 997/1045/789
f 1027/1075/790 997/1045/790 996/1044/790 1028/1076/790
f 1029/1077/790 1030/1078/790 803/851/790 802/850/790
f 1029/1077/789 802/850/789 790/838/789 1025/1073/789
f 1029/1077/1034 1025/1073/1034 933/981/1035 935/983/1036
f 1029/1077/1037 935/983/1038 939/987/1037 1030/1078/1037
f 1031/1079/792 318/318/792 54/54/792 808/856/792
f 1031/1079/791 808/856/791 797/845/791 1028/1076/791
f 1031/1079/791 1028/1076/791 996/1044/791 1005/1053/791
f 1031/1079/792 1005/1053/792 285/285/792 318/318/792
f 1032/1080/792 320/320/792 63/63/792 811/859/792
f 1032/1080/791 811/859/791 803/851/791 1030/1078/791
f 1032/1080/1039 1030/1078/1039 939/987/1039 941/989/1039
f 1032/1080/1040 941/989/1040 212/212/1040 320/320/1040
f 1033/1081/1041 857/905/1042 856/904/789 876/924/789
f 1033/1081/1043 876/924/790 875/923/790 1034/1082/790
f 1033/1081/1044 1034/1082/1045 937/985/1045 936/984/1045
f 1033/1081/1046 936/984/1047 858/906/1048 857/905/1049
f 1035/1083/790 1036/1084/790 873/921/790 872/920/790
f 1035/1083/789 872/920/789 871/919/789 1037/1085/789
f 1035/1083/1050 1037/1085/1050 921/969/1050 920/968/1050
f 1035/1083/1051 920/968/1051 915/963/1051 1036/1084/1051
f 1038/1086/997 1034/1082/997 875/923/997 882/930/997
f 1038/1086/792 882/930/792 142/142/792 327/327/792
f 1038/1086/1052 327/327/1052 214/214/1052 942/990/1052
f 1038/1086/1053 942/990/1053 937/985/1053 1034/1082/1053
f 1039/1087/792 329/329/792 144/144/792 881/929/792
f 1039/1087/997 881/929/997 873/921/997 1036/1084/997
f 1039/1087/1054 1036/1084/1054 915/963/1054 914/962/1054
f 1039/1087/1055 914/962/1055 183/183/1055 329/329/1055
f 1040/1088/1056 1041/1089/790 868/916/790 867/915/790
f 1040/1088/789 867/915/789 866/914/789 1042/1090/1057
f 1040/1088/1058 1042/1090/1059 904/952/1060 903/951/1061
f 1040/1088/1062 903/951/1063 900/948/1062 1041/1089/1062
f 1043/1091/789 846/894/789 845/893/789 864/912/789
f 1043/1091/790 864/912/790 863/911/790 1044/1092/790
f 1043/1091/1064 1044/1092/1064 894/942/1064 893/941/1065
f 1043/1091/1066 893/941/1067 847/895/1068 846/894/1066
f 1045/1093/792 336/336/792 137/137/792 879/927/792
f 1045/1093/791 879/927/791 868/916/791 1041/1089/791
f 1045/1093/1069 1041/1089/1069 900/948/1069 899/947/1069
f 1045/1093/1070 899/947/1070 168/168/1070 336/336/1070
f 1046/1094/997 1044/1092/997 863/911/997 878/926/997
f 1046/1094/792 878/926/792 135/135/792 338/338/792
f 1046/1094/1071 338/338/1071 161/161/1071 897/945/1071
f 1046/1094/1072 897/945/1072 894/942/1072 1044/1092/1072
f 1047/1095/1073 1048/1096/1074 887/935/1075 886/934/1076
f 1047/1095/1077 886/934/1078 885/933/1079 1049/1097/1080
f 1047/1095/1081 1049/1097/1082 1050/1098/1083 1051/1099/1084
f 1047/1095/1085 1051/1099/1086 1052/1100/1087 1048/1096/1088
f 1053/1101/1089 1049/1097/1090 885/933/1091 892/940/1092
f 1053/1101/1093 892/940/1094 891/939/1095 1054/1102/1095
f 1053/1101/1096 1054/1102/1097 1055/1103/1097 1056/1104/1098
f 1053/1101/1099 1056/1104/1100 1050/1098/1101 1049/1097/1102
f 1057/1105/1103 1054/1102/1103 891/939/1103 896/944/1103
f 1057/1105/1104 896/944/1104 159/159/1104 352/352/1104
f 1057/1105/1105 352/352/1105 351/351/1105 1058/1106/1105
f 1057/1105/1106 1058/1106/1106 1055/1103/1106 1054/1102/1106
f 1059/1107/1107 354/354/1107 185/185/1107 913/961/1107
f 1059/1107/1108 913/961/1108 912/960/1108 1060/1108/1108
f 1059/1107/1109 1060/1108/1109 1061/1109/1109 1062/1110/1109
f 1059/1107/1110 1062/1110/1110 355/355/1110 354/354/1110
f 1063/1111/1111 1060/1108/1111 912/960/1111 919/967/1111
f 1063/1111/1112 919/967/1112 918/966/1112 1064/1112/1112
f 1063/1111/1113 1064/1112/1113 1065/1113/1113 1066/1114/1113
f 1063/1111/1114 1066/1114/1114 1061/1109/1114 1060/1108/1114
f 1067/1115/1115 1064/1112/1115 918/966/1115 925/973/1116
f 1067/1115/1117 925/973/1118 924/972/1119 1068/1116/1117
f 1067/1115/1120 1068/1116/1120 1069/1117/1120 1070/1118/1120
f 1067/1115/1121 1070/1118/1121 1065/1113/1121 1064/1112/1121
f 1071/1119/1122 1072/1120/1122 960/1008/1122 959/1007/1122
f 1071/1119/1123 959/1007/1123 958/1006/1123 1073/1121/1123
f 1071/1122/1124 1073/1123/1124 1065/1113/1124 1070/1118/1124
f 1071/1122/1125 1070/1118/1125 1069/1117/1125 1072/1124/1125
f 1074/1125/1126 1075/1126/1127 966/1014/1127 965/1013/1128
f 1074/1125/1129 965/1013/1130 951/999/1131 1076/1127/1132
f 1074/1128/1133 1076/1129/1134 1050/1098/1135 1056/1104/1136
f 1074/1128/1137 1056/1104/1138 1055/1103/1139 1075/1130/1139
f 1077/1131/1140 1073/1121/1140 958/1006/1140 972/1020/1140
f 1077/1131/1141 972/1020/1141 971/1019/1141 1078/1132/1141
f 1077/1133/1142 1078/1134/1142 1061/1109/1142 1066/1114/1142
f 1077/1133/1143 1066/1114/1143 1065/1113/1143 1073/1123/1143
f 1079/1135/1144 376/384/1144 250/250/1144 975/1023/1144
f 1079/1135/1145 975/1023/1145 966/1014/1145 1075/1126/1145
f 1079/1136/1146 1075/1130/1146 1055/1103/1146 1058/1106/1146
f 1079/1136/1147 1058/1106/1147 351/351/1147 376/386/1147
f 1080/1137/1148 1078/1132/1148 971/1019/1148 978/1026/1148
f 1080/1137/1149 978/1026/1149 255/255/1149 378/390/1149
f 1080/1138/1150 378/389/1150 355/355/1150 1062/1110/1150
f 1080/1138/1151 1062/1110/1151 1061/1109/1151 1078/1134/1151
f 1081/1139/1152 1082/1140/1153 1083/1141/1154 1084/1142/1155
f 1081/1139/1156 1084/1142/1157 1085/1143/787 1086/1144/787
f 1081/1139/1158 1086/1144/787 1087/1145/787 1088/1146/1159
f 1081/1139/1160 1088/1146/1161 1089/1147/1162 1082/1140/1163
f 1090/1148/1164 1091/1149/787 1092/1150/787 1093/1151/1165
f 1090/1148/1166 1093/1151/1167 1094/1152/1168 1095/1153/1169
f 1090/1148/1170 1095/1153/1171 1096/1154/1172 1097/1155/1173
f 1090/1148/1174 1097/1155/1175 1098/1156/787 1091/1149/787
f 1099/1157/1176 1100/1158/1177 1083/1141/1178 1101/1159/1179
f 1099/1157/1180 1101/1159/1181 1102/1160/1182 1103/1161/1183
f 1099/1157/1184 1103/1161/1185 1104/1162/1186 1105/1163/1187
f 1099/1157/1188 1105/1163/1189 1106/1164/1190 1100/1158/1191
f 1107/1165/1192 1108/1166/1193 1106/1164/1194 1105/1163/1195
f 1107/1165/1196 1105/1163/1197 1104/1162/1198 1109/1167/1199
f 1107/1165/1200 1109/1167/1201 1110/1168/1202 1111/1169/1203
f 1107/1165/1204 1111/1169/1205 1112/1170/1206 1108/1166/1207
f 1113/1171/1208 1114/1172/1209 1112/1170/1210 1111/1169/1211
f 1113/1171/1212 1111/1169/1213 1110/1168/1214 1115/1173/1215
f 1113/1171/1216 1115/1173/1217 1116/1174/1218 1117/1175/1219
f 1113/1171/1220 1117/1175/1221 1118/1176/1222 1114/1172/1223
f 1119/1177/1224 1120/1178/1225 1118/1176/1226 1117/1175/1227
f 1119/1177/1228 1117/1175/1229 1116/1174/1230 1121/1179/1231
f 1119/1177/1232 1121/1179/1233 1122/1180/1234 1123/1181/1235
f 1119/1177/1236 1123/1181/1237 1124/1182/1238 1120/1178/1239
f 1125/1183/1240 1126/1184/1241 1124/1182/1242 1123/1181/1243
f 1125/1183/1244 1123/1181/1245 1122/1180/1246 1127/1185/1247
f 1125/1183/1248 1127/1185/1249 1128/1186/1250 1129/1187/1251
f 1125/1183/1252 1129/1187/1253 1089/1147/1254 1126/1184/1255
f 1130/1188/1256 1082/1140/1257 1089/1147/1258 1129/1187/1259
f 1130/1188/1260 1129/1187/1261 1128/1186/1262 1131/1189/1263
f 1130/1188/1264 1131/1189/1265 1102/1160/1266 1101/1159/1267
f 1130/1188/1268 1101/1159/1269 1083/1141/1270 1082/1140/1271
f 1132/1190/1272 1133/1191/1273 1134/1192/1274 1135/1193/1275
f 1132/1190/1276 1135/1193/1277 1136/1194/1278 1137/1195/1247
f 1132/1190/1279 1137/1195/1249 1138/1196/1250 1139/1197/1280
f 1132/1190/1281 1139/1197/1282 1094/1152/1283 1133/1191/1284
f 1140/1198/1285 1095/1153/1286 1094/1152/1287 1139/1197/1288
f 1140/1198/1289 1139/1197/1290 1138/1196/1262 1141/1199/1263
f 1140/1198/1291 1141/1199/1292 1142/1200/1293 1143/1201/1294
f 1140/1198/1295 1143/1201/1296 1096/1154/1297 1095/1153/1298
f 1144/1202/1299 1145/1203/1300 1096/1154/1301 1143/1201/1302
f 1144/1202/1303 1143/1201/1304 1142/1200/1305 1146/1204/1183
f 1144/1202/1306 1146/1204/1185 1147/1205/1307 1148/1206/1308
f 1144/1202/1309 1148/1206/1310 1149/1207/1311 1145/1203/1312
f 1150/1208/1313 1151/1209/1314 1149/1207/1315 1148/1206/1316
f 1150/1208/1317 1148/1206/1318 1147/1205/1319 1152/1210/1199
f 1150/1208/1320 1152/1210/1201 1153/1211/1202 1154/1212/1321
f 1150/1208/1322 1154/1212/1323 1155/1213/1324 1151/1209/1325
f 1156/1214/1326 1157/1215/1327 1155/1213/1328 1154/1212/1329
f 1156/1214/1330 1154/1212/1331 1153/1211/1214 1158/1216/1332
f 1156/1214/1333 1158/1216/1334 1159/1217/1218 1160/1218/1335
f 1156/1214/1336 1160/1218/1337 1161/1219/1338 1157/1215/1339
f 1162/1220/1340 1163/1221/1341 1161/1219/1342 1160/1218/1343
f 1162/1220/1344 1160/1218/1345 1159/1217/1230 1164/1222/1231
f 1162/1220/1346 1164/1222/1233 1136/1194/1347 1135/1193/1348
f 1162/1220/1349 1135/1193/1350 1134/1192/1351 1163/1221/1352
f 1165/1223/1353 1166/1224/1353 1167/1225/1353 1168/1226/1353
f 1165/1223/1353 1168/1226/1353 1169/1227/1353 1170/1228/1353
f 1165/1223/1354 1170/1228/1354 763/811/1354 762/810/1354
f 1165/1223/1354 762/810/1354 761/809/1354 1166/1224/1354
f 1171/1229/1355 1172/1230/1355 1173/1231/1355 1174/1232/1355
f 1171/1229/1355 1174/1232/1355 1175/1233/1355 1176/1234/1355
f 1171/1229/1356 1176/1234/1356 1169/1227/1356 1168/1226/1356
f 1171/1229/1356 1168/1226/1356 1167/1225/1356 1172/1230/1356
f 1177/1235/1357 1178/1236/1357 414/429/1357 413/428/1357
f 1177/1235/1357 413/428/1357 412/427/1357 1179/1237/1357
f 1177/1235/1358 1179/1237/1358 1175/1233/1358 1174/1232/1358
f 1177/1235/1358 1174/1232/1358 1173/1231/1358 1178/1236/1358
f 1180/1238/1359 1181/1239/1360 1182/1240/1361 1183/1241/1361
f 1180/1238/1362 1183/1241/1354 785/833/1354 784/832/1363
f 1180/1238/1364 784/832/1365 783/831/1366 1184/1242/1367
f 1180/1238/1368 1184/1242/1369 1185/1243/1370 1181/1239/1371
f 1186/1244/1354 1187/1245/1354 788/836/1354 787/835/1354
f 1186/1244/1354 787/835/1354 794/842/1354 1188/1246/1354
f 1186/1244/1361 1188/1246/1361 1189/1247/1361 1190/1248/1361
f 1186/1244/1361 1190/1248/1361 1191/1249/1361 1187/1245/1361
f 1192/1250/1372 1193/1251/1355 1194/1252/1355 1195/1253/1355
f 1192/1250/1373 1195/1253/1356 1182/1240/1356 1181/1239/1374
f 1192/1250/1375 1181/1239/1376 1185/1243/1377 1196/1254/1378
f 1192/1250/1379 1196/1254/1380 1197/1255/1379 1193/1251/1379
f 1198/1256/1356 1199/1257/1356 1191/1249/1356 1190/1248/1356
f 1198/1256/1356 1190/1248/1356 1189/1247/1356 1200/1258/1356
f 1198/1256/1355 1200/1258/1355 1201/1259/1355 1202/1260/1355
f 1198/1256/1355 1202/1260/1355 1203/1261/1355 1199/1257/1355
f 1204/1262/1357 442/457/1357 441/456/1357 1205/1263/1357
f 1204/1262/1358 1205/1263/1358 1194/1252/1358 1193/1251/1358
f 1204/1262/1381 1193/1251/1381 1197/1255/1381 1206/1264/1381
f 1204/1262/1382 1206/1264/1382 443/458/1382 442/457/1382
f 1207/1265/1358 1208/1266/1358 1203/1261/1358 1202/1260/1358
f 1207/1265/1358 1202/1260/1358 1201/1259/1358 1209/1267/1358
f 1207/1265/1357 1209/1267/1357 449/464/1357 448/463/1357
f 1207/1265/1357 448/463/1357 447/462/1357 1208/1266/1357
f 817/865/1354 1210/1268/1354 1211/1269/1383 818/866/1384
f 1211/1269/1353 1210/1268/1353 1212/1270/1353 1213/1271/1385
f 1214/1272/1353 1215/1273/1353 1216/1274/1353 1217/1275/1353
f 1214/1272/1353 1217/1275/1353 1218/1276/1353 1219/1277/1353
f 1214/1272/1354 1219/1277/1354 823/871/1354 822/870/1354
f 1214/1272/1354 822/870/1354 821/869/1354 1215/1273/1354
f 1212/1270/1356 1220/1278/1356 1221/1279/1356 1213/1271/1386
f 1221/1279/1355 1220/1278/1355 1222/1280/1355 1223/1281/1355
f 1224/1282/1355 1225/1283/1355 1226/1284/1355 1227/1285/1355
f 1224/1282/1355 1227/1285/1355 1228/1286/1355 1229/1287/1355
f 1224/1282/1356 1229/1287/1356 1218/1276/1356 1217/1275/1356
f 1224/1282/1356 1217/1275/1356 1216/1274/1356 1225/1283/1356
f 1222/1280/1358 1230/1288/1358 1231/1289/1358 1223/1281/1358
f 1231/1289/1357 1230/1288/1357 474/494/1357 473/493/1357
f 1232/1290/1357 1233/1291/1357 480/500/1357 479/499/1357
f 1232/1290/1357 479/499/1357 478/498/1357 1234/1292/1357
f 1232/1290/1358 1234/1292/1358 1228/1286/1358 1227/1285/1358
f 1232/1290/1358 1227/1285/1358 1226/1284/1358 1233/1291/1358
f 1235/1293/1387 1236/1294/1353 1237/1295/1353 1238/1296/1353
f 1235/1293/1354 1238/1296/1354 851/899/1354 850/898/1388
f 1235/1293/1389 850/898/1390 849/897/1391 1239/1297/1392
f 1235/1293/1393 1239/1297/1394 1240/1298/1395 1236/1294/1393
f 1241/1299/1396 1242/1300/1397 1243/1301/1361 1244/1302/1361
f 1241/1299/1398 1244/1302/1354 854/902/1354 853/901/1399
f 1241/1299/1400 853/901/1401 860/908/1402 1245/1303/1403
f 1241/1299/1404 1245/1303/1405 1246/1304/1404 1242/1300/1406
f 1247/1305/1355 1248/1306/1355 1249/1307/1355 1250/1308/1355
f 1247/1305/1355 1250/1308/1355 1251/1309/1355 1252/1310/1355
f 1247/1305/1356 1252/1310/1356 1253/1311/1356 1254/1312/1356
f 1247/1305/1356 1254/1312/1356 1237/1295/1356 1248/1306/1356
f 1255/1313/1356 1256/1314/1356 1257/1315/1356 1258/1316/1356
f 1255/1313/1356 1258/1316/1356 1243/1301/1356 1259/1317/1356
f 1255/1313/1355 1259/1317/1355 1260/1318/1355 1261/1319/1355
f 1255/1313/1355 1261/1319/1355 1262/1320/1355 1256/1314/1355
f 1263/1321/1357 1264/1322/1357 511/531/1357 510/530/1357
f 1263/1321/1357 510/530/1357 514/534/1357 1265/1323/1357
f 1263/1321/1358 1265/1323/1358 1251/1309/1358 1250/1308/1358
f 1263/1321/1407 1250/1308/1407 1249/1307/1407 1264/1322/1407
f 1266/1324/1358 1267/1325/1358 1262/1320/1358 1261/1319/1358
f 1266/1324/1358 1261/1319/1358 1260/1318/1358 1268/1326/1358
f 1266/1324/1357 1268/1326/1357 519/539/1357 518/538/1357
f 1266/1324/1357 518/538/1357 517/537/1357 1267/1325/1357
f 1269/1327/1408 1270/1328/1409 1271/1329/1410 1272/1330/1411
f 1269/1327/1412 1272/1330/1413 1240/1298/1414 1239/1297/1415
f 1269/1327/1416 1239/1297/1417 849/897/1418 888/936/1419
f 1269/1327/1420 888/936/1421 887/935/1422 1270/1328/1423
f 1273/1331/1424 1274/1332/1425 1275/1333/1425 1276/1334/1425
f 1273/1331/1426 1276/1334/1427 1277/1335/1427 1278/1336/1428
f 1273/1331/1429 1278/1336/1430 1240/1298/1431 1272/1330/1432
f 1273/1331/1433 1272/1330/1434 1271/1329/1435 1274/1332/1436
f 1279/1337/1437 1280/1338/1437 533/553/1437 532/552/1437
f 1279/1337/1438 532/552/1438 536/556/1438 1281/1339/1438
f 1279/1337/1439 1281/1339/1439 1277/1335/1439 1276/1334/1439
f 1279/1337/1440 1276/1334/1440 1275/1333/1440 1280/1338/1440
f 1282/1340/1441 538/558/1441 443/458/1441 1206/1264/1441
f 1282/1340/1442 1206/1264/1442 1197/1255/1442 1283/1341/1442
f 1282/1340/1443 1283/1341/1443 1284/1342/1443 1285/1343/1443
f 1282/1340/1444 1285/1343/1444 539/559/1444 538/558/1444
f 1286/1344/1445 1283/1341/1446 1197/1255/1446 1196/1254/1447
f 1286/1344/1448 1196/1254/1449 1185/1243/1450 1287/1345/1451
f 1286/1344/1452 1287/1345/1453 1288/1346/1454 1289/1347/1455
f 1286/1344/1456 1289/1347/1457 1284/1342/1458 1283/1341/1458
f 1290/1348/1459 1287/1345/1460 1185/1243/1461 1184/1242/1462
f 1290/1348/1463 1184/1242/1464 783/831/1465 909/957/1466
f 1290/1348/1467 909/957/1468 908/956/1469 1291/1349/1470
f 1290/1348/1471 1291/1349/1472 1288/1346/1473 1287/1345/1474
f 1292/1350/1475 1293/1351/1475 1294/1352/1475 1295/1353/1475
f 1292/1350/1476 1295/1353/1476 1296/1354/1476 1297/1355/1476
f 1292/1350/1477 1297/1355/1477 555/575/1477 554/574/1477
f 1292/1350/1478 554/574/1478 553/573/1478 1293/1351/1478
f 1298/1356/1479 1299/1357/1480 1300/1358/1480 1301/1359/1481
f 1298/1356/1482 1301/1359/1483 1302/1360/1484 1303/1361/1484
f 1298/1356/1485 1303/1361/1485 1296/1354/1485 1295/1353/1485
f 1298/1356/1486 1295/1353/1486 1294/1352/1486 1299/1357/1486
f 1304/1362/1487 1305/1363/1488 924/972/1489 923/971/1490
f 1304/1362/1491 923/971/1492 927/975/1491 1306/1364/1491
f 1304/1362/1493 1306/1364/1493 1302/1360/1494 1301/1359/1495
f 1304/1362/1496 1301/1359/1497 1300/1358/1496 1305/1363/1496
f 1307/1365/1498 931/979/1499 930/978/1500 1308/1366/1501
f 1307/1365/1502 1308/1366/1503 1309/1367/1504 1310/1368/1505
f 1307/1365/1506 1310/1368/1507 1246/1304/1508 1245/1303/1509
f 1307/1365/1510 1245/1303/1511 860/908/1512 931/979/1513
f 1311/1369/1514 1310/1368/1515 1309/1367/1516 1312/1370/1517
f 1311/1369/1518 1312/1370/1519 1313/1371/1520 1314/1372/1520
f 1311/1369/1521 1314/1372/1522 1315/1373/1522 1316/1374/1522
f 1311/1369/1523 1316/1374/1524 1246/1304/1525 1310/1368/1526
f 1317/1375/1527 1314/1372/1527 1313/1371/1527 1318/1376/1527
f 1317/1375/1528 1318/1376/1528 582/602/1528 581/601/1528
f 1317/1375/1529 581/601/1529 580/600/1529 1319/1377/1529
f 1317/1375/1530 1319/1377/1530 1315/1373/1530 1314/1372/1530
f 1320/1378/1531 1321/1379/1532 1322/1380/1533 1323/1381/1534
f 1320/1378/1535 1323/1381/1536 1324/1382/1537 1325/1383/1538
f 1320/1378/1539 1325/1383/1540 949/997/1541 948/996/1542
f 1320/1378/1543 948/996/1544 947/995/1545 1321/1379/1546
f 1326/1384/1354 1327/1385/1354 954/1002/1354 953/1001/1354
f 1326/1384/1547 953/1001/1547 960/1008/1547 1328/1386/1547
f 1326/1384/1548 1328/1386/1548 1329/1387/1548 1330/1388/1548
f 1326/1384/1353 1330/1388/1353 1331/1389/1353 1327/1385/1353
f 1332/1390/1549 1333/1391/1550 1334/1392/1355 1335/1393/1355
f 1332/1390/1551 1335/1393/1552 1336/1394/1552 1337/1395/1553
f 1332/1390/1554 1337/1395/1555 1324/1382/1556 1323/1381/1557
f 1332/1390/1558 1323/1381/1559 1322/1380/1560 1333/1391/1561
f 1338/1396/1356 1339/1397/1356 1331/1389/1356 1330/1388/1356
f 1338/1396/1562 1330/1388/1562 1329/1387/1562 1340/1398/1562
f 1338/1396/1563 1340/1398/1563 1341/1399/1563 1342/1400/1563
f 1338/1396/1355 1342/1400/1355 1343/1401/1355 1339/1397/1355
f 1344/1402/1357 1345/1403/1357 609/635/1357 608/634/1357
f 1344/1402/1564 608/634/1564 612/638/1564 1346/1404/1564
f 1344/1402/1565 1346/1404/1565 1336/1394/1565 1335/1393/1565
f 1344/1402/1407 1335/1393/1407 1334/1392/1407 1345/1403/1407
f 1347/1405/1358 1348/1406/1358 1343/1401/1358 1342/1400/1358
f 1347/1405/1566 1342/1400/1566 1341/1399/1566 1349/1407/1566
f 1347/1405/1567 1349/1407/1567 617/643/1567 616/642/1567
f 1347/1405/1357 616/642/1357 615/641/1357 1348/1406/1357
f 1350/1408/1353 1351/1409/1353 1352/1410/1353 1353/1411/1353
f 1350/1408/1568 1353/1411/1568 1354/1412/1568 1355/1413/1568
f 1350/1408/1569 1355/1413/1569 985/1033/1569 984/1032/1569
f 1350/1408/1354 984/1032/1354 983/1031/1354 1351/1409/1354
f 1356/1414/1354 1188/1246/1354 794/842/1354 989/1037/1354
f 1356/1414/1570 989/1037/1570 993/1041/1570 1357/1415/1570
f 1356/1414/1571 1357/1415/1571 1358/1416/1571 1359/1417/1571
f 1356/1414/1361 1359/1417/1361 1189/1247/1361 1188/1246/1361
f 1360/1418/1355 1361/1419/1355 1362/1420/1355 1363/1421/1355
f 1360/1418/1572 1363/1421/1572 1364/1422/1572 1365/1423/1572
f 1360/1418/1573 1365/1423/1573 1354/1412/1573 1353/1411/1573
f 1360/1418/1356 1353/1411/1356 1352/1410/1356 1361/1419/1356
f 1366/1424/1356 1200/1258/1356 1189/1247/1356 1359/1417/1356
f 1366/1424/1574 1359/1417/1574 1358/1416/1574 1367/1425/1574
f 1366/1424/1575 1367/1425/1575 1368/1426/1575 1369/1427/1575
f 1366/1424/1355 1369/1427/1355 1201/1259/1355 1200/1258/1355
f 1370/1428/1357 1371/1429/1357 641/667/1357 640/666/1357
f 1370/1428/1576 640/666/1576 644/670/1576 1372/1430/1576
f 1370/1428/1577 1372/1430/1577 1364/1422/1577 1363/1421/1577
f 1370/1428/1358 1363/1421/1358 1362/1420/1358 1371/1429/1358
f 1373/1431/1358 1209/1267/1358 1201/1259/1358 1369/1427/1358
f 1373/1431/1578 1369/1427/1578 1368/1426/1578 1374/1432/1578
f 1373/1431/1579 1374/1432/1579 647/673/1579 646/672/1579
f 1373/1431/1357 646/672/1357 449/464/1357 1209/1267/1357
f 1375/1433/1580 1376/1434/1580 1358/1416/1580 1357/1415/1580
f 1375/1433/1581 1357/1415/1581 993/1041/1581 1011/1058/1581
f 1377/1435/1582 1013/1062/1582 985/1033/1582 1355/1413/1582
f 1377/1435/1583 1355/1413/1583 1354/1412/1583 1378/1436/1583
f 1379/1437/1584 1380/1438/1584 1368/1426/1584 1367/1425/1584
f 1379/1437/1585 1367/1425/1585 1358/1416/1585 1376/1434/1585
f 1381/1439/1586 1378/1436/1586 1354/1412/1586 1365/1423/1586
f 1381/1439/1587 1365/1423/1587 1364/1422/1587 1382/1440/1587
f 1383/1441/1588 658/684/1588 647/673/1588 1374/1432/1588
f 1383/1441/1589 1374/1432/1589 1368/1426/1589 1380/1438/1589
f 1379/1437/1590 1376/1434/1590 1375/1433/1590 1011/1058/1590 1009/1057/1590 1010/1059/1590 1015/1063/1590 1016/1064/1590 1019/1067/1590 304/304/1590 303/303/1590 300/300/1590 299/299/1590 294/294/1590 293/293/1590 295/295/1590 649/675/1590 650/676/1590 653/679/1590 654/680/1590 657/683/1590 658/684/1590 1383/1441/1590 1380/1438/1590
f 1384/1442/1591 1382/1440/1591 1364/1422/1591 1372/1430/1591
f 1384/1442/1592 1372/1430/1592 644/670/1592 660/686/1592
f 651/677/1593 297/297/1593 296/296/1593 298/298/1593 301/301/1593 302/302/1593 305/305/1593 306/306/1593 1020/1068/1593 1018/1066/1593 1017/1065/1593 1014/1061/1593 1012/1060/1593 1013/1062/1593 1377/1435/1593 1378/1436/1593 1381/1439/1593 1382/1440/1593 1384/1442/1593 660/686/1593 659/685/1593 656/682/1593 655/681/1593 652/678/1593
f 1385/1443/1353 1183/1241/1353 1182/1240/1353 1386/1444/1353
f 1385/1443/1361 1386/1444/1361 1352/1410/1361 1351/1409/1361
f 1385/1443/1354 1351/1409/1354 983/1031/1354 1023/1071/1354
f 1385/1443/1354 1023/1071/1354 785/833/1354 1183/1241/1354
f 1387/1445/1353 1187/1245/1353 1191/1249/1353 1388/1446/1353
f 1387/1445/1594 1388/1446/1595 1309/1367/1596 1308/1366/1597
f 1387/1445/1598 1308/1366/1599 930/978/1600 1026/1074/1601
f 1387/1445/1354 1026/1074/1602 788/836/1354 1187/1245/1354
f 1389/1447/1355 1195/1253/1355 1194/1252/1355 1390/1448/1355
f 1389/1447/1355 1390/1448/1355 1362/1420/1355 1361/1419/1355
f 1389/1447/1356 1361/1419/1356 1352/1410/1356 1386/1444/1356
f 1389/1447/1356 1386/1444/1356 1182/1240/1356 1195/1253/1356
f 1391/1449/1355 1199/1257/1355 1203/1261/1355 1392/1450/1355
f 1391/1449/1603 1392/1450/1603 1313/1371/1603 1312/1370/1604
f 1391/1449/1605 1312/1370/1606 1309/1367/1607 1388/1446/1605
f 1391/1449/1356 1388/1446/1356 1191/1249/1356 1199/1257/1356
f 1393/1451/1357 1205/1263/1357 441/456/1357 670/696/1357
f 1393/1451/1357 670/696/1357 641/667/1357 1371/1429/1357
f 1393/1451/1358 1371/1429/1358 1362/1420/1358 1390/1448/1358
f 1393/1451/1358 1390/1448/1358 1194/1252/1358 1205/1263/1358
f 1394/1452/1357 1208/1266/1357 447/462/1357 672/698/1357
f 1394/1452/1608 672/698/1608 582/602/1608 1318/1376/1608
f 1394/1452/1609 1318/1376/1609 1313/1371/1609 1392/1450/1609
f 1394/1452/1358 1392/1450/1358 1203/1261/1358 1208/1266/1358
f 1395/1453/1610 1259/1317/1356 1243/1301/1356 1242/1300/1611
f 1395/1453/1612 1242/1300/1613 1246/1304/1612 1316/1374/1612
f 1395/1453/1614 1316/1374/1614 1315/1373/1614 1396/1454/1614
f 1395/1453/1615 1396/1454/1355 1260/1318/1355 1259/1317/1355
f 1397/1455/1355 1256/1314/1355 1262/1320/1355 1398/1456/1355
f 1397/1455/1616 1398/1456/1616 1296/1354/1616 1303/1361/1616
f 1397/1455/1617 1303/1361/1617 1302/1360/1618 1399/1457/1617
f 1397/1455/1356 1399/1457/1356 1257/1315/1356 1256/1314/1356
f 1400/1458/1407 1268/1326/1407 1260/1318/1407 1396/1454/1407
f 1400/1458/1619 1396/1454/1619 1315/1373/1619 1319/1377/1619
f 1400/1458/1620 1319/1377/1620 580/600/1620 679/705/1620
f 1400/1458/1357 679/705/1357 519/539/1357 1268/1326/1357
f 1401/1459/1357 1267/1325/1357 517/537/1357 681/707/1357
f 1401/1459/1621 681/707/1621 555/575/1621 1297/1355/1621
f 1401/1459/1622 1297/1355/1622 1296/1354/1622 1398/1456/1622
f 1401/1459/1407 1398/1456/1407 1262/1320/1407 1267/1325/1407
f 1402/1460/1355 1252/1310/1355 1251/1309/1355 1403/1461/1355
f 1402/1460/1623 1403/1461/1623 1284/1342/1623 1289/1347/1624
f 1402/1460/1625 1289/1347/1626 1288/1346/1627 1404/1462/1628
f 1402/1460/1356 1404/1462/1629 1253/1311/1356 1252/1310/1356
f 1405/1463/1356 1248/1306/1356 1237/1295/1356 1236/1294/1356
f 1405/1463/1630 1236/1294/1630 1240/1298/1631 1278/1336/1632
f 1405/1463/1633 1278/1336/1634 1277/1335/1633 1406/1464/1633
f 1405/1463/1355 1406/1464/1355 1249/1307/1355 1248/1306/1355
f 1407/1465/1357 1265/1323/1357 514/534/1357 688/714/1357
f 1407/1465/1635 688/714/1635 539/559/1635 1285/1343/1635
f 1407/1465/1636 1285/1343/1636 1284/1342/1636 1403/1461/1636
f 1407/1465/1407 1403/1461/1407 1251/1309/1407 1265/1323/1407
f 1408/1466/1358 1264/1322/1358 1249/1307/1358 1406/1464/1358
f 1408/1466/1637 1406/1464/1637 1277/1335/1637 1281/1339/1637
f 1408/1466/1638 1281/1339/1638 536/556/1638 690/716/1638
f 1408/1466/1357 690/716/1357 511/531/1357 1264/1322/1357
f 1409/1467/1639 1270/1328/1640 887/935/1641 1048/1096/1642
f 1409/1467/1643 1048/1096/1644 1052/1100/1645 1410/1468/1646
f 1409/1467/1647 1410/1468/1648 1411/1469/1649 1412/1470/1650
f 1409/1467/1651 1412/1470/1652 1271/1329/1653 1270/1328/1654
f 1413/1471/1655 1274/1332/1656 1271/1329/1657 1412/1470/1658
f 1413/1471/1659 1412/1470/1660 1411/1469/1661 1414/1472/1662
f 1413/1471/1663 1414/1472/1664 1415/1473/1665 1416/1474/1665
f 1413/1471/1666 1416/1474/1667 1275/1333/1667 1274/1332/1667
f 1417/1475/1668 1280/1338/1668 1275/1333/1668 1416/1474/1668
f 1417/1475/1669 1416/1474/1669 1415/1473/1669 1418/1476/1669
f 1417/1475/1670 1418/1476/1670 701/727/1670 700/726/1670
f 1417/1475/1671 700/726/1671 533/553/1671 1280/1338/1671
f 1419/1477/1672 1293/1351/1672 553/573/1672 704/730/1672
f 1419/1477/1673 704/730/1673 708/734/1673 1420/1478/1673
f 1419/1477/1674 1420/1478/1674 1421/1479/1674 1422/1480/1674
f 1419/1477/1675 1422/1480/1675 1294/1352/1675 1293/1351/1675
f 1423/1481/1676 1299/1357/1676 1294/1352/1676 1422/1480/1676
f 1423/1481/1677 1422/1480/1677 1421/1479/1677 1424/1482/1677
f 1423/1481/1678 1424/1482/1678 1425/1483/1678 1426/1484/1679
f 1423/1481/1680 1426/1484/1681 1300/1358/1680 1299/1357/1680
f 1427/1485/1682 1305/1363/1683 1300/1358/1682 1426/1484/1684
f 1427/1485/1685 1426/1484/1685 1425/1483/1685 1428/1486/1685
f 1427/1485/1686 1428/1486/1686 1069/1117/1686 1068/1116/1686
f 1427/1485/1687 1068/1116/1687 924/972/1687 1305/1363/1687
f 1429/1487/1688 1328/1386/1688 960/1008/1688 1072/1120/1688
f 1429/1488/1689 1072/1124/1689 1069/1117/1689 1428/1486/1689
f 1429/1488/1690 1428/1486/1690 1425/1483/1690 1430/1489/1690
f 1429/1487/1691 1430/1490/1691 1329/1387/1691 1328/1386/1691
f 1431/1491/1692 1337/1395/1693 1336/1394/1694 1432/1492/1694
f 1431/1493/1695 1432/1494/1696 1415/1473/1696 1414/1472/1697
f 1431/1493/1698 1414/1472/1699 1411/1469/1700 1433/1495/1701
f 1431/1491/1702 1433/1496/1703 1324/1382/1704 1337/1395/1705
f 1434/1497/1706 1340/1398/1706 1329/1387/1706 1430/1490/1706
f 1434/1498/1707 1430/1489/1707 1425/1483/1707 1424/1482/1707
f 1434/1498/1708 1424/1482/1708 1421/1479/1708 1435/1499/1708
f 1434/1497/1709 1435/1500/1709 1341/1399/1709 1340/1398/1709
f 1436/1501/1710 1346/1404/1710 612/638/1710 723/757/1710
f 1436/1502/1711 723/759/1711 701/727/1711 1418/1476/1711
f 1436/1502/1712 1418/1476/1712 1415/1473/1712 1432/1494/1712
f 1436/1501/1713 1432/1492/1713 1336/1394/1713 1346/1404/1713
f 1437/1503/1714 1349/1407/1714 1341/1399/1714 1435/1500/1714
f 1437/1504/1715 1435/1499/1715 1421/1479/1715 1420/1478/1715
f 1437/1504/1716 1420/1478/1716 708/734/1716 725/763/1716
f 1437/1503/1717 725/761/1717 617/643/1717 1349/1407/1717
f 1438/1505/1718 1439/1506/1719 1440/1507/1720 1441/1508/1721
f 1438/1505/1722 1441/1508/1723 1442/1509/1724 1443/1510/1725
f 1438/1505/1726 1443/1510/1727 1087/1145/1354 1086/1144/1354
f 1438/1505/1728 1086/1144/1354 1085/1143/1354 1439/1506/1729
f 1444/1511/1730 1445/1512/1731 1092/1150/1354 1091/1149/1354
f 1444/1511/1732 1091/1149/1354 1098/1156/1354 1446/1513/1733
f 1444/1511/1734 1446/1513/1735 1447/1514/1736 1448/1515/1737
f 1444/1511/1738 1448/1515/1739 1449/1516/1740 1445/1512/1741
f 1450/1517/1742 1451/1518/1743 1452/1519/1744 1453/1520/1745
f 1450/1517/1746 1453/1520/1747 1449/1516/1748 1454/1521/1749
f 1450/1517/1750 1454/1521/1751 1455/1522/1752 1456/1523/1753
f 1450/1517/1754 1456/1523/1755 1457/1524/1756 1451/1518/1757
f 1458/1525/1758 1454/1521/1759 1449/1516/1760 1448/1515/1761
f 1458/1525/1762 1448/1515/1763 1447/1514/1764 1459/1526/1765
f 1458/1525/1766 1459/1526/1767 1460/1527/1768 1461/1528/1769
f 1458/1525/1770 1461/1528/1771 1455/1522/1772 1454/1521/1773
f 1462/1529/1774 1459/1526/1775 1447/1514/1776 1463/1530/1777
f 1462/1529/1778 1463/1530/1779 1464/1531/1780 1465/1532/1781
f 1462/1529/1782 1465/1532/1783 1466/1533/1784 1467/1534/1785
f 1462/1529/1786 1467/1534/1787 1460/1527/1788 1459/1526/1789
f 1468/1535/1790 1465/1532/1791 1464/1531/1792 1469/1536/1793
f 1468/1535/1794 1469/1536/1795 1470/1537/1796 1471/1538/1797
f 1468/1535/1798 1471/1538/1799 1472/1539/1800 1473/1540/1801
f 1468/1535/1802 1473/1540/1803 1466/1533/1804 1465/1532/1805
f 1474/1541/1806 1471/1538/1807 1470/1537/1808 1475/1542/1809
f 1474/1541/1810 1475/1542/1811 1476/1543/1812 1477/1544/1813
f 1474/1541/1814 1477/1544/1815 1478/1545/1816 1479/1546/1817
f 1474/1541/1818 1479/1546/1819 1472/1539/1820 1471/1538/1821
f 1480/1547/1822 1477/1544/1823 1476/1543/1824 1481/1548/1825
f 1480/1547/1826 1481/1548/1827 1452/1519/1828 1451/1518/1829
f 1480/1547/1830 1451/1518/1831 1457/1524/1832 1482/1549/1833
f 1480/1547/1834 1482/1549/1835 1478/1545/1836 1477/1544/1837
f 1483/1550/1838 1484/1551/1839 1485/1552/1840 1486/1553/1841
f 1483/1550/1842 1486/1553/1843 1487/1554/1844 1488/1555/1845
f 1483/1550/1846 1488/1555/1847 1489/1556/1848 1490/1557/1849
f 1483/1550/1850 1490/1557/1851 1491/1558/1852 1492/1559/1853
f 1483/1550/1854 1492/1559/1855 1493/1560/1856 1494/1561/1857
f 1483/1550/1858 1494/1561/1859 1495/1562/1860 1484/1551/1861
f 1496/1563/1862 1497/1564/1863 1498/1565/1848 1499/1566/1849
f 1496/1563/1864 1499/1566/1851 1500/1567/1852 1501/1568/1853
f 1496/1563/1865 1501/1568/1855 1502/1569/1856 1503/1570/1857
f 1496/1563/1866 1503/1570/1859 1504/1571/1860 1505/1572/1867
f 1496/1563/1868 1505/1572/1869 1506/1573/1840 1507/1574/1841
f 1496/1563/1870 1507/1574/1843 1508/1575/1844 1497/1564/1871
f 1509/1576/1872 1510/1577/1873 1511/1578/1874 1512/1579/1875
f 1509/1576/1876 1512/1579/1877 1513/1580/1878 1514/1581/1879
f 1509/1576/1880 1514/1581/1881 1515/1582/1882 1516/1583/1883
f 1509/1576/1884 1516/1583/1885 1517/1584/1886 1518/1585/1887
f 1509/1576/1888 1518/1585/1889 1519/1586/1890 1520/1587/1891
f 1509/1576/1892 1520/1587/1893 1521/1588/1894 1510/1577/1895
f 1522/1589/1896 1523/1590/1897 1524/1591/1898 1525/1592/1899
f 1522/1589/1900 1525/1592/1901 1526/1593/1902 1527/1594/1903
f 1522/1589/1904 1527/1594/1905 1528/1595/1906 1529/1596/1907
f 1522/1589/1908 1529/1596/1909 1530/1597/1910 1531/1598/1911
f 1522/1589/1912 1531/1598/1913 1532/1599/1914 1533/1600/1915
f 1522/1589/1916 1533/1600/1917 1534/1601/1918 1523/1590/1919
f 1535/1602/1920 1536/1603/1921 1537/1604/1922 1538/1605/1923
f 1535/1602/1924 1538/1605/1925 1539/1606/1926 1540/1607/1927
f 1535/1602/1928 1540/1607/1929 1541/1608/1930 1542/1609/1931
f 1535/1602/1932 1542/1609/1933 1543/1610/1934 1536/1603/1935
f 1544/1611/1936 1545/1612/1937 1546/1613/1938 1547/1614/1939
f 1544/1611/1940 1547/1614/1941 1537/1604/1942 1536/1603/1943
f 1544/1611/1944 1536/1603/1945 1543/1610/1946 1548/1615/1947
f 1544/1611/1948 1548/1615/1949 1549/1616/1950 1545/1612/1951
f 1550/1617/1952 1551/1618/1953 1552/1619/1954 1553/1620/1955
f 1550/1617/1956 1553/1620/1957 1546/1613/1958 1545/1612/1959
f 1550/1617/1960 1545/1612/1961 1549/1616/1962 1554/1621/1963
f 1550/1617/1964 1554/1621/1965 1555/1622/1966 1551/1618/1967
f 1556/1623/1968 1557/1624/1969 1558/1625/1970 1559/1626/1971
f 1556/1623/1972 1559/1626/1973 1552/1619/1974 1551/1618/1975
f 1556/1623/1976 1551/1618/1977 1555/1622/1978 1560/1627/1979
f 1556/1623/1980 1560/1627/1981 1561/1628/1982 1557/1624/1983
f 1562/1629/1984 1563/1630/1985 1564/1631/1986 1565/1632/1987
f 1562/1629/1988 1565/1632/1989 1558/1625/1990 1557/1624/1991
f 1562/1629/1992 1557/1624/1993 1561/1628/1994 1566/1633/1995
f 1562/1629/1996 1566/1633/1997 1567/1634/1998 1563/1630/1999
f 1568/1635/2000 1540/1607/2001 1539/1606/2002 1569/1636/2003
f 1568/1635/2004 1569/1636/2005 1564/1631/2006 1563/1630/2007
f 1568/1635/2008 1563/1630/2009 1567/1634/2010 1570/1637/2011
f 1568/1635/2012 1570/1637/2013 1541/1608/2014 1540/1607/2015
f 1571/1638/2016 1572/1639/1985 1573/1640/2017 1574/1641/2018
f 1571/1638/2019 1574/1641/2020 1575/1642/2021 1576/1643/2022
f 1571/1638/2023 1576/1643/2024 1577/1644/2025 1578/1645/2026
f 1571/1638/2027 1578/1645/1997 1579/1646/1998 1572/1639/1999
f 1580/1647/2028 1581/1648/2029 1582/1649/2030 1583/1650/2031
f 1580/1647/2032 1583/1650/2033 1573/1640/2034 1572/1639/2035
f 1580/1647/2036 1572/1639/2037 1579/1646/2010 1584/1651/2038
f 1580/1647/2039 1584/1651/2040 1585/1652/2041 1581/1648/2042
f 1586/1653/1920 1587/1654/2043 1588/1655/2044 1589/1656/2045
f 1586/1653/2046 1589/1656/1925 1582/1649/2047 1581/1648/2048
f 1586/1653/2049 1581/1648/2050 1585/1652/2051 1590/1657/2052
f 1586/1653/2053 1590/1657/2054 1591/1658/1934 1587/1654/1935
f 1592/1659/1936 1593/1660/1937 1594/1661/1938 1595/1662/1939
f 1592/1659/1940 1595/1662/1941 1588/1655/1942 1587/1654/1943
f 1592/1659/1944 1587/1654/2055 1591/1658/1946 1596/1663/1947
f 1592/1659/1948 1596/1663/1949 1597/1664/2056 1593/1660/2057
f 1598/1665/1952 1599/1666/1953 1600/1667/1954 1601/1668/1955
f 1598/1665/1956 1601/1668/1957 1594/1661/1958 1593/1660/1959
f 1598/1665/1960 1593/1660/1961 1597/1664/2058 1602/1669/1963
f 1598/1665/1964 1602/1669/1965 1603/1670/2059 1599/1666/1967
f 1604/1671/1968 1576/1643/2060 1575/1642/2061 1605/1672/1971
f 1604/1671/2062 1605/1672/1973 1600/1667/1974 1599/1666/1975
f 1604/1671/1976 1599/1666/1977 1603/1670/2063 1606/1673/1979
f 1604/1671/1980 1606/1673/1981 1577/1644/2064 1576/1643/2065
f 1607/1674/2066 1608/1675/2067 1609/1676/2068 1610/1677/2069
f 1607/1674/2070 1610/1677/2071 1611/1678/2072 1612/1679/2073
f 1607/1674/2074 1612/1679/2075 1613/1680/2076 1614/1681/2077
f 1607/1674/2078 1614/1681/2079 1615/1682/2080 1608/1675/2081
f 1616/1683/2082 1617/1684/2083 1618/1685/2084 1619/1686/2085
f 1616/1683/2086 1619/1686/2087 1609/1676/2088 1608/1675/2089
f 1616/1683/2090 1608/1675/2091 1615/1682/2092 1620/1687/2093
f 1616/1683/2094 1620/1687/2094 1621/1688/2095 1617/1684/2096
f 1622/1689/2097 1623/1690/2098 1624/1691/2099 1625/1692/2100
f 1622/1689/2101 1625/1692/2102 1618/1685/2103 1617/1684/2104
f 1622/1689/2105 1617/1684/2106 1621/1688/2107 1626/1693/2108
f 1622/1689/2109 1626/1693/2110 1627/1694/2111 1623/1690/2112
f 1628/1695/2113 1629/1696/2114 1630/1697/2115 1631/1698/2116
f 1628/1695/2117 1631/1698/2118 1624/1691/2119 1623/1690/2120
f 1628/1695/2121 1623/1690/2122 1627/1694/2123 1632/1699/2124
f 1628/1695/2125 1632/1699/2126 1633/1700/2127 1629/1696/2128
f 1634/1701/2129 1635/1702/2130 1636/1703/2131 1637/1704/2132
f 1634/1701/2133 1637/1704/2134 1630/1697/2135 1629/1696/2136
f 1634/1701/2137 1629/1696/2138 1633/1700/2139 1638/1705/2140
f 1634/1701/2141 1638/1705/2142 1639/1706/2143 1635/1702/2144
f 1640/1707/2145 1612/1679/2146 1611/1678/2147 1641/1708/2148
f 1640/1707/2149 1641/1708/2150 1636/1703/2151 1635/1702/2152
f 1640/1707/2153 1635/1702/2154 1639/1706/2155 1642/1709/2156
f 1640/1707/2157 1642/1709/2158 1613/1680/2159 1612/1679/2160
f 1643/1710/2161 1644/1711/2162 1645/1712/2163 1646/1713/2164
f 1643/1710/2165 1646/1713/2166 1647/1714/2167 1648/1715/2168
f 1643/1710/2169 1648/1715/2170 1649/1716/2171 1650/1717/2172
f 1643/1710/2173 1650/1717/2174 1651/1718/2175 1644/1711/2176
f 1652/1719/2177 1653/1720/2178 1654/1721/2179 1655/1722/2180
f 1652/1719/2181 1655/1722/2182 1645/1712/2183 1644/1711/2184
f 1652/1719/2185 1644/1711/2186 1651/1718/2187 1656/1723/2188
f 1652/1719/2189 1656/1723/2190 1657/1724/2191 1653/1720/2192
f 1658/1725/2193 1659/1726/2194 1660/1727/2195 1661/1728/2196
f 1658/1725/2197 1661/1728/2198 1654/1721/2199 1653/1720/2200
f 1658/1725/2201 1653/1720/2202 1657/1724/2203 1662/1729/2204
f 1658/1725/2205 1662/1729/2206 1663/1730/2207 1659/1726/2208
f 1664/1731/2209 1665/1732/2210 1666/1733/2211 1667/1734/2212
f 1664/1731/2213 1667/1734/2214 1660/1727/2215 1659/1726/2216
f 1664/1731/2217 1659/1726/2218 1663/1730/2219 1668/1735/2220
f 1664/1731/2221 1668/1735/2222 1669/1736/2223 1665/1732/2224
f 1670/1737/2225 1671/1738/2226 1672/1739/2227 1673/1740/2228
f 1670/1737/2229 1673/1740/2230 1666/1733/2231 1665/1732/2232
f 1670/1737/2233 1665/1732/2234 1669/1736/2235 1674/1741/2236
f 1670/1737/2237 1674/1741/2238 1675/1742/2239 1671/1738/2240
f 1676/1743/2241 1648/1715/2242 1647/1714/2243 1677/1744/2244
f 1676/1743/2245 1677/1744/2246 1672/1739/2247 1671/1738/2248
f 1676/1743/2249 1671/1738/2250 1675/1742/2251 1678/1745/2252
f 1676/1743/2253 1678/1745/2254 1649/1716/2255 1648/1715/2256
f 1679/1746/2257 1680/1747/2258 1681/1748/2259 1682/1749/2260
f 1679/1746/2261 1682/1749/2262 1683/1750/2263 1684/1751/2264
f 1679/1746/2265 1684/1751/2266 1440/1507/2267 1685/1752/2268
f 1679/1746/2269 1685/1752/2270 1686/1753/2271 1680/1747/2272
f 1687/1754/2273 1688/1755/2274 1689/1756/2275 1690/1757/2276
f 1687/1754/2277 1690/1757/2278 1681/1748/2279 1680/1747/2280
f 1687/1754/2281 1680/1747/2282 1686/1753/2283 1691/1758/2284
f 1687/1754/2285 1691/1758/2286 1692/1759/2287 1688/1755/2288
f 1693/1760/2289 1694/1761/2290 1695/1762/2291 1696/1763/2292
f 1693/1760/2293 1696/1763/2294 1689/1756/2295 1688/1755/2296
f 1693/1760/2297 1688/1755/2298 1692/1759/2299 1697/1764/2300
f 1693/1760/2301 1697/1764/2302 1698/1765/2303 1694/1761/2304
f 1699/1766/2305 1700/1767/2306 1701/1768/2307 1702/1769/2308
f 1699/1766/2309 1702/1769/2310 1695/1762/2311 1694/1761/2312
f 1699/1766/2313 1694/1761/2314 1698/1765/2315 1703/1770/2316
f 1699/1766/2317 1703/1770/2318 1704/1771/2319 1700/1767/2320
f 1705/1772/2321 1706/1773/2322 1707/1774/2323 1708/1775/2324
f 1705/1772/2325 1708/1775/2326 1701/1768/2327 1700/1767/2328
f 1705/1772/2329 1700/1767/2330 1704/1771/2331 1709/1776/2332
f 1705/1772/2333 1709/1776/2334 1442/1509/2335 1706/1773/2336
f 1710/1777/2337 1684/1751/2338 1683/1750/2339 1711/1778/2340
f 1710/1777/2341 1711/1778/2342 1707/1774/2343 1706/1773/2344
f 1710/1777/2345 1706/1773/2346 1442/1509/2347 1441/1508/2348
f 1710/1777/2349 1441/1508/2350 1440/1507/2351 1684/1751/2352
f 1712/1779/2353 1713/1780/2354 1615/1682/2355 1614/1681/2356
f 1712/1779/2357 1614/1681/2358 1613/1680/2359 1714/1781/2360
f 1712/1779/2361 1714/1781/2362 1513/1580/2363 1512/1579/2364
f 1712/1779/2365 1512/1579/2366 1511/1578/2367 1713/1780/2368
f 1715/1782/2369 1716/1783/2370 1611/1678/2371 1610/1677/2372
f 1715/1782/2373 1610/1677/2374 1609/1676/2375 1717/1784/2376
f 1715/1782/2377 1717/1784/2378 1683/1750/2379 1682/1749/2380
f 1715/1782/2381 1682/1749/2382 1681/1748/2383 1716/1783/2384
f 1718/1785/2385 1719/1786/2386 1621/1688/2387 1620/1687/2388
f 1718/1785/2389 1620/1687/2390 1615/1682/2391 1713/1780/2392
f 1718/1785/2393 1713/1780/2394 1511/1578/2395 1510/1577/2396
f 1718/1785/2397 1510/1577/2398 1521/1588/2399 1719/1786/2400
f 1720/1787/2401 1717/1784/2402 1609/1676/2403 1619/1686/2404
f 1720/1787/2405 1619/1686/2406 1618/1685/2407 1721/1788/2408
f 1720/1787/2409 1721/1788/2410 1707/1774/2411 1711/1778/2412
f 1720/1787/2413 1711/1778/2414 1683/1750/2415 1717/1784/2416
f 1722/1789/2417 1723/1790/2418 1627/1694/2419 1626/1693/2420
f 1722/1789/2421 1626/1693/2422 1621/1688/2423 1719/1786/2424
f 1722/1789/2425 1719/1786/2426 1521/1588/2427 1520/1587/2428
f 1722/1789/2429 1520/1587/2430 1519/1586/2431 1723/1790/2432
f 1724/1791/2433 1721/1788/2434 1618/1685/2435 1625/1692/2436
f 1724/1791/2437 1625/1692/2438 1624/1691/2439 1725/1792/2440
f 1724/1791/2441 1725/1792/2442 1701/1768/2443 1708/1775/2444
f 1724/1791/2445 1708/1775/2446 1707/1774/2447 1721/1788/2448
f 1726/1793/2449 1727/1794/2450 1633/1700/2451 1632/1699/2452
f 1726/1793/2453 1632/1699/2454 1627/1694/2455 1723/1790/2456
f 1726/1793/2457 1723/1790/2458 1519/1586/2459 1518/1585/2460
f 1726/1793/2461 1518/1585/2462 1517/1584/2463 1727/1794/2464
f 1728/1795/2465 1725/1792/2466 1624/1691/2467 1631/1698/2468
f 1728/1795/2469 1631/1698/2470 1630/1697/2471 1729/1796/2472
f 1728/1795/2473 1729/1796/2474 1695/1762/2475 1702/1769/2476
f 1728/1795/2477 1702/1769/2478 1701/1768/2479 1725/1792/2480
f 1730/1797/2481 1731/1798/2482 1639/1706/2483 1638/1705/2484
f 1730/1797/2485 1638/1705/2486 1633/1700/2487 1727/1794/2488
f 1730/1797/2489 1727/1794/2490 1517/1584/2491 1516/1583/2492
f 1730/1797/2493 1516/1583/2494 1515/1582/2495 1731/1798/2496
f 1732/1799/2497 1729/1796/2498 1630/1697/2499 1637/1704/2500
f 1732/1799/2501 1637/1704/2502 1636/1703/2503 1733/1800/2504
f 1732/1799/2505 1733/1800/2506 1689/1756/2507 1696/1763/2508
f 1732/1799/2509 1696/1763/2510 1695/1762/2511 1729/1796/2512
f 1734/1801/2513 1714/1781/2514 1613/1680/2515 1642/1709/2516
f 1734/1801/2517 1642/1709/2518 1639/1706/2519 1731/1798/2520
f 1734/1801/2521 1731/1798/2522 1515/1582/2523 1514/1581/2524
f 1734/1801/2525 1514/1581/2526 1513/1580/2527 1714/1781/2528
f 1735/1802/2529 1733/1800/2530 1636/1703/2531 1641/1708/2532
f 1735/1802/2533 1641/1708/2534 1611/1678/2535 1716/1783/2536
f 1735/1802/2537 1716/1783/2538 1681/1748/2539 1690/1757/2540
f 1735/1802/2541 1690/1757/2542 1689/1756/2543 1733/1800/2544
f 1736/1803/2545 1737/1804/2546 1651/1718/2547 1650/1717/2548
f 1736/1803/2549 1650/1717/2550 1649/1716/2551 1738/1805/2552
f 1736/1803/2553 1738/1805/2554 1526/1593/2555 1525/1592/2556
f 1736/1803/2557 1525/1592/2558 1524/1591/2559 1737/1804/2560
f 1739/1806/2561 1740/1807/2562 1647/1714/2563 1646/1713/2564
f 1739/1806/2565 1646/1713/2566 1645/1712/2567 1741/1808/2568
f 1739/1806/2569 1741/1808/2570 1457/1524/2571 1456/1523/2572
f 1739/1806/2573 1456/1523/2574 1455/1522/2575 1740/1807/2576
f 1742/1809/2577 1743/1810/2578 1657/1724/2579 1656/1723/2580
f 1742/1809/2581 1656/1723/2582 1651/1718/2583 1737/1804/2584
f 1742/1809/2585 1737/1804/2586 1524/1591/2587 1523/1590/2588
f 1742/1809/2589 1523/1590/2590 1534/1601/2591 1743/1810/2592
f 1744/1811/2593 1741/1808/2594 1645/1712/2595 1655/1722/2596
f 1744/1811/2597 1655/1722/2598 1654/1721/2599 1745/1812/2600
f 1744/1811/2601 1745/1812/2602 1478/1545/2603 1482/1549/2604
f 1744/1811/2605 1482/1549/2606 1457/1524/2607 1741/1808/2608
f 1746/1813/2609 1747/1814/2610 1663/1730/2611 1662/1729/2612
f 1746/1813/2613 1662/1729/2614 1657/1724/2615 1743/1810/2616
f 1746/1813/2617 1743/1810/2618 1534/1601/2619 1533/1600/2620
f 1746/1813/2621 1533/1600/2622 1532/1599/2623 1747/1814/2624
f 1748/1815/2625 1745/1812/2626 1654/1721/2627 1661/1728/2628
f 1748/1815/2629 1661/1728/2630 1660/1727/2631 1749/1816/2632
f 1748/1815/2633 1749/1816/2634 1472/1539/2635 1479/1546/2636
f 1748/1815/2637 1479/1546/2638 1478/1545/2639 1745/1812/2640
f 1750/1817/2641 1751/1818/2642 1669/1736/2643 1668/1735/2644
f 1750/1817/2645 1668/1735/2646 1663/1730/2647 1747/1814/2648
f 1750/1817/2649 1747/1814/2650 1532/1599/2651 1531/1598/2652
f 1750/1817/2653 1531/1598/2654 1530/1597/2655 1751/1818/2656
f 1752/1819/2657 1749/1816/2658 1660/1727/2659 1667/1734/2660
f 1752/1819/2661 1667/1734/2662 1666/1733/2663 1753/1820/2664
f 1752/1819/2665 1753/1820/2666 1466/1533/2667 1473/1540/2668
f 1752/1819/2669 1473/1540/2670 1472/1539/2671 1749/1816/2672
f 1754/1821/2673 1755/1822/2674 1675/1742/2675 1674/1741/2676
f 1754/1821/2677 1674/1741/2678 1669/1736/2679 1751/1818/2680
f 1754/1821/2681 1751/1818/2682 1530/1597/2683 1529/1596/2684
f 1754/1821/2685 1529/1596/2686 1528/1595/2687 1755/1822/2688
f 1756/1823/2689 1753/1820/2690 1666/1733/2691 1673/1740/2692
f 1756/1823/2693 1673/1740/2694 1672/1739/2695 1757/1824/2696
f 1756/1823/2697 1757/1824/2698 1460/1527/2699 1467/1534/2700
f 1756/1823/2701 1467/1534/2702 1466/1533/2703 1753/1820/2704
f 1758/1825/2705 1738/1805/2706 1649/1716/2707 1678/1745/2708
f 1758/1825/2709 1678/1745/2710 1675/1742/2711 1755/1822/2712
f 1758/1825/2713 1755/1822/2714 1528/1595/2715 1527/1594/2716
f 1758/1825/2717 1527/1594/2718 1526/1593/2719 1738/1805/2720
f 1759/1826/2721 1757/1824/2722 1672/1739/2723 1677/1744/2724
f 1759/1826/2725 1677/1744/2726 1647/1714/2727 1740/1807/2728
f 1759/1826/2729 1740/1807/2730 1455/1522/2731 1461/1528/2732
f 1759/1826/2733 1461/1528/2734 1460/1527/2735 1757/1824/2736
f 1760/1827/2737 1761/1828/2738 1579/1646/2739 1578/1645/2740
f 1760/1827/2741 1578/1645/2742 1577/1644/2743 1762/1829/2744
f 1760/1827/2745 1762/1829/2746 1500/1567/2747 1499/1566/2748
f 1760/1827/2749 1499/1566/2750 1498/1565/2751 1761/1828/2752
f 1763/1830/2753 1764/1831/2754 1575/1642/2755 1574/1641/2756
f 1763/1830/2757 1574/1641/2758 1573/1640/2759 1765/1832/2760
f 1763/1830/2761 1765/1832/2762 1138/1196/2763 1137/1195/2764
f 1763/1830/2765 1137/1195/2766 1136/1194/2767 1764/1831/2768
f 1766/1833/2769 1767/1834/2770 1585/1652/2771 1584/1651/2772
f 1766/1833/2773 1584/1651/2774 1579/1646/2775 1761/1828/2776
f 1766/1833/2777 1761/1828/2778 1498/1565/2779 1497/1564/2780
f 1766/1833/2781 1497/1564/2782 1508/1575/2783 1767/1834/2784
f 1768/1835/2785 1765/1832/2786 1573/1640/2787 1583/1650/2788
f 1768/1835/2789 1583/1650/2790 1582/1649/2791 1769/1836/2792
f 1768/1835/2793 1769/1836/2794 1142/1200/2795 1141/1199/2796
f 1768/1835/2797 1141/1199/2798 1138/1196/2799 1765/1832/2800
f 1770/1837/2801 1771/1838/2802 1591/1658/2803 1590/1657/2804
f 1770/1837/2805 1590/1657/2806 1585/1652/2807 1767/1834/2808
f 1770/1837/2809 1767/1834/2810 1508/1575/2811 1507/1574/2812
f 1770/1837/2813 1507/1574/2814 1506/1573/2815 1771/1838/2816
f 1772/1839/2817 1769/1836/2818 1582/1649/2819 1589/1656/2820
f 1772/1839/2821 1589/1656/2822 1588/1655/2823 1773/1840/2824
f 1772/1839/2825 1773/1840/2826 1147/1205/2827 1146/1204/2828
f 1772/1839/2829 1146/1204/2830 1142/1200/2831 1769/1836/2832
f 1774/1841/2833 1775/1842/2834 1597/1664/2835 1596/1663/2836
f 1774/1841/2837 1596/1663/2838 1591/1658/2839 1771/1838/2840
f 1774/1841/2841 1771/1838/2842 1506/1573/2843 1505/1572/2844
f 1774/1841/2845 1505/1572/2846 1504/1571/2847 1775/1842/2848
f 1776/1843/2849 1773/1840/2850 1588/1655/2851 1595/1662/2852
f 1776/1843/2853 1595/1662/2854 1594/1661/2855 1777/1844/2856
f 1776/1843/2857 1777/1844/2858 1153/1211/2859 1152/1210/2860
f 1776/1843/2861 1152/1210/2862 1147/1205/2863 1773/1840/2864
f 1778/1845/2865 1779/1846/2866 1603/1670/2867 1602/1669/2868
f 1778/1845/2869 1602/1669/2870 1597/1664/2871 1775/1842/2872
f 1778/1845/2873 1775/1842/2874 1504/1571/2875 1503/1570/2876
f 1778/1845/2877 1503/1570/2878 1502/1569/2879 1779/1846/2880
f 1780/1847/2881 1777/1844/2882 1594/1661/2883 1601/1668/2884
f 1780/1847/2885 1601/1668/2886 1600/1667/2887 1781/1848/2888
f 1780/1847/2889 1781/1848/2890 1159/1217/2891 1158/1216/2892
f 1780/1847/2893 1158/1216/2894 1153/1211/2895 1777/1844/2896
f 1782/1849/2897 1762/1829/2898 1577/1644/2899 1606/1673/2900
f 1782/1849/2901 1606/1673/2902 1603/1670/2903 1779/1846/2904
f 1782/1849/2905 1779/1846/2906 1502/1569/2907 1501/1568/2908
f 1782/1849/2909 1501/1568/2910 1500/1567/2911 1762/1829/2912
f 1783/1850/2913 1781/1848/2914 1600/1667/2915 1605/1672/2916
f 1783/1850/2917 1605/1672/2918 1575/1642/2919 1764/1831/2920
f 1783/1850/2921 1764/1831/2922 1136/1194/2923 1164/1222/2924
f 1783/1850/2925 1164/1222/2926 1159/1217/2927 1781/1848/2928
f 1784/1851/2801 1785/1852/2802 1543/1610/2803 1542/1609/2804
f 1784/1851/2805 1542/1609/2806 1541/1608/2929 1786/1853/2930
f 1784/1851/2809 1786/1853/2931 1487/1554/2811 1486/1553/2812
f 1784/1851/2813 1486/1553/2814 1485/1552/2815 1785/1852/2816
f 1787/1854/2932 1788/1855/2933 1539/1606/2934 1538/1605/2935
f 1787/1854/2821 1538/1605/2936 1537/1604/2937 1789/1856/2824
f 1787/1854/2825 1789/1856/2826 1104/1162/2938 1103/1161/2828
f 1787/1854/2829 1103/1161/2830 1102/1160/2939 1788/1855/2940
f 1790/1857/2833 1791/1858/2834 1549/1616/2941 1548/1615/2836
f 1790/1857/2837 1548/1615/2838 1543/1610/2839 1785/1852/2840
f 1790/1857/2841 1785/1852/2842 1485/1552/2843 1484/1551/2942
f 1790/1857/2845 1484/1551/2943 1495/1562/2847 1791/1858/2848
f 1792/1859/2944 1789/1856/2850 1537/1604/2851 1547/1614/2852
f 1792/1859/2945 1547/1614/2854 1546/1613/2855 1793/1860/2946
f 1792/1859/2857 1793/1860/2858 1110/1168/2859 1109/1167/2947
f 1792/1859/2948 1109/1167/2949 1104/1162/2950 1789/1856/2864
f 1794/1861/2865 1795/1862/2866 1555/1622/2951 1554/1621/2868
f 1794/1861/2869 1554/1621/2870 1549/1616/2952 1791/1858/2872
f 1794/1861/2873 1791/1858/2874 1495/1562/2875 1494/1561/2876
f 1794/1861/2877 1494/1561/2878 1493/1560/2879 1795/1862/2880
f 1796/1863/2881 1793/1860/2882 1546/1613/2883 1553/1620/2884
f 1796/1863/2885 1553/1620/2886 1552/1619/2887 1797/1864/2888
f 1796/1863/2889 1797/1864/2890 1116/1174/2891 1115/1173/2892
f 1796/1863/2893 1115/1173/2894 1110/1168/2953 1793/1860/2954
f 1798/1865/2897 1799/1866/2955 1561/1628/2956 1560/1627/2957
f 1798/1865/2901 1560/1627/2902 1555/1622/2958 1795/1862/2904
f 1798/1865/2905 1795/1862/2906 1493/1560/2907 1492/1559/2908
f 1798/1865/2909 1492/1559/2959 1491/1558/2911 1799/1866/2960
f 1800/1867/2913 1797/1864/2961 1552/1619/2915 1559/1626/2916
f 1800/1867/2962 1559/1626/2918 1558/1625/2963 1801/1868/2964
f 1800/1867/2921 1801/1868/2965 1122/1180/2966 1121/1179/2924
f 1800/1867/2967 1121/1179/2926 1116/1174/2968 1797/1864/2928
f 1802/1869/2969 1803/1870/2738 1567/1634/2739 1566/1633/2970
f 1802/1869/2971 1566/1633/2742 1561/1628/2972 1799/1866/2973
f 1802/1869/2745 1799/1866/2974 1491/1558/2747 1490/1557/2748
f 1802/1869/2749 1490/1557/2750 1489/1556/2751 1803/1870/2752
f 1804/1871/2753 1801/1868/2975 1558/1625/2976 1565/1632/2977
f 1804/1871/2757 1565/1632/2978 1564/1631/2979 1805/1872/2980
f 1804/1871/2981 1805/1872/2762 1128/1186/2763 1127/1185/2764
f 1804/1871/2982 1127/1185/2983 1122/1180/2984 1801/1868/2985
f 1806/1873/2769 1786/1853/2986 1541/1608/2987 1570/1637/2988
f 1806/1873/2773 1570/1637/2989 1567/1634/2990 1803/1870/2776
f 1806/1873/2777 1803/1870/2778 1489/1556/2779 1488/1555/2991
f 1806/1873/2781 1488/1555/2992 1487/1554/2783 1786/1853/2993
f 1807/1874/2785 1805/1872/2786 1564/1631/2994 1569/1636/2995
f 1807/1874/2789 1569/1636/2790 1539/1606/2996 1788/1855/2997
f 1807/1874/2793 1788/1855/2998 1102/1160/2999 1131/1189/3000
f 1807/1874/2797 1131/1189/3001 1128/1186/2799 1805/1872/2800
f 1808/1875/3002 1076/1127/3003 951/999/3004 950/998/3005
f 1808/1875/3006 950/998/3007 949/997/3008 1809/1876/3009
f 1808/1877/3010 1809/1878/3011 1052/1100/3012 1051/1099/3013
f 1808/1877/3014 1051/1099/3015 1050/1098/3016 1076/1129/3017
f 1810/1879/3018 1809/1876/3019 949/997/3020 1325/1383/3021
f 1810/1879/3022 1325/1383/3023 1324/1382/3024 1433/1496/3025
f 1810/1880/3026 1433/1495/3027 1411/1469/3028 1410/1468/3029
f 1810/1880/3030 1410/1468/3031 1052/1100/3032 1809/1878/3033
f 1811/1881/3034 1042/1090/3035 866/914/788 1812/1882/788
f 1811/1881/3036 1812/1882/787 1813/1883/787 1814/1884/3037
f 1811/1881/3038 1814/1884/3039 908/956/3040 907/955/3041
f 1811/1881/3042 907/955/3043 904/952/3044 1042/1090/3045
f 1815/1885/3046 1814/1884/3047 1813/1883/1354 1816/1886/1354
f 1815/1885/3048 1816/1886/1361 1253/1311/1361 1404/1462/3049
f 1815/1885/3050 1404/1462/3051 1288/1346/3052 1291/1349/3053
f 1815/1885/3054 1291/1349/3055 908/956/3056 1814/1884/3057
f 1817/1887/793 865/913/793 845/893/793 844/892/793
f 1817/1887/787 844/892/787 851/899/787 1818/1888/787
f 1817/1887/787 1818/1888/787 1813/1883/787 1812/1882/787
f 1817/1887/788 1812/1882/788 866/914/788 865/913/788
f 1819/1889/1354 1818/1888/1354 851/899/1354 1238/1296/1354
f 1819/1889/1353 1238/1296/1353 1237/1295/1353 1254/1312/1353
f 1819/1889/1353 1254/1312/1353 1253/1311/1353 1816/1886/1353
f 1819/1889/1354 1816/1886/1354 1813/1883/1354 1818/1888/1354
f 1820/1890/788 870/918/788 856/904/788 855/903/788
f 1820/1890/787 855/903/787 854/902/787 1821/1891/787
f 1820/1890/787 1821/1891/787 1822/1892/787 1823/1893/787
f 1820/1890/793 1823/1893/793 871/919/793 870/918/793
f 1824/1894/1354 1821/1891/1354 854/902/1354 1244/1302/1354
f 1824/1894/1353 1244/1302/1353 1243/1301/1353 1258/1316/1353
f 1824/1894/1353 1258/1316/1353 1257/1315/1353 1825/1895/1353
f 1824/1894/1354 1825/1895/1354 1822/1892/1354 1821/1891/1354
f 1826/1896/788 1037/1085/788 871/919/788 1823/1893/788
f 1826/1896/787 1823/1893/787 1822/1892/787 1827/1897/787
f 1826/1896/3058 1827/1897/3058 927/975/3058 926/974/3058
f 1826/1896/3059 926/974/3059 921/969/3059 1037/1085/3059
f 1828/1898/1354 1827/1897/1354 1822/1892/1354 1825/1895/1354
f 1828/1898/1353 1825/1895/1353 1257/1315/1353 1399/1457/1353
f 1828/1898/3060 1399/1457/3060 1302/1360/3061 1306/1364/3060
f 1828/1898/3062 1306/1364/3062 927/975/3062 1827/1897/3062
f 1829/1899/3063 1475/1542/3064 1470/1537/3065 1830/1900/3066
f 1829/1899/3067 1830/1900/3068 1831/1901/368 1832/1902/368
f 1829/1899/3069 1832/1902/368 1833/1903/368 1834/1904/3070
f 1829/1899/3071 1834/1904/3072 1476/1543/3073 1475/1542/3074
f 1835/1905/366 735/778/366 734/777/366 1836/1906/366
f 1835/1905/367 1836/1906/367 1833/1903/367 1832/1902/367
f 1835/1905/367 1832/1902/367 1831/1901/367 1837/1907/367
f 1835/1905/366 1837/1907/366 736/779/366 735/778/366
f 1838/1908/3075 1839/1909/368 1840/1910/368 1841/1911/3076
f 1838/1908/3077 1841/1911/3078 1698/1765/3079 1697/1764/3080
f 1838/1908/3081 1697/1764/3082 1692/1759/3083 1842/1912/3084
f 1838/1908/3085 1842/1912/3086 1843/1913/368 1839/1909/368
f 1844/1914/367 1839/1909/367 1843/1913/367 1845/1915/367
f 1844/1914/366 1845/1915/366 728/766/366 727/765/366
f 1844/1914/366 727/765/366 731/772/366 1846/1916/366
f 1844/1914/367 1846/1916/367 1840/1910/367 1839/1909/367
f 1847/1917/3087 1157/1215/3088 1161/1219/3089 1848/1918/3090
f 1847/1917/3091 1848/1918/3092 1849/1919/6 1850/1920/6
f 1847/1917/3093 1850/1920/6 1851/1921/6 1852/1922/3094
f 1847/1917/3095 1852/1922/3096 1155/1213/3097 1157/1215/3098
f 1853/1923/4 395/407/4 394/406/4 1854/1924/4
f 1853/1923/3 1854/1924/3 1851/1921/3 1850/1920/3
f 1853/1923/3 1850/1920/3 1849/1919/3 1855/1925/3
f 1853/1923/4 1855/1925/4 396/408/4 395/407/4
f 1856/1926/3099 1114/1172/3100 1118/1176/3101 1857/1927/3102
f 1856/1926/3103 1857/1927/3104 1858/1928/6 1859/1929/6
f 1856/1926/3105 1859/1929/6 1860/1930/6 1861/1931/3106
f 1856/1926/3107 1861/1931/3108 1112/1170/3109 1114/1172/3110
f 1862/1932/4 382/394/4 381/393/4 1863/1933/4
f 1862/1932/3 1863/1933/3 1860/1930/3 1859/1929/3
f 1862/1932/3 1859/1929/3 1858/1928/3 1864/1934/3
f 1862/1932/4 1864/1934/4 383/395/4 382/394/4
f 1865/1935/1 6/6/1 5/5/1 1866/1936/1
f 1865/1935/1 1866/1936/1 381/393/1 380/392/1
f 1865/1935/2 380/392/2 387/399/2 1867/1937/2
f 1865/1935/2 1867/1937/2 7/7/2 6/6/2
f 1868/1938/2 2/2/2 9/9/2 1869/1939/2
f 1868/1938/2 1869/1939/2 390/402/2 389/401/2
f 1868/1938/1 389/401/1 396/408/1 1870/1940/1
f 1868/1938/1 1870/1940/1 3/3/1 2/2/1
f 1871/1941/3 15/15/3 14/14/3 1872/1942/3
f 1871/1941/3 1872/1942/3 1860/1930/3 1863/1933/3
f 1871/1941/4 1863/1933/4 381/393/4 1866/1936/4
f 1871/1941/4 1866/1936/4 5/5/4 15/15/4
f 1873/1943/4 11/11/4 3/3/4 1870/1940/4
f 1873/1943/4 1870/1940/4 396/408/4 1855/1925/4
f 1873/1943/3 1855/1925/3 1849/1919/3 1874/1944/3
f 1873/1943/3 1874/1944/3 12/12/3 11/11/3
f 1875/1945/3111 21/21/5 20/20/5 1876/1946/3112
f 1875/1945/3113 1876/1946/3114 1112/1170/3115 1861/1931/3116
f 1875/1945/3117 1861/1931/3118 1860/1930/6 1872/1942/6
f 1875/1945/3119 1872/1942/6 14/14/6 21/21/6
f 1877/1947/3120 17/17/6 12/12/6 1874/1944/6
f 1877/1947/3121 1874/1944/6 1849/1919/6 1848/1918/3122
f 1877/1947/3123 1848/1918/3124 1161/1219/3125 1878/1948/3126
f 1877/1947/3127 1878/1948/3128 18/18/5 17/17/5
f 1879/1949/364 399/414/364 7/413/364 1867/1950/364
f 1879/1949/364 1867/1950/364 387/768/364 729/767/364
f 1879/1949/380 729/767/380 728/766/380 1880/1951/380
f 1879/1949/380 1880/1951/380 400/415/380 399/414/380
f 1881/1952/380 398/410/380 402/417/380 1882/1953/380
f 1881/1952/380 1882/1953/380 734/777/380 733/776/380
f 1881/1952/364 733/776/364 390/775/364 1869/1954/364
f 1881/1952/364 1869/1954/364 9/411/364 398/410/364
f 1883/1955/366 405/420/366 400/415/366 1880/1951/366
f 1883/1955/366 1880/1951/366 728/766/366 1845/1915/366
f 1883/1955/367 1845/1915/367 1843/1913/367 1884/1956/367
f 1883/1955/367 1884/1956/367 406/421/367 405/420/367
f 1885/1957/367 404/419/367 408/423/367 1886/1958/367
f 1885/1957/367 1886/1958/367 1833/1903/367 1836/1906/367
f 1885/1957/366 1836/1906/366 734/777/366 1882/1953/366
f 1885/1957/366 1882/1953/366 402/417/366 404/419/366
f 1887/1959/3129 411/426/368 406/421/368 1884/1956/368
f 1887/1959/3130 1884/1956/572 1843/1913/572 1842/1912/3131
f 1887/1959/3132 1842/1912/3133 1692/1759/3134 1888/1960/3135
f 1887/1959/3136 1888/1960/3137 412/427/369 411/426/369
f 1889/1961/3138 410/425/369 414/429/369 1890/1962/3139
f 1889/1961/3140 1890/1962/3141 1476/1543/3142 1834/1904/3143
f 1889/1961/3144 1834/1904/3145 1833/1903/368 1886/1958/368
f 1889/1961/3146 1886/1958/368 408/423/368 410/425/368
f 1891/1963/787 764/812/787 763/811/787 1892/1964/787
f 1891/1963/828 1892/1964/787 1085/1143/787 1084/1142/3147
f 1891/1963/3148 1084/1142/3149 1083/1141/3150 1893/1965/3151
f 1891/1963/788 1893/1965/3152 765/813/788 764/812/788
f 1894/1966/3153 760/808/788 767/815/788 1895/1967/3154
f 1894/1966/3155 1895/1967/3156 1094/1152/3157 1093/1151/3158
f 1894/1966/3159 1093/1151/3160 1092/1150/787 1896/1968/787
f 1894/1966/3161 1896/1968/787 761/809/787 760/808/787
f 1897/1969/3162 770/818/789 765/813/789 1893/1965/3163
f 1897/1969/3164 1893/1965/3165 1083/1141/3166 1100/1158/3167
f 1897/1969/3168 1100/1158/3169 1106/1164/3170 1898/1970/3171
f 1897/1969/3172 1898/1970/3173 771/819/790 770/818/790
f 1899/1971/3174 769/817/790 773/821/790 1900/1972/3175
f 1899/1971/3176 1900/1972/3177 1134/1192/3178 1133/1191/3179
f 1899/1971/3180 1133/1191/3181 1094/1152/3182 1895/1967/3183
f 1899/1971/3184 1895/1967/3185 767/815/789 769/817/789
f 1901/1973/3186 776/824/791 771/819/791 1898/1970/3187
f 1901/1973/3188 1898/1970/3189 1106/1164/3190 1108/1166/3191
f 1901/1973/3192 1108/1166/3193 1112/1170/3194 1876/1946/3195
f 1901/1973/792 1876/1946/3196 20/20/792 776/824/792
f 1902/1974/3197 775/823/792 18/18/792 1878/1948/3198
f 1902/1974/3199 1878/1948/3200 1161/1219/3201 1163/1221/3202
f 1902/1974/3203 1163/1221/3204 1134/1192/3205 1900/1972/3206
f 1902/1974/791 1900/1972/3187 773/821/791 775/823/791
f 1903/1975/1353 1170/1228/1353 1169/1227/1353 1904/1976/3207
f 1903/1975/3208 1904/1976/3209 1440/1507/3210 1439/1506/3211
f 1903/1975/1354 1439/1506/3212 1085/1143/1354 1892/1964/1354
f 1903/1975/3213 1892/1964/1354 763/811/1354 1170/1228/1354
f 1905/1977/3214 1166/1224/1354 761/809/1354 1896/1968/1354
f 1905/1977/1354 1896/1968/1354 1092/1150/1354 1445/1512/3215
f 1905/1977/3216 1445/1512/3217 1449/1516/3218 1906/1978/3219
f 1905/1977/1353 1906/1978/3220 1167/1225/1353 1166/1224/1353
f 1907/1979/3221 1176/1234/1355 1175/1233/1355 1908/1980/3222
f 1907/1979/3223 1908/1980/3224 1686/1753/3225 1685/1752/3226
f 1907/1979/3227 1685/1752/3228 1440/1507/3229 1904/1976/3230
f 1907/1979/3231 1904/1976/3232 1169/1227/1356 1176/1234/1356
f 1909/1981/3233 1172/1230/1356 1167/1225/1356 1906/1978/3234
f 1909/1981/3235 1906/1978/3236 1449/1516/3237 1453/1520/3238
f 1909/1981/3239 1453/1520/3240 1452/1519/3241 1910/1982/3242
f 1909/1981/3243 1910/1982/3244 1173/1231/1355 1172/1230/1355
f 1911/1983/3245 1179/1237/1357 412/427/1357 1888/1960/3246
f 1911/1983/3247 1888/1960/3248 1692/1759/3249 1691/1758/3250
f 1911/1983/3251 1691/1758/3252 1686/1753/3253 1908/1980/3254
f 1911/1983/3255 1908/1980/3256 1175/1233/1358 1179/1237/1358
f 1912/1984/1358 1178/1236/1358 1173/1231/1358 1910/1982/3257
f 1912/1984/3258 1910/1982/3259 1452/1519/3260 1481/1548/3261
f 1912/1984/3262 1481/1548/3263 1476/1543/3264 1890/1962/3265
f 1912/1984/3266 1890/1962/3267 414/429/1357 1178/1236/1357
f 1913/1985/1 75/75/1 74/74/1 1914/1986/1
f 1913/1985/1 1914/1986/1 394/406/1 393/405/1
f 1913/1985/2 393/405/2 392/404/2 1915/1987/2
f 1913/1985/2 1915/1987/2 76/76/2 75/75/2
f 1916/1988/2 71/71/2 78/78/2 1917/1989/2
f 1916/1988/2 1917/1989/2 227/227/2 226/226/2
f 1916/1988/1 226/226/1 233/233/1 1918/1990/1
f 1916/1988/1 1918/1990/1 72/72/1 71/71/1
f 1919/1991/3 88/88/3 87/87/3 1920/1992/3
f 1919/1991/3 1920/1992/3 1851/1921/3 1854/1924/3
f 1919/1991/4 1854/1924/4 394/406/4 1914/1986/4
f 1919/1991/4 1914/1986/4 74/74/4 88/88/4
f 1921/1993/4 84/84/4 72/72/4 1918/1990/4
f 1921/1993/4 1918/1990/4 233/233/4 241/241/4
f 1921/1993/3 241/241/3 245/245/3 1922/1994/3
f 1921/1993/3 1922/1994/3 85/85/3 84/84/3
f 1923/1995/5 98/98/5 97/97/5 1924/1996/3268
f 1923/1995/3269 1924/1996/3270 1155/1213/3271 1852/1922/3272
f 1923/1995/6 1852/1922/3273 1851/1921/6 1920/1992/6
f 1923/1995/6 1920/1992/6 87/87/6 98/98/6
f 1925/1997/6 94/94/6 85/85/6 1922/1994/6
f 1925/1997/6 1922/1994/6 245/245/6 253/253/6
f 1925/1997/5 253/253/5 257/257/5 1926/1998/5
f 1925/1997/5 1926/1998/5 95/95/5 94/94/5
f 1927/1999/364 457/477/364 76/476/364 1915/2000/364
f 1927/1999/364 1915/2000/364 392/781/364 737/780/364
f 1927/1999/380 737/780/380 736/779/380 1928/2001/380
f 1927/1999/380 1928/2001/380 458/478/380 457/477/380
f 1929/2002/380 456/473/380 460/480/380 1930/2003/380
f 1929/2002/380 1930/2003/380 591/616/380 590/615/380
f 1929/2002/364 590/615/364 227/614/364 1917/2004/364
f 1929/2002/364 1917/2004/364 78/474/364 456/473/364
f 1931/2005/366 467/487/366 458/478/366 1928/2001/366
f 1931/2005/366 1928/2001/366 736/779/366 1837/1907/366
f 1931/2005/367 1837/1907/367 1831/1901/367 1932/2006/367
f 1931/2005/367 1932/2006/367 468/488/367 467/487/367
f 1933/2007/367 466/486/367 470/490/367 1934/2008/367
f 1933/2007/367 1934/2008/367 603/629/367 602/628/367
f 1933/2007/366 602/628/366 591/616/366 1930/2003/366
f 1933/2007/366 1930/2003/366 460/480/366 466/486/366
f 1935/2009/368 477/497/368 468/488/368 1932/2006/368
f 1935/2009/368 1932/2006/368 1831/1901/368 1830/1900/3274
f 1935/2009/3275 1830/1900/3276 1470/1537/3277 1936/2010/3278
f 1935/2009/369 1936/2010/3279 478/498/369 477/497/369
f 1937/2011/369 476/496/369 480/500/369 1938/2012/369
f 1937/2011/369 1938/2012/369 615/641/369 614/640/369
f 1937/2011/572 614/640/572 603/629/572 1934/2008/572
f 1937/2011/368 1934/2008/368 470/490/368 476/496/368
f 1939/2013/3280 824/872/787 823/871/787 1940/2014/787
f 1939/2013/3281 1940/2014/787 1098/1156/787 1097/1155/3282
f 1939/2013/3283 1097/1155/3284 1096/1154/3285 1941/2015/3286
f 1939/2013/788 1941/2015/3287 825/873/788 824/872/788
f 1942/2016/788 820/868/788 827/875/788 1943/2017/788
f 1942/2016/788 1943/2017/788 956/1004/788 955/1003/788
f 1942/2016/787 955/1003/787 954/1002/787 1944/2018/787
f 1942/2016/787 1944/2018/787 821/869/787 820/868/787
f 1945/2019/3288 834/882/789 825/873/789 1941/2015/3289
f 1945/2019/3290 1941/2015/3291 1096/1154/3292 1145/1203/3293
f 1945/2019/3294 1145/1203/3295 1149/1207/3296 1946/2020/3297
f 1945/2019/3298 1946/2020/3173 835/883/790 834/882/790
f 1947/2021/790 833/881/790 837/885/790 1948/2022/790
f 1947/2021/790 1948/2022/790 969/1017/790 968/1016/790
f 1947/2021/789 968/1016/789 956/1004/789 1943/2017/789
f 1947/2021/789 1943/2017/789 827/875/789 833/881/789
f 1949/2023/3299 842/890/791 835/883/791 1946/2020/3300
f 1949/2023/3301 1946/2020/3302 1149/1207/3303 1151/1209/3304
f 1949/2023/3305 1151/1209/3306 1155/1213/3307 1924/1996/3308
f 1949/2023/3309 1924/1996/3310 97/97/792 842/890/792
f 1950/2024/792 841/889/792 95/95/792 1926/1998/792
f 1950/2024/792 1926/1998/792 257/257/792 977/1025/792
f 1950/2024/997 977/1025/997 969/1017/997 1948/2022/997
f 1950/2024/791 1948/2022/791 837/885/791 841/889/791
f 1951/2025/1353 1219/1277/1353 1218/1276/1353 1952/2026/3311
f 1951/2025/3312 1952/2026/3313 1447/1514/3314 1446/1513/3315
f 1951/2025/1354 1446/1513/3316 1098/1156/1354 1940/2014/1354
f 1951/2025/1354 1940/2014/1354 823/871/1354 1219/1277/1354
f 1953/2027/1354 1215/1273/1354 821/869/1354 1944/2018/1354
f 1953/2027/1354 1944/2018/1354 954/1002/1354 1327/1385/1354
f 1953/2027/1361 1327/1385/1361 1331/1389/1361 1954/2028/1361
f 1953/2027/1361 1954/2028/1361 1216/1274/1361 1215/1273/1361
f 1955/2029/3317 1229/1287/1355 1228/1286/1355 1956/2030/3222
f 1955/2029/3318 1956/2030/3319 1464/1531/3320 1463/1530/3321
f 1955/2029/3322 1463/1530/3323 1447/1514/3324 1952/2026/3325
f 1955/2029/3326 1952/2026/3327 1218/1276/1356 1229/1287/1356
f 1957/2031/1356 1225/1283/1356 1216/1274/1356 1954/2028/1356
f 1957/2031/1356 1954/2028/1356 1331/1389/1356 1339/1397/1356
f 1957/2031/1355 1339/1397/1355 1343/1401/1355 1958/2032/1355
f 1957/2031/1355 1958/2032/1355 1226/1284/1355 1225/1283/1355
f 1959/2033/3328 1234/1292/1357 478/498/1357 1936/2010/3329
f 1959/2033/3330 1936/2010/3331 1470/1537/3332 1469/1536/3333
f 1959/2033/3334 1469/1536/3335 1464/1531/3336 1956/2030/3337
f 1959/2033/3338 1956/2030/3339 1228/1286/1358 1234/1292/1358
f 1960/2034/1358 1233/1291/1358 1226/1284/1358 1958/2032/1358
f 1960/2034/1407 1958/2032/1407 1343/1401/1407 1348/1406/1407
f 1960/2034/1357 1348/1406/1357 615/641/1357 1938/2012/1357
f 1960/2034/1357 1938/2012/1357 480/500/1357 1233/1291/1357
f 1961/2035/2 64/64/2 67/67/2 1962/2036/2
f 1961/2035/2 1962/2036/2 385/397/2 384/396/2
f 1961/2035/1 384/396/1 383/395/1 1963/2037/1
f 1961/2035/1 1963/2037/1 69/69/1 64/64/1
f 65/65/3340 68/68/3341 218/218/3342 217/217/3343
f 65/65/3344 217/217/3345 224/224/3346 66/66/3347
f 1964/2038/4 79/79/4 69/69/4 1963/2037/4
f 1964/2038/4 1963/2037/4 383/395/4 1864/1934/4
f 1964/2038/3 1864/1934/3 1858/1928/3 1965/2039/3
f 1964/2038/3 1965/2039/3 81/81/3 79/79/3
f 80/80/3 82/82/3 236/236/3 235/235/3348
f 80/80/3349 235/235/3350 218/218/3351 68/68/3352
f 1966/2040/3353 89/89/6 81/81/6 1965/2039/6
f 1966/2040/3354 1965/2039/6 1858/1928/6 1857/1927/3355
f 1966/2040/3356 1857/1927/3357 1118/1176/3358 1967/2041/3359
f 1966/2040/3360 1967/2041/3361 91/91/5 89/89/5
f 90/90/5 92/92/5 248/248/5 247/247/5
f 90/90/6 247/247/6 236/236/6 82/82/6
f 1968/2042/380 452/467/380 451/466/380 1969/2043/380
f 1968/2042/380 1969/2043/380 731/772/380 730/771/380
f 1968/2042/364 730/771/364 385/770/364 1962/2044/364
f 1968/2042/364 1962/2044/364 67/471/364 452/467/364
f 453/468/3362 66/470/3363 224/607/3364 586/606/3365
f 453/468/3366 586/606/3367 585/605/3368 454/469/3369
f 1970/2045/367 462/482/367 461/481/367 1971/2046/367
f 1970/2045/367 1971/2046/367 1840/1910/367 1846/1916/367
f 1970/2045/366 1846/1916/366 731/772/366 1969/2043/366
f 1970/2045/366 1969/2043/366 451/466/366 462/482/366
f 463/483/3370 454/469/3371 585/605/3372 598/624/3373
f 463/483/367 598/624/3374 597/623/367 464/484/367
f 1972/2047/3375 471/491/369 474/494/369 1973/2048/3376
f 1972/2047/3377 1973/2048/3378 1698/1765/3379 1841/1911/3380
f 1972/2047/3381 1841/1911/3382 1840/1910/368 1971/2046/368
f 1972/2047/3383 1971/2046/368 461/481/368 471/491/368
f 472/492/572 464/484/572 597/623/572 610/636/572
f 472/492/369 610/636/369 609/635/369 473/493/369
f 1974/2049/3384 814/862/788 813/861/788 1975/2050/3385
f 1974/2049/3386 1975/2050/3387 1089/1147/3388 1088/1146/3389
f 1974/2049/787 1088/1146/3390 1087/1145/787 1976/2051/787
f 1974/2049/3391 1976/2051/787 817/865/787 814/862/787
f 815/863/3392 818/866/3393 947/995/3394 946/994/3395
f 815/863/3396 946/994/3397 945/993/3398 816/864/3399
f 1977/2052/3400 829/877/790 828/876/790 1978/2053/3401
f 1977/2052/3402 1978/2053/3403 1124/1182/3404 1126/1184/3405
f 1977/2052/3406 1126/1184/3407 1089/1147/3408 1975/2050/3409
f 1977/2052/3410 1975/2050/3411 813/861/789 829/877/789
f 830/878/3412 816/864/3413 945/993/3414 964/1012/3415
f 830/878/790 964/1012/3416 963/1011/790 831/879/790
f 1979/2054/3417 838/886/792 91/91/792 1967/2041/3418
f 1979/2054/3419 1967/2041/3420 1118/1176/3421 1120/1178/3422
f 1979/2054/3423 1120/1178/3424 1124/1182/3425 1978/2053/3426
f 1979/2054/3427 1978/2053/3428 828/876/791 838/886/791
f 839/887/791 831/879/791 963/1011/791 974/1022/791
f 839/887/792 974/1022/792 248/248/792 92/92/792
f 1980/2055/3429 1210/1268/1354 817/865/1354 1976/2051/1354
f 1980/2055/3430 1976/2051/1354 1087/1145/1354 1443/1510/3431
f 1980/2055/3432 1443/1510/3433 1442/1509/3434 1981/2056/3435
f 1980/2055/3436 1981/2056/3437 1212/1270/1353 1210/1268/1353
f 1211/1269/3438 1213/1271/3439 1322/1380/3440 1321/1379/3441
f 1211/1269/3442 1321/1379/3443 947/995/3444 818/866/3445
f 1982/2057/3446 1220/1278/1356 1212/1270/1356 1981/2056/3447
f 1982/2057/3448 1981/2056/3449 1442/1509/3450 1709/1776/3451
f 1982/2057/3452 1709/1776/3453 1704/1771/3454 1983/2058/3455
f 1982/2057/3456 1983/2058/3457 1222/1280/1355 1220/1278/1355
f 1221/1279/1355 1223/1281/1355 1334/1392/1355 1333/1391/3458
f 1221/1279/3459 1333/1391/3326 1322/1380/3460 1213/1271/3461
f 1984/2059/3462 1230/1288/1358 1222/1280/1358 1983/2058/3463
f 1984/2059/3464 1983/2058/3465 1704/1771/3466 1703/1770/3467
f 1984/2059/3468 1703/1770/3469 1698/1765/3470 1973/2048/3471
f 1984/2059/3472 1973/2048/3473 474/494/1357 1230/1288/1357
f 1231/1289/1357 473/493/1357 609/635/1357 1345/1403/1357
f 1231/1289/1358 1345/1403/1358 1334/1392/1358 1223/1281/1358
f 1985/2060/3474 1986/2061/3474 1987/2062/3474 1988/2063/3474
f 1985/2060/3475 1988/2063/3475 1989/2064/3475 1990/2065/3475
f 1985/2060/3476 1990/2065/3476 1991/2066/3476 1992/2067/3476
f 1985/2060/3477 1992/2067/3477 1993/2068/3477 1986/2061/3477
f 1994/2069/3478 1995/2070/3478 1993/2068/3478 1992/2067/3478
f 1994/2069/3479 1992/2067/3479 1991/2066/3479 1996/2071/3479
f 1994/2069/3480 1996/2071/3480 1997/2072/3480 1998/2073/3480
f 1994/2069/3481 1998/2073/3481 1999/2074/3481 1995/2070/3481
f 2000/2075/3482 2001/2076/3482 1999/2074/3482 1998/2073/3482
f 2000/2075/3483 1998/2073/3483 1997/2072/3483 2002/2077/3483
f 2000/2075/3484 2002/2077/3484 2003/2078/3484 2004/2079/3484
f 2000/2075/3485 2004/2079/3485 2005/2080/3485 2001/2076/3485
f 2006/2081/3486 2007/2082/3486 2005/2080/3486 2004/2079/3486
f 2006/2081/3487 2004/2079/3487 2003/2078/3487 2008/2083/3487
f 2006/2081/3488 2008/2083/3488 2009/2084/3488 2010/2085/3488
f 2006/2081/3489 2010/2085/3489 2011/2086/3489 2007/2082/3489
f 2012/2087/3490 2013/2088/3490 2011/2086/3490 2010/2085/3490
f 2012/2087/3491 2010/2085/3491 2009/2084/3491 2014/2089/3491
f 2012/2087/3492 2014/2089/3492 2015/2090/3492 2016/2091/3492
f 2012/2087/3493 2016/2091/3493 2017/2092/3493 2013/2088/3493
f 2018/2093/3494 2019/2094/3494 2017/2092/3494 2016/2091/3494
f 2018/2093/3495 2016/2091/3495 2015/2090/3495 2020/2095/3495
f 2018/2093/3496 2020/2095/3496 2021/2096/3496 2022/2097/3496
f 2018/2093/3497 2022/2097/3497 2023/2098/3497 2019/2094/3497
f 2024/2099/3498 2025/2100/3498 2023/2098/3498 2022/2097/3498
f 2024/2099/3499 2022/2097/3499 2021/2096/3499 2026/2101/3499
f 2024/2099/3500 2026/2101/3500 2027/2102/3500 2028/2103/3500
f 2024/2099/3501 2028/2103/3501 2029/2104/3501 2025/2100/3501
f 2030/2105/3502 2031/2106/3502 2029/2104/3502 2028/2103/3502
f 2030/2105/3503 2028/2103/3503 2027/2102/3503 2032/2107/3503
f 2030/2105/3504 2032/2107/3504 1989/2108/3504 1988/2109/3504
f 2030/2105/3505 1988/2109/3505 1987/2110/3505 2031/2106/3505
f 2033/2111/3506 1990/2065/3506 1989/2064/3506 2034/2112/3506
f 2033/2111/3507 2034/2112/3507 2035/2113/3507 2036/2114/3507
f 2033/2111/3508 2036/2114/3508 2037/2115/3508 2038/2116/3508
f 2033/2111/3509 2038/2116/3509 1991/2066/3509 1990/2065/3509
f 2039/2117/3510 1996/2071/3510 1991/2066/3510 2038/2116/3510
f 2039/2117/3511 2038/2116/3511 2037/2115/3511 2040/2118/3511
f 2039/2117/3512 2040/2118/3512 2041/2119/3512 2042/2120/3512
f 2039/2117/3513 2042/2120/3513 1997/2072/3513 1996/2071/3513
f 2043/2121/3514 2002/2077/3514 1997/2072/3514 2042/2120/3514
f 2043/2121/3515 2042/2120/3515 2041/2119/3515 2044/2122/3515
f 2043/2121/3516 2044/2122/3516 2045/2123/3516 2046/2124/3516
f 2043/2121/3517 2046/2124/3517 2003/2078/3517 2002/2077/3517
f 2047/2125/3518 2008/2083/3518 2003/2078/3518 2046/2124/3518
f 2047/2125/3519 2046/2124/3519 2045/2123/3519 2048/2126/3519
f 2047/2125/3520 2048/2126/3520 2049/2127/3520 2050/2128/3520
f 2047/2125/3521 2050/2128/3521 2009/2084/3521 2008/2083/3521
f 2051/2129/3522 2014/2089/3522 2009/2084/3522 2050/2128/3522
f 2051/2129/3523 2050/2128/3523 2049/2127/3523 2052/2130/3523
f 2051/2129/3524 2052/2130/3524 2053/2131/3524 2054/2132/3524
f 2051/2129/3525 2054/2132/3525 2015/2090/3525 2014/2089/3525
f 2055/2133/3526 2020/2095/3526 2015/2090/3526 2054/2132/3526
f 2055/2133/3527 2054/2132/3527 2053/2131/3527 2056/2134/3527
f 2055/2133/3528 2056/2134/3528 2057/2135/3528 2058/2136/3528
f 2055/2133/3529 2058/2136/3529 2021/2096/3529 2020/2095/3529
f 2059/2137/3530 2026/2101/3530 2021/2096/3530 2058/2136/3530
f 2059/2137/3531 2058/2136/3531 2057/2135/3531 2060/2138/3531
f 2059/2137/3532 2060/2138/3532 2061/2139/3532 2062/2140/3532
f 2059/2137/3533 2062/2140/3533 2027/2102/3533 2026/2101/3533
f 2063/2141/3534 2032/2107/3534 2027/2102/3534 2062/2140/3534
f 2063/2141/3535 2062/2140/3535 2061/2139/3535 2064/2142/3535
f 2063/2141/3536 2064/2142/3536 2035/2143/3536 2034/2144/3536
f 2063/2141/3537 2034/2144/3537 1989/2108/3537 2032/2107/3537
f 2065/2145/3538 2036/2114/3538 2035/2113/3538 2066/2146/3538
f 2065/2145/3539 2066/2146/3539 2067/2147/3539 2068/2148/3539
f 2065/2145/3540 2068/2148/3540 2069/2149/3540 2070/2150/3540
f 2065/2145/3541 2070/2150/3541 2037/2115/3541 2036/2114/3541
f 2071/2151/3542 2040/2118/3542 2037/2115/3542 2070/2150/3542
f 2071/2151/3543 2070/2150/3543 2069/2149/3543 2072/2152/3543
f 2071/2151/3544 2072/2152/3544 2073/2153/3544 2074/2154/3544
f 2071/2151/3545 2074/2154/3545 2041/2119/3545 2040/2118/3545
f 2075/2155/3546 2044/2122/3546 2041/2119/3546 2074/2154/3546
f 2075/2155/3547 2074/2154/3547 2073/2153/3547 2076/2156/3547
f 2075/2155/3548 2076/2156/3548 2077/2157/3548 2078/2158/3548
f 2075/2155/3549 2078/2158/3549 2045/2123/3549 2044/2122/3549
f 2079/2159/3550 2048/2126/3550 2045/2123/3550 2078/2158/3550
f 2079/2159/3551 2078/2158/3551 2077/2157/3551 2080/2160/3551
f 2079/2159/3552 2080/2160/3552 2081/2161/3552 2082/2162/3552
f 2079/2159/3553 2082/2162/3553 2049/2127/3553 2048/2126/3553
f 2083/2163/3554 2052/2130/3554 2049/2127/3554 2082/2162/3554
f 2083/2163/3555 2082/2162/3555 2081/2161/3555 2084/2164/3555
f 2083/2163/3556 2084/2164/3556 2085/2165/3556 2086/2166/3556
f 2083/2163/3557 2086/2166/3557 2053/2131/3557 2052/2130/3557
f 2087/2167/3558 2056/2134/3558 2053/2131/3558 2086/2166/3558
f 2087/2167/3559 2086/2166/3559 2085/2165/3559 2088/2168/3559
f 2087/2167/3560 2088/2168/3560 2089/2169/3560 2090/2170/3560
f 2087/2167/3561 2090/2170/3561 2057/2135/3561 2056/2134/3561
f 2091/2171/3562 2060/2138/3562 2057/2135/3562 2090/2170/3562
f 2091/2171/3563 2090/2170/3563 2089/2169/3563 2092/2172/3563
f 2091/2171/3564 2092/2172/3564 2093/2173/3564 2094/2174/3564
f 2091/2171/3565 2094/2174/3565 2061/2139/3565 2060/2138/3565
f 2095/2175/3566 2064/2142/3566 2061/2139/3566 2094/2174/3566
f 2095/2175/3567 2094/2174/3567 2093/2173/3567 2096/2176/3567
f 2095/2175/3568 2096/2176/3568 2067/2177/3568 2066/2178/3568
f 2095/2175/3569 2066/2178/3569 2035/2143/3569 2064/2142/3569
f 2097/2179/3570 2068/2148/3570 2067/2147/3570 2098/2180/3570
f 2097/2179/3571 2098/2180/3571 2099/2181/3571 2100/2182/3571
f 2097/2179/3572 2100/2182/3572 2101/2183/3572 2102/2184/3572
f 2097/2179/3573 2102/2184/3573 2069/2149/3573 2068/2148/3573
f 2103/2185/3574 2072/2152/3574 2069/2149/3574 2102/2184/3574
f 2103/2185/3575 2102/2184/3575 2101/2183/3575 2104/2186/3575
f 2103/2185/3576 2104/2186/3576 2105/2187/3576 2106/2188/3576
f 2103/2185/3577 2106/2188/3577 2073/2153/3577 2072/2152/3577
f 2107/2189/3578 2076/2156/3578 2073/2153/3578 2106/2188/3578
f 2107/2189/3579 2106/2188/3579 2105/2187/3579 2108/2190/3579
f 2107/2189/3580 2108/2190/3580 2109/2191/3580 2110/2192/3580
f 2107/2189/3581 2110/2192/3581 2077/2157/3581 2076/2156/3581
f 2111/2193/3582 2080/2160/3582 2077/2157/3582 2110/2192/3582
f 2111/2193/3583 2110/2192/3583 2109/2191/3583 2112/2194/3583
f 2111/2193/3584 2112/2194/3584 2113/2195/3584 2114/2196/3584
f 2111/2193/3585 2114/2196/3585 2081/2161/3585 2080/2160/3585
f 2115/2197/3586 2084/2164/3586 2081/2161/3586 2114/2196/3586
f 2115/2197/3587 2114/2196/3587 2113/2195/3587 2116/2198/3587
f 2115/2197/3588 2116/2198/3588 2117/2199/3588 2118/2200/3588
f 2115/2197/3589 2118/2200/3589 2085/2165/3589 2084/2164/3589
f 2119/2201/3590 2088/2168/3590 2085/2165/3590 2118/2200/3590
f 2119/2201/3591 2118/2200/3591 2117/2199/3591 2120/2202/3591
f 2119/2201/3592 2120/2202/3592 2121/2203/3592 2122/2204/3592
f 2119/2201/3593 2122/2204/3593 2089/2169/3593 2088/2168/3593
f 2123/2205/3594 2092/2172/3594 2089/2169/3594 2122/2204/3594
f 2123/2205/3595 2122/2204/3595 2121/2203/3595 2124/2206/3595
f 2123/2205/3596 2124/2206/3596 2125/2207/3596 2126/2208/3596
f 2123/2205/3597 2126/2208/3597 2093/2173/3597 2092/2172/3597
f 2127/2209/3598 2096/2176/3598 2093/2173/3598 2126/2208/3598
f 2127/2209/3599 2126/2208/3599 2125/2207/3599 2128/2210/3599
f 2127/2209/3600 2128/2210/3600 2099/2211/3600 2098/2212/3600
f 2127/2209/3601 2098/2212/3601 2067/2177/3601 2096/2176/3601
f 2129/2213/3602 2100/2182/3602 2099/2181/3602 2130/2214/3602
f 2129/2213/3603 2130/2214/3603 2131/2215/3603 2132/2216/3603
f 2129/2213/3604 2132/2216/3604 2133/2217/3604 2134/2218/3604
f 2129/2213/3605 2134/2218/3605 2101/2183/3605 2100/2182/3605
f 2135/2219/3606 2104/2186/3606 2101/2183/3606 2134/2218/3606
f 2135/2219/3607 2134/2218/3607 2133/2217/3607 2136/2220/3607
f 2135/2219/3608 2136/2220/3608 2137/2221/3608 2138/2222/3608
f 2135/2219/3609 2138/2222/3609 2105/2187/3609 2104/2186/3609
f 2139/2223/3610 2108/2190/3610 2105/2187/3610 2138/2222/3610
f 2139/2223/3611 2138/2222/3611 2137/2221/3611 2140/2224/3611
f 2139/2223/3612 2140/2224/3612 2141/2225/3612 2142/2226/3612
f 2139/2223/3613 2142/2226/3613 2109/2191/3613 2108/2190/3613
f 2143/2227/3614 2112/2194/3614 2109/2191/3614 2142/2226/3614
f 2143/2227/3615 2142/2226/3615 2141/2225/3615 2144/2228/3615
f 2143/2227/3616 2144/2228/3616 2145/2229/3616 2146/2230/3616
f 2143/2227/3617 2146/2230/3617 2113/2195/3617 2112/2194/3617
f 2147/2231/3618 2116/2198/3618 2113/2195/3618 2146/2230/3618
f 2147/2231/3619 2146/2230/3619 2145/2229/3619 2148/2232/3619
f 2147/2231/3620 2148/2232/3620 2149/2233/3620 2150/2234/3620
f 2147/2231/3621 2150/2234/3621 2117/2199/3621 2116/2198/3621
f 2151/2235/3622 2120/2202/3622 2117/2199/3622 2150/2234/3622
f 2151/2235/3623 2150/2234/3623 2149/2233/3623 2152/2236/3623
f 2151/2235/3624 2152/2236/3624 2153/2237/3624 2154/2238/3624
f 2151/2235/3625 2154/2238/3625 2121/2203/3625 2120/2202/3625
f 2155/2239/3626 2124/2206/3626 2121/2203/3626 2154/2238/3626
f 2155/2239/3627 2154/2238/3627 2153/2237/3627 2156/2240/3627
f 2155/2239/3628 2156/2240/3628 2157/2241/3628 2158/2242/3628
f 2155/2239/3629 2158/2242/3629 2125/2207/3629 2124/2206/3629
f 2159/2243/3630 2128/2210/3630 2125/2207/3630 2158/2242/3630
f 2159/2243/3631 2158/2242/3631 2157/2241/3631 2160/2244/3631
f 2159/2243/3632 2160/2244/3632 2131/2245/3632 2130/2246/3632
f 2159/2243/3633 2130/2246/3633 2099/2211/3633 2128/2210/3633
f 2161/2247/3634 2132/2216/3634 2131/2215/3634 2162/2248/3634
f 2161/2247/3635 2162/2248/3635 2163/2249/3635 2164/2250/3635
f 2161/2247/3636 2164/2250/3636 2165/2251/3636 2166/2252/3636
f 2161/2247/3637 2166/2252/3637 2133/2217/3637 2132/2216/3637
f 2167/2253/3638 2136/2220/3638 2133/2217/3638 2166/2252/3638
f 2167/2253/3639 2166/2252/3639 2165/2251/3639 2168/2254/3639
f 2167/2253/3640 2168/2254/3640 2169/2255/3640 2170/2256/3640
f 2167/2253/3641 2170/2256/3641 2137/2221/3641 2136/2220/3641
f 2171/2257/3642 2140/2224/3642 2137/2221/3642 2170/2256/3642
f 2171/2257/3643 2170/2256/3643 2169/2255/3643 2172/2258/3643
f 2171/2257/3644 2172/2258/3644 2173/2259/3644 2174/2260/3644
f 2171/2257/3645 2174/2260/3645 2141/2225/3645 2140/2224/3645
f 2175/2261/3646 2144/2228/3646 2141/2225/3646 2174/2260/3646
f 2175/2261/3647 2174/2260/3647 2173/2259/3647 2176/2262/3647
f 2175/2261/3648 2176/2262/3648 2177/2263/3648 2178/2264/3648
f 2175/2261/3649 2178/2264/3649 2145/2229/3649 2144/2228/3649
f 2179/2265/3650 2148/2232/3650 2145/2229/3650 2178/2264/3650
f 2179/2265/3651 2178/2264/3651 2177/2263/3651 2180/2266/3651
f 2179/2265/3652 2180/2266/3652 2181/2267/3652 2182/2268/3652
f 2179/2265/3653 2182/2268/3653 2149/2233/3653 2148/2232/3653
f 2183/2269/3654 2152/2236/3654 2149/2233/3654 2182/2268/3654
f 2183/2269/3655 2182/2268/3655 2181/2267/3655 2184/2270/3655
f 2183/2269/3656 2184/2270/3656 2185/2271/3656 2186/2272/3656
f 2183/2269/3657 2186/2272/3657 2153/2237/3657 2152/2236/3657
f 2187/2273/3658 2156/2240/3658 2153/2237/3658 2186/2272/3658
f 2187/2273/3659 2186/2272/3659 2185/2271/3659 2188/2274/3659
f 2187/2273/3660 2188/2274/3660 2189/2275/3660 2190/2276/3660
f 2187/2273/3661 2190/2276/3661 2157/2241/3661 2156/2240/3661
f 2191/2277/3662 2160/2244/3662 2157/2241/3662 2190/2276/3662
f 2191/2277/3663 2190/2276/3663 2189/2275/3663 2192/2278/3663
f 2191/2277/3664 2192/2278/3664 2163/2279/3664 2162/2280/3664
f 2191/2277/3665 2162/2280/3665 2131/2245/3665 2160/2244/3665
f 2193/2281/3666 2164/2250/3666 2163/2249/3666 2194/2282/3666
f 2193/2281/3667 2194/2282/3667 2195/2283/3667 2196/2284/3667
f 2193/2281/3668 2196/2284/3668 2197/2285/3668 2198/2286/3668
f 2193/2281/3669 2198/2286/3669 2165/2251/3669 2164/2250/3669
f 2199/2287/3670 2168/2254/3670 2165/2251/3670 2198/2286/3670
f 2199/2287/3671 2198/2286/3671 2197/2285/3671 2200/2288/3671
f 2199/2287/3672 2200/2288/3672 2201/2289/3672 2202/2290/3672
f 2199/2287/3673 2202/2290/3673 2169/2255/3673 2168/2254/3673
f 2203/2291/3674 2172/2258/3674 2169/2255/3674 2202/2290/3674
f 2203/2291/3675 2202/2290/3675 2201/2289/3675 2204/2292/3675
f 2203/2291/3676 2204/2292/3676 2205/2293/3676 2206/2294/3676
f 2203/2291/3677 2206/2294/3677 2173/2259/3677 2172/2258/3677
f 2207/2295/3678 2176/2262/3678 2173/2259/3678 2206/2294/3678
f 2207/2295/3679 2206/2294/3679 2205/2293/3679 2208/2296/3679
f 2207/2295/3680 2208/2296/3680 2209/2297/3680 2210/2298/3680
f 2207/2295/3681 2210/2298/3681 2177/2263/3681 2176/2262/3681
f 2211/2299/3682 2180/2266/3682 2177/2263/3682 2210/2298/3682
f 2211/2299/3683 2210/2298/3683 2209/2297/3683 2212/2300/3683
f 2211/2299/3684 2212/2300/3684 2213/2301/3684 2214/2302/3684
f 2211/2299/3685 2214/2302/3685 2181/2267/3685 2180/2266/3685
f 2215/2303/3686 2184/2270/3686 2181/2267/3686 2214/2302/3686
f 2215/2303/3687 2214/2302/3687 2213/2301/3687 2216/2304/3687
f 2215/2303/3688 2216/2304/3688 2217/2305/3688 2218/2306/3688
f 2215/2303/3689 2218/2306/3689 2185/2271/3689 2184/2270/3689
f 2219/2307/3690 2188/2274/3690 2185/2271/3690 2218/2306/3690
f 2219/2307/3691 2218/2306/3691 2217/2305/3691 2220/2308/3691
f 2219/2307/3692 2220/2308/3692 2221/2309/3692 2222/2310/3692
f 2219/2307/3693 2222/2310/3693 2189/2275/3693 2188/2274/3693
f 2223/2311/3694 2192/2278/3694 2189/2275/3694 2222/2310/3694
f 2223/2311/3695 2222/2310/3695 2221/2309/3695 2224/2312/3695
f 2223/2311/3696 2224/2312/3696 2195/2313/3696 2194/2314/3696
f 2223/2311/3697 2194/2314/3697 2163/2279/3697 2192/2278/3697
f 2225/2315/3698 2196/2284/3698 2195/2283/3698 2226/2316/3698
f 2225/2315/3699 2226/2316/3699 2227/2317/3699 2228/2318/3699
f 2225/2315/3700 2228/2318/3700 2229/2319/3700 2230/2320/3700
f 2225/2315/3701 2230/2320/3701 2197/2285/3701 2196/2284/3701
f 2231/2321/3702 2200/2288/3702 2197/2285/3702 2230/2320/3702
f 2231/2321/3703 2230/2320/3703 2229/2319/3703 2232/2322/3703
f 2231/2321/3704 2232/2322/3704 2233/2323/3704 2234/2324/3704
f 2231/2321/3705 2234/2324/3705 2201/2289/3705 2200/2288/3705
f 2235/2325/3706 2204/2292/3706 2201/2289/3706 2234/2324/3706
f 2235/2325/3707 2234/2324/3707 2233/2323/3707 2236/2326/3707
f 2235/2325/3708 2236/2326/3708 2237/2327/3708 2238/2328/3708
f 2235/2325/3709 2238/2328/3709 2205/2293/3709 2204/2292/3709
f 2239/2329/3710 2208/2296/3710 2205/2293/3710 2238/2328/3710
f 2239/2329/3711 2238/2328/3711 2237/2327/3711 2240/2330/3711
f 2239/2329/3712 2240/2330/3712 2241/2331/3712 2242/2332/3712
f 2239/2329/3713 2242/2332/3713 2209/2297/3713 2208/2296/3713
f 2243/2333/3714 2212/2300/3714 2209/2297/3714 2242/2332/3714
f 2243/2333/3715 2242/2332/3715 2241/2331/3715 2244/2334/3715
f 2243/2333/3716 2244/2334/3716 2245/2335/3716 2246/2336/3716
f 2243/2333/3717 2246/2336/3717 2213/2301/3717 2212/2300/3717
f 2247/2337/3718 2216/2304/3718 2213/2301/3718 2246/2336/3718
f 2247/2337/3719 2246/2336/3719 2245/2335/3719 2248/2338/3719
f 2247/2337/3720 2248/2338/3720 2249/2339/3720 2250/2340/3720
f 2247/2337/3721 2250/2340/3721 2217/2305/3721 2216/2304/3721
f 2251/2341/3722 2220/2308/3722 2217/2305/3722 2250/2340/3722
f 2251/2341/3723 2250/2340/3723 2249/2339/3723 2252/2342/3723
f 2251/2341/3724 2252/2342/3724 2253/2343/3724 2254/2344/3724
f 2251/2341/3725 2254/2344/3725 2221/2309/3725 2220/2308/3725
f 2255/2345/3726 2224/2312/3726 2221/2309/3726 2254/2344/3726
f 2255/2345/3727 2254/2344/3727 2253/2343/3727 2256/2346/3727
f 2255/2345/3728 2256/2346/3728 2227/2347/3728 2226/2348/3728
f 2255/2345/3729 2226/2348/3729 2195/2313/3729 2224/2312/3729
f 2257/2349/3730 2228/2318/3730 2227/2317/3730 2258/2350/3730
f 2257/2349/3731 2258/2350/3731 2259/2351/3731 2260/2352/3731
f 2257/2349/3732 2260/2352/3732 2261/2353/3732 2262/2354/3732
f 2257/2349/3733 2262/2354/3733 2229/2319/3733 2228/2318/3733
f 2263/2355/3734 2232/2322/3734 2229/2319/3734 2262/2354/3734
f 2263/2355/3735 2262/2354/3735 2261/2353/3735 2264/2356/3735
f 2263/2355/3736 2264/2356/3736 2265/2357/3736 2266/2358/3736
f 2263/2355/3737 2266/2358/3737 2233/2323/3737 2232/2322/3737
f 2267/2359/3738 2236/2326/3738 2233/2323/3738 2266/2358/3738
f 2267/2359/3739 2266/2358/3739 2265/2357/3739 2268/2360/3739
f 2267/2359/3740 2268/2360/3740 2269/2361/3740 2270/2362/3740
f 2267/2359/3741 2270/2362/3741 2237/2327/3741 2236/2326/3741
f 2271/2363/3742 2240/2330/3742 2237/2327/3742 2270/2362/3742
f 2271/2363/3743 2270/2362/3743 2269/2361/3743 2272/2364/3743
f 2271/2363/3744 2272/2364/3744 2273/2365/3744 2274/2366/3744
f 2271/2363/3745 2274/2366/3745 2241/2331/3745 2240/2330/3745
f 2275/2367/3746 2244/2334/3746 2241/2331/3746 2274/2366/3746
f 2275/2367/3747 2274/2366/3747 2273/2365/3747 2276/2368/3747
f 2275/2367/3748 2276/2368/3748 2277/2369/3748 2278/2370/3748
f 2275/2367/3749 2278/2370/3749 2245/2335/3749 2244/2334/3749
f 2279/2371/3750 2248/2338/3750 2245/2335/3750 2278/2370/3750
f 2279/2371/3751 2278/2370/3751 2277/2369/3751 2280/2372/3751
f 2279/2371/3752 2280/2372/3752 2281/2373/3752 2282/2374/3752
f 2279/2371/3753 2282/2374/3753 2249/2339/3753 2248/2338/3753
f 2283/2375/3754 2252/2342/3754 2249/2339/3754 2282/2374/3754
f 2283/2375/3755 2282/2374/3755 2281/2373/3755 2284/2376/3755
f 2283/2375/3756 2284/2376/3756 2285/2377/3756 2286/2378/3756
f 2283/2375/3757 2286/2378/3757 2253/2343/3757 2252/2342/3757
f 2287/2379/3758 2256/2346/3758 2253/2343/3758 2286/2378/3758
f 2287/2379/3759 2286/2378/3759 2285/2377/3759 2288/2380/3759
f 2287/2379/3760 2288/2380/3760 2259/2381/3760 2258/2382/3760
f 2287/2379/3761 2258/2382/3761 2227/2347/3761 2256/2346/3761
f 2289/2383/3762 2260/2352/3762 2259/2351/3762 2290/2384/3762
f 2289/2383/3763 2290/2384/3763 2291/2385/3763 2292/2386/3763
f 2289/2383/3764 2292/2386/3764 2293/2387/3764 2294/2388/3764
f 2289/2383/3765 2294/2388/3765 2261/2353/3765 2260/2352/3765
f 2295/2389/3766 2264/2356/3766 2261/2353/3766 2294/2388/3766
f 2295/2389/3767 2294/2388/3767 2293/2387/3767 2296/2390/3767
f 2295/2389/3768 2296/2390/3768 2297/2391/3768 2298/2392/3768
f 2295/2389/3769 2298/2392/3769 2265/2357/3769 2264/2356/3769
f 2299/2393/3770 2268/2360/3770 2265/2357/3770 2298/2392/3770
f 2299/2393/3771 2298/2392/3771 2297/2391/3771 2300/2394/3771
f 2299/2393/3772 2300/2394/3772 2301/2395/3772 2302/2396/3772
f 2299/2393/3773 2302/2396/3773 2269/2361/3773 2268/2360/3773
f 2303/2397/3774 2272/2364/3774 2269/2361/3774 2302/2396/3774
f 2303/2397/3775 2302/2396/3775 2301/2395/3775 2304/2398/3775
f 2303/2397/3776 2304/2398/3776 2305/2399/3776 2306/2400/3776
f 2303/2397/3777 2306/2400/3777 2273/2365/3777 2272/2364/3777
f 2307/2401/3778 2276/2368/3778 2273/2365/3778 2306/2400/3778
f 2307/2401/3779 2306/2400/3779 2305/2399/3779 2308/2402/3779
f 2307/2401/3780 2308/2402/3780 2309/2403/3780 2310/2404/3780
f 2307/2401/3781 2310/2404/3781 2277/2369/3781 2276/2368/3781
f 2311/2405/3782 2280/2372/3782 2277/2369/3782 2310/2404/3782
f 2311/2405/3783 2310/2404/3783 2309/2403/3783 2312/2406/3783
f 2311/2405/3784 2312/2406/3784 2313/2407/3784 2314/2408/3784
f 2311/2405/3785 2314/2408/3785 2281/2373/3785 2280/2372/3785
f 2315/2409/3786 2284/2376/3786 2281/2373/3786 2314/2408/3786
f 2315/2409/3787 2314/2408/3787 2313/2407/3787 2316/2410/3787
f 2315/2409/3788 2316/2410/3788 2317/2411/3788 2318/2412/3788
f 2315/2409/3789 2318/2412/3789 2285/2377/3789 2284/2376/3789
f 2319/2413/3790 2288/2380/3790 2285/2377/3790 2318/2412/3790
f 2319/2413/3791 2318/2412/3791 2317/2411/3791 2320/2414/3791
f 2319/2413/3792 2320/2414/3792 2291/2415/3792 2290/2416/3792
f 2319/2413/3793 2290/2416/3793 2259/2381/3793 2288/2380/3793
f 2321/2417/3794 2292/2386/3794 2291/2385/3794 2322/2418/3794
f 2321/2417/3795 2322/2418/3795 2323/2419/3795 2324/2420/3795
f 2321/2417/3796 2324/2420/3796 2325/2421/3796 2326/2422/3796
f 2321/2417/3797 2326/2422/3797 2293/2387/3797 2292/2386/3797
f 2327/2423/3798 2296/2390/3798 2293/2387/3798 2326/2422/3798
f 2327/2423/3799 2326/2422/3799 2325/2421/3799 2328/2424/3799
f 2327/2423/3800 2328/2424/3800 2329/2425/3800 2330/2426/3800
f 2327/2423/3801 2330/2426/3801 2297/2391/3801 2296/2390/3801
f 2331/2427/3802 2300/2394/3802 2297/2391/3802 2330/2426/3802
f 2331/2427/3803 2330/2426/3803 2329/2425/3803 2332/2428/3803
f 2331/2427/3804 2332/2428/3804 2333/2429/3804 2334/2430/3804
f 2331/2427/3805 2334/2430/3805 2301/2395/3805 2300/2394/3805
f 2335/2431/3806 2304/2398/3806 2301/2395/3806 2334/2430/3806
f 2335/2431/3807 2334/2430/3807 2333/2429/3807 2336/2432/3807
f 2335/2431/3808 2336/2432/3808 2337/2433/3808 2338/2434/3808
f 2335/2431/3809 2338/2434/3809 2305/2399/3809 2304/2398/3809
f 2339/2435/3810 2308/2402/3810 2305/2399/3810 2338/2434/3810
f 2339/2435/3811 2338/2434/3811 2337/2433/3811 2340/2436/3811
f 2339/2435/3812 2340/2436/3812 2341/2437/3812 2342/2438/3812
f 2339/2435/3813 2342/2438/3813 2309/2403/3813 2308/2402/3813
f 2343/2439/3814 2312/2406/3814 2309/2403/3814 2342/2438/3814
f 2343/2439/3815 2342/2438/3815 2341/2437/3815 2344/2440/3815
f 2343/2439/3816 2344/2440/3816 2345/2441/3816 2346/2442/3816
f 2343/2439/3817 2346/2442/3817 2313/2407/3817 2312/2406/3817
f 2347/2443/3818 2316/2410/3818 2313/2407/3818 2346/2442/3818
f 2347/2443/3819 2346/2442/3819 2345/2441/3819 2348/2444/3819
f 2347/2443/3820 2348/2444/3820 2349/2445/3820 2350/2446/3820
f 2347/2443/3821 2350/2446/3821 2317/2411/3821 2316/2410/3821
f 2351/2447/3822 2320/2414/3822 2317/2411/3822 2350/2446/3822
f 2351/2447/3823 2350/2446/3823 2349/2445/3823 2352/2448/3823
f 2351/2447/3824 2352/2448/3824 2323/2449/3824 2322/2450/3824
f 2351/2447/3825 2322/2450/3825 2291/2415/3825 2320/2414/3825
f 2353/2451/3826 2324/2420/3826 2323/2419/3826 2354/2452/3826
f 2353/2451/3827 2354/2452/3827 1987/2062/3827 1986/2061/3827
f 2353/2451/3828 1986/2061/3828 1993/2068/3828 2355/2453/3828
f 2353/2451/3829 2355/2453/3829 2325/2421/3829 2324/2420/3829
f 2356/2454/3830 2328/2424/3830 2325/2421/3830 2355/2453/3830
f 2356/2454/3831 2355/2453/3831 1993/2068/3831 1995/2070/3831
f 2356/2454/3832 1995/2070/3832 1999/2074/3832 2357/2455/3832
f 2356/2454/3833 2357/2455/3833 2329/2425/3833 2328/2424/3833
f 2358/2456/3834 2332/2428/3834 2329/2425/3834 2357/2455/3834
f 2358/2456/3835 2357/2455/3835 1999/2074/3835 2001/2076/3835
f 2358/2456/3836 2001/2076/3836 2005/2080/3836 2359/2457/3836
f 2358/2456/3837 2359/2457/3837 2333/2429/3837 2332/2428/3837
f 2360/2458/3838 2336/2432/3838 2333/2429/3838 2359/2457/3838
f 2360/2458/3839 2359/2457/3839 2005/2080/3839 2007/2082/3839
f 2360/2458/3840 2007/2082/3840 2011/2086/3840 2361/2459/3840
f 2360/2458/3841 2361/2459/3841 2337/2433/3841 2336/2432/3841
f 2362/2460/3842 2340/2436/3842 2337/2433/3842 2361/2459/3842
f 2362/2460/3843 2361/2459/3843 2011/2086/3843 2013/2088/3843
f 2362/2460/3844 2013/2088/3844 2017/2092/3844 2363/2461/3844
f 2362/2460/3845 2363/2461/3845 2341/2437/3845 2340/2436/3845
f 2364/2462/3846 2344/2440/3846 2341/2437/3846 2363/2461/3846
f 2364/2462/3847 2363/2461/3847 2017/2092/3847 2019/2094/3847
f 2364/2462/3848 2019/2094/3848 2023/2098/3848 2365/2463/3848
f 2364/2462/3849 2365/2463/3849 2345/2441/3849 2344/2440/3849
f 2366/2464/3850 2348/2444/3850 2345/2441/3850 2365/2463/3850
f 2366/2464/3851 2365/2463/3851 2023/2098/3851 2025/2100/3851
f 2366/2464/3852 2025/2100/3852 2029/2104/3852 2367/2465/3852
f 2366/2464/3853 2367/2465/3853 2349/2445/3853 2348/2444/3853
f 2368/2466/3854 2352/2448/3854 2349/2445/3854 2367/2465/3854
f 2368/2466/3855 2367/2465/3855 2029/2104/3855 2031/2106/3855
f 2368/2466/3856 2031/2106/3856 1987/2110/3856 2354/2467/3856
f 2368/2466/3857 2354/2467/3857 2323/2449/3857 2352/2448/3857
f 2369/2468/3488 2370/2469/3488 2371/2470/3488 2372/2471/3488
f 2369/2468/3489 2372/2471/3489 2373/2472/3489 2374/2473/3489
f 2369/2468/3486 2374/2473/3486 2375/2474/3486 2376/2475/3486
f 2369/2468/3487 2376/2475/3487 2377/2476/3487 2370/2469/3487
f 2378/2477/3484 2379/2478/3484 2377/2476/3484 2376/2475/3484
f 2378/2477/3485 2376/2475/3485 2375/2474/3485 2380/2479/3485
f 2378/2477/3482 2380/2479/3482 2381/2480/3482 2382/2481/3482
f 2378/2477/3483 2382/2481/3483 2383/2482/3483 2379/2478/3483
f 2384/2483/3480 2385/2484/3480 2383/2482/3480 2382/2481/3480
f 2384/2483/3481 2382/2481/3481 2381/2480/3481 2386/2485/3481
f 2384/2483/3478 2386/2485/3478 2387/2486/3478 2388/2487/3478
f 2384/2483/3479 2388/2487/3479 2389/2488/3479 2385/2484/3479
f 2390/2489/3476 2391/2490/3476 2389/2488/3476 2388/2487/3476
f 2390/2489/3477 2388/2487/3477 2387/2486/3477 2392/2491/3477
f 2390/2489/3474 2392/2491/3474 2393/2492/3474 2394/2493/3474
f 2390/2489/3475 2394/2493/3475 2395/2494/3475 2391/2490/3475
f 2396/2495/3504 2397/2496/3504 2395/2497/3504 2394/2498/3504
f 2396/2495/3505 2394/2498/3505 2393/2499/3505 2398/2500/3505
f 2396/2495/3502 2398/2500/3502 2399/2501/3502 2400/2502/3502
f 2396/2495/3503 2400/2502/3503 2401/2503/3503 2397/2496/3503
f 2402/2504/3500 2403/2505/3500 2401/2503/3500 2400/2502/3500
f 2402/2504/3501 2400/2502/3501 2399/2501/3501 2404/2506/3501
f 2402/2504/3858 2404/2506/3858 2405/2507/3858 2406/2508/3858
f 2402/2504/3499 2406/2508/3499 2407/2509/3499 2403/2505/3499
f 2408/2510/3496 2409/2511/3496 2407/2509/3496 2406/2508/3496
f 2408/2510/3497 2406/2508/3497 2405/2507/3497 2410/2512/3497
f 2408/2510/3494 2410/2512/3494 2411/2513/3494 2412/2514/3494
f 2408/2510/3495 2412/2514/3495 2413/2515/3495 2409/2511/3495
f 2414/2516/3492 2415/2517/3492 2413/2515/3492 2412/2514/3492
f 2414/2516/3493 2412/2514/3493 2411/2513/3493 2416/2518/3493
f 2414/2516/3490 2416/2518/3490 2373/2472/3490 2372/2471/3490
f 2414/2516/3491 2372/2471/3491 2371/2470/3491 2415/2517/3491
f 2417/2519/3840 2374/2473/3840 2373/2472/3840 2418/2520/3840
f 2417/2519/3841 2418/2520/3841 2419/2521/3841 2420/2522/3841
f 2417/2519/3838 2420/2522/3838 2421/2523/3838 2422/2524/3838
f 2417/2519/3839 2422/2524/3839 2375/2474/3839 2374/2473/3839
f 2423/2525/3836 2380/2479/3836 2375/2474/3836 2422/2524/3836
f 2423/2525/3837 2422/2524/3837 2421/2523/3837 2424/2526/3837
f 2423/2525/3859 2424/2526/3859 2425/2527/3859 2426/2528/3859
f 2423/2525/3835 2426/2528/3835 2381/2480/3835 2380/2479/3835
f 2427/2529/3832 2386/2485/3832 2381/2480/3832 2426/2528/3832
f 2427/2529/3833 2426/2528/3833 2425/2527/3833 2428/2530/3833
f 2427/2529/3830 2428/2530/3830 2429/2531/3830 2430/2532/3830
f 2427/2529/3831 2430/2532/3831 2387/2486/3831 2386/2485/3831
f 2431/2533/3860 2392/2491/3860 2387/2486/3860 2430/2532/3860
f 2431/2533/3861 2430/2532/3861 2429/2531/3861 2432/2534/3861
f 2431/2533/3826 2432/2534/3826 2433/2535/3826 2434/2536/3826
f 2431/2533/3827 2434/2536/3827 2393/2492/3827 2392/2491/3827
f 2435/2537/3856 2398/2500/3856 2393/2499/3856 2434/2538/3856
f 2435/2537/3857 2434/2538/3857 2433/2539/3857 2436/2540/3857
f 2435/2537/3854 2436/2540/3854 2437/2541/3854 2438/2542/3854
f 2435/2537/3855 2438/2542/3855 2399/2501/3855 2398/2500/3855
f 2439/2543/3852 2404/2506/3852 2399/2501/3852 2438/2542/3852
f 2439/2543/3853 2438/2542/3853 2437/2541/3853 2440/2544/3853
f 2439/2543/3850 2440/2544/3850 2441/2545/3850 2442/2546/3850
f 2439/2543/3862 2442/2546/3862 2405/2507/3862 2404/2506/3862
f 2443/2547/3848 2410/2512/3848 2405/2507/3848 2442/2546/3848
f 2443/2547/3849 2442/2546/3849 2441/2545/3849 2444/2548/3849
f 2443/2547/3846 2444/2548/3846 2445/2549/3846 2446/2550/3846
f 2443/2547/3847 2446/2550/3847 2411/2513/3847 2410/2512/3847
f 2447/2551/3844 2416/2518/3844 2411/2513/3844 2446/2550/3844
f 2447/2551/3845 2446/2550/3845 2445/2549/3845 2448/2552/3845
f 2447/2551/3842 2448/2552/3842 2419/2521/3842 2418/2520/3842
f 2447/2551/3843 2418/2520/3843 2373/2472/3843 2416/2518/3843
f 2449/2553/3808 2420/2522/3808 2419/2521/3808 2450/2554/3808
f 2449/2553/3809 2450/2554/3809 2451/2555/3809 2452/2556/3809
f 2449/2553/3806 2452/2556/3806 2453/2557/3806 2454/2558/3806
f 2449/2553/3807 2454/2558/3807 2421/2523/3807 2420/2522/3807
f 2455/2559/3804 2424/2526/3804 2421/2523/3804 2454/2558/3804
f 2455/2559/3805 2454/2558/3805 2453/2557/3805 2456/2560/3805
f 2455/2559/3802 2456/2560/3802 2457/2561/3802 2458/2562/3802
f 2455/2559/3803 2458/2562/3803 2425/2527/3803 2424/2526/3803
f 2459/2563/3800 2428/2530/3800 2425/2527/3800 2458/2562/3800
f 2459/2563/3801 2458/2562/3801 2457/2561/3801 2460/2564/3801
f 2459/2563/3798 2460/2564/3798 2461/2565/3798 2462/2566/3798
f 2459/2563/3799 2462/2566/3799 2429/2531/3799 2428/2530/3799
f 2463/2567/3863 2432/2534/3863 2429/2531/3863 2462/2566/3863
f 2463/2567/3864 2462/2566/3864 2461/2565/3864 2464/2568/3864
f 2463/2567/3794 2464/2568/3794 2465/2569/3794 2466/2570/3794
f 2463/2567/3795 2466/2570/3795 2433/2535/3795 2432/2534/3795
f 2467/2571/3824 2436/2540/3824 2433/2539/3824 2466/2572/3824
f 2467/2571/3825 2466/2572/3825 2465/2573/3825 2468/2574/3825
f 2467/2571/3822 2468/2574/3822 2469/2575/3822 2470/2576/3822
f 2467/2571/3823 2470/2576/3823 2437/2541/3823 2436/2540/3823
f 2471/2577/3820 2440/2544/3820 2437/2541/3820 2470/2576/3820
f 2471/2577/3821 2470/2576/3821 2469/2575/3821 2472/2578/3821
f 2471/2577/3818 2472/2578/3818 2473/2579/3818 2474/2580/3818
f 2471/2577/3819 2474/2580/3819 2441/2545/3819 2440/2544/3819
f 2475/2581/3816 2444/2548/3816 2441/2545/3816 2474/2580/3816
f 2475/2581/3817 2474/2580/3817 2473/2579/3817 2476/2582/3817
f 2475/2581/3814 2476/2582/3814 2477/2583/3814 2478/2584/3814
f 2475/2581/3815 2478/2584/3815 2445/2549/3815 2444/2548/3815
f 2479/2585/3812 2448/2552/3812 2445/2549/3812 2478/2584/3812
f 2479/2585/3813 2478/2584/3813 2477/2583/3813 2480/2586/3813
f 2479/2585/3810 2480/2586/3810 2451/2555/3810 2450/2554/3810
f 2479/2585/3811 2450/2554/3811 2419/2521/3811 2448/2552/3811
f 2481/2587/3776 2452/2556/3776 2451/2555/3776 2482/2588/3776
f 2481/2587/3777 2482/2588/3777 2483/2589/3777 2484/2590/3777
f 2481/2587/3774 2484/2590/3774 2485/2591/3774 2486/2592/3774
f 2481/2587/3775 2486/2592/3775 2453/2557/3775 2452/2556/3775
f 2487/2593/3772 2456/2560/3772 2453/2557/3772 2486/2592/3772
f 2487/2593/3773 2486/2592/3773 2485/2591/3773 2488/2594/3773
f 2487/2593/3770 2488/2594/3770 2489/2595/3770 2490/2596/3770
f 2487/2593/3771 2490/2596/3771 2457/2561/3771 2456/2560/3771
f 2491/2597/3768 2460/2564/3768 2457/2561/3768 2490/2596/3768
f 2491/2597/3769 2490/2596/3769 2489/2595/3769 2492/2598/3769
f 2491/2597/3766 2492/2598/3766 2493/2599/3766 2494/2600/3766
f 2491/2597/3767 2494/2600/3767 2461/2565/3767 2460/2564/3767
f 2495/2601/3865 2464/2568/3865 2461/2565/3865 2494/2600/3865
f 2495/2601/3765 2494/2600/3765 2493/2599/3765 2496/2602/3765
f 2495/2601/3762 2496/2602/3762 2497/2603/3762 2498/2604/3762
f 2495/2601/3763 2498/2604/3763 2465/2569/3763 2464/2568/3763
f 2499/2605/3792 2468/2574/3792 2465/2573/3792 2498/2606/3792
f 2499/2605/3793 2498/2606/3793 2497/2607/3793 2500/2608/3793
f 2499/2605/3790 2500/2608/3790 2501/2609/3790 2502/2610/3790
f 2499/2605/3791 2502/2610/3791 2469/2575/3791 2468/2574/3791
f 2503/2611/3788 2472/2578/3788 2469/2575/3788 2502/2610/3788
f 2503/2611/3789 2502/2610/3789 2501/2609/3789 2504/2612/3789
f 2503/2611/3866 2504/2612/3866 2505/2613/3866 2506/2614/3866
f 2503/2611/3787 2506/2614/3787 2473/2579/3787 2472/2578/3787
f 2507/2615/3784 2476/2582/3784 2473/2579/3784 2506/2614/3784
f 2507/2615/3785 2506/2614/3785 2505/2613/3785 2508/2616/3785
f 2507/2615/3782 2508/2616/3782 2509/2617/3782 2510/2618/3782
f 2507/2615/3783 2510/2618/3783 2477/2583/3783 2476/2582/3783
f 2511/2619/3780 2480/2586/3780 2477/2583/3780 2510/2618/3780
f 2511/2619/3781 2510/2618/3781 2509/2617/3781 2512/2620/3781
f 2511/2619/3778 2512/2620/3778 2483/2589/3778 2482/2588/3778
f 2511/2619/3779 2482/2588/3779 2451/2555/3779 2480/2586/3779
f 2513/2621/3744 2484/2590/3744 2483/2589/3744 2514/2622/3744
f 2513/2621/3745 2514/2622/3745 2515/2623/3745 2516/2624/3745
f 2513/2621/3742 2516/2624/3742 2517/2625/3742 2518/2626/3742
f 2513/2621/3743 2518/2626/3743 2485/2591/3743 2484/2590/3743
f 2519/2627/3740 2488/2594/3740 2485/2591/3740 2518/2626/3740
f 2519/2627/3741 2518/2626/3741 2517/2625/3741 2520/2628/3741
f 2519/2627/3738 2520/2628/3738 2521/2629/3738 2522/2630/3738
f 2519/2627/3739 2522/2630/3739 2489/2595/3739 2488/2594/3739
f 2523/2631/3736 2492/2598/3736 2489/2595/3736 2522/2630/3736
f 2523/2631/3737 2522/2630/3737 2521/2629/3737 2524/2632/3737
f 2523/2631/3734 2524/2632/3734 2525/2633/3734 2526/2634/3734
f 2523/2631/3735 2526/2634/3735 2493/2599/3735 2492/2598/3735
f 2527/2635/3867 2496/2602/3867 2493/2599/3867 2526/2634/3867
f 2527/2635/3868 2526/2634/3868 2525/2633/3868 2528/2636/3868
f 2527/2635/3730 2528/2636/3730 2529/2637/3730 2530/2638/3730
f 2527/2635/3731 2530/2638/3731 2497/2603/3731 2496/2602/3731
f 2531/2639/3760 2500/2608/3760 2497/2607/3760 2530/2640/3760
f 2531/2639/3761 2530/2640/3761 2529/2641/3761 2532/2642/3761
f 2531/2639/3869 2532/2642/3869 2533/2643/3869 2534/2644/3869
f 2531/2639/3759 2534/2644/3759 2501/2609/3759 2500/2608/3759
f 2535/2645/3756 2504/2612/3756 2501/2609/3756 2534/2644/3756
f 2535/2645/3757 2534/2644/3757 2533/2643/3757 2536/2646/3757
f 2535/2645/3870 2536/2646/3870 2537/2647/3870 2538/2648/3870
f 2535/2645/3871 2538/2648/3871 2505/2613/3871 2504/2612/3871
f 2539/2649/3752 2508/2616/3752 2505/2613/3752 2538/2648/3752
f 2539/2649/3753 2538/2648/3753 2537/2647/3753 2540/2650/3753
f 2539/2649/3750 2540/2650/3750 2541/2651/3750 2542/2652/3750
f 2539/2649/3751 2542/2652/3751 2509/2617/3751 2508/2616/3751
f 2543/2653/3748 2512/2620/3748 2509/2617/3748 2542/2652/3748
f 2543/2653/3749 2542/2652/3749 2541/2651/3749 2544/2654/3749
f 2543/2653/3746 2544/2654/3746 2515/2623/3746 2514/2622/3746
f 2543/2653/3747 2514/2622/3747 2483/2589/3747 2512/2620/3747
f 2545/2655/3712 2516/2624/3712 2515/2623/3712 2546/2656/3712
f 2545/2655/3713 2546/2656/3713 2547/2657/3713 2548/2658/3713
f 2545/2655/3710 2548/2658/3710 2549/2659/3710 2550/2660/3710
f 2545/2655/3711 2550/2660/3711 2517/2625/3711 2516/2624/3711
f 2551/2661/3708 2520/2628/3708 2517/2625/3708 2550/2660/3708
f 2551/2661/3709 2550/2660/3709 2549/2659/3709 2552/2662/3709
f 2551/2661/3706 2552/2662/3706 2553/2663/3706 2554/2664/3706
f 2551/2661/3707 2554/2664/3707 2521/2629/3707 2520/2628/3707
f 2555/2665/3704 2524/2632/3704 2521/2629/3704 2554/2664/3704
f 2555/2665/3872 2554/2664/3872 2553/2663/3872 2556/2666/3872
f 2555/2665/3702 2556/2666/3702 2557/2667/3702 2558/2668/3702
f 2555/2665/3703 2558/2668/3703 2525/2633/3703 2524/2632/3703
f 2559/2669/3873 2528/2636/3873 2525/2633/3873 2558/2668/3873
f 2559/2669/3701 2558/2668/3701 2557/2667/3701 2560/2670/3701
f 2559/2669/3698 2560/2670/3698 2561/2671/3698 2562/2672/3698
f 2559/2669/3699 2562/2672/3699 2529/2637/3699 2528/2636/3699
f 2563/2673/3728 2532/2642/3728 2529/2641/3728 2562/2674/3728
f 2563/2673/3729 2562/2674/3729 2561/2675/3729 2564/2676/3729
f 2563/2673/3726 2564/2676/3726 2565/2677/3726 2566/2678/3726
f 2563/2673/3727 2566/2678/3727 2533/2643/3727 2532/2642/3727
f 2567/2679/3724 2536/2646/3724 2533/2643/3724 2566/2678/3724
f 2567/2679/3725 2566/2678/3725 2565/2677/3725 2568/2680/3725
f 2567/2679/3874 2568/2680/3874 2569/2681/3874 2570/2682/3874
f 2567/2679/3875 2570/2682/3875 2537/2647/3875 2536/2646/3875
f 2571/2683/3720 2540/2650/3720 2537/2647/3720 2570/2682/3720
f 2571/2683/3721 2570/2682/3721 2569/2681/3721 2572/2684/3721
f 2571/2683/3718 2572/2684/3718 2573/2685/3718 2574/2686/3718
f 2571/2683/3719 2574/2686/3719 2541/2651/3719 2540/2650/3719
f 2575/2687/3716 2544/2654/3716 2541/2651/3716 2574/2686/3716
f 2575/2687/3717 2574/2686/3717 2573/2685/3717 2576/2688/3717
f 2575/2687/3714 2576/2688/3714 2547/2657/3714 2546/2656/3714
f 2575/2687/3715 2546/2656/3715 2515/2623/3715 2544/2654/3715
f 2577/2689/3680 2548/2658/3680 2547/2657/3680 2578/2690/3680
f 2577/2689/3681 2578/2690/3681 2579/2691/3681 2580/2692/3681
f 2577/2689/3678 2580/2692/3678 2581/2693/3678 2582/2694/3678
f 2577/2689/3679 2582/2694/3679 2549/2659/3679 2548/2658/3679
f 2583/2695/3676 2552/2662/3676 2549/2659/3676 2582/2694/3676
f 2583/2695/3677 2582/2694/3677 2581/2693/3677 2584/2696/3677
f 2583/2695/3674 2584/2696/3674 2585/2697/3674 2586/2698/3674
f 2583/2695/3675 2586/2698/3675 2553/2663/3675 2552/2662/3675
f 2587/2699/3672 2556/2666/3672 2553/2663/3672 2586/2698/3672
f 2587/2699/3673 2586/2698/3673 2585/2697/3673 2588/2700/3673
f 2587/2699/3670 2588/2700/3670 2589/2701/3670 2590/2702/3670
f 2587/2699/3671 2590/2702/3671 2557/2667/3671 2556/2666/3671
f 2591/2703/3668 2560/2670/3668 2557/2667/3668 2590/2702/3668
f 2591/2703/3876 2590/2702/3876 2589/2701/3876 2592/2704/3876
f 2591/2703/3666 2592/2704/3666 2593/2705/3666 2594/2706/3666
f 2591/2703/3667 2594/2706/3667 2561/2671/3667 2560/2670/3667
f 2595/2707/3696 2564/2676/3696 2561/2675/3696 2594/2708/3696
f 2595/2707/3697 2594/2708/3697 2593/2709/3697 2596/2710/3697
f 2595/2707/3877 2596/2710/3877 2597/2711/3877 2598/2712/3877
f 2595/2707/3878 2598/2712/3878 2565/2677/3878 2564/2676/3878
f 2599/2713/3692 2568/2680/3692 2565/2677/3692 2598/2712/3692
f 2599/2713/3693 2598/2712/3693 2597/2711/3693 2600/2714/3693
f 2599/2713/3879 2600/2714/3879 2601/2715/3879 2602/2716/3879
f 2599/2713/3880 2602/2716/3880 2569/2681/3880 2568/2680/3880
f 2603/2717/3688 2572/2684/3688 2569/2681/3688 2602/2716/3688
f 2603/2717/3689 2602/2716/3689 2601/2715/3689 2604/2718/3689
f 2603/2717/3686 2604/2718/3686 2605/2719/3686 2606/2720/3686
f 2603/2717/3687 2606/2720/3687 2573/2685/3687 2572/2684/3687
f 2607/2721/3684 2576/2688/3684 2573/2685/3684 2606/2720/3684
f 2607/2721/3685 2606/2720/3685 2605/2719/3685 2608/2722/3685
f 2607/2721/3682 2608/2722/3682 2579/2691/3682 2578/2690/3682
f 2607/2721/3683 2578/2690/3683 2547/2657/3683 2576/2688/3683
f 2609/2723/3648 2580/2692/3648 2579/2691/3648 2610/2724/3648
f 2609/2723/3649 2610/2724/3649 2611/2725/3649 2612/2726/3649
f 2609/2723/3646 2612/2726/3646 2613/2727/3646 2614/2728/3646
f 2609/2723/3647 2614/2728/3647 2581/2693/3647 2580/2692/3647
f 2615/2729/3644 2584/2696/3644 2581/2693/3644 2614/2728/3644
f 2615/2729/3645 2614/2728/3645 2613/2727/3645 2616/2730/3645
f 2615/2729/3642 2616/2730/3642 2617/2731/3642 2618/2732/3642
f 2615/2729/3643 2618/2732/3643 2585/2697/3643 2584/2696/3643
f 2619/2733/3640 2588/2700/3640 2585/2697/3640 2618/2732/3640
f 2619/2733/3641 2618/2732/3641 2617/2731/3641 2620/2734/3641
f 2619/2733/3638 2620/2734/3638 2621/2735/3638 2622/2736/3638
f 2619/2733/3639 2622/2736/3639 2589/2701/3639 2588/2700/3639
f 2623/2737/3881 2592/2704/3881 2589/2701/3881 2622/2736/3881
f 2623/2737/3882 2622/2736/3882 2621/2735/3882 2624/2738/3882
f 2623/2737/3634 2624/2738/3634 2625/2739/3634 2626/2740/3634
f 2623/2737/3635 2626/2740/3635 2593/2705/3635 2592/2704/3635
f 2627/2741/3664 2596/2710/3664 2593/2709/3664 2626/2742/3664
f 2627/2741/3665 2626/2742/3665 2625/2743/3665 2628/2744/3665
f 2627/2741/3662 2628/2744/3662 2629/2745/3662 2630/2746/3662
f 2627/2741/3663 2630/2746/3663 2597/2711/3663 2596/2710/3663
f 2631/2747/3660 2600/2714/3660 2597/2711/3660 2630/2746/3660
f 2631/2747/3661 2630/2746/3661 2629/2745/3661 2632/2748/3661
f 2631/2747/3883 2632/2748/3883 2633/2749/3883 2634/2750/3883
f 2631/2747/3884 2634/2750/3884 2601/2715/3884 2600/2714/3884
f 2635/2751/3656 2604/2718/3656 2601/2715/3656 2634/2750/3656
f 2635/2751/3657 2634/2750/3657 2633/2749/3657 2636/2752/3657
f 2635/2751/3654 2636/2752/3654 2637/2753/3654 2638/2754/3654
f 2635/2751/3655 2638/2754/3655 2605/2719/3655 2604/2718/3655
f 2639/2755/3652 2608/2722/3652 2605/2719/3652 2638/2754/3652
f 2639/2755/3653 2638/2754/3653 2637/2753/3653 2640/2756/3653
f 2639/2755/3650 2640/2756/3650 2611/2725/3650 2610/2724/3650
f 2639/2755/3651 2610/2724/3651 2579/2691/3651 2608/2722/3651
f 2641/2757/3616 2612/2726/3616 2611/2725/3616 2642/2758/3616
f 2641/2757/3617 2642/2758/3617 2643/2759/3617 2644/2760/3617
f 2641/2757/3614 2644/2760/3614 2645/2761/3614 2646/2762/3614
f 2641/2757/3615 2646/2762/3615 2613/2727/3615 2612/2726/3615
f 2647/2763/3612 2616/2730/3612 2613/2727/3612 2646/2762/3612
f 2647/2763/3613 2646/2762/3613 2645/2761/3613 2648/2764/3613
f 2647/2763/3610 2648/2764/3610 2649/2765/3610 2650/2766/3610
f 2647/2763/3611 2650/2766/3611 2617/2731/3611 2616/2730/3611
f 2651/2767/3608 2620/2734/3608 2617/2731/3608 2650/2766/3608
f 2651/2767/3609 2650/2766/3609 2649/2765/3609 2652/2768/3609
f 2651/2767/3606 2652/2768/3606 2653/2769/3606 2654/2770/3606
f 2651/2767/3607 2654/2770/3607 2621/2735/3607 2620/2734/3607
f 2655/2771/3885 2624/2738/3885 2621/2735/3885 2654/2770/3885
f 2655/2771/3605 2654/2770/3605 2653/2769/3605 2656/2772/3605
f 2655/2771/3602 2656/2772/3602 2657/2773/3602 2658/2774/3602
f 2655/2771/3603 2658/2774/3603 2625/2739/3603 2624/2738/3603
f 2659/2775/3632 2628/2744/3632 2625/2743/3632 2658/2776/3632
f 2659/2775/3633 2658/2776/3633 2657/2777/3633 2660/2778/3633
f 2659/2775/3630 2660/2778/3630 2661/2779/3630 2662/2780/3630
f 2659/2775/3631 2662/2780/3631 2629/2745/3631 2628/2744/3631
f 2663/2781/3628 2632/2748/3628 2629/2745/3628 2662/2780/3628
f 2663/2781/3629 2662/2780/3629 2661/2779/3629 2664/2782/3629
f 2663/2781/3626 2664/2782/3626 2665/2783/3626 2666/2784/3626
f 2663/2781/3886 2666/2784/3886 2633/2749/3886 2632/2748/3886
f 2667/2785/3624 2636/2752/3624 2633/2749/3624 2666/2784/3624
f 2667/2785/3625 2666/2784/3625 2665/2783/3625 2668/2786/3625
f 2667/2785/3622 2668/2786/3622 2669/2787/3622 2670/2788/3622
f 2667/2785/3623 2670/2788/3623 2637/2753/3623 2636/2752/3623
f 2671/2789/3620 2640/2756/3620 2637/2753/3620 2670/2788/3620
f 2671/2789/3621 2670/2788/3621 2669/2787/3621 2672/2790/3621
f 2671/2789/3618 2672/2790/3618 2643/2759/3618 2642/2758/3618
f 2671/2789/3619 2642/2758/3619 2611/2725/3619 2640/2756/3619
f 2673/2791/3584 2644/2760/3584 2643/2759/3584 2674/2792/3584
f 2673/2791/3585 2674/2792/3585 2675/2793/3585 2676/2794/3585
f 2673/2791/3582 2676/2794/3582 2677/2795/3582 2678/2796/3582
f 2673/2791/3583 2678/2796/3583 2645/2761/3583 2644/2760/3583
f 2679/2797/3580 2648/2764/3580 2645/2761/3580 2678/2796/3580
f 2679/2797/3581 2678/2796/3581 2677/2795/3581 2680/2798/3581
f 2679/2797/3578 2680/2798/3578 2681/2799/3578 2682/2800/3578
f 2679/2797/3579 2682/2800/3579 2649/2765/3579 2648/2764/3579
f 2683/2801/3576 2652/2768/3576 2649/2765/3576 2682/2800/3576
f 2683/2801/3577 2682/2800/3577 2681/2799/3577 2684/2802/3577
f 2683/2801/3574 2684/2802/3574 2685/2803/3574 2686/2804/3574
f 2683/2801/3575 2686/2804/3575 2653/2769/3575 2652/2768/3575
f 2687/2805/3572 2656/2772/3572 2653/2769/3572 2686/2804/3572
f 2687/2805/3887 2686/2804/3887 2685/2803/3887 2688/2806/3887
f 2687/2805/3570 2688/2806/3570 2689/2807/3570 2690/2808/3570
f 2687/2805/3571 2690/2808/3571 2657/2773/3571 2656/2772/3571
f 2691/2809/3600 2660/2778/3600 2657/2777/3600 2690/2810/3600
f 2691/2809/3601 2690/2810/3601 2689/2811/3601 2692/2812/3601
f 2691/2809/3598 2692/2812/3598 2693/2813/3598 2694/2814/3598
f 2691/2809/3599 2694/2814/3599 2661/2779/3599 2660/2778/3599
f 2695/2815/3596 2664/2782/3596 2661/2779/3596 2694/2814/3596
f 2695/2815/3597 2694/2814/3597 2693/2813/3597 2696/2816/3597
f 2695/2815/3594 2696/2816/3594 2697/2817/3594 2698/2818/3594
f 2695/2815/3595 2698/2818/3595 2665/2783/3595 2664/2782/3595
f 2699/2819/3592 2668/2786/3592 2665/2783/3592 2698/2818/3592
f 2699/2819/3593 2698/2818/3593 2697/2817/3593 2700/2820/3593
f 2699/2819/3590 2700/2820/3590 2701/2821/3590 2702/2822/3590
f 2699/2819/3591 2702/2822/3591 2669/2787/3591 2668/2786/3591
f 2703/2823/3588 2672/2790/3588 2669/2787/3588 2702/2822/3588
f 2703/2823/3589 2702/2822/3589 2701/2821/3589 2704/2824/3589
f 2703/2823/3586 2704/2824/3586 2675/2793/3586 2674/2792/3586
f 2703/2823/3587 2674/2792/3587 2643/2759/3587 2672/2790/3587
f 2705/2825/3552 2676/2794/3552 2675/2793/3552 2706/2826/3552
f 2705/2825/3553 2706/2826/3553 2707/2827/3553 2708/2828/3553
f 2705/2825/3550 2708/2828/3550 2709/2829/3550 2710/2830/3550
f 2705/2825/3551 2710/2830/3551 2677/2795/3551 2676/2794/3551
f 2711/2831/3548 2680/2798/3548 2677/2795/3548 2710/2830/3548
f 2711/2831/3549 2710/2830/3549 2709/2829/3549 2712/2832/3549
f 2711/2831/3888 2712/2832/3888 2713/2833/3888 2714/2834/3888
f 2711/2831/3547 2714/2834/3547 2681/2799/3547 2680/2798/3547
f 2715/2835/3544 2684/2802/3544 2681/2799/3544 2714/2834/3544
f 2715/2835/3545 2714/2834/3545 2713/2833/3545 2716/2836/3545
f 2715/2835/3542 2716/2836/3542 2717/2837/3542 2718/2838/3542
f 2715/2835/3543 2718/2838/3543 2685/2803/3543 2684/2802/3543
f 2719/2839/3889 2688/2806/3889 2685/2803/3889 2718/2838/3889
f 2719/2839/3890 2718/2838/3890 2717/2837/3890 2720/2840/3890
f 2719/2839/3538 2720/2840/3538 2721/2841/3538 2722/2842/3538
f 2719/2839/3539 2722/2842/3539 2689/2807/3539 2688/2806/3539
f 2723/2843/3568 2692/2812/3568 2689/2811/3568 2722/2844/3568
f 2723/2843/3569 2722/2844/3569 2721/2845/3569 2724/2846/3569
f 2723/2843/3566 2724/2846/3566 2725/2847/3566 2726/2848/3566
f 2723/2843/3567 2726/2848/3567 2693/2813/3567 2692/2812/3567
f 2727/2849/3564 2696/2816/3564 2693/2813/3564 2726/2848/3564
f 2727/2849/3565 2726/2848/3565 2725/2847/3565 2728/2850/3565
f 2727/2849/3891 2728/2850/3891 2729/2851/3891 2730/2852/3891
f 2727/2849/3563 2730/2852/3563 2697/2817/3563 2696/2816/3563
f 2731/2853/3560 2700/2820/3560 2697/2817/3560 2730/2852/3560
f 2731/2853/3561 2730/2852/3561 2729/2851/3561 2732/2854/3561
f 2731/2853/3558 2732/2854/3558 2733/2855/3558 2734/2856/3558
f 2731/2853/3559 2734/2856/3559 2701/2821/3559 2700/2820/3559
f 2735/2857/3556 2704/2824/3556 2701/2821/3556 2734/2856/3556
f 2735/2857/3557 2734/2856/3557 2733/2855/3557 2736/2858/3557
f 2735/2857/3554 2736/2858/3554 2707/2827/3554 2706/2826/3554
f 2735/2857/3555 2706/2826/3555 2675/2793/3555 2704/2824/3555
f 2737/2859/3520 2708/2828/3520 2707/2827/3520 2738/2860/3520
f 2737/2859/3521 2738/2860/3521 2371/2470/3521 2370/2469/3521
f 2737/2859/3518 2370/2469/3518 2377/2476/3518 2739/2861/3518
f 2737/2859/3519 2739/2861/3519 2709/2829/3519 2708/2828/3519
f 2740/2862/3516 2712/2832/3516 2709/2829/3516 2739/2861/3516
f 2740/2862/3517 2739/2861/3517 2377/2476/3517 2379/2478/3517
f 2740/2862/3514 2379/2478/3514 2383/2482/3514 2741/2863/3514
f 2740/2862/3515 2741/2863/3515 2713/2833/3515 2712/2832/3515
f 2742/2864/3512 2716/2836/3512 2713/2833/3512 2741/2863/3512
f 2742/2864/3892 2741/2863/3892 2383/2482/3892 2385/2484/3892
f 2742/2864/3510 2385/2484/3510 2389/2488/3510 2743/2865/3510
f 2742/2864/3511 2743/2865/3511 2717/2837/3511 2716/2836/3511
f 2744/2866/3508 2720/2840/3508 2717/2837/3508 2743/2865/3508
f 2744/2866/3509 2743/2865/3509 2389/2488/3509 2391/2490/3509
f 2744/2866/3506 2391/2490/3506 2395/2494/3506 2745/2867/3506
f 2744/2866/3507 2745/2867/3507 2721/2841/3507 2720/2840/3507
f 2746/2868/3536 2724/2846/3536 2721/2845/3536 2745/2869/3536
f 2746/2868/3537 2745/2869/3537 2395/2497/3537 2397/2496/3537
f 2746/2868/3534 2397/2496/3534 2401/2503/3534 2747/2870/3534
f 2746/2868/3535 2747/2870/3535 2725/2847/3535 2724/2846/3535
f 2748/2871/3532 2728/2850/3532 2725/2847/3532 2747/2870/3532
f 2748/2871/3533 2747/2870/3533 2401/2503/3533 2403/2505/3533
f 2748/2871/3893 2403/2505/3893 2407/2509/3893 2749/2872/3893
f 2748/2871/3894 2749/2872/3894 2729/2851/3894 2728/2850/3894
f 2750/2873/3528 2732/2854/3528 2729/2851/3528 2749/2872/3528
f 2750/2873/3529 2749/2872/3529 2407/2509/3529 2409/2511/3529
f 2750/2873/3526 2409/2511/3526 2413/2515/3526 2751/2874/3526
f 2750/2873/3527 2751/2874/3527 2733/2855/3527 2732/2854/3527
f 2752/2875/3524 2736/2858/3524 2733/2855/3524 2751/2874/3524
f 2752/2875/3525 2751/2874/3525 2413/2515/3525 2415/2517/3525
f 2752/2875/3522 2415/2517/3522 2371/2470/3522 2738/2860/3522
f 2752/2875/3523 2738/2860/3523 2707/2827/3523 2736/2858/3523
