# Blender v2.93.0 OBJ File: ''
# www.blender.org
mtllib pc.mtl
o macBook_TopPart_Cube.004
v -0.403857 -0.925293 0.255056
v -0.388071 -0.925293 0.255056
v -0.388071 -0.925222 0.254237
v -0.403857 -0.925222 0.254237
v -0.412365 -0.928493 0.254778
v -0.412365 -0.928422 0.253959
v -0.414283 -0.930164 0.253807
v -0.414283 -0.930235 0.254626
v -0.417807 -0.948438 0.253045
v -0.417807 -0.937960 0.253955
v -0.417807 -0.937889 0.253136
v -0.417807 -0.948366 0.252226
v -0.358335 -0.925293 0.255056
v -0.358335 -0.925222 0.254237
v -0.417335 -0.935198 0.253370
v -0.416046 -0.932370 0.253616
v -0.409935 -0.926822 0.254097
v -0.406821 -0.925651 0.254199
v -0.388071 -0.948366 0.252226
v -0.417807 -0.971582 0.251035
v -0.417807 -0.971511 0.250216
v 0.356919 -0.925293 0.255056
v 0.356919 -0.925222 0.254237
v -0.358335 -0.948366 0.252226
v -0.388071 -0.971511 0.250216
v 0.412867 -0.930235 0.254626
v 0.412867 -0.930164 0.253807
v 0.410948 -0.928422 0.253959
v 0.410948 -0.928493 0.254778
v -0.417807 -1.411391 0.212831
v -0.417807 -1.411319 0.212011
v 0.386655 -0.925293 0.255056
v 0.386655 -0.925222 0.254237
v 0.356919 -0.948366 0.252226
v -0.388071 -1.411319 0.212011
v -0.417807 -1.442513 0.210127
v -0.417807 -1.442442 0.209308
v -0.417807 -1.460968 0.208524
v -0.417807 -1.460897 0.207705
v 0.386655 -0.948366 0.252226
v -0.388071 -1.442442 0.209308
v -0.412365 -1.470365 0.206882
v -0.412365 -1.470436 0.207702
v -0.414283 -1.468693 0.207853
v -0.414283 -1.468622 0.207034
v -0.388071 -1.473636 0.207424
v -0.403857 -1.473636 0.207424
v -0.403857 -1.473564 0.206605
v -0.388071 -1.473564 0.206605
v -0.358335 -1.473636 0.207424
v -0.358335 -1.473564 0.206605
v 0.416391 -0.937960 0.253955
v 0.416391 -0.948438 0.253045
v 0.416391 -0.948366 0.252226
v 0.416391 -0.937889 0.253136
v 0.416391 -0.971582 0.251035
v 0.416391 -0.971511 0.250216
v 0.402441 -0.925293 0.255056
v 0.402441 -0.925222 0.254237
v 0.356919 -1.473636 0.207424
v 0.356919 -1.473565 0.206605
v -0.406821 -1.473136 0.206642
v -0.409935 -1.471964 0.206744
v -0.416046 -1.466416 0.207226
v -0.417335 -1.463588 0.207471
v -0.358335 -1.442442 0.209308
v 0.416391 -1.411391 0.212831
v 0.416391 -1.411320 0.212011
v 0.405405 -0.925651 0.254199
v 0.408519 -0.926822 0.254097
v 0.414629 -0.932370 0.253616
v 0.415919 -0.935198 0.253370
v 0.386655 -0.971511 0.250216
v 0.402441 -1.473636 0.207424
v 0.386655 -1.473636 0.207424
v 0.386655 -1.473564 0.206605
v 0.402441 -1.473564 0.206605
v 0.356919 -1.442442 0.209308
v 0.416391 -1.442513 0.210127
v 0.416391 -1.442442 0.209308
v 0.386655 -1.411320 0.212011
v 0.410948 -1.470436 0.207702
v 0.410948 -1.470365 0.206882
v 0.412867 -1.468622 0.207034
v 0.412867 -1.468693 0.207853
v 0.386655 -1.442442 0.209308
v 0.416391 -1.460897 0.207705
v 0.415919 -1.463588 0.207471
v 0.414629 -1.466416 0.207226
v 0.408519 -1.471964 0.206744
v 0.405405 -1.473136 0.206642
v 0.416391 -1.460968 0.208524
v -0.406821 -0.925722 0.255018
v -0.409935 -0.926893 0.254917
v -0.417335 -0.935269 0.254189
v -0.416046 -0.932441 0.254435
v 0.408519 -0.926893 0.254917
v 0.405405 -0.925722 0.255018
v -0.416046 -1.466487 0.208044
v -0.417335 -1.463659 0.208290
v 0.415919 -0.935269 0.254189
v 0.414629 -0.932441 0.254435
v -0.406821 -1.473207 0.207461
v -0.409935 -1.472036 0.207563
v 0.405405 -1.473207 0.207461
v 0.408519 -1.472036 0.207563
v 0.415919 -1.463659 0.208290
v 0.414629 -1.466487 0.208044
v -0.403857 -0.926222 0.265753
v -0.388071 -0.926222 0.265753
v -0.358335 -0.949637 0.266854
v -0.358335 -0.926262 0.266212
v -0.388071 -0.926262 0.266212
v -0.388071 -0.949637 0.266854
v -0.412365 -0.929422 0.265475
v -0.414283 -0.931165 0.265324
v -0.388071 -0.972782 0.264844
v -0.417807 -0.949407 0.264202
v -0.417807 -0.972551 0.262191
v -0.358335 -0.972782 0.264844
v 0.356919 -0.949637 0.266854
v 0.356919 -0.926262 0.266212
v -0.358335 -0.926222 0.265753
v -0.388071 -1.412590 0.226640
v -0.417807 -1.412360 0.223987
v -0.417807 -0.972511 0.261732
v -0.417807 -0.949367 0.263743
v -0.358335 -1.412590 0.226640
v 0.356919 -0.972782 0.264844
v 0.386655 -0.949637 0.266854
v 0.386655 -0.926262 0.266212
v 0.356919 -0.926222 0.265753
v -0.417807 -0.938890 0.264653
v 0.416391 -0.949407 0.264202
v 0.416391 -0.938929 0.265112
v 0.415919 -0.936238 0.265346
v 0.414629 -0.933411 0.265591
v 0.412867 -0.931205 0.265783
v 0.410948 -0.929462 0.265934
v 0.408519 -0.927862 0.266073
v 0.405405 -0.926691 0.266175
v 0.402441 -0.926262 0.266212
v -0.388071 -1.443713 0.223936
v -0.417807 -1.443482 0.221284
v -0.417807 -1.412320 0.223528
v -0.358335 -1.443713 0.223936
v 0.386655 -0.972782 0.264844
v 0.386655 -0.926222 0.265753
v 0.402441 -0.926222 0.265753
v -0.417807 -1.443442 0.220825
v -0.358335 -1.474605 0.218580
v -0.388071 -1.474605 0.218580
v 0.356919 -1.443713 0.223936
v 0.356919 -1.412590 0.226640
v 0.386655 -1.412590 0.226640
v 0.416391 -0.972551 0.262191
v 0.412867 -0.931165 0.265324
v 0.410948 -0.929422 0.265475
v -0.412365 -1.471365 0.218399
v -0.412365 -1.471405 0.218858
v -0.414283 -1.469662 0.219010
v -0.414283 -1.469622 0.218550
v -0.358335 -1.474565 0.218121
v -0.388071 -1.474565 0.218121
v 0.356919 -1.474605 0.218580
v 0.386655 -1.443713 0.223936
v 0.416391 -1.412360 0.223987
v 0.416391 -0.949367 0.263743
v 0.416391 -0.972511 0.261732
v -0.417807 -1.461897 0.219221
v -0.417807 -1.461937 0.219681
v -0.417335 -1.464629 0.219447
v -0.416046 -1.467456 0.219201
v -0.409935 -1.473005 0.218719
v -0.406821 -1.474176 0.218618
v -0.403857 -1.474605 0.218580
v 0.356919 -1.474565 0.218121
v 0.386655 -1.474605 0.218580
v 0.416391 -1.443482 0.221284
v 0.416391 -1.412320 0.223528
v -0.403857 -1.474565 0.218121
v 0.402441 -1.474605 0.218580
v 0.405405 -1.474176 0.218618
v 0.408519 -1.473005 0.218719
v 0.410948 -1.471405 0.218858
v 0.412867 -1.469662 0.219010
v 0.414629 -1.467456 0.219201
v 0.415919 -1.464629 0.219447
v 0.416391 -1.461937 0.219681
v 0.416391 -0.938890 0.264653
v 0.386655 -1.474565 0.218121
v 0.416391 -1.443442 0.220825
v 0.416391 -1.461897 0.219221
v 0.410948 -1.471365 0.218399
v 0.412867 -1.469622 0.218550
v 0.402441 -1.474565 0.218121
v -0.412365 -0.929462 0.265934
v -0.409935 -0.927862 0.266073
v -0.409935 -0.927822 0.265614
v -0.406821 -0.926691 0.266175
v -0.406821 -0.926651 0.265716
v -0.403857 -0.926262 0.266212
v -0.416046 -0.933371 0.265132
v -0.417335 -0.936198 0.264887
v 0.408519 -0.927822 0.265614
v 0.405405 -0.926651 0.265716
v -0.416046 -1.467416 0.218742
v -0.417335 -1.464589 0.218988
v 0.415919 -0.936198 0.264887
v 0.414629 -0.933371 0.265132
v -0.406821 -1.474136 0.218158
v -0.409935 -1.472965 0.218260
v 0.408519 -1.472965 0.218260
v 0.405405 -1.474136 0.218158
v 0.414629 -1.467416 0.218742
v 0.415919 -1.464589 0.218988
v -0.414283 -0.931205 0.265783
v -0.416046 -0.933411 0.265591
v -0.417335 -0.936238 0.265346
v -0.417807 -0.938929 0.265112
v -0.006305 -0.942390 0.252432
v -0.004905 -0.941735 0.252487
v -0.004905 -0.941755 0.252729
v -0.006305 -0.942410 0.252674
v -0.002096 -0.933206 0.253201
v -0.001452 -0.934824 0.253066
v -0.001452 -0.934845 0.253308
v -0.002096 -0.933226 0.253443
v -0.013205 -0.932942 0.253223
v -0.013950 -0.934291 0.253110
v -0.013950 -0.934311 0.253352
v -0.013205 -0.932963 0.253465
v -0.001452 -0.938278 0.252777
v -0.002096 -0.939896 0.252641
v -0.002096 -0.939916 0.252883
v -0.001452 -0.938298 0.253019
v -0.003713 -0.940754 0.252570
v -0.003713 -0.940774 0.252811
v -0.015136 -0.935681 0.252994
v -0.014702 -0.933995 0.253135
v -0.014702 -0.934015 0.253377
v -0.015136 -0.935701 0.253236
v -0.002804 -0.933593 0.253169
v -0.003713 -0.932348 0.253273
v -0.003713 -0.932368 0.253515
v -0.002804 -0.933613 0.253411
v -0.004472 -0.942413 0.252430
v -0.006055 -0.943155 0.252368
v -0.006055 -0.943175 0.252610
v -0.004472 -0.942434 0.252673
v -0.007825 -0.942679 0.252408
v -0.007825 -0.942699 0.252650
v -0.013859 -0.932470 0.253263
v -0.013859 -0.932490 0.253505
v -0.004905 -0.931367 0.253355
v -0.004905 -0.931387 0.253597
v -0.003124 -0.941304 0.252524
v -0.003124 -0.941324 0.252765
v -0.009369 -0.942582 0.252416
v -0.009369 -0.942602 0.252658
v -0.003124 -0.931798 0.253319
v -0.003124 -0.931818 0.253561
v -0.006305 -0.930712 0.253410
v -0.006305 -0.930732 0.253652
v -0.007774 -0.943481 0.252341
v -0.007774 -0.943501 0.252583
v -0.010840 -0.942106 0.252456
v -0.010840 -0.942127 0.252698
v -0.004472 -0.930689 0.253412
v -0.004472 -0.930709 0.253654
v -0.010840 -0.930996 0.253386
v -0.012146 -0.931820 0.253317
v -0.012146 -0.931841 0.253559
v -0.010840 -0.931016 0.253628
v -0.009520 -0.943371 0.252350
v -0.009520 -0.943392 0.252592
v -0.012146 -0.941282 0.252525
v -0.012146 -0.941302 0.252767
v -0.006055 -0.929948 0.253474
v -0.006055 -0.929968 0.253716
v -0.011184 -0.942834 0.252395
v -0.011184 -0.942854 0.252637
v -0.013205 -0.940160 0.252619
v -0.013205 -0.940180 0.252861
v -0.009369 -0.930541 0.253668
v -0.011184 -0.930289 0.253689
v -0.009520 -0.929751 0.253734
v -0.007825 -0.930444 0.253676
v -0.007774 -0.929642 0.253743
v -0.012661 -0.931222 0.253611
v -0.014335 -0.935802 0.253228
v -0.002234 -0.935044 0.253291
v -0.014335 -0.937341 0.253099
v -0.015136 -0.937441 0.253090
v -0.002040 -0.936571 0.253163
v -0.001233 -0.936571 0.253163
v -0.002234 -0.938098 0.253035
v -0.013950 -0.938832 0.252974
v -0.014702 -0.939127 0.252949
v -0.013859 -0.940652 0.252822
v -0.012661 -0.941921 0.252715
v -0.002804 -0.939529 0.252916
v -0.014335 -0.935781 0.252986
v -0.015136 -0.937421 0.252848
v -0.002804 -0.939509 0.252674
v -0.002234 -0.938078 0.252793
v -0.002234 -0.935024 0.253049
v -0.001233 -0.936551 0.252921
v -0.014335 -0.937321 0.252857
v -0.011184 -0.930269 0.253447
v -0.009520 -0.929731 0.253492
v -0.002040 -0.936551 0.252921
v -0.014702 -0.939107 0.252707
v -0.007774 -0.929622 0.253501
v -0.013859 -0.940632 0.252580
v -0.009369 -0.930520 0.253426
v -0.013950 -0.938811 0.252732
v -0.012661 -0.941901 0.252473
v -0.007825 -0.930424 0.253434
v -0.012661 -0.931201 0.253369
v -0.009574 -0.934935 0.253267
v -0.009122 -0.934650 0.253291
v -0.008613 -0.934485 0.253305
v -0.008078 -0.934452 0.253308
v -0.007552 -0.934552 0.253299
v -0.007067 -0.934779 0.253280
v -0.006654 -0.935118 0.253252
v -0.006340 -0.935549 0.253216
v -0.006142 -0.936045 0.253174
v -0.006075 -0.936573 0.253130
v -0.006142 -0.937102 0.253086
v -0.006340 -0.937598 0.253044
v -0.006654 -0.938029 0.253008
v -0.007067 -0.938368 0.252980
v -0.007552 -0.938595 0.252961
v -0.008078 -0.938695 0.252952
v -0.008613 -0.938661 0.252955
v -0.009122 -0.938497 0.252969
v -0.009574 -0.938211 0.252993
v -0.009941 -0.937823 0.253025
v -0.010199 -0.937356 0.253065
v -0.010332 -0.936840 0.253108
v -0.010332 -0.936307 0.253152
v -0.010199 -0.935791 0.253195
v -0.009941 -0.935324 0.253235
v -0.008719 -0.933930 0.253384
v -0.009363 -0.934138 0.253367
v -0.008042 -0.933887 0.253388
v -0.007377 -0.934014 0.253377
v -0.009935 -0.934499 0.253337
v -0.010399 -0.934991 0.253295
v -0.006764 -0.934301 0.253353
v -0.006241 -0.934731 0.253317
v -0.005843 -0.935276 0.253272
v -0.010726 -0.935582 0.253246
v -0.010894 -0.936235 0.253192
v -0.005594 -0.935903 0.253219
v -0.010894 -0.936909 0.253135
v -0.005509 -0.936572 0.253163
v -0.005594 -0.937240 0.253107
v -0.010726 -0.937562 0.253080
v -0.010399 -0.938152 0.253031
v -0.009935 -0.938644 0.252990
v -0.009363 -0.939005 0.252959
v -0.008719 -0.939213 0.252942
v -0.008042 -0.939256 0.252939
v -0.007377 -0.939129 0.252949
v -0.006764 -0.938842 0.252973
v -0.006241 -0.938413 0.253009
v -0.005843 -0.937867 0.253055
v 0.300773 -1.482715 0.205124
v -0.303074 -1.482715 0.205124
v -0.303074 -1.482715 0.192604
v 0.300773 -1.482715 0.192604
v -0.304329 -1.476356 0.192604
v -0.304329 -1.474721 0.205124
v -0.304329 -1.482366 0.205124
v -0.304329 -1.482366 0.192604
v -0.303074 -1.474336 0.205148
v 0.300773 -1.474336 0.205148
v 0.300773 -1.475990 0.192580
v -0.303074 -1.475990 0.192580
v -0.303074 -1.474556 0.205466
v -0.303074 -1.482366 0.205466
v 0.300773 -1.482366 0.205466
v 0.300773 -1.474556 0.205466
v 0.300773 -1.476468 0.192262
v -0.303074 -1.476468 0.192262
v -0.303074 -1.482366 0.192262
v 0.300773 -1.482366 0.192262
v 0.302028 -1.482366 0.205124
v 0.302028 -1.474721 0.205124
v 0.302028 -1.482366 0.192604
v 0.302028 -1.476356 0.192604
v 0.161170 -1.474083 -0.301491
v 0.161170 -1.472965 -0.301491
v 0.155947 -1.472965 -0.304962
v 0.155947 -1.474083 -0.304962
v -0.180496 -1.474083 -0.304962
v -0.180496 -1.472965 -0.304962
v -0.185719 -1.472965 -0.301491
v -0.185719 -1.474083 -0.301491
v 0.161170 -1.472965 -0.122050
v 0.161170 -1.474083 -0.122050
v 0.155947 -1.474083 -0.118578
v 0.155947 -1.472965 -0.118578
v -0.180496 -1.474083 -0.118578
v -0.185718 -1.474083 -0.122050
v -0.185718 -1.472965 -0.122050
v -0.180496 -1.472965 -0.118578
v -0.081726 -1.472965 -0.304962
v -0.081726 -1.474083 -0.304962
v -0.082428 -1.474083 -0.118578
v -0.082428 -1.472965 -0.118578
v -0.066805 -1.472965 -0.304962
v -0.066805 -1.474083 -0.304962
v -0.067280 -1.474083 -0.118578
v -0.067280 -1.472965 -0.118578
v 0.053316 -1.474083 -0.118578
v 0.053316 -1.472965 -0.118578
v 0.053256 -1.472965 -0.304962
v 0.053256 -1.474083 -0.304962
v 0.038112 -1.472965 -0.304962
v 0.038112 -1.474083 -0.304962
v 0.038195 -1.474083 -0.118578
v -0.014556 -1.474083 -0.118578
v -0.014556 -1.472965 -0.118578
v 0.038195 -1.472965 -0.118578
v -0.404272 -1.480567 0.173504
v -0.404272 -1.481468 0.173778
v -0.404272 -1.482298 0.174221
v -0.404272 -1.483026 0.174818
v -0.404272 -1.483623 0.175546
v -0.404272 -1.484066 0.176376
v -0.404272 -1.484340 0.177277
v -0.404272 -1.484432 0.178213
v -0.404272 -1.484340 0.179150
v -0.404272 -1.484066 0.180051
v -0.404272 -1.483623 0.180881
v -0.404272 -1.483026 0.181609
v -0.404272 -1.482298 0.182206
v -0.404272 -1.481468 0.182649
v -0.404272 -1.480567 0.182923
v -0.404272 -1.479631 0.183015
v -0.404272 -1.478694 0.182923
v -0.404272 -1.477793 0.182649
v -0.404272 -1.476963 0.182206
v -0.404272 -1.476235 0.181609
v -0.404272 -1.475638 0.180881
v -0.404272 -1.475195 0.180051
v -0.404272 -1.474921 0.179150
v -0.404272 -1.474829 0.178213
v -0.404272 -1.474921 0.177277
v -0.404272 -1.475195 0.176376
v -0.404272 -1.475638 0.175546
v -0.404272 -1.476235 0.174818
v -0.404272 -1.476963 0.174221
v -0.404272 -1.477793 0.173778
v -0.404272 -1.478694 0.173504
v -0.404272 -1.479631 0.173412
v -0.417644 -1.484340 0.179150
v -0.417644 -1.484432 0.178213
v -0.417644 -1.483623 0.180881
v -0.417644 -1.484066 0.180051
v -0.417644 -1.483026 0.181609
v -0.417644 -1.474921 0.177277
v -0.417644 -1.474829 0.178213
v -0.417644 -1.484340 0.177277
v -0.417644 -1.484066 0.176376
v -0.417643 -1.484154 0.176664
v -0.417644 -1.483623 0.175546
v -0.417644 -1.483026 0.174818
v -0.417644 -1.479631 0.173412
v -0.417644 -1.478694 0.173504
v -0.417644 -1.478694 0.182923
v -0.417644 -1.479631 0.183015
v -0.417644 -1.475638 0.175546
v -0.417644 -1.475195 0.176376
v -0.417644 -1.480567 0.182923
v -0.417644 -1.480331 0.182946
v -0.417644 -1.477793 0.173778
v -0.417644 -1.482298 0.174221
v -0.417644 -1.476963 0.182206
v -0.417644 -1.477793 0.182649
v -0.417644 -1.481468 0.173778
v -0.417644 -1.482298 0.182206
v -0.417644 -1.476963 0.174221
v -0.417643 -1.476235 0.174818
v -0.417643 -1.475107 0.176664
v -0.417644 -1.481468 0.182649
v -0.417644 -1.476235 0.181609
v -0.417644 -1.475195 0.180051
v -0.417644 -1.475638 0.180881
v -0.417643 -1.480567 0.173504
v -0.417643 -1.480331 0.173481
v -0.417644 -1.474921 0.179150
v -0.404272 -1.480567 0.173504
v -0.404272 -1.479631 0.173412
v -0.404272 -1.478694 0.173504
v -0.404272 -1.477793 0.173778
v -0.404272 -1.476963 0.174221
v -0.404272 -1.476235 0.174818
v -0.404272 -1.475638 0.175546
v -0.404272 -1.475195 0.176376
v -0.404272 -1.474921 0.177277
v -0.404272 -1.474829 0.178213
v -0.404272 -1.474921 0.179150
v -0.404272 -1.475195 0.180051
v -0.404272 -1.475638 0.180881
v -0.404272 -1.476235 0.181609
v -0.404272 -1.476963 0.182206
v -0.404272 -1.477793 0.182649
v -0.404272 -1.478694 0.182923
v -0.404272 -1.479631 0.183015
v -0.404272 -1.480567 0.182923
v -0.404272 -1.481468 0.182649
v -0.404272 -1.482298 0.182206
v -0.404272 -1.483026 0.181609
v -0.404272 -1.483623 0.180881
v -0.404272 -1.484066 0.180051
v -0.404272 -1.484340 0.179150
v -0.404272 -1.484432 0.178213
v -0.404272 -1.484340 0.177277
v -0.404272 -1.484066 0.176376
v -0.404272 -1.483623 0.175546
v -0.404272 -1.483026 0.174818
v -0.404272 -1.482298 0.174221
v -0.404272 -1.481468 0.173778
v -0.417644 -1.484340 0.179150
v -0.417644 -1.484432 0.178213
v -0.417644 -1.483623 0.180881
v -0.417644 -1.484066 0.180051
v -0.417644 -1.483026 0.181609
v -0.417644 -1.474921 0.177277
v -0.417644 -1.474829 0.178213
v -0.417644 -1.484340 0.177277
v -0.417643 -1.484154 0.176664
v -0.417644 -1.484066 0.176376
v -0.417644 -1.483623 0.175546
v -0.417644 -1.483026 0.174818
v -0.417644 -1.479631 0.173412
v -0.417644 -1.478694 0.173504
v -0.417644 -1.478694 0.182923
v -0.417644 -1.479631 0.183015
v -0.417644 -1.475638 0.175546
v -0.417644 -1.475195 0.176376
v -0.417644 -1.480331 0.182946
v -0.417644 -1.480567 0.182923
v -0.417644 -1.477793 0.173778
v -0.417644 -1.482298 0.174221
v -0.417644 -1.476963 0.182206
v -0.417644 -1.477793 0.182649
v -0.417644 -1.481468 0.173778
v -0.417644 -1.482298 0.182206
v -0.417644 -1.476963 0.174221
v -0.417643 -1.476235 0.174818
v -0.417643 -1.475107 0.176664
v -0.417644 -1.481468 0.182649
v -0.417644 -1.476235 0.181609
v -0.417644 -1.475195 0.180051
v -0.417644 -1.475638 0.180881
v -0.417643 -1.480567 0.173504
v -0.417643 -1.480331 0.173481
v -0.417644 -1.474921 0.179150
v -0.417644 -1.483026 0.174818
v -0.417644 -1.483623 0.175546
v -0.417202 -1.483328 0.175740
v -0.417202 -1.482776 0.175066
v -0.417644 -1.474829 0.178213
v -0.417644 -1.474921 0.177277
v -0.417202 -1.475272 0.177342
v -0.417202 -1.475187 0.178210
v -0.417644 -1.478694 0.182923
v -0.417644 -1.477793 0.182649
v -0.417202 -1.477931 0.182316
v -0.417202 -1.478765 0.182570
v -0.417644 -1.483026 0.181609
v -0.417644 -1.482298 0.182206
v -0.417202 -1.482102 0.181906
v -0.417202 -1.482776 0.181353
v -0.417644 -1.476963 0.174221
v -0.417644 -1.477793 0.173778
v -0.417202 -1.477931 0.174103
v -0.417202 -1.477163 0.174513
v -0.417644 -1.482298 0.174221
v -0.417202 -1.482102 0.174513
v -0.417644 -1.476963 0.182206
v -0.417202 -1.477163 0.181906
v -0.417644 -1.481468 0.173778
v -0.417202 -1.481333 0.174103
v -0.417643 -1.476235 0.174818
v -0.417202 -1.476489 0.175066
v -0.417644 -1.481468 0.182649
v -0.417202 -1.481333 0.182316
v -0.417644 -1.476235 0.181609
v -0.417202 -1.476489 0.181353
v -0.417643 -1.480567 0.173504
v -0.417202 -1.480499 0.173850
v -0.417644 -1.475638 0.175546
v -0.417202 -1.475936 0.175740
v -0.417644 -1.480567 0.182923
v -0.417202 -1.480499 0.182570
v -0.417644 -1.475638 0.180881
v -0.417202 -1.475936 0.180679
v -0.417643 -1.480331 0.173481
v -0.417202 -1.480281 0.173828
v -0.417644 -1.484432 0.178213
v -0.417644 -1.484340 0.179150
v -0.417202 -1.483992 0.179077
v -0.417202 -1.484077 0.178210
v -0.417644 -1.475195 0.176376
v -0.417202 -1.475525 0.176508
v -0.417644 -1.479631 0.173412
v -0.417202 -1.479632 0.173764
v -0.417644 -1.484340 0.177277
v -0.417202 -1.483992 0.177342
v -0.417644 -1.475195 0.180051
v -0.417202 -1.475525 0.179911
v -0.417644 -1.480331 0.182946
v -0.417202 -1.480281 0.182591
v -0.417644 -1.484066 0.180051
v -0.417202 -1.483739 0.179911
v -0.417643 -1.475107 0.176664
v -0.417202 -1.475445 0.176775
v -0.417644 -1.479631 0.183015
v -0.417202 -1.479632 0.182655
v -0.417643 -1.484154 0.176664
v -0.417202 -1.483820 0.176775
v -0.417644 -1.478694 0.173504
v -0.417202 -1.478765 0.173850
v -0.417644 -1.484066 0.176376
v -0.417202 -1.483739 0.176508
v -0.417644 -1.474921 0.179150
v -0.417202 -1.475272 0.179077
v -0.417644 -1.483623 0.180881
v -0.417202 -1.483328 0.180679
v -0.412538 -1.475273 0.177342
v -0.412538 -1.475187 0.178210
v -0.412538 -1.477931 0.182316
v -0.412538 -1.478765 0.182570
v -0.412538 -1.482102 0.181906
v -0.412538 -1.482776 0.181353
v -0.412538 -1.477931 0.174103
v -0.412538 -1.477163 0.174513
v -0.412538 -1.482776 0.175066
v -0.412538 -1.482102 0.174513
v -0.412538 -1.477163 0.181906
v -0.412538 -1.481333 0.174103
v -0.412538 -1.476489 0.175066
v -0.412538 -1.481333 0.182316
v -0.412538 -1.476489 0.181353
v -0.412538 -1.480499 0.173850
v -0.412538 -1.483992 0.179077
v -0.412538 -1.484077 0.178210
v -0.412538 -1.475936 0.175740
v -0.412538 -1.480499 0.182570
v -0.412538 -1.483992 0.177342
v -0.412538 -1.475936 0.180679
v -0.412538 -1.480281 0.173828
v -0.412538 -1.483739 0.179911
v -0.412538 -1.475525 0.176508
v -0.412538 -1.479632 0.173764
v -0.412538 -1.483820 0.176775
v -0.412538 -1.475525 0.179911
v -0.412538 -1.480281 0.182591
v -0.412538 -1.483739 0.176508
v -0.412538 -1.475445 0.176775
v -0.412538 -1.479632 0.182655
v -0.412538 -1.483328 0.180679
v -0.412538 -1.478765 0.173850
v -0.412538 -1.483328 0.175740
v -0.412538 -1.475272 0.179077
v -0.405442 -1.480499 0.173850
v -0.405442 -1.481333 0.174103
v -0.405442 -1.482102 0.174513
v -0.405442 -1.482776 0.175066
v -0.405442 -1.483328 0.175740
v -0.405442 -1.483739 0.176508
v -0.405442 -1.483992 0.177342
v -0.405442 -1.484077 0.178210
v -0.405442 -1.483992 0.179077
v -0.405442 -1.483739 0.179911
v -0.405442 -1.483328 0.180679
v -0.405442 -1.482776 0.181353
v -0.405442 -1.482102 0.181906
v -0.405442 -1.481333 0.182316
v -0.405442 -1.480499 0.182570
v -0.405442 -1.479632 0.182655
v -0.405442 -1.478765 0.182570
v -0.405442 -1.477931 0.182316
v -0.405442 -1.477163 0.181906
v -0.405442 -1.476489 0.181353
v -0.405442 -1.475936 0.180679
v -0.405442 -1.475525 0.179911
v -0.405442 -1.475272 0.179077
v -0.405442 -1.475187 0.178210
v -0.405442 -1.475272 0.177342
v -0.405442 -1.475525 0.176508
v -0.405442 -1.475936 0.175740
v -0.405442 -1.476489 0.175066
v -0.405442 -1.477163 0.174513
v -0.405442 -1.477931 0.174103
v -0.405442 -1.478765 0.173850
v -0.405442 -1.479632 0.173764
v -0.417644 -1.485925 -0.306847
v -0.417644 -1.485925 -0.323635
v -0.408466 -1.491038 -0.316257
v -0.408466 -1.491038 -0.300252
v 0.397102 -1.472965 -0.341962
v 0.397102 -1.480331 -0.341962
v 0.383283 -1.480331 -0.342324
v 0.383283 -1.472965 -0.342324
v 0.385402 -1.491039 0.201816
v 0.374801 -1.491039 0.201816
v 0.374801 -1.491039 0.172598
v 0.391746 -1.491039 0.200901
v -0.417644 -1.484906 0.187853
v -0.417644 -1.484906 0.176664
v -0.417644 -1.485926 0.176664
v -0.417644 -1.485926 0.187853
v 0.397102 -1.484906 -0.341962
v 0.397102 -1.485925 -0.341962
v 0.383283 -1.485925 -0.342324
v 0.383283 -1.484906 -0.342324
v -0.386342 -1.472965 0.150797
v -0.417643 -1.472965 0.149880
v -0.417644 -1.472965 0.176664
v -0.386342 -1.472965 0.176664
v -0.386342 -1.472965 0.147901
v -0.417643 -1.472965 0.147901
v 0.415115 -1.484906 -0.306847
v 0.415115 -1.484906 -0.110392
v 0.415115 -1.485926 -0.110392
v 0.415115 -1.485925 -0.306847
v 0.415115 -1.484906 0.147901
v 0.415115 -1.485926 0.147901
v -0.417643 -1.484906 0.149880
v -0.417643 -1.484906 0.147901
v -0.417643 -1.485926 0.147901
v -0.417643 -1.485926 0.150797
v -0.417643 -1.484906 -0.110392
v -0.417643 -1.485926 -0.110392
v 0.349575 -1.473726 0.145769
v 0.349575 -1.473726 -0.107599
v 0.346953 -1.475070 -0.104748
v 0.346953 -1.475070 0.143623
v -0.353979 -1.472965 0.153158
v -0.353979 -1.472965 0.150261
v 0.351451 -1.472965 0.150261
v 0.351451 -1.472965 -0.110392
v 0.161258 -1.473726 0.145769
v 0.302217 -1.473726 0.145769
v 0.302217 -1.475070 0.143623
v 0.161258 -1.475070 0.143623
v -0.353979 -1.472965 -0.328256
v -0.353979 -1.472965 -0.342324
v -0.386342 -1.472965 -0.342324
v -0.386342 -1.472965 -0.328256
v 0.383283 -1.484906 0.206540
v 0.351451 -1.484906 0.206540
v 0.351451 -1.485926 0.206540
v 0.383283 -1.485926 0.206540
v -0.305271 -1.484906 0.206540
v -0.353979 -1.484906 0.206540
v -0.353979 -1.485926 0.206540
v -0.305271 -1.485926 0.206540
v -0.386342 -1.484906 -0.342324
v -0.353979 -1.484906 -0.342324
v -0.353979 -1.485925 -0.342324
v -0.386342 -1.485925 -0.342324
v 0.302217 -1.484906 -0.342324
v 0.351451 -1.484906 -0.342324
v 0.351451 -1.485925 -0.342324
v 0.302217 -1.485925 -0.342324
v -0.305271 -1.475070 0.143623
v -0.305271 -1.475070 -0.104748
v -0.347489 -1.475070 -0.104748
v -0.347489 -1.475070 0.143623
v -0.185719 -1.475070 -0.104748
v -0.185719 -1.473726 -0.107599
v -0.305271 -1.473726 -0.107599
v 0.351451 -1.472965 0.153158
v 0.383283 -1.472965 0.150797
v 0.383283 -1.472965 0.147901
v 0.302217 -1.473726 -0.107599
v 0.302217 -1.475070 -0.104748
v -0.305271 -1.472965 0.192323
v -0.305271 -1.472965 0.153158
v -0.353979 -1.472965 0.176664
v 0.383283 -1.472965 0.176664
v 0.351451 -1.472965 0.176664
v 0.415115 -1.484906 0.150797
v 0.415115 -1.485926 0.150797
v 0.405931 -1.491039 -0.108128
v 0.405931 -1.491038 -0.300252
v 0.383283 -1.472965 -0.110392
v 0.383283 -1.472965 -0.306847
v 0.351451 -1.472965 -0.306847
v 0.415115 -1.485925 -0.323635
v 0.405931 -1.491038 -0.316257
v -0.386342 -1.472965 -0.110392
v -0.417643 -1.472965 -0.110392
v 0.302217 -1.485926 0.206540
v 0.302217 -1.491039 0.201816
v 0.351451 -1.491039 0.201816
v -0.417644 -1.484906 -0.306847
v 0.415115 -1.485926 0.176664
v 0.405931 -1.491039 0.172598
v 0.405931 -1.491039 0.147390
v 0.415115 -1.472965 -0.306847
v 0.415115 -1.472965 -0.323635
v 0.414110 -1.472965 -0.329410
v -0.408466 -1.491039 0.147390
v -0.408466 -1.491039 0.172598
v 0.415115 -1.472965 0.176664
v 0.415115 -1.472965 0.150797
v 0.394586 -1.485926 0.206540
v 0.415115 -1.480331 -0.306847
v 0.415115 -1.480331 -0.323635
v 0.415115 -1.472965 0.147901
v 0.302217 -1.480331 0.192323
v 0.302217 -1.480331 0.206540
v 0.302217 -1.472965 0.206540
v 0.302217 -1.472965 0.192323
v -0.346205 -1.491038 -0.334946
v -0.377855 -1.491038 -0.334946
v -0.386342 -1.485926 0.206540
v -0.377855 -1.491039 0.201816
v -0.346205 -1.491039 0.201816
v -0.417644 -1.484906 -0.323635
v 0.405931 -1.491039 0.144558
v -0.408466 -1.491039 0.144558
v -0.399630 -1.480331 -0.341962
v -0.399630 -1.472965 -0.341962
v -0.386342 -1.480331 -0.342324
v -0.305271 -1.485925 -0.342324
v -0.305271 -1.491038 -0.334946
v 0.374801 -1.491038 -0.334946
v 0.351451 -1.491038 -0.334946
v -0.305271 -1.472965 0.150261
v -0.351108 -1.473726 -0.107599
v -0.353979 -1.472965 -0.110392
v -0.351108 -1.473726 0.145769
v -0.185719 -1.472965 -0.110392
v -0.305271 -1.472965 -0.110392
v -0.386342 -1.484906 0.206540
v 0.302217 -1.472965 0.150261
v -0.185719 -1.482585 -0.301491
v -0.180496 -1.482585 -0.304962
v 0.155947 -1.482585 -0.118578
v 0.161170 -1.482585 -0.122050
v 0.161170 -1.482585 -0.301491
v 0.155947 -1.482585 -0.304962
v 0.053256 -1.482585 -0.304962
v 0.038112 -1.482585 -0.304962
v -0.066805 -1.482585 -0.304962
v -0.081726 -1.482585 -0.304962
v -0.185718 -1.482585 -0.122050
v -0.180496 -1.482585 -0.118578
v -0.082428 -1.482585 -0.118578
v -0.067280 -1.482585 -0.118578
v -0.014556 -1.482585 -0.118578
v 0.038195 -1.482585 -0.118578
v 0.053316 -1.482585 -0.118578
v -0.417644 -1.472965 -0.306847
v -0.386342 -1.472965 -0.306847
v -0.416639 -1.472965 -0.329410
v -0.417644 -1.472965 -0.323635
v 0.302217 -1.472965 -0.110392
v -0.403458 -1.472965 -0.341410
v -0.409181 -1.472965 -0.338755
v -0.413723 -1.472965 -0.334620
v -0.353979 -1.480331 0.206540
v -0.386342 -1.480331 0.206540
v -0.417644 -1.480331 -0.306847
v -0.417644 -1.480331 -0.323635
v 0.351451 -1.480331 -0.342324
v -0.417643 -1.480331 -0.110392
v 0.387918 -1.491038 -0.334584
v 0.302217 -1.480331 -0.342324
v -0.353979 -1.480331 -0.342324
v -0.305271 -1.480331 0.206540
v 0.383283 -1.480331 0.206540
v 0.351451 -1.480331 0.206540
v -0.417643 -1.480331 0.147901
v -0.417643 -1.480331 0.141876
v -0.417643 -1.481257 0.141876
v -0.417643 -1.482030 0.141669
v -0.417643 -1.482685 0.141081
v -0.417643 -1.483123 0.140201
v -0.417643 -1.483277 0.139163
v -0.417643 -1.483277 0.139163
v -0.417643 -1.483277 0.126741
v -0.417643 -1.483277 0.126741
v -0.417643 -1.483123 0.125703
v -0.417643 -1.482685 0.124823
v -0.417643 -1.482030 0.124234
v -0.417643 -1.481257 0.124028
v -0.417643 -1.480331 0.124028
v -0.417643 -1.480331 0.149880
v 0.415115 -1.480331 -0.110392
v 0.415115 -1.480331 0.135826
v 0.415115 -1.481406 0.135826
v 0.415115 -1.482248 0.136041
v 0.415115 -1.482962 0.136653
v 0.415115 -1.483439 0.137569
v 0.415115 -1.483607 0.138649
v 0.415115 -1.483607 0.138649
v 0.415115 -1.483607 0.147901
v -0.417644 -1.480331 0.187853
v -0.377854 -1.491039 0.146919
v -0.377854 -1.491039 0.149751
v 0.394586 -1.480331 0.206540
v 0.394586 -1.484906 0.206540
v 0.415115 -1.484906 -0.323635
v 0.302217 -1.484906 0.206540
v -0.305271 -1.480331 -0.342324
v -0.305271 -1.484906 -0.342324
v 0.161208 -1.480331 -0.342324
v 0.161207 -1.484906 -0.342324
v -0.305271 -1.472965 -0.328256
v -0.305271 -1.472965 -0.342324
v -0.305271 -1.473726 0.145769
v 0.161258 -1.472965 0.150261
v -0.397115 -1.484906 0.206540
v -0.397115 -1.485926 0.206540
v -0.408466 -1.491039 -0.108128
v 0.415115 -1.484906 0.176664
v 0.415115 -1.484906 0.187853
v 0.415115 -1.485926 0.187853
v 0.302217 -1.472965 0.153158
v 0.161258 -1.472965 0.153158
v 0.161258 -1.472965 0.192323
v -0.179659 -1.475070 0.143623
v 0.161207 -1.485925 -0.342324
v 0.415115 -1.472965 -0.110392
v 0.351451 -1.472965 -0.328256
v 0.351451 -1.472965 -0.342324
v 0.302217 -1.472965 -0.342324
v 0.302217 -1.472965 -0.328256
v -0.353979 -1.472965 -0.306847
v -0.305271 -1.491039 0.201816
v -0.386342 -1.472965 0.206540
v -0.397115 -1.472965 0.206540
v -0.397115 -1.480331 0.206540
v 0.351451 -1.472965 0.206540
v 0.383283 -1.472965 0.206540
v 0.405931 -1.491039 0.183129
v -0.390453 -1.491038 -0.334584
v -0.399630 -1.485925 -0.341962
v 0.302217 -1.491038 -0.334946
v 0.160930 -1.491038 -0.334946
v -0.353979 -1.472965 0.206540
v 0.394586 -1.472965 0.206540
v -0.417644 -1.472965 0.187853
v -0.387937 -1.491039 0.201816
v 0.302217 -1.484906 0.192323
v -0.305271 -1.484906 0.192323
v -0.305271 -1.480331 0.192323
v -0.305271 -1.472965 0.206540
v -0.305271 -1.485926 0.192323
v 0.302217 -1.485926 0.192323
v 0.302217 -1.491039 0.192323
v 0.404926 -1.491039 0.188904
v 0.374801 -1.491039 0.147390
v 0.374801 -1.491039 0.144558
v -0.377854 -1.491039 -0.108128
v -0.346205 -1.491039 -0.108128
v -0.346205 -1.491039 0.146919
v 0.302217 -1.491039 0.146919
v 0.302217 -1.491039 -0.108128
v 0.351451 -1.491039 -0.108128
v 0.351451 -1.491039 0.146919
v -0.346205 -1.491039 0.149751
v 0.302217 -1.491039 0.149751
v 0.351451 -1.491039 0.149751
v -0.377855 -1.491038 -0.300252
v -0.407461 -1.491038 -0.322032
v -0.404545 -1.491038 -0.327242
v -0.400004 -1.491038 -0.331377
v -0.394281 -1.491038 -0.334032
v 0.037847 -1.491038 -0.321188
v 0.037847 -1.491038 -0.334946
v 0.052003 -1.491038 -0.334946
v 0.052003 -1.491038 -0.321188
v 0.351451 -1.491039 0.172598
v -0.377854 -1.491039 0.172598
v -0.346205 -1.491039 0.172598
v 0.374801 -1.491039 -0.108128
v 0.302217 -1.491038 -0.300252
v 0.351451 -1.491038 -0.300252
v -0.346205 -1.491038 -0.300252
v 0.374801 -1.491038 -0.300252
v 0.391746 -1.491038 -0.334032
v 0.397469 -1.491038 -0.331377
v 0.402011 -1.491038 -0.327242
v 0.404926 -1.491038 -0.322032
v 0.374801 -1.491038 -0.321188
v -0.305271 -1.491038 -0.300252
v -0.305271 -1.491039 -0.108128
v 0.160930 -1.491039 -0.108128
v 0.160930 -1.491038 -0.300252
v -0.305271 -1.491039 0.149751
v -0.305271 -1.491039 0.192323
v 0.161208 -1.491039 0.192323
v 0.160930 -1.491039 0.149751
v -0.377855 -1.491038 -0.321188
v 0.302217 -1.472965 -0.306847
v -0.305271 -1.491039 0.146919
v 0.160930 -1.491039 0.146919
v 0.351451 -1.491038 -0.321188
v 0.302217 -1.491038 -0.321188
v -0.066804 -1.491039 0.192323
v -0.067280 -1.485926 0.192323
v -0.082428 -1.485926 0.192323
v -0.081726 -1.491039 0.192323
v -0.399630 -1.484906 -0.341962
v 0.415115 -1.475590 0.150797
v 0.415115 -1.475590 0.147901
v -0.416639 -1.472965 0.193628
v 0.415115 -1.475590 0.138649
v 0.415115 -1.475590 0.138649
v 0.415115 -1.475757 0.137569
v 0.415115 -1.476234 0.136653
v 0.415115 -1.476948 0.136041
v 0.415115 -1.477791 0.135826
v 0.415115 -1.479598 0.135826
v -0.417643 -1.479598 0.124028
v -0.417643 -1.477939 0.124028
v -0.417643 -1.477167 0.124234
v -0.417643 -1.476511 0.124823
v -0.417643 -1.476074 0.125703
v -0.417643 -1.475920 0.126741
v -0.417643 -1.475920 0.126741
v -0.417643 -1.475920 0.139163
v -0.417643 -1.475920 0.139163
v -0.417643 -1.476074 0.140201
v -0.417643 -1.476511 0.141081
v -0.417643 -1.477167 0.141670
v -0.417643 -1.477939 0.141876
v -0.417643 -1.479598 0.141876
v 0.402011 -1.491039 0.194113
v 0.397469 -1.491039 0.198247
v -0.417643 -1.480331 0.150071
v -0.417643 -1.479598 0.150071
v -0.417643 -1.477940 0.150071
v -0.417643 -1.477167 0.150278
v -0.417643 -1.476511 0.150866
v -0.417643 -1.476074 0.151746
v -0.417643 -1.475920 0.152784
v -0.417643 -1.475920 0.152784
v -0.417643 -1.475920 0.165206
v -0.417643 -1.475920 0.165206
v -0.417643 -1.476074 0.166244
v -0.417644 -1.476511 0.167125
v -0.417643 -1.477167 0.167713
v 0.415115 -1.475642 0.176664
v 0.415115 -1.475590 0.176326
v 0.415115 -1.475590 0.176326
v 0.415115 -1.475590 0.163402
v 0.415115 -1.475590 0.163402
v 0.415115 -1.475757 0.162321
v 0.415115 -1.476234 0.161406
v 0.415115 -1.476948 0.160794
v 0.415115 -1.477791 0.160579
v 0.415115 -1.479598 0.160579
v 0.415115 -1.480331 0.160579
v 0.415115 -1.480331 0.154397
v 0.415115 -1.479598 0.154396
v 0.415115 -1.477791 0.154397
v 0.415115 -1.476948 0.154182
v 0.415115 -1.476234 0.153570
v 0.415115 -1.475757 0.152654
v 0.415115 -1.475590 0.151573
v 0.415115 -1.475590 0.151573
v 0.415115 -1.472965 0.187853
v 0.415115 -1.480331 0.187853
v 0.415115 -1.480331 0.179149
v 0.415115 -1.479598 0.179149
v 0.415115 -1.477791 0.179149
v 0.415115 -1.476949 0.178934
v 0.415115 -1.476234 0.178322
v 0.415115 -1.475757 0.177406
v 0.383283 -1.472965 -0.328256
v 0.037847 -1.491039 0.146919
v 0.037847 -1.491039 -0.108128
v 0.052004 -1.491039 -0.108128
v 0.052004 -1.491039 0.146919
v 0.037847 -1.491039 0.149751
v 0.052004 -1.491039 0.149751
v 0.160930 -1.491038 -0.321188
v 0.038218 -1.491039 0.192323
v 0.053114 -1.491039 0.192323
v 0.037847 -1.491038 -0.300252
v 0.052003 -1.491038 -0.300252
v -0.079880 -1.491038 -0.334946
v -0.180496 -1.491038 -0.334946
v -0.181108 -1.485925 -0.342324
v -0.081726 -1.485925 -0.342324
v 0.038218 -1.484906 -0.342324
v 0.053114 -1.484906 -0.342324
v 0.053114 -1.485925 -0.342324
v 0.038218 -1.485925 -0.342324
v 0.038218 -1.480331 -0.342324
v 0.053114 -1.480331 -0.342324
v -0.181108 -1.480331 -0.342324
v -0.081726 -1.480331 -0.342324
v -0.081726 -1.484906 -0.342324
v -0.181108 -1.484906 -0.342324
v -0.180563 -1.491038 -0.321188
v -0.079880 -1.491038 -0.321188
v -0.180666 -1.491039 -0.108128
v -0.180666 -1.491038 -0.300252
v -0.079880 -1.491038 -0.300252
v -0.079880 -1.491039 -0.108128
v -0.181589 -1.491039 0.192323
v -0.180666 -1.491039 0.149751
v -0.079880 -1.491039 0.149751
v -0.346205 -1.491038 -0.321188
v -0.180666 -1.491039 0.146919
v -0.079880 -1.491039 0.146919
v -0.181108 -1.472965 -0.342324
v -0.081726 -1.472965 -0.342324
v -0.081726 -1.472965 -0.327508
v -0.180865 -1.472965 -0.327508
v 0.161243 -1.472973 -0.342304
v -0.403458 -1.472965 0.205625
v -0.403458 -1.480331 0.205625
v -0.409181 -1.472965 0.202971
v -0.409181 -1.480331 0.202971
v -0.413723 -1.472965 0.198837
v -0.413723 -1.480331 0.198837
v -0.416639 -1.480331 0.193628
v -0.403458 -1.485925 -0.341410
v -0.403458 -1.484906 -0.341410
v -0.409181 -1.485925 -0.338755
v -0.409181 -1.484906 -0.338755
v -0.413723 -1.485925 -0.334620
v -0.413723 -1.484906 -0.334620
v -0.416639 -1.485925 -0.329410
v -0.416639 -1.484906 -0.329410
v 0.414110 -1.485925 -0.329410
v 0.414110 -1.484906 -0.329410
v 0.411195 -1.485925 -0.334620
v 0.411195 -1.484906 -0.334620
v 0.406653 -1.485925 -0.338755
v 0.406653 -1.484906 -0.338755
v 0.400930 -1.485925 -0.341410
v 0.400930 -1.484906 -0.341410
v 0.400930 -1.485926 0.205625
v 0.400930 -1.484906 0.205625
v 0.406653 -1.485926 0.202971
v 0.406653 -1.484906 0.202971
v 0.411195 -1.485926 0.198837
v 0.411195 -1.484906 0.198837
v 0.414110 -1.485926 0.193628
v 0.414110 -1.484906 0.193628
v -0.403458 -1.484906 0.205625
v -0.403458 -1.485926 0.205625
v -0.409181 -1.484906 0.202971
v -0.409181 -1.485926 0.202971
v -0.413723 -1.484906 0.198837
v -0.413723 -1.485926 0.198837
v -0.416639 -1.484906 0.193628
v -0.416639 -1.485926 0.193628
v -0.403458 -1.480331 -0.341410
v -0.409181 -1.480331 -0.338755
v -0.413723 -1.480331 -0.334620
v -0.416639 -1.480331 -0.329410
v 0.414110 -1.480331 -0.329410
v 0.411195 -1.480331 -0.334620
v 0.406653 -1.480331 -0.338755
v 0.400930 -1.480331 -0.341410
v 0.400930 -1.480331 0.205625
v 0.406653 -1.480331 0.202971
v 0.411195 -1.480331 0.198837
v 0.414110 -1.480331 0.193628
v -0.408466 -1.491039 0.183129
v -0.407461 -1.491039 0.188904
v -0.404545 -1.491039 0.194113
v -0.400004 -1.491039 0.198247
v -0.394281 -1.491039 0.200901
v 0.411195 -1.472965 -0.334620
v 0.406653 -1.472965 -0.338755
v 0.400930 -1.472965 -0.341410
v 0.400930 -1.472965 0.205625
v 0.406653 -1.472965 0.202971
v 0.411195 -1.472965 0.198837
v 0.414110 -1.472965 0.193628
v -0.417643 -1.483277 0.152784
v -0.417643 -1.483277 0.165206
v -0.417643 -1.483277 0.165206
v -0.417643 -1.483277 0.152784
v -0.404272 -1.483277 0.152784
v -0.404272 -1.483123 0.151746
v -0.404272 -1.483123 0.151746
v -0.404272 -1.483277 0.152784
v -0.417643 -1.483277 0.165206
v -0.417643 -1.483277 0.165206
v -0.404272 -1.482685 0.167125
v -0.404272 -1.483123 0.166244
v -0.404272 -1.483123 0.166244
v -0.404272 -1.482685 0.167125
v -0.417643 -1.483123 0.166244
v -0.417643 -1.483123 0.166244
v -0.404272 -1.482685 0.150866
v -0.404272 -1.482685 0.150866
v -0.417643 -1.483123 0.151746
v -0.417643 -1.483277 0.152784
v -0.417643 -1.483277 0.152784
v -0.417643 -1.483123 0.151746
v -0.404272 -1.482030 0.150278
v -0.404272 -1.482030 0.150278
v -0.417644 -1.482685 0.167125
v -0.417644 -1.482685 0.167125
v -0.404272 -1.482030 0.167713
v -0.404272 -1.482030 0.167713
v -0.417643 -1.482685 0.150866
v -0.417643 -1.482685 0.150866
v -0.404272 -1.481257 0.167919
v -0.404272 -1.481257 0.167919
v -0.417643 -1.482030 0.150278
v -0.417643 -1.482030 0.150278
v -0.404272 -1.481257 0.150071
v -0.404272 -1.481257 0.150071
v -0.417643 -1.482030 0.167713
v -0.417643 -1.482030 0.167713
v -0.404272 -1.480331 0.167919
v -0.404272 -1.480331 0.167919
v -0.417643 -1.481257 0.167919
v -0.417643 -1.481257 0.167919
v -0.404272 -1.480331 0.150071
v -0.404272 -1.480331 0.150071
v -0.417643 -1.481257 0.150071
v -0.417643 -1.481257 0.150071
v -0.404272 -1.479598 0.150071
v -0.404272 -1.479598 0.150071
v -0.417643 -1.480331 0.167919
v -0.417643 -1.480331 0.167919
v -0.404272 -1.479598 0.167919
v -0.404272 -1.479598 0.167919
v -0.417643 -1.480331 0.150071
v -0.404272 -1.477940 0.150071
v -0.404272 -1.477940 0.150071
v -0.417643 -1.479598 0.150071
v -0.404272 -1.477940 0.167919
v -0.404272 -1.477940 0.167919
v -0.417644 -1.479598 0.167919
v -0.417644 -1.479598 0.167919
v -0.404272 -1.477167 0.167713
v -0.404272 -1.477167 0.167713
v -0.404272 -1.475920 0.152784
v -0.404272 -1.476074 0.151746
v -0.404272 -1.476511 0.150866
v -0.404272 -1.477167 0.150278
v -0.404272 -1.483277 0.152784
v -0.404272 -1.483277 0.165206
v -0.404272 -1.483277 0.165206
v -0.404272 -1.476511 0.167125
v -0.404272 -1.476074 0.166244
v -0.404272 -1.475920 0.165206
v -0.404272 -1.475920 0.165206
v -0.404272 -1.475920 0.152784
v -0.188158 -1.472965 0.192323
v -0.188158 -1.480331 0.192323
v 0.161258 -1.485926 0.192323
v 0.161258 -1.484906 0.192323
v 0.161258 -1.480331 0.192323
v 0.156124 -1.485926 0.192323
v 0.156023 -1.491039 0.192323
v -0.305271 -1.472965 -0.306847
v -0.185719 -1.472965 -0.304962
v -0.186573 -1.472965 -0.342324
v -0.186573 -1.480331 -0.342324
v -0.186573 -1.485925 -0.342324
v -0.186573 -1.491038 -0.334946
v -0.186573 -1.484906 -0.342324
v -0.186234 -1.472965 -0.327508
v -0.305271 -1.491038 -0.321188
v -0.181940 -1.484906 0.192323
v -0.082428 -1.484906 0.192323
v -0.082428 -1.480331 0.192323
v -0.181940 -1.480331 0.192323
v -0.181940 -1.485926 0.192323
v -0.067280 -1.472965 0.192323
v -0.082428 -1.472965 0.192323
v -0.067280 -1.480331 0.192323
v -0.181940 -1.472965 0.150261
v -0.181940 -1.472965 0.153158
v -0.082428 -1.472965 0.153158
v -0.082428 -1.472965 0.150261
v -0.067280 -1.475070 0.143623
v -0.067280 -1.475070 -0.104748
v -0.082428 -1.475070 -0.104748
v -0.082428 -1.475070 0.143623
v -0.181940 -1.472965 0.192323
v -0.082428 -1.473726 0.145769
v -0.179632 -1.473726 0.145769
v -0.067280 -1.472965 -0.110392
v -0.082428 -1.472965 -0.110392
v -0.082428 -1.473726 -0.107599
v -0.067280 -1.473726 -0.107599
v -0.175416 -1.475070 0.143623
v 0.156124 -1.475070 -0.104748
v 0.156124 -1.473726 -0.107599
v 0.053316 -1.473726 -0.107599
v 0.053316 -1.475070 -0.104748
v 0.156124 -1.472965 -0.110392
v 0.053316 -1.472965 -0.110392
v 0.156124 -1.475070 0.143623
v 0.053316 -1.475070 0.143623
v 0.156124 -1.472965 0.192323
v 0.053316 -1.472965 0.192323
v 0.053316 -1.480331 0.192323
v 0.156124 -1.480331 0.192323
v 0.038194 -1.484906 0.192323
v 0.053316 -1.484906 0.192323
v 0.038195 -1.480331 0.192323
v 0.038194 -1.485926 0.192323
v 0.053316 -1.485926 0.192323
v 0.038195 -1.472965 0.150261
v 0.038195 -1.472965 0.153158
v 0.053316 -1.472965 0.153158
v 0.053316 -1.472965 0.150261
v 0.038195 -1.472965 0.192323
v 0.053316 -1.473726 0.145769
v 0.038195 -1.473726 0.145769
v 0.038195 -1.475070 0.143623
v -0.188158 -1.485926 0.192323
v -0.187983 -1.491039 0.192323
v -0.185339 -1.473726 0.145769
v -0.188158 -1.472965 0.150261
v -0.188158 -1.472965 0.153158
v -0.188158 -1.484906 0.192323
v -0.187521 -1.491039 0.146919
v -0.187521 -1.491039 -0.108128
v -0.187521 -1.491039 0.149751
v -0.187521 -1.491038 -0.300252
v -0.180496 -1.475070 -0.104748
v -0.180496 -1.472965 -0.110392
v -0.180496 -1.473726 -0.107599
v -0.186949 -1.491038 -0.321188
v -0.065698 -1.491038 -0.334946
v -0.066804 -1.485925 -0.342324
v -0.185718 -1.472965 -0.118578
v 0.038195 -1.472965 -0.110392
v 0.161169 -1.472965 -0.118578
v 0.161169 -1.472965 -0.304962
v 0.161258 -1.475070 -0.104748
v 0.161258 -1.472965 -0.110392
v 0.161258 -1.473726 -0.107599
v 0.156124 -1.484906 0.192323
v 0.053256 -1.472965 -0.342241
v 0.156094 -1.472980 -0.342283
v 0.156023 -1.480331 -0.342324
v 0.155467 -1.491038 -0.334946
v 0.155467 -1.491038 -0.321188
v 0.155468 -1.491039 -0.108128
v 0.155468 -1.491039 0.146919
v 0.155468 -1.491039 0.149751
v 0.155468 -1.491038 -0.300252
v 0.156023 -1.485925 -0.342324
v 0.156124 -1.472965 0.153158
v 0.156124 -1.472965 0.150261
v 0.156023 -1.484906 -0.342324
v 0.156124 -1.473726 0.145769
v 0.156036 -1.472974 -0.327483
v 0.161214 -1.472969 -0.327496
v 0.053256 -1.472983 -0.327458
v 0.038112 -1.472979 -0.327471
v -0.066805 -1.472974 -0.327483
v -0.066805 -1.472965 -0.329460
v -0.076296 -1.472965 -0.342324
v -0.065698 -1.491038 -0.300252
v -0.065698 -1.491038 -0.321188
v -0.013939 -1.491038 -0.321188
v -0.013938 -1.491038 -0.300252
v -0.014556 -1.472965 -0.110392
v -0.013939 -1.491038 -0.334946
v -0.014306 -1.485925 -0.342324
v -0.067280 -1.473726 0.145769
v -0.014556 -1.473726 0.145769
v -0.014556 -1.475070 0.143623
v -0.067280 -1.472965 0.150261
v -0.014556 -1.472965 0.150261
v -0.067280 -1.472965 0.153158
v -0.014556 -1.472965 0.192323
v -0.014556 -1.472965 0.153158
v -0.014556 -1.485926 0.192323
v -0.014556 -1.484906 0.192323
v -0.067280 -1.484906 0.192323
v -0.014556 -1.480331 0.192323
v 0.038195 -1.475070 -0.104748
v 0.038195 -1.473726 -0.107599
v -0.014556 -1.473726 -0.107599
v -0.014556 -1.475070 -0.104748
v -0.066804 -1.480331 -0.342324
v -0.014306 -1.480331 -0.342324
v -0.014306 -1.484906 -0.342324
v -0.066804 -1.484906 -0.342324
v -0.065697 -1.491039 -0.108128
v -0.013938 -1.491039 -0.108128
v -0.065697 -1.491039 0.149751
v -0.013938 -1.491039 0.149751
v -0.014306 -1.491039 0.192323
v -0.065697 -1.491039 0.146919
v -0.013938 -1.491039 0.146919
v 0.038112 -1.472994 -0.329225
v 0.047602 -1.472965 -0.342241
v -0.404272 -1.483277 0.139163
v -0.404272 -1.483277 0.139163
v -0.404272 -1.479598 0.124028
v -0.404272 -1.477939 0.124028
v -0.404272 -1.483277 0.126741
v -0.404272 -1.479598 0.141876
v -0.404272 -1.480331 0.141876
v -0.404272 -1.476074 0.125703
v -0.404272 -1.475920 0.126741
v -0.404272 -1.483277 0.126741
v -0.404272 -1.480331 0.124028
v -0.404272 -1.475920 0.126741
v -0.404272 -1.481257 0.124028
v -0.404272 -1.475920 0.139163
v -0.404272 -1.475920 0.139163
v -0.404272 -1.481257 0.141876
v -0.404272 -1.476074 0.140201
v -0.404272 -1.482030 0.124234
v -0.404272 -1.482030 0.141669
v -0.404272 -1.476511 0.124823
v -0.404272 -1.482685 0.141081
v -0.404272 -1.476511 0.141081
v -0.404272 -1.482685 0.124823
v -0.404272 -1.477167 0.124234
v -0.404272 -1.483123 0.125703
v -0.404272 -1.477167 0.141670
v -0.404272 -1.483123 0.140201
v -0.404272 -1.477939 0.141876
v -0.417644 -1.477940 0.167919
v -0.417644 -1.477940 0.167919
v -0.404272 -1.483277 0.165206
v -0.404272 -1.483277 0.165206
v -0.417643 -1.477940 0.150071
v -0.404272 -1.483277 0.152784
v -0.417643 -1.475920 0.152784
v -0.417643 -1.476074 0.151746
v -0.404272 -1.476074 0.151746
v -0.404272 -1.475920 0.152784
v -0.417643 -1.475920 0.152784
v -0.404272 -1.475920 0.152784
v -0.417643 -1.476074 0.166244
v -0.417643 -1.475920 0.165206
v -0.404272 -1.475920 0.165206
v -0.404272 -1.476074 0.166244
v -0.417643 -1.475920 0.165206
v -0.404272 -1.475920 0.165206
v -0.417643 -1.476511 0.150866
v -0.404272 -1.476511 0.150866
v -0.417644 -1.476511 0.167125
v -0.404272 -1.476511 0.167125
v -0.417643 -1.477167 0.167713
v -0.417643 -1.477167 0.150278
v -0.404272 -1.477167 0.150278
v 0.415115 -1.483607 0.150797
v 0.415115 -1.483607 0.151573
v 0.415115 -1.483607 0.151573
v 0.415115 -1.483439 0.152654
v 0.415115 -1.482962 0.153570
v 0.415115 -1.482248 0.154182
v 0.415115 -1.481406 0.154397
v 0.415115 -1.481406 0.160579
v 0.415115 -1.482248 0.160794
v 0.415115 -1.482962 0.161406
v 0.415115 -1.483439 0.162321
v 0.415115 -1.483607 0.163402
v 0.415115 -1.483607 0.163402
v 0.415115 -1.483607 0.176326
v 0.415115 -1.483607 0.176326
v 0.415115 -1.483555 0.176664
v 0.415115 -1.483439 0.177407
v 0.415115 -1.482962 0.178322
v 0.415115 -1.482248 0.178934
v 0.415115 -1.481406 0.179149
v 0.401233 -1.480331 0.179149
v 0.401233 -1.479598 0.179149
v 0.401233 -1.482962 0.136653
v 0.401233 -1.483439 0.137569
v 0.401233 -1.481406 0.179149
v 0.401233 -1.483439 0.152654
v 0.401233 -1.482962 0.153570
v 0.401233 -1.480331 0.160579
v 0.401233 -1.481406 0.160579
v 0.401233 -1.483607 0.138649
v 0.401233 -1.482248 0.160794
v 0.401233 -1.483607 0.138649
v 0.401233 -1.475590 0.151573
v 0.401233 -1.475590 0.151573
v 0.401233 -1.482248 0.178934
v 0.401233 -1.483607 0.147901
v 0.401233 -1.483607 0.150797
v 0.401233 -1.475757 0.152654
v 0.401233 -1.482962 0.178322
v 0.401233 -1.475590 0.138649
v 0.401233 -1.475757 0.137569
v 0.401233 -1.482962 0.161406
v 0.401233 -1.483607 0.151573
v 0.401233 -1.483607 0.151573
v 0.401233 -1.475590 0.138649
v 0.401233 -1.483439 0.177407
v 0.401233 -1.475590 0.150797
v 0.401233 -1.483439 0.162321
v 0.401233 -1.475590 0.147901
v 0.401233 -1.483607 0.176326
v 0.401233 -1.483555 0.176664
v 0.401233 -1.483607 0.163402
v 0.401233 -1.476234 0.153570
v 0.401233 -1.483607 0.163402
v 0.401233 -1.475590 0.176326
v 0.401233 -1.475590 0.176326
v 0.401233 -1.476234 0.136653
v 0.401233 -1.483607 0.176326
v 0.401233 -1.475642 0.176664
v 0.401233 -1.476948 0.154182
v 0.401233 -1.475757 0.177406
v 0.401233 -1.476948 0.136041
v 0.401233 -1.475590 0.163402
v 0.401233 -1.475757 0.162321
v 0.401233 -1.477791 0.154397
v 0.401233 -1.475590 0.163402
v 0.401233 -1.477791 0.135826
v 0.401233 -1.479598 0.135826
v 0.401233 -1.476234 0.178322
v 0.401233 -1.479598 0.154396
v 0.401233 -1.476234 0.161406
v 0.401233 -1.480331 0.154397
v 0.401233 -1.476949 0.178934
v 0.401233 -1.481406 0.154397
v 0.401233 -1.476948 0.160794
v 0.401233 -1.480331 0.135826
v 0.401233 -1.477791 0.179149
v 0.401233 -1.481406 0.135826
v 0.401233 -1.477791 0.160579
v 0.401233 -1.482248 0.136041
v 0.401233 -1.479598 0.160579
v 0.401233 -1.482248 0.154182
v 0.154758 -1.473010 -0.119485
v 0.159943 -1.473010 -0.122917
v 0.159943 -1.473010 -0.300623
v 0.154758 -1.473010 -0.304055
v -0.179306 -1.473010 -0.304055
v -0.184492 -1.473010 -0.300623
v -0.184492 -1.473010 -0.122917
v -0.179306 -1.473010 -0.119485
v -0.012274 -1.473010 -0.119485
v 0.383283 -1.472892 -0.100950
v 0.358020 -1.472892 -0.100950
v 0.358020 -1.472892 0.134576
v 0.383283 -1.472892 0.134576
v 0.408546 -1.472892 0.134576
v 0.408546 -1.472892 -0.100950
v -0.386287 -1.472892 -0.100950
v -0.411129 -1.472892 -0.100950
v -0.411129 -1.472892 0.134576
v -0.386287 -1.472892 0.134576
v -0.360603 -1.472892 0.134576
v -0.360603 -1.472892 -0.100950
v -0.246078 -1.471285 -0.088807
v -0.246078 -1.471285 -0.101061
v -0.246433 -1.471285 -0.102187
v -0.247444 -1.471285 -0.103142
v -0.248956 -1.471285 -0.103781
v -0.250740 -1.471285 -0.104004
v -0.281936 -1.471285 -0.104004
v -0.283720 -1.471285 -0.103781
v -0.285233 -1.471285 -0.103142
v -0.286244 -1.471285 -0.102187
v -0.286599 -1.471285 -0.101061
v -0.286599 -1.471285 -0.088807
v -0.246078 -1.471285 -0.088807
v -0.286599 -1.471285 -0.088807
v -0.286599 -1.471464 -0.086604
v -0.246078 -1.471464 -0.086604
v -0.286599 -1.471971 -0.084736
v -0.246078 -1.471971 -0.084736
v -0.286599 -1.472730 -0.083488
v -0.246078 -1.472730 -0.083488
v -0.286599 -1.473625 -0.083050
v -0.246078 -1.473625 -0.083050
v -0.286599 -1.471285 -0.077150
v -0.286599 -1.471285 -0.064896
v -0.286244 -1.471285 -0.063770
v -0.285233 -1.471285 -0.062815
v -0.283720 -1.471285 -0.062177
v -0.281936 -1.471285 -0.061953
v -0.250740 -1.471285 -0.061953
v -0.248956 -1.471285 -0.062177
v -0.247444 -1.471285 -0.062815
v -0.246433 -1.471285 -0.063770
v -0.246078 -1.471285 -0.064896
v -0.246078 -1.471285 -0.077150
v -0.286599 -1.471285 -0.077150
v -0.246078 -1.471285 -0.077150
v -0.246078 -1.471464 -0.079353
v -0.286599 -1.471464 -0.079353
v -0.246078 -1.471971 -0.081221
v -0.286599 -1.471971 -0.081221
v -0.246078 -1.472730 -0.082469
v -0.286599 -1.472730 -0.082469
v -0.246078 -1.473625 -0.082907
v -0.286599 -1.473625 -0.082907
v -0.246078 -1.477270 -0.082907
v -0.286599 -1.477270 -0.082907
v -0.326984 -1.471963 0.076114
v -0.329297 -1.471963 0.076768
v -0.330989 -1.471963 0.078555
v -0.331609 -1.471963 0.080997
v -0.331609 -1.471963 0.107797
v -0.330989 -1.471963 0.110239
v -0.329297 -1.471963 0.112026
v -0.326984 -1.471963 0.112680
v -0.274060 -1.471963 0.112680
v -0.271747 -1.471963 0.112026
v -0.270055 -1.471963 0.110239
v -0.269435 -1.471963 0.107797
v -0.269435 -1.471963 0.080997
v -0.270054 -1.471963 0.078555
v -0.271747 -1.471963 0.076768
v -0.274060 -1.471963 0.076114
v -0.258555 -1.471963 0.076114
v -0.260868 -1.471963 0.076768
v -0.262561 -1.471963 0.078555
v -0.263180 -1.471963 0.080997
v -0.263180 -1.471963 0.107797
v -0.262561 -1.471963 0.110239
v -0.260868 -1.471963 0.112026
v -0.258555 -1.471963 0.112680
v -0.228029 -1.471963 0.112680
v -0.225717 -1.471963 0.112026
v -0.224024 -1.471963 0.110239
v -0.223404 -1.471963 0.107797
v -0.223404 -1.471963 0.080997
v -0.224024 -1.471963 0.078555
v -0.225717 -1.471963 0.076768
v -0.228029 -1.471963 0.076114
v -0.212260 -1.471963 0.076114
v -0.214573 -1.471963 0.076768
v -0.216266 -1.471963 0.078555
v -0.216885 -1.471963 0.080997
v -0.216885 -1.471963 0.107797
v -0.216266 -1.471963 0.110239
v -0.214573 -1.471963 0.112026
v -0.212260 -1.471963 0.112680
v -0.181734 -1.471963 0.112680
v -0.179422 -1.471963 0.112026
v -0.177729 -1.471963 0.110239
v -0.177109 -1.471963 0.107797
v -0.177109 -1.471963 0.080997
v -0.177729 -1.471963 0.078555
v -0.179422 -1.471963 0.076768
v -0.181734 -1.471963 0.076114
v -0.166480 -1.471963 0.076114
v -0.168792 -1.471963 0.076768
v -0.170485 -1.471963 0.078555
v -0.171105 -1.471963 0.080997
v -0.171105 -1.471963 0.107797
v -0.170485 -1.471963 0.110239
v -0.168792 -1.471963 0.112026
v -0.166480 -1.471963 0.112680
v -0.135954 -1.471963 0.112680
v -0.133641 -1.471963 0.112026
v -0.131948 -1.471963 0.110239
v -0.131328 -1.471963 0.107797
v -0.131328 -1.471963 0.080997
v -0.131948 -1.471963 0.078555
v -0.133641 -1.471963 0.076768
v -0.135954 -1.471963 0.076114
v -0.119991 -1.471963 0.076114
v -0.122304 -1.471963 0.076768
v -0.123996 -1.471963 0.078555
v -0.124616 -1.471963 0.080997
v -0.124616 -1.471963 0.107797
v -0.123996 -1.471963 0.110239
v -0.122304 -1.471963 0.112026
v -0.119991 -1.471963 0.112680
v -0.089465 -1.471963 0.112680
v -0.087152 -1.471963 0.112026
v -0.085460 -1.471963 0.110239
v -0.084840 -1.471963 0.107797
v -0.084840 -1.471963 0.080997
v -0.085460 -1.471963 0.078555
v -0.087152 -1.471963 0.076768
v -0.089465 -1.471963 0.076114
v -0.073930 -1.471963 0.076114
v -0.076243 -1.471963 0.076768
v -0.077936 -1.471963 0.078555
v -0.078555 -1.471963 0.080997
v -0.078555 -1.471963 0.107797
v -0.077936 -1.471963 0.110239
v -0.076243 -1.471963 0.112026
v -0.073930 -1.471963 0.112680
v -0.043404 -1.471963 0.112680
v -0.041092 -1.471963 0.112026
v -0.039399 -1.471963 0.110239
v -0.038779 -1.471963 0.107797
v -0.038779 -1.471963 0.080997
v -0.039399 -1.471963 0.078555
v -0.041092 -1.471963 0.076768
v -0.043404 -1.471963 0.076114
v -0.027811 -1.471963 0.076114
v -0.030123 -1.471963 0.076768
v -0.031816 -1.471963 0.078555
v -0.032436 -1.471963 0.080997
v -0.032436 -1.471963 0.107797
v -0.031816 -1.471963 0.110239
v -0.030123 -1.471963 0.112026
v -0.027811 -1.471963 0.112680
v 0.002715 -1.471963 0.112680
v 0.005028 -1.471963 0.112026
v 0.006721 -1.471963 0.110239
v 0.007340 -1.471963 0.107797
v 0.007340 -1.471963 0.080997
v 0.006721 -1.471963 0.078555
v 0.005028 -1.471963 0.076768
v 0.002715 -1.471963 0.076114
v 0.017852 -1.471963 0.076114
v 0.015539 -1.471963 0.076768
v 0.013847 -1.471963 0.078555
v 0.013227 -1.471963 0.080997
v 0.013227 -1.471963 0.107797
v 0.013847 -1.471963 0.110239
v 0.015539 -1.471963 0.112026
v 0.017852 -1.471963 0.112680
v 0.048378 -1.471963 0.112680
v 0.050690 -1.471963 0.112026
v 0.052383 -1.471963 0.110239
v 0.053003 -1.471963 0.107797
v 0.053003 -1.471963 0.080997
v 0.052383 -1.471963 0.078555
v 0.050690 -1.471963 0.076768
v 0.048378 -1.471963 0.076114
v 0.063893 -1.471963 0.076114
v 0.061581 -1.471963 0.076768
v 0.059888 -1.471963 0.078555
v 0.059268 -1.471963 0.080997
v 0.059268 -1.471963 0.107797
v 0.059888 -1.471963 0.110239
v 0.061581 -1.471963 0.112026
v 0.063893 -1.471963 0.112680
v 0.094419 -1.471963 0.112680
v 0.096731 -1.471963 0.112026
v 0.098424 -1.471963 0.110239
v 0.099044 -1.471963 0.107797
v 0.099044 -1.471963 0.080997
v 0.098424 -1.471963 0.078555
v 0.096731 -1.471963 0.076768
v 0.094419 -1.471963 0.076114
v 0.110719 -1.471963 0.076114
v 0.108406 -1.471963 0.076768
v 0.106713 -1.471963 0.078555
v 0.106094 -1.471963 0.080997
v 0.106094 -1.471963 0.107797
v 0.106713 -1.471963 0.110239
v 0.108406 -1.471963 0.112026
v 0.110719 -1.471963 0.112680
v 0.141245 -1.471963 0.112680
v 0.143557 -1.471963 0.112026
v 0.145250 -1.471963 0.110239
v 0.145870 -1.471963 0.107797
v 0.145870 -1.471963 0.080997
v 0.145250 -1.471963 0.078555
v 0.143557 -1.471963 0.076768
v 0.141245 -1.471963 0.076114
v 0.156584 -1.471963 0.076114
v 0.154272 -1.471963 0.076768
v 0.152579 -1.471963 0.078555
v 0.151959 -1.471963 0.080997
v 0.151959 -1.471963 0.107797
v 0.152579 -1.471963 0.110239
v 0.154272 -1.471963 0.112026
v 0.156584 -1.471963 0.112680
v 0.187110 -1.471963 0.112681
v 0.189423 -1.471963 0.112026
v 0.191116 -1.471963 0.110239
v 0.191735 -1.471963 0.107797
v 0.191735 -1.471963 0.080997
v 0.191116 -1.471963 0.078555
v 0.189423 -1.471963 0.076768
v 0.187110 -1.471963 0.076114
v 0.202561 -1.471963 0.076114
v 0.200248 -1.471963 0.076768
v 0.198555 -1.471963 0.078555
v 0.197936 -1.471963 0.080997
v 0.197936 -1.471963 0.107797
v 0.198555 -1.471963 0.110239
v 0.200248 -1.471963 0.112026
v 0.202561 -1.471963 0.112681
v 0.233087 -1.471963 0.112681
v 0.235399 -1.471963 0.112026
v 0.237092 -1.471963 0.110239
v 0.237712 -1.471963 0.107797
v 0.237712 -1.471963 0.080997
v 0.237092 -1.471963 0.078555
v 0.235399 -1.471963 0.076768
v 0.233087 -1.471963 0.076114
v 0.248726 -1.471963 0.076114
v 0.246414 -1.471963 0.076768
v 0.244721 -1.471963 0.078555
v 0.244101 -1.471963 0.080997
v 0.244101 -1.471963 0.107797
v 0.244721 -1.471963 0.110239
v 0.246414 -1.471963 0.112026
v 0.248726 -1.471963 0.112681
v 0.279252 -1.471963 0.112681
v 0.281565 -1.471963 0.112026
v 0.283258 -1.471963 0.110239
v 0.283877 -1.471963 0.107797
v 0.283877 -1.471963 0.080997
v 0.283258 -1.471963 0.078555
v 0.281565 -1.471963 0.076768
v 0.279252 -1.471963 0.076114
v 0.294679 -1.471963 0.076114
v 0.292366 -1.471963 0.076768
v 0.290673 -1.471963 0.078555
v 0.290054 -1.471963 0.080997
v 0.290054 -1.471963 0.107797
v 0.290673 -1.471963 0.110239
v 0.292366 -1.471963 0.112026
v 0.294679 -1.471963 0.112681
v 0.325205 -1.471963 0.112681
v 0.327517 -1.471963 0.112027
v 0.329210 -1.471963 0.110239
v 0.329830 -1.471963 0.107797
v 0.329830 -1.471963 0.080997
v 0.329210 -1.471963 0.078555
v 0.327517 -1.471963 0.076768
v 0.325205 -1.471963 0.076114
v 0.225737 -1.472005 0.033940
v 0.223461 -1.472005 0.034584
v 0.221794 -1.472005 0.036343
v 0.221185 -1.472005 0.038746
v 0.221185 -1.472005 0.063758
v 0.221794 -1.472005 0.066161
v 0.223461 -1.472005 0.067920
v 0.225737 -1.472005 0.068564
v 0.255780 -1.472005 0.068564
v 0.258056 -1.472005 0.067920
v 0.259722 -1.472005 0.066161
v 0.260332 -1.472005 0.063758
v 0.260332 -1.472005 0.038746
v 0.259722 -1.472005 0.036343
v 0.258056 -1.472005 0.034584
v 0.255780 -1.472005 0.033940
v 0.179602 -1.472005 0.033940
v 0.177325 -1.472005 0.034584
v 0.175659 -1.472005 0.036343
v 0.175050 -1.472005 0.038746
v 0.175050 -1.472005 0.063758
v 0.175659 -1.472005 0.066161
v 0.177325 -1.472005 0.067920
v 0.179602 -1.472005 0.068564
v 0.209645 -1.472005 0.068564
v 0.211921 -1.472005 0.067920
v 0.213587 -1.472005 0.066161
v 0.214197 -1.472005 0.063758
v 0.214197 -1.472005 0.038746
v 0.213587 -1.472005 0.036343
v 0.211921 -1.472005 0.034584
v 0.209645 -1.472005 0.033940
v 0.133644 -1.472005 0.033940
v 0.131368 -1.472005 0.034584
v 0.129702 -1.472005 0.036343
v 0.129092 -1.472005 0.038746
v 0.129092 -1.472005 0.063758
v 0.129702 -1.472005 0.066161
v 0.131368 -1.472005 0.067920
v 0.133644 -1.472005 0.068564
v 0.163688 -1.472005 0.068564
v 0.165964 -1.472005 0.067920
v 0.167630 -1.472005 0.066161
v 0.168240 -1.472005 0.063758
v 0.168240 -1.472005 0.038746
v 0.167630 -1.472005 0.036343
v 0.165964 -1.472005 0.034584
v 0.163688 -1.472005 0.033940
v 0.087974 -1.472005 0.033940
v 0.085698 -1.472005 0.034584
v 0.084032 -1.472005 0.036343
v 0.083422 -1.472005 0.038746
v 0.083422 -1.472005 0.063758
v 0.084032 -1.472005 0.066161
v 0.085698 -1.472005 0.067920
v 0.087974 -1.472005 0.068564
v 0.118018 -1.472005 0.068564
v 0.120294 -1.472005 0.067920
v 0.121960 -1.472005 0.066161
v 0.122570 -1.472005 0.063758
v 0.122570 -1.472005 0.038746
v 0.121960 -1.472005 0.036343
v 0.120294 -1.472005 0.034584
v 0.118018 -1.472005 0.033940
v 0.041812 -1.472005 0.033940
v 0.039536 -1.472005 0.034584
v 0.037870 -1.472005 0.036343
v 0.037261 -1.472005 0.038746
v 0.037261 -1.472005 0.063758
v 0.037870 -1.472005 0.066161
v 0.039536 -1.472005 0.067920
v 0.041812 -1.472005 0.068564
v 0.071856 -1.472005 0.068564
v 0.074132 -1.472005 0.067920
v 0.075798 -1.472005 0.066161
v 0.076408 -1.472005 0.063758
v 0.076408 -1.472005 0.038746
v 0.075798 -1.472005 0.036343
v 0.074132 -1.472005 0.034584
v 0.071856 -1.472005 0.033940
v -0.004555 -1.472005 0.033940
v -0.006831 -1.472005 0.034584
v -0.008497 -1.472005 0.036343
v -0.009107 -1.472005 0.038746
v -0.009107 -1.472005 0.063758
v -0.008497 -1.472005 0.066161
v -0.006831 -1.472005 0.067920
v -0.004555 -1.472005 0.068564
v 0.025489 -1.472005 0.068564
v 0.027765 -1.472005 0.067920
v 0.029431 -1.472005 0.066161
v 0.030041 -1.472005 0.063758
v 0.030041 -1.472005 0.038746
v 0.029431 -1.472005 0.036343
v 0.027765 -1.472005 0.034584
v 0.025489 -1.472005 0.033940
v -0.050564 -1.472005 0.033940
v -0.052840 -1.472005 0.034584
v -0.054506 -1.472005 0.036343
v -0.055115 -1.472005 0.038746
v -0.055115 -1.472005 0.063758
v -0.054506 -1.472005 0.066161
v -0.052840 -1.472005 0.067920
v -0.050564 -1.472005 0.068564
v -0.020520 -1.472005 0.068564
v -0.018244 -1.472005 0.067920
v -0.016578 -1.472005 0.066161
v -0.015968 -1.472005 0.063758
v -0.015968 -1.472005 0.038746
v -0.016578 -1.472005 0.036343
v -0.018244 -1.472005 0.034584
v -0.020520 -1.472005 0.033940
v -0.096746 -1.472005 0.033940
v -0.099022 -1.472005 0.034584
v -0.100688 -1.472005 0.036343
v -0.101298 -1.472005 0.038746
v -0.101298 -1.472005 0.063758
v -0.100688 -1.472005 0.066161
v -0.099022 -1.472005 0.067920
v -0.096746 -1.472005 0.068564
v -0.066702 -1.472005 0.068564
v -0.064426 -1.472005 0.067920
v -0.062760 -1.472005 0.066161
v -0.062150 -1.472005 0.063758
v -0.062150 -1.472005 0.038746
v -0.062760 -1.472005 0.036343
v -0.064426 -1.472005 0.034584
v -0.066702 -1.472005 0.033940
v -0.142623 -1.472005 0.033940
v -0.144899 -1.472005 0.034584
v -0.146566 -1.472005 0.036343
v -0.147175 -1.472005 0.038746
v -0.147175 -1.472005 0.063758
v -0.146566 -1.472005 0.066161
v -0.144899 -1.472005 0.067920
v -0.142623 -1.472005 0.068564
v -0.112580 -1.472005 0.068564
v -0.110304 -1.472005 0.067920
v -0.108638 -1.472005 0.066161
v -0.108028 -1.472005 0.063758
v -0.108028 -1.472005 0.038746
v -0.108638 -1.472005 0.036343
v -0.110304 -1.472005 0.034584
v -0.112580 -1.472005 0.033940
v -0.188678 -1.472005 0.033940
v -0.190954 -1.472005 0.034584
v -0.192620 -1.472005 0.036343
v -0.193230 -1.472005 0.038746
v -0.193230 -1.472005 0.063758
v -0.192620 -1.472005 0.066161
v -0.190954 -1.472005 0.067920
v -0.188678 -1.472005 0.068564
v -0.158634 -1.472005 0.068564
v -0.156359 -1.472005 0.067920
v -0.154692 -1.472005 0.066161
v -0.154083 -1.472005 0.063758
v -0.154083 -1.472005 0.038746
v -0.154692 -1.472005 0.036343
v -0.156359 -1.472005 0.034584
v -0.158634 -1.472005 0.033940
v -0.235187 -1.472005 0.033940
v -0.237463 -1.472005 0.034584
v -0.239129 -1.472005 0.036343
v -0.239739 -1.472005 0.038746
v -0.239739 -1.472005 0.063758
v -0.239129 -1.472005 0.066161
v -0.237463 -1.472005 0.067920
v -0.235187 -1.472005 0.068564
v -0.205143 -1.472005 0.068564
v -0.202867 -1.472005 0.067920
v -0.201201 -1.472005 0.066161
v -0.200591 -1.472005 0.063758
v -0.200591 -1.472005 0.038746
v -0.201201 -1.472005 0.036343
v -0.202867 -1.472005 0.034584
v -0.205143 -1.472005 0.033940
v -0.280645 -1.472005 0.033940
v -0.282920 -1.472005 0.034584
v -0.284587 -1.472005 0.036343
v -0.285197 -1.472005 0.038746
v -0.285197 -1.472005 0.063758
v -0.284587 -1.472005 0.066161
v -0.282920 -1.472005 0.067920
v -0.280645 -1.472005 0.068564
v -0.250601 -1.472005 0.068564
v -0.248325 -1.472005 0.067920
v -0.246659 -1.472005 0.066161
v -0.246049 -1.472005 0.063758
v -0.246049 -1.472005 0.038746
v -0.246659 -1.472005 0.036343
v -0.248325 -1.472005 0.034584
v -0.250601 -1.472005 0.033940
v -0.326956 -1.472005 0.033940
v -0.329232 -1.472005 0.034584
v -0.330898 -1.472005 0.036343
v -0.331508 -1.472005 0.038746
v -0.331508 -1.472005 0.063758
v -0.330898 -1.472005 0.066161
v -0.329232 -1.472005 0.067920
v -0.326956 -1.472005 0.068564
v -0.296912 -1.472005 0.068564
v -0.294636 -1.472005 0.067920
v -0.292970 -1.472005 0.066161
v -0.292360 -1.472005 0.063758
v -0.292360 -1.472005 0.038746
v -0.292970 -1.472005 0.036343
v -0.294636 -1.472005 0.034584
v -0.296912 -1.472005 0.033940
v -0.322577 -1.472005 -0.009928
v -0.324853 -1.472005 -0.009284
v -0.326519 -1.472005 -0.007525
v -0.327129 -1.472005 -0.005122
v -0.327129 -1.472005 0.019890
v -0.326519 -1.472005 0.022293
v -0.324853 -1.472005 0.024052
v -0.322577 -1.472005 0.024696
v -0.259279 -1.472005 0.024696
v -0.257003 -1.472005 0.024052
v -0.255337 -1.472005 0.022293
v -0.254728 -1.472005 0.019890
v -0.254728 -1.472005 -0.005122
v -0.255337 -1.472005 -0.007525
v -0.257003 -1.472005 -0.009284
v -0.259279 -1.472005 -0.009928
v -0.243697 -1.472005 -0.009788
v -0.245973 -1.472005 -0.009144
v -0.247640 -1.472005 -0.007385
v -0.248249 -1.472005 -0.004982
v -0.248249 -1.472005 0.020030
v -0.247640 -1.472005 0.022433
v -0.245973 -1.472005 0.024192
v -0.243697 -1.472005 0.024836
v -0.213654 -1.472005 0.024836
v -0.211378 -1.472005 0.024192
v -0.209712 -1.472005 0.022433
v -0.209102 -1.472005 0.020030
v -0.209102 -1.472005 -0.004982
v -0.209712 -1.472005 -0.007385
v -0.211378 -1.472005 -0.009144
v -0.213654 -1.472005 -0.009788
v -0.198147 -1.472005 -0.009788
v -0.200423 -1.472005 -0.009144
v -0.202089 -1.472005 -0.007385
v -0.202699 -1.472005 -0.004982
v -0.202699 -1.472005 0.020030
v -0.202089 -1.472005 0.022433
v -0.200423 -1.472005 0.024192
v -0.198147 -1.472005 0.024836
v -0.168103 -1.472005 0.024836
v -0.165828 -1.472005 0.024192
v -0.164161 -1.472005 0.022433
v -0.163551 -1.472005 0.020030
v -0.163551 -1.472005 -0.004982
v -0.164161 -1.472005 -0.007385
v -0.165828 -1.472005 -0.009144
v -0.168103 -1.472005 -0.009788
v -0.152821 -1.472005 -0.009788
v -0.155097 -1.472005 -0.009144
v -0.156763 -1.472005 -0.007385
v -0.157373 -1.472005 -0.004982
v -0.157373 -1.472005 0.020030
v -0.156763 -1.472005 0.022433
v -0.155097 -1.472005 0.024192
v -0.152821 -1.472005 0.024836
v -0.122778 -1.472005 0.024836
v -0.120502 -1.472005 0.024192
v -0.118836 -1.472005 0.022433
v -0.118226 -1.472005 0.020030
v -0.118226 -1.472005 -0.004982
v -0.118836 -1.472005 -0.007385
v -0.120502 -1.472005 -0.009144
v -0.122778 -1.472005 -0.009788
v -0.107271 -1.472005 -0.009788
v -0.109547 -1.472005 -0.009144
v -0.111213 -1.472005 -0.007385
v -0.111823 -1.472005 -0.004982
v -0.111823 -1.472005 0.020030
v -0.111213 -1.472005 0.022433
v -0.109547 -1.472005 0.024192
v -0.107271 -1.472005 0.024836
v -0.077227 -1.472005 0.024836
v -0.074951 -1.472005 0.024192
v -0.073285 -1.472005 0.022433
v -0.072676 -1.472005 0.020030
v -0.072676 -1.472005 -0.004982
v -0.073285 -1.472005 -0.007385
v -0.074951 -1.472005 -0.009144
v -0.077227 -1.472005 -0.009788
v -0.061908 -1.472005 -0.009788
v -0.064184 -1.472005 -0.009144
v -0.065850 -1.472005 -0.007385
v -0.066460 -1.472005 -0.004982
v -0.066460 -1.472005 0.020030
v -0.065850 -1.472005 0.022433
v -0.064184 -1.472005 0.024192
v -0.061908 -1.472005 0.024836
v -0.031864 -1.472005 0.024836
v -0.029588 -1.472005 0.024192
v -0.027922 -1.472005 0.022433
v -0.027312 -1.472005 0.020030
v -0.027312 -1.472005 -0.004982
v -0.027922 -1.472005 -0.007385
v -0.029588 -1.472005 -0.009144
v -0.031864 -1.472005 -0.009788
v -0.017107 -1.472005 -0.009788
v -0.019383 -1.472005 -0.009144
v -0.021049 -1.472005 -0.007385
v -0.021659 -1.472005 -0.004982
v -0.021659 -1.472005 0.020030
v -0.021049 -1.472005 0.022433
v -0.019383 -1.472005 0.024192
v -0.017107 -1.472005 0.024836
v 0.012936 -1.472005 0.024836
v 0.015212 -1.472005 0.024192
v 0.016878 -1.472005 0.022433
v 0.017488 -1.472005 0.020030
v 0.017488 -1.472005 -0.004982
v 0.016878 -1.472005 -0.007385
v 0.015212 -1.472005 -0.009144
v 0.012936 -1.472005 -0.009788
v 0.028481 -1.472005 -0.009788
v 0.026205 -1.472005 -0.009144
v 0.024539 -1.472005 -0.007385
v 0.023929 -1.472005 -0.004982
v 0.023929 -1.472005 0.020030
v 0.024539 -1.472005 0.022433
v 0.026205 -1.472005 0.024192
v 0.028481 -1.472005 0.024836
v 0.058524 -1.472005 0.024836
v 0.060800 -1.472005 0.024192
v 0.062467 -1.472005 0.022433
v 0.063076 -1.472005 0.020030
v 0.063076 -1.472005 -0.004982
v 0.062467 -1.472005 -0.007385
v 0.060800 -1.472005 -0.009144
v 0.058524 -1.472005 -0.009788
v 0.073882 -1.472005 -0.009788
v 0.071606 -1.472005 -0.009144
v 0.069939 -1.472005 -0.007385
v 0.069329 -1.472005 -0.004982
v 0.069329 -1.472005 0.020030
v 0.069939 -1.472005 0.022433
v 0.071606 -1.472005 0.024192
v 0.073882 -1.472005 0.024836
v 0.103925 -1.472005 0.024836
v 0.106201 -1.472005 0.024192
v 0.107867 -1.472005 0.022433
v 0.108477 -1.472005 0.020030
v 0.108477 -1.472005 -0.004982
v 0.107867 -1.472005 -0.007385
v 0.106201 -1.472005 -0.009144
v 0.103925 -1.472005 -0.009788
v 0.118645 -1.472005 -0.009788
v 0.116369 -1.472005 -0.009144
v 0.114703 -1.472005 -0.007385
v 0.114093 -1.472005 -0.004982
v 0.114093 -1.472005 0.020030
v 0.114703 -1.472005 0.022433
v 0.116369 -1.472005 0.024192
v 0.118645 -1.472005 0.024836
v 0.148688 -1.472005 0.024836
v 0.150964 -1.472005 0.024192
v 0.152630 -1.472005 0.022433
v 0.153240 -1.472005 0.020030
v 0.153240 -1.472005 -0.004982
v 0.152630 -1.472005 -0.007385
v 0.150964 -1.472005 -0.009144
v 0.148688 -1.472005 -0.009788
v 0.164495 -1.472005 -0.009788
v 0.162219 -1.472005 -0.009144
v 0.160553 -1.472005 -0.007385
v 0.159943 -1.472005 -0.004982
v 0.159943 -1.472005 0.020030
v 0.160553 -1.472005 0.022433
v 0.162219 -1.472005 0.024192
v 0.164495 -1.472005 0.024836
v 0.194539 -1.472005 0.024836
v 0.196815 -1.472005 0.024192
v 0.198481 -1.472005 0.022433
v 0.199091 -1.472005 0.020030
v 0.199091 -1.472005 -0.004982
v 0.198481 -1.472005 -0.007385
v 0.196815 -1.472005 -0.009144
v 0.194539 -1.472005 -0.009788
v 0.214529 -1.472005 -0.009788
v 0.212253 -1.472005 -0.009144
v 0.210587 -1.472005 -0.007385
v 0.209977 -1.472005 -0.004982
v 0.209977 -1.472005 0.020030
v 0.210587 -1.472005 0.022433
v 0.212253 -1.472005 0.024192
v 0.214529 -1.472005 0.024836
v 0.244572 -1.472005 0.024836
v 0.246848 -1.472005 0.024192
v 0.248515 -1.472005 0.022433
v 0.249124 -1.472005 0.020030
v 0.249124 -1.472005 -0.004982
v 0.248515 -1.472005 -0.007385
v 0.246848 -1.472005 -0.009144
v 0.244572 -1.472005 -0.009788
v 0.272674 -1.472005 0.033339
v 0.270398 -1.472005 0.033983
v 0.268732 -1.472005 0.035742
v 0.268122 -1.472005 0.038145
v 0.268122 -1.472005 0.063157
v 0.268732 -1.472005 0.065560
v 0.270398 -1.472005 0.067319
v 0.272674 -1.472005 0.067963
v 0.326073 -1.472005 0.067963
v 0.328349 -1.472005 0.067319
v 0.330016 -1.472005 0.065560
v 0.330626 -1.472005 0.063157
v 0.330626 -1.472005 0.038145
v 0.330016 -1.472005 0.035742
v 0.328349 -1.472005 0.033983
v 0.326073 -1.472005 0.033339
v 0.260915 -1.472005 -0.012250
v 0.258639 -1.472005 -0.011552
v 0.256973 -1.472005 -0.009645
v 0.256363 -1.472005 -0.007040
v 0.256363 -1.472005 0.020075
v 0.256973 -1.472005 0.022680
v 0.258639 -1.472005 0.024587
v 0.260915 -1.472005 0.025284
v 0.325749 -1.472005 0.025284
v 0.328025 -1.472005 0.024587
v 0.329691 -1.472005 0.022680
v 0.330301 -1.472005 0.020075
v 0.330301 -1.472005 -0.007040
v 0.329691 -1.472005 -0.009645
v 0.328025 -1.472005 -0.011552
v 0.325749 -1.472005 -0.012250
v 0.281614 -1.472005 -0.056715
v 0.280367 -1.472005 -0.056008
v 0.279454 -1.472005 -0.054078
v 0.279120 -1.472005 -0.051441
v 0.279120 -1.472005 -0.023993
v 0.279454 -1.472005 -0.021356
v 0.280367 -1.472005 -0.019426
v 0.281614 -1.472005 -0.018719
v 0.329538 -1.472005 -0.018719
v 0.330785 -1.472005 -0.019426
v 0.331699 -1.472005 -0.021356
v 0.332033 -1.472005 -0.023993
v 0.332033 -1.472005 -0.051441
v 0.331699 -1.472005 -0.054078
v 0.330785 -1.472005 -0.056008
v 0.329538 -1.472005 -0.056715
v 0.191375 -1.472005 -0.055166
v 0.189099 -1.472005 -0.054523
v 0.187433 -1.472005 -0.052763
v 0.186824 -1.472005 -0.050360
v 0.186824 -1.472005 -0.025348
v 0.187433 -1.472005 -0.022945
v 0.189099 -1.472005 -0.021186
v 0.191375 -1.472005 -0.020542
v 0.221419 -1.472005 -0.020542
v 0.223695 -1.472005 -0.021186
v 0.225361 -1.472005 -0.022945
v 0.225971 -1.472005 -0.025348
v 0.225971 -1.472005 -0.050360
v 0.225361 -1.472005 -0.052763
v 0.223695 -1.472005 -0.054522
v 0.221419 -1.472005 -0.055166
v 0.145665 -1.472005 -0.055166
v 0.143389 -1.472005 -0.054523
v 0.141723 -1.472005 -0.052763
v 0.141113 -1.472005 -0.050360
v 0.141113 -1.472005 -0.025348
v 0.141723 -1.472005 -0.022945
v 0.143389 -1.472005 -0.021186
v 0.145665 -1.472005 -0.020542
v 0.175709 -1.472005 -0.020542
v 0.177985 -1.472005 -0.021186
v 0.179651 -1.472005 -0.022945
v 0.180261 -1.472005 -0.025348
v 0.180261 -1.472005 -0.050360
v 0.179651 -1.472005 -0.052763
v 0.177985 -1.472005 -0.054523
v 0.175709 -1.472005 -0.055166
v 0.099394 -1.472005 -0.055166
v 0.097118 -1.472005 -0.054523
v 0.095451 -1.472005 -0.052763
v 0.094842 -1.472005 -0.050360
v 0.094842 -1.472005 -0.025348
v 0.095451 -1.472005 -0.022945
v 0.097118 -1.472005 -0.021186
v 0.099394 -1.472005 -0.020542
v 0.129437 -1.472005 -0.020542
v 0.131713 -1.472005 -0.021186
v 0.133379 -1.472005 -0.022945
v 0.133989 -1.472005 -0.025348
v 0.133989 -1.472005 -0.050360
v 0.133379 -1.472005 -0.052763
v 0.131713 -1.472005 -0.054523
v 0.129437 -1.472005 -0.055166
v 0.053299 -1.472005 -0.055166
v 0.051023 -1.472005 -0.054523
v 0.049357 -1.472005 -0.052763
v 0.048747 -1.472005 -0.050360
v 0.048747 -1.472005 -0.025348
v 0.049357 -1.472005 -0.022945
v 0.051023 -1.472005 -0.021186
v 0.053299 -1.472005 -0.020542
v 0.083343 -1.472005 -0.020542
v 0.085618 -1.472005 -0.021186
v 0.087284 -1.472005 -0.022945
v 0.087894 -1.472005 -0.025348
v 0.087894 -1.472005 -0.050360
v 0.087284 -1.472005 -0.052763
v 0.085618 -1.472005 -0.054523
v 0.083343 -1.472005 -0.055166
v 0.007187 -1.472005 -0.055166
v 0.004911 -1.472005 -0.054523
v 0.003245 -1.472005 -0.052763
v 0.002635 -1.472005 -0.050360
v 0.002635 -1.472005 -0.025348
v 0.003245 -1.472005 -0.022945
v 0.004911 -1.472005 -0.021186
v 0.007187 -1.472005 -0.020542
v 0.037231 -1.472005 -0.020542
v 0.039507 -1.472005 -0.021186
v 0.041173 -1.472005 -0.022945
v 0.041783 -1.472005 -0.025348
v 0.041783 -1.472005 -0.050360
v 0.041173 -1.472005 -0.052763
v 0.039507 -1.472005 -0.054523
v 0.037231 -1.472005 -0.055166
v -0.038855 -1.472005 -0.055166
v -0.041131 -1.472005 -0.054523
v -0.042797 -1.472005 -0.052763
v -0.043407 -1.472005 -0.050360
v -0.043407 -1.472005 -0.025348
v -0.042797 -1.472005 -0.022945
v -0.041131 -1.472005 -0.021186
v -0.038855 -1.472005 -0.020542
v -0.008811 -1.472005 -0.020542
v -0.006536 -1.472005 -0.021186
v -0.004870 -1.472005 -0.022945
v -0.004260 -1.472005 -0.025348
v -0.004260 -1.472005 -0.050360
v -0.004870 -1.472005 -0.052763
v -0.006536 -1.472005 -0.054523
v -0.008811 -1.472005 -0.055166
v -0.085047 -1.472005 -0.055166
v -0.087323 -1.472005 -0.054523
v -0.088989 -1.472005 -0.052763
v -0.089599 -1.472005 -0.050360
v -0.089599 -1.472005 -0.025348
v -0.088989 -1.472005 -0.022945
v -0.087323 -1.472005 -0.021186
v -0.085047 -1.472005 -0.020542
v -0.055003 -1.472005 -0.020542
v -0.052727 -1.472005 -0.021186
v -0.051061 -1.472005 -0.022945
v -0.050451 -1.472005 -0.025348
v -0.050451 -1.472005 -0.050360
v -0.051061 -1.472005 -0.052763
v -0.052727 -1.472005 -0.054523
v -0.055003 -1.472005 -0.055166
v -0.130884 -1.472005 -0.055166
v -0.133160 -1.472005 -0.054523
v -0.134826 -1.472005 -0.052763
v -0.135436 -1.472005 -0.050360
v -0.135436 -1.472005 -0.025348
v -0.134826 -1.472005 -0.022945
v -0.133160 -1.472005 -0.021186
v -0.130884 -1.472005 -0.020542
v -0.100840 -1.472005 -0.020542
v -0.098565 -1.472005 -0.021186
v -0.096898 -1.472005 -0.022945
v -0.096289 -1.472005 -0.025348
v -0.096289 -1.472005 -0.050360
v -0.096898 -1.472005 -0.052763
v -0.098565 -1.472005 -0.054523
v -0.100840 -1.472005 -0.055166
v -0.176854 -1.472005 -0.055166
v -0.179130 -1.472005 -0.054523
v -0.180796 -1.472005 -0.052763
v -0.181406 -1.472005 -0.050360
v -0.181406 -1.472005 -0.025348
v -0.180796 -1.472005 -0.022945
v -0.179130 -1.472005 -0.021186
v -0.176854 -1.472005 -0.020542
v -0.146810 -1.472005 -0.020542
v -0.144534 -1.472005 -0.021186
v -0.142868 -1.472005 -0.022945
v -0.142258 -1.472005 -0.025348
v -0.142258 -1.472005 -0.050360
v -0.142868 -1.472005 -0.052763
v -0.144534 -1.472005 -0.054523
v -0.146810 -1.472005 -0.055166
v -0.223145 -1.472005 -0.055166
v -0.225421 -1.472005 -0.054523
v -0.227088 -1.472005 -0.052763
v -0.227697 -1.472005 -0.050360
v -0.227697 -1.472005 -0.025348
v -0.227088 -1.472005 -0.022945
v -0.225421 -1.472005 -0.021186
v -0.223145 -1.472005 -0.020542
v -0.193102 -1.472005 -0.020542
v -0.190826 -1.472005 -0.021186
v -0.189160 -1.472005 -0.022945
v -0.188550 -1.472005 -0.025348
v -0.188550 -1.472005 -0.050360
v -0.189160 -1.472005 -0.052763
v -0.190826 -1.472005 -0.054523
v -0.193102 -1.472005 -0.055166
v -0.326402 -1.472005 -0.055166
v -0.328678 -1.472005 -0.054523
v -0.330344 -1.472005 -0.052763
v -0.330954 -1.472005 -0.050360
v -0.330954 -1.472005 -0.025348
v -0.330344 -1.472005 -0.022945
v -0.328678 -1.472005 -0.021186
v -0.326402 -1.472005 -0.020542
v -0.239374 -1.472005 -0.020542
v -0.237098 -1.472005 -0.021186
v -0.235432 -1.472005 -0.022945
v -0.234822 -1.472005 -0.025348
v -0.234822 -1.472005 -0.050360
v -0.235432 -1.472005 -0.052763
v -0.237098 -1.472005 -0.054523
v -0.239374 -1.472005 -0.055166
v -0.328903 -1.472005 -0.103959
v -0.331344 -1.472005 -0.102744
v -0.333130 -1.472005 -0.099425
v -0.333784 -1.472005 -0.094892
v -0.333784 -1.472005 -0.072193
v -0.333130 -1.472005 -0.067659
v -0.331344 -1.472005 -0.064340
v -0.328903 -1.472005 -0.063126
v -0.295686 -1.472005 -0.063126
v -0.293246 -1.472005 -0.064340
v -0.291459 -1.472005 -0.067659
v -0.290805 -1.472005 -0.072193
v -0.290805 -1.472005 -0.094892
v -0.291459 -1.472005 -0.099425
v -0.293246 -1.472005 -0.102744
v -0.295686 -1.472005 -0.103959
v -0.236464 -1.472005 -0.103959
v -0.238904 -1.472005 -0.102744
v -0.240691 -1.472005 -0.099425
v -0.241345 -1.472005 -0.094892
v -0.241345 -1.472005 -0.072193
v -0.240691 -1.472005 -0.067659
v -0.238904 -1.472005 -0.064340
v -0.236464 -1.472005 -0.063126
v -0.203247 -1.472005 -0.063126
v -0.200806 -1.472005 -0.064340
v -0.199020 -1.472005 -0.067659
v -0.198366 -1.472005 -0.072193
v -0.198366 -1.472005 -0.094892
v -0.199020 -1.472005 -0.099425
v -0.200806 -1.472005 -0.102744
v -0.203247 -1.472005 -0.103959
v -0.188568 -1.472005 -0.104430
v -0.190844 -1.472005 -0.103786
v -0.192511 -1.472005 -0.102027
v -0.193120 -1.472005 -0.099624
v -0.193120 -1.472005 -0.066915
v -0.192511 -1.472005 -0.064511
v -0.190844 -1.472005 -0.062752
v -0.188568 -1.472005 -0.062109
v -0.157588 -1.472005 -0.062109
v -0.155312 -1.472005 -0.062752
v -0.153646 -1.472005 -0.064511
v -0.153036 -1.472005 -0.066915
v -0.153036 -1.472005 -0.099624
v -0.153646 -1.472005 -0.102027
v -0.155312 -1.472005 -0.103786
v -0.157588 -1.472005 -0.104430
v -0.141614 -1.472005 -0.104388
v -0.144453 -1.472005 -0.103744
v -0.146531 -1.472005 -0.101985
v -0.147292 -1.472005 -0.099582
v -0.147292 -1.472005 -0.066873
v -0.146531 -1.472005 -0.064470
v -0.144453 -1.472005 -0.062710
v -0.141614 -1.472005 -0.062067
v -0.102971 -1.472005 -0.062067
v -0.100132 -1.472005 -0.062710
v -0.098053 -1.472005 -0.064470
v -0.097293 -1.472005 -0.066873
v -0.097293 -1.472005 -0.099582
v -0.098053 -1.472005 -0.101985
v -0.100132 -1.472005 -0.103744
v -0.102970 -1.472005 -0.104388
v -0.082442 -1.472005 -0.104413
v -0.085281 -1.472005 -0.103769
v -0.087359 -1.472005 -0.102010
v -0.088119 -1.472005 -0.099607
v -0.088119 -1.472005 -0.066898
v -0.087359 -1.472005 -0.064495
v -0.085281 -1.472005 -0.062736
v -0.082442 -1.472005 -0.062092
v 0.126662 -1.472005 -0.062092
v 0.129501 -1.472005 -0.062736
v 0.131579 -1.472005 -0.064495
v 0.132340 -1.472005 -0.066898
v 0.132340 -1.472005 -0.099607
v 0.131579 -1.472005 -0.102010
v 0.129501 -1.472005 -0.103769
v 0.126662 -1.472005 -0.104413
v 0.147203 -1.472005 -0.104363
v 0.144364 -1.472005 -0.103719
v 0.142286 -1.472005 -0.101960
v 0.141525 -1.472005 -0.099557
v 0.141525 -1.472005 -0.066847
v 0.142286 -1.472005 -0.064444
v 0.144364 -1.472005 -0.062685
v 0.147203 -1.472005 -0.062041
v 0.185847 -1.472005 -0.062041
v 0.188686 -1.472005 -0.062685
v 0.190764 -1.472005 -0.064444
v 0.191525 -1.472005 -0.066847
v 0.191525 -1.472005 -0.099557
v 0.190764 -1.472005 -0.101960
v 0.188686 -1.472005 -0.103719
v 0.185847 -1.472005 -0.104363
v 0.202961 -1.472005 -0.104262
v 0.200685 -1.472005 -0.103618
v 0.199018 -1.472005 -0.101859
v 0.198409 -1.472005 -0.099456
v 0.198409 -1.472005 -0.066747
v 0.199018 -1.472005 -0.064344
v 0.200685 -1.472005 -0.062585
v 0.202961 -1.472005 -0.061941
v 0.233941 -1.472005 -0.061941
v 0.236217 -1.472005 -0.062585
v 0.237883 -1.472005 -0.064344
v 0.238493 -1.472005 -0.066747
v 0.238493 -1.472005 -0.099456
v 0.237883 -1.472005 -0.101859
v 0.236217 -1.472005 -0.103618
v 0.233941 -1.472005 -0.104262
v 0.248601 -1.472005 -0.104715
v 0.246325 -1.472005 -0.104071
v 0.244659 -1.472005 -0.102312
v 0.244049 -1.472005 -0.099909
v 0.244049 -1.472005 -0.067200
v 0.244659 -1.472005 -0.064797
v 0.246325 -1.472005 -0.063038
v 0.248601 -1.472005 -0.062394
v 0.279582 -1.472005 -0.062394
v 0.281858 -1.472005 -0.063038
v 0.283524 -1.472005 -0.064797
v 0.284134 -1.472005 -0.067200
v 0.284134 -1.472005 -0.099909
v 0.283524 -1.472005 -0.102312
v 0.281858 -1.472005 -0.104071
v 0.279582 -1.472005 -0.104715
v 0.295264 -1.472005 -0.105419
v 0.292988 -1.472005 -0.104776
v 0.291322 -1.472005 -0.103017
v 0.290712 -1.472005 -0.100614
v 0.290712 -1.472005 -0.067904
v 0.291322 -1.472005 -0.065501
v 0.292988 -1.472005 -0.063742
v 0.295264 -1.472005 -0.063098
v 0.326245 -1.472005 -0.063098
v 0.328520 -1.472005 -0.063742
v 0.330187 -1.472005 -0.065501
v 0.330797 -1.472005 -0.067904
v 0.330797 -1.472005 -0.100614
v 0.330187 -1.472005 -0.103017
v 0.328520 -1.472005 -0.104776
v 0.326245 -1.472005 -0.105419
v 0.235115 -1.472005 -0.056715
v 0.234173 -1.472005 -0.056008
v 0.233483 -1.472005 -0.054078
v 0.233231 -1.472005 -0.051441
v 0.233231 -1.472005 -0.023993
v 0.233483 -1.472005 -0.021356
v 0.234173 -1.472005 -0.019426
v 0.235115 -1.472005 -0.018719
v 0.271304 -1.472005 -0.018719
v 0.272246 -1.472005 -0.019426
v 0.272936 -1.472005 -0.021356
v 0.273188 -1.472005 -0.023993
v 0.273188 -1.472005 -0.051441
v 0.272936 -1.472005 -0.054078
v 0.272246 -1.472005 -0.056008
v 0.271304 -1.472005 -0.056715
v -0.286599 -1.477270 -0.088807
v -0.286599 -1.477270 -0.101061
v -0.286244 -1.477270 -0.102187
v -0.285233 -1.477270 -0.103142
v -0.283720 -1.477270 -0.103781
v -0.281936 -1.477270 -0.104004
v -0.250740 -1.477270 -0.104004
v -0.248956 -1.477270 -0.103780
v -0.247444 -1.477270 -0.103142
v -0.246433 -1.477270 -0.102187
v -0.246078 -1.477270 -0.101061
v -0.246078 -1.477270 -0.088807
v -0.286599 -1.477270 -0.083050
v -0.246078 -1.477270 -0.083050
v -0.246078 -1.477270 -0.077150
v -0.246078 -1.477270 -0.064896
v -0.246433 -1.477270 -0.063770
v -0.247444 -1.477270 -0.062815
v -0.248956 -1.477270 -0.062177
v -0.250740 -1.477270 -0.061953
v -0.281936 -1.477270 -0.061953
v -0.283720 -1.477270 -0.062177
v -0.285233 -1.477270 -0.062815
v -0.286244 -1.477270 -0.063770
v -0.286599 -1.477270 -0.064896
v -0.286599 -1.477270 -0.077150
v -0.274060 -1.477260 0.076114
v -0.271747 -1.477260 0.076768
v -0.270054 -1.477260 0.078555
v -0.269435 -1.477260 0.080997
v -0.269435 -1.477260 0.107797
v -0.270055 -1.477260 0.110239
v -0.271747 -1.477260 0.112026
v -0.274060 -1.477260 0.112680
v -0.326984 -1.477260 0.112680
v -0.329297 -1.477260 0.112026
v -0.330989 -1.477260 0.110239
v -0.331609 -1.477260 0.107797
v -0.331609 -1.477260 0.080997
v -0.330989 -1.477260 0.078555
v -0.329297 -1.477260 0.076768
v -0.326984 -1.477260 0.076114
v -0.228029 -1.477260 0.076114
v -0.225717 -1.477260 0.076768
v -0.224024 -1.477260 0.078555
v -0.223404 -1.477260 0.080997
v -0.223404 -1.477260 0.107797
v -0.224024 -1.477260 0.110239
v -0.225717 -1.477260 0.112026
v -0.228029 -1.477260 0.112680
v -0.258555 -1.477260 0.112680
v -0.260868 -1.477260 0.112026
v -0.262561 -1.477260 0.110239
v -0.263180 -1.477260 0.107797
v -0.263180 -1.477260 0.080997
v -0.262561 -1.477260 0.078555
v -0.260868 -1.477260 0.076768
v -0.258555 -1.477260 0.076114
v -0.181734 -1.477260 0.076114
v -0.179422 -1.477260 0.076768
v -0.177729 -1.477260 0.078555
v -0.177109 -1.477260 0.080997
v -0.177109 -1.477260 0.107797
v -0.177729 -1.477260 0.110239
v -0.179422 -1.477260 0.112026
v -0.181734 -1.477260 0.112680
v -0.212260 -1.477260 0.112680
v -0.214573 -1.477260 0.112026
v -0.216266 -1.477260 0.110239
v -0.216885 -1.477260 0.107797
v -0.216885 -1.477260 0.080997
v -0.216266 -1.477260 0.078555
v -0.214573 -1.477260 0.076768
v -0.212260 -1.477260 0.076114
v -0.135954 -1.477260 0.076114
v -0.133641 -1.477260 0.076768
v -0.131948 -1.477260 0.078555
v -0.131328 -1.477260 0.080997
v -0.131328 -1.477260 0.107797
v -0.131948 -1.477260 0.110239
v -0.133641 -1.477260 0.112026
v -0.135954 -1.477260 0.112680
v -0.166480 -1.477260 0.112680
v -0.168792 -1.477260 0.112026
v -0.170485 -1.477260 0.110239
v -0.171105 -1.477260 0.107797
v -0.171105 -1.477260 0.080997
v -0.170485 -1.477260 0.078555
v -0.168792 -1.477260 0.076768
v -0.166480 -1.477260 0.076114
v -0.089465 -1.477260 0.076114
v -0.087152 -1.477260 0.076768
v -0.085460 -1.477260 0.078555
v -0.084840 -1.477260 0.080997
v -0.084840 -1.477260 0.107797
v -0.085460 -1.477260 0.110239
v -0.087152 -1.477260 0.112026
v -0.089465 -1.477260 0.112680
v -0.119991 -1.477260 0.112680
v -0.122304 -1.477260 0.112026
v -0.123996 -1.477260 0.110239
v -0.124616 -1.477260 0.107797
v -0.124616 -1.477260 0.080997
v -0.123996 -1.477260 0.078555
v -0.122304 -1.477260 0.076768
v -0.119991 -1.477260 0.076114
v -0.043404 -1.477260 0.076114
v -0.041092 -1.477260 0.076768
v -0.039399 -1.477260 0.078555
v -0.038779 -1.477260 0.080997
v -0.038779 -1.477260 0.107797
v -0.039399 -1.477260 0.110239
v -0.041092 -1.477260 0.112026
v -0.043404 -1.477260 0.112680
v -0.073930 -1.477260 0.112680
v -0.076243 -1.477260 0.112026
v -0.077936 -1.477260 0.110239
v -0.078555 -1.477260 0.107797
v -0.078555 -1.477260 0.080997
v -0.077936 -1.477260 0.078555
v -0.076243 -1.477260 0.076768
v -0.073930 -1.477260 0.076114
v 0.002715 -1.477260 0.076114
v 0.005028 -1.477260 0.076768
v 0.006721 -1.477260 0.078555
v 0.007340 -1.477260 0.080997
v 0.007340 -1.477260 0.107797
v 0.006721 -1.477260 0.110239
v 0.005028 -1.477260 0.112026
v 0.002715 -1.477260 0.112680
v -0.027811 -1.477260 0.112680
v -0.030123 -1.477260 0.112026
v -0.031816 -1.477260 0.110239
v -0.032436 -1.477260 0.107797
v -0.032436 -1.477260 0.080997
v -0.031816 -1.477260 0.078555
v -0.030123 -1.477260 0.076768
v -0.027811 -1.477260 0.076114
v 0.048378 -1.477260 0.076114
v 0.050690 -1.477260 0.076768
v 0.052383 -1.477260 0.078555
v 0.053003 -1.477260 0.080997
v 0.053003 -1.477260 0.107797
v 0.052383 -1.477260 0.110239
v 0.050690 -1.477260 0.112026
v 0.048378 -1.477260 0.112680
v 0.017852 -1.477260 0.112680
v 0.015539 -1.477260 0.112026
v 0.013847 -1.477260 0.110239
v 0.013227 -1.477260 0.107797
v 0.013227 -1.477260 0.080997
v 0.013847 -1.477260 0.078555
v 0.015539 -1.477260 0.076768
v 0.017852 -1.477260 0.076114
v 0.094419 -1.477260 0.076114
v 0.096731 -1.477260 0.076768
v 0.098424 -1.477260 0.078555
v 0.099044 -1.477260 0.080997
v 0.099044 -1.477260 0.107797
v 0.098424 -1.477260 0.110239
v 0.096731 -1.477260 0.112026
v 0.094419 -1.477260 0.112680
v 0.063893 -1.477260 0.112680
v 0.061581 -1.477260 0.112026
v 0.059888 -1.477260 0.110239
v 0.059268 -1.477260 0.107797
v 0.059268 -1.477260 0.080997
v 0.059888 -1.477260 0.078555
v 0.061581 -1.477260 0.076768
v 0.063893 -1.477260 0.076114
v 0.141245 -1.477260 0.076114
v 0.143557 -1.477260 0.076768
v 0.145250 -1.477260 0.078555
v 0.145870 -1.477260 0.080997
v 0.145870 -1.477260 0.107797
v 0.145250 -1.477260 0.110239
v 0.143557 -1.477260 0.112026
v 0.141245 -1.477260 0.112680
v 0.110719 -1.477260 0.112680
v 0.108406 -1.477260 0.112026
v 0.106713 -1.477260 0.110239
v 0.106094 -1.477260 0.107797
v 0.106094 -1.477260 0.080997
v 0.106713 -1.477260 0.078555
v 0.108406 -1.477260 0.076768
v 0.110719 -1.477260 0.076114
v 0.187110 -1.477260 0.076114
v 0.189423 -1.477260 0.076768
v 0.191116 -1.477260 0.078555
v 0.191735 -1.477260 0.080997
v 0.191735 -1.477260 0.107797
v 0.191116 -1.477260 0.110239
v 0.189423 -1.477260 0.112026
v 0.187110 -1.477260 0.112681
v 0.156584 -1.477260 0.112680
v 0.154272 -1.477260 0.112026
v 0.152579 -1.477260 0.110239
v 0.151959 -1.477260 0.107797
v 0.151959 -1.477260 0.080997
v 0.152579 -1.477260 0.078555
v 0.154272 -1.477260 0.076768
v 0.156584 -1.477260 0.076114
v 0.233087 -1.477260 0.076114
v 0.235399 -1.477260 0.076768
v 0.237092 -1.477260 0.078555
v 0.237712 -1.477260 0.080997
v 0.237712 -1.477260 0.107797
v 0.237092 -1.477260 0.110239
v 0.235399 -1.477260 0.112026
v 0.233087 -1.477260 0.112681
v 0.202561 -1.477260 0.112681
v 0.200248 -1.477260 0.112026
v 0.198555 -1.477260 0.110239
v 0.197936 -1.477260 0.107797
v 0.197936 -1.477260 0.080997
v 0.198555 -1.477260 0.078555
v 0.200248 -1.477260 0.076768
v 0.202561 -1.477260 0.076114
v 0.279252 -1.477260 0.076114
v 0.281565 -1.477260 0.076768
v 0.283258 -1.477260 0.078555
v 0.283877 -1.477260 0.080997
v 0.283877 -1.477260 0.107797
v 0.283258 -1.477260 0.110239
v 0.281565 -1.477260 0.112026
v 0.279252 -1.477260 0.112681
v 0.248726 -1.477260 0.112681
v 0.246414 -1.477260 0.112026
v 0.244721 -1.477260 0.110239
v 0.244101 -1.477260 0.107797
v 0.244101 -1.477260 0.080997
v 0.244721 -1.477260 0.078555
v 0.246414 -1.477260 0.076768
v 0.248726 -1.477260 0.076114
v 0.325205 -1.477260 0.076114
v 0.327517 -1.477260 0.076768
v 0.329210 -1.477260 0.078555
v 0.329830 -1.477260 0.080997
v 0.329830 -1.477260 0.107797
v 0.329210 -1.477260 0.110239
v 0.327517 -1.477260 0.112027
v 0.325205 -1.477260 0.112681
v 0.294679 -1.477260 0.112681
v 0.292366 -1.477260 0.112026
v 0.290673 -1.477260 0.110239
v 0.290054 -1.477260 0.107797
v 0.290054 -1.477260 0.080997
v 0.290673 -1.477260 0.078555
v 0.292366 -1.477260 0.076768
v 0.294679 -1.477260 0.076114
v 0.255780 -1.477218 0.033940
v 0.258056 -1.477218 0.034584
v 0.259722 -1.477218 0.036343
v 0.260332 -1.477218 0.038746
v 0.260332 -1.477218 0.063758
v 0.259722 -1.477218 0.066161
v 0.258056 -1.477218 0.067920
v 0.255780 -1.477218 0.068564
v 0.225737 -1.477218 0.068564
v 0.223461 -1.477218 0.067920
v 0.221794 -1.477218 0.066161
v 0.221185 -1.477218 0.063758
v 0.221185 -1.477218 0.038746
v 0.221794 -1.477218 0.036343
v 0.223461 -1.477218 0.034584
v 0.225737 -1.477218 0.033940
v 0.209645 -1.477218 0.033940
v 0.211921 -1.477218 0.034584
v 0.213587 -1.477218 0.036343
v 0.214197 -1.477218 0.038746
v 0.214197 -1.477218 0.063758
v 0.213587 -1.477218 0.066161
v 0.211921 -1.477218 0.067920
v 0.209645 -1.477218 0.068564
v 0.179602 -1.477218 0.068564
v 0.177325 -1.477218 0.067920
v 0.175659 -1.477218 0.066161
v 0.175050 -1.477218 0.063758
v 0.175050 -1.477218 0.038746
v 0.175659 -1.477218 0.036343
v 0.177325 -1.477218 0.034584
v 0.179602 -1.477218 0.033940
v 0.163688 -1.477218 0.033940
v 0.165964 -1.477218 0.034584
v 0.167630 -1.477218 0.036343
v 0.168240 -1.477218 0.038746
v 0.168240 -1.477218 0.063758
v 0.167630 -1.477218 0.066161
v 0.165964 -1.477218 0.067920
v 0.163688 -1.477218 0.068564
v 0.133644 -1.477218 0.068564
v 0.131368 -1.477218 0.067920
v 0.129702 -1.477218 0.066161
v 0.129092 -1.477218 0.063758
v 0.129092 -1.477218 0.038746
v 0.129702 -1.477218 0.036343
v 0.131368 -1.477218 0.034584
v 0.133644 -1.477218 0.033940
v 0.118018 -1.477218 0.033940
v 0.120294 -1.477218 0.034584
v 0.121960 -1.477218 0.036343
v 0.122570 -1.477218 0.038746
v 0.122570 -1.477218 0.063758
v 0.121960 -1.477218 0.066161
v 0.120294 -1.477218 0.067920
v 0.118018 -1.477218 0.068564
v 0.087974 -1.477218 0.068564
v 0.085698 -1.477218 0.067920
v 0.084032 -1.477218 0.066161
v 0.083422 -1.477218 0.063758
v 0.083422 -1.477218 0.038746
v 0.084032 -1.477218 0.036343
v 0.085698 -1.477218 0.034584
v 0.087974 -1.477218 0.033940
v 0.071856 -1.477218 0.033940
v 0.074132 -1.477218 0.034584
v 0.075798 -1.477218 0.036343
v 0.076408 -1.477218 0.038746
v 0.076408 -1.477218 0.063758
v 0.075798 -1.477218 0.066161
v 0.074132 -1.477218 0.067920
v 0.071856 -1.477218 0.068564
v 0.041812 -1.477218 0.068564
v 0.039536 -1.477218 0.067920
v 0.037870 -1.477218 0.066161
v 0.037261 -1.477218 0.063758
v 0.037261 -1.477218 0.038746
v 0.037870 -1.477218 0.036343
v 0.039536 -1.477218 0.034584
v 0.041812 -1.477218 0.033940
v 0.025489 -1.477218 0.033940
v 0.027765 -1.477218 0.034584
v 0.029431 -1.477218 0.036343
v 0.030041 -1.477218 0.038746
v 0.030041 -1.477218 0.063758
v 0.029431 -1.477218 0.066161
v 0.027765 -1.477218 0.067920
v 0.025489 -1.477218 0.068564
v -0.004555 -1.477218 0.068564
v -0.006831 -1.477218 0.067920
v -0.008497 -1.477218 0.066161
v -0.009107 -1.477218 0.063758
v -0.009107 -1.477218 0.038746
v -0.008497 -1.477218 0.036343
v -0.006831 -1.477218 0.034584
v -0.004555 -1.477218 0.033940
v -0.020520 -1.477218 0.033940
v -0.018244 -1.477218 0.034584
v -0.016578 -1.477218 0.036343
v -0.015968 -1.477218 0.038746
v -0.015968 -1.477218 0.063758
v -0.016578 -1.477218 0.066161
v -0.018244 -1.477218 0.067920
v -0.020520 -1.477218 0.068564
v -0.050564 -1.477218 0.068564
v -0.052840 -1.477218 0.067920
v -0.054506 -1.477218 0.066161
v -0.055115 -1.477218 0.063758
v -0.055115 -1.477218 0.038746
v -0.054506 -1.477218 0.036343
v -0.052840 -1.477218 0.034584
v -0.050564 -1.477218 0.033940
v -0.066702 -1.477218 0.033940
v -0.064426 -1.477218 0.034584
v -0.062760 -1.477218 0.036343
v -0.062150 -1.477218 0.038746
v -0.062150 -1.477218 0.063758
v -0.062760 -1.477218 0.066161
v -0.064426 -1.477218 0.067920
v -0.066702 -1.477218 0.068564
v -0.096746 -1.477218 0.068564
v -0.099022 -1.477218 0.067920
v -0.100688 -1.477218 0.066161
v -0.101298 -1.477218 0.063758
v -0.101298 -1.477218 0.038746
v -0.100688 -1.477218 0.036343
v -0.099022 -1.477218 0.034584
v -0.096746 -1.477218 0.033940
v -0.112580 -1.477218 0.033940
v -0.110304 -1.477218 0.034584
v -0.108638 -1.477218 0.036343
v -0.108028 -1.477218 0.038746
v -0.108028 -1.477218 0.063758
v -0.108638 -1.477218 0.066161
v -0.110304 -1.477218 0.067920
v -0.112580 -1.477218 0.068564
v -0.142623 -1.477218 0.068564
v -0.144899 -1.477218 0.067920
v -0.146566 -1.477218 0.066161
v -0.147175 -1.477218 0.063758
v -0.147175 -1.477218 0.038746
v -0.146566 -1.477218 0.036343
v -0.144899 -1.477218 0.034584
v -0.142623 -1.477218 0.033940
v -0.158634 -1.477218 0.033940
v -0.156359 -1.477218 0.034584
v -0.154692 -1.477218 0.036343
v -0.154083 -1.477218 0.038746
v -0.154083 -1.477218 0.063758
v -0.154692 -1.477218 0.066161
v -0.156359 -1.477218 0.067920
v -0.158634 -1.477218 0.068564
v -0.188678 -1.477218 0.068564
v -0.190954 -1.477218 0.067920
v -0.192620 -1.477218 0.066161
v -0.193230 -1.477218 0.063758
v -0.193230 -1.477218 0.038746
v -0.192620 -1.477218 0.036343
v -0.190954 -1.477218 0.034584
v -0.188678 -1.477218 0.033940
v -0.205143 -1.477218 0.033940
v -0.202867 -1.477218 0.034584
v -0.201201 -1.477218 0.036343
v -0.200591 -1.477218 0.038746
v -0.200591 -1.477218 0.063758
v -0.201201 -1.477218 0.066161
v -0.202867 -1.477218 0.067920
v -0.205143 -1.477218 0.068564
v -0.235187 -1.477218 0.068564
v -0.237463 -1.477218 0.067920
v -0.239129 -1.477218 0.066161
v -0.239739 -1.477218 0.063758
v -0.239739 -1.477218 0.038746
v -0.239129 -1.477218 0.036343
v -0.237463 -1.477218 0.034584
v -0.235187 -1.477218 0.033940
v -0.250601 -1.477218 0.033940
v -0.248325 -1.477218 0.034584
v -0.246659 -1.477218 0.036343
v -0.246049 -1.477218 0.038746
v -0.246049 -1.477218 0.063758
v -0.246659 -1.477218 0.066161
v -0.248325 -1.477218 0.067920
v -0.250601 -1.477218 0.068564
v -0.280645 -1.477218 0.068564
v -0.282920 -1.477218 0.067920
v -0.284587 -1.477218 0.066161
v -0.285197 -1.477218 0.063758
v -0.285197 -1.477218 0.038746
v -0.284587 -1.477218 0.036343
v -0.282920 -1.477218 0.034584
v -0.280645 -1.477218 0.033940
v -0.296912 -1.477218 0.033940
v -0.294636 -1.477218 0.034584
v -0.292970 -1.477218 0.036343
v -0.292360 -1.477218 0.038746
v -0.292360 -1.477218 0.063758
v -0.292970 -1.477218 0.066161
v -0.294636 -1.477218 0.067920
v -0.296912 -1.477218 0.068564
v -0.326956 -1.477218 0.068564
v -0.329232 -1.477218 0.067920
v -0.330898 -1.477218 0.066161
v -0.331508 -1.477218 0.063758
v -0.331508 -1.477218 0.038746
v -0.330898 -1.477218 0.036343
v -0.329232 -1.477218 0.034584
v -0.326956 -1.477218 0.033940
v -0.259279 -1.477218 -0.009928
v -0.257003 -1.477218 -0.009284
v -0.255337 -1.477218 -0.007525
v -0.254728 -1.477218 -0.005122
v -0.254728 -1.477218 0.019890
v -0.255337 -1.477218 0.022293
v -0.257003 -1.477218 0.024052
v -0.259279 -1.477218 0.024696
v -0.322577 -1.477218 0.024696
v -0.324853 -1.477218 0.024052
v -0.326519 -1.477218 0.022293
v -0.327129 -1.477218 0.019890
v -0.327129 -1.477218 -0.005122
v -0.326519 -1.477218 -0.007525
v -0.324853 -1.477218 -0.009284
v -0.322577 -1.477218 -0.009928
v -0.213654 -1.477218 -0.009788
v -0.211378 -1.477218 -0.009144
v -0.209712 -1.477218 -0.007385
v -0.209102 -1.477218 -0.004982
v -0.209102 -1.477218 0.020030
v -0.209712 -1.477218 0.022433
v -0.211378 -1.477218 0.024192
v -0.213654 -1.477218 0.024836
v -0.243697 -1.477218 0.024836
v -0.245973 -1.477218 0.024192
v -0.247640 -1.477218 0.022433
v -0.248249 -1.477218 0.020030
v -0.248249 -1.477218 -0.004982
v -0.247640 -1.477218 -0.007385
v -0.245973 -1.477218 -0.009144
v -0.243697 -1.477218 -0.009788
v -0.168103 -1.477218 -0.009788
v -0.165828 -1.477218 -0.009144
v -0.164161 -1.477218 -0.007385
v -0.163551 -1.477218 -0.004982
v -0.163551 -1.477218 0.020030
v -0.164161 -1.477218 0.022433
v -0.165828 -1.477218 0.024192
v -0.168103 -1.477218 0.024836
v -0.198147 -1.477218 0.024836
v -0.200423 -1.477218 0.024192
v -0.202089 -1.477218 0.022433
v -0.202699 -1.477218 0.020030
v -0.202699 -1.477218 -0.004982
v -0.202089 -1.477218 -0.007385
v -0.200423 -1.477218 -0.009144
v -0.198147 -1.477218 -0.009788
v -0.122778 -1.477218 -0.009788
v -0.120502 -1.477218 -0.009144
v -0.118836 -1.477218 -0.007385
v -0.118226 -1.477218 -0.004982
v -0.118226 -1.477218 0.020030
v -0.118836 -1.477218 0.022433
v -0.120502 -1.477218 0.024192
v -0.122778 -1.477218 0.024836
v -0.152821 -1.477218 0.024836
v -0.155097 -1.477218 0.024192
v -0.156763 -1.477218 0.022433
v -0.157373 -1.477218 0.020030
v -0.157373 -1.477218 -0.004982
v -0.156763 -1.477218 -0.007385
v -0.155097 -1.477218 -0.009144
v -0.152821 -1.477218 -0.009788
v -0.077227 -1.477218 -0.009788
v -0.074951 -1.477218 -0.009144
v -0.073285 -1.477218 -0.007385
v -0.072676 -1.477218 -0.004982
v -0.072676 -1.477218 0.020030
v -0.073285 -1.477218 0.022433
v -0.074951 -1.477218 0.024192
v -0.077227 -1.477218 0.024836
v -0.107271 -1.477218 0.024836
v -0.109547 -1.477218 0.024192
v -0.111213 -1.477218 0.022433
v -0.111823 -1.477218 0.020030
v -0.111823 -1.477218 -0.004982
v -0.111213 -1.477218 -0.007385
v -0.109547 -1.477218 -0.009144
v -0.107271 -1.477218 -0.009788
v -0.031864 -1.477218 -0.009788
v -0.029588 -1.477218 -0.009144
v -0.027922 -1.477218 -0.007385
v -0.027312 -1.477218 -0.004982
v -0.027312 -1.477218 0.020030
v -0.027922 -1.477218 0.022433
v -0.029588 -1.477218 0.024192
v -0.031864 -1.477218 0.024836
v -0.061908 -1.477218 0.024836
v -0.064184 -1.477218 0.024192
v -0.065850 -1.477218 0.022433
v -0.066460 -1.477218 0.020030
v -0.066460 -1.477218 -0.004982
v -0.065850 -1.477218 -0.007385
v -0.064184 -1.477218 -0.009144
v -0.061908 -1.477218 -0.009788
v 0.012936 -1.477218 -0.009788
v 0.015212 -1.477218 -0.009144
v 0.016878 -1.477218 -0.007385
v 0.017488 -1.477218 -0.004982
v 0.017488 -1.477218 0.020030
v 0.016878 -1.477218 0.022433
v 0.015212 -1.477218 0.024192
v 0.012936 -1.477218 0.024836
v -0.017107 -1.477218 0.024836
v -0.019383 -1.477218 0.024192
v -0.021049 -1.477218 0.022433
v -0.021659 -1.477218 0.020030
v -0.021659 -1.477218 -0.004982
v -0.021049 -1.477218 -0.007385
v -0.019383 -1.477218 -0.009144
v -0.017107 -1.477218 -0.009788
v 0.058524 -1.477218 -0.009788
v 0.060800 -1.477218 -0.009144
v 0.062467 -1.477218 -0.007385
v 0.063076 -1.477218 -0.004982
v 0.063076 -1.477218 0.020030
v 0.062467 -1.477218 0.022433
v 0.060800 -1.477218 0.024192
v 0.058524 -1.477218 0.024836
v 0.028481 -1.477218 0.024836
v 0.026205 -1.477218 0.024192
v 0.024539 -1.477218 0.022433
v 0.023929 -1.477218 0.020030
v 0.023929 -1.477218 -0.004982
v 0.024539 -1.477218 -0.007385
v 0.026205 -1.477218 -0.009144
v 0.028481 -1.477218 -0.009788
v 0.103925 -1.477218 -0.009788
v 0.106201 -1.477218 -0.009144
v 0.107867 -1.477218 -0.007385
v 0.108477 -1.477218 -0.004982
v 0.108477 -1.477218 0.020030
v 0.107867 -1.477218 0.022433
v 0.106201 -1.477218 0.024192
v 0.103925 -1.477218 0.024836
v 0.073882 -1.477218 0.024836
v 0.071606 -1.477218 0.024192
v 0.069939 -1.477218 0.022433
v 0.069329 -1.477218 0.020030
v 0.069329 -1.477218 -0.004982
v 0.069939 -1.477218 -0.007385
v 0.071606 -1.477218 -0.009144
v 0.073882 -1.477218 -0.009788
v 0.148688 -1.477218 -0.009788
v 0.150964 -1.477218 -0.009144
v 0.152630 -1.477218 -0.007385
v 0.153240 -1.477218 -0.004982
v 0.153240 -1.477218 0.020030
v 0.152630 -1.477218 0.022433
v 0.150964 -1.477218 0.024192
v 0.148688 -1.477218 0.024836
v 0.118645 -1.477218 0.024836
v 0.116369 -1.477218 0.024192
v 0.114703 -1.477218 0.022433
v 0.114093 -1.477218 0.020030
v 0.114093 -1.477218 -0.004982
v 0.114703 -1.477218 -0.007385
v 0.116369 -1.477218 -0.009144
v 0.118645 -1.477218 -0.009788
v 0.194539 -1.477218 -0.009788
v 0.196815 -1.477218 -0.009144
v 0.198481 -1.477218 -0.007385
v 0.199091 -1.477218 -0.004982
v 0.199091 -1.477218 0.020030
v 0.198481 -1.477218 0.022433
v 0.196815 -1.477218 0.024192
v 0.194539 -1.477218 0.024836
v 0.164495 -1.477218 0.024836
v 0.162219 -1.477218 0.024192
v 0.160553 -1.477218 0.022433
v 0.159943 -1.477218 0.020030
v 0.159943 -1.477218 -0.004982
v 0.160553 -1.477218 -0.007385
v 0.162219 -1.477218 -0.009144
v 0.164495 -1.477218 -0.009788
v 0.244572 -1.477218 -0.009788
v 0.246848 -1.477218 -0.009144
v 0.248515 -1.477218 -0.007385
v 0.249124 -1.477218 -0.004982
v 0.249124 -1.477218 0.020030
v 0.248515 -1.477218 0.022433
v 0.246848 -1.477218 0.024192
v 0.244572 -1.477218 0.024836
v 0.214529 -1.477218 0.024836
v 0.212253 -1.477218 0.024192
v 0.210587 -1.477218 0.022433
v 0.209977 -1.477218 0.020030
v 0.209977 -1.477218 -0.004982
v 0.210587 -1.477218 -0.007385
v 0.212253 -1.477218 -0.009144
v 0.214529 -1.477218 -0.009788
v 0.326073 -1.477218 0.033339
v 0.328349 -1.477218 0.033983
v 0.330016 -1.477218 0.035742
v 0.330626 -1.477218 0.038145
v 0.330626 -1.477218 0.063157
v 0.330016 -1.477218 0.065560
v 0.328349 -1.477218 0.067319
v 0.326073 -1.477218 0.067963
v 0.272674 -1.477218 0.067963
v 0.270398 -1.477218 0.067319
v 0.268732 -1.477218 0.065560
v 0.268122 -1.477218 0.063157
v 0.268122 -1.477218 0.038145
v 0.268732 -1.477218 0.035742
v 0.270398 -1.477218 0.033983
v 0.272674 -1.477218 0.033339
v 0.325749 -1.477218 -0.012250
v 0.328025 -1.477218 -0.011552
v 0.329691 -1.477218 -0.009645
v 0.330301 -1.477218 -0.007040
v 0.330301 -1.477218 0.020075
v 0.329691 -1.477218 0.022680
v 0.328025 -1.477218 0.024587
v 0.325749 -1.477218 0.025284
v 0.260915 -1.477218 0.025284
v 0.258639 -1.477218 0.024587
v 0.256973 -1.477218 0.022680
v 0.256363 -1.477218 0.020075
v 0.256363 -1.477218 -0.007040
v 0.256973 -1.477218 -0.009645
v 0.258639 -1.477218 -0.011552
v 0.260915 -1.477218 -0.012250
v 0.329538 -1.477218 -0.056715
v 0.330785 -1.477218 -0.056008
v 0.331699 -1.477218 -0.054078
v 0.332033 -1.477218 -0.051441
v 0.332033 -1.477218 -0.023993
v 0.331699 -1.477218 -0.021356
v 0.330785 -1.477218 -0.019426
v 0.329538 -1.477218 -0.018719
v 0.281614 -1.477218 -0.018719
v 0.280367 -1.477218 -0.019426
v 0.279454 -1.477218 -0.021356
v 0.279120 -1.477218 -0.023993
v 0.279120 -1.477218 -0.051441
v 0.279454 -1.477218 -0.054078
v 0.280367 -1.477218 -0.056008
v 0.281614 -1.477218 -0.056715
v 0.221419 -1.477218 -0.055166
v 0.223695 -1.477218 -0.054522
v 0.225361 -1.477218 -0.052763
v 0.225971 -1.477218 -0.050360
v 0.225971 -1.477218 -0.025348
v 0.225361 -1.477218 -0.022945
v 0.223695 -1.477218 -0.021186
v 0.221419 -1.477218 -0.020542
v 0.191375 -1.477218 -0.020542
v 0.189099 -1.477218 -0.021186
v 0.187433 -1.477218 -0.022945
v 0.186824 -1.477218 -0.025348
v 0.186824 -1.477218 -0.050360
v 0.187433 -1.477218 -0.052763
v 0.189099 -1.477218 -0.054523
v 0.191375 -1.477218 -0.055166
v 0.175709 -1.477218 -0.055166
v 0.177985 -1.477218 -0.054523
v 0.179651 -1.477218 -0.052763
v 0.180261 -1.477218 -0.050360
v 0.180261 -1.477218 -0.025348
v 0.179651 -1.477218 -0.022945
v 0.177985 -1.477218 -0.021186
v 0.175709 -1.477218 -0.020542
v 0.145665 -1.477218 -0.020542
v 0.143389 -1.477218 -0.021186
v 0.141723 -1.477218 -0.022945
v 0.141113 -1.477218 -0.025348
v 0.141113 -1.477218 -0.050360
v 0.141723 -1.477218 -0.052763
v 0.143389 -1.477218 -0.054523
v 0.145665 -1.477218 -0.055166
v 0.129437 -1.477218 -0.055166
v 0.131713 -1.477218 -0.054523
v 0.133379 -1.477218 -0.052763
v 0.133989 -1.477218 -0.050360
v 0.133989 -1.477218 -0.025348
v 0.133379 -1.477218 -0.022945
v 0.131713 -1.477218 -0.021186
v 0.129437 -1.477218 -0.020542
v 0.099394 -1.477218 -0.020542
v 0.097118 -1.477218 -0.021186
v 0.095451 -1.477218 -0.022945
v 0.094842 -1.477218 -0.025348
v 0.094842 -1.477218 -0.050360
v 0.095451 -1.477218 -0.052763
v 0.097118 -1.477218 -0.054523
v 0.099394 -1.477218 -0.055166
v 0.083343 -1.477218 -0.055166
v 0.085618 -1.477218 -0.054523
v 0.087284 -1.477218 -0.052763
v 0.087894 -1.477218 -0.050360
v 0.087894 -1.477218 -0.025348
v 0.087284 -1.477218 -0.022945
v 0.085618 -1.477218 -0.021186
v 0.083343 -1.477218 -0.020542
v 0.053299 -1.477218 -0.020542
v 0.051023 -1.477218 -0.021186
v 0.049357 -1.477218 -0.022945
v 0.048747 -1.477218 -0.025348
v 0.048747 -1.477218 -0.050360
v 0.049357 -1.477218 -0.052763
v 0.051023 -1.477218 -0.054523
v 0.053299 -1.477218 -0.055166
v 0.037231 -1.477218 -0.055166
v 0.039507 -1.477218 -0.054523
v 0.041173 -1.477218 -0.052763
v 0.041783 -1.477218 -0.050360
v 0.041783 -1.477218 -0.025348
v 0.041173 -1.477218 -0.022945
v 0.039507 -1.477218 -0.021186
v 0.037231 -1.477218 -0.020542
v 0.007187 -1.477218 -0.020542
v 0.004911 -1.477218 -0.021186
v 0.003245 -1.477218 -0.022945
v 0.002635 -1.477218 -0.025348
v 0.002635 -1.477218 -0.050360
v 0.003245 -1.477218 -0.052763
v 0.004911 -1.477218 -0.054523
v 0.007187 -1.477218 -0.055166
v -0.008811 -1.477218 -0.055166
v -0.006536 -1.477218 -0.054523
v -0.004870 -1.477218 -0.052763
v -0.004260 -1.477218 -0.050360
v -0.004260 -1.477218 -0.025348
v -0.004870 -1.477218 -0.022945
v -0.006536 -1.477218 -0.021186
v -0.008811 -1.477218 -0.020542
v -0.038855 -1.477218 -0.020542
v -0.041131 -1.477218 -0.021186
v -0.042797 -1.477218 -0.022945
v -0.043407 -1.477218 -0.025348
v -0.043407 -1.477218 -0.050360
v -0.042797 -1.477218 -0.052763
v -0.041131 -1.477218 -0.054523
v -0.038855 -1.477218 -0.055166
v -0.055003 -1.477218 -0.055166
v -0.052727 -1.477218 -0.054523
v -0.051061 -1.477218 -0.052763
v -0.050451 -1.477218 -0.050360
v -0.050451 -1.477218 -0.025348
v -0.051061 -1.477218 -0.022945
v -0.052727 -1.477218 -0.021186
v -0.055003 -1.477218 -0.020542
v -0.085047 -1.477218 -0.020542
v -0.087323 -1.477218 -0.021186
v -0.088989 -1.477218 -0.022945
v -0.089599 -1.477218 -0.025348
v -0.089599 -1.477218 -0.050360
v -0.088989 -1.477218 -0.052763
v -0.087323 -1.477218 -0.054523
v -0.085047 -1.477218 -0.055166
v -0.100840 -1.477218 -0.055166
v -0.098565 -1.477218 -0.054523
v -0.096898 -1.477218 -0.052763
v -0.096289 -1.477218 -0.050360
v -0.096289 -1.477218 -0.025348
v -0.096898 -1.477218 -0.022945
v -0.098565 -1.477218 -0.021186
v -0.100840 -1.477218 -0.020542
v -0.130884 -1.477218 -0.020542
v -0.133160 -1.477218 -0.021186
v -0.134826 -1.477218 -0.022945
v -0.135436 -1.477218 -0.025348
v -0.135436 -1.477218 -0.050360
v -0.134826 -1.477218 -0.052763
v -0.133160 -1.477218 -0.054523
v -0.130884 -1.477218 -0.055166
v -0.146810 -1.477218 -0.055166
v -0.144534 -1.477218 -0.054523
v -0.142868 -1.477218 -0.052763
v -0.142258 -1.477218 -0.050360
v -0.142258 -1.477218 -0.025348
v -0.142868 -1.477218 -0.022945
v -0.144534 -1.477218 -0.021186
v -0.146810 -1.477218 -0.020542
v -0.176854 -1.477218 -0.020542
v -0.179130 -1.477218 -0.021186
v -0.180796 -1.477218 -0.022945
v -0.181406 -1.477218 -0.025348
v -0.181406 -1.477218 -0.050360
v -0.180796 -1.477218 -0.052763
v -0.179130 -1.477218 -0.054523
v -0.176854 -1.477218 -0.055166
v -0.193102 -1.477218 -0.055166
v -0.190826 -1.477218 -0.054523
v -0.189160 -1.477218 -0.052763
v -0.188550 -1.477218 -0.050360
v -0.188550 -1.477218 -0.025348
v -0.189160 -1.477218 -0.022945
v -0.190826 -1.477218 -0.021186
v -0.193102 -1.477218 -0.020542
v -0.223145 -1.477218 -0.020542
v -0.225421 -1.477218 -0.021186
v -0.227088 -1.477218 -0.022945
v -0.227697 -1.477218 -0.025348
v -0.227697 -1.477218 -0.050360
v -0.227088 -1.477218 -0.052763
v -0.225421 -1.477218 -0.054523
v -0.223145 -1.477218 -0.055166
v -0.239374 -1.477218 -0.055166
v -0.237098 -1.477218 -0.054523
v -0.235432 -1.477218 -0.052763
v -0.234822 -1.477218 -0.050360
v -0.234822 -1.477218 -0.025348
v -0.235432 -1.477218 -0.022945
v -0.237098 -1.477218 -0.021186
v -0.239374 -1.477218 -0.020542
v -0.326402 -1.477218 -0.020542
v -0.328678 -1.477218 -0.021186
v -0.330344 -1.477218 -0.022945
v -0.330954 -1.477218 -0.025348
v -0.330954 -1.477218 -0.050360
v -0.330344 -1.477218 -0.052763
v -0.328678 -1.477218 -0.054523
v -0.326402 -1.477218 -0.055166
v -0.290805 -1.477218 -0.072193
v -0.290805 -1.477218 -0.094892
v -0.333130 -1.477218 -0.099425
v -0.333784 -1.477218 -0.094892
v -0.331344 -1.477218 -0.102744
v -0.328903 -1.477218 -0.103959
v -0.331344 -1.477218 -0.064340
v -0.328903 -1.477218 -0.063126
v -0.333130 -1.477218 -0.067659
v -0.333784 -1.477218 -0.072193
v -0.291459 -1.477218 -0.067659
v -0.293246 -1.477218 -0.064340
v -0.295686 -1.477218 -0.063126
v -0.291459 -1.477218 -0.099425
v -0.293246 -1.477218 -0.102744
v -0.295686 -1.477218 -0.103959
v -0.203247 -1.477218 -0.103959
v -0.200806 -1.477218 -0.102744
v -0.199020 -1.477218 -0.099425
v -0.198366 -1.477218 -0.094892
v -0.198366 -1.477218 -0.072193
v -0.199020 -1.477218 -0.067659
v -0.200806 -1.477218 -0.064340
v -0.203247 -1.477218 -0.063126
v -0.236464 -1.477218 -0.063126
v -0.238904 -1.477218 -0.064340
v -0.240691 -1.477218 -0.067659
v -0.241345 -1.477218 -0.072193
v -0.241345 -1.477218 -0.094892
v -0.240691 -1.477218 -0.099425
v -0.238904 -1.477218 -0.102744
v -0.236464 -1.477218 -0.103959
v -0.157588 -1.477218 -0.104430
v -0.155312 -1.477218 -0.103786
v -0.153646 -1.477218 -0.102027
v -0.153036 -1.477218 -0.099624
v -0.153036 -1.477218 -0.066915
v -0.153646 -1.477218 -0.064511
v -0.155312 -1.477218 -0.062752
v -0.157588 -1.477218 -0.062109
v -0.188568 -1.477218 -0.062109
v -0.190844 -1.477218 -0.062752
v -0.192511 -1.477218 -0.064511
v -0.193120 -1.477218 -0.066915
v -0.193120 -1.477218 -0.099624
v -0.192511 -1.477218 -0.102027
v -0.190844 -1.477218 -0.103786
v -0.188568 -1.477218 -0.104430
v -0.102970 -1.477218 -0.104388
v -0.100132 -1.477218 -0.103744
v -0.098053 -1.477218 -0.101985
v -0.097293 -1.477218 -0.099582
v -0.097293 -1.477218 -0.066873
v -0.098053 -1.477218 -0.064470
v -0.100132 -1.477218 -0.062710
v -0.102971 -1.477218 -0.062067
v -0.141614 -1.477218 -0.062067
v -0.144453 -1.477218 -0.062710
v -0.146531 -1.477218 -0.064470
v -0.147292 -1.477218 -0.066873
v -0.147292 -1.477218 -0.099582
v -0.146531 -1.477218 -0.101985
v -0.144453 -1.477218 -0.103744
v -0.141614 -1.477218 -0.104388
v 0.126662 -1.477218 -0.104413
v 0.129501 -1.477218 -0.103769
v 0.131579 -1.477218 -0.102010
v 0.132340 -1.477218 -0.099607
v 0.132340 -1.477218 -0.066898
v 0.131579 -1.477218 -0.064495
v 0.129501 -1.477218 -0.062736
v 0.126662 -1.477218 -0.062092
v -0.082442 -1.477218 -0.062092
v -0.085281 -1.477218 -0.062736
v -0.087359 -1.477218 -0.064495
v -0.088119 -1.477218 -0.066898
v -0.088119 -1.477218 -0.099607
v -0.087359 -1.477218 -0.102010
v -0.085281 -1.477218 -0.103769
v -0.082442 -1.477218 -0.104413
v 0.185847 -1.477218 -0.104363
v 0.188686 -1.477218 -0.103719
v 0.190764 -1.477218 -0.101960
v 0.191525 -1.477218 -0.099557
v 0.191525 -1.477218 -0.066847
v 0.190764 -1.477218 -0.064444
v 0.188686 -1.477218 -0.062685
v 0.185847 -1.477218 -0.062041
v 0.147203 -1.477218 -0.062041
v 0.144364 -1.477218 -0.062685
v 0.142286 -1.477218 -0.064444
v 0.141525 -1.477218 -0.066847
v 0.141525 -1.477218 -0.099557
v 0.142286 -1.477218 -0.101960
v 0.144364 -1.477218 -0.103719
v 0.147203 -1.477218 -0.104363
v 0.233941 -1.477218 -0.104262
v 0.236217 -1.477218 -0.103618
v 0.237883 -1.477218 -0.101859
v 0.238493 -1.477218 -0.099456
v 0.238493 -1.477218 -0.066747
v 0.237883 -1.477218 -0.064344
v 0.236217 -1.477218 -0.062585
v 0.233941 -1.477218 -0.061941
v 0.202961 -1.477218 -0.061941
v 0.200685 -1.477218 -0.062585
v 0.199018 -1.477218 -0.064344
v 0.198409 -1.477218 -0.066747
v 0.198409 -1.477218 -0.099456
v 0.199018 -1.477218 -0.101859
v 0.200685 -1.477218 -0.103618
v 0.202961 -1.477218 -0.104262
v 0.279582 -1.477218 -0.104715
v 0.281858 -1.477218 -0.104071
v 0.283524 -1.477218 -0.102312
v 0.284134 -1.477218 -0.099909
v 0.284134 -1.477218 -0.067200
v 0.283524 -1.477218 -0.064797
v 0.281858 -1.477218 -0.063038
v 0.279582 -1.477218 -0.062394
v 0.248601 -1.477218 -0.062394
v 0.246325 -1.477218 -0.063038
v 0.244659 -1.477218 -0.064797
v 0.244049 -1.477218 -0.067200
v 0.244049 -1.477218 -0.099909
v 0.244659 -1.477218 -0.102312
v 0.246325 -1.477218 -0.104071
v 0.248601 -1.477218 -0.104715
v 0.326245 -1.477218 -0.105419
v 0.328520 -1.477218 -0.104776
v 0.330187 -1.477218 -0.103017
v 0.330797 -1.477218 -0.100614
v 0.330797 -1.477218 -0.067904
v 0.330187 -1.477218 -0.065501
v 0.328520 -1.477218 -0.063742
v 0.326245 -1.477218 -0.063098
v 0.295264 -1.477218 -0.063098
v 0.292988 -1.477218 -0.063742
v 0.291322 -1.477218 -0.065501
v 0.290712 -1.477218 -0.067904
v 0.290712 -1.477218 -0.100614
v 0.291322 -1.477218 -0.103017
v 0.292988 -1.477218 -0.104776
v 0.295264 -1.477218 -0.105419
v 0.271304 -1.477218 -0.056715
v 0.272246 -1.477218 -0.056008
v 0.272936 -1.477218 -0.054078
v 0.273188 -1.477218 -0.051441
v 0.273188 -1.477218 -0.023993
v 0.272936 -1.477218 -0.021356
v 0.272246 -1.477218 -0.019426
v 0.271304 -1.477218 -0.018719
v 0.235115 -1.477218 -0.018719
v 0.234173 -1.477218 -0.019426
v 0.233483 -1.477218 -0.021356
v 0.233231 -1.477218 -0.023993
v 0.233231 -1.477218 -0.051441
v 0.233483 -1.477218 -0.054078
v 0.234173 -1.477218 -0.056008
v 0.235115 -1.477218 -0.056715
v 0.329046 -1.475272 0.117776
v 0.329488 -1.475272 0.118772
v 0.329489 -1.475272 0.138421
v 0.329188 -1.475272 0.139935
v 0.328311 -1.475272 0.141129
v 0.326957 -1.475272 0.142085
v 0.325364 -1.475272 0.142324
v -0.325674 -1.475272 0.142324
v -0.328138 -1.475272 0.142404
v -0.329492 -1.475272 0.141767
v -0.330289 -1.475272 0.140731
v -0.330767 -1.475272 0.139218
v -0.330926 -1.475272 0.137226
v -0.331006 -1.475272 0.118985
v -0.330607 -1.475272 0.117471
v -0.329652 -1.475272 0.116436
v -0.328696 -1.475272 0.115878
v -0.326386 -1.475272 0.115840
v 0.318743 -1.475272 0.115840
v 0.326003 -1.475272 0.115840
v 0.327165 -1.475272 0.116117
v 0.328106 -1.475272 0.116725
v 0.329046 -1.474935 0.117776
v 0.328106 -1.474935 0.116725
v 0.327165 -1.474935 0.116117
v 0.326003 -1.474935 0.115840
v 0.318743 -1.474935 0.115840
v -0.326386 -1.474935 0.115840
v -0.328696 -1.474935 0.115878
v -0.329652 -1.474935 0.116436
v -0.330607 -1.474935 0.117471
v -0.331006 -1.474935 0.118985
v -0.330926 -1.474935 0.137226
v -0.330767 -1.474935 0.139218
v -0.330289 -1.474935 0.140731
v -0.329492 -1.474935 0.141767
v -0.328138 -1.474935 0.142404
v -0.325674 -1.474935 0.142324
v 0.325364 -1.474935 0.142324
v 0.326957 -1.474935 0.142085
v 0.328311 -1.474935 0.141129
v 0.329188 -1.474935 0.139935
v 0.329489 -1.474935 0.138421
v 0.329488 -1.474935 0.118772
v -0.415591 -1.479598 0.150434
v -0.415591 -1.478076 0.150434
v -0.415591 -1.477856 0.150048
v -0.415591 -1.479598 0.150048
v -0.415591 -1.481120 0.150434
v -0.415591 -1.481830 0.150632
v -0.406852 -1.481830 0.150632
v -0.406852 -1.481120 0.150434
v -0.415591 -1.476766 0.151196
v -0.415591 -1.477367 0.150632
v -0.406852 -1.477367 0.150632
v -0.406852 -1.476766 0.151196
v -0.415591 -1.476364 0.152041
v -0.415591 -1.476223 0.153037
v -0.415591 -1.475736 0.152768
v -0.415591 -1.475897 0.151727
v -0.415591 -1.476223 0.153037
v -0.415591 -1.475736 0.152768
v -0.415591 -1.476766 0.166794
v -0.415591 -1.476364 0.165950
v -0.406852 -1.476364 0.165950
v -0.406852 -1.476766 0.166794
v -0.415591 -1.476223 0.164954
v -0.415591 -1.475897 0.166263
v -0.415591 -1.475736 0.165222
v -0.415591 -1.482974 0.153037
v -0.415591 -1.482974 0.164954
v -0.406852 -1.482974 0.164954
v -0.406852 -1.482974 0.153037
v -0.403911 -1.476223 0.164954
v -0.415591 -1.476223 0.164954
v -0.403911 -1.476223 0.153037
v -0.406852 -1.476223 0.164954
v -0.406852 -1.476223 0.164954
v -0.415591 -1.481120 0.167556
v -0.415591 -1.481830 0.167358
v -0.415591 -1.482152 0.167735
v -0.415591 -1.481340 0.167942
v -0.415591 -1.482833 0.165950
v -0.415591 -1.482431 0.166794
v -0.406852 -1.482431 0.166794
v -0.406852 -1.482833 0.165950
v -0.406852 -1.479598 0.150434
v -0.406852 -1.478076 0.150434
v -0.415591 -1.481340 0.150048
v -0.415591 -1.482152 0.150255
v -0.415591 -1.482840 0.167146
v -0.415591 -1.479598 0.167556
v -0.415591 -1.478076 0.167556
v -0.406852 -1.478076 0.167556
v -0.406852 -1.479598 0.167556
v -0.415591 -1.477367 0.167358
v -0.406852 -1.477367 0.167358
v -0.415591 -1.482431 0.151196
v -0.415591 -1.482840 0.150845
v -0.415591 -1.483300 0.166263
v -0.395172 -1.476223 0.164954
v -0.406852 -1.476223 0.153037
v -0.406852 -1.476223 0.153037
v -0.415591 -1.482833 0.152041
v -0.415591 -1.483300 0.151727
v -0.415591 -1.482974 0.164954
v -0.415591 -1.483461 0.165222
v -0.415591 -1.482974 0.153037
v -0.406852 -1.482974 0.153037
v -0.406852 -1.482833 0.152041
v -0.415591 -1.479598 0.167942
v -0.406852 -1.481120 0.167556
v -0.406852 -1.481830 0.167358
v -0.406852 -1.482431 0.151196
v -0.406852 -1.482974 0.164954
v -0.406852 -1.476364 0.152041
v -0.415591 -1.483461 0.152768
v -0.415591 -1.483461 0.152768
v -0.415591 -1.483461 0.165222
v -0.395172 -1.476223 0.153037
v -0.415591 -1.476357 0.150845
v -0.415591 -1.475736 0.165222
v -0.415591 -1.476357 0.167146
v -0.403911 -1.481340 0.150048
v -0.403911 -1.482152 0.150255
v -0.403911 -1.482840 0.150845
v -0.403911 -1.483300 0.151727
v -0.403911 -1.483461 0.152768
v -0.403911 -1.477045 0.150255
v -0.403911 -1.477856 0.150048
v -0.415591 -1.477045 0.150255
v -0.403911 -1.476357 0.150845
v -0.403911 -1.475897 0.151727
v -0.403911 -1.475736 0.152768
v -0.403911 -1.482152 0.167735
v -0.403911 -1.481340 0.167942
v -0.403911 -1.482840 0.167146
v -0.403911 -1.483300 0.166263
v -0.403911 -1.483461 0.165222
v -0.415591 -1.477045 0.167735
v -0.415591 -1.477856 0.167942
v -0.403911 -1.477856 0.167942
v -0.403911 -1.477045 0.167735
v -0.403911 -1.476357 0.167146
v -0.403911 -1.475897 0.166263
v -0.403911 -1.475736 0.165222
v -0.403911 -1.479598 0.167942
v -0.403911 -1.475736 0.165222
v -0.403911 -1.475736 0.152768
v -0.403911 -1.479598 0.150048
v -0.403911 -1.483461 0.165222
v -0.403911 -1.483461 0.152768
v -0.413393 -1.481120 0.164925
v -0.404654 -1.481120 0.164925
v -0.404654 -1.479598 0.164925
v -0.413393 -1.479598 0.164925
v -0.413393 -1.481120 0.153167
v -0.413393 -1.479598 0.153167
v -0.404654 -1.479598 0.153167
v -0.404654 -1.481120 0.153167
v -0.415591 -1.479598 0.124559
v -0.415591 -1.478076 0.124559
v -0.415591 -1.477856 0.124173
v -0.415591 -1.479598 0.124173
v -0.415591 -1.481120 0.124559
v -0.415591 -1.481830 0.124758
v -0.406852 -1.481830 0.124758
v -0.406852 -1.481120 0.124559
v -0.415591 -1.476766 0.125322
v -0.415591 -1.477367 0.124758
v -0.406852 -1.477367 0.124758
v -0.406852 -1.476766 0.125322
v -0.415591 -1.476364 0.126166
v -0.415591 -1.476223 0.127162
v -0.415591 -1.475736 0.126893
v -0.415591 -1.475897 0.125853
v -0.415591 -1.476223 0.127162
v -0.415591 -1.475736 0.126893
v -0.415591 -1.476766 0.140919
v -0.415591 -1.476364 0.140075
v -0.406852 -1.476364 0.140075
v -0.406852 -1.476766 0.140919
v -0.415591 -1.476223 0.139079
v -0.415591 -1.475897 0.140388
v -0.415591 -1.475736 0.139347
v -0.415591 -1.482974 0.127162
v -0.415591 -1.482974 0.139079
v -0.406852 -1.482974 0.139079
v -0.406852 -1.482974 0.127162
v -0.403911 -1.476223 0.139079
v -0.415591 -1.476223 0.139079
v -0.403911 -1.476223 0.127162
v -0.406852 -1.476223 0.139079
v -0.406852 -1.476223 0.139079
v -0.415591 -1.481120 0.141681
v -0.415591 -1.481830 0.141483
v -0.415591 -1.482151 0.141860
v -0.415591 -1.481340 0.142067
v -0.415591 -1.482833 0.140075
v -0.415591 -1.482431 0.140919
v -0.406852 -1.482431 0.140919
v -0.406852 -1.482833 0.140075
v -0.406852 -1.479598 0.124559
v -0.406852 -1.478076 0.124559
v -0.415591 -1.481340 0.124173
v -0.415591 -1.482151 0.124380
v -0.415591 -1.482840 0.141271
v -0.415591 -1.479598 0.141681
v -0.415591 -1.478076 0.141681
v -0.406852 -1.478076 0.141681
v -0.406852 -1.479598 0.141681
v -0.415591 -1.477367 0.141483
v -0.406852 -1.477367 0.141483
v -0.415591 -1.482431 0.125322
v -0.415591 -1.482840 0.124970
v -0.415591 -1.483300 0.140388
v -0.395172 -1.476223 0.139079
v -0.406852 -1.476223 0.127162
v -0.406852 -1.476223 0.127162
v -0.415591 -1.482833 0.126166
v -0.415591 -1.483300 0.125853
v -0.415591 -1.482974 0.139079
v -0.415591 -1.483461 0.139347
v -0.415591 -1.482974 0.127162
v -0.406852 -1.482974 0.127162
v -0.406852 -1.482833 0.126166
v -0.415591 -1.479598 0.142067
v -0.406852 -1.481120 0.141681
v -0.406852 -1.481830 0.141483
v -0.406852 -1.482431 0.125322
v -0.406852 -1.482974 0.139079
v -0.406852 -1.476364 0.126166
v -0.415591 -1.483461 0.126893
v -0.415591 -1.483461 0.126893
v -0.415591 -1.483461 0.139347
v -0.395172 -1.476223 0.127162
v -0.415591 -1.476357 0.124970
v -0.415591 -1.475736 0.139347
v -0.415591 -1.476357 0.141271
v -0.403911 -1.482151 0.124380
v -0.403911 -1.481340 0.124173
v -0.403911 -1.482840 0.124970
v -0.403911 -1.483300 0.125853
v -0.403911 -1.483461 0.126893
v -0.403911 -1.477045 0.124380
v -0.415591 -1.477045 0.124380
v -0.403911 -1.477856 0.124173
v -0.403911 -1.476357 0.124970
v -0.403911 -1.475897 0.125853
v -0.403911 -1.475736 0.126893
v -0.403911 -1.482151 0.141860
v -0.403911 -1.481340 0.142067
v -0.403911 -1.482840 0.141271
v -0.403911 -1.483300 0.140388
v -0.403911 -1.483461 0.139347
v -0.415591 -1.477045 0.141860
v -0.415591 -1.477856 0.142067
v -0.403911 -1.477856 0.142067
v -0.403911 -1.477045 0.141860
v -0.403911 -1.476357 0.141271
v -0.403911 -1.475897 0.140388
v -0.403911 -1.475736 0.139347
v -0.403911 -1.479598 0.142067
v -0.403911 -1.475736 0.139347
v -0.403911 -1.475736 0.126893
v -0.403911 -1.479598 0.124173
v -0.403911 -1.483461 0.139347
v -0.403911 -1.483461 0.126893
v -0.413393 -1.481120 0.139051
v -0.404654 -1.481120 0.139051
v -0.404654 -1.479598 0.139051
v -0.413393 -1.479598 0.139051
v -0.413393 -1.481120 0.127293
v -0.413393 -1.479598 0.127293
v -0.404654 -1.479598 0.127293
v -0.404654 -1.481120 0.127293
v 0.400004 -1.479598 0.161303
v 0.400004 -1.478076 0.161303
v 0.400004 -1.477856 0.160917
v 0.400004 -1.479598 0.160917
v 0.400004 -1.481120 0.161303
v 0.400004 -1.481830 0.161501
v 0.408743 -1.481830 0.161501
v 0.408743 -1.481120 0.161303
v 0.400004 -1.476766 0.162065
v 0.400004 -1.477367 0.161501
v 0.408743 -1.477367 0.161501
v 0.408743 -1.476766 0.162065
v 0.400004 -1.476364 0.162910
v 0.400004 -1.476223 0.163906
v 0.400004 -1.475736 0.163637
v 0.400004 -1.475897 0.162596
v 0.400004 -1.476223 0.163906
v 0.400004 -1.475736 0.163637
v 0.400004 -1.476766 0.177663
v 0.400004 -1.476364 0.176818
v 0.408743 -1.476364 0.176818
v 0.408743 -1.476766 0.177663
v 0.400004 -1.476223 0.175822
v 0.400004 -1.475897 0.177132
v 0.400004 -1.475736 0.176091
v 0.400004 -1.482974 0.163906
v 0.400004 -1.482974 0.175822
v 0.408743 -1.482974 0.175822
v 0.408743 -1.482974 0.163906
v 0.411684 -1.476223 0.175822
v 0.400004 -1.476223 0.175822
v 0.411684 -1.476223 0.163906
v 0.408743 -1.476223 0.175822
v 0.408743 -1.476223 0.175822
v 0.400004 -1.481120 0.178425
v 0.400004 -1.481830 0.178227
v 0.400004 -1.482152 0.178604
v 0.400004 -1.481340 0.178811
v 0.400004 -1.482833 0.176818
v 0.400004 -1.482431 0.177663
v 0.408743 -1.482431 0.177663
v 0.408743 -1.482833 0.176818
v 0.408743 -1.479598 0.161303
v 0.408743 -1.478076 0.161303
v 0.400004 -1.481340 0.160917
v 0.400004 -1.482152 0.161124
v 0.400004 -1.482840 0.178014
v 0.400004 -1.479598 0.178425
v 0.400004 -1.478076 0.178425
v 0.408743 -1.478076 0.178425
v 0.408743 -1.479598 0.178425
v 0.400004 -1.477367 0.178227
v 0.408743 -1.477367 0.178227
v 0.400004 -1.482431 0.162065
v 0.400004 -1.482840 0.161714
v 0.400004 -1.483300 0.177132
v 0.420423 -1.476223 0.175822
v 0.408743 -1.476223 0.163906
v 0.408743 -1.476223 0.163906
v 0.400004 -1.482833 0.162910
v 0.400004 -1.483300 0.162596
v 0.400004 -1.482974 0.175822
v 0.400004 -1.483461 0.176091
v 0.400004 -1.482974 0.163906
v 0.408743 -1.482974 0.163906
v 0.408743 -1.482833 0.162910
v 0.400004 -1.479598 0.178811
v 0.408743 -1.481120 0.178425
v 0.408743 -1.481830 0.178227
v 0.408743 -1.482431 0.162065
v 0.408743 -1.482974 0.175822
v 0.408743 -1.476364 0.162910
v 0.400004 -1.483461 0.163637
v 0.400004 -1.483461 0.163637
v 0.400004 -1.483461 0.176091
v 0.420423 -1.476223 0.163906
v 0.400004 -1.476357 0.161714
v 0.400004 -1.475736 0.176091
v 0.400004 -1.476357 0.178014
v 0.411684 -1.482152 0.161124
v 0.411684 -1.481340 0.160917
v 0.411684 -1.482840 0.161714
v 0.411684 -1.483300 0.162596
v 0.411684 -1.483461 0.163637
v 0.411684 -1.477045 0.161124
v 0.400004 -1.477045 0.161124
v 0.411684 -1.477856 0.160917
v 0.411684 -1.476357 0.161714
v 0.411684 -1.475897 0.162596
v 0.411684 -1.475736 0.163637
v 0.411684 -1.482152 0.178604
v 0.411684 -1.481340 0.178811
v 0.411684 -1.482840 0.178014
v 0.411684 -1.483300 0.177132
v 0.411684 -1.483461 0.176091
v 0.400004 -1.477045 0.178604
v 0.411684 -1.477045 0.178604
v 0.411684 -1.477856 0.178811
v 0.400004 -1.477856 0.178811
v 0.411684 -1.476357 0.178014
v 0.411684 -1.475897 0.177132
v 0.411684 -1.475736 0.176091
v 0.411684 -1.479598 0.178811
v 0.411684 -1.475736 0.176091
v 0.411684 -1.475736 0.163637
v 0.411684 -1.479598 0.160917
v 0.411684 -1.483461 0.176091
v 0.411684 -1.483461 0.163637
v 0.402202 -1.481120 0.175794
v 0.410941 -1.481120 0.175794
v 0.410941 -1.479598 0.175794
v 0.402202 -1.479598 0.175794
v 0.402202 -1.481120 0.164036
v 0.402202 -1.479598 0.164036
v 0.410941 -1.479598 0.164036
v 0.410941 -1.481120 0.164036
v 0.400004 -1.479598 0.136304
v 0.400004 -1.478076 0.136304
v 0.400004 -1.477856 0.135918
v 0.400004 -1.479598 0.135918
v 0.400004 -1.481120 0.136304
v 0.400004 -1.481830 0.136502
v 0.408743 -1.481830 0.136502
v 0.408743 -1.481120 0.136304
v 0.400004 -1.476766 0.137066
v 0.400004 -1.477367 0.136502
v 0.408743 -1.477367 0.136502
v 0.408743 -1.476766 0.137066
v 0.400004 -1.476364 0.137911
v 0.400004 -1.476223 0.138906
v 0.400004 -1.475736 0.138638
v 0.400004 -1.475897 0.137597
v 0.400004 -1.476223 0.138906
v 0.400004 -1.475736 0.138638
v 0.400004 -1.476766 0.152664
v 0.400004 -1.476364 0.151819
v 0.408743 -1.476364 0.151819
v 0.408743 -1.476766 0.152664
v 0.400004 -1.476223 0.150823
v 0.400004 -1.475897 0.152133
v 0.400004 -1.475736 0.151092
v 0.400004 -1.482974 0.138906
v 0.400004 -1.482974 0.150823
v 0.408743 -1.482974 0.150823
v 0.408743 -1.482974 0.138906
v 0.411684 -1.476223 0.150823
v 0.400004 -1.476223 0.150823
v 0.411684 -1.476223 0.138906
v 0.408743 -1.476223 0.150823
v 0.408743 -1.476223 0.150823
v 0.400004 -1.481120 0.153426
v 0.400004 -1.481830 0.153228
v 0.400004 -1.482152 0.153605
v 0.400004 -1.481340 0.153812
v 0.400004 -1.482833 0.151819
v 0.400004 -1.482431 0.152664
v 0.408743 -1.482431 0.152664
v 0.408743 -1.482833 0.151819
v 0.408743 -1.479598 0.136304
v 0.408743 -1.478076 0.136304
v 0.400004 -1.481340 0.135918
v 0.400004 -1.482151 0.136125
v 0.400004 -1.482840 0.153015
v 0.400004 -1.479598 0.153426
v 0.400004 -1.478076 0.153426
v 0.408743 -1.478076 0.153426
v 0.408743 -1.479598 0.153426
v 0.400004 -1.477367 0.153228
v 0.408743 -1.477367 0.153228
v 0.400004 -1.482431 0.137066
v 0.400004 -1.482840 0.136714
v 0.400004 -1.483300 0.152133
v 0.420423 -1.476223 0.150823
v 0.408743 -1.476223 0.138906
v 0.408743 -1.476223 0.138906
v 0.400004 -1.482833 0.137911
v 0.400004 -1.483300 0.137597
v 0.400004 -1.482974 0.150823
v 0.400004 -1.483461 0.151092
v 0.400004 -1.482974 0.138906
v 0.408743 -1.482974 0.138906
v 0.408743 -1.482833 0.137911
v 0.400004 -1.479598 0.153812
v 0.408743 -1.481120 0.153426
v 0.408743 -1.481830 0.153228
v 0.408743 -1.482431 0.137066
v 0.408743 -1.482974 0.150823
v 0.408743 -1.476364 0.137911
v 0.400004 -1.483461 0.138638
v 0.400004 -1.483461 0.138638
v 0.400004 -1.483461 0.151092
v 0.420423 -1.476223 0.138906
v 0.400004 -1.476357 0.136714
v 0.400004 -1.475736 0.151092
v 0.400004 -1.476357 0.153015
v 0.411684 -1.482151 0.136125
v 0.411684 -1.481340 0.135918
v 0.411684 -1.482840 0.136714
v 0.411684 -1.483300 0.137597
v 0.411684 -1.483461 0.138638
v 0.411684 -1.477045 0.136125
v 0.400004 -1.477045 0.136125
v 0.411684 -1.477856 0.135918
v 0.411684 -1.476357 0.136714
v 0.411684 -1.475897 0.137597
v 0.411684 -1.475736 0.138638
v 0.411684 -1.482152 0.153605
v 0.411684 -1.481340 0.153812
v 0.411684 -1.482840 0.153015
v 0.411684 -1.483300 0.152133
v 0.411684 -1.483461 0.151092
v 0.400004 -1.477045 0.153605
v 0.411684 -1.477045 0.153605
v 0.411684 -1.477856 0.153812
v 0.400004 -1.477856 0.153812
v 0.411684 -1.476357 0.153015
v 0.411684 -1.475897 0.152133
v 0.411684 -1.475736 0.151092
v 0.411684 -1.479598 0.153812
v 0.411684 -1.475736 0.151092
v 0.411684 -1.475736 0.138638
v 0.411684 -1.479598 0.135918
v 0.411684 -1.483461 0.151092
v 0.411684 -1.483461 0.138638
v 0.402202 -1.481120 0.150795
v 0.410941 -1.481120 0.150795
v 0.410941 -1.479598 0.150795
v 0.402202 -1.479598 0.150795
v 0.402202 -1.481120 0.139037
v 0.402202 -1.479598 0.139037
v 0.410941 -1.479598 0.139037
v 0.410941 -1.481120 0.139037
vt 0.977033 0.096196
vt 0.977033 0.096196
vt 0.977033 0.096196
vt 0.977033 0.096196
vt 0.977033 0.096196
vt 0.977033 0.096196
vt 0.977033 0.096196
vt 0.977033 0.096196
vt 0.977033 0.096196
vt 0.977033 0.096196
vt 0.977033 0.096196
vt 0.977033 0.096196
vt 0.977033 0.096196
vt 0.977033 0.096196
vt 0.977033 0.096196
vt 0.977033 0.096196
vt 0.977033 0.096196
vt 0.977033 0.096196
vt 0.977033 0.096196
vt 0.977033 0.096196
vt 0.977033 0.096196
vt 0.977033 0.096196
vt 0.977033 0.096196
vt 0.977033 0.096196
vt 0.977033 0.096196
vt 0.977033 0.096196
vt 0.977033 0.096196
vt 0.977033 0.096196
vt 0.977033 0.096196
vt 0.977033 0.096196
vt 0.977033 0.096196
vt 0.977033 0.096196
vt 0.977033 0.096196
vt 0.977033 0.096196
vt 0.977033 0.096196
vt 0.977033 0.096196
vt 0.977033 0.096196
vt 0.977033 0.096196
vt 0.977033 0.096196
vt 0.977033 0.096196
vt 0.977033 0.096196
vt 0.977033 0.096196
vt 0.977033 0.096196
vt 0.977033 0.096196
vt 0.977033 0.096196
vt 0.977033 0.096196
vt 0.977033 0.096196
vt 0.977033 0.096196
vt 0.977033 0.096196
vt 0.977033 0.096196
vt 0.977033 0.096196
vt 0.977033 0.096196
vt 0.977033 0.096196
vt 0.977033 0.096196
vt 0.977033 0.096196
vt 0.977033 0.096196
vt 0.977033 0.096196
vt 0.977033 0.096196
vt 0.977033 0.096196
vt 0.977033 0.096196
vt 0.977033 0.096196
vt 0.977033 0.096196
vt 0.977033 0.096196
vt 0.977033 0.096196
vt 0.977033 0.096196
vt 0.977033 0.096196
vt 0.977033 0.096196
vt 0.977033 0.096196
vt 0.977033 0.096196
vt 0.977033 0.096196
vt 0.977033 0.096196
vt 0.977033 0.096196
vt 0.977033 0.096196
vt 0.977033 0.096196
vt 0.977033 0.096196
vt 0.977033 0.096196
vt 0.977033 0.096196
vt 0.977033 0.096196
vt 0.977033 0.096196
vt 0.977033 0.096196
vt 0.977033 0.096196
vt 0.977033 0.096196
vt 0.977033 0.096196
vt 0.977033 0.096196
vt 0.977033 0.096196
vt 0.977033 0.096196
vt 0.977033 0.096196
vt 0.977033 0.096196
vt 0.977033 0.096196
vt 0.977033 0.096196
vt 0.977033 0.096196
vt 0.977033 0.096196
vt 0.977033 0.096196
vt 0.977033 0.096196
vt 0.977033 0.096196
vt 0.977033 0.096196
vt 0.977033 0.096196
vt 0.977033 0.096196
vt 0.977033 0.096196
vt 0.977033 0.096196
vt 0.977033 0.096196
vt 0.977033 0.096196
vt 0.977033 0.096196
vt 0.977033 0.096196
vt 0.977033 0.096196
vt 0.977033 0.096196
vt 0.977033 0.096196
vt 0.977033 0.096196
vt 0.975338 0.209304
vt 0.975338 0.209304
vt 0.975338 0.209304
vt 0.975338 0.209304
vt 0.975338 0.209304
vt 0.975338 0.209304
vt 0.975338 0.209304
vt 0.975338 0.209304
vt 0.975338 0.209304
vt 0.975338 0.209304
vt 0.975338 0.209304
vt 0.975338 0.209304
vt 0.975338 0.209304
vt 0.975338 0.209304
vt 0.975338 0.209304
vt 0.975338 0.209304
vt 0.975338 0.209304
vt 0.975338 0.209304
vt 0.975338 0.209304
vt 0.975338 0.209304
vt 0.975338 0.209304
vt 0.975338 0.209304
vt 0.975338 0.209304
vt 0.975338 0.209304
vt 0.975338 0.209304
vt 0.975338 0.209304
vt 0.975338 0.209304
vt 0.975338 0.209304
vt 0.975338 0.209304
vt 0.975338 0.209304
vt 0.975338 0.209304
vt 0.975338 0.209304
vt 0.975338 0.209304
vt 0.975338 0.209304
vt 0.975338 0.209304
vt 0.975338 0.209304
vt 0.975338 0.209304
vt 0.975338 0.209304
vt 0.975338 0.209304
vt 0.975338 0.209304
vt 0.975338 0.209304
vt 0.975338 0.209304
vt 0.975338 0.209304
vt 0.975338 0.209304
vt 0.975338 0.209304
vt 0.975338 0.209304
vt 0.975338 0.209304
vt 0.975338 0.209304
vt 0.975338 0.209304
vt 0.975338 0.209304
vt 0.975338 0.209304
vt 0.975338 0.209304
vt 0.975338 0.209304
vt 0.975338 0.209304
vt 0.975338 0.209304
vt 0.975338 0.209304
vt 0.975338 0.209304
vt 0.975338 0.209304
vt 0.975338 0.209304
vt 0.975338 0.209304
vt 0.975338 0.209304
vt 0.975338 0.209304
vt 0.975338 0.209304
vt 0.975338 0.209304
vt 0.975338 0.209304
vt 0.975338 0.209304
vt 0.975338 0.209304
vt 0.975338 0.209304
vt 0.975338 0.209304
vt 0.975338 0.209304
vt 0.975338 0.209304
vt 0.975338 0.209304
vt 0.975338 0.209304
vt 0.975338 0.209304
vt 0.975338 0.209304
vt 0.975338 0.209304
vt 0.975338 0.209304
vt 0.975338 0.209304
vt 0.975338 0.209304
vt 0.975338 0.209304
vt 0.975338 0.209304
vt 0.975338 0.209304
vt 0.975338 0.209304
vt 0.975338 0.209304
vt 0.975338 0.209304
vt 0.975338 0.209304
vt 0.975338 0.209304
vt 0.975338 0.209304
vt 0.975338 0.209304
vt 0.975338 0.209304
vt 0.975338 0.209304
vt 0.975338 0.209304
vt 0.975338 0.209304
vt 0.975338 0.209304
vt 0.975338 0.209304
vt 0.975338 0.209304
vt 0.975338 0.209304
vt 0.975338 0.209304
vt 0.975338 0.209304
vt 0.975338 0.209304
vt 0.975338 0.209304
vt 0.975338 0.209304
vt 0.975338 0.209304
vt 0.975338 0.209304
vt 0.975338 0.209304
vt 0.975338 0.209304
vt 0.975338 0.209304
vt 0.975338 0.209304
vt 0.975338 0.209304
vt 0.975338 0.209304
vt 0.975338 0.209304
vt 0.975338 0.209304
vt 0.975338 0.209304
vt 0.975338 0.209304
vt 0.975338 0.209304
vt 0.975338 0.209304
vt 0.975338 0.209304
vt 0.975338 0.209304
vt 0.975338 0.209304
vt 0.975338 0.209304
vt 0.975338 0.209304
vt 0.975338 0.209304
vt 0.975338 0.209304
vt 0.975338 0.209304
vt 0.975338 0.209304
vt 0.975338 0.209304
vt 0.975338 0.209304
vt 0.975338 0.209304
vt 0.975338 0.209304
vt 0.975338 0.209304
vt 0.975338 0.209304
vt 0.975338 0.209304
vt 0.975338 0.209304
vt 0.975338 0.209304
vt 0.975338 0.209304
vt 0.975338 0.209304
vt 0.975338 0.209304
vt 0.975338 0.209304
vt 0.975338 0.209304
vt 0.975338 0.209304
vt 0.975338 0.209304
vt 0.975338 0.209304
vt 0.975338 0.209304
vt 0.975338 0.209304
vt 0.975338 0.209304
vt 0.975338 0.209304
vt 0.975338 0.209304
vt 0.975338 0.209304
vt 0.975338 0.209304
vt 0.975338 0.209304
vt 0.975338 0.209304
vt 0.975338 0.209304
vt 0.975338 0.209304
vt 0.975338 0.209304
vt 0.975338 0.209304
vt 0.975338 0.209304
vt 0.975338 0.209304
vt 0.975338 0.209304
vt 0.975338 0.209304
vt 0.975338 0.209304
vt 0.972266 0.062294
vt 0.971956 0.062440
vt 0.971956 0.062440
vt 0.972266 0.062294
vt 0.971130 0.062037
vt 0.971130 0.062037
vt 0.971130 0.062037
vt 0.971130 0.062037
vt 0.973797 0.064401
vt 0.973962 0.064100
vt 0.973962 0.064100
vt 0.973797 0.064401
vt 0.971130 0.062037
vt 0.971130 0.062037
vt 0.971130 0.062037
vt 0.971130 0.062037
vt 0.971691 0.062659
vt 0.971691 0.062659
vt 0.971130 0.062037
vt 0.971130 0.062037
vt 0.971130 0.062037
vt 0.971130 0.062037
vt 0.971489 0.064255
vt 0.971691 0.064533
vt 0.971691 0.064533
vt 0.971489 0.064255
vt 0.971130 0.062037
vt 0.971130 0.062037
vt 0.971130 0.062037
vt 0.971130 0.062037
vt 0.972603 0.062230
vt 0.972603 0.062230
vt 0.971130 0.062037
vt 0.971130 0.062037
vt 0.971956 0.064752
vt 0.971956 0.064752
vt 0.971130 0.062037
vt 0.971130 0.062037
vt 0.972946 0.062251
vt 0.972946 0.062251
vt 0.971130 0.062037
vt 0.971130 0.062037
vt 0.972266 0.064898
vt 0.972266 0.064898
vt 0.971130 0.062037
vt 0.971130 0.062037
vt 0.973272 0.062357
vt 0.973272 0.062357
vt 0.971130 0.062037
vt 0.971130 0.062037
vt 0.973272 0.064835
vt 0.973562 0.064651
vt 0.973562 0.064651
vt 0.973272 0.064835
vt 0.971130 0.062037
vt 0.971130 0.062037
vt 0.973562 0.062541
vt 0.973562 0.062541
vt 0.971130 0.062037
vt 0.971130 0.062037
vt 0.971130 0.062037
vt 0.971130 0.062037
vt 0.973797 0.062791
vt 0.973797 0.062791
vt 0.972946 0.064941
vt 0.973348 0.064997
vt 0.972979 0.065117
vt 0.972603 0.064962
vt 0.972592 0.065141
vt 0.972211 0.065068
vt 0.973942 0.064506
vt 0.973676 0.064789
vt 0.971860 0.064903
vt 0.971560 0.064656
vt 0.971332 0.064342
vt 0.974129 0.064166
vt 0.974047 0.063768
vt 0.974225 0.063790
vt 0.971363 0.063936
vt 0.971190 0.063981
vt 0.974047 0.063424
vt 0.974225 0.063402
vt 0.971320 0.063596
vt 0.971141 0.063596
vt 0.971363 0.063256
vt 0.971190 0.063211
vt 0.973962 0.063092
vt 0.974129 0.063026
vt 0.973942 0.062686
vt 0.973676 0.062403
vt 0.973348 0.062195
vt 0.972979 0.062075
vt 0.972592 0.062051
vt 0.972211 0.062124
vt 0.971560 0.062536
vt 0.971860 0.062289
vt 0.971489 0.062936
vt 0.971332 0.062850
vt 0.974047 0.063768
vt 0.971130 0.062037
vt 0.971130 0.062037
vt 0.971489 0.062936
vt 0.971363 0.063256
vt 0.971363 0.063936
vt 0.971130 0.062037
vt 0.971130 0.062037
vt 0.974047 0.063424
vt 0.971130 0.062037
vt 0.971130 0.062037
vt 0.971130 0.062037
vt 0.971130 0.062037
vt 0.971320 0.063596
vt 0.971130 0.062037
vt 0.971130 0.062037
vt 0.971130 0.062037
vt 0.971130 0.062037
vt 0.971130 0.062037
vt 0.971130 0.062037
vt 0.972946 0.064941
vt 0.973962 0.063092
vt 0.971130 0.062037
vt 0.971130 0.062037
vt 0.972603 0.064962
vt 0.971130 0.062037
vt 0.971130 0.062037
vt 0.976036 0.029512
vt 0.976036 0.029512
vt 0.976036 0.029512
vt 0.976036 0.029512
vt 0.976036 0.029512
vt 0.976036 0.029512
vt 0.976036 0.029512
vt 0.976036 0.029512
vt 0.976036 0.029512
vt 0.976036 0.029512
vt 0.976036 0.029512
vt 0.976036 0.029512
vt 0.976036 0.029512
vt 0.976036 0.029512
vt 0.976036 0.029512
vt 0.976036 0.029512
vt 0.976036 0.029512
vt 0.976036 0.029512
vt 0.976036 0.029512
vt 0.976036 0.029512
vt 0.976036 0.029512
vt 0.976036 0.029512
vt 0.976036 0.029512
vt 0.976036 0.029512
vt 0.976036 0.029512
vt 0.971130 0.062037
vt 0.971130 0.062037
vt 0.971130 0.062037
vt 0.971130 0.062037
vt 0.971130 0.062037
vt 0.971130 0.062037
vt 0.971130 0.062037
vt 0.971130 0.062037
vt 0.971130 0.062037
vt 0.971130 0.062037
vt 0.971130 0.062037
vt 0.971130 0.062037
vt 0.971130 0.062037
vt 0.971130 0.062037
vt 0.971130 0.062037
vt 0.971130 0.062037
vt 0.971130 0.062037
vt 0.971130 0.062037
vt 0.971130 0.062037
vt 0.971130 0.062037
vt 0.971130 0.062037
vt 0.971130 0.062037
vt 0.971130 0.062037
vt 0.971130 0.062037
vt 0.971130 0.062037
vt 0.971130 0.062037
vt 0.971130 0.062037
vt 0.971130 0.062037
vt 0.971130 0.062037
vt 0.971130 0.062037
vt 0.971130 0.062037
vt 0.971130 0.062037
vt 0.971130 0.062037
vt 0.971130 0.062037
vt 0.971130 0.062037
vt 0.971130 0.062037
vt 0.971130 0.062037
vt 0.971130 0.062037
vt 0.971130 0.062037
vt 0.971130 0.062037
vt 0.971130 0.062037
vt 0.971130 0.062037
vt 0.971130 0.062037
vt 0.971130 0.062037
vt 0.971130 0.062037
vt 0.971130 0.062037
vt 0.971130 0.062037
vt 0.971130 0.062037
vt 0.971130 0.062037
vt 0.971130 0.062037
vt 0.976036 0.029512
vt 0.976036 0.029512
vt 0.976036 0.029512
vt 0.976036 0.029512
vt 0.976036 0.029512
vt 0.976036 0.029512
vt 0.976036 0.029512
vt 0.976036 0.029512
vt 0.976036 0.029512
vt 0.976036 0.029512
vt 0.976036 0.029512
vt 0.976036 0.029512
vt 0.976036 0.029512
vt 0.976036 0.029512
vt 0.976036 0.029512
vt 0.976036 0.029512
vt 0.976036 0.029512
vt 0.976036 0.029512
vt 0.976036 0.029512
vt 0.976036 0.029512
vt 0.976036 0.029512
vt 0.976036 0.029512
vt 0.976036 0.029512
vt 0.976036 0.029512
vt 0.976036 0.029512
vt 0.981749 0.062775
vt 0.981749 0.062775
vt 0.981749 0.062775
vt 0.981749 0.062775
vt 0.981749 0.062775
vt 0.981749 0.062775
vt 0.981749 0.062775
vt 0.981749 0.062775
vt 0.981749 0.062775
vt 0.981749 0.062775
vt 0.981749 0.062775
vt 0.981749 0.062775
vt 0.981749 0.062775
vt 0.981749 0.062775
vt 0.981749 0.062775
vt 0.981749 0.062775
vt 0.981749 0.062775
vt 0.981749 0.062775
vt 0.981749 0.062775
vt 0.981749 0.062775
vt 0.981749 0.062775
vt 0.981749 0.062775
vt 0.981749 0.062775
vt 0.981749 0.062775
vt 0.972104 0.219433
vt 0.972104 0.219433
vt 0.972104 0.219433
vt 0.972104 0.219433
vt 0.972104 0.219433
vt 0.972104 0.219433
vt 0.972104 0.219433
vt 0.972104 0.219433
vt 0.972104 0.219433
vt 0.972104 0.219433
vt 0.972104 0.219433
vt 0.972104 0.219433
vt 0.972104 0.219433
vt 0.972104 0.219433
vt 0.972104 0.219433
vt 0.972104 0.219433
vt 0.972104 0.219433
vt 0.972104 0.219433
vt 0.972104 0.219433
vt 0.972104 0.219433
vt 0.972104 0.219433
vt 0.972104 0.219433
vt 0.972104 0.219433
vt 0.972104 0.219433
vt 0.972104 0.219433
vt 0.972104 0.219433
vt 0.972104 0.219433
vt 0.972104 0.219433
vt 0.972104 0.219433
vt 0.972104 0.219433
vt 0.972104 0.219433
vt 0.972104 0.219433
vt 0.972104 0.219433
vt 0.972104 0.219433
vt 0.970766 0.217243
vt 0.970563 0.217305
vt 0.970375 0.217405
vt 0.970211 0.217540
vt 0.970077 0.217704
vt 0.969977 0.217891
vt 0.969915 0.218094
vt 0.969894 0.218305
vt 0.969915 0.218516
vt 0.969977 0.218719
vt 0.970077 0.218907
vt 0.970211 0.219071
vt 0.970375 0.219205
vt 0.970563 0.219305
vt 0.970766 0.219367
vt 0.970977 0.219388
vt 0.971188 0.219367
vt 0.971391 0.219305
vt 0.971578 0.219205
vt 0.971742 0.219071
vt 0.971877 0.218907
vt 0.971977 0.218719
vt 0.972039 0.218516
vt 0.972059 0.218305
vt 0.972039 0.218094
vt 0.971977 0.217891
vt 0.971877 0.217704
vt 0.971742 0.217540
vt 0.971578 0.217405
vt 0.971391 0.217305
vt 0.971188 0.217243
vt 0.970977 0.217223
vt 0.968863 0.216050
vt 0.968863 0.214922
vt 0.968722 0.214922
vt 0.968722 0.216050
vt 0.969144 0.216050
vt 0.969144 0.214922
vt 0.969003 0.214922
vt 0.969003 0.216050
vt 0.969285 0.216050
vt 0.969285 0.214922
vt 0.971118 0.216050
vt 0.971118 0.214922
vt 0.970977 0.214922
vt 0.970977 0.216050
vt 0.968581 0.216050
vt 0.968581 0.214922
vt 0.968440 0.214922
vt 0.968440 0.216050
vt 0.968485 0.216050
vt 0.968299 0.216050
vt 0.968299 0.214922
vt 0.968158 0.214922
vt 0.968158 0.216050
vt 0.972104 0.216050
vt 0.972104 0.214922
vt 0.971964 0.214922
vt 0.971964 0.216050
vt 0.969990 0.216050
vt 0.969990 0.214922
vt 0.969849 0.214922
vt 0.969849 0.216050
vt 0.971400 0.216050
vt 0.971400 0.214922
vt 0.971259 0.214922
vt 0.971259 0.216050
vt 0.969708 0.214922
vt 0.969708 0.216050
vt 0.969744 0.216050
vt 0.971823 0.214922
vt 0.971823 0.216050
vt 0.968017 0.214922
vt 0.968017 0.216050
vt 0.970272 0.216050
vt 0.970272 0.214922
vt 0.970131 0.214922
vt 0.970131 0.216050
vt 0.967876 0.214922
vt 0.967876 0.216050
vt 0.969426 0.216050
vt 0.969426 0.214922
vt 0.971682 0.216050
vt 0.971682 0.214922
vt 0.971541 0.214922
vt 0.971541 0.216050
vt 0.971214 0.216050
vt 0.969567 0.216050
vt 0.969567 0.214922
vt 0.970413 0.216050
vt 0.970413 0.214922
vt 0.970695 0.216050
vt 0.970695 0.214922
vt 0.970554 0.214922
vt 0.970554 0.216050
vt 0.967735 0.216050
vt 0.967735 0.214922
vt 0.967594 0.214922
vt 0.967594 0.216050
vt 0.967699 0.216050
vt 0.970836 0.214922
vt 0.970836 0.216050
vt 0.939983 0.062599
vt 0.939759 0.062621
vt 0.939535 0.062599
vt 0.939320 0.062533
vt 0.939121 0.062427
vt 0.938947 0.062284
vt 0.938805 0.062110
vt 0.938698 0.061912
vt 0.938633 0.061697
vt 0.938611 0.061473
vt 0.938633 0.061249
vt 0.938698 0.061033
vt 0.938805 0.060835
vt 0.938947 0.060661
vt 0.939121 0.060518
vt 0.939320 0.060412
vt 0.939535 0.060347
vt 0.939759 0.060325
vt 0.939983 0.060347
vt 0.940198 0.060412
vt 0.940397 0.060518
vt 0.940571 0.060661
vt 0.940713 0.060835
vt 0.940820 0.061033
vt 0.940885 0.061249
vt 0.940907 0.061473
vt 0.940885 0.061697
vt 0.940820 0.061912
vt 0.940713 0.062110
vt 0.940571 0.062284
vt 0.940397 0.062427
vt 0.940198 0.062533
vt 0.942001 0.063864
vt 0.942151 0.063864
vt 0.942151 0.065060
vt 0.942001 0.065060
vt 0.941702 0.063864
vt 0.941852 0.063864
vt 0.941852 0.065060
vt 0.941702 0.065060
vt 0.941553 0.063864
vt 0.941553 0.065060
vt 0.939609 0.063864
vt 0.939759 0.063864
vt 0.939759 0.065060
vt 0.939609 0.065060
vt 0.942300 0.063864
vt 0.942402 0.063864
vt 0.942449 0.063864
vt 0.942449 0.065060
vt 0.942300 0.065060
vt 0.942599 0.063864
vt 0.942748 0.063864
vt 0.942748 0.065060
vt 0.942599 0.065060
vt 0.938563 0.063864
vt 0.938713 0.063864
vt 0.938713 0.065060
vt 0.938563 0.065060
vt 0.940805 0.063864
vt 0.940955 0.063864
vt 0.940955 0.065060
vt 0.940805 0.065060
vt 0.939311 0.063864
vt 0.939460 0.063864
vt 0.939460 0.065060
vt 0.939311 0.065060
vt 0.941067 0.063864
vt 0.941104 0.063864
vt 0.941104 0.065060
vt 0.938862 0.063864
vt 0.938862 0.065060
vt 0.942898 0.063864
vt 0.942898 0.065060
vt 0.940506 0.063864
vt 0.940656 0.063864
vt 0.940656 0.065060
vt 0.940506 0.065060
vt 0.943047 0.063864
vt 0.943047 0.065060
vt 0.941403 0.063864
vt 0.941403 0.065060
vt 0.939012 0.063864
vt 0.939161 0.063864
vt 0.939161 0.065060
vt 0.939012 0.065060
vt 0.939508 0.063864
vt 0.941254 0.063864
vt 0.941254 0.065060
vt 0.940357 0.063864
vt 0.940357 0.065060
vt 0.940058 0.063864
vt 0.940207 0.063864
vt 0.940207 0.065060
vt 0.940058 0.065060
vt 0.943197 0.063864
vt 0.943235 0.063864
vt 0.943346 0.063864
vt 0.943346 0.065060
vt 0.943197 0.065060
vt 0.939908 0.063864
vt 0.939908 0.065060
vt 0.942748 0.063864
vt 0.942599 0.063864
vt 0.942599 0.063864
vt 0.942748 0.063864
vt 0.939759 0.063864
vt 0.939609 0.063864
vt 0.939609 0.063864
vt 0.939759 0.063864
vt 0.940805 0.063864
vt 0.940656 0.063864
vt 0.940656 0.063864
vt 0.940805 0.063864
vt 0.941553 0.063864
vt 0.941403 0.063864
vt 0.941403 0.063864
vt 0.941553 0.063864
vt 0.939012 0.063864
vt 0.938862 0.063864
vt 0.938862 0.063864
vt 0.939012 0.063864
vt 0.942898 0.063864
vt 0.942898 0.063864
vt 0.940506 0.063864
vt 0.940506 0.063864
vt 0.943047 0.063864
vt 0.943047 0.063864
vt 0.939161 0.063864
vt 0.939161 0.063864
vt 0.941254 0.063864
vt 0.941254 0.063864
vt 0.940357 0.063864
vt 0.940357 0.063864
vt 0.943197 0.063864
vt 0.943197 0.063864
vt 0.939311 0.063864
vt 0.939311 0.063864
vt 0.941104 0.063864
vt 0.941104 0.063864
vt 0.940207 0.063864
vt 0.940207 0.063864
vt 0.943235 0.063864
vt 0.943235 0.063864
vt 0.942151 0.063864
vt 0.942001 0.063864
vt 0.942001 0.063864
vt 0.942151 0.063864
vt 0.939460 0.063864
vt 0.939460 0.063864
vt 0.943346 0.063864
vt 0.943346 0.063864
vt 0.942300 0.063864
vt 0.942300 0.063864
vt 0.940058 0.063864
vt 0.940058 0.063864
vt 0.941067 0.063864
vt 0.941067 0.063864
vt 0.941852 0.063864
vt 0.941852 0.063864
vt 0.939508 0.063864
vt 0.939508 0.063864
vt 0.940955 0.063864
vt 0.940955 0.063864
vt 0.942402 0.063864
vt 0.942402 0.063864
vt 0.938713 0.063864
vt 0.938563 0.063864
vt 0.938563 0.063864
vt 0.938713 0.063864
vt 0.942449 0.063864
vt 0.942449 0.063864
vt 0.939908 0.063864
vt 0.939908 0.063864
vt 0.941702 0.063864
vt 0.941702 0.063864
vt 0.939609 0.063864
vt 0.939759 0.063864
vt 0.940656 0.063864
vt 0.940805 0.063864
vt 0.941403 0.063864
vt 0.941553 0.063864
vt 0.938862 0.063864
vt 0.939012 0.063864
vt 0.942748 0.063864
vt 0.942898 0.063864
vt 0.940506 0.063864
vt 0.943047 0.063864
vt 0.939161 0.063864
vt 0.941254 0.063864
vt 0.940357 0.063864
vt 0.943197 0.063864
vt 0.942001 0.063864
vt 0.942151 0.063864
vt 0.939311 0.063864
vt 0.941104 0.063864
vt 0.942300 0.063864
vt 0.940207 0.063864
vt 0.943235 0.063864
vt 0.941852 0.063864
vt 0.939460 0.063864
vt 0.943346 0.063864
vt 0.942402 0.063864
vt 0.940058 0.063864
vt 0.941067 0.063864
vt 0.942449 0.063864
vt 0.939508 0.063864
vt 0.940955 0.063864
vt 0.941702 0.063864
vt 0.938563 0.063864
vt 0.938713 0.063864
vt 0.942599 0.063864
vt 0.939908 0.063864
vt 0.939983 0.062599
vt 0.940198 0.062533
vt 0.940397 0.062427
vt 0.940571 0.062284
vt 0.940713 0.062110
vt 0.940820 0.061912
vt 0.940885 0.061697
vt 0.940907 0.061473
vt 0.940885 0.061249
vt 0.940820 0.061033
vt 0.940713 0.060835
vt 0.940571 0.060661
vt 0.940397 0.060518
vt 0.940198 0.060412
vt 0.939983 0.060347
vt 0.939759 0.060325
vt 0.939535 0.060347
vt 0.939320 0.060412
vt 0.939121 0.060518
vt 0.938947 0.060661
vt 0.938805 0.060835
vt 0.938698 0.061033
vt 0.938633 0.061249
vt 0.938611 0.061473
vt 0.938633 0.061697
vt 0.938698 0.061912
vt 0.938805 0.062110
vt 0.938947 0.062284
vt 0.939121 0.062427
vt 0.939320 0.062533
vt 0.939535 0.062599
vt 0.939759 0.062621
vt 0.942001 0.065060
vt 0.942151 0.065060
vt 0.941702 0.065060
vt 0.941852 0.065060
vt 0.941553 0.065060
vt 0.939609 0.065060
vt 0.939759 0.065060
vt 0.942300 0.065060
vt 0.942449 0.065060
vt 0.942599 0.065060
vt 0.942748 0.065060
vt 0.938563 0.065060
vt 0.938713 0.065060
vt 0.940805 0.065060
vt 0.940955 0.065060
vt 0.939311 0.065060
vt 0.939460 0.065060
vt 0.941104 0.065060
vt 0.938862 0.065060
vt 0.942898 0.065060
vt 0.940506 0.065060
vt 0.940656 0.065060
vt 0.943047 0.065060
vt 0.941403 0.065060
vt 0.939012 0.065060
vt 0.939161 0.065060
vt 0.941254 0.065060
vt 0.940357 0.065060
vt 0.940058 0.065060
vt 0.940207 0.065060
vt 0.943197 0.065060
vt 0.943346 0.065060
vt 0.939908 0.065060
vt 0.972104 0.219433
vt 0.972104 0.219433
vt 0.972104 0.219433
vt 0.972104 0.219433
vt 0.972104 0.219433
vt 0.972104 0.219433
vt 0.972104 0.219433
vt 0.972104 0.219433
vt 0.972104 0.219433
vt 0.972104 0.219433
vt 0.972104 0.219433
vt 0.972104 0.219433
vt 0.972104 0.219433
vt 0.972104 0.219433
vt 0.972104 0.219433
vt 0.972104 0.219433
vt 0.972104 0.219433
vt 0.972104 0.219433
vt 0.972104 0.219433
vt 0.972104 0.219433
vt 0.972104 0.219433
vt 0.972104 0.219433
vt 0.972104 0.219433
vt 0.972104 0.219433
vt 0.972104 0.219433
vt 0.972104 0.219433
vt 0.972104 0.219433
vt 0.972104 0.219433
vt 0.972104 0.219433
vt 0.972104 0.219433
vt 0.972104 0.219433
vt 0.972104 0.219433
vt 0.972104 0.219433
vt 0.972104 0.219433
vt 0.972104 0.219433
vt 0.972104 0.219433
vt 0.972104 0.219433
vt 0.972104 0.219433
vt 0.972104 0.219433
vt 0.972104 0.219433
vt 0.972104 0.219433
vt 0.972104 0.219433
vt 0.972104 0.219433
vt 0.972104 0.219433
vt 0.972104 0.219433
vt 0.972104 0.219433
vt 0.972104 0.219433
vt 0.972104 0.219433
vt 0.972104 0.219433
vt 0.972104 0.219433
vt 0.972104 0.219433
vt 0.972104 0.219433
vt 0.972104 0.219433
vt 0.972104 0.219433
vt 0.972104 0.219433
vt 0.972104 0.219433
vt 0.972104 0.219433
vt 0.972104 0.219433
vt 0.972104 0.219433
vt 0.972104 0.219433
vt 0.972104 0.219433
vt 0.972104 0.219433
vt 0.972104 0.219433
vt 0.972104 0.219433
vt 0.972104 0.219433
vt 0.972104 0.219433
vt 0.972104 0.219433
vt 0.972104 0.219433
vt 0.972104 0.219433
vt 0.972104 0.219433
vt 0.972104 0.219433
vt 0.972104 0.219433
vt 0.972104 0.219433
vt 0.972104 0.219433
vt 0.972104 0.219433
vt 0.972104 0.219433
vt 0.972104 0.219433
vt 0.972104 0.219433
vt 0.972104 0.219433
vt 0.972104 0.219433
vt 0.972104 0.219433
vt 0.972104 0.219433
vt 0.972104 0.219433
vt 0.972104 0.219433
vt 0.972104 0.219433
vt 0.972104 0.219433
vt 0.972104 0.219433
vt 0.972104 0.219433
vt 0.972104 0.219433
vt 0.972104 0.219433
vt 0.972104 0.219433
vt 0.972104 0.219433
vt 0.972104 0.219433
vt 0.972104 0.219433
vt 0.972104 0.219433
vt 0.972104 0.219433
vt 0.972104 0.219433
vt 0.972104 0.219433
vt 0.972104 0.219433
vt 0.972104 0.219433
vt 0.972104 0.219433
vt 0.972104 0.219433
vt 0.972104 0.219433
vt 0.972104 0.219433
vt 0.972104 0.219433
vt 0.972104 0.219433
vt 0.972104 0.219433
vt 0.972104 0.219433
vt 0.972104 0.219433
vt 0.972104 0.219433
vt 0.972104 0.219433
vt 0.972104 0.219433
vt 0.972104 0.219433
vt 0.972104 0.219433
vt 0.972104 0.219433
vt 0.972104 0.219433
vt 0.972104 0.219433
vt 0.972104 0.219433
vt 0.972104 0.219433
vt 0.972104 0.219433
vt 0.972104 0.219433
vt 0.972104 0.219433
vt 0.972104 0.219433
vt 0.972104 0.219433
vt 0.972104 0.219433
vt 0.972104 0.219433
vt 0.972104 0.219433
vt 0.972104 0.219433
vt 0.972104 0.219433
vt 0.972104 0.219433
vt 0.972104 0.219433
vt 0.972104 0.219433
vt 0.972104 0.219433
vt 0.972104 0.219433
vt 0.972104 0.219433
vt 0.972104 0.219433
vt 0.972104 0.219433
vt 0.972104 0.219433
vt 0.972104 0.219433
vt 0.972104 0.219433
vt 0.972104 0.219433
vt 0.972104 0.219433
vt 0.972104 0.219433
vt 0.972104 0.219433
vt 0.972104 0.219433
vt 0.972104 0.219433
vt 0.972104 0.219433
vt 0.972104 0.219433
vt 0.972104 0.219433
vt 0.972104 0.219433
vt 0.972104 0.219433
vt 0.972104 0.219433
vt 0.972104 0.219433
vt 0.972104 0.219433
vt 0.972104 0.219433
vt 0.972104 0.219433
vt 0.972104 0.219433
vt 0.972104 0.219433
vt 0.972104 0.219433
vt 0.972104 0.219433
vt 0.972104 0.219433
vt 0.972104 0.219433
vt 0.972104 0.219433
vt 0.972104 0.219433
vt 0.972104 0.219433
vt 0.972104 0.219433
vt 0.972104 0.219433
vt 0.972104 0.219433
vt 0.972104 0.219433
vt 0.972104 0.219433
vt 0.972104 0.219433
vt 0.972104 0.219433
vt 0.972104 0.219433
vt 0.972104 0.219433
vt 0.972104 0.219433
vt 0.972104 0.219433
vt 0.972104 0.219433
vt 0.972104 0.219433
vt 0.972104 0.219433
vt 0.972104 0.219433
vt 0.972104 0.219433
vt 0.972104 0.219433
vt 0.972104 0.219433
vt 0.972104 0.219433
vt 0.972104 0.219433
vt 0.972104 0.219433
vt 0.972104 0.219433
vt 0.972104 0.219433
vt 0.972104 0.219433
vt 0.972104 0.219433
vt 0.972104 0.219433
vt 0.972104 0.219433
vt 0.972104 0.219433
vt 0.972104 0.219433
vt 0.972104 0.219433
vt 0.972104 0.219433
vt 0.972104 0.219433
vt 0.972104 0.219433
vt 0.972104 0.219433
vt 0.972104 0.219433
vt 0.972104 0.219433
vt 0.972104 0.219433
vt 0.972104 0.219433
vt 0.972104 0.219433
vt 0.972104 0.219433
vt 0.972104 0.219433
vt 0.972104 0.219433
vt 0.972104 0.219433
vt 0.972104 0.219433
vt 0.972104 0.219433
vt 0.972104 0.219433
vt 0.972104 0.219433
vt 0.972104 0.219433
vt 0.972104 0.219433
vt 0.972104 0.219433
vt 0.972104 0.219433
vt 0.972104 0.219433
vt 0.972104 0.219433
vt 0.972104 0.219433
vt 0.972104 0.219433
vt 0.972104 0.219433
vt 0.972104 0.219433
vt 0.972104 0.219433
vt 0.972104 0.219433
vt 0.972104 0.219433
vt 0.972104 0.219433
vt 0.972104 0.219433
vt 0.972104 0.219433
vt 0.972104 0.219433
vt 0.972104 0.219433
vt 0.972104 0.219433
vt 0.972104 0.219433
vt 0.972104 0.219433
vt 0.972104 0.219433
vt 0.972104 0.219433
vt 0.972104 0.219433
vt 0.972104 0.219433
vt 0.972104 0.219433
vt 0.972104 0.219433
vt 0.972104 0.219433
vt 0.972104 0.219433
vt 0.972104 0.219433
vt 0.972104 0.219433
vt 0.972104 0.219433
vt 0.972104 0.219433
vt 0.972104 0.219433
vt 0.972104 0.219433
vt 0.972104 0.219433
vt 0.972104 0.219433
vt 0.972104 0.219433
vt 0.972104 0.219433
vt 0.972104 0.219433
vt 0.972104 0.219433
vt 0.972104 0.219433
vt 0.972104 0.219433
vt 0.972104 0.219433
vt 0.972104 0.219433
vt 0.972104 0.219433
vt 0.972104 0.219433
vt 0.972104 0.219433
vt 0.972104 0.219433
vt 0.972104 0.219433
vt 0.972104 0.219433
vt 0.972104 0.219433
vt 0.972104 0.219433
vt 0.972104 0.219433
vt 0.972104 0.219433
vt 0.972104 0.219433
vt 0.972104 0.219433
vt 0.972104 0.219433
vt 0.972104 0.219433
vt 0.972104 0.219433
vt 0.972104 0.219433
vt 0.972104 0.219433
vt 0.972104 0.219433
vt 0.972104 0.219433
vt 0.972104 0.219433
vt 0.972104 0.219433
vt 0.972104 0.219433
vt 0.972104 0.219433
vt 0.972104 0.219433
vt 0.972104 0.219433
vt 0.972104 0.219433
vt 0.972104 0.219433
vt 0.972104 0.219433
vt 0.972104 0.219433
vt 0.972104 0.219433
vt 0.972104 0.219433
vt 0.972104 0.219433
vt 0.972104 0.219433
vt 0.972104 0.219433
vt 0.972104 0.219433
vt 0.972104 0.219433
vt 0.972104 0.219433
vt 0.972104 0.219433
vt 0.972104 0.219433
vt 0.972104 0.219433
vt 0.972104 0.219433
vt 0.972104 0.219433
vt 0.972104 0.219433
vt 0.972104 0.219433
vt 0.972104 0.219433
vt 0.972104 0.219433
vt 0.972104 0.219433
vt 0.972104 0.219433
vt 0.972104 0.219433
vt 0.972104 0.219433
vt 0.972104 0.219433
vt 0.972104 0.219433
vt 0.972104 0.219433
vt 0.972104 0.219433
vt 0.972104 0.219433
vt 0.972104 0.219433
vt 0.972104 0.219433
vt 0.972104 0.219433
vt 0.972104 0.219433
vt 0.972104 0.219433
vt 0.972104 0.219433
vt 0.972104 0.219433
vt 0.972104 0.219433
vt 0.972104 0.219433
vt 0.972104 0.219433
vt 0.972104 0.219433
vt 0.972104 0.219433
vt 0.972104 0.219433
vt 0.972104 0.219433
vt 0.972104 0.219433
vt 0.972104 0.219433
vt 0.972104 0.219433
vt 0.972104 0.219433
vt 0.972104 0.219433
vt 0.972104 0.219433
vt 0.972104 0.219433
vt 0.972104 0.219433
vt 0.972104 0.219433
vt 0.972104 0.219433
vt 0.972104 0.219433
vt 0.972104 0.219433
vt 0.972104 0.219433
vt 0.972104 0.219433
vt 0.972104 0.219433
vt 0.972104 0.219433
vt 0.972104 0.219433
vt 0.972104 0.219433
vt 0.972104 0.219433
vt 0.972104 0.219433
vt 0.972104 0.219433
vt 0.972104 0.219433
vt 0.972104 0.219433
vt 0.972104 0.219433
vt 0.972104 0.219433
vt 0.972104 0.219433
vt 0.972104 0.219433
vt 0.972104 0.219433
vt 0.972104 0.219433
vt 0.972104 0.219433
vt 0.972104 0.219433
vt 0.972104 0.219433
vt 0.972104 0.219433
vt 0.972104 0.219433
vt 0.972104 0.219433
vt 0.972104 0.219433
vt 0.972104 0.219433
vt 0.972104 0.219433
vt 0.972104 0.219433
vt 0.972104 0.219433
vt 0.972104 0.219433
vt 0.972104 0.219433
vt 0.972104 0.219433
vt 0.972104 0.219433
vt 0.972104 0.219433
vt 0.972104 0.219433
vt 0.972104 0.219433
vt 0.972104 0.219433
vt 0.972104 0.219433
vt 0.972104 0.219433
vt 0.972104 0.219433
vt 0.972104 0.219433
vt 0.972104 0.219433
vt 0.972104 0.219433
vt 0.972104 0.219433
vt 0.972104 0.219433
vt 0.972104 0.219433
vt 0.972104 0.219433
vt 0.972104 0.219433
vt 0.972104 0.219433
vt 0.972104 0.219433
vt 0.972104 0.219433
vt 0.972104 0.219433
vt 0.972104 0.219433
vt 0.972104 0.219433
vt 0.972104 0.219433
vt 0.972104 0.219433
vt 0.972104 0.219433
vt 0.972104 0.219433
vt 0.972104 0.219433
vt 0.972104 0.219433
vt 0.972104 0.219433
vt 0.972104 0.219433
vt 0.972104 0.219433
vt 0.972104 0.219433
vt 0.972104 0.219433
vt 0.972104 0.219433
vt 0.972104 0.219433
vt 0.972104 0.219433
vt 0.972104 0.219433
vt 0.972104 0.219433
vt 0.972104 0.219433
vt 0.972104 0.219433
vt 0.972104 0.219433
vt 0.972104 0.219433
vt 0.972104 0.219433
vt 0.972104 0.219433
vt 0.972104 0.219433
vt 0.972104 0.219433
vt 0.972104 0.219433
vt 0.972104 0.219433
vt 0.972104 0.219433
vt 0.972104 0.219433
vt 0.972104 0.219433
vt 0.972104 0.219433
vt 0.972104 0.219433
vt 0.972104 0.219433
vt 0.972104 0.219433
vt 0.972104 0.219433
vt 0.972104 0.219433
vt 0.972104 0.219433
vt 0.972104 0.219433
vt 0.972104 0.219433
vt 0.972104 0.219433
vt 0.972104 0.219433
vt 0.972104 0.219433
vt 0.972104 0.219433
vt 0.972104 0.219433
vt 0.972104 0.219433
vt 0.972104 0.219433
vt 0.972104 0.219433
vt 0.972104 0.219433
vt 0.972104 0.219433
vt 0.972104 0.219433
vt 0.972104 0.219433
vt 0.972104 0.219433
vt 0.972104 0.219433
vt 0.972104 0.219433
vt 0.972104 0.219433
vt 0.972104 0.219433
vt 0.972104 0.219433
vt 0.972104 0.219433
vt 0.972104 0.219433
vt 0.972104 0.219433
vt 0.972104 0.219433
vt 0.972104 0.219433
vt 0.972104 0.219433
vt 0.972104 0.219433
vt 0.972104 0.219433
vt 0.972104 0.219433
vt 0.972104 0.219433
vt 0.972104 0.219433
vt 0.972104 0.219433
vt 0.972104 0.219433
vt 0.972104 0.219433
vt 0.972104 0.219433
vt 0.972104 0.219433
vt 0.972104 0.219433
vt 0.972104 0.219433
vt 0.972104 0.219433
vt 0.972104 0.219433
vt 0.972104 0.219433
vt 0.972104 0.219433
vt 0.972104 0.219433
vt 0.972104 0.219433
vt 0.972104 0.219433
vt 0.972104 0.219433
vt 0.972104 0.219433
vt 0.972104 0.219433
vt 0.972104 0.219433
vt 0.972104 0.219433
vt 0.972104 0.219433
vt 0.972104 0.219433
vt 0.972104 0.219433
vt 0.972104 0.219433
vt 0.972104 0.219433
vt 0.972104 0.219433
vt 0.972104 0.219433
vt 0.972104 0.219433
vt 0.972104 0.219433
vt 0.972104 0.219433
vt 0.972104 0.219433
vt 0.972104 0.219433
vt 0.972104 0.219433
vt 0.972104 0.219433
vt 0.972104 0.219433
vt 0.972104 0.219433
vt 0.972104 0.219433
vt 0.972104 0.219433
vt 0.972104 0.219433
vt 0.972104 0.219433
vt 0.972104 0.219433
vt 0.972104 0.219433
vt 0.972104 0.219433
vt 0.972104 0.219433
vt 0.972104 0.219433
vt 0.972104 0.219433
vt 0.972104 0.219433
vt 0.972104 0.219433
vt 0.972104 0.219433
vt 0.972104 0.219433
vt 0.972104 0.219433
vt 0.972104 0.219433
vt 0.972104 0.219433
vt 0.972104 0.219433
vt 0.972104 0.219433
vt 0.972104 0.219433
vt 0.972104 0.219433
vt 0.972104 0.219433
vt 0.972104 0.219433
vt 0.972104 0.219433
vt 0.972104 0.219433
vt 0.972104 0.219433
vt 0.972104 0.219433
vt 0.972104 0.219433
vt 0.972104 0.219433
vt 0.972104 0.219433
vt 0.972104 0.219433
vt 0.972104 0.219433
vt 0.972104 0.219433
vt 0.972104 0.219433
vt 0.972104 0.219433
vt 0.972104 0.219433
vt 0.972104 0.219433
vt 0.972104 0.219433
vt 0.972104 0.219433
vt 0.972104 0.219433
vt 0.972104 0.219433
vt 0.972104 0.219433
vt 0.972104 0.219433
vt 0.972104 0.219433
vt 0.972104 0.219433
vt 0.972104 0.219433
vt 0.972104 0.219433
vt 0.972104 0.219433
vt 0.972104 0.219433
vt 0.972104 0.219433
vt 0.972104 0.219433
vt 0.972104 0.219433
vt 0.972104 0.219433
vt 0.972104 0.219433
vt 0.972104 0.219433
vt 0.972104 0.219433
vt 0.972104 0.219433
vt 0.972104 0.219433
vt 0.972104 0.219433
vt 0.972104 0.219433
vt 0.972104 0.219433
vt 0.972104 0.219433
vt 0.972104 0.219433
vt 0.972104 0.219433
vt 0.972104 0.219433
vt 0.972104 0.219433
vt 0.972104 0.219433
vt 0.972104 0.219433
vt 0.972104 0.219433
vt 0.972104 0.219433
vt 0.972104 0.219433
vt 0.972104 0.219433
vt 0.972104 0.219433
vt 0.972104 0.219433
vt 0.972104 0.219433
vt 0.972104 0.219433
vt 0.972104 0.219433
vt 0.972104 0.219433
vt 0.972104 0.219433
vt 0.972104 0.219433
vt 0.972104 0.219433
vt 0.972104 0.219433
vt 0.972104 0.219433
vt 0.972104 0.219433
vt 0.972104 0.219433
vt 0.972104 0.219433
vt 0.972104 0.219433
vt 0.972104 0.219433
vt 0.972104 0.219433
vt 0.972104 0.219433
vt 0.972104 0.219433
vt 0.972104 0.219433
vt 0.972104 0.219433
vt 0.972104 0.219433
vt 0.972104 0.219433
vt 0.972104 0.219433
vt 0.972104 0.219433
vt 0.972104 0.219433
vt 0.972104 0.219433
vt 0.972104 0.219433
vt 0.972104 0.219433
vt 0.972104 0.219433
vt 0.972104 0.219433
vt 0.972104 0.219433
vt 0.972104 0.219433
vt 0.972104 0.219433
vt 0.972104 0.219433
vt 0.972104 0.219433
vt 0.972104 0.219433
vt 0.972104 0.219433
vt 0.972104 0.219433
vt 0.972104 0.219433
vt 0.972104 0.219433
vt 0.972104 0.219433
vt 0.972104 0.219433
vt 0.972104 0.219433
vt 0.972104 0.219433
vt 0.972104 0.219433
vt 0.972104 0.219433
vt 0.972104 0.219433
vt 0.972104 0.219433
vt 0.972104 0.219433
vt 0.972104 0.219433
vt 0.972104 0.219433
vt 0.972104 0.219433
vt 0.972104 0.219433
vt 0.972104 0.219433
vt 0.972104 0.219433
vt 0.972104 0.219433
vt 0.972104 0.219433
vt 0.972104 0.219433
vt 0.972104 0.219433
vt 0.972104 0.219433
vt 0.972104 0.219433
vt 0.972104 0.219433
vt 0.972104 0.219433
vt 0.972104 0.219433
vt 0.972104 0.219433
vt 0.972104 0.219433
vt 0.972104 0.219433
vt 0.972104 0.219433
vt 0.972104 0.219433
vt 0.972104 0.219433
vt 0.972104 0.219433
vt 0.972104 0.219433
vt 0.972104 0.219433
vt 0.972104 0.219433
vt 0.972104 0.219433
vt 0.972104 0.219433
vt 0.972104 0.219433
vt 0.972104 0.219433
vt 0.972104 0.219433
vt 0.972104 0.219433
vt 0.972104 0.219433
vt 0.972104 0.219433
vt 0.972104 0.219433
vt 0.972104 0.219433
vt 0.972104 0.219433
vt 0.972104 0.219433
vt 0.972104 0.219433
vt 0.972104 0.219433
vt 0.972104 0.219433
vt 0.972104 0.219433
vt 0.972104 0.219433
vt 0.972104 0.219433
vt 0.972104 0.219433
vt 0.972104 0.219433
vt 0.972104 0.219433
vt 0.972104 0.219433
vt 0.972104 0.219433
vt 0.972104 0.219433
vt 0.972104 0.219433
vt 0.972104 0.219433
vt 0.972104 0.219433
vt 0.972104 0.219433
vt 0.972104 0.219433
vt 0.972104 0.219433
vt 0.972104 0.219433
vt 0.972104 0.219433
vt 0.972104 0.219433
vt 0.972104 0.219433
vt 0.972104 0.219433
vt 0.972104 0.219433
vt 0.972104 0.219433
vt 0.972104 0.219433
vt 0.972104 0.219433
vt 0.972104 0.219433
vt 0.972104 0.219433
vt 0.972104 0.219433
vt 0.972104 0.219433
vt 0.972104 0.219433
vt 0.972104 0.219433
vt 0.972104 0.219433
vt 0.972104 0.219433
vt 0.972104 0.219433
vt 0.972104 0.219433
vt 0.972104 0.219433
vt 0.972104 0.219433
vt 0.972104 0.219433
vt 0.972104 0.219433
vt 0.972104 0.219433
vt 0.972104 0.219433
vt 0.972104 0.219433
vt 0.972104 0.219433
vt 0.972104 0.219433
vt 0.972104 0.219433
vt 0.972104 0.219433
vt 0.972104 0.219433
vt 0.972104 0.219433
vt 0.972104 0.219433
vt 0.972104 0.219433
vt 0.972104 0.219433
vt 0.972104 0.219433
vt 0.972104 0.219433
vt 0.972104 0.219433
vt 0.972104 0.219433
vt 0.972104 0.219433
vt 0.972104 0.219433
vt 0.972104 0.219433
vt 0.972104 0.219433
vt 0.972104 0.219433
vt 0.972104 0.219433
vt 0.972104 0.219433
vt 0.972104 0.219433
vt 0.972104 0.219433
vt 0.972104 0.219433
vt 0.972104 0.219433
vt 0.972104 0.219433
vt 0.972104 0.219433
vt 0.972104 0.219433
vt 0.972104 0.219433
vt 0.972104 0.219433
vt 0.972104 0.219433
vt 0.972104 0.219433
vt 0.972104 0.219433
vt 0.972104 0.219433
vt 0.972104 0.219433
vt 0.972104 0.219433
vt 0.972104 0.219433
vt 0.972104 0.219433
vt 0.972104 0.219433
vt 0.972104 0.219433
vt 0.972104 0.219433
vt 0.972104 0.219433
vt 0.972104 0.219433
vt 0.972104 0.219433
vt 0.972104 0.219433
vt 0.972104 0.219433
vt 0.972104 0.219433
vt 0.972104 0.219433
vt 0.972104 0.219433
vt 0.972104 0.219433
vt 0.972104 0.219433
vt 0.972104 0.219433
vt 0.972104 0.219433
vt 0.972104 0.219433
vt 0.972104 0.219433
vt 0.972104 0.219433
vt 0.972104 0.219433
vt 0.972104 0.219433
vt 0.972104 0.219433
vt 0.972104 0.219433
vt 0.972104 0.219433
vt 0.972104 0.219433
vt 0.972104 0.219433
vt 0.972104 0.219433
vt 0.972104 0.219433
vt 0.972104 0.219433
vt 0.972104 0.219433
vt 0.972104 0.219433
vt 0.972104 0.219433
vt 0.972104 0.219433
vt 0.972104 0.219433
vt 0.972104 0.219433
vt 0.972104 0.219433
vt 0.972104 0.219433
vt 0.972104 0.219433
vt 0.972104 0.219433
vt 0.972104 0.219433
vt 0.972104 0.219433
vt 0.972104 0.219433
vt 0.972104 0.219433
vt 0.972104 0.219433
vt 0.972104 0.219433
vt 0.972104 0.219433
vt 0.972104 0.219433
vt 0.972104 0.219433
vt 0.972104 0.219433
vt 0.972104 0.219433
vt 0.972104 0.219433
vt 0.972104 0.219433
vt 0.972104 0.219433
vt 0.972104 0.219433
vt 0.972104 0.219433
vt 0.972104 0.219433
vt 0.972104 0.219433
vt 0.972104 0.219433
vt 0.972104 0.219433
vt 0.972104 0.219433
vt 0.972104 0.219433
vt 0.972104 0.219433
vt 0.972104 0.219433
vt 0.972104 0.219433
vt 0.972104 0.219433
vt 0.972104 0.219433
vt 0.972104 0.219433
vt 0.972104 0.219433
vt 0.972104 0.219433
vt 0.972104 0.219433
vt 0.972104 0.219433
vt 0.972104 0.219433
vt 0.972104 0.219433
vt 0.972104 0.219433
vt 0.972104 0.219433
vt 0.972104 0.219433
vt 0.972104 0.219433
vt 0.972104 0.219433
vt 0.972104 0.219433
vt 0.972104 0.219433
vt 0.972104 0.219433
vt 0.972104 0.219433
vt 0.972104 0.219433
vt 0.972104 0.219433
vt 0.972104 0.219433
vt 0.972104 0.219433
vt 0.972104 0.219433
vt 0.972104 0.219433
vt 0.972104 0.219433
vt 0.972104 0.219433
vt 0.972104 0.219433
vt 0.972104 0.219433
vt 0.972104 0.219433
vt 0.972104 0.219433
vt 0.972104 0.219433
vt 0.972104 0.219433
vt 0.972104 0.219433
vt 0.972104 0.219433
vt 0.972104 0.219433
vt 0.972104 0.219433
vt 0.972104 0.219433
vt 0.972104 0.219433
vt 0.972104 0.219433
vt 0.972104 0.219433
vt 0.972104 0.219433
vt 0.972104 0.219433
vt 0.972104 0.219433
vt 0.972104 0.219433
vt 0.972104 0.219433
vt 0.972104 0.219433
vt 0.972104 0.219433
vt 0.972104 0.219433
vt 0.972104 0.219433
vt 0.972104 0.219433
vt 0.972104 0.219433
vt 0.972104 0.219433
vt 0.972104 0.219433
vt 0.972104 0.219433
vt 0.972104 0.219433
vt 0.972104 0.219433
vt 0.972104 0.219433
vt 0.972104 0.219433
vt 0.972104 0.219433
vt 0.972104 0.219433
vt 0.972104 0.219433
vt 0.972104 0.219433
vt 0.972104 0.219433
vt 0.972104 0.219433
vt 0.972104 0.219433
vt 0.972104 0.219433
vt 0.972104 0.219433
vt 0.972104 0.219433
vt 0.972104 0.219433
vt 0.972104 0.219433
vt 0.972104 0.219433
vt 0.972104 0.219433
vt 0.972104 0.219433
vt 0.972104 0.219433
vt 0.972104 0.219433
vt 0.972104 0.219433
vt 0.972104 0.219433
vt 0.972104 0.219433
vt 0.972104 0.219433
vt 0.972104 0.219433
vt 0.974560 0.103022
vt 0.974560 0.103022
vt 0.974560 0.103022
vt 0.974560 0.103022
vt 0.974560 0.103022
vt 0.974560 0.103022
vt 0.974560 0.103022
vt 0.974560 0.103022
vt 0.974560 0.103022
vt 0.980213 0.205357
vt 0.980213 0.205357
vt 0.980213 0.205357
vt 0.980213 0.205357
vt 0.980213 0.205357
vt 0.980213 0.205357
vt 0.977701 0.214973
vt 0.977701 0.214973
vt 0.977701 0.214973
vt 0.977701 0.214973
vt 0.977701 0.214973
vt 0.977701 0.214973
vt 0.980339 0.060149
vt 0.980339 0.060042
vt 0.980343 0.060032
vt 0.980354 0.060024
vt 0.980371 0.060018
vt 0.980391 0.060016
vt 0.980734 0.060016
vt 0.980754 0.060018
vt 0.980770 0.060024
vt 0.980781 0.060032
vt 0.980785 0.060042
vt 0.980785 0.060149
vt 0.980339 0.060149
vt 0.980785 0.060149
vt 0.980785 0.060168
vt 0.980339 0.060168
vt 0.980785 0.060185
vt 0.980339 0.060185
vt 0.980785 0.060196
vt 0.980339 0.060196
vt 0.977320 0.058452
vt 0.977481 0.058452
vt 0.977481 0.058454
vt 0.977320 0.058454
vt 0.980796 0.060357
vt 0.980796 0.060468
vt 0.980792 0.060478
vt 0.980780 0.060486
vt 0.980763 0.060492
vt 0.980743 0.060494
vt 0.980388 0.060494
vt 0.980368 0.060492
vt 0.980350 0.060486
vt 0.980339 0.060478
vt 0.980335 0.060468
vt 0.980335 0.060357
vt 0.980796 0.060357
vt 0.980335 0.060357
vt 0.980335 0.060337
vt 0.980796 0.060337
vt 0.980335 0.060320
vt 0.980796 0.060320
vt 0.980335 0.060309
vt 0.980796 0.060309
vt 0.977484 0.058493
vt 0.977318 0.058493
vt 0.977318 0.058492
vt 0.977484 0.058492
vt 0.977318 0.058492
vt 0.977484 0.058492
vt 0.981321 0.062254
vt 0.981349 0.062262
vt 0.981370 0.062285
vt 0.981378 0.062316
vt 0.981378 0.062654
vt 0.981370 0.062684
vt 0.981349 0.062707
vt 0.981321 0.062715
vt 0.980665 0.062715
vt 0.980637 0.062707
vt 0.980615 0.062684
vt 0.980608 0.062654
vt 0.980608 0.062316
vt 0.980615 0.062285
vt 0.980637 0.062262
vt 0.980665 0.062254
vt 0.980453 0.062250
vt 0.980480 0.062258
vt 0.980501 0.062280
vt 0.980508 0.062311
vt 0.980508 0.062649
vt 0.980501 0.062680
vt 0.980480 0.062702
vt 0.980453 0.062711
vt 0.980090 0.062711
vt 0.980062 0.062702
vt 0.980042 0.062680
vt 0.980034 0.062649
vt 0.980034 0.062311
vt 0.980042 0.062280
vt 0.980062 0.062258
vt 0.980090 0.062250
vt 0.979892 0.062243
vt 0.979921 0.062251
vt 0.979941 0.062274
vt 0.979949 0.062304
vt 0.979949 0.062642
vt 0.979941 0.062673
vt 0.979921 0.062696
vt 0.979892 0.062704
vt 0.979519 0.062704
vt 0.979491 0.062696
vt 0.979470 0.062673
vt 0.979463 0.062642
vt 0.979463 0.062304
vt 0.979470 0.062274
vt 0.979491 0.062251
vt 0.979519 0.062243
vt 0.979309 0.062241
vt 0.979337 0.062249
vt 0.979358 0.062271
vt 0.979365 0.062302
vt 0.979365 0.062640
vt 0.979358 0.062671
vt 0.979337 0.062693
vt 0.979309 0.062702
vt 0.978939 0.062702
vt 0.978911 0.062693
vt 0.978891 0.062671
vt 0.978883 0.062640
vt 0.978883 0.062302
vt 0.978891 0.062271
vt 0.978911 0.062249
vt 0.978939 0.062241
vt 0.978732 0.062238
vt 0.978760 0.062247
vt 0.978780 0.062269
vt 0.978787 0.062300
vt 0.978787 0.062638
vt 0.978780 0.062669
vt 0.978760 0.062691
vt 0.978732 0.062699
vt 0.978367 0.062699
vt 0.978339 0.062691
vt 0.978319 0.062669
vt 0.978311 0.062638
vt 0.978311 0.062300
vt 0.978319 0.062269
vt 0.978339 0.062247
vt 0.978367 0.062238
vt 0.978153 0.062238
vt 0.978181 0.062247
vt 0.978201 0.062269
vt 0.978209 0.062300
vt 0.978209 0.062638
vt 0.978201 0.062669
vt 0.978181 0.062691
vt 0.978153 0.062699
vt 0.977784 0.062699
vt 0.977756 0.062691
vt 0.977736 0.062669
vt 0.977728 0.062638
vt 0.977728 0.062300
vt 0.977736 0.062269
vt 0.977756 0.062247
vt 0.977784 0.062238
vt 0.977581 0.062238
vt 0.977610 0.062247
vt 0.977631 0.062269
vt 0.977639 0.062300
vt 0.977639 0.062638
vt 0.977631 0.062669
vt 0.977610 0.062691
vt 0.977581 0.062699
vt 0.977202 0.062699
vt 0.977173 0.062691
vt 0.977152 0.062669
vt 0.977145 0.062638
vt 0.977145 0.062300
vt 0.977152 0.062269
vt 0.977173 0.062247
vt 0.977202 0.062238
vt 0.977000 0.062238
vt 0.977028 0.062247
vt 0.977049 0.062269
vt 0.977057 0.062300
vt 0.977057 0.062638
vt 0.977049 0.062669
vt 0.977028 0.062691
vt 0.977000 0.062699
vt 0.976627 0.062699
vt 0.976599 0.062691
vt 0.976578 0.062669
vt 0.976571 0.062638
vt 0.976571 0.062300
vt 0.976578 0.062269
vt 0.976599 0.062247
vt 0.976627 0.062238
vt 0.976414 0.062238
vt 0.976443 0.062247
vt 0.976464 0.062269
vt 0.976471 0.062300
vt 0.976471 0.062638
vt 0.976464 0.062669
vt 0.976443 0.062691
vt 0.976414 0.062699
vt 0.976035 0.062699
vt 0.976006 0.062691
vt 0.975985 0.062669
vt 0.975977 0.062638
vt 0.975977 0.062300
vt 0.975985 0.062269
vt 0.976006 0.062247
vt 0.976035 0.062238
vt 0.975833 0.062238
vt 0.975861 0.062247
vt 0.975882 0.062269
vt 0.975890 0.062300
vt 0.975890 0.062638
vt 0.975882 0.062669
vt 0.975861 0.062691
vt 0.975833 0.062699
vt 0.975462 0.062699
vt 0.975433 0.062691
vt 0.975413 0.062669
vt 0.975405 0.062638
vt 0.975405 0.062300
vt 0.975413 0.062269
vt 0.975433 0.062247
vt 0.975462 0.062238
vt 0.975246 0.062238
vt 0.975274 0.062247
vt 0.975294 0.062269
vt 0.975302 0.062300
vt 0.975302 0.062638
vt 0.975294 0.062669
vt 0.975274 0.062691
vt 0.975246 0.062699
vt 0.974879 0.062699
vt 0.974851 0.062691
vt 0.974830 0.062669
vt 0.974823 0.062638
vt 0.974823 0.062300
vt 0.974830 0.062269
vt 0.974851 0.062247
vt 0.974879 0.062238
vt 0.974670 0.062238
vt 0.974698 0.062247
vt 0.974719 0.062269
vt 0.974726 0.062300
vt 0.974726 0.062638
vt 0.974719 0.062669
vt 0.974698 0.062691
vt 0.974670 0.062699
vt 0.974300 0.062699
vt 0.974272 0.062691
vt 0.974252 0.062669
vt 0.974244 0.062638
vt 0.974244 0.062300
vt 0.974252 0.062269
vt 0.974272 0.062247
vt 0.974300 0.062238
vt 0.974094 0.062220
vt 0.974122 0.062228
vt 0.974143 0.062251
vt 0.974150 0.062282
vt 0.974150 0.062620
vt 0.974143 0.062650
vt 0.974122 0.062673
vt 0.974094 0.062681
vt 0.973721 0.062681
vt 0.973693 0.062673
vt 0.973672 0.062650
vt 0.973665 0.062620
vt 0.973665 0.062282
vt 0.973672 0.062251
vt 0.973693 0.062228
vt 0.973721 0.062220
vt 0.973515 0.062218
vt 0.973543 0.062226
vt 0.973564 0.062249
vt 0.973571 0.062279
vt 0.973571 0.062613
vt 0.973564 0.062644
vt 0.973543 0.062666
vt 0.973515 0.062674
vt 0.973146 0.062674
vt 0.973118 0.062666
vt 0.973097 0.062644
vt 0.973090 0.062613
vt 0.973090 0.062279
vt 0.973097 0.062249
vt 0.973118 0.062226
vt 0.973146 0.062218
vt 0.974385 0.061694
vt 0.974413 0.061702
vt 0.974434 0.061724
vt 0.974441 0.061755
vt 0.974441 0.062070
vt 0.974434 0.062100
vt 0.974413 0.062123
vt 0.974385 0.062131
vt 0.974014 0.062131
vt 0.973986 0.062123
vt 0.973965 0.062100
vt 0.973957 0.062070
vt 0.973957 0.061755
vt 0.973965 0.061724
vt 0.973986 0.061702
vt 0.974014 0.061694
vt 0.974967 0.061706
vt 0.974996 0.061714
vt 0.975016 0.061736
vt 0.975024 0.061766
vt 0.975024 0.062080
vt 0.975016 0.062111
vt 0.974996 0.062133
vt 0.974967 0.062141
vt 0.974595 0.062141
vt 0.974567 0.062133
vt 0.974546 0.062111
vt 0.974538 0.062080
vt 0.974538 0.061766
vt 0.974546 0.061736
vt 0.974567 0.061714
vt 0.974595 0.061706
vt 0.975538 0.061706
vt 0.975566 0.061714
vt 0.975586 0.061736
vt 0.975593 0.061766
vt 0.975593 0.062080
vt 0.975586 0.062111
vt 0.975566 0.062133
vt 0.975538 0.062141
vt 0.975175 0.062141
vt 0.975148 0.062133
vt 0.975128 0.062111
vt 0.975120 0.062080
vt 0.975120 0.061766
vt 0.975128 0.061736
vt 0.975148 0.061714
vt 0.975175 0.061706
vt 0.976127 0.061700
vt 0.976155 0.061709
vt 0.976175 0.061731
vt 0.976183 0.061762
vt 0.976183 0.062084
vt 0.976175 0.062115
vt 0.976155 0.062138
vt 0.976127 0.062146
vt 0.975753 0.062146
vt 0.975725 0.062138
vt 0.975704 0.062115
vt 0.975696 0.062084
vt 0.975696 0.061762
vt 0.975704 0.061731
vt 0.975725 0.061709
vt 0.975753 0.061700
vt 0.976708 0.061697
vt 0.976736 0.061706
vt 0.976757 0.061729
vt 0.976765 0.061760
vt 0.976765 0.062087
vt 0.976757 0.062118
vt 0.976736 0.062141
vt 0.976708 0.062149
vt 0.976335 0.062149
vt 0.976307 0.062141
vt 0.976287 0.062118
vt 0.976279 0.062087
vt 0.976279 0.061760
vt 0.976287 0.061729
vt 0.976307 0.061706
vt 0.976335 0.061697
vt 0.977290 0.061698
vt 0.977318 0.061706
vt 0.977339 0.061729
vt 0.977346 0.061761
vt 0.977346 0.062086
vt 0.977339 0.062117
vt 0.977318 0.062140
vt 0.977290 0.062148
vt 0.976916 0.062148
vt 0.976887 0.062140
vt 0.976867 0.062117
vt 0.976859 0.062086
vt 0.976859 0.061761
vt 0.976867 0.061729
vt 0.976887 0.061706
vt 0.976916 0.061698
vt 0.977866 0.061694
vt 0.977893 0.061703
vt 0.977914 0.061726
vt 0.977921 0.061758
vt 0.977921 0.062089
vt 0.977914 0.062121
vt 0.977893 0.062144
vt 0.977866 0.062152
vt 0.977500 0.062152
vt 0.977472 0.062144
vt 0.977452 0.062121
vt 0.977445 0.062089
vt 0.977445 0.061758
vt 0.977452 0.061726
vt 0.977472 0.061703
vt 0.977500 0.061694
vt 0.978446 0.061693
vt 0.978474 0.061702
vt 0.978495 0.061725
vt 0.978502 0.061757
vt 0.978502 0.062089
vt 0.978495 0.062121
vt 0.978474 0.062145
vt 0.978446 0.062153
vt 0.978077 0.062153
vt 0.978049 0.062145
vt 0.978028 0.062121
vt 0.978021 0.062089
vt 0.978021 0.061757
vt 0.978028 0.061725
vt 0.978049 0.061702
vt 0.978077 0.061693
vt 0.979016 0.061693
vt 0.979044 0.061702
vt 0.979064 0.061725
vt 0.979071 0.061757
vt 0.979071 0.062089
vt 0.979064 0.062121
vt 0.979044 0.062145
vt 0.979016 0.062153
vt 0.978656 0.062153
vt 0.978629 0.062145
vt 0.978609 0.062121
vt 0.978602 0.062089
vt 0.978602 0.061757
vt 0.978609 0.061725
vt 0.978629 0.061702
vt 0.978656 0.061693
vt 0.979596 0.061693
vt 0.979624 0.061702
vt 0.979644 0.061725
vt 0.979651 0.061757
vt 0.979651 0.062089
vt 0.979644 0.062121
vt 0.979624 0.062145
vt 0.979596 0.062153
vt 0.979231 0.062153
vt 0.979203 0.062145
vt 0.979183 0.062121
vt 0.979175 0.062089
vt 0.979175 0.061757
vt 0.979183 0.061725
vt 0.979203 0.061702
vt 0.979231 0.061693
vt 0.980172 0.061693
vt 0.980199 0.061702
vt 0.980220 0.061725
vt 0.980227 0.061757
vt 0.980227 0.062089
vt 0.980220 0.062121
vt 0.980199 0.062145
vt 0.980172 0.062153
vt 0.979806 0.062153
vt 0.979778 0.062145
vt 0.979758 0.062121
vt 0.979751 0.062089
vt 0.979751 0.061757
vt 0.979758 0.061725
vt 0.979778 0.061702
vt 0.979806 0.061693
vt 0.980742 0.061683
vt 0.980769 0.061691
vt 0.980789 0.061714
vt 0.980796 0.061744
vt 0.980796 0.062059
vt 0.980789 0.062090
vt 0.980769 0.062112
vt 0.980742 0.062120
vt 0.980382 0.062120
vt 0.980355 0.062112
vt 0.980335 0.062090
vt 0.980328 0.062059
vt 0.980328 0.061744
vt 0.980335 0.061714
vt 0.980355 0.061691
vt 0.980382 0.061683
vt 0.981299 0.061711
vt 0.981326 0.061719
vt 0.981346 0.061741
vt 0.981353 0.061771
vt 0.981353 0.062087
vt 0.981346 0.062117
vt 0.981326 0.062139
vt 0.981299 0.062147
vt 0.980938 0.062147
vt 0.980911 0.062139
vt 0.980891 0.062117
vt 0.980884 0.062087
vt 0.980884 0.061771
vt 0.980891 0.061741
vt 0.980911 0.061719
vt 0.980938 0.061711
vt 0.981274 0.061148
vt 0.981299 0.061157
vt 0.981317 0.061179
vt 0.981323 0.061209
vt 0.981323 0.061524
vt 0.981317 0.061555
vt 0.981299 0.061577
vt 0.981274 0.061585
vt 0.980592 0.061585
vt 0.980568 0.061577
vt 0.980550 0.061555
vt 0.980543 0.061524
vt 0.980543 0.061209
vt 0.980550 0.061179
vt 0.980568 0.061157
vt 0.980592 0.061148
vt 0.980315 0.061128
vt 0.980342 0.061136
vt 0.980362 0.061160
vt 0.980370 0.061193
vt 0.980370 0.061531
vt 0.980362 0.061563
vt 0.980342 0.061587
vt 0.980315 0.061596
vt 0.979955 0.061596
vt 0.979927 0.061587
vt 0.979907 0.061563
vt 0.979900 0.061531
vt 0.979900 0.061193
vt 0.979907 0.061160
vt 0.979927 0.061136
vt 0.979955 0.061128
vt 0.979739 0.061124
vt 0.979767 0.061132
vt 0.979788 0.061156
vt 0.979795 0.061188
vt 0.979795 0.061522
vt 0.979788 0.061554
vt 0.979767 0.061577
vt 0.979739 0.061586
vt 0.979372 0.061586
vt 0.979345 0.061577
vt 0.979324 0.061554
vt 0.979317 0.061522
vt 0.979317 0.061188
vt 0.979324 0.061156
vt 0.979345 0.061132
vt 0.979372 0.061124
vt 0.979166 0.061119
vt 0.979194 0.061127
vt 0.979214 0.061151
vt 0.979222 0.061183
vt 0.979222 0.061517
vt 0.979214 0.061550
vt 0.979194 0.061573
vt 0.979166 0.061582
vt 0.978798 0.061582
vt 0.978771 0.061573
vt 0.978750 0.061550
vt 0.978743 0.061517
vt 0.978743 0.061183
vt 0.978750 0.061151
vt 0.978771 0.061127
vt 0.978798 0.061119
vt 0.978588 0.061118
vt 0.978615 0.061127
vt 0.978635 0.061151
vt 0.978643 0.061183
vt 0.978643 0.061518
vt 0.978635 0.061550
vt 0.978615 0.061574
vt 0.978588 0.061582
vt 0.978224 0.061582
vt 0.978196 0.061574
vt 0.978176 0.061550
vt 0.978169 0.061518
vt 0.978169 0.061183
vt 0.978176 0.061151
vt 0.978196 0.061127
vt 0.978224 0.061118
vt 0.978010 0.061116
vt 0.978038 0.061124
vt 0.978058 0.061148
vt 0.978066 0.061181
vt 0.978066 0.061520
vt 0.978058 0.061552
vt 0.978038 0.061576
vt 0.978010 0.061585
vt 0.977644 0.061585
vt 0.977616 0.061576
vt 0.977596 0.061552
vt 0.977588 0.061520
vt 0.977588 0.061181
vt 0.977596 0.061148
vt 0.977616 0.061124
vt 0.977644 0.061116
vt 0.977436 0.061119
vt 0.977464 0.061128
vt 0.977485 0.061151
vt 0.977492 0.061183
vt 0.977492 0.061517
vt 0.977485 0.061549
vt 0.977464 0.061573
vt 0.977436 0.061582
vt 0.977069 0.061582
vt 0.977042 0.061573
vt 0.977021 0.061549
vt 0.977014 0.061517
vt 0.977014 0.061183
vt 0.977021 0.061151
vt 0.977042 0.061128
vt 0.977069 0.061119
vt 0.976851 0.061114
vt 0.976879 0.061123
vt 0.976900 0.061147
vt 0.976907 0.061180
vt 0.976907 0.061521
vt 0.976900 0.061554
vt 0.976879 0.061577
vt 0.976851 0.061586
vt 0.976483 0.061586
vt 0.976455 0.061577
vt 0.976434 0.061554
vt 0.976427 0.061521
vt 0.976427 0.061180
vt 0.976434 0.061147
vt 0.976455 0.061123
vt 0.976483 0.061114
vt 0.976282 0.061115
vt 0.976310 0.061123
vt 0.976331 0.061147
vt 0.976339 0.061179
vt 0.976339 0.061513
vt 0.976331 0.061545
vt 0.976310 0.061568
vt 0.976282 0.061577
vt 0.975903 0.061577
vt 0.975874 0.061568
vt 0.975853 0.061545
vt 0.975845 0.061513
vt 0.975845 0.061179
vt 0.975853 0.061147
vt 0.975874 0.061123
vt 0.975903 0.061115
vt 0.975694 0.061113
vt 0.975721 0.061121
vt 0.975742 0.061145
vt 0.975749 0.061177
vt 0.975749 0.061514
vt 0.975742 0.061547
vt 0.975721 0.061570
vt 0.975694 0.061579
vt 0.975330 0.061579
vt 0.975302 0.061570
vt 0.975282 0.061547
vt 0.975275 0.061514
vt 0.975275 0.061177
vt 0.975282 0.061145
vt 0.975302 0.061121
vt 0.975330 0.061113
vt 0.975108 0.061106
vt 0.975136 0.061115
vt 0.975156 0.061138
vt 0.975164 0.061171
vt 0.975164 0.061507
vt 0.975156 0.061540
vt 0.975136 0.061563
vt 0.975108 0.061572
vt 0.974741 0.061572
vt 0.974714 0.061563
vt 0.974693 0.061540
vt 0.974686 0.061507
vt 0.974686 0.061171
vt 0.974693 0.061138
vt 0.974714 0.061115
vt 0.974741 0.061106
vt 0.974526 0.061116
vt 0.974554 0.061125
vt 0.974574 0.061148
vt 0.974581 0.061179
vt 0.974581 0.061504
vt 0.974574 0.061535
vt 0.974554 0.061558
vt 0.974526 0.061566
vt 0.974162 0.061566
vt 0.974134 0.061558
vt 0.974114 0.061535
vt 0.974107 0.061504
vt 0.974107 0.061179
vt 0.974114 0.061148
vt 0.974134 0.061125
vt 0.974162 0.061116
vt 0.973808 0.061660
vt 0.973836 0.061668
vt 0.973857 0.061692
vt 0.973864 0.061725
vt 0.973864 0.062063
vt 0.973857 0.062096
vt 0.973836 0.062120
vt 0.973808 0.062128
vt 0.973147 0.062128
vt 0.973119 0.062120
vt 0.973098 0.062096
vt 0.973091 0.062063
vt 0.973091 0.061725
vt 0.973098 0.061692
vt 0.973119 0.061668
vt 0.973147 0.061660
vt 0.973954 0.061097
vt 0.973981 0.061106
vt 0.974002 0.061130
vt 0.974009 0.061162
vt 0.974009 0.061499
vt 0.974002 0.061532
vt 0.973981 0.061556
vt 0.973954 0.061564
vt 0.973162 0.061564
vt 0.973135 0.061556
vt 0.973114 0.061532
vt 0.973107 0.061499
vt 0.973107 0.061162
vt 0.973114 0.061130
vt 0.973135 0.061106
vt 0.973162 0.061097
vt 0.973692 0.060538
vt 0.973706 0.060547
vt 0.973716 0.060570
vt 0.973720 0.060603
vt 0.973720 0.060939
vt 0.973716 0.060971
vt 0.973706 0.060995
vt 0.973692 0.061004
vt 0.973150 0.061004
vt 0.973136 0.060995
vt 0.973126 0.060971
vt 0.973122 0.060939
vt 0.973122 0.060603
vt 0.973126 0.060570
vt 0.973136 0.060547
vt 0.973150 0.060538
vt 0.974828 0.060544
vt 0.974856 0.060553
vt 0.974876 0.060577
vt 0.974883 0.060610
vt 0.974883 0.060951
vt 0.974876 0.060984
vt 0.974856 0.061008
vt 0.974828 0.061017
vt 0.974464 0.061017
vt 0.974436 0.061008
vt 0.974416 0.060984
vt 0.974409 0.060951
vt 0.974409 0.060610
vt 0.974416 0.060577
vt 0.974436 0.060553
vt 0.974464 0.060544
vt 0.975411 0.060548
vt 0.975440 0.060557
vt 0.975461 0.060580
vt 0.975468 0.060612
vt 0.975468 0.060944
vt 0.975461 0.060976
vt 0.975440 0.060999
vt 0.975411 0.061008
vt 0.975032 0.061008
vt 0.975003 0.060999
vt 0.974982 0.060976
vt 0.974975 0.060944
vt 0.974975 0.060612
vt 0.974982 0.060580
vt 0.975003 0.060557
vt 0.975032 0.060548
vt 0.975985 0.060549
vt 0.976013 0.060558
vt 0.976033 0.060582
vt 0.976040 0.060615
vt 0.976040 0.060958
vt 0.976033 0.060991
vt 0.976013 0.061015
vt 0.975985 0.061024
vt 0.975619 0.061024
vt 0.975591 0.061015
vt 0.975571 0.060991
vt 0.975564 0.060958
vt 0.975564 0.060615
vt 0.975571 0.060582
vt 0.975591 0.060558
vt 0.975619 0.060549
vt 0.976570 0.060556
vt 0.976598 0.060565
vt 0.976619 0.060589
vt 0.976627 0.060621
vt 0.976627 0.060958
vt 0.976619 0.060991
vt 0.976598 0.061014
vt 0.976570 0.061023
vt 0.976191 0.061023
vt 0.976162 0.061014
vt 0.976141 0.060991
vt 0.976134 0.060958
vt 0.976134 0.060621
vt 0.976141 0.060589
vt 0.976162 0.060565
vt 0.976191 0.060556
vt 0.977148 0.060557
vt 0.977177 0.060566
vt 0.977198 0.060590
vt 0.977206 0.060623
vt 0.977206 0.060968
vt 0.977198 0.061001
vt 0.977177 0.061025
vt 0.977148 0.061034
vt 0.976770 0.061034
vt 0.976741 0.061025
vt 0.976720 0.061001
vt 0.976712 0.060968
vt 0.976712 0.060623
vt 0.976720 0.060590
vt 0.976741 0.060566
vt 0.976770 0.060557
vt 0.977724 0.060555
vt 0.977751 0.060564
vt 0.977772 0.060588
vt 0.977779 0.060621
vt 0.977779 0.060964
vt 0.977772 0.060997
vt 0.977751 0.061021
vt 0.977724 0.061030
vt 0.977355 0.061030
vt 0.977327 0.061021
vt 0.977307 0.060997
vt 0.977299 0.060964
vt 0.977299 0.060621
vt 0.977307 0.060588
vt 0.977327 0.060564
vt 0.977355 0.060555
vt 0.978299 0.060560
vt 0.978326 0.060569
vt 0.978347 0.060593
vt 0.978354 0.060626
vt 0.978354 0.060970
vt 0.978347 0.061004
vt 0.978326 0.061028
vt 0.978299 0.061037
vt 0.977933 0.061037
vt 0.977905 0.061028
vt 0.977885 0.061004
vt 0.977878 0.060970
vt 0.977878 0.060626
vt 0.977885 0.060593
vt 0.977905 0.060569
vt 0.977933 0.060560
vt 0.978884 0.060565
vt 0.978912 0.060574
vt 0.978933 0.060598
vt 0.978940 0.060631
vt 0.978940 0.060972
vt 0.978933 0.061005
vt 0.978912 0.061029
vt 0.978884 0.061037
vt 0.978510 0.061037
vt 0.978481 0.061029
vt 0.978461 0.061005
vt 0.978453 0.060972
vt 0.978453 0.060631
vt 0.978461 0.060598
vt 0.978481 0.060574
vt 0.978510 0.060565
vt 0.979460 0.060568
vt 0.979489 0.060576
vt 0.979510 0.060601
vt 0.979517 0.060633
vt 0.979517 0.060975
vt 0.979510 0.061007
vt 0.979489 0.061031
vt 0.979460 0.061040
vt 0.979081 0.061040
vt 0.979052 0.061031
vt 0.979031 0.061007
vt 0.979024 0.060975
vt 0.979024 0.060633
vt 0.979031 0.060601
vt 0.979052 0.060576
vt 0.979081 0.060568
vt 0.980038 0.060575
vt 0.980067 0.060584
vt 0.980087 0.060608
vt 0.980095 0.060640
vt 0.980095 0.060979
vt 0.980087 0.061012
vt 0.980067 0.061036
vt 0.980038 0.061044
vt 0.979659 0.061044
vt 0.979630 0.061036
vt 0.979609 0.061012
vt 0.979602 0.060979
vt 0.979602 0.060640
vt 0.979609 0.060608
vt 0.979630 0.060584
vt 0.979659 0.060575
vt 0.981312 0.060581
vt 0.981340 0.060590
vt 0.981360 0.060614
vt 0.981368 0.060646
vt 0.981368 0.060985
vt 0.981360 0.061017
vt 0.981340 0.061041
vt 0.981312 0.061050
vt 0.980247 0.061050
vt 0.980219 0.061041
vt 0.980199 0.061017
vt 0.980191 0.060985
vt 0.980191 0.060646
vt 0.980199 0.060614
vt 0.980219 0.060590
vt 0.980247 0.060581
vt 0.981312 0.060038
vt 0.981339 0.060051
vt 0.981359 0.060088
vt 0.981366 0.060139
vt 0.981366 0.060392
vt 0.981359 0.060442
vt 0.981339 0.060479
vt 0.981312 0.060493
vt 0.980943 0.060493
vt 0.980916 0.060479
vt 0.980896 0.060442
vt 0.980889 0.060392
vt 0.980889 0.060139
vt 0.980896 0.060088
vt 0.980916 0.060051
vt 0.980943 0.060038
vt 0.980168 0.060027
vt 0.980195 0.060041
vt 0.980214 0.060078
vt 0.980222 0.060129
vt 0.980222 0.060384
vt 0.980214 0.060435
vt 0.980195 0.060473
vt 0.980168 0.060486
vt 0.979807 0.060486
vt 0.979780 0.060473
vt 0.979761 0.060435
vt 0.979754 0.060384
vt 0.979754 0.060129
vt 0.979761 0.060078
vt 0.979780 0.060041
vt 0.979807 0.060027
vt 0.979598 0.060013
vt 0.979626 0.060020
vt 0.979646 0.060039
vt 0.979653 0.060066
vt 0.979653 0.060431
vt 0.979646 0.060458
vt 0.979626 0.060477
vt 0.979598 0.060485
vt 0.979226 0.060485
vt 0.979199 0.060477
vt 0.979179 0.060458
vt 0.979172 0.060431
vt 0.979172 0.060066
vt 0.979179 0.060039
vt 0.979199 0.060020
vt 0.979226 0.060013
vt 0.979006 0.060002
vt 0.979041 0.060009
vt 0.979066 0.060029
vt 0.979076 0.060055
vt 0.979076 0.060420
vt 0.979066 0.060447
vt 0.979041 0.060466
vt 0.979006 0.060473
vt 0.978527 0.060473
vt 0.978492 0.060466
vt 0.978466 0.060447
vt 0.978457 0.060420
vt 0.978457 0.060055
vt 0.978466 0.060029
vt 0.978492 0.060009
vt 0.978527 0.060002
vt 0.978247 0.060013
vt 0.978281 0.060020
vt 0.978307 0.060039
vt 0.978316 0.060065
vt 0.978316 0.060422
vt 0.978307 0.060448
vt 0.978281 0.060467
vt 0.978247 0.060474
vt 0.975694 0.060474
vt 0.975659 0.060467
vt 0.975634 0.060448
vt 0.975625 0.060422
vt 0.975625 0.060065
vt 0.975634 0.060039
vt 0.975659 0.060020
vt 0.975694 0.060013
vt 0.975392 0.059990
vt 0.975427 0.059997
vt 0.975452 0.060017
vt 0.975462 0.060043
vt 0.975462 0.060404
vt 0.975452 0.060430
vt 0.975427 0.060450
vt 0.975392 0.060457
vt 0.974921 0.060457
vt 0.974886 0.060450
vt 0.974861 0.060430
vt 0.974851 0.060404
vt 0.974851 0.060043
vt 0.974861 0.060017
vt 0.974886 0.059997
vt 0.974921 0.059990
vt 0.974684 0.059983
vt 0.974711 0.059990
vt 0.974730 0.060009
vt 0.974737 0.060036
vt 0.974737 0.060397
vt 0.974730 0.060423
vt 0.974711 0.060443
vt 0.974684 0.060450
vt 0.974325 0.060450
vt 0.974299 0.060443
vt 0.974280 0.060423
vt 0.974273 0.060397
vt 0.974273 0.060036
vt 0.974280 0.060009
vt 0.974299 0.059990
vt 0.974325 0.059983
vt 0.974113 0.059984
vt 0.974139 0.059992
vt 0.974159 0.060011
vt 0.974166 0.060037
vt 0.974166 0.060396
vt 0.974159 0.060422
vt 0.974139 0.060441
vt 0.974113 0.060448
vt 0.973757 0.060448
vt 0.973731 0.060441
vt 0.973712 0.060422
vt 0.973705 0.060396
vt 0.973705 0.060037
vt 0.973712 0.060011
vt 0.973731 0.059992
vt 0.973757 0.059984
vt 0.973545 0.059980
vt 0.973572 0.059987
vt 0.973592 0.060006
vt 0.973599 0.060032
vt 0.973599 0.060392
vt 0.973592 0.060418
vt 0.973572 0.060437
vt 0.973545 0.060444
vt 0.973173 0.060444
vt 0.973146 0.060437
vt 0.973126 0.060418
vt 0.973119 0.060392
vt 0.973119 0.060032
vt 0.973126 0.060006
vt 0.973146 0.059987
vt 0.973173 0.059980
vt 0.974279 0.060538
vt 0.974290 0.060547
vt 0.974298 0.060570
vt 0.974301 0.060603
vt 0.974301 0.060939
vt 0.974298 0.060971
vt 0.974290 0.060995
vt 0.974279 0.061004
vt 0.973855 0.061004
vt 0.973844 0.060995
vt 0.973836 0.060971
vt 0.973833 0.060939
vt 0.973833 0.060603
vt 0.973836 0.060570
vt 0.973844 0.060547
vt 0.973855 0.060538
vt 0.977481 0.058435
vt 0.977481 0.058397
vt 0.977479 0.058393
vt 0.977475 0.058390
vt 0.977469 0.058388
vt 0.977462 0.058387
vt 0.977338 0.058387
vt 0.977331 0.058388
vt 0.977325 0.058390
vt 0.977321 0.058393
vt 0.977320 0.058397
vt 0.977320 0.058435
vt 0.977320 0.058435
vt 0.977320 0.058435
vt 0.977481 0.058435
vt 0.977481 0.058435
vt 0.977481 0.058397
vt 0.977320 0.058397
vt 0.977481 0.058448
vt 0.977481 0.058442
vt 0.977481 0.058454
vt 0.977320 0.058454
vt 0.977320 0.058442
vt 0.977320 0.058448
vt 0.977462 0.058387
vt 0.977469 0.058388
vt 0.977475 0.058390
vt 0.977479 0.058393
vt 0.977321 0.058393
vt 0.977325 0.058390
vt 0.977331 0.058388
vt 0.977338 0.058387
vt 0.977318 0.058510
vt 0.977318 0.058550
vt 0.977319 0.058554
vt 0.977324 0.058557
vt 0.977330 0.058559
vt 0.977337 0.058560
vt 0.977465 0.058560
vt 0.977473 0.058559
vt 0.977479 0.058557
vt 0.977483 0.058554
vt 0.977484 0.058550
vt 0.977484 0.058510
vt 0.977484 0.058510
vt 0.977484 0.058510
vt 0.977318 0.058510
vt 0.977318 0.058510
vt 0.977318 0.058550
vt 0.977484 0.058550
vt 0.977318 0.058497
vt 0.977318 0.058503
vt 0.977484 0.058503
vt 0.977484 0.058497
vt 0.977337 0.058560
vt 0.977330 0.058559
vt 0.977324 0.058557
vt 0.977319 0.058554
vt 0.977483 0.058554
vt 0.977479 0.058557
vt 0.977473 0.058559
vt 0.977465 0.058560
vt 0.977438 0.059190
vt 0.977428 0.059193
vt 0.977420 0.059201
vt 0.977417 0.059212
vt 0.977417 0.059334
vt 0.977420 0.059345
vt 0.977428 0.059354
vt 0.977438 0.059357
vt 0.977679 0.059357
vt 0.977690 0.059354
vt 0.977698 0.059345
vt 0.977700 0.059334
vt 0.977700 0.059212
vt 0.977698 0.059201
vt 0.977690 0.059193
vt 0.977679 0.059190
vt 0.977700 0.059334
vt 0.977700 0.059212
vt 0.977679 0.059190
vt 0.977438 0.059190
vt 0.977438 0.059357
vt 0.977679 0.059357
vt 0.977428 0.059193
vt 0.977420 0.059201
vt 0.977417 0.059212
vt 0.977428 0.059354
vt 0.977420 0.059345
vt 0.977417 0.059334
vt 0.977698 0.059345
vt 0.977690 0.059354
vt 0.977690 0.059193
vt 0.977698 0.059201
vt 0.977229 0.059190
vt 0.977218 0.059193
vt 0.977210 0.059201
vt 0.977208 0.059212
vt 0.977208 0.059334
vt 0.977210 0.059345
vt 0.977218 0.059354
vt 0.977229 0.059357
vt 0.977368 0.059357
vt 0.977378 0.059354
vt 0.977386 0.059345
vt 0.977389 0.059334
vt 0.977389 0.059212
vt 0.977386 0.059201
vt 0.977378 0.059193
vt 0.977368 0.059190
vt 0.977389 0.059334
vt 0.977389 0.059212
vt 0.977368 0.059190
vt 0.977229 0.059190
vt 0.977229 0.059357
vt 0.977368 0.059357
vt 0.977218 0.059193
vt 0.977210 0.059201
vt 0.977208 0.059212
vt 0.977218 0.059354
vt 0.977210 0.059345
vt 0.977208 0.059334
vt 0.977386 0.059345
vt 0.977378 0.059354
vt 0.977378 0.059193
vt 0.977386 0.059201
vt 0.977018 0.059190
vt 0.977008 0.059193
vt 0.977000 0.059201
vt 0.976997 0.059212
vt 0.976997 0.059334
vt 0.977000 0.059345
vt 0.977008 0.059354
vt 0.977018 0.059357
vt 0.977157 0.059357
vt 0.977168 0.059354
vt 0.977175 0.059345
vt 0.977178 0.059334
vt 0.977178 0.059212
vt 0.977175 0.059201
vt 0.977168 0.059193
vt 0.977157 0.059190
vt 0.977178 0.059334
vt 0.977178 0.059212
vt 0.977157 0.059190
vt 0.977018 0.059190
vt 0.977018 0.059357
vt 0.977157 0.059357
vt 0.977008 0.059193
vt 0.977000 0.059201
vt 0.976997 0.059212
vt 0.977008 0.059354
vt 0.977000 0.059345
vt 0.976997 0.059334
vt 0.977175 0.059345
vt 0.977168 0.059354
vt 0.977168 0.059193
vt 0.977175 0.059201
vt 0.976810 0.059190
vt 0.976799 0.059193
vt 0.976791 0.059201
vt 0.976788 0.059212
vt 0.976788 0.059334
vt 0.976791 0.059345
vt 0.976799 0.059354
vt 0.976810 0.059357
vt 0.976948 0.059357
vt 0.976959 0.059354
vt 0.976967 0.059345
vt 0.976970 0.059334
vt 0.976970 0.059212
vt 0.976967 0.059201
vt 0.976959 0.059193
vt 0.976948 0.059190
vt 0.976970 0.059334
vt 0.976970 0.059212
vt 0.976948 0.059190
vt 0.976810 0.059190
vt 0.976810 0.059357
vt 0.976948 0.059357
vt 0.976799 0.059193
vt 0.976791 0.059201
vt 0.976788 0.059212
vt 0.976799 0.059354
vt 0.976791 0.059345
vt 0.976788 0.059334
vt 0.976967 0.059345
vt 0.976959 0.059354
vt 0.976959 0.059193
vt 0.976967 0.059201
vt 0.976598 0.059190
vt 0.976587 0.059193
vt 0.976579 0.059201
vt 0.976577 0.059212
vt 0.976577 0.059334
vt 0.976579 0.059345
vt 0.976587 0.059354
vt 0.976598 0.059357
vt 0.976737 0.059357
vt 0.976747 0.059354
vt 0.976755 0.059345
vt 0.976758 0.059334
vt 0.976758 0.059212
vt 0.976755 0.059201
vt 0.976747 0.059193
vt 0.976737 0.059190
vt 0.976758 0.059334
vt 0.976758 0.059212
vt 0.976737 0.059190
vt 0.976598 0.059190
vt 0.976598 0.059357
vt 0.976737 0.059357
vt 0.976587 0.059193
vt 0.976579 0.059201
vt 0.976577 0.059212
vt 0.976587 0.059354
vt 0.976579 0.059345
vt 0.976577 0.059334
vt 0.976755 0.059345
vt 0.976747 0.059354
vt 0.976747 0.059193
vt 0.976755 0.059201
vt 0.976388 0.059190
vt 0.976378 0.059193
vt 0.976370 0.059201
vt 0.976367 0.059212
vt 0.976367 0.059334
vt 0.976370 0.059345
vt 0.976378 0.059354
vt 0.976388 0.059357
vt 0.976527 0.059357
vt 0.976538 0.059354
vt 0.976545 0.059345
vt 0.976548 0.059334
vt 0.976548 0.059212
vt 0.976545 0.059201
vt 0.976538 0.059193
vt 0.976527 0.059190
vt 0.976548 0.059334
vt 0.976548 0.059212
vt 0.976527 0.059190
vt 0.976388 0.059190
vt 0.976388 0.059357
vt 0.976527 0.059357
vt 0.976378 0.059193
vt 0.976370 0.059201
vt 0.976367 0.059212
vt 0.976378 0.059354
vt 0.976370 0.059345
vt 0.976367 0.059334
vt 0.976545 0.059345
vt 0.976538 0.059354
vt 0.976538 0.059193
vt 0.976545 0.059201
vt 0.976178 0.059190
vt 0.976167 0.059193
vt 0.976160 0.059201
vt 0.976157 0.059212
vt 0.976157 0.059334
vt 0.976160 0.059345
vt 0.976167 0.059354
vt 0.976178 0.059357
vt 0.976317 0.059357
vt 0.976327 0.059354
vt 0.976335 0.059345
vt 0.976338 0.059334
vt 0.976338 0.059212
vt 0.976335 0.059201
vt 0.976328 0.059193
vt 0.976317 0.059190
vt 0.976338 0.059334
vt 0.976338 0.059212
vt 0.976317 0.059190
vt 0.976178 0.059190
vt 0.976178 0.059357
vt 0.976317 0.059357
vt 0.976167 0.059193
vt 0.976160 0.059201
vt 0.976157 0.059212
vt 0.976167 0.059354
vt 0.976160 0.059345
vt 0.976157 0.059334
vt 0.976335 0.059345
vt 0.976327 0.059354
vt 0.976328 0.059193
vt 0.976335 0.059201
vt 0.975970 0.059190
vt 0.975960 0.059193
vt 0.975952 0.059201
vt 0.975949 0.059212
vt 0.975949 0.059334
vt 0.975952 0.059345
vt 0.975960 0.059354
vt 0.975970 0.059357
vt 0.976109 0.059357
vt 0.976120 0.059354
vt 0.976127 0.059345
vt 0.976130 0.059334
vt 0.976130 0.059212
vt 0.976127 0.059201
vt 0.976120 0.059193
vt 0.976109 0.059190
vt 0.976130 0.059334
vt 0.976130 0.059212
vt 0.976109 0.059190
vt 0.975970 0.059190
vt 0.975970 0.059357
vt 0.976109 0.059357
vt 0.975960 0.059193
vt 0.975952 0.059201
vt 0.975949 0.059212
vt 0.975960 0.059354
vt 0.975952 0.059345
vt 0.975949 0.059334
vt 0.976127 0.059345
vt 0.976120 0.059354
vt 0.976120 0.059193
vt 0.976127 0.059201
vt 0.975760 0.059190
vt 0.975750 0.059193
vt 0.975742 0.059201
vt 0.975739 0.059212
vt 0.975739 0.059334
vt 0.975742 0.059345
vt 0.975750 0.059354
vt 0.975760 0.059357
vt 0.975899 0.059357
vt 0.975910 0.059354
vt 0.975918 0.059345
vt 0.975920 0.059334
vt 0.975920 0.059212
vt 0.975918 0.059201
vt 0.975910 0.059193
vt 0.975899 0.059190
vt 0.975920 0.059334
vt 0.975920 0.059212
vt 0.975899 0.059190
vt 0.975760 0.059190
vt 0.975760 0.059357
vt 0.975899 0.059357
vt 0.975750 0.059193
vt 0.975742 0.059201
vt 0.975739 0.059212
vt 0.975750 0.059354
vt 0.975742 0.059345
vt 0.975739 0.059334
vt 0.975918 0.059345
vt 0.975910 0.059354
vt 0.975910 0.059193
vt 0.975918 0.059201
vt 0.975547 0.059190
vt 0.975537 0.059193
vt 0.975529 0.059201
vt 0.975526 0.059212
vt 0.975526 0.059334
vt 0.975529 0.059345
vt 0.975537 0.059354
vt 0.975547 0.059357
vt 0.975686 0.059357
vt 0.975697 0.059354
vt 0.975704 0.059345
vt 0.975707 0.059334
vt 0.975707 0.059212
vt 0.975704 0.059201
vt 0.975697 0.059193
vt 0.975686 0.059190
vt 0.975707 0.059334
vt 0.975707 0.059212
vt 0.975686 0.059190
vt 0.975547 0.059190
vt 0.975547 0.059357
vt 0.975686 0.059357
vt 0.975537 0.059193
vt 0.975529 0.059201
vt 0.975526 0.059212
vt 0.975537 0.059354
vt 0.975529 0.059345
vt 0.975526 0.059334
vt 0.975704 0.059345
vt 0.975697 0.059354
vt 0.975697 0.059193
vt 0.975704 0.059201
vt 0.975338 0.059190
vt 0.975328 0.059193
vt 0.975320 0.059201
vt 0.975317 0.059212
vt 0.975317 0.059334
vt 0.975320 0.059345
vt 0.975328 0.059354
vt 0.975338 0.059357
vt 0.975477 0.059357
vt 0.975488 0.059354
vt 0.975496 0.059345
vt 0.975498 0.059334
vt 0.975498 0.059212
vt 0.975496 0.059201
vt 0.975488 0.059193
vt 0.975477 0.059190
vt 0.975498 0.059334
vt 0.975498 0.059212
vt 0.975477 0.059190
vt 0.975338 0.059190
vt 0.975338 0.059357
vt 0.975477 0.059357
vt 0.975328 0.059193
vt 0.975320 0.059201
vt 0.975317 0.059212
vt 0.975328 0.059354
vt 0.975320 0.059345
vt 0.975317 0.059334
vt 0.975496 0.059345
vt 0.975488 0.059354
vt 0.975488 0.059193
vt 0.975496 0.059201
vt 0.975138 0.059190
vt 0.975128 0.059193
vt 0.975120 0.059201
vt 0.975118 0.059212
vt 0.975118 0.059334
vt 0.975120 0.059345
vt 0.975128 0.059354
vt 0.975138 0.059357
vt 0.975272 0.059357
vt 0.975282 0.059354
vt 0.975289 0.059345
vt 0.975292 0.059334
vt 0.975292 0.059212
vt 0.975289 0.059201
vt 0.975282 0.059193
vt 0.975272 0.059190
vt 0.975292 0.059334
vt 0.975292 0.059212
vt 0.975272 0.059190
vt 0.975138 0.059190
vt 0.975138 0.059357
vt 0.975272 0.059357
vt 0.975128 0.059193
vt 0.975120 0.059201
vt 0.975118 0.059212
vt 0.975128 0.059354
vt 0.975120 0.059345
vt 0.975118 0.059334
vt 0.975289 0.059345
vt 0.975282 0.059354
vt 0.975282 0.059193
vt 0.975289 0.059201
vt 0.974919 0.059190
vt 0.974908 0.059193
vt 0.974900 0.059201
vt 0.974898 0.059212
vt 0.974898 0.059334
vt 0.974900 0.059345
vt 0.974908 0.059354
vt 0.974919 0.059357
vt 0.975058 0.059357
vt 0.975068 0.059354
vt 0.975076 0.059345
vt 0.975079 0.059334
vt 0.975079 0.059212
vt 0.975076 0.059201
vt 0.975068 0.059193
vt 0.975058 0.059190
vt 0.975079 0.059334
vt 0.975079 0.059212
vt 0.975058 0.059190
vt 0.974919 0.059190
vt 0.974919 0.059357
vt 0.975058 0.059357
vt 0.974908 0.059193
vt 0.974900 0.059201
vt 0.974898 0.059212
vt 0.974908 0.059354
vt 0.974900 0.059345
vt 0.974898 0.059334
vt 0.975076 0.059345
vt 0.975068 0.059354
vt 0.975068 0.059193
vt 0.975076 0.059201
vt 0.974709 0.059190
vt 0.974699 0.059193
vt 0.974691 0.059201
vt 0.974688 0.059212
vt 0.974688 0.059334
vt 0.974691 0.059345
vt 0.974699 0.059354
vt 0.974709 0.059357
vt 0.974848 0.059357
vt 0.974859 0.059354
vt 0.974867 0.059345
vt 0.974869 0.059334
vt 0.974869 0.059212
vt 0.974867 0.059201
vt 0.974859 0.059193
vt 0.974848 0.059190
vt 0.974869 0.059334
vt 0.974869 0.059212
vt 0.974848 0.059190
vt 0.974709 0.059190
vt 0.974709 0.059357
vt 0.974848 0.059357
vt 0.974699 0.059193
vt 0.974691 0.059201
vt 0.974688 0.059212
vt 0.974699 0.059354
vt 0.974691 0.059345
vt 0.974688 0.059334
vt 0.974867 0.059345
vt 0.974859 0.059354
vt 0.974859 0.059193
vt 0.974867 0.059201
vt 0.975035 0.058993
vt 0.975025 0.058996
vt 0.975017 0.059004
vt 0.975014 0.059015
vt 0.975014 0.059129
vt 0.975017 0.059140
vt 0.975025 0.059148
vt 0.975035 0.059151
vt 0.975169 0.059151
vt 0.975179 0.059148
vt 0.975186 0.059140
vt 0.975189 0.059129
vt 0.975189 0.059015
vt 0.975186 0.059004
vt 0.975179 0.058996
vt 0.975169 0.058993
vt 0.975189 0.059129
vt 0.975189 0.059015
vt 0.975169 0.058993
vt 0.975035 0.058993
vt 0.975035 0.059151
vt 0.975169 0.059151
vt 0.975025 0.058996
vt 0.975017 0.059004
vt 0.975014 0.059015
vt 0.975025 0.059148
vt 0.975017 0.059140
vt 0.975014 0.059129
vt 0.975186 0.059140
vt 0.975179 0.059148
vt 0.975179 0.058996
vt 0.975186 0.059004
vt 0.975245 0.058998
vt 0.975234 0.059001
vt 0.975227 0.059009
vt 0.975224 0.059019
vt 0.975224 0.059133
vt 0.975227 0.059144
vt 0.975234 0.059152
vt 0.975245 0.059155
vt 0.975379 0.059155
vt 0.975389 0.059152
vt 0.975397 0.059144
vt 0.975400 0.059133
vt 0.975400 0.059019
vt 0.975397 0.059009
vt 0.975389 0.059001
vt 0.975379 0.058998
vt 0.975400 0.059133
vt 0.975400 0.059019
vt 0.975379 0.058998
vt 0.975245 0.058998
vt 0.975245 0.059155
vt 0.975379 0.059155
vt 0.975234 0.059001
vt 0.975227 0.059009
vt 0.975224 0.059019
vt 0.975234 0.059152
vt 0.975227 0.059144
vt 0.975224 0.059133
vt 0.975397 0.059144
vt 0.975389 0.059152
vt 0.975389 0.059001
vt 0.975397 0.059009
vt 0.975454 0.058998
vt 0.975444 0.059001
vt 0.975437 0.059009
vt 0.975434 0.059019
vt 0.975434 0.059133
vt 0.975437 0.059144
vt 0.975444 0.059152
vt 0.975454 0.059155
vt 0.975585 0.059155
vt 0.975595 0.059152
vt 0.975603 0.059144
vt 0.975605 0.059133
vt 0.975605 0.059019
vt 0.975603 0.059009
vt 0.975595 0.059001
vt 0.975585 0.058998
vt 0.975605 0.059133
vt 0.975605 0.059019
vt 0.975585 0.058998
vt 0.975454 0.058998
vt 0.975454 0.059155
vt 0.975585 0.059155
vt 0.975444 0.059001
vt 0.975437 0.059009
vt 0.975434 0.059019
vt 0.975444 0.059152
vt 0.975437 0.059144
vt 0.975434 0.059133
vt 0.975603 0.059144
vt 0.975595 0.059152
vt 0.975595 0.059001
vt 0.975603 0.059009
vt 0.975663 0.058996
vt 0.975653 0.058999
vt 0.975645 0.059007
vt 0.975643 0.059018
vt 0.975643 0.059134
vt 0.975645 0.059146
vt 0.975653 0.059154
vt 0.975663 0.059157
vt 0.975798 0.059157
vt 0.975808 0.059154
vt 0.975816 0.059146
vt 0.975818 0.059134
vt 0.975818 0.059018
vt 0.975816 0.059007
vt 0.975808 0.058999
vt 0.975798 0.058996
vt 0.975818 0.059134
vt 0.975818 0.059018
vt 0.975798 0.058996
vt 0.975663 0.058996
vt 0.975663 0.059157
vt 0.975798 0.059157
vt 0.975653 0.058999
vt 0.975645 0.059007
vt 0.975643 0.059018
vt 0.975653 0.059154
vt 0.975645 0.059146
vt 0.975643 0.059134
vt 0.975816 0.059146
vt 0.975808 0.059154
vt 0.975808 0.058999
vt 0.975816 0.059007
vt 0.975873 0.058995
vt 0.975863 0.058998
vt 0.975856 0.059006
vt 0.975853 0.059017
vt 0.975853 0.059135
vt 0.975856 0.059147
vt 0.975863 0.059155
vt 0.975873 0.059158
vt 0.976008 0.059158
vt 0.976018 0.059155
vt 0.976026 0.059147
vt 0.976028 0.059135
vt 0.976028 0.059017
vt 0.976026 0.059006
vt 0.976018 0.058998
vt 0.976008 0.058995
vt 0.976028 0.059135
vt 0.976028 0.059017
vt 0.976008 0.058995
vt 0.975873 0.058995
vt 0.975873 0.059158
vt 0.976008 0.059158
vt 0.975863 0.058998
vt 0.975856 0.059006
vt 0.975853 0.059017
vt 0.975863 0.059155
vt 0.975856 0.059147
vt 0.975853 0.059135
vt 0.976026 0.059147
vt 0.976018 0.059155
vt 0.976018 0.058998
vt 0.976026 0.059006
vt 0.976083 0.058995
vt 0.976073 0.058998
vt 0.976065 0.059006
vt 0.976062 0.059017
vt 0.976062 0.059135
vt 0.976065 0.059146
vt 0.976073 0.059155
vt 0.976083 0.059158
vt 0.976218 0.059158
vt 0.976228 0.059155
vt 0.976236 0.059146
vt 0.976238 0.059135
vt 0.976238 0.059017
vt 0.976236 0.059006
vt 0.976228 0.058998
vt 0.976218 0.058995
vt 0.976238 0.059135
vt 0.976238 0.059017
vt 0.976218 0.058995
vt 0.976083 0.058995
vt 0.976083 0.059158
vt 0.976218 0.059158
vt 0.976073 0.058998
vt 0.976065 0.059006
vt 0.976062 0.059017
vt 0.976073 0.059155
vt 0.976065 0.059146
vt 0.976062 0.059135
vt 0.976236 0.059146
vt 0.976228 0.059155
vt 0.976228 0.058998
vt 0.976236 0.059006
vt 0.976294 0.058993
vt 0.976284 0.058997
vt 0.976277 0.059005
vt 0.976274 0.059016
vt 0.976274 0.059136
vt 0.976277 0.059148
vt 0.976284 0.059156
vt 0.976294 0.059159
vt 0.976426 0.059159
vt 0.976436 0.059156
vt 0.976443 0.059148
vt 0.976446 0.059136
vt 0.976446 0.059016
vt 0.976443 0.059005
vt 0.976436 0.058997
vt 0.976426 0.058993
vt 0.976446 0.059136
vt 0.976446 0.059016
vt 0.976426 0.058993
vt 0.976294 0.058993
vt 0.976294 0.059159
vt 0.976426 0.059159
vt 0.976284 0.058997
vt 0.976277 0.059005
vt 0.976274 0.059016
vt 0.976284 0.059156
vt 0.976277 0.059148
vt 0.976274 0.059136
vt 0.976443 0.059148
vt 0.976436 0.059156
vt 0.976436 0.058997
vt 0.976443 0.059005
vt 0.976502 0.058993
vt 0.976492 0.058996
vt 0.976485 0.059005
vt 0.976482 0.059016
vt 0.976482 0.059136
vt 0.976485 0.059148
vt 0.976492 0.059156
vt 0.976502 0.059159
vt 0.976636 0.059159
vt 0.976646 0.059156
vt 0.976653 0.059148
vt 0.976656 0.059136
vt 0.976656 0.059016
vt 0.976653 0.059005
vt 0.976646 0.058996
vt 0.976636 0.058993
vt 0.976656 0.059136
vt 0.976656 0.059016
vt 0.976636 0.058993
vt 0.976502 0.058993
vt 0.976502 0.059159
vt 0.976636 0.059159
vt 0.976492 0.058996
vt 0.976485 0.059005
vt 0.976482 0.059016
vt 0.976492 0.059156
vt 0.976485 0.059148
vt 0.976482 0.059136
vt 0.976653 0.059148
vt 0.976646 0.059156
vt 0.976646 0.058996
vt 0.976653 0.059005
vt 0.976712 0.058993
vt 0.976702 0.058996
vt 0.976694 0.059005
vt 0.976692 0.059016
vt 0.976692 0.059136
vt 0.976694 0.059148
vt 0.976702 0.059156
vt 0.976712 0.059159
vt 0.976842 0.059159
vt 0.976852 0.059156
vt 0.976859 0.059148
vt 0.976861 0.059136
vt 0.976861 0.059016
vt 0.976859 0.059005
vt 0.976852 0.058996
vt 0.976842 0.058993
vt 0.976861 0.059136
vt 0.976861 0.059016
vt 0.976842 0.058993
vt 0.976712 0.058993
vt 0.976712 0.059159
vt 0.976842 0.059159
vt 0.976702 0.058996
vt 0.976694 0.059005
vt 0.976692 0.059016
vt 0.976702 0.059156
vt 0.976694 0.059148
vt 0.976692 0.059136
vt 0.976859 0.059148
vt 0.976852 0.059156
vt 0.976852 0.058996
vt 0.976859 0.059005
vt 0.976919 0.058993
vt 0.976909 0.058996
vt 0.976902 0.059005
vt 0.976899 0.059016
vt 0.976899 0.059136
vt 0.976902 0.059148
vt 0.976909 0.059156
vt 0.976919 0.059159
vt 0.977051 0.059159
vt 0.977061 0.059156
vt 0.977068 0.059148
vt 0.977071 0.059136
vt 0.977071 0.059016
vt 0.977068 0.059005
vt 0.977061 0.058996
vt 0.977051 0.058993
vt 0.977071 0.059136
vt 0.977071 0.059016
vt 0.977051 0.058993
vt 0.976919 0.058993
vt 0.976919 0.059159
vt 0.977051 0.059159
vt 0.976909 0.058996
vt 0.976902 0.059005
vt 0.976899 0.059016
vt 0.976909 0.059156
vt 0.976902 0.059148
vt 0.976899 0.059136
vt 0.977068 0.059148
vt 0.977061 0.059156
vt 0.977061 0.058996
vt 0.977068 0.059005
vt 0.977125 0.058993
vt 0.977114 0.058996
vt 0.977107 0.059005
vt 0.977104 0.059016
vt 0.977104 0.059136
vt 0.977107 0.059148
vt 0.977114 0.059156
vt 0.977125 0.059159
vt 0.977261 0.059159
vt 0.977272 0.059156
vt 0.977279 0.059148
vt 0.977282 0.059136
vt 0.977282 0.059016
vt 0.977279 0.059005
vt 0.977272 0.058996
vt 0.977261 0.058993
vt 0.977282 0.059136
vt 0.977282 0.059016
vt 0.977261 0.058993
vt 0.977125 0.058993
vt 0.977125 0.059159
vt 0.977261 0.059159
vt 0.977114 0.058996
vt 0.977107 0.059005
vt 0.977104 0.059016
vt 0.977114 0.059156
vt 0.977107 0.059148
vt 0.977104 0.059136
vt 0.977279 0.059148
vt 0.977272 0.059156
vt 0.977272 0.058996
vt 0.977279 0.059005
vt 0.977332 0.058993
vt 0.977321 0.058996
vt 0.977314 0.059005
vt 0.977311 0.059016
vt 0.977311 0.059136
vt 0.977314 0.059148
vt 0.977321 0.059156
vt 0.977332 0.059159
vt 0.977468 0.059159
vt 0.977479 0.059156
vt 0.977486 0.059148
vt 0.977489 0.059136
vt 0.977489 0.059016
vt 0.977486 0.059005
vt 0.977479 0.058996
vt 0.977468 0.058993
vt 0.977489 0.059136
vt 0.977489 0.059016
vt 0.977468 0.058993
vt 0.977332 0.058993
vt 0.977332 0.059159
vt 0.977468 0.059159
vt 0.977321 0.058996
vt 0.977314 0.059005
vt 0.977311 0.059016
vt 0.977321 0.059156
vt 0.977314 0.059148
vt 0.977311 0.059136
vt 0.977486 0.059148
vt 0.977479 0.059156
vt 0.977479 0.058996
vt 0.977486 0.059005
vt 0.977543 0.058990
vt 0.977532 0.058992
vt 0.977524 0.059000
vt 0.977522 0.059011
vt 0.977522 0.059125
vt 0.977524 0.059136
vt 0.977532 0.059144
vt 0.977543 0.059147
vt 0.977679 0.059147
vt 0.977690 0.059144
vt 0.977697 0.059136
vt 0.977700 0.059125
vt 0.977700 0.059011
vt 0.977697 0.059000
vt 0.977690 0.058992
vt 0.977679 0.058990
vt 0.977700 0.059125
vt 0.977700 0.059011
vt 0.977679 0.058990
vt 0.977543 0.058990
vt 0.977543 0.059147
vt 0.977679 0.059147
vt 0.977532 0.058992
vt 0.977524 0.059000
vt 0.977522 0.059011
vt 0.977532 0.059144
vt 0.977524 0.059136
vt 0.977522 0.059125
vt 0.977697 0.059136
vt 0.977690 0.059144
vt 0.977690 0.058992
vt 0.977697 0.059000
vt 0.977578 0.058798
vt 0.977574 0.058801
vt 0.977571 0.058809
vt 0.977570 0.058819
vt 0.977570 0.058929
vt 0.977571 0.058940
vt 0.977574 0.058948
vt 0.977578 0.058951
vt 0.977688 0.058951
vt 0.977692 0.058948
vt 0.977695 0.058940
vt 0.977696 0.058929
vt 0.977696 0.058819
vt 0.977695 0.058809
vt 0.977692 0.058801
vt 0.977688 0.058798
vt 0.977696 0.058929
vt 0.977696 0.058819
vt 0.977688 0.058798
vt 0.977578 0.058798
vt 0.977578 0.058951
vt 0.977688 0.058951
vt 0.977574 0.058801
vt 0.977571 0.058809
vt 0.977570 0.058819
vt 0.977574 0.058948
vt 0.977571 0.058940
vt 0.977570 0.058929
vt 0.977695 0.058940
vt 0.977692 0.058948
vt 0.977692 0.058801
vt 0.977695 0.058809
vt 0.977181 0.058789
vt 0.977171 0.058792
vt 0.977163 0.058801
vt 0.977161 0.058812
vt 0.977161 0.058934
vt 0.977163 0.058946
vt 0.977171 0.058955
vt 0.977181 0.058958
vt 0.977311 0.058958
vt 0.977321 0.058955
vt 0.977328 0.058946
vt 0.977331 0.058934
vt 0.977331 0.058812
vt 0.977328 0.058801
vt 0.977321 0.058792
vt 0.977311 0.058789
vt 0.977331 0.058934
vt 0.977331 0.058812
vt 0.977311 0.058789
vt 0.977181 0.058789
vt 0.977181 0.058958
vt 0.977311 0.058958
vt 0.977171 0.058792
vt 0.977163 0.058801
vt 0.977161 0.058812
vt 0.977171 0.058955
vt 0.977163 0.058946
vt 0.977161 0.058934
vt 0.977328 0.058946
vt 0.977321 0.058955
vt 0.977321 0.058792
vt 0.977328 0.058801
vt 0.976970 0.058787
vt 0.976960 0.058790
vt 0.976953 0.058799
vt 0.976950 0.058811
vt 0.976950 0.058931
vt 0.976953 0.058943
vt 0.976960 0.058951
vt 0.976970 0.058954
vt 0.977103 0.058954
vt 0.977113 0.058951
vt 0.977120 0.058943
vt 0.977123 0.058931
vt 0.977123 0.058811
vt 0.977120 0.058799
vt 0.977113 0.058790
vt 0.977103 0.058787
vt 0.977123 0.058931
vt 0.977123 0.058811
vt 0.977103 0.058787
vt 0.976970 0.058787
vt 0.976970 0.058954
vt 0.977103 0.058954
vt 0.976960 0.058790
vt 0.976953 0.058799
vt 0.976950 0.058811
vt 0.976960 0.058951
vt 0.976953 0.058943
vt 0.976950 0.058931
vt 0.977120 0.058943
vt 0.977113 0.058951
vt 0.977113 0.058790
vt 0.977120 0.058799
vt 0.976763 0.058786
vt 0.976753 0.058789
vt 0.976746 0.058797
vt 0.976743 0.058809
vt 0.976743 0.058930
vt 0.976746 0.058941
vt 0.976753 0.058950
vt 0.976763 0.058953
vt 0.976896 0.058953
vt 0.976906 0.058950
vt 0.976913 0.058941
vt 0.976916 0.058930
vt 0.976916 0.058809
vt 0.976913 0.058797
vt 0.976906 0.058789
vt 0.976896 0.058786
vt 0.976916 0.058930
vt 0.976916 0.058809
vt 0.976896 0.058786
vt 0.976763 0.058786
vt 0.976763 0.058953
vt 0.976896 0.058953
vt 0.976753 0.058789
vt 0.976746 0.058797
vt 0.976743 0.058809
vt 0.976753 0.058950
vt 0.976746 0.058941
vt 0.976743 0.058930
vt 0.976913 0.058941
vt 0.976906 0.058950
vt 0.976906 0.058789
vt 0.976913 0.058797
vt 0.976555 0.058785
vt 0.976545 0.058789
vt 0.976538 0.058797
vt 0.976535 0.058809
vt 0.976535 0.058930
vt 0.976538 0.058941
vt 0.976545 0.058950
vt 0.976555 0.058953
vt 0.976687 0.058953
vt 0.976697 0.058950
vt 0.976704 0.058941
vt 0.976707 0.058930
vt 0.976707 0.058809
vt 0.976704 0.058797
vt 0.976697 0.058789
vt 0.976687 0.058785
vt 0.976707 0.058930
vt 0.976707 0.058809
vt 0.976687 0.058785
vt 0.976555 0.058785
vt 0.976555 0.058953
vt 0.976687 0.058953
vt 0.976545 0.058789
vt 0.976538 0.058797
vt 0.976535 0.058809
vt 0.976545 0.058950
vt 0.976538 0.058941
vt 0.976535 0.058930
vt 0.976704 0.058941
vt 0.976697 0.058950
vt 0.976697 0.058789
vt 0.976704 0.058797
vt 0.976346 0.058784
vt 0.976336 0.058788
vt 0.976329 0.058796
vt 0.976326 0.058808
vt 0.976326 0.058930
vt 0.976329 0.058942
vt 0.976336 0.058951
vt 0.976346 0.058954
vt 0.976478 0.058954
vt 0.976488 0.058951
vt 0.976496 0.058942
vt 0.976498 0.058930
vt 0.976498 0.058808
vt 0.976496 0.058796
vt 0.976488 0.058788
vt 0.976478 0.058784
vt 0.976498 0.058930
vt 0.976498 0.058808
vt 0.976478 0.058784
vt 0.976346 0.058784
vt 0.976346 0.058954
vt 0.976478 0.058954
vt 0.976336 0.058788
vt 0.976329 0.058796
vt 0.976326 0.058808
vt 0.976336 0.058951
vt 0.976329 0.058942
vt 0.976326 0.058930
vt 0.976496 0.058942
vt 0.976488 0.058951
vt 0.976488 0.058788
vt 0.976496 0.058796
vt 0.976139 0.058786
vt 0.976128 0.058789
vt 0.976121 0.058797
vt 0.976118 0.058809
vt 0.976118 0.058930
vt 0.976121 0.058941
vt 0.976128 0.058950
vt 0.976139 0.058953
vt 0.976271 0.058953
vt 0.976281 0.058950
vt 0.976288 0.058941
vt 0.976291 0.058930
vt 0.976291 0.058809
vt 0.976288 0.058797
vt 0.976281 0.058789
vt 0.976271 0.058786
vt 0.976291 0.058930
vt 0.976291 0.058809
vt 0.976271 0.058786
vt 0.976139 0.058786
vt 0.976139 0.058953
vt 0.976271 0.058953
vt 0.976128 0.058789
vt 0.976121 0.058797
vt 0.976118 0.058809
vt 0.976128 0.058950
vt 0.976121 0.058941
vt 0.976118 0.058930
vt 0.976288 0.058941
vt 0.976281 0.058950
vt 0.976281 0.058789
vt 0.976288 0.058797
vt 0.975926 0.058784
vt 0.975916 0.058787
vt 0.975909 0.058796
vt 0.975906 0.058808
vt 0.975906 0.058931
vt 0.975909 0.058943
vt 0.975916 0.058951
vt 0.975926 0.058954
vt 0.976060 0.058954
vt 0.976070 0.058951
vt 0.976077 0.058943
vt 0.976080 0.058931
vt 0.976080 0.058808
vt 0.976077 0.058796
vt 0.976070 0.058787
vt 0.976060 0.058784
vt 0.976080 0.058931
vt 0.976080 0.058808
vt 0.976060 0.058784
vt 0.975926 0.058784
vt 0.975926 0.058954
vt 0.976060 0.058954
vt 0.975916 0.058787
vt 0.975909 0.058796
vt 0.975906 0.058808
vt 0.975916 0.058951
vt 0.975909 0.058943
vt 0.975906 0.058931
vt 0.976077 0.058943
vt 0.976070 0.058951
vt 0.976070 0.058787
vt 0.976077 0.058796
vt 0.975717 0.058784
vt 0.975707 0.058787
vt 0.975699 0.058796
vt 0.975696 0.058807
vt 0.975696 0.058928
vt 0.975699 0.058940
vt 0.975707 0.058948
vt 0.975717 0.058951
vt 0.975854 0.058951
vt 0.975864 0.058948
vt 0.975872 0.058940
vt 0.975875 0.058928
vt 0.975875 0.058807
vt 0.975872 0.058796
vt 0.975864 0.058787
vt 0.975854 0.058784
vt 0.975875 0.058928
vt 0.975875 0.058807
vt 0.975854 0.058784
vt 0.975717 0.058784
vt 0.975717 0.058951
vt 0.975854 0.058951
vt 0.975707 0.058787
vt 0.975699 0.058796
vt 0.975696 0.058807
vt 0.975707 0.058948
vt 0.975699 0.058940
vt 0.975696 0.058928
vt 0.975872 0.058940
vt 0.975864 0.058948
vt 0.975864 0.058787
vt 0.975872 0.058796
vt 0.975510 0.058783
vt 0.975500 0.058787
vt 0.975493 0.058795
vt 0.975490 0.058807
vt 0.975490 0.058928
vt 0.975493 0.058940
vt 0.975500 0.058949
vt 0.975510 0.058952
vt 0.975642 0.058952
vt 0.975651 0.058949
vt 0.975659 0.058940
vt 0.975661 0.058928
vt 0.975661 0.058807
vt 0.975659 0.058795
vt 0.975651 0.058787
vt 0.975642 0.058783
vt 0.975661 0.058928
vt 0.975661 0.058807
vt 0.975642 0.058783
vt 0.975510 0.058783
vt 0.975510 0.058952
vt 0.975642 0.058952
vt 0.975500 0.058787
vt 0.975493 0.058795
vt 0.975490 0.058807
vt 0.975500 0.058949
vt 0.975493 0.058940
vt 0.975490 0.058928
vt 0.975659 0.058940
vt 0.975651 0.058949
vt 0.975651 0.058787
vt 0.975659 0.058795
vt 0.975298 0.058781
vt 0.975287 0.058784
vt 0.975280 0.058793
vt 0.975277 0.058804
vt 0.975277 0.058926
vt 0.975280 0.058938
vt 0.975287 0.058946
vt 0.975298 0.058949
vt 0.975430 0.058949
vt 0.975440 0.058946
vt 0.975447 0.058938
vt 0.975450 0.058926
vt 0.975450 0.058804
vt 0.975447 0.058793
vt 0.975440 0.058784
vt 0.975430 0.058781
vt 0.975450 0.058926
vt 0.975450 0.058804
vt 0.975430 0.058781
vt 0.975298 0.058781
vt 0.975298 0.058949
vt 0.975430 0.058949
vt 0.975287 0.058784
vt 0.975280 0.058793
vt 0.975277 0.058804
vt 0.975287 0.058946
vt 0.975280 0.058938
vt 0.975277 0.058926
vt 0.975447 0.058938
vt 0.975440 0.058946
vt 0.975440 0.058784
vt 0.975447 0.058793
vt 0.975088 0.058785
vt 0.975078 0.058788
vt 0.975071 0.058796
vt 0.975068 0.058807
vt 0.975068 0.058925
vt 0.975071 0.058936
vt 0.975078 0.058944
vt 0.975088 0.058947
vt 0.975220 0.058947
vt 0.975230 0.058944
vt 0.975237 0.058936
vt 0.975240 0.058925
vt 0.975240 0.058807
vt 0.975237 0.058796
vt 0.975230 0.058788
vt 0.975220 0.058785
vt 0.975240 0.058925
vt 0.975240 0.058807
vt 0.975220 0.058785
vt 0.975088 0.058785
vt 0.975088 0.058947
vt 0.975220 0.058947
vt 0.975078 0.058788
vt 0.975071 0.058796
vt 0.975068 0.058807
vt 0.975078 0.058944
vt 0.975071 0.058936
vt 0.975068 0.058925
vt 0.975237 0.058936
vt 0.975230 0.058944
vt 0.975230 0.058788
vt 0.975237 0.058796
vt 0.974705 0.058987
vt 0.974695 0.058990
vt 0.974687 0.058998
vt 0.974685 0.059009
vt 0.974685 0.059123
vt 0.974687 0.059134
vt 0.974695 0.059142
vt 0.974705 0.059144
vt 0.974949 0.059144
vt 0.974959 0.059142
vt 0.974967 0.059134
vt 0.974969 0.059123
vt 0.974969 0.059009
vt 0.974967 0.058998
vt 0.974959 0.058990
vt 0.974949 0.058987
vt 0.974969 0.059123
vt 0.974969 0.059009
vt 0.974949 0.058987
vt 0.974705 0.058987
vt 0.974705 0.059144
vt 0.974949 0.059144
vt 0.974695 0.058990
vt 0.974687 0.058998
vt 0.974685 0.059009
vt 0.974695 0.059142
vt 0.974687 0.059134
vt 0.974685 0.059123
vt 0.974967 0.059134
vt 0.974959 0.059142
vt 0.974959 0.058990
vt 0.974967 0.058998
vt 0.974707 0.058779
vt 0.974696 0.058782
vt 0.974689 0.058791
vt 0.974686 0.058803
vt 0.974686 0.058926
vt 0.974689 0.058938
vt 0.974696 0.058947
vt 0.974707 0.058950
vt 0.975002 0.058950
vt 0.975013 0.058947
vt 0.975020 0.058938
vt 0.975023 0.058926
vt 0.975023 0.058803
vt 0.975020 0.058791
vt 0.975013 0.058782
vt 0.975002 0.058779
vt 0.975023 0.058926
vt 0.975023 0.058803
vt 0.975002 0.058779
vt 0.974707 0.058779
vt 0.974707 0.058950
vt 0.975002 0.058950
vt 0.974696 0.058782
vt 0.974689 0.058791
vt 0.974686 0.058803
vt 0.974696 0.058947
vt 0.974689 0.058938
vt 0.974686 0.058926
vt 0.975020 0.058938
vt 0.975013 0.058947
vt 0.975013 0.058782
vt 0.975020 0.058791
vt 0.974723 0.058576
vt 0.974717 0.058579
vt 0.974714 0.058587
vt 0.974712 0.058599
vt 0.974712 0.058721
vt 0.974714 0.058732
vt 0.974717 0.058741
vt 0.974723 0.058744
vt 0.974918 0.058744
vt 0.974924 0.058741
vt 0.974927 0.058732
vt 0.974929 0.058721
vt 0.974929 0.058599
vt 0.974927 0.058587
vt 0.974924 0.058579
vt 0.974918 0.058576
vt 0.974929 0.058721
vt 0.974929 0.058599
vt 0.974918 0.058576
vt 0.974723 0.058576
vt 0.974723 0.058744
vt 0.974918 0.058744
vt 0.974717 0.058579
vt 0.974714 0.058587
vt 0.974712 0.058599
vt 0.974717 0.058741
vt 0.974714 0.058732
vt 0.974712 0.058721
vt 0.974927 0.058732
vt 0.974924 0.058741
vt 0.974924 0.058579
vt 0.974927 0.058587
vt 0.975242 0.058649
vt 0.975239 0.058650
vt 0.975237 0.058652
vt 0.975236 0.058656
vt 0.975236 0.058689
vt 0.975237 0.058693
vt 0.975239 0.058695
vt 0.975242 0.058696
vt 0.975280 0.058696
vt 0.975283 0.058695
vt 0.975285 0.058693
vt 0.975286 0.058689
vt 0.975286 0.058656
vt 0.975285 0.058652
vt 0.975283 0.058650
vt 0.975280 0.058649
vt 0.975286 0.058689
vt 0.975286 0.058656
vt 0.975280 0.058649
vt 0.975242 0.058649
vt 0.975242 0.058696
vt 0.975280 0.058696
vt 0.975239 0.058650
vt 0.975237 0.058652
vt 0.975236 0.058656
vt 0.975239 0.058695
vt 0.975237 0.058693
vt 0.975236 0.058689
vt 0.975285 0.058693
vt 0.975283 0.058695
vt 0.975283 0.058650
vt 0.975285 0.058652
vt 0.975403 0.058580
vt 0.975392 0.058583
vt 0.975385 0.058591
vt 0.975382 0.058603
vt 0.975382 0.058723
vt 0.975385 0.058734
vt 0.975392 0.058742
vt 0.975403 0.058746
vt 0.975539 0.058746
vt 0.975550 0.058742
vt 0.975557 0.058734
vt 0.975560 0.058723
vt 0.975560 0.058603
vt 0.975557 0.058591
vt 0.975550 0.058583
vt 0.975539 0.058580
vt 0.975560 0.058723
vt 0.975560 0.058603
vt 0.975539 0.058580
vt 0.975403 0.058580
vt 0.975403 0.058746
vt 0.975539 0.058746
vt 0.975392 0.058583
vt 0.975385 0.058591
vt 0.975382 0.058603
vt 0.975392 0.058742
vt 0.975385 0.058734
vt 0.975382 0.058723
vt 0.975557 0.058734
vt 0.975550 0.058742
vt 0.975550 0.058583
vt 0.975557 0.058591
vt 0.975615 0.058580
vt 0.975605 0.058583
vt 0.975597 0.058592
vt 0.975595 0.058604
vt 0.975595 0.058728
vt 0.975597 0.058740
vt 0.975605 0.058748
vt 0.975615 0.058751
vt 0.975747 0.058751
vt 0.975757 0.058748
vt 0.975764 0.058740
vt 0.975767 0.058728
vt 0.975767 0.058604
vt 0.975764 0.058592
vt 0.975757 0.058583
vt 0.975747 0.058580
vt 0.975767 0.058728
vt 0.975767 0.058604
vt 0.975747 0.058580
vt 0.975615 0.058580
vt 0.975615 0.058751
vt 0.975747 0.058751
vt 0.975605 0.058583
vt 0.975597 0.058592
vt 0.975595 0.058604
vt 0.975605 0.058748
vt 0.975597 0.058740
vt 0.975595 0.058728
vt 0.975764 0.058740
vt 0.975757 0.058748
vt 0.975757 0.058583
vt 0.975764 0.058592
vt 0.975821 0.058582
vt 0.975811 0.058586
vt 0.975803 0.058594
vt 0.975800 0.058606
vt 0.975800 0.058728
vt 0.975803 0.058739
vt 0.975811 0.058748
vt 0.975821 0.058751
vt 0.975958 0.058751
vt 0.975968 0.058748
vt 0.975976 0.058739
vt 0.975979 0.058728
vt 0.975979 0.058606
vt 0.975976 0.058594
vt 0.975968 0.058586
vt 0.975958 0.058582
vt 0.975979 0.058728
vt 0.975979 0.058606
vt 0.975958 0.058582
vt 0.975821 0.058582
vt 0.975821 0.058751
vt 0.975958 0.058751
vt 0.975811 0.058586
vt 0.975803 0.058594
vt 0.975800 0.058606
vt 0.975811 0.058748
vt 0.975803 0.058739
vt 0.975800 0.058728
vt 0.975976 0.058739
vt 0.975968 0.058748
vt 0.975968 0.058586
vt 0.975976 0.058594
vt 0.976030 0.058583
vt 0.976020 0.058586
vt 0.976012 0.058595
vt 0.976009 0.058607
vt 0.976009 0.058731
vt 0.976012 0.058743
vt 0.976020 0.058752
vt 0.976030 0.058755
vt 0.976167 0.058755
vt 0.976177 0.058752
vt 0.976185 0.058743
vt 0.976188 0.058731
vt 0.976188 0.058607
vt 0.976185 0.058595
vt 0.976177 0.058586
vt 0.976167 0.058583
vt 0.976188 0.058731
vt 0.976188 0.058607
vt 0.976167 0.058583
vt 0.976030 0.058583
vt 0.976030 0.058755
vt 0.976167 0.058755
vt 0.976020 0.058586
vt 0.976012 0.058595
vt 0.976009 0.058607
vt 0.976020 0.058752
vt 0.976012 0.058743
vt 0.976009 0.058731
vt 0.976185 0.058743
vt 0.976177 0.058752
vt 0.976177 0.058586
vt 0.976185 0.058595
vt 0.976242 0.058582
vt 0.976232 0.058585
vt 0.976224 0.058594
vt 0.976221 0.058606
vt 0.976221 0.058730
vt 0.976224 0.058742
vt 0.976232 0.058750
vt 0.976242 0.058753
vt 0.976375 0.058753
vt 0.976385 0.058750
vt 0.976392 0.058742
vt 0.976395 0.058730
vt 0.976395 0.058606
vt 0.976392 0.058594
vt 0.976385 0.058585
vt 0.976375 0.058582
vt 0.976395 0.058730
vt 0.976395 0.058606
vt 0.976375 0.058582
vt 0.976242 0.058582
vt 0.976242 0.058753
vt 0.976375 0.058753
vt 0.976232 0.058585
vt 0.976224 0.058594
vt 0.976221 0.058606
vt 0.976232 0.058750
vt 0.976224 0.058742
vt 0.976221 0.058730
vt 0.976392 0.058742
vt 0.976385 0.058750
vt 0.976385 0.058585
vt 0.976392 0.058594
vt 0.976451 0.058584
vt 0.976440 0.058587
vt 0.976433 0.058596
vt 0.976431 0.058608
vt 0.976431 0.058732
vt 0.976433 0.058744
vt 0.976440 0.058753
vt 0.976451 0.058756
vt 0.976583 0.058756
vt 0.976593 0.058753
vt 0.976600 0.058744
vt 0.976603 0.058732
vt 0.976603 0.058608
vt 0.976600 0.058596
vt 0.976593 0.058587
vt 0.976583 0.058584
vt 0.976603 0.058732
vt 0.976603 0.058608
vt 0.976583 0.058584
vt 0.976451 0.058584
vt 0.976451 0.058756
vt 0.976583 0.058756
vt 0.976440 0.058587
vt 0.976433 0.058596
vt 0.976431 0.058608
vt 0.976440 0.058753
vt 0.976433 0.058744
vt 0.976431 0.058732
vt 0.976600 0.058744
vt 0.976593 0.058753
vt 0.976593 0.058587
vt 0.976600 0.058596
vt 0.976659 0.058586
vt 0.976649 0.058589
vt 0.976641 0.058597
vt 0.976638 0.058609
vt 0.976638 0.058733
vt 0.976641 0.058744
vt 0.976649 0.058753
vt 0.976659 0.058756
vt 0.976794 0.058756
vt 0.976804 0.058753
vt 0.976811 0.058744
vt 0.976814 0.058733
vt 0.976814 0.058609
vt 0.976811 0.058597
vt 0.976804 0.058589
vt 0.976794 0.058586
vt 0.976814 0.058733
vt 0.976814 0.058609
vt 0.976794 0.058586
vt 0.976659 0.058586
vt 0.976659 0.058756
vt 0.976794 0.058756
vt 0.976649 0.058589
vt 0.976641 0.058597
vt 0.976638 0.058609
vt 0.976649 0.058753
vt 0.976641 0.058744
vt 0.976638 0.058733
vt 0.976811 0.058744
vt 0.976804 0.058753
vt 0.976804 0.058589
vt 0.976811 0.058597
vt 0.976865 0.058587
vt 0.976855 0.058590
vt 0.976847 0.058598
vt 0.976844 0.058610
vt 0.976844 0.058734
vt 0.976847 0.058745
vt 0.976855 0.058754
vt 0.976865 0.058757
vt 0.977002 0.058757
vt 0.977012 0.058754
vt 0.977020 0.058745
vt 0.977023 0.058734
vt 0.977023 0.058610
vt 0.977020 0.058598
vt 0.977012 0.058590
vt 0.977002 0.058587
vt 0.977023 0.058734
vt 0.977023 0.058610
vt 0.977002 0.058587
vt 0.976865 0.058587
vt 0.976865 0.058757
vt 0.977002 0.058757
vt 0.976855 0.058590
vt 0.976847 0.058598
vt 0.976844 0.058610
vt 0.976855 0.058754
vt 0.976847 0.058745
vt 0.976844 0.058734
vt 0.977020 0.058745
vt 0.977012 0.058754
vt 0.977012 0.058590
vt 0.977020 0.058598
vt 0.977074 0.058589
vt 0.977064 0.058592
vt 0.977056 0.058601
vt 0.977053 0.058613
vt 0.977053 0.058735
vt 0.977056 0.058747
vt 0.977064 0.058756
vt 0.977074 0.058759
vt 0.977211 0.058759
vt 0.977221 0.058756
vt 0.977229 0.058747
vt 0.977231 0.058735
vt 0.977231 0.058613
vt 0.977229 0.058601
vt 0.977221 0.058592
vt 0.977211 0.058589
vt 0.977231 0.058735
vt 0.977231 0.058613
vt 0.977211 0.058589
vt 0.977074 0.058589
vt 0.977074 0.058759
vt 0.977211 0.058759
vt 0.977064 0.058592
vt 0.977056 0.058601
vt 0.977053 0.058613
vt 0.977064 0.058756
vt 0.977056 0.058747
vt 0.977053 0.058735
vt 0.977229 0.058747
vt 0.977221 0.058756
vt 0.977221 0.058592
vt 0.977229 0.058601
vt 0.977286 0.058591
vt 0.977276 0.058595
vt 0.977269 0.058603
vt 0.977266 0.058615
vt 0.977266 0.058737
vt 0.977269 0.058749
vt 0.977276 0.058758
vt 0.977286 0.058761
vt 0.977671 0.058761
vt 0.977681 0.058758
vt 0.977688 0.058749
vt 0.977691 0.058737
vt 0.977691 0.058615
vt 0.977688 0.058603
vt 0.977681 0.058595
vt 0.977671 0.058591
vt 0.977691 0.058737
vt 0.977691 0.058615
vt 0.977671 0.058591
vt 0.977286 0.058591
vt 0.977286 0.058761
vt 0.977671 0.058761
vt 0.977276 0.058595
vt 0.977269 0.058603
vt 0.977266 0.058615
vt 0.977276 0.058758
vt 0.977269 0.058749
vt 0.977266 0.058737
vt 0.977688 0.058749
vt 0.977681 0.058758
vt 0.977681 0.058595
vt 0.977688 0.058603
vt 0.977518 0.058432
vt 0.977518 0.058523
vt 0.977518 0.058523
vt 0.977518 0.058432
vt 0.977688 0.058413
vt 0.977688 0.058413
vt 0.977690 0.058432
vt 0.977690 0.058432
vt 0.977681 0.058400
vt 0.977681 0.058400
vt 0.977671 0.058395
vt 0.977671 0.058395
vt 0.977681 0.058555
vt 0.977681 0.058555
vt 0.977671 0.058560
vt 0.977671 0.058560
vt 0.977688 0.058541
vt 0.977688 0.058541
vt 0.977690 0.058523
vt 0.977690 0.058523
vt 0.977521 0.058541
vt 0.977521 0.058541
vt 0.977528 0.058555
vt 0.977528 0.058555
vt 0.977538 0.058560
vt 0.977538 0.058560
vt 0.977521 0.058413
vt 0.977521 0.058413
vt 0.977528 0.058400
vt 0.977528 0.058400
vt 0.977538 0.058395
vt 0.977538 0.058395
vt 0.977127 0.058391
vt 0.977118 0.058396
vt 0.977111 0.058410
vt 0.977108 0.058428
vt 0.977108 0.058520
vt 0.977111 0.058539
vt 0.977118 0.058552
vt 0.977127 0.058557
vt 0.977258 0.058557
vt 0.977267 0.058552
vt 0.977274 0.058539
vt 0.977277 0.058520
vt 0.977277 0.058428
vt 0.977274 0.058410
vt 0.977267 0.058396
vt 0.977258 0.058391
vt 0.977277 0.058520
vt 0.977277 0.058428
vt 0.977258 0.058391
vt 0.977127 0.058391
vt 0.977127 0.058557
vt 0.977258 0.058557
vt 0.977118 0.058396
vt 0.977111 0.058410
vt 0.977108 0.058428
vt 0.977118 0.058552
vt 0.977111 0.058539
vt 0.977108 0.058520
vt 0.977274 0.058539
vt 0.977267 0.058552
vt 0.977267 0.058396
vt 0.977274 0.058410
vt 0.976918 0.058386
vt 0.976908 0.058389
vt 0.976900 0.058396
vt 0.976898 0.058405
vt 0.976898 0.058537
vt 0.976900 0.058547
vt 0.976908 0.058554
vt 0.976918 0.058557
vt 0.977052 0.058557
vt 0.977062 0.058554
vt 0.977069 0.058547
vt 0.977072 0.058537
vt 0.977072 0.058405
vt 0.977069 0.058396
vt 0.977062 0.058389
vt 0.977052 0.058386
vt 0.977072 0.058537
vt 0.977072 0.058405
vt 0.977052 0.058386
vt 0.976918 0.058386
vt 0.976918 0.058557
vt 0.977052 0.058557
vt 0.976908 0.058389
vt 0.976900 0.058396
vt 0.976898 0.058405
vt 0.976908 0.058554
vt 0.976900 0.058547
vt 0.976898 0.058537
vt 0.977069 0.058547
vt 0.977062 0.058554
vt 0.977062 0.058389
vt 0.977069 0.058396
vt 0.976665 0.058382
vt 0.976652 0.058385
vt 0.976643 0.058392
vt 0.976640 0.058402
vt 0.976640 0.058533
vt 0.976643 0.058543
vt 0.976652 0.058550
vt 0.976665 0.058552
vt 0.976838 0.058552
vt 0.976851 0.058550
vt 0.976860 0.058543
vt 0.976863 0.058533
vt 0.976863 0.058402
vt 0.976860 0.058392
vt 0.976851 0.058385
vt 0.976838 0.058382
vt 0.976863 0.058533
vt 0.976863 0.058402
vt 0.976838 0.058382
vt 0.976665 0.058382
vt 0.976665 0.058552
vt 0.976838 0.058552
vt 0.976652 0.058385
vt 0.976643 0.058392
vt 0.976640 0.058402
vt 0.976652 0.058550
vt 0.976643 0.058543
vt 0.976640 0.058533
vt 0.976860 0.058543
vt 0.976851 0.058550
vt 0.976851 0.058385
vt 0.976860 0.058392
vt 0.975642 0.058386
vt 0.975629 0.058389
vt 0.975620 0.058396
vt 0.975617 0.058405
vt 0.975617 0.058534
vt 0.975620 0.058543
vt 0.975629 0.058550
vt 0.975642 0.058553
vt 0.976564 0.058553
vt 0.976576 0.058550
vt 0.976585 0.058543
vt 0.976589 0.058534
vt 0.976589 0.058405
vt 0.976585 0.058396
vt 0.976576 0.058389
vt 0.976564 0.058386
vt 0.976589 0.058534
vt 0.976589 0.058405
vt 0.976564 0.058386
vt 0.975642 0.058386
vt 0.975642 0.058553
vt 0.976564 0.058553
vt 0.975629 0.058389
vt 0.975620 0.058396
vt 0.975617 0.058405
vt 0.975629 0.058550
vt 0.975620 0.058543
vt 0.975617 0.058534
vt 0.976585 0.058543
vt 0.976576 0.058550
vt 0.976576 0.058389
vt 0.976585 0.058396
vt 0.975362 0.058378
vt 0.975350 0.058381
vt 0.975341 0.058388
vt 0.975337 0.058397
vt 0.975337 0.058527
vt 0.975341 0.058537
vt 0.975350 0.058544
vt 0.975362 0.058547
vt 0.975533 0.058547
vt 0.975545 0.058544
vt 0.975554 0.058537
vt 0.975558 0.058527
vt 0.975558 0.058397
vt 0.975554 0.058388
vt 0.975545 0.058381
vt 0.975533 0.058378
vt 0.975558 0.058527
vt 0.975558 0.058397
vt 0.975533 0.058378
vt 0.975362 0.058378
vt 0.975362 0.058547
vt 0.975533 0.058547
vt 0.975350 0.058381
vt 0.975341 0.058388
vt 0.975337 0.058397
vt 0.975350 0.058544
vt 0.975341 0.058537
vt 0.975337 0.058527
vt 0.975554 0.058537
vt 0.975545 0.058544
vt 0.975545 0.058381
vt 0.975554 0.058388
vt 0.975147 0.058375
vt 0.975138 0.058378
vt 0.975131 0.058385
vt 0.975128 0.058394
vt 0.975128 0.058525
vt 0.975131 0.058534
vt 0.975138 0.058541
vt 0.975147 0.058544
vt 0.975277 0.058544
vt 0.975286 0.058541
vt 0.975293 0.058534
vt 0.975296 0.058525
vt 0.975296 0.058394
vt 0.975293 0.058385
vt 0.975286 0.058378
vt 0.975277 0.058375
vt 0.975296 0.058525
vt 0.975296 0.058394
vt 0.975277 0.058375
vt 0.975147 0.058375
vt 0.975147 0.058544
vt 0.975277 0.058544
vt 0.975138 0.058378
vt 0.975131 0.058385
vt 0.975128 0.058394
vt 0.975138 0.058541
vt 0.975131 0.058534
vt 0.975128 0.058525
vt 0.975293 0.058534
vt 0.975286 0.058541
vt 0.975286 0.058378
vt 0.975293 0.058385
vt 0.974942 0.058376
vt 0.974932 0.058378
vt 0.974926 0.058385
vt 0.974923 0.058395
vt 0.974923 0.058524
vt 0.974926 0.058534
vt 0.974932 0.058541
vt 0.974942 0.058543
vt 0.975071 0.058543
vt 0.975080 0.058541
vt 0.975087 0.058534
vt 0.975089 0.058524
vt 0.975089 0.058395
vt 0.975087 0.058385
vt 0.975080 0.058378
vt 0.975071 0.058376
vt 0.975089 0.058524
vt 0.975089 0.058395
vt 0.975071 0.058376
vt 0.974942 0.058376
vt 0.974942 0.058543
vt 0.975071 0.058543
vt 0.974932 0.058378
vt 0.974926 0.058385
vt 0.974923 0.058395
vt 0.974932 0.058541
vt 0.974926 0.058534
vt 0.974923 0.058524
vt 0.975087 0.058534
vt 0.975080 0.058541
vt 0.975080 0.058378
vt 0.975087 0.058385
vt 0.974731 0.058374
vt 0.974721 0.058377
vt 0.974714 0.058384
vt 0.974711 0.058393
vt 0.974711 0.058523
vt 0.974714 0.058533
vt 0.974721 0.058540
vt 0.974731 0.058542
vt 0.974865 0.058542
vt 0.974875 0.058540
vt 0.974882 0.058533
vt 0.974885 0.058523
vt 0.974885 0.058393
vt 0.974882 0.058384
vt 0.974875 0.058377
vt 0.974865 0.058374
vt 0.974885 0.058523
vt 0.974885 0.058393
vt 0.974865 0.058374
vt 0.974731 0.058374
vt 0.974731 0.058542
vt 0.974865 0.058542
vt 0.974721 0.058377
vt 0.974714 0.058384
vt 0.974711 0.058393
vt 0.974721 0.058540
vt 0.974714 0.058533
vt 0.974711 0.058523
vt 0.974882 0.058533
vt 0.974875 0.058540
vt 0.974875 0.058377
vt 0.974882 0.058384
vt 0.974977 0.058576
vt 0.974973 0.058579
vt 0.974970 0.058587
vt 0.974969 0.058599
vt 0.974969 0.058721
vt 0.974970 0.058732
vt 0.974973 0.058741
vt 0.974977 0.058744
vt 0.975130 0.058744
vt 0.975134 0.058741
vt 0.975137 0.058732
vt 0.975138 0.058721
vt 0.975138 0.058599
vt 0.975137 0.058587
vt 0.975134 0.058579
vt 0.975130 0.058576
vt 0.975138 0.058721
vt 0.975138 0.058599
vt 0.975130 0.058576
vt 0.974977 0.058576
vt 0.974977 0.058744
vt 0.975130 0.058744
vt 0.974973 0.058579
vt 0.974970 0.058587
vt 0.974969 0.058599
vt 0.974973 0.058741
vt 0.974970 0.058732
vt 0.974969 0.058721
vt 0.975137 0.058732
vt 0.975134 0.058741
vt 0.975134 0.058579
vt 0.975137 0.058587
vt 0.974631 0.059170
vt 0.974626 0.059412
vt 0.974626 0.064182
vt 0.974630 0.064549
vt 0.974640 0.064839
vt 0.974655 0.065071
vt 0.974673 0.065129
vt 0.982085 0.065129
vt 0.982113 0.065149
vt 0.982129 0.064994
vt 0.982138 0.064743
vt 0.982143 0.064375
vt 0.982145 0.063892
vt 0.982146 0.059464
vt 0.982141 0.059096
vt 0.982130 0.058845
vt 0.982120 0.058710
vt 0.982093 0.058700
vt 0.974749 0.058700
vt 0.974666 0.058700
vt 0.974653 0.058768
vt 0.974642 0.058915
vt 0.974631 0.059170
vt 0.974642 0.058915
vt 0.974653 0.058768
vt 0.974666 0.058700
vt 0.974749 0.058700
vt 0.982093 0.058700
vt 0.982120 0.058710
vt 0.982130 0.058845
vt 0.982141 0.059096
vt 0.982146 0.059464
vt 0.982145 0.063892
vt 0.982143 0.064375
vt 0.982138 0.064743
vt 0.982129 0.064994
vt 0.982113 0.065149
vt 0.982085 0.065129
vt 0.974673 0.065129
vt 0.974655 0.065071
vt 0.974640 0.064839
vt 0.974630 0.064549
vt 0.974626 0.064182
vt 0.974626 0.059412
vt 0.940955 0.063864
vt 0.940685 0.063864
vt 0.940685 0.063864
vt 0.940955 0.063864
vt 0.941224 0.063864
vt 0.941350 0.063834
vt 0.941350 0.063834
vt 0.941224 0.063864
vt 0.940453 0.063748
vt 0.940559 0.063834
vt 0.940559 0.063834
vt 0.940453 0.063748
vt 0.940382 0.063618
vt 0.940357 0.063466
vt 0.940357 0.063466
vt 0.940382 0.063618
vt 0.940357 0.063466
vt 0.940357 0.063466
vt 0.940453 0.062785
vt 0.940382 0.062915
vt 0.940382 0.062915
vt 0.940453 0.062785
vt 0.940357 0.063067
vt 0.940382 0.062915
vt 0.940357 0.063067
vt 0.941553 0.063466
vt 0.941553 0.063067
vt 0.941553 0.063067
vt 0.941553 0.063466
vt 0.940357 0.061074
vt 0.940357 0.063067
vt 0.940357 0.060676
vt 0.940357 0.063067
vt 0.940357 0.063067
vt 0.941224 0.062669
vt 0.941350 0.062699
vt 0.941350 0.062699
vt 0.941224 0.062669
vt 0.941528 0.062915
vt 0.941457 0.062785
vt 0.941457 0.062785
vt 0.941528 0.062915
vt 0.940955 0.063864
vt 0.940685 0.063864
vt 0.941224 0.063864
vt 0.941350 0.063834
vt 0.941457 0.062785
vt 0.940955 0.062669
vt 0.940685 0.062669
vt 0.940685 0.062669
vt 0.940955 0.062669
vt 0.940559 0.062699
vt 0.940559 0.062699
vt 0.941457 0.063748
vt 0.941457 0.063748
vt 0.941528 0.062915
vt 0.940357 0.061074
vt 0.940357 0.063466
vt 0.940357 0.063466
vt 0.941528 0.063618
vt 0.941528 0.063618
vt 0.941553 0.063067
vt 0.941553 0.063067
vt 0.941553 0.063466
vt 0.941553 0.063466
vt 0.941528 0.063618
vt 0.940955 0.062669
vt 0.941224 0.062669
vt 0.941350 0.062699
vt 0.941457 0.063748
vt 0.941553 0.063067
vt 0.940382 0.063618
vt 0.941553 0.063466
vt 0.941553 0.063466
vt 0.941553 0.063067
vt 0.940357 0.060676
vt 0.940453 0.063748
vt 0.940357 0.063067
vt 0.940453 0.062785
vt 0.941350 0.063864
vt 0.941224 0.065060
vt 0.941350 0.065060
vt 0.941553 0.063864
vt 0.941553 0.065060
vt 0.941553 0.063618
vt 0.942748 0.063864
vt 0.942748 0.063618
vt 0.942748 0.063466
vt 0.940559 0.065060
vt 0.940685 0.065060
vt 0.940559 0.063864
vt 0.940357 0.065060
vt 0.940357 0.063864
vt 0.939161 0.063618
vt 0.939161 0.063864
vt 0.939161 0.063466
vt 0.941350 0.061473
vt 0.941224 0.061473
vt 0.941553 0.061473
vt 0.941553 0.062669
vt 0.942748 0.062915
vt 0.942748 0.062669
vt 0.941553 0.062915
vt 0.942748 0.063067
vt 0.940559 0.062669
vt 0.940685 0.062669
vt 0.940685 0.061473
vt 0.940559 0.061473
vt 0.940357 0.062669
vt 0.940357 0.061473
vt 0.939161 0.062669
vt 0.939161 0.062915
vt 0.939161 0.063067
vt 0.940955 0.061473
vt 0.939161 0.063067
vt 0.939161 0.063466
vt 0.940955 0.065060
vt 0.942748 0.063067
vt 0.942748 0.063466
vt 0.940559 0.063834
vt 0.941224 0.062669
vt 0.941224 0.062669
vt 0.940955 0.062669
vt 0.940955 0.062669
vt 0.941224 0.062669
vt 0.940955 0.062669
vt 0.940955 0.062669
vt 0.941224 0.062669
vt 0.940955 0.063864
vt 0.940685 0.063864
vt 0.940685 0.063864
vt 0.940955 0.063864
vt 0.941224 0.063864
vt 0.941350 0.063834
vt 0.941350 0.063834
vt 0.941224 0.063864
vt 0.940453 0.063748
vt 0.940559 0.063834
vt 0.940559 0.063834
vt 0.940453 0.063748
vt 0.940382 0.063618
vt 0.940357 0.063466
vt 0.940357 0.063466
vt 0.940382 0.063618
vt 0.940357 0.063466
vt 0.940357 0.063466
vt 0.940453 0.062785
vt 0.940382 0.062915
vt 0.940382 0.062915
vt 0.940453 0.062785
vt 0.940357 0.063067
vt 0.940382 0.062915
vt 0.940357 0.063067
vt 0.941553 0.063466
vt 0.941553 0.063067
vt 0.941553 0.063067
vt 0.941553 0.063466
vt 0.940357 0.061074
vt 0.940357 0.063067
vt 0.940357 0.060676
vt 0.940357 0.063067
vt 0.940357 0.063067
vt 0.941224 0.062669
vt 0.941350 0.062699
vt 0.941350 0.062699
vt 0.941224 0.062669
vt 0.941528 0.062915
vt 0.941457 0.062785
vt 0.941457 0.062785
vt 0.941528 0.062915
vt 0.940955 0.063864
vt 0.940685 0.063864
vt 0.941224 0.063864
vt 0.941350 0.063834
vt 0.941457 0.062785
vt 0.940955 0.062669
vt 0.940685 0.062669
vt 0.940685 0.062669
vt 0.940955 0.062669
vt 0.940559 0.062699
vt 0.940559 0.062699
vt 0.941457 0.063748
vt 0.941457 0.063748
vt 0.941528 0.062915
vt 0.940357 0.061074
vt 0.940357 0.063466
vt 0.940357 0.063466
vt 0.941528 0.063618
vt 0.941528 0.063618
vt 0.941553 0.063067
vt 0.941553 0.063067
vt 0.941553 0.063466
vt 0.941553 0.063466
vt 0.941528 0.063618
vt 0.940955 0.062669
vt 0.941224 0.062669
vt 0.941350 0.062699
vt 0.941457 0.063748
vt 0.941553 0.063067
vt 0.940382 0.063618
vt 0.941553 0.063466
vt 0.941553 0.063466
vt 0.941553 0.063067
vt 0.940357 0.060676
vt 0.940453 0.063748
vt 0.940357 0.063067
vt 0.940453 0.062785
vt 0.941350 0.063864
vt 0.941350 0.065060
vt 0.941224 0.065060
vt 0.941553 0.063864
vt 0.941553 0.065060
vt 0.941553 0.063618
vt 0.942748 0.063864
vt 0.942748 0.063618
vt 0.942748 0.063466
vt 0.940559 0.065060
vt 0.940559 0.063864
vt 0.940685 0.065060
vt 0.940357 0.065060
vt 0.940357 0.063864
vt 0.939161 0.063618
vt 0.939161 0.063864
vt 0.939161 0.063466
vt 0.941350 0.061473
vt 0.941224 0.061473
vt 0.941553 0.061473
vt 0.941553 0.062669
vt 0.942748 0.062915
vt 0.942748 0.062669
vt 0.941553 0.062915
vt 0.942748 0.063067
vt 0.940559 0.062669
vt 0.940685 0.062669
vt 0.940685 0.061473
vt 0.940559 0.061473
vt 0.940357 0.062669
vt 0.940357 0.061473
vt 0.939161 0.062669
vt 0.939161 0.062915
vt 0.939161 0.063067
vt 0.940955 0.061473
vt 0.939161 0.063067
vt 0.939161 0.063466
vt 0.940955 0.065060
vt 0.942748 0.063067
vt 0.942748 0.063466
vt 0.940559 0.063834
vt 0.941224 0.062669
vt 0.941224 0.062669
vt 0.940955 0.062669
vt 0.940955 0.062669
vt 0.941224 0.062669
vt 0.940955 0.062669
vt 0.940955 0.062669
vt 0.941224 0.062669
vt 0.940955 0.063864
vt 0.940685 0.063864
vt 0.940685 0.063864
vt 0.940955 0.063864
vt 0.941224 0.063864
vt 0.941350 0.063834
vt 0.941350 0.063834
vt 0.941224 0.063864
vt 0.940453 0.063748
vt 0.940559 0.063834
vt 0.940559 0.063834
vt 0.940453 0.063748
vt 0.940382 0.063618
vt 0.940357 0.063466
vt 0.940357 0.063466
vt 0.940382 0.063618
vt 0.940357 0.063466
vt 0.940357 0.063466
vt 0.940453 0.062785
vt 0.940382 0.062915
vt 0.940382 0.062915
vt 0.940453 0.062785
vt 0.940357 0.063067
vt 0.940382 0.062915
vt 0.940357 0.063067
vt 0.941553 0.063466
vt 0.941553 0.063067
vt 0.941553 0.063067
vt 0.941553 0.063466
vt 0.940357 0.061074
vt 0.940357 0.063067
vt 0.940357 0.060676
vt 0.940357 0.063067
vt 0.940357 0.063067
vt 0.941224 0.062669
vt 0.941350 0.062699
vt 0.941350 0.062699
vt 0.941224 0.062669
vt 0.941528 0.062915
vt 0.941457 0.062785
vt 0.941457 0.062785
vt 0.941528 0.062915
vt 0.940955 0.063864
vt 0.940685 0.063864
vt 0.941224 0.063864
vt 0.941350 0.063834
vt 0.941457 0.062785
vt 0.940955 0.062669
vt 0.940685 0.062669
vt 0.940685 0.062669
vt 0.940955 0.062669
vt 0.940559 0.062699
vt 0.940559 0.062699
vt 0.941457 0.063748
vt 0.941457 0.063748
vt 0.941528 0.062915
vt 0.940357 0.061074
vt 0.940357 0.063466
vt 0.940357 0.063466
vt 0.941528 0.063618
vt 0.941528 0.063618
vt 0.941553 0.063067
vt 0.941553 0.063067
vt 0.941553 0.063466
vt 0.941553 0.063466
vt 0.941528 0.063618
vt 0.940955 0.062669
vt 0.941224 0.062669
vt 0.941350 0.062699
vt 0.941457 0.063748
vt 0.941553 0.063067
vt 0.940382 0.063618
vt 0.941553 0.063466
vt 0.941553 0.063466
vt 0.941553 0.063067
vt 0.940357 0.060676
vt 0.940453 0.063748
vt 0.940357 0.063067
vt 0.940453 0.062785
vt 0.941350 0.063864
vt 0.941350 0.065060
vt 0.941224 0.065060
vt 0.941553 0.063864
vt 0.941553 0.065060
vt 0.941553 0.063618
vt 0.942748 0.063618
vt 0.942748 0.063864
vt 0.942748 0.063466
vt 0.940559 0.065060
vt 0.940559 0.063864
vt 0.940685 0.065060
vt 0.940357 0.065060
vt 0.940357 0.063864
vt 0.939161 0.063618
vt 0.939161 0.063864
vt 0.939161 0.063466
vt 0.941350 0.061473
vt 0.941224 0.061473
vt 0.941553 0.061473
vt 0.941553 0.062669
vt 0.942748 0.062915
vt 0.941553 0.062915
vt 0.942748 0.062669
vt 0.942748 0.063067
vt 0.940559 0.062669
vt 0.940559 0.061473
vt 0.940685 0.061473
vt 0.940685 0.062669
vt 0.940357 0.062669
vt 0.940357 0.061473
vt 0.939161 0.062915
vt 0.939161 0.062669
vt 0.939161 0.063067
vt 0.940955 0.061473
vt 0.939161 0.063067
vt 0.939161 0.063466
vt 0.940955 0.065060
vt 0.942748 0.063067
vt 0.942748 0.063466
vt 0.940559 0.063834
vt 0.941224 0.062669
vt 0.941224 0.062669
vt 0.940955 0.062669
vt 0.940955 0.062669
vt 0.941224 0.062669
vt 0.940955 0.062669
vt 0.940955 0.062669
vt 0.941224 0.062669
vt 0.940955 0.063864
vt 0.940685 0.063864
vt 0.940685 0.063864
vt 0.940955 0.063864
vt 0.941224 0.063864
vt 0.941350 0.063834
vt 0.941350 0.063834
vt 0.941224 0.063864
vt 0.940453 0.063748
vt 0.940559 0.063834
vt 0.940559 0.063834
vt 0.940453 0.063748
vt 0.940382 0.063618
vt 0.940357 0.063466
vt 0.940357 0.063466
vt 0.940382 0.063618
vt 0.940357 0.063466
vt 0.940357 0.063466
vt 0.940453 0.062785
vt 0.940382 0.062915
vt 0.940382 0.062915
vt 0.940453 0.062785
vt 0.940357 0.063067
vt 0.940382 0.062915
vt 0.940357 0.063067
vt 0.941553 0.063466
vt 0.941553 0.063067
vt 0.941553 0.063067
vt 0.941553 0.063466
vt 0.940357 0.061074
vt 0.940357 0.063067
vt 0.940357 0.060676
vt 0.940357 0.063067
vt 0.940357 0.063067
vt 0.941224 0.062669
vt 0.941350 0.062699
vt 0.941350 0.062699
vt 0.941224 0.062669
vt 0.941528 0.062915
vt 0.941457 0.062785
vt 0.941457 0.062785
vt 0.941528 0.062915
vt 0.940955 0.063864
vt 0.940685 0.063864
vt 0.941224 0.063864
vt 0.941350 0.063834
vt 0.941457 0.062785
vt 0.940955 0.062669
vt 0.940685 0.062669
vt 0.940685 0.062669
vt 0.940955 0.062669
vt 0.940559 0.062699
vt 0.940559 0.062699
vt 0.941457 0.063748
vt 0.941457 0.063748
vt 0.941528 0.062915
vt 0.940357 0.061074
vt 0.940357 0.063466
vt 0.940357 0.063466
vt 0.941528 0.063618
vt 0.941528 0.063618
vt 0.941553 0.063067
vt 0.941553 0.063067
vt 0.941553 0.063466
vt 0.941553 0.063466
vt 0.941528 0.063618
vt 0.940955 0.062669
vt 0.941224 0.062669
vt 0.941350 0.062699
vt 0.941457 0.063748
vt 0.941553 0.063067
vt 0.940382 0.063618
vt 0.941553 0.063466
vt 0.941553 0.063466
vt 0.941553 0.063067
vt 0.940357 0.060676
vt 0.940453 0.063748
vt 0.940357 0.063067
vt 0.940453 0.062785
vt 0.941350 0.063864
vt 0.941350 0.065060
vt 0.941224 0.065060
vt 0.941553 0.063864
vt 0.941553 0.065060
vt 0.941553 0.063618
vt 0.942748 0.063618
vt 0.942748 0.063864
vt 0.942748 0.063466
vt 0.940559 0.065060
vt 0.940559 0.063864
vt 0.940685 0.065060
vt 0.940357 0.065060
vt 0.940357 0.063864
vt 0.939161 0.063618
vt 0.939161 0.063864
vt 0.939161 0.063466
vt 0.941350 0.061473
vt 0.941224 0.061473
vt 0.941553 0.061473
vt 0.941553 0.062669
vt 0.942748 0.062915
vt 0.941553 0.062915
vt 0.942748 0.062669
vt 0.942748 0.063067
vt 0.940559 0.062669
vt 0.940559 0.061473
vt 0.940685 0.061473
vt 0.940685 0.062669
vt 0.940357 0.062669
vt 0.940357 0.061473
vt 0.939161 0.062915
vt 0.939161 0.062669
vt 0.939161 0.063067
vt 0.940955 0.061473
vt 0.939161 0.063067
vt 0.939161 0.063466
vt 0.940955 0.065060
vt 0.942748 0.063067
vt 0.942748 0.063466
vt 0.940559 0.063834
vt 0.941224 0.062669
vt 0.941224 0.062669
vt 0.940955 0.062669
vt 0.940955 0.062669
vt 0.941224 0.062669
vt 0.940955 0.062669
vt 0.940955 0.062669
vt 0.941224 0.062669
vt 0.999916 0.970434
vt 0.999916 1.003217
vt 0.961539 1.003217
vt 0.038460 1.003217
vt 0.000084 1.003217
vt 0.000084 0.970435
vt 0.000084 0.044166
vt 0.000084 0.000084
vt 0.038460 0.000084
vt 0.961539 0.000084
vt 0.999915 0.000084
vt 0.999915 0.044167
vn 0.0000 0.9963 0.0865
vn 0.0000 0.9962 0.0867
vn 0.0000 0.9963 0.0864
vn -0.6738 0.7362 0.0639
vn -0.6737 0.7362 0.0638
vn -1.0000 0.0000 0.0000
vn 0.0000 0.0865 -0.9962
vn 0.0000 0.0866 -0.9962
vn 0.6736 0.7363 0.0639
vn 0.6735 0.7364 0.0638
vn -0.6739 -0.7360 -0.0637
vn -0.6737 -0.7362 -0.0640
vn -0.6739 -0.7360 -0.0638
vn 0.0000 -0.9962 -0.0871
vn 0.0000 -0.9962 -0.0870
vn -0.0000 -0.9962 -0.0868
vn -0.0000 -0.9962 -0.0869
vn -0.0000 -0.9962 -0.0873
vn 1.0000 -0.0000 0.0000
vn 0.0000 -0.9963 -0.0862
vn 0.0000 -0.9962 -0.0867
vn 0.6737 -0.7362 -0.0638
vn 0.6735 -0.7364 -0.0638
vn -0.1438 0.9859 0.0856
vn -0.1438 0.9859 0.0855
vn -0.3531 0.9321 0.0809
vn -0.3530 0.9321 0.0811
vn -0.5514 0.8311 0.0721
vn -0.5514 0.8312 0.0720
vn -0.9851 0.1715 0.0149
vn -0.9105 0.4119 0.0357
vn -0.9105 0.4119 0.0358
vn -0.7827 0.6201 0.0537
vn -0.7823 0.6205 0.0539
vn 0.5515 0.8310 0.0721
vn 0.5515 0.8311 0.0719
vn 0.3531 0.9321 0.0809
vn 0.3531 0.9321 0.0808
vn 0.1438 0.9859 0.0856
vn 0.1438 0.9859 0.0855
vn -0.7823 -0.6206 -0.0539
vn -0.7823 -0.6205 -0.0539
vn -0.7826 -0.6202 -0.0541
vn -0.9104 -0.4122 -0.0361
vn -0.9105 -0.4119 -0.0358
vn -0.9851 -0.1715 -0.0148
vn -0.9851 -0.1715 -0.0149
vn 0.9851 0.1715 0.0149
vn 0.9104 0.4122 0.0358
vn 0.9104 0.4122 0.0357
vn 0.7825 0.6203 0.0539
vn 0.7825 0.6203 0.0538
vn -0.1436 -0.9859 -0.0860
vn -0.1437 -0.9859 -0.0858
vn -0.3532 -0.9321 -0.0809
vn -0.3532 -0.9320 -0.0811
vn -0.5512 -0.8312 -0.0722
vn -0.5513 -0.8312 -0.0723
vn 0.1437 -0.9859 -0.0858
vn 0.1436 -0.9859 -0.0860
vn 0.3532 -0.9320 -0.0811
vn 0.3532 -0.9321 -0.0809
vn 0.5515 -0.8310 -0.0723
vn 0.5514 -0.8311 -0.0725
vn 0.9851 -0.1715 -0.0148
vn 0.9851 -0.1715 -0.0149
vn 0.9104 -0.4122 -0.0358
vn 0.7825 -0.6203 -0.0538
vn 0.0000 0.0275 0.9996
vn -0.6739 0.7361 0.0640
vn -0.0892 -0.0862 0.9923
vn 0.0000 -0.0865 0.9962
vn 0.0000 -0.0865 0.9963
vn 0.0477 -0.0254 0.9985
vn 0.0000 -0.0866 0.9962
vn 0.0000 -0.1708 0.9853
vn 0.0892 -0.0862 0.9923
vn 0.6737 0.7363 0.0638
vn -0.6737 -0.7363 -0.0640
vn -0.6737 -0.7362 -0.0641
vn -0.6739 -0.7360 -0.0640
vn -0.0469 -0.1309 0.9903
vn 0.0469 -0.1309 0.9903
vn 0.6737 -0.7362 -0.0641
vn -0.5514 0.8311 0.0723
vn -0.5514 0.8311 0.0725
vn -0.3531 0.9321 0.0810
vn -0.3531 0.9321 0.0811
vn -0.1438 0.9859 0.0853
vn -0.1437 0.9859 0.0857
vn -0.1438 0.9859 0.0857
vn -0.7823 0.6205 0.0540
vn -0.7826 0.6201 0.0539
vn -0.9105 0.4120 0.0358
vn -0.9851 0.1715 0.0148
vn 0.5515 0.8310 0.0723
vn 0.3530 0.9322 0.0806
vn 0.3531 0.9321 0.0810
vn 0.1438 0.9859 0.0853
vn 0.1438 0.9859 0.0857
vn -0.7823 -0.6205 -0.0540
vn -0.7826 -0.6202 -0.0538
vn -0.9105 -0.4120 -0.0358
vn -0.9851 -0.1714 -0.0149
vn 0.9851 0.1715 0.0148
vn 0.7825 0.6203 0.0540
vn -0.1438 -0.9859 -0.0856
vn -0.3531 -0.9320 -0.0811
vn -0.3531 -0.9320 -0.0819
vn -0.3531 -0.9320 -0.0816
vn -0.5514 -0.8311 -0.0723
vn 0.5515 -0.8310 -0.0722
vn 0.5516 -0.8310 -0.0722
vn 0.3531 -0.9320 -0.0811
vn 0.3531 -0.9320 -0.0820
vn 0.1438 -0.9859 -0.0856
vn 0.7825 -0.6203 -0.0540
vn 0.9104 -0.4123 -0.0359
vn 0.9851 -0.1714 -0.0149
vn -0.0477 -0.0254 0.9985
vn 0.9851 -0.1714 -0.0150
vn 0.7825 -0.6203 -0.0541
vn 0.9104 0.4123 0.0358
vn 0.9851 0.1714 0.0148
vn 0.1437 0.9859 0.0857
vn 0.3531 0.9321 0.0806
vn 0.5515 0.8310 0.0724
vn -0.7824 0.6205 0.0541
vn 0.0000 -0.9963 -0.0864
vn 0.6737 -0.7362 -0.0643
vn 0.0000 -0.9963 -0.0861
vn 0.6738 0.7362 0.0639
vn 0.0000 0.9962 0.0868
vn 0.0000 0.9963 0.0862
vn -0.6739 0.7360 0.0641
vn -0.0000 0.9963 0.0861
vn 0.4251 -0.9020 -0.0756
vn -0.9296 -0.3673 -0.0311
vn -0.8760 0.4806 0.0402
vn -0.9295 0.3674 0.0310
vn 0.6368 -0.7684 -0.0637
vn 0.9685 -0.2481 -0.0205
vn 0.8084 0.5866 0.0487
vn -0.4253 0.9019 0.0752
vn 0.1874 -0.9790 -0.0802
vn 0.8759 -0.4809 -0.0403
vn 0.6368 0.7684 0.0636
vn -0.6368 0.7683 0.0653
vn -0.0628 -0.9945 -0.0834
vn -0.8086 -0.5863 -0.0488
vn 0.4250 0.9021 0.0741
vn -0.1871 0.9789 0.0822
vn -0.3085 -0.9479 -0.0794
vn -0.6367 -0.7684 -0.0640
vn -0.5352 0.8418 0.0708
vn 0.0628 0.9945 0.0841
vn -0.5353 -0.8417 -0.0705
vn -0.4252 -0.9019 -0.0757
vn -0.7284 0.6827 0.0577
vn 0.3084 0.9479 0.0803
vn -0.7284 -0.6827 -0.0579
vn -0.0000 0.0833 -0.9965
vn -0.0000 0.0835 -0.9965
vn 0.0001 0.0835 -0.9965
vn -0.0002 0.0836 -0.9965
vn 0.0002 0.0833 -0.9965
vn 0.0001 0.0834 -0.9965
vn 0.0000 0.0836 -0.9965
vn -0.0001 0.0834 -0.9965
vn -0.0001 0.0833 -0.9965
vn -0.0002 0.0834 -0.9965
vn 0.0003 0.0834 -0.9965
vn 0.0003 0.0833 -0.9965
vn 0.0002 0.0834 -0.9965
vn -0.0001 0.0835 -0.9965
vn -0.0000 0.0834 -0.9965
vn 0.0002 0.0832 -0.9965
vn 0.0003 0.0829 -0.9966
vn -0.8086 0.5863 0.0484
vn -0.9684 0.2484 0.0211
vn 0.9294 -0.3677 -0.0304
vn 0.9294 0.3677 0.0303
vn -0.9921 -0.1250 -0.0106
vn 0.8086 -0.5863 -0.0485
vn -0.9921 0.1253 0.0106
vn 0.3086 -0.9480 -0.0784
vn 0.9921 0.1250 0.0106
vn 0.9686 0.2476 0.0205
vn 0.0627 -0.9945 -0.0834
vn 0.9921 -0.1252 -0.0104
vn 0.8759 0.4808 0.0406
vn -0.3086 0.9478 0.0798
vn -0.1871 -0.9789 -0.0824
vn -0.9684 -0.2484 -0.0210
vn 0.7284 0.6828 0.0569
vn -0.0626 0.9945 0.0843
vn 0.7282 -0.6829 -0.0579
vn -0.8760 -0.4807 -0.0402
vn 0.5351 0.8419 0.0700
vn 0.1870 0.9789 0.0824
vn 0.5352 -0.8418 -0.0703
vn 0.0001 0.0833 -0.9965
vn -0.0000 0.0830 -0.9965
vn -0.0001 0.0836 -0.9965
vn -0.0001 0.0837 -0.9965
vn -0.0001 0.0832 -0.9965
vn 0.0002 0.0835 -0.9965
vn -0.0002 0.0835 -0.9965
vn 0.0001 0.0836 -0.9965
vn -0.0180 0.1384 -0.9902
vn -0.0037 0.1412 -0.9900
vn 0.0108 0.1403 -0.9901
vn -0.0420 0.1229 -0.9915
vn -0.0315 0.1326 -0.9907
vn 0.0246 0.1356 -0.9905
vn 0.0370 0.1275 -0.9911
vn 0.0506 0.1111 -0.9925
vn 0.0471 0.1172 -0.9920
vn 0.0506 0.1112 -0.9925
vn -0.0506 0.1114 -0.9925
vn -0.0568 0.0977 -0.9936
vn -0.0564 0.0980 -0.9936
vn 0.0540 0.1055 -0.9929
vn -0.0582 0.0833 -0.9948
vn 0.0579 0.0904 -0.9942
vn 0.0582 0.0760 -0.9954
vn -0.0568 0.0688 -0.9960
vn -0.0514 0.0555 -0.9971
vn -0.0429 0.0426 -0.9982
vn -0.0318 0.0338 -0.9989
vn -0.0180 0.0276 -0.9995
vn -0.0038 0.0244 -0.9997
vn 0.0112 0.0253 -0.9996
vn 0.0371 0.0380 -0.9986
vn 0.0251 0.0297 -0.9992
vn 0.0545 0.0617 -0.9966
vn 0.0481 0.0487 -0.9977
vn 0.0000 -1.0000 0.0000
vn 0.0000 0.9915 -0.1305
vn 0.0000 0.0000 1.0000
vn -0.1907 0.6861 -0.7020
vn -0.2539 -0.7945 -0.5516
vn -0.1909 0.6865 0.7016
vn -0.1748 -0.5462 0.8192
vn 0.1909 0.6866 -0.7016
vn 0.2539 -0.7945 -0.5517
vn 0.1909 0.6866 0.7016
vn 0.1747 -0.5461 0.8193
vn 0.1744 -0.5456 0.8197
vn -0.2629 0.0000 -0.9648
vn -0.2844 -0.9506 0.1246
vn -0.2629 0.0000 0.9648
vn -0.2679 0.9635 0.0000
vn 0.0000 -0.5543 0.8323
vn 0.2629 0.0000 0.9648
vn 0.0000 0.7000 0.7142
vn 0.2844 -0.9506 0.1246
vn 0.2629 0.0000 -0.9648
vn 0.2679 0.9635 0.0000
vn 0.0000 -0.8216 -0.5701
vn -0.0000 0.6995 -0.7146
vn -0.5535 0.0000 0.8329
vn 0.5535 0.0000 0.8329
vn -0.5536 0.0000 -0.8328
vn 0.5537 0.0000 -0.8327
vn 0.0000 0.0000 -1.0000
vn 0.0000 0.9952 -0.0978
vn -0.0000 0.8819 -0.4715
vn 0.0000 0.7732 -0.6341
vn 0.0000 -0.9952 0.0979
vn 0.0000 0.9570 0.2902
vn 0.0000 0.9952 0.0979
vn 0.0000 0.7732 0.6341
vn 0.0000 -0.0977 0.9952
vn 0.0000 -0.0977 -0.9952
vn 0.0000 -0.8822 0.4708
vn 0.0000 0.0978 -0.9952
vn -0.0000 -0.2903 0.9569
vn 0.0000 0.6341 0.7732
vn -0.0000 -0.4713 -0.8820
vn -0.0000 0.4713 0.8820
vn 0.0000 0.6341 -0.7732
vn 0.0000 -0.6341 0.7732
vn -0.0000 -0.9568 0.2906
vn 0.0000 0.4713 -0.8820
vn 0.0000 -0.6341 -0.7732
vn 0.0000 -0.8822 -0.4708
vn 0.0000 0.8819 0.4714
vn 0.0000 0.0978 0.9952
vn 0.0000 -0.9952 -0.0978
vn 0.0000 0.9570 -0.2902
vn 0.0000 -0.2903 -0.9569
vn 0.0000 -0.4713 0.8820
vn -0.0000 0.2905 0.9569
vn -0.0000 -0.9568 -0.2906
vn -0.0000 0.2903 -0.9569
vn 0.0000 -0.7733 0.6341
vn 0.0000 -0.7732 -0.6341
vn 0.0000 -0.9952 0.0978
vn 0.0000 -0.8819 0.4715
vn 0.0000 -0.7732 0.6341
vn 0.0000 0.9952 -0.0979
vn -0.0000 -0.9570 -0.2902
vn 0.0000 -0.9952 -0.0979
vn 0.0000 0.0977 -0.9952
vn 0.0000 0.0977 0.9952
vn 0.0000 0.8822 -0.4708
vn -0.0000 -0.0978 0.9952
vn -0.0000 0.9566 -0.2914
vn 0.0000 0.8822 0.4708
vn 0.0000 -0.8819 -0.4714
vn -0.0000 -0.0978 -0.9952
vn 0.0000 0.9952 0.0978
vn 0.0000 -0.9570 0.2902
vn 0.0000 0.2903 0.9569
vn 0.0000 -0.2905 -0.9569
vn 0.0000 0.9568 0.2906
vn 0.0000 0.7733 -0.6341
vn -0.6217 0.6058 0.4965
vn -0.6273 -0.7750 0.0767
vn -0.6300 -0.2261 -0.7429
vn -0.6277 0.4937 -0.6019
vn -0.6226 -0.3684 0.6904
vn -0.6210 0.4971 0.6060
vn -0.6302 -0.3656 -0.6850
vn -0.6209 0.3697 0.6913
vn -0.6208 0.3694 0.6915
vn -0.6238 -0.4955 0.6044
vn -0.6284 0.3664 -0.6862
vn -0.6304 -0.4923 -0.6002
vn -0.6213 0.2277 0.7497
vn -0.6248 -0.6038 0.4950
vn -0.6292 0.2259 -0.7437
vn -0.6301 -0.6004 -0.4924
vn -0.6214 0.0767 0.7798
vn -0.6216 0.0769 0.7796
vn -0.6218 0.0768 0.7794
vn -0.6244 0.7774 -0.0763
vn -0.6249 -0.6885 0.3680
vn -0.6214 0.0764 0.7797
vn -0.6239 0.7778 0.0763
vn -0.6289 -0.6857 -0.3665
vn -0.6297 0.0757 -0.7731
vn -0.6298 0.0761 -0.7730
vn -0.6299 0.0760 -0.7730
vn -0.6250 0.7469 -0.2270
vn -0.6264 -0.7460 0.2259
vn -0.6265 -0.7457 0.2268
vn -0.6265 -0.7459 0.2261
vn -0.6296 0.0762 -0.7732
vn -0.6226 0.7488 0.2273
vn -0.6233 0.7485 0.2266
vn -0.6227 0.7486 0.2275
vn -0.6264 -0.7461 0.2257
vn -0.6217 -0.0769 0.7795
vn -0.6225 0.7488 0.2277
vn -0.6218 0.6906 0.3695
vn -0.6284 -0.7445 -0.2255
vn -0.6297 -0.0759 -0.7732
vn -0.6261 0.6877 -0.3675
vn -0.0001 -0.9952 0.0981
vn -0.0000 -0.9952 0.0980
vn 0.0000 0.6343 -0.7731
vn 0.0000 -0.4710 0.8821
vn 0.0000 0.6343 0.7731
vn 0.0000 -0.4710 -0.8821
vn 0.0000 -0.6343 0.7731
vn 0.0000 0.4712 -0.8820
vn 0.0000 -0.6343 -0.7731
vn 0.0000 0.9952 -0.0975
vn 0.0000 -0.7731 0.6343
vn 0.0000 0.2904 -0.9569
vn 0.0000 0.9952 0.0974
vn 0.0000 -0.7731 -0.6343
vn 0.0000 0.0982 0.9952
vn 0.0000 0.0980 0.9952
vn 0.0000 0.0979 0.9952
vn 0.0000 0.9570 -0.2901
vn -0.0000 0.9570 -0.2900
vn 0.0000 -0.8817 0.4719
vn 0.0000 0.9569 0.2904
vn 0.0000 0.9569 0.2903
vn 0.0000 0.9570 0.2901
vn 0.0000 -0.8817 -0.4719
vn 0.0000 0.0980 -0.9952
vn 0.0000 0.0979 -0.9952
vn 0.0000 0.0973 -0.9953
vn 0.0000 0.9573 0.2891
vn -0.0000 0.9569 0.2905
vn -0.0000 -0.9572 0.2894
vn -0.0000 -0.9572 0.2893
vn -0.0000 -0.9571 0.2896
vn 0.0000 0.0982 -0.9952
vn 0.0000 0.8817 -0.4718
vn 0.0000 0.8817 -0.4717
vn -0.0000 -0.9570 0.2901
vn 0.0000 -0.9569 0.2904
vn -0.0000 -0.0980 0.9952
vn 0.0000 0.8817 0.4718
vn 0.0000 0.8817 0.4717
vn 0.0000 -0.9569 -0.2903
vn 0.0000 -0.0981 -0.9952
vn -0.0000 -0.0979 -0.9952
vn 0.0000 0.7736 -0.6336
vn -0.0000 0.7732 -0.6342
vn -0.6224 -0.2275 0.7489
vn -0.6278 -0.7746 -0.0761
vn -0.6272 0.6024 -0.4937
vn 0.0000 0.8818 -0.4717
vn 0.0000 0.7736 -0.6337
vn 0.0001 -0.9952 0.0980
vn -0.0000 0.7731 0.6343
vn -0.0000 0.7732 0.6342
vn 0.0000 -0.0976 -0.9952
vn -0.0000 -0.8818 0.4716
vn 0.0000 0.0976 -0.9952
vn 0.0000 0.4712 0.8820
vn 0.0000 -0.6342 0.7731
vn -0.0000 0.4711 -0.8821
vn 0.0000 -0.8818 -0.4716
vn 0.0000 0.8818 0.4717
vn 0.0000 -0.9952 -0.0976
vn 0.0000 -0.9952 -0.0975
vn 0.0000 0.9569 -0.2905
vn -0.0000 -0.9568 -0.2907
vn 0.0000 0.7736 0.6336
vn 0.0000 -0.9952 -0.0980
vn -0.4867 -0.8736 -0.0000
vn 0.0262 0.0000 -0.9997
vn 0.0000 1.0000 0.0000
vn -0.4562 0.8899 0.0000
vn -0.3759 0.9267 0.0000
vn 0.0000 0.8475 -0.5308
vn 0.0000 0.9045 0.4264
vn 0.0000 0.9047 0.4260
vn 0.4864 -0.8737 -0.0000
vn 0.0000 -0.6786 0.7345
vn 0.0000 -0.8219 -0.5696
vn -0.0272 0.0000 -0.9996
vn 0.2562 0.9666 0.0000
vn 0.0000 0.9648 0.2629
vn 0.0000 0.9647 0.2633
vn 0.0000 0.9860 -0.1670
vn 0.0000 0.9648 0.2628
vn 0.0000 0.9045 0.4265
vn -0.0000 0.9647 0.2632
vn 0.0150 -0.8301 -0.5574
vn -0.0000 0.0003 -1.0000
vn -1.0000 0.0001 -0.0000
vn -0.0005 0.0014 -1.0000
vn 0.3482 0.9374 0.0000
vn -0.0000 1.0000 -0.0001
vn -0.0156 -0.8305 -0.5569
vn -0.0000 0.0007 -1.0000
vn -1.0000 -0.0001 -0.0000
vn 0.0000 0.0076 -1.0000
vn -0.0001 0.0049 -1.0000
vn 0.0001 1.0000 0.0001
vn 0.0001 1.0000 -0.0001
vn -0.0010 0.0028 -1.0000
vn -0.1428 0.0000 0.9898
vn -0.4207 0.0000 0.9072
vn -0.6731 0.0000 0.7395
vn -0.8726 0.0000 0.4885
vn -0.9852 0.0000 0.1715
vn -0.9852 0.0000 0.1714
vn -0.1427 0.0000 -0.9898
vn -0.4208 0.0000 -0.9071
vn -0.6732 0.0000 -0.7395
vn -0.8726 0.0000 -0.4884
vn -0.9852 0.0000 -0.1715
vn 0.9852 0.0000 -0.1715
vn 0.8727 0.0000 -0.4883
vn 0.6732 0.0000 -0.7395
vn 0.4208 0.0000 -0.9071
vn 0.1428 0.0000 0.9898
vn 0.4207 0.0000 0.9072
vn 0.6731 0.0000 0.7395
vn 0.8727 0.0000 0.4883
vn 0.8726 0.0000 0.4884
vn 0.9852 0.0000 0.1714
vn 0.9852 0.0000 0.1715
vn -0.4538 -0.8876 0.0790
vn -0.3875 -0.8960 0.2169
vn -0.3146 -0.8841 0.3456
vn -0.2237 -0.8470 0.4823
vn -0.0927 -0.7604 0.6428
vn 0.4536 -0.8877 0.0789
vn 0.3874 -0.8961 0.2168
vn 0.3145 -0.8841 0.3455
vn 0.2236 -0.8471 0.4821
vn 0.0927 -0.7604 0.6428
vn -0.0729 -0.8599 -0.5053
vn -0.1835 -0.9000 -0.3955
vn -0.2709 -0.9155 -0.2975
vn -0.3516 -0.9152 -0.1968
vn -0.4378 -0.8958 -0.0762
vn 0.0729 -0.8599 -0.5052
vn 0.1834 -0.9000 -0.3954
vn 0.2708 -0.9155 -0.2974
vn 0.3515 -0.9153 -0.1967
vn 0.4376 -0.8959 -0.0761
vn -0.9852 0.0000 -0.1714
vn 0.9852 0.0000 -0.1714
vn 0.0000 0.0000 0.0000
vn 0.0000 -0.9915 0.1303
vn -0.0000 0.9048 0.4258
vn -0.0000 0.8477 -0.5304
vn -0.0002 1.0000 -0.0004
vn -0.0001 1.0000 -0.0001
vn -0.0001 0.0098 -1.0000
vn -0.0011 0.0063 -1.0000
vn -0.0006 0.0032 -1.0000
vn -0.0000 0.8477 -0.5305
vn -0.0004 1.0000 -0.0002
vn -0.0006 1.0000 -0.0002
vn -0.0006 1.0000 0.0000
vn 0.0000 1.0000 -0.0007
vn -0.0003 1.0000 0.0005
vn 0.1427 0.0000 -0.9898
vn 0.0000 1.0000 0.0002
vn 0.0001 1.0000 -0.0006
vn -0.0001 1.0000 -0.0005
vn 0.0002 1.0000 -0.0004
vn 0.0001 1.0000 -0.0005
vn 0.0003 1.0000 -0.0016
vn 0.0001 1.0000 0.0004
vn 0.0000 0.9047 0.4261
vn 0.0002 1.0000 -0.0017
vn -0.0006 1.0000 0.0006
vn 0.0000 0.0113 -0.9999
vn 0.0000 -0.9892 0.1468
vn 0.0000 -0.9892 -0.1468
vn 0.0000 0.2582 0.9661
vn 0.0000 0.2587 -0.9660
vn 0.0000 -0.8956 0.4448
vn 0.0000 0.6675 -0.7446
vn 0.0000 -0.8956 -0.4448
vn 0.0003 0.6678 0.7443
vn 0.0000 0.6678 0.7444
vn -0.0003 0.6678 0.7443
vn 0.0000 -0.6682 0.7440
vn 0.0000 0.8955 0.4451
vn 0.0000 -0.6682 -0.7440
vn 0.0000 0.8954 -0.4453
vn 0.0000 -0.2578 0.9662
vn 0.0000 0.9892 0.1468
vn 0.0000 -0.2578 -0.9662
vn 0.0000 0.9892 -0.1468
vn -1.0000 0.0002 -0.0000
vn 0.0000 0.2587 0.9660
vn 0.0000 0.2581 -0.9661
vn 0.0000 0.6680 -0.7441
vn 0.0000 -0.8954 -0.4452
vn 0.0000 0.6675 0.7446
vn 0.0000 -0.6676 -0.7446
vn 0.0000 0.8953 0.4456
vn 0.0000 -0.6679 0.7442
vn 0.0000 0.8955 -0.4451
vn 0.0000 -0.2586 0.9660
vn -0.0000 -0.2582 -0.9661
vn 0.0000 0.8869 0.4619
vn 0.0000 0.8869 -0.4619
vn 0.0000 0.9882 0.1531
vn -0.0000 0.2469 0.9690
vn 0.0000 0.2469 -0.9691
vn -0.0000 -0.9881 -0.1538
vn 0.0000 -0.9882 -0.1531
vn 0.0000 0.6508 -0.7592
vn 0.0000 -0.9882 0.1534
vn -0.0000 -0.9881 0.1538
vn 0.0000 0.6508 0.7592
vn 0.0000 0.8867 -0.4623
vn 0.0000 0.9881 -0.1536
vn 0.0000 0.8867 0.4623
vn 0.0000 0.9882 -0.1531
vn -0.0000 0.9882 -0.1533
vn 0.0000 0.9881 0.1536
vn -0.0000 -0.8868 -0.4621
vn 0.0000 -0.8868 0.4621
vn -0.0000 -0.9882 -0.1533
vn 0.0000 -0.9882 -0.1534
vn 0.0000 -0.6508 -0.7592
vn -0.0000 0.9882 -0.1534
vn 0.0000 -0.6508 0.7592
vn 0.0000 -0.9882 0.1531
vn 0.0000 -0.2471 -0.9690
vn 0.0000 -0.2471 0.9690
vn 0.0000 -0.8870 -0.4618
vn 0.0000 0.0006 -1.0000
vn 0.0000 -0.0004 -1.0000
vn 0.0000 -0.8868 0.4622
vn 0.0000 -0.0007 -1.0000
vn 0.0000 -0.6506 -0.7594
vn -0.0000 -0.2469 -0.9691
vn 0.0000 0.2474 0.9689
vn -0.0004 0.2472 0.9690
vn 0.0000 0.2474 -0.9689
vn -0.0000 0.9968 0.0805
vn 0.0000 0.9651 0.2619
vn 0.0000 0.8544 0.5196
vn 0.0000 0.4396 0.8982
vn 0.0000 0.9968 -0.0805
vn 0.0000 0.9651 -0.2619
vn 0.0000 0.8544 -0.5196
vn 0.0000 0.4396 -0.8982
vn -0.1247 0.0000 -0.9922
vn -0.3891 0.0000 -0.9212
vn -0.6867 0.0000 -0.7270
vn -0.9537 0.0000 -0.3007
vn 0.9537 0.0000 -0.3007
vn 0.6867 0.0000 -0.7270
vn 0.3890 -0.0001 -0.9212
vn 0.1243 -0.0001 -0.9922
vn 0.1246 -0.0000 0.9922
vn 0.3888 -0.0000 0.9213
vn 0.6867 0.0000 0.7270
vn 0.9537 0.0000 0.3007
vn -0.9537 0.0000 0.3007
vn -0.6867 0.0000 0.7270
vn -0.3885 -0.0000 0.9214
vn -0.1246 -0.0000 0.9922
vn 0.2721 0.0000 -0.9623
vn 0.7259 0.0000 -0.6878
vn 0.9693 0.0000 -0.2457
vn 0.2721 0.0000 0.9623
vn 0.7261 0.0000 0.6875
vn 0.9692 0.0000 0.2461
vn -0.9692 0.0000 0.2461
vn -0.7261 0.0000 0.6875
vn -0.2721 0.0000 0.9623
vn -0.2721 0.0000 -0.9623
vn -0.7261 0.0000 -0.6875
vn -0.9692 0.0000 -0.2461
vn 0.2722 0.0000 -0.9622
vn 0.9692 0.0000 -0.2461
vn 0.2722 0.0000 0.9622
vn 0.7259 0.0000 0.6878
vn -0.9693 0.0000 0.2457
vn -0.7259 0.0000 0.6878
vn -0.7259 0.0000 -0.6878
vn -0.9693 0.0000 -0.2457
vn -0.2722 0.0000 0.9622
vn -0.2722 0.0000 -0.9622
vn 0.7261 0.0000 -0.6875
vn 0.9693 0.0000 0.2457
vn 0.2725 0.0000 0.9622
vn 0.2726 0.0000 0.9621
vn -0.2725 0.0000 0.9622
vn -0.2726 0.0000 0.9621
vn 0.9693 0.0000 -0.2461
vn 0.7261 0.0000 0.6876
vn 0.9693 0.0000 0.2461
vn 0.2723 0.0000 -0.9622
vn 0.7260 0.0000 -0.6876
vn 0.9693 -0.0000 -0.2460
vn 0.2723 0.0000 0.9622
vn 0.7260 0.0000 0.6877
vn 0.9693 0.0000 0.2460
vn -0.9694 0.0000 0.2457
vn -0.7258 0.0000 0.6879
vn -0.2723 0.0000 0.9622
vn -0.2723 0.0000 -0.9622
vn -0.7258 0.0000 -0.6879
vn -0.9692 -0.0000 -0.2462
vn -0.7260 0.0000 0.6877
vn -0.2722 0.0000 0.9623
vn -0.2722 0.0000 -0.9623
vn -0.7260 0.0000 -0.6876
vn -0.9693 0.0000 0.2460
vn -0.9693 0.0000 -0.2460
vn 0.7260 0.0000 -0.6877
vn -0.7260 0.0000 -0.6877
vn -0.9694 -0.0000 -0.2457
vn 0.2724 0.0000 -0.9622
vn 0.7258 0.0000 -0.6879
vn 0.9694 0.0000 -0.2457
vn 0.2724 0.0000 0.9622
vn 0.7258 0.0000 0.6879
vn 0.9694 0.0000 0.2457
vn -0.2724 0.0000 0.9622
vn -0.2724 0.0000 -0.9622
vn -0.9693 0.0000 0.2461
vn -0.9693 0.0000 -0.2461
vn 0.9692 -0.0000 0.2462
vn 0.7260 0.0000 0.6876
vn -0.9692 0.0000 0.2462
vn -0.7260 0.0000 0.6876
vn 0.2932 0.0000 -0.9561
vn 0.7531 0.0000 -0.6579
vn 0.9737 0.0000 -0.2280
vn 0.2928 0.0000 0.9562
vn 0.7531 0.0000 0.6579
vn 0.9737 0.0000 0.2280
vn -0.9737 0.0000 0.2280
vn -0.7531 0.0000 0.6579
vn -0.2928 0.0000 0.9562
vn -0.2932 0.0000 -0.9561
vn -0.7531 0.0000 -0.6579
vn -0.9737 -0.0000 -0.2280
vn 0.4932 0.0000 -0.8699
vn 0.9040 0.0000 -0.4276
vn 0.9921 0.0000 -0.1257
vn 0.4932 0.0000 0.8699
vn 0.9039 0.0000 0.4277
vn 0.9921 0.0000 0.1257
vn -0.9921 0.0000 0.1257
vn -0.9040 0.0000 0.4276
vn -0.4932 0.0000 0.8699
vn -0.4932 0.0000 -0.8699
vn -0.9040 0.0000 -0.4276
vn -0.9921 0.0000 -0.1257
vn -0.7262 0.0000 -0.6874
vn 0.2719 0.0000 -0.9623
vn 0.7262 0.0000 -0.6874
vn 0.2720 0.0000 -0.9623
vn 0.7262 0.0000 -0.6875
vn -0.2719 0.0000 -0.9623
vn -0.7262 0.0000 -0.6875
vn -0.9898 0.0000 -0.1428
vn -0.8806 0.0000 -0.4739
vn -0.4456 0.0000 -0.8952
vn -0.4453 0.0000 0.8954
vn -0.8806 0.0000 0.4739
vn -0.9898 0.0000 0.1428
vn 0.9898 0.0000 0.1428
vn 0.8805 0.0000 0.4741
vn 0.4455 0.0000 0.8953
vn 0.9898 0.0000 -0.1428
vn 0.8805 0.0000 -0.4741
vn 0.4457 0.0000 -0.8952
vn 0.4456 0.0000 -0.8952
vn 0.8806 0.0000 -0.4739
vn 0.4453 0.0000 0.8954
vn 0.8806 0.0000 0.4739
vn -0.8805 0.0000 0.4741
vn -0.4455 0.0000 0.8953
vn -0.4457 0.0000 -0.8952
vn -0.8805 0.0000 -0.4741
vn 0.9693 0.0000 0.2459
vn -0.9694 0.0000 0.2456
vn 0.2213 0.0000 -0.9752
vn 0.6459 0.0000 -0.7634
vn 0.9534 0.0000 -0.3016
vn 0.2209 -0.0000 0.9753
vn 0.6461 0.0000 0.7632
vn 0.9533 -0.0000 0.3019
vn -0.9535 -0.0000 0.3015
vn -0.6463 0.0000 0.7631
vn -0.2209 -0.0000 0.9753
vn -0.2212 0.0000 -0.9752
vn -0.6461 0.0000 -0.7633
vn -0.9533 0.0000 -0.3019
vn 0.2212 0.0000 -0.9752
vn 0.6461 0.0000 -0.7633
vn 0.9535 -0.0000 -0.3014
vn 0.2212 0.0000 0.9752
vn 0.6461 0.0000 0.7633
vn -0.9533 0.0000 0.3021
vn -0.6461 0.0000 0.7633
vn -0.2212 -0.0000 0.9752
vn 0.9535 -0.0000 -0.3015
vn 0.9535 0.0000 0.3014
vn -0.9535 -0.0000 0.3014
vn 0.5997 0.0000 -0.8002
vn 0.9416 0.0000 -0.3366
vn 0.9955 0.0000 -0.0951
vn 0.5997 -0.0000 0.8002
vn 0.9418 0.0000 0.3362
vn 0.9955 0.0000 0.0951
vn -0.9955 0.0000 0.0951
vn -0.9416 0.0000 0.3366
vn -0.6003 0.0000 0.7998
vn -0.5999 0.0000 -0.8001
vn -0.9416 0.0000 -0.3366
vn -0.9955 0.0000 -0.0951
vn 0.2319 0.0000 -0.9727
vn -1.0000 0.0000 0.0044
vn 0.0325 0.0000 0.9995
vn -0.9968 0.0000 0.0796
vn -0.9536 0.0000 0.3012
vn 0.1484 0.0000 0.9889
vn -0.0164 0.0000 -0.9999
vn -0.7923 0.0000 0.6101
vn 0.5767 0.0000 0.8169
vn -0.5037 0.0000 -0.8639
vn 0.9139 0.0000 -0.4059
vn 0.8059 0.0000 0.5920
vn -0.7350 0.0000 -0.6781
vn 0.7454 0.0000 -0.6666
vn 0.9808 0.0000 0.1950
vn -0.9670 0.0000 -0.2548
vn 0.5427 0.0000 -0.8399
vn 1.0000 0.0000 -0.0001
vn -0.4257 0.0000 0.9049
vn 0.0000 0.2686 0.9632
vn 0.0000 -0.6843 0.7292
vn 0.0000 -0.9030 -0.4297
vn 0.0000 0.9030 -0.4296
vn 0.0000 -0.2689 -0.9632
vn 0.0000 0.9901 0.1402
vn 0.0000 0.2686 -0.9632
vn 0.0000 0.6843 0.7292
vn 0.0000 -0.9030 0.4297
vn 0.0000 0.9901 -0.1402
vn 0.0000 -0.9901 -0.1401
vn 0.0000 -0.2689 0.9632
vn 0.0000 -0.2470 -0.9690
vn 0.0000 -0.6510 -0.7591
vn 0.0000 -0.9881 -0.1535
vn 0.0000 0.2473 -0.9689
vn 0.0000 0.6506 -0.7595
vn 0.0000 0.8866 -0.4625
vn 0.0000 0.9882 -0.1532
vn 0.0000 -0.2470 0.9690
vn 0.0000 -0.6504 0.7596
vn 0.0000 -0.8866 0.4625
vn 0.0000 -0.9882 0.1533
vn 0.0000 0.2473 0.9689
vn 0.0000 0.6504 0.7596
vn 0.0000 0.8866 0.4625
vn 0.0000 0.9882 0.1529
vn 0.0000 -0.6843 -0.7292
vn 0.0000 0.6843 -0.7292
vn 0.0000 0.9030 0.4296
vn 0.0000 -0.9901 0.1401
vn 0.0000 0.2692 0.9631
vn 0.0000 -0.2692 -0.9631
vn -1.0000 0.0003 0.0000
vn 0.0000 -0.2691 0.9631
vn 0.0000 0.6505 0.7595
vn 0.0000 -0.9881 -0.1536
vn 0.0000 -0.2473 0.9689
vn -0.0000 -0.6506 0.7595
vn 0.0000 0.8868 -0.4621
vn 0.0000 0.9882 -0.1530
vn -0.0000 -0.6508 0.7593
vn 0.0000 -0.9881 0.1535
vn 0.0000 0.8868 0.4621
vn 0.0000 0.9882 0.1532
vn 0.6095 -0.6864 0.3968
vn 0.5985 0.7483 -0.2859
vn 1.0000 0.0001 -0.0000
vn 0.0000 0.2470 0.9690
vn 0.0000 0.6510 0.7591
vn -0.0000 -0.6506 0.7594
vn 0.0000 -0.9882 0.1529
vn 0.0000 0.2470 -0.9690
vn 0.0000 0.6510 -0.7591
vn 0.0000 -0.2473 -0.9689
vn 0.0000 -0.8866 -0.4625
vn 0.0000 -0.9882 -0.1529
vn -0.8142 0.5661 0.1291
vn 0.5985 -0.7484 -0.2859
vn -0.7448 -0.3624 -0.5602
vn 0.6093 0.6863 0.3971
vn -0.7448 0.3628 -0.5601
vn -0.8141 -0.5661 0.1291
vn 0.6095 -0.6864 0.3966
vn 0.0000 0.9901 0.1403
vn 0.5987 0.7483 -0.2857
vn -0.0000 0.6509 0.7592
vn 0.0000 0.9883 0.1528
vn 0.0000 -0.6506 -0.7595
vn 0.5986 -0.7483 -0.2857
vn -0.7447 -0.3626 -0.5604
vn 0.6095 0.6864 0.3966
vn -0.8144 -0.5658 0.1293
vn 0.0000 -0.9901 0.1402
vn 0.0007 0.8702 -0.4928
vn -0.5615 0.7200 -0.4078
vn 0.5586 0.7198 -0.4121
usemtl Material.002
s 1
f 1/1/1 2/2/1 3/3/2 4/4/3
f 5/5/4 6/6/5 7/7/5 8/8/4
f 9/9/6 10/10/6 11/11/6 12/12/6
f 2/2/1 13/13/1 14/14/3 3/3/2
f 12/12/7 11/11/8 15/15/8 16/16/8 7/7/8 6/6/8 17/17/8 18/18/8 4/4/8 3/3/8 19/19/7
f 20/20/6 9/9/6 12/12/6 21/21/6
f 13/13/1 22/22/1 23/23/3 14/14/3
f 19/19/7 3/3/8 14/14/8 24/24/8
f 21/21/7 12/12/7 19/19/7 25/25/7
f 26/26/9 27/27/10 28/28/10 29/29/9
f 30/30/6 20/20/6 21/21/6 31/31/6
f 22/22/1 32/32/1 33/33/2 23/23/3
f 24/24/8 14/14/8 23/23/8 34/34/8
f 31/31/7 21/21/7 25/25/7 35/35/7
f 36/36/6 30/30/6 31/31/6 37/37/6
f 38/38/6 36/36/6 37/37/6 39/39/6
f 34/34/8 23/23/8 33/33/8 40/40/7
f 37/37/7 31/31/7 35/35/7 41/41/7
f 42/42/11 43/43/12 44/44/13 45/45/11
f 46/46/14 47/47/15 48/48/16 49/49/16
f 50/50/17 46/46/14 49/49/16 51/51/18
f 52/52/19 53/53/19 54/54/19 55/55/19
f 53/53/19 56/56/19 57/57/19 54/54/19
f 32/32/1 58/58/1 59/59/3 33/33/2
f 60/60/20 50/50/17 51/51/18 61/61/17
f 48/48/7 62/62/7 63/63/7 42/42/7 45/45/7 64/64/7 65/65/7 39/39/7 37/37/7 41/41/7 49/49/7
f 49/49/7 41/41/7 66/66/7 51/51/7
f 56/56/19 67/67/19 68/68/19 57/57/19
f 40/40/7 33/33/8 59/59/8 69/69/8 70/70/8 28/28/8 27/27/8 71/71/8 72/72/8 55/55/8 54/54/7
f 73/73/7 40/40/7 54/54/7 57/57/7
f 74/74/15 75/75/17 76/76/21 77/77/16
f 75/75/17 60/60/20 61/61/17 76/76/21
f 51/51/7 66/66/7 78/78/7 61/61/7
f 67/67/19 79/79/19 80/80/19 68/68/19
f 81/81/7 73/73/7 57/57/7 68/68/7
f 82/82/22 83/83/22 84/84/22 85/85/23
f 61/61/7 78/78/7 86/86/7 76/76/7
f 76/76/7 86/86/7 80/80/7 87/87/7 88/88/7 89/89/7 84/84/7 83/83/7 90/90/7 91/91/7 77/77/7
f 86/86/7 81/81/7 68/68/7 80/80/7
f 79/79/19 92/92/19 87/87/19 80/80/19
f 1/1/24 4/4/25 18/18/25 93/93/24
f 93/93/26 18/18/27 17/17/27 94/94/26
f 94/94/28 17/17/29 6/6/29 5/5/28
f 11/11/30 10/10/30 95/95/30 15/15/30
f 15/15/31 95/95/32 96/96/32 16/16/31
f 16/16/33 96/96/34 8/8/34 7/7/33
f 29/29/35 28/28/36 70/70/36 97/97/35
f 97/97/37 70/70/38 69/69/38 98/98/37
f 98/98/39 69/69/40 59/59/40 58/58/39
f 45/45/41 44/44/42 99/99/43 64/64/41
f 64/64/44 99/99/45 100/100/45 65/65/44
f 65/65/46 100/100/47 38/38/47 39/39/46
f 52/52/48 55/55/48 72/72/48 101/101/48
f 101/101/49 72/72/50 71/71/50 102/102/49
f 102/102/51 71/71/52 27/27/52 26/26/51
f 48/48/53 47/47/54 103/103/54 62/62/53
f 62/62/55 103/103/56 104/104/56 63/63/55
f 63/63/57 104/104/58 43/43/58 42/42/57
f 74/74/59 77/77/60 91/91/60 105/105/59
f 105/105/61 91/91/62 90/90/62 106/106/61
f 106/106/63 90/90/64 83/83/64 82/82/63
f 87/87/65 92/92/66 107/107/66 88/88/65
f 88/88/67 107/107/67 108/108/67 89/89/67
f 89/89/68 108/108/68 85/85/68 84/84/68
f 109/109/2 110/110/2 2/111/1 1/112/1
f 111/113/69 112/114/69 113/115/69 114/116/69
f 115/117/70 5/118/4 8/119/4 116/120/70
f 117/121/71 114/116/71 118/122/71 119/123/71
f 120/124/72 111/113/73 114/116/73 117/121/72
f 121/125/69 122/126/69 112/114/69 111/113/69
f 110/110/2 123/127/2 13/128/1 2/111/1
f 124/129/71 117/121/71 119/123/71 125/130/71
f 126/131/6 127/132/6 9/133/6 20/134/6
f 128/135/72 120/124/72 117/121/72 124/129/72
f 129/136/72 121/125/73 111/113/73 120/124/72
f 130/137/69 131/138/69 122/126/69 121/125/69
f 123/127/2 132/139/2 22/140/1 13/128/1
f 127/132/6 133/141/6 10/142/6 9/133/6
f 131/138/74 130/137/74 134/143/74 135/144/74 136/145/74 137/146/74 138/147/74 139/148/74 140/149/74 141/150/74 142/151/74
f 143/152/71 124/129/71 125/130/71 144/153/71
f 145/154/6 126/131/6 20/134/6 30/155/6
f 146/156/75 128/135/72 124/129/72 143/152/75
f 147/157/72 130/137/73 121/125/73 129/136/72
f 148/158/2 149/159/2 58/160/1 32/161/1
f 132/139/2 148/158/2 32/161/1 22/140/1
f 150/162/6 145/154/6 30/155/6 36/163/6
f 151/164/76 146/156/76 143/152/76 152/165/76
f 153/166/75 154/167/72 128/135/72 146/156/75
f 155/168/72 147/157/72 129/136/72 154/167/72
f 156/169/77 134/143/77 130/137/77 147/157/77
f 157/170/78 26/171/9 29/172/9 158/173/78
f 159/174/79 160/175/80 161/176/80 162/177/81
f 163/178/21 164/179/21 46/180/14 50/181/17
f 165/182/76 153/166/76 146/156/76 151/164/76
f 166/183/75 155/168/72 154/167/72 153/166/75
f 167/184/77 156/169/77 147/157/77 155/168/77
f 168/185/19 169/186/19 56/187/19 53/188/19
f 170/189/6 150/162/6 36/163/6 38/190/6
f 144/153/82 171/191/82 172/192/82 173/193/82 161/176/82 160/175/82 174/194/82 175/195/82 176/196/82 152/165/82 143/152/82
f 177/197/21 163/178/21 50/181/17 60/198/20
f 178/199/76 166/183/76 153/166/76 165/182/76
f 179/200/77 167/184/77 155/168/77 166/183/77
f 169/186/19 180/201/19 67/202/19 56/187/19
f 164/179/21 181/203/21 47/204/15 46/180/14
f 182/205/83 183/206/83 184/207/83 185/208/83 186/209/83 187/210/83 188/211/83 189/212/83 179/200/83 166/183/83 178/199/83
f 190/213/19 168/185/19 53/188/19 52/214/19
f 191/215/21 177/197/21 60/198/20 75/216/17
f 192/217/19 193/218/19 92/219/19 79/220/19
f 180/201/19 192/217/19 79/220/19 67/202/19
f 194/221/84 82/222/22 85/223/23 195/224/84
f 196/225/21 191/215/21 75/216/17 74/226/15
f 115/117/85 197/227/86 198/228/86 199/229/85
f 199/229/87 198/228/88 200/230/88 201/231/87
f 201/231/89 200/230/90 202/232/90 109/109/91
f 116/120/92 8/119/34 96/233/34 203/234/93
f 203/234/94 96/233/32 95/235/32 204/236/94
f 204/236/95 95/235/30 10/142/30 133/141/95
f 158/173/96 29/172/35 97/237/35 205/238/96
f 205/238/97 97/237/37 98/239/37 206/240/98
f 206/240/99 98/239/39 58/160/39 149/159/100
f 162/177/101 161/176/102 173/193/102 207/241/101
f 207/241/103 173/193/103 172/192/103 208/242/103
f 208/242/104 172/192/104 171/191/104 170/189/104
f 190/213/105 52/214/48 101/243/48 209/244/105
f 209/244/49 101/243/49 102/245/49 210/246/49
f 210/246/106 102/245/51 26/171/51 157/170/106
f 181/203/107 176/196/107 175/195/107 211/247/107
f 211/247/108 175/195/109 174/194/109 212/248/110
f 212/248/111 174/194/111 160/175/111 159/174/111
f 194/221/112 185/208/113 184/207/113 213/249/112
f 213/249/114 184/207/115 183/206/115 214/250/114
f 214/250/116 183/206/116 182/205/116 196/225/116
f 195/224/117 85/223/68 108/251/68 215/252/117
f 215/252/118 108/251/67 107/253/67 216/254/118
f 216/254/119 107/253/66 92/219/66 193/218/119
f 113/115/120 202/232/120 200/230/120 198/228/120 197/227/120 217/255/120 218/256/120 219/257/120 220/258/120 118/122/120 114/116/120
f 188/211/121 216/254/119 193/218/119 189/212/121
f 187/210/118 215/252/118 216/254/118 188/211/118
f 186/209/122 195/224/117 215/252/117 187/210/122
f 105/259/59 214/250/116 196/225/116 74/226/59
f 106/260/61 213/249/114 214/250/114 105/259/61
f 82/222/63 194/221/112 213/249/112 106/260/63
f 104/261/58 212/248/111 159/174/111 43/262/58
f 103/263/56 211/247/108 212/248/110 104/261/56
f 47/204/54 181/203/107 211/247/107 103/263/54
f 137/146/106 210/246/106 157/170/106 138/147/106
f 136/145/123 209/244/49 210/246/49 137/146/123
f 135/144/124 190/213/105 209/244/105 136/145/124
f 100/264/47 208/242/104 170/189/104 38/190/47
f 99/265/45 207/241/103 208/242/103 100/264/45
f 44/266/42 162/177/101 207/241/101 99/265/43
f 141/150/125 206/240/99 149/159/100 142/151/125
f 140/149/126 205/238/97 206/240/98 141/150/126
f 139/148/127 158/173/96 205/238/96 140/149/127
f 219/257/95 204/236/95 133/141/95 220/258/95
f 218/256/94 203/234/94 204/236/94 219/257/94
f 217/255/128 116/120/92 203/234/93 218/256/128
f 93/267/24 201/231/89 109/109/91 1/112/24
f 94/268/26 199/229/87 201/231/87 93/267/26
f 5/118/28 115/117/85 199/229/85 94/268/28
f 182/205/16 178/199/129 191/215/21 196/225/21
f 185/208/130 194/221/84 195/224/84 186/209/130
f 167/184/19 179/200/19 192/217/19 180/201/19
f 179/200/19 189/212/19 193/218/19 192/217/19
f 178/199/129 165/182/131 177/197/21 191/215/21
f 135/144/19 134/143/19 168/185/19 190/213/19
f 152/165/17 176/196/16 181/203/21 164/179/21
f 156/169/19 167/184/19 180/201/19 169/186/19
f 165/182/131 151/164/17 163/178/21 177/197/21
f 171/191/6 144/153/6 150/162/6 170/189/6
f 134/143/19 156/169/19 169/186/19 168/185/19
f 151/164/17 152/165/17 164/179/21 163/178/21
f 43/262/12 159/174/79 162/177/81 44/266/13
f 138/147/132 157/170/78 158/173/78 139/148/132
f 144/153/6 125/130/6 145/154/6 150/162/6
f 122/126/133 131/138/133 148/158/2 132/139/2
f 131/138/133 142/151/134 149/159/2 148/158/2
f 125/130/6 119/123/6 126/131/6 145/154/6
f 118/122/6 220/258/6 133/141/6 127/132/6
f 112/114/133 122/126/133 132/139/2 123/127/2
f 119/123/6 118/122/6 127/132/6 126/131/6
f 113/115/133 112/114/133 123/127/2 110/110/2
f 197/227/135 115/117/70 116/120/70 217/255/135
f 202/232/136 113/115/133 110/110/2 109/109/2
f 221/269/137 222/270/137 223/271/137 224/272/137
f 225/273/138 226/274/138 227/275/138 228/276/138
f 229/277/139 230/278/139 231/279/139 232/280/139
f 233/281/140 234/282/140 235/283/140 236/284/140
f 222/270/141 237/285/141 238/286/141 223/271/141
f 239/287/142 240/288/142 241/289/142 242/290/142
f 243/291/143 244/292/143 245/293/143 246/294/143
f 247/295/144 248/296/144 249/297/144 250/298/144
f 251/299/145 221/269/145 224/272/145 252/300/145
f 240/288/146 253/301/146 254/302/146 241/289/146
f 244/292/147 255/303/147 256/304/147 245/293/147
f 257/305/148 247/295/148 250/298/148 258/306/148
f 259/307/149 251/299/149 252/300/149 260/308/149
f 261/309/150 225/273/150 228/276/150 262/310/150
f 255/303/151 263/311/151 264/312/151 256/304/151
f 248/296/152 265/313/152 266/314/152 249/297/152
f 267/315/153 259/307/153 260/308/153 268/316/153
f 269/317/154 261/309/154 262/310/154 270/318/154
f 271/319/155 272/320/155 273/321/155 274/322/155
f 265/313/156 275/323/156 276/324/156 266/314/156
f 277/325/157 267/315/157 268/316/157 278/326/157
f 279/327/158 269/317/158 270/318/158 280/328/158
f 272/320/159 229/277/159 232/280/159 273/321/159
f 275/323/160 281/329/160 282/330/160 276/324/160
f 283/331/161 277/325/161 278/326/161 284/332/161
f 285/333/162 274/322/163 286/334/163 287/335/162
f 288/336/162 285/333/162 287/335/162 289/337/162
f 264/312/164 288/336/162 289/337/162 280/338/164
f 273/321/165 232/280/166 254/339/167 290/340/165
f 274/322/163 273/321/165 290/340/165 286/334/163
f 256/304/168 264/312/164 280/338/164 270/341/168
f 245/293/169 256/304/168 270/341/168 262/342/169
f 246/294/170 245/293/169 262/342/169 228/343/170
f 232/280/166 231/279/169 241/344/169 254/339/167
f 231/279/169 291/345/171 242/346/171 241/344/169
f 292/347/164 246/294/170 228/343/170 227/348/164
f 291/345/171 293/349/167 294/350/169 242/346/171
f 295/351/172 292/347/164 227/348/164 296/352/172
f 297/353/173 295/351/172 296/352/172 236/354/173
f 293/349/167 298/355/172 299/356/172 294/350/169
f 298/355/172 284/332/174 300/357/171 299/356/172
f 284/332/174 278/326/175 301/358/175 300/357/171
f 278/326/175 268/316/163 282/359/163 301/358/175
f 268/316/163 260/308/176 276/360/176 282/359/163
f 260/308/176 252/300/162 266/361/162 276/360/176
f 252/300/162 224/272/177 249/362/177 266/361/162
f 223/271/162 238/286/162 258/363/162 250/364/178
f 224/272/177 223/271/162 250/364/178 249/362/177
f 302/365/168 297/353/173 236/354/173 235/366/168
f 238/286/162 302/365/168 235/366/168 258/363/162
f 234/282/179 257/305/179 258/306/179 235/283/179
f 230/278/180 303/367/180 291/345/180 231/279/180
f 304/368/19 239/287/19 242/290/19 294/369/19
f 305/370/181 306/371/181 297/353/181 302/365/181
f 307/372/182 243/291/182 246/294/182 292/347/182
f 226/274/183 308/373/183 296/374/183 227/275/183
f 237/285/184 305/370/184 302/365/184 238/286/184
f 303/367/6 309/375/6 293/349/6 291/345/6
f 308/373/185 233/281/185 236/284/185 296/374/185
f 310/376/186 311/377/186 287/378/186 286/379/186
f 312/380/187 307/372/187 292/347/187 295/351/187
f 313/381/188 304/368/188 294/369/188 299/382/188
f 311/377/189 314/383/189 289/384/189 287/378/189
f 306/371/190 312/380/190 295/351/190 297/353/190
f 315/385/191 313/381/191 299/382/191 300/386/191
f 316/387/192 271/319/192 274/322/192 285/333/192
f 314/383/193 279/327/193 280/328/193 289/384/193
f 309/375/194 317/388/194 298/355/194 293/349/194
f 318/389/195 315/385/195 300/386/195 301/390/195
f 319/391/196 316/387/196 285/333/196 288/336/196
f 253/301/197 320/392/197 290/393/197 254/302/197
f 317/388/198 283/331/198 284/332/198 298/355/198
f 281/329/199 318/389/199 301/390/199 282/330/199
f 263/311/200 319/391/200 288/336/200 264/312/200
f 320/392/201 310/376/201 286/379/201 290/393/201
f 321/394/176 322/395/176 323/396/176 324/397/176 325/398/176 326/399/176 327/400/176 328/401/176 329/402/176 330/403/176 331/404/176 332/405/176 333/406/176 334/407/176 335/408/176 336/409/176 337/410/176 338/411/176 339/412/176 340/413/176 341/414/176 342/415/176 343/416/176 344/417/176 345/418/176
f 346/419/176 347/420/170 274/421/170 285/422/176
f 348/423/176 346/419/176 285/422/176 288/424/176
f 349/425/175 348/423/176 288/424/176 264/426/175
f 350/427/164 351/428/164 232/429/164 273/430/164
f 347/420/170 350/427/164 273/430/164 274/421/170
f 352/431/163 349/425/175 264/426/175 256/432/163
f 353/433/165 352/431/163 256/432/163 245/434/202
f 354/435/176 353/433/165 245/434/202 246/436/176
f 351/428/164 355/437/203 231/438/203 232/429/164
f 355/437/203 356/439/168 291/440/162 231/438/203
f 357/441/204 354/435/176 246/436/176 292/442/162
f 356/439/168 358/443/205 293/444/205 291/440/162
f 359/445/163 357/441/204 292/442/162 295/446/163
f 360/447/206 359/445/163 295/446/163 297/448/206
f 358/443/205 361/449/163 298/450/163 293/444/205
f 361/449/163 362/451/167 284/452/167 298/450/163
f 362/451/167 363/453/202 278/454/202 284/452/167
f 363/453/202 364/455/175 268/456/175 278/454/202
f 364/455/175 365/457/207 260/458/207 268/456/175
f 365/457/207 366/459/163 252/460/163 260/458/207
f 366/459/163 367/461/208 224/462/208 252/460/163
f 368/463/163 369/464/162 238/465/209 223/466/163
f 367/461/208 368/463/163 223/466/163 224/462/208
f 370/467/176 360/447/206 297/448/206 302/468/176
f 369/464/162 370/467/176 302/468/176 238/465/209
f 323/396/210 322/395/210 347/469/210 346/470/210
f 324/397/211 323/396/211 346/470/211 348/471/211
f 325/398/212 324/397/212 348/471/212 349/472/212
f 321/394/213 345/418/213 351/473/213 350/474/213
f 322/395/214 321/394/214 350/474/214 347/469/214
f 326/399/215 325/398/215 349/472/215 352/475/215
f 327/400/216 326/399/216 352/475/216 353/476/216
f 328/401/217 327/400/218 353/476/218 354/477/219
f 345/418/220 344/417/220 355/478/220 351/473/220
f 344/417/221 343/416/222 356/479/221 355/478/222
f 329/402/223 328/401/217 354/477/219 357/480/223
f 343/416/224 342/415/224 358/481/224 356/479/224
f 330/403/225 329/402/225 357/480/225 359/482/225
f 331/404/226 330/403/226 359/482/226 360/483/226
f 342/415/227 341/414/227 361/484/227 358/481/227
f 341/414/228 340/413/228 362/485/228 361/484/228
f 340/413/229 339/412/229 363/486/229 362/485/229
f 339/412/230 338/411/230 364/487/230 363/486/230
f 338/411/231 337/410/231 365/488/231 364/487/231
f 337/410/232 336/409/232 366/489/232 365/488/232
f 336/409/233 335/408/233 367/490/233 366/489/233
f 334/407/234 333/406/234 369/491/234 368/492/234
f 335/408/235 334/407/235 368/492/235 367/490/235
f 332/405/236 331/404/236 360/483/236 370/493/236
f 333/406/237 332/405/237 370/493/237 369/491/237
f 371/494/238 372/495/238 373/496/238 374/497/238
f 375/498/19 376/499/19 377/500/19 378/501/19
f 379/502/239 380/503/239 381/504/239 382/505/239
f 383/506/240 384/507/240 385/508/240 386/509/240
f 387/510/240 388/511/240 389/512/240 390/513/240
f 385/508/241 391/514/241 371/494/241
f 386/509/242 380/503/242 392/515/242
f 390/513/243 374/497/243 393/516/243
f 381/504/244 387/510/244 394/517/244
f 384/507/245 372/495/245 377/500/245
f 379/502/246 383/506/246 376/499/246
f 378/501/247 373/496/247 389/512/247
f 382/505/248 375/498/249 388/511/248
f 385/508/250 386/509/250 392/515/250 391/514/250
f 380/503/251 381/504/251 394/517/251 392/515/251
f 387/510/252 390/513/252 393/516/252 394/517/252
f 374/497/253 371/494/253 391/514/253 393/516/253
f 381/504/254 382/505/254 388/511/254 387/510/254
f 375/498/255 378/501/255 389/512/255 388/511/255
f 373/496/256 374/497/256 390/513/256 389/512/256
f 382/505/257 379/502/257 376/499/257 375/498/257
f 383/506/258 384/507/258 377/500/258 376/499/258
f 372/495/259 373/496/259 378/501/259 377/500/259
f 379/502/260 380/503/260 386/509/260 383/506/260
f 371/494/261 372/495/261 384/507/261 385/508/261
f 392/515/6 394/517/6 393/516/6 391/514/6
f 395/518/262 396/519/262 397/520/262 398/521/262
f 399/522/263 400/523/263 401/524/263 402/525/263
f 403/526/264 404/527/264 405/528/264 406/529/264
f 407/530/265 408/531/265 409/532/265 410/533/265
f 411/534/240 400/523/240 399/522/240 412/535/240
f 395/518/6 404/527/6 403/526/6 396/519/6
f 409/532/19 408/531/19 402/525/19 401/524/19
f 413/536/266 407/530/266 410/533/266 414/537/266
f 415/538/240 411/534/240 412/535/240 416/539/240
f 417/540/266 413/536/266 414/537/266 418/541/266
f 405/528/266 419/542/266 420/543/266 406/529/266
f 397/520/240 421/544/240 422/545/240 398/521/240
f 423/546/240 415/538/240 416/539/240 424/547/240
f 425/548/266 426/549/266 427/550/266 428/551/266
f 421/544/240 423/546/240 424/547/240 422/545/240
f 419/542/266 425/548/266 428/551/266 420/543/266
f 426/549/266 417/540/266 418/541/266 427/550/266
f 429/552/6 430/553/6 431/554/6 432/555/6 433/556/6 434/557/6 435/558/6 436/559/6 437/560/6 438/561/6 439/562/6 440/563/6 441/564/6 442/565/6 443/566/6 444/567/6 445/568/6 446/569/6 447/570/6 448/571/6 449/572/6 450/573/6 451/574/6 452/575/6 453/576/6 454/577/6 455/578/6 456/579/6 457/580/6 458/581/6 459/582/6 460/583/6
f 461/584/267 437/585/267 436/586/267 462/587/267
f 463/588/268 439/589/268 438/590/268 464/591/268
f 465/592/269 440/593/269 439/589/269 463/588/269
f 466/594/270 453/595/270 452/596/270 467/597/270
f 468/598/271 435/599/271 434/600/271 469/601/271 470/602/271
f 462/587/272 436/586/272 435/599/272 468/598/272
f 471/603/273 433/604/273 432/605/273 472/606/273
f 473/607/274 460/608/274 459/609/274 474/610/274
f 475/611/275 445/612/275 444/613/275 476/614/275
f 477/615/276 455/616/276 454/617/276 478/618/276
f 476/614/277 444/613/277 443/619/277 479/620/277 480/621/277
f 474/610/278 459/609/278 458/622/278 481/623/278
f 472/606/279 432/605/279 431/624/279 482/625/279
f 483/626/280 447/627/280 446/628/280 484/629/280
f 482/625/281 431/624/281 430/630/281 485/631/281
f 486/632/282 441/633/282 440/593/282 465/592/282
f 487/634/283 457/635/283 456/636/283 488/637/283
f 478/618/284 454/617/284 453/595/284 466/594/284 489/638/284
f 490/639/285 442/640/285 441/633/285 486/632/285
f 491/641/286 448/642/286 447/627/286 483/626/286
f 492/643/287 450/644/287 449/645/287 493/646/287
f 469/601/288 434/600/288 433/604/288 471/603/288
f 494/647/289 429/648/289 460/649/289 473/650/289 495/651/289
f 467/597/290 452/596/290 451/652/290 496/653/290
f 464/591/291 438/590/291 437/585/291 461/584/291
f 484/629/292 446/628/292 445/612/292 475/611/292
f 481/623/293 458/622/293 457/635/293 487/634/293
f 485/631/294 430/630/294 429/648/294 494/647/294
f 496/653/295 451/652/295 450/644/295 492/643/295
f 479/620/296 443/619/296 442/640/296 490/639/296
f 488/637/297 456/636/297 455/616/297 477/615/297
f 493/646/298 449/645/298 448/642/298 491/641/298
f 497/654/19 498/655/19 499/656/19 500/657/19 501/658/19 502/659/19 503/660/19 504/661/19 505/662/19 506/663/19 507/664/19 508/665/19 509/666/19 510/667/19 511/668/19 512/669/19 513/670/19 514/671/19 515/672/19 516/673/19 517/674/19 518/675/19 519/676/19 520/677/19 521/678/19 522/679/19 523/680/19 524/681/19 525/682/19 526/683/19 527/684/19 528/685/19
f 529/686/299 530/687/299 522/688/299 521/689/299
f 531/690/300 532/691/300 520/692/300 519/693/300
f 533/694/301 531/690/301 519/693/301 518/695/301
f 534/696/302 535/697/302 506/698/302 505/699/302
f 536/700/303 537/701/303 538/702/303 524/703/303 523/704/303
f 530/687/304 536/700/304 523/704/304 522/688/304
f 539/705/298 540/706/298 526/707/298 525/708/298
f 541/709/305 542/710/305 499/711/305 498/712/305
f 543/713/306 544/714/306 514/715/306 513/716/306
f 545/717/307 546/718/307 504/719/307 503/720/307
f 544/714/308 547/721/308 548/722/308 515/723/308 514/715/308
f 542/710/296 549/724/296 500/725/296 499/711/296
f 540/706/286 550/726/286 527/727/286 526/707/286
f 551/728/281 552/729/281 512/730/281 511/731/281
f 550/726/280 553/732/280 528/733/280 527/727/280
f 554/734/283 533/694/283 518/695/283 517/735/283
f 555/736/282 556/737/282 502/738/282 501/739/282
f 546/718/309 557/740/309 534/696/309 505/699/309 504/719/309
f 558/741/293 554/734/293 517/735/293 516/742/293
f 559/743/279 551/728/279 511/731/279 510/744/279
f 560/745/310 561/746/310 509/747/310 508/748/310
f 538/702/311 539/705/311 525/708/311 524/703/311
f 562/749/312 563/750/312 541/751/312 498/752/312 497/753/312
f 535/697/313 564/754/313 507/755/313 506/698/313
f 532/691/314 529/686/314 521/689/314 520/692/314
f 552/729/315 543/713/315 513/716/315 512/730/315
f 549/724/285 555/736/285 501/739/285 500/725/285
f 553/732/316 562/749/316 497/753/316 528/733/316
f 564/754/317 560/745/317 508/748/317 507/755/317
f 548/722/278 558/741/278 516/742/278 515/723/278
f 556/737/318 545/717/318 503/720/318 502/738/318
f 561/746/273 559/743/273 510/744/273 509/747/273
f 565/756/319 566/757/319 567/758/319 568/759/319
f 569/760/320 570/761/320 571/762/320 572/763/320
f 573/764/321 574/765/321 575/766/321 576/767/321
f 577/768/322 578/769/322 579/770/322 580/771/322
f 581/772/323 582/773/323 583/774/323 584/775/323
f 585/776/324 565/756/324 568/759/324 586/777/324
f 574/765/325 587/778/325 588/779/325 575/766/325
f 589/780/326 585/776/327 586/777/327 590/781/327
f 591/782/328 581/772/328 584/775/328 592/783/328
f 578/769/329 593/784/329 594/785/329 579/770/329
f 587/778/330 595/786/330 596/787/330 588/779/330
f 597/788/331 589/780/331 590/781/331 598/789/331
f 599/790/332 591/782/332 592/783/332 600/791/332
f 593/784/333 601/792/333 602/793/333 594/785/333
f 595/786/334 603/794/334 604/795/334 596/787/334
f 605/796/335 597/788/336 598/789/336 606/797/337
f 607/798/338 608/799/338 609/800/338 610/801/338
f 611/802/339 599/790/339 600/791/339 612/803/339
f 613/804/340 605/796/335 606/797/337 614/805/340
f 615/806/341 607/798/341 610/801/341 616/807/341
f 603/794/342 617/808/342 618/809/342 604/795/342
f 601/792/343 619/810/344 620/811/345 602/793/343
f 608/799/346 621/812/346 622/813/346 609/800/346
f 623/814/347 611/802/348 612/803/348 624/815/349
f 619/810/344 625/816/350 626/817/350 620/811/345
f 627/818/351 615/806/352 616/807/352 628/819/353
f 570/761/354 623/814/347 624/815/349 571/762/354
f 629/820/355 613/821/355 614/822/355 630/823/355
f 631/824/356 627/818/351 628/819/353 632/825/356
f 566/757/357 631/824/357 632/825/357 567/758/357
f 617/808/358 633/826/358 634/827/358 618/809/358
f 625/816/359 573/764/359 576/767/359 626/817/359
f 621/812/360 635/828/360 636/829/360 622/813/360
f 545/717/240 556/737/240 591/782/240 599/790/240
f 530/687/240 529/686/240 608/799/240 607/798/240
f 562/749/240 553/732/240 589/780/240 597/788/240
f 551/728/240 559/743/240 595/786/240 587/778/240
f 554/734/240 558/741/240 593/784/240 578/769/240
f 556/737/240 555/736/240 581/772/240 591/782/240
f 553/732/240 550/726/240 585/776/240 589/780/240
f 552/729/240 551/728/240 587/778/240 574/765/240
f 550/726/240 540/706/240 565/756/240 585/776/240
f 555/736/240 549/724/240 582/773/240 581/772/240
f 533/694/240 554/734/240 578/769/240 577/768/240
f 543/713/240 552/729/240 574/765/240 573/764/240
f 535/697/240 534/696/240 570/761/240 569/760/240
f 540/706/240 539/705/240 566/757/240 565/756/240
f 549/724/240 542/710/240 629/820/240 582/773/240
f 564/754/240 535/697/240 569/760/240 633/826/240
f 531/690/240 533/694/240 577/768/240 635/828/240
f 544/714/240 543/713/240 573/764/240 625/816/240
f 560/745/240 564/754/240 633/826/240 617/808/240
f 539/705/240 538/702/240 631/824/240 566/757/240
f 542/710/240 541/709/240 613/821/240 629/820/240
f 534/696/240 557/740/240 623/814/240 570/761/240
f 532/691/240 531/690/240 635/828/240 621/812/240
f 547/721/240 544/714/240 625/816/240 619/810/240
f 557/740/240 546/718/240 611/802/240 623/814/240
f 538/702/240 537/701/240 627/818/240 631/824/240
f 548/722/240 547/721/240 619/810/240 601/792/240
f 561/746/240 560/745/240 617/808/240 603/794/240
f 537/701/240 536/700/240 615/806/240 627/818/240
f 541/751/240 563/750/240 605/796/240 613/804/240
f 546/718/240 545/717/240 599/790/240 611/802/240
f 529/686/240 532/691/240 621/812/240 608/799/240
f 563/750/240 562/749/240 597/788/240 605/796/240
f 559/743/240 561/746/240 603/794/240 595/786/240
f 536/700/240 530/687/240 607/798/240 615/806/240
f 558/741/240 548/722/240 601/792/240 593/784/240
f 572/763/361 571/762/361 637/830/362 638/831/362
f 576/767/292 575/766/292 639/832/316 640/833/316
f 580/771/363 579/770/363 641/834/363 642/835/363
f 584/775/364 583/774/364 643/836/293 644/837/293
f 586/777/365 568/759/365 645/838/365 646/839/365
f 575/766/280 588/779/280 647/840/366 639/832/366
f 590/781/281 586/777/281 646/839/281 648/841/281
f 592/783/367 584/775/367 644/837/367 649/842/367
f 579/770/368 594/785/368 650/843/285 641/834/285
f 588/779/369 596/787/369 651/844/369 647/840/369
f 598/789/315 590/781/315 648/841/315 652/845/315
f 610/801/302 609/800/302 653/846/370 654/847/370
f 600/791/371 592/783/371 649/842/371 655/848/371
f 594/785/372 602/793/372 656/849/372 650/843/372
f 616/807/373 610/801/373 654/847/373 657/850/373
f 596/787/374 604/795/374 658/851/374 651/844/374
f 606/797/375 598/789/375 652/845/376 659/852/377
f 609/800/378 622/813/378 660/853/379 653/846/379
f 612/803/380 600/791/380 655/848/380 661/854/380
f 614/805/375 606/797/375 659/852/377 662/855/376
f 628/819/381 616/807/382 657/850/381 663/856/383
f 604/795/384 618/809/384 664/857/384 658/851/384
f 602/793/385 620/811/386 665/858/387 656/849/385
f 632/825/388 628/819/381 663/856/383 666/859/389
f 624/815/390 612/803/391 661/854/392 667/860/390
f 620/811/386 626/817/393 668/861/386 665/858/387
f 622/813/394 636/829/394 669/862/395 660/853/395
f 571/762/396 624/815/390 667/860/390 637/830/397
f 630/823/308 614/822/308 662/863/398 670/864/398
f 567/758/399 632/825/399 666/859/400 671/865/400
f 618/809/303 634/827/303 672/866/401 664/857/401
f 626/817/402 576/767/402 640/833/403 668/861/403
f 636/829/404 580/771/404 642/835/405 669/862/405
f 582/773/406 629/820/406 630/823/406 583/774/406
f 633/826/407 569/760/407 572/763/407 634/827/407
f 635/828/408 577/768/408 580/771/408 636/829/408
f 673/867/6 674/868/6 675/869/6 676/870/6 677/871/6 678/872/6 679/873/6 680/874/6 681/875/6 682/876/6 683/877/6 684/878/6 685/879/6 686/880/6 687/881/6 688/882/6 689/883/6 690/884/6 691/885/6 692/886/6 693/887/6 694/888/6 695/889/6 696/890/6 697/891/6 698/892/6 699/893/6 700/894/6 701/895/6 702/896/6 703/897/6 704/898/6
f 653/846/370 681/899/370 680/900/370 654/847/370
f 669/862/395 683/901/409 682/902/409 660/853/395
f 642/835/405 684/903/410 683/901/410 669/862/405
f 637/830/362 697/904/411 696/905/411 638/831/362
f 657/850/381 679/906/389 678/907/389 666/859/389 663/856/383
f 654/847/373 680/900/373 679/906/373 657/850/373
f 671/865/412 677/908/413 676/909/413 645/838/412
f 662/863/398 704/910/308 703/911/308 670/864/398
f 640/833/403 689/912/414 688/913/414 668/861/403
f 655/848/380 699/914/415 698/915/415 661/854/380
f 668/861/386 688/913/416 687/916/416 656/849/385 665/858/387
f 670/864/278 703/911/278 702/917/278 643/836/278
f 645/838/365 676/909/365 675/918/365 646/839/365
f 647/840/366 691/919/366 690/920/366 639/832/366
f 646/839/281 675/918/417 674/921/417 648/841/281
f 641/834/363 685/922/363 684/903/363 642/835/363
f 644/837/367 701/923/418 700/924/418 649/842/367
f 661/854/392 698/915/396 697/904/396 637/830/397 667/860/390
f 650/843/285 686/925/419 685/922/419 641/834/285
f 651/844/369 692/926/369 691/919/369 647/840/369
f 664/857/384 694/927/420 693/928/420 658/851/384
f 666/859/400 678/907/421 677/908/421 671/865/400
f 652/845/376 673/929/377 704/930/377 662/855/376 659/852/377
f 638/831/422 696/905/423 695/931/423 672/866/422
f 660/853/379 682/902/424 681/899/424 653/846/379
f 639/832/316 690/920/316 689/912/316 640/833/316
f 643/836/293 702/917/364 701/923/364 644/837/293
f 648/841/315 674/921/315 673/929/315 652/845/315
f 672/866/401 695/931/425 694/927/425 664/857/401
f 656/849/372 687/916/372 686/925/372 650/843/372
f 649/842/371 700/924/371 699/914/371 655/848/371
f 658/851/374 693/928/374 692/926/374 651/844/374
f 568/759/426 567/758/426 671/865/412 645/838/412
f 583/774/278 630/823/278 670/864/278 643/836/278
f 634/827/427 572/763/427 638/831/422 672/866/422
f 705/932/428 706/933/428 707/934/428 708/935/428
f 709/936/429 710/937/429 711/938/429 712/939/429
f 713/940/238 714/941/238 715/942/238 716/943/238
f 717/944/6 718/945/6 719/946/6 720/947/6
f 721/948/429 722/949/429 723/950/429 724/951/429
f 725/952/430 726/953/430 727/954/430 728/955/430
f 725/952/430 729/956/430 730/957/430 726/953/430
f 731/958/19 732/959/19 733/960/19 734/961/19
f 732/959/19 735/962/19 736/963/19 733/960/19
f 737/964/6 738/965/6 739/966/6 740/967/6
f 738/965/6 741/968/6 742/969/6 739/966/6
f 743/970/431 744/971/431 745/972/431 746/973/431
f 725/952/430 747/974/430 748/975/430 729/956/430
f 749/976/432 750/977/432 744/971/432 743/970/432
f 751/978/433 752/979/433 753/980/433 754/981/433
f 755/982/430 756/983/430 757/984/430 758/985/430
f 759/986/240 760/987/240 761/988/240 762/989/240
f 763/990/240 764/991/240 765/992/240 766/993/240
f 767/994/266 768/995/266 769/996/266 770/997/266
f 771/998/266 772/999/266 773/1000/266 774/1001/266
f 775/1002/430 776/1003/430 777/1004/430 778/1005/430
f 779/1006/434 780/1007/434 781/1008/434 776/1003/434
f 749/976/430 782/1009/430 783/1010/430 784/1011/430
f 785/1012/434 786/1013/434 745/972/435 744/971/435
f 787/1014/430 788/1015/430 747/974/430 789/1016/430
f 790/1017/430 783/1010/430 782/1009/430 791/1018/430
f 718/945/6 737/964/6 740/967/6 719/946/6
f 735/962/19 792/1019/19 793/1020/19 736/963/19
f 734/961/436 733/960/436 794/1021/436 795/1022/436
f 796/1023/430 797/1024/430 798/1025/430 750/977/430
f 799/1026/436 734/961/436 795/1022/436 800/1027/436
f 729/956/430 801/1028/430 802/1029/430 730/957/430
f 761/988/437 803/1030/437 804/1031/437 805/1032/437
f 741/968/6 806/1033/6 705/932/6 742/969/6
f 793/1020/436 807/1034/436 808/1035/436 809/1036/436
f 797/1024/430 810/1037/430 811/1038/430 812/1039/430
f 719/946/428 740/967/428 813/1040/428 814/1041/428
f 783/1010/430 790/1017/430 815/1042/430 816/1043/430
f 817/1044/437 762/989/437 714/941/437 713/940/437
f 811/1038/19 810/1037/19 818/1045/19 819/1046/19
f 816/1043/430 820/1047/430 784/1011/430 783/1010/430
f 821/1048/6 822/1049/6 823/1050/6 824/1051/6
f 770/997/438 769/996/438 825/1052/438 826/1053/438
f 765/992/437 827/1054/437 828/1055/437 829/1056/437
f 806/1033/6 830/1057/6 706/933/6 705/932/6
f 772/999/266 724/951/266 723/950/266 773/1000/266
f 743/970/433 746/973/433 753/980/433 752/979/433
f 733/960/436 736/963/436 831/1058/436 794/1021/436
f 789/1016/430 747/974/430 725/952/430 728/955/430
f 740/967/428 739/966/428 832/1059/428 813/1040/428
f 833/1060/439 834/1061/439 757/984/439 835/1062/439
f 736/963/436 793/1020/436 809/1036/436 831/1058/436
f 769/996/438 836/1063/438 837/1064/438 825/1052/438
f 773/1000/438 723/950/438 838/1065/438 839/1066/438
f 747/974/430 788/1015/430 840/1067/430 748/975/430
f 841/1068/440 842/1069/440 748/975/440 843/1070/440
f 844/1071/441 845/1072/442 781/1008/442 780/1007/441
f 764/991/240 846/1073/240 827/1054/240 765/992/240
f 847/1074/443 749/976/443 743/970/443 752/979/443
f 845/1072/442 842/1069/444 841/1068/444 781/1008/442
f 776/1003/434 781/1008/434 841/1068/445 777/1004/445
f 848/1075/263 849/1076/263 399/522/263 402/525/263
f 850/1077/430 851/1078/430 852/1079/430 853/1080/430 854/1081/430 855/1082/430 856/1083/430 857/1084/430 849/1076/430 848/1075/430 858/1085/430 859/1086/430 860/1087/430 861/1088/430 862/1089/430 863/1090/430 864/1091/430
f 865/1092/430 866/1093/430 867/1094/430 868/1095/430
f 744/971/446 750/977/446 869/1096/441 785/1012/441
f 866/1093/430 870/1097/430 871/1098/430 872/1099/430 867/1094/430
f 758/985/430 757/984/430 834/1061/430
f 859/1086/265 858/1085/265 408/531/265 407/530/265
f 854/1081/240 853/1080/240 398/521/240 422/545/240
f 848/1075/19 402/525/19 408/531/19 858/1085/19
f 850/1077/264 405/528/264 404/527/264 851/1078/264
f 852/1079/262 395/518/262 398/521/262 853/1080/262
f 873/1100/240 874/1101/240 846/1073/240 764/991/240
f 875/1102/6 876/1103/6 830/1057/6 806/1033/6
f 877/1104/266 711/938/266 724/951/266 772/999/266
f 878/1105/6 875/1102/6 806/1033/6 741/968/6
f 722/949/447 879/1106/447 838/1065/447 723/950/447
f 880/1107/448 877/1104/266 772/999/266 771/998/266
f 835/1062/266 881/1108/266 768/995/266 767/994/266
f 882/1109/240 873/1100/240 764/991/240 763/990/240
f 883/1110/240 884/1111/240 760/987/240 759/986/240
f 885/1112/6 886/1113/6 887/1114/6 888/1115/6 889/1116/6 890/1117/6 891/1118/6 892/1119/6 893/1120/6 894/1121/6 895/1122/6 896/1123/6 897/1124/6 898/1125/6 899/1126/6 878/1105/6 741/968/6 738/965/6
f 900/1127/6 885/1112/6 738/965/6 737/964/6
f 901/1128/19 902/1129/19 903/1130/19 904/1131/19 905/1132/19 906/1133/19 907/1134/19 908/1135/19 909/1136/19 735/962/19 732/959/19
f 818/1045/19 901/1128/19 732/959/19 731/958/19
f 910/1137/6 480/1138/6 479/1139/6 490/1140/6 486/1141/6 465/1142/6 463/1143/6 464/1144/6 461/1145/6 462/1146/6 468/1147/6 470/1148/449 718/945/6 717/944/6
f 813/1040/238 832/1059/238 911/1149/238 912/1150/238
f 913/1151/240 883/1110/240 759/986/240 914/1152/240
f 819/1046/19 818/1045/19 731/958/19 915/1153/19
f 884/1111/240 822/1049/240 916/1154/240 760/987/240
f 881/1108/266 917/1155/266 918/1156/266 768/995/266
f 919/1157/450 880/1107/448 771/998/266 920/1158/266
f 921/1159/430 922/1160/430 756/983/430 755/982/430
f 748/975/443 840/1067/443 923/1161/443 843/1070/443
f 924/1162/443 847/1074/443 752/979/443 751/978/443
f 846/1073/240 925/1163/240 926/1164/240 827/1054/240
f 739/966/428 742/969/428 927/1165/428 832/1059/428
f 928/1166/19 929/1167/19 930/1168/19 807/1034/19
f 791/1018/430 782/1009/430 931/1169/430 824/1051/430
f 932/1170/430 933/1171/430 824/1051/430 931/1169/430
f 843/1070/451 778/1005/451 777/1004/451 841/1068/451
f 778/1005/433 843/1070/433 923/1161/433 775/1002/433
f 801/1028/430 729/956/430 748/975/430 842/1069/430
f 749/976/430 784/1011/430 796/1023/430 750/977/430
f 746/973/430 745/972/430 786/1013/430 753/980/430
f 934/1172/430 779/1006/430 776/1003/430 775/1002/430
f 768/995/266 918/1156/266 836/1063/266 769/996/266
f 920/1158/266 771/998/266 774/1001/266 935/1173/266
f 760/987/240 916/1154/240 803/1030/240 761/988/240
f 796/1023/430 936/1174/430 810/1037/430 797/1024/430
f 742/969/428 705/932/428 708/935/428 927/1165/428
f 937/1175/430 938/1176/430 939/1177/452 940/1178/452
f 842/1069/430 941/1179/430 866/1093/430 801/1028/430
f 847/1074/430 931/1169/430 782/1009/430 749/976/430
f 924/1162/430 932/1170/430 931/1169/430 847/1074/430
f 766/993/437 765/992/437 829/1056/437 942/1180/437
f 943/1181/240 944/1182/240 945/1183/240 874/1101/240
f 762/989/437 761/988/437 805/1032/437 714/941/437
f 790/1017/430 791/1018/430 946/1184/430 947/1185/430
f 807/1034/436 930/1168/436 948/1186/436 808/1035/436
f 826/1053/453 949/1187/453 950/1188/453 770/997/453
f 935/1173/438 774/1001/438 951/1189/438 952/1190/438
f 953/1191/240 943/1181/240 874/1101/240 873/1100/240
f 883/1110/240 913/1151/240 954/1192/240 947/1185/240
f 955/1193/6 727/954/6 489/1194/6 466/1195/6 467/1196/6 496/1197/6 492/1198/6 493/1199/6 491/1200/6 483/1201/6 484/1202/6 475/1203/6 476/1204/6 480/1138/6 910/1137/6
f 774/1001/438 773/1000/438 839/1066/438 951/1189/438
f 827/1054/437 926/1164/437 956/1205/437 828/1055/437
f 710/937/429 721/948/429 724/951/429 711/938/429
f 792/1019/19 928/1166/19 807/1034/19 793/1020/19
f 916/1154/6 822/1049/6 821/1048/6 957/1206/6
f 763/990/19 958/1207/19 959/1208/19 882/1109/19
f 959/1208/19 787/1014/19 960/1209/19 882/1109/19
f 763/990/19 766/993/19 961/1210/19 958/1207/19
f 803/1030/6 962/1211/6 963/1212/6 804/1031/6
f 715/942/238 808/1035/238 948/1186/238 964/1213/238
f 809/1036/238 965/1214/238 966/1215/238 831/1058/238
f 808/1035/238 715/942/238 965/1214/238 809/1036/238
f 911/1149/238 967/1216/238 968/1217/238 969/1218/238
f 970/1219/238 971/1220/238 972/1221/238 973/1222/238
f 912/1150/238 911/1149/238 969/1218/238 974/1223/238
f 975/1224/238 970/1219/238 973/1222/238 976/1225/238
f 977/1226/238 978/1227/238 979/1228/238 980/1229/238 981/1230/238
f 982/1231/238 983/1232/238 984/1233/238 985/1234/238
f 963/1212/238 975/1224/238 976/1225/238 986/1235/238
f 987/1236/238 912/1150/238 974/1223/238 988/1237/238
f 831/1058/238 966/1215/238 989/1238/238 794/1021/238
f 971/1220/238 990/1239/238 991/1240/238 972/1221/238
f 967/1216/238 977/1226/238 992/1241/238 968/1217/238
f 993/1242/238 994/1243/238 995/1244/238 996/1245/238 997/1246/238
f 972/1221/238 991/1240/238 993/1242/238 989/1238/238
f 986/1235/238 976/1225/238 965/1214/238 715/942/238
f 973/1222/238 972/1221/238 989/1238/238 966/1215/238
f 976/1225/238 973/1222/238 966/1215/238 965/1214/238
f 795/1022/238 993/1242/238 997/1246/238 800/1027/238
f 814/1041/238 813/1040/238 912/1150/238 987/1236/238
f 998/1247/238 879/1106/238 994/1243/238 993/1242/238
f 968/1217/238 992/1241/238 999/1248/238 1000/1249/238
f 1001/1250/238 1002/1251/238 990/1239/238 971/1220/238
f 988/1237/238 974/1223/238 1003/1252/238 1004/1253/238
f 1005/1254/238 1006/1255/238 975/1224/238 963/1212/238
f 1007/1256/238 977/1226/238 981/1230/238 949/1187/238
f 798/1025/430 1008/1257/430 869/1096/430 750/977/430
f 974/1223/238 969/1218/238 1009/1258/238 1003/1252/238
f 1006/1255/238 1010/1259/238 970/1219/238 975/1224/238
f 969/1218/238 968/1217/238 1000/1249/238 1009/1258/238
f 1010/1259/238 1001/1250/238 971/1220/238 970/1219/238
f 977/1226/238 708/935/238 707/934/238 978/1227/238
f 998/1247/238 993/1242/238 991/1240/238 1011/1260/238
f 1012/1261/238 951/1189/238 839/1066/238 1011/1260/238
f 1013/1262/240 1014/1263/240 1015/1264/240 1016/1265/240
f 803/1030/6 916/1154/6 957/1206/6 962/1211/6
f 1017/1266/439 833/1060/439 835/1062/439 767/994/439
f 820/1047/19 816/1043/19 1018/1267/19 1019/1268/19
f 939/1177/454 938/1176/266 877/1104/266 880/1107/448
f 756/983/266 922/1160/266 917/1155/266 881/1108/266
f 884/1111/240 946/1184/240 823/1050/240 822/1049/240
f 914/1152/240 759/986/240 762/989/240 817/1044/240
f 874/1101/240 945/1183/240 925/1163/240 846/1073/240
f 915/1153/19 731/958/19 734/961/19 799/1026/19
f 955/1193/430 1020/1269/430 728/955/430 727/954/430
f 810/1037/19 936/1174/19 901/1128/19 818/1045/19
f 936/1174/19 820/1047/19 1019/1268/19 1021/1270/19 1022/1271/19 1023/1272/19 1024/1273/19 1025/1274/19 1026/1275/19 1027/1276/19 902/1129/19 901/1128/19
f 726/953/455 730/957/6 885/1112/6 900/1127/6
f 730/957/6 802/1029/6 878/1105/6 899/1126/6 1028/1277/6 1029/1278/6 1030/1279/6 1031/1280/6 1032/1281/6 1033/1282/6 1034/1283/6 1035/1284/6 1036/1285/6 1037/1286/6 1038/1287/6 1039/1288/6 1040/1289/6 1041/1290/6 886/1113/6 885/1112/6
f 716/943/238 715/942/238 964/1213/238 1042/1291/238 1043/1292/238
f 873/1100/240 882/1109/240 960/1209/240 953/1191/240
f 757/984/266 756/983/266 881/1108/266 835/1062/266
f 938/1176/266 712/939/266 711/938/266 877/1104/266
f 727/954/6 726/953/455 900/1127/6 1044/1293/6 1045/1294/455 1046/1295/455 1047/1296/455 1048/1297/455 1049/1298/455 1050/1299/455 1051/1300/455 1052/1301/455 1053/1302/455 1054/1303/455 1055/1304/455 1056/1305/455
f 816/1043/19 815/1042/19 1057/1306/19 1058/1307/19 1059/1308/19 1060/1309/19 1061/1310/19 1062/1311/19 1063/1312/19 1064/1313/19 1065/1314/19 1066/1315/19 1067/1316/19 1068/1317/19 1069/1318/19 1070/1319/19 1071/1320/19 1072/1321/19 1073/1322/19 1074/1323/19 1075/1324/19 1018/1267/19
f 802/1029/6 865/1092/6 875/1102/6 878/1105/6
f 815/1042/19 1076/1325/19 1077/1326/19 1078/1327/19 1079/1328/19 1080/1329/19 1081/1330/19 1082/1331/19 1083/1332/19 1057/1306/19
f 937/1175/430 1084/1333/430 712/939/430 938/1176/430
f 865/1092/6 868/1095/6 876/1103/6 875/1102/6
f 1085/1334/238 1086/1335/238 1087/1336/238 1088/1337/238
f 1089/1338/238 1085/1334/238 1088/1337/238 1090/1339/238
f 1091/1340/238 952/1190/238 951/1189/238 1012/1261/238
f 1092/1341/238 1089/1338/238 1090/1339/238 1093/1342/238
f 1086/1335/238 1094/1343/238 1095/1344/238 1087/1336/238
f 1096/1345/438 1097/1346/438 1098/1347/438 1099/1348/438
f 1100/1349/266 1101/1350/266 1102/1351/266 1103/1352/266
f 1104/1353/456 1105/1354/457 1101/1350/266 1100/1349/266
f 1106/1355/266 1107/1356/266 1108/1357/266 1109/1358/266
f 1109/1358/266 1108/1357/266 1099/1348/266 1098/1347/266
f 1110/1359/238 1097/1346/238 1096/1345/238 1111/1360/238
f 1112/1361/238 1113/1362/238 1114/1363/238 1115/1364/238
f 1116/1365/238 1117/1366/238 1118/1367/238 1016/1265/238
f 1007/1256/238 826/1053/238 825/1052/238 1119/1368/238
f 1117/1366/238 1120/1369/238 1121/1370/238 1118/1367/238
f 1120/1369/238 1112/1361/238 1115/1364/238 1121/1370/238
f 1122/1371/266 1123/1372/266 1107/1356/266 1106/1355/266
f 1124/1373/458 1125/1374/430 400/523/430 411/534/459
f 919/1157/450 1126/1375/460 939/1177/454 880/1107/448
f 945/1183/461 944/1182/461 1127/1376/461 1128/1377/461
f 1128/1377/462 1127/1376/462 1129/1378/462 1130/1379/462
f 1130/1379/463 1129/1378/463 1131/1380/463 1132/1381/463
f 1132/1381/464 1131/1380/464 1020/1269/464 1133/1382/464
f 1133/1382/465 1020/1269/466 955/1193/466 910/1137/465
f 1017/1266/467 950/1188/467 1134/1383/467 1135/1384/467
f 1135/1384/468 1134/1383/468 1136/1385/468 1137/1386/468
f 1137/1386/469 1136/1385/469 1138/1387/469 1139/1388/469
f 1139/1388/470 1138/1387/470 1140/1389/470 1141/1390/470
f 1141/1390/471 1140/1389/471 706/933/471 830/1057/471
f 915/1153/472 799/1026/472 1142/1391/472 1143/1392/472
f 1143/1392/473 1142/1391/473 1144/1393/473 1145/1394/473
f 1145/1394/474 1144/1393/474 1146/1395/474 1147/1396/474
f 1147/1396/475 1146/1395/475 1148/1397/475 1149/1398/475
f 914/1152/476 817/1044/476 1150/1399/476 1151/1400/476
f 1151/1400/477 1150/1399/477 1152/1401/477 1153/1402/477
f 1153/1402/478 1152/1401/478 1154/1403/478 1155/1404/478
f 1155/1404/479 1154/1403/480 1156/1405/480 1157/1406/479
f 1157/1406/481 1156/1405/481 930/1168/481 929/1167/481
f 926/1164/461 925/1163/461 1158/1407/461 1159/1408/461
f 1159/1408/462 1158/1407/462 1160/1409/462 1161/1410/462
f 1161/1410/463 1160/1409/463 1162/1411/463 1163/1412/463
f 1163/1412/464 1162/1411/464 1164/1413/464 1165/1414/464
f 1165/1414/466 1164/1413/466 717/944/466 720/947/466
f 833/1060/467 1017/1266/467 1135/1384/467 1166/1415/467
f 1166/1415/468 1135/1384/468 1137/1386/468 1167/1416/468
f 1167/1416/469 1137/1386/469 1139/1388/469 1168/1417/469
f 1168/1417/470 1139/1388/470 1141/1390/470 1169/1418/470
f 1169/1418/471 1141/1390/471 830/1057/471 876/1103/471
f 819/1046/472 915/1153/472 1143/1392/472 1170/1419/472
f 1170/1419/473 1143/1392/473 1145/1394/473 1171/1420/473
f 1171/1420/474 1145/1394/474 1147/1396/474 1172/1421/474
f 1172/1421/475 1147/1396/475 1149/1398/475 1173/1422/475
f 913/1151/476 914/1152/476 1151/1400/476 1174/1423/476
f 1174/1423/477 1151/1400/477 1153/1402/477 1175/1424/477
f 1175/1424/478 1153/1402/478 1155/1404/478 1176/1425/478
f 1176/1425/479 1155/1404/479 1157/1406/479 1177/1426/479
f 1177/1426/482 1157/1406/481 929/1167/481 1077/1326/482
f 720/947/483 1178/1427/483 1179/1428/483 1165/1414/483
f 1165/1414/484 1179/1428/484 1180/1429/484 1163/1412/484
f 1163/1412/485 1180/1429/485 1181/1430/485 1161/1410/485
f 1161/1410/486 1181/1430/486 1182/1431/486 1159/1408/486
f 1159/1408/487 1182/1431/487 956/1205/487 926/1164/487
f 948/1186/488 930/1168/488 1156/1405/488 964/1213/488
f 964/1213/489 1156/1405/489 1154/1403/489 1042/1291/489
f 1042/1291/490 1154/1403/490 1152/1401/490 1043/1292/490
f 1043/1292/491 1152/1401/491 1150/1399/491 716/943/491
f 716/943/492 1150/1399/492 817/1044/492 713/940/492
f 950/1188/493 949/1187/493 981/1230/493 1134/1383/493
f 1134/1383/494 981/1230/494 980/1229/494 1136/1385/494
f 1136/1385/495 980/1229/495 979/1228/495 1138/1387/495
f 1138/1387/496 979/1228/496 978/1227/496 1140/1389/496
f 1140/1389/497 978/1227/497 707/934/497 706/933/497
f 879/1106/498 722/949/498 1148/1397/498 994/1243/498
f 994/1243/499 1148/1397/499 1146/1395/499 995/1244/499
f 995/1244/500 1146/1395/500 1144/1393/500 996/1245/500
f 996/1245/501 1144/1393/501 1142/1391/501 997/1246/501
f 997/1246/502 1142/1391/502 799/1026/502 800/1027/502
f 925/1163/461 945/1183/461 1128/1377/461 1158/1407/461
f 1158/1407/462 1128/1377/462 1130/1379/462 1160/1409/462
f 1160/1409/463 1130/1379/463 1132/1381/463 1162/1411/463
f 1162/1411/464 1132/1381/464 1133/1382/464 1164/1413/464
f 1164/1413/466 1133/1382/465 910/1137/465 717/944/466
f 834/1061/467 833/1060/467 1166/1415/467 870/1097/467
f 870/1097/468 1166/1415/468 1167/1416/468 871/1098/468
f 871/1098/469 1167/1416/469 1168/1417/469 872/1099/469
f 872/1099/470 1168/1417/470 1169/1418/470 867/1094/470
f 867/1094/503 1169/1418/471 876/1103/471 868/1095/503
f 811/1038/504 819/1046/472 1170/1419/472 812/1039/504
f 812/1039/473 1170/1419/473 1171/1420/473 1183/1432/473
f 1183/1432/474 1171/1420/474 1172/1421/474 1184/1433/474
f 1184/1433/475 1172/1421/475 1173/1422/475 1185/1434/475
f 954/1192/476 913/1151/476 1174/1423/476 1186/1435/476
f 1186/1435/477 1174/1423/477 1175/1424/477 1187/1436/477
f 1187/1436/478 1175/1424/478 1176/1425/478 1188/1437/478
f 1188/1437/479 1176/1425/479 1177/1426/479 1189/1438/479
f 1189/1438/481 1177/1426/482 1077/1326/482 1076/1325/481
f 720/947/428 719/946/428 814/1041/428 1178/1427/428
f 1190/1439/505 1191/1440/505 1192/1441/505 1193/1442/505
f 1194/1443/240 1195/1444/240 1196/1445/240 1197/1446/240
f 1191/1440/240 1198/1447/240 1199/1448/240 1192/1441/240
f 1200/1449/240 1201/1450/240 1202/1451/240 1203/1452/240
f 1198/1447/240 1204/1453/240 1205/1454/240 1199/1448/240
f 1195/1444/240 1206/1455/240 1207/1456/240 1196/1445/240
f 1208/1457/240 1209/1458/240 1210/1459/240 1211/1460/240
f 1206/1455/240 1212/1461/240 1213/1462/240 1207/1456/240
f 1204/1453/240 1214/1463/240 1215/1464/240 1205/1454/240
f 1216/1465/240 1200/1449/240 1203/1452/240 1217/1466/240
f 1218/1467/240 1208/1457/240 1211/1460/240 1219/1468/240
f 1220/1469/240 1216/1465/240 1217/1466/240 1221/1470/240
f 1222/1471/240 1218/1467/240 1219/1468/240 1223/1472/240
f 1212/1461/240 1224/1473/240 1225/1474/506 1213/1462/240
f 1214/1463/240 1226/1475/240 1227/1476/240 1215/1464/240
f 1228/1477/240 1220/1469/240 1221/1470/240 1229/1478/240
f 1226/1475/240 1230/1479/240 1231/1480/240 1227/1476/240
f 1224/1473/240 1232/1481/240 1233/1482/240 1225/1474/240
f 1234/1483/240 1222/1471/240 1223/1472/240 1235/1484/240
f 1232/1481/240 1236/1485/240 1237/1486/240 1233/1482/240
f 1230/1479/240 1238/1487/240 1239/1488/240 1231/1480/240
f 1240/1489/240 1228/1477/240 1229/1478/240 1241/1490/240
f 1044/1293/240 1234/1483/240 1235/1484/238 1242/1491/240
f 1236/1485/240 1243/1492/240 1244/1493/240 1237/1486/240
f 1045/1294/240 1044/1293/240 1242/1491/240 1245/1494/240
f 1246/1495/240 1240/1489/240 1241/1490/240 1247/1496/240
f 1238/1487/240 1248/1497/240 1249/1498/240 1239/1488/240
f 1250/1499/240 1246/1495/240 1247/1496/240 1251/1500/240
f 1252/1501/6 1253/1502/6 1254/1503/6 1255/1504/6 1243/1492/6 1236/1485/6 1232/1481/6 1224/1473/6 1212/1461/6 1206/1455/6 1195/1444/6 1194/1443/6 1256/1505/6 1257/1506/6 1258/1507/6 1201/1450/6 1200/1449/6 1216/1465/6 1220/1469/6 1228/1477/6 1240/1489/6 1246/1495/6 1250/1499/6 1259/1508/6 1260/1509/6 1261/1510/6 1262/1511/6 1263/1512/6
f 883/1110/240 947/1185/240 946/1184/240 884/1111/240
f 1264/1513/240 787/1014/240 959/1208/240 1265/1514/240
f 789/1016/430 953/1191/430 960/1209/430 787/1014/430
f 728/955/430 1020/1269/430 1131/1380/430 1129/1378/430 1127/1376/430
f 943/1181/430 728/955/430 1127/1376/430 944/1182/430
f 943/1181/430 953/1191/430 789/1016/430 728/955/430
f 766/993/19 942/1180/19 1004/1253/19 961/1210/19
f 1266/1515/240 962/1211/240 957/1206/240 1267/1516/240
f 1267/1516/240 957/1206/240 821/1048/240 1268/1517/240
f 790/1017/430 1186/1435/430 1187/1436/430 1188/1437/430 1189/1438/430
f 947/1185/430 954/1192/430 1186/1435/430 790/1017/430
f 815/1042/430 790/1017/430 1189/1438/430 1076/1325/430
f 784/1011/430 820/1047/430 936/1174/430 796/1023/430
f 797/1024/430 812/1039/430 1183/1432/430 1184/1433/430 1185/1434/430
f 1084/1333/430 797/1024/430 1185/1434/430 709/936/430
f 1005/1254/240 1266/1515/240 1269/1518/240 1270/1519/240
f 801/1028/430 866/1093/430 865/1092/430 802/1029/430
f 941/1179/430 842/1069/430 845/1072/430 1271/1520/430
f 400/523/430 1272/1521/430 401/524/430
f 852/1079/6 851/1078/6 404/527/6 395/518/6
f 864/1091/266 419/542/266 405/528/266 850/1077/266
f 922/1160/266 1273/1522/266 1274/1523/266 917/1155/266
f 836/1063/438 1275/1524/438 1276/1525/438 837/1064/438
f 918/1156/266 1277/1526/266 1275/1524/266 836/1063/266
f 917/1155/266 1274/1523/266 1277/1526/266 918/1156/266
f 1278/1527/430 1273/1522/430 922/1160/430 921/1159/430
f 1273/1522/266 1122/1371/266 1106/1355/266 1274/1523/266
f 1275/1524/438 1098/1347/438 1097/1346/438 1276/1525/438
f 1277/1526/266 1109/1358/266 1098/1347/266 1275/1524/266
f 1274/1523/266 1106/1355/266 1109/1358/266 1277/1526/266
f 1125/1374/430 1122/1371/430 1273/1522/430 1278/1527/430
f 849/1076/240 857/1084/240 412/535/240 399/522/240
f 942/1180/238 829/1056/238 988/1237/238 1004/1253/238
f 987/1236/238 1179/1428/238 1178/1427/238 814/1041/238
f 1182/1431/238 1181/1430/238 1180/1429/238 1179/1428/238 987/1236/238
f 956/1205/238 1182/1431/238 987/1236/238 828/1055/238
f 829/1056/238 828/1055/238 987/1236/238 988/1237/238
f 1279/1528/238 999/1248/238 992/1241/238 1119/1368/238
f 1280/1529/240 1281/1530/240 1282/1531/240 1283/1532/240
f 1284/1533/240 1015/1264/240 1281/1530/240 1280/1529/240
f 1285/1534/240 1286/1535/240 1282/1531/240 1287/1536/240
f 1288/1537/430 1289/1538/430 1290/1539/430 1291/1540/430
f 1292/1541/430 1293/1542/430 1294/1543/430 1295/1544/430
f 1289/1538/430 1296/1545/430 1286/1535/430 1290/1539/430
f 1288/1537/443 1291/1540/443 1297/1546/443 1298/1547/443
f 1299/1548/441 1300/1549/441 1301/1550/441 1302/1551/441
f 1293/1542/507 1302/1551/507 1301/1550/434 1294/1543/434
f 1298/1547/433 1297/1546/433 1295/1544/433 1303/1552/433
f 1304/1553/435 1305/1554/435 1306/1555/435 1307/1556/435
f 1308/1557/441 1309/1558/441 1306/1555/441 1305/1554/441
f 1310/1559/430 1304/1553/430 1307/1556/430 1311/1560/430
f 1312/1561/240 1313/1562/240 1314/1563/240 1315/1564/240
f 1316/1565/240 1317/1566/240 1314/1563/240 1318/1567/240
f 1319/1568/240 1320/1569/240 1317/1566/240 1316/1565/240
f 1321/1570/430 1322/1571/430 1323/1572/430 1324/1573/430
f 1322/1571/430 1325/1574/430 1313/1562/430 1323/1572/430
f 1321/1570/443 1324/1573/443 1326/1575/443 1327/1576/443
f 1327/1576/433 1326/1575/508 1311/1560/508 1328/1577/433
f 1270/1519/240 1269/1518/240 1320/1569/240 1093/1342/240
f 1329/1578/240 961/1210/240 1004/1253/240 1330/1579/240
f 1015/1264/240 1284/1533/240 1116/1365/240 1016/1265/240
f 1331/1580/433 1298/1547/433 1303/1552/433 934/1172/433
f 1332/1581/443 1288/1537/443 1298/1547/443 1331/1580/443
f 1333/1582/430 1264/1513/430 1296/1545/430 1289/1538/430
f 1332/1581/430 1333/1582/430 1289/1538/430 1288/1537/430
f 1329/1578/240 1284/1533/240 1280/1529/240 1334/1583/240
f 1334/1583/240 1280/1529/240 1283/1532/240 1265/1514/240
f 1286/1535/240 1296/1545/240 1283/1532/240 1282/1531/240
f 1335/1584/238 1336/1585/238 1112/1361/238 1120/1369/238
f 1337/1586/238 1335/1584/238 1120/1369/238 1117/1366/238
f 1330/1579/238 1337/1586/238 1117/1366/238 1116/1365/238
f 1336/1585/238 1338/1587/238 1113/1362/238 1112/1361/238
f 1295/1544/430 1294/1543/430 1339/1588/430 1303/1552/430
f 1300/1549/441 1340/1589/441 1341/1590/441 1301/1550/441
f 1294/1543/434 1301/1550/434 1341/1590/434 1339/1588/434
f 1000/1249/238 999/1248/238 1338/1587/238 1336/1585/238
f 1004/1253/238 1003/1252/238 1337/1586/238 1330/1579/238
f 1003/1252/238 1009/1258/238 1335/1584/238 1337/1586/238
f 1009/1258/238 1000/1249/238 1336/1585/238 1335/1584/238
f 958/1207/240 1334/1583/240 1265/1514/240 959/1208/240
f 961/1210/240 1329/1578/240 1334/1583/240 958/1207/240
f 840/1067/430 788/1015/430 1333/1582/430 1332/1581/430
f 788/1015/430 787/1014/430 1264/1513/430 1333/1582/430
f 840/1067/443 1332/1581/443 1331/1580/443 923/1161/443
f 923/1161/433 1331/1580/433 934/1172/433 775/1002/433
f 1284/1533/240 1329/1578/240 1330/1579/240 1116/1365/240
f 1296/1545/240 1264/1513/240 1265/1514/240 1283/1532/240
f 1303/1552/430 1339/1588/430 779/1006/430 934/1172/430
f 1340/1589/441 844/1071/441 780/1007/441 1341/1590/441
f 1339/1588/434 1341/1590/434 780/1007/434 779/1006/434
f 1110/1359/238 1113/1362/238 1338/1587/238 1342/1591/238
f 1342/1591/238 1338/1587/238 999/1248/238 1279/1528/238
f 927/1165/238 708/935/238 977/1226/238 967/1216/238
f 832/1059/238 927/1165/238 967/1216/238 911/1149/238
f 1343/1592/438 1096/1345/438 1099/1348/438 1344/1593/438
f 1345/1594/430 410/533/430 409/532/430
f 1340/1589/430 410/533/430 1345/1594/430 844/1071/430
f 845/1072/430 844/1071/430 1345/1594/430 409/532/430 401/524/430 1272/1521/430 1271/1520/430
f 859/1086/266 407/530/266 413/536/266 860/1087/266
f 410/533/430 1340/1589/430 1300/1549/430 414/537/430
f 863/1090/266 425/548/266 419/542/266 864/1091/266
f 1346/1595/430 1309/1558/430 420/543/430 428/551/430
f 406/529/430 1347/1596/430 403/526/430
f 397/520/509 396/519/430 1348/1597/510
f 933/1171/240 1312/1561/240 1315/1564/240 1268/1517/240
f 754/981/430 1349/1598/430 1304/1553/430 1310/1559/430
f 1350/1599/446 1308/1557/441 1305/1554/441 1351/1600/446
f 1349/1598/435 1351/1600/435 1305/1554/435 1304/1553/435
f 1317/1566/240 1352/1601/240 1315/1564/240 1314/1563/240
f 1320/1569/240 1269/1518/240 1352/1601/240 1317/1566/240
f 1105/1354/457 1353/1602/511 1354/1603/512 1355/1604/513
f 985/1234/238 984/1233/238 1356/1605/238 1357/1606/238
f 1088/1337/238 1087/1336/238 1358/1607/238 1359/1608/238
f 1090/1339/238 1088/1337/238 1359/1608/238 1360/1609/238
f 1093/1342/238 1090/1339/238 1360/1609/238 1270/1519/238
f 1087/1336/238 1095/1344/238 1361/1610/238 1358/1607/238
f 1102/1351/438 1362/1611/438 1356/1605/438 984/1233/438
f 1324/1573/430 1323/1572/430 1363/1612/430 1364/1613/430
f 1101/1350/266 1365/1614/266 1362/1611/266 1102/1351/266
f 1323/1572/430 1313/1562/430 1312/1561/430 1363/1612/430
f 1324/1573/443 1364/1613/443 1366/1615/443 1326/1575/443
f 1105/1354/457 1355/1604/513 1365/1614/266 1101/1350/266
f 1326/1575/508 1366/1615/514 1310/1559/514 1311/1560/508
f 786/1013/434 785/1012/434 1351/1600/435 1349/1598/435
f 869/1096/441 1350/1599/446 1351/1600/446 785/1012/441
f 753/980/430 786/1013/430 1349/1598/430 754/981/430
f 824/1051/240 933/1171/240 1268/1517/240 821/1048/240
f 963/1212/240 962/1211/240 1266/1515/240 1005/1254/240
f 1352/1601/240 1267/1516/240 1268/1517/240 1315/1564/240
f 1269/1518/240 1266/1515/240 1267/1516/240 1352/1601/240
f 1355/1604/513 1354/1603/512 1126/1375/460 919/1157/450
f 1357/1606/238 1356/1605/238 952/1190/238 1091/1340/238
f 1359/1608/238 1358/1607/238 1001/1250/238 1010/1259/238
f 1360/1609/238 1359/1608/238 1010/1259/238 1006/1255/238
f 1270/1519/238 1360/1609/238 1006/1255/238 1005/1254/238
f 1358/1607/238 1361/1610/238 1002/1251/238 1001/1250/238
f 1362/1611/438 935/1173/438 952/1190/438 1356/1605/438
f 1364/1613/430 1363/1612/430 932/1170/430 924/1162/430
f 1365/1614/266 920/1158/266 935/1173/266 1362/1611/266
f 1363/1612/430 1312/1561/430 933/1171/430 932/1170/430
f 1364/1613/443 924/1162/443 751/978/443 1366/1615/443
f 1355/1604/513 919/1157/450 920/1158/266 1365/1614/266
f 1366/1615/514 751/978/433 754/981/433 1310/1559/514
f 1367/1616/515 1368/1617/515 1126/1375/516 1354/1603/517
f 855/1082/240 854/1081/240 422/545/240 424/547/240
f 1369/1618/510 421/544/518 397/520/509 1367/1616/515
f 406/529/430 1308/1557/430 1350/1599/430 1347/1596/430
f 1309/1558/430 1308/1557/430 406/529/430 420/543/430
f 940/1178/452 1368/1617/515 1348/1597/510 1008/1257/430
f 869/1096/430 1008/1257/430 1348/1597/510 396/519/430 403/526/430 1347/1596/430 1350/1599/430
f 939/1177/452 1126/1375/516 1368/1617/515 940/1178/452
f 1353/1602/519 1369/1618/510 1367/1616/515 1354/1603/517
f 397/520/509 1348/1597/510 1368/1617/515 1367/1616/515
f 1361/1610/238 1357/1606/238 1091/1340/238 1002/1251/238
f 1095/1344/238 985/1234/238 1357/1606/238 1361/1610/238
f 1276/1525/238 1342/1591/238 1279/1528/238 837/1064/238
f 1097/1346/238 1110/1359/238 1342/1591/238 1276/1525/238
f 837/1064/238 1279/1528/238 1119/1368/238 825/1052/238
f 400/523/430 1125/1374/430 1278/1527/430 1272/1521/430
f 1272/1521/430 1278/1527/430 921/1159/430 1271/1520/430
f 712/939/430 1084/1333/430 709/936/430
f 1185/1434/520 1173/1422/520 710/937/520 709/936/520
f 1173/1422/520 1149/1398/520 721/948/520 710/937/520
f 1149/1398/520 1148/1397/520 722/949/520 721/948/520
f 1123/1372/521 1122/1371/430 1125/1374/430 1124/1373/458
f 977/1226/238 1007/1256/238 1119/1368/238 992/1241/238
f 1113/1362/238 1110/1359/238 1111/1360/238 1114/1363/238
f 1002/1251/238 1091/1340/238 1012/1261/238 990/1239/238
f 798/1025/430 797/1024/430 1084/1333/430 937/1175/430
f 990/1239/238 1012/1261/238 1011/1260/238 991/1240/238
f 838/1065/238 998/1247/238 1011/1260/238 839/1066/238
f 826/1053/238 1007/1256/238 949/1187/238
f 838/1065/238 879/1106/238 998/1247/238
f 1094/1343/238 982/1231/238 985/1234/238 1095/1344/238
f 798/1025/430 937/1175/430 940/1178/452 1008/1257/430
f 1271/1520/430 921/1159/430 755/982/430 941/1179/430
f 866/1093/430 758/985/430 834/1061/430 870/1097/430
f 941/1179/430 755/982/430 758/985/430 866/1093/430
f 423/546/522 421/544/518 1369/1618/510 1370/1619/523
f 411/534/459 415/538/524 1371/1620/525 1124/1373/458
f 857/1084/240 856/1083/240 416/539/240 412/535/240
f 1123/1372/521 1124/1373/458 1371/1620/525 1372/1621/526 1373/1622/527
f 1374/1623/238 1375/1624/238 1376/1625/238 1377/1626/238
f 1299/1548/430 1378/1627/430 427/550/430 418/541/430
f 861/1088/266 417/540/266 426/549/266 862/1089/266
f 983/1232/438 1379/1628/438 1380/1629/438 1103/1352/438
f 1381/1630/433 1382/1631/433 1383/1632/433 1292/1541/433
f 1384/1633/443 1385/1634/443 1382/1631/443 1381/1630/443
f 1386/1635/430 1285/1534/430 1387/1636/430 1388/1637/430
f 1384/1633/430 1386/1635/430 1388/1637/430 1385/1634/430
f 1014/1263/240 1389/1638/240 1390/1639/240 1391/1640/240
f 1391/1640/240 1390/1639/240 1392/1641/240 1287/1536/240
f 1393/1642/434 1394/1643/434 1395/1644/528 1396/1645/528
f 1346/1595/444 1378/1627/441 1395/1644/441 1394/1643/444
f 1328/1577/430 1393/1642/430 1396/1645/430 1383/1632/430
f 1325/1574/240 1387/1636/240 1392/1641/240 1318/1567/240
f 1397/1646/266 1398/1647/266 1399/1648/266 1400/1649/266
f 1400/1649/266 1399/1648/266 1380/1629/266 1344/1593/266
f 1401/1650/238 1374/1623/238 1377/1626/238 1402/1651/238
f 1013/1262/238 1403/1652/238 1404/1653/238 1405/1654/238
f 1403/1652/238 1406/1655/238 1407/1656/238 1404/1653/238
f 1406/1655/238 1401/1650/238 1402/1651/238 1407/1656/238
f 1092/1341/240 1319/1568/240 1389/1638/240 1405/1654/240
f 1375/1624/238 1343/1592/238 1379/1628/238 1376/1625/238
f 415/538/524 423/546/522 1370/1619/523 1371/1620/525
f 856/1083/240 855/1082/240 424/547/240 416/539/240
f 1408/1657/529 1370/1619/523 1369/1618/510 1353/1602/519 1409/1658/530
f 1371/1620/525 1370/1619/523 1408/1657/529 1372/1621/526
f 1093/1342/240 1320/1569/240 1319/1568/240 1092/1341/240
f 1313/1562/240 1325/1574/240 1318/1567/240 1314/1563/240
f 1311/1560/430 1307/1556/430 1393/1642/430 1328/1577/430
f 1309/1558/441 1346/1595/444 1394/1643/444 1306/1555/441
f 1307/1556/435 1306/1555/435 1394/1643/434 1393/1642/434
f 984/1233/438 983/1232/438 1103/1352/438 1102/1351/438
f 1377/1626/238 1376/1625/238 982/1231/238 1094/1343/238
f 1378/1627/430 1346/1595/430 428/551/430 427/550/430
f 862/1089/266 426/549/266 425/548/266 863/1090/266
f 1382/1631/433 1327/1576/433 1328/1577/433 1383/1632/433
f 1385/1634/443 1321/1570/443 1327/1576/443 1382/1631/443
f 1388/1637/430 1387/1636/430 1325/1574/430 1322/1571/430
f 1385/1634/430 1388/1637/430 1322/1571/430 1321/1570/430
f 1389/1638/240 1319/1568/240 1316/1565/240 1390/1639/240
f 1390/1639/240 1316/1565/240 1318/1567/240 1392/1641/240
f 1398/1647/266 1104/1353/456 1100/1349/266 1399/1648/266
f 1399/1648/266 1100/1349/266 1103/1352/266 1380/1629/266
f 1402/1651/238 1377/1626/238 1094/1343/238 1086/1335/238
f 1405/1654/238 1404/1653/238 1089/1338/238 1092/1341/238
f 1404/1653/238 1407/1656/238 1085/1334/238 1089/1338/238
f 1407/1656/238 1402/1651/238 1086/1335/238 1085/1334/238
f 1376/1625/238 1379/1628/238 983/1232/238 982/1231/238
f 1105/1354/457 1104/1353/456 1409/1658/531 1353/1602/511
f 1111/1360/238 1096/1345/238 1343/1592/238 1375/1624/238
f 1121/1370/238 1115/1364/238 1401/1650/238 1406/1655/238
f 1118/1367/238 1121/1370/238 1406/1655/238 1403/1652/238
f 1016/1265/238 1118/1367/238 1403/1652/238 1013/1262/238
f 1115/1364/238 1114/1363/238 1374/1623/238 1401/1650/238
f 1108/1357/266 1400/1649/266 1344/1593/266 1099/1348/266
f 1107/1356/266 1397/1646/266 1400/1649/266 1108/1357/266
f 1281/1530/240 1391/1640/240 1287/1536/240 1282/1531/240
f 1015/1264/240 1014/1263/240 1391/1640/240 1281/1530/240
f 1291/1540/430 1290/1539/430 1386/1635/430 1384/1633/430
f 1290/1539/430 1286/1535/430 1285/1534/430 1386/1635/430
f 1291/1540/443 1384/1633/443 1381/1630/443 1297/1546/443
f 1297/1546/433 1381/1630/433 1292/1541/433 1295/1544/433
f 860/1087/266 413/536/266 417/540/266 861/1088/266
f 1300/1549/430 1299/1548/430 418/541/430 414/537/430
f 1114/1363/238 1111/1360/238 1375/1624/238 1374/1623/238
f 1379/1628/438 1343/1592/438 1344/1593/438 1380/1629/438
f 1396/1645/528 1395/1644/528 1302/1551/507 1293/1542/507
f 1378/1627/441 1299/1548/441 1302/1551/441 1395/1644/441
f 1383/1632/430 1396/1645/430 1293/1542/430 1292/1541/430
f 1387/1636/240 1285/1534/240 1287/1536/240 1392/1641/240
f 1405/1654/240 1389/1638/240 1014/1263/240 1013/1262/240
f 1397/1646/266 1107/1356/266 1123/1372/266 1373/1622/266
f 770/997/439 950/1188/439 1017/1266/439 767/994/439
f 714/941/238 805/1032/238 986/1235/238 715/942/238
f 805/1032/238 804/1031/238 963/1212/238 986/1235/238
f 794/1021/238 989/1238/238 993/1242/238 795/1022/238
f 892/1119/240 891/1118/240 1410/1659/240 1411/1660/240
f 1029/1278/240 1028/1277/240 1412/1661/240 1413/1662/240
f 893/1120/430 892/1119/430 1411/1660/430 1414/1663/430
f 886/1113/266 1041/1290/266 1415/1664/266 1416/1665/266
f 1033/1282/532 1032/1281/532 1417/1666/532 1418/1667/532
f 894/1121/240 893/1120/240 1414/1663/240 1419/1668/240
f 1028/1277/240 899/1126/240 1420/1669/240 1412/1661/240
f 1034/1283/240 1033/1282/240 1418/1667/240 1421/1670/240
f 899/1126/240 898/1125/240 1422/1671/240 1420/1669/240
f 1036/1285/240 1035/1284/240 1423/1672/240 1424/1673/240
f 887/1114/266 886/1113/266 1416/1665/266 1425/1674/266
f 1037/1286/533 1036/1285/533 1424/1673/533 1426/1675/533
f 898/1125/534 897/1124/534 1427/1676/534 1422/1671/534
f 1035/1284/238 1034/1283/238 1421/1670/238 1423/1672/238
f 888/1115/535 887/1114/535 1425/1674/535 1428/1677/535
f 1032/1281/536 1031/1280/536 1429/1678/536 1417/1666/536
f 889/1116/537 888/1115/537 1428/1677/537 1430/1679/537
f 1038/1287/538 1037/1286/538 1426/1675/538 1431/1680/538
f 897/1124/539 896/1123/540 1432/1681/540 1427/1676/541
f 1031/1280/542 1030/1279/542 1433/1682/542 1429/1678/542
f 896/1123/543 895/1122/543 1434/1683/543 1432/1681/543
f 1039/1288/544 1038/1287/544 1431/1680/544 1435/1684/544
f 890/1117/545 889/1116/545 1430/1679/545 1436/1685/545
f 1030/1279/546 1029/1278/546 1413/1662/546 1433/1682/546
f 895/1122/547 894/1121/547 1419/1668/547 1434/1683/547
f 1040/1289/548 1039/1288/548 1435/1684/548 1437/1686/548
f 891/1118/549 890/1117/549 1436/1685/549 1410/1659/549
f 1041/1290/266 1040/1289/266 1437/1686/266 1415/1664/266
f 1417/1666/6 1429/1678/6 1433/1682/6 1413/1662/6 1412/1661/6 1420/1669/6 1422/1671/6 1427/1676/6 1432/1681/6 1434/1683/6 1419/1668/6 1414/1663/6 1411/1660/6 1410/1659/6 1436/1685/6 1430/1679/6 1428/1677/6 1425/1674/6 1416/1665/6 1415/1664/6 1437/1686/6 1435/1684/6 1431/1680/6 1426/1675/6 1424/1673/6 1423/1672/6 1421/1670/6 1418/1667/6
f 495/1687/449 473/1688/455 474/1689/455 481/1690/455 487/1691/455 488/1692/455 477/1693/455 478/1694/455 489/1194/6 727/954/6 1056/1305/455 1438/1695/455 1248/1497/455 1238/1487/449
f 470/1148/449 469/1696/550 471/1697/550 472/1698/550 482/1699/550 485/1700/550 494/1701/550 495/1687/449 1238/1487/449 1230/1479/550 1226/1475/550 1214/1463/550 1204/1453/550 1198/1447/550 1191/1440/550 1190/1439/550 1209/1458/550 1208/1457/550 1218/1467/550 1222/1471/550 1234/1483/550 1044/1293/6 900/1127/6 737/964/6 718/945/6
f 1249/1498/266 1439/1702/266 1247/1496/266 1241/1490/266
f 1192/1441/240 1199/1448/240 1440/1703/240 1441/1704/19
f 1442/1705/240 1245/1494/240 1237/1486/240 1244/1493/240
f 1193/1442/430 1192/1441/430 1441/1704/430 1443/1706/430
f 1239/1488/266 1249/1498/266 1241/1490/266 1229/1478/266
f 1444/1707/532 1445/1708/532 1446/1709/532 1447/1710/532
f 1210/1459/240 1193/1442/6 1443/1706/240 1197/1446/240
f 1245/1494/240 1242/1491/240 1233/1482/240 1237/1486/240
f 1448/1711/240 1444/1707/240 1447/1710/240 1449/1712/19
f 1242/1491/240 1235/1484/240 1225/1474/240 1233/1482/240
f 1450/1713/533 1451/1714/533 1452/1715/533 1453/1716/533
f 1231/1480/266 1239/1488/266 1229/1478/266 1221/1470/266
f 1451/1714/240 1454/1717/6 1455/1718/240 1452/1715/240
f 1235/1484/551 1223/1472/551 1213/1462/551 1225/1474/551
f 1454/1717/238 1448/1711/238 1449/1712/238 1455/1718/238
f 1227/1476/552 1231/1480/552 1221/1470/552 1217/1466/552
f 1445/1708/536 1456/1719/536 1457/1720/536 1446/1709/536
f 1215/1464/553 1227/1476/553 1217/1466/553 1203/1452/553
f 1458/1721/554 1450/1713/554 1453/1716/554 1459/1722/554
f 1223/1472/555 1219/1468/555 1207/1456/555 1213/1462/555
f 1460/1723/556 1458/1721/556 1459/1722/556 1251/1500/556
f 1219/1468/557 1211/1460/557 1196/1445/557 1207/1456/557
f 1456/1719/558 1461/1724/558 1462/1725/558 1457/1720/558
f 1205/1454/559 1215/1464/559 1203/1452/559 1202/1451/559
f 1461/1724/560 1442/1705/560 1244/1493/560 1462/1725/560
f 1211/1460/547 1210/1459/547 1197/1446/547 1196/1445/547
f 1439/1702/561 1460/1723/561 1251/1500/561 1247/1496/561
f 1199/1448/549 1205/1454/549 1202/1451/549 1440/1703/549
f 1050/1299/240 1049/1298/240 1445/1708/240 1444/1707/240
f 1201/1450/240 1258/1507/240 1440/1703/240 1202/1451/240
f 1209/1458/240 1190/1439/240 1193/1442/240 1210/1459/240
f 1051/1300/240 1050/1299/240 1444/1707/240 1448/1711/240
f 1258/1507/240 1257/1506/240 1441/1704/240 1440/1703/240
f 1054/1303/240 1053/1302/240 1451/1714/240 1450/1713/240
f 1257/1506/505 1256/1505/505 1443/1706/505 1441/1704/505
f 1253/1502/240 1252/1501/240 1447/1710/240 1446/1709/240
f 1053/1302/240 1052/1301/240 1454/1717/240 1451/1714/240
f 1256/1505/240 1194/1443/240 1197/1446/240 1443/1706/240
f 1252/1501/240 1263/1512/240 1449/1712/240 1447/1710/240
f 1052/1301/505 1051/1300/505 1448/1711/505 1454/1717/505
f 1261/1510/240 1260/1509/240 1453/1716/240 1452/1715/240
f 1049/1298/240 1048/1297/240 1456/1719/240 1445/1708/240
f 1262/1511/240 1261/1510/240 1452/1715/240 1455/1718/240
f 1055/1304/240 1054/1303/240 1450/1713/240 1458/1721/240
f 1263/1512/505 1262/1511/505 1455/1718/505 1449/1712/505
f 1056/1305/240 1055/1304/240 1458/1721/240 1460/1723/240
f 1254/1503/240 1253/1502/240 1446/1709/240 1457/1720/240
f 1048/1297/240 1047/1296/240 1461/1724/240 1456/1719/240
f 1260/1509/240 1259/1508/240 1459/1722/240 1453/1716/240
f 1047/1296/240 1046/1295/240 1442/1705/240 1461/1724/240
f 1259/1508/240 1250/1499/240 1251/1500/240 1459/1722/240
f 1438/1695/240 1056/1305/240 1460/1723/240 1439/1702/240
f 1255/1504/240 1254/1503/240 1457/1720/240 1462/1725/240
f 1248/1497/240 1438/1695/240 1439/1702/240 1249/1498/240
f 1243/1492/240 1255/1504/240 1462/1725/240 1244/1493/240
f 1046/1295/240 1045/1294/240 1245/1494/240 1442/1705/240
f 1463/1726/19 1464/1727/19 1465/1728/19 1466/1729/19 1467/1730/19 1468/1731/19 1469/1732/19 1068/1317/19 1067/1316/19 1470/1733/19 1471/1734/19 1472/1735/19 1473/1736/19 1474/1737/19 1475/1738/19 1476/1739/19 1477/1740/19 1478/1741/19 928/1166/19 792/1019/19
f 909/1136/19 1463/1726/19 792/1019/19 735/962/19
f 1478/1741/19 1479/1742/19 1480/1743/19 1481/1744/19 1482/1745/19 1078/1327/19 1077/1326/19 929/1167/19 928/1166/19
f 1079/1328/266 1078/1327/266 1483/1746/266 1484/1747/266
f 906/1133/562 905/1132/562 1485/1748/562 1486/1749/562
f 1078/1327/266 1482/1745/266 1487/1750/266 1483/1746/266
f 1467/1730/563 1466/1729/563 1488/1751/563 1489/1752/563
f 1470/1733/240 1067/1316/240 1490/1753/240 1491/1754/240
f 907/1134/564 906/1133/564 1486/1749/564 1492/1755/564
f 1471/1734/565 1470/1733/565 1491/1754/565 1493/1756/565
f 908/1135/240 907/1134/240 1492/1755/240 1494/1757/240
f 1075/1324/240 1074/1323/240 1495/1758/240 1496/1759/240
f 1482/1745/566 1481/1744/566 1497/1760/566 1487/1750/566
f 1463/1726/430 909/1136/430 1498/1761/430 1499/1762/430
f 1074/1323/567 1073/1322/568 1500/1763/568 1495/1758/567
f 1481/1744/569 1480/1743/569 1501/1764/569 1497/1760/569
f 909/1136/430 908/1135/430 1494/1757/430 1498/1761/430
f 1023/1272/570 1022/1271/571 1502/1765/571 1503/1766/570
f 1472/1735/572 1471/1734/572 1493/1756/572 1504/1767/572
f 1465/1728/240 1464/1727/240 1505/1768/240 1506/1769/240
f 1022/1271/240 1021/1270/240 1507/1770/240 1502/1765/240
f 1480/1743/573 1479/1742/573 1508/1771/573 1501/1764/573
f 1466/1729/574 1465/1728/574 1506/1769/574 1488/1751/574
f 1018/1267/238 1075/1324/238 1496/1759/238 1509/1772/238
f 1473/1736/575 1472/1735/575 1504/1767/575 1510/1773/575
f 1464/1727/430 1463/1726/430 1499/1762/430 1505/1768/430
f 1019/1268/238 1018/1267/238 1509/1772/238 1511/1774/238
f 1478/1741/576 1477/1740/577 1512/1775/577 1513/1776/576
f 1021/1270/238 1019/1268/238 1511/1774/238 1507/1770/238
f 1474/1737/578 1473/1736/578 1510/1773/578 1514/1777/578
f 1073/1322/579 1072/1321/579 1515/1778/579 1500/1763/579
f 1475/1738/240 1474/1737/19 1514/1777/240 1516/1779/6
f 1059/1308/240 1058/1307/6 1517/1780/240 1518/1781/6
f 1024/1273/580 1023/1272/580 1503/1766/580 1519/1782/580
f 1477/1740/240 1476/1739/240 1520/1783/240 1512/1775/240
f 1058/1307/581 1057/1306/582 1521/1784/582 1517/1780/581
f 1072/1321/583 1071/1320/583 1522/1785/583 1515/1778/583
f 1479/1742/584 1478/1741/576 1513/1776/576 1508/1771/584
f 1057/1306/582 1083/1332/581 1523/1786/581 1521/1784/582
f 1025/1274/585 1024/1273/585 1519/1782/585 1524/1787/585
f 1476/1739/430 1475/1738/430 1516/1779/430 1520/1783/430
f 1062/1311/586 1061/1310/586 1525/1788/586 1526/1789/586
f 1071/1320/587 1070/1319/587 1527/1790/587 1522/1785/587
f 1061/1310/240 1060/1309/240 1528/1791/240 1525/1788/240
f 1026/1275/588 1025/1274/588 1524/1787/588 1529/1792/588
f 1060/1309/238 1059/1308/238 1518/1781/238 1528/1791/238
f 1027/1276/240 1026/1275/240 1529/1792/240 1530/1793/240
f 1083/1332/589 1082/1331/589 1531/1794/589 1523/1786/589
f 1070/1319/590 1069/1318/591 1532/1795/591 1527/1790/590
f 1063/1312/592 1062/1311/592 1526/1789/592 1533/1796/592
f 1069/1318/591 1068/1317/593 1534/1797/593 1532/1795/591
f 1082/1331/594 1081/1330/594 1535/1798/594 1531/1794/594
f 1068/1317/593 1469/1732/266 1536/1799/266 1534/1797/593
f 1064/1313/585 1063/1312/585 1533/1796/585 1537/1800/585
f 902/1129/240 1027/1276/240 1530/1793/240 1538/1801/240
f 1081/1330/595 1080/1329/595 1539/1802/595 1535/1798/595
f 903/1130/240 902/1129/240 1538/1801/240 1540/1803/240
f 1065/1314/588 1064/1313/588 1537/1800/588 1541/1804/588
f 904/1131/596 903/1130/597 1540/1803/596 1542/1805/596
f 1066/1315/240 1065/1314/240 1541/1804/240 1543/1806/240
f 1469/1732/598 1468/1731/598 1544/1807/598 1536/1799/598
f 1080/1329/266 1079/1328/266 1484/1747/266 1539/1802/266
f 1468/1731/569 1467/1730/569 1489/1752/569 1544/1807/569
f 1067/1316/240 1066/1315/240 1543/1806/240 1490/1753/240
f 905/1132/572 904/1131/572 1542/1805/572 1485/1748/572
f 1496/1759/19 1495/1758/19 1500/1763/19 1515/1778/19 1522/1785/19 1527/1790/19 1532/1795/19 1534/1797/19 1536/1799/19 1544/1807/19 1489/1752/19 1488/1751/19 1506/1769/19 1505/1768/19 1499/1762/19 1498/1761/19 1494/1757/19 1492/1755/19 1486/1749/19 1485/1748/19 1542/1805/19 1540/1803/19 1538/1801/19 1530/1793/19 1529/1792/19 1524/1787/19 1519/1782/19 1503/1766/19 1502/1765/19 1507/1770/19 1511/1774/19 1509/1772/19
f 1518/1781/19 1517/1780/19 1521/1784/19 1523/1786/19 1531/1794/19 1535/1798/19 1539/1802/19 1484/1747/19 1483/1746/19 1487/1750/19 1497/1760/19 1501/1764/19 1508/1771/19 1513/1776/19 1512/1775/19 1520/1783/19 1516/1779/19 1514/1777/19 1510/1773/19 1504/1767/19 1493/1756/19 1491/1754/19 1490/1753/19 1543/1806/19 1541/1804/19 1537/1800/19 1533/1796/19 1526/1789/19 1525/1788/19 1528/1791/19
f 824/1051/430 823/1050/430 946/1184/430 791/1018/430
f 1545/1808/430 1546/1809/430 1547/1810/430 1548/1811/430 1549/1812/430 1550/1813/430 1551/1814/430 1552/1815/430 1553/1816/430
f 1554/1817/430 1555/1818/430 1556/1819/430 1557/1820/430 1558/1821/430 1559/1822/430
f 1560/1823/430 1561/1824/430 1562/1825/430 1563/1826/430 1564/1827/430 1565/1828/430
f 1566/1829/430 1567/1830/430 1568/1831/430 1569/1832/430 1570/1833/430 1571/1834/430 1572/1835/430 1573/1836/430 1574/1837/430 1575/1838/430 1576/1839/430 1577/1840/430
f 1578/1841/599 1579/1842/599 1580/1843/599 1581/1844/599
f 1581/1844/600 1580/1843/600 1582/1845/600 1583/1846/600
f 1583/1846/601 1582/1845/601 1584/1847/601 1585/1848/601
f 1585/1849/602 1584/1850/602 1586/1851/602 1587/1852/602
f 1588/1853/430 1589/1854/430 1590/1855/430 1591/1856/430 1592/1857/430 1593/1858/430 1594/1859/430 1595/1860/430 1596/1861/430 1597/1862/430 1598/1863/430 1599/1864/430
f 1600/1865/603 1601/1866/603 1602/1867/603 1603/1868/603
f 1603/1868/604 1602/1867/604 1604/1869/604 1605/1870/604
f 1605/1870/605 1604/1869/605 1606/1871/605 1607/1872/605
f 1607/1873/606 1606/1874/606 1608/1875/606 1609/1876/606
f 1609/1876/266 1608/1875/266 1610/1877/266 1611/1878/266
f 1612/1879/430 1613/1880/430 1614/1881/430 1615/1882/430 1616/1883/430 1617/1884/430 1618/1885/430 1619/1886/430 1620/1887/430 1621/1888/430 1622/1889/430 1623/1890/430 1624/1891/430 1625/1892/430 1626/1893/430 1627/1894/430
f 1628/1895/430 1629/1896/430 1630/1897/430 1631/1898/430 1632/1899/430 1633/1900/430 1634/1901/430 1635/1902/430 1636/1903/430 1637/1904/430 1638/1905/430 1639/1906/430 1640/1907/430 1641/1908/430 1642/1909/430 1643/1910/430
f 1644/1911/430 1645/1912/430 1646/1913/430 1647/1914/430 1648/1915/430 1649/1916/430 1650/1917/430 1651/1918/430 1652/1919/430 1653/1920/430 1654/1921/430 1655/1922/430 1656/1923/430 1657/1924/430 1658/1925/430 1659/1926/430
f 1660/1927/430 1661/1928/430 1662/1929/430 1663/1930/430 1664/1931/430 1665/1932/430 1666/1933/430 1667/1934/430 1668/1935/430 1669/1936/430 1670/1937/430 1671/1938/430 1672/1939/430 1673/1940/430 1674/1941/430 1675/1942/430
f 1676/1943/430 1677/1944/430 1678/1945/430 1679/1946/430 1680/1947/430 1681/1948/430 1682/1949/430 1683/1950/430 1684/1951/430 1685/1952/430 1686/1953/430 1687/1954/430 1688/1955/430 1689/1956/430 1690/1957/430 1691/1958/430
f 1692/1959/430 1693/1960/430 1694/1961/430 1695/1962/430 1696/1963/430 1697/1964/430 1698/1965/430 1699/1966/430 1700/1967/430 1701/1968/430 1702/1969/430 1703/1970/430 1704/1971/430 1705/1972/430 1706/1973/430 1707/1974/430
f 1708/1975/430 1709/1976/430 1710/1977/430 1711/1978/430 1712/1979/430 1713/1980/430 1714/1981/430 1715/1982/430 1716/1983/430 1717/1984/430 1718/1985/430 1719/1986/430 1720/1987/430 1721/1988/430 1722/1989/430 1723/1990/430
f 1724/1991/430 1725/1992/430 1726/1993/430 1727/1994/430 1728/1995/430 1729/1996/430 1730/1997/430 1731/1998/430 1732/1999/430 1733/2000/430 1734/2001/430 1735/2002/430 1736/2003/430 1737/2004/430 1738/2005/430 1739/2006/430
f 1740/2007/430 1741/2008/430 1742/2009/430 1743/2010/430 1744/2011/430 1745/2012/430 1746/2013/430 1747/2014/430 1748/2015/430 1749/2016/430 1750/2017/430 1751/2018/430 1752/2019/430 1753/2020/430 1754/2021/430 1755/2022/430
f 1756/2023/430 1757/2024/430 1758/2025/430 1759/2026/430 1760/2027/430 1761/2028/430 1762/2029/430 1763/2030/430 1764/2031/430 1765/2032/430 1766/2033/430 1767/2034/430 1768/2035/430 1769/2036/430 1770/2037/430 1771/2038/430
f 1772/2039/430 1773/2040/430 1774/2041/430 1775/2042/430 1776/2043/430 1777/2044/430 1778/2045/430 1779/2046/430 1780/2047/430 1781/2048/430 1782/2049/430 1783/2050/430 1784/2051/430 1785/2052/430 1786/2053/430 1787/2054/430
f 1788/2055/430 1789/2056/430 1790/2057/430 1791/2058/430 1792/2059/430 1793/2060/430 1794/2061/430 1795/2062/430 1796/2063/430 1797/2064/430 1798/2065/430 1799/2066/430 1800/2067/430 1801/2068/430 1802/2069/430 1803/2070/430
f 1804/2071/430 1805/2072/430 1806/2073/430 1807/2074/430 1808/2075/430 1809/2076/430 1810/2077/430 1811/2078/430 1812/2079/430 1813/2080/430 1814/2081/430 1815/2082/430 1816/2083/430 1817/2084/430 1818/2085/430 1819/2086/430
f 1820/2087/430 1821/2088/430 1822/2089/430 1823/2090/430 1824/2091/430 1825/2092/430 1826/2093/430 1827/2094/430 1828/2095/430 1829/2096/430 1830/2097/430 1831/2098/430 1832/2099/430 1833/2100/430 1834/2101/430 1835/2102/430
f 1836/2103/430 1837/2104/430 1838/2105/430 1839/2106/430 1840/2107/430 1841/2108/430 1842/2109/430 1843/2110/430 1844/2111/430 1845/2112/430 1846/2113/430 1847/2114/430 1848/2115/430 1849/2116/430 1850/2117/430 1851/2118/430
f 1852/2119/430 1853/2120/430 1854/2121/430 1855/2122/430 1856/2123/430 1857/2124/430 1858/2125/430 1859/2126/430 1860/2127/430 1861/2128/430 1862/2129/430 1863/2130/430 1864/2131/430 1865/2132/430 1866/2133/430 1867/2134/430
f 1868/2135/430 1869/2136/430 1870/2137/430 1871/2138/430 1872/2139/430 1873/2140/430 1874/2141/430 1875/2142/430 1876/2143/430 1877/2144/430 1878/2145/430 1879/2146/430 1880/2147/430 1881/2148/430 1882/2149/430 1883/2150/430
f 1884/2151/430 1885/2152/430 1886/2153/430 1887/2154/430 1888/2155/430 1889/2156/430 1890/2157/430 1891/2158/430 1892/2159/430 1893/2160/430 1894/2161/430 1895/2162/430 1896/2163/430 1897/2164/430 1898/2165/430 1899/2166/430
f 1900/2167/430 1901/2168/430 1902/2169/430 1903/2170/430 1904/2171/430 1905/2172/430 1906/2173/430 1907/2174/430 1908/2175/430 1909/2176/430 1910/2177/430 1911/2178/430 1912/2179/430 1913/2180/430 1914/2181/430 1915/2182/430
f 1916/2183/430 1917/2184/430 1918/2185/430 1919/2186/430 1920/2187/430 1921/2188/430 1922/2189/430 1923/2190/430 1924/2191/430 1925/2192/430 1926/2193/430 1927/2194/430 1928/2195/430 1929/2196/430 1930/2197/430 1931/2198/430
f 1932/2199/430 1933/2200/430 1934/2201/430 1935/2202/430 1936/2203/430 1937/2204/430 1938/2205/430 1939/2206/430 1940/2207/430 1941/2208/430 1942/2209/430 1943/2210/430 1944/2211/430 1945/2212/430 1946/2213/430 1947/2214/430
f 1948/2215/430 1949/2216/430 1950/2217/430 1951/2218/430 1952/2219/430 1953/2220/430 1954/2221/430 1955/2222/430 1956/2223/430 1957/2224/430 1958/2225/430 1959/2226/430 1960/2227/430 1961/2228/430 1962/2229/430 1963/2230/430
f 1964/2231/430 1965/2232/430 1966/2233/430 1967/2234/430 1968/2235/430 1969/2236/430 1970/2237/430 1971/2238/430 1972/2239/430 1973/2240/430 1974/2241/430 1975/2242/430 1976/2243/430 1977/2244/430 1978/2245/430 1979/2246/430
f 1980/2247/430 1981/2248/430 1982/2249/430 1983/2250/430 1984/2251/430 1985/2252/430 1986/2253/430 1987/2254/430 1988/2255/430 1989/2256/430 1990/2257/430 1991/2258/430 1992/2259/430 1993/2260/430 1994/2261/430 1995/2262/430
f 1996/2263/430 1997/2264/430 1998/2265/430 1999/2266/430 2000/2267/430 2001/2268/430 2002/2269/430 2003/2270/430 2004/2271/430 2005/2272/430 2006/2273/430 2007/2274/430 2008/2275/430 2009/2276/430 2010/2277/430 2011/2278/430
f 2012/2279/430 2013/2280/430 2014/2281/430 2015/2282/430 2016/2283/430 2017/2284/430 2018/2285/430 2019/2286/430 2020/2287/430 2021/2288/430 2022/2289/430 2023/2290/430 2024/2291/430 2025/2292/430 2026/2293/430 2027/2294/430
f 2028/2295/430 2029/2296/430 2030/2297/430 2031/2298/430 2032/2299/430 2033/2300/430 2034/2301/430 2035/2302/430 2036/2303/430 2037/2304/430 2038/2305/430 2039/2306/430 2040/2307/430 2041/2308/430 2042/2309/430 2043/2310/430
f 2044/2311/430 2045/2312/430 2046/2313/430 2047/2314/430 2048/2315/430 2049/2316/430 2050/2317/430 2051/2318/430 2052/2319/430 2053/2320/430 2054/2321/430 2055/2322/430 2056/2323/430 2057/2324/430 2058/2325/430 2059/2326/430
f 2060/2327/430 2061/2328/430 2062/2329/430 2063/2330/430 2064/2331/430 2065/2332/430 2066/2333/430 2067/2334/430 2068/2335/430 2069/2336/430 2070/2337/430 2071/2338/430 2072/2339/430 2073/2340/430 2074/2341/430 2075/2342/430
f 2076/2343/430 2077/2344/430 2078/2345/430 2079/2346/430 2080/2347/430 2081/2348/430 2082/2349/430 2083/2350/430 2084/2351/430 2085/2352/430 2086/2353/430 2087/2354/430 2088/2355/430 2089/2356/430 2090/2357/430 2091/2358/430
f 2092/2359/430 2093/2360/430 2094/2361/430 2095/2362/430 2096/2363/430 2097/2364/430 2098/2365/430 2099/2366/430 2100/2367/430 2101/2368/430 2102/2369/430 2103/2370/430 2104/2371/430 2105/2372/430 2106/2373/430 2107/2374/430
f 2108/2375/430 2109/2376/430 2110/2377/430 2111/2378/430 2112/2379/430 2113/2380/430 2114/2381/430 2115/2382/430 2116/2383/430 2117/2384/430 2118/2385/430 2119/2386/430 2120/2387/430 2121/2388/430 2122/2389/430 2123/2390/430
f 2124/2391/430 2125/2392/430 2126/2393/430 2127/2394/430 2128/2395/430 2129/2396/430 2130/2397/430 2131/2398/430 2132/2399/430 2133/2400/430 2134/2401/430 2135/2402/430 2136/2403/430 2137/2404/430 2138/2405/430 2139/2406/430
f 2140/2407/430 2141/2408/430 2142/2409/430 2143/2410/430 2144/2411/430 2145/2412/430 2146/2413/430 2147/2414/430 2148/2415/430 2149/2416/430 2150/2417/430 2151/2418/430 2152/2419/430 2153/2420/430 2154/2421/430 2155/2422/430
f 2156/2423/430 2157/2424/430 2158/2425/430 2159/2426/430 2160/2427/430 2161/2428/430 2162/2429/430 2163/2430/430 2164/2431/430 2165/2432/430 2166/2433/430 2167/2434/430 2168/2435/430 2169/2436/430 2170/2437/430 2171/2438/430
f 2172/2439/430 2173/2440/430 2174/2441/430 2175/2442/430 2176/2443/430 2177/2444/430 2178/2445/430 2179/2446/430 2180/2447/430 2181/2448/430 2182/2449/430 2183/2450/430 2184/2451/430 2185/2452/430 2186/2453/430 2187/2454/430
f 2188/2455/430 2189/2456/430 2190/2457/430 2191/2458/430 2192/2459/430 2193/2460/430 2194/2461/430 2195/2462/430 2196/2463/430 2197/2464/430 2198/2465/430 2199/2466/430 2200/2467/430 2201/2468/430 2202/2469/430 2203/2470/430
f 2204/2471/430 2205/2472/430 2206/2473/430 2207/2474/430 2208/2475/430 2209/2476/430 2210/2477/430 2211/2478/430 2212/2479/430 2213/2480/430 2214/2481/430 2215/2482/430 2216/2483/430 2217/2484/430 2218/2485/430 2219/2486/430
f 2220/2487/430 2221/2488/430 2222/2489/430 2223/2490/430 2224/2491/430 2225/2492/430 2226/2493/430 2227/2494/430 2228/2495/430 2229/2496/430 2230/2497/430 2231/2498/430 2232/2499/430 2233/2500/430 2234/2501/430 2235/2502/430
f 2236/2503/430 2237/2504/430 2238/2505/430 2239/2506/430 2240/2507/430 2241/2508/430 2242/2509/430 2243/2510/430 2244/2511/430 2245/2512/430 2246/2513/430 2247/2514/430 2248/2515/430 2249/2516/430 2250/2517/430 2251/2518/430
f 2252/2519/430 2253/2520/430 2254/2521/430 2255/2522/430 2256/2523/430 2257/2524/430 2258/2525/430 2259/2526/430 2260/2527/430 2261/2528/430 2262/2529/430 2263/2530/430 2264/2531/430 2265/2532/430 2266/2533/430 2267/2534/430
f 2268/2535/430 2269/2536/430 2270/2537/430 2271/2538/430 2272/2539/430 2273/2540/430 2274/2541/430 2275/2542/430 2276/2543/430 2277/2544/430 2278/2545/430 2279/2546/430 2280/2547/430 2281/2548/430 2282/2549/430 2283/2550/430
f 2284/2551/430 2285/2552/430 2286/2553/430 2287/2554/430 2288/2555/430 2289/2556/430 2290/2557/430 2291/2558/430 2292/2559/430 2293/2560/430 2294/2561/430 2295/2562/430 2296/2563/430 2297/2564/430 2298/2565/430 2299/2566/430
f 2300/2567/430 2301/2568/430 2302/2569/430 2303/2570/430 2304/2571/430 2305/2572/430 2306/2573/430 2307/2574/430 2308/2575/430 2309/2576/430 2310/2577/430 2311/2578/430 2312/2579/430 2313/2580/430 2314/2581/430 2315/2582/430
f 2316/2583/430 2317/2584/430 2318/2585/430 2319/2586/430 2320/2587/430 2321/2588/430 2322/2589/430 2323/2590/430 2324/2591/430 2325/2592/430 2326/2593/430 2327/2594/430 2328/2595/430 2329/2596/430 2330/2597/430 2331/2598/430
f 2332/2599/430 2333/2600/430 2334/2601/430 2335/2602/430 2336/2603/430 2337/2604/430 2338/2605/430 2339/2606/430 2340/2607/430 2341/2608/430 2342/2609/430 2343/2610/430 2344/2611/430 2345/2612/430 2346/2613/430 2347/2614/430
f 2348/2615/430 2349/2616/430 2350/2617/430 2351/2618/430 2352/2619/430 2353/2620/430 2354/2621/430 2355/2622/430 2356/2623/430 2357/2624/430 2358/2625/430 2359/2626/430 2360/2627/430 2361/2628/430 2362/2629/430 2363/2630/430
f 2364/2631/430 2365/2632/430 2366/2633/430 2367/2634/430 2368/2635/430 2369/2636/430 2370/2637/430 2371/2638/430 2372/2639/430 2373/2640/430 2374/2641/430 2375/2642/430 2376/2643/430 2377/2644/430 2378/2645/430 2379/2646/430
f 2380/2647/430 2381/2648/430 2382/2649/430 2383/2650/430 2384/2651/430 2385/2652/430 2386/2653/430 2387/2654/430 2388/2655/430 2389/2656/430 2390/2657/430 2391/2658/430 2392/2659/430 2393/2660/430 2394/2661/430 2395/2662/430
f 2396/2663/430 2397/2664/430 2398/2665/430 2399/2666/430 2400/2667/430 2401/2668/430 2402/2669/430 2403/2670/430 2404/2671/430 2405/2672/430 2406/2673/430 2407/2674/430 2408/2675/430 2409/2676/430 2410/2677/430 2411/2678/430
f 2412/2679/430 2413/2680/430 2414/2681/430 2415/2682/430 2416/2683/430 2417/2684/430 2418/2685/430 2419/2686/430 2420/2687/430 2421/2688/430 2422/2689/430 2423/2690/430 2424/2691/430 2425/2692/430 2426/2693/430 2427/2694/430
f 2428/2695/430 2429/2696/430 2430/2697/430 2431/2698/430 2432/2699/430 2433/2700/430 2434/2701/430 2435/2702/430 2436/2703/430 2437/2704/430 2438/2705/430 2439/2706/430 2440/2707/430 2441/2708/430 2442/2709/430 2443/2710/430
f 2444/2711/430 2445/2712/430 2446/2713/430 2447/2714/430 2448/2715/430 2449/2716/430 2450/2717/430 2451/2718/430 2452/2719/430 2453/2720/430 2454/2721/430 2455/2722/430 2456/2723/430 2457/2724/430 2458/2725/430 2459/2726/430
f 2460/2727/430 2461/2728/430 2462/2729/430 2463/2730/430 2464/2731/430 2465/2732/430 2466/2733/430 2467/2734/430 2468/2735/430 2469/2736/430 2470/2737/430 2471/2738/430 2472/2739/430 2473/2740/430 2474/2741/430 2475/2742/430
f 2476/2743/430 2477/2744/430 2478/2745/430 2479/2746/430 2480/2747/430 2481/2748/430 2482/2749/430 2483/2750/430 2484/2751/430 2485/2752/430 2486/2753/430 2487/2754/430 2488/2755/430 2489/2756/430 2490/2757/430 2491/2758/430
f 2492/2759/430 2493/2760/430 2494/2761/430 2495/2762/430 2496/2763/430 2497/2764/430 2498/2765/430 2499/2766/430 2500/2767/430 2501/2768/430 2502/2769/430 2503/2770/430 2504/2771/430 2505/2772/430 2506/2773/430 2507/2774/430
f 2508/2775/430 2509/2776/430 2510/2777/430 2511/2778/430 2512/2779/430 2513/2780/430 2514/2781/430 2515/2782/430 2516/2783/430 2517/2784/430 2518/2785/430 2519/2786/430 2520/2787/430 2521/2788/430 2522/2789/430 2523/2790/430
f 2524/2791/430 2525/2792/430 2526/2793/430 2527/2794/430 2528/2795/430 2529/2796/430 2530/2797/430 2531/2798/430 2532/2799/430 2533/2800/430 2534/2801/430 2535/2802/430 2536/2803/430 2537/2804/430 2538/2805/430 2539/2806/430
f 2540/2807/430 2541/2808/430 2542/2809/430 2543/2810/430 2544/2811/430 2545/2812/430 2546/2813/430 2547/2814/430 2548/2815/430 2549/2816/430 2550/2817/430 2551/2818/430 2552/2819/430 2553/2820/430 2554/2821/430 2555/2822/430
f 2556/2823/430 2557/2824/430 2558/2825/430 2559/2826/430 2560/2827/430 2561/2828/430 2562/2829/430 2563/2830/430 2564/2831/430 2565/2832/430 2566/2833/430 2567/2834/430 2568/2835/430 2569/2836/430 2570/2837/430 2571/2838/430
f 2572/2839/430 2573/2840/430 2574/2841/430 2575/2842/430 2576/2843/430 2577/2844/430 2578/2845/430 2579/2846/430 2580/2847/430 2581/2848/430 2582/2849/430 2583/2850/430 2584/2851/430 2585/2852/430 2586/2853/430 2587/2854/430
f 2588/2855/430 2589/2856/430 2590/2857/430 2591/2858/430 2592/2859/430 2593/2860/430 2594/2861/430 2595/2862/430 2596/2863/430 2597/2864/430 2598/2865/430 2599/2866/430 2600/2867/430 2601/2868/430 2602/2869/430 2603/2870/430
f 2604/2871/430 2605/2872/430 2606/2873/430 2607/2874/430 2608/2875/430 2609/2876/430 2610/2877/430 2611/2878/430 2612/2879/430 2613/2880/430 2614/2881/430 2615/2882/430 2616/2883/430 2617/2884/430 2618/2885/430 2619/2886/430
f 2620/2887/238 2621/2888/238 2622/2889/238 2623/2890/238 2624/2891/238 2625/2892/238 2626/2893/238 2627/2894/238 2628/2895/238 2629/2896/238 2630/2897/238 2631/2898/238
f 1578/2899/240 1566/2900/240 1577/2901/240 1579/2902/240
f 1577/2901/6 1576/2903/6 2621/2888/6 2620/2887/6
f 1567/2904/19 1566/2900/19 2631/2898/19 2630/2897/19
f 1586/1851/6 1584/1850/6 1582/2905/6 1580/2906/6 1579/2902/6 1577/2901/6 2620/2887/6 2632/2907/6
f 2632/2907/238 2620/2887/238 2631/2898/238 2633/2908/238
f 1566/2900/19 1578/2899/19 1581/2909/19 1583/2910/19 1585/1849/19 1587/1852/19 2633/2908/19 2631/2898/19
f 1587/1852/240 1586/1851/240 2632/2907/240 2633/2908/240
f 1572/2911/607 2625/2892/607 2624/2891/607 1573/2912/607
f 1573/2912/608 2624/2891/608 2623/2890/608 1574/2913/608
f 1574/2913/609 2623/2890/609 2622/2889/609 1575/2914/609
f 1575/2914/610 2622/2889/610 2621/2888/610 1576/2903/610
f 1567/2904/611 2630/2897/611 2629/2896/611 1568/2915/611
f 1568/2915/612 2629/2896/612 2628/2895/612 1569/2916/612
f 1569/2916/613 2628/2895/613 2627/2894/613 1570/2917/613
f 1570/2917/614 2627/2894/614 2626/2893/614 1571/2918/614
f 1572/2911/266 1571/2918/266 2626/2893/266 2625/2892/266
f 2634/2919/238 2635/2920/238 2636/2921/238 2637/2922/238 2638/2923/238 2639/2924/238 2640/2925/238 2641/2926/238 2642/2927/238 2643/2928/238 2644/2929/238 2645/2930/238
f 1600/2931/240 1588/2932/240 1599/2933/240 1601/2934/240
f 1599/2933/19 1598/2935/19 2635/2920/19 2634/2919/19
f 1589/2936/6 1588/2932/6 2645/2930/6 2644/2929/6
f 1608/1875/19 1606/1874/19 1604/2937/19 1602/2938/19 1601/2934/19 1599/2933/19 2634/2919/19 1610/1877/19
f 1610/1877/238 2634/2919/238 2645/2930/238 1611/1878/238
f 1588/2932/6 1600/2931/6 1603/2939/6 1605/2940/6 1607/1873/6 1609/1876/6 1611/1878/6 2645/2930/6
f 1594/2941/615 2639/2924/615 2638/2923/615 1595/2942/615
f 1595/2942/616 2638/2923/616 2637/2922/616 1596/2943/616
f 1596/2943/617 2637/2922/617 2636/2921/617 1597/2944/617
f 1597/2944/618 2636/2921/618 2635/2920/618 1598/2935/618
f 1589/2936/619 2644/2929/619 2643/2928/619 1590/2945/619
f 1590/2945/620 2643/2928/620 2642/2927/620 1591/2946/620
f 1591/2946/621 2642/2927/621 2641/2926/621 1592/2947/621
f 1592/2947/622 2641/2926/622 2640/2925/622 1593/2948/622
f 1594/2941/240 1593/2948/240 2640/2925/240 2639/2924/240
f 2646/2949/238 2647/2950/238 2648/2951/238 2649/2952/238 2650/2953/238 2651/2954/238 2652/2955/238 2653/2956/238 2654/2957/238 2655/2958/238 2656/2959/238 2657/2960/238 2658/2961/238 2659/2962/238 2660/2963/238 2661/2964/238
f 1616/2965/6 1615/2966/6 2658/2961/6 2657/2960/6
f 1612/2967/266 1627/2968/266 2646/2949/266 2661/2964/266
f 1620/2969/240 1619/2970/240 2654/2957/240 2653/2956/240
f 2646/2949/623 1627/2968/623 1626/2971/623 2647/2950/623
f 2647/2950/624 1626/2971/624 1625/2972/624 2648/2951/624
f 2648/2951/625 1625/2972/625 1624/2973/625 2649/2952/625
f 1620/2969/626 2653/2956/626 2652/2955/626 1621/2974/626
f 1621/2974/627 2652/2955/627 2651/2954/627 1622/2975/627
f 1622/2975/628 2651/2954/628 2650/2953/628 1623/2976/628
f 1616/2965/629 2657/2960/629 2656/2959/629 1617/2977/629
f 1617/2977/630 2656/2959/630 2655/2958/630 1618/2978/630
f 1618/2978/631 2655/2958/631 2654/2957/631 1619/2970/631
f 1612/2967/632 2661/2964/632 2660/2963/632 1613/2979/632
f 1613/2979/633 2660/2963/633 2659/2962/633 1614/2980/633
f 1614/2980/634 2659/2962/634 2658/2961/634 1615/2966/634
f 1624/2973/19 1623/2976/19 2650/2953/19 2649/2952/19
f 2662/2981/238 2663/2982/238 2664/2983/238 2665/2984/238 2666/2985/238 2667/2986/238 2668/2987/238 2669/2988/238 2670/2989/238 2671/2990/238 2672/2991/238 2673/2992/238 2674/2993/238 2675/2994/238 2676/2995/238 2677/2996/238
f 1632/2997/6 1631/2998/6 2674/2993/6 2673/2992/6
f 1628/2999/266 1643/3000/266 2662/2981/266 2677/2996/266
f 1636/3001/240 1635/3002/240 2670/2989/240 2669/2988/240
f 2662/2981/635 1643/3000/635 1642/3003/635 2663/2982/635
f 2663/2982/624 1642/3003/624 1641/3004/624 2664/2983/624
f 2664/2983/636 1641/3004/636 1640/3005/636 2665/2984/636
f 1636/3001/637 2669/2988/637 2668/2987/637 1637/3006/637
f 1637/3006/638 2668/2987/638 2667/2986/638 1638/3007/638
f 1638/3007/628 2667/2986/628 2666/2985/628 1639/3008/628
f 1632/2997/639 2673/2992/639 2672/2991/639 1633/3009/639
f 1633/3009/640 2672/2991/640 2671/2990/640 1634/3010/640
f 1634/3010/631 2671/2990/631 2670/2989/631 1635/3002/631
f 1628/2999/632 2677/2996/632 2676/2995/632 1629/3011/632
f 1629/3011/641 2676/2995/641 2675/2994/641 1630/3012/641
f 1630/3012/642 2675/2994/642 2674/2993/642 1631/2998/642
f 1640/3005/19 1639/3008/19 2666/2985/19 2665/2984/19
f 2678/3013/238 2679/3014/238 2680/3015/238 2681/3016/238 2682/3017/238 2683/3018/238 2684/3019/238 2685/3020/238 2686/3021/238 2687/3022/238 2688/3023/238 2689/3024/238 2690/3025/238 2691/3026/238 2692/3027/238 2693/3028/238
f 1648/3029/6 1647/3030/6 2690/3025/6 2689/3024/6
f 1644/3031/266 1659/3032/266 2678/3013/266 2693/3028/266
f 1652/3033/240 1651/3034/240 2686/3021/240 2685/3020/240
f 2678/3013/635 1659/3032/635 1658/3035/635 2679/3014/635
f 2679/3014/624 1658/3035/624 1657/3036/624 2680/3015/624
f 2680/3015/636 1657/3036/636 1656/3037/636 2681/3016/636
f 1652/3033/637 2685/3020/637 2684/3019/637 1653/3038/637
f 1653/3038/638 2684/3019/638 2683/3018/638 1654/3039/638
f 1654/3039/628 2683/3018/628 2682/3017/628 1655/3040/628
f 1648/3029/639 2689/3024/639 2688/3023/639 1649/3041/639
f 1649/3041/640 2688/3023/640 2687/3022/640 1650/3042/640
f 1650/3042/631 2687/3022/631 2686/3021/631 1651/3034/631
f 1644/3031/632 2693/3028/632 2692/3027/632 1645/3043/632
f 1645/3043/641 2692/3027/641 2691/3026/641 1646/3044/641
f 1646/3044/642 2691/3026/642 2690/3025/642 1647/3030/642
f 1656/3037/19 1655/3040/19 2682/3017/19 2681/3016/19
f 2694/3045/238 2695/3046/238 2696/3047/238 2697/3048/238 2698/3049/238 2699/3050/238 2700/3051/238 2701/3052/238 2702/3053/238 2703/3054/238 2704/3055/238 2705/3056/238 2706/3057/238 2707/3058/238 2708/3059/238 2709/3060/238
f 1664/3061/6 1663/3062/6 2706/3057/6 2705/3056/6
f 1660/3063/266 1675/3064/266 2694/3045/266 2709/3060/266
f 1668/3065/240 1667/3066/240 2702/3053/240 2701/3052/240
f 2694/3045/623 1675/3064/623 1674/3067/623 2695/3046/623
f 2695/3046/624 1674/3067/624 1673/3068/624 2696/3047/624
f 2696/3047/636 1673/3068/636 1672/3069/636 2697/3048/636
f 1668/3065/626 2701/3052/626 2700/3051/626 1669/3070/626
f 1669/3070/638 2700/3051/638 2699/3050/638 1670/3071/638
f 1670/3071/628 2699/3050/628 2698/3049/628 1671/3072/628
f 1664/3061/629 2705/3056/629 2704/3055/629 1665/3073/629
f 1665/3073/640 2704/3055/640 2703/3054/640 1666/3074/640
f 1666/3074/643 2703/3054/643 2702/3053/643 1667/3066/643
f 1660/3063/644 2709/3060/644 2708/3059/644 1661/3075/644
f 1661/3075/641 2708/3059/641 2707/3058/641 1662/3076/641
f 1662/3076/634 2707/3058/634 2706/3057/634 1663/3062/634
f 1672/3069/19 1671/3072/19 2698/3049/19 2697/3048/19
f 2710/3077/238 2711/3078/238 2712/3079/238 2713/3080/238 2714/3081/238 2715/3082/238 2716/3083/238 2717/3084/238 2718/3085/238 2719/3086/238 2720/3087/238 2721/3088/238 2722/3089/238 2723/3090/238 2724/3091/238 2725/3092/238
f 1680/3093/6 1679/3094/6 2722/3089/6 2721/3088/6
f 1676/3095/266 1691/3096/266 2710/3077/266 2725/3092/266
f 1684/3097/240 1683/3098/240 2718/3085/240 2717/3084/240
f 2710/3077/623 1691/3096/623 1690/3099/623 2711/3078/623
f 2711/3078/645 1690/3099/645 1689/3100/645 2712/3079/645
f 2712/3079/636 1689/3100/636 1688/3101/636 2713/3080/636
f 1684/3097/626 2717/3084/626 2716/3083/626 1685/3102/626
f 1685/3102/627 2716/3083/627 2715/3082/627 1686/3103/627
f 1686/3103/628 2715/3082/628 2714/3081/628 1687/3104/628
f 1680/3093/629 2721/3088/629 2720/3087/629 1681/3105/629
f 1681/3105/630 2720/3087/630 2719/3086/630 1682/3106/630
f 1682/3106/631 2719/3086/631 2718/3085/631 1683/3098/631
f 1676/3095/632 2725/3092/632 2724/3091/632 1677/3107/632
f 1677/3107/633 2724/3091/633 2723/3090/633 1678/3108/633
f 1678/3108/634 2723/3090/634 2722/3089/634 1679/3094/634
f 1688/3101/19 1687/3104/19 2714/3081/19 2713/3080/19
f 2726/3109/238 2727/3110/238 2728/3111/238 2729/3112/238 2730/3113/238 2731/3114/238 2732/3115/238 2733/3116/238 2734/3117/238 2735/3118/238 2736/3119/238 2737/3120/238 2738/3121/238 2739/3122/238 2740/3123/238 2741/3124/238
f 1696/3125/6 1695/3126/6 2738/3121/6 2737/3120/6
f 1692/3127/266 1707/3128/266 2726/3109/266 2741/3124/266
f 1700/3129/240 1699/3130/240 2734/3117/240 2733/3116/240
f 2726/3109/635 1707/3128/635 1706/3131/635 2727/3110/635
f 2727/3110/624 1706/3131/624 1705/3132/624 2728/3111/624
f 2728/3111/636 1705/3132/636 1704/3133/636 2729/3112/636
f 1700/3129/637 2733/3116/637 2732/3115/637 1701/3134/637
f 1701/3134/638 2732/3115/638 2731/3114/638 1702/3135/638
f 1702/3135/628 2731/3114/628 2730/3113/628 1703/3136/628
f 1696/3125/639 2737/3120/639 2736/3119/639 1697/3137/639
f 1697/3137/640 2736/3119/640 2735/3118/640 1698/3138/640
f 1698/3138/631 2735/3118/631 2734/3117/631 1699/3130/631
f 1692/3127/632 2741/3124/632 2740/3123/632 1693/3139/632
f 1693/3139/641 2740/3123/641 2739/3122/641 1694/3140/641
f 1694/3140/642 2739/3122/642 2738/3121/642 1695/3126/642
f 1704/3133/19 1703/3136/19 2730/3113/19 2729/3112/19
f 2742/3141/238 2743/3142/238 2744/3143/238 2745/3144/238 2746/3145/238 2747/3146/238 2748/3147/238 2749/3148/238 2750/3149/238 2751/3150/238 2752/3151/238 2753/3152/238 2754/3153/238 2755/3154/238 2756/3155/238 2757/3156/238
f 1712/3157/6 1711/3158/6 2754/3153/6 2753/3152/6
f 1708/3159/266 1723/3160/266 2742/3141/266 2757/3156/266
f 1716/3161/240 1715/3162/240 2750/3149/240 2749/3148/240
f 2742/3141/623 1723/3160/623 1722/3163/623 2743/3142/623
f 2743/3142/624 1722/3163/624 1721/3164/624 2744/3143/624
f 2744/3143/625 1721/3164/625 1720/3165/625 2745/3144/625
f 1716/3161/626 2749/3148/626 2748/3147/626 1717/3166/626
f 1717/3166/638 2748/3147/638 2747/3146/638 1718/3167/638
f 1718/3167/646 2747/3146/646 2746/3145/646 1719/3168/646
f 1712/3157/629 2753/3152/629 2752/3151/629 1713/3169/629
f 1713/3169/640 2752/3151/640 2751/3150/640 1714/3170/640
f 1714/3170/643 2751/3150/643 2750/3149/643 1715/3162/643
f 1708/3159/644 2757/3156/644 2756/3155/644 1709/3171/644
f 1709/3171/641 2756/3155/641 2755/3154/641 1710/3172/641
f 1710/3172/634 2755/3154/634 2754/3153/634 1711/3158/634
f 1720/3165/19 1719/3168/19 2746/3145/19 2745/3144/19
f 2758/3173/238 2759/3174/238 2760/3175/238 2761/3176/238 2762/3177/238 2763/3178/238 2764/3179/238 2765/3180/238 2766/3181/238 2767/3182/238 2768/3183/238 2769/3184/238 2770/3185/238 2771/3186/238 2772/3187/238 2773/3188/238
f 1728/3189/6 1727/3190/6 2770/3185/6 2769/3184/6
f 1724/3191/266 1739/3192/266 2758/3173/266 2773/3188/266
f 1732/3193/240 1731/3194/240 2766/3181/240 2765/3180/240
f 2758/3173/635 1739/3192/635 1738/3195/635 2759/3174/635
f 2759/3174/624 1738/3195/624 1737/3196/624 2760/3175/624
f 2760/3175/636 1737/3196/636 1736/3197/636 2761/3176/636
f 1732/3193/637 2765/3180/637 2764/3179/637 1733/3198/637
f 1733/3198/638 2764/3179/638 2763/3178/638 1734/3199/638
f 1734/3199/628 2763/3178/628 2762/3177/628 1735/3200/628
f 1728/3189/629 2769/3184/629 2768/3183/629 1729/3201/629
f 1729/3201/630 2768/3183/630 2767/3182/630 1730/3202/630
f 1730/3202/631 2767/3182/631 2766/3181/631 1731/3194/631
f 1724/3191/632 2773/3188/632 2772/3187/632 1725/3203/632
f 1725/3203/633 2772/3187/633 2771/3186/633 1726/3204/633
f 1726/3204/634 2771/3186/634 2770/3185/634 1727/3190/634
f 1736/3197/19 1735/3200/19 2762/3177/19 2761/3176/19
f 2774/3205/238 2775/3206/238 2776/3207/238 2777/3208/238 2778/3209/238 2779/3210/238 2780/3211/238 2781/3212/238 2782/3213/238 2783/3214/238 2784/3215/238 2785/3216/238 2786/3217/238 2787/3218/238 2788/3219/238 2789/3220/238
f 1744/3221/6 1743/3222/6 2786/3217/6 2785/3216/6
f 1740/3223/266 1755/3224/266 2774/3205/266 2789/3220/266
f 1748/3225/240 1747/3226/240 2782/3213/240 2781/3212/240
f 2774/3205/635 1755/3224/635 1754/3227/635 2775/3206/635
f 2775/3206/624 1754/3227/624 1753/3228/624 2776/3207/624
f 2776/3207/636 1753/3228/636 1752/3229/636 2777/3208/636
f 1748/3225/637 2781/3212/637 2780/3211/637 1749/3230/637
f 1749/3230/638 2780/3211/638 2779/3210/638 1750/3231/638
f 1750/3231/628 2779/3210/628 2778/3209/628 1751/3232/628
f 1744/3221/629 2785/3216/629 2784/3215/629 1745/3233/629
f 1745/3233/640 2784/3215/640 2783/3214/640 1746/3234/640
f 1746/3234/643 2783/3214/643 2782/3213/643 1747/3226/643
f 1740/3223/644 2789/3220/644 2788/3219/644 1741/3235/644
f 1741/3235/641 2788/3219/641 2787/3218/641 1742/3236/641
f 1742/3236/634 2787/3218/634 2786/3217/634 1743/3222/634
f 1752/3229/19 1751/3232/19 2778/3209/19 2777/3208/19
f 2790/3237/238 2791/3238/238 2792/3239/238 2793/3240/238 2794/3241/238 2795/3242/238 2796/3243/238 2797/3244/238 2798/3245/238 2799/3246/238 2800/3247/238 2801/3248/238 2802/3249/238 2803/3250/238 2804/3251/238 2805/3252/238
f 1760/3253/6 1759/3254/6 2802/3249/6 2801/3248/6
f 1756/3255/266 1771/3256/266 2790/3237/266 2805/3252/266
f 1764/3257/240 1763/3258/240 2798/3245/240 2797/3244/240
f 2790/3237/635 1771/3256/635 1770/3259/635 2791/3238/635
f 2791/3238/624 1770/3259/624 1769/3260/624 2792/3239/624
f 2792/3239/636 1769/3260/636 1768/3261/636 2793/3240/636
f 1764/3257/637 2797/3244/637 2796/3243/637 1765/3262/637
f 1765/3262/638 2796/3243/638 2795/3242/638 1766/3263/638
f 1766/3263/628 2795/3242/628 2794/3241/628 1767/3264/628
f 1760/3253/639 2801/3248/639 2800/3247/639 1761/3265/639
f 1761/3265/640 2800/3247/640 2799/3246/640 1762/3266/640
f 1762/3266/631 2799/3246/631 2798/3245/631 1763/3258/631
f 1756/3255/632 2805/3252/632 2804/3251/632 1757/3267/632
f 1757/3267/641 2804/3251/641 2803/3250/641 1758/3268/641
f 1758/3268/642 2803/3250/642 2802/3249/642 1759/3254/642
f 1768/3261/19 1767/3264/19 2794/3241/19 2793/3240/19
f 2806/3269/238 2807/3270/238 2808/3271/238 2809/3272/238 2810/3273/238 2811/3274/238 2812/3275/238 2813/3276/238 2814/3277/238 2815/3278/238 2816/3279/238 2817/3280/238 2818/3281/238 2819/3282/238 2820/3283/238 2821/3284/238
f 1776/3285/6 1775/3286/6 2818/3281/6 2817/3280/6
f 1772/3287/266 1787/3288/266 2806/3269/266 2821/3284/266
f 1780/3289/240 1779/3290/240 2814/3277/240 2813/3276/240
f 2806/3269/623 1787/3288/623 1786/3291/623 2807/3270/623
f 2807/3270/624 1786/3291/624 1785/3292/624 2808/3271/624
f 2808/3271/625 1785/3292/625 1784/3293/625 2809/3272/625
f 1780/3289/647 2813/3276/647 2812/3275/647 1781/3294/647
f 1781/3294/638 2812/3275/638 2811/3274/638 1782/3295/638
f 1782/3295/646 2811/3274/646 2810/3273/646 1783/3296/646
f 1776/3285/629 2817/3280/629 2816/3279/629 1777/3297/629
f 1777/3297/640 2816/3279/640 2815/3278/640 1778/3298/640
f 1778/3298/643 2815/3278/643 2814/3277/643 1779/3290/643
f 1772/3287/644 2821/3284/644 2820/3283/644 1773/3299/644
f 1773/3299/641 2820/3283/641 2819/3282/641 1774/3300/641
f 1774/3300/634 2819/3282/634 2818/3281/634 1775/3286/634
f 1784/3293/19 1783/3296/19 2810/3273/19 2809/3272/19
f 2822/3301/238 2823/3302/238 2824/3303/238 2825/3304/238 2826/3305/238 2827/3306/238 2828/3307/238 2829/3308/238 2830/3309/238 2831/3310/238 2832/3311/238 2833/3312/238 2834/3313/238 2835/3314/238 2836/3315/238 2837/3316/238
f 1792/3317/6 1791/3318/6 2834/3313/6 2833/3312/6
f 1788/3319/266 1803/3320/266 2822/3301/266 2837/3316/266
f 1796/3321/240 1795/3322/240 2830/3309/240 2829/3308/240
f 2822/3301/635 1803/3320/635 1802/3323/635 2823/3302/635
f 2823/3302/624 1802/3323/624 1801/3324/624 2824/3303/624
f 2824/3303/636 1801/3324/636 1800/3325/636 2825/3304/636
f 1796/3321/648 2829/3308/648 2828/3307/648 1797/3326/648
f 1797/3326/638 2828/3307/638 2827/3306/638 1798/3327/638
f 1798/3327/628 2827/3306/628 2826/3305/628 1799/3328/628
f 1792/3317/639 2833/3312/639 2832/3311/639 1793/3329/639
f 1793/3329/640 2832/3311/640 2831/3310/640 1794/3330/640
f 1794/3330/649 2831/3310/649 2830/3309/649 1795/3322/649
f 1788/3319/632 2837/3316/632 2836/3315/632 1789/3331/632
f 1789/3331/641 2836/3315/641 2835/3314/641 1790/3332/641
f 1790/3332/642 2835/3314/642 2834/3313/642 1791/3318/642
f 1800/3325/19 1799/3328/19 2826/3305/19 2825/3304/19
f 2838/3333/238 2839/3334/238 2840/3335/238 2841/3336/238 2842/3337/238 2843/3338/238 2844/3339/238 2845/3340/238 2846/3341/238 2847/3342/238 2848/3343/238 2849/3344/238 2850/3345/238 2851/3346/238 2852/3347/238 2853/3348/238
f 1808/3349/6 1807/3350/6 2850/3345/6 2849/3344/6
f 1804/3351/266 1819/3352/266 2838/3333/266 2853/3348/266
f 1812/3353/240 1811/3354/240 2846/3341/240 2845/3340/240
f 2838/3333/623 1819/3352/623 1818/3355/623 2839/3334/623
f 2839/3334/624 1818/3355/624 1817/3356/624 2840/3335/624
f 2840/3335/625 1817/3356/625 1816/3357/625 2841/3336/625
f 1812/3353/647 2845/3340/647 2844/3339/647 1813/3358/647
f 1813/3358/638 2844/3339/638 2843/3338/638 1814/3359/638
f 1814/3359/646 2843/3338/646 2842/3337/646 1815/3360/646
f 1808/3349/629 2849/3344/629 2848/3343/629 1809/3361/629
f 1809/3361/640 2848/3343/640 2847/3342/640 1810/3362/640
f 1810/3362/650 2847/3342/650 2846/3341/650 1811/3354/650
f 1804/3351/644 2853/3348/644 2852/3347/644 1805/3363/644
f 1805/3363/641 2852/3347/641 2851/3346/641 1806/3364/641
f 1806/3364/634 2851/3346/634 2850/3345/634 1807/3350/634
f 1816/3357/19 1815/3360/19 2842/3337/19 2841/3336/19
f 2854/3365/238 2855/3366/238 2856/3367/238 2857/3368/238 2858/3369/238 2859/3370/238 2860/3371/238 2861/3372/238 2862/3373/238 2863/3374/238 2864/3375/238 2865/3376/238 2866/3377/238 2867/3378/238 2868/3379/238 2869/3380/238
f 1824/3381/6 1823/3382/6 2866/3377/6 2865/3376/6
f 1820/3383/266 1835/3384/266 2854/3365/266 2869/3380/266
f 1828/3385/240 1827/3386/240 2862/3373/240 2861/3372/240
f 2854/3365/635 1835/3384/635 1834/3387/635 2855/3366/635
f 2855/3366/624 1834/3387/624 1833/3388/624 2856/3367/624
f 2856/3367/651 1833/3388/651 1832/3389/651 2857/3368/651
f 1828/3385/637 2861/3372/637 2860/3371/637 1829/3390/637
f 1829/3390/652 2860/3371/652 2859/3370/652 1830/3391/652
f 1830/3391/653 2859/3370/653 2858/3369/653 1831/3392/653
f 1824/3381/639 2865/3376/639 2864/3375/639 1825/3393/639
f 1825/3393/640 2864/3375/640 2863/3374/640 1826/3394/640
f 1826/3394/649 2863/3374/649 2862/3373/649 1827/3386/649
f 1820/3383/632 2869/3380/632 2868/3379/632 1821/3395/632
f 1821/3395/641 2868/3379/641 2867/3378/641 1822/3396/641
f 1822/3396/642 2867/3378/642 2866/3377/642 1823/3382/642
f 1832/3389/19 1831/3392/19 2858/3369/19 2857/3368/19
f 2870/3397/238 2871/3398/238 2872/3399/238 2873/3400/238 2874/3401/238 2875/3402/238 2876/3403/238 2877/3404/238 2878/3405/238 2879/3406/238 2880/3407/238 2881/3408/238 2882/3409/238 2883/3410/238 2884/3411/238 2885/3412/238
f 1840/3413/6 1839/3414/6 2882/3409/6 2881/3408/6
f 1836/3415/266 1851/3416/266 2870/3397/266 2885/3412/266
f 1844/3417/240 1843/3418/240 2878/3405/240 2877/3404/240
f 2870/3397/654 1851/3416/654 1850/3419/654 2871/3398/654
f 2871/3398/655 1850/3419/655 1849/3420/655 2872/3399/655
f 2872/3399/656 1849/3420/656 1848/3421/656 2873/3400/656
f 1844/3417/657 2877/3404/657 2876/3403/657 1845/3422/657
f 1845/3422/658 2876/3403/658 2875/3402/658 1846/3423/658
f 1846/3423/659 2875/3402/659 2874/3401/659 1847/3424/659
f 1840/3413/660 2881/3408/660 2880/3407/660 1841/3425/660
f 1841/3425/661 2880/3407/661 2879/3406/661 1842/3426/661
f 1842/3426/662 2879/3406/662 2878/3405/662 1843/3418/662
f 1836/3415/663 2885/3412/663 2884/3411/663 1837/3427/663
f 1837/3427/664 2884/3411/664 2883/3410/664 1838/3428/664
f 1838/3428/665 2883/3410/665 2882/3409/665 1839/3414/665
f 1848/3421/19 1847/3424/19 2874/3401/19 2873/3400/19
f 2886/3429/238 2887/3430/238 2888/3431/238 2889/3432/238 2890/3433/238 2891/3434/238 2892/3435/238 2893/3436/238 2894/3437/238 2895/3438/238 2896/3439/238 2897/3440/238 2898/3441/238 2899/3442/238 2900/3443/238 2901/3444/238
f 1856/3445/6 1855/3446/6 2898/3441/6 2897/3440/6
f 1852/3447/266 1867/3448/266 2886/3429/266 2901/3444/266
f 1860/3449/240 1859/3450/240 2894/3437/240 2893/3436/240
f 2886/3429/654 1867/3448/654 1866/3451/654 2887/3430/654
f 2887/3430/655 1866/3451/655 1865/3452/655 2888/3431/655
f 2888/3431/656 1865/3452/656 1864/3453/656 2889/3432/656
f 1860/3449/657 2893/3436/657 2892/3435/657 1861/3454/657
f 1861/3454/658 2892/3435/658 2891/3434/658 1862/3455/658
f 1862/3455/659 2891/3434/659 2890/3433/659 1863/3456/659
f 1856/3445/660 2897/3440/660 2896/3439/660 1857/3457/660
f 1857/3457/666 2896/3439/666 2895/3438/666 1858/3458/666
f 1858/3458/667 2895/3438/667 2894/3437/667 1859/3450/667
f 1852/3447/668 2901/3444/668 2900/3443/668 1853/3459/668
f 1853/3459/669 2900/3443/669 2899/3442/669 1854/3460/669
f 1854/3460/665 2899/3442/665 2898/3441/665 1855/3446/665
f 1864/3453/19 1863/3456/19 2890/3433/19 2889/3432/19
f 2902/3461/238 2903/3462/238 2904/3463/238 2905/3464/238 2906/3465/238 2907/3466/238 2908/3467/238 2909/3468/238 2910/3469/238 2911/3470/238 2912/3471/238 2913/3472/238 2914/3473/238 2915/3474/238 2916/3475/238 2917/3476/238
f 1872/3477/6 1871/3478/6 2914/3473/6 2913/3472/6
f 1868/3479/266 1883/3480/266 2902/3461/266 2917/3476/266
f 1876/3481/240 1875/3482/240 2910/3469/240 2909/3468/240
f 2902/3461/654 1883/3480/654 1882/3483/654 2903/3462/654
f 2903/3462/655 1882/3483/655 1881/3484/655 2904/3463/655
f 2904/3463/656 1881/3484/656 1880/3485/656 2905/3464/656
f 1876/3481/657 2909/3468/657 2908/3467/657 1877/3486/657
f 1877/3486/658 2908/3467/658 2907/3466/658 1878/3487/658
f 1878/3487/659 2907/3466/659 2906/3465/659 1879/3488/659
f 1872/3477/670 2913/3472/670 2912/3471/670 1873/3489/670
f 1873/3489/666 2912/3471/666 2911/3470/666 1874/3490/666
f 1874/3490/662 2911/3470/662 2910/3469/662 1875/3482/662
f 1868/3479/663 2917/3476/663 2916/3475/663 1869/3491/663
f 1869/3491/669 2916/3475/669 2915/3474/669 1870/3492/669
f 1870/3492/671 2915/3474/671 2914/3473/671 1871/3478/671
f 1880/3485/19 1879/3488/19 2906/3465/19 2905/3464/19
f 2918/3493/238 2919/3494/238 2920/3495/238 2921/3496/238 2922/3497/238 2923/3498/238 2924/3499/238 2925/3500/238 2926/3501/238 2927/3502/238 2928/3503/238 2929/3504/238 2930/3505/238 2931/3506/238 2932/3507/238 2933/3508/238
f 1888/3509/6 1887/3510/6 2930/3505/6 2929/3504/6
f 1884/3511/266 1899/3512/266 2918/3493/266 2933/3508/266
f 1892/3513/240 1891/3514/240 2926/3501/240 2925/3500/240
f 2918/3493/654 1899/3512/654 1898/3515/654 2919/3494/654
f 2919/3494/672 1898/3515/672 1897/3516/672 2920/3495/672
f 2920/3495/656 1897/3516/656 1896/3517/656 2921/3496/656
f 1892/3513/657 2925/3500/657 2924/3499/657 1893/3518/657
f 1893/3518/658 2924/3499/658 2923/3498/658 1894/3519/658
f 1894/3519/659 2923/3498/659 2922/3497/659 1895/3520/659
f 1888/3509/670 2929/3504/670 2928/3503/670 1889/3521/670
f 1889/3521/666 2928/3503/666 2927/3502/666 1890/3522/666
f 1890/3522/662 2927/3502/662 2926/3501/662 1891/3514/662
f 1884/3511/663 2933/3508/663 2932/3507/663 1885/3523/663
f 1885/3523/673 2932/3507/673 2931/3506/673 1886/3524/673
f 1886/3524/671 2931/3506/671 2930/3505/671 1887/3510/671
f 1896/3517/19 1895/3520/19 2922/3497/19 2921/3496/19
f 2934/3525/238 2935/3526/238 2936/3527/238 2937/3528/238 2938/3529/238 2939/3530/238 2940/3531/238 2941/3532/238 2942/3533/238 2943/3534/238 2944/3535/238 2945/3536/238 2946/3537/238 2947/3538/238 2948/3539/238 2949/3540/238
f 1904/3541/6 1903/3542/6 2946/3537/6 2945/3536/6
f 1900/3543/266 1915/3544/266 2934/3525/266 2949/3540/266
f 1908/3545/240 1907/3546/240 2942/3533/240 2941/3532/240
f 2934/3525/654 1915/3544/654 1914/3547/654 2935/3526/654
f 2935/3526/655 1914/3547/655 1913/3548/655 2936/3527/655
f 2936/3527/656 1913/3548/656 1912/3549/656 2937/3528/656
f 1908/3545/657 2941/3532/657 2940/3531/657 1909/3550/657
f 1909/3550/658 2940/3531/658 2939/3530/658 1910/3551/658
f 1910/3551/659 2939/3530/659 2938/3529/659 1911/3552/659
f 1904/3541/660 2945/3536/660 2944/3535/660 1905/3553/660
f 1905/3553/666 2944/3535/666 2943/3534/666 1906/3554/666
f 1906/3554/662 2943/3534/662 2942/3533/662 1907/3546/662
f 1900/3543/663 2949/3540/663 2948/3539/663 1901/3555/663
f 1901/3555/669 2948/3539/669 2947/3538/669 1902/3556/669
f 1902/3556/674 2947/3538/674 2946/3537/674 1903/3542/674
f 1912/3549/19 1911/3552/19 2938/3529/19 2937/3528/19
f 2950/3557/238 2951/3558/238 2952/3559/238 2953/3560/238 2954/3561/238 2955/3562/238 2956/3563/238 2957/3564/238 2958/3565/238 2959/3566/238 2960/3567/238 2961/3568/238 2962/3569/238 2963/3570/238 2964/3571/238 2965/3572/238
f 1920/3573/6 1919/3574/6 2962/3569/6 2961/3568/6
f 1916/3575/266 1931/3576/266 2950/3557/266 2965/3572/266
f 1924/3577/240 1923/3578/240 2958/3565/240 2957/3564/240
f 2950/3557/654 1931/3576/654 1930/3579/654 2951/3558/654
f 2951/3558/672 1930/3579/672 1929/3580/672 2952/3559/672
f 2952/3559/656 1929/3580/656 1928/3581/656 2953/3560/656
f 1924/3577/657 2957/3564/657 2956/3563/657 1925/3582/657
f 1925/3582/658 2956/3563/658 2955/3562/658 1926/3583/658
f 1926/3583/659 2955/3562/659 2954/3561/659 1927/3584/659
f 1920/3573/670 2961/3568/670 2960/3567/670 1921/3585/670
f 1921/3585/666 2960/3567/666 2959/3566/666 1922/3586/666
f 1922/3586/662 2959/3566/662 2958/3565/662 1923/3578/662
f 1916/3575/663 2965/3572/663 2964/3571/663 1917/3587/663
f 1917/3587/669 2964/3571/669 2963/3570/669 1918/3588/669
f 1918/3588/671 2963/3570/671 2962/3569/671 1919/3574/671
f 1928/3581/19 1927/3584/19 2954/3561/19 2953/3560/19
f 2966/3589/238 2967/3590/238 2968/3591/238 2969/3592/238 2970/3593/238 2971/3594/238 2972/3595/238 2973/3596/238 2974/3597/238 2975/3598/238 2976/3599/238 2977/3600/238 2978/3601/238 2979/3602/238 2980/3603/238 2981/3604/238
f 1936/3605/6 1935/3606/6 2978/3601/6 2977/3600/6
f 1932/3607/266 1947/3608/266 2966/3589/266 2981/3604/266
f 1940/3609/240 1939/3610/240 2974/3597/240 2973/3596/240
f 2966/3589/654 1947/3608/654 1946/3611/654 2967/3590/654
f 2967/3590/672 1946/3611/672 1945/3612/672 2968/3591/672
f 2968/3591/656 1945/3612/656 1944/3613/656 2969/3592/656
f 1940/3609/657 2973/3596/657 2972/3595/657 1941/3614/657
f 1941/3614/658 2972/3595/658 2971/3594/658 1942/3615/658
f 1942/3615/659 2971/3594/659 2970/3593/659 1943/3616/659
f 1936/3605/660 2977/3600/660 2976/3599/660 1937/3617/660
f 1937/3617/666 2976/3599/666 2975/3598/666 1938/3618/666
f 1938/3618/662 2975/3598/662 2974/3597/662 1939/3610/662
f 1932/3607/663 2981/3604/663 2980/3603/663 1933/3619/663
f 1933/3619/673 2980/3603/673 2979/3602/673 1934/3620/673
f 1934/3620/634 2979/3602/634 2978/3601/634 1935/3606/634
f 1944/3613/19 1943/3616/19 2970/3593/19 2969/3592/19
f 2982/3621/238 2983/3622/238 2984/3623/238 2985/3624/238 2986/3625/238 2987/3626/238 2988/3627/238 2989/3628/238 2990/3629/238 2991/3630/238 2992/3631/238 2993/3632/238 2994/3633/238 2995/3634/238 2996/3635/238 2997/3636/238
f 1952/3637/6 1951/3638/6 2994/3633/6 2993/3632/6
f 1948/3639/266 1963/3640/266 2982/3621/266 2997/3636/266
f 1956/3641/240 1955/3642/240 2990/3629/240 2989/3628/240
f 2982/3621/654 1963/3640/654 1962/3643/654 2983/3622/654
f 2983/3622/655 1962/3643/655 1961/3644/655 2984/3623/655
f 2984/3623/656 1961/3644/656 1960/3645/656 2985/3624/656
f 1956/3641/657 2989/3628/657 2988/3627/657 1957/3646/657
f 1957/3646/658 2988/3627/658 2987/3626/658 1958/3647/658
f 1958/3647/659 2987/3626/659 2986/3625/659 1959/3648/659
f 1952/3637/670 2993/3632/670 2992/3631/670 1953/3649/670
f 1953/3649/666 2992/3631/666 2991/3630/666 1954/3650/666
f 1954/3650/662 2991/3630/662 2990/3629/662 1955/3642/662
f 1948/3639/663 2997/3636/663 2996/3635/663 1949/3651/663
f 1949/3651/673 2996/3635/673 2995/3634/673 1950/3652/673
f 1950/3652/671 2995/3634/671 2994/3633/671 1951/3638/671
f 1960/3645/19 1959/3648/19 2986/3625/19 2985/3624/19
f 2998/3653/238 2999/3654/238 3000/3655/238 3001/3656/238 3002/3657/238 3003/3658/238 3004/3659/238 3005/3660/238 3006/3661/238 3007/3662/238 3008/3663/238 3009/3664/238 3010/3665/238 3011/3666/238 3012/3667/238 3013/3668/238
f 1968/3669/6 1967/3670/6 3010/3665/6 3009/3664/6
f 1964/3671/266 1979/3672/266 2998/3653/266 3013/3668/266
f 1972/3673/240 1971/3674/240 3006/3661/240 3005/3660/240
f 2998/3653/654 1979/3672/654 1978/3675/654 2999/3654/654
f 2999/3654/655 1978/3675/655 1977/3676/655 3000/3655/655
f 3000/3655/656 1977/3676/656 1976/3677/656 3001/3656/656
f 1972/3673/657 3005/3660/657 3004/3659/657 1973/3678/657
f 1973/3678/658 3004/3659/658 3003/3658/658 1974/3679/658
f 1974/3679/659 3003/3658/659 3002/3657/659 1975/3680/659
f 1968/3669/660 3009/3664/660 3008/3663/660 1969/3681/660
f 1969/3681/661 3008/3663/661 3007/3662/661 1970/3682/661
f 1970/3682/662 3007/3662/662 3006/3661/662 1971/3674/662
f 1964/3671/663 3013/3668/663 3012/3667/663 1965/3683/663
f 1965/3683/664 3012/3667/664 3011/3666/664 1966/3684/664
f 1966/3684/665 3011/3666/665 3010/3665/665 1967/3670/665
f 1976/3677/19 1975/3680/19 3002/3657/19 3001/3656/19
f 3014/3685/238 3015/3686/238 3016/3687/238 3017/3688/238 3018/3689/238 3019/3690/238 3020/3691/238 3021/3692/238 3022/3693/238 3023/3694/238 3024/3695/238 3025/3696/238 3026/3697/238 3027/3698/238 3028/3699/238 3029/3700/238
f 1984/3701/6 1983/3702/6 3026/3697/6 3025/3696/6
f 1980/3703/266 1995/3704/266 3014/3685/266 3029/3700/266
f 1988/3705/240 1987/3706/240 3022/3693/240 3021/3692/240
f 3014/3685/675 1995/3704/675 1994/3707/675 3015/3686/675
f 3015/3686/676 1994/3707/676 1993/3708/676 3016/3687/676
f 3016/3687/677 1993/3708/677 1992/3709/677 3017/3688/677
f 1988/3705/678 3021/3692/678 3020/3691/678 1989/3710/678
f 1989/3710/679 3020/3691/679 3019/3690/679 1990/3711/679
f 1990/3711/680 3019/3690/680 3018/3689/680 1991/3712/680
f 1984/3701/670 3025/3696/670 3024/3695/670 1985/3713/670
f 1985/3713/666 3024/3695/666 3023/3694/666 1986/3714/666
f 1986/3714/662 3023/3694/662 3022/3693/662 1987/3706/662
f 1980/3703/663 3029/3700/663 3028/3699/663 1981/3715/663
f 1981/3715/669 3028/3699/669 3027/3698/669 1982/3716/669
f 1982/3716/671 3027/3698/671 3026/3697/671 1983/3702/671
f 1992/3709/19 1991/3712/19 3018/3689/19 3017/3688/19
f 3030/3717/238 3031/3718/238 3032/3719/238 3033/3720/238 3034/3721/238 3035/3722/238 3036/3723/238 3037/3724/238 3038/3725/238 3039/3726/238 3040/3727/238 3041/3728/238 3042/3729/238 3043/3730/238 3044/3731/238 3045/3732/238
f 2000/3733/6 1999/3734/6 3042/3729/6 3041/3728/6
f 1996/3735/266 2011/3736/266 3030/3717/266 3045/3732/266
f 2004/3737/240 2003/3738/240 3038/3725/240 3037/3724/240
f 3030/3717/654 2011/3736/654 2010/3739/654 3031/3718/654
f 3031/3718/655 2010/3739/655 2009/3740/655 3032/3719/655
f 3032/3719/656 2009/3740/656 2008/3741/656 3033/3720/656
f 2004/3737/657 3037/3724/657 3036/3723/657 2005/3742/657
f 2005/3742/658 3036/3723/658 3035/3722/658 2006/3743/658
f 2006/3743/659 3035/3722/659 3034/3721/659 2007/3744/659
f 2000/3733/670 3041/3728/670 3040/3727/670 2001/3745/670
f 2001/3745/666 3040/3727/666 3039/3726/666 2002/3746/666
f 2002/3746/662 3039/3726/662 3038/3725/662 2003/3738/662
f 1996/3735/663 3045/3732/663 3044/3731/663 1997/3747/663
f 1997/3747/673 3044/3731/673 3043/3730/673 1998/3748/673
f 1998/3748/671 3043/3730/671 3042/3729/671 1999/3734/671
f 2008/3741/19 2007/3744/19 3034/3721/19 3033/3720/19
f 3046/3749/238 3047/3750/238 3048/3751/238 3049/3752/238 3050/3753/238 3051/3754/238 3052/3755/238 3053/3756/238 3054/3757/238 3055/3758/238 3056/3759/238 3057/3760/238 3058/3761/238 3059/3762/238 3060/3763/238 3061/3764/238
f 2016/3765/6 2015/3766/6 3058/3761/6 3057/3760/6
f 2012/3767/266 2027/3768/266 3046/3749/266 3061/3764/266
f 2020/3769/240 2019/3770/240 3054/3757/240 3053/3756/240
f 3046/3749/654 2027/3768/654 2026/3771/654 3047/3750/654
f 3047/3750/672 2026/3771/672 2025/3772/672 3048/3751/672
f 3048/3751/656 2025/3772/656 2024/3773/656 3049/3752/656
f 2020/3769/657 3053/3756/657 3052/3755/657 2021/3774/657
f 2021/3774/658 3052/3755/658 3051/3754/658 2022/3775/658
f 2022/3775/659 3051/3754/659 3050/3753/659 2023/3776/659
f 2016/3765/670 3057/3760/670 3056/3759/670 2017/3777/670
f 2017/3777/661 3056/3759/661 3055/3758/661 2018/3778/661
f 2018/3778/681 3055/3758/681 3054/3757/681 2019/3770/681
f 2012/3767/682 3061/3764/682 3060/3763/682 2013/3779/682
f 2013/3779/664 3060/3763/664 3059/3762/664 2014/3780/664
f 2014/3780/671 3059/3762/671 3058/3761/671 2015/3766/671
f 2024/3773/19 2023/3776/19 3050/3753/19 3049/3752/19
f 3062/3781/238 3063/3782/238 3064/3783/238 3065/3784/238 3066/3785/238 3067/3786/238 3068/3787/238 3069/3788/238 3070/3789/238 3071/3790/238 3072/3791/238 3073/3792/238 3074/3793/238 3075/3794/238 3076/3795/238 3077/3796/238
f 2032/3797/6 2031/3798/6 3074/3793/6 3073/3792/6
f 2028/3799/266 2043/3800/266 3062/3781/266 3077/3796/266
f 2036/3801/240 2035/3802/240 3070/3789/240 3069/3788/240
f 3062/3781/654 2043/3800/654 2042/3803/654 3063/3782/654
f 3063/3782/672 2042/3803/672 2041/3804/672 3064/3783/672
f 3064/3783/656 2041/3804/656 2040/3805/656 3065/3784/656
f 2036/3801/657 3069/3788/657 3068/3787/657 2037/3806/657
f 2037/3806/658 3068/3787/658 3067/3786/658 2038/3807/658
f 2038/3807/659 3067/3786/659 3066/3785/659 2039/3808/659
f 2032/3797/683 3073/3792/683 3072/3791/683 2033/3809/683
f 2033/3809/666 3072/3791/666 3071/3790/666 2034/3810/666
f 2034/3810/662 3071/3790/662 3070/3789/662 2035/3802/662
f 2028/3799/663 3077/3796/663 3076/3795/663 2029/3811/663
f 2029/3811/669 3076/3795/669 3075/3794/669 2030/3812/669
f 2030/3812/684 3075/3794/684 3074/3793/684 2031/3798/684
f 2040/3805/19 2039/3808/19 3066/3785/19 3065/3784/19
f 3078/3813/238 3079/3814/238 3080/3815/238 3081/3816/238 3082/3817/238 3083/3818/238 3084/3819/238 3085/3820/238 3086/3821/238 3087/3822/238 3088/3823/238 3089/3824/238 3090/3825/238 3091/3826/238 3092/3827/238 3093/3828/238
f 2048/3829/6 2047/3830/6 3090/3825/6 3089/3824/6
f 2044/3831/266 2059/3832/266 3078/3813/266 3093/3828/266
f 2052/3833/240 2051/3834/240 3086/3821/240 3085/3820/240
f 3078/3813/654 2059/3832/654 2058/3835/654 3079/3814/654
f 3079/3814/672 2058/3835/672 2057/3836/672 3080/3815/672
f 3080/3815/677 2057/3836/677 2056/3837/677 3081/3816/677
f 2052/3833/657 3085/3820/657 3084/3819/657 2053/3838/657
f 2053/3838/658 3084/3819/658 3083/3818/658 2054/3839/658
f 2054/3839/685 3083/3818/685 3082/3817/685 2055/3840/685
f 2048/3829/670 3089/3824/670 3088/3823/670 2049/3841/670
f 2049/3841/666 3088/3823/666 3087/3822/666 2050/3842/666
f 2050/3842/662 3087/3822/662 3086/3821/662 2051/3834/662
f 2044/3831/663 3093/3828/663 3092/3827/663 2045/3843/663
f 2045/3843/673 3092/3827/673 3091/3826/673 2046/3844/673
f 2046/3844/671 3091/3826/671 3090/3825/671 2047/3830/671
f 2056/3837/19 2055/3840/19 3082/3817/19 3081/3816/19
f 3094/3845/238 3095/3846/238 3096/3847/238 3097/3848/238 3098/3849/238 3099/3850/238 3100/3851/238 3101/3852/238 3102/3853/238 3103/3854/238 3104/3855/238 3105/3856/238 3106/3857/238 3107/3858/238 3108/3859/238 3109/3860/238
f 2064/3861/6 2063/3862/6 3106/3857/6 3105/3856/6
f 2060/3863/266 2075/3864/266 3094/3845/266 3109/3860/266
f 2068/3865/240 2067/3866/240 3102/3853/240 3101/3852/240
f 3094/3845/654 2075/3864/654 2074/3867/654 3095/3846/654
f 3095/3846/655 2074/3867/655 2073/3868/655 3096/3847/655
f 3096/3847/656 2073/3868/656 2072/3869/656 3097/3848/656
f 2068/3865/657 3101/3852/657 3100/3851/657 2069/3870/657
f 2069/3870/686 3100/3851/686 3099/3850/686 2070/3871/686
f 2070/3871/659 3099/3850/659 3098/3849/659 2071/3872/659
f 2064/3861/687 3105/3856/687 3104/3855/687 2065/3873/687
f 2065/3873/661 3104/3855/661 3103/3854/661 2066/3874/661
f 2066/3874/662 3103/3854/662 3102/3853/662 2067/3866/662
f 2060/3863/663 3109/3860/663 3108/3859/663 2061/3875/663
f 2061/3875/664 3108/3859/664 3107/3858/664 2062/3876/664
f 2062/3876/671 3107/3858/671 3106/3857/671 2063/3862/671
f 2072/3869/19 2071/3872/19 3098/3849/19 3097/3848/19
f 3110/3877/238 3111/3878/238 3112/3879/238 3113/3880/238 3114/3881/238 3115/3882/238 3116/3883/238 3117/3884/238 3118/3885/238 3119/3886/238 3120/3887/238 3121/3888/238 3122/3889/238 3123/3890/238 3124/3891/238 3125/3892/238
f 2080/3893/6 2079/3894/6 3122/3889/6 3121/3888/6
f 2076/3895/266 2091/3896/266 3110/3877/266 3125/3892/266
f 2084/3897/240 2083/3898/240 3118/3885/240 3117/3884/240
f 3110/3877/675 2091/3896/675 2090/3899/675 3111/3878/675
f 3111/3878/676 2090/3899/676 2089/3900/676 3112/3879/676
f 3112/3879/656 2089/3900/656 2088/3901/656 3113/3880/656
f 2084/3897/678 3117/3884/678 3116/3883/678 2085/3902/678
f 2085/3902/679 3116/3883/679 3115/3882/679 2086/3903/679
f 2086/3903/659 3115/3882/659 3114/3881/659 2087/3904/659
f 2080/3893/670 3121/3888/670 3120/3887/670 2081/3905/670
f 2081/3905/688 3120/3887/688 3119/3886/688 2082/3906/688
f 2082/3906/662 3119/3886/662 3118/3885/662 2083/3898/662
f 2076/3895/663 3125/3892/663 3124/3891/663 2077/3907/663
f 2077/3907/669 3124/3891/669 3123/3890/669 2078/3908/669
f 2078/3908/671 3123/3890/671 3122/3889/671 2079/3894/671
f 2088/3901/19 2087/3904/19 3114/3881/19 3113/3880/19
f 3126/3909/238 3127/3910/238 3128/3911/238 3129/3912/238 3130/3913/238 3131/3914/238 3132/3915/238 3133/3916/238 3134/3917/238 3135/3918/238 3136/3919/238 3137/3920/238 3138/3921/238 3139/3922/238 3140/3923/238 3141/3924/238
f 2096/3925/6 2095/3926/6 3138/3921/6 3137/3920/6
f 2092/3927/266 2107/3928/266 3126/3909/266 3141/3924/266
f 2100/3929/240 2099/3930/240 3134/3917/240 3133/3916/240
f 3126/3909/654 2107/3928/654 2106/3931/654 3127/3910/654
f 3127/3910/672 2106/3931/672 2105/3932/672 3128/3911/672
f 3128/3911/656 2105/3932/656 2104/3933/656 3129/3912/656
f 2100/3929/657 3133/3916/657 3132/3915/657 2101/3934/657
f 2101/3934/658 3132/3915/658 3131/3914/658 2102/3935/658
f 2102/3935/659 3131/3914/659 3130/3913/659 2103/3936/659
f 2096/3925/670 3137/3920/670 3136/3919/670 2097/3937/670
f 2097/3937/666 3136/3919/666 3135/3918/666 2098/3938/666
f 2098/3938/662 3135/3918/662 3134/3917/662 2099/3930/662
f 2092/3927/663 3141/3924/663 3140/3923/663 2093/3939/663
f 2093/3939/673 3140/3923/673 3139/3922/673 2094/3940/673
f 2094/3940/671 3139/3922/671 3138/3921/671 2095/3926/671
f 2104/3933/19 2103/3936/19 3130/3913/19 3129/3912/19
f 3142/3941/238 3143/3942/238 3144/3943/238 3145/3944/238 3146/3945/238 3147/3946/238 3148/3947/238 3149/3948/238 3150/3949/238 3151/3950/238 3152/3951/238 3153/3952/238 3154/3953/238 3155/3954/238 3156/3955/238 3157/3956/238
f 2112/3957/6 2111/3958/6 3154/3953/6 3153/3952/6
f 2108/3959/266 2123/3960/266 3142/3941/266 3157/3956/266
f 2116/3961/240 2115/3962/240 3150/3949/240 3149/3948/240
f 3142/3941/654 2123/3960/654 2122/3963/654 3143/3942/654
f 3143/3942/672 2122/3963/672 2121/3964/672 3144/3943/672
f 3144/3943/656 2121/3964/656 2120/3965/656 3145/3944/656
f 2116/3961/657 3149/3948/657 3148/3947/657 2117/3966/657
f 2117/3966/658 3148/3947/658 3147/3946/658 2118/3967/658
f 2118/3967/685 3147/3946/685 3146/3945/685 2119/3968/685
f 2112/3957/670 3153/3952/670 3152/3951/670 2113/3969/670
f 2113/3969/666 3152/3951/666 3151/3950/666 2114/3970/666
f 2114/3970/662 3151/3950/662 3150/3949/662 2115/3962/662
f 2108/3959/663 3157/3956/663 3156/3955/663 2109/3971/663
f 2109/3971/673 3156/3955/673 3155/3954/673 2110/3972/673
f 2110/3972/671 3155/3954/671 3154/3953/671 2111/3958/671
f 2120/3965/19 2119/3968/19 3146/3945/19 3145/3944/19
f 3158/3973/238 3159/3974/238 3160/3975/238 3161/3976/238 3162/3977/238 3163/3978/238 3164/3979/238 3165/3980/238 3166/3981/238 3167/3982/238 3168/3983/238 3169/3984/238 3170/3985/238 3171/3986/238 3172/3987/238 3173/3988/238
f 2128/3989/6 2127/3990/6 3170/3985/6 3169/3984/6
f 2124/3991/266 2139/3992/266 3158/3973/266 3173/3988/266
f 2132/3993/240 2131/3994/240 3166/3981/240 3165/3980/240
f 3158/3973/654 2139/3992/654 2138/3995/654 3159/3974/654
f 3159/3974/672 2138/3995/672 2137/3996/672 3160/3975/672
f 3160/3975/656 2137/3996/656 2136/3997/656 3161/3976/656
f 2132/3993/657 3165/3980/657 3164/3979/657 2133/3998/657
f 2133/3998/658 3164/3979/658 3163/3978/658 2134/3999/658
f 2134/3999/659 3163/3978/659 3162/3977/659 2135/4000/659
f 2128/3989/670 3169/3984/670 3168/3983/670 2129/4001/670
f 2129/4001/688 3168/3983/688 3167/3982/688 2130/4002/688
f 2130/4002/662 3167/3982/662 3166/3981/662 2131/3994/662
f 2124/3991/663 3173/3988/663 3172/3987/663 2125/4003/663
f 2125/4003/669 3172/3987/669 3171/3986/669 2126/4004/669
f 2126/4004/671 3171/3986/671 3170/3985/671 2127/3990/671
f 2136/3997/19 2135/4000/19 3162/3977/19 3161/3976/19
f 3174/4005/238 3175/4006/238 3176/4007/238 3177/4008/238 3178/4009/238 3179/4010/238 3180/4011/238 3181/4012/238 3182/4013/238 3183/4014/238 3184/4015/238 3185/4016/238 3186/4017/238 3187/4018/238 3188/4019/238 3189/4020/238
f 2144/4021/6 2143/4022/6 3186/4017/6 3185/4016/6
f 2140/4023/266 2155/4024/266 3174/4005/266 3189/4020/266
f 2148/4025/240 2147/4026/240 3182/4013/240 3181/4012/240
f 3174/4005/654 2155/4024/654 2154/4027/654 3175/4006/654
f 3175/4006/655 2154/4027/655 2153/4028/655 3176/4007/655
f 3176/4007/656 2153/4028/656 2152/4029/656 3177/4008/656
f 2148/4025/657 3181/4012/657 3180/4011/657 2149/4030/657
f 2149/4030/686 3180/4011/686 3179/4010/686 2150/4031/686
f 2150/4031/659 3179/4010/659 3178/4009/659 2151/4032/659
f 2144/4021/670 3185/4016/670 3184/4015/670 2145/4033/670
f 2145/4033/666 3184/4015/666 3183/4014/666 2146/4034/666
f 2146/4034/662 3183/4014/662 3182/4013/662 2147/4026/662
f 2140/4023/663 3189/4020/663 3188/4019/663 2141/4035/663
f 2141/4035/673 3188/4019/673 3187/4018/673 2142/4036/673
f 2142/4036/671 3187/4018/671 3186/4017/671 2143/4022/671
f 2152/4029/19 2151/4032/19 3178/4009/19 3177/4008/19
f 3190/4037/238 3191/4038/238 3192/4039/238 3193/4040/238 3194/4041/238 3195/4042/238 3196/4043/238 3197/4044/238 3198/4045/238 3199/4046/238 3200/4047/238 3201/4048/238 3202/4049/238 3203/4050/238 3204/4051/238 3205/4052/238
f 2160/4053/6 2159/4054/6 3202/4049/6 3201/4048/6
f 2156/4055/266 2171/4056/266 3190/4037/266 3205/4052/266
f 2164/4057/240 2163/4058/240 3198/4045/240 3197/4044/240
f 3190/4037/654 2171/4056/654 2170/4059/654 3191/4038/654
f 3191/4038/676 2170/4059/676 2169/4060/676 3192/4039/676
f 3192/4039/677 2169/4060/677 2168/4061/677 3193/4040/677
f 2164/4057/657 3197/4044/657 3196/4043/657 2165/4062/657
f 2165/4062/679 3196/4043/679 3195/4042/679 2166/4063/679
f 2166/4063/628 3195/4042/628 3194/4041/628 2167/4064/628
f 2160/4053/670 3201/4048/670 3200/4047/670 2161/4065/670
f 2161/4065/666 3200/4047/666 3199/4046/666 2162/4066/666
f 2162/4066/662 3199/4046/662 3198/4045/662 2163/4058/662
f 2156/4055/663 3205/4052/663 3204/4051/663 2157/4067/663
f 2157/4067/673 3204/4051/673 3203/4050/673 2158/4068/673
f 2158/4068/671 3203/4050/671 3202/4049/671 2159/4054/671
f 2168/4061/19 2167/4064/19 3194/4041/19 3193/4040/19
f 3206/4069/238 3207/4070/238 3208/4071/238 3209/4072/238 3210/4073/238 3211/4074/238 3212/4075/238 3213/4076/238 3214/4077/238 3215/4078/238 3216/4079/238 3217/4080/238 3218/4081/238 3219/4082/238 3220/4083/238 3221/4084/238
f 2176/4085/6 2175/4086/6 3218/4081/6 3217/4080/6
f 2172/4087/266 2187/4088/266 3206/4069/266 3221/4084/266
f 2180/4089/240 2179/4090/240 3214/4077/240 3213/4076/240
f 3206/4069/654 2187/4088/654 2186/4091/654 3207/4070/654
f 3207/4070/672 2186/4091/672 2185/4092/672 3208/4071/672
f 3208/4071/656 2185/4092/656 2184/4093/656 3209/4072/656
f 2180/4089/657 3213/4076/657 3212/4075/657 2181/4094/657
f 2181/4094/658 3212/4075/658 3211/4074/658 2182/4095/658
f 2182/4095/659 3211/4074/659 3210/4073/659 2183/4096/659
f 2176/4085/670 3217/4080/670 3216/4079/670 2177/4097/670
f 2177/4097/661 3216/4079/661 3215/4078/661 2178/4098/661
f 2178/4098/662 3215/4078/662 3214/4077/662 2179/4090/662
f 2172/4087/663 3221/4084/663 3220/4083/663 2173/4099/663
f 2173/4099/664 3220/4083/664 3219/4082/664 2174/4100/664
f 2174/4100/671 3219/4082/671 3218/4081/671 2175/4086/671
f 2184/4093/19 2183/4096/19 3210/4073/19 3209/4072/19
f 3222/4101/238 3223/4102/238 3224/4103/238 3225/4104/238 3226/4105/238 3227/4106/238 3228/4107/238 3229/4108/238 3230/4109/238 3231/4110/238 3232/4111/238 3233/4112/238 3234/4113/238 3235/4114/238 3236/4115/238 3237/4116/238
f 2192/4117/6 2191/4118/6 3234/4113/6 3233/4112/6
f 2188/4119/266 2203/4120/266 3222/4101/266 3237/4116/266
f 2196/4121/240 2195/4122/240 3230/4109/240 3229/4108/240
f 3222/4101/654 2203/4120/654 2202/4123/654 3223/4102/654
f 3223/4102/655 2202/4123/655 2201/4124/655 3224/4103/655
f 3224/4103/656 2201/4124/656 2200/4125/656 3225/4104/656
f 2196/4121/657 3229/4108/657 3228/4107/657 2197/4126/657
f 2197/4126/686 3228/4107/686 3227/4106/686 2198/4127/686
f 2198/4127/659 3227/4106/659 3226/4105/659 2199/4128/659
f 2192/4117/670 3233/4112/670 3232/4111/670 2193/4129/670
f 2193/4129/666 3232/4111/666 3231/4110/666 2194/4130/666
f 2194/4130/662 3231/4110/662 3230/4109/662 2195/4122/662
f 2188/4119/663 3237/4116/663 3236/4115/663 2189/4131/663
f 2189/4131/673 3236/4115/673 3235/4114/673 2190/4132/673
f 2190/4132/671 3235/4114/671 3234/4113/671 2191/4118/671
f 2200/4125/19 2199/4128/19 3226/4105/19 3225/4104/19
f 3238/4133/238 3239/4134/238 3240/4135/238 3241/4136/238 3242/4137/238 3243/4138/238 3244/4139/238 3245/4140/238 3246/4141/238 3247/4142/238 3248/4143/238 3249/4144/238 3250/4145/238 3251/4146/238 3252/4147/238 3253/4148/238
f 2208/4149/6 2207/4150/6 3250/4145/6 3249/4144/6
f 2204/4151/266 2219/4152/266 3238/4133/266 3253/4148/266
f 2212/4153/240 2211/4154/240 3246/4141/240 3245/4140/240
f 3238/4133/654 2219/4152/654 2218/4155/654 3239/4134/654
f 3239/4134/655 2218/4155/655 2217/4156/655 3240/4135/655
f 3240/4135/656 2217/4156/656 2216/4157/656 3241/4136/656
f 2212/4153/657 3245/4140/657 3244/4139/657 2213/4158/657
f 2213/4158/686 3244/4139/686 3243/4138/686 2214/4159/686
f 2214/4159/659 3243/4138/659 3242/4137/659 2215/4160/659
f 2208/4149/670 3249/4144/670 3248/4143/670 2209/4161/670
f 2209/4161/666 3248/4143/666 3247/4142/666 2210/4162/666
f 2210/4162/662 3247/4142/662 3246/4141/662 2211/4154/662
f 2204/4151/663 3253/4148/663 3252/4147/663 2205/4163/663
f 2205/4163/673 3252/4147/673 3251/4146/673 2206/4164/673
f 2206/4164/671 3251/4146/671 3250/4145/671 2207/4150/671
f 2216/4157/19 2215/4160/19 3242/4137/19 3241/4136/19
f 3254/4165/238 3255/4166/238 3256/4167/238 3257/4168/238 3258/4169/238 3259/4170/238 3260/4171/238 3261/4172/238 3262/4173/238 3263/4174/238 3264/4175/238 3265/4176/238 3266/4177/238 3267/4178/238 3268/4179/238 3269/4180/238
f 2224/4181/6 2223/4182/6 3266/4177/6 3265/4176/6
f 2220/4183/266 2235/4184/266 3254/4165/266 3269/4180/266
f 2228/4185/240 2227/4186/240 3262/4173/240 3261/4172/240
f 3254/4165/654 2235/4184/654 2234/4187/654 3255/4166/654
f 3255/4166/676 2234/4187/676 2233/4188/676 3256/4167/676
f 3256/4167/677 2233/4188/677 2232/4189/677 3257/4168/677
f 2228/4185/657 3261/4172/657 3260/4171/657 2229/4190/657
f 2229/4190/679 3260/4171/679 3259/4170/679 2230/4191/679
f 2230/4191/680 3259/4170/680 3258/4169/680 2231/4192/680
f 2224/4181/670 3265/4176/670 3264/4175/670 2225/4193/670
f 2225/4193/666 3264/4175/666 3263/4174/666 2226/4194/666
f 2226/4194/662 3263/4174/662 3262/4173/662 2227/4186/662
f 2220/4183/663 3269/4180/663 3268/4179/663 2221/4195/663
f 2221/4195/673 3268/4179/673 3267/4178/673 2222/4196/673
f 2222/4196/671 3267/4178/671 3266/4177/671 2223/4182/671
f 2232/4189/19 2231/4192/19 3258/4169/19 3257/4168/19
f 3270/4197/238 3271/4198/238 3272/4199/238 3273/4200/238 3274/4201/238 3275/4202/238 3276/4203/238 3277/4204/238 3278/4205/238 3279/4206/238 3280/4207/238 3281/4208/238 3282/4209/238 3283/4210/238 3284/4211/238 3285/4212/238
f 2240/4213/6 2239/4214/6 3282/4209/6 3281/4208/6
f 2236/4215/266 2251/4216/266 3270/4197/266 3285/4212/266
f 2244/4217/240 2243/4218/240 3278/4205/240 3277/4204/240
f 3270/4197/654 2251/4216/654 2250/4219/654 3271/4198/654
f 3271/4198/676 2250/4219/676 2249/4220/676 3272/4199/676
f 3272/4199/651 2249/4220/651 2248/4221/651 3273/4200/651
f 2244/4217/657 3277/4204/657 3276/4203/657 2245/4222/657
f 2245/4222/679 3276/4203/679 3275/4202/679 2246/4223/679
f 2246/4223/653 3275/4202/653 3274/4201/653 2247/4224/653
f 2240/4213/683 3281/4208/683 3280/4207/683 2241/4225/683
f 2241/4225/666 3280/4207/666 3279/4206/666 2242/4226/666
f 2242/4226/662 3279/4206/662 3278/4205/662 2243/4218/662
f 2236/4215/663 3285/4212/663 3284/4211/663 2237/4227/663
f 2237/4227/669 3284/4211/669 3283/4210/669 2238/4228/669
f 2238/4228/684 3283/4210/684 3282/4209/684 2239/4214/684
f 2248/4221/19 2247/4224/19 3274/4201/19 3273/4200/19
f 3286/4229/238 3287/4230/238 3288/4231/238 3289/4232/238 3290/4233/238 3291/4234/238 3292/4235/238 3293/4236/238 3294/4237/238 3295/4238/238 3296/4239/238 3297/4240/238 3298/4241/238 3299/4242/238 3300/4243/238 3301/4244/238
f 2256/4245/6 2255/4246/6 3298/4241/6 3297/4240/6
f 2252/4247/266 2267/4248/266 3286/4229/266 3301/4244/266
f 2260/4249/240 2259/4250/240 3294/4237/240 3293/4236/240
f 3286/4229/689 2267/4248/689 2266/4251/689 3287/4230/689
f 3287/4230/690 2266/4251/690 2265/4252/690 3288/4231/690
f 3288/4231/691 2265/4252/691 2264/4253/691 3289/4232/691
f 2260/4249/692 3293/4236/692 3292/4235/692 2261/4254/692
f 2261/4254/693 3292/4235/693 3291/4234/693 2262/4255/693
f 2262/4255/694 3291/4234/694 3290/4233/694 2263/4256/694
f 2256/4245/695 3297/4240/695 3296/4239/695 2257/4257/695
f 2257/4257/696 3296/4239/696 3295/4238/696 2258/4258/696
f 2258/4258/697 3295/4238/697 3294/4237/697 2259/4250/697
f 2252/4247/698 3301/4244/698 3300/4243/698 2253/4259/698
f 2253/4259/699 3300/4243/699 3299/4242/699 2254/4260/699
f 2254/4260/700 3299/4242/700 3298/4241/700 2255/4246/700
f 2264/4253/19 2263/4256/19 3290/4233/19 3289/4232/19
f 3302/4261/238 3303/4262/238 3304/4263/238 3305/4264/238 3306/4265/238 3307/4266/238 3308/4267/238 3309/4268/238 3310/4269/238 3311/4270/238 3312/4271/238 3313/4272/238 3314/4273/238 3315/4274/238 3316/4275/238 3317/4276/238
f 2272/4277/6 2271/4278/6 3314/4273/6 3313/4272/6
f 2268/4279/266 2283/4280/266 3302/4261/266 3317/4276/266
f 2276/4281/240 2275/4282/240 3310/4269/240 3309/4268/240
f 3302/4261/701 2283/4280/701 2282/4283/701 3303/4262/701
f 3303/4262/702 2282/4283/702 2281/4284/702 3304/4263/702
f 3304/4263/703 2281/4284/703 2280/4285/703 3305/4264/703
f 2276/4281/704 3309/4268/704 3308/4267/704 2277/4286/704
f 2277/4286/705 3308/4267/705 3307/4266/705 2278/4287/705
f 2278/4287/706 3307/4266/706 3306/4265/706 2279/4288/706
f 2272/4277/707 3313/4272/707 3312/4271/707 2273/4289/707
f 2273/4289/708 3312/4271/708 3311/4270/708 2274/4290/708
f 2274/4290/709 3311/4270/709 3310/4269/709 2275/4282/709
f 2268/4279/710 3317/4276/710 3316/4275/710 2269/4291/710
f 2269/4291/711 3316/4275/711 3315/4274/711 2270/4292/711
f 2270/4292/712 3315/4274/712 3314/4273/712 2271/4278/712
f 2280/4285/19 2279/4288/19 3306/4265/19 3305/4264/19
f 3318/4293/238 3319/4294/238 3320/4295/238 3321/4296/238 3322/4297/238 3323/4298/238 3324/4299/238 3325/4300/238 3326/4301/238 3327/4302/238 3328/4303/238 3329/4304/238 3330/4305/238 3331/4306/238 3332/4307/238 3333/4308/238
f 2288/4309/6 2287/4310/6 3330/4305/6 3329/4304/6
f 2284/4311/266 2299/4312/266 3318/4293/266 3333/4308/266
f 2292/4313/240 2291/4314/240 3326/4301/240 3325/4300/240
f 3318/4293/654 2299/4312/654 2298/4315/654 3319/4294/654
f 3319/4294/672 2298/4315/672 2297/4316/672 3320/4295/672
f 3320/4295/656 2297/4316/656 2296/4317/656 3321/4296/656
f 2292/4313/657 3325/4300/657 3324/4299/657 2293/4318/657
f 2293/4318/658 3324/4299/658 3323/4298/658 2294/4319/658
f 2294/4319/659 3323/4298/659 3322/4297/659 2295/4320/659
f 2288/4309/660 3329/4304/660 3328/4303/660 2289/4321/660
f 2289/4321/688 3328/4303/688 3327/4302/688 2290/4322/688
f 2290/4322/662 3327/4302/662 3326/4301/662 2291/4314/662
f 2284/4311/644 3333/4308/644 3332/4307/644 2285/4323/644
f 2285/4323/713 3332/4307/713 3331/4306/713 2286/4324/713
f 2286/4324/674 3331/4306/674 3330/4305/674 2287/4310/674
f 2296/4317/19 2295/4320/19 3322/4297/19 3321/4296/19
f 3334/4325/238 3335/4326/238 3336/4327/238 3337/4328/238 3338/4329/238 3339/4330/238 3340/4331/238 3341/4332/238 3342/4333/238 3343/4334/238 3344/4335/238 3345/4336/238 3346/4337/238 3347/4338/238 3348/4339/238 3349/4340/238
f 2304/4341/6 2303/4342/6 3346/4337/6 3345/4336/6
f 2300/4343/266 2315/4344/266 3334/4325/266 3349/4340/266
f 2308/4345/240 2307/4346/240 3342/4333/240 3341/4332/240
f 3334/4325/635 2315/4344/635 2314/4347/635 3335/4326/635
f 3335/4326/624 2314/4347/624 2313/4348/624 3336/4327/624
f 3336/4327/656 2313/4348/656 2312/4349/656 3337/4328/656
f 2308/4345/657 3341/4332/657 3340/4331/657 2309/4350/657
f 2309/4350/658 3340/4331/658 3339/4330/658 2310/4351/658
f 2310/4351/659 3339/4330/659 3338/4329/659 2311/4352/659
f 2304/4341/670 3345/4336/670 3344/4335/670 2305/4353/670
f 2305/4353/688 3344/4335/688 3343/4334/688 2306/4354/688
f 2306/4354/662 3343/4334/662 3342/4333/662 2307/4346/662
f 2300/4343/644 3349/4340/644 3348/4339/644 2301/4355/644
f 2301/4355/713 3348/4339/713 3347/4338/713 2302/4356/713
f 2302/4356/671 3347/4338/671 3346/4337/671 2303/4342/671
f 2312/4349/19 2311/4352/19 3338/4329/19 3337/4328/19
f 3350/4357/238 3351/4358/238 3352/4359/238 3353/4360/238 3354/4361/238 3355/4362/238 3356/4363/238 3357/4364/238 3358/4365/238 3359/4366/238 3360/4367/238 3361/4368/238 3362/4369/238 3363/4370/238 3364/4371/238 3365/4372/238
f 2320/4373/6 2319/4374/6 3362/4369/6 3361/4368/6
f 2316/4375/266 2331/4376/266 3350/4357/266 3365/4372/266
f 2324/4377/240 2323/4378/240 3358/4365/240 3357/4364/240
f 3350/4357/714 2331/4376/714 2330/4379/714 3351/4358/714
f 3351/4358/715 2330/4379/715 2329/4380/715 3352/4359/715
f 3352/4359/656 2329/4380/656 2328/4381/656 3353/4360/656
f 2324/4377/657 3357/4364/657 3356/4363/657 2325/4382/657
f 2325/4382/686 3356/4363/686 3355/4362/686 2326/4383/686
f 2326/4383/659 3355/4362/659 3354/4361/659 2327/4384/659
f 2320/4373/670 3361/4368/670 3360/4367/670 2321/4385/670
f 2321/4385/661 3360/4367/661 3359/4366/661 2322/4386/661
f 2322/4386/662 3359/4366/662 3358/4365/662 2323/4378/662
f 2316/4375/644 3365/4372/644 3364/4371/644 2317/4387/644
f 2317/4387/673 3364/4371/673 3363/4370/673 2318/4388/673
f 2318/4388/671 3363/4370/671 3362/4369/671 2319/4374/671
f 2328/4381/19 2327/4384/19 3354/4361/19 3353/4360/19
f 3366/4389/238 3367/4390/238 3368/4391/238 3369/4392/238 3370/4393/238 3371/4394/238 3372/4395/238 3373/4396/238 3374/4397/238 3375/4398/238 3376/4399/238 3377/4400/238 3378/4401/238 3379/4402/238 3380/4403/238 3381/4404/238
f 2336/4405/6 2335/4406/6 3378/4401/6 3377/4400/6
f 2332/4407/266 2347/4408/266 3366/4389/266 3381/4404/266
f 2340/4409/240 2339/4410/240 3374/4397/240 3373/4396/240
f 3366/4389/716 2347/4408/716 2346/4411/716 3367/4390/716
f 3367/4390/717 2346/4411/717 2345/4412/717 3368/4391/717
f 3368/4391/656 2345/4412/656 2344/4413/656 3369/4392/656
f 2340/4409/678 3373/4396/678 3372/4395/678 2341/4414/678
f 2341/4414/658 3372/4395/658 3371/4394/658 2342/4415/658
f 2342/4415/659 3371/4394/659 3370/4393/659 2343/4416/659
f 2336/4405/670 3377/4400/670 3376/4399/670 2337/4417/670
f 2337/4417/688 3376/4399/688 3375/4398/688 2338/4418/688
f 2338/4418/662 3375/4398/662 3374/4397/662 2339/4410/662
f 2332/4407/644 3381/4404/644 3380/4403/644 2333/4419/644
f 2333/4419/713 3380/4403/713 3379/4402/713 2334/4420/713
f 2334/4420/671 3379/4402/671 3378/4401/671 2335/4406/671
f 2344/4413/19 2343/4416/19 3370/4393/19 3369/4392/19
f 3382/4421/238 3383/4422/238 3384/4423/238 3385/4424/238 3386/4425/238 3387/4426/238 3388/4427/238 3389/4428/238 3390/4429/238 3391/4430/238 3392/4431/238 3393/4432/238 3394/4433/238 3395/4434/238 3396/4435/238 3397/4436/238
f 2352/4437/6 2351/4438/6 3394/4433/6 3393/4432/6
f 2348/4439/266 2363/4440/266 3382/4421/266 3397/4436/266
f 2356/4441/240 2355/4442/240 3390/4429/240 3389/4428/240
f 3382/4421/635 2363/4440/635 2362/4443/635 3383/4422/635
f 3383/4422/715 2362/4443/715 2361/4444/715 3384/4423/715
f 3384/4423/656 2361/4444/656 2360/4445/656 3385/4424/656
f 2356/4441/657 3389/4428/657 3388/4427/657 2357/4446/657
f 2357/4446/686 3388/4427/686 3387/4426/686 2358/4447/686
f 2358/4447/659 3387/4426/659 3386/4425/659 2359/4448/659
f 2352/4437/670 3393/4432/670 3392/4431/670 2353/4449/670
f 2353/4449/688 3392/4431/688 3391/4430/688 2354/4450/688
f 2354/4450/662 3391/4430/662 3390/4429/662 2355/4442/662
f 2348/4439/718 3397/4436/718 3396/4435/718 2349/4451/718
f 2349/4451/641 3396/4435/641 3395/4434/641 2350/4452/641
f 2350/4452/671 3395/4434/671 3394/4433/671 2351/4438/671
f 2360/4445/19 2359/4448/19 3386/4425/19 3385/4424/19
f 3398/4453/238 3399/4454/238 3400/4455/238 3401/4456/238 3402/4457/238 3403/4458/238 3404/4459/238 3405/4460/238 3406/4461/238 3407/4462/238 3408/4463/238 3409/4464/238 3410/4465/238 3411/4466/238 3412/4467/238 3413/4468/238
f 2368/4469/6 2367/4470/6 3410/4465/6 3409/4464/6
f 2364/4471/266 2379/4472/266 3398/4453/266 3413/4468/266
f 2372/4473/240 2371/4474/240 3406/4461/240 3405/4460/240
f 3398/4453/716 2379/4472/716 2378/4475/716 3399/4454/716
f 3399/4454/624 2378/4475/624 2377/4476/624 3400/4455/624
f 3400/4455/656 2377/4476/656 2376/4477/656 3401/4456/656
f 2372/4473/678 3405/4460/678 3404/4459/678 2373/4478/678
f 2373/4478/658 3404/4459/658 3403/4458/658 2374/4479/658
f 2374/4479/659 3403/4458/659 3402/4457/659 2375/4480/659
f 2368/4469/670 3409/4464/670 3408/4463/670 2369/4481/670
f 2369/4481/688 3408/4463/688 3407/4462/688 2370/4482/688
f 2370/4482/662 3407/4462/662 3406/4461/662 2371/4474/662
f 2364/4471/644 3413/4468/644 3412/4467/644 2365/4483/644
f 2365/4483/713 3412/4467/713 3411/4466/713 2366/4484/713
f 2366/4484/671 3411/4466/671 3410/4465/671 2367/4470/671
f 2376/4477/19 2375/4480/19 3402/4457/19 3401/4456/19
f 3414/4485/238 3415/4486/238 3416/4487/238 3417/4488/238 3418/4489/238 3419/4490/238 3420/4491/238 3421/4492/238 3422/4493/238 3423/4494/238 3424/4495/238 3425/4496/238 3426/4497/238 3427/4498/238 3428/4499/238 3429/4500/238
f 2384/4501/6 2383/4502/6 3426/4497/6 3425/4496/6
f 2380/4503/266 2395/4504/266 3414/4485/266 3429/4500/266
f 2388/4505/240 2387/4506/240 3422/4493/240 3421/4492/240
f 3414/4485/635 2395/4504/635 2394/4507/635 3415/4486/635
f 3415/4486/715 2394/4507/715 2393/4508/715 3416/4487/715
f 3416/4487/656 2393/4508/656 2392/4509/656 3417/4488/656
f 2388/4505/657 3421/4492/657 3420/4491/657 2389/4510/657
f 2389/4510/686 3420/4491/686 3419/4490/686 2390/4511/686
f 2390/4511/659 3419/4490/659 3418/4489/659 2391/4512/659
f 2384/4501/670 3425/4496/670 3424/4495/670 2385/4513/670
f 2385/4513/688 3424/4495/688 3423/4494/688 2386/4514/688
f 2386/4514/662 3423/4494/662 3422/4493/662 2387/4506/662
f 2380/4503/644 3429/4500/644 3428/4499/644 2381/4515/644
f 2381/4515/713 3428/4499/713 3427/4498/713 2382/4516/713
f 2382/4516/671 3427/4498/671 3426/4497/671 2383/4502/671
f 2392/4509/19 2391/4512/19 3418/4489/19 3417/4488/19
f 3430/4517/238 3431/4518/238 3432/4519/238 3433/4520/238 3434/4521/238 3435/4522/238 3436/4523/238 3437/4524/238 3438/4525/238 3439/4526/238 3440/4527/238 3441/4528/238 3442/4529/238 3443/4530/238 3444/4531/238 3445/4532/238
f 2400/4533/6 2399/4534/6 3442/4529/6 3441/4528/6
f 2396/4535/266 2411/4536/266 3430/4517/266 3445/4532/266
f 2404/4537/240 2403/4538/240 3438/4525/240 3437/4524/240
f 3430/4517/716 2411/4536/716 2410/4539/716 3431/4518/716
f 3431/4518/672 2410/4539/672 2409/4540/672 3432/4519/672
f 3432/4519/677 2409/4540/677 2408/4541/677 3433/4520/677
f 2404/4537/678 3437/4524/678 3436/4523/678 2405/4542/678
f 2405/4542/679 3436/4523/679 3435/4522/679 2406/4543/679
f 2406/4543/680 3435/4522/680 3434/4521/680 2407/4544/680
f 2400/4533/670 3441/4528/670 3440/4527/670 2401/4545/670
f 2401/4545/666 3440/4527/666 3439/4526/666 2402/4546/666
f 2402/4546/662 3439/4526/662 3438/4525/662 2403/4538/662
f 2396/4535/718 3445/4532/718 3444/4531/718 2397/4547/718
f 2397/4547/719 3444/4531/719 3443/4530/719 2398/4548/719
f 2398/4548/671 3443/4530/671 3442/4529/671 2399/4534/671
f 2408/4541/19 2407/4544/19 3434/4521/19 3433/4520/19
f 3446/4549/238 3447/4550/238 3448/4551/238 3449/4552/238 3450/4553/238 3451/4554/238 3452/4555/238 3453/4556/238 3454/4557/238 3455/4558/238 3456/4559/238 3457/4560/238 3458/4561/238 3459/4562/238 3460/4563/238 3461/4564/238
f 2416/4565/6 2415/4566/6 3458/4561/6 3457/4560/6
f 2412/4567/266 2427/4568/266 3446/4549/266 3461/4564/266
f 2420/4569/240 2419/4570/240 3454/4557/240 3453/4556/240
f 3446/4549/714 2427/4568/714 2426/4571/714 3447/4550/714
f 3447/4550/717 2426/4571/717 2425/4572/717 3448/4551/717
f 3448/4551/656 2425/4572/656 2424/4573/656 3449/4552/656
f 2420/4569/657 3453/4556/657 3452/4555/657 2421/4574/657
f 2421/4574/658 3452/4555/658 3451/4554/658 2422/4575/658
f 2422/4575/659 3451/4554/659 3450/4553/659 2423/4576/659
f 2416/4565/670 3457/4560/670 3456/4559/670 2417/4577/670
f 2417/4577/688 3456/4559/688 3455/4558/688 2418/4578/688
f 2418/4578/662 3455/4558/662 3454/4557/662 2419/4570/662
f 2412/4567/644 3461/4564/644 3460/4563/644 2413/4579/644
f 2413/4579/713 3460/4563/713 3459/4562/713 2414/4580/713
f 2414/4580/671 3459/4562/671 3458/4561/671 2415/4566/671
f 2424/4573/19 2423/4576/19 3450/4553/19 3449/4552/19
f 3462/4581/238 3463/4582/238 3464/4583/238 3465/4584/238 3466/4585/238 3467/4586/238 3468/4587/238 3469/4588/238 3470/4589/238 3471/4590/238 3472/4591/238 3473/4592/238 3474/4593/238 3475/4594/238 3476/4595/238 3477/4596/238
f 2432/4597/6 2431/4598/6 3474/4593/6 3473/4592/6
f 2428/4599/266 2443/4600/266 3462/4581/266 3477/4596/266
f 2436/4601/240 2435/4602/240 3470/4589/240 3469/4588/240
f 3462/4581/635 2443/4600/635 2442/4603/635 3463/4582/635
f 3463/4582/715 2442/4603/715 2441/4604/715 3464/4583/715
f 3464/4583/656 2441/4604/656 2440/4605/656 3465/4584/656
f 2436/4601/657 3469/4588/657 3468/4587/657 2437/4606/657
f 2437/4606/686 3468/4587/686 3467/4586/686 2438/4607/686
f 2438/4607/659 3467/4586/659 3466/4585/659 2439/4608/659
f 2432/4597/660 3473/4592/660 3472/4591/660 2433/4609/660
f 2433/4609/661 3472/4591/661 3471/4590/661 2434/4610/661
f 2434/4610/662 3471/4590/662 3470/4589/662 2435/4602/662
f 2428/4599/644 3477/4596/644 3476/4595/644 2429/4611/644
f 2429/4611/673 3476/4595/673 3475/4594/673 2430/4612/673
f 2430/4612/674 3475/4594/674 3474/4593/674 2431/4598/674
f 2440/4605/19 2439/4608/19 3466/4585/19 3465/4584/19
f 3478/4613/238 3479/4614/238 3480/4615/238 3481/4616/238 3482/4617/238 3483/4618/238 3484/4619/238 3485/4620/238 3486/4621/238 3487/4622/238 3488/4623/238 3489/4624/238 3490/4625/238 3491/4626/238 3492/4627/238 3493/4628/238
f 2448/4629/6 2447/4630/6 3490/4625/6 3489/4624/6
f 2444/4631/266 2459/4632/266 3478/4613/266 3493/4628/266
f 2452/4633/240 2451/4634/240 3486/4621/240 3485/4620/240
f 3478/4613/714 2459/4632/714 2458/4635/714 3479/4614/714
f 3479/4614/715 2458/4635/715 2457/4636/715 3480/4615/715
f 3480/4615/656 2457/4636/656 2456/4637/656 3481/4616/656
f 2452/4633/657 3485/4620/657 3484/4619/657 2453/4638/657
f 2453/4638/686 3484/4619/686 3483/4618/686 2454/4639/686
f 2454/4639/659 3483/4618/659 3482/4617/659 2455/4640/659
f 2448/4629/670 3489/4624/670 3488/4623/670 2449/4641/670
f 2449/4641/688 3488/4623/688 3487/4622/688 2450/4642/688
f 2450/4642/662 3487/4622/662 3486/4621/662 2451/4634/662
f 2444/4631/718 3493/4628/718 3492/4627/718 2445/4643/718
f 2445/4643/713 3492/4627/713 3491/4626/713 2446/4644/713
f 2446/4644/671 3491/4626/671 3490/4625/671 2447/4630/671
f 2456/4637/19 2455/4640/19 3482/4617/19 3481/4616/19
f 2472/4645/19 2471/4646/19 3494/4647/19 3495/4648/19
f 2462/4649/720 3496/4650/720 3497/4651/720 2463/4652/720
f 2461/4653/721 3498/4654/721 3496/4650/721 2462/4649/721
f 2460/4655/722 3499/4656/722 3498/4654/722 2461/4653/722
f 2466/4657/723 3500/4658/723 3501/4659/723 2467/4660/723
f 2465/4661/724 3502/4662/724 3500/4658/724 2466/4657/724
f 2464/4663/725 3503/4664/725 3502/4662/725 2465/4661/725
f 2470/4665/726 3504/4666/726 3494/4647/726 2471/4646/726
f 2469/4667/727 3505/4668/727 3504/4666/727 2470/4665/727
f 2468/4669/728 3506/4670/728 3505/4668/728 2469/4667/728
f 3507/4671/729 2473/4672/729 2472/4645/729 3495/4648/729
f 3508/4673/730 2474/4674/730 2473/4672/730 3507/4671/730
f 3509/4675/731 2475/4676/731 2474/4674/731 3508/4673/731
f 2468/4669/240 2467/4660/240 3501/4659/240 3506/4670/240
f 2460/4655/266 2475/4676/266 3509/4675/266 3499/4656/266
f 2464/4663/6 2463/4652/6 3497/4651/6 3503/4664/6
f 3509/4675/238 3508/4673/238 3507/4671/238 3495/4648/238 3494/4647/238 3504/4666/238 3505/4668/238 3506/4670/238 3501/4659/238 3500/4658/238 3502/4662/238 3503/4664/238 3497/4651/238 3496/4650/238 3498/4654/238 3499/4656/238
f 3510/4677/238 3511/4678/238 3512/4679/238 3513/4680/238 3514/4681/238 3515/4682/238 3516/4683/238 3517/4684/238 3518/4685/238 3519/4686/238 3520/4687/238 3521/4688/238 3522/4689/238 3523/4690/238 3524/4691/238 3525/4692/238
f 2480/4693/6 2479/4694/6 3522/4689/6 3521/4688/6
f 2476/4695/266 2491/4696/266 3510/4677/266 3525/4692/266
f 2484/4697/240 2483/4698/240 3518/4685/240 3517/4684/240
f 3510/4677/732 2491/4696/732 2490/4699/732 3511/4678/732
f 3511/4678/733 2490/4699/733 2489/4700/733 3512/4679/733
f 3512/4679/729 2489/4700/729 2488/4701/729 3513/4680/729
f 2484/4697/734 3517/4684/734 3516/4683/734 2485/4702/734
f 2485/4702/735 3516/4683/735 3515/4682/735 2486/4703/735
f 2486/4703/726 3515/4682/726 3514/4681/726 2487/4704/726
f 2480/4693/725 3521/4688/725 3520/4687/725 2481/4705/725
f 2481/4705/736 3520/4687/736 3519/4686/736 2482/4706/736
f 2482/4706/737 3519/4686/737 3518/4685/737 2483/4698/737
f 2476/4695/738 3525/4692/738 3524/4691/738 2477/4707/738
f 2477/4707/739 3524/4691/739 3523/4690/739 2478/4708/739
f 2478/4708/720 3523/4690/720 3522/4689/720 2479/4694/720
f 2488/4701/19 2487/4704/19 3514/4681/19 3513/4680/19
f 3526/4709/238 3527/4710/238 3528/4711/238 3529/4712/238 3530/4713/238 3531/4714/238 3532/4715/238 3533/4716/238 3534/4717/238 3535/4718/238 3536/4719/238 3537/4720/238 3538/4721/238 3539/4722/238 3540/4723/238 3541/4724/238
f 2496/4725/6 2495/4726/6 3538/4721/6 3537/4720/6
f 2492/4727/266 2507/4728/266 3526/4709/266 3541/4724/266
f 2500/4729/240 2499/4730/240 3534/4717/240 3533/4716/240
f 3526/4709/654 2507/4728/654 2506/4731/654 3527/4710/654
f 3527/4710/672 2506/4731/672 2505/4732/672 3528/4711/672
f 3528/4711/656 2505/4732/656 2504/4733/656 3529/4712/656
f 2500/4729/637 3533/4716/637 3532/4715/637 2501/4734/637
f 2501/4734/686 3532/4715/686 3531/4714/686 2502/4735/686
f 2502/4735/740 3531/4714/740 3530/4713/740 2503/4736/740
f 2496/4725/741 3537/4720/741 3536/4719/741 2497/4737/741
f 2497/4737/661 3536/4719/661 3535/4718/661 2498/4738/661
f 2498/4738/643 3535/4718/643 3534/4717/643 2499/4730/643
f 2492/4727/663 3541/4724/663 3540/4723/663 2493/4739/663
f 2493/4739/664 3540/4723/664 3539/4722/664 2494/4740/664
f 2494/4740/634 3539/4722/634 3538/4721/634 2495/4726/634
f 2504/4733/19 2503/4736/19 3530/4713/19 3529/4712/19
f 3542/4741/238 3543/4742/238 3544/4743/238 3545/4744/238 3546/4745/238 3547/4746/238 3548/4747/238 3549/4748/238 3550/4749/238 3551/4750/238 3552/4751/238 3553/4752/238 3554/4753/238 3555/4754/238 3556/4755/238 3557/4756/238
f 2512/4757/6 2511/4758/6 3554/4753/6 3553/4752/6
f 2508/4759/266 2523/4760/266 3542/4741/266 3557/4756/266
f 2516/4761/240 2515/4762/240 3550/4749/240 3549/4748/240
f 3542/4741/742 2523/4760/742 2522/4763/742 3543/4742/742
f 3543/4742/743 2522/4763/743 2521/4764/743 3544/4743/743
f 3544/4743/744 2521/4764/744 2520/4765/744 3545/4744/744
f 2516/4761/745 3549/4748/745 3548/4747/745 2517/4766/745
f 2517/4766/746 3548/4747/746 3547/4746/746 2518/4767/746
f 2518/4767/747 3547/4746/747 3546/4745/747 2519/4768/747
f 2512/4757/748 3553/4752/748 3552/4751/748 2513/4769/748
f 2513/4769/749 3552/4751/749 3551/4750/749 2514/4770/749
f 2514/4770/750 3551/4750/750 3550/4749/750 2515/4762/750
f 2508/4759/751 3557/4756/751 3556/4755/751 2509/4771/751
f 2509/4771/752 3556/4755/752 3555/4754/752 2510/4772/752
f 2510/4772/753 3555/4754/753 3554/4753/753 2511/4758/753
f 2520/4765/19 2519/4768/19 3546/4745/19 3545/4744/19
f 3558/4773/238 3559/4774/238 3560/4775/238 3561/4776/238 3562/4777/238 3563/4778/238 3564/4779/238 3565/4780/238 3566/4781/238 3567/4782/238 3568/4783/238 3569/4784/238 3570/4785/238 3571/4786/238 3572/4787/238 3573/4788/238
f 2528/4789/6 2527/4790/6 3570/4785/6 3569/4784/6
f 2524/4791/266 2539/4792/266 3558/4773/266 3573/4788/266
f 2532/4793/240 2531/4794/240 3566/4781/240 3565/4780/240
f 3558/4773/754 2539/4792/754 2538/4795/754 3559/4774/754
f 3559/4774/755 2538/4795/755 2537/4796/755 3560/4775/755
f 3560/4775/756 2537/4796/756 2536/4797/756 3561/4776/756
f 2532/4793/757 3565/4780/757 3564/4779/757 2533/4798/757
f 2533/4798/758 3564/4779/758 3563/4778/758 2534/4799/758
f 2534/4799/747 3563/4778/747 3562/4777/747 2535/4800/747
f 2528/4789/759 3569/4784/759 3568/4783/759 2529/4801/759
f 2529/4801/760 3568/4783/760 3567/4782/760 2530/4802/760
f 2530/4802/761 3567/4782/761 3566/4781/761 2531/4794/761
f 2524/4791/751 3573/4788/751 3572/4787/751 2525/4803/751
f 2525/4803/752 3572/4787/752 3571/4786/752 2526/4804/752
f 2526/4804/753 3571/4786/753 3570/4785/753 2527/4790/753
f 2536/4797/19 2535/4800/19 3562/4777/19 3561/4776/19
f 3574/4805/238 3575/4806/238 3576/4807/238 3577/4808/238 3578/4809/238 3579/4810/238 3580/4811/238 3581/4812/238 3582/4813/238 3583/4814/238 3584/4815/238 3585/4816/238 3586/4817/238 3587/4818/238 3588/4819/238 3589/4820/238
f 2544/4821/6 2543/4822/6 3586/4817/6 3585/4816/6
f 2540/4823/266 2555/4824/266 3574/4805/266 3589/4820/266
f 2548/4825/240 2547/4826/240 3582/4813/240 3581/4812/240
f 3574/4805/754 2555/4824/754 2554/4827/754 3575/4806/754
f 3575/4806/755 2554/4827/755 2553/4828/755 3576/4807/755
f 3576/4807/762 2553/4828/762 2552/4829/762 3577/4808/762
f 2548/4825/757 3581/4812/757 3580/4811/757 2549/4830/757
f 2549/4830/758 3580/4811/758 3579/4810/758 2550/4831/758
f 2550/4831/763 3579/4810/763 3578/4809/763 2551/4832/763
f 2544/4821/764 3585/4816/764 3584/4815/764 2545/4833/764
f 2545/4833/760 3584/4815/760 3583/4814/760 2546/4834/760
f 2546/4834/761 3583/4814/761 3582/4813/761 2547/4826/761
f 2540/4823/751 3589/4820/751 3588/4819/751 2541/4835/751
f 2541/4835/752 3588/4819/752 3587/4818/752 2542/4836/752
f 2542/4836/753 3587/4818/753 3586/4817/753 2543/4822/753
f 2552/4829/19 2551/4832/19 3578/4809/19 3577/4808/19
f 3590/4837/238 3591/4838/238 3592/4839/238 3593/4840/238 3594/4841/238 3595/4842/238 3596/4843/238 3597/4844/238 3598/4845/238 3599/4846/238 3600/4847/238 3601/4848/238 3602/4849/238 3603/4850/238 3604/4851/238 3605/4852/238
f 2560/4853/6 2559/4854/6 3602/4849/6 3601/4848/6
f 2556/4855/266 2571/4856/266 3590/4837/266 3605/4852/266
f 2564/4857/240 2563/4858/240 3598/4845/240 3597/4844/240
f 3590/4837/654 2571/4856/654 2570/4859/654 3591/4838/654
f 3591/4838/672 2570/4859/672 2569/4860/672 3592/4839/672
f 3592/4839/656 2569/4860/656 2568/4861/656 3593/4840/656
f 2564/4857/657 3597/4844/657 3596/4843/657 2565/4862/657
f 2565/4862/686 3596/4843/686 3595/4842/686 2566/4863/686
f 2566/4863/659 3595/4842/659 3594/4841/659 2567/4864/659
f 2560/4853/629 3601/4848/629 3600/4847/629 2561/4865/629
f 2561/4865/661 3600/4847/661 3599/4846/661 2562/4866/661
f 2562/4866/662 3599/4846/662 3598/4845/662 2563/4858/662
f 2556/4855/663 3605/4852/663 3604/4851/663 2557/4867/663
f 2557/4867/664 3604/4851/664 3603/4850/664 2558/4868/664
f 2558/4868/634 3603/4850/634 3602/4849/634 2559/4854/634
f 2568/4861/19 2567/4864/19 3594/4841/19 3593/4840/19
f 3606/4869/238 3607/4870/238 3608/4871/238 3609/4872/238 3610/4873/238 3611/4874/238 3612/4875/238 3613/4876/238 3614/4877/238 3615/4878/238 3616/4879/238 3617/4880/238 3618/4881/238 3619/4882/238 3620/4883/238 3621/4884/238
f 2576/4885/6 2575/4886/6 3618/4881/6 3617/4880/6
f 2572/4887/266 2587/4888/266 3606/4869/266 3621/4884/266
f 2580/4889/240 2579/4890/240 3614/4877/240 3613/4876/240
f 3606/4869/654 2587/4888/654 2586/4891/654 3607/4870/654
f 3607/4870/672 2586/4891/672 2585/4892/672 3608/4871/672
f 3608/4871/656 2585/4892/656 2584/4893/656 3609/4872/656
f 2580/4889/657 3613/4876/657 3612/4875/657 2581/4894/657
f 2581/4894/658 3612/4875/658 3611/4874/658 2582/4895/658
f 2582/4895/659 3611/4874/659 3610/4873/659 2583/4896/659
f 2576/4885/670 3617/4880/670 3616/4879/670 2577/4897/670
f 2577/4897/688 3616/4879/688 3615/4878/688 2578/4898/688
f 2578/4898/662 3615/4878/662 3614/4877/662 2579/4890/662
f 2572/4887/663 3621/4884/663 3620/4883/663 2573/4899/663
f 2573/4899/673 3620/4883/673 3619/4882/673 2574/4900/673
f 2574/4900/671 3619/4882/671 3618/4881/671 2575/4886/671
f 2584/4893/19 2583/4896/19 3610/4873/19 3609/4872/19
f 3622/4901/238 3623/4902/238 3624/4903/238 3625/4904/238 3626/4905/238 3627/4906/238 3628/4907/238 3629/4908/238 3630/4909/238 3631/4910/238 3632/4911/238 3633/4912/238 3634/4913/238 3635/4914/238 3636/4915/238 3637/4916/238
f 2592/4917/6 2591/4918/6 3634/4913/6 3633/4912/6
f 2588/4919/266 2603/4920/266 3622/4901/266 3637/4916/266
f 2596/4921/240 2595/4922/240 3630/4909/240 3629/4908/240
f 3622/4901/716 2603/4920/716 2602/4923/716 3623/4902/716
f 3623/4902/676 2602/4923/676 2601/4924/676 3624/4903/676
f 3624/4903/656 2601/4924/656 2600/4925/656 3625/4904/656
f 2596/4921/678 3629/4908/678 3628/4907/678 2597/4926/678
f 2597/4926/679 3628/4907/679 3627/4906/679 2598/4927/679
f 2598/4927/659 3627/4906/659 3626/4905/659 2599/4928/659
f 2592/4917/670 3633/4912/670 3632/4911/670 2593/4929/670
f 2593/4929/666 3632/4911/666 3631/4910/666 2594/4930/666
f 2594/4930/662 3631/4910/662 3630/4909/662 2595/4922/662
f 2588/4919/644 3637/4916/644 3636/4915/644 2589/4931/644
f 2589/4931/673 3636/4915/673 3635/4914/673 2590/4932/673
f 2590/4932/671 3635/4914/671 3634/4913/671 2591/4918/671
f 2600/4925/19 2599/4928/19 3626/4905/19 3625/4904/19
f 3638/4933/238 3639/4934/238 3640/4935/238 3641/4936/238 3642/4937/238 3643/4938/238 3644/4939/238 3645/4940/238 3646/4941/238 3647/4942/238 3648/4943/238 3649/4944/238 3650/4945/238 3651/4946/238 3652/4947/238 3653/4948/238
f 2608/4949/6 2607/4950/6 3650/4945/6 3649/4944/6
f 2604/4951/266 2619/4952/266 3638/4933/266 3653/4948/266
f 2612/4953/240 2611/4954/240 3646/4941/240 3645/4940/240
f 3638/4933/765 2619/4952/765 2618/4955/765 3639/4934/765
f 3639/4934/766 2618/4955/766 2617/4956/766 3640/4935/766
f 3640/4935/767 2617/4956/767 2616/4957/767 3641/4936/767
f 2612/4953/768 3645/4940/768 3644/4939/768 2613/4958/768
f 2613/4958/769 3644/4939/769 3643/4938/769 2614/4959/769
f 2614/4959/770 3643/4938/770 3642/4937/770 2615/4960/770
f 2608/4949/771 3649/4944/771 3648/4943/771 2609/4961/771
f 2609/4961/772 3648/4943/772 3647/4942/772 2610/4962/772
f 2610/4962/773 3647/4942/773 3646/4941/773 2611/4954/773
f 2604/4951/774 3653/4948/774 3652/4947/774 2605/4963/774
f 2605/4963/775 3652/4947/775 3651/4946/775 2606/4964/775
f 2606/4964/776 3651/4946/776 3650/4945/776 2607/4950/776
f 2616/4957/19 2615/4960/19 3642/4937/19 3641/4936/19
f 3654/4965/238 3655/4966/238 3656/4967/238 3657/4968/238 3658/4969/238 3659/4970/238 3660/4971/238 3661/4972/238 3662/4973/238 3663/4974/238 3664/4975/238 3665/4976/238 3666/4977/238 3667/4978/238 3668/4979/238 3669/4980/238 3670/4981/238 3671/4982/238 3672/4983/238 3673/4984/238 3674/4985/238 3675/4986/238
f 3676/4987/430 3677/4988/430 3678/4989/430 3679/4990/430 3680/4991/430 3681/4992/430 3682/4993/430 3683/4994/430 3684/4995/430 3685/4996/430 3686/4997/430 3687/4998/430 3688/4999/430 3689/5000/430 3690/5001/430 3691/5002/430 3692/5003/430 3693/5004/430 3694/5005/430 3695/5006/430 3696/5007/430 3697/5008/430
f 3674/4985/777 3673/4984/777 3679/4990/777 3678/4989/777
f 3667/4978/778 3666/4977/778 3686/4997/778 3685/4996/778
f 3662/4973/779 3661/4972/779 3691/5002/779 3690/5001/779
f 3673/4984/266 3672/4983/266 3680/4991/266 3679/4990/266
f 3666/4977/780 3665/4976/780 3687/4998/780 3686/4997/780
f 3661/4972/240 3660/4971/240 3692/5003/240 3691/5002/240
f 3672/4983/266 3671/4982/266 3681/4992/266 3680/4991/266
f 3665/4976/781 3664/4975/781 3688/4999/781 3687/4998/781
f 3660/4971/782 3659/4970/782 3693/5004/782 3692/5003/782
f 3671/4982/783 3670/4981/783 3682/4993/783 3681/4992/783
f 3664/4975/784 3663/4974/784 3689/5000/784 3688/4999/784
f 3659/4970/785 3658/4969/785 3694/5005/785 3693/5004/785
f 3670/4981/786 3669/4980/786 3683/4994/786 3682/4993/786
f 3655/4966/787 3654/4965/787 3676/4987/787 3697/5008/787
f 3658/4969/788 3657/4968/788 3695/5006/788 3694/5005/788
f 3669/4980/789 3668/4979/789 3684/4995/789 3683/4994/789
f 3654/4965/790 3675/4986/790 3677/4988/790 3676/4987/790
f 3657/4968/791 3656/4967/791 3696/5007/791 3695/5006/791
f 3668/4979/792 3667/4978/792 3685/4996/792 3684/4995/792
f 3675/4986/793 3674/4985/793 3678/4989/793 3677/4988/793
f 3656/4967/794 3655/4966/794 3697/5008/794 3696/5007/794
f 3663/4974/795 3662/4973/795 3690/5001/795 3689/5000/795
f 3698/5009/6 3699/5010/6 3700/5011/6 3701/5012/6
f 3702/5013/796 3703/5014/796 3704/5015/796 3705/5016/796
f 3706/5017/797 3707/5018/797 3708/5019/797 3709/5020/797
f 3710/5021/6 3711/5022/449 3712/5023/449 3713/5024/6
f 3711/5022/240 3714/5025/240 3715/5026/240 3712/5023/240
f 3716/5027/798 3717/5028/798 3718/5029/798 3719/5030/798
f 3720/5031/6 3717/5028/6 3721/5032/6 3722/5033/6
f 3723/5034/430 3724/5035/430 3725/5036/430 3726/5037/430
f 3727/5038/238 3728/5039/238 3714/5025/238 3729/5040/238
f 3720/5031/240 3728/5039/240 3730/5041/240 3731/5042/240
f 3732/5043/6 3733/5044/6 3734/5045/6 3735/5046/6
f 3736/5047/799 3737/5048/799 3738/5049/799 3739/5050/799
f 3699/5010/240 3698/5009/240 3740/5051/240 3741/5052/240
f 3703/5014/6 3702/5013/6 3742/5053/6 3743/5054/6
f 3733/5044/6 3737/5048/6 3744/5055/6 3734/5045/6
f 3745/5056/266 3746/5057/266 3747/5058/266 3748/5059/266
f 3746/5057/800 3749/5060/800 3750/5061/800 3747/5058/800
f 3751/5062/449 3703/5014/6 3743/5054/6 3752/5063/449
f 3737/5048/6 3736/5047/6 3753/5064/6 3744/5055/6
f 3728/5039/240 3727/5038/240 3754/5065/240 3730/5041/240
f 3714/5025/240 3711/5022/240 3755/5066/240 3756/5067/240
f 3757/5068/6 3751/5062/449 3752/5063/449 3758/5069/6
f 3736/5047/6 3759/5070/455 3760/5071/455 3753/5064/6
f 3757/5068/801 3761/5072/801 3762/5073/801 3763/5074/801
f 3745/5056/6 3732/5043/6 3735/5046/6 3764/5075/6
f 3733/5044/802 3732/5043/802 3765/5076/802 3766/5077/802
f 3703/5014/803 3751/5062/803 3767/5078/803 3704/5015/803
f 3724/5035/240 3759/5070/240 3768/5079/240 3725/5036/240
f 3710/5021/804 3706/5017/804 3709/5020/804 3769/5080/804
f 3723/5034/240 3761/5072/240 3770/5081/240 3771/5082/240
f 3702/5013/6 3698/5009/6 3701/5012/6 3742/5053/6
f 3724/5035/6 3723/5034/6 3771/5082/6 3772/5083/6
f 3729/5040/240 3714/5025/240 3756/5067/240 3773/5084/240
f 3706/5017/455 3710/5021/6 3713/5024/6 3774/5085/455
f 3732/5043/266 3745/5056/266 3748/5059/266 3765/5076/266
f 3714/5025/6 3728/5039/6 3775/5086/6 3715/5026/6
f 3717/5028/6 3716/5027/6 3776/5087/6 3721/5032/6
f 3759/5070/805 3736/5047/805 3739/5050/805 3768/5079/805
f 3717/5028/806 3720/5031/806 3731/5042/806 3718/5029/806
f 3707/5018/807 3699/5010/807 3741/5052/807 3708/5019/807
f 3743/5088/808 3742/5053/808 3777/5089/808 3778/5090/808
f 3752/5091/809 3743/5088/809 3778/5090/809 3779/5092/809
f 3758/5093/579 3752/5091/579 3779/5094/579 3780/5095/579
f 3770/5081/810 3758/5093/810 3780/5095/810 3781/5096/810
f 3782/5097/811 3783/5098/811 3700/5011/811 3784/5099/811
f 3785/5100/812 3782/5097/812 3784/5099/812 3774/5101/812
f 3786/5102/813 3785/5103/813 3774/5101/813 3713/5024/813
f 3787/5104/814 3786/5102/814 3713/5024/814 3712/5023/814
f 3788/5105/815 3789/5106/815 3735/5046/815 3734/5045/815
f 3790/5107/816 3788/5105/816 3734/5045/816 3744/5108/816
f 3791/5109/817 3790/5110/817 3744/5108/817 3753/5111/817
f 3792/5112/818 3791/5109/818 3753/5111/818 3760/5071/818
f 3793/5113/819 3794/5114/819 3795/5115/819 3796/5116/819
f 3776/5117/820 3793/5113/820 3796/5116/820 3797/5118/820
f 3721/5032/821 3776/5117/821 3797/5119/821 3798/5120/821
f 3722/5033/822 3721/5032/822 3798/5120/822 3799/5121/822
f 3795/5115/240 3794/5114/240 3764/5075/240 3800/5122/240
f 3799/5121/240 3801/5123/240 3775/5086/240 3722/5033/240
f 3802/5124/240 3787/5104/240 3712/5023/240 3715/5026/240
f 3701/5012/266 3803/5125/266 3777/5089/266 3742/5053/266
f 3801/5123/430 3802/5124/430 3715/5026/430 3775/5086/430
f 3760/5071/240 3772/5083/240 3804/5126/240 3792/5112/240
f 3772/5083/238 3771/5082/238 3805/5127/238 3804/5126/238
f 3800/5122/240 3764/5075/240 3735/5046/240 3789/5106/240
f 3700/5011/266 3783/5098/266 3803/5125/266 3701/5012/266
f 3771/5082/240 3770/5081/240 3781/5096/240 3805/5127/240
f 3716/5027/6 3749/5060/6 3793/5113/6 3776/5087/6
f 3761/5072/240 3723/5034/240 3726/5037/240 3762/5073/240
f 3707/5018/6 3706/5017/455 3774/5085/455 3784/5128/6
f 3749/5060/823 3716/5027/823 3719/5030/823 3750/5061/823
f 3737/5048/824 3733/5044/824 3766/5077/824 3738/5049/824
f 3746/5057/6 3745/5056/6 3764/5075/6 3794/5114/6
f 3698/5009/240 3702/5013/240 3705/5016/240 3740/5051/240
f 3749/5060/6 3746/5057/6 3794/5114/6 3793/5113/6
f 3728/5039/240 3720/5031/240 3722/5033/240 3775/5086/240
f 3699/5010/6 3707/5018/6 3784/5128/6 3700/5011/6
f 3751/5062/825 3757/5068/825 3763/5074/825 3767/5078/825
f 3759/5070/240 3724/5035/240 3772/5083/240 3760/5071/240
f 3711/5022/826 3710/5021/826 3769/5080/826 3755/5066/826
f 3761/5072/455 3757/5068/6 3758/5069/6 3770/5081/455
f 3806/5129/240 3807/5130/240 3808/5131/240 3809/5132/240
f 3810/5133/266 3811/5134/266 3812/5135/266 3813/5136/266
f 3806/5129/6 3809/5132/6 3811/5134/6 3810/5133/6
f 3807/5130/238 3806/5129/238 3810/5133/238 3813/5136/238
f 3808/5131/19 3807/5130/19 3813/5136/19 3812/5135/19
f 3809/5132/430 3808/5131/430 3812/5135/430 3811/5134/430
f 3814/5137/6 3815/5138/6 3816/5139/6 3817/5140/6
f 3818/5141/827 3819/5142/827 3820/5143/827 3821/5144/827
f 3822/5145/797 3823/5146/797 3824/5147/797 3825/5148/797
f 3826/5149/6 3827/5150/449 3828/5151/449 3829/5152/6
f 3827/5150/240 3830/5153/240 3831/5154/240 3828/5151/240
f 3832/5155/798 3833/5156/798 3834/5157/798 3835/5158/798
f 3836/5159/6 3833/5156/6 3837/5160/6 3838/5161/6
f 3839/5162/430 3840/5163/430 3841/5164/430 3842/5165/430
f 3843/5166/238 3844/5167/238 3830/5153/238 3845/5168/238
f 3836/5159/240 3844/5167/240 3846/5169/240 3847/5170/240
f 3848/5171/6 3849/5172/6 3850/5173/6 3851/5174/6
f 3852/5175/799 3853/5176/799 3854/5177/799 3855/5178/799
f 3815/5138/240 3814/5137/240 3856/5179/240 3857/5180/240
f 3819/5142/6 3818/5141/6 3858/5181/6 3859/5182/6
f 3849/5172/6 3853/5176/6 3860/5183/6 3850/5173/6
f 3861/5184/266 3862/5185/266 3863/5186/266 3864/5187/266
f 3862/5185/828 3865/5188/828 3866/5189/828 3863/5186/828
f 3867/5190/6 3819/5142/6 3859/5182/6 3868/5191/6
f 3853/5176/6 3852/5175/829 3869/5192/6 3860/5183/6
f 3844/5167/240 3843/5166/240 3870/5193/240 3846/5169/240
f 3830/5153/240 3827/5150/240 3871/5194/240 3872/5195/266
f 3873/5196/6 3867/5190/6 3868/5191/6 3874/5197/6
f 3852/5175/829 3875/5198/455 3876/5199/455 3869/5192/6
f 3873/5196/801 3877/5200/801 3878/5201/801 3879/5202/801
f 3861/5184/6 3848/5171/6 3851/5174/6 3880/5203/6
f 3849/5172/802 3848/5171/802 3881/5204/802 3882/5205/802
f 3819/5142/803 3867/5190/803 3883/5206/803 3820/5143/803
f 3840/5163/240 3875/5198/240 3884/5207/240 3841/5164/240
f 3826/5149/804 3822/5145/804 3825/5148/804 3885/5208/804
f 3839/5162/240 3877/5200/240 3886/5209/240 3887/5210/240
f 3818/5141/6 3814/5137/6 3817/5140/6 3858/5181/6
f 3840/5163/6 3839/5162/6 3887/5210/6 3888/5211/6
f 3845/5168/266 3830/5153/240 3872/5195/266 3889/5212/266
f 3822/5145/6 3826/5149/6 3829/5152/6 3890/5213/6
f 3848/5171/266 3861/5184/266 3864/5187/266 3881/5204/266
f 3830/5153/6 3844/5167/6 3891/5214/6 3831/5154/6
f 3833/5156/6 3832/5155/6 3892/5215/6 3837/5160/6
f 3875/5198/805 3852/5175/805 3855/5178/805 3884/5207/805
f 3833/5156/806 3836/5159/806 3847/5170/806 3834/5157/806
f 3823/5146/830 3815/5138/830 3857/5180/830 3824/5147/830
f 3859/5216/819 3893/5217/819 3894/5218/819 3858/5181/819
f 3868/5219/831 3895/5220/831 3893/5217/831 3859/5216/831
f 3874/5221/579 3868/5219/579 3895/5222/579 3896/5223/579
f 3886/5209/832 3874/5221/832 3896/5223/832 3897/5224/832
f 3898/5225/833 3899/5226/833 3816/5139/833 3900/5227/833
f 3901/5228/834 3890/5229/834 3899/5226/834 3898/5225/834
f 3902/5230/835 3901/5231/835 3890/5229/835 3829/5152/835
f 3903/5232/836 3902/5230/836 3829/5152/836 3828/5151/836
f 3904/5233/833 3905/5234/833 3851/5174/833 3850/5173/833
f 3906/5235/837 3904/5233/837 3850/5173/837 3860/5236/837
f 3907/5237/580 3906/5238/580 3860/5236/580 3869/5239/580
f 3908/5240/838 3907/5237/838 3869/5239/838 3876/5199/838
f 3909/5241/819 3910/5242/819 3911/5243/819 3912/5244/819
f 3892/5245/820 3909/5241/820 3912/5244/820 3913/5246/820
f 3837/5160/839 3892/5245/839 3913/5247/839 3914/5248/839
f 3838/5161/840 3837/5160/840 3914/5248/840 3915/5249/840
f 3911/5243/240 3910/5242/240 3880/5203/240 3916/5250/240
f 3915/5249/240 3917/5251/240 3891/5214/240 3838/5161/240
f 3918/5252/240 3903/5232/240 3828/5151/240 3831/5154/240
f 3817/5140/266 3919/5253/266 3894/5218/266 3858/5181/266
f 3917/5251/430 3918/5252/430 3831/5154/430 3891/5214/430
f 3876/5199/240 3888/5211/240 3920/5254/240 3908/5240/240
f 3888/5211/238 3887/5210/238 3921/5255/238 3920/5254/238
f 3916/5250/240 3880/5203/240 3851/5174/240 3905/5234/240
f 3816/5139/240 3817/5140/240 3919/5253/240 3900/5227/240
f 3887/5210/240 3886/5209/240 3897/5224/240 3921/5255/240
f 3832/5155/6 3865/5188/6 3909/5241/6 3892/5215/6
f 3877/5200/240 3839/5162/240 3842/5165/240 3878/5201/240
f 3823/5146/6 3822/5145/6 3890/5213/6 3899/5256/6
f 3865/5188/823 3832/5155/823 3835/5158/823 3866/5189/823
f 3853/5176/824 3849/5172/824 3882/5205/824 3854/5177/824
f 3862/5185/6 3861/5184/6 3880/5203/6 3910/5242/6
f 3814/5137/240 3818/5141/240 3821/5144/240 3856/5179/240
f 3865/5188/6 3862/5185/6 3910/5242/6 3909/5241/6
f 3844/5167/240 3836/5159/240 3838/5161/240 3891/5214/240
f 3815/5138/6 3823/5146/6 3899/5256/6 3816/5139/6
f 3867/5190/825 3873/5196/825 3879/5202/825 3883/5206/825
f 3875/5198/240 3840/5163/240 3888/5211/240 3876/5199/240
f 3827/5150/826 3826/5149/826 3885/5208/826 3871/5194/826
f 3877/5200/455 3873/5196/6 3874/5197/6 3886/5209/455
f 3922/5257/240 3923/5258/240 3924/5259/240 3925/5260/240
f 3926/5261/266 3927/5262/266 3928/5263/266 3929/5264/266
f 3922/5257/6 3925/5260/6 3927/5262/6 3926/5261/6
f 3923/5258/238 3922/5257/238 3926/5261/238 3929/5264/238
f 3924/5259/19 3923/5258/19 3929/5264/19 3928/5263/19
f 3925/5260/430 3924/5259/430 3928/5263/430 3927/5262/430
f 3930/5265/6 3931/5266/6 3932/5267/6 3933/5268/6
f 3934/5269/796 3935/5270/796 3936/5271/796 3937/5272/796
f 3938/5273/797 3939/5274/797 3940/5275/797 3941/5276/797
f 3942/5277/6 3943/5278/6 3944/5279/6 3945/5280/6
f 3943/5278/240 3946/5281/240 3947/5282/266 3944/5279/841
f 3948/5283/798 3949/5284/798 3950/5285/798 3951/5286/798
f 3952/5287/6 3949/5284/6 3953/5288/6 3954/5289/6
f 3955/5290/430 3956/5291/430 3957/5292/430 3958/5293/430
f 3959/5294/238 3960/5295/238 3946/5281/238 3961/5296/238
f 3952/5287/240 3960/5295/240 3962/5297/240 3963/5298/240
f 3964/5299/6 3965/5300/6 3966/5301/6 3967/5302/6
f 3968/5303/799 3969/5304/799 3970/5305/799 3971/5306/799
f 3931/5266/240 3930/5265/240 3972/5307/240 3973/5308/240
f 3935/5270/6 3934/5269/6 3974/5309/6 3975/5310/6
f 3965/5300/6 3969/5304/6 3976/5311/6 3966/5301/6
f 3977/5312/266 3978/5313/266 3979/5314/266 3980/5315/266
f 3978/5313/800 3981/5316/800 3982/5317/800 3979/5314/800
f 3983/5318/6 3935/5270/6 3975/5310/6 3984/5319/6
f 3969/5304/6 3968/5303/6 3985/5320/6 3976/5311/6
f 3960/5295/240 3959/5294/240 3986/5321/240 3962/5297/240
f 3946/5281/240 3943/5278/240 3987/5322/240 3988/5323/19
f 3989/5324/6 3983/5318/6 3984/5319/6 3990/5325/6
f 3968/5303/6 3991/5326/6 3992/5327/6 3985/5320/6
f 3989/5324/801 3993/5328/801 3994/5329/801 3995/5330/801
f 3977/5312/6 3964/5299/6 3967/5302/6 3996/5331/6
f 3965/5300/802 3964/5299/802 3997/5332/802 3998/5333/802
f 3935/5270/803 3983/5318/803 3999/5334/803 3936/5271/803
f 3956/5291/240 3991/5326/240 4000/5335/240 3957/5292/240
f 3942/5277/804 3938/5273/804 3941/5276/804 4001/5336/804
f 3955/5290/240 3993/5328/240 4002/5337/240 4003/5338/842
f 3934/5269/6 3930/5265/6 3933/5268/6 3974/5309/6
f 3956/5291/449 3955/5290/449 4003/5338/449 4004/5339/449
f 3961/5296/19 3946/5281/266 3988/5323/6 4005/5340/843
f 3938/5273/455 3942/5277/6 3945/5280/6 4006/5341/455
f 3964/5299/266 3977/5312/266 3980/5315/266 3997/5332/266
f 3946/5281/455 3960/5295/455 4007/5342/455 3947/5282/455
f 3949/5284/6 3948/5283/6 4008/5343/6 3953/5288/6
f 3991/5326/805 3968/5303/805 3971/5306/805 4000/5335/805
f 3949/5284/806 3952/5287/806 3963/5298/806 3950/5285/806
f 3939/5274/807 3931/5266/807 3973/5308/807 3940/5275/807
f 3975/5344/844 4009/5345/844 4010/5346/844 3974/5309/844
f 3984/5347/845 4011/5348/845 4009/5345/845 3975/5344/845
f 3990/5349/821 4012/5350/821 4011/5351/821 3984/5347/821
f 4002/5337/578 4013/5352/578 4012/5350/578 3990/5349/578
f 4014/5353/833 4015/5354/833 3932/5267/833 4016/5355/833
f 4017/5356/846 4006/5357/846 4015/5354/846 4014/5353/846
f 4018/5358/817 3945/5280/817 4006/5357/817 4017/5359/817
f 4019/5360/847 3944/5279/847 3945/5280/847 4018/5358/847
f 4020/5361/848 3966/5301/848 3967/5302/848 4021/5362/848
f 4022/5363/849 3976/5364/849 3966/5301/849 4020/5361/849
f 4023/5365/813 3985/5366/813 3976/5364/813 4022/5367/813
f 4024/5368/574 3992/5327/574 3985/5366/574 4023/5365/574
f 4025/5369/850 4026/5370/850 4027/5371/850 4028/5372/850
f 4008/5373/809 4029/5374/809 4026/5370/809 4025/5369/809
f 3953/5288/851 4030/5375/851 4029/5376/851 4008/5373/851
f 3954/5289/852 4031/5377/852 4030/5375/852 3953/5288/852
f 4027/5371/266 4032/5378/266 3996/5331/266 4028/5372/266
f 4031/5377/240 4033/5379/240 4007/5342/266 3954/5289/853
f 4034/5380/240 4019/5360/240 3944/5279/240 3947/5282/854
f 3933/5268/240 3974/5309/240 4010/5346/240 4035/5381/240
f 4033/5379/238 4007/5342/238 3947/5282/238 4034/5380/238
f 3992/5327/240 4004/5339/855 4036/5382/240 4024/5368/240
f 4004/5339/430 4036/5382/430 4037/5383/430 4003/5338/430
f 4032/5378/266 4021/5362/266 3967/5302/266 3996/5331/266
f 3932/5267/240 3933/5268/240 4035/5381/240 4016/5355/240
f 4003/5338/266 4002/5337/856 4013/5352/240 4037/5383/240
f 3948/5283/6 3981/5316/6 4025/5369/6 4008/5343/6
f 3993/5328/240 3955/5290/240 3958/5293/240 3994/5329/240
f 3939/5274/6 3938/5273/455 4006/5341/455 4015/5384/6
f 3981/5316/823 3948/5283/823 3951/5286/823 3982/5317/823
f 3969/5304/824 3965/5300/824 3998/5333/824 3970/5305/824
f 3978/5313/6 3977/5312/6 3996/5331/6 4028/5372/6
f 3930/5265/240 3934/5269/240 3937/5272/240 3972/5307/240
f 3981/5316/6 3978/5313/6 4028/5372/6 4025/5369/6
f 3960/5295/240 3952/5287/240 3954/5289/240 4007/5342/857
f 3931/5266/6 3939/5274/6 4015/5384/6 3932/5267/6
f 3983/5318/825 3989/5324/825 3995/5330/825 3999/5334/825
f 3991/5326/240 3956/5291/240 4004/5339/266 3992/5327/858
f 3943/5278/826 3942/5277/826 4001/5336/826 3987/5322/826
f 3993/5328/6 3989/5324/6 3990/5325/6 4002/5337/6
f 4038/5385/240 4039/5386/240 4040/5387/240 4041/5388/240
f 4042/5389/266 4043/5390/266 4044/5391/266 4045/5392/266
f 4038/5385/6 4041/5388/6 4043/5390/6 4042/5389/6
f 4039/5386/238 4038/5385/238 4042/5389/238 4045/5392/238
f 4040/5387/19 4039/5386/19 4045/5392/19 4044/5391/19
f 4041/5388/430 4040/5387/430 4044/5391/430 4043/5390/430
f 4046/5393/6 4047/5394/6 4048/5395/6 4049/5396/6
f 4050/5397/796 4051/5398/796 4052/5399/796 4053/5400/796
f 4054/5401/797 4055/5402/797 4056/5403/797 4057/5404/797
f 4058/5405/6 4059/5406/449 4060/5407/449 4061/5408/6
f 4059/5406/240 4062/5409/240 4063/5410/266 4060/5407/859
f 4064/5411/798 4065/5412/798 4066/5413/798 4067/5414/798
f 4068/5415/6 4065/5412/6 4069/5416/6 4070/5417/6
f 4071/5418/430 4072/5419/430 4073/5420/430 4074/5421/430
f 4075/5422/238 4076/5423/238 4062/5409/238 4077/5424/238
f 4068/5415/240 4076/5423/240 4078/5425/240 4079/5426/240
f 4080/5427/6 4081/5428/6 4082/5429/6 4083/5430/6
f 4084/5431/799 4085/5432/799 4086/5433/799 4087/5434/799
f 4047/5394/240 4046/5393/240 4088/5435/240 4089/5436/240
f 4051/5398/6 4050/5397/6 4090/5437/6 4091/5438/6
f 4081/5428/6 4085/5432/6 4092/5439/6 4082/5429/6
f 4093/5440/266 4094/5441/266 4095/5442/266 4096/5443/266
f 4094/5441/800 4097/5444/800 4098/5445/800 4095/5442/800
f 4099/5446/6 4051/5398/6 4091/5438/6 4100/5447/6
f 4085/5432/6 4084/5431/6 4101/5448/6 4092/5439/6
f 4076/5423/240 4075/5422/240 4102/5449/240 4078/5425/240
f 4062/5409/240 4059/5406/240 4103/5450/240 4104/5451/19
f 4105/5452/6 4099/5446/6 4100/5447/6 4106/5453/6
f 4084/5431/6 4107/5454/6 4108/5455/6 4101/5448/6
f 4105/5452/860 4109/5456/860 4110/5457/860 4111/5458/860
f 4093/5440/6 4080/5427/6 4083/5430/6 4112/5459/6
f 4081/5428/802 4080/5427/802 4113/5460/802 4114/5461/802
f 4051/5398/803 4099/5446/803 4115/5462/803 4052/5399/803
f 4072/5419/240 4107/5454/240 4116/5463/240 4073/5420/240
f 4058/5405/804 4054/5401/804 4057/5404/804 4117/5464/804
f 4071/5418/240 4109/5456/240 4118/5465/240 4119/5466/861
f 4050/5397/6 4046/5393/6 4049/5396/6 4090/5437/6
f 4072/5419/6 4071/5418/6 4119/5466/6 4120/5467/6
f 4077/5424/19 4062/5409/266 4104/5451/6 4121/5468/843
f 4054/5401/6 4058/5405/6 4061/5408/6 4122/5469/6
f 4080/5427/266 4093/5440/266 4096/5443/266 4113/5460/266
f 4062/5409/6 4076/5423/6 4123/5470/6 4063/5410/6
f 4065/5412/6 4064/5411/6 4124/5471/6 4069/5416/6
f 4107/5454/805 4084/5431/805 4087/5434/805 4116/5463/805
f 4065/5412/806 4068/5415/806 4079/5426/806 4066/5413/806
f 4055/5402/807 4047/5394/807 4089/5436/807 4056/5403/807
f 4091/5472/819 4125/5473/819 4126/5474/819 4090/5437/819
f 4100/5475/862 4127/5476/862 4125/5473/862 4091/5472/862
f 4106/5477/839 4128/5478/839 4127/5479/839 4100/5475/839
f 4118/5465/863 4129/5480/863 4128/5478/863 4106/5477/863
f 4130/5481/833 4131/5482/833 4048/5395/833 4132/5483/833
f 4133/5484/816 4122/5485/816 4131/5482/816 4130/5481/816
f 4134/5486/580 4061/5408/580 4122/5485/580 4133/5487/580
f 4135/5488/847 4060/5407/847 4061/5408/847 4134/5486/847
f 4136/5489/848 4082/5429/848 4083/5430/848 4137/5490/848
f 4138/5491/849 4092/5492/849 4082/5429/849 4136/5489/849
f 4139/5493/813 4101/5494/813 4092/5492/813 4138/5495/813
f 4140/5496/577 4108/5455/577 4101/5494/577 4139/5493/577
f 4141/5497/850 4142/5498/850 4143/5499/850 4144/5500/850
f 4124/5501/864 4145/5502/864 4142/5498/864 4141/5497/864
f 4069/5416/851 4146/5503/851 4145/5504/851 4124/5501/851
f 4070/5417/852 4147/5505/852 4146/5503/852 4069/5416/852
f 4143/5499/266 4148/5506/266 4112/5459/266 4144/5500/266
f 4147/5505/240 4149/5507/240 4123/5470/266 4070/5417/853
f 4150/5508/240 4135/5488/240 4060/5407/240 4063/5410/865
f 4049/5396/240 4090/5437/240 4126/5474/240 4151/5509/240
f 4149/5507/238 4123/5470/238 4063/5410/238 4150/5508/238
f 4108/5455/240 4120/5467/866 4152/5510/240 4140/5496/240
f 4120/5467/430 4152/5510/430 4153/5511/430 4119/5466/430
f 4148/5506/266 4137/5490/266 4083/5430/266 4112/5459/266
f 4048/5395/240 4049/5396/240 4151/5509/240 4132/5483/240
f 4119/5466/266 4118/5465/867 4129/5480/240 4153/5511/240
f 4064/5411/6 4097/5444/6 4141/5497/6 4124/5471/6
f 4109/5456/240 4071/5418/240 4074/5421/240 4110/5457/240
f 4055/5402/6 4054/5401/6 4122/5469/6 4131/5512/6
f 4097/5444/823 4064/5411/823 4067/5414/823 4098/5445/823
f 4085/5432/824 4081/5428/824 4114/5461/824 4086/5433/824
f 4094/5441/6 4093/5440/6 4112/5459/6 4144/5500/6
f 4046/5393/240 4050/5397/240 4053/5400/240 4088/5435/240
f 4097/5444/6 4094/5441/6 4144/5500/6 4141/5497/6
f 4076/5423/240 4068/5415/240 4070/5417/240 4123/5470/857
f 4047/5394/6 4055/5402/6 4131/5512/6 4048/5395/6
f 4099/5446/825 4105/5452/825 4111/5458/825 4115/5462/825
f 4107/5454/240 4072/5419/240 4120/5467/266 4108/5455/868
f 4059/5406/869 4058/5405/869 4117/5464/869 4103/5450/869
f 4109/5456/6 4105/5452/6 4106/5453/6 4118/5465/6
f 4154/5513/240 4155/5514/240 4156/5515/240 4157/5516/240
f 4158/5517/266 4159/5518/266 4160/5519/266 4161/5520/266
f 4154/5513/6 4157/5516/6 4159/5518/6 4158/5517/6
f 4155/5514/238 4154/5513/238 4158/5517/238 4161/5520/238
f 4156/5515/19 4155/5514/19 4161/5520/19 4160/5519/19
f 4157/5516/430 4156/5515/430 4160/5519/430 4159/5518/430
f 1104/1353/870 1398/1647/870 1397/1646/870 1372/1621/870 1408/1657/870
f 1409/1658/871 1104/1353/871 1408/1657/871
f 1373/1622/872 1372/1621/872 1397/1646/872
f 128/135/72 154/167/72 129/136/72 120/124/72
usemtl Material.003
f 25/5521/7 19/5522/7 24/5523/8 34/5524/8 40/5525/7 73/5526/7 81/5527/7 86/5528/7 78/5529/7 66/5530/7 41/5531/7 35/5532/7
