# Blender v3.0.0 OBJ File: ''
# www.blender.org
mtllib violon.mtl
o Cylinder.004_Cylinder.001
v 0.315437 -0.305487 0.396023
v 0.315437 -0.305487 0.386408
v 0.314590 -0.305900 0.386408
v 0.314590 -0.305900 0.396023
v 0.313839 -0.306470 0.386408
v 0.313839 -0.306470 0.396023
v 0.313214 -0.307176 0.386408
v 0.313214 -0.307176 0.396023
v 0.312739 -0.307990 0.386408
v 0.312739 -0.307990 0.396023
v 0.312432 -0.308881 0.386408
v 0.312432 -0.308881 0.396023
v 0.312304 -0.309815 0.386408
v 0.312304 -0.309815 0.396023
v 0.312362 -0.310756 0.386408
v 0.312362 -0.310756 0.396023
v 0.312601 -0.311667 0.386408
v 0.312601 -0.311667 0.396023
v 0.313014 -0.312514 0.386408
v 0.313014 -0.312514 0.396023
v 0.313584 -0.313265 0.386408
v 0.313584 -0.313265 0.396023
v 0.314290 -0.313890 0.386408
v 0.314290 -0.313890 0.396023
v 0.315104 -0.314365 0.386408
v 0.315104 -0.314365 0.396023
v 0.315995 -0.314672 0.386408
v 0.315995 -0.314672 0.396023
v 0.316928 -0.314800 0.386408
v 0.316928 -0.314800 0.396023
v 0.317869 -0.314742 0.386408
v 0.317869 -0.314742 0.396023
v 0.318781 -0.314503 0.386408
v 0.318781 -0.314503 0.396023
v 0.319628 -0.314090 0.386408
v 0.319628 -0.314090 0.396023
v 0.320378 -0.313520 0.386408
v 0.320378 -0.313520 0.396023
v 0.321003 -0.312815 0.386408
v 0.321003 -0.312815 0.396023
v 0.321479 -0.312001 0.386408
v 0.321479 -0.312001 0.396023
v 0.321786 -0.311110 0.386408
v 0.321786 -0.311110 0.396023
v 0.321914 -0.310176 0.386408
v 0.321914 -0.310176 0.396023
v 0.321856 -0.309235 0.386408
v 0.321856 -0.309235 0.396023
v 0.321617 -0.308323 0.386408
v 0.321617 -0.308323 0.396023
v 0.321204 -0.307476 0.386408
v 0.321204 -0.307476 0.396023
v 0.320634 -0.306725 0.386408
v 0.320634 -0.306725 0.396023
v 0.319928 -0.306101 0.386408
v 0.319928 -0.306101 0.396023
v 0.319114 -0.305626 0.386408
v 0.319114 -0.305626 0.396023
v 0.318223 -0.305319 0.386408
v 0.318223 -0.305319 0.396023
v 0.317289 -0.305191 0.386408
v 0.317289 -0.305191 0.396023
v 0.316349 -0.305248 0.386408
v 0.316349 -0.305248 0.396023
v 0.280593 -0.318411 0.396023
v 0.280593 -0.318411 0.386408
v 0.279746 -0.318824 0.386408
v 0.279746 -0.318824 0.396024
v 0.278995 -0.319394 0.386408
v 0.278995 -0.319394 0.396024
v 0.278371 -0.320099 0.386408
v 0.278371 -0.320099 0.396024
v 0.277895 -0.320913 0.386408
v 0.277895 -0.320913 0.396024
v 0.277588 -0.321804 0.386408
v 0.277588 -0.321804 0.396024
v 0.277461 -0.322738 0.386408
v 0.277461 -0.322738 0.396024
v 0.277518 -0.323679 0.386408
v 0.277518 -0.323679 0.396024
v 0.277757 -0.324591 0.386408
v 0.277757 -0.324591 0.396024
v 0.278170 -0.325438 0.386408
v 0.278170 -0.325438 0.396024
v 0.278740 -0.326188 0.386408
v 0.278740 -0.326188 0.396024
v 0.279446 -0.326813 0.386408
v 0.279446 -0.326813 0.396024
v 0.280260 -0.327288 0.386408
v 0.280260 -0.327288 0.396024
v 0.281151 -0.327595 0.386408
v 0.281151 -0.327595 0.396024
v 0.282085 -0.327723 0.386408
v 0.282085 -0.327723 0.396024
v 0.283025 -0.327666 0.386408
v 0.283025 -0.327666 0.396024
v 0.283937 -0.327426 0.386408
v 0.283937 -0.327426 0.396024
v 0.284784 -0.327013 0.386408
v 0.284784 -0.327013 0.396023
v 0.285535 -0.326443 0.386408
v 0.285535 -0.326443 0.396023
v 0.286159 -0.325738 0.386408
v 0.286159 -0.325738 0.396023
v 0.286635 -0.324924 0.386408
v 0.286635 -0.324924 0.396023
v 0.286942 -0.324033 0.386408
v 0.286942 -0.324033 0.396023
v 0.287069 -0.323099 0.386408
v 0.287069 -0.323099 0.396023
v 0.287012 -0.322158 0.386408
v 0.287012 -0.322158 0.396023
v 0.286773 -0.321247 0.386408
v 0.286773 -0.321247 0.396023
v 0.286360 -0.320399 0.386408
v 0.286360 -0.320399 0.396023
v 0.285790 -0.319649 0.386408
v 0.285790 -0.319649 0.396023
v 0.285084 -0.319024 0.386408
v 0.285084 -0.319024 0.396023
v 0.284270 -0.318549 0.386408
v 0.284270 -0.318549 0.396023
v 0.283379 -0.318242 0.386408
v 0.283379 -0.318242 0.396023
v 0.282445 -0.318114 0.386408
v 0.282445 -0.318114 0.396023
v 0.281505 -0.318171 0.386408
v 0.281505 -0.318171 0.396023
v 0.292208 -0.314103 0.396023
v 0.292208 -0.314103 0.386408
v 0.291360 -0.314516 0.386408
v 0.291360 -0.314516 0.396023
v 0.290610 -0.315086 0.386408
v 0.290610 -0.315086 0.396023
v 0.289985 -0.315792 0.386408
v 0.289985 -0.315792 0.396023
v 0.289510 -0.316606 0.386408
v 0.289510 -0.316606 0.396023
v 0.289203 -0.317496 0.386408
v 0.289203 -0.317496 0.396023
v 0.289075 -0.318430 0.386408
v 0.289075 -0.318430 0.396023
v 0.289132 -0.319371 0.386408
v 0.289132 -0.319371 0.396023
v 0.289372 -0.320283 0.386408
v 0.289372 -0.320283 0.396023
v 0.289785 -0.321130 0.386408
v 0.289785 -0.321130 0.396023
v 0.290355 -0.321881 0.386408
v 0.290355 -0.321881 0.396023
v 0.291060 -0.322506 0.386408
v 0.291060 -0.322506 0.396023
v 0.291874 -0.322980 0.386408
v 0.291874 -0.322980 0.396023
v 0.292766 -0.323288 0.386408
v 0.292766 -0.323288 0.396023
v 0.293699 -0.323415 0.386408
v 0.293699 -0.323415 0.396023
v 0.294640 -0.323358 0.386408
v 0.294640 -0.323358 0.396023
v 0.295552 -0.323119 0.386408
v 0.295552 -0.323119 0.396023
v 0.296399 -0.322706 0.386408
v 0.296399 -0.322706 0.396023
v 0.297149 -0.322136 0.386408
v 0.297149 -0.322136 0.396023
v 0.297774 -0.321430 0.386408
v 0.297774 -0.321430 0.396023
v 0.298249 -0.320616 0.386408
v 0.298249 -0.320616 0.396023
v 0.298556 -0.319725 0.386408
v 0.298556 -0.319725 0.396023
v 0.298684 -0.318791 0.386408
v 0.298684 -0.318791 0.396023
v 0.298627 -0.317850 0.386408
v 0.298627 -0.317850 0.396023
v 0.298387 -0.316939 0.386408
v 0.298387 -0.316939 0.396023
v 0.297975 -0.316092 0.386408
v 0.297975 -0.316092 0.396023
v 0.297404 -0.315341 0.386408
v 0.297404 -0.315341 0.396023
v 0.296699 -0.314716 0.386408
v 0.296699 -0.314716 0.396023
v 0.295885 -0.314241 0.386408
v 0.295885 -0.314241 0.396023
v 0.294994 -0.313934 0.386408
v 0.294994 -0.313934 0.396023
v 0.294060 -0.313806 0.386408
v 0.294060 -0.313806 0.396023
v 0.293119 -0.313864 0.386408
v 0.293119 -0.313864 0.396023
v 0.303823 -0.309795 0.396023
v 0.303823 -0.309795 0.386408
v 0.302975 -0.310208 0.386408
v 0.302975 -0.310208 0.396023
v 0.302224 -0.310778 0.386408
v 0.302224 -0.310778 0.396023
v 0.301600 -0.311484 0.386408
v 0.301600 -0.311484 0.396023
v 0.301125 -0.312298 0.386408
v 0.301125 -0.312298 0.396023
v 0.300817 -0.313189 0.386408
v 0.300817 -0.313189 0.396023
v 0.300690 -0.314122 0.386408
v 0.300690 -0.314122 0.396023
v 0.300747 -0.315063 0.386408
v 0.300747 -0.315063 0.396023
v 0.300986 -0.315975 0.386408
v 0.300986 -0.315975 0.396023
v 0.301399 -0.316822 0.386408
v 0.301399 -0.316822 0.396023
v 0.301969 -0.317573 0.386408
v 0.301969 -0.317573 0.396023
v 0.302675 -0.318198 0.386408
v 0.302675 -0.318198 0.396023
v 0.303489 -0.318673 0.386408
v 0.303489 -0.318673 0.396023
v 0.304380 -0.318980 0.386408
v 0.304380 -0.318980 0.396023
v 0.305314 -0.319108 0.386408
v 0.305314 -0.319108 0.396023
v 0.306255 -0.319050 0.386408
v 0.306255 -0.319050 0.396023
v 0.307166 -0.318811 0.386408
v 0.307166 -0.318811 0.396023
v 0.308013 -0.318398 0.386408
v 0.308013 -0.318398 0.396023
v 0.308764 -0.317828 0.386408
v 0.308764 -0.317828 0.396023
v 0.309389 -0.317122 0.386408
v 0.309389 -0.317122 0.396023
v 0.309864 -0.316308 0.386408
v 0.309864 -0.316308 0.396023
v 0.310171 -0.315417 0.386408
v 0.310171 -0.315417 0.396023
v 0.310299 -0.314484 0.386408
v 0.310299 -0.314484 0.396023
v 0.310241 -0.313543 0.386408
v 0.310241 -0.313543 0.396023
v 0.310002 -0.312631 0.386408
v 0.310002 -0.312631 0.396023
v 0.309589 -0.311784 0.386408
v 0.309589 -0.311784 0.396023
v 0.309019 -0.311033 0.386408
v 0.309019 -0.311033 0.396023
v 0.308313 -0.310408 0.386408
v 0.308313 -0.310408 0.396023
v 0.307499 -0.309933 0.386408
v 0.307499 -0.309933 0.396023
v 0.306609 -0.309626 0.386408
v 0.306609 -0.309626 0.396023
v 0.305675 -0.309499 0.386408
v 0.305675 -0.309499 0.396023
v 0.304734 -0.309556 0.386408
v 0.304734 -0.309556 0.396023
v 0.320370 -0.311518 0.391323
v 0.318589 -0.306715 0.391323
v 0.318589 -0.306715 0.396447
v 0.320370 -0.311518 0.396447
v 0.313785 -0.308497 0.396447
v 0.315567 -0.313300 0.396447
v 0.313785 -0.308497 0.391323
v 0.315567 -0.313300 0.391323
v 0.308975 -0.315744 0.391323
v 0.307194 -0.310941 0.391323
v 0.307194 -0.310941 0.396447
v 0.308975 -0.315744 0.396447
v 0.302390 -0.312723 0.396447
v 0.304172 -0.317526 0.396447
v 0.302390 -0.312723 0.391323
v 0.304172 -0.317526 0.391323
v 0.297581 -0.319971 0.391323
v 0.295799 -0.315167 0.391323
v 0.295799 -0.315167 0.396447
v 0.297581 -0.319971 0.396447
v 0.290995 -0.316949 0.396447
v 0.292777 -0.321752 0.396447
v 0.290995 -0.316949 0.391323
v 0.292777 -0.321752 0.391323
v 0.286185 -0.324197 0.391323
v 0.284404 -0.319394 0.391323
v 0.284404 -0.319394 0.396447
v 0.286185 -0.324197 0.396447
v 0.279601 -0.321175 0.396447
v 0.281382 -0.325979 0.396447
v 0.279601 -0.321175 0.391323
v 0.281382 -0.325979 0.391323
v 0.277912 -0.136043 0.386535
v 0.277925 -0.136038 0.386565
v 0.278052 -0.135990 0.386745
v 0.298668 -0.128344 0.386745
v 0.300651 -0.127609 0.384630
v 0.302408 -0.126957 0.382757
v 0.304089 -0.126334 0.380964
v 0.305846 -0.125682 0.379090
v 0.307828 -0.124947 0.376976
v 0.307828 -0.124947 0.339172
v 0.162357 -0.178900 0.339172
v 0.162357 -0.178900 0.376976
v 0.164339 -0.178165 0.379090
v 0.166096 -0.177514 0.380964
v 0.167777 -0.176890 0.382757
v 0.169534 -0.176239 0.384630
v 0.171517 -0.175503 0.386745
v 0.199403 -0.165160 0.386745
v 0.199552 -0.165105 0.386535
v 0.199572 -0.165098 0.386509
v 0.200064 -0.164915 0.386057
v 0.200088 -0.164906 0.386036
v 0.200687 -0.164684 0.385664
v 0.200715 -0.164674 0.385649
v 0.201399 -0.164420 0.385373
v 0.201429 -0.164409 0.385363
v 0.202171 -0.164134 0.385194
v 0.202202 -0.164122 0.385191
v 0.202974 -0.163836 0.385133
v 0.203005 -0.163825 0.385137
v 0.203777 -0.163538 0.385194
v 0.203806 -0.163527 0.385203
v 0.204548 -0.163252 0.385373
v 0.204576 -0.163242 0.385389
v 0.205260 -0.162988 0.385664
v 0.205284 -0.162979 0.385686
v 0.205883 -0.162757 0.386057
v 0.205903 -0.162750 0.386083
v 0.206395 -0.162567 0.386535
v 0.206410 -0.162562 0.386564
v 0.206538 -0.162514 0.386745
v 0.222478 -0.156602 0.386745
v 0.222627 -0.156547 0.386535
v 0.222643 -0.156541 0.386513
v 0.223140 -0.156357 0.386057
v 0.223160 -0.156349 0.386039
v 0.223765 -0.156125 0.385664
v 0.223788 -0.156116 0.385652
v 0.224478 -0.155860 0.385373
v 0.224503 -0.155851 0.385365
v 0.225252 -0.155574 0.385194
v 0.225278 -0.155564 0.385191
v 0.226056 -0.155275 0.385133
v 0.226082 -0.155265 0.385136
v 0.226861 -0.154977 0.385194
v 0.226886 -0.154967 0.385202
v 0.227635 -0.154689 0.385373
v 0.227658 -0.154681 0.385386
v 0.228348 -0.154425 0.385664
v 0.228368 -0.154418 0.385682
v 0.228973 -0.154193 0.386057
v 0.228990 -0.154187 0.386078
v 0.229487 -0.154003 0.386535
v 0.229499 -0.153998 0.386559
v 0.229630 -0.153949 0.386745
v 0.247456 -0.147338 0.386745
v 0.247605 -0.147283 0.386535
v 0.247623 -0.147276 0.386511
v 0.248117 -0.147093 0.386057
v 0.248139 -0.147085 0.386037
v 0.248741 -0.146862 0.385664
v 0.248765 -0.146852 0.385650
v 0.249452 -0.146598 0.385373
v 0.249479 -0.146588 0.385364
v 0.250224 -0.146311 0.385194
v 0.250252 -0.146301 0.385191
v 0.251027 -0.146014 0.385133
v 0.251055 -0.146003 0.385136
v 0.251830 -0.145716 0.385194
v 0.251857 -0.145706 0.385203
v 0.252602 -0.145430 0.385373
v 0.252627 -0.145420 0.385388
v 0.253313 -0.145166 0.385664
v 0.253335 -0.145158 0.385684
v 0.253937 -0.144935 0.386057
v 0.253954 -0.144928 0.386081
v 0.254448 -0.144745 0.386535
v 0.254462 -0.144740 0.386562
v 0.254591 -0.144692 0.386745
v 0.270967 -0.138618 0.386745
v 0.271116 -0.138563 0.386535
v 0.271134 -0.138556 0.386508
v 0.271625 -0.138374 0.386057
v 0.271646 -0.138366 0.386035
v 0.272244 -0.138145 0.385664
v 0.272268 -0.138136 0.385648
v 0.272950 -0.137883 0.385373
v 0.272976 -0.137873 0.385363
v 0.273717 -0.137598 0.385194
v 0.273744 -0.137588 0.385191
v 0.274514 -0.137303 0.385133
v 0.274541 -0.137293 0.385137
v 0.275311 -0.137007 0.385194
v 0.275337 -0.136997 0.385204
v 0.276078 -0.136723 0.385373
v 0.276102 -0.136714 0.385390
v 0.276784 -0.136461 0.385664
v 0.276805 -0.136453 0.385687
v 0.277403 -0.136231 0.386057
v 0.277421 -0.136225 0.386083
v 0.258452 -0.154708 0.386745
v 0.274997 -0.148571 0.386745
v 0.166089 -0.188964 0.376976
v 0.166089 -0.188964 0.339172
v 0.210026 -0.172668 0.386745
v 0.226121 -0.166699 0.386745
v 0.233298 -0.164037 0.386745
v 0.251289 -0.157365 0.386745
v 0.302401 -0.138408 0.386745
v 0.282123 -0.145928 0.386745
v 0.258317 -0.154758 0.386555
v 0.258307 -0.154761 0.386535
v 0.257807 -0.154947 0.386075
v 0.257794 -0.154952 0.386057
v 0.257184 -0.155178 0.385680
v 0.257168 -0.155184 0.385664
v 0.256472 -0.155442 0.385384
v 0.256454 -0.155449 0.385373
v 0.255699 -0.155729 0.385201
v 0.255679 -0.155736 0.385194
v 0.254894 -0.156027 0.385136
v 0.254873 -0.156035 0.385133
v 0.254088 -0.156326 0.385191
v 0.254067 -0.156334 0.385194
v 0.253312 -0.156614 0.385367
v 0.253292 -0.156621 0.385373
v 0.252596 -0.156880 0.385654
v 0.252577 -0.156886 0.385664
v 0.251968 -0.157113 0.386042
v 0.251952 -0.157119 0.386057
v 0.251451 -0.157304 0.386516
v 0.251438 -0.157309 0.386535
v 0.233162 -0.164087 0.386553
v 0.233152 -0.164091 0.386535
v 0.232650 -0.164277 0.386073
v 0.232638 -0.164282 0.386057
v 0.232026 -0.164509 0.385678
v 0.232010 -0.164515 0.385664
v 0.231312 -0.164773 0.385383
v 0.231295 -0.164780 0.385373
v 0.230537 -0.165061 0.385200
v 0.230518 -0.165068 0.385194
v 0.229730 -0.165360 0.385135
v 0.229711 -0.165367 0.385133
v 0.228923 -0.165660 0.385192
v 0.228904 -0.165667 0.385194
v 0.228146 -0.165948 0.385367
v 0.228127 -0.165955 0.385373
v 0.227429 -0.166214 0.385655
v 0.227412 -0.166220 0.385664
v 0.226800 -0.166447 0.386043
v 0.226784 -0.166453 0.386057
v 0.226282 -0.166639 0.386518
v 0.226270 -0.166644 0.386535
v 0.209892 -0.172718 0.386556
v 0.209881 -0.172722 0.386535
v 0.209382 -0.172907 0.386076
v 0.209368 -0.172913 0.386057
v 0.208759 -0.173138 0.385681
v 0.208741 -0.173145 0.385664
v 0.208048 -0.173402 0.385385
v 0.208027 -0.173410 0.385373
v 0.207275 -0.173689 0.385201
v 0.207252 -0.173697 0.385194
v 0.206469 -0.173987 0.385136
v 0.206446 -0.173996 0.385133
v 0.205664 -0.174286 0.385191
v 0.205640 -0.174295 0.385194
v 0.204888 -0.174574 0.385366
v 0.204865 -0.174582 0.385373
v 0.204172 -0.174840 0.385653
v 0.204151 -0.174847 0.385664
v 0.203543 -0.175073 0.386041
v 0.203525 -0.175079 0.386057
v 0.203026 -0.175264 0.386515
v 0.203011 -0.175270 0.386535
v 0.202862 -0.175325 0.386745
v 0.175249 -0.185567 0.386745
v 0.173266 -0.186302 0.384630
v 0.171510 -0.186954 0.382757
v 0.169828 -0.187577 0.380964
v 0.168072 -0.188229 0.379090
v 0.311561 -0.135010 0.339172
v 0.311561 -0.135010 0.376976
v 0.309578 -0.135746 0.379090
v 0.307821 -0.136397 0.380964
v 0.306140 -0.137021 0.382757
v 0.304383 -0.137672 0.384630
v 0.281990 -0.145978 0.386557
v 0.281980 -0.145981 0.386535
v 0.281482 -0.146166 0.386077
v 0.281469 -0.146171 0.386057
v 0.280862 -0.146396 0.385681
v 0.280846 -0.146402 0.385664
v 0.280154 -0.146659 0.385386
v 0.280136 -0.146665 0.385373
v 0.279384 -0.146944 0.385202
v 0.279365 -0.146951 0.385194
v 0.278584 -0.147241 0.385136
v 0.278563 -0.147249 0.385133
v 0.277782 -0.147538 0.385191
v 0.277761 -0.147546 0.385194
v 0.277010 -0.147825 0.385366
v 0.276990 -0.147832 0.385373
v 0.276298 -0.148089 0.385652
v 0.276280 -0.148095 0.385664
v 0.275673 -0.148320 0.386040
v 0.275657 -0.148326 0.386057
v 0.275159 -0.148511 0.386514
v 0.275147 -0.148516 0.386535
v 0.309428 -0.066376 0.382701
v 0.145487 0.262238 0.381391
v 0.032961 0.220503 0.381391
v 0.122951 -0.135538 0.382701
v 0.150914 0.264251 0.375611
v 0.150914 0.264251 0.346077
v 0.025225 0.578383 0.348387
v 0.019641 0.592339 0.363522
v 0.019635 0.592356 0.375543
v 0.027534 0.218491 0.346077
v 0.027534 0.218491 0.375611
v -0.086887 0.552848 0.375543
v -0.086881 0.552831 0.363522
v -0.082013 0.538609 0.348387
v 0.118947 -0.143184 0.344747
v 0.317450 -0.069562 0.344747
v 0.317450 -0.069562 0.376941
v 0.015733 0.602226 0.348550
v -0.135937 0.985959 0.350902
v -0.135931 0.985942 0.367295
v -0.144342 1.007508 0.366406
v -0.144343 1.007510 0.352457
v -0.172360 1.070820 0.345566
v -0.172241 1.070499 0.368216
v -0.090365 0.562876 0.348550
v -0.225594 0.952687 0.367295
v -0.225600 0.952704 0.350902
v -0.084267 0.545785 0.340972
v 0.022254 0.585293 0.340972
v 0.024049 0.580455 0.335811
v -0.082473 0.540948 0.335811
v 0.014206 0.590351 0.381324
v -0.081464 0.554868 0.381324
v -0.233280 0.974524 0.352457
v -0.253322 1.040793 0.345566
v -0.141354 0.983924 0.373077
v -0.220166 0.954693 0.373077
v -0.233279 0.974523 0.366406
v -0.253203 1.040471 0.368216
v -0.216930 1.168215 0.331820
v -0.218101 1.171372 0.357459
v -0.227854 0.976534 0.372189
v -0.149767 1.005496 0.372189
v -0.177667 1.068487 0.374000
v -0.247777 1.042484 0.374000
v -0.224091 1.170882 0.363086
v -0.279350 1.150387 0.363086
v -0.284211 1.146852 0.357459
v -0.283040 1.143695 0.331821
v 0.150873 0.264363 0.328612
v 0.029280 0.567088 0.330956
v 0.118947 -0.143184 0.376942
v 0.027492 0.218602 0.328612
v 0.027451 0.218714 0.311147
v 0.150831 0.264475 0.311147
v -0.079381 0.532610 0.325646
v 0.027141 0.572118 0.325646
v 0.029347 0.566171 0.317341
v -0.077175 0.526663 0.317341
v 0.032130 0.559048 0.313524
v 0.031167 0.561513 0.314844
v 0.030310 0.563707 0.316020
v -0.077723 0.527402 0.330956
v -0.076298 0.524167 0.316020
v -0.075518 0.521945 0.314844
v -0.074641 0.519448 0.313524
v 0.026071 0.575003 0.329163
v 0.025119 0.577571 0.332294
v -0.081403 0.538063 0.332294
v -0.080451 0.535495 0.329163
v -0.088255 0.556962 0.345928
v -0.086377 0.551699 0.343594
v 0.019998 0.591152 0.343594
v 0.017990 0.596367 0.345928
v 0.201416 -0.287765 0.382081
v 0.201416 -0.287765 0.382081
v 0.357448 -0.229894 0.382081
v 0.357448 -0.229894 0.382081
v 0.357448 -0.229894 0.292960
v 0.201416 -0.287765 0.292960
v 0.409068 -0.466454 0.387172
v 0.404445 -0.468169 0.387172
v 0.321158 -0.499059 0.387172
v 0.316535 -0.500774 0.387172
v 0.316535 -0.500774 0.387172
v 0.321325 -0.498997 0.387172
v 0.404278 -0.468231 0.387172
v 0.409068 -0.466454 0.387172
v 0.316535 -0.500774 0.382290
v 0.316535 -0.500774 0.292505
v 0.316535 -0.500774 0.292505
v 0.316535 -0.500774 0.382211
v 0.409068 -0.466454 0.292505
v 0.409068 -0.466454 0.292505
v 0.409068 -0.466454 0.382211
v 0.430839 -0.576680 0.371455
v 0.430839 -0.576680 0.315894
v 0.429610 -0.618029 0.361920
v 0.427401 -0.612072 0.336742
v 0.209410 -0.292287 0.386969
v 0.409068 -0.466454 0.382289
v 0.426042 -0.578459 0.376419
v 0.376702 -0.596758 0.376419
v 0.405026 -0.628442 0.366735
v 0.425228 -0.620949 0.366735
v 0.371906 -0.598537 0.315894
v 0.371906 -0.598537 0.371455
v 0.397591 -0.623128 0.336742
v 0.399800 -0.629085 0.361920
v 0.354336 -0.238535 0.386969
v 0.292469 -0.365513 0.355270
v 0.290772 -0.360939 0.355270
v 0.300761 -0.357234 0.355270
v 0.302458 -0.361809 0.355270
v 0.292469 -0.365513 0.390107
v 0.290770 -0.360932 0.390586
v 0.287865 -0.317409 0.355270
v 0.286168 -0.312834 0.355270
v 0.296157 -0.309129 0.355270
v 0.297854 -0.313704 0.355270
v 0.300759 -0.357228 0.390586
v 0.302458 -0.361809 0.390107
v 0.286219 -0.318026 0.394678
v 0.285551 -0.316225 0.394866
v 0.275562 -0.319929 0.394866
v 0.276231 -0.321731 0.394678
v 0.304106 -0.361198 0.355270
v 0.302409 -0.356623 0.355270
v 0.312398 -0.352918 0.355270
v 0.314095 -0.357493 0.355270
v 0.304106 -0.361198 0.390107
v 0.302407 -0.356616 0.390586
v 0.311139 -0.308777 0.355270
v 0.309442 -0.304202 0.355270
v 0.319431 -0.300498 0.355270
v 0.321127 -0.305072 0.355270
v 0.312396 -0.352912 0.390586
v 0.314095 -0.357493 0.390107
v 0.297856 -0.313710 0.394678
v 0.297188 -0.311909 0.394866
v 0.287199 -0.315613 0.394866
v 0.287867 -0.317415 0.394678
v 0.315743 -0.356882 0.355270
v 0.314046 -0.352307 0.355270
v 0.324035 -0.348602 0.355270
v 0.325731 -0.353177 0.355270
v 0.315743 -0.356882 0.390107
v 0.314044 -0.352300 0.390586
v 0.276228 -0.321725 0.355270
v 0.274532 -0.317150 0.355270
v 0.284520 -0.313445 0.355270
v 0.286217 -0.318020 0.355270
v 0.324032 -0.348596 0.390586
v 0.325731 -0.353177 0.390107
v 0.309493 -0.309394 0.394678
v 0.308825 -0.307593 0.394866
v 0.298836 -0.311297 0.394866
v 0.299504 -0.313099 0.394678
v 0.327379 -0.352566 0.355270
v 0.325683 -0.347991 0.355270
v 0.335671 -0.344286 0.355270
v 0.337368 -0.348861 0.355270
v 0.327379 -0.352566 0.390107
v 0.325680 -0.347984 0.390586
v 0.335669 -0.344280 0.390586
v 0.337368 -0.348861 0.390107
v 0.321130 -0.305078 0.394678
v 0.320462 -0.303277 0.394866
v 0.310473 -0.306981 0.394866
v 0.311141 -0.308783 0.394678
v 0.319431 -0.300498 0.393534
v 0.319705 -0.301237 0.393889
v 0.319946 -0.301887 0.394200
v 0.320187 -0.302537 0.394512
v 0.298562 -0.310558 0.394512
v 0.298321 -0.309908 0.394200
v 0.298080 -0.309258 0.393889
v 0.297805 -0.308518 0.393534
v 0.297805 -0.308518 0.355270
v 0.299502 -0.313093 0.355270
v 0.307794 -0.304813 0.393534
v 0.307794 -0.304813 0.355270
v 0.296157 -0.309129 0.393534
v 0.296431 -0.309869 0.393889
v 0.296673 -0.310519 0.394200
v 0.296914 -0.311169 0.394512
v 0.275288 -0.319190 0.394512
v 0.275047 -0.318540 0.394200
v 0.274806 -0.317890 0.393889
v 0.274532 -0.317150 0.393534
v 0.284520 -0.313445 0.393534
v 0.309491 -0.309388 0.355270
v 0.308068 -0.305553 0.393889
v 0.308309 -0.306203 0.394200
v 0.308550 -0.306853 0.394512
v 0.286925 -0.314874 0.394512
v 0.286684 -0.314224 0.394200
v 0.286443 -0.313574 0.393889
v 0.286168 -0.312834 0.393534
v 0.310199 -0.306242 0.394512
v 0.309957 -0.305592 0.394200
v 0.309716 -0.304942 0.393889
v 0.309442 -0.304202 0.393534
v 0.313127 -0.319191 0.355270
v 0.303138 -0.322896 0.355270
v 0.316763 -0.328995 0.355270
v 0.306774 -0.332700 0.355270
v 0.320399 -0.338798 0.355270
v 0.310410 -0.342503 0.355270
v 0.303139 -0.322900 0.393655
v 0.306774 -0.332700 0.392632
v 0.310409 -0.342500 0.391609
v 0.313128 -0.319195 0.393655
v 0.316763 -0.328995 0.392632
v 0.320398 -0.338795 0.391609
v 0.289853 -0.327823 0.355270
v 0.279864 -0.331528 0.355270
v 0.293489 -0.337627 0.355270
v 0.283500 -0.341332 0.355270
v 0.297125 -0.347430 0.355270
v 0.287136 -0.351135 0.355270
v 0.279866 -0.331531 0.393655
v 0.283500 -0.341332 0.392632
v 0.287135 -0.351132 0.391609
v 0.289854 -0.327827 0.393655
v 0.293489 -0.337627 0.392632
v 0.297124 -0.347427 0.391609
v 0.301490 -0.323507 0.355270
v 0.291501 -0.327212 0.355270
v 0.305126 -0.333311 0.355270
v 0.295137 -0.337016 0.355270
v 0.308762 -0.343114 0.355270
v 0.298773 -0.346819 0.355270
v 0.291502 -0.327216 0.393655
v 0.295137 -0.337016 0.392632
v 0.298772 -0.346816 0.391609
v 0.301491 -0.323511 0.393655
v 0.305126 -0.333311 0.392632
v 0.308761 -0.343111 0.391609
v 0.324763 -0.314876 0.355270
v 0.314775 -0.318580 0.355270
v 0.328399 -0.324679 0.355270
v 0.318411 -0.328384 0.355270
v 0.332035 -0.334483 0.355270
v 0.322047 -0.338187 0.355270
v 0.314776 -0.318584 0.393655
v 0.318411 -0.328384 0.392632
v 0.322046 -0.338184 0.391609
v 0.324765 -0.314879 0.393655
v 0.328399 -0.324679 0.392632
v 0.332034 -0.334480 0.391609
v 0.284795 -0.314185 0.393889
v 0.285036 -0.314835 0.394200
v 0.285277 -0.315485 0.394512
v -0.233549 1.035085 0.360366
v -0.232052 1.035854 0.360366
v -0.185265 1.053206 0.360366
v -0.183629 1.053600 0.360366
v -0.182191 1.053946 0.360366
v -0.180752 1.054291 0.360366
v -0.179116 1.054685 0.360366
v -0.177037 1.049080 0.360366
v -0.178534 1.048311 0.360366
v -0.179850 1.047635 0.360366
v -0.181166 1.046959 0.360366
v -0.182663 1.046191 0.360366
v -0.229450 1.028838 0.360366
v -0.231086 1.028445 0.360366
v -0.232525 1.028099 0.360366
v -0.233963 1.027753 0.360366
v -0.235600 1.027359 0.360366
v -0.237679 1.032964 0.360366
v -0.236181 1.033733 0.360366
v -0.234865 1.034409 0.360366
v -0.235600 1.027359 0.382584
v -0.237679 1.032964 0.382584
v -0.192092 1.050674 0.382301
v -0.192083 1.050678 0.382300
v -0.191518 1.050888 0.382359
v -0.191508 1.050891 0.382360
v -0.190965 1.051093 0.382536
v -0.190956 1.051096 0.382540
v -0.190455 1.051282 0.382826
v -0.190446 1.051285 0.382831
v -0.190007 1.051448 0.383216
v -0.190000 1.051450 0.383223
v -0.189640 1.051584 0.383692
v -0.189634 1.051586 0.383701
v -0.189366 1.051685 0.384236
v -0.189362 1.051687 0.384246
v -0.189222 1.051739 0.384740
v -0.185265 1.053206 0.384740
v -0.232052 1.035854 0.384740
v -0.224331 1.038718 0.384740
v -0.224191 1.038769 0.384250
v -0.223918 1.038871 0.383705
v -0.223551 1.039007 0.383227
v -0.223103 1.039173 0.382835
v -0.222591 1.039363 0.382543
v -0.222037 1.039568 0.382364
v -0.221460 1.039782 0.382303
v -0.220884 1.039996 0.382364
v -0.220329 1.040202 0.382543
v -0.219818 1.040391 0.382835
v -0.219371 1.040557 0.383227
v -0.219003 1.040694 0.383705
v -0.218730 1.040795 0.384250
v -0.218590 1.040846 0.384740
v -0.214420 1.042393 0.384740
v -0.214335 1.042425 0.384441
v -0.214062 1.042526 0.383896
v -0.213695 1.042662 0.383418
v -0.213247 1.042828 0.383026
v -0.212736 1.043018 0.382735
v -0.212182 1.043223 0.382555
v -0.211606 1.043437 0.382495
v -0.211029 1.043651 0.382555
v -0.210475 1.043857 0.382734
v -0.209964 1.044046 0.383026
v -0.209517 1.044212 0.383417
v -0.209149 1.044348 0.383895
v -0.208876 1.044449 0.384440
v -0.208791 1.044481 0.384740
v -0.204681 1.046005 0.384740
v -0.204582 1.046042 0.384391
v -0.204310 1.046143 0.383845
v -0.203943 1.046279 0.383368
v -0.203495 1.046445 0.382975
v -0.203020 1.046621 0.382704
v -0.202985 1.046634 0.382684
v -0.202469 1.046826 0.382517
v -0.202432 1.046839 0.382504
v -0.201895 1.047039 0.382448
v -0.201856 1.047053 0.382444
v -0.201281 1.047266 0.382504
v -0.200727 1.047472 0.382684
v -0.200217 1.047661 0.382975
v -0.199770 1.047827 0.383367
v -0.199403 1.047963 0.383844
v -0.199130 1.048064 0.384390
v -0.199031 1.048101 0.384740
v -0.194944 1.049617 0.384740
v -0.194807 1.049668 0.384257
v -0.194804 1.049669 0.384246
v -0.194536 1.049768 0.383711
v -0.194532 1.049770 0.383700
v -0.194171 1.049903 0.383232
v -0.194165 1.049906 0.383223
v -0.193726 1.050068 0.382838
v -0.193719 1.050071 0.382831
v -0.193218 1.050257 0.382545
v -0.193210 1.050260 0.382539
v -0.192666 1.050461 0.382364
v -0.192657 1.050465 0.382360
v -0.179116 1.054685 0.382584
v -0.177037 1.049080 0.382584
v -0.229450 1.028838 0.384740
v -0.221726 1.031703 0.384740
v -0.196436 1.041082 0.384740
v -0.192308 1.042613 0.384740
v -0.206192 1.037464 0.384740
v -0.202058 1.038997 0.384740
v -0.186623 1.044722 0.384740
v -0.182663 1.046191 0.384740
v -0.211788 1.035388 0.384740
v -0.216010 1.033822 0.384740
v -0.181166 1.046959 0.384166
v -0.179850 1.047635 0.383662
v -0.178534 1.048311 0.383158
v -0.183629 1.053600 0.384166
v -0.182191 1.053946 0.383662
v -0.180752 1.054291 0.383158
v -0.233963 1.027753 0.383158
v -0.236181 1.033733 0.383158
v -0.232525 1.028099 0.383662
v -0.234865 1.034409 0.383662
v -0.231086 1.028445 0.384166
v -0.233549 1.035085 0.384166
v -0.206261 1.037438 0.384497
v -0.206534 1.037337 0.383952
v -0.206901 1.037201 0.383474
v -0.207349 1.037035 0.383082
v -0.207859 1.036846 0.382790
v -0.208413 1.036640 0.382611
v -0.208990 1.036426 0.382551
v -0.209566 1.036212 0.382612
v -0.210120 1.036007 0.382791
v -0.210631 1.035818 0.383083
v -0.211079 1.035652 0.383475
v -0.211446 1.035515 0.383953
v -0.211719 1.035414 0.384498
v -0.216138 1.033775 0.384291
v -0.216411 1.033674 0.383746
v -0.216779 1.033537 0.383269
v -0.217227 1.033371 0.382876
v -0.217737 1.033182 0.382585
v -0.218292 1.032976 0.382406
v -0.218869 1.032762 0.382345
v -0.219445 1.032549 0.382406
v -0.219999 1.032343 0.382585
v -0.220510 1.032153 0.382877
v -0.220958 1.031987 0.383269
v -0.221326 1.031851 0.383747
v -0.221599 1.031750 0.384291
v -0.186752 1.044674 0.384286
v -0.186759 1.044671 0.384268
v -0.187023 1.044573 0.383741
v -0.187033 1.044570 0.383725
v -0.187388 1.044438 0.383263
v -0.187400 1.044433 0.383250
v -0.187834 1.044273 0.382871
v -0.187847 1.044268 0.382861
v -0.188341 1.044085 0.382579
v -0.188357 1.044079 0.382573
v -0.188892 1.043880 0.382400
v -0.188908 1.043874 0.382397
v -0.189466 1.043668 0.382339
v -0.189481 1.043662 0.382341
v -0.190039 1.043455 0.382400
v -0.190053 1.043450 0.382405
v -0.190590 1.043251 0.382579
v -0.190604 1.043245 0.382588
v -0.191098 1.043062 0.382870
v -0.191110 1.043058 0.382883
v -0.191543 1.042897 0.383262
v -0.191553 1.042893 0.383278
v -0.191908 1.042762 0.383740
v -0.191915 1.042759 0.383758
v -0.192180 1.042661 0.384285
v -0.192184 1.042659 0.384304
v -0.196523 1.041050 0.384434
v -0.196795 1.040949 0.383889
v -0.197162 1.040813 0.383411
v -0.197609 1.040647 0.383020
v -0.198119 1.040458 0.382728
v -0.198672 1.040253 0.382549
v -0.199248 1.040040 0.382489
v -0.199295 1.040022 0.382494
v -0.199823 1.039826 0.382549
v -0.199869 1.039809 0.382565
v -0.200376 1.039621 0.382729
v -0.200419 1.039605 0.382754
v -0.200886 1.039432 0.383021
v -0.201333 1.039266 0.383413
v -0.201700 1.039130 0.383890
v -0.201972 1.039029 0.384436
vt 0.654640 0.421558
vt 0.654640 0.418088
vt 0.654943 0.418063
vt 0.654943 0.421532
vt 0.655208 0.418029
vt 0.655208 0.421498
vt 0.601958 0.564434
vt 0.601958 0.561068
vt 0.602263 0.561023
vt 0.602263 0.564389
vt 0.602594 0.560996
vt 0.602594 0.564361
vt 0.602937 0.560987
vt 0.602937 0.564353
vt 0.603279 0.560998
vt 0.603279 0.564363
vt 0.603607 0.561027
vt 0.603607 0.564393
vt 0.603909 0.561074
vt 0.603909 0.564440
vt 0.652725 0.432195
vt 0.652725 0.428688
vt 0.653039 0.428681
vt 0.653039 0.432189
vt 0.653374 0.428678
vt 0.653374 0.432185
vt 0.653718 0.428677
vt 0.653718 0.432185
vt 0.654058 0.428680
vt 0.654058 0.432187
vt 0.654380 0.428685
vt 0.654380 0.432193
vt 0.654672 0.428693
vt 0.654672 0.432201
vt 0.654922 0.428704
vt 0.654922 0.432211
vt 0.655123 0.428716
vt 0.655123 0.432224
vt 0.109362 0.677232
vt 0.109362 0.673735
vt 0.109577 0.673711
vt 0.109577 0.677208
vt 0.109840 0.673691
vt 0.109840 0.677188
vt 0.110141 0.673676
vt 0.110141 0.677173
vt 0.110469 0.673667
vt 0.110469 0.677164
vt 0.110811 0.673663
vt 0.110811 0.677160
vt 0.111154 0.673666
vt 0.111154 0.677163
vt 0.111485 0.673674
vt 0.111485 0.677171
vt 0.111791 0.673689
vt 0.111791 0.677186
vt 0.112060 0.673708
vt 0.112060 0.677205
vt 0.112282 0.673732
vt 0.112282 0.677228
vt 0.652725 0.421500
vt 0.652725 0.418031
vt 0.652992 0.418065
vt 0.652992 0.421534
vt 0.653297 0.418089
vt 0.653297 0.421559
vt 0.653627 0.418104
vt 0.653627 0.421574
vt 0.653969 0.418109
vt 0.653969 0.421579
vt 0.232589 0.531021
vt 0.232656 0.531359
vt 0.232655 0.531703
vt 0.232589 0.532040
vt 0.232458 0.532358
vt 0.232267 0.532645
vt 0.232026 0.532888
vt 0.231741 0.533079
vt 0.231425 0.533211
vt 0.231090 0.533278
vt 0.230748 0.533278
vt 0.230412 0.533211
vt 0.230096 0.533080
vt 0.229812 0.532889
vt 0.229570 0.532645
vt 0.229380 0.532359
vt 0.229250 0.532041
vt 0.229183 0.531704
vt 0.229183 0.531360
vt 0.229250 0.531022
vt 0.229381 0.530704
vt 0.229571 0.530418
vt 0.229813 0.530175
vt 0.230098 0.529983
vt 0.230414 0.529852
vt 0.230749 0.529784
vt 0.231091 0.529784
vt 0.231427 0.529851
vt 0.231743 0.529983
vt 0.232027 0.530174
vt 0.232268 0.530417
vt 0.232458 0.530703
vt 0.654312 0.418104
vt 0.654312 0.421573
vt 0.246473 0.531359
vt 0.246473 0.531703
vt 0.246407 0.532041
vt 0.246277 0.532359
vt 0.246089 0.532645
vt 0.245849 0.532888
vt 0.245566 0.533079
vt 0.245252 0.533211
vt 0.244919 0.533278
vt 0.244580 0.533278
vt 0.244246 0.533211
vt 0.243933 0.533080
vt 0.243650 0.532889
vt 0.243410 0.532646
vt 0.243221 0.532359
vt 0.243091 0.532041
vt 0.243025 0.531704
vt 0.243025 0.531360
vt 0.243091 0.531022
vt 0.243221 0.530704
vt 0.243410 0.530418
vt 0.243649 0.530175
vt 0.243932 0.529983
vt 0.244246 0.529852
vt 0.244579 0.529784
vt 0.244918 0.529784
vt 0.245252 0.529851
vt 0.245565 0.529983
vt 0.245848 0.530174
vt 0.246088 0.530417
vt 0.246277 0.530703
vt 0.246407 0.531021
vt 0.654640 0.425107
vt 0.654640 0.421638
vt 0.654943 0.421612
vt 0.654943 0.425082
vt 0.655208 0.421579
vt 0.655208 0.425048
vt 0.601958 0.557528
vt 0.601958 0.554162
vt 0.602263 0.554117
vt 0.602263 0.557483
vt 0.602594 0.554090
vt 0.602594 0.557456
vt 0.602937 0.554081
vt 0.602937 0.557447
vt 0.603279 0.554092
vt 0.603279 0.557458
vt 0.603607 0.554121
vt 0.603607 0.557487
vt 0.603909 0.554168
vt 0.603909 0.557534
vt 0.131447 0.677181
vt 0.131447 0.673674
vt 0.131760 0.673667
vt 0.131760 0.677175
vt 0.132096 0.673664
vt 0.132096 0.677171
vt 0.132440 0.673663
vt 0.132440 0.677171
vt 0.132779 0.673666
vt 0.132779 0.677173
vt 0.133101 0.673671
vt 0.133101 0.677179
vt 0.133393 0.673679
vt 0.133393 0.677187
vt 0.133644 0.673690
vt 0.133644 0.677197
vt 0.133844 0.673702
vt 0.133844 0.677210
vt 0.115201 0.677232
vt 0.115201 0.673735
vt 0.115416 0.673711
vt 0.115416 0.677208
vt 0.115679 0.673691
vt 0.115679 0.677188
vt 0.115980 0.673676
vt 0.115980 0.677173
vt 0.116308 0.673667
vt 0.116308 0.677164
vt 0.116650 0.673663
vt 0.116650 0.677160
vt 0.116993 0.673666
vt 0.116993 0.677163
vt 0.117324 0.673674
vt 0.117324 0.677171
vt 0.117629 0.673689
vt 0.117629 0.677186
vt 0.117898 0.673708
vt 0.117898 0.677205
vt 0.118120 0.673732
vt 0.118120 0.677228
vt 0.652725 0.425050
vt 0.652725 0.421580
vt 0.652992 0.421614
vt 0.652992 0.425083
vt 0.653297 0.421639
vt 0.653297 0.425108
vt 0.653627 0.421654
vt 0.653627 0.425123
vt 0.653969 0.421659
vt 0.653969 0.425128
vt 0.229117 0.531022
vt 0.229183 0.531359
vt 0.229183 0.531704
vt 0.229116 0.532041
vt 0.228985 0.532359
vt 0.228794 0.532645
vt 0.228552 0.532889
vt 0.228268 0.533080
vt 0.227952 0.533211
vt 0.227616 0.533278
vt 0.227274 0.533278
vt 0.226939 0.533211
vt 0.226623 0.533080
vt 0.226339 0.532888
vt 0.226097 0.532645
vt 0.225908 0.532359
vt 0.225777 0.532041
vt 0.225711 0.531703
vt 0.225711 0.531359
vt 0.225778 0.531021
vt 0.225909 0.530704
vt 0.226099 0.530417
vt 0.226341 0.530174
vt 0.226626 0.529983
vt 0.226942 0.529851
vt 0.227277 0.529784
vt 0.227619 0.529784
vt 0.227955 0.529851
vt 0.228271 0.529983
vt 0.228555 0.530174
vt 0.228796 0.530418
vt 0.228986 0.530704
vt 0.654311 0.421653
vt 0.654311 0.425122
vt 0.239576 0.531360
vt 0.239576 0.531704
vt 0.239510 0.532041
vt 0.239380 0.532359
vt 0.239191 0.532645
vt 0.238951 0.532889
vt 0.238669 0.533080
vt 0.238355 0.533211
vt 0.238022 0.533278
vt 0.237682 0.533278
vt 0.237349 0.533211
vt 0.237035 0.533080
vt 0.236753 0.532888
vt 0.236513 0.532645
vt 0.236324 0.532359
vt 0.236194 0.532041
vt 0.236128 0.531703
vt 0.236128 0.531359
vt 0.236194 0.531021
vt 0.236324 0.530704
vt 0.236513 0.530417
vt 0.236753 0.530174
vt 0.237036 0.529983
vt 0.237350 0.529851
vt 0.237683 0.529784
vt 0.238022 0.529784
vt 0.238356 0.529851
vt 0.238669 0.529983
vt 0.238952 0.530174
vt 0.239192 0.530418
vt 0.239380 0.530704
vt 0.239510 0.531022
vt 0.654640 0.428656
vt 0.654640 0.425187
vt 0.654943 0.425162
vt 0.654943 0.428631
vt 0.655208 0.425128
vt 0.655208 0.428597
vt 0.601958 0.554075
vt 0.601958 0.550709
vt 0.602263 0.550664
vt 0.602263 0.554030
vt 0.602594 0.550637
vt 0.602594 0.554003
vt 0.602937 0.550628
vt 0.602937 0.553994
vt 0.603279 0.550639
vt 0.603279 0.554005
vt 0.603607 0.550668
vt 0.603607 0.554034
vt 0.603909 0.550715
vt 0.603909 0.554081
vt 0.135658 0.677181
vt 0.135658 0.673674
vt 0.135971 0.673667
vt 0.135971 0.677175
vt 0.136307 0.673664
vt 0.136307 0.677171
vt 0.136651 0.673663
vt 0.136651 0.677171
vt 0.136990 0.673666
vt 0.136990 0.677173
vt 0.137312 0.673671
vt 0.137312 0.677179
vt 0.137604 0.673679
vt 0.137604 0.677187
vt 0.137855 0.673690
vt 0.137855 0.677197
vt 0.138055 0.673702
vt 0.138055 0.677210
vt 0.118120 0.677232
vt 0.118120 0.673735
vt 0.118335 0.673711
vt 0.118335 0.677208
vt 0.118598 0.673691
vt 0.118598 0.677188
vt 0.118899 0.673676
vt 0.118899 0.677173
vt 0.119227 0.673667
vt 0.119227 0.677164
vt 0.119569 0.673663
vt 0.119569 0.677160
vt 0.119912 0.673666
vt 0.119912 0.677163
vt 0.120243 0.673675
vt 0.120243 0.677171
vt 0.120548 0.673689
vt 0.120548 0.677186
vt 0.120817 0.673708
vt 0.120817 0.677205
vt 0.121039 0.673732
vt 0.121039 0.677228
vt 0.652725 0.428599
vt 0.652725 0.425130
vt 0.652992 0.425163
vt 0.652992 0.428632
vt 0.653297 0.425188
vt 0.653297 0.428657
vt 0.653626 0.425203
vt 0.653626 0.428672
vt 0.653969 0.425208
vt 0.653969 0.428677
vt 0.225644 0.531022
vt 0.225711 0.531359
vt 0.225710 0.531704
vt 0.225643 0.532041
vt 0.225512 0.532359
vt 0.225322 0.532645
vt 0.225080 0.532888
vt 0.224795 0.533080
vt 0.224479 0.533211
vt 0.224144 0.533278
vt 0.223802 0.533278
vt 0.223466 0.533211
vt 0.223151 0.533079
vt 0.222866 0.532888
vt 0.222625 0.532645
vt 0.222435 0.532359
vt 0.222305 0.532040
vt 0.222238 0.531703
vt 0.222239 0.531359
vt 0.222305 0.531021
vt 0.222437 0.530703
vt 0.222627 0.530417
vt 0.222869 0.530174
vt 0.223153 0.529983
vt 0.223469 0.529851
vt 0.223805 0.529784
vt 0.224147 0.529784
vt 0.224482 0.529851
vt 0.224798 0.529983
vt 0.225082 0.530174
vt 0.225324 0.530418
vt 0.225514 0.530704
vt 0.654311 0.425203
vt 0.654311 0.428672
vt 0.239576 0.531704
vt 0.239576 0.531360
vt 0.239643 0.531022
vt 0.239772 0.530704
vt 0.239961 0.530418
vt 0.240201 0.530175
vt 0.240483 0.529983
vt 0.240797 0.529852
vt 0.241130 0.529784
vt 0.241470 0.529784
vt 0.241803 0.529851
vt 0.242117 0.529983
vt 0.242399 0.530174
vt 0.242640 0.530417
vt 0.242828 0.530703
vt 0.242958 0.531021
vt 0.243025 0.531359
vt 0.243025 0.531703
vt 0.242959 0.532040
vt 0.242829 0.532358
vt 0.242640 0.532645
vt 0.242400 0.532888
vt 0.242118 0.533079
vt 0.241804 0.533211
vt 0.241471 0.533278
vt 0.241131 0.533279
vt 0.240798 0.533211
vt 0.240484 0.533080
vt 0.240202 0.532889
vt 0.239962 0.532646
vt 0.239773 0.532359
vt 0.239643 0.532041
vt 0.654640 0.418008
vt 0.654640 0.414539
vt 0.654943 0.414514
vt 0.654943 0.417983
vt 0.655208 0.414480
vt 0.655208 0.417949
vt 0.601958 0.560981
vt 0.601958 0.557615
vt 0.602263 0.557570
vt 0.602263 0.560936
vt 0.602594 0.557543
vt 0.602594 0.560909
vt 0.602937 0.557534
vt 0.602937 0.560900
vt 0.603279 0.557545
vt 0.603279 0.560911
vt 0.603607 0.557574
vt 0.603607 0.560940
vt 0.603909 0.557621
vt 0.603909 0.560987
vt 0.129050 0.677181
vt 0.129050 0.673674
vt 0.129363 0.673667
vt 0.129363 0.677175
vt 0.129699 0.673664
vt 0.129699 0.677171
vt 0.130043 0.673663
vt 0.130043 0.677171
vt 0.130382 0.673666
vt 0.130382 0.677173
vt 0.130704 0.673671
vt 0.130704 0.677179
vt 0.130996 0.673679
vt 0.130996 0.677187
vt 0.131247 0.673690
vt 0.131247 0.677197
vt 0.131447 0.673702
vt 0.131447 0.677210
vt 0.112282 0.677232
vt 0.112282 0.673735
vt 0.112496 0.673711
vt 0.112496 0.677208
vt 0.112759 0.673691
vt 0.112759 0.677188
vt 0.113061 0.673676
vt 0.113061 0.677173
vt 0.113389 0.673667
vt 0.113389 0.677164
vt 0.113731 0.673663
vt 0.113731 0.677160
vt 0.114074 0.673666
vt 0.114074 0.677163
vt 0.114404 0.673675
vt 0.114404 0.677171
vt 0.114710 0.673689
vt 0.114710 0.677186
vt 0.114979 0.673708
vt 0.114979 0.677205
vt 0.115201 0.673732
vt 0.115201 0.677228
vt 0.652725 0.417951
vt 0.652725 0.414482
vt 0.652993 0.414515
vt 0.652993 0.417984
vt 0.653297 0.414540
vt 0.653297 0.418009
vt 0.653627 0.414555
vt 0.653627 0.418024
vt 0.653969 0.414560
vt 0.653969 0.418029
vt 0.236061 0.531021
vt 0.236128 0.531359
vt 0.236128 0.531703
vt 0.236061 0.532040
vt 0.235930 0.532358
vt 0.235740 0.532645
vt 0.235498 0.532888
vt 0.235214 0.533079
vt 0.234897 0.533211
vt 0.234562 0.533278
vt 0.234220 0.533278
vt 0.233885 0.533211
vt 0.233569 0.533080
vt 0.233285 0.532889
vt 0.233043 0.532645
vt 0.232853 0.532359
vt 0.232722 0.532041
vt 0.232656 0.531704
vt 0.232656 0.531360
vt 0.232723 0.531022
vt 0.232854 0.530704
vt 0.233044 0.530418
vt 0.233286 0.530175
vt 0.233570 0.529983
vt 0.233886 0.529852
vt 0.234221 0.529784
vt 0.234563 0.529784
vt 0.234899 0.529851
vt 0.235215 0.529983
vt 0.235499 0.530174
vt 0.235741 0.530417
vt 0.235931 0.530703
vt 0.654312 0.414555
vt 0.654312 0.418024
vt 0.249922 0.531359
vt 0.249922 0.531703
vt 0.249856 0.532040
vt 0.249726 0.532358
vt 0.249537 0.532645
vt 0.249297 0.532888
vt 0.249015 0.533079
vt 0.248701 0.533211
vt 0.248368 0.533278
vt 0.248028 0.533278
vt 0.247695 0.533212
vt 0.247381 0.533080
vt 0.247099 0.532889
vt 0.246859 0.532646
vt 0.246670 0.532359
vt 0.246540 0.532041
vt 0.246473 0.531704
vt 0.246473 0.531360
vt 0.246539 0.531022
vt 0.246669 0.530704
vt 0.246858 0.530418
vt 0.247098 0.530175
vt 0.247380 0.529983
vt 0.247694 0.529852
vt 0.248027 0.529784
vt 0.248367 0.529784
vt 0.248700 0.529851
vt 0.249014 0.529983
vt 0.249296 0.530174
vt 0.249536 0.530417
vt 0.249725 0.530703
vt 0.249855 0.531021
vt 0.603962 0.571768
vt 0.603871 0.573337
vt 0.602008 0.573337
vt 0.602099 0.571768
vt 0.653074 0.327217
vt 0.654920 0.327212
vt 0.654920 0.329082
vt 0.653074 0.329087
vt 0.077248 0.632510
vt 0.075626 0.632552
vt 0.075626 0.630683
vt 0.077248 0.630641
vt 0.653074 0.323467
vt 0.654933 0.323463
vt 0.654933 0.325334
vt 0.653074 0.325338
vt 0.601958 0.570750
vt 0.603822 0.570750
vt 0.077248 0.626659
vt 0.075523 0.626771
vt 0.075523 0.624922
vt 0.077248 0.624811
vt 0.655078 0.305755
vt 0.654987 0.307325
vt 0.653123 0.307325
vt 0.653215 0.305755
vt 0.653074 0.329092
vt 0.654920 0.329087
vt 0.654920 0.330958
vt 0.653074 0.330963
vt 0.077248 0.630600
vt 0.075626 0.630641
vt 0.075626 0.628772
vt 0.077248 0.628731
vt 0.653074 0.317092
vt 0.654933 0.317088
vt 0.654933 0.318959
vt 0.653074 0.318962
vt 0.653074 0.304737
vt 0.654937 0.304737
vt 0.077248 0.622739
vt 0.075523 0.622851
vt 0.075523 0.621002
vt 0.077248 0.620891
vt 0.655078 0.308343
vt 0.654987 0.309912
vt 0.653123 0.309912
vt 0.653215 0.308343
vt 0.653074 0.319719
vt 0.654920 0.319714
vt 0.654920 0.321584
vt 0.653074 0.321589
vt 0.077248 0.634421
vt 0.075626 0.634462
vt 0.075626 0.632593
vt 0.077248 0.632552
vt 0.653074 0.321593
vt 0.654933 0.321589
vt 0.654933 0.323460
vt 0.653074 0.323463
vt 0.653074 0.307325
vt 0.654937 0.307325
vt 0.077248 0.624699
vt 0.075523 0.624811
vt 0.075523 0.622962
vt 0.077248 0.622851
vt 0.655078 0.310930
vt 0.654987 0.312500
vt 0.653123 0.312500
vt 0.653215 0.310930
vt 0.653074 0.330967
vt 0.654920 0.330963
vt 0.654920 0.332833
vt 0.653074 0.332838
vt 0.077248 0.636331
vt 0.075626 0.636373
vt 0.075626 0.634504
vt 0.077248 0.634462
vt 0.653074 0.325341
vt 0.654933 0.325338
vt 0.654933 0.327208
vt 0.653074 0.327212
vt 0.653074 0.309912
vt 0.654937 0.309912
vt 0.077248 0.628619
vt 0.075523 0.628731
vt 0.075523 0.626882
vt 0.077248 0.626771
vt 0.631783 0.397704
vt 0.631772 0.397699
vt 0.631707 0.397649
vt 0.631707 0.390231
vt 0.632469 0.389567
vt 0.633143 0.388978
vt 0.633789 0.388415
vt 0.634463 0.387827
vt 0.635225 0.387162
vt 0.648836 0.388043
vt 0.648836 0.440387
vt 0.635225 0.439506
vt 0.634463 0.438744
vt 0.633789 0.438068
vt 0.633143 0.437421
vt 0.632469 0.436746
vt 0.631707 0.435983
vt 0.631707 0.425949
vt 0.631783 0.425900
vt 0.631792 0.425893
vt 0.631955 0.425727
vt 0.631963 0.425719
vt 0.632096 0.425512
vt 0.632102 0.425502
vt 0.632201 0.425263
vt 0.632205 0.425252
vt 0.632266 0.424989
vt 0.632267 0.424978
vt 0.632288 0.424701
vt 0.632286 0.424690
vt 0.632266 0.424411
vt 0.632262 0.424400
vt 0.632201 0.424129
vt 0.632196 0.424119
vt 0.632096 0.423866
vt 0.632089 0.423857
vt 0.631955 0.423633
vt 0.631946 0.423625
vt 0.631783 0.423438
vt 0.631773 0.423432
vt 0.631707 0.423381
vt 0.631707 0.417646
vt 0.631783 0.417597
vt 0.631791 0.417592
vt 0.631955 0.417424
vt 0.631962 0.417417
vt 0.632096 0.417208
vt 0.632101 0.417200
vt 0.632201 0.416958
vt 0.632204 0.416949
vt 0.632266 0.416684
vt 0.632267 0.416675
vt 0.632288 0.416396
vt 0.632287 0.416386
vt 0.632266 0.416105
vt 0.632263 0.416096
vt 0.632201 0.415822
vt 0.632197 0.415814
vt 0.632096 0.415559
vt 0.632090 0.415551
vt 0.631955 0.415325
vt 0.631947 0.415318
vt 0.631783 0.415129
vt 0.631774 0.415124
vt 0.631707 0.415072
vt 0.631707 0.408658
vt 0.631783 0.408609
vt 0.631792 0.408603
vt 0.631955 0.408436
vt 0.631962 0.408429
vt 0.632096 0.408221
vt 0.632102 0.408212
vt 0.632201 0.407972
vt 0.632204 0.407962
vt 0.632266 0.407698
vt 0.632267 0.407688
vt 0.632288 0.407411
vt 0.632287 0.407401
vt 0.632266 0.407120
vt 0.632263 0.407111
vt 0.632201 0.406838
vt 0.632196 0.406829
vt 0.632096 0.406576
vt 0.632089 0.406567
vt 0.631955 0.406342
vt 0.631947 0.406335
vt 0.631783 0.406147
vt 0.631773 0.406142
vt 0.631707 0.406091
vt 0.631707 0.400198
vt 0.631783 0.400150
vt 0.631793 0.400144
vt 0.631955 0.399978
vt 0.631963 0.399971
vt 0.632096 0.399764
vt 0.632102 0.399756
vt 0.632201 0.399517
vt 0.632205 0.399508
vt 0.632266 0.399245
vt 0.632267 0.399235
vt 0.632288 0.398960
vt 0.632286 0.398950
vt 0.632266 0.398671
vt 0.632262 0.398662
vt 0.632201 0.398391
vt 0.632195 0.398382
vt 0.632096 0.398130
vt 0.632088 0.398122
vt 0.631955 0.397898
vt 0.631946 0.397892
vt 0.514750 0.679744
vt 0.514750 0.673302
vt 0.518619 0.673407
vt 0.518619 0.679784
vt 0.496306 0.686810
vt 0.492909 0.686897
vt 0.492909 0.673106
vt 0.496306 0.673019
vt 0.084160 0.679976
vt 0.084160 0.673769
vt 0.088028 0.673663
vt 0.088028 0.679931
vt 0.518619 0.680279
vt 0.518619 0.673337
vt 0.522487 0.673302
vt 0.522487 0.680307
vt 0.655215 0.433822
vt 0.659078 0.433620
vt 0.659476 0.441638
vt 0.655607 0.441708
vt 0.686854 0.341687
vt 0.686847 0.341688
vt 0.686681 0.341773
vt 0.686675 0.341775
vt 0.686539 0.341886
vt 0.686533 0.341889
vt 0.686432 0.342024
vt 0.686428 0.342027
vt 0.686366 0.342180
vt 0.686364 0.342184
vt 0.686343 0.342349
vt 0.686342 0.342354
vt 0.686363 0.342524
vt 0.686364 0.342529
vt 0.686426 0.342699
vt 0.686428 0.342704
vt 0.686530 0.342867
vt 0.686533 0.342871
vt 0.686669 0.343020
vt 0.686675 0.343025
vt 0.686840 0.343155
vt 0.686847 0.343158
vt 0.686923 0.343201
vt 0.686923 0.347050
vt 0.686854 0.347070
vt 0.686847 0.347071
vt 0.686680 0.347155
vt 0.686675 0.347157
vt 0.686538 0.347269
vt 0.686533 0.347272
vt 0.686432 0.347407
vt 0.686428 0.347410
vt 0.686366 0.347564
vt 0.686364 0.347568
vt 0.686343 0.347733
vt 0.686342 0.347738
vt 0.686363 0.347909
vt 0.686364 0.347913
vt 0.686426 0.348084
vt 0.686428 0.348088
vt 0.686530 0.348252
vt 0.686533 0.348256
vt 0.686670 0.348406
vt 0.686675 0.348410
vt 0.686841 0.348540
vt 0.686847 0.348544
vt 0.686923 0.348586
vt 0.686923 0.352030
vt 0.686855 0.352049
vt 0.686847 0.352050
vt 0.686682 0.352134
vt 0.686675 0.352136
vt 0.686539 0.352248
vt 0.686533 0.352251
vt 0.686433 0.352385
vt 0.686428 0.352389
vt 0.686366 0.352542
vt 0.686364 0.352546
vt 0.686343 0.352711
vt 0.686342 0.352716
vt 0.686363 0.352886
vt 0.686364 0.352891
vt 0.686426 0.353061
vt 0.686428 0.353066
vt 0.686529 0.353228
vt 0.686533 0.353233
vt 0.686669 0.353382
vt 0.686675 0.353387
vt 0.686840 0.353516
vt 0.686847 0.353520
vt 0.686923 0.353563
vt 0.686923 0.359471
vt 0.686161 0.359790
vt 0.685486 0.360073
vt 0.684840 0.360343
vt 0.684165 0.360626
vt 0.683403 0.360944
vt 0.669784 0.359061
vt 0.669784 0.327934
vt 0.683403 0.329818
vt 0.684165 0.330347
vt 0.684840 0.330816
vt 0.685486 0.331265
vt 0.686161 0.331735
vt 0.686923 0.332264
vt 0.686923 0.336603
vt 0.686855 0.336622
vt 0.686847 0.336623
vt 0.686682 0.336707
vt 0.686675 0.336709
vt 0.686539 0.336820
vt 0.686533 0.336822
vt 0.686433 0.336957
vt 0.686428 0.336960
vt 0.686367 0.337112
vt 0.686364 0.337116
vt 0.686343 0.337280
vt 0.686342 0.337284
vt 0.686363 0.337455
vt 0.686364 0.337459
vt 0.686426 0.337628
vt 0.686428 0.337633
vt 0.686529 0.337795
vt 0.686533 0.337799
vt 0.686669 0.337948
vt 0.686675 0.337952
vt 0.686840 0.338082
vt 0.686847 0.338085
vt 0.686923 0.338128
vt 0.686923 0.341668
vt 0.670424 0.324703
vt 0.684043 0.326587
vt 0.257815 0.446952
vt 0.261710 0.446944
vt 0.261710 0.503590
vt 0.257815 0.503598
vt 0.261719 0.459299
vt 0.261801 0.459312
vt 0.261801 0.462541
vt 0.261722 0.462529
vt 0.261710 0.462529
vt 0.261710 0.459299
vt 0.101543 0.677625
vt 0.101347 0.677657
vt 0.101362 0.673787
vt 0.101555 0.673755
vt 0.101562 0.673753
vt 0.101548 0.677623
vt 0.101786 0.677595
vt 0.101796 0.673725
vt 0.101805 0.673724
vt 0.101792 0.677594
vt 0.102063 0.677570
vt 0.102071 0.673700
vt 0.102081 0.673699
vt 0.102070 0.677569
vt 0.102363 0.677551
vt 0.102370 0.673681
vt 0.102380 0.673680
vt 0.102371 0.677550
vt 0.102675 0.677539
vt 0.102680 0.673669
vt 0.102691 0.673668
vt 0.102683 0.677538
vt 0.102987 0.677533
vt 0.102990 0.673663
vt 0.103001 0.673663
vt 0.102995 0.677533
vt 0.103287 0.677535
vt 0.103288 0.673665
vt 0.103298 0.673666
vt 0.103294 0.677536
vt 0.103572 0.673675
vt 0.103570 0.677545
vt 0.103563 0.677545
vt 0.103563 0.673675
vt 0.103804 0.677561
vt 0.103803 0.673691
vt 0.103811 0.673692
vt 0.103810 0.677562
vt 0.104007 0.677584
vt 0.104002 0.677583
vt 0.104000 0.673713
vt 0.104007 0.673714
vt 0.687487 0.334918
vt 0.687563 0.334961
vt 0.261793 0.459298
vt 0.261710 0.459284
vt 0.261710 0.456014
vt 0.261790 0.456027
vt 0.261801 0.456027
vt 0.261801 0.459299
vt 0.106900 0.673726
vt 0.106890 0.677594
vt 0.106885 0.677596
vt 0.106687 0.677624
vt 0.106698 0.673755
vt 0.106893 0.673727
vt 0.107145 0.673701
vt 0.107136 0.677570
vt 0.107129 0.677571
vt 0.107136 0.673702
vt 0.107423 0.673682
vt 0.107415 0.677550
vt 0.107408 0.677551
vt 0.107413 0.673683
vt 0.107725 0.673669
vt 0.107718 0.677538
vt 0.107710 0.677538
vt 0.107714 0.673670
vt 0.108038 0.673663
vt 0.108032 0.677532
vt 0.108024 0.677532
vt 0.108027 0.673664
vt 0.108339 0.673665
vt 0.108350 0.673665
vt 0.108346 0.677533
vt 0.108338 0.677533
vt 0.108639 0.673672
vt 0.108649 0.673673
vt 0.108647 0.677541
vt 0.108639 0.677541
vt 0.108915 0.673687
vt 0.108925 0.673688
vt 0.108923 0.677556
vt 0.108916 0.677556
vt 0.109166 0.673709
vt 0.109165 0.677578
vt 0.109159 0.677577
vt 0.109157 0.673708
vt 0.109362 0.677604
vt 0.109357 0.677603
vt 0.109356 0.673734
vt 0.109362 0.673736
vt 0.687487 0.339949
vt 0.687563 0.339991
vt 0.261710 0.449329
vt 0.261789 0.449343
vt 0.261801 0.449344
vt 0.261801 0.452689
vt 0.261792 0.452688
vt 0.261710 0.452674
vt 0.255527 0.533750
vt 0.255527 0.529880
vt 0.255532 0.529879
vt 0.255730 0.529858
vt 0.255730 0.533727
vt 0.255535 0.533749
vt 0.255282 0.533766
vt 0.255280 0.529896
vt 0.255287 0.529896
vt 0.255291 0.533765
vt 0.255003 0.533776
vt 0.255000 0.529906
vt 0.255008 0.529905
vt 0.255013 0.533775
vt 0.254701 0.533778
vt 0.254697 0.529908
vt 0.254706 0.529908
vt 0.254713 0.533778
vt 0.254388 0.533773
vt 0.254383 0.529903
vt 0.254392 0.529903
vt 0.254400 0.533773
vt 0.254076 0.533761
vt 0.254069 0.529891
vt 0.254078 0.529891
vt 0.254088 0.533761
vt 0.253777 0.533742
vt 0.253769 0.529872
vt 0.253778 0.529873
vt 0.253788 0.533743
vt 0.253501 0.529848
vt 0.253513 0.533719
vt 0.253502 0.533717
vt 0.253493 0.529847
vt 0.253271 0.533689
vt 0.253262 0.533688
vt 0.253252 0.529818
vt 0.253259 0.529819
vt 0.253074 0.533656
vt 0.253067 0.533654
vt 0.253056 0.529784
vt 0.253062 0.529786
vt 0.687487 0.350231
vt 0.687563 0.350273
vt 0.261710 0.452689
vt 0.261791 0.452703
vt 0.261801 0.452704
vt 0.261801 0.456014
vt 0.261794 0.456013
vt 0.261710 0.455998
vt 0.106484 0.677583
vt 0.106484 0.673714
vt 0.106489 0.673714
vt 0.106687 0.673688
vt 0.106687 0.677557
vt 0.106491 0.677582
vt 0.106239 0.677604
vt 0.106237 0.673735
vt 0.106243 0.673734
vt 0.106246 0.677603
vt 0.105959 0.677618
vt 0.105957 0.673750
vt 0.105963 0.673749
vt 0.105968 0.677617
vt 0.105656 0.677626
vt 0.105653 0.673757
vt 0.105661 0.673757
vt 0.105666 0.677625
vt 0.105343 0.677626
vt 0.105338 0.673758
vt 0.105346 0.673758
vt 0.105353 0.677626
vt 0.105030 0.677620
vt 0.105024 0.673751
vt 0.105032 0.673752
vt 0.105040 0.677620
vt 0.104730 0.673738
vt 0.104739 0.677607
vt 0.104730 0.677607
vt 0.104723 0.673738
vt 0.104463 0.677588
vt 0.104454 0.677587
vt 0.104446 0.673718
vt 0.104453 0.673719
vt 0.104221 0.677563
vt 0.104213 0.677562
vt 0.104205 0.673693
vt 0.104210 0.673694
vt 0.104022 0.677533
vt 0.104016 0.677532
vt 0.104007 0.673663
vt 0.104012 0.673664
vt 0.687487 0.345294
vt 0.687563 0.345336
vt 0.529347 0.486099
vt 0.543406 0.354434
vt 0.587225 0.354433
vt 0.601962 0.486099
vt 0.627770 0.294013
vt 0.617036 0.294401
vt 0.620449 0.192308
vt 0.626064 0.187574
vt 0.630433 0.187411
vt 0.644445 0.000266
vt 0.655215 0.000556
vt 0.655215 0.110774
vt 0.650831 0.110650
vt 0.645311 0.105814
vt 0.000000 0.581482
vt 0.014356 0.446944
vt 0.062400 0.446944
vt 0.077296 0.581482
vt 0.612669 0.400285
vt 0.624370 0.399861
vt 0.620702 0.184555
vt 0.624636 0.059701
vt 0.630594 0.059491
vt 0.630440 0.052478
vt 0.625370 0.052661
vt 0.623478 0.032393
vt 0.631707 0.032200
vt 0.645372 0.113828
vt 0.652203 0.243024
vt 0.646225 0.242869
vt 0.677178 0.401533
vt 0.677178 0.363204
vt 0.679351 0.362613
vt 0.679351 0.400942
vt 0.546353 0.227103
vt 0.583608 0.227103
vt 0.608159 0.606333
vt 0.642791 0.606333
vt 0.641244 0.631689
vt 0.609717 0.631689
vt 0.549282 0.074131
vt 0.579972 0.074131
vt 0.607992 0.598003
vt 0.642906 0.598003
vt 0.646790 0.250136
vt 0.651877 0.250272
vt 0.652589 0.271288
vt 0.644329 0.271175
vt 0.619475 0.001370
vt 0.628816 0.000000
vt 0.579814 0.065735
vt 0.549406 0.065735
vt 0.550884 0.041059
vt 0.578185 0.041059
vt 0.553733 0.000000
vt 0.575250 0.000000
vt 0.648771 0.304737
vt 0.639423 0.303420
vt 0.000000 0.686793
vt 0.000000 0.666909
vt 0.002125 0.664864
vt 0.011561 0.664998
vt 0.011561 0.688785
vt 0.002125 0.688652
vt 0.617818 0.190177
vt 0.610689 0.294595
vt 0.614038 0.196244
vt 0.615908 0.191828
vt 0.658661 0.430086
vt 0.657894 0.308563
vt 0.668097 0.306901
vt 0.669784 0.428274
vt 0.604486 0.448397
vt 0.645800 0.448397
vt 0.615250 0.320598
vt 0.608903 0.320791
vt 0.604343 0.294788
vt 0.683552 0.399954
vt 0.683552 0.361625
vt 0.686928 0.360944
vt 0.686928 0.399273
vt 0.612154 0.194689
vt 0.607649 0.199114
vt 0.608149 0.198294
vt 0.608593 0.197564
vt 0.609092 0.196745
vt 0.638076 0.000133
vt 0.638962 0.101821
vt 0.637028 0.103451
vt 0.634002 0.101361
vt 0.633521 0.100519
vt 0.633093 0.099770
vt 0.632611 0.098927
vt 0.631707 0.000000
vt 0.621597 0.320405
vt 0.642611 0.108050
vt 0.640731 0.106366
vt 0.260432 0.652635
vt 0.218953 0.652635
vt 0.218926 0.651729
vt 0.260439 0.651729
vt 0.218902 0.650922
vt 0.260445 0.650922
vt 0.218875 0.650015
vt 0.260451 0.650015
vt 0.215402 0.534907
vt 0.263446 0.534907
vt 0.613453 0.193699
vt 0.614609 0.192818
vt 0.639450 0.105357
vt 0.638310 0.104460
vt 0.682098 0.400296
vt 0.682098 0.361967
vt 0.680804 0.400600
vt 0.680804 0.362271
vt 0.644416 0.111829
vt 0.643566 0.110049
vt 0.618816 0.188232
vt 0.619704 0.186500
vt 0.604436 0.446225
vt 0.645808 0.446225
vt 0.604392 0.444292
vt 0.645814 0.444292
vt 0.604343 0.442121
vt 0.645822 0.442121
vt 0.295607 0.629049
vt 0.295607 0.629049
vt 0.295607 0.685193
vt 0.295607 0.685193
vt 0.263520 0.683117
vt 0.263520 0.626973
vt 0.125495 0.499976
vt 0.123695 0.499976
vt 0.091262 0.499976
vt 0.089462 0.499976
vt 0.089462 0.499976
vt 0.091327 0.499976
vt 0.123629 0.499976
vt 0.125495 0.499976
vt 0.263520 0.481059
vt 0.263434 0.479300
vt 0.261867 0.446944
vt 0.261867 0.446944
vt 0.263433 0.479271
vt 0.263520 0.481059
vt 0.125520 0.586680
vt 0.138055 0.673663
vt 0.077296 0.673663
vt 0.089487 0.586680
vt 0.645822 0.523687
vt 0.678419 0.522361
vt 0.674553 0.560088
vt 0.654363 0.560909
vt 0.426956 0.593272
vt 0.426956 0.675332
vt 0.394450 0.674783
vt 0.394208 0.592719
vt 0.671434 0.575059
vt 0.662319 0.573482
vt 0.434808 0.443884
vt 0.434808 0.443884
vt 0.434808 0.443884
vt 0.434808 0.443884
vt 0.522648 0.443884
vt 0.522648 0.511369
vt 0.520328 0.510924
vt 0.520328 0.445415
vt 0.522648 0.443884
vt 0.645822 0.523687
vt 0.646070 0.443438
vt 0.678454 0.442121
vt 0.678448 0.522360
vt 0.116917 0.460632
vt 0.097704 0.460632
vt 0.103283 0.446944
vt 0.111150 0.446944
vt 0.138056 0.621530
vt 0.174088 0.621530
vt 0.167477 0.662730
vt 0.144529 0.662730
vt 0.206812 0.676180
vt 0.174088 0.676180
vt 0.181975 0.637811
vt 0.202243 0.637811
vt 0.161698 0.675184
vt 0.150090 0.675184
vt 0.189540 0.624858
vt 0.198673 0.622847
vt 0.673359 0.576372
vt 0.674125 0.580626
vt 0.672564 0.581337
vt 0.663449 0.579760
vt 0.077248 0.638134
vt 0.075588 0.636480
vt 0.077248 0.636373
vt 0.261867 0.481247
vt 0.680403 0.523297
vt 0.680222 0.522288
vt 0.076600 0.648924
vt 0.075585 0.647260
vt 0.076600 0.647120
vt 0.135916 0.583863
vt 0.079481 0.583863
vt 0.204126 0.636879
vt 0.208694 0.675249
vt 0.676538 0.561025
vt 0.200492 0.621530
vt 0.680222 0.522288
vt 0.138056 0.586680
vt 0.077296 0.586680
vt 0.678454 0.442121
vt 0.680403 0.445372
vt 0.680397 0.523261
vt 0.098153 0.674477
vt 0.101347 0.673663
vt 0.101347 0.674683
vt 0.098153 0.675497
vt 0.101347 0.675586
vt 0.098153 0.676400
vt 0.101347 0.676450
vt 0.098153 0.677264
vt 0.101347 0.677354
vt 0.098153 0.678167
vt 0.101347 0.678373
vt 0.098153 0.679187
vt 0.655301 0.433057
vt 0.659164 0.432855
vt 0.655377 0.432379
vt 0.659240 0.432177
vt 0.655451 0.431731
vt 0.659314 0.431528
vt 0.655527 0.431053
vt 0.659390 0.430851
vt 0.655613 0.430288
vt 0.659476 0.430086
vt 0.504359 0.673302
vt 0.504359 0.684161
vt 0.500491 0.684171
vt 0.500491 0.673418
vt 0.527045 0.487843
vt 0.541327 0.354094
vt 0.604343 0.487843
vt 0.655970 0.427421
vt 0.655215 0.307791
vt 0.544274 0.226767
vt 0.547203 0.073789
vt 0.660185 0.198408
vt 0.657506 0.197634
vt 0.663280 0.065585
vt 0.663760 0.058354
vt 0.666439 0.059126
vt 0.665960 0.066354
vt 0.547328 0.065395
vt 0.548805 0.040720
vt 0.665960 0.037313
vt 0.663280 0.036542
vt 0.667174 0.000000
vt 0.669784 0.001279
vt 0.551654 0.000255
vt 0.631707 0.441697
vt 0.620007 0.442121
vt 0.649184 0.360909
vt 0.649184 0.359138
vt 0.653074 0.359146
vt 0.653074 0.360916
vt 0.311782 0.684360
vt 0.311608 0.682808
vt 0.324486 0.683140
vt 0.324486 0.684684
vt 0.649184 0.325234
vt 0.649184 0.323463
vt 0.653074 0.323471
vt 0.653074 0.325242
vt 0.040313 0.666961
vt 0.040313 0.668458
vt 0.027491 0.669207
vt 0.027665 0.667697
vt 0.027249 0.665601
vt 0.039898 0.664864
vt 0.675564 0.668945
vt 0.675564 0.668263
vt 0.679453 0.668278
vt 0.679454 0.668959
vt 0.649184 0.342182
vt 0.649184 0.340412
vt 0.653074 0.340419
vt 0.653074 0.342190
vt 0.620518 0.687372
vt 0.620344 0.685821
vt 0.633222 0.686152
vt 0.633222 0.687697
vt 0.648836 0.416251
vt 0.648836 0.414480
vt 0.652725 0.414487
vt 0.652725 0.416258
vt 0.660198 0.669214
vt 0.660198 0.670711
vt 0.647376 0.671459
vt 0.647550 0.669950
vt 0.647135 0.667853
vt 0.659783 0.667117
vt 0.208694 0.669172
vt 0.208694 0.668491
vt 0.212583 0.668505
vt 0.212584 0.669187
vt 0.649184 0.323456
vt 0.649184 0.321685
vt 0.653074 0.321693
vt 0.653074 0.323463
vt 0.606078 0.687372
vt 0.605904 0.685821
vt 0.618783 0.686152
vt 0.618783 0.687697
vt 0.649184 0.343960
vt 0.649184 0.342190
vt 0.653074 0.342197
vt 0.653074 0.343968
vt 0.025937 0.666961
vt 0.025937 0.668458
vt 0.013115 0.669207
vt 0.013288 0.667697
vt 0.012873 0.665601
vt 0.025521 0.664864
vt 0.208694 0.650768
vt 0.208694 0.650086
vt 0.212583 0.650101
vt 0.212584 0.650782
vt 0.648836 0.433199
vt 0.648836 0.431428
vt 0.652725 0.431436
vt 0.652725 0.433206
vt 0.297342 0.684360
vt 0.297168 0.682808
vt 0.310047 0.683140
vt 0.310047 0.684684
vt 0.054689 0.666961
vt 0.054689 0.668458
vt 0.041867 0.669207
vt 0.042041 0.667697
vt 0.041625 0.665601
vt 0.054274 0.664864
vt 0.649185 0.362744
vt 0.649184 0.362063
vt 0.653074 0.362077
vt 0.653074 0.362759
vt 0.208703 0.667330
vt 0.208702 0.665597
vt 0.212592 0.665611
vt 0.212593 0.667344
vt 0.054689 0.681292
vt 0.054689 0.682789
vt 0.040797 0.683598
vt 0.040668 0.683363
vt 0.040555 0.683157
vt 0.040442 0.682951
vt 0.040313 0.682716
vt 0.040381 0.682123
vt 0.604411 0.672545
vt 0.604343 0.671935
vt 0.604472 0.671688
vt 0.604586 0.671472
vt 0.604699 0.671255
vt 0.604829 0.671009
vt 0.618783 0.671365
vt 0.618783 0.672910
vt 0.492909 0.686825
vt 0.489322 0.687057
vt 0.489322 0.673251
vt 0.492909 0.673019
vt 0.675573 0.685507
vt 0.675572 0.683774
vt 0.679462 0.683788
vt 0.679462 0.685521
vt 0.660198 0.683545
vt 0.660198 0.685042
vt 0.646306 0.685851
vt 0.646177 0.685616
vt 0.646064 0.685410
vt 0.645951 0.685204
vt 0.645822 0.684969
vt 0.645890 0.684375
vt 0.310115 0.669532
vt 0.310047 0.668922
vt 0.310176 0.668676
vt 0.310289 0.668459
vt 0.310403 0.668243
vt 0.310532 0.667996
vt 0.324486 0.668353
vt 0.324486 0.669897
vt 0.485736 0.686825
vt 0.482149 0.687057
vt 0.482149 0.673251
vt 0.485736 0.673019
vt 0.208703 0.685734
vt 0.208702 0.684001
vt 0.212592 0.684015
vt 0.212593 0.685748
vt 0.025937 0.681292
vt 0.025937 0.682789
vt 0.012044 0.683598
vt 0.011916 0.683363
vt 0.011802 0.683157
vt 0.011689 0.682951
vt 0.011561 0.682716
vt 0.011629 0.682123
vt 0.618851 0.672545
vt 0.618782 0.671935
vt 0.618912 0.671688
vt 0.619025 0.671472
vt 0.619139 0.671255
vt 0.619268 0.671009
vt 0.633222 0.671365
vt 0.633222 0.672910
vt 0.482149 0.686825
vt 0.478562 0.687057
vt 0.478562 0.673251
vt 0.482149 0.673019
vt 0.649194 0.379306
vt 0.649193 0.377573
vt 0.653082 0.377587
vt 0.653083 0.379320
vt 0.295675 0.669532
vt 0.295607 0.668922
vt 0.295736 0.668676
vt 0.295850 0.668459
vt 0.295963 0.668243
vt 0.296093 0.667996
vt 0.310047 0.668353
vt 0.310047 0.669897
vt 0.489322 0.686825
vt 0.485736 0.687057
vt 0.485736 0.673251
vt 0.489322 0.673019
vt 0.649184 0.306508
vt 0.653074 0.306515
vt 0.653074 0.310310
vt 0.649184 0.310302
vt 0.653074 0.314104
vt 0.649184 0.314096
vt 0.653074 0.317898
vt 0.649184 0.317891
vt 0.618783 0.676220
vt 0.604784 0.675864
vt 0.618783 0.679531
vt 0.605158 0.679183
vt 0.618783 0.682841
vt 0.605531 0.682502
vt 0.212586 0.654490
vt 0.208696 0.654475
vt 0.212588 0.658197
vt 0.208698 0.658182
vt 0.212590 0.661904
vt 0.208700 0.661890
vt 0.012000 0.678894
vt 0.025937 0.678084
vt 0.012372 0.675665
vt 0.025937 0.674875
vt 0.012743 0.672436
vt 0.025937 0.671667
vt 0.653074 0.347762
vt 0.649184 0.347755
vt 0.653074 0.351557
vt 0.649184 0.351549
vt 0.653074 0.355351
vt 0.649184 0.355343
vt 0.324486 0.673208
vt 0.310488 0.672851
vt 0.324486 0.676518
vt 0.310861 0.676170
vt 0.324486 0.679829
vt 0.311235 0.679489
vt 0.679456 0.672667
vt 0.675566 0.672652
vt 0.679458 0.676374
vt 0.675568 0.676359
vt 0.679460 0.680081
vt 0.675570 0.680067
vt 0.040313 0.681292
vt 0.026005 0.682123
vt 0.026377 0.678894
vt 0.040313 0.678084
vt 0.026748 0.675665
vt 0.040313 0.674875
vt 0.027119 0.672436
vt 0.040313 0.671667
vt 0.653074 0.329036
vt 0.649184 0.329028
vt 0.653074 0.332830
vt 0.649184 0.332823
vt 0.653074 0.336625
vt 0.649184 0.336617
vt 0.633222 0.676220
vt 0.619224 0.675864
vt 0.633222 0.679531
vt 0.619597 0.679183
vt 0.633222 0.682841
vt 0.619971 0.682502
vt 0.212586 0.672894
vt 0.208696 0.672879
vt 0.212588 0.676601
vt 0.208698 0.676587
vt 0.212590 0.680308
vt 0.208700 0.680294
vt 0.646262 0.681146
vt 0.660198 0.680336
vt 0.646633 0.677917
vt 0.660198 0.677128
vt 0.647005 0.674688
vt 0.660198 0.673919
vt 0.652725 0.420052
vt 0.648836 0.420045
vt 0.652725 0.423847
vt 0.648836 0.423839
vt 0.652725 0.427641
vt 0.648836 0.427634
vt 0.310047 0.673208
vt 0.296049 0.672851
vt 0.310047 0.676518
vt 0.296422 0.676170
vt 0.310047 0.679829
vt 0.296795 0.679489
vt 0.653076 0.366466
vt 0.649187 0.366451
vt 0.653078 0.370173
vt 0.649189 0.370159
vt 0.653080 0.373880
vt 0.649191 0.373866
vt 0.040753 0.678894
vt 0.054689 0.678084
vt 0.041124 0.675665
vt 0.054689 0.674875
vt 0.041496 0.672436
vt 0.054689 0.671667
vt 0.649184 0.304737
vt 0.653074 0.304745
vt 0.675573 0.667117
vt 0.679462 0.667132
vt 0.679460 0.667437
vt 0.675570 0.667422
vt 0.679458 0.667705
vt 0.675568 0.667690
vt 0.679456 0.667973
vt 0.675566 0.667958
vt 0.208703 0.667344
vt 0.212593 0.667359
vt 0.212590 0.667664
vt 0.208700 0.667649
vt 0.212588 0.667932
vt 0.208698 0.667917
vt 0.212586 0.668200
vt 0.208696 0.668185
vt 0.208703 0.648940
vt 0.212593 0.648955
vt 0.212590 0.649260
vt 0.208700 0.649245
vt 0.212588 0.649528
vt 0.208698 0.649513
vt 0.212586 0.649796
vt 0.208696 0.649781
vt 0.649194 0.360916
vt 0.653083 0.360931
vt 0.653081 0.361236
vt 0.649191 0.361221
vt 0.653079 0.361504
vt 0.649189 0.361489
vt 0.653076 0.361772
vt 0.649187 0.361758
vt 0.040313 0.682789
vt 0.026420 0.683598
vt 0.026292 0.683363
vt 0.026179 0.683157
vt 0.026065 0.682951
vt 0.025937 0.682716
vt 0.212665 0.670066
vt 0.212593 0.669456
vt 0.212593 0.651238
vt 0.212665 0.650627
vt 0.212729 0.650091
vt 0.212793 0.649554
vt 0.212866 0.648944
vt 0.215035 0.648940
vt 0.215108 0.649550
vt 0.215172 0.650086
vt 0.215235 0.650622
vt 0.215308 0.651232
vt 0.215308 0.669451
vt 0.215235 0.670061
vt 0.215172 0.670597
vt 0.215108 0.671134
vt 0.215035 0.671744
vt 0.212866 0.671748
vt 0.212793 0.671139
vt 0.212729 0.670602
vt 0.679070 0.440784
vt 0.677178 0.440832
vt 0.677178 0.432727
vt 0.679070 0.432679
vt 0.055567 0.669550
vt 0.055567 0.669546
vt 0.055546 0.669342
vt 0.055546 0.669338
vt 0.055482 0.669139
vt 0.055481 0.669135
vt 0.055378 0.668948
vt 0.055376 0.668945
vt 0.055238 0.668778
vt 0.055235 0.668776
vt 0.055066 0.668635
vt 0.055063 0.668633
vt 0.054870 0.668524
vt 0.054867 0.668522
vt 0.054689 0.668460
vt 0.054689 0.667037
vt 0.063464 0.667604
vt 0.063464 0.684439
vt 0.054689 0.683872
vt 0.054689 0.681093
vt 0.054865 0.681054
vt 0.055062 0.680969
vt 0.055234 0.680848
vt 0.055375 0.680696
vt 0.055480 0.680519
vt 0.055544 0.680323
vt 0.055566 0.680117
vt 0.055544 0.679908
vt 0.055480 0.679704
vt 0.055375 0.679514
vt 0.055234 0.679344
vt 0.055062 0.679200
vt 0.054865 0.679089
vt 0.054689 0.679028
vt 0.054689 0.677527
vt 0.054796 0.677503
vt 0.054993 0.677418
vt 0.055165 0.677297
vt 0.055306 0.677145
vt 0.055411 0.676968
vt 0.055476 0.676773
vt 0.055497 0.676567
vt 0.055476 0.676358
vt 0.055411 0.676154
vt 0.055306 0.675964
vt 0.055165 0.675794
vt 0.054993 0.675650
vt 0.054797 0.675539
vt 0.054689 0.675502
vt 0.054689 0.674023
vt 0.054815 0.673995
vt 0.055011 0.673910
vt 0.055183 0.673789
vt 0.055324 0.673637
vt 0.055422 0.673472
vt 0.055429 0.673460
vt 0.055489 0.673279
vt 0.055494 0.673266
vt 0.055514 0.673074
vt 0.055516 0.673060
vt 0.055494 0.672851
vt 0.055429 0.672648
vt 0.055324 0.672458
vt 0.055183 0.672288
vt 0.055011 0.672144
vt 0.054815 0.672034
vt 0.054689 0.671990
vt 0.054689 0.670519
vt 0.054863 0.670481
vt 0.054867 0.670480
vt 0.055059 0.670396
vt 0.055063 0.670395
vt 0.055232 0.670276
vt 0.055235 0.670274
vt 0.055373 0.670125
vt 0.055376 0.670123
vt 0.055479 0.669949
vt 0.055481 0.669946
vt 0.055544 0.669755
vt 0.055546 0.669752
vt 0.461726 0.674819
vt 0.462082 0.673019
vt 0.470086 0.674126
vt 0.469730 0.675926
vt 0.593813 0.674576
vt 0.593813 0.671569
vt 0.596510 0.671562
vt 0.596510 0.674570
vt 0.075650 0.620891
vt 0.075640 0.618194
vt 0.077248 0.618194
vt 0.077242 0.620891
vt 0.075648 0.618194
vt 0.075640 0.615497
vt 0.077250 0.615497
vt 0.077249 0.618194
vt 0.123740 0.673663
vt 0.123736 0.675205
vt 0.121039 0.675205
vt 0.121043 0.673665
vt 0.075605 0.615497
vt 0.075610 0.612800
vt 0.077234 0.612800
vt 0.077250 0.615497
vt 0.470461 0.677519
vt 0.461681 0.676305
vt 0.461693 0.675910
vt 0.470267 0.677096
vt 0.461703 0.675562
vt 0.470096 0.676723
vt 0.461714 0.675215
vt 0.469924 0.676350
vt 0.054908 0.666459
vt 0.063477 0.667013
vt 0.055100 0.665951
vt 0.063487 0.666493
vt 0.055292 0.665442
vt 0.063498 0.665973
vt 0.055511 0.664864
vt 0.063510 0.665382
vt 0.123629 0.675812
vt 0.121076 0.675812
vt 0.123534 0.676345
vt 0.121109 0.676345
vt 0.123440 0.676879
vt 0.121141 0.676879
vt 0.123333 0.677485
vt 0.121178 0.677485
vt 0.593958 0.669263
vt 0.596113 0.669258
vt 0.596219 0.669871
vt 0.593920 0.669877
vt 0.596312 0.670410
vt 0.593886 0.670416
vt 0.596405 0.670949
vt 0.593852 0.670956
vt 0.680452 0.432761
vt 0.680452 0.441652
vt 0.680084 0.441421
vt 0.680084 0.432739
vt 0.679761 0.441218
vt 0.679761 0.432720
vt 0.679438 0.441015
vt 0.679438 0.432701
vt 0.063477 0.684975
vt 0.054908 0.684421
vt 0.063487 0.685447
vt 0.055100 0.684904
vt 0.063498 0.685918
vt 0.055292 0.685387
vt 0.063510 0.686454
vt 0.055511 0.685937
vt 0.470374 0.682557
vt 0.470178 0.682588
vt 0.470005 0.682643
vt 0.469864 0.682719
vt 0.469759 0.682814
vt 0.469695 0.682923
vt 0.469673 0.683044
vt 0.469695 0.683170
vt 0.469759 0.683297
vt 0.469864 0.683421
vt 0.470006 0.683537
vt 0.470178 0.683639
vt 0.470374 0.683725
vt 0.470461 0.683751
vt 0.470461 0.684655
vt 0.470300 0.684660
vt 0.470103 0.684691
vt 0.469931 0.684746
vt 0.469790 0.684822
vt 0.469685 0.684917
vt 0.469620 0.685027
vt 0.469599 0.685147
vt 0.469620 0.685274
vt 0.469685 0.685401
vt 0.469790 0.685525
vt 0.469931 0.685640
vt 0.470104 0.685743
vt 0.470300 0.685828
vt 0.470461 0.685878
vt 0.470461 0.687531
vt 0.461681 0.686316
vt 0.470461 0.678367
vt 0.470298 0.678372
vt 0.470291 0.678372
vt 0.470101 0.678403
vt 0.470096 0.678404
vt 0.469929 0.678457
vt 0.469925 0.678459
vt 0.469788 0.678533
vt 0.469785 0.678535
vt 0.469683 0.678627
vt 0.469681 0.678630
vt 0.469618 0.678736
vt 0.469617 0.678739
vt 0.469596 0.678855
vt 0.469597 0.678859
vt 0.469618 0.678981
vt 0.469620 0.678984
vt 0.469683 0.679108
vt 0.469686 0.679111
vt 0.469788 0.679231
vt 0.469792 0.679234
vt 0.469929 0.679346
vt 0.469935 0.679349
vt 0.470101 0.679448
vt 0.470108 0.679450
vt 0.470297 0.679533
vt 0.470305 0.679535
vt 0.470461 0.679583
vt 0.470461 0.680467
vt 0.470351 0.680470
vt 0.470155 0.680501
vt 0.469983 0.680556
vt 0.469842 0.680632
vt 0.469737 0.680726
vt 0.469672 0.680836
vt 0.469650 0.680956
vt 0.469652 0.680966
vt 0.469672 0.681082
vt 0.469678 0.681093
vt 0.469737 0.681209
vt 0.469746 0.681220
vt 0.469842 0.681333
vt 0.469983 0.681448
vt 0.470155 0.681551
vt 0.470352 0.681636
vt 0.470461 0.681669
vt 0.470461 0.682554
vt 0.470734 0.677285
vt 0.470907 0.677338
vt 0.470730 0.677283
vt 0.470537 0.677199
vt 0.470533 0.677198
vt 0.470364 0.677098
vt 0.470361 0.677096
vt 0.077059 0.610078
vt 0.077227 0.610101
vt 0.077226 0.612800
vt 0.077060 0.612778
vt 0.077055 0.612777
vt 0.077056 0.610078
vt 0.076862 0.610061
vt 0.076864 0.612761
vt 0.076859 0.612760
vt 0.076859 0.610061
vt 0.076649 0.610050
vt 0.076651 0.612750
vt 0.076646 0.612749
vt 0.076645 0.610050
vt 0.076429 0.612746
vt 0.076423 0.612746
vt 0.076422 0.610047
vt 0.076425 0.610047
vt 0.076205 0.612749
vt 0.076199 0.612749
vt 0.076198 0.610050
vt 0.076201 0.610050
vt 0.075989 0.612760
vt 0.075983 0.612760
vt 0.075981 0.610061
vt 0.075985 0.610061
vt 0.075789 0.612777
vt 0.075784 0.612777
vt 0.075781 0.610078
vt 0.075785 0.610078
vt 0.075613 0.612799
vt 0.075608 0.612800
vt 0.075605 0.610101
vt 0.075608 0.610101
vt 0.526310 0.520485
vt 0.526310 0.518186
vt 0.526516 0.518224
vt 0.526523 0.518225
vt 0.526523 0.520524
vt 0.526519 0.520523
vt 0.526739 0.518241
vt 0.526746 0.518241
vt 0.526746 0.520540
vt 0.526742 0.520540
vt 0.261924 0.490792
vt 0.262107 0.490768
vt 0.262107 0.493138
vt 0.261939 0.493160
vt 0.470782 0.679383
vt 0.470907 0.679421
vt 0.470585 0.679297
vt 0.470413 0.679195
vt 0.077230 0.607347
vt 0.077230 0.610047
vt 0.077059 0.610023
vt 0.077058 0.607324
vt 0.076875 0.607308
vt 0.076878 0.610008
vt 0.076862 0.610006
vt 0.076862 0.607307
vt 0.076647 0.607296
vt 0.076662 0.607297
vt 0.076665 0.609996
vt 0.076647 0.609995
vt 0.076423 0.607292
vt 0.076439 0.607292
vt 0.076442 0.609992
vt 0.076424 0.609991
vt 0.076199 0.607295
vt 0.076199 0.609995
vt 0.075982 0.607305
vt 0.075983 0.610005
vt 0.075783 0.610022
vt 0.075782 0.607322
vt 0.075606 0.610044
vt 0.075605 0.607345
vt 0.526533 0.515792
vt 0.526533 0.513492
vt 0.526746 0.513532
vt 0.526746 0.515832
vt 0.526310 0.515776
vt 0.526310 0.513476
vt 0.261710 0.446961
vt 0.261839 0.446944
vt 0.261839 0.449314
vt 0.261726 0.449329
vt 0.470800 0.681472
vt 0.470907 0.681505
vt 0.470604 0.681387
vt 0.470431 0.681284
vt 0.077232 0.604592
vt 0.077232 0.607292
vt 0.077060 0.607269
vt 0.077060 0.604568
vt 0.076863 0.607252
vt 0.076863 0.604551
vt 0.076649 0.607241
vt 0.076648 0.604541
vt 0.076425 0.607237
vt 0.076424 0.604537
vt 0.076200 0.607241
vt 0.076199 0.604540
vt 0.075983 0.607251
vt 0.075983 0.604551
vt 0.075782 0.607268
vt 0.075782 0.604568
vt 0.075606 0.607291
vt 0.075605 0.604591
vt 0.526523 0.515871
vt 0.526523 0.518170
vt 0.526310 0.518131
vt 0.526310 0.515832
vt 0.526746 0.515886
vt 0.526746 0.518186
vt 0.261710 0.462556
vt 0.261821 0.462541
vt 0.261821 0.464912
vt 0.261731 0.464924
vt 0.470731 0.683572
vt 0.470907 0.683626
vt 0.470535 0.683486
vt 0.470362 0.683384
vt 0.077233 0.601838
vt 0.077233 0.604537
vt 0.077061 0.604513
vt 0.077061 0.601814
vt 0.076864 0.604495
vt 0.076864 0.601796
vt 0.076649 0.601785
vt 0.076649 0.604484
vt 0.076425 0.601780
vt 0.076425 0.604480
vt 0.076200 0.601783
vt 0.076200 0.604482
vt 0.075983 0.601793
vt 0.075983 0.604492
vt 0.075782 0.604508
vt 0.075782 0.601809
vt 0.075606 0.604531
vt 0.075605 0.601831
vt 0.262546 0.523795
vt 0.262545 0.521492
vt 0.262758 0.521532
vt 0.262758 0.523835
vt 0.262322 0.523778
vt 0.262322 0.521475
vt 0.262135 0.521482
vt 0.262151 0.523784
vt 0.638340 0.671009
vt 0.612598 0.671009
vn -0.4382 0.8989 0.0000
vn -0.6048 0.7964 0.0000
vn -0.7487 0.6629 0.0000
vn -0.8637 0.5041 0.0000
vn -0.9453 0.3261 0.0000
vn -0.9908 0.1354 0.0000
vn -0.9981 -0.0609 0.0000
vn -0.9672 -0.2539 0.0000
vn -0.8989 -0.4382 0.0000
vn -0.7965 -0.6047 0.0000
vn -0.6629 -0.7487 0.0000
vn -0.5040 -0.8637 0.0000
vn -0.3262 -0.9453 0.0000
vn -0.1354 -0.9908 0.0000
vn 0.0610 -0.9981 0.0000
vn 0.2538 -0.9673 0.0000
vn 0.4382 -0.8989 -0.0000
vn 0.6048 -0.7964 -0.0000
vn 0.7487 -0.6629 -0.0000
vn 0.8635 -0.5043 -0.0000
vn 0.9453 -0.3261 -0.0000
vn 0.9908 -0.1354 -0.0000
vn 0.9981 0.0610 -0.0000
vn 0.9672 0.2539 -0.0000
vn 0.8988 0.4383 -0.0000
vn 0.7965 0.6047 -0.0000
vn 0.6628 0.7488 -0.0000
vn 0.5041 0.8636 -0.0000
vn 0.3258 0.9454 -0.0000
vn 0.1354 0.9908 -0.0000
vn -0.0000 0.0000 -1.0000
vn -0.0607 0.9982 -0.0000
vn -0.2539 0.9672 -0.0000
vn -0.0000 0.0000 1.0000
vn -0.6049 0.7963 0.0000
vn -0.8635 0.5043 0.0000
vn -0.9909 0.1349 0.0000
vn -0.9982 -0.0604 0.0000
vn -0.9671 -0.2544 0.0000
vn -0.8991 -0.4378 0.0000
vn -0.7962 -0.6051 0.0000
vn -0.6632 -0.7484 0.0000
vn -0.3259 -0.9454 0.0000
vn 0.0608 -0.9982 0.0000
vn 0.2539 -0.9672 0.0000
vn 0.9908 -0.1350 0.0000
vn 0.9982 0.0605 0.0000
vn 0.9671 0.2543 0.0000
vn 0.8991 0.4378 0.0000
vn 0.7962 0.6050 0.0000
vn 0.6631 0.7485 0.0000
vn 0.5041 0.8637 0.0000
vn 0.0607 -0.9982 0.0000
vn 0.6047 -0.7965 0.0000
vn 0.8637 -0.5040 0.0000
vn 0.9982 0.0604 0.0000
vn 0.7962 0.6051 0.0000
vn 0.3261 0.9453 0.0000
vn 0.1353 0.9908 0.0000
vn -0.0608 0.9981 0.0000
vn -0.6047 0.7964 0.0000
vn -0.5041 -0.8637 0.0000
vn -0.1353 -0.9908 0.0000
vn 0.0609 -0.9981 0.0000
vn 0.4383 -0.8988 0.0000
vn 0.9981 0.0609 0.0000
vn 0.9672 0.2538 0.0000
vn 0.8989 0.4382 0.0000
vn 0.9376 0.3477 0.0000
vn -0.9376 -0.3477 0.0000
vn 0.3477 -0.9376 0.0000
vn -0.3477 0.9376 0.0000
vn -0.7518 -0.3079 0.5831
vn -0.6112 -0.2502 0.7508
vn -0.4718 -0.1930 0.8603
vn -0.3333 -0.1362 0.9330
vn -0.1979 -0.0808 0.9769
vn -0.0654 -0.0267 0.9975
vn 0.0655 0.0267 0.9975
vn 0.1980 0.0805 0.9769
vn 0.3335 0.1354 0.9330
vn 0.4724 0.1916 0.8603
vn 0.6123 0.2481 0.7507
vn 0.7393 0.2994 0.6032
vn -0.7535 -0.2905 0.5898
vn -0.6143 -0.2367 0.7528
vn -0.4734 -0.1822 0.8618
vn -0.3341 -0.1286 0.9337
vn -0.1983 -0.0762 0.9772
vn -0.0656 -0.0252 0.9975
vn 0.0656 0.0252 0.9975
vn 0.1983 0.0760 0.9772
vn 0.3341 0.1280 0.9338
vn 0.4738 0.1814 0.8617
vn 0.6147 0.2351 0.7529
vn 0.7449 0.2847 0.6033
vn -0.7639 -0.2623 0.5896
vn -0.6227 -0.2138 0.7527
vn -0.4799 -0.1647 0.8617
vn -0.3386 -0.1161 0.9337
vn -0.2010 -0.0688 0.9772
vn -0.0665 -0.0227 0.9975
vn 0.0664 0.0227 0.9975
vn 0.2011 0.0687 0.9772
vn 0.3388 0.1155 0.9338
vn 0.4805 0.1638 0.8616
vn 0.6231 0.2122 0.7528
vn 0.7550 0.2569 0.6033
vn -0.7578 -0.2755 0.5914
vn -0.6178 -0.2245 0.7536
vn -0.4761 -0.1729 0.8622
vn -0.3358 -0.1219 0.9340
vn -0.1992 -0.0723 0.9773
vn -0.0658 -0.0239 0.9975
vn 0.0658 0.0239 0.9975
vn 0.1994 0.0721 0.9773
vn 0.3359 0.1214 0.9340
vn 0.4764 0.1721 0.8622
vn 0.6182 0.2232 0.7536
vn 0.7502 0.2706 0.6033
vn -0.0012 0.0034 1.0000
vn 0.9284 0.3715 -0.0000
vn -0.9461 -0.3238 -0.0000
vn -0.0012 0.0034 -1.0000
vn 0.8948 0.4464 -0.0000
vn 0.9300 0.3676 -0.0000
vn 0.9144 0.4048 0.0006
vn -0.9448 -0.3277 -0.0000
vn -0.2459 0.6631 -0.7070
vn -0.0001 0.0002 1.0000
vn 0.0345 -0.0930 -0.9951
vn -0.0068 0.0183 0.9998
vn -0.0233 0.0629 -0.9977
vn 0.9316 0.3634 0.0000
vn -0.9572 -0.2893 0.0006
vn 0.9100 0.4145 -0.0045
vn 0.0092 -0.0247 0.9997
vn -0.0337 0.0908 0.9953
vn -0.9602 -0.2792 -0.0045
vn -0.3435 0.9261 -0.1558
vn 0.9281 0.3721 -0.0128
vn -0.9695 -0.2450 0.0000
vn -0.0020 0.0053 -1.0000
vn 0.3477 -0.9376 -0.0068
vn -0.2764 0.7451 -0.6070
vn 0.9277 0.3733 -0.0103
vn -0.9467 -0.3219 -0.0103
vn -0.9463 -0.3230 -0.0128
vn -0.1553 0.4188 -0.8947
vn -0.0026 0.0070 -1.0000
vn 0.9282 0.3713 -0.0222
vn -0.9459 -0.3238 -0.0222
vn -0.2617 0.7057 -0.6584
vn -0.0133 0.0360 0.9993
vn -0.9456 -0.3254 -0.0079
vn 0.9290 0.3699 -0.0079
vn -0.1340 0.3613 -0.9228
vn -0.1340 0.3614 -0.9227
vn -0.9433 -0.3320 0.0000
vn 0.2747 -0.0000 0.9615
vn 0.0000 1.0000 0.0000
vn -0.0007 0.0018 -1.0000
vn 0.9810 0.1938 -0.0000
vn -0.8797 -0.4755 0.0000
vn 0.9973 -0.0654 -0.0321
vn -0.6223 -0.3356 0.7071
vn 0.9770 0.2132 -0.0000
vn 0.0827 -0.2230 0.9713
vn 0.0336 -0.0905 0.9953
vn 0.0717 -0.1935 -0.9785
vn -0.8701 -0.4928 0.0000
vn 0.1899 -0.5119 -0.8378
vn -0.7135 -0.6999 -0.0321
vn 0.3372 -0.9091 -0.2447
vn -0.0003 0.0008 1.0000
vn -0.5802 -0.4063 0.7059
vn 0.7048 0.0703 0.7060
vn 0.7573 -0.1634 0.6323
vn -0.4676 -0.6177 0.6323
vn 0.0000 0.0000 0.0000
vn -0.1987 0.5358 0.8206
vn 0.6907 0.1513 0.7071
vn -0.6630 -0.2459 0.7071
vn 0.6630 0.2459 0.7071
vn 0.6331 0.3187 0.7054
vn 0.2455 -0.6620 0.7082
vn -0.6878 -0.1712 0.7054
vn 0.6524 0.2727 0.7071
vn -0.6688 -0.2287 0.7074
vn -0.6758 -0.2091 0.7068
vn 0.6487 0.2821 0.7068
vn 0.6539 0.2693 0.7071
vn -0.6713 -0.2222 0.7071
vn -0.7026 -0.1345 0.6988
vn 0.6204 0.3562 0.6988
vn 0.6562 0.2627 0.7074
vn -0.6724 -0.2187 0.7071
vn 0.0339 -0.0914 0.9952
vn 0.0339 -0.0913 0.9952
vn -0.1425 0.3843 0.9121
vn -0.1426 0.3844 0.9121
vn 0.4568 -0.8896 0.0000
vn 0.4569 -0.8895 0.0000
vn 0.4566 -0.8897 -0.0000
vn 0.4570 -0.8895 -0.0000
vn -0.2338 0.9723 0.0000
vn -0.2337 0.9723 -0.0000
vn 0.3044 0.1129 0.9458
vn 0.3041 0.1128 0.9459
vn 0.3043 0.1129 0.9459
vn -0.3043 -0.1129 0.9459
vn -0.3044 -0.1129 0.9458
vn -0.3042 -0.1128 0.9459
vn 0.2338 -0.9723 0.0000
vn 0.2337 -0.9723 0.0000
vn 0.2340 -0.9722 0.0000
vn 0.2336 -0.9723 0.0000
vn -0.4568 0.8896 0.0000
vn -0.4569 0.8895 0.0000
vn 0.8960 0.3372 0.2887
vn 0.8260 0.3120 0.4694
vn 0.7241 0.2746 0.6327
vn 0.5949 0.2269 0.7712
vn 0.4414 0.1700 0.8811
vn 0.2712 0.1067 0.9566
vn 0.0905 0.0394 0.9951
vn -0.0945 -0.0297 0.9951
vn -0.2751 -0.0973 0.9565
vn -0.4451 -0.1610 0.8809
vn -0.5979 -0.2185 0.7712
vn -0.7270 -0.2672 0.6325
vn -0.8284 -0.3058 0.4693
vn -0.8974 -0.3324 0.2903
vn 0.8967 0.3356 0.2887
vn 0.8259 0.3104 0.4706
vn 0.7237 0.2734 0.6336
vn 0.5937 0.2259 0.7723
vn 0.4409 0.1697 0.8813
vn 0.2708 0.1069 0.9567
vn 0.0900 0.0399 0.9951
vn -0.0938 -0.0286 0.9952
vn -0.2743 -0.0959 0.9569
vn -0.4445 -0.1597 0.8814
vn -0.5969 -0.2170 0.7724
vn -0.7264 -0.2660 0.6337
vn -0.8281 -0.3048 0.4704
vn -0.8976 -0.3318 0.2903
vn 0.8958 0.3366 0.2903
vn 0.8252 0.3117 0.4711
vn 0.7228 0.2748 0.6341
vn 0.5926 0.2273 0.7727
vn 0.4398 0.1712 0.8816
vn 0.2698 0.1083 0.9568
vn 0.0893 0.0414 0.9951
vn -0.0941 -0.0271 0.9952
vn -0.2745 -0.0947 0.9569
vn -0.4442 -0.1586 0.8818
vn -0.5967 -0.2164 0.7727
vn -0.7259 -0.2657 0.6344
vn -0.8278 -0.3050 0.4709
vn -0.8973 -0.3323 0.2905
vn 0.8972 0.3331 0.2901
vn 0.8263 0.3080 0.4715
vn 0.7243 0.2712 0.6339
vn 0.5933 0.2238 0.7732
vn 0.4407 0.1680 0.8818
vn 0.2707 0.1056 0.9568
vn 0.0898 0.0391 0.9952
vn -0.0936 -0.0286 0.9952
vn -0.2740 -0.0955 0.9570
vn -0.4443 -0.1588 0.8817
vn -0.5967 -0.2157 0.7729
vn -0.7262 -0.2644 0.6346
vn -0.8282 -0.3030 0.4714
vn -0.8983 -0.3300 0.2901
vn 0.0444 -0.1197 -0.9918
usemtl Material.005
s off
f 1/1/1 2/2/1 3/3/1 4/4/1
f 4/4/2 3/3/2 5/5/2 6/6/2
f 6/7/3 5/8/3 7/9/3 8/10/3
f 8/10/4 7/9/4 9/11/4 10/12/4
f 10/12/5 9/11/5 11/13/5 12/14/5
f 12/14/6 11/13/6 13/15/6 14/16/6
f 14/16/7 13/15/7 15/17/7 16/18/7
f 16/18/8 15/17/8 17/19/8 18/20/8
f 18/21/9 17/22/9 19/23/9 20/24/9
f 20/24/10 19/23/10 21/25/10 22/26/10
f 22/26/11 21/25/11 23/27/11 24/28/11
f 24/28/12 23/27/12 25/29/12 26/30/12
f 26/30/13 25/29/13 27/31/13 28/32/13
f 28/32/14 27/31/14 29/33/14 30/34/14
f 30/34/15 29/33/15 31/35/15 32/36/15
f 32/36/16 31/35/16 33/37/16 34/38/16
f 34/39/17 33/40/17 35/41/17 36/42/17
f 36/42/18 35/41/18 37/43/18 38/44/18
f 38/44/19 37/43/19 39/45/19 40/46/19
f 40/46/20 39/45/20 41/47/20 42/48/20
f 42/48/21 41/47/21 43/49/21 44/50/21
f 44/50/22 43/49/22 45/51/22 46/52/22
f 46/52/23 45/51/23 47/53/23 48/54/23
f 48/54/24 47/53/24 49/55/24 50/56/24
f 50/56/25 49/55/25 51/57/25 52/58/25
f 52/58/26 51/57/26 53/59/26 54/60/26
f 54/61/27 53/62/27 55/63/27 56/64/27
f 56/64/28 55/63/28 57/65/28 58/66/28
f 58/66/29 57/65/29 59/67/29 60/68/29
f 60/68/30 59/67/30 61/69/30 62/70/30
f 3/71/31 2/72/31 63/73/31 61/74/31 59/75/31 57/76/31 55/77/31 53/78/31 51/79/31 49/80/31 47/81/31 45/82/31 43/83/31 41/84/31 39/85/31 37/86/31 35/87/31 33/88/31 31/89/31 29/90/31 27/91/31 25/92/31 23/93/31 21/94/31 19/95/31 17/96/31 15/97/31 13/98/31 11/99/31 9/100/31 7/101/31 5/102/31
f 62/70/32 61/69/32 63/103/32 64/104/32
f 64/104/33 63/103/33 2/2/33 1/1/33
f 1/105/34 4/106/34 6/107/34 8/108/34 10/109/34 12/110/34 14/111/34 16/112/34 18/113/34 20/114/34 22/115/34 24/116/34 26/117/34 28/118/34 30/119/34 32/120/34 34/121/34 36/122/34 38/123/34 40/124/34 42/125/34 44/126/34 46/127/34 48/128/34 50/129/34 52/130/34 54/131/34 56/132/34 58/133/34 60/134/34 62/135/34 64/136/34
f 65/137/1 66/138/1 67/139/1 68/140/1
f 68/140/35 67/139/35 69/141/35 70/142/35
f 70/143/3 69/144/3 71/145/3 72/146/3
f 72/146/36 71/145/36 73/147/36 74/148/36
f 74/148/5 73/147/5 75/149/5 76/150/5
f 76/150/37 75/149/37 77/151/37 78/152/37
f 78/152/38 77/151/38 79/153/38 80/154/38
f 80/154/39 79/153/39 81/155/39 82/156/39
f 82/157/40 81/158/40 83/159/40 84/160/40
f 84/160/41 83/159/41 85/161/41 86/162/41
f 86/162/42 85/161/42 87/163/42 88/164/42
f 88/164/12 87/163/12 89/165/12 90/166/12
f 90/166/43 89/165/43 91/167/43 92/168/43
f 92/168/14 91/167/14 93/169/14 94/170/14
f 94/170/44 93/169/44 95/171/44 96/172/44
f 96/172/45 95/171/45 97/173/45 98/174/45
f 98/175/17 97/176/17 99/177/17 100/178/17
f 100/178/18 99/177/18 101/179/18 102/180/18
f 102/180/19 101/179/19 103/181/19 104/182/19
f 104/182/20 103/181/20 105/183/20 106/184/20
f 106/184/21 105/183/21 107/185/21 108/186/21
f 108/186/46 107/185/46 109/187/46 110/188/46
f 110/188/47 109/187/47 111/189/47 112/190/47
f 112/190/48 111/189/48 113/191/48 114/192/48
f 114/192/49 113/191/49 115/193/49 116/194/49
f 116/194/50 115/193/50 117/195/50 118/196/50
f 118/197/51 117/198/51 119/199/51 120/200/51
f 120/200/52 119/199/52 121/201/52 122/202/52
f 122/202/29 121/201/29 123/203/29 124/204/29
f 124/204/30 123/203/30 125/205/30 126/206/30
f 67/207/31 66/208/31 127/209/31 125/210/31 123/211/31 121/212/31 119/213/31 117/214/31 115/215/31 113/216/31 111/217/31 109/218/31 107/219/31 105/220/31 103/221/31 101/222/31 99/223/31 97/224/31 95/225/31 93/226/31 91/227/31 89/228/31 87/229/31 85/230/31 83/231/31 81/232/31 79/233/31 77/234/31 75/235/31 73/236/31 71/237/31 69/238/31
f 126/206/32 125/205/32 127/239/32 128/240/32
f 128/240/33 127/239/33 66/138/33 65/137/33
f 65/241/34 68/242/34 70/243/34 72/244/34 74/245/34 76/246/34 78/247/34 80/248/34 82/249/34 84/250/34 86/251/34 88/252/34 90/253/34 92/254/34 94/255/34 96/256/34 98/257/34 100/258/34 102/259/34 104/260/34 106/261/34 108/262/34 110/263/34 112/264/34 114/265/34 116/266/34 118/267/34 120/268/34 122/269/34 124/270/34 126/271/34 128/272/34
f 129/273/1 130/274/1 131/275/1 132/276/1
f 132/276/2 131/275/2 133/277/2 134/278/2
f 134/279/3 133/280/3 135/281/3 136/282/3
f 136/282/36 135/281/36 137/283/36 138/284/36
f 138/284/5 137/283/5 139/285/5 140/286/5
f 140/286/6 139/285/6 141/287/6 142/288/6
f 142/288/7 141/287/7 143/289/7 144/290/7
f 144/290/39 143/289/39 145/291/39 146/292/39
f 146/293/40 145/294/40 147/295/40 148/296/40
f 148/296/10 147/295/10 149/297/10 150/298/10
f 150/298/11 149/297/11 151/299/11 152/300/11
f 152/300/12 151/299/12 153/301/12 154/302/12
f 154/302/43 153/301/43 155/303/43 156/304/43
f 156/304/14 155/303/14 157/305/14 158/306/14
f 158/306/53 157/305/53 159/307/53 160/308/53
f 160/308/45 159/307/45 161/309/45 162/310/45
f 162/311/17 161/312/17 163/313/17 164/314/17
f 164/314/54 163/313/54 165/315/54 166/316/54
f 166/316/19 165/315/19 167/317/19 168/318/19
f 168/318/55 167/317/55 169/319/55 170/320/55
f 170/320/21 169/319/21 171/321/21 172/322/21
f 172/322/22 171/321/22 173/323/22 174/324/22
f 174/324/56 173/323/56 175/325/56 176/326/56
f 176/326/48 175/325/48 177/327/48 178/328/48
f 178/328/49 177/327/49 179/329/49 180/330/49
f 180/330/57 179/329/57 181/331/57 182/332/57
f 182/333/27 181/334/27 183/335/27 184/336/27
f 184/336/28 183/335/28 185/337/28 186/338/28
f 186/338/58 185/337/58 187/339/58 188/340/58
f 188/340/59 187/339/59 189/341/59 190/342/59
f 131/343/31 130/344/31 191/345/31 189/346/31 187/347/31 185/348/31 183/349/31 181/350/31 179/351/31 177/352/31 175/353/31 173/354/31 171/355/31 169/356/31 167/357/31 165/358/31 163/359/31 161/360/31 159/361/31 157/362/31 155/363/31 153/364/31 151/365/31 149/366/31 147/367/31 145/368/31 143/369/31 141/370/31 139/371/31 137/372/31 135/373/31 133/374/31
f 190/342/60 189/341/60 191/375/60 192/376/60
f 192/376/33 191/375/33 130/274/33 129/273/33
f 129/377/34 132/378/34 134/379/34 136/380/34 138/381/34 140/382/34 142/383/34 144/384/34 146/385/34 148/386/34 150/387/34 152/388/34 154/389/34 156/390/34 158/391/34 160/392/34 162/393/34 164/394/34 166/395/34 168/396/34 170/397/34 172/398/34 174/399/34 176/400/34 178/401/34 180/402/34 182/403/34 184/404/34 186/405/34 188/406/34 190/407/34 192/408/34
f 193/409/1 194/410/1 195/411/1 196/412/1
f 196/412/61 195/411/61 197/413/61 198/414/61
f 198/415/3 197/416/3 199/417/3 200/418/3
f 200/418/4 199/417/4 201/419/4 202/420/4
f 202/420/5 201/419/5 203/421/5 204/422/5
f 204/422/6 203/421/6 205/423/6 206/424/6
f 206/424/7 205/423/7 207/425/7 208/426/7
f 208/426/8 207/425/8 209/427/8 210/428/8
f 210/429/9 209/430/9 211/431/9 212/432/9
f 212/432/10 211/431/10 213/433/10 214/434/10
f 214/434/11 213/433/11 215/435/11 216/436/11
f 216/436/62 215/435/62 217/437/62 218/438/62
f 218/438/13 217/437/13 219/439/13 220/440/13
f 220/440/63 219/439/63 221/441/63 222/442/63
f 222/442/64 221/441/64 223/443/64 224/444/64
f 224/444/45 223/443/45 225/445/45 226/446/45
f 226/447/65 225/448/65 227/449/65 228/450/65
f 228/450/54 227/449/54 229/451/54 230/452/54
f 230/452/19 229/451/19 231/453/19 232/454/19
f 232/454/55 231/453/55 233/455/55 234/456/55
f 234/456/21 233/455/21 235/457/21 236/458/21
f 236/458/22 235/457/22 237/459/22 238/460/22
f 238/460/66 237/459/66 239/461/66 240/462/66
f 240/462/67 239/461/67 241/463/67 242/464/67
f 242/464/68 241/463/68 243/465/68 244/466/68
f 244/466/26 243/465/26 245/467/26 246/468/26
f 246/469/27 245/470/27 247/471/27 248/472/27
f 248/472/28 247/471/28 249/473/28 250/474/28
f 250/474/58 249/473/58 251/475/58 252/476/58
f 252/476/30 251/475/30 253/477/30 254/478/30
f 195/479/31 194/480/31 255/481/31 253/482/31 251/483/31 249/484/31 247/485/31 245/486/31 243/487/31 241/488/31 239/489/31 237/490/31 235/491/31 233/492/31 231/493/31 229/494/31 227/495/31 225/496/31 223/497/31 221/498/31 219/499/31 217/500/31 215/501/31 213/502/31 211/503/31 209/504/31 207/505/31 205/506/31 203/507/31 201/508/31 199/509/31 197/510/31
f 254/478/60 253/477/60 255/511/60 256/512/60
f 256/512/33 255/511/33 194/410/33 193/409/33
f 193/513/34 196/514/34 198/515/34 200/516/34 202/517/34 204/518/34 206/519/34 208/520/34 210/521/34 212/522/34 214/523/34 216/524/34 218/525/34 220/526/34 222/527/34 224/528/34 226/529/34 228/530/34 230/531/34 232/532/34 234/533/34 236/534/34 238/535/34 240/536/34 242/537/34 244/538/34 246/539/34 248/540/34 250/541/34 252/542/34 254/543/34 256/544/34
f 257/545/69 258/546/69 259/547/69 260/548/69
f 260/549/34 259/550/34 261/551/34 262/552/34
f 262/553/70 261/554/70 263/555/70 264/556/70
f 264/557/31 263/558/31 258/559/31 257/560/31
f 260/548/71 262/561/71 264/562/71 257/545/71
f 261/563/72 259/564/72 258/565/72 263/566/72
f 265/567/69 266/568/69 267/569/69 268/570/69
f 268/571/34 267/572/34 269/573/34 270/574/34
f 270/575/70 269/576/70 271/577/70 272/578/70
f 272/579/31 271/580/31 266/581/31 265/582/31
f 268/570/71 270/583/71 272/584/71 265/567/71
f 269/585/72 267/586/72 266/587/72 271/588/72
f 273/589/69 274/590/69 275/591/69 276/592/69
f 276/593/34 275/594/34 277/595/34 278/596/34
f 278/597/70 277/598/70 279/599/70 280/600/70
f 280/601/31 279/602/31 274/603/31 273/604/31
f 276/592/71 278/605/71 280/606/71 273/589/71
f 277/607/72 275/608/72 274/609/72 279/610/72
f 281/611/69 282/612/69 283/613/69 284/614/69
f 284/615/34 283/616/34 285/617/34 286/618/34
f 286/619/70 285/620/70 287/621/70 288/622/70
f 288/623/31 287/624/31 282/625/31 281/626/31
f 284/614/71 286/627/71 288/628/71 281/611/71
f 285/629/72 283/630/72 282/631/72 287/632/72
f 289/633/72 290/634/72 291/635/72 292/636/72 293/637/72 294/638/72 295/639/72 296/640/72 297/641/72 298/642/72 299/643/72 300/644/72 301/645/72 302/646/72 303/647/72 304/648/72 305/649/72 306/650/72 307/651/72 308/652/72 309/653/72 310/654/72 311/655/72 312/656/72 313/657/72 314/658/72 315/659/72 316/660/72 317/661/72 318/662/72 319/663/72 320/664/72 321/665/72 322/666/72 323/667/72 324/668/72 325/669/72 326/670/72 327/671/72 328/672/72 329/673/72 330/674/72 331/675/72 332/676/72 333/677/72 334/678/72 335/679/72 336/680/72 337/681/72 338/682/72 339/683/72 340/684/72 341/685/72 342/686/72 343/687/72 344/688/72 345/689/72 346/690/72 347/691/72 348/692/72 349/693/72 350/694/72 351/695/72 352/696/72 353/697/72 354/698/72 355/699/72 356/700/72 357/701/72 358/702/72 359/703/72 360/704/72 361/705/72 362/706/72 363/707/72 364/708/72 365/709/72 366/710/72 367/711/72 368/712/72 369/713/72 370/714/72 371/715/72 372/716/72 373/717/72 374/718/72 375/719/72 376/720/72 377/721/72 378/722/72 379/723/72 380/724/72 381/725/72 382/726/72 383/727/72 384/728/72 385/729/72 386/730/72 387/731/72 388/732/72 389/733/72 390/734/72 391/735/72 392/736/72 393/737/72 394/738/72 395/739/72 396/740/72 397/741/72 398/742/72
f 399/743/34 400/744/34 378/745/34 377/746/34
f 401/747/70 300/748/70 299/749/70 402/750/70
f 330/751/34 329/752/34 403/753/34 404/754/34
f 354/755/34 353/756/34 405/757/34 406/758/34
f 407/759/34 292/760/34 291/761/34 408/762/34
f 409/763/71 410/764/71 411/765/71 412/766/71 413/767/71 414/768/71 415/769/71 416/770/71 417/771/71 418/772/71 419/773/71 420/774/71 421/775/71 422/776/71 423/777/71 424/778/71 425/779/71 426/780/71 427/781/71 428/782/71 429/783/71 430/784/71 406/785/71 405/786/71 431/787/71 432/788/71 433/789/71 434/790/71 435/791/71 436/792/71 437/793/71 438/794/71 439/795/71 440/796/71 441/797/71 442/798/71 443/799/71 444/800/71 445/801/71 446/802/71 447/803/71 448/804/71 449/805/71 450/806/71 451/807/71 452/808/71 404/809/71 403/810/71 453/811/71 454/812/71 455/813/71 456/814/71 457/815/71 458/816/71 459/817/71 460/818/71 461/819/71 462/820/71 463/821/71 464/822/71 465/823/71 466/824/71 467/825/71 468/826/71 469/827/71 470/828/71 471/829/71 472/830/71 473/831/71 474/832/71 475/833/71 476/834/71 477/835/71 478/836/71 479/837/71 480/838/71 401/839/71 402/840/71 481/841/71 482/842/71 483/843/71 484/844/71 485/845/71 486/846/71 407/847/71 408/848/71 487/849/71 488/850/71 489/851/71 490/852/71 491/853/71 492/854/71 493/855/71 494/856/71 495/857/71 496/858/71 497/859/71 498/860/71 499/861/71 500/862/71 501/863/71 502/864/71 503/865/71 504/866/71 505/867/71 506/868/71 507/869/71 508/870/71 400/871/71 399/872/71
f 481/841/69 298/873/69 297/874/69 482/842/69
f 402/875/31 299/876/31 298/877/31 481/878/31
f 487/879/73 408/880/73 291/881/73 290/882/73 289/883/73 488/884/73
f 489/885/74 488/886/74 289/887/74 398/888/74 397/889/74 490/890/74
f 491/891/75 490/890/75 397/889/75 396/892/75 395/893/75 492/894/75
f 493/895/76 492/894/76 395/893/76 394/896/76 393/897/76 494/898/76
f 495/899/77 494/898/77 393/897/77 392/900/77 391/901/77 496/902/77
f 497/903/78 496/902/78 391/901/78 390/904/78 389/905/78 498/906/78
f 499/907/79 498/906/79 389/905/79 388/908/79 387/909/79 500/910/79
f 501/911/80 500/910/80 387/909/80 386/912/80 385/913/80 502/914/80
f 383/915/81 504/916/81 503/917/81 502/914/81 385/913/81 384/918/81
f 505/919/82 504/916/82 383/915/82 382/920/82 381/921/82 506/922/82
f 508/923/83 507/924/83 506/922/83 381/921/83 380/925/83 379/926/83
f 400/871/84 508/870/84 379/927/84 378/928/84
f 409/929/85 399/930/85 377/931/85 376/932/85 375/933/85 410/934/85
f 373/935/86 412/936/86 411/937/86 410/938/86 375/939/86 374/940/86
f 371/941/87 414/942/87 413/943/87 412/936/87 373/935/87 372/944/87
f 369/945/88 416/946/88 415/947/88 414/942/88 371/941/88 370/948/88
f 367/949/89 418/950/89 417/951/89 416/946/89 369/945/89 368/952/89
f 365/953/90 420/954/90 419/955/90 418/950/90 367/949/90 366/956/90
f 365/953/91 364/957/91 363/958/91 422/959/91 421/960/91 420/954/91
f 363/958/92 362/961/92 361/962/92 424/963/92 423/964/92 422/959/92
f 361/962/93 360/965/93 359/966/93 426/967/93 425/968/93 424/963/93
f 357/969/94 428/970/94 427/971/94 426/967/94 359/966/94 358/972/94
f 430/973/95 429/974/95 428/970/95 357/969/95 356/975/95 355/976/95
f 406/785/96 430/784/96 355/977/96 354/978/96
f 329/979/97 328/980/97 327/981/97 454/982/97 453/983/97 403/984/97
f 325/985/98 456/986/98 455/987/98 454/988/98 327/989/98 326/990/98
f 323/991/99 458/992/99 457/993/99 456/986/99 325/985/99 324/994/99
f 321/995/100 460/996/100 459/997/100 458/992/100 323/991/100 322/998/100
f 319/999/101 462/1000/101 461/1001/101 460/996/101 321/995/101 320/1002/101
f 317/1003/102 464/1004/102 463/1005/102 462/1000/102 319/999/102 318/1006/102
f 315/1007/103 466/1008/103 465/1009/103 464/1004/103 317/1003/103 316/1010/103
f 313/1011/104 468/1012/104 467/1013/104 466/1008/104 315/1007/104 314/1014/104
f 469/1015/105 468/1012/105 313/1011/105 312/1016/105 311/1017/105 470/1018/105
f 311/1017/106 310/1019/106 309/1020/106 472/1021/106 471/1022/106 470/1018/106
f 309/1020/107 308/1023/107 307/1024/107 474/1025/107 473/1026/107 472/1021/107
f 475/833/108 474/832/108 307/1027/108 306/1028/108
f 353/1029/109 352/1030/109 351/1031/109 432/1032/109 431/1033/109 405/1034/109
f 349/1035/110 434/1036/110 433/1037/110 432/1038/110 351/1039/110 350/1040/110
f 347/1041/111 436/1042/111 435/1043/111 434/1036/111 349/1035/111 348/1044/111
f 345/1045/112 438/1046/112 437/1047/112 436/1042/112 347/1041/112 346/1048/112
f 343/1049/113 440/1050/113 439/1051/113 438/1046/113 345/1045/113 344/1052/113
f 341/1053/114 442/1054/114 441/1055/114 440/1050/114 343/1049/114 342/1056/114
f 339/1057/115 444/1058/115 443/1059/115 442/1054/115 341/1053/115 340/1060/115
f 445/1061/116 444/1058/116 339/1057/116 338/1062/116 337/1063/116 446/1064/116
f 337/1063/117 336/1065/117 335/1066/117 448/1067/117 447/1068/117 446/1064/117
f 335/1066/118 334/1069/118 333/1070/118 450/1071/118 449/1072/118 448/1067/118
f 333/1070/119 332/1073/119 331/1074/119 452/1075/119 451/1076/119 450/1071/119
f 404/809/120 452/808/120 331/1077/120 330/1078/120
f 509/1079/121 510/1080/121 511/1081/121 512/1082/121
f 513/1083/122 514/1084/122 515/1085/122 516/1086/122 517/1087/122
f 518/1088/123 519/1089/123 520/1090/123 521/1091/123 522/1092/123
f 523/1093/124 518/1094/124 514/1095/124 524/1096/124
f 524/1097/125 514/1084/125 513/1083/125 525/1098/125
f 517/1087/126 516/1086/126 526/1099/126 527/1100/126 528/1101/126
f 529/1102/127 530/1103/127 531/1104/127 532/1105/127
f 533/1106/128 521/1091/128 520/1090/128 534/1107/128 535/1108/128
f 536/1109/129 537/1110/129 538/1111/129 539/1112/129
f 511/1081/130 510/1080/130 540/1113/130 541/1114/130
f 530/1115/131 542/1116/131 543/1117/131 531/1118/131
f 541/1114/132 540/1113/132 544/1119/132 545/1120/132
f 527/1121/133 535/1122/133 542/1116/133 530/1115/133
f 528/1101/134 527/1100/134 530/1103/134 529/1102/134
f 542/1123/135 546/1124/135 547/1125/135 543/1126/135
f 532/1105/136 531/1104/136 548/1127/136 549/1128/136
f 550/1129/137 551/1130/137 552/1131/137 553/1132/137
f 553/1132/138 552/1131/138 554/1133/138 555/1134/138
f 543/1126/139 547/1125/139 556/1135/139 557/1136/139
f 555/1137/140 554/1138/140 549/1139/140 548/1140/140 557/1141/140 556/1142/140
f 537/1143/141 515/1085/141 514/1084/141 558/1144/141 559/1145/141 538/1146/141
f 560/1147/142 519/1148/142 518/1149/142 523/1150/142
f 526/1151/143 533/1152/143 535/1122/143 527/1121/143
f 558/1144/144 561/1153/144 562/1154/144 563/1155/144
f 564/1156/145 565/1157/145 566/1158/145 567/1159/145
f 565/1160/146 559/1145/146 558/1144/146 563/1155/146 568/1161/146 569/1162/146 570/1163/146 566/1164/146
f 561/1165/147 571/1166/147 564/1167/147 567/1168/147 572/1169/147 573/1170/147 574/1171/147 562/1172/147
f 514/1084/144 518/1173/144 561/1153/144 558/1144/144
f 518/1088/148 522/1092/148 536/1174/148 539/1175/148 571/1166/148 561/1165/148
f 567/1176/149 566/1177/149 570/1178/149 572/1179/149
f 572/1179/149 570/1178/149 569/1180/149 573/1181/149
f 573/1181/149 569/1180/149 568/1182/149 574/1183/149
f 563/1184/150 562/1185/150 574/1183/150 568/1182/150
f 565/1160/151 575/1186/151 576/1187/151 538/1146/151 559/1145/151
f 539/1175/152 577/1188/152 578/1189/152 564/1167/152 571/1166/152
f 565/1157/153 564/1156/153 578/1190/153 575/1191/153
f 575/1191/153 578/1190/153 577/1192/153 576/1193/153
f 576/1193/153 577/1192/153 539/1112/153 538/1111/153
f 545/1120/154 544/1119/154 551/1130/154 550/1129/154
f 533/1106/155 579/1194/155 580/1195/155 536/1174/155 522/1092/155 521/1091/155
f 537/1143/156 581/1196/156 582/1197/156 526/1099/156 516/1086/156 515/1085/156
f 533/1152/157 526/1151/157 582/1198/157 579/1199/157
f 579/1199/157 582/1198/157 581/1200/157 580/1201/157
f 580/1201/158 581/1200/158 537/1202/158 536/1203/158
f 535/1108/159 534/1107/159 546/1124/159 542/1123/159
f 583/1204/72 584/1205/72 585/1206/72 586/1207/72 587/1208/72 588/1209/72
f 589/1210/160 590/1211/160 591/1212/160 592/1213/160 593/1214/160 594/1215/160 595/1216/160 596/1217/160
f 592/1218/161 597/1219/161 598/1220/161 599/1221/161 600/1222/161 593/1223/161
f 598/1224/162 588/1225/162 587/1226/162 601/1227/162
f 602/1228/163 603/1229/163 604/1230/163 605/1231/163
f 597/1232/164 583/1233/164 588/1234/164 598/1235/164
f 605/1231/165 604/1230/165 606/1236/165 607/1237/165
f 598/1238/34 601/1239/34 602/1240/34 599/1241/34
f 583/1242/166 597/1243/166 591/1244/166 608/1245/166 584/1246/166
f 601/1247/167 587/1248/167 586/1249/167 609/1250/167
f 610/1251/168 611/1252/168 612/1253/168 613/1254/168
f 595/1216/169 594/1215/169 611/1252/169 610/1251/169
f 599/1255/170 602/1256/170 605/1257/170 614/1258/170
f 600/1259/171 599/1260/171 614/1261/171 615/1262/171
f 614/1258/172 605/1257/172 607/1263/172 616/1264/172
f 615/1262/173 614/1261/173 616/1265/173 617/1266/173
f 606/1236/174 613/1267/174 612/1268/174 617/1269/174 616/1270/174 607/1237/174
f 609/1271/72 590/1272/72 589/1273/72
f 591/1274/72 597/1219/72 592/1218/72
f 595/1275/71 603/1229/71 596/1276/71
f 600/1277/71 594/1278/71 593/1279/71
f 590/1211/175 618/1280/175 608/1281/175 591/1212/175
f 611/1282/176 594/1283/176 600/1259/176 615/1262/176
f 595/1275/177 610/1284/177 604/1230/177 603/1229/177
f 610/1284/178 613/1267/178 606/1236/178 604/1230/178
f 615/1262/179 617/1266/179 612/1285/179 611/1282/179
f 601/1247/180 609/1250/180 589/1286/180 596/1276/180 603/1229/180 602/1228/180
f 618/1280/181 585/1287/181 584/1288/181 608/1281/181
f 585/1289/182 618/1290/182 590/1291/182 609/1250/182 586/1249/182
f 300/1292/183 401/1293/183 480/1294/183 301/1295/183
f 301/1295/183 480/1294/183 479/1296/183 302/1297/183
f 302/1297/183 479/1296/183 478/1298/183 303/1299/183
f 303/1299/183 478/1298/183 477/1300/183 304/1301/183
f 304/1301/183 477/1300/183 476/1302/183 305/1303/183
f 292/760/184 407/759/184 486/1304/184 293/1305/184
f 293/1305/184 486/1304/184 485/1306/184 294/1307/184
f 294/1307/184 485/1306/184 484/1308/184 295/1309/184
f 295/1309/184 484/1308/184 483/1310/184 296/1311/184
f 296/1311/184 483/1310/184 482/1312/184 297/1313/184
f 306/1314/34 305/1315/34 476/1316/34 475/1317/34
f 510/1080/185 509/1079/185 525/1318/185 513/1319/185
f 560/1320/186 525/1318/186 509/1079/186 512/1082/186
f 519/1148/187 560/1147/187 512/1321/187 511/1322/187
f 517/1323/188 528/1324/188 544/1119/188 540/1113/188
f 520/1325/189 519/1148/189 511/1322/189 541/1326/189
f 545/1327/190 550/1328/190 546/1329/190 534/1330/190
f 551/1130/191 544/1119/191 528/1324/191 529/1331/191
f 529/1331/192 532/1332/192 552/1131/192 551/1130/192
f 547/1333/193 546/1329/193 550/1328/193 553/1334/193
f 553/1334/194 555/1335/194 556/1336/194 547/1333/194
f 554/1133/195 552/1131/195 532/1332/195 549/1337/195
f 513/1319/196 517/1323/196 540/1113/196 510/1080/196
f 534/1330/197 520/1325/197 541/1326/197 545/1327/197
f 525/1098/71 560/1338/71 523/1339/71 524/1097/71
f 619/1340/31 620/1341/31 621/1342/31 622/1343/31
f 623/1344/70 624/1345/70 620/1346/70 619/1347/70
f 625/1348/31 626/1349/31 627/1350/31 628/1351/31
f 622/1352/69 621/1353/69 629/1354/69 630/1355/69
f 630/1355/71 623/1356/71 619/1357/71 622/1352/71
f 631/1358/198 632/1359/198 633/1360/198 634/1361/198
f 635/1362/31 636/1363/31 637/1364/31 638/1365/31
f 639/1366/70 640/1367/70 636/1368/70 635/1369/70
f 641/1370/31 642/1371/31 643/1372/31 644/1373/31
f 638/1374/69 637/1375/69 645/1376/69 646/1377/69
f 646/1377/71 639/1378/71 635/1379/71 638/1374/71
f 647/1380/199 648/1381/199 649/1382/199 650/1383/199
f 651/1384/31 652/1385/31 653/1386/31 654/1387/31
f 655/1388/70 656/1389/70 652/1390/70 651/1391/70
f 657/1392/31 658/1393/31 659/1394/31 660/1395/31
f 654/1396/69 653/1397/69 661/1398/69 662/1399/69
f 662/1399/71 655/1400/71 651/1401/71 654/1396/71
f 663/1402/199 664/1403/199 665/1404/199 666/1405/199
f 667/1406/31 668/1407/31 669/1408/31 670/1409/31
f 671/1410/70 672/1411/70 668/1412/70 667/1413/70
f 670/1414/69 669/1415/69 673/1416/69 674/1417/69
f 674/1417/71 671/1418/71 667/1419/71 670/1414/71
f 675/1420/199 676/1421/199 677/1422/199 678/1423/199
f 662/1424/198 661/1425/198 656/1426/198 655/1427/198
f 644/1428/69 643/1429/69 679/1430/69 680/1431/69 681/1432/69 682/1433/69 676/1434/69 675/1435/69
f 666/1436/70 665/1437/70 683/1438/70 684/1439/70 685/1440/70 686/1441/70 687/1442/70 688/1443/70
f 686/1444/72 689/1445/72 690/1446/72 687/1447/72
f 630/1448/198 629/1449/198 624/1450/198 623/1451/198
f 628/1452/69 627/1453/69 691/1454/69 692/1455/69 693/1456/69 694/1457/69 648/1458/69 647/1459/69
f 634/1460/70 633/1461/70 695/1462/70 696/1463/70 697/1464/70 698/1465/70 658/1466/70 657/1467/70
f 698/1468/72 699/1469/72 659/1470/72 658/1471/72
f 646/1472/198 645/1473/198 640/1474/198 639/1475/198
f 700/1476/69 690/1477/69 689/1478/69 701/1479/69 702/1480/69 703/1481/69 664/1482/69 663/1483/69
f 650/1484/70 649/1485/70 704/1486/70 705/1487/70 706/1488/70 707/1489/70 626/1490/70 625/1491/70
f 707/1492/72 691/1493/72 627/1494/72 626/1495/72
f 674/1496/198 673/1497/198 672/1498/198 671/1499/198
f 678/1500/70 677/1501/70 708/1502/70 709/1503/70 710/1504/70 711/1505/70 642/1506/70 641/1507/70
f 711/1508/72 679/1509/72 643/1510/72 642/1511/72
f 688/1512/31 700/1513/31 712/1514/31 713/1515/31
f 713/1515/31 712/1514/31 714/1516/31 715/1517/31
f 715/1517/31 714/1516/31 716/1518/31 717/1519/31
f 717/1519/31 716/1518/31 653/1386/31 652/1385/31
f 666/1436/70 688/1443/70 713/1520/70 718/1521/70
f 718/1521/70 713/1520/70 715/1522/70 719/1523/70
f 719/1523/70 715/1522/70 717/1524/70 720/1525/70
f 720/1525/70 717/1524/70 652/1390/70 656/1389/70
f 663/1402/198 666/1405/198 718/1526/198 721/1527/198
f 721/1527/199 718/1526/199 719/1528/199 722/1529/199
f 722/1529/198 719/1528/198 720/1530/198 723/1531/198
f 723/1531/199 720/1530/199 656/1426/199 661/1425/199
f 700/1476/69 663/1483/69 721/1532/69 712/1533/69
f 712/1533/69 721/1532/69 722/1534/69 714/1535/69
f 714/1535/69 722/1534/69 723/1536/69 716/1537/69
f 716/1537/69 723/1536/69 661/1398/69 653/1397/69
f 657/1392/31 660/1395/31 724/1538/31 725/1539/31
f 725/1539/31 724/1538/31 726/1540/31 727/1541/31
f 727/1541/31 726/1540/31 728/1542/31 729/1543/31
f 729/1543/31 728/1542/31 621/1342/31 620/1341/31
f 634/1460/70 657/1467/70 725/1544/70 730/1545/70
f 730/1545/70 725/1544/70 727/1546/70 731/1547/70
f 731/1547/70 727/1546/70 729/1548/70 732/1549/70
f 732/1549/70 729/1548/70 620/1346/70 624/1345/70
f 631/1358/198 634/1361/198 730/1550/198 733/1551/198
f 733/1551/199 730/1550/199 731/1552/199 734/1553/199
f 734/1553/198 731/1552/198 732/1554/198 735/1555/198
f 735/1555/199 732/1554/199 624/1450/199 629/1449/199
f 660/1556/69 631/1557/69 733/1558/69 724/1559/69
f 724/1559/69 733/1558/69 734/1560/69 726/1561/69
f 726/1561/69 734/1560/69 735/1562/69 728/1563/69
f 728/1563/69 735/1562/69 629/1354/69 621/1353/69
f 625/1348/31 628/1351/31 736/1564/31 737/1565/31
f 737/1565/31 736/1564/31 738/1566/31 739/1567/31
f 739/1567/31 738/1566/31 740/1568/31 741/1569/31
f 741/1569/31 740/1568/31 637/1364/31 636/1363/31
f 650/1484/70 625/1491/70 737/1570/70 742/1571/70
f 742/1571/70 737/1570/70 739/1572/70 743/1573/70
f 743/1573/70 739/1572/70 741/1574/70 744/1575/70
f 744/1575/70 741/1574/70 636/1368/70 640/1367/70
f 647/1380/198 650/1383/198 742/1576/198 745/1577/198
f 745/1577/199 742/1576/199 743/1578/199 746/1579/199
f 746/1579/198 743/1578/198 744/1580/198 747/1581/198
f 747/1581/199 744/1580/199 640/1474/199 645/1473/199
f 628/1452/69 647/1459/69 745/1582/69 736/1583/69
f 736/1583/69 745/1582/69 746/1584/69 738/1585/69
f 738/1585/69 746/1584/69 747/1586/69 740/1587/69
f 740/1587/69 747/1586/69 645/1376/69 637/1375/69
f 641/1370/31 644/1373/31 748/1588/31 749/1589/31
f 749/1589/31 748/1588/31 750/1590/31 751/1591/31
f 751/1591/31 750/1590/31 752/1592/31 753/1593/31
f 753/1593/31 752/1592/31 669/1408/31 668/1407/31
f 678/1500/70 641/1507/70 749/1594/70 754/1595/70
f 754/1595/70 749/1594/70 751/1596/70 755/1597/70
f 755/1597/70 751/1596/70 753/1598/70 756/1599/70
f 756/1599/70 753/1598/70 668/1412/70 672/1411/70
f 675/1420/198 678/1423/198 754/1600/198 757/1601/198
f 757/1601/199 754/1600/199 755/1602/199 758/1603/199
f 758/1603/198 755/1602/198 756/1604/198 759/1605/198
f 759/1605/199 756/1604/199 672/1498/199 673/1497/199
f 644/1428/69 675/1435/69 757/1606/69 748/1607/69
f 748/1607/69 757/1606/69 758/1608/69 750/1609/69
f 750/1609/69 758/1608/69 759/1610/69 752/1611/69
f 752/1611/69 759/1610/69 673/1416/69 669/1415/69
f 688/1512/31 687/1612/31 690/1613/31 700/1513/31
f 699/1614/200 698/1615/200 697/1616/200 760/1617/200
f 760/1617/201 697/1616/201 696/1618/201 761/1619/201
f 761/1619/200 696/1618/200 695/1620/200 762/1621/200
f 762/1621/201 695/1620/201 633/1360/201 632/1359/201
f 691/1622/200 707/1623/200 706/1624/200 692/1625/200
f 692/1625/201 706/1624/201 705/1626/201 693/1627/201
f 693/1627/201 705/1626/201 704/1628/201 694/1629/201
f 694/1629/200 704/1628/200 649/1382/200 648/1381/200
f 689/1630/200 686/1631/200 685/1632/200 701/1633/200
f 701/1633/201 685/1632/201 684/1634/201 702/1635/201
f 702/1635/201 684/1634/201 683/1636/201 703/1637/201
f 703/1637/200 683/1636/200 665/1404/200 664/1403/200
f 679/1638/200 711/1639/200 710/1640/200 680/1641/200
f 680/1641/201 710/1640/201 709/1642/201 681/1643/201
f 681/1643/201 709/1642/201 708/1644/201 682/1645/201
f 682/1645/200 708/1644/200 677/1422/200 676/1421/200
f 660/1556/69 659/1646/69 699/1647/69 760/1648/69 761/1649/69 762/1650/69 632/1651/69 631/1557/69
f 763/1652/31 764/1653/31 765/1654/31 766/1655/31 767/1656/31 768/1657/31 769/1658/31 770/1659/31 771/1660/31 772/1661/31 773/1662/31 774/1663/31 775/1664/31 776/1665/31 777/1666/31 778/1667/31 779/1668/31 780/1669/31 781/1670/31 782/1671/31
f 783/1672/70 784/1673/70 780/1674/70 779/1675/70
f 785/1676/72 786/1677/72 787/1678/72 788/1679/72 789/1680/72 790/1681/72 791/1682/72 792/1683/72 793/1684/72 794/1685/72 795/1686/72 796/1687/72 797/1688/72 798/1689/72 799/1690/72 800/1691/72 765/1692/72 764/1693/72 801/1694/72 802/1695/72 803/1696/72 804/1697/72 805/1698/72 806/1699/72 807/1700/72 808/1701/72 809/1702/72 810/1703/72 811/1704/72 812/1705/72 813/1706/72 814/1707/72 815/1708/72 816/1709/72 817/1710/72 818/1711/72 819/1712/72 820/1713/72 821/1714/72 822/1715/72 823/1716/72 824/1717/72 825/1718/72 826/1719/72 827/1720/72 828/1721/72 829/1722/72 830/1723/72 831/1724/72 832/1725/72 833/1726/72 834/1727/72 835/1728/72 836/1729/72 837/1730/72 838/1731/72 839/1732/72 840/1733/72 841/1734/72 842/1735/72 843/1736/72 844/1737/72 845/1738/72 846/1739/72 847/1740/72 848/1741/72 849/1742/72 850/1743/72 851/1744/72 852/1745/72 853/1746/72 854/1747/72 855/1748/72 856/1749/72 857/1750/72 858/1751/72 859/1752/72 860/1753/72 861/1754/72 862/1755/72
f 770/1756/69 769/1757/69 863/1758/69 864/1759/69
f 802/1760/34 801/1761/34 865/1762/34 866/1763/34
f 849/1764/34 867/1765/34 868/1766/34 850/1767/34
f 831/1768/34 869/1769/34 870/1770/34 832/1771/34
f 871/1772/34 872/1773/34 800/1774/34 799/1775/34
f 873/1776/34 817/1777/34 816/1778/34 874/1779/34
f 872/1780/202 774/1781/202 773/1782/202 875/1783/202
f 875/1783/203 773/1782/203 772/1784/203 876/1785/203
f 876/1785/204 772/1784/204 771/1786/204 877/1787/204
f 877/1787/205 771/1786/205 770/1756/205 864/1759/205
f 765/1692/206 800/1691/206 878/1788/206 766/1789/206
f 766/1789/207 878/1788/207 879/1790/207 767/1791/207
f 767/1791/207 879/1790/207 880/1792/207 768/1793/207
f 768/1793/206 880/1792/206 863/1794/206 769/1795/206
f 800/1774/208 872/1773/208 875/1796/208 878/1797/208
f 878/1797/209 875/1796/209 876/1798/209 879/1799/209
f 879/1799/208 876/1798/208 877/1800/208 880/1801/208
f 880/1801/210 877/1800/210 864/1802/210 863/1803/210
f 784/1804/211 783/1805/211 881/1806/211 882/1807/211
f 882/1807/212 881/1806/212 883/1808/212 884/1809/212
f 884/1809/213 883/1808/213 885/1810/213 886/1811/213
f 886/1811/212 885/1810/212 865/1762/212 801/1761/212
f 775/1812/214 865/1813/214 885/1814/214 776/1815/214
f 776/1815/215 885/1814/215 883/1816/215 777/1817/215
f 777/1817/216 883/1816/216 881/1818/216 778/1819/216
f 778/1819/217 881/1818/217 783/1672/217 779/1675/217
f 801/1694/218 764/1693/218 763/1820/218 886/1821/218
f 886/1821/219 763/1820/219 782/1822/219 884/1823/219
f 884/1823/218 782/1822/218 781/1824/218 882/1825/218
f 882/1825/218 781/1824/218 780/1826/218 784/1827/218
f 887/1828/71 888/1829/71 889/1830/71 890/1831/71 891/1832/71 892/1833/71 893/1834/71 894/1835/71 895/1836/71 896/1837/71 897/1838/71 898/1839/71 899/1840/71 873/1841/71 874/1842/71 900/1843/71 901/1844/71 902/1845/71 903/1846/71 904/1847/71 905/1848/71 906/1849/71 907/1850/71 908/1851/71 909/1852/71 910/1853/71 911/1854/71 912/1855/71 866/1856/71 865/1857/71 775/1858/71 774/1781/71 872/1780/71 871/1859/71 913/1860/71 914/1861/71 915/1862/71 916/1863/71 917/1864/71 918/1865/71 919/1866/71 920/1867/71 921/1868/71 922/1869/71 923/1870/71 924/1871/71 925/1872/71 926/1873/71 927/1874/71 928/1875/71 929/1876/71 930/1877/71 931/1878/71 932/1879/71 933/1880/71 934/1881/71 935/1882/71 936/1883/71 937/1884/71 938/1885/71 868/1886/71 867/1887/71 939/1888/71 940/1889/71 941/1890/71 942/1891/71 943/1892/71 944/1893/71 945/1894/71 946/1895/71 947/1896/71 948/1897/71 949/1898/71 950/1899/71 951/1900/71 952/1901/71 953/1902/71 954/1903/71 870/1904/71 869/1905/71
f 851/1906/220 850/1907/220 868/1886/220 938/1885/220 937/1884/220 852/1908/220
f 853/1909/221 852/1908/221 937/1884/221 936/1883/221 935/1882/221 854/1910/221
f 855/1911/222 854/1910/222 935/1882/222 934/1881/222 933/1880/222 856/1912/222
f 857/1913/223 856/1914/223 933/1915/223 932/1916/223 931/1917/223 858/1918/223
f 859/1919/224 858/1918/224 931/1917/224 930/1920/224 929/1921/224 860/1922/224
f 861/1923/225 860/1922/225 929/1921/225 928/1924/225 927/1925/225 862/1926/225
f 926/1927/226 925/1928/226 786/1929/226 785/1930/226 862/1926/226 927/1925/226
f 924/1931/227 923/1932/227 788/1933/227 787/1934/227 786/1929/227 925/1928/227
f 922/1935/228 921/1936/228 790/1937/228 789/1938/228 788/1933/228 923/1932/228
f 920/1939/229 919/1940/229 792/1941/229 791/1942/229 790/1937/229 921/1936/229
f 918/1943/230 917/1944/230 794/1945/230 793/1946/230 792/1941/230 919/1940/230
f 794/1947/231 917/1948/231 916/1949/231 915/1950/231 796/1951/231 795/1952/231
f 796/1951/232 915/1950/232 914/1953/232 913/1954/232 798/1955/232 797/1956/232
f 799/1957/233 798/1958/233 913/1959/233 871/1960/233
f 870/1904/234 954/1903/234 833/1961/234 832/1962/234
f 833/1961/235 954/1903/235 953/1902/235 834/1963/235
f 834/1963/236 953/1902/236 952/1901/236 835/1964/236
f 835/1965/237 952/1966/237 951/1967/237 836/1968/237
f 837/1969/238 836/1968/238 951/1967/238 950/1970/238 949/1971/238 838/1972/238
f 840/1973/239 839/1974/239 838/1972/239 949/1971/239 948/1975/239 947/1976/239
f 842/1977/240 841/1978/240 840/1973/240 947/1976/240 946/1979/240 945/1980/240
f 843/1981/241 842/1977/241 945/1980/241 944/1982/241
f 844/1983/242 843/1981/242 944/1982/242 943/1984/242
f 942/1985/243 845/1986/243 844/1983/243 943/1984/243
f 941/1987/244 846/1988/244 845/1986/244 942/1985/244
f 940/1989/245 847/1990/245 846/1991/245 941/1992/245
f 847/1990/246 940/1989/246 939/1993/246 848/1994/246
f 849/1995/247 848/1996/247 939/1997/247 867/1998/247
f 873/1841/248 899/1840/248 818/1999/248 817/2000/248
f 818/1999/249 899/1840/249 898/1839/249 819/2001/249
f 819/2001/250 898/1839/250 897/1838/250 820/2002/250
f 820/2003/251 897/2004/251 896/2005/251 821/2006/251
f 821/2006/252 896/2005/252 895/2007/252 822/2008/252
f 894/2009/253 823/2010/253 822/2008/253 895/2007/253
f 893/2011/254 824/2012/254 823/2010/254 894/2009/254
f 892/2013/255 825/2014/255 824/2012/255 893/2011/255
f 891/2015/256 826/2016/256 825/2014/256 892/2013/256
f 890/2017/257 827/2018/257 826/2016/257 891/2015/257
f 889/2019/258 828/2020/258 827/2018/258 890/2017/258
f 888/2021/259 829/2022/259 828/2023/259 889/2024/259
f 887/2025/260 830/2026/260 829/2022/260 888/2021/260
f 831/2027/261 830/2028/261 887/2029/261 869/2030/261
f 866/1856/262 912/1855/262 803/2031/262 802/2032/262
f 803/2031/263 912/1855/263 911/1854/263 804/2033/263
f 804/2033/264 911/1854/264 910/1853/264 805/2034/264
f 805/2035/265 910/2036/265 909/2037/265 806/2038/265
f 806/2038/266 909/2037/266 908/2039/266 807/2040/266
f 808/2041/267 807/2040/267 908/2039/267 907/2042/267
f 809/2043/268 808/2041/268 907/2042/268 906/2044/268
f 810/2045/269 809/2043/269 906/2044/269 905/2046/269
f 811/2047/270 810/2045/270 905/2046/270 904/2048/270
f 903/2049/271 812/2050/271 811/2047/271 904/2048/271
f 902/2051/272 813/2052/272 812/2050/272 903/2049/272
f 901/2053/273 814/2054/273 813/2055/273 902/2056/273
f 900/2057/274 815/2058/274 814/2054/274 901/2053/274
f 816/2059/275 815/2058/275 900/2057/275 874/2060/275
f 531/1118/276 543/1117/276 557/2061/276 548/2062/276
o Cylinder.004_Cylinder.002
v -0.237938 1.232456 0.354845
v -0.309003 1.206099 0.354845
v -0.309288 1.206867 0.363169
v -0.238223 1.233224 0.363169
v -0.230841 1.227023 0.377368
v -0.231575 1.229003 0.370408
v -0.231838 1.229710 0.370557
v -0.231088 1.227690 0.377662
v -0.229649 1.223809 0.383783
v -0.229871 1.224408 0.384210
v -0.228044 1.219482 0.389406
v -0.228233 1.219992 0.389950
v -0.226089 1.214210 0.394021
v -0.226238 1.214611 0.394660
v -0.223858 1.208195 0.397450
v -0.223960 1.208471 0.398160
v -0.221437 1.201669 0.399561
v -0.221490 1.201810 0.400315
v -0.218920 1.194882 0.400274
v -0.218920 1.194882 0.401043
v -0.216403 1.188095 0.399561
v -0.216351 1.187954 0.400315
v -0.213982 1.181568 0.397450
v -0.213880 1.181292 0.398160
v -0.211752 1.175553 0.394021
v -0.211603 1.175153 0.394660
v -0.209796 1.170282 0.389406
v -0.209607 1.169772 0.389950
v -0.208192 1.165955 0.383783
v -0.207969 1.165356 0.384210
v -0.206999 1.162740 0.377368
v -0.206752 1.162074 0.377662
v -0.206265 1.160760 0.370408
v -0.206003 1.160054 0.370557
v -0.206017 1.160092 0.363169
v -0.205750 1.159371 0.363169
v -0.206265 1.160760 0.355930
v -0.206003 1.160054 0.355780
v -0.206999 1.162740 0.348969
v -0.206752 1.162074 0.348674
v -0.208192 1.165955 0.342554
v -0.207969 1.165356 0.342127
v -0.209796 1.170282 0.336931
v -0.209607 1.169772 0.336387
v -0.211752 1.175553 0.332316
v -0.211603 1.175153 0.331677
v -0.213982 1.181568 0.328887
v -0.213880 1.181292 0.328177
v -0.216403 1.188095 0.326776
v -0.216351 1.187954 0.326022
v -0.218920 1.194882 0.326063
v -0.218920 1.194882 0.325294
v -0.221437 1.201669 0.326776
v -0.221490 1.201810 0.326022
v -0.223858 1.208195 0.328887
v -0.223960 1.208471 0.328177
v -0.226089 1.214210 0.332316
v -0.226238 1.214611 0.331677
v -0.228044 1.219482 0.336931
v -0.228233 1.219992 0.336387
v -0.229649 1.223809 0.342554
v -0.229871 1.224408 0.342126
v -0.230841 1.227023 0.348969
v -0.231088 1.227690 0.348674
v -0.218747 1.202667 0.399561
v -0.221167 1.209193 0.397450
v -0.231575 1.229003 0.355930
v -0.231838 1.229710 0.355780
v -0.231823 1.229672 0.363169
v -0.232091 1.230392 0.363169
v -0.207106 1.171280 0.336931
v -0.205501 1.166953 0.342554
v -0.309003 1.206099 0.371491
v -0.237938 1.232456 0.371491
v -0.311575 1.199332 0.370408
v -0.310841 1.197352 0.377368
v -0.311088 1.198019 0.377662
v -0.311837 1.200039 0.370558
v -0.311823 1.200001 0.363169
v -0.312090 1.200721 0.363169
v -0.311575 1.199332 0.355930
v -0.311837 1.200039 0.355780
v -0.309649 1.194138 0.383783
v -0.309871 1.194737 0.384210
v -0.235723 1.226483 0.386870
v -0.306788 1.200126 0.386870
v -0.304943 1.195152 0.393335
v -0.233878 1.221509 0.393335
v -0.308044 1.189811 0.389406
v -0.308233 1.190321 0.389950
v -0.302695 1.189091 0.398641
v -0.231630 1.215448 0.398641
v -0.306089 1.184539 0.394021
v -0.306237 1.184940 0.394660
v -0.300130 1.182175 0.402583
v -0.229065 1.208532 0.402583
v -0.303858 1.178524 0.397450
v -0.303960 1.178800 0.398160
v -0.297347 1.174671 0.405011
v -0.226282 1.201028 0.405011
v -0.301437 1.171998 0.399562
v -0.301489 1.172139 0.400315
v -0.294452 1.166868 0.405831
v -0.223388 1.193225 0.405831
v -0.298920 1.165211 0.400274
v -0.298920 1.165211 0.401043
v -0.291558 1.159064 0.405011
v -0.220493 1.185421 0.405011
v -0.296403 1.158424 0.399562
v -0.296350 1.158283 0.400315
v -0.288775 1.151561 0.402583
v -0.217710 1.177918 0.402583
v -0.293982 1.151897 0.397450
v -0.293880 1.151621 0.398160
v -0.286210 1.144645 0.398641
v -0.215146 1.171002 0.398641
v -0.291751 1.145882 0.394021
v -0.291603 1.145482 0.394660
v -0.283962 1.138584 0.393335
v -0.212898 1.164941 0.393335
v -0.289796 1.140611 0.389406
v -0.289607 1.140101 0.389950
v -0.282117 1.133609 0.386870
v -0.211053 1.159966 0.386870
v -0.288191 1.136284 0.383783
v -0.287969 1.135685 0.384210
v -0.280746 1.129913 0.379495
v -0.209682 1.156270 0.379495
v -0.286999 1.133069 0.377368
v -0.286752 1.132403 0.377662
v -0.279902 1.127637 0.371491
v -0.208837 1.153994 0.371491
v -0.286265 1.131089 0.370408
v -0.286003 1.130383 0.370558
v -0.279617 1.126868 0.363169
v -0.208552 1.153225 0.363169
v -0.286017 1.130421 0.363169
v -0.285749 1.129700 0.363169
v -0.279902 1.127637 0.354845
v -0.208837 1.153994 0.354845
v -0.286265 1.131089 0.355930
v -0.286003 1.130383 0.355780
v -0.280746 1.129913 0.346843
v -0.209682 1.156270 0.346842
v -0.286999 1.133069 0.348969
v -0.286752 1.132403 0.348675
v -0.282117 1.133609 0.339467
v -0.211053 1.159966 0.339467
v -0.288191 1.136284 0.342554
v -0.287969 1.135685 0.342127
v -0.283962 1.138584 0.333002
v -0.212898 1.164941 0.333002
v -0.289796 1.140611 0.336931
v -0.289607 1.140101 0.336387
v -0.286210 1.144645 0.327696
v -0.215146 1.171002 0.327696
v -0.291751 1.145882 0.332316
v -0.291603 1.145482 0.331677
v -0.288775 1.151561 0.323754
v -0.217711 1.177918 0.323754
v -0.293982 1.151897 0.328887
v -0.293880 1.151621 0.328177
v -0.291558 1.159064 0.321326
v -0.220493 1.185421 0.321326
v -0.296403 1.158424 0.326776
v -0.296350 1.158283 0.326022
v -0.294452 1.166868 0.320506
v -0.223388 1.193225 0.320506
v -0.298920 1.165211 0.326063
v -0.298920 1.165211 0.325294
v -0.297347 1.174671 0.321326
v -0.226282 1.201028 0.321326
v -0.301437 1.171998 0.326776
v -0.301489 1.172139 0.326022
v -0.300130 1.182175 0.323754
v -0.229065 1.208532 0.323754
v -0.303858 1.178524 0.328887
v -0.303960 1.178800 0.328177
v -0.302695 1.189091 0.327696
v -0.231630 1.215448 0.327696
v -0.306089 1.184539 0.332316
v -0.306237 1.184940 0.331677
v -0.304943 1.195152 0.333002
v -0.233878 1.221509 0.333002
v -0.308044 1.189811 0.336931
v -0.308233 1.190321 0.336387
v -0.306788 1.200126 0.339467
v -0.235723 1.226483 0.339467
v -0.309649 1.194138 0.342554
v -0.309871 1.194737 0.342127
v -0.308159 1.203823 0.346843
v -0.237094 1.230180 0.346842
v -0.310841 1.197352 0.348969
v -0.311088 1.198019 0.348675
v -0.308159 1.203823 0.379495
v -0.237094 1.230180 0.379495
v -0.314266 1.198334 0.370408
v -0.313531 1.196355 0.377368
v -0.229133 1.230669 0.363169
v -0.228885 1.230001 0.355930
v -0.290882 1.135286 0.342554
v -0.292487 1.139613 0.336931
v -0.306548 1.177526 0.397450
v -0.304128 1.171000 0.399562
v -0.209061 1.176551 0.332316
v -0.216230 1.195880 0.400274
v -0.294442 1.144884 0.332316
v -0.301611 1.164213 0.400274
v -0.211292 1.182566 0.328887
v -0.213712 1.189093 0.399561
v -0.296673 1.150899 0.328887
v -0.299093 1.157426 0.399562
v -0.213712 1.189093 0.326776
v -0.211292 1.182566 0.397450
v -0.299093 1.157426 0.326776
v -0.296673 1.150899 0.397450
v -0.216230 1.195880 0.326063
v -0.209061 1.176551 0.394021
v -0.301611 1.164213 0.326063
v -0.294442 1.144884 0.394021
v -0.218747 1.202667 0.326776
v -0.207106 1.171280 0.389406
v -0.304128 1.171000 0.326776
v -0.292487 1.139613 0.389406
v -0.221168 1.209193 0.328887
v -0.205501 1.166953 0.383783
v -0.306548 1.177526 0.328887
v -0.290882 1.135286 0.383783
v -0.223398 1.215208 0.332316
v -0.204309 1.163738 0.377368
v -0.308779 1.183541 0.332316
v -0.289690 1.132071 0.377368
v -0.213566 1.223480 0.363169
v -0.213399 1.223031 0.368037
v -0.212906 1.221700 0.372717
v -0.212104 1.219538 0.377031
v -0.211025 1.216628 0.380812
v -0.209710 1.213083 0.383915
v -0.208210 1.209039 0.386221
v -0.206582 1.204650 0.387641
v -0.204889 1.200086 0.388120
v -0.203197 1.195521 0.387641
v -0.201569 1.191133 0.386221
v -0.200069 1.187088 0.383915
v -0.198754 1.183543 0.380812
v -0.197674 1.180634 0.377031
v -0.196874 1.178472 0.372718
v -0.196379 1.177140 0.368036
v -0.196213 1.176691 0.363169
v -0.196379 1.177140 0.358301
v -0.196873 1.178472 0.353619
v -0.197675 1.180634 0.349306
v -0.198754 1.183543 0.345524
v -0.200069 1.187088 0.342422
v -0.201569 1.191133 0.340116
v -0.203197 1.195521 0.338696
v -0.204889 1.200086 0.338216
v -0.206582 1.204650 0.338696
v -0.208210 1.209039 0.340116
v -0.209710 1.213083 0.342422
v -0.211025 1.216628 0.345524
v -0.212104 1.219538 0.349306
v -0.212906 1.221700 0.353620
v -0.213399 1.223031 0.358300
v -0.225354 1.220480 0.336931
v -0.203574 1.161758 0.370408
v -0.321461 1.182952 0.368037
v -0.321628 1.183402 0.363169
v -0.321460 1.182952 0.358300
v -0.320968 1.181621 0.353620
v -0.320165 1.179459 0.349306
v -0.319086 1.176550 0.345525
v -0.317772 1.173004 0.342422
v -0.316271 1.168960 0.340116
v -0.314643 1.164571 0.338696
v -0.312951 1.160007 0.338216
v -0.311258 1.155443 0.338696
v -0.309630 1.151054 0.340116
v -0.308130 1.147010 0.342422
v -0.306815 1.143464 0.345525
v -0.305736 1.140554 0.349307
v -0.304935 1.138393 0.353619
v -0.304441 1.137061 0.358301
v -0.304274 1.136612 0.363169
v -0.304441 1.137061 0.368036
v -0.304935 1.138393 0.372718
v -0.305736 1.140555 0.377031
v -0.306815 1.143464 0.380812
v -0.308130 1.147010 0.383915
v -0.309630 1.151054 0.386221
v -0.311258 1.155443 0.387641
v -0.312951 1.160007 0.388121
v -0.314644 1.164571 0.387641
v -0.316271 1.168960 0.386221
v -0.317771 1.173004 0.383915
v -0.319086 1.176550 0.380812
v -0.320166 1.179459 0.377031
v -0.320967 1.181621 0.372717
v -0.310734 1.188813 0.336931
v -0.288955 1.130091 0.370408
v -0.314514 1.199003 0.363169
v -0.226958 1.224806 0.342554
v -0.203326 1.161090 0.363169
v -0.314266 1.198334 0.355930
v -0.312339 1.193140 0.342554
v -0.288707 1.129423 0.363169
v -0.312339 1.193140 0.383783
v -0.228151 1.228021 0.348969
v -0.203574 1.161758 0.355930
v -0.225354 1.220480 0.389406
v -0.226958 1.224806 0.383783
v -0.313531 1.196355 0.348969
v -0.288955 1.130091 0.355930
v -0.310734 1.188813 0.389406
v -0.204309 1.163738 0.348969
v -0.223398 1.215208 0.394021
v -0.289690 1.132071 0.348969
v -0.308779 1.183541 0.394021
v -0.228151 1.228021 0.377368
v -0.228885 1.230001 0.370408
v -0.224230 1.230760 0.370227
v -0.224472 1.231412 0.363169
v -0.219652 1.229701 0.369713
v -0.219876 1.230306 0.363169
v -0.215849 1.226987 0.368944
v -0.216047 1.227521 0.363169
v -0.318532 1.196526 0.363169
v -0.318290 1.195874 0.370227
v -0.321294 1.192691 0.363169
v -0.321070 1.192086 0.369713
v -0.322382 1.188082 0.363169
v -0.322184 1.187549 0.368944
v -0.223514 1.228830 0.377014
v -0.218989 1.227912 0.376006
v -0.215263 1.225409 0.374497
v -0.317574 1.193944 0.377014
v -0.320407 1.190297 0.376006
v -0.321598 1.185970 0.374497
v -0.222351 1.225695 0.383269
v -0.217910 1.225006 0.381806
v -0.214312 1.222844 0.379615
v -0.316411 1.190809 0.383269
v -0.319329 1.187391 0.381806
v -0.320647 1.183405 0.379615
v -0.220787 1.221476 0.388752
v -0.216460 1.221094 0.386889
v -0.213032 1.219392 0.384101
v -0.314846 1.186590 0.388752
v -0.317878 1.183479 0.386889
v -0.319367 1.179953 0.384101
v -0.218880 1.216336 0.393251
v -0.214692 1.216328 0.391061
v -0.211472 1.215186 0.387783
v -0.312940 1.181450 0.393251
v -0.316110 1.178713 0.391061
v -0.317807 1.175747 0.387783
v -0.216705 1.210471 0.396595
v -0.212675 1.210890 0.394161
v -0.209692 1.210387 0.390518
v -0.310765 1.175585 0.396595
v -0.314093 1.173275 0.394161
v -0.316027 1.170949 0.390518
v -0.214345 1.204107 0.398654
v -0.210487 1.204990 0.396070
v -0.207761 1.205181 0.392203
v -0.308405 1.169221 0.398654
v -0.311905 1.167375 0.396070
v -0.314096 1.165742 0.392203
v -0.211890 1.197489 0.399349
v -0.208211 1.198854 0.396714
v -0.205753 1.199766 0.392771
v -0.305950 1.162603 0.399349
v -0.309629 1.161239 0.396714
v -0.312088 1.160327 0.392772
v -0.209436 1.190871 0.398654
v -0.205935 1.192718 0.396070
v -0.203744 1.194351 0.392203
v -0.303495 1.155985 0.398654
v -0.307353 1.155103 0.396070
v -0.310079 1.154912 0.392203
v -0.207075 1.184507 0.396595
v -0.203747 1.186817 0.394161
v -0.201813 1.189144 0.390518
v -0.301135 1.149622 0.396595
v -0.305165 1.149202 0.394161
v -0.308148 1.149705 0.390518
v -0.204900 1.178643 0.393252
v -0.201730 1.181379 0.391061
v -0.200033 1.184345 0.387783
v -0.298960 1.143757 0.393252
v -0.303148 1.143765 0.391061
v -0.306368 1.144907 0.387783
v -0.202994 1.173502 0.388752
v -0.199962 1.176614 0.386889
v -0.198474 1.180140 0.384101
v -0.297054 1.138616 0.388752
v -0.301381 1.138999 0.386889
v -0.304809 1.140701 0.384101
v -0.201429 1.169283 0.383269
v -0.198511 1.172702 0.381806
v -0.197193 1.176687 0.379615
v -0.295489 1.134397 0.383269
v -0.299930 1.135087 0.381806
v -0.303528 1.137249 0.379615
v -0.200267 1.166149 0.377014
v -0.197434 1.169796 0.376006
v -0.196243 1.174123 0.374498
v -0.294326 1.131263 0.377014
v -0.298852 1.132181 0.376006
v -0.302577 1.134685 0.374498
v -0.199550 1.164218 0.370227
v -0.196769 1.168006 0.369713
v -0.195656 1.172543 0.368944
v -0.293610 1.129333 0.370227
v -0.298188 1.130391 0.369713
v -0.301991 1.133105 0.368944
v -0.199309 1.163567 0.363169
v -0.196546 1.167401 0.363169
v -0.195458 1.172010 0.363169
v -0.293369 1.128681 0.363169
v -0.297964 1.129786 0.363169
v -0.301794 1.132572 0.363169
v -0.199550 1.164218 0.356110
v -0.196770 1.168005 0.356624
v -0.195656 1.172543 0.357393
v -0.293610 1.129333 0.356110
v -0.298188 1.130391 0.356624
v -0.301991 1.133105 0.357393
v -0.200267 1.166149 0.349323
v -0.197434 1.169796 0.350331
v -0.196242 1.174123 0.351840
v -0.294326 1.131263 0.349323
v -0.298852 1.132181 0.350331
v -0.302577 1.134685 0.351840
v -0.201429 1.169283 0.343067
v -0.198512 1.172702 0.344532
v -0.197193 1.176687 0.346722
v -0.295489 1.134398 0.343068
v -0.299930 1.135087 0.344532
v -0.303528 1.137249 0.346722
v -0.202994 1.173502 0.337585
v -0.199962 1.176614 0.339448
v -0.198474 1.180140 0.342236
v -0.297054 1.138616 0.337585
v -0.301381 1.138999 0.339448
v -0.304809 1.140701 0.342236
v -0.204900 1.178643 0.333085
v -0.201730 1.181379 0.335276
v -0.200033 1.184345 0.338554
v -0.298960 1.143757 0.333086
v -0.303148 1.143765 0.335276
v -0.306368 1.144907 0.338554
v -0.207075 1.184507 0.329742
v -0.203747 1.186817 0.332176
v -0.201813 1.189144 0.335819
v -0.301135 1.149622 0.329742
v -0.305165 1.149202 0.332176
v -0.308148 1.149705 0.335819
v -0.209436 1.190871 0.327683
v -0.205935 1.192718 0.330267
v -0.203744 1.194351 0.334134
v -0.303495 1.155985 0.327683
v -0.307353 1.155103 0.330267
v -0.310079 1.154912 0.334134
v -0.211890 1.197489 0.326988
v -0.208211 1.198854 0.329622
v -0.205753 1.199766 0.333565
v -0.305950 1.162603 0.326988
v -0.309630 1.161239 0.329623
v -0.312088 1.160327 0.333565
v -0.214345 1.204107 0.327683
v -0.210487 1.204990 0.330267
v -0.207761 1.205181 0.334134
v -0.308405 1.169221 0.327683
v -0.311905 1.167375 0.330267
v -0.314096 1.165742 0.334134
v -0.216705 1.210471 0.329742
v -0.212675 1.210890 0.332176
v -0.209692 1.210387 0.335819
v -0.310765 1.175585 0.329742
v -0.314093 1.173275 0.332176
v -0.316027 1.170949 0.335819
v -0.218880 1.216336 0.333085
v -0.214692 1.216328 0.335276
v -0.211472 1.215186 0.338554
v -0.312940 1.181450 0.333086
v -0.316111 1.178713 0.335276
v -0.317807 1.175747 0.338554
v -0.220787 1.221476 0.337585
v -0.216460 1.221094 0.339448
v -0.213032 1.219392 0.342236
v -0.314846 1.186590 0.337585
v -0.317878 1.183479 0.339448
v -0.319367 1.179953 0.342236
v -0.222351 1.225695 0.343068
v -0.217910 1.225006 0.344532
v -0.214312 1.222844 0.346722
v -0.316411 1.190809 0.343068
v -0.319329 1.187391 0.344532
v -0.320647 1.183405 0.346722
v -0.223514 1.228830 0.349323
v -0.218989 1.227912 0.350331
v -0.215263 1.225409 0.351840
v -0.317574 1.193944 0.349323
v -0.320407 1.190297 0.350331
v -0.321598 1.185970 0.351840
v -0.224230 1.230760 0.356110
v -0.219652 1.229701 0.356624
v -0.215849 1.226987 0.357393
v -0.318290 1.195874 0.356110
v -0.321070 1.192086 0.356624
v -0.322183 1.187549 0.357393
v -0.235486 1.232694 0.371367
v -0.235766 1.233451 0.363169
v -0.233253 1.231689 0.371024
v -0.233522 1.232415 0.363169
v -0.311299 1.205437 0.363169
v -0.311018 1.204680 0.371367
v -0.312324 1.203188 0.363169
v -0.312055 1.202463 0.371025
v -0.234654 1.230453 0.379249
v -0.232456 1.229541 0.378578
v -0.310186 1.202439 0.379249
v -0.311258 1.200314 0.378578
v -0.233304 1.226812 0.386514
v -0.231162 1.226052 0.385540
v -0.308836 1.198798 0.386514
v -0.309964 1.196825 0.385540
v -0.231487 1.221913 0.392882
v -0.229420 1.221357 0.391642
v -0.307019 1.193898 0.392882
v -0.308223 1.192130 0.391643
v -0.229272 1.215942 0.398107
v -0.227299 1.215636 0.396650
v -0.304804 1.187928 0.398108
v -0.306101 1.186409 0.396650
v -0.226746 1.209130 0.401991
v -0.224878 1.209108 0.400371
v -0.302278 1.181116 0.401991
v -0.303680 1.179881 0.400371
v -0.224005 1.201740 0.404382
v -0.222251 1.202025 0.402663
v -0.299537 1.173725 0.404382
v -0.301053 1.172798 0.402663
v -0.221154 1.194053 0.405189
v -0.219519 1.194660 0.403437
v -0.296686 1.166039 0.405189
v -0.298321 1.165433 0.403437
v -0.218303 1.186367 0.404382
v -0.216787 1.187294 0.402663
v -0.293835 1.158353 0.404382
v -0.295589 1.158067 0.402663
v -0.215562 1.178976 0.401990
v -0.214160 1.180211 0.400371
v -0.291094 1.150962 0.401991
v -0.292963 1.150985 0.400371
v -0.213036 1.172165 0.398107
v -0.211739 1.173684 0.396650
v -0.288568 1.144151 0.398108
v -0.290542 1.144457 0.396650
v -0.210821 1.166194 0.392882
v -0.209617 1.167963 0.391642
v -0.286354 1.138180 0.392882
v -0.288420 1.138736 0.391643
v -0.209004 1.161295 0.386514
v -0.207876 1.163267 0.385540
v -0.284536 1.133281 0.386514
v -0.286678 1.134040 0.385540
v -0.207654 1.157654 0.379249
v -0.206582 1.159778 0.378578
v -0.283186 1.129640 0.379249
v -0.285384 1.130552 0.378578
v -0.206822 1.155412 0.371367
v -0.205785 1.157630 0.371024
v -0.282355 1.127398 0.371367
v -0.284587 1.128403 0.371025
v -0.206542 1.154655 0.363169
v -0.205516 1.156905 0.363169
v -0.282074 1.126641 0.363169
v -0.284318 1.127678 0.363169
v -0.206822 1.155412 0.354971
v -0.205785 1.157630 0.355312
v -0.282355 1.127398 0.354971
v -0.284587 1.128403 0.355312
v -0.207654 1.157654 0.347088
v -0.206582 1.159778 0.347759
v -0.283186 1.129640 0.347088
v -0.285384 1.130552 0.347759
v -0.209004 1.161295 0.339823
v -0.207876 1.163267 0.340797
v -0.284536 1.133281 0.339823
v -0.286678 1.134040 0.340797
v -0.210821 1.166194 0.333455
v -0.209617 1.167963 0.334694
v -0.286354 1.138180 0.333455
v -0.288420 1.138736 0.334694
v -0.213036 1.172165 0.328229
v -0.211739 1.173684 0.329687
v -0.288568 1.144151 0.328229
v -0.290542 1.144457 0.329687
v -0.215562 1.178976 0.324346
v -0.214160 1.180211 0.325965
v -0.291094 1.150962 0.324346
v -0.292963 1.150985 0.325965
v -0.218303 1.186367 0.321955
v -0.216787 1.187294 0.323674
v -0.293835 1.158353 0.321955
v -0.295589 1.158067 0.323674
v -0.221154 1.194053 0.321148
v -0.219519 1.194660 0.322900
v -0.296686 1.166039 0.321148
v -0.298321 1.165433 0.322900
v -0.224005 1.201740 0.321955
v -0.222251 1.202025 0.323674
v -0.299537 1.173725 0.321955
v -0.301053 1.172798 0.323674
v -0.226746 1.209131 0.324346
v -0.224878 1.209108 0.325965
v -0.302278 1.181116 0.324346
v -0.303680 1.179881 0.325965
v -0.229272 1.215942 0.328229
v -0.227299 1.215636 0.329687
v -0.304805 1.187928 0.328229
v -0.306101 1.186409 0.329687
v -0.231487 1.221913 0.333455
v -0.229421 1.221357 0.334694
v -0.307019 1.193898 0.333455
v -0.308223 1.192130 0.334694
v -0.233304 1.226812 0.339823
v -0.231162 1.226052 0.340797
v -0.308836 1.198798 0.339823
v -0.309964 1.196825 0.340797
v -0.234654 1.230453 0.347088
v -0.232456 1.229541 0.347758
v -0.310186 1.202439 0.347088
v -0.311258 1.200314 0.347759
v -0.235486 1.232694 0.354971
v -0.233253 1.231689 0.355312
v -0.311018 1.204680 0.354971
v -0.312055 1.202463 0.355312
vt 0.415700 0.941132
vt 0.422224 0.905569
vt 0.427073 0.906760
vt 0.420550 0.942323
vt 0.586171 0.887182
vt 0.584700 0.891239
vt 0.584311 0.891115
vt 0.585812 0.886974
vt 0.588306 0.883511
vt 0.587992 0.883227
vt 0.591024 0.880366
vt 0.590766 0.880017
vt 0.594219 0.877869
vt 0.594028 0.877469
vt 0.597770 0.876116
vt 0.597652 0.875679
vt 0.601540 0.875174
vt 0.601500 0.874717
vt 0.605383 0.875079
vt 0.605423 0.874620
vt 0.609153 0.875835
vt 0.609271 0.875392
vt 0.612704 0.877413
vt 0.612895 0.877002
vt 0.615899 0.879751
vt 0.616157 0.879390
vt 0.618617 0.882762
vt 0.618931 0.882462
vt 0.620752 0.886327
vt 0.621110 0.886102
vt 0.622223 0.890312
vt 0.622611 0.890169
vt 0.622972 0.894562
vt 0.623376 0.894507
vt 0.622972 0.898914
vt 0.623376 0.898949
vt 0.622222 0.903201
vt 0.622611 0.903325
vt 0.620752 0.907258
vt 0.621110 0.907466
vt 0.618616 0.910929
vt 0.618930 0.911213
vt 0.615898 0.914074
vt 0.616156 0.914423
vt 0.612703 0.916571
vt 0.612894 0.916972
vt 0.609152 0.918324
vt 0.609270 0.918761
vt 0.605382 0.919266
vt 0.605422 0.919723
vt 0.601539 0.919361
vt 0.601499 0.919820
vt 0.597770 0.918605
vt 0.597652 0.919048
vt 0.594219 0.917028
vt 0.594027 0.917438
vt 0.591023 0.914689
vt 0.590765 0.915051
vt 0.588305 0.911679
vt 0.587992 0.911978
vt 0.586170 0.908113
vt 0.585812 0.908338
vt 0.584700 0.904128
vt 0.584311 0.904271
vt 0.692548 0.900044
vt 0.692548 0.895875
vt 0.694267 0.895875
vt 0.694267 0.900044
vt 0.583950 0.899878
vt 0.583546 0.899933
vt 0.583950 0.895526
vt 0.583546 0.895491
vt 0.691276 0.901122
vt 0.692548 0.904490
vt 0.691022 0.904490
vt 0.689750 0.901122
vt 0.432030 0.907368
vt 0.425507 0.942930
vt 0.432158 0.903073
vt 0.436396 0.903073
vt 0.436523 0.903358
vt 0.432197 0.903358
vt 0.427847 0.902545
vt 0.427796 0.902819
vt 0.423629 0.901509
vt 0.423491 0.901761
vt 0.440400 0.902545
vt 0.440609 0.902819
vt 0.498562 0.920929
vt 0.498562 0.875532
vt 0.501739 0.875532
vt 0.501739 0.920929
vt 0.444014 0.901509
vt 0.444298 0.901761
vt 0.505611 0.875532
vt 0.505611 0.920929
vt 0.447100 0.900004
vt 0.447448 0.900226
vt 0.510029 0.875532
vt 0.510029 0.920929
vt 0.449539 0.898089
vt 0.449938 0.898271
vt 0.514823 0.875532
vt 0.514823 0.920929
vt 0.451238 0.895838
vt 0.451672 0.895973
vt 0.519808 0.875532
vt 0.519808 0.920929
vt 0.452131 0.893336
vt 0.452583 0.893419
vt 0.524793 0.875532
vt 0.524793 0.920929
vt 0.452184 0.890680
vt 0.452638 0.890708
vt 0.529586 0.875532
vt 0.529586 0.920929
vt 0.451395 0.887972
vt 0.451832 0.887944
vt 0.534004 0.875532
vt 0.534004 0.920929
vt 0.449794 0.885316
vt 0.450198 0.885233
vt 0.537876 0.875532
vt 0.537876 0.920929
vt 0.447443 0.882814
vt 0.447798 0.882679
vt 0.494347 0.877593
vt 0.494347 0.917903
vt 0.490475 0.916441
vt 0.490475 0.876131
vt 0.444432 0.880563
vt 0.444725 0.880381
vt 0.486058 0.915355
vt 0.486058 0.875045
vt 0.440877 0.878648
vt 0.441096 0.878427
vt 0.481264 0.914686
vt 0.481264 0.874377
vt 0.436914 0.877144
vt 0.437051 0.876891
vt 0.476279 0.914460
vt 0.476279 0.874151
vt 0.432696 0.876107
vt 0.432746 0.875833
vt 0.471294 0.914686
vt 0.471294 0.874377
vt 0.428385 0.875579
vt 0.428346 0.875294
vt 0.466501 0.915355
vt 0.466501 0.875045
vt 0.424146 0.875579
vt 0.424019 0.875294
vt 0.462083 0.916441
vt 0.462083 0.876131
vt 0.420143 0.876107
vt 0.419933 0.875834
vt 0.458211 0.917903
vt 0.458211 0.877593
vt 0.416528 0.877144
vt 0.416244 0.876891
vt 0.544232 0.920929
vt 0.544232 0.875532
vt 0.548104 0.875532
vt 0.548104 0.920929
vt 0.413443 0.878648
vt 0.413094 0.878427
vt 0.552521 0.875532
vt 0.552521 0.920929
vt 0.411003 0.880563
vt 0.410604 0.880382
vt 0.557315 0.875532
vt 0.557315 0.920929
vt 0.409305 0.882815
vt 0.408870 0.882680
vt 0.562300 0.875532
vt 0.562300 0.920929
vt 0.408411 0.885317
vt 0.407959 0.885234
vt 0.567285 0.875532
vt 0.567285 0.920929
vt 0.408359 0.887972
vt 0.407905 0.887945
vt 0.572078 0.875532
vt 0.572078 0.920929
vt 0.409148 0.890681
vt 0.408710 0.890709
vt 0.576496 0.875532
vt 0.576496 0.920929
vt 0.410748 0.893337
vt 0.410344 0.893420
vt 0.580368 0.875532
vt 0.580368 0.920929
vt 0.413099 0.895838
vt 0.412744 0.895973
vt 0.583546 0.875532
vt 0.583546 0.920929
vt 0.416111 0.898090
vt 0.415817 0.898271
vt 0.407057 0.937200
vt 0.413580 0.901638
vt 0.417668 0.903839
vt 0.411144 0.939402
vt 0.419666 0.900005
vt 0.419446 0.900226
vt 0.436904 0.907368
vt 0.430381 0.942930
vt 0.441506 0.906760
vt 0.434983 0.942323
vt 0.432405 0.901727
vt 0.436643 0.901727
vt 0.646019 0.889743
vt 0.646278 0.885408
vt 0.647647 0.885408
vt 0.647388 0.889743
vt 0.629223 0.907338
vt 0.627952 0.903970
vt 0.629478 0.903970
vt 0.630749 0.907338
vt 0.706230 0.887204
vt 0.706230 0.883034
vt 0.707949 0.883034
vt 0.707949 0.887204
vt 0.706230 0.875825
vt 0.706230 0.879192
vt 0.704511 0.879192
vt 0.704511 0.875825
vt 0.692548 0.891539
vt 0.694267 0.891539
vt 0.723054 0.903887
vt 0.723054 0.907254
vt 0.721335 0.907254
vt 0.721335 0.903887
vt 0.706230 0.891539
vt 0.707949 0.891539
vt 0.706230 0.883034
vt 0.704511 0.883034
vt 0.692548 0.887204
vt 0.694267 0.887204
vt 0.723054 0.900044
vt 0.721335 0.900044
vt 0.706230 0.895875
vt 0.707949 0.895875
vt 0.706230 0.887204
vt 0.704511 0.887204
vt 0.692548 0.883034
vt 0.694267 0.883034
vt 0.723054 0.895875
vt 0.721335 0.895875
vt 0.706230 0.900044
vt 0.707949 0.900044
vt 0.706230 0.891539
vt 0.704511 0.891539
vt 0.692548 0.879192
vt 0.694267 0.879192
vt 0.723054 0.891539
vt 0.721335 0.891539
vt 0.706230 0.903887
vt 0.707949 0.903887
vt 0.706230 0.895875
vt 0.704511 0.895875
vt 0.692548 0.875825
vt 0.694267 0.875825
vt 0.723054 0.887204
vt 0.721335 0.887204
vt 0.706230 0.907254
vt 0.707949 0.907254
vt 0.706230 0.900044
vt 0.704511 0.900044
vt 0.692548 0.873060
vt 0.691276 0.876428
vt 0.689750 0.876428
vt 0.691022 0.873060
vt 0.723054 0.883034
vt 0.721335 0.883034
vt 0.627952 0.879276
vt 0.629223 0.875908
vt 0.630749 0.875908
vt 0.629478 0.879276
vt 0.706230 0.903886
vt 0.704511 0.903886
vt 0.690332 0.880270
vt 0.688806 0.880270
vt 0.723054 0.879192
vt 0.721335 0.879192
vt 0.627007 0.883118
vt 0.628533 0.883118
vt 0.784470 0.894304
vt 0.783966 0.897187
vt 0.782977 0.899915
vt 0.781541 0.902384
vt 0.779713 0.904498
vt 0.777564 0.906177
vt 0.775176 0.907356
vt 0.772642 0.907989
vt 0.770057 0.908053
vt 0.767522 0.907544
vt 0.765134 0.906483
vt 0.762985 0.904911
vt 0.761158 0.902886
vt 0.759722 0.900488
vt 0.758733 0.897809
vt 0.758229 0.894951
vt 0.758230 0.892025
vt 0.758734 0.889142
vt 0.759723 0.886413
vt 0.761159 0.883945
vt 0.762987 0.881830
vt 0.765136 0.880151
vt 0.767524 0.878972
vt 0.770059 0.878339
vt 0.772643 0.878275
vt 0.775178 0.878784
vt 0.777566 0.879845
vt 0.779715 0.881418
vt 0.781542 0.883442
vt 0.782978 0.885840
vt 0.783967 0.888519
vt 0.784471 0.891377
vt 0.706230 0.907254
vt 0.704511 0.907254
vt 0.689750 0.884439
vt 0.688224 0.884439
vt 0.432828 0.891549
vt 0.429929 0.891194
vt 0.427092 0.890497
vt 0.424428 0.889486
vt 0.422037 0.888198
vt 0.420012 0.886684
vt 0.418431 0.885001
vt 0.417354 0.883216
vt 0.416824 0.881395
vt 0.416859 0.879608
vt 0.417460 0.877926
vt 0.418602 0.876412
vt 0.420242 0.875124
vt 0.422318 0.874113
vt 0.424748 0.873416
vt 0.427440 0.873060
vt 0.430290 0.873060
vt 0.433190 0.873416
vt 0.436026 0.874112
vt 0.438691 0.875124
vt 0.441081 0.876412
vt 0.443106 0.877926
vt 0.444687 0.879608
vt 0.445764 0.881394
vt 0.446294 0.883215
vt 0.446259 0.885001
vt 0.445658 0.886684
vt 0.444516 0.888198
vt 0.442875 0.889485
vt 0.440800 0.890497
vt 0.438370 0.891194
vt 0.435678 0.891550
vt 0.723054 0.875824
vt 0.721335 0.875824
vt 0.626425 0.887287
vt 0.627952 0.887287
vt 0.428093 0.901199
vt 0.706230 0.910018
vt 0.704511 0.910018
vt 0.689554 0.888775
vt 0.688028 0.888775
vt 0.423875 0.900162
vt 0.723054 0.873060
vt 0.721335 0.873060
vt 0.626229 0.891623
vt 0.627755 0.891623
vt 0.440647 0.901199
vt 0.644013 0.897755
vt 0.645255 0.893913
vt 0.646623 0.893913
vt 0.645382 0.897755
vt 0.689750 0.893111
vt 0.688224 0.893111
vt 0.692548 0.910018
vt 0.692548 0.907254
vt 0.694267 0.907254
vt 0.694267 0.910018
vt 0.416358 0.896743
vt 0.419913 0.898658
vt 0.626425 0.895959
vt 0.627952 0.895959
vt 0.706230 0.875824
vt 0.706230 0.873060
vt 0.707949 0.873060
vt 0.707949 0.875824
vt 0.690332 0.897280
vt 0.688806 0.897280
vt 0.692548 0.903886
vt 0.694267 0.903886
vt 0.627007 0.900128
vt 0.628533 0.900128
vt 0.706230 0.879192
vt 0.707949 0.879192
vt 0.646019 0.881072
vt 0.645255 0.876903
vt 0.646623 0.876903
vt 0.647388 0.881072
vt 0.644013 0.873060
vt 0.645382 0.873060
vt 0.723054 0.891623
vt 0.723323 0.887287
vt 0.725816 0.887396
vt 0.725553 0.891623
vt 0.728616 0.887703
vt 0.728372 0.891623
vt 0.731296 0.888164
vt 0.731081 0.891623
vt 0.786656 0.894494
vt 0.786058 0.897914
vt 0.428552 0.898698
vt 0.432756 0.899213
vt 0.429062 0.895918
vt 0.432960 0.896395
vt 0.429545 0.893283
vt 0.432985 0.893704
vt 0.724122 0.883118
vt 0.726595 0.883330
vt 0.729338 0.883934
vt 0.731933 0.884838
vt 0.784885 0.901150
vt 0.436889 0.899213
vt 0.436792 0.896396
vt 0.436366 0.893705
vt 0.725419 0.879276
vt 0.727860 0.879584
vt 0.730510 0.880460
vt 0.732968 0.881773
vt 0.783181 0.904079
vt 0.440792 0.898697
vt 0.440411 0.895918
vt 0.439560 0.893283
vt 0.727165 0.875908
vt 0.729562 0.876300
vt 0.732088 0.877416
vt 0.734361 0.879086
vt 0.781012 0.906588
vt 0.444261 0.900162
vt 0.444316 0.897687
vt 0.443678 0.894981
vt 0.442444 0.892456
vt 0.697039 0.903579
vt 0.697039 0.906862
vt 0.731636 0.873605
vt 0.734012 0.874917
vt 0.736058 0.876881
vt 0.778463 0.908580
vt 0.710721 0.876216
vt 0.710721 0.879500
vt 0.447325 0.896220
vt 0.446468 0.893621
vt 0.444906 0.891256
vt 0.697039 0.899832
vt 0.699389 0.899228
vt 0.699389 0.902702
vt 0.736205 0.873060
vt 0.737994 0.875242
vt 0.775630 0.909978
vt 0.710721 0.883246
vt 0.713071 0.880377
vt 0.713071 0.883850
vt 0.448673 0.891889
vt 0.446852 0.889728
vt 0.697039 0.895767
vt 0.699389 0.895459
vt 0.775495 0.912157
vt 0.772087 0.913008
vt 0.772622 0.910730
vt 0.710721 0.887312
vt 0.713071 0.887619
vt 0.450209 0.889854
vt 0.448207 0.887932
vt 0.697039 0.891539
vt 0.699389 0.891539
vt 0.768612 0.913094
vt 0.769556 0.910806
vt 0.710721 0.891539
vt 0.713071 0.891539
vt 0.714642 0.888080
vt 0.714642 0.891539
vt 0.448919 0.885936
vt 0.697039 0.887312
vt 0.699389 0.887619
vt 0.765204 0.912411
vt 0.766549 0.910202
vt 0.710721 0.895767
vt 0.713071 0.895459
vt 0.714642 0.894998
vt 0.448962 0.883817
vt 0.697039 0.883246
vt 0.699389 0.883850
vt 0.761994 0.910984
vt 0.763716 0.908944
vt 0.710721 0.899832
vt 0.713071 0.899228
vt 0.714642 0.898325
vt 0.448332 0.881656
vt 0.697039 0.879500
vt 0.699389 0.880376
vt 0.759105 0.908870
vt 0.761167 0.907078
vt 0.710721 0.903579
vt 0.713071 0.902702
vt 0.637392 0.874917
vt 0.638989 0.873060
vt 0.640800 0.875242
vt 0.639390 0.876881
vt 0.641779 0.877816
vt 0.640591 0.879197
vt 0.697039 0.876216
vt 0.757115 0.910014
vt 0.754465 0.907078
vt 0.756649 0.906148
vt 0.758999 0.904676
vt 0.710721 0.906862
vt 0.633391 0.876300
vt 0.634901 0.873605
vt 0.635991 0.877416
vt 0.638154 0.879086
vt 0.639549 0.881055
vt 0.694267 0.873060
vt 0.697039 0.873521
vt 0.752383 0.903601
vt 0.754718 0.902924
vt 0.757295 0.901831
vt 0.632151 0.879584
vt 0.634842 0.880460
vt 0.637139 0.881773
vt 0.638694 0.883320
vt 0.686580 0.880483
vt 0.687501 0.876736
vt 0.750950 0.899716
vt 0.753389 0.899322
vt 0.756122 0.898652
vt 0.631230 0.883330
vt 0.633988 0.883934
vt 0.636386 0.884838
vt 0.638059 0.885904
vt 0.686012 0.884548
vt 0.750219 0.895572
vt 0.752711 0.895480
vt 0.755524 0.895261
vt 0.630663 0.887396
vt 0.633462 0.887703
vt 0.635922 0.888164
vt 0.637668 0.888708
vt 0.685821 0.888775
vt 0.750219 0.891329
vt 0.752711 0.891545
vt 0.755525 0.891790
vt 0.630472 0.891623
vt 0.633284 0.891623
vt 0.635765 0.891623
vt 0.637536 0.891623
vt 0.686012 0.893003
vt 0.750951 0.887149
vt 0.753389 0.887669
vt 0.756123 0.888369
vt 0.630663 0.895851
vt 0.633462 0.895543
vt 0.635922 0.895082
vt 0.637668 0.894539
vt 0.686580 0.897068
vt 0.752385 0.883193
vt 0.754720 0.884002
vt 0.757297 0.885132
vt 0.631230 0.899916
vt 0.633988 0.899312
vt 0.636386 0.898408
vt 0.638059 0.897343
vt 0.687501 0.900815
vt 0.754467 0.879613
vt 0.756650 0.880683
vt 0.759000 0.882204
vt 0.632151 0.903662
vt 0.634842 0.902786
vt 0.637139 0.901474
vt 0.638694 0.899926
vt 0.704511 0.873060
vt 0.701739 0.876216
vt 0.701739 0.873521
vt 0.757117 0.876547
vt 0.759107 0.877840
vt 0.761169 0.879695
vt 0.633391 0.906946
vt 0.635991 0.905831
vt 0.638154 0.904161
vt 0.639549 0.902191
vt 0.701739 0.879500
vt 0.760234 0.874113
vt 0.761996 0.875583
vt 0.763718 0.877703
vt 0.718563 0.906862
vt 0.718563 0.903579
vt 0.634901 0.909641
vt 0.637392 0.908329
vt 0.639390 0.906366
vt 0.640591 0.904049
vt 0.701739 0.883246
vt 0.699389 0.883850
vt 0.699389 0.880376
vt 0.765207 0.873998
vt 0.766551 0.876305
vt 0.718563 0.899832
vt 0.716213 0.902702
vt 0.716213 0.899228
vt 0.638989 0.910186
vt 0.640800 0.908004
vt 0.641779 0.905431
vt 0.701739 0.887312
vt 0.699389 0.887619
vt 0.768615 0.873146
vt 0.769558 0.875553
vt 0.718563 0.895767
vt 0.716213 0.895459
vt 0.714642 0.898325
vt 0.714642 0.894998
vt 0.414753 0.877542
vt 0.416108 0.875746
vt 0.701739 0.891539
vt 0.699389 0.891539
vt 0.772089 0.873060
vt 0.772625 0.875477
vt 0.718563 0.891539
vt 0.716212 0.891539
vt 0.714642 0.891539
vt 0.414040 0.879538
vt 0.701739 0.895767
vt 0.699389 0.895459
vt 0.775497 0.873744
vt 0.775632 0.876081
vt 0.718563 0.887312
vt 0.716213 0.887619
vt 0.714642 0.888080
vt 0.413998 0.881657
vt 0.701739 0.899832
vt 0.699389 0.899228
vt 0.778707 0.875170
vt 0.778465 0.877339
vt 0.718563 0.883246
vt 0.716213 0.883850
vt 0.412157 0.885191
vt 0.411444 0.882743
vt 0.414627 0.883817
vt 0.701739 0.903579
vt 0.699389 0.902702
vt 0.736205 0.910186
vt 0.734012 0.908329
vt 0.736058 0.906366
vt 0.737994 0.908004
vt 0.781014 0.879205
vt 0.718563 0.879500
vt 0.716212 0.880377
vt 0.413604 0.887592
vt 0.415904 0.885936
vt 0.701739 0.906862
vt 0.731636 0.909641
vt 0.729562 0.906946
vt 0.732088 0.905830
vt 0.734361 0.904161
vt 0.783182 0.881607
vt 0.718563 0.876216
vt 0.414173 0.892158
vt 0.411880 0.889718
vt 0.415730 0.889854
vt 0.417780 0.887932
vt 0.727165 0.907338
vt 0.725419 0.903970
vt 0.727860 0.903662
vt 0.730510 0.902786
vt 0.732968 0.901474
vt 0.784886 0.884452
vt 0.413346 0.894492
vt 0.417109 0.894353
vt 0.418452 0.891890
vt 0.420183 0.889729
vt 0.724122 0.900128
vt 0.726595 0.899916
vt 0.729338 0.899312
vt 0.731933 0.898408
vt 0.786059 0.887631
vt 0.420575 0.896220
vt 0.421666 0.893621
vt 0.423019 0.891256
vt 0.723323 0.895959
vt 0.725816 0.895851
vt 0.728616 0.895543
vt 0.731296 0.895082
vt 0.786656 0.891021
vt 0.424439 0.897687
vt 0.425249 0.894981
vt 0.426180 0.892456
vt 0.737994 0.896313
vt 0.738304 0.891328
vt 0.739648 0.891403
vt 0.739343 0.896313
vt 0.741108 0.891608
vt 0.740815 0.896313
vt 0.742293 0.891887
vt 0.742018 0.896313
vt 0.427320 0.905414
vt 0.432203 0.906012
vt 0.427585 0.903972
vt 0.432263 0.904545
vt 0.739222 0.886534
vt 0.740553 0.886681
vt 0.741975 0.887083
vt 0.743108 0.887632
vt 0.437003 0.906012
vt 0.436863 0.904545
vt 0.740714 0.882117
vt 0.742021 0.882330
vt 0.743383 0.882913
vt 0.744432 0.883710
vt 0.441536 0.905414
vt 0.441208 0.903971
vt 0.742721 0.878245
vt 0.743998 0.878516
vt 0.745277 0.879259
vt 0.746214 0.880272
vt 0.445662 0.905569
vt 0.445629 0.904240
vt 0.445130 0.902847
vt 0.505825 0.922356
vt 0.502011 0.922356
vt 0.746407 0.875386
vt 0.747585 0.876259
vt 0.590144 0.878945
vt 0.593612 0.876236
vt 0.502011 0.874105
vt 0.505825 0.874105
vt 0.449124 0.902537
vt 0.448479 0.901214
vt 0.510176 0.922356
vt 0.749156 0.873060
vt 0.750219 0.874030
vt 0.597465 0.874333
vt 0.510176 0.874105
vt 0.451886 0.900368
vt 0.451126 0.899136
vt 0.514898 0.922356
vt 0.515102 0.923400
vt 0.510578 0.923400
vt 0.601556 0.873311
vt 0.514898 0.874105
vt 0.510578 0.873060
vt 0.515102 0.873060
vt 0.452970 0.896692
vt 0.519808 0.922356
vt 0.519808 0.923400
vt 0.605727 0.873208
vt 0.519808 0.874105
vt 0.519808 0.873060
vt 0.453939 0.893977
vt 0.524718 0.922356
vt 0.524513 0.923400
vt 0.609818 0.874028
vt 0.524718 0.874105
vt 0.524513 0.873060
vt 0.453996 0.891095
vt 0.529439 0.922356
vt 0.610579 0.873060
vt 0.614600 0.874847
vt 0.613671 0.875740
vt 0.529439 0.874105
vt 0.529037 0.873060
vt 0.453140 0.888156
vt 0.533790 0.922356
vt 0.618219 0.877496
vt 0.617139 0.878278
vt 0.533790 0.874105
vt 0.533207 0.873060
vt 0.496333 0.922245
vt 0.498562 0.924163
vt 0.497237 0.924755
vt 0.495141 0.922951
vt 0.537604 0.922356
vt 0.621296 0.880905
vt 0.620089 0.881545
vt 0.537604 0.874105
vt 0.494076 0.919295
vt 0.497206 0.921049
vt 0.493333 0.920564
vt 0.492320 0.921370
vt 0.541054 0.920929
vt 0.540734 0.922356
vt 0.623714 0.884943
vt 0.622406 0.885415
vt 0.490262 0.917855
vt 0.489679 0.919184
vt 0.488882 0.920072
vt 0.485910 0.873942
vt 0.490262 0.875011
vt 0.625380 0.889455
vt 0.624002 0.889739
vt 0.485911 0.916785
vt 0.485509 0.918159
vt 0.484960 0.919108
vt 0.481189 0.873283
vt 0.626229 0.894268
vt 0.624816 0.894351
vt 0.481189 0.916127
vt 0.480984 0.917528
vt 0.480705 0.918514
vt 0.476279 0.873060
vt 0.626229 0.899196
vt 0.624815 0.899074
vt 0.476279 0.915904
vt 0.476279 0.917314
vt 0.476279 0.918314
vt 0.471369 0.873283
vt 0.625380 0.904051
vt 0.624002 0.903726
vt 0.471369 0.916127
vt 0.471574 0.917528
vt 0.471854 0.918514
vt 0.466648 0.873942
vt 0.623714 0.908646
vt 0.622405 0.908129
vt 0.466648 0.916785
vt 0.467049 0.918159
vt 0.467598 0.919108
vt 0.462296 0.875011
vt 0.621296 0.912804
vt 0.620088 0.912113
vt 0.462296 0.917855
vt 0.462880 0.919184
vt 0.463676 0.920072
vt 0.541054 0.920929
vt 0.544503 0.922356
vt 0.541373 0.922356
vt 0.618218 0.916365
vt 0.617139 0.915526
vt 0.458482 0.919295
vt 0.459225 0.920564
vt 0.460239 0.921370
vt 0.548317 0.922356
vt 0.614599 0.919192
vt 0.613671 0.918236
vt 0.544503 0.874105
vt 0.548317 0.874105
vt 0.455352 0.921049
vt 0.456225 0.922245
vt 0.457417 0.922951
vt 0.552668 0.922356
vt 0.610578 0.921178
vt 0.609817 0.920138
vt 0.552668 0.874105
vt 0.548900 0.873060
vt 0.553070 0.873060
vt 0.453996 0.924163
vt 0.455321 0.924755
vt 0.557390 0.922356
vt 0.606309 0.922245
vt 0.605726 0.921161
vt 0.557390 0.874105
vt 0.557594 0.873060
vt 0.407463 0.882559
vt 0.409306 0.880116
vt 0.562300 0.922356
vt 0.562300 0.923400
vt 0.557594 0.923400
vt 0.601555 0.921264
vt 0.562300 0.874105
vt 0.562300 0.873060
vt 0.406493 0.885275
vt 0.567210 0.922356
vt 0.567005 0.923400
vt 0.597465 0.920444
vt 0.567210 0.874105
vt 0.567005 0.873060
vt 0.406436 0.888157
vt 0.571931 0.922356
vt 0.571530 0.923400
vt 0.593611 0.918731
vt 0.571931 0.874105
vt 0.571530 0.873060
vt 0.407292 0.891096
vt 0.576283 0.922356
vt 0.749155 0.919565
vt 0.746407 0.917240
vt 0.747585 0.916367
vt 0.750219 0.918596
vt 0.590143 0.916193
vt 0.576283 0.874105
vt 0.407957 0.894986
vt 0.406145 0.891978
vt 0.409029 0.893978
vt 0.580097 0.922356
vt 0.743998 0.914110
vt 0.745277 0.913367
vt 0.587194 0.912926
vt 0.580097 0.874105
vt 0.410620 0.897819
vt 0.411581 0.896693
vt 0.742721 0.914381
vt 0.740714 0.910509
vt 0.742021 0.910296
vt 0.743383 0.909712
vt 0.744432 0.908916
vt 0.746214 0.912354
vt 0.410118 0.899049
vt 0.414030 0.900369
vt 0.414849 0.899136
vt 0.739222 0.906091
vt 0.740553 0.905944
vt 0.741975 0.905543
vt 0.743108 0.904994
vt 0.418056 0.902537
vt 0.418707 0.901214
vt 0.738304 0.901298
vt 0.739648 0.901223
vt 0.741108 0.901018
vt 0.742293 0.900738
vt 0.422544 0.904240
vt 0.423007 0.902847
vn -0.3461 0.9331 -0.0980
vn 0.9376 0.3477 0.0000
vn 0.9376 0.3478 0.0000
vn 0.9376 0.3477 0.0001
vn 0.9376 0.3477 -0.0001
vn -0.1009 0.2722 0.9569
vn 0.2688 -0.7248 -0.6344
vn -0.3461 0.9331 0.0980
vn -0.9376 -0.3477 -0.0000
vn -0.9376 -0.3478 -0.0000
vn -0.2688 0.7248 0.6344
vn -0.2206 0.5948 0.7730
vn -0.1639 0.4420 0.8819
vn -0.0341 0.0919 0.9952
vn 0.0341 -0.0919 0.9952
vn -0.9376 -0.3477 -0.0001
vn 0.1009 -0.2722 0.9569
vn 0.1639 -0.4420 0.8819
vn 0.2206 -0.5948 0.7730
vn 0.2688 -0.7248 0.6344
vn 0.3067 -0.8269 0.4714
vn 0.3328 -0.8972 0.2903
vn 0.3461 -0.9331 0.0980
vn 0.3461 -0.9331 -0.0980
vn 0.3328 -0.8972 -0.2903
vn 0.3067 -0.8269 -0.4714
vn 0.2206 -0.5948 -0.7730
vn 0.1639 -0.4420 -0.8819
vn 0.1009 -0.2722 -0.9569
vn 0.0341 -0.0919 -0.9952
vn -0.9376 -0.3477 0.0001
vn -0.0341 0.0919 -0.9952
vn -0.1009 0.2722 -0.9569
vn -0.1639 0.4420 -0.8819
vn -0.2206 0.5948 -0.7730
vn -0.2688 0.7248 -0.6344
vn -0.3067 0.8269 -0.4714
vn -0.3328 0.8972 -0.2903
vn -0.3328 0.8972 0.2902
vn -0.3067 0.8269 0.4714
vn -0.3328 0.8972 0.2903
vn 0.2206 -0.5949 -0.7730
vn 0.1009 -0.2721 -0.9569
vn 0.1010 -0.2722 0.9569
vn 0.2206 -0.5949 0.7730
vn -0.1009 0.2721 -0.9569
vn 0.2688 -0.7247 0.6344
vn -0.1009 0.2721 -0.9570
vn -0.3461 0.9331 0.0981
vn -0.3461 0.9331 -0.0981
vn 0.3461 -0.9331 0.0981
vn 0.3461 -0.9331 -0.0981
vn 0.3328 -0.8972 -0.2902
vn -0.1565 0.9830 0.0961
vn 0.2332 0.9690 0.0815
vn 0.5873 0.8075 0.0545
vn 0.8521 0.5231 0.0191
vn -0.5223 0.8473 0.0961
vn -0.8087 0.5826 0.0815
vn -0.9718 0.2293 0.0545
vn -0.9871 -0.1590 0.0191
vn -0.1435 0.9478 0.2847
vn 0.2442 0.9392 0.2413
vn 0.5946 0.7877 0.1612
vn 0.8547 0.5161 0.0566
vn -0.5093 0.8121 0.2847
vn -0.7976 0.5528 0.2413
vn -0.9645 0.2093 0.1612
vn -0.9845 -0.1660 0.0567
vn -0.1179 0.8788 0.4623
vn 0.2658 0.8807 0.3920
vn 0.6091 0.7486 0.2619
vn 0.8598 0.5024 0.0920
vn -0.4837 0.7431 0.4623
vn -0.7758 0.4944 0.3920
vn -0.9500 0.1703 0.2618
vn -0.9794 -0.1797 0.0919
vn -0.0807 0.7787 0.6222
vn 0.2974 0.7958 0.5275
vn 0.6302 0.6918 0.3525
vn 0.8671 0.4824 0.1238
vn -0.4466 0.6430 0.6222
vn -0.7443 0.4095 0.5275
vn -0.9289 0.1135 0.3525
vn -0.9720 -0.1997 0.1238
vn -0.0334 0.6512 0.7582
vn 0.3374 0.6878 0.6427
vn 0.6570 0.6196 0.4295
vn 0.8765 0.4571 0.1508
vn -0.3993 0.5155 0.7582
vn -0.7043 0.3014 0.6428
vn -0.9021 0.0413 0.4295
vn -0.9626 -0.2250 0.1508
vn 0.0222 0.5013 0.8650
vn 0.3846 0.5607 0.7333
vn 0.6885 0.5347 0.4900
vn 0.8876 0.4273 0.1720
vn -0.3437 0.3656 0.8650
vn -0.6572 0.1743 0.7333
vn -0.8706 -0.0436 0.4900
vn -0.9516 -0.2548 0.1721
vn 0.0839 0.3348 0.9385
vn 0.4369 0.4195 0.7957
vn 0.7235 0.4404 0.5317
vn 0.8999 0.3942 0.1867
vn -0.2820 0.1991 0.9385
vn -0.6048 0.0331 0.7957
vn -0.8356 -0.1379 0.5317
vn -0.9393 -0.2880 0.1867
vn 0.1495 0.1580 0.9761
vn 0.4926 0.2696 0.8275
vn 0.7606 0.3402 0.5529
vn 0.9129 0.3590 0.1941
vn -0.2164 0.0223 0.9761
vn -0.5492 -0.1168 0.8275
vn -0.7985 -0.2381 0.5529
vn -0.9262 -0.3231 0.1941
vn 0.2164 -0.0223 0.9761
vn 0.5492 0.1168 0.8275
vn 0.7985 0.2381 0.5529
vn 0.9262 0.3231 0.1941
vn -0.1495 -0.1580 0.9761
vn -0.4925 -0.2696 0.8275
vn -0.7606 -0.3402 0.5529
vn -0.9129 -0.3590 0.1941
vn 0.2820 -0.1991 0.9385
vn 0.6048 -0.0331 0.7957
vn 0.8356 0.1379 0.5317
vn 0.9393 0.2880 0.1867
vn -0.0839 -0.3348 0.9385
vn -0.4370 -0.4195 0.7957
vn -0.7235 -0.4403 0.5317
vn -0.8999 -0.3942 0.1867
vn 0.3437 -0.3656 0.8650
vn 0.6572 -0.1743 0.7333
vn 0.8706 0.0436 0.4900
vn 0.9516 0.2548 0.1720
vn -0.0221 -0.5013 0.8650
vn -0.3846 -0.5607 0.7333
vn -0.6885 -0.5347 0.4900
vn -0.8876 -0.4273 0.1720
vn 0.3993 -0.5156 0.7581
vn 0.7043 -0.3014 0.6427
vn 0.9021 -0.0414 0.4295
vn 0.9626 0.2250 0.1508
vn 0.0335 -0.6512 0.7581
vn -0.3375 -0.6878 0.6427
vn -0.6570 -0.6196 0.4295
vn -0.8765 -0.4571 0.1508
vn 0.4465 -0.6430 0.6222
vn 0.7444 -0.4094 0.5275
vn 0.9289 -0.1135 0.3525
vn 0.9720 0.1997 0.1238
vn 0.0808 -0.7786 0.6222
vn -0.2974 -0.7958 0.5275
vn -0.6302 -0.6918 0.3525
vn -0.8671 -0.4824 0.1237
vn 0.4837 -0.7432 0.4623
vn 0.7759 -0.4944 0.3919
vn 0.9500 -0.1703 0.2618
vn 0.9794 0.1797 0.0918
vn 0.1179 -0.8789 0.4623
vn -0.2659 -0.8808 0.3919
vn -0.6092 -0.7486 0.2619
vn -0.8598 -0.5024 0.0920
vn 0.5093 -0.8121 0.2847
vn 0.7976 -0.5528 0.2414
vn 0.9645 -0.2093 0.1613
vn 0.9845 0.1661 0.0568
vn 0.1434 -0.9478 0.2847
vn -0.2442 -0.9392 0.2414
vn -0.5947 -0.7876 0.1613
vn -0.8547 -0.5161 0.0566
vn 0.5223 -0.8473 0.0961
vn 0.8086 -0.5827 0.0815
vn 0.9719 -0.2292 0.0544
vn 0.9871 0.1590 0.0191
vn 0.1565 -0.9830 0.0962
vn -0.2331 -0.9690 0.0815
vn -0.5873 -0.8075 0.0544
vn -0.8521 -0.5231 0.0191
vn 0.5223 -0.8473 -0.0961
vn 0.8086 -0.5826 -0.0815
vn 0.9718 -0.2293 -0.0544
vn 0.9871 0.1590 -0.0191
vn 0.1565 -0.9830 -0.0962
vn -0.2331 -0.9690 -0.0815
vn -0.5873 -0.8075 -0.0544
vn -0.8521 -0.5231 -0.0191
vn 0.5093 -0.8121 -0.2847
vn 0.7976 -0.5528 -0.2414
vn 0.9644 -0.2093 -0.1613
vn 0.9845 0.1660 -0.0566
vn 0.1434 -0.9478 -0.2847
vn -0.2442 -0.9392 -0.2414
vn -0.5947 -0.7876 -0.1613
vn -0.8547 -0.5161 -0.0566
vn 0.4837 -0.7432 -0.4623
vn 0.7759 -0.4944 -0.3919
vn 0.9500 -0.1703 -0.2619
vn 0.9794 0.1798 -0.0920
vn 0.1178 -0.8788 -0.4623
vn -0.2659 -0.8807 -0.3919
vn -0.6092 -0.7486 -0.2619
vn -0.8597 -0.5024 -0.0920
vn 0.4465 -0.6430 -0.6222
vn 0.7444 -0.4094 -0.5275
vn 0.9289 -0.1135 -0.3525
vn 0.9720 0.1997 -0.1237
vn 0.0808 -0.7787 -0.6222
vn -0.2974 -0.7958 -0.5275
vn -0.6302 -0.6918 -0.3525
vn -0.8671 -0.4824 -0.1238
vn 0.3993 -0.5155 -0.7581
vn 0.7043 -0.3014 -0.6427
vn 0.9021 -0.0414 -0.4295
vn 0.9626 0.2250 -0.1508
vn 0.0335 -0.6512 -0.7581
vn -0.3375 -0.6877 -0.6427
vn -0.6570 -0.6196 -0.4295
vn -0.8765 -0.4571 -0.1508
vn 0.3437 -0.3656 -0.8650
vn 0.6572 -0.1743 -0.7333
vn 0.8706 0.0436 -0.4900
vn 0.9516 0.2548 -0.1720
vn -0.0222 -0.5013 -0.8650
vn -0.3846 -0.5607 -0.7333
vn -0.6885 -0.5347 -0.4900
vn -0.8876 -0.4273 -0.1720
vn 0.2819 -0.1991 -0.9386
vn 0.6048 -0.0331 -0.7957
vn 0.8356 0.1379 -0.5317
vn 0.9393 0.2880 -0.1867
vn -0.0839 -0.3348 -0.9386
vn -0.4370 -0.4195 -0.7957
vn -0.7235 -0.4403 -0.5317
vn -0.8999 -0.3941 -0.1867
vn 0.2163 -0.0223 -0.9761
vn 0.5492 0.1168 -0.8275
vn 0.7985 0.2381 -0.5529
vn 0.9262 0.3231 -0.1941
vn -0.1495 -0.1580 -0.9761
vn -0.4925 -0.2696 -0.8275
vn -0.7606 -0.3402 -0.5529
vn -0.9129 -0.3590 -0.1942
vn 0.1495 0.1580 -0.9761
vn 0.4925 0.2696 -0.8275
vn 0.7606 0.3402 -0.5529
vn 0.9129 0.3590 -0.1941
vn -0.2164 0.0223 -0.9761
vn -0.5492 -0.1168 -0.8275
vn -0.7986 -0.2380 -0.5529
vn -0.9263 -0.3230 -0.1942
vn 0.0839 0.3348 -0.9386
vn 0.4369 0.4195 -0.7957
vn 0.7235 0.4404 -0.5317
vn 0.8999 0.3942 -0.1867
vn -0.2819 0.1991 -0.9386
vn -0.6048 0.0331 -0.7957
vn -0.8357 -0.1379 -0.5316
vn -0.9393 -0.2880 -0.1867
vn 0.0222 0.5013 -0.8650
vn 0.3846 0.5607 -0.7333
vn 0.6885 0.5347 -0.4900
vn 0.8876 0.4273 -0.1720
vn -0.3437 0.3656 -0.8650
vn -0.6572 0.1743 -0.7333
vn -0.8706 -0.0436 -0.4900
vn -0.9515 -0.2549 -0.1721
vn -0.0334 0.6512 -0.7581
vn 0.3375 0.6878 -0.6427
vn 0.6570 0.6196 -0.4295
vn 0.8765 0.4571 -0.1508
vn -0.3993 0.5155 -0.7581
vn -0.7043 0.3014 -0.6427
vn -0.9021 0.0414 -0.4295
vn -0.9626 -0.2250 -0.1508
vn -0.0807 0.7787 -0.6222
vn 0.2973 0.7958 -0.5275
vn 0.6302 0.6918 -0.3525
vn 0.8671 0.4824 -0.1237
vn -0.4466 0.6430 -0.6222
vn -0.7444 0.4095 -0.5275
vn -0.9289 0.1136 -0.3525
vn -0.9720 -0.1997 -0.1237
vn -0.1179 0.8788 -0.4624
vn 0.2658 0.8807 -0.3920
vn 0.6092 0.7486 -0.2619
vn 0.8598 0.5024 -0.0920
vn -0.4837 0.7431 -0.4624
vn -0.7758 0.4944 -0.3920
vn -0.9500 0.1702 -0.2619
vn -0.9794 -0.1797 -0.0920
vn -0.1435 0.9478 -0.2847
vn 0.2442 0.9392 -0.2413
vn 0.5947 0.7877 -0.1612
vn 0.8547 0.5161 -0.0566
vn -0.5093 0.8122 -0.2847
vn -0.7976 0.5529 -0.2413
vn -0.9645 0.2093 -0.1611
vn -0.9845 -0.1659 -0.0565
vn -0.1565 0.9830 -0.0961
vn 0.2332 0.9690 -0.0815
vn 0.5873 0.8075 -0.0545
vn 0.8521 0.5231 -0.0191
vn -0.5223 0.8473 -0.0961
vn -0.8087 0.5826 -0.0815
vn -0.9718 0.2292 -0.0545
vn -0.9871 -0.1590 -0.0192
vn -0.0916 0.9913 0.0947
vn 0.4182 0.9057 0.0693
vn 0.8161 0.5774 0.0254
vn -0.5769 0.8113 0.0947
vn -0.9077 0.4139 0.0693
vn -0.9952 -0.0944 0.0254
vn -0.0788 0.9567 0.2804
vn 0.4277 0.8803 0.2052
vn 0.8195 0.5681 0.0751
vn -0.5641 0.7767 0.2804
vn -0.8983 0.3886 0.2052
vn -0.9918 -0.1036 0.0751
vn -0.0537 0.8887 0.4553
vn 0.4462 0.8305 0.3333
vn 0.8262 0.5499 0.1220
vn -0.5388 0.7088 0.4553
vn -0.8799 0.3387 0.3333
vn -0.9850 -0.1218 0.1220
vn -0.0172 0.7900 0.6128
vn 0.4730 0.7583 0.4485
vn 0.8360 0.5235 0.1642
vn -0.5022 0.6101 0.6128
vn -0.8531 0.2665 0.4485
vn -0.9752 -0.1483 0.1642
vn 0.0295 0.6645 0.7467
vn 0.5071 0.6665 0.5465
vn 0.8485 0.4899 0.2001
vn -0.4557 0.4846 0.7467
vn -0.8190 0.1747 0.5466
vn -0.9627 -0.1819 0.2001
vn 0.0843 0.5169 0.8519
vn 0.5471 0.5584 0.6236
vn 0.8632 0.4503 0.2283
vn -0.4010 0.3369 0.8519
vn -0.7789 0.0666 0.6236
vn -0.9481 -0.2215 0.2283
vn 0.1452 0.3528 0.9244
vn 0.5916 0.4383 0.6766
vn 0.8795 0.4063 0.2477
vn -0.3401 0.1729 0.9243
vn -0.7344 -0.0535 0.6766
vn -0.9318 -0.2654 0.2477
vn 0.2098 0.1788 0.9613
vn 0.6389 0.3109 0.7037
vn 0.8968 0.3597 0.2576
vn -0.2757 -0.0012 0.9612
vn -0.6871 -0.1809 0.7037
vn -0.9145 -0.3121 0.2576
vn 0.2756 0.0012 0.9613
vn 0.6871 0.1810 0.7036
vn 0.9145 0.3121 0.2576
vn -0.2097 -0.1788 0.9613
vn -0.6390 -0.3109 0.7036
vn -0.8968 -0.3597 0.2576
vn 0.3402 -0.1729 0.9243
vn 0.7344 0.0534 0.6766
vn 0.9318 0.2654 0.2477
vn -0.1451 -0.3529 0.9243
vn -0.5916 -0.4384 0.6766
vn -0.8795 -0.4063 0.2477
vn 0.4010 -0.3369 0.8519
vn 0.7789 -0.0666 0.6236
vn 0.9481 0.2215 0.2283
vn -0.0843 -0.5169 0.8519
vn -0.5471 -0.5584 0.6236
vn -0.8632 -0.4503 0.2283
vn 0.4557 -0.4846 0.7467
vn 0.8190 -0.1747 0.5466
vn 0.9627 0.1819 0.2001
vn -0.0295 -0.6645 0.7467
vn -0.5070 -0.6665 0.5466
vn -0.8485 -0.4899 0.2001
vn 0.5023 -0.6101 0.6128
vn 0.8531 -0.2666 0.4486
vn 0.9752 0.1483 0.1642
vn 0.0171 -0.7901 0.6128
vn -0.4729 -0.7584 0.4486
vn -0.8361 -0.5235 0.1642
vn 0.5390 -0.7087 0.4553
vn 0.8799 -0.3388 0.3333
vn 0.9850 0.1218 0.1220
vn 0.0535 -0.8887 0.4553
vn -0.4462 -0.8306 0.3333
vn -0.8262 -0.5499 0.1220
vn 0.5642 -0.7766 0.2804
vn 0.8983 -0.3885 0.2053
vn 0.9918 0.1037 0.0751
vn 0.0787 -0.9567 0.2804
vn -0.4277 -0.8803 0.2053
vn -0.8195 -0.5681 0.0751
vn 0.5769 -0.8113 0.0947
vn 0.9077 -0.4139 0.0693
vn 0.9952 0.0944 0.0254
vn 0.0916 -0.9913 0.0947
vn -0.4183 -0.9057 0.0693
vn -0.8161 -0.5774 0.0254
vn 0.5770 -0.8113 -0.0947
vn 0.9077 -0.4139 -0.0693
vn 0.9952 0.0944 -0.0254
vn 0.0916 -0.9913 -0.0947
vn -0.4183 -0.9057 -0.0693
vn -0.8161 -0.5774 -0.0254
vn 0.5642 -0.7766 -0.2804
vn 0.8983 -0.3886 -0.2053
vn 0.9918 0.1037 -0.0751
vn 0.0787 -0.9567 -0.2804
vn -0.4277 -0.8803 -0.2053
vn -0.8195 -0.5681 -0.0751
vn 0.5389 -0.7087 -0.4553
vn 0.8799 -0.3388 -0.3333
vn 0.9850 0.1218 -0.1220
vn 0.0536 -0.8887 -0.4553
vn -0.4462 -0.8306 -0.3333
vn -0.8262 -0.5499 -0.1220
vn 0.5023 -0.6101 -0.6128
vn 0.8531 -0.2666 -0.4485
vn 0.9752 0.1483 -0.1642
vn 0.0170 -0.7901 -0.6128
vn -0.4729 -0.7584 -0.4486
vn -0.8360 -0.5235 -0.1642
vn 0.4557 -0.4846 -0.7467
vn 0.8190 -0.1747 -0.5466
vn 0.9627 0.1819 -0.2001
vn -0.0295 -0.6645 -0.7467
vn -0.5070 -0.6665 -0.5466
vn -0.8485 -0.4899 -0.2001
vn 0.4010 -0.3369 -0.8519
vn 0.7789 -0.0666 -0.6236
vn 0.9481 0.2215 -0.2283
vn -0.0843 -0.5169 -0.8519
vn -0.5471 -0.5584 -0.6236
vn -0.8632 -0.4503 -0.2283
vn 0.3402 -0.1729 -0.9243
vn 0.7343 0.0534 -0.6767
vn 0.9318 0.2654 -0.2477
vn -0.1452 -0.3529 -0.9243
vn -0.5916 -0.4383 -0.6767
vn -0.8795 -0.4063 -0.2477
vn 0.2756 0.0012 -0.9613
vn 0.6871 0.1809 -0.7037
vn 0.9145 0.3121 -0.2576
vn -0.2097 -0.1788 -0.9613
vn -0.6389 -0.3109 -0.7037
vn -0.8968 -0.3597 -0.2576
vn 0.2097 0.1788 -0.9613
vn 0.6389 0.3109 -0.7037
vn 0.8968 0.3597 -0.2576
vn -0.2756 -0.0012 -0.9613
vn -0.6871 -0.1809 -0.7037
vn -0.9145 -0.3121 -0.2576
vn 0.1452 0.3529 -0.9243
vn 0.5916 0.4383 -0.6767
vn 0.8795 0.4063 -0.2477
vn -0.3402 0.1729 -0.9243
vn -0.7343 -0.0534 -0.6767
vn -0.9318 -0.2655 -0.2477
vn 0.0843 0.5169 -0.8519
vn 0.5471 0.5584 -0.6236
vn 0.8632 0.4503 -0.2283
vn -0.4010 0.3369 -0.8519
vn -0.7789 0.0666 -0.6236
vn -0.9481 -0.2215 -0.2283
vn 0.0295 0.6645 -0.7467
vn 0.5071 0.6665 -0.5465
vn 0.8485 0.4899 -0.2001
vn -0.4557 0.4846 -0.7467
vn -0.8190 0.1747 -0.5466
vn -0.9627 -0.1819 -0.2001
vn -0.0171 0.7901 -0.6128
vn 0.4730 0.7583 -0.4485
vn 0.8360 0.5235 -0.1642
vn -0.5022 0.6101 -0.6128
vn -0.8531 0.2665 -0.4485
vn -0.9752 -0.1483 -0.1642
vn -0.0538 0.8887 -0.4553
vn 0.4462 0.8305 -0.3333
vn 0.8262 0.5499 -0.1220
vn -0.5388 0.7088 -0.4553
vn -0.8799 0.3387 -0.3333
vn -0.9850 -0.1219 -0.1220
vn -0.0788 0.9567 -0.2803
vn 0.4276 0.8803 -0.2052
vn 0.8195 0.5681 -0.0751
vn -0.5641 0.7767 -0.2804
vn -0.8983 0.3886 -0.2052
vn -0.9918 -0.1036 -0.0751
vn -0.0916 0.9913 -0.0947
vn 0.4182 0.9057 -0.0693
vn 0.8161 0.5774 -0.0254
vn -0.5769 0.8113 -0.0947
vn -0.9077 0.4140 -0.0693
vn -0.9952 -0.0944 -0.0254
usemtl Material.001
s off
f 955/2063/277 956/2064/277 957/2065/277 958/2066/277
f 959/2067/278 960/2068/278 961/2069/278 962/2070/278
f 963/2071/278 959/2067/278 962/2070/278 964/2072/278
f 965/2073/278 963/2071/278 964/2072/278 966/2074/278
f 967/2075/279 965/2073/279 966/2074/279 968/2076/279
f 969/2077/278 967/2075/278 968/2076/278 970/2078/278
f 971/2079/279 969/2077/279 970/2078/279 972/2080/279
f 973/2081/278 971/2079/278 972/2080/278 974/2082/278
f 975/2083/280 973/2081/280 974/2082/280 976/2084/280
f 977/2085/279 975/2083/279 976/2084/279 978/2086/279
f 979/2087/279 977/2085/279 978/2086/279 980/2088/279
f 981/2089/278 979/2087/278 980/2088/278 982/2090/278
f 983/2091/278 981/2089/278 982/2090/278 984/2092/278
f 985/2093/279 983/2091/279 984/2092/279 986/2094/279
f 987/2095/279 985/2093/279 986/2094/279 988/2096/279
f 989/2097/279 987/2095/279 988/2096/279 990/2098/279
f 991/2099/278 989/2097/278 990/2098/278 992/2100/278
f 993/2101/279 991/2099/279 992/2100/279 994/2102/279
f 995/2103/279 993/2101/279 994/2102/279 996/2104/279
f 997/2105/278 995/2103/278 996/2104/278 998/2106/278
f 999/2107/278 997/2105/278 998/2106/278 1000/2108/278
f 1001/2109/279 999/2107/279 1000/2108/279 1002/2110/279
f 1003/2111/278 1001/2109/278 1002/2110/278 1004/2112/278
f 1005/2113/281 1003/2111/281 1004/2112/281 1006/2114/281
f 1007/2115/279 1005/2113/279 1006/2114/279 1008/2116/279
f 1009/2117/278 1007/2115/278 1008/2116/278 1010/2118/278
f 1011/2119/278 1009/2117/278 1010/2118/278 1012/2120/278
f 1013/2121/278 1011/2119/278 1012/2120/278 1014/2122/278
f 1015/2123/278 1013/2121/278 1014/2122/278 1016/2124/278
f 1017/2125/278 1015/2123/278 1016/2124/278 1018/2126/278
f 969/2127/282 971/2128/282 1019/2129/282 1020/2130/282
f 1021/2131/279 1017/2125/279 1018/2126/279 1022/2132/279
f 1023/2133/278 1021/2131/278 1022/2132/278 1024/2134/278
f 995/2135/283 997/2136/283 1025/2137/283 1026/2138/283
f 958/2066/284 957/2065/284 1027/2139/284 1028/2140/284
f 1029/2141/285 1030/2142/285 1031/2143/285 1032/2144/285
f 1033/2145/285 1029/2141/285 1032/2144/285 1034/2146/285
f 1035/2147/285 1033/2145/285 1034/2146/285 1036/2148/285
f 1030/2142/286 1037/2149/286 1038/2150/286 1031/2143/286
f 1039/2151/287 1040/2152/287 1041/2153/287 1042/2154/287
f 1037/2149/285 1043/2155/285 1044/2156/285 1038/2150/285
f 1042/2154/288 1041/2153/288 1045/2157/288 1046/2158/288
f 1043/2155/286 1047/2159/286 1048/2160/286 1044/2156/286
f 1046/2158/289 1045/2157/289 1049/2161/289 1050/2162/289
f 1047/2159/286 1051/2163/286 1052/2164/286 1048/2160/286
f 1050/2162/282 1049/2161/282 1053/2165/282 1054/2166/282
f 1051/2163/286 1055/2167/286 1056/2168/286 1052/2164/286
f 1054/2166/290 1053/2165/290 1057/2169/290 1058/2170/290
f 1055/2167/285 1059/2171/285 1060/2172/285 1056/2168/285
f 1058/2170/291 1057/2169/291 1061/2173/291 1062/2174/291
f 1059/2171/292 1063/2175/292 1064/2176/292 1060/2172/292
f 1062/2174/293 1061/2173/293 1065/2177/293 1066/2178/293
f 1063/2175/286 1067/2179/286 1068/2180/286 1064/2176/286
f 1066/2178/294 1065/2177/294 1069/2181/294 1070/2182/294
f 1067/2179/286 1071/2183/286 1072/2184/286 1068/2180/286
f 1070/2182/295 1069/2181/295 1073/2185/295 1074/2186/295
f 1071/2183/285 1075/2187/285 1076/2188/285 1072/2184/285
f 1074/2189/296 1073/2190/296 1077/2191/296 1078/2192/296
f 1075/2187/285 1079/2193/285 1080/2194/285 1076/2188/285
f 1078/2192/297 1077/2191/297 1081/2195/297 1082/2196/297
f 1079/2193/285 1083/2197/285 1084/2198/285 1080/2194/285
f 1082/2196/298 1081/2195/298 1085/2199/298 1086/2200/298
f 1083/2197/286 1087/2201/286 1088/2202/286 1084/2198/286
f 1086/2200/299 1085/2199/299 1089/2203/299 1090/2204/299
f 1087/2201/286 1091/2205/286 1092/2206/286 1088/2202/286
f 1090/2204/300 1089/2203/300 1093/2207/300 1094/2208/300
f 1091/2205/286 1095/2209/286 1096/2210/286 1092/2206/286
f 1094/2208/301 1093/2207/301 1097/2211/301 1098/2212/301
f 1095/2209/285 1099/2213/285 1100/2214/285 1096/2210/285
f 1098/2212/302 1097/2211/302 1101/2215/302 1102/2216/302
f 1099/2213/285 1103/2217/285 1104/2218/285 1100/2214/285
f 1102/2216/283 1101/2215/283 1105/2219/283 1106/2220/283
f 1103/2217/285 1107/2221/285 1108/2222/285 1104/2218/285
f 1106/2223/303 1105/2224/303 1109/2225/303 1110/2226/303
f 1107/2221/285 1111/2227/285 1112/2228/285 1108/2222/285
f 1110/2226/304 1109/2225/304 1113/2229/304 1114/2230/304
f 1111/2227/285 1115/2231/285 1116/2232/285 1112/2228/285
f 1114/2230/305 1113/2229/305 1117/2233/305 1118/2234/305
f 1115/2231/285 1119/2235/285 1120/2236/285 1116/2232/285
f 1118/2234/306 1117/2233/306 1121/2237/306 1122/2238/306
f 1119/2235/307 1123/2239/307 1124/2240/307 1120/2236/307
f 1122/2238/308 1121/2237/308 1125/2241/308 1126/2242/308
f 1123/2239/285 1127/2243/285 1128/2244/285 1124/2240/285
f 1126/2242/309 1125/2241/309 1129/2245/309 1130/2246/309
f 1127/2243/285 1131/2247/285 1132/2248/285 1128/2244/285
f 1130/2246/310 1129/2245/310 1133/2249/310 1134/2250/310
f 1131/2247/285 1135/2251/285 1136/2252/285 1132/2248/285
f 1134/2250/311 1133/2249/311 1137/2253/311 1138/2254/311
f 1135/2251/285 1139/2255/285 1140/2256/285 1136/2252/285
f 1138/2254/312 1137/2253/312 1141/2257/312 1142/2258/312
f 1139/2255/285 1143/2259/285 1144/2260/285 1140/2256/285
f 1142/2261/313 1141/2262/313 1145/2263/313 1146/2264/313
f 1143/2259/286 1147/2265/286 1148/2266/286 1144/2260/286
f 1146/2264/314 1145/2263/314 956/2064/314 955/2063/314
f 1147/2265/285 1035/2147/285 1036/2148/285 1148/2266/285
f 1028/2140/315 1027/2139/315 1149/2267/315 1150/2268/315
f 1150/2268/316 1149/2267/316 1040/2269/316 1039/2270/316
f 1030/2142/317 1029/2141/317 1151/2271/317 1152/2272/317
f 1021/2273/277 1023/2274/277 1153/2275/277 1154/2276/277
f 1107/2277/283 1103/2278/283 1155/2279/283 1156/2280/283
f 1055/2281/282 1051/2282/282 1157/2283/282 1158/2284/282
f 997/2285/318 999/2286/318 1159/2287/318 1025/2288/318
f 971/2128/290 973/2289/290 1160/2290/290 1019/2129/290
f 1111/2291/303 1107/2292/303 1156/2293/303 1161/2294/303
f 1059/2295/290 1055/2281/290 1158/2284/290 1162/2296/290
f 999/2286/304 1001/2297/304 1163/2298/304 1159/2287/304
f 973/2289/291 975/2299/291 1164/2300/291 1160/2290/291
f 1115/2301/304 1111/2291/304 1161/2294/304 1165/2302/304
f 1063/2303/291 1059/2295/291 1162/2296/291 1166/2304/291
f 1001/2297/319 1003/2305/319 1167/2306/319 1163/2298/319
f 975/2299/320 977/2307/320 1168/2308/320 1164/2300/320
f 1119/2309/319 1115/2301/319 1165/2302/319 1169/2310/319
f 1067/2311/320 1063/2303/320 1166/2304/320 1170/2312/320
f 1003/2305/306 1005/2313/306 1171/2314/306 1167/2306/306
f 977/2307/294 979/2315/294 1172/2316/294 1168/2308/294
f 1123/2317/306 1119/2309/306 1169/2310/306 1173/2318/306
f 1071/2319/294 1067/2311/294 1170/2312/294 1174/2320/294
f 1005/2313/308 1007/2321/308 1175/2322/308 1171/2314/308
f 979/2315/321 981/2323/321 1176/2324/321 1172/2316/321
f 1127/2325/308 1123/2317/308 1173/2318/308 1177/2326/308
f 1075/2327/295 1071/2319/295 1174/2320/295 1178/2328/295
f 1007/2321/322 1009/2329/322 1179/2330/322 1175/2322/322
f 981/2331/323 983/2332/323 1180/2333/323 1176/2334/323
f 1131/2335/324 1127/2325/324 1177/2326/324 1181/2336/324
f 1079/2337/323 1075/2338/323 1178/2339/323 1182/2340/323
f 1009/2329/310 1011/2341/310 1183/2342/310 1179/2330/310
f 983/2332/297 985/2343/297 1184/2344/297 1180/2333/297
f 1135/2345/310 1131/2335/310 1181/2336/310 1185/2346/310
f 1083/2347/297 1079/2337/297 1182/2340/297 1186/2348/297
f 1187/2349/278 1188/2350/278 1189/2351/278 1190/2352/278 1191/2353/278 1192/2354/278 1193/2355/278 1194/2356/278 1195/2357/278 1196/2358/278 1197/2359/278 1198/2360/278 1199/2361/278 1200/2362/278 1201/2363/278 1202/2364/278 1203/2365/278 1204/2366/278 1205/2367/278 1206/2368/278 1207/2369/278 1208/2370/278 1209/2371/278 1210/2372/278 1211/2373/278 1212/2374/278 1213/2375/278 1214/2376/278 1215/2377/278 1216/2378/278 1217/2379/278 1218/2380/278
f 1011/2341/311 1013/2381/311 1219/2382/311 1183/2342/311
f 985/2343/298 987/2383/298 1220/2384/298 1184/2344/298
f 1221/2385/285 1222/2386/285 1223/2387/285 1224/2388/285 1225/2389/285 1226/2390/285 1227/2391/285 1228/2392/285 1229/2393/285 1230/2394/285 1231/2395/285 1232/2396/285 1233/2397/285 1234/2398/285 1235/2399/285 1236/2400/285 1237/2401/285 1238/2402/285 1239/2403/285 1240/2404/285 1241/2405/285 1242/2406/285 1243/2407/285 1244/2408/285 1245/2409/285 1246/2410/285 1247/2411/285 1248/2412/285 1249/2413/285 1250/2414/285 1251/2415/285 1252/2416/285
f 1139/2417/311 1135/2345/311 1185/2346/311 1253/2418/311
f 1087/2419/298 1083/2347/298 1186/2348/298 1254/2420/298
f 1029/2141/325 1033/2145/325 1255/2421/325 1151/2271/325
f 1013/2381/312 1015/2422/312 1256/2423/312 1219/2382/312
f 987/2383/299 989/2424/299 1257/2425/299 1220/2384/299
f 1033/2145/326 1035/2147/326 1258/2426/326 1255/2421/326
f 1143/2427/312 1139/2417/312 1253/2418/312 1259/2428/312
f 1091/2429/327 1087/2419/327 1254/2420/327 1260/2430/327
f 1037/2149/316 1030/2142/316 1152/2272/316 1261/2431/316
f 1015/2432/313 1017/2433/313 1262/2434/313 1256/2435/313
f 989/2424/300 991/2436/300 1263/2437/300 1257/2425/300
f 963/2438/287 965/2439/287 1264/2440/287 1265/2441/287
f 1147/2265/313 1143/2259/313 1259/2442/313 1266/2443/313
f 1095/2444/328 1091/2429/328 1260/2430/328 1267/2445/328
f 1043/2446/287 1037/2447/287 1261/2448/287 1268/2449/287
f 1017/2433/314 1021/2273/314 1154/2276/314 1262/2434/314
f 991/2436/301 993/2450/301 1269/2451/301 1263/2437/301
f 965/2439/288 967/2452/288 1270/2453/288 1264/2440/288
f 1035/2147/314 1147/2265/314 1266/2443/314 1258/2426/314
f 1099/2454/329 1095/2444/329 1267/2445/329 1271/2455/329
f 1047/2456/288 1043/2446/288 1268/2449/288 1272/2457/288
f 993/2450/302 995/2135/302 1026/2138/302 1269/2451/302
f 967/2452/289 969/2127/289 1020/2130/289 1270/2453/289
f 960/2458/317 959/2459/317 1273/2460/317 1274/2461/317
f 1103/2278/302 1099/2454/302 1271/2455/302 1155/2279/302
f 1051/2282/289 1047/2456/289 1272/2457/289 1157/2283/289
f 959/2459/316 963/2462/316 1265/2463/316 1273/2460/316
f 1153/2464/330 1274/2465/330 1275/2466/330 1276/2467/330
f 1276/2467/331 1275/2466/331 1277/2468/331 1278/2469/331
f 1278/2469/332 1277/2468/332 1279/2470/332 1280/2471/332
f 1280/2472/333 1279/2473/333 1188/2350/333 1187/2349/333
f 1151/2271/334 1255/2421/334 1281/2474/334 1282/2475/334
f 1282/2475/335 1281/2474/335 1283/2476/335 1284/2477/335
f 1284/2477/336 1283/2476/336 1285/2478/336 1286/2479/336
f 1286/2479/337 1285/2478/337 1222/2386/337 1221/2385/337
f 1274/2465/338 1273/2480/338 1287/2481/338 1275/2466/338
f 1275/2466/339 1287/2481/339 1288/2482/339 1277/2468/339
f 1277/2468/340 1288/2482/340 1289/2483/340 1279/2470/340
f 1279/2473/341 1289/2484/341 1189/2351/341 1188/2350/341
f 1152/2272/342 1151/2271/342 1282/2475/342 1290/2485/342
f 1290/2485/343 1282/2475/343 1284/2477/343 1291/2486/343
f 1291/2486/344 1284/2477/344 1286/2479/344 1292/2487/344
f 1292/2487/345 1286/2479/345 1221/2385/345 1252/2416/345
f 1273/2480/346 1265/2488/346 1293/2489/346 1287/2481/346
f 1287/2481/347 1293/2489/347 1294/2490/347 1288/2482/347
f 1288/2482/348 1294/2490/348 1295/2491/348 1289/2483/348
f 1289/2484/349 1295/2492/349 1190/2352/349 1189/2351/349
f 1261/2431/350 1152/2272/350 1290/2485/350 1296/2493/350
f 1296/2493/351 1290/2485/351 1291/2486/351 1297/2494/351
f 1297/2494/352 1291/2486/352 1292/2487/352 1298/2495/352
f 1298/2495/353 1292/2487/353 1252/2416/353 1251/2415/353
f 1265/2488/354 1264/2496/354 1299/2497/354 1293/2489/354
f 1293/2489/355 1299/2497/355 1300/2498/355 1294/2490/355
f 1294/2490/356 1300/2498/356 1301/2499/356 1295/2491/356
f 1295/2492/357 1301/2500/357 1191/2353/357 1190/2352/357
f 1268/2501/358 1261/2431/358 1296/2493/358 1302/2502/358
f 1302/2502/359 1296/2493/359 1297/2494/359 1303/2503/359
f 1303/2503/360 1297/2494/360 1298/2495/360 1304/2504/360
f 1304/2504/361 1298/2495/361 1251/2415/361 1250/2414/361
f 1264/2440/362 1270/2453/362 1305/2505/362 1299/2506/362
f 1299/2497/363 1305/2507/363 1306/2508/363 1300/2498/363
f 1300/2498/364 1306/2508/364 1307/2509/364 1301/2499/364
f 1301/2500/365 1307/2510/365 1192/2354/365 1191/2353/365
f 1272/2457/366 1268/2449/366 1302/2511/366 1308/2512/366
f 1308/2513/367 1302/2502/367 1303/2503/367 1309/2514/367
f 1309/2514/368 1303/2503/368 1304/2504/368 1310/2515/368
f 1310/2515/369 1304/2504/369 1250/2414/369 1249/2413/369
f 1270/2453/370 1020/2130/370 1311/2516/370 1305/2505/370
f 1305/2505/371 1311/2516/371 1312/2517/371 1306/2518/371
f 1306/2508/372 1312/2519/372 1313/2520/372 1307/2509/372
f 1307/2510/373 1313/2521/373 1193/2355/373 1192/2354/373
f 1157/2283/374 1272/2457/374 1308/2512/374 1314/2522/374
f 1314/2522/375 1308/2512/375 1309/2523/375 1315/2524/375
f 1315/2525/376 1309/2514/376 1310/2515/376 1316/2526/376
f 1316/2526/377 1310/2515/377 1249/2413/377 1248/2412/377
f 1020/2130/378 1019/2129/378 1317/2527/378 1311/2516/378
f 1311/2516/379 1317/2527/379 1318/2528/379 1312/2517/379
f 1312/2529/380 1318/2530/380 1319/2531/380 1313/2521/380
f 1313/2521/381 1319/2531/381 1194/2356/381 1193/2355/381
f 1158/2284/382 1157/2283/382 1314/2522/382 1320/2532/382
f 1320/2532/383 1314/2522/383 1315/2524/383 1321/2533/383
f 1321/2534/384 1315/2525/384 1316/2526/384 1322/2535/384
f 1322/2535/385 1316/2526/385 1248/2412/385 1247/2411/385
f 1019/2129/386 1160/2290/386 1323/2536/386 1317/2527/386
f 1317/2527/387 1323/2536/387 1324/2537/387 1318/2528/387
f 1318/2530/388 1324/2538/388 1325/2539/388 1319/2531/388
f 1319/2531/389 1325/2539/389 1195/2357/389 1194/2356/389
f 1162/2296/390 1158/2284/390 1320/2532/390 1326/2540/390
f 1326/2540/391 1320/2532/391 1321/2533/391 1327/2541/391
f 1327/2541/392 1321/2533/392 1322/2542/392 1328/2543/392
f 1328/2544/393 1322/2535/393 1247/2411/393 1246/2410/393
f 1160/2290/394 1164/2300/394 1329/2545/394 1323/2536/394
f 1323/2536/395 1329/2545/395 1330/2546/395 1324/2537/395
f 1324/2538/396 1330/2547/396 1331/2548/396 1325/2539/396
f 1325/2539/397 1331/2548/397 1196/2358/397 1195/2357/397
f 1166/2304/398 1162/2296/398 1326/2540/398 1332/2549/398
f 1332/2549/399 1326/2540/399 1327/2541/399 1333/2550/399
f 1333/2550/400 1327/2541/400 1328/2543/400 1334/2551/400
f 1334/2552/401 1328/2544/401 1246/2410/401 1245/2409/401
f 1164/2300/402 1168/2308/402 1335/2553/402 1329/2545/402
f 1329/2545/403 1335/2553/403 1336/2554/403 1330/2546/403
f 1330/2547/404 1336/2555/404 1337/2556/404 1331/2548/404
f 1331/2548/405 1337/2556/405 1197/2359/405 1196/2358/405
f 1170/2312/406 1166/2304/406 1332/2549/406 1338/2557/406
f 1338/2557/407 1332/2549/407 1333/2550/407 1339/2558/407
f 1339/2558/408 1333/2550/408 1334/2551/408 1340/2559/408
f 1340/2560/409 1334/2552/409 1245/2409/409 1244/2408/409
f 1168/2308/410 1172/2316/410 1341/2561/410 1335/2553/410
f 1335/2553/411 1341/2561/411 1342/2562/411 1336/2554/411
f 1336/2555/412 1342/2563/412 1343/2564/412 1337/2556/412
f 1337/2556/413 1343/2564/413 1198/2360/413 1197/2359/413
f 1174/2320/414 1170/2312/414 1338/2557/414 1344/2565/414
f 1344/2565/415 1338/2557/415 1339/2558/415 1345/2566/415
f 1345/2567/416 1339/2568/416 1340/2569/416 1346/2570/416
f 1346/2570/417 1340/2569/417 1244/2571/417 1243/2572/417
f 1172/2316/418 1176/2324/418 1347/2573/418 1341/2561/418
f 1341/2574/419 1347/2575/419 1348/2576/419 1342/2563/419
f 1342/2563/420 1348/2576/420 1349/2577/420 1343/2564/420
f 1343/2564/421 1349/2577/421 1199/2361/421 1198/2360/421
f 1178/2328/422 1174/2320/422 1344/2565/422 1350/2578/422
f 1350/2579/423 1344/2580/423 1345/2567/423 1351/2581/423
f 1351/2581/424 1345/2567/424 1346/2570/424 1352/2582/424
f 1352/2582/425 1346/2570/425 1243/2572/425 1242/2583/425
f 1176/2324/426 1180/2584/426 1353/2585/426 1347/2573/426
f 1347/2575/427 1353/2586/427 1354/2587/427 1348/2576/427
f 1348/2576/428 1354/2587/428 1355/2588/428 1349/2577/428
f 1349/2577/429 1355/2588/429 1200/2362/429 1199/2361/429
f 1182/2340/430 1178/2339/430 1350/2579/430 1356/2589/430
f 1356/2589/431 1350/2579/431 1351/2581/431 1357/2590/431
f 1357/2590/432 1351/2581/432 1352/2582/432 1358/2591/432
f 1358/2591/433 1352/2582/433 1242/2583/433 1241/2592/433
f 1180/2333/434 1184/2344/434 1359/2593/434 1353/2594/434
f 1353/2586/435 1359/2595/435 1360/2596/435 1354/2587/435
f 1354/2587/436 1360/2596/436 1361/2597/436 1355/2588/436
f 1355/2588/437 1361/2597/437 1201/2363/437 1200/2362/437
f 1186/2348/438 1182/2340/438 1356/2589/438 1362/2598/438
f 1362/2598/439 1356/2589/439 1357/2590/439 1363/2599/439
f 1363/2599/440 1357/2590/440 1358/2591/440 1364/2600/440
f 1364/2600/441 1358/2591/441 1241/2592/441 1240/2601/441
f 1184/2344/442 1220/2384/442 1365/2602/442 1359/2593/442
f 1359/2595/443 1365/2603/443 1366/2604/443 1360/2596/443
f 1360/2596/444 1366/2604/444 1367/2605/444 1361/2597/444
f 1361/2597/445 1367/2605/445 1202/2364/445 1201/2363/445
f 1254/2420/446 1186/2348/446 1362/2598/446 1368/2606/446
f 1368/2606/447 1362/2598/447 1363/2599/447 1369/2607/447
f 1369/2607/448 1363/2599/448 1364/2600/448 1370/2608/448
f 1370/2608/449 1364/2600/449 1240/2601/449 1239/2609/449
f 1220/2384/450 1257/2425/450 1371/2610/450 1365/2602/450
f 1365/2603/451 1371/2611/451 1372/2612/451 1366/2604/451
f 1366/2604/452 1372/2612/452 1373/2613/452 1367/2605/452
f 1367/2605/453 1373/2613/453 1203/2365/453 1202/2364/453
f 1260/2430/454 1254/2420/454 1368/2606/454 1374/2614/454
f 1374/2614/455 1368/2606/455 1369/2607/455 1375/2615/455
f 1375/2615/456 1369/2607/456 1370/2608/456 1376/2616/456
f 1376/2616/457 1370/2608/457 1239/2609/457 1238/2617/457
f 1257/2425/458 1263/2437/458 1377/2618/458 1371/2610/458
f 1371/2611/459 1377/2619/459 1378/2620/459 1372/2612/459
f 1372/2612/460 1378/2620/460 1379/2621/460 1373/2613/460
f 1373/2613/461 1379/2621/461 1204/2366/461 1203/2365/461
f 1267/2445/462 1260/2430/462 1374/2614/462 1380/2622/462
f 1380/2622/463 1374/2614/463 1375/2615/463 1381/2623/463
f 1381/2623/464 1375/2615/464 1376/2616/464 1382/2624/464
f 1382/2624/465 1376/2616/465 1238/2617/465 1237/2625/465
f 1263/2437/466 1269/2451/466 1383/2626/466 1377/2618/466
f 1377/2619/467 1383/2627/467 1384/2628/467 1378/2620/467
f 1378/2620/468 1384/2628/468 1385/2629/468 1379/2621/468
f 1379/2621/469 1385/2629/469 1205/2367/469 1204/2366/469
f 1271/2455/470 1267/2445/470 1380/2622/470 1386/2630/470
f 1386/2630/471 1380/2622/471 1381/2623/471 1387/2631/471
f 1387/2631/472 1381/2623/472 1382/2624/472 1388/2632/472
f 1388/2632/473 1382/2624/473 1237/2625/473 1236/2633/473
f 1269/2451/474 1026/2138/474 1389/2634/474 1383/2626/474
f 1383/2627/475 1389/2635/475 1390/2636/475 1384/2628/475
f 1384/2628/476 1390/2636/476 1391/2637/476 1385/2629/476
f 1385/2629/477 1391/2637/477 1206/2368/477 1205/2367/477
f 1155/2279/478 1271/2455/478 1386/2630/478 1392/2638/478
f 1392/2638/479 1386/2630/479 1387/2631/479 1393/2639/479
f 1393/2639/480 1387/2631/480 1388/2632/480 1394/2640/480
f 1394/2640/481 1388/2632/481 1236/2633/481 1235/2641/481
f 1026/2642/482 1025/2288/482 1395/2643/482 1389/2644/482
f 1389/2635/483 1395/2645/483 1396/2646/483 1390/2636/483
f 1390/2636/484 1396/2646/484 1397/2647/484 1391/2637/484
f 1391/2637/485 1397/2647/485 1207/2369/485 1206/2368/485
f 1156/2280/486 1155/2279/486 1392/2638/486 1398/2648/486
f 1398/2648/487 1392/2638/487 1393/2639/487 1399/2649/487
f 1399/2649/488 1393/2639/488 1394/2640/488 1400/2650/488
f 1400/2650/489 1394/2640/489 1235/2641/489 1234/2651/489
f 1025/2288/490 1159/2287/490 1401/2652/490 1395/2643/490
f 1395/2645/491 1401/2653/491 1402/2654/491 1396/2646/491
f 1396/2646/492 1402/2654/492 1403/2655/492 1397/2647/492
f 1397/2647/493 1403/2655/493 1208/2370/493 1207/2369/493
f 1161/2294/494 1156/2293/494 1398/2656/494 1404/2657/494
f 1404/2658/495 1398/2648/495 1399/2649/495 1405/2659/495
f 1405/2659/496 1399/2649/496 1400/2650/496 1406/2660/496
f 1406/2660/497 1400/2650/497 1234/2651/497 1233/2661/497
f 1159/2287/498 1163/2298/498 1407/2662/498 1401/2652/498
f 1401/2652/499 1407/2662/499 1408/2663/499 1402/2664/499
f 1402/2654/500 1408/2665/500 1409/2666/500 1403/2655/500
f 1403/2655/501 1409/2666/501 1209/2371/501 1208/2370/501
f 1165/2302/502 1161/2294/502 1404/2657/502 1410/2667/502
f 1410/2667/503 1404/2657/503 1405/2668/503 1411/2669/503
f 1411/2670/504 1405/2659/504 1406/2660/504 1412/2671/504
f 1412/2671/505 1406/2660/505 1233/2661/505 1232/2672/505
f 1163/2298/506 1167/2306/506 1413/2673/506 1407/2662/506
f 1407/2662/507 1413/2673/507 1414/2674/507 1408/2663/507
f 1408/2665/508 1414/2675/508 1415/2676/508 1409/2666/508
f 1409/2666/509 1415/2676/509 1210/2372/509 1209/2371/509
f 1169/2310/510 1165/2302/510 1410/2667/510 1416/2677/510
f 1416/2677/511 1410/2667/511 1411/2669/511 1417/2678/511
f 1417/2678/512 1411/2669/512 1412/2679/512 1418/2680/512
f 1418/2681/513 1412/2682/513 1232/2396/513 1231/2395/513
f 1167/2306/514 1171/2314/514 1419/2683/514 1413/2673/514
f 1413/2673/515 1419/2683/515 1420/2684/515 1414/2674/515
f 1414/2675/516 1420/2685/516 1421/2686/516 1415/2676/516
f 1415/2676/517 1421/2686/517 1211/2373/517 1210/2372/517
f 1173/2318/518 1169/2310/518 1416/2677/518 1422/2687/518
f 1422/2687/519 1416/2677/519 1417/2678/519 1423/2688/519
f 1423/2688/520 1417/2678/520 1418/2680/520 1424/2689/520
f 1424/2690/521 1418/2681/521 1231/2395/521 1230/2394/521
f 1171/2314/522 1175/2322/522 1425/2691/522 1419/2683/522
f 1419/2683/523 1425/2691/523 1426/2692/523 1420/2684/523
f 1420/2685/524 1426/2693/524 1427/2694/524 1421/2686/524
f 1421/2686/525 1427/2694/525 1212/2374/525 1211/2373/525
f 1177/2326/526 1173/2318/526 1422/2687/526 1428/2695/526
f 1428/2695/527 1422/2687/527 1423/2688/527 1429/2696/527
f 1429/2696/528 1423/2688/528 1424/2689/528 1430/2697/528
f 1430/2698/529 1424/2690/529 1230/2394/529 1229/2393/529
f 1175/2322/530 1179/2330/530 1431/2699/530 1425/2691/530
f 1425/2691/531 1431/2699/531 1432/2700/531 1426/2692/531
f 1426/2693/532 1432/2701/532 1433/2702/532 1427/2694/532
f 1427/2694/533 1433/2702/533 1213/2375/533 1212/2374/533
f 1181/2336/534 1177/2326/534 1428/2695/534 1434/2703/534
f 1434/2703/535 1428/2695/535 1429/2696/535 1435/2704/535
f 1435/2705/536 1429/2706/536 1430/2698/536 1436/2707/536
f 1436/2707/537 1430/2698/537 1229/2393/537 1228/2392/537
f 1179/2330/538 1183/2342/538 1437/2708/538 1431/2699/538
f 1431/2699/539 1437/2708/539 1438/2709/539 1432/2700/539
f 1432/2710/540 1438/2711/540 1439/2712/540 1433/2713/540
f 1433/2702/541 1439/2714/541 1214/2376/541 1213/2375/541
f 1185/2346/542 1181/2336/542 1434/2703/542 1440/2715/542
f 1440/2715/543 1434/2703/543 1435/2704/543 1441/2716/543
f 1441/2717/544 1435/2705/544 1436/2707/544 1442/2718/544
f 1442/2718/545 1436/2707/545 1228/2392/545 1227/2391/545
f 1183/2342/546 1219/2382/546 1443/2719/546 1437/2708/546
f 1437/2720/547 1443/2721/547 1444/2722/547 1438/2711/547
f 1438/2711/548 1444/2722/548 1445/2723/548 1439/2712/548
f 1439/2714/549 1445/2724/549 1215/2377/549 1214/2376/549
f 1253/2418/550 1185/2346/550 1440/2715/550 1446/2725/550
f 1446/2726/551 1440/2727/551 1441/2717/551 1447/2728/551
f 1447/2728/552 1441/2717/552 1442/2718/552 1448/2729/552
f 1448/2729/553 1442/2718/553 1227/2391/553 1226/2390/553
f 1219/2730/554 1256/2731/554 1449/2732/554 1443/2721/554
f 1443/2721/555 1449/2732/555 1450/2733/555 1444/2722/555
f 1444/2722/556 1450/2733/556 1451/2734/556 1445/2723/556
f 1445/2724/557 1451/2735/557 1216/2378/557 1215/2377/557
f 1259/2442/558 1253/2736/558 1446/2726/558 1452/2737/558
f 1452/2737/559 1446/2726/559 1447/2728/559 1453/2738/559
f 1453/2738/560 1447/2728/560 1448/2729/560 1454/2739/560
f 1454/2739/561 1448/2729/561 1226/2390/561 1225/2389/561
f 1256/2731/562 1262/2740/562 1455/2741/562 1449/2732/562
f 1449/2732/563 1455/2741/563 1456/2742/563 1450/2733/563
f 1450/2733/564 1456/2742/564 1457/2743/564 1451/2734/564
f 1451/2735/565 1457/2744/565 1217/2379/565 1216/2378/565
f 1266/2443/566 1259/2442/566 1452/2737/566 1458/2745/566
f 1458/2745/567 1452/2737/567 1453/2738/567 1459/2746/567
f 1459/2746/568 1453/2738/568 1454/2739/568 1460/2747/568
f 1460/2747/569 1454/2739/569 1225/2389/569 1224/2388/569
f 1262/2740/570 1154/2748/570 1461/2749/570 1455/2741/570
f 1455/2741/571 1461/2749/571 1462/2750/571 1456/2742/571
f 1456/2742/572 1462/2750/572 1463/2751/572 1457/2743/572
f 1457/2744/573 1463/2752/573 1218/2380/573 1217/2379/573
f 1258/2426/574 1266/2443/574 1458/2745/574 1464/2753/574
f 1464/2753/575 1458/2745/575 1459/2746/575 1465/2754/575
f 1465/2754/576 1459/2746/576 1460/2747/576 1466/2755/576
f 1466/2755/577 1460/2747/577 1224/2388/577 1223/2387/577
f 1154/2748/578 1153/2464/578 1276/2467/578 1461/2749/578
f 1461/2749/579 1276/2467/579 1278/2469/579 1462/2750/579
f 1462/2750/580 1278/2469/580 1280/2471/580 1463/2751/580
f 1463/2752/581 1280/2472/581 1187/2349/581 1218/2380/581
f 1255/2421/582 1258/2426/582 1464/2753/582 1281/2474/582
f 1281/2474/583 1464/2753/583 1465/2754/583 1283/2476/583
f 1283/2476/584 1465/2754/584 1466/2755/584 1285/2478/584
f 1285/2478/585 1466/2755/585 1223/2387/585 1222/2386/585
f 1023/2274/284 960/2458/284 1274/2461/284 1153/2275/284
f 958/2756/586 1028/2757/586 1467/2758/586 1468/2759/586
f 1468/2759/587 1467/2758/587 1469/2760/587 1470/2761/587
f 1470/2761/588 1469/2760/588 961/2762/588 1024/2763/588
f 1027/2139/589 957/2065/589 1471/2764/589 1472/2765/589
f 1472/2765/590 1471/2764/590 1473/2766/590 1474/2767/590
f 1474/2767/591 1473/2766/591 1034/2146/591 1032/2144/591
f 1028/2757/592 1150/2768/592 1475/2769/592 1467/2758/592
f 1467/2758/593 1475/2769/593 1476/2770/593 1469/2760/593
f 1469/2760/594 1476/2770/594 962/2771/594 961/2762/594
f 1149/2267/595 1027/2139/595 1472/2765/595 1477/2772/595
f 1477/2772/596 1472/2765/596 1474/2767/596 1478/2773/596
f 1478/2773/597 1474/2767/597 1032/2144/597 1031/2143/597
f 1150/2768/598 1039/2774/598 1479/2775/598 1475/2769/598
f 1475/2769/599 1479/2775/599 1480/2776/599 1476/2770/599
f 1476/2770/600 1480/2776/600 964/2777/600 962/2771/600
f 1040/2269/601 1149/2267/601 1477/2772/601 1481/2778/601
f 1481/2778/602 1477/2772/602 1478/2773/602 1482/2779/602
f 1482/2779/603 1478/2773/603 1031/2143/603 1038/2150/603
f 1039/2774/604 1042/2780/604 1483/2781/604 1479/2775/604
f 1479/2775/605 1483/2781/605 1484/2782/605 1480/2776/605
f 1480/2776/606 1484/2782/606 966/2783/606 964/2777/606
f 1041/2784/607 1040/2269/607 1481/2778/607 1485/2785/607
f 1485/2785/608 1481/2778/608 1482/2779/608 1486/2786/608
f 1486/2786/609 1482/2779/609 1038/2150/609 1044/2156/609
f 1042/2154/610 1046/2158/610 1487/2787/610 1483/2788/610
f 1483/2781/611 1487/2789/611 1488/2790/611 1484/2782/611
f 1484/2791/612 1488/2792/612 968/2076/612 966/2074/612
f 1045/2157/613 1041/2153/613 1485/2793/613 1489/2794/613
f 1489/2795/614 1485/2785/614 1486/2786/614 1490/2796/614
f 1490/2796/615 1486/2786/615 1044/2156/615 1048/2160/615
f 1046/2158/616 1050/2162/616 1491/2797/616 1487/2787/616
f 1487/2789/617 1491/2798/617 1492/2799/617 1488/2790/617
f 1488/2792/618 1492/2800/618 970/2078/618 968/2076/618
f 1049/2161/619 1045/2157/619 1489/2794/619 1493/2801/619
f 1493/2802/620 1489/2795/620 1490/2796/620 1494/2803/620
f 1494/2803/621 1490/2796/621 1048/2160/621 1052/2164/621
f 1050/2162/622 1054/2166/622 1495/2804/622 1491/2797/622
f 1491/2797/623 1495/2804/623 1496/2805/623 1492/2806/623
f 1492/2800/624 1496/2807/624 972/2080/624 970/2078/624
f 1053/2165/625 1049/2161/625 1493/2801/625 1497/2808/625
f 1497/2808/626 1493/2801/626 1494/2809/626 1498/2810/626
f 1498/2811/627 1494/2803/627 1052/2164/627 1056/2168/627
f 1054/2166/628 1058/2170/628 1499/2812/628 1495/2804/628
f 1495/2804/629 1499/2812/629 1500/2813/629 1496/2805/629
f 1496/2807/630 1500/2814/630 974/2082/630 972/2080/630
f 1057/2169/631 1053/2165/631 1497/2808/631 1501/2815/631
f 1501/2815/632 1497/2808/632 1498/2810/632 1502/2816/632
f 1502/2817/633 1498/2811/633 1056/2168/633 1060/2172/633
f 1058/2170/634 1062/2174/634 1503/2818/634 1499/2812/634
f 1499/2812/635 1503/2818/635 1504/2819/635 1500/2813/635
f 1500/2814/636 1504/2820/636 976/2084/636 974/2082/636
f 1061/2173/637 1057/2169/637 1501/2815/637 1505/2821/637
f 1505/2821/638 1501/2815/638 1502/2816/638 1506/2822/638
f 1506/2823/639 1502/2817/639 1060/2172/639 1064/2176/639
f 1062/2174/640 1066/2178/640 1507/2824/640 1503/2818/640
f 1503/2825/641 1507/2826/641 1508/2827/641 1504/2820/641
f 1504/2820/642 1508/2827/642 978/2086/642 976/2084/642
f 1065/2177/643 1061/2173/643 1505/2821/643 1509/2828/643
f 1509/2828/644 1505/2821/644 1506/2822/644 1510/2829/644
f 1510/2830/645 1506/2823/645 1064/2176/645 1068/2180/645
f 1066/2178/646 1070/2182/646 1511/2831/646 1507/2824/646
f 1507/2826/647 1511/2832/647 1512/2833/647 1508/2827/647
f 1508/2827/648 1512/2833/648 980/2088/648 978/2086/648
f 1069/2181/649 1065/2177/649 1509/2828/649 1513/2834/649
f 1513/2834/650 1509/2828/650 1510/2829/650 1514/2835/650
f 1514/2836/651 1510/2837/651 1068/2838/651 1072/2839/651
f 1070/2182/652 1074/2186/652 1515/2840/652 1511/2831/652
f 1511/2832/653 1515/2841/653 1516/2842/653 1512/2833/653
f 1512/2833/654 1516/2842/654 982/2090/654 980/2088/654
f 1073/2185/655 1069/2181/655 1513/2834/655 1517/2843/655
f 1517/2844/656 1513/2845/656 1514/2836/656 1518/2846/656
f 1518/2846/657 1514/2836/657 1072/2839/657 1076/2847/657
f 1074/2186/658 1078/2848/658 1519/2849/658 1515/2840/658
f 1515/2841/659 1519/2850/659 1520/2851/659 1516/2842/659
f 1516/2842/660 1520/2851/660 984/2092/660 982/2090/660
f 1077/2191/661 1073/2190/661 1517/2844/661 1521/2852/661
f 1521/2852/662 1517/2844/662 1518/2846/662 1522/2853/662
f 1522/2853/663 1518/2846/663 1076/2847/663 1080/2854/663
f 1078/2192/664 1082/2196/664 1523/2855/664 1519/2856/664
f 1519/2850/665 1523/2857/665 1524/2858/665 1520/2851/665
f 1520/2851/666 1524/2858/666 986/2094/666 984/2092/666
f 1081/2195/667 1077/2191/667 1521/2852/667 1525/2859/667
f 1525/2859/668 1521/2852/668 1522/2853/668 1526/2860/668
f 1526/2860/669 1522/2853/669 1080/2854/669 1084/2861/669
f 1082/2196/670 1086/2200/670 1527/2862/670 1523/2855/670
f 1523/2857/671 1527/2863/671 1528/2864/671 1524/2858/671
f 1524/2858/672 1528/2864/672 988/2096/672 986/2094/672
f 1085/2199/673 1081/2195/673 1525/2859/673 1529/2865/673
f 1529/2865/674 1525/2859/674 1526/2860/674 1530/2866/674
f 1530/2866/675 1526/2860/675 1084/2861/675 1088/2867/675
f 1086/2200/676 1090/2204/676 1531/2868/676 1527/2862/676
f 1527/2863/677 1531/2869/677 1532/2870/677 1528/2864/677
f 1528/2864/678 1532/2870/678 990/2098/678 988/2096/678
f 1089/2203/679 1085/2199/679 1529/2865/679 1533/2871/679
f 1533/2871/680 1529/2865/680 1530/2866/680 1534/2872/680
f 1534/2872/681 1530/2866/681 1088/2867/681 1092/2873/681
f 1090/2204/682 1094/2208/682 1535/2874/682 1531/2868/682
f 1531/2869/683 1535/2875/683 1536/2876/683 1532/2870/683
f 1532/2870/684 1536/2876/684 992/2100/684 990/2098/684
f 1093/2207/685 1089/2203/685 1533/2871/685 1537/2877/685
f 1537/2877/686 1533/2871/686 1534/2872/686 1538/2878/686
f 1538/2878/687 1534/2872/687 1092/2873/687 1096/2879/687
f 1094/2208/688 1098/2212/688 1539/2880/688 1535/2874/688
f 1535/2875/689 1539/2881/689 1540/2882/689 1536/2876/689
f 1536/2876/690 1540/2882/690 994/2102/690 992/2100/690
f 1097/2211/691 1093/2207/691 1537/2877/691 1541/2883/691
f 1541/2883/692 1537/2877/692 1538/2878/692 1542/2884/692
f 1542/2884/693 1538/2878/693 1096/2879/693 1100/2885/693
f 1098/2212/694 1102/2216/694 1543/2886/694 1539/2880/694
f 1539/2881/695 1543/2887/695 1544/2888/695 1540/2882/695
f 1540/2882/696 1544/2888/696 996/2104/696 994/2102/696
f 1101/2215/697 1097/2211/697 1541/2883/697 1545/2889/697
f 1545/2889/698 1541/2883/698 1542/2884/698 1546/2890/698
f 1546/2890/699 1542/2884/699 1100/2885/699 1104/2891/699
f 1102/2892/700 1106/2223/700 1547/2893/700 1543/2894/700
f 1543/2887/701 1547/2895/701 1548/2896/701 1544/2888/701
f 1544/2888/702 1548/2896/702 998/2106/702 996/2104/702
f 1105/2219/703 1101/2215/703 1545/2889/703 1549/2897/703
f 1549/2897/704 1545/2889/704 1546/2890/704 1550/2898/704
f 1550/2898/705 1546/2890/705 1104/2891/705 1108/2899/705
f 1106/2223/706 1110/2226/706 1551/2900/706 1547/2893/706
f 1547/2895/707 1551/2901/707 1552/2902/707 1548/2896/707
f 1548/2896/708 1552/2902/708 1000/2108/708 998/2106/708
f 1109/2225/709 1105/2224/709 1549/2903/709 1553/2904/709
f 1553/2905/710 1549/2897/710 1550/2898/710 1554/2906/710
f 1554/2906/711 1550/2898/711 1108/2899/711 1112/2907/711
f 1110/2226/712 1114/2230/712 1555/2908/712 1551/2900/712
f 1551/2901/713 1555/2909/713 1556/2910/713 1552/2902/713
f 1552/2902/714 1556/2910/714 1002/2110/714 1000/2108/714
f 1113/2229/715 1109/2225/715 1553/2904/715 1557/2911/715
f 1557/2911/716 1553/2904/716 1554/2912/716 1558/2913/716
f 1558/2914/717 1554/2906/717 1112/2907/717 1116/2915/717
f 1114/2230/718 1118/2234/718 1559/2916/718 1555/2908/718
f 1555/2909/719 1559/2917/719 1560/2918/719 1556/2910/719
f 1556/2910/720 1560/2918/720 1004/2112/720 1002/2110/720
f 1117/2233/721 1113/2229/721 1557/2911/721 1561/2919/721
f 1561/2919/722 1557/2911/722 1558/2913/722 1562/2920/722
f 1562/2921/723 1558/2922/723 1116/2232/723 1120/2236/723
f 1118/2234/724 1122/2238/724 1563/2923/724 1559/2916/724
f 1559/2916/725 1563/2923/725 1564/2924/725 1560/2925/725
f 1560/2918/726 1564/2926/726 1006/2114/726 1004/2112/726
f 1121/2237/727 1117/2233/727 1561/2919/727 1565/2927/727
f 1565/2927/728 1561/2919/728 1562/2920/728 1566/2928/728
f 1566/2929/729 1562/2921/729 1120/2236/729 1124/2240/729
f 1122/2238/730 1126/2242/730 1567/2930/730 1563/2923/730
f 1563/2923/731 1567/2930/731 1568/2931/731 1564/2924/731
f 1564/2926/732 1568/2932/732 1008/2116/732 1006/2114/732
f 1125/2241/733 1121/2237/733 1565/2927/733 1569/2933/733
f 1569/2933/734 1565/2927/734 1566/2928/734 1570/2934/734
f 1570/2935/735 1566/2929/735 1124/2240/735 1128/2244/735
f 1126/2242/736 1130/2246/736 1571/2936/736 1567/2930/736
f 1567/2930/737 1571/2936/737 1572/2937/737 1568/2931/737
f 1568/2932/738 1572/2938/738 1010/2118/738 1008/2116/738
f 1129/2245/739 1125/2241/739 1569/2933/739 1573/2939/739
f 1573/2939/740 1569/2933/740 1570/2934/740 1574/2940/740
f 1574/2941/741 1570/2935/741 1128/2244/741 1132/2248/741
f 1130/2246/742 1134/2250/742 1575/2942/742 1571/2936/742
f 1571/2943/743 1575/2944/743 1576/2945/743 1572/2946/743
f 1572/2938/744 1576/2947/744 1012/2120/744 1010/2118/744
f 1133/2249/745 1129/2245/745 1573/2939/745 1577/2948/745
f 1577/2949/746 1573/2950/746 1574/2941/746 1578/2951/746
f 1578/2951/747 1574/2941/747 1132/2248/747 1136/2252/747
f 1134/2250/748 1138/2254/748 1579/2952/748 1575/2942/748
f 1575/2944/749 1579/2953/749 1580/2954/749 1576/2945/749
f 1576/2947/750 1580/2955/750 1014/2122/750 1012/2120/750
f 1137/2253/751 1133/2249/751 1577/2948/751 1581/2956/751
f 1581/2957/752 1577/2949/752 1578/2951/752 1582/2958/752
f 1582/2958/753 1578/2951/753 1136/2252/753 1140/2256/753
f 1138/2959/754 1142/2960/754 1583/2961/754 1579/2953/754
f 1579/2953/755 1583/2961/755 1584/2962/755 1580/2954/755
f 1580/2954/756 1584/2962/756 1016/2963/756 1014/2964/756
f 1141/2262/757 1137/2965/757 1581/2957/757 1585/2966/757
f 1585/2966/758 1581/2957/758 1582/2958/758 1586/2967/758
f 1586/2967/759 1582/2958/759 1140/2256/759 1144/2260/759
f 1142/2960/760 1146/2968/760 1587/2969/760 1583/2961/760
f 1583/2961/761 1587/2969/761 1588/2970/761 1584/2962/761
f 1584/2962/762 1588/2970/762 1018/2971/762 1016/2963/762
f 1145/2263/763 1141/2262/763 1585/2966/763 1589/2972/763
f 1589/2972/764 1585/2966/764 1586/2967/764 1590/2973/764
f 1590/2973/765 1586/2967/765 1144/2260/765 1148/2266/765
f 1146/2968/766 955/2974/766 1591/2975/766 1587/2969/766
f 1587/2969/767 1591/2975/767 1592/2976/767 1588/2970/767
f 1588/2970/768 1592/2976/768 1022/2977/768 1018/2971/768
f 956/2064/769 1145/2263/769 1589/2972/769 1593/2978/769
f 1593/2978/770 1589/2972/770 1590/2973/770 1594/2979/770
f 1594/2979/771 1590/2973/771 1148/2266/771 1036/2148/771
f 955/2974/772 958/2756/772 1468/2759/772 1591/2975/772
f 1591/2975/773 1468/2759/773 1470/2761/773 1592/2976/773
f 1592/2976/774 1470/2761/774 1024/2763/774 1022/2977/774
f 957/2065/775 956/2064/775 1593/2978/775 1471/2764/775
f 1471/2764/776 1593/2978/776 1594/2979/776 1473/2766/776
f 1473/2766/777 1594/2979/777 1036/2148/777 1034/2146/777
f 960/2068/278 1023/2133/278 1024/2134/278 961/2069/278
o Cylinder.004_Cylinder.003
v -0.003513 0.545583 0.391439
v -0.195860 1.060796 0.388549
v -0.196437 1.060582 0.388488
v -0.003741 0.544772 0.391379
v -0.196992 1.060376 0.388309
v -0.003962 0.543992 0.391199
v -0.197503 1.060187 0.388018
v -0.004164 0.543274 0.390908
v -0.197951 1.060021 0.387625
v -0.004342 0.542644 0.390516
v -0.198318 1.059884 0.387148
v -0.004488 0.542127 0.390038
v -0.198591 1.059783 0.386602
v -0.004596 0.541743 0.389493
v -0.198760 1.059721 0.386011
v -0.004663 0.541507 0.388901
v -0.198817 1.059700 0.385396
v -0.004686 0.541428 0.388286
v -0.198760 1.059721 0.384781
v -0.004663 0.541507 0.387671
v -0.198591 1.059783 0.384189
v -0.004596 0.541743 0.387080
v -0.198318 1.059884 0.383644
v -0.004488 0.542127 0.386535
v -0.197951 1.060021 0.383166
v -0.004342 0.542644 0.386057
v -0.197503 1.060187 0.382774
v -0.004164 0.543274 0.385664
v -0.196992 1.060376 0.382483
v -0.003962 0.543992 0.385373
v -0.196437 1.060582 0.382303
v -0.003741 0.544772 0.385194
v -0.195860 1.060796 0.382243
v -0.003513 0.545583 0.385133
v -0.195284 1.061010 0.382303
v -0.003284 0.546393 0.385194
v -0.194729 1.061216 0.382483
v -0.003064 0.547172 0.385373
v -0.194218 1.061405 0.382774
v -0.002861 0.547891 0.385664
v -0.193770 1.061571 0.383166
v -0.002684 0.548521 0.386057
v -0.193402 1.061708 0.383644
v -0.002538 0.549037 0.386535
v -0.193129 1.061809 0.384189
v -0.002430 0.549421 0.387080
v -0.192961 1.061871 0.384781
v -0.002363 0.549657 0.387671
v -0.192904 1.061892 0.385396
v -0.002341 0.549737 0.388286
v -0.192961 1.061871 0.386011
v -0.002363 0.549657 0.388901
v -0.193129 1.061809 0.386602
v -0.002430 0.549421 0.389493
v -0.193402 1.061708 0.387148
v -0.002538 0.549037 0.390038
v -0.193770 1.061571 0.387625
v -0.002684 0.548521 0.390516
v -0.194218 1.061405 0.388018
v -0.002861 0.547891 0.390908
v -0.194729 1.061216 0.388309
v -0.003064 0.547172 0.391199
v -0.204108 1.091927 0.372340
v -0.204193 1.091640 0.371801
v -0.204401 1.092200 0.371552
v -0.204332 1.092530 0.372072
v -0.195284 1.061010 0.388488
v -0.003284 0.546393 0.391379
v 0.254191 -0.269584 0.390516
v 0.253862 -0.269706 0.390038
v 0.279122 -0.320644 0.389654
v 0.279379 -0.320548 0.390027
v -0.045386 0.628080 0.391379
v -0.210874 1.073063 0.388523
v -0.211451 1.072849 0.388584
v -0.046040 0.628122 0.391439
v -0.222886 1.097254 0.384851
v -0.222466 1.097495 0.385231
v -0.223092 1.099182 0.384711
v -0.223495 1.098896 0.384340
v -0.223220 1.097026 0.384388
v -0.223808 1.098613 0.383889
v -0.223453 1.096817 0.383861
v -0.224019 1.098344 0.383374
v -0.223577 1.096636 0.383290
v -0.224120 1.098100 0.382815
v -0.223587 1.096490 0.382696
v -0.224107 1.097890 0.382234
v -0.223483 1.096382 0.382103
v -0.223980 1.097722 0.381652
v -0.223269 1.096320 0.381532
v -0.223745 1.097603 0.381094
v -0.222952 1.096305 0.381008
v -0.223409 1.097537 0.380579
v -0.222546 1.096338 0.380548
v -0.222987 1.097527 0.380127
v -0.222066 1.096419 0.380171
v -0.222495 1.097572 0.379757
v -0.221532 1.096544 0.379890
v -0.221950 1.097672 0.379481
v -0.220963 1.096711 0.379717
v -0.221375 1.097823 0.379312
v -0.220381 1.096911 0.379659
v -0.220792 1.098018 0.379254
v -0.219809 1.097139 0.379717
v -0.220222 1.098251 0.379312
v -0.219269 1.097383 0.379890
v -0.219687 1.098512 0.379481
v -0.218782 1.097637 0.380171
v -0.219210 1.098791 0.379757
v -0.218365 1.097888 0.380548
v -0.218806 1.099077 0.380127
v -0.218036 1.098128 0.381008
v -0.218493 1.099360 0.380579
v -0.217806 1.098346 0.381532
v -0.218282 1.099629 0.381094
v -0.217684 1.098533 0.382103
v -0.218181 1.099873 0.381652
v -0.217675 1.098683 0.382696
v -0.218194 1.100083 0.382234
v -0.217778 1.098787 0.383290
v -0.218321 1.100250 0.382815
v -0.217991 1.098843 0.383861
v -0.218557 1.100370 0.383374
v -0.218304 1.098849 0.384388
v -0.218892 1.100436 0.383889
v -0.218705 1.098805 0.384851
v -0.219314 1.100446 0.384340
v -0.219181 1.098713 0.385231
v -0.219807 1.100400 0.384711
v -0.219712 1.098578 0.385513
v -0.220351 1.100301 0.384986
v -0.220279 1.098406 0.385687
v -0.220926 1.100150 0.385155
v -0.231213 1.094350 0.385687
v -0.230641 1.094576 0.385745
v -0.231290 1.096327 0.385213
v -0.231860 1.096094 0.385155
v -0.049327 0.628337 0.387671
v -0.214349 1.071774 0.384816
v -0.214181 1.071837 0.384225
v -0.049137 0.628324 0.387080
v -0.230059 1.094778 0.385687
v -0.230706 1.096522 0.385155
v -0.221975 1.097739 0.385513
v -0.222614 1.099461 0.384986
v 0.288506 -0.256857 0.385373
v 0.288965 -0.256687 0.385664
v 0.306532 -0.310478 0.386239
v 0.306175 -0.310610 0.386012
v -0.088683 0.715696 0.391379
v -0.220649 1.069438 0.388532
v -0.221226 1.069224 0.388593
v -0.089302 0.715610 0.391439
v -0.232667 1.093627 0.384851
v -0.232246 1.093867 0.385231
v -0.232872 1.095554 0.384711
v -0.233275 1.095268 0.384340
v -0.233000 1.093398 0.384388
v -0.233589 1.094985 0.383889
v -0.233234 1.093190 0.383861
v -0.233800 1.094716 0.383374
v -0.233358 1.093009 0.383290
v -0.233900 1.094472 0.382815
v -0.233368 1.092862 0.382696
v -0.233887 1.094263 0.382234
v -0.233264 1.092755 0.382103
v -0.233760 1.094095 0.381652
v -0.233049 1.092692 0.381532
v -0.233525 1.093976 0.381094
v -0.232733 1.092677 0.381008
v -0.233190 1.093909 0.380579
v -0.232327 1.092710 0.380548
v -0.232768 1.093899 0.380127
v -0.231847 1.092791 0.380171
v -0.232275 1.093945 0.379757
v -0.231312 1.092917 0.379890
v -0.231731 1.094045 0.379481
v -0.230743 1.093083 0.379717
v -0.231156 1.094196 0.379312
v -0.230162 1.093284 0.379659
v -0.230572 1.094391 0.379254
v -0.229589 1.093511 0.379717
v -0.230002 1.094624 0.379312
v -0.229049 1.093756 0.379890
v -0.229468 1.094884 0.379481
v -0.228562 1.094010 0.380171
v -0.228990 1.095163 0.379757
v -0.228146 1.094261 0.380548
v -0.228587 1.095450 0.380127
v -0.227817 1.094500 0.381008
v -0.228274 1.095733 0.380579
v -0.227587 1.094718 0.381532
v -0.228063 1.096002 0.381094
v -0.227465 1.094906 0.382103
v -0.227962 1.096245 0.381652
v -0.227455 1.095055 0.382696
v -0.227975 1.096456 0.382234
v -0.227559 1.095159 0.383290
v -0.228102 1.096623 0.382815
v -0.227771 1.095216 0.383861
v -0.228337 1.096742 0.383374
v -0.228084 1.095221 0.384388
v -0.228673 1.096809 0.383889
v -0.228486 1.095178 0.384851
v -0.229094 1.096819 0.384340
v -0.228961 1.095086 0.385231
v -0.229587 1.096773 0.384711
v -0.229493 1.094951 0.385513
v -0.230131 1.096673 0.384986
v -0.091067 0.715364 0.390908
v -0.222868 1.068615 0.388061
v -0.223316 1.068449 0.387670
v -0.091548 0.715297 0.390516
v -0.231755 1.094112 0.385513
v -0.232394 1.095834 0.384986
v 0.258269 -0.268072 0.386535
v 0.258514 -0.267981 0.387080
v 0.282755 -0.319296 0.387344
v 0.282564 -0.319367 0.386918
v -0.046056 0.564772 0.391439
v -0.225202 1.049914 0.388549
v -0.225778 1.049700 0.388488
v -0.046679 0.564699 0.391379
v -0.226333 1.049494 0.388309
v -0.047279 0.564629 0.391199
v -0.226844 1.049304 0.388018
v -0.047831 0.564564 0.390908
v -0.227292 1.049138 0.387625
v -0.048316 0.564507 0.390516
v -0.227660 1.049002 0.387148
v -0.048714 0.564461 0.390038
v -0.227933 1.048901 0.386602
v -0.049009 0.564426 0.389493
v -0.228101 1.048838 0.386011
v -0.049190 0.564405 0.388902
v -0.228158 1.048817 0.385396
v -0.049252 0.564398 0.388286
v -0.228101 1.048838 0.384781
v -0.049190 0.564405 0.387671
v -0.227933 1.048901 0.384189
v -0.049009 0.564426 0.387080
v -0.227660 1.049002 0.383644
v -0.048714 0.564461 0.386535
v -0.227292 1.049138 0.383166
v -0.048316 0.564507 0.386057
v -0.226844 1.049304 0.382774
v -0.047831 0.564564 0.385664
v -0.226333 1.049494 0.382483
v -0.047279 0.564629 0.385373
v -0.225778 1.049700 0.382303
v -0.046679 0.564699 0.385194
v -0.225202 1.049914 0.382243
v -0.046056 0.564772 0.385133
v -0.224625 1.050127 0.382303
v -0.045432 0.564845 0.385194
v -0.224070 1.050333 0.382483
v -0.044833 0.564915 0.385373
v -0.223559 1.050523 0.382774
v -0.044280 0.564979 0.385664
v -0.223112 1.050689 0.383166
v -0.043796 0.565036 0.386057
v -0.222744 1.050825 0.383644
v -0.043399 0.565083 0.386535
v -0.222471 1.050927 0.384189
v -0.043103 0.565117 0.387080
v -0.222302 1.050989 0.384781
v -0.042921 0.565138 0.387671
v -0.222245 1.051010 0.385396
v -0.042859 0.565145 0.388286
v -0.222302 1.050989 0.386011
v -0.042921 0.565138 0.388902
v -0.222471 1.050927 0.386602
v -0.043103 0.565117 0.389493
v -0.222744 1.050825 0.387148
v -0.043399 0.565083 0.390038
v -0.223112 1.050689 0.387625
v -0.043796 0.565036 0.390516
v -0.223559 1.050523 0.388018
v -0.044280 0.564979 0.390908
v -0.224070 1.050333 0.388309
v -0.044833 0.564915 0.391199
v -0.233449 1.081044 0.372340
v -0.233535 1.080758 0.371801
v -0.233742 1.081318 0.371552
v -0.233673 1.081647 0.372072
v -0.224625 1.050127 0.388488
v -0.045432 0.564845 0.391379
v 0.269294 -0.263983 0.386057
v 0.269696 -0.263834 0.385664
v 0.291487 -0.316058 0.386239
v 0.291173 -0.316174 0.386545
v 0.276495 -0.141612 0.391379
v 0.275973 -0.142169 0.391439
v 0.276998 -0.141078 0.391199
v 0.277460 -0.140584 0.390908
v 0.277866 -0.140152 0.390516
v 0.278199 -0.139797 0.390038
v 0.278446 -0.139533 0.389493
v 0.278599 -0.139371 0.388902
v 0.278650 -0.139316 0.388286
v 0.278599 -0.139371 0.387671
v 0.278446 -0.139533 0.387080
v 0.278199 -0.139797 0.386535
v 0.277866 -0.140152 0.386057
v 0.277460 -0.140584 0.385664
v 0.276998 -0.141078 0.385373
v 0.276495 -0.141612 0.385194
v 0.275973 -0.142169 0.385133
v 0.275451 -0.142726 0.385194
v 0.274949 -0.143261 0.385373
v 0.274486 -0.143754 0.385664
v 0.274080 -0.144187 0.386057
v 0.273748 -0.144541 0.386535
v 0.273500 -0.144805 0.387080
v 0.273348 -0.144967 0.387671
v 0.273297 -0.145022 0.388286
v 0.273348 -0.144967 0.388902
v 0.273500 -0.144805 0.389493
v 0.273748 -0.144541 0.390038
v 0.274080 -0.144187 0.390516
v 0.274486 -0.143754 0.390908
v 0.274949 -0.143261 0.391199
v 0.275451 -0.142726 0.391379
v 0.251827 -0.145282 0.391379
v 0.251092 -0.145412 0.391439
v 0.252534 -0.145157 0.391199
v -0.044757 0.628039 0.391199
v 0.253185 -0.145042 0.390908
v -0.044177 0.628001 0.390908
v 0.253756 -0.144941 0.390516
v -0.043669 0.627968 0.390516
v 0.254224 -0.144858 0.390038
v -0.043252 0.627941 0.390038
v 0.254572 -0.144797 0.389493
v -0.042943 0.627920 0.389493
v 0.254787 -0.144759 0.388902
v -0.042752 0.627908 0.388901
v 0.254859 -0.144746 0.388286
v -0.042687 0.627904 0.388286
v 0.254787 -0.144759 0.387671
v -0.042752 0.627908 0.387671
v 0.254572 -0.144797 0.387080
v -0.042943 0.627920 0.387080
v 0.254224 -0.144858 0.386535
v -0.043252 0.627941 0.386535
v 0.253756 -0.144941 0.386057
v -0.043669 0.627968 0.386057
v 0.253185 -0.145042 0.385664
v -0.044177 0.628001 0.385664
v 0.252534 -0.145157 0.385373
v -0.044757 0.628039 0.385373
v 0.251827 -0.145282 0.385194
v -0.045386 0.628080 0.385194
v 0.251092 -0.145412 0.385133
v -0.046040 0.628122 0.385133
v 0.250357 -0.145542 0.385194
v -0.046694 0.628165 0.385194
v 0.249651 -0.145667 0.385373
v -0.047322 0.628206 0.385373
v 0.249000 -0.145782 0.385664
v -0.047902 0.628244 0.385664
v 0.248429 -0.145883 0.386057
v -0.048410 0.628277 0.386057
v 0.247961 -0.145966 0.386535
v -0.048827 0.628304 0.386535
v 0.247612 -0.146028 0.387080
v 0.247398 -0.146066 0.387671
v 0.247326 -0.146079 0.388286
v -0.049392 0.628341 0.388286
v 0.247398 -0.146066 0.388902
v -0.049327 0.628337 0.388901
v 0.247612 -0.146028 0.389493
v -0.049137 0.628324 0.389493
v 0.247961 -0.145966 0.390038
v -0.048827 0.628304 0.390038
v 0.248429 -0.145883 0.390516
v -0.048410 0.628277 0.390516
v 0.249000 -0.145782 0.390908
v -0.047902 0.628244 0.390908
v 0.249651 -0.145667 0.391199
v -0.047322 0.628206 0.391199
v 0.250357 -0.145542 0.391379
v -0.046694 0.628165 0.391379
v 0.205271 -0.167717 0.391379
v 0.204552 -0.167904 0.391439
v 0.205963 -0.167536 0.391199
v 0.206601 -0.167369 0.390908
v 0.207160 -0.167224 0.390516
v 0.207619 -0.167104 0.390038
v 0.207959 -0.167015 0.389493
v 0.208169 -0.166960 0.388902
v 0.208240 -0.166942 0.388286
v 0.208169 -0.166960 0.387671
v 0.207959 -0.167015 0.387080
v 0.207619 -0.167104 0.386535
v 0.207160 -0.167224 0.386057
v 0.206601 -0.167369 0.385664
v 0.205963 -0.167536 0.385373
v 0.205271 -0.167717 0.385194
v 0.204552 -0.167904 0.385133
v 0.203832 -0.168092 0.385194
v 0.203140 -0.168272 0.385373
v 0.202502 -0.168439 0.385664
v 0.201943 -0.168584 0.386057
v 0.201485 -0.168704 0.386535
v 0.201144 -0.168793 0.387080
v 0.200934 -0.168848 0.387671
v 0.200863 -0.168866 0.388286
v 0.200934 -0.168848 0.388902
v 0.201144 -0.168793 0.389493
v 0.201485 -0.168704 0.390038
v 0.201943 -0.168584 0.390516
v 0.202502 -0.168439 0.390908
v 0.203140 -0.168272 0.391199
v 0.203832 -0.168092 0.391379
v 0.228197 -0.159084 0.391379
v 0.227479 -0.159279 0.391439
v 0.228887 -0.158897 0.391199
v -0.088087 0.715780 0.391199
v 0.229523 -0.158725 0.390908
v -0.087538 0.715856 0.390908
v 0.230080 -0.158574 0.390516
v -0.087057 0.715923 0.390516
v 0.230537 -0.158450 0.390038
v -0.086662 0.715979 0.390038
v 0.230877 -0.158358 0.389493
v -0.086368 0.716019 0.389493
v 0.231087 -0.158301 0.388902
v -0.086188 0.716045 0.388901
v 0.231158 -0.158282 0.388286
v -0.086127 0.716053 0.388286
v 0.231087 -0.158301 0.387671
v -0.086188 0.716045 0.387671
v 0.230877 -0.158358 0.387080
v -0.086368 0.716019 0.387080
v 0.230537 -0.158450 0.386535
v -0.086662 0.715979 0.386535
v 0.230080 -0.158574 0.386057
v -0.087057 0.715923 0.386057
v 0.229523 -0.158725 0.385664
v -0.087538 0.715856 0.385664
v 0.228887 -0.158897 0.385373
v -0.088087 0.715780 0.385373
v 0.228197 -0.159084 0.385194
v -0.088683 0.715696 0.385194
v 0.227479 -0.159279 0.385133
v -0.089302 0.715610 0.385133
v 0.226762 -0.159473 0.385194
v -0.089922 0.715523 0.385194
v 0.226072 -0.159660 0.385373
v -0.090518 0.715440 0.385373
v 0.225436 -0.159833 0.385664
v -0.091067 0.715364 0.385664
v 0.224878 -0.159984 0.386057
v -0.091548 0.715297 0.386057
v 0.224421 -0.160108 0.386535
v -0.091943 0.715242 0.386535
v 0.224081 -0.160200 0.387080
v -0.092236 0.715200 0.387080
v 0.223872 -0.160256 0.387671
v -0.092417 0.715175 0.387671
v 0.223801 -0.160276 0.388286
v -0.092478 0.715167 0.388286
v 0.223872 -0.160256 0.388902
v -0.092417 0.715175 0.388901
v 0.224081 -0.160200 0.389493
v -0.092236 0.715200 0.389493
v 0.224421 -0.160108 0.390038
v -0.091943 0.715242 0.390038
v 0.224878 -0.159984 0.390516
v 0.225436 -0.159833 0.390908
v 0.226072 -0.159660 0.391199
v -0.090518 0.715440 0.391199
v 0.226762 -0.159473 0.391379
v -0.089922 0.715523 0.391379
v 0.287492 -0.257233 0.391439
v 0.286975 -0.257425 0.391379
v 0.286477 -0.257609 0.391199
v 0.286019 -0.257779 0.390908
v 0.285617 -0.257928 0.390516
v 0.285288 -0.258051 0.390038
v 0.285043 -0.258142 0.389493
v 0.284892 -0.258197 0.388902
v 0.284841 -0.258216 0.388286
v 0.284892 -0.258197 0.387671
v 0.285043 -0.258142 0.387080
v 0.285288 -0.258051 0.386535
v 0.285617 -0.257928 0.386057
v 0.286019 -0.257779 0.385664
v 0.286477 -0.257609 0.385373
v 0.286975 -0.257425 0.385194
v 0.287492 -0.257233 0.385133
v 0.288009 -0.257041 0.385194
v 0.289366 -0.256538 0.386057
v 0.289695 -0.256416 0.386535
v 0.289940 -0.256325 0.387080
v 0.290091 -0.256269 0.387671
v 0.290142 -0.256250 0.388286
v 0.290091 -0.256269 0.388902
v 0.289940 -0.256325 0.389493
v 0.289695 -0.256416 0.390038
v 0.289366 -0.256538 0.390516
v 0.288965 -0.256687 0.390908
v 0.288506 -0.256857 0.391199
v 0.288009 -0.257041 0.391379
v 0.302907 -0.251516 0.391439
v 0.302390 -0.251708 0.391379
v 0.301892 -0.251892 0.391199
v 0.301434 -0.252062 0.390908
v 0.301033 -0.252211 0.390516
v 0.300703 -0.252333 0.390038
v 0.300458 -0.252424 0.389493
v 0.300307 -0.252480 0.388902
v 0.300256 -0.252499 0.388286
v 0.300307 -0.252480 0.387671
v 0.300458 -0.252424 0.387080
v 0.300703 -0.252333 0.386535
v 0.301033 -0.252211 0.386057
v 0.301434 -0.252062 0.385664
v 0.301892 -0.251892 0.385373
v 0.302390 -0.251708 0.385194
v 0.302907 -0.251516 0.385133
v 0.303424 -0.251324 0.385194
v 0.303921 -0.251140 0.385373
v 0.304379 -0.250970 0.385664
v 0.304781 -0.250821 0.386057
v 0.305111 -0.250699 0.386535
v 0.305356 -0.250608 0.387080
v 0.305507 -0.250552 0.387671
v 0.305557 -0.250533 0.388286
v 0.305507 -0.250552 0.388902
v 0.305356 -0.250608 0.389493
v 0.305111 -0.250699 0.390038
v 0.304781 -0.250821 0.390516
v 0.304379 -0.250970 0.390908
v 0.303921 -0.251140 0.391199
v 0.303424 -0.251324 0.391379
v 0.256065 -0.268889 0.391439
v 0.255548 -0.269081 0.391379
v 0.255051 -0.269265 0.391199
v 0.254593 -0.269435 0.390908
v 0.253617 -0.269797 0.389493
v 0.253466 -0.269853 0.388902
v 0.253415 -0.269872 0.388286
v 0.253466 -0.269853 0.387671
v 0.253617 -0.269797 0.387080
v 0.253862 -0.269706 0.386535
v 0.254191 -0.269584 0.386057
v 0.254593 -0.269435 0.385664
v 0.255051 -0.269265 0.385373
v 0.255548 -0.269081 0.385194
v 0.256065 -0.268889 0.385133
v 0.256583 -0.268697 0.385194
v 0.257080 -0.268513 0.385373
v 0.257538 -0.268343 0.385664
v 0.257940 -0.268194 0.386057
v 0.258665 -0.267925 0.387671
v 0.258716 -0.267906 0.388286
v 0.258665 -0.267925 0.388902
v 0.258514 -0.267981 0.389493
v 0.258269 -0.268072 0.390038
v 0.257940 -0.268194 0.390516
v 0.257538 -0.268343 0.390908
v 0.257080 -0.268513 0.391199
v 0.256583 -0.268697 0.391379
v 0.271169 -0.263287 0.391439
v 0.270652 -0.263479 0.391379
v 0.270155 -0.263663 0.391199
v 0.269696 -0.263834 0.390908
v 0.269294 -0.263983 0.390516
v 0.268965 -0.264105 0.390038
v 0.268720 -0.264196 0.389493
v 0.268569 -0.264252 0.388902
v 0.268518 -0.264270 0.388286
v 0.268569 -0.264252 0.387671
v 0.268720 -0.264196 0.387080
v 0.268965 -0.264105 0.386535
v 0.270155 -0.263663 0.385373
v 0.270652 -0.263479 0.385194
v 0.271169 -0.263287 0.385133
v 0.271686 -0.263096 0.385194
v 0.272183 -0.262911 0.385373
v 0.272641 -0.262741 0.385664
v 0.273043 -0.262592 0.386057
v 0.273372 -0.262470 0.386535
v 0.273618 -0.262379 0.387080
v 0.273768 -0.262323 0.387671
v 0.273819 -0.262304 0.388286
v 0.273768 -0.262323 0.388902
v 0.273618 -0.262379 0.389493
v 0.273372 -0.262470 0.390038
v 0.273043 -0.262592 0.390516
v 0.272641 -0.262741 0.390908
v 0.272183 -0.262911 0.391199
v 0.271686 -0.263096 0.391379
v -0.222401 1.081254 0.386000
v -0.222345 1.081275 0.385396
v -0.223363 1.084020 0.384956
v -0.223466 1.084125 0.385540
v -0.217611 1.083031 0.387588
v -0.217163 1.083197 0.387973
v -0.218390 1.086507 0.387444
v -0.218806 1.086253 0.387072
v -0.223316 1.068449 0.383210
v -0.222868 1.068615 0.382818
v -0.210320 1.073269 0.382518
v -0.209809 1.073458 0.382809
v -0.218768 1.070135 0.383688
v -0.218495 1.070237 0.384233
v -0.208994 1.073761 0.387183
v -0.209361 1.073624 0.387660
v -0.220095 1.069643 0.388353
v -0.212028 1.072635 0.388523
v -0.212582 1.072430 0.388344
v -0.223684 1.068312 0.387192
v -0.213908 1.071938 0.383679
v -0.222357 1.068804 0.382527
v -0.209361 1.073624 0.383201
v -0.218327 1.070299 0.384825
v -0.209809 1.073458 0.388053
v -0.213093 1.072240 0.388053
v -0.223957 1.068211 0.386647
v -0.213541 1.072074 0.383202
v -0.221803 1.069010 0.382347
v -0.208994 1.073761 0.383679
v -0.218270 1.070320 0.385440
v -0.210320 1.073269 0.388344
v -0.213541 1.072074 0.387660
v -0.224125 1.068149 0.386055
v -0.213093 1.072240 0.382809
v -0.221226 1.069224 0.382287
v -0.208721 1.073862 0.384224
v -0.218327 1.070299 0.386055
v -0.213908 1.071938 0.387183
v -0.224182 1.068128 0.385440
v -0.212582 1.072430 0.382518
v -0.220649 1.069438 0.382347
v -0.208552 1.073924 0.384816
v -0.218495 1.070237 0.386647
v -0.221433 1.097978 0.385687
v -0.222079 1.099722 0.385155
v -0.214181 1.071837 0.386638
v -0.224125 1.068149 0.384825
v -0.212028 1.072635 0.382339
v -0.220095 1.069643 0.382527
v -0.221803 1.069010 0.388533
v -0.208495 1.073945 0.385431
v -0.218768 1.070135 0.387192
v -0.214349 1.071774 0.386046
v -0.223957 1.068211 0.384233
v -0.211451 1.072849 0.382278
v -0.219584 1.069833 0.382818
v -0.208552 1.073924 0.386046
v -0.219136 1.069999 0.387670
v -0.222357 1.068804 0.388353
v -0.214406 1.071753 0.385431
v -0.223684 1.068312 0.383688
v -0.210874 1.073063 0.382339
v -0.219136 1.069999 0.383210
v -0.208721 1.073862 0.386637
v -0.219584 1.069833 0.388061
v -0.232174 1.106249 0.380390
v -0.232612 1.106302 0.380823
v -0.227503 1.107736 0.379895
v -0.227585 1.107441 0.379359
v -0.214944 1.084020 0.388437
v -0.214389 1.084226 0.388261
v -0.215641 1.087603 0.387720
v -0.216211 1.087438 0.387890
v -0.217979 1.082895 0.387118
v -0.219134 1.086010 0.386619
v -0.222570 1.081192 0.386582
v -0.223681 1.084188 0.386101
v -0.215521 1.083806 0.388497
v -0.216793 1.087238 0.387948
v -0.218252 1.082793 0.386582
v -0.219363 1.085790 0.386101
v -0.222843 1.081091 0.387118
v -0.223998 1.084206 0.386619
v -0.226432 1.079759 0.388261
v -0.225878 1.079965 0.388437
v -0.227145 1.083383 0.387890
v -0.227685 1.083136 0.387720
v -0.218420 1.082731 0.386000
v -0.219485 1.085601 0.385540
v -0.223210 1.080954 0.387588
v -0.224405 1.084176 0.387072
v -0.225301 1.080179 0.388497
v -0.226574 1.083610 0.387948
v -0.218477 1.082710 0.385396
v -0.219495 1.085455 0.384956
v -0.223659 1.080788 0.387973
v -0.224886 1.084098 0.387444
v -0.226944 1.079570 0.387973
v -0.228171 1.082880 0.387444
v -0.218420 1.082731 0.384792
v -0.219393 1.085355 0.384372
v -0.224169 1.080598 0.388261
v -0.225422 1.083975 0.387720
v -0.227391 1.079404 0.387588
v -0.228586 1.082625 0.387072
v -0.218252 1.082793 0.384212
v -0.219184 1.085307 0.383809
v -0.224724 1.080393 0.388437
v -0.225992 1.083811 0.387890
v -0.227759 1.079267 0.387118
v -0.228914 1.082382 0.386619
v -0.217979 1.082895 0.383677
v -0.218875 1.085312 0.383289
v -0.228032 1.079166 0.386582
v -0.229144 1.082162 0.386101
v -0.217611 1.083031 0.383209
v -0.218478 1.085369 0.382833
v -0.228200 1.079104 0.386000
v -0.229265 1.081974 0.385540
v -0.217163 1.083197 0.382825
v -0.218007 1.085473 0.382459
v -0.228257 1.079083 0.385396
v -0.229275 1.081827 0.384956
v -0.216652 1.083387 0.382540
v -0.217479 1.085618 0.382180
v -0.228200 1.079104 0.384792
v -0.229174 1.081728 0.384372
v -0.216097 1.083592 0.382364
v -0.216915 1.085798 0.382008
v -0.228032 1.079166 0.384212
v -0.228965 1.081679 0.383809
v -0.215521 1.083806 0.382305
v -0.216336 1.086003 0.381950
v -0.227759 1.079267 0.383677
v -0.228656 1.081684 0.383289
v -0.214944 1.084020 0.382364
v -0.215762 1.086226 0.382008
v -0.227391 1.079404 0.383209
v -0.228258 1.081741 0.382833
v -0.214389 1.084226 0.382540
v -0.215217 1.086458 0.382180
v -0.226943 1.079569 0.382825
v -0.227788 1.081846 0.382459
v -0.213878 1.084415 0.382825
v -0.214722 1.086691 0.382459
v -0.226432 1.079759 0.382540
v -0.227260 1.081991 0.382180
v -0.213430 1.084582 0.383209
v -0.214297 1.086919 0.382833
v -0.225878 1.079965 0.382364
v -0.226696 1.082171 0.382008
v -0.213063 1.084718 0.383677
v -0.213959 1.087135 0.383289
v -0.225301 1.080179 0.382305
v -0.226116 1.082376 0.381950
v -0.212789 1.084820 0.384212
v -0.213721 1.087333 0.383809
v -0.224724 1.080393 0.382364
v -0.225542 1.082599 0.382008
v -0.212621 1.084882 0.384792
v -0.213594 1.087506 0.384372
v -0.224169 1.080598 0.382540
v -0.224997 1.082830 0.382180
v -0.212564 1.084903 0.385396
v -0.213582 1.087648 0.384956
v -0.223658 1.080788 0.382825
v -0.224503 1.083064 0.382459
v -0.212621 1.084882 0.386000
v -0.213686 1.087752 0.385540
v -0.223210 1.080954 0.383209
v -0.224077 1.083292 0.382833
v -0.212789 1.084820 0.386582
v -0.213900 1.087816 0.386101
v -0.222843 1.081091 0.383677
v -0.223739 1.083508 0.383289
v -0.213063 1.084718 0.387118
v -0.214218 1.087833 0.386619
v -0.216652 1.083387 0.388261
v -0.216097 1.083592 0.388437
v -0.217365 1.087010 0.387890
v -0.217904 1.086764 0.387720
v -0.222570 1.081192 0.384212
v -0.223502 1.083705 0.383809
v -0.213430 1.084582 0.387588
v -0.214625 1.087803 0.387072
v -0.220860 1.098203 0.385745
v -0.221510 1.099954 0.385213
v -0.222401 1.081254 0.384792
v -0.223375 1.083879 0.384372
v -0.213878 1.084416 0.387973
v -0.215106 1.087726 0.387444
v -0.234252 1.106081 0.381605
v -0.233671 1.106216 0.381443
v -0.236432 1.113661 0.377667
v -0.237026 1.113559 0.377808
v -0.227150 1.106784 0.377707
v -0.227404 1.106955 0.378243
v -0.229922 1.113744 0.374898
v -0.229627 1.113462 0.374434
v -0.235405 1.105653 0.381605
v -0.235934 1.105376 0.381443
v -0.227551 1.107176 0.378801
v -0.233117 1.106290 0.381178
v -0.236402 1.105072 0.381178
v -0.236793 1.104751 0.380823
v -0.237090 1.104426 0.380390
v -0.226796 1.106669 0.377212
v -0.234837 1.105891 0.381661
v -0.237283 1.104109 0.379895
v -0.226359 1.106617 0.376779
v -0.237366 1.103813 0.379359
v -0.225854 1.106629 0.376423
v -0.237332 1.103549 0.378801
v -0.225300 1.106703 0.376159
v -0.237185 1.103327 0.378243
v -0.224719 1.106838 0.375996
v -0.236930 1.103156 0.377707
v -0.224133 1.107028 0.375941
v -0.236577 1.103042 0.377212
v -0.223565 1.107265 0.375996
v -0.236140 1.102990 0.376779
v -0.223037 1.107542 0.376159
v -0.235634 1.103001 0.376423
v -0.222569 1.107847 0.376423
v -0.235080 1.103075 0.376159
v -0.222178 1.108168 0.376779
v -0.234499 1.103210 0.375996
v -0.221880 1.108493 0.377212
v -0.233914 1.103400 0.375941
v -0.221687 1.108810 0.377707
v -0.233346 1.103638 0.375996
v -0.221606 1.109105 0.378243
v -0.232818 1.103914 0.376159
v -0.221639 1.109370 0.378801
v -0.232349 1.104219 0.376423
v -0.221786 1.109592 0.379359
v -0.231959 1.104540 0.376779
v -0.222041 1.109762 0.379895
v -0.231661 1.104865 0.377212
v -0.222394 1.109877 0.380390
v -0.225057 1.109519 0.381661
v -0.225625 1.109281 0.381605
v -0.231468 1.105182 0.377707
v -0.222832 1.109929 0.380823
v -0.226153 1.109004 0.381443
v -0.231386 1.105478 0.378243
v -0.223337 1.109918 0.381178
v -0.226622 1.108699 0.381178
v -0.231419 1.105742 0.378801
v -0.223891 1.109843 0.381443
v -0.227012 1.108378 0.380823
v -0.231566 1.105964 0.379359
v -0.224471 1.109708 0.381605
v -0.227310 1.108053 0.380390
v -0.231821 1.106135 0.379895
v -0.239892 1.110453 0.375381
v -0.239968 1.110831 0.375864
v -0.243229 1.119622 0.368459
v -0.243138 1.119202 0.368014
v -0.228233 1.113044 0.373323
v -0.228765 1.113106 0.373631
v -0.231956 1.121707 0.366402
v -0.231413 1.121619 0.366119
v -0.239507 1.112069 0.377131
v -0.239771 1.111655 0.376756
v -0.229236 1.113247 0.374006
v -0.237615 1.113380 0.377856
v -0.239927 1.111237 0.376328
v -0.227659 1.113065 0.373094
v -0.239703 1.110116 0.374898
v -0.227066 1.113166 0.372953
v -0.239407 1.109835 0.374434
v -0.226476 1.113345 0.372906
v -0.239016 1.109619 0.374006
v -0.225912 1.113594 0.372953
v -0.238546 1.109478 0.373631
v -0.225397 1.113904 0.373094
v -0.238013 1.109417 0.373323
v -0.224948 1.114262 0.373323
v -0.237440 1.109437 0.373094
v -0.224585 1.114656 0.373631
v -0.236846 1.109538 0.372953
v -0.224320 1.115070 0.374006
v -0.236257 1.109717 0.372906
v -0.224164 1.115488 0.374434
v -0.235693 1.109966 0.372953
v -0.224124 1.115894 0.374898
v -0.235177 1.110276 0.373094
v -0.224199 1.116273 0.375381
v -0.234728 1.110635 0.373323
v -0.224389 1.116609 0.375864
v -0.234365 1.111029 0.373631
v -0.224684 1.116890 0.376328
v -0.234100 1.111443 0.374006
v -0.225075 1.117106 0.376756
v -0.227835 1.117008 0.377856
v -0.228398 1.116759 0.377808
v -0.233945 1.111861 0.374434
v -0.225546 1.117247 0.377131
v -0.228914 1.116449 0.377667
v -0.233904 1.112267 0.374898
v -0.226078 1.117308 0.377439
v -0.229363 1.116090 0.377439
v -0.233980 1.112645 0.375381
v -0.226652 1.117288 0.377667
v -0.229726 1.115696 0.377131
v -0.234169 1.112981 0.375864
v -0.227245 1.117187 0.377808
v -0.229991 1.115282 0.376756
v -0.234465 1.113263 0.376328
v -0.230147 1.114864 0.376328
v -0.234855 1.113478 0.376756
v -0.238179 1.113131 0.377808
v -0.230187 1.114458 0.375864
v -0.235326 1.113619 0.377131
v -0.238695 1.112821 0.377667
v -0.230112 1.114080 0.375381
v -0.235858 1.113681 0.377439
v -0.239143 1.112463 0.377439
v -0.227775 1.123258 0.366402
v -0.228128 1.122837 0.366119
v -0.229772 1.127269 0.361601
v -0.229419 1.127689 0.361885
v -0.240613 1.117992 0.365908
v -0.241194 1.117992 0.366119
v -0.242838 1.122424 0.361601
v -0.242257 1.122424 0.361391
v -0.230832 1.121620 0.365908
v -0.242933 1.118825 0.367569
v -0.230235 1.121709 0.365778
v -0.242623 1.118505 0.367142
v -0.229643 1.121884 0.365735
v -0.242218 1.118253 0.366747
v -0.229081 1.122137 0.365778
v -0.241736 1.118080 0.366402
v -0.228570 1.122459 0.365908
v -0.240015 1.118082 0.365778
v -0.227522 1.123703 0.366747
v -0.239424 1.118257 0.365735
v -0.227380 1.124158 0.367142
v -0.238862 1.118510 0.365778
v -0.227354 1.124603 0.367569
v -0.238350 1.118831 0.365908
v -0.227445 1.125023 0.368014
v -0.237909 1.119210 0.366119
v -0.227649 1.125400 0.368459
v -0.237555 1.119630 0.366402
v -0.227960 1.125721 0.368886
v -0.237302 1.120076 0.366747
v -0.228364 1.125973 0.369280
v -0.231158 1.125969 0.370293
v -0.231721 1.125716 0.370250
v -0.237160 1.120530 0.367142
v -0.228846 1.126146 0.369626
v -0.232232 1.125394 0.370120
v -0.237134 1.120976 0.367569
v -0.229388 1.126234 0.369909
v -0.232673 1.125015 0.369909
v -0.237225 1.121395 0.368014
v -0.229970 1.126233 0.370120
v -0.233027 1.124596 0.369626
v -0.237430 1.121773 0.368459
v -0.230567 1.126144 0.370250
v -0.233280 1.124149 0.369280
v -0.237740 1.122094 0.368886
v -0.233422 1.123695 0.368886
v -0.238144 1.122345 0.369280
v -0.240939 1.122342 0.370293
v -0.241501 1.122088 0.370250
v -0.233448 1.123250 0.368459
v -0.238627 1.122519 0.369626
v -0.242013 1.121766 0.370120
v -0.233357 1.122830 0.368014
v -0.239169 1.122606 0.369909
v -0.242453 1.121388 0.369909
v -0.233152 1.122453 0.367569
v -0.239750 1.122606 0.370120
v -0.242808 1.120968 0.369626
v -0.232842 1.122132 0.367142
v -0.240348 1.122516 0.370250
v -0.243060 1.120522 0.369280
v -0.232438 1.121880 0.366747
v -0.243202 1.120068 0.368886
v -0.233365 1.130148 0.365732
v -0.232802 1.130401 0.365776
v -0.232211 1.130576 0.365732
v -0.231613 1.130665 0.365602
v -0.231032 1.130666 0.365392
v -0.230490 1.130578 0.365108
v -0.230007 1.130405 0.364763
v -0.229603 1.130153 0.364369
v -0.229293 1.129832 0.363941
v -0.229089 1.129455 0.363496
v -0.228997 1.129035 0.363052
v -0.229023 1.128590 0.362624
v -0.229166 1.128135 0.362230
v -0.230214 1.126891 0.361391
v -0.230725 1.126569 0.361261
v -0.231287 1.126316 0.361217
v -0.231879 1.126141 0.361261
v -0.232476 1.126052 0.361391
v -0.233057 1.126051 0.361601
v -0.233599 1.126139 0.361885
v -0.234082 1.126312 0.362230
v -0.234486 1.126564 0.362624
v -0.234796 1.126884 0.363052
v -0.235001 1.127262 0.363496
v -0.235092 1.127681 0.363941
v -0.235066 1.128127 0.364369
v -0.234923 1.128581 0.364763
v -0.234671 1.129027 0.365108
v -0.234317 1.129447 0.365392
v -0.233876 1.129826 0.365602
v -0.243145 1.126520 0.365732
v -0.242583 1.126773 0.365776
v -0.241991 1.126948 0.365732
v -0.241394 1.127038 0.365602
v -0.240813 1.127038 0.365392
v -0.240270 1.126950 0.365108
v -0.239788 1.126777 0.364763
v -0.239384 1.126525 0.364369
v -0.239073 1.126205 0.363941
v -0.238869 1.125827 0.363496
v -0.238778 1.125407 0.363052
v -0.238804 1.124962 0.362624
v -0.238946 1.124508 0.362230
v -0.239199 1.124062 0.361885
v -0.239553 1.123642 0.361601
v -0.239994 1.123263 0.361391
v -0.240505 1.122941 0.361261
v -0.241068 1.122688 0.361217
v -0.241659 1.122514 0.361261
v -0.243380 1.122511 0.361885
v -0.243862 1.122684 0.362230
v -0.244267 1.122936 0.362624
v -0.244577 1.123257 0.363052
v -0.244781 1.123635 0.363496
v -0.244873 1.124054 0.363941
v -0.244846 1.124499 0.364369
v -0.244704 1.124954 0.364763
v -0.244451 1.125400 0.365108
v -0.244098 1.125820 0.365392
v -0.243656 1.126198 0.365602
v -0.204855 1.092585 0.374531
v -0.204515 1.092508 0.374022
v -0.204822 1.093335 0.373653
v -0.205196 1.093507 0.374120
v -0.233729 1.080444 0.371306
v -0.234027 1.080119 0.370874
v -0.234218 1.080634 0.370646
v -0.233926 1.080976 0.371071
v -0.234858 1.074178 0.380021
v -0.234289 1.074414 0.380078
v -0.234954 1.076209 0.378753
v -0.235521 1.075967 0.378701
v -0.239319 1.079599 0.374022
v -0.239112 1.079880 0.374531
v -0.239454 1.080801 0.374120
v -0.239626 1.080427 0.373653
v -0.209978 1.090482 0.374022
v -0.209771 1.090762 0.374531
v -0.210113 1.091683 0.374120
v -0.210285 1.091309 0.373653
v -0.236564 1.078779 0.370098
v -0.237146 1.078647 0.370259
v -0.237332 1.079148 0.370038
v -0.236749 1.079278 0.369878
v -0.207222 1.089662 0.370098
v -0.207804 1.089530 0.370259
v -0.207990 1.090030 0.370037
v -0.207408 1.090161 0.369878
v -0.233476 1.081290 0.372904
v -0.233722 1.081953 0.372609
v -0.204135 1.092173 0.372904
v -0.204381 1.092836 0.372609
v -0.239412 1.079336 0.373472
v -0.239686 1.080075 0.373143
v -0.210071 1.090218 0.373472
v -0.210345 1.090957 0.373143
v -0.235978 1.078969 0.370044
v -0.236163 1.079467 0.369824
v -0.206637 1.089851 0.370043
v -0.206822 1.090349 0.369824
v -0.233614 1.081486 0.373472
v -0.233888 1.082225 0.373143
v -0.204272 1.092369 0.373472
v -0.204546 1.093108 0.373143
v -0.238801 1.080169 0.374979
v -0.238399 1.080458 0.375349
v -0.238804 1.081550 0.374860
v -0.239177 1.081181 0.374527
v -0.209460 1.091051 0.374979
v -0.209058 1.091341 0.375349
v -0.209463 1.092432 0.374860
v -0.209835 1.092064 0.374527
v -0.239389 1.079097 0.372904
v -0.239635 1.079760 0.372609
v -0.210047 1.089980 0.372904
v -0.210293 1.090643 0.372609
v -0.235410 1.079207 0.370098
v -0.235596 1.079706 0.369878
v -0.206069 1.090090 0.370098
v -0.206254 1.090589 0.369878
v -0.233856 1.081625 0.374022
v -0.234163 1.082453 0.373653
v -0.195666 1.069339 0.383779
v -0.195848 1.069655 0.384304
v -0.239248 1.078893 0.372340
v -0.239472 1.079497 0.372072
v -0.209907 1.089776 0.372340
v -0.210131 1.090379 0.372072
v -0.234883 1.079486 0.370259
v -0.235069 1.079987 0.370038
v -0.205542 1.090369 0.370259
v -0.205727 1.090870 0.370037
v -0.234196 1.081703 0.374531
v -0.234538 1.082624 0.374120
v -0.238997 1.078732 0.371801
v -0.239205 1.079292 0.371552
v -0.209656 1.089614 0.371801
v -0.209864 1.090174 0.371552
v -0.234416 1.079794 0.370521
v -0.234603 1.080300 0.370298
v -0.205075 1.090677 0.370521
v -0.205262 1.091183 0.370297
v -0.234620 1.081720 0.374979
v -0.234996 1.082732 0.374527
v -0.205279 1.092602 0.374979
v -0.205654 1.093614 0.374527
v -0.238645 1.078621 0.371306
v -0.238843 1.079153 0.371071
v -0.209304 1.089503 0.371306
v -0.209501 1.090035 0.371071
v -0.226764 1.057594 0.380987
v -0.226312 1.057944 0.381236
v -0.204685 1.091001 0.370874
v -0.204876 1.091516 0.370646
v -0.236817 1.081231 0.375850
v -0.236234 1.081427 0.375793
v -0.236676 1.082619 0.375259
v -0.237264 1.082437 0.375310
v -0.207476 1.092114 0.375850
v -0.206892 1.092309 0.375793
v -0.207334 1.093501 0.375259
v -0.207923 1.093319 0.375310
v -0.235114 1.081677 0.375349
v -0.235519 1.082768 0.374860
v -0.205773 1.092559 0.375349
v -0.206178 1.093651 0.374860
v -0.238208 1.078568 0.370874
v -0.238399 1.079083 0.370646
v -0.208866 1.089450 0.370874
v -0.209057 1.089966 0.370646
v -0.204388 1.091327 0.371306
v -0.204585 1.091859 0.371071
v -0.235659 1.081577 0.375623
v -0.236086 1.082731 0.375107
v -0.206317 1.092460 0.375623
v -0.206745 1.093613 0.375107
v -0.229123 1.060487 0.386147
v -0.229688 1.060240 0.386096
v -0.199262 1.069968 0.386466
v -0.199827 1.069721 0.386414
v -0.237701 1.078576 0.370521
v -0.237888 1.079082 0.370298
v -0.208360 1.089458 0.370521
v -0.208547 1.089964 0.370297
v -0.209177 1.101739 0.370595
v -0.208674 1.101756 0.370236
v -0.209577 1.104191 0.368735
v -0.210107 1.104245 0.369048
v -0.236751 1.089945 0.367723
v -0.236808 1.089585 0.367226
v -0.237561 1.091614 0.365985
v -0.237516 1.092009 0.366458
v -0.225944 1.058325 0.381572
v -0.196136 1.069917 0.384809
v -0.225673 1.058723 0.381980
v -0.196520 1.070113 0.385274
v -0.200345 1.069417 0.386262
v -0.225511 1.059123 0.382445
v -0.196984 1.070238 0.385680
v -0.208580 1.091621 0.375623
v -0.209008 1.092774 0.375107
v -0.225462 1.059509 0.382950
v -0.197512 1.070287 0.386014
v -0.200797 1.069068 0.386014
v -0.225530 1.059866 0.383473
v -0.198082 1.070256 0.386262
v -0.201165 1.068688 0.385680
v -0.225711 1.060181 0.383996
v -0.198673 1.070149 0.386414
v -0.201436 1.068290 0.385274
v -0.225999 1.060440 0.384498
v -0.201598 1.067891 0.384809
v -0.226382 1.060636 0.384960
v -0.230206 1.059937 0.385944
v -0.201647 1.067504 0.384304
v -0.226847 1.060760 0.385366
v -0.237921 1.080738 0.375623
v -0.238349 1.081891 0.375107
v -0.201578 1.067146 0.383779
v -0.227373 1.060807 0.385698
v -0.230658 1.059588 0.385698
v -0.201397 1.066829 0.383253
v -0.227944 1.060776 0.385944
v -0.231027 1.059209 0.385366
v -0.201107 1.066567 0.382746
v -0.228534 1.060668 0.386096
v -0.231298 1.058812 0.384960
v -0.200723 1.066368 0.382278
v -0.231461 1.058414 0.384498
v -0.200258 1.066241 0.381868
v -0.231510 1.058030 0.383996
v -0.199729 1.066190 0.381530
v -0.231443 1.057673 0.383473
v -0.199159 1.066219 0.381279
v -0.231261 1.057358 0.382950
v -0.198567 1.066326 0.381124
v -0.230973 1.057097 0.382445
v -0.197978 1.066506 0.381072
v -0.230589 1.056900 0.381980
v -0.197414 1.066754 0.381124
v -0.230124 1.056774 0.381572
v -0.196896 1.067058 0.381279
v -0.229597 1.056726 0.381236
v -0.196444 1.067409 0.381530
v -0.229026 1.056755 0.380987
v -0.196077 1.067791 0.381868
v -0.228435 1.056863 0.380834
v -0.195807 1.068191 0.382278
v -0.227846 1.057043 0.380781
v -0.195645 1.068593 0.382746
v -0.227282 1.057290 0.380834
v -0.195597 1.068980 0.383253
v -0.210990 1.098118 0.365830
v -0.211560 1.098089 0.366066
v -0.212298 1.100079 0.364852
v -0.211727 1.100105 0.364619
v -0.242716 1.088067 0.368249
v -0.242761 1.088365 0.368785
v -0.243572 1.090550 0.367443
v -0.243500 1.090183 0.366950
v -0.206408 1.085765 0.379135
v -0.205876 1.086030 0.379306
v -0.206179 1.086850 0.378701
v -0.206703 1.086560 0.378548
v -0.236803 1.090260 0.368249
v -0.237588 1.092376 0.366950
v -0.209729 1.101658 0.370863
v -0.210679 1.104220 0.369281
v -0.212855 1.100205 0.370236
v -0.212462 1.100520 0.370595
v -0.213391 1.103027 0.369048
v -0.213758 1.102640 0.368735
v -0.236962 1.090516 0.368785
v -0.237773 1.092701 0.367443
v -0.210308 1.101518 0.371029
v -0.211271 1.104115 0.369425
v -0.213154 1.099883 0.369801
v -0.214026 1.102235 0.368352
v -0.237224 1.090705 0.369310
v -0.238064 1.092971 0.367916
v -0.240802 1.090208 0.371029
v -0.240234 1.090444 0.371084
v -0.241202 1.093053 0.369474
v -0.241765 1.092805 0.369425
v -0.213345 1.099561 0.369310
v -0.214186 1.101827 0.367916
v -0.237579 1.090824 0.369801
v -0.238451 1.093176 0.368352
v -0.211991 1.100819 0.370863
v -0.212941 1.103381 0.369281
v -0.213420 1.099247 0.368785
v -0.214230 1.101432 0.367443
v -0.238016 1.090874 0.370236
v -0.238919 1.093308 0.368735
v -0.241333 1.089936 0.370863
v -0.242283 1.092498 0.369281
v -0.213374 1.098949 0.368249
v -0.214159 1.101066 0.366950
v -0.238519 1.090856 0.370595
v -0.239448 1.093363 0.369048
v -0.235388 1.073908 0.379853
v -0.236045 1.075678 0.378548
v -0.213208 1.098676 0.367723
v -0.213974 1.100741 0.366458
v -0.239070 1.090775 0.370863
v -0.240020 1.093337 0.369281
v -0.242197 1.089323 0.370236
v -0.241803 1.089638 0.370595
v -0.242733 1.092144 0.369048
v -0.243100 1.091758 0.368735
v -0.212930 1.098441 0.367226
v -0.213683 1.100471 0.365985
v -0.239649 1.090636 0.371029
v -0.240612 1.093232 0.369425
v -0.242495 1.089001 0.369801
v -0.243367 1.091353 0.368352
v -0.212551 1.098257 0.366775
v -0.213296 1.100265 0.365549
v -0.242686 1.088679 0.369310
v -0.243527 1.090945 0.367916
v -0.212088 1.098137 0.366384
v -0.212828 1.100133 0.365166
v -0.236811 1.072322 0.377782
v -0.236742 1.072651 0.378295
v -0.237361 1.074322 0.377070
v -0.237439 1.074017 0.376543
v -0.205876 1.082765 0.374573
v -0.206424 1.082866 0.374847
v -0.206943 1.084266 0.373833
v -0.206455 1.084324 0.373445
v -0.242549 1.087794 0.367723
v -0.243315 1.089859 0.366458
v -0.210398 1.098224 0.365685
v -0.211134 1.100209 0.364476
v -0.242271 1.087559 0.367226
v -0.243024 1.089589 0.365985
v -0.209809 1.098404 0.365636
v -0.210545 1.100389 0.364427
v -0.241892 1.087375 0.366776
v -0.242637 1.089383 0.365549
v -0.209245 1.098652 0.365685
v -0.209981 1.100637 0.364476
v -0.241429 1.087254 0.366384
v -0.242170 1.089251 0.365166
v -0.208727 1.098957 0.365830
v -0.209464 1.100944 0.364619
v -0.240902 1.087207 0.366066
v -0.241640 1.089197 0.364852
v -0.208276 1.099307 0.366066
v -0.209014 1.101297 0.364852
v -0.240331 1.087235 0.365830
v -0.241068 1.089222 0.364619
v -0.207907 1.099687 0.366384
v -0.208647 1.101684 0.365166
v -0.239739 1.087342 0.365685
v -0.240476 1.089327 0.364476
v -0.207635 1.100080 0.366775
v -0.208379 1.102089 0.365549
v -0.239150 1.087522 0.365636
v -0.239886 1.089507 0.364427
v -0.207467 1.100467 0.367226
v -0.208220 1.102497 0.365985
v -0.238586 1.087770 0.365685
v -0.239322 1.089755 0.364476
v -0.207409 1.100827 0.367723
v -0.208175 1.102892 0.366458
v -0.238068 1.088074 0.365830
v -0.238805 1.090061 0.364619
v -0.207462 1.101142 0.368249
v -0.208246 1.103258 0.366950
v -0.237617 1.088425 0.366066
v -0.238355 1.090415 0.364852
v -0.207621 1.101398 0.368785
v -0.208431 1.103583 0.367443
v -0.237248 1.088805 0.366384
v -0.237989 1.090801 0.365166
v -0.207883 1.101587 0.369310
v -0.208723 1.103853 0.367916
v -0.236976 1.089198 0.366776
v -0.237721 1.091206 0.365549
v -0.208238 1.101707 0.369801
v -0.209110 1.104059 0.368352
v -0.211461 1.101091 0.371029
v -0.212424 1.103687 0.369425
v -0.211860 1.103935 0.369474
v -0.236755 1.071996 0.377268
v -0.237410 1.073762 0.375980
v -0.205291 1.082752 0.374371
v -0.205914 1.084434 0.373155
v -0.236573 1.071681 0.376777
v -0.237273 1.073569 0.375402
v -0.204690 1.082833 0.374248
v -0.205342 1.084591 0.372977
v -0.236276 1.071394 0.376324
v -0.237036 1.073443 0.374835
v -0.204097 1.083004 0.374206
v -0.204759 1.084789 0.372917
v -0.235876 1.071156 0.375919
v -0.236702 1.073382 0.374303
v -0.203536 1.083260 0.374248
v -0.204188 1.085019 0.372977
v -0.235394 1.070983 0.375572
v -0.236285 1.073383 0.373833
v -0.203028 1.083591 0.374371
v -0.203652 1.085273 0.373155
v -0.234850 1.070890 0.375291
v -0.235796 1.073442 0.373445
v -0.202592 1.083983 0.374573
v -0.203170 1.085542 0.373445
v -0.234267 1.070884 0.375084
v -0.235256 1.073552 0.373155
v -0.202243 1.084417 0.374847
v -0.202762 1.085817 0.373833
v -0.233667 1.070969 0.374956
v -0.234684 1.073709 0.372977
v -0.201994 1.084871 0.375186
v -0.202445 1.086088 0.374303
v -0.233075 1.071142 0.374913
v -0.234100 1.073906 0.372917
v -0.201850 1.085322 0.375583
v -0.202232 1.086352 0.374835
v -0.232514 1.071397 0.374956
v -0.233530 1.074137 0.372977
v -0.201813 1.085740 0.376030
v -0.202133 1.086602 0.375402
v -0.232004 1.071723 0.375084
v -0.232993 1.074391 0.373155
v -0.201882 1.086098 0.376519
v -0.202156 1.086837 0.375980
v -0.231565 1.072109 0.375291
v -0.232511 1.074660 0.373445
v -0.202050 1.086379 0.377033
v -0.202299 1.087050 0.376543
v -0.231213 1.072533 0.375572
v -0.232104 1.074934 0.373833
v -0.202315 1.086574 0.377551
v -0.202558 1.087230 0.377070
v -0.230960 1.072979 0.375919
v -0.231786 1.075206 0.374303
v -0.202668 1.086688 0.378045
v -0.202919 1.087365 0.377548
v -0.208046 1.091882 0.375793
v -0.208488 1.093073 0.375259
v -0.230813 1.073420 0.376324
v -0.231573 1.075469 0.374835
v -0.203100 1.086726 0.378488
v -0.203365 1.087443 0.377962
v -0.210893 1.101326 0.371084
v -0.230775 1.073832 0.376777
v -0.231475 1.075719 0.375402
v -0.203598 1.086696 0.378858
v -0.203880 1.087455 0.378299
v -0.206883 1.085478 0.378858
v -0.207164 1.086237 0.378299
v -0.230842 1.074189 0.377268
v -0.231497 1.075955 0.375980
v -0.204145 1.086604 0.379135
v -0.204440 1.087400 0.378548
v -0.207281 1.085176 0.378488
v -0.207546 1.085892 0.377962
v -0.231012 1.074473 0.377782
v -0.231641 1.076167 0.376543
v -0.204722 1.086458 0.379306
v -0.205026 1.087277 0.378701
v -0.207584 1.084865 0.378045
v -0.207835 1.085541 0.377548
v -0.231279 1.074677 0.378295
v -0.231899 1.076348 0.377070
v -0.205306 1.086264 0.379364
v -0.205613 1.087091 0.378753
v -0.207777 1.084549 0.377551
v -0.208020 1.085204 0.377070
v -0.231636 1.074802 0.378783
v -0.232260 1.076483 0.377549
v -0.237387 1.080999 0.375793
v -0.237829 1.082191 0.375259
v -0.207850 1.084228 0.377033
v -0.208098 1.084899 0.376543
v -0.232073 1.074851 0.379219
v -0.232707 1.076560 0.377962
v -0.207794 1.083905 0.376519
v -0.208068 1.084644 0.375980
v -0.232575 1.074831 0.379582
v -0.233221 1.076573 0.378299
v -0.235860 1.073613 0.379582
v -0.236506 1.075355 0.378299
v -0.207612 1.083589 0.376030
v -0.207932 1.084452 0.375402
v -0.233126 1.074747 0.379853
v -0.233782 1.076517 0.378548
v -0.236254 1.073300 0.379219
v -0.236888 1.075009 0.377962
v -0.207313 1.083296 0.375583
v -0.207694 1.084326 0.374835
v -0.233704 1.074606 0.380021
v -0.234367 1.076395 0.378701
v -0.236552 1.072978 0.378783
v -0.237176 1.074659 0.377549
v -0.206910 1.083048 0.375186
v -0.207361 1.084265 0.374303
v -0.230497 1.064192 0.384533
v -0.231063 1.063948 0.384480
v -0.231706 1.067450 0.383113
v -0.232272 1.067209 0.383058
v -0.232914 1.070708 0.381692
v -0.233482 1.070470 0.381637
v -0.231585 1.063654 0.384324
v -0.232797 1.066922 0.382899
v -0.234010 1.070191 0.381474
v -0.232042 1.063320 0.384070
v -0.233259 1.066601 0.382640
v -0.234476 1.069882 0.381209
v -0.232418 1.062958 0.383730
v -0.233640 1.066255 0.382292
v -0.234863 1.069551 0.380854
v -0.232696 1.062581 0.383317
v -0.233925 1.065895 0.381872
v -0.235155 1.069209 0.380426
v -0.232866 1.062202 0.382848
v -0.234102 1.065533 0.381396
v -0.235337 1.068863 0.379945
v -0.232920 1.061832 0.382342
v -0.234161 1.065176 0.380889
v -0.235401 1.068520 0.379435
v -0.232856 1.061484 0.381822
v -0.234099 1.064834 0.380371
v -0.235342 1.068185 0.378919
v -0.232675 1.061169 0.381307
v -0.233917 1.064520 0.379863
v -0.235160 1.067871 0.378419
v -0.232384 1.060901 0.380817
v -0.233624 1.064246 0.379384
v -0.234865 1.067591 0.377952
v -0.231996 1.060693 0.380367
v -0.233233 1.064028 0.378949
v -0.234470 1.067363 0.377531
v -0.231526 1.060555 0.379976
v -0.232759 1.063879 0.378572
v -0.233992 1.067203 0.377168
v -0.230994 1.060494 0.379655
v -0.232223 1.063808 0.378264
v -0.233452 1.067122 0.376873
v -0.230420 1.060514 0.379416
v -0.231647 1.063820 0.378035
v -0.232873 1.067125 0.376654
v -0.229827 1.060616 0.379270
v -0.231051 1.063916 0.377895
v -0.232275 1.067217 0.376520
v -0.229237 1.060794 0.379220
v -0.230461 1.064093 0.377847
v -0.231684 1.067391 0.376475
v -0.228674 1.061043 0.379270
v -0.229898 1.064344 0.377895
v -0.231122 1.067644 0.376520
v -0.228158 1.061353 0.379416
v -0.229384 1.064659 0.378035
v -0.230610 1.067964 0.376654
v -0.227709 1.061713 0.379655
v -0.228938 1.065026 0.378264
v -0.230167 1.068340 0.376873
v -0.227346 1.062105 0.379976
v -0.228579 1.065429 0.378572
v -0.229811 1.068753 0.377168
v -0.227080 1.062516 0.380367
v -0.228317 1.065851 0.378949
v -0.229554 1.069186 0.377531
v -0.226921 1.062927 0.380817
v -0.228162 1.066272 0.379384
v -0.229403 1.069617 0.377952
v -0.226876 1.063320 0.381307
v -0.228119 1.066670 0.379863
v -0.229361 1.070022 0.378419
v -0.226943 1.063677 0.381822
v -0.228186 1.067027 0.380371
v -0.229429 1.070378 0.378919
v -0.227122 1.063983 0.382342
v -0.228362 1.067327 0.380889
v -0.229602 1.070670 0.379435
v -0.227404 1.064228 0.382848
v -0.228639 1.067559 0.381396
v -0.229874 1.070889 0.379945
v -0.227780 1.064404 0.383317
v -0.229009 1.067719 0.381872
v -0.230238 1.071033 0.380426
v -0.228237 1.064509 0.383730
v -0.229460 1.067805 0.382292
v -0.230682 1.071102 0.380854
v -0.228757 1.064538 0.384070
v -0.229974 1.067819 0.382640
v -0.231191 1.071100 0.381209
v -0.229322 1.064493 0.384324
v -0.230535 1.067761 0.382899
v -0.231747 1.071030 0.381474
v -0.229910 1.064376 0.384480
v -0.231119 1.067637 0.383058
v -0.232329 1.070898 0.381637
v -0.212468 1.075588 0.388562
v -0.213045 1.075374 0.388502
v -0.213486 1.078328 0.388540
v -0.214062 1.078114 0.388481
v -0.214503 1.081067 0.388519
v -0.215080 1.080853 0.388459
v -0.213599 1.075169 0.388323
v -0.214617 1.077908 0.388302
v -0.215634 1.080647 0.388281
v -0.214110 1.074979 0.388033
v -0.215128 1.077719 0.388013
v -0.216145 1.080458 0.387993
v -0.214558 1.074813 0.387642
v -0.215576 1.077553 0.387624
v -0.216593 1.080292 0.387606
v -0.214925 1.074677 0.387167
v -0.215944 1.077417 0.387150
v -0.216961 1.080156 0.387134
v -0.215199 1.074576 0.386624
v -0.216217 1.077315 0.386610
v -0.217234 1.080055 0.386596
v -0.215367 1.074513 0.386035
v -0.216385 1.077253 0.386023
v -0.217402 1.079992 0.386011
v -0.215424 1.074492 0.385422
v -0.216441 1.077232 0.385414
v -0.217459 1.079971 0.385405
v -0.215367 1.074513 0.384810
v -0.216385 1.077253 0.384804
v -0.217402 1.079992 0.384798
v -0.215199 1.074576 0.384221
v -0.216217 1.077315 0.384218
v -0.217234 1.080055 0.384215
v -0.214926 1.074677 0.383679
v -0.215944 1.077417 0.383678
v -0.216961 1.080155 0.383677
v -0.214558 1.074813 0.383204
v -0.215576 1.077553 0.383205
v -0.216593 1.080292 0.383207
v -0.214110 1.074979 0.382813
v -0.215128 1.077719 0.382817
v -0.216145 1.080458 0.382821
v -0.213599 1.075169 0.382524
v -0.214617 1.077908 0.382529
v -0.215634 1.080647 0.382534
v -0.213045 1.075374 0.382345
v -0.214062 1.078114 0.382351
v -0.215080 1.080853 0.382358
v -0.212468 1.075588 0.382285
v -0.213486 1.078328 0.382291
v -0.214503 1.081067 0.382298
v -0.211892 1.075802 0.382345
v -0.212909 1.078542 0.382351
v -0.213926 1.081281 0.382358
v -0.211337 1.076008 0.382524
v -0.212355 1.078747 0.382529
v -0.213372 1.081486 0.382534
v -0.210826 1.076197 0.382813
v -0.211843 1.078937 0.382817
v -0.212861 1.081676 0.382821
v -0.210378 1.076363 0.383203
v -0.211396 1.079103 0.383205
v -0.212413 1.081842 0.383207
v -0.210011 1.076500 0.383679
v -0.211028 1.079240 0.383678
v -0.212045 1.081979 0.383677
v -0.209737 1.076601 0.384221
v -0.210755 1.079341 0.384218
v -0.211772 1.082080 0.384215
v -0.209569 1.076663 0.384810
v -0.210587 1.079403 0.384804
v -0.211604 1.082143 0.384798
v -0.209513 1.076684 0.385422
v -0.210530 1.079424 0.385414
v -0.211547 1.082164 0.385405
v -0.209569 1.076663 0.386034
v -0.210587 1.079403 0.386023
v -0.211604 1.082143 0.386011
v -0.209737 1.076601 0.386624
v -0.210755 1.079341 0.386609
v -0.211772 1.082080 0.386596
v -0.210011 1.076500 0.387166
v -0.211028 1.079240 0.387150
v -0.212045 1.081979 0.387134
v -0.210379 1.076364 0.387642
v -0.211396 1.079103 0.387624
v -0.212413 1.081842 0.387606
v -0.210826 1.076197 0.388033
v -0.211843 1.078937 0.388013
v -0.212861 1.081676 0.387993
v -0.211337 1.076008 0.388323
v -0.212355 1.078747 0.388302
v -0.213372 1.081487 0.388281
v -0.211892 1.075802 0.388502
v -0.212909 1.078542 0.388481
v -0.213926 1.081281 0.388459
v -0.222244 1.071963 0.388569
v -0.222822 1.071749 0.388509
v -0.223264 1.074701 0.388545
v -0.223840 1.074487 0.388485
v -0.224282 1.077440 0.388521
v -0.224859 1.077226 0.388461
v -0.223376 1.071543 0.388330
v -0.224395 1.074282 0.388307
v -0.225413 1.077021 0.388284
v -0.223887 1.071354 0.388040
v -0.224906 1.074093 0.388018
v -0.225924 1.076831 0.387996
v -0.224335 1.071188 0.387649
v -0.225354 1.073926 0.387629
v -0.226373 1.076665 0.387608
v -0.224703 1.071051 0.387173
v -0.225721 1.073790 0.387155
v -0.226740 1.076529 0.387136
v -0.224976 1.070950 0.386631
v -0.225994 1.073689 0.386614
v -0.227014 1.076428 0.386598
v -0.225144 1.070888 0.386041
v -0.226163 1.073626 0.386028
v -0.227182 1.076365 0.386014
v -0.225201 1.070866 0.385429
v -0.226220 1.073605 0.385418
v -0.227238 1.076344 0.385407
v -0.225144 1.070888 0.384817
v -0.226163 1.073626 0.384808
v -0.227182 1.076365 0.384800
v -0.224976 1.070950 0.384228
v -0.225994 1.073689 0.384222
v -0.227014 1.076428 0.384217
v -0.224703 1.071051 0.383685
v -0.225721 1.073790 0.383683
v -0.226740 1.076529 0.383680
v -0.224335 1.071188 0.383210
v -0.225354 1.073926 0.383210
v -0.226373 1.076665 0.383209
v -0.223887 1.071354 0.382820
v -0.224906 1.074092 0.382821
v -0.225924 1.076831 0.382823
v -0.223376 1.071543 0.382530
v -0.224395 1.074282 0.382533
v -0.225413 1.077021 0.382536
v -0.222822 1.071749 0.382352
v -0.223840 1.074487 0.382356
v -0.224859 1.077226 0.382360
v -0.222244 1.071963 0.382291
v -0.223264 1.074701 0.382296
v -0.224282 1.077440 0.382300
v -0.221668 1.072177 0.382352
v -0.222686 1.074915 0.382356
v -0.223705 1.077654 0.382360
v -0.221113 1.072382 0.382530
v -0.222132 1.075121 0.382533
v -0.223151 1.077859 0.382536
v -0.220602 1.072572 0.382820
v -0.221621 1.075310 0.382821
v -0.222640 1.078049 0.382823
v -0.220154 1.072738 0.383210
v -0.221173 1.075477 0.383210
v -0.222192 1.078215 0.383209
v -0.219787 1.072874 0.383685
v -0.220806 1.075613 0.383683
v -0.221824 1.078352 0.383680
v -0.219514 1.072976 0.384228
v -0.220532 1.075715 0.384222
v -0.221551 1.078454 0.384217
v -0.219346 1.073038 0.384817
v -0.220364 1.075777 0.384808
v -0.221383 1.078516 0.384800
v -0.219288 1.073059 0.385429
v -0.220307 1.075798 0.385418
v -0.221326 1.078537 0.385407
v -0.219346 1.073038 0.386041
v -0.220364 1.075777 0.386028
v -0.221383 1.078516 0.386014
v -0.219514 1.072976 0.386630
v -0.220532 1.075715 0.386614
v -0.221551 1.078454 0.386598
v -0.219787 1.072874 0.387173
v -0.220806 1.075613 0.387155
v -0.221824 1.078352 0.387136
v -0.220154 1.072738 0.387649
v -0.221173 1.075477 0.387629
v -0.222192 1.078215 0.387608
v -0.220602 1.072572 0.388039
v -0.221621 1.075311 0.388018
v -0.222640 1.078049 0.387996
v -0.221113 1.072382 0.388330
v -0.222132 1.075121 0.388307
v -0.223151 1.077860 0.388284
v -0.221668 1.072177 0.388509
v -0.222686 1.074915 0.388485
v -0.223705 1.077654 0.388461
v -0.200870 1.074304 0.384576
v -0.201436 1.074060 0.384523
v -0.202284 1.078116 0.382914
v -0.202851 1.077875 0.382860
v -0.203698 1.081928 0.381253
v -0.204266 1.081691 0.381197
v -0.201958 1.073767 0.384365
v -0.203376 1.077591 0.382698
v -0.204795 1.081416 0.381031
v -0.202416 1.073434 0.384110
v -0.203840 1.077273 0.382436
v -0.205263 1.081112 0.380762
v -0.202792 1.073074 0.383767
v -0.204223 1.076932 0.382085
v -0.205654 1.080789 0.380402
v -0.203071 1.072700 0.383351
v -0.204510 1.076578 0.381659
v -0.205948 1.080455 0.379968
v -0.203242 1.072323 0.382878
v -0.204688 1.076220 0.381180
v -0.206133 1.080117 0.379482
v -0.203297 1.071954 0.382370
v -0.204748 1.075866 0.380669
v -0.206199 1.079778 0.378968
v -0.203232 1.071605 0.381847
v -0.204686 1.075525 0.380149
v -0.206140 1.079446 0.378451
v -0.203050 1.071288 0.381331
v -0.204504 1.075209 0.379641
v -0.205959 1.079130 0.377952
v -0.202758 1.071017 0.380840
v -0.204210 1.074931 0.379164
v -0.205662 1.078845 0.377489
v -0.202369 1.070806 0.380391
v -0.203816 1.074708 0.378732
v -0.205264 1.078610 0.377073
v -0.201898 1.070664 0.380000
v -0.203341 1.074553 0.378357
v -0.204783 1.078443 0.376715
v -0.201365 1.070600 0.379679
v -0.202803 1.074477 0.378051
v -0.204241 1.078355 0.376424
v -0.200790 1.070618 0.379441
v -0.202225 1.074485 0.377825
v -0.203659 1.078353 0.376209
v -0.200196 1.070718 0.379295
v -0.201629 1.074579 0.377686
v -0.203061 1.078441 0.376077
v -0.199606 1.070895 0.379245
v -0.201037 1.074755 0.377639
v -0.202469 1.078615 0.376033
v -0.199043 1.071146 0.379295
v -0.200475 1.075007 0.377686
v -0.201907 1.078869 0.376077
v -0.198528 1.071457 0.379441
v -0.199962 1.075325 0.377825
v -0.201397 1.079193 0.376209
v -0.198080 1.071818 0.379679
v -0.199518 1.075696 0.378051
v -0.200956 1.079573 0.376424
v -0.197717 1.072215 0.380000
v -0.199160 1.076104 0.378357
v -0.200603 1.079994 0.376715
v -0.197453 1.072629 0.380391
v -0.198900 1.076531 0.378732
v -0.200348 1.080434 0.377073
v -0.197296 1.073043 0.380840
v -0.198747 1.076957 0.379164
v -0.200199 1.080871 0.377489
v -0.197251 1.073439 0.381331
v -0.198705 1.077360 0.379641
v -0.200160 1.081281 0.377952
v -0.197320 1.073798 0.381847
v -0.198774 1.077718 0.380149
v -0.200228 1.081639 0.378451
v -0.197498 1.074105 0.382370
v -0.198949 1.078017 0.380669
v -0.200400 1.081930 0.378968
v -0.197780 1.074348 0.382878
v -0.199225 1.078246 0.381180
v -0.200670 1.082143 0.379482
v -0.198155 1.074523 0.383351
v -0.199594 1.078401 0.381659
v -0.201032 1.082278 0.379968
v -0.198611 1.074625 0.383767
v -0.200042 1.078483 0.382085
v -0.201473 1.082340 0.380402
v -0.199131 1.074652 0.384110
v -0.200555 1.078491 0.382436
v -0.201979 1.082330 0.380762
v -0.199695 1.074606 0.384365
v -0.201114 1.078430 0.382698
v -0.202532 1.082255 0.381031
v -0.200282 1.074488 0.384523
v -0.201697 1.078303 0.382860
v -0.203113 1.082119 0.381197
v -0.208713 1.095449 0.374186
v -0.209279 1.095206 0.374133
v -0.209408 1.097323 0.373197
v -0.209974 1.097082 0.373144
v -0.210103 1.099196 0.372209
v -0.210670 1.098958 0.372154
v -0.209801 1.094914 0.373978
v -0.210499 1.096796 0.372985
v -0.211197 1.098678 0.371992
v -0.210260 1.094584 0.373725
v -0.210962 1.096476 0.372727
v -0.211664 1.098369 0.371730
v -0.210638 1.094229 0.373385
v -0.211345 1.096134 0.372381
v -0.212051 1.098039 0.371377
v -0.210922 1.093865 0.372970
v -0.211633 1.095783 0.371960
v -0.212345 1.097702 0.370950
v -0.211099 1.093505 0.372497
v -0.211815 1.095435 0.371481
v -0.212531 1.097366 0.370465
v -0.211163 1.093163 0.371983
v -0.211883 1.095102 0.370964
v -0.212602 1.097042 0.369944
v -0.211113 1.092853 0.371449
v -0.211834 1.094796 0.370429
v -0.212554 1.096739 0.369409
v -0.210950 1.092586 0.370915
v -0.211670 1.094528 0.369897
v -0.212389 1.096469 0.368880
v -0.210679 1.092374 0.370401
v -0.211397 1.094308 0.369389
v -0.212114 1.096241 0.368377
v -0.210313 1.092223 0.369928
v -0.211026 1.094146 0.368923
v -0.211739 1.096070 0.367918
v -0.209863 1.092139 0.369512
v -0.210572 1.094051 0.368515
v -0.211282 1.095963 0.367518
v -0.209348 1.092126 0.369172
v -0.210053 1.094027 0.368182
v -0.210758 1.095928 0.367191
v -0.208788 1.092182 0.368918
v -0.209490 1.094074 0.367934
v -0.210192 1.095966 0.366949
v -0.208203 1.092306 0.368762
v -0.208903 1.094192 0.367781
v -0.209602 1.096079 0.366800
v -0.207616 1.092492 0.368709
v -0.208315 1.094377 0.367730
v -0.209014 1.096261 0.366750
v -0.207050 1.092734 0.368762
v -0.207749 1.094620 0.367781
v -0.208449 1.096506 0.366800
v -0.206526 1.093022 0.368918
v -0.207227 1.094913 0.367934
v -0.207929 1.096805 0.366949
v -0.206064 1.093344 0.369172
v -0.206769 1.095245 0.368182
v -0.207474 1.097146 0.367191
v -0.205682 1.093690 0.369512
v -0.206392 1.095602 0.368515
v -0.207101 1.097514 0.367518
v -0.205397 1.094046 0.369928
v -0.206110 1.095970 0.368923
v -0.206823 1.097893 0.367918
v -0.205217 1.094400 0.370401
v -0.205934 1.096334 0.369389
v -0.206651 1.098267 0.368377
v -0.205150 1.094737 0.370915
v -0.205870 1.096678 0.369897
v -0.206590 1.098619 0.368880
v -0.205200 1.095046 0.371449
v -0.205921 1.096989 0.370429
v -0.206642 1.098932 0.369409
v -0.205364 1.095313 0.371983
v -0.206084 1.097253 0.370964
v -0.206803 1.099193 0.369944
v -0.205636 1.095531 0.372497
v -0.206352 1.097461 0.371481
v -0.207069 1.099392 0.370465
v -0.206006 1.095688 0.372970
v -0.206717 1.097607 0.371960
v -0.207429 1.099525 0.370950
v -0.206458 1.095780 0.373385
v -0.207164 1.097685 0.372381
v -0.207871 1.099590 0.371377
v -0.206976 1.095802 0.373725
v -0.207678 1.097695 0.372727
v -0.208379 1.099587 0.371730
v -0.207539 1.095753 0.373978
v -0.208237 1.097635 0.372985
v -0.208935 1.099518 0.371992
v -0.208125 1.095634 0.374133
v -0.208821 1.097510 0.373144
v -0.209517 1.099385 0.372154
v -0.238054 1.084567 0.374186
v -0.238621 1.084324 0.374133
v -0.238749 1.086440 0.373197
v -0.239316 1.086199 0.373144
v -0.239444 1.088314 0.372209
v -0.240012 1.088075 0.372154
v -0.239143 1.084032 0.373978
v -0.239841 1.085914 0.372985
v -0.240539 1.087796 0.371992
v -0.239602 1.083702 0.373725
v -0.240304 1.085594 0.372727
v -0.241005 1.087486 0.371730
v -0.239980 1.083347 0.373385
v -0.240687 1.085252 0.372381
v -0.241393 1.087157 0.371377
v -0.240263 1.082983 0.372970
v -0.240974 1.084901 0.371960
v -0.241686 1.086819 0.370950
v -0.240440 1.082622 0.372497
v -0.241156 1.084553 0.371481
v -0.241872 1.086484 0.370465
v -0.240504 1.082280 0.371983
v -0.241224 1.084220 0.370964
v -0.241943 1.086160 0.369944
v -0.240454 1.081970 0.371449
v -0.241175 1.083914 0.370429
v -0.241896 1.085857 0.369409
v -0.240291 1.081704 0.370915
v -0.241011 1.083645 0.369897
v -0.241731 1.085586 0.368880
v -0.240021 1.081492 0.370401
v -0.240738 1.083425 0.369389
v -0.241455 1.085359 0.368377
v -0.239654 1.081341 0.369928
v -0.240367 1.083264 0.368923
v -0.241081 1.085187 0.367918
v -0.239205 1.081257 0.369512
v -0.239914 1.083169 0.368515
v -0.240623 1.085081 0.367518
v -0.238690 1.081244 0.369172
v -0.239395 1.083144 0.368182
v -0.240100 1.085045 0.367191
v -0.238130 1.081300 0.368918
v -0.238831 1.083192 0.367934
v -0.239533 1.085084 0.366949
v -0.237545 1.081424 0.368762
v -0.238244 1.083310 0.367781
v -0.238944 1.085196 0.366800
v -0.236958 1.081610 0.368709
v -0.237657 1.083494 0.367730
v -0.238355 1.085379 0.366750
v -0.236391 1.081851 0.368762
v -0.237091 1.083738 0.367781
v -0.237790 1.085624 0.366800
v -0.235867 1.082139 0.368918
v -0.236569 1.084031 0.367934
v -0.237270 1.085923 0.366949
v -0.235405 1.082462 0.369172
v -0.236110 1.084363 0.368182
v -0.236815 1.086263 0.367191
v -0.235024 1.082807 0.369512
v -0.235733 1.084720 0.368515
v -0.236442 1.086631 0.367518
v -0.234738 1.083164 0.369928
v -0.235451 1.085087 0.368923
v -0.236164 1.087011 0.367918
v -0.234558 1.083518 0.370401
v -0.235275 1.085451 0.369389
v -0.235993 1.087385 0.368377
v -0.234492 1.083855 0.370915
v -0.235212 1.085796 0.369897
v -0.235932 1.087737 0.368880
v -0.234542 1.084163 0.371449
v -0.235262 1.086107 0.370429
v -0.235983 1.088050 0.369409
v -0.234706 1.084431 0.371983
v -0.235425 1.086371 0.370964
v -0.236144 1.088310 0.369944
v -0.234978 1.084648 0.372497
v -0.235694 1.086579 0.371481
v -0.236410 1.088510 0.370465
v -0.235347 1.084806 0.372970
v -0.236058 1.086725 0.371960
v -0.236770 1.088643 0.370950
v -0.235799 1.084898 0.373385
v -0.236506 1.086802 0.372381
v -0.237212 1.088707 0.371377
v -0.236317 1.084920 0.373725
v -0.237019 1.086812 0.372727
v -0.237720 1.088705 0.371730
v -0.236880 1.084871 0.373978
v -0.237578 1.086753 0.372985
v -0.238276 1.088635 0.371992
v -0.237467 1.084752 0.374133
v -0.238162 1.086627 0.373144
v -0.238858 1.088503 0.372154
v -0.206545 1.089603 0.377301
v -0.207113 1.089366 0.377247
v -0.207642 1.089091 0.377086
v -0.208111 1.088789 0.376824
v -0.208503 1.088471 0.376471
v -0.208803 1.088152 0.376040
v -0.208999 1.087843 0.375546
v -0.209085 1.087558 0.375007
v -0.209058 1.087312 0.374442
v -0.208920 1.087114 0.373871
v -0.208675 1.086970 0.373317
v -0.208333 1.086884 0.372805
v -0.207904 1.086858 0.372354
v -0.207407 1.086891 0.371983
v -0.206859 1.086982 0.371707
v -0.206282 1.087127 0.371538
v -0.205698 1.087320 0.371480
v -0.205129 1.087555 0.371538
v -0.204597 1.087821 0.371707
v -0.204122 1.088109 0.371983
v -0.203724 1.088409 0.372354
v -0.203416 1.088707 0.372805
v -0.203213 1.088996 0.373317
v -0.203121 1.089264 0.373871
v -0.203145 1.089505 0.374442
v -0.203286 1.089709 0.375007
v -0.203536 1.089869 0.375546
v -0.203887 1.089975 0.376040
v -0.204322 1.090022 0.376471
v -0.204826 1.090007 0.376824
v -0.205379 1.089930 0.377086
v -0.205959 1.089793 0.377247
v -0.235886 1.078721 0.377301
v -0.236454 1.078483 0.377247
v -0.236983 1.078208 0.377086
v -0.237452 1.077906 0.376824
v -0.237844 1.077589 0.376471
v -0.238144 1.077270 0.376040
v -0.238340 1.076961 0.375546
v -0.238426 1.076676 0.375008
v -0.238399 1.076430 0.374442
v -0.238261 1.076231 0.373871
v -0.238016 1.076087 0.373318
v -0.237674 1.076002 0.372805
v -0.237246 1.075975 0.372354
v -0.236748 1.076009 0.371983
v -0.236201 1.076100 0.371707
v -0.235624 1.076244 0.371538
v -0.235039 1.076437 0.371480
v -0.234470 1.076672 0.371538
v -0.233938 1.076939 0.371707
v -0.233464 1.077227 0.371983
v -0.233065 1.077526 0.372354
v -0.232758 1.077825 0.372805
v -0.232554 1.078113 0.373317
v -0.232462 1.078382 0.373871
v -0.232487 1.078623 0.374442
v -0.232627 1.078827 0.375008
v -0.232878 1.078987 0.375546
v -0.233228 1.079093 0.376040
v -0.233664 1.079140 0.376471
v -0.234167 1.079125 0.376824
v -0.234720 1.079047 0.377086
v -0.235301 1.078911 0.377247
v -0.217875 1.090155 0.387362
v -0.218447 1.089928 0.387304
v -0.218827 1.092721 0.386847
v -0.219399 1.092494 0.386789
v -0.219778 1.095286 0.386331
v -0.220350 1.095060 0.386273
v -0.218987 1.089684 0.387133
v -0.219940 1.092251 0.386617
v -0.220892 1.094819 0.386100
v -0.219475 1.089431 0.386855
v -0.220428 1.092001 0.386337
v -0.221381 1.094571 0.385819
v -0.219891 1.089180 0.386481
v -0.220846 1.091753 0.385961
v -0.221801 1.094327 0.385442
v -0.220221 1.088941 0.386025
v -0.221177 1.091518 0.385503
v -0.222133 1.094095 0.384982
v -0.220451 1.088724 0.385505
v -0.221408 1.091303 0.384981
v -0.222365 1.093883 0.384457
v -0.220574 1.088538 0.384941
v -0.221531 1.091119 0.384415
v -0.222489 1.093701 0.383889
v -0.220584 1.088391 0.384355
v -0.221541 1.090972 0.383826
v -0.222498 1.093554 0.383297
v -0.220481 1.088289 0.383768
v -0.221438 1.090869 0.383237
v -0.222395 1.093449 0.382706
v -0.220271 1.088237 0.383203
v -0.221226 1.090813 0.382671
v -0.222182 1.093390 0.382138
v -0.219960 1.088237 0.382682
v -0.220914 1.090808 0.382148
v -0.221868 1.093380 0.381614
v -0.219560 1.088287 0.382225
v -0.220512 1.090853 0.381691
v -0.221464 1.093419 0.381156
v -0.219087 1.088385 0.381850
v -0.220037 1.090946 0.381314
v -0.220986 1.093507 0.380779
v -0.218558 1.088525 0.381571
v -0.219506 1.091081 0.381035
v -0.220454 1.093638 0.380499
v -0.217992 1.088701 0.381399
v -0.218939 1.091254 0.380863
v -0.219886 1.093807 0.380327
v -0.217412 1.088905 0.381341
v -0.218358 1.091458 0.380805
v -0.219305 1.094010 0.380269
v -0.216839 1.089129 0.381399
v -0.217785 1.091682 0.380863
v -0.218732 1.094235 0.380327
v -0.216295 1.089364 0.381571
v -0.217243 1.091920 0.381035
v -0.218191 1.094477 0.380499
v -0.215802 1.089603 0.381850
v -0.216752 1.092164 0.381314
v -0.217702 1.094725 0.380779
v -0.215379 1.089838 0.382225
v -0.216331 1.092404 0.381691
v -0.217283 1.094970 0.381156
v -0.215044 1.090060 0.382682
v -0.215998 1.092632 0.382148
v -0.216952 1.095204 0.381614
v -0.214808 1.090263 0.383203
v -0.215764 1.092839 0.382671
v -0.216720 1.095416 0.382138
v -0.214682 1.090439 0.383768
v -0.215639 1.093019 0.383237
v -0.216596 1.095599 0.382706
v -0.214671 1.090584 0.384355
v -0.215629 1.093165 0.383826
v -0.216586 1.095747 0.383297
v -0.214774 1.090688 0.384941
v -0.215732 1.093270 0.384415
v -0.216689 1.095851 0.383889
v -0.214989 1.090750 0.385505
v -0.215946 1.093329 0.384981
v -0.216902 1.095909 0.384457
v -0.215305 1.090764 0.386025
v -0.216261 1.093341 0.385503
v -0.217217 1.095918 0.384982
v -0.215710 1.090730 0.386481
v -0.216665 1.093304 0.385961
v -0.217620 1.095878 0.385442
v -0.216190 1.090649 0.386855
v -0.217143 1.093219 0.386337
v -0.218097 1.095790 0.385819
v -0.216725 1.090523 0.387133
v -0.217677 1.093091 0.386617
v -0.218629 1.095658 0.386100
v -0.217293 1.090356 0.387304
v -0.218245 1.092922 0.386789
v -0.219197 1.095488 0.386273
v -0.227656 1.086528 0.387362
v -0.228227 1.086301 0.387304
v -0.228607 1.089093 0.386847
v -0.229179 1.088867 0.386789
v -0.229559 1.091658 0.386331
v -0.230131 1.091433 0.386273
v -0.228768 1.086056 0.387133
v -0.229720 1.088624 0.386617
v -0.230672 1.091191 0.386100
v -0.229255 1.085803 0.386855
v -0.230209 1.088373 0.386337
v -0.231162 1.090944 0.385819
v -0.229672 1.085552 0.386481
v -0.230626 1.088126 0.385961
v -0.231581 1.090700 0.385442
v -0.230002 1.085313 0.386025
v -0.230957 1.087890 0.385503
v -0.231913 1.090468 0.384982
v -0.230232 1.085096 0.385505
v -0.231189 1.087676 0.384981
v -0.232145 1.090256 0.384457
v -0.230354 1.084910 0.384941
v -0.231311 1.087491 0.384415
v -0.232269 1.090073 0.383889
v -0.230364 1.084763 0.384355
v -0.231321 1.087345 0.383826
v -0.232279 1.089926 0.383297
v -0.230262 1.084661 0.383768
v -0.231219 1.087241 0.383237
v -0.232175 1.089821 0.382706
v -0.230051 1.084610 0.383203
v -0.231007 1.087186 0.382671
v -0.231962 1.089762 0.382138
v -0.229740 1.084609 0.382682
v -0.230694 1.087181 0.382148
v -0.231648 1.089753 0.381614
v -0.229341 1.084660 0.382225
v -0.230292 1.087226 0.381691
v -0.231244 1.089792 0.381156
v -0.228868 1.084757 0.381850
v -0.229817 1.087318 0.381314
v -0.230767 1.089879 0.380779
v -0.228338 1.084898 0.381571
v -0.229286 1.087454 0.381035
v -0.230234 1.090010 0.380499
v -0.227773 1.085074 0.381399
v -0.228719 1.087627 0.380863
v -0.229666 1.090180 0.380327
v -0.227192 1.085278 0.381341
v -0.228139 1.087830 0.380805
v -0.229085 1.090382 0.380269
v -0.226619 1.085502 0.381399
v -0.227566 1.088055 0.380863
v -0.228513 1.090608 0.380327
v -0.226075 1.085737 0.381571
v -0.227023 1.088293 0.381035
v -0.227971 1.090849 0.380499
v -0.225583 1.085976 0.381850
v -0.226532 1.088537 0.381314
v -0.227482 1.091098 0.380779
v -0.225160 1.086210 0.382225
v -0.226112 1.088776 0.381691
v -0.227063 1.091342 0.381156
v -0.224824 1.086432 0.382682
v -0.225778 1.089004 0.382148
v -0.226732 1.091576 0.381614
v -0.224589 1.086635 0.383203
v -0.225544 1.089212 0.382671
v -0.226500 1.091788 0.382138
v -0.224463 1.086812 0.383768
v -0.225420 1.089392 0.383237
v -0.226377 1.091972 0.382706
v -0.224452 1.086956 0.384355
v -0.225409 1.089538 0.383826
v -0.226366 1.092119 0.383297
v -0.224555 1.087061 0.384941
v -0.225513 1.089642 0.384415
v -0.226470 1.092224 0.383889
v -0.224769 1.087122 0.385505
v -0.225726 1.089702 0.384981
v -0.226683 1.092282 0.384457
v -0.225085 1.087137 0.386025
v -0.226041 1.089714 0.385503
v -0.226997 1.092291 0.384982
v -0.225491 1.087103 0.386481
v -0.226445 1.089677 0.385961
v -0.227400 1.092251 0.385442
v -0.225970 1.087021 0.386855
v -0.226924 1.089592 0.386337
v -0.227877 1.092162 0.385819
v -0.226505 1.086895 0.387133
v -0.227457 1.089463 0.386617
v -0.228409 1.092031 0.386100
v -0.227074 1.086729 0.387304
v -0.228026 1.089295 0.386789
v -0.228977 1.091860 0.386273
v 0.317419 -0.306440 0.390748
v 0.317016 -0.306589 0.390701
v 0.316628 -0.306733 0.390561
v 0.316270 -0.306866 0.390333
v 0.315956 -0.306982 0.390027
v 0.315699 -0.307078 0.389654
v 0.315507 -0.307149 0.389228
v 0.315390 -0.307192 0.388766
v 0.315350 -0.307207 0.388286
v 0.315390 -0.307192 0.387806
v 0.315507 -0.307149 0.387344
v 0.315699 -0.307078 0.386918
v 0.315956 -0.306982 0.386545
v 0.316270 -0.306866 0.386239
v 0.316628 -0.306733 0.386012
v 0.317016 -0.306589 0.385871
v 0.317419 -0.306440 0.385824
v 0.317823 -0.306290 0.385871
v 0.318211 -0.306146 0.386012
v 0.318569 -0.306013 0.386239
v 0.318883 -0.305897 0.386545
v 0.319140 -0.305801 0.386918
v 0.319332 -0.305730 0.387344
v 0.319449 -0.305687 0.387806
v 0.319489 -0.305672 0.388286
v 0.319449 -0.305687 0.388766
v 0.319332 -0.305730 0.389228
v 0.319140 -0.305801 0.389654
v 0.318883 -0.305897 0.390027
v 0.318569 -0.306013 0.390333
v 0.318211 -0.306146 0.390561
v 0.317823 -0.306290 0.390701
v 0.305382 -0.310904 0.390748
v 0.304979 -0.311054 0.390701
v 0.304591 -0.311198 0.390561
v 0.304233 -0.311330 0.390333
v 0.303919 -0.311447 0.390027
v 0.303662 -0.311542 0.389654
v 0.303470 -0.311613 0.389228
v 0.303353 -0.311657 0.388766
v 0.303313 -0.311672 0.388286
v 0.303353 -0.311657 0.387806
v 0.303470 -0.311613 0.387344
v 0.303662 -0.311542 0.386918
v 0.303919 -0.311447 0.386545
v 0.304233 -0.311330 0.386239
v 0.304591 -0.311198 0.386012
v 0.304979 -0.311054 0.385871
v 0.305382 -0.310904 0.385824
v 0.305786 -0.310754 0.385871
v 0.306846 -0.310361 0.386545
v 0.307104 -0.310266 0.386918
v 0.307295 -0.310195 0.387344
v 0.307413 -0.310151 0.387806
v 0.307452 -0.310136 0.388286
v 0.307413 -0.310151 0.388766
v 0.307295 -0.310195 0.389228
v 0.307104 -0.310266 0.389654
v 0.306846 -0.310361 0.390027
v 0.306532 -0.310478 0.390333
v 0.306175 -0.310610 0.390561
v 0.305786 -0.310754 0.390701
v 0.292637 -0.315631 0.390748
v 0.292233 -0.315781 0.390701
v 0.291844 -0.315925 0.390561
v 0.291487 -0.316058 0.390333
v 0.291173 -0.316174 0.390027
v 0.290915 -0.316270 0.389654
v 0.290724 -0.316340 0.389228
v 0.290606 -0.316384 0.388766
v 0.290567 -0.316399 0.388286
v 0.290606 -0.316384 0.387806
v 0.290724 -0.316340 0.387344
v 0.290915 -0.316270 0.386918
v 0.291844 -0.315925 0.386012
v 0.292233 -0.315781 0.385871
v 0.292637 -0.315631 0.385824
v 0.293040 -0.315482 0.385871
v 0.293428 -0.315338 0.386012
v 0.293786 -0.315205 0.386239
v 0.294100 -0.315088 0.386545
v 0.294357 -0.314993 0.386918
v 0.294549 -0.314922 0.387344
v 0.294666 -0.314878 0.387806
v 0.294706 -0.314864 0.388286
v 0.294666 -0.314878 0.388766
v 0.294549 -0.314922 0.389228
v 0.294357 -0.314993 0.389654
v 0.294100 -0.315088 0.390027
v 0.293786 -0.315205 0.390333
v 0.293428 -0.315338 0.390561
v 0.293040 -0.315482 0.390701
v 0.280843 -0.320005 0.390748
v 0.280439 -0.320155 0.390701
v 0.280051 -0.320299 0.390561
v 0.279693 -0.320432 0.390333
v 0.278931 -0.320715 0.389228
v 0.278813 -0.320758 0.388766
v 0.278773 -0.320773 0.388286
v 0.278813 -0.320758 0.387806
v 0.278931 -0.320715 0.387344
v 0.279122 -0.320644 0.386918
v 0.279379 -0.320548 0.386545
v 0.279693 -0.320432 0.386239
v 0.280051 -0.320299 0.386012
v 0.280439 -0.320155 0.385871
v 0.280843 -0.320005 0.385824
v 0.281247 -0.319856 0.385871
v 0.281635 -0.319712 0.386012
v 0.281993 -0.319579 0.386239
v 0.282306 -0.319463 0.386545
v 0.282873 -0.319252 0.387806
v 0.282913 -0.319238 0.388286
v 0.282873 -0.319252 0.388766
v 0.282755 -0.319296 0.389228
v 0.282564 -0.319367 0.389654
v 0.282306 -0.319463 0.390027
v 0.281993 -0.319579 0.390333
v 0.281635 -0.319712 0.390561
v 0.281247 -0.319856 0.390701
v -0.211148 1.102483 0.353062
v -0.182343 1.113167 0.353062
v -0.181952 1.112113 0.354364
v -0.210758 1.101430 0.354364
v -0.181657 1.111318 0.355860
v -0.210463 1.100634 0.355860
v -0.181470 1.110812 0.357492
v -0.210275 1.100128 0.357492
v -0.181396 1.110614 0.359199
v -0.210202 1.099930 0.359199
v -0.181440 1.110732 0.360914
v -0.210245 1.100048 0.360914
v -0.181599 1.111161 0.362571
v -0.210405 1.100478 0.362571
v -0.181868 1.111886 0.364108
v -0.210673 1.101202 0.364108
v -0.182236 1.112877 0.365463
v -0.211041 1.102194 0.365463
v -0.182688 1.114098 0.366587
v -0.211494 1.103414 0.366587
v -0.183209 1.115500 0.367436
v -0.212014 1.104817 0.367436
v -0.183776 1.117031 0.367975
v -0.212582 1.106348 0.367975
v -0.184370 1.118631 0.368187
v -0.213175 1.107948 0.368187
v -0.184966 1.120239 0.368061
v -0.213772 1.109556 0.368061
v -0.185543 1.121793 0.367602
v -0.214348 1.111110 0.367603
v -0.186077 1.123234 0.366830
v -0.214882 1.112550 0.366830
v -0.186548 1.124505 0.365772
v -0.215354 1.113822 0.365772
v -0.186939 1.125559 0.364470
v -0.215745 1.114875 0.364471
v -0.187234 1.126354 0.362975
v -0.216039 1.115670 0.362975
v -0.187422 1.126860 0.361342
v -0.216227 1.116177 0.361342
v -0.187495 1.127058 0.359636
v -0.216301 1.116375 0.359636
v -0.187452 1.126940 0.357920
v -0.216257 1.116257 0.357920
v -0.187292 1.126511 0.356263
v -0.216098 1.115827 0.356263
v -0.187024 1.125786 0.354726
v -0.215829 1.115103 0.354726
v -0.186656 1.124795 0.353371
v -0.215461 1.114111 0.353371
v -0.186203 1.123574 0.352247
v -0.215008 1.112891 0.352247
v -0.185683 1.122172 0.351398
v -0.214488 1.111488 0.351399
v -0.185115 1.120641 0.350859
v -0.213920 1.109957 0.350859
v -0.184522 1.119040 0.350648
v -0.213327 1.108357 0.350648
v -0.183925 1.117433 0.350773
v -0.212731 1.106749 0.350773
v -0.183349 1.115878 0.351232
v -0.212154 1.105195 0.351232
v -0.180158 1.112813 0.366208
v -0.180667 1.114184 0.367471
v -0.182815 1.114438 0.352004
v -0.211620 1.103755 0.352004
v -0.181889 1.117478 0.369030
v -0.181251 1.115759 0.368424
v -0.175992 1.117710 0.368424
v -0.176629 1.119429 0.369030
v -0.185441 1.127057 0.365093
v -0.185772 1.127950 0.363413
v -0.184030 1.123252 0.350411
v -0.183392 1.121533 0.349804
v -0.179215 1.110270 0.359172
v -0.179264 1.110403 0.361098
v -0.183225 1.121082 0.369126
v -0.183872 1.122827 0.368611
v -0.185838 1.128126 0.355874
v -0.185536 1.127312 0.354149
v -0.180279 1.113138 0.352279
v -0.179840 1.111954 0.353741
v -0.180808 1.114566 0.351091
v -0.185983 1.128518 0.361579
v -0.182726 1.119736 0.349567
v -0.179443 1.110885 0.362960
v -0.184473 1.124445 0.367743
v -0.185123 1.126198 0.352626
v -0.179509 1.111061 0.355421
v -0.186066 1.128741 0.359662
v -0.182056 1.117929 0.349708
v -0.179745 1.111699 0.364685
v -0.185002 1.125873 0.366556
v -0.184614 1.124827 0.351363
v -0.179298 1.110492 0.357255
v -0.182555 1.119276 0.369267
v -0.186017 1.128608 0.357736
v -0.181408 1.116184 0.350223
v -0.180757 1.130559 0.357736
v -0.180806 1.130691 0.359662
v -0.178502 1.129294 0.359610
v -0.178463 1.129190 0.358096
v -0.179863 1.128149 0.352626
v -0.179355 1.126778 0.351363
v -0.177296 1.121226 0.369267
v -0.178771 1.125203 0.350411
v -0.177966 1.123032 0.369126
v -0.178133 1.123483 0.349804
v -0.178613 1.124778 0.368611
v -0.175019 1.115088 0.352279
v -0.174580 1.113905 0.353741
v -0.177466 1.121686 0.349567
v -0.179213 1.126396 0.367743
v -0.174249 1.113012 0.355421
v -0.176797 1.119880 0.349708
v -0.179743 1.127824 0.366556
v -0.174038 1.112443 0.357255
v -0.176149 1.118134 0.350223
v -0.180182 1.129007 0.365093
v -0.173956 1.112221 0.359172
v -0.175549 1.116516 0.351091
v -0.180513 1.129900 0.363413
v -0.174005 1.112354 0.361098
v -0.180724 1.130469 0.361579
v -0.174184 1.112836 0.362960
v -0.174486 1.113649 0.364685
v -0.174899 1.114763 0.366208
v -0.180578 1.130077 0.355874
v -0.175407 1.116134 0.367471
v -0.180276 1.129263 0.354149
v -0.177761 1.127297 0.354081
v -0.178086 1.128172 0.355278
v -0.176673 1.128696 0.355278
v -0.176348 1.127821 0.354081
v -0.173536 1.115905 0.363556
v -0.173861 1.116780 0.364753
v -0.178323 1.128811 0.356634
v -0.174260 1.117857 0.365745
v -0.174719 1.119095 0.366493
v -0.175220 1.120446 0.366970
v -0.177362 1.126220 0.353089
v -0.175744 1.121858 0.367156
v -0.176903 1.124982 0.352341
v -0.176270 1.123277 0.367045
v -0.176402 1.123631 0.351865
v -0.176779 1.124648 0.366640
v -0.173955 1.117036 0.353809
v -0.173611 1.116106 0.354957
v -0.175878 1.122219 0.351678
v -0.177250 1.125920 0.365959
v -0.173350 1.115404 0.356278
v -0.175352 1.120800 0.351789
v -0.177666 1.127042 0.365026
v -0.173185 1.114958 0.357718
v -0.174843 1.119429 0.352194
v -0.178011 1.127971 0.363877
v -0.173120 1.114783 0.359224
v -0.174372 1.118158 0.352876
v -0.178271 1.128673 0.362556
v -0.173158 1.114887 0.360738
v -0.178437 1.129120 0.361116
v -0.173299 1.115266 0.362201
v -0.174989 1.124156 0.351865
v -0.175490 1.125506 0.352341
v -0.171576 1.121511 0.351005
v -0.170658 1.119038 0.348868
v -0.173306 1.119619 0.366493
v -0.173807 1.120970 0.366970
v -0.175949 1.126744 0.353089
v -0.174331 1.122382 0.367156
v -0.174857 1.123801 0.367045
v -0.175366 1.125172 0.366640
v -0.172542 1.117560 0.353809
v -0.172198 1.116630 0.354957
v -0.174465 1.122743 0.351678
v -0.175837 1.126444 0.365959
v -0.171937 1.115928 0.356278
v -0.173939 1.121324 0.351789
v -0.176254 1.127566 0.365026
v -0.171772 1.115482 0.357718
v -0.173430 1.119953 0.352194
v -0.176598 1.128495 0.363877
v -0.171707 1.115307 0.359224
v -0.172959 1.118682 0.352876
v -0.176859 1.129197 0.362556
v -0.171745 1.115411 0.360738
v -0.177024 1.129644 0.361116
v -0.171886 1.115790 0.362201
v -0.177089 1.129818 0.359610
v -0.172123 1.116429 0.363556
v -0.177050 1.129714 0.358096
v -0.172448 1.117304 0.364753
v -0.176910 1.129335 0.356634
v -0.172847 1.118381 0.365745
v -0.172944 1.125201 0.367829
v -0.172001 1.122657 0.365369
v -0.164494 1.125290 0.366506
v -0.165617 1.128319 0.369436
v -0.175478 1.132032 0.372958
v -0.176115 1.133750 0.373698
v -0.167593 1.110773 0.345312
v -0.167450 1.110387 0.346219
v -0.169803 1.116732 0.347136
v -0.176604 1.135069 0.373888
v -0.167492 1.110500 0.347634
v -0.169042 1.114680 0.345876
v -0.176927 1.135939 0.373523
v -0.167717 1.111107 0.349501
v -0.168405 1.112961 0.345136
v -0.177069 1.136324 0.372615
v -0.168117 1.112185 0.351750
v -0.167915 1.111642 0.344946
v -0.177028 1.136211 0.371201
v -0.168675 1.113692 0.354293
v -0.176803 1.135604 0.369333
v -0.169372 1.115570 0.357033
v -0.176403 1.134527 0.367084
v -0.170180 1.117748 0.359865
v -0.175844 1.133019 0.364541
v -0.171067 1.120140 0.362680
v -0.175147 1.131141 0.361801
v -0.174340 1.128964 0.358969
v -0.173452 1.126571 0.356155
v -0.173861 1.127673 0.369966
v -0.172519 1.124054 0.353465
v -0.174716 1.129980 0.371698
v -0.168635 1.136455 0.375545
v -0.167728 1.134011 0.374044
v -0.153377 1.138412 0.372541
v -0.154190 1.140604 0.373887
v -0.167280 1.132801 0.358884
v -0.166223 1.129951 0.355531
v -0.166710 1.131263 0.371981
v -0.165111 1.126954 0.352328
v -0.163988 1.123924 0.349398
v -0.162895 1.120979 0.346853
v -0.169394 1.138501 0.376425
v -0.159244 1.111135 0.342617
v -0.159074 1.110676 0.343698
v -0.161876 1.118232 0.344790
v -0.169977 1.140073 0.376652
v -0.159124 1.110810 0.345383
v -0.160970 1.115788 0.343290
v -0.170361 1.141108 0.376217
v -0.159392 1.111533 0.347607
v -0.160211 1.113741 0.342409
v -0.170531 1.141567 0.375137
v -0.159868 1.112817 0.350285
v -0.159628 1.112170 0.342182
v -0.170481 1.141432 0.373451
v -0.160534 1.114611 0.353314
v -0.170213 1.140710 0.371227
v -0.161363 1.116849 0.356578
v -0.169737 1.139426 0.368549
v -0.162325 1.119442 0.359950
v -0.169071 1.137631 0.365520
v -0.163382 1.122292 0.363303
v -0.168242 1.135394 0.362256
v -0.155738 1.144779 0.374491
v -0.155394 1.143851 0.374881
v -0.146569 1.140523 0.367714
v -0.146754 1.141022 0.367504
v -0.150020 1.129362 0.350428
v -0.149040 1.126719 0.348144
v -0.154871 1.142441 0.374677
v -0.145764 1.117886 0.344343
v -0.145612 1.117475 0.345313
v -0.148126 1.124254 0.346293
v -0.145656 1.117596 0.346825
v -0.147313 1.122062 0.344947
v -0.145897 1.118244 0.348821
v -0.146631 1.120225 0.344157
v -0.155891 1.145191 0.373521
v -0.146324 1.119396 0.351224
v -0.146109 1.118815 0.343953
v -0.155846 1.145070 0.372009
v -0.146921 1.121006 0.353941
v -0.155606 1.144422 0.370013
v -0.147666 1.123013 0.356870
v -0.155179 1.143270 0.367610
v -0.148529 1.125340 0.359896
v -0.154581 1.141660 0.364893
v -0.149477 1.127897 0.362904
v -0.153837 1.139653 0.361964
v -0.150474 1.130586 0.365777
v -0.152974 1.137326 0.358939
v -0.151483 1.133304 0.368406
v -0.152026 1.134769 0.355931
v -0.152462 1.135947 0.370690
v -0.151028 1.132079 0.353057
v -0.146683 1.140830 0.365102
v -0.146812 1.141178 0.366172
v -0.143068 1.139268 0.363515
v -0.142990 1.139057 0.362865
v -0.141345 1.126438 0.352662
v -0.141474 1.126786 0.353732
v -0.142234 1.128834 0.351654
v -0.141868 1.127848 0.351230
v -0.146836 1.141243 0.366984
v -0.141703 1.127404 0.355021
v -0.141588 1.127092 0.351121
v -0.142024 1.128267 0.356480
v -0.141403 1.126594 0.351330
v -0.142423 1.129344 0.358050
v -0.146454 1.140212 0.363813
v -0.142886 1.130592 0.359674
v -0.146134 1.139348 0.362355
v -0.143395 1.131964 0.361287
v -0.145734 1.138271 0.360784
v -0.143930 1.133407 0.362829
v -0.145271 1.137023 0.359160
v -0.144471 1.134865 0.364240
v -0.144762 1.135651 0.357547
v -0.144997 1.136283 0.365465
v -0.144227 1.134208 0.356005
v -0.145487 1.137605 0.366458
v -0.143686 1.132750 0.354594
v -0.145923 1.138782 0.367180
v -0.143161 1.131333 0.353369
v -0.146289 1.139767 0.367604
v -0.141321 1.126373 0.351850
v -0.142670 1.130010 0.352376
v -0.142414 1.137505 0.360246
v -0.142656 1.138158 0.361199
v -0.141220 1.136694 0.360268
v -0.141104 1.136382 0.359813
v -0.140163 1.131437 0.357635
v -0.140406 1.132090 0.358588
v -0.142851 1.138683 0.362083
v -0.140686 1.132848 0.359573
v -0.140995 1.133680 0.360552
v -0.141320 1.134555 0.361487
v -0.142133 1.136748 0.359261
v -0.141648 1.135439 0.362343
v -0.141824 1.135916 0.358283
v -0.141966 1.136299 0.363086
v -0.141500 1.135041 0.357347
v -0.142264 1.137101 0.363688
v -0.141172 1.134156 0.356492
v -0.142529 1.137815 0.364126
v -0.140853 1.133296 0.355748
v -0.142750 1.138412 0.364383
v -0.139787 1.130422 0.354512
v -0.139737 1.130287 0.354827
v -0.140555 1.132494 0.355146
v -0.142921 1.138871 0.364450
v -0.139752 1.130327 0.355319
v -0.140291 1.131780 0.354708
v -0.143033 1.139174 0.364322
v -0.139830 1.130538 0.355969
v -0.140069 1.131183 0.354451
v -0.143082 1.139307 0.364007
v -0.139969 1.130913 0.356751
v -0.139899 1.130724 0.354384
v -0.140668 1.135205 0.358429
v -0.140823 1.135623 0.358875
v -0.138232 1.136583 0.358875
v -0.138077 1.136165 0.358429
v -0.140427 1.134555 0.359959
v -0.140582 1.134973 0.360405
v -0.140970 1.136020 0.359343
v -0.140738 1.135395 0.360814
v -0.140891 1.135806 0.361169
v -0.141033 1.136189 0.361457
v -0.140511 1.134782 0.358020
v -0.141159 1.136530 0.361666
v -0.140359 1.134372 0.357665
v -0.141265 1.136815 0.361789
v -0.139850 1.132999 0.357074
v -0.139826 1.132935 0.357225
v -0.140217 1.133988 0.357377
v -0.141346 1.137034 0.361821
v -0.139833 1.132954 0.357460
v -0.140090 1.133648 0.357168
v -0.141400 1.137179 0.361760
v -0.139870 1.133054 0.357770
v -0.139984 1.133362 0.357045
v -0.141424 1.137243 0.361609
v -0.139937 1.133233 0.358144
v -0.139903 1.133143 0.357013
v -0.141417 1.137224 0.361374
v -0.140029 1.133484 0.358566
v -0.141379 1.137123 0.361064
v -0.140145 1.133796 0.359021
v -0.141313 1.136944 0.360690
v -0.140279 1.134157 0.359491
v -0.137235 1.133895 0.357225
v -0.137259 1.133959 0.357074
v -0.137313 1.134104 0.357013
v -0.137394 1.134323 0.357045
v -0.137500 1.134609 0.357168
v -0.137626 1.134949 0.357377
v -0.137769 1.135332 0.357665
v -0.137921 1.135743 0.358020
v -0.138380 1.136981 0.359343
v -0.138514 1.137342 0.359813
v -0.138630 1.137654 0.360268
v -0.138722 1.137905 0.360690
v -0.138789 1.138084 0.361064
v -0.138826 1.138185 0.361374
v -0.138833 1.138203 0.361609
v -0.138810 1.138139 0.361760
v -0.138756 1.137995 0.361821
v -0.138675 1.137776 0.361789
v -0.138569 1.137491 0.361666
v -0.138442 1.137150 0.361457
v -0.138300 1.136767 0.361169
v -0.138148 1.136356 0.360814
v -0.137991 1.135933 0.360405
v -0.137836 1.135515 0.359959
v -0.137689 1.135118 0.359491
v -0.137555 1.134756 0.359021
v -0.137439 1.134444 0.358566
v -0.137346 1.134194 0.358144
v -0.137280 1.134015 0.357770
v -0.137243 1.133914 0.357460
v -0.245950 1.105371 0.359008
v -0.274755 1.094687 0.359008
v -0.274725 1.094604 0.360725
v -0.245919 1.105288 0.360725
v -0.274578 1.094209 0.362392
v -0.245773 1.104892 0.362392
v -0.274321 1.093516 0.363945
v -0.245516 1.104199 0.363945
v -0.273963 1.092552 0.365324
v -0.245158 1.103235 0.365324
v -0.273519 1.091355 0.366475
v -0.244714 1.102038 0.366475
v -0.273006 1.089970 0.367356
v -0.244201 1.100653 0.367356
v -0.272442 1.088451 0.367932
v -0.243637 1.099134 0.367932
v -0.271851 1.086855 0.368180
v -0.243045 1.097539 0.368180
v -0.271253 1.085245 0.368091
v -0.242448 1.095928 0.368091
v -0.270674 1.083682 0.367669
v -0.241868 1.094365 0.367669
v -0.270134 1.082226 0.366930
v -0.241328 1.092910 0.366930
v -0.269654 1.080933 0.365903
v -0.240849 1.091617 0.365903
v -0.269254 1.079853 0.364626
v -0.240448 1.090537 0.364626
v -0.268947 1.079028 0.363149
v -0.240142 1.089711 0.363149
v -0.268747 1.078488 0.361528
v -0.239942 1.089172 0.361528
v -0.268661 1.078255 0.359826
v -0.239856 1.088939 0.359826
v -0.268692 1.078338 0.358109
v -0.239886 1.089022 0.358109
v -0.268838 1.078734 0.356442
v -0.240033 1.089417 0.356442
v -0.269095 1.079427 0.354889
v -0.240290 1.090110 0.354889
v -0.269453 1.080390 0.353510
v -0.240648 1.091074 0.353510
v -0.269897 1.081588 0.352359
v -0.241092 1.092271 0.352359
v -0.270411 1.082973 0.351478
v -0.241605 1.093656 0.351478
v -0.270974 1.084492 0.350903
v -0.242169 1.095175 0.350902
v -0.271566 1.086087 0.350655
v -0.242760 1.096771 0.350654
v -0.272163 1.087698 0.350743
v -0.243358 1.098381 0.350743
v -0.272743 1.089261 0.351165
v -0.243937 1.099944 0.351165
v -0.273283 1.090716 0.351904
v -0.244477 1.101400 0.351904
v -0.273762 1.092009 0.352931
v -0.244957 1.102693 0.352931
v -0.274163 1.093089 0.354208
v -0.245357 1.103773 0.354208
v -0.274469 1.093915 0.355685
v -0.245664 1.104598 0.355685
v -0.273673 1.086233 0.369259
v -0.273003 1.084424 0.369160
v -0.274669 1.094454 0.357306
v -0.245864 1.105138 0.357306
v -0.271745 1.081034 0.367856
v -0.272352 1.082669 0.368686
v -0.277611 1.080718 0.368686
v -0.277005 1.079083 0.367856
v -0.270125 1.076667 0.357948
v -0.270290 1.077111 0.356075
v -0.274675 1.088935 0.350148
v -0.275282 1.090570 0.350978
v -0.276047 1.092632 0.366051
v -0.275548 1.091287 0.367345
v -0.270757 1.078368 0.365268
v -0.270413 1.077441 0.363608
v -0.272056 1.081872 0.350500
v -0.272689 1.083579 0.349854
v -0.276936 1.095029 0.358957
v -0.276902 1.094936 0.360886
v -0.276839 1.094768 0.357046
v -0.270579 1.077890 0.354331
v -0.275821 1.092022 0.352132
v -0.274971 1.089732 0.368334
v -0.270188 1.076835 0.361788
v -0.273354 1.085371 0.349575
v -0.276737 1.094492 0.362758
v -0.270980 1.078971 0.352783
v -0.276270 1.093235 0.353567
v -0.274338 1.088025 0.368980
v -0.270091 1.076574 0.359877
v -0.274024 1.087179 0.349674
v -0.276448 1.093714 0.364503
v -0.271206 1.079581 0.366702
v -0.271479 1.080317 0.351489
v -0.276614 1.094162 0.355226
v -0.276739 1.078366 0.351489
v -0.276240 1.077021 0.352783
v -0.278353 1.077902 0.354205
v -0.278745 1.078959 0.353188
v -0.278613 1.083420 0.349575
v -0.279284 1.085228 0.349674
v -0.276466 1.077631 0.366702
v -0.279935 1.086984 0.350148
v -0.276016 1.076418 0.365268
v -0.280542 1.088619 0.350978
v -0.275673 1.075491 0.363608
v -0.282196 1.093079 0.358957
v -0.282161 1.092986 0.360886
v -0.281080 1.090071 0.352132
v -0.275448 1.074885 0.361788
v -0.281996 1.092541 0.362758
v -0.281530 1.091284 0.353567
v -0.275351 1.074623 0.359877
v -0.281708 1.091763 0.364503
v -0.281874 1.092211 0.355226
v -0.275385 1.074716 0.357948
v -0.281307 1.090681 0.366051
v -0.282099 1.092818 0.357046
v -0.275550 1.075160 0.356075
v -0.280808 1.089336 0.367345
v -0.275839 1.075939 0.354331
v -0.280231 1.087781 0.368334
v -0.279598 1.086074 0.368980
v -0.278933 1.084282 0.369259
v -0.277316 1.079921 0.350500
v -0.278262 1.082474 0.369160
v -0.277949 1.081628 0.349854
v -0.280217 1.082930 0.351684
v -0.279695 1.081522 0.351903
v -0.281108 1.080998 0.351903
v -0.281630 1.082406 0.351684
v -0.280991 1.085016 0.366931
v -0.280469 1.083607 0.367150
v -0.279198 1.080181 0.352411
v -0.279942 1.082187 0.367072
v -0.279430 1.080807 0.366699
v -0.278954 1.079522 0.366048
v -0.280744 1.084351 0.351762
v -0.278531 1.078382 0.365140
v -0.281256 1.085730 0.352135
v -0.278177 1.077429 0.364014
v -0.281733 1.087015 0.352787
v -0.277907 1.076700 0.362710
v -0.283032 1.090519 0.359056
v -0.283005 1.090446 0.360571
v -0.282156 1.088156 0.353693
v -0.277730 1.076224 0.361280
v -0.282876 1.090097 0.362042
v -0.282509 1.089109 0.354821
v -0.277654 1.076018 0.359779
v -0.282649 1.089485 0.363413
v -0.282779 1.089837 0.356124
v -0.277681 1.076092 0.358263
v -0.282333 1.088635 0.364630
v -0.282956 1.090314 0.357554
v -0.277811 1.076441 0.356792
v -0.281942 1.087579 0.365646
v -0.278037 1.077052 0.355421
v -0.281488 1.086356 0.366423
v -0.283146 1.086491 0.352787
v -0.282669 1.085206 0.352135
v -0.286411 1.088739 0.354701
v -0.287588 1.091910 0.354981
v -0.280843 1.080283 0.366699
v -0.280367 1.078998 0.366048
v -0.282157 1.083827 0.351762
v -0.279944 1.077858 0.365140
v -0.279590 1.076905 0.364014
v -0.279320 1.076176 0.362710
v -0.284445 1.089995 0.359056
v -0.284418 1.089921 0.360571
v -0.283569 1.087632 0.353693
v -0.279143 1.075700 0.361280
v -0.284288 1.089573 0.362042
v -0.283922 1.088585 0.354821
v -0.279067 1.075494 0.359779
v -0.284062 1.088961 0.363413
v -0.284192 1.089313 0.356124
v -0.279094 1.075568 0.358263
v -0.283746 1.088111 0.364630
v -0.284369 1.089790 0.357554
v -0.279224 1.075917 0.356792
v -0.283355 1.087054 0.365646
v -0.279450 1.076528 0.355421
v -0.282901 1.085832 0.366423
v -0.279766 1.077378 0.354205
v -0.282404 1.084491 0.366931
v -0.280158 1.078435 0.353188
v -0.281882 1.083083 0.367150
v -0.280611 1.079657 0.352411
v -0.281355 1.081663 0.367072
v -0.281377 1.075165 0.364133
v -0.282650 1.078597 0.364232
v -0.289870 1.075191 0.365151
v -0.288353 1.071102 0.365034
v -0.278314 1.066905 0.362799
v -0.277675 1.065184 0.362066
v -0.290657 1.100186 0.358508
v -0.290542 1.099877 0.359448
v -0.288622 1.094699 0.355431
v -0.277276 1.064107 0.361231
v -0.290172 1.098878 0.360387
v -0.289475 1.096998 0.356035
v -0.277131 1.063717 0.360326
v -0.289560 1.097228 0.361288
v -0.290113 1.098719 0.356768
v -0.277246 1.064026 0.359386
v -0.288731 1.094992 0.362118
v -0.290512 1.099796 0.357603
v -0.277617 1.065025 0.358447
v -0.287716 1.092255 0.362843
v -0.278228 1.066675 0.357546
v -0.286553 1.089121 0.363437
v -0.279058 1.068911 0.356717
v -0.285289 1.085712 0.363877
v -0.280073 1.071648 0.355991
v -0.283971 1.082159 0.364145
v -0.281235 1.074782 0.355397
v -0.282499 1.078191 0.354957
v -0.283817 1.081744 0.354689
v -0.280201 1.071993 0.363853
v -0.285138 1.085306 0.354602
v -0.279166 1.069204 0.363403
v -0.284705 1.061265 0.363446
v -0.285720 1.064003 0.364164
v -0.300351 1.060352 0.363677
v -0.299440 1.057895 0.363032
v -0.289690 1.074707 0.354105
v -0.291260 1.078939 0.353786
v -0.286953 1.067325 0.364701
v -0.292833 1.083181 0.353683
v -0.294349 1.087269 0.353800
v -0.295751 1.091047 0.354134
v -0.283945 1.059215 0.362572
v -0.299406 1.100904 0.358335
v -0.299270 1.100535 0.359454
v -0.296982 1.094368 0.354670
v -0.283469 1.057933 0.361577
v -0.298828 1.099345 0.360572
v -0.297998 1.097106 0.355388
v -0.283296 1.057468 0.360500
v -0.298100 1.097381 0.361646
v -0.298758 1.099156 0.356262
v -0.283433 1.057837 0.359380
v -0.297112 1.094717 0.362633
v -0.299234 1.100438 0.357257
v -0.283875 1.059027 0.358262
v -0.295903 1.091457 0.363498
v -0.284603 1.060991 0.357189
v -0.294519 1.087725 0.364205
v -0.285591 1.063654 0.356201
v -0.293013 1.083665 0.364729
v -0.286800 1.066915 0.355336
v -0.291443 1.079432 0.365048
v -0.288184 1.070647 0.354629
v -0.298176 1.054488 0.360388
v -0.298331 1.054906 0.361355
v -0.308281 1.061269 0.360457
v -0.308198 1.061045 0.359938
v -0.308093 1.081227 0.354378
v -0.309350 1.084616 0.354676
v -0.298757 1.056056 0.362248
v -0.312630 1.093460 0.358446
v -0.312507 1.093129 0.359450
v -0.310455 1.087596 0.355158
v -0.312112 1.092062 0.360453
v -0.311367 1.090053 0.355802
v -0.311458 1.090299 0.361416
v -0.312049 1.091892 0.356586
v -0.298299 1.054819 0.359384
v -0.310571 1.087909 0.362303
v -0.312475 1.093042 0.357479
v -0.298695 1.055887 0.358381
v -0.309487 1.084984 0.363078
v -0.299348 1.057649 0.357418
v -0.308245 1.081636 0.363713
v -0.300235 1.060039 0.356531
v -0.306894 1.077993 0.364183
v -0.301320 1.062964 0.355755
v -0.305485 1.074195 0.364470
v -0.302562 1.066313 0.355121
v -0.304074 1.070390 0.364562
v -0.303913 1.069956 0.354651
v -0.302713 1.066722 0.364457
v -0.305321 1.073753 0.354365
v -0.301456 1.063332 0.364158
v -0.306732 1.077558 0.354272
v -0.308827 1.062741 0.358344
v -0.308476 1.061795 0.358861
v -0.312561 1.064623 0.359080
v -0.312774 1.065197 0.358766
v -0.315674 1.081204 0.359973
v -0.315324 1.080258 0.360490
v -0.315275 1.080126 0.357478
v -0.315641 1.081112 0.357898
v -0.308264 1.061223 0.359399
v -0.314848 1.078976 0.360965
v -0.315870 1.081730 0.358377
v -0.314266 1.077406 0.361381
v -0.315953 1.081954 0.358896
v -0.313600 1.075610 0.361722
v -0.309303 1.064024 0.357869
v -0.312875 1.073656 0.361974
v -0.309884 1.065593 0.357453
v -0.312119 1.071618 0.362128
v -0.310551 1.067389 0.357112
v -0.311362 1.069576 0.362177
v -0.311276 1.069343 0.356860
v -0.310632 1.067608 0.362121
v -0.312031 1.071381 0.356706
v -0.309958 1.065790 0.361960
v -0.312789 1.073423 0.356657
v -0.309365 1.064191 0.361702
v -0.313518 1.075391 0.356713
v -0.308876 1.062873 0.361356
v -0.314193 1.077209 0.356874
v -0.308510 1.061887 0.360936
v -0.315887 1.081776 0.359435
v -0.314786 1.078808 0.357132
v -0.313820 1.068016 0.358019
v -0.313415 1.066927 0.358225
v -0.314895 1.068507 0.358848
v -0.315088 1.069028 0.358749
v -0.316073 1.074093 0.360609
v -0.315669 1.073003 0.360815
v -0.313062 1.065974 0.358478
v -0.315229 1.071817 0.360968
v -0.314771 1.070582 0.361062
v -0.314312 1.069343 0.361091
v -0.314259 1.069202 0.357866
v -0.313869 1.068149 0.361057
v -0.314718 1.070438 0.357773
v -0.313460 1.067046 0.360960
v -0.315177 1.071676 0.357743
v -0.313100 1.066077 0.360803
v -0.315620 1.072870 0.357777
v -0.312804 1.065277 0.360594
v -0.316029 1.073973 0.357874
v -0.312582 1.064678 0.360338
v -0.317096 1.076851 0.359101
v -0.317056 1.076743 0.359428
v -0.316388 1.074943 0.358031
v -0.312443 1.064304 0.360048
v -0.316927 1.076396 0.359754
v -0.316685 1.075742 0.358241
v -0.312392 1.064168 0.359733
v -0.316715 1.075822 0.360068
v -0.316907 1.076341 0.358496
v -0.312432 1.064276 0.359407
v -0.316426 1.075045 0.360356
v -0.317046 1.076715 0.358786
v -0.315736 1.070775 0.358617
v -0.315517 1.070184 0.358632
v -0.318107 1.069223 0.358632
v -0.318326 1.069815 0.358617
v -0.315542 1.070253 0.360202
v -0.315323 1.069661 0.360217
v -0.315298 1.069594 0.358676
v -0.315111 1.069091 0.360200
v -0.314916 1.068565 0.360154
v -0.314744 1.068101 0.360079
v -0.315947 1.071346 0.358634
v -0.314602 1.067719 0.359979
v -0.316143 1.071872 0.358680
v -0.314496 1.067433 0.359857
v -0.316653 1.073247 0.359266
v -0.316633 1.073195 0.359422
v -0.316315 1.072336 0.358755
v -0.314430 1.067255 0.359718
v -0.316572 1.073030 0.359578
v -0.316456 1.072717 0.358855
v -0.314406 1.067190 0.359568
v -0.316470 1.072756 0.359728
v -0.316562 1.073004 0.358977
v -0.314425 1.067241 0.359412
v -0.316333 1.072385 0.359866
v -0.316628 1.073182 0.359116
v -0.314487 1.067407 0.359256
v -0.316164 1.071930 0.359986
v -0.314588 1.067681 0.359106
v -0.315971 1.071409 0.360085
v -0.314726 1.068052 0.358969
v -0.315761 1.070843 0.360158
v -0.319224 1.072235 0.359422
v -0.319243 1.072287 0.359266
v -0.319219 1.072221 0.359116
v -0.319153 1.072043 0.358977
v -0.319046 1.071757 0.358855
v -0.318905 1.071375 0.358755
v -0.318733 1.070912 0.358680
v -0.318538 1.070385 0.358634
v -0.317888 1.068633 0.358676
v -0.317678 1.068067 0.358749
v -0.317485 1.067546 0.358848
v -0.317316 1.067092 0.358969
v -0.317178 1.066720 0.359106
v -0.317077 1.066446 0.359256
v -0.317015 1.066280 0.359412
v -0.316996 1.066229 0.359568
v -0.317020 1.066294 0.359718
v -0.317087 1.066473 0.359857
v -0.317193 1.066758 0.359979
v -0.317334 1.067141 0.360079
v -0.317506 1.067604 0.360154
v -0.317702 1.068131 0.360200
v -0.317913 1.068700 0.360217
v -0.318132 1.069292 0.360202
v -0.318351 1.069883 0.360158
v -0.318561 1.070449 0.360085
v -0.318754 1.070969 0.359986
v -0.318923 1.071424 0.359866
v -0.319061 1.071795 0.359728
v -0.319162 1.072069 0.359578
v -0.226884 1.053964 0.358796
v -0.255689 1.043280 0.358796
v -0.255944 1.043967 0.360352
v -0.227138 1.054650 0.360352
v -0.256088 1.044355 0.362021
v -0.227282 1.055038 0.362021
v -0.256115 1.044430 0.363739
v -0.227310 1.055113 0.363739
v -0.256026 1.044190 0.365439
v -0.227221 1.054873 0.365439
v -0.255824 1.043643 0.367057
v -0.227018 1.054327 0.367057
v -0.255515 1.042811 0.368530
v -0.226710 1.053495 0.368530
v -0.255113 1.041726 0.369801
v -0.226307 1.052409 0.369801
v -0.254631 1.040429 0.370823
v -0.225826 1.051112 0.370823
v -0.254090 1.038970 0.371555
v -0.225285 1.049653 0.371555
v -0.253510 1.037404 0.371969
v -0.224705 1.048088 0.371969
v -0.252912 1.035794 0.372049
v -0.224107 1.046477 0.372049
v -0.252321 1.034200 0.371793
v -0.223516 1.044883 0.371793
v -0.251759 1.032683 0.371210
v -0.222953 1.043366 0.371210
v -0.251246 1.031302 0.370323
v -0.222441 1.041985 0.370323
v -0.250804 1.030109 0.369165
v -0.221999 1.040793 0.369165
v -0.250449 1.029152 0.367781
v -0.221644 1.039835 0.367781
v -0.250195 1.028466 0.366226
v -0.221389 1.039150 0.366226
v -0.250051 1.028077 0.364556
v -0.221245 1.038761 0.364556
v -0.250023 1.028002 0.362839
v -0.221217 1.038686 0.362839
v -0.250112 1.028242 0.361138
v -0.221306 1.038926 0.361138
v -0.250314 1.028789 0.359520
v -0.221509 1.039472 0.359520
v -0.250623 1.029621 0.358048
v -0.221818 1.040304 0.358047
v -0.251025 1.030706 0.356776
v -0.222220 1.041390 0.356776
v -0.251507 1.032003 0.355755
v -0.222701 1.042687 0.355754
v -0.252048 1.033463 0.355022
v -0.223243 1.044146 0.355022
v -0.252628 1.035028 0.354608
v -0.223823 1.045711 0.354608
v -0.253226 1.036638 0.354528
v -0.224420 1.047322 0.354528
v -0.253817 1.038232 0.354784
v -0.225012 1.048916 0.354784
v -0.254379 1.039749 0.355367
v -0.225574 1.050433 0.355367
v -0.254892 1.041130 0.356255
v -0.226086 1.051814 0.356255
v -0.256629 1.040278 0.371751
v -0.256021 1.038639 0.372573
v -0.255334 1.042323 0.357412
v -0.226529 1.053006 0.357412
v -0.254699 1.035072 0.373129
v -0.255370 1.036882 0.373038
v -0.260629 1.034931 0.373038
v -0.259958 1.033122 0.373129
v -0.251646 1.026842 0.366587
v -0.251484 1.026406 0.364713
v -0.254379 1.034212 0.353539
v -0.255050 1.036020 0.353449
v -0.258196 1.044503 0.365704
v -0.257968 1.043889 0.367521
v -0.253403 1.031578 0.372186
v -0.252827 1.030027 0.371190
v -0.252127 1.028139 0.357402
v -0.252579 1.029358 0.355973
v -0.257817 1.043481 0.358242
v -0.258103 1.044252 0.359990
v -0.257418 1.042405 0.356688
v -0.251453 1.026321 0.362783
v -0.255714 1.037811 0.353736
v -0.257622 1.042954 0.369176
v -0.252331 1.028688 0.369889
v -0.253120 1.030815 0.354826
v -0.258265 1.044688 0.361865
v -0.251553 1.026590 0.360873
v -0.256346 1.039515 0.354391
v -0.257170 1.041735 0.370604
v -0.251932 1.027612 0.368335
v -0.253727 1.032454 0.354004
v -0.258296 1.044773 0.363794
v -0.254034 1.033282 0.372841
v -0.251780 1.027204 0.359056
v -0.256922 1.041066 0.355388
v -0.257040 1.025253 0.359056
v -0.256813 1.024640 0.360873
v -0.259094 1.025977 0.361391
v -0.259273 1.026459 0.359963
v -0.258379 1.028864 0.354826
v -0.258987 1.030503 0.354004
v -0.259294 1.031331 0.372841
v -0.259639 1.032261 0.353539
v -0.258662 1.029627 0.372186
v -0.260310 1.034070 0.353449
v -0.258087 1.028076 0.371190
v -0.263077 1.041530 0.358242
v -0.263363 1.042301 0.359990
v -0.260974 1.035860 0.353736
v -0.257590 1.026737 0.369889
v -0.263525 1.042737 0.361865
v -0.261606 1.037564 0.354391
v -0.257191 1.025661 0.368335
v -0.263556 1.042822 0.363794
v -0.262181 1.039115 0.355388
v -0.256906 1.024891 0.366587
v -0.263456 1.042552 0.365704
v -0.262678 1.040454 0.356688
v -0.256744 1.024455 0.364713
v -0.263228 1.041938 0.367521
v -0.256712 1.024370 0.362783
v -0.262882 1.041003 0.369176
v -0.262430 1.039784 0.370604
v -0.261889 1.038327 0.371751
v -0.257387 1.026188 0.357402
v -0.261281 1.036688 0.372573
v -0.257839 1.027407 0.355973
v -0.260325 1.029296 0.356640
v -0.259901 1.028151 0.357541
v -0.261314 1.027627 0.357541
v -0.261738 1.028772 0.356640
v -0.263507 1.037876 0.369036
v -0.263083 1.036731 0.369938
v -0.259545 1.027193 0.358663
v -0.262605 1.035443 0.370583
v -0.262093 1.034062 0.370948
v -0.261566 1.032641 0.371020
v -0.260803 1.030584 0.355994
v -0.261044 1.031234 0.370794
v -0.261315 1.031965 0.355629
v -0.260548 1.029896 0.370279
v -0.261842 1.033386 0.355558
v -0.260096 1.028677 0.369496
v -0.264016 1.039247 0.359324
v -0.264241 1.039853 0.360697
v -0.262364 1.034793 0.355784
v -0.259705 1.027625 0.368474
v -0.264368 1.040195 0.362170
v -0.262860 1.036131 0.356298
v -0.259392 1.026780 0.367254
v -0.264392 1.040262 0.363686
v -0.263312 1.037350 0.357081
v -0.259167 1.026174 0.365880
v -0.264314 1.040050 0.365186
v -0.263703 1.038402 0.358103
v -0.259040 1.025831 0.364407
v -0.264135 1.039568 0.366614
v -0.259016 1.025765 0.362892
v -0.263863 1.038833 0.367914
v -0.263255 1.032862 0.355558
v -0.262728 1.031441 0.355629
v -0.266702 1.035596 0.355717
v -0.267785 1.038517 0.354368
v -0.263506 1.033538 0.370948
v -0.262979 1.032117 0.371020
v -0.262216 1.030060 0.355994
v -0.262457 1.030710 0.370794
v -0.261961 1.029372 0.370279
v -0.261509 1.028153 0.369496
v -0.265429 1.038723 0.359324
v -0.265654 1.039329 0.360697
v -0.263777 1.034269 0.355784
v -0.261118 1.027101 0.368474
v -0.265781 1.039671 0.362170
v -0.264273 1.035607 0.356298
v -0.260805 1.026256 0.367254
v -0.265805 1.039738 0.363686
v -0.264725 1.036826 0.357081
v -0.260580 1.025650 0.365880
v -0.265727 1.039526 0.365186
v -0.265116 1.037878 0.358103
v -0.260453 1.025307 0.364407
v -0.265548 1.039044 0.366614
v -0.260429 1.025241 0.362892
v -0.265276 1.038309 0.367914
v -0.260507 1.025453 0.361391
v -0.264920 1.037352 0.369036
v -0.260686 1.025935 0.359963
v -0.264496 1.036207 0.369938
v -0.260958 1.026669 0.358663
v -0.264018 1.034919 0.370583
v -0.263809 1.027797 0.370861
v -0.264948 1.030867 0.369221
v -0.272346 1.027943 0.370355
v -0.270990 1.024286 0.372307
v -0.260888 1.019923 0.373839
v -0.260205 1.018081 0.374057
v -0.271070 1.047375 0.353317
v -0.271123 1.047517 0.354301
v -0.268771 1.041176 0.353363
v -0.259716 1.016762 0.373862
v -0.270950 1.047051 0.355631
v -0.269622 1.043470 0.352739
v -0.259440 1.016018 0.373261
v -0.270559 1.045995 0.357256
v -0.270305 1.045312 0.352520
v -0.259387 1.015875 0.372276
v -0.269963 1.044390 0.359112
v -0.270794 1.046630 0.352715
v -0.259560 1.016341 0.370946
v -0.269187 1.042297 0.361129
v -0.259952 1.017397 0.369322
v -0.268259 1.039796 0.363228
v -0.260547 1.019003 0.367466
v -0.267216 1.036984 0.365330
v -0.261324 1.021096 0.365449
v -0.266098 1.033969 0.367354
v -0.262251 1.023597 0.363349
v -0.263294 1.026408 0.361247
v -0.264412 1.029423 0.359224
v -0.262725 1.024876 0.372209
v -0.265563 1.032526 0.357356
v -0.261739 1.022217 0.373215
v -0.267512 1.014908 0.375854
v -0.268525 1.017641 0.375111
v -0.283007 1.013589 0.373896
v -0.282098 1.011138 0.374563
v -0.270376 1.022632 0.360857
v -0.271708 1.026223 0.358447
v -0.269699 1.020807 0.373913
v -0.273079 1.029918 0.356223
v -0.274435 1.033576 0.354270
v -0.275725 1.037054 0.352664
v -0.266698 1.012715 0.376114
v -0.279638 1.047604 0.351412
v -0.279701 1.047774 0.352585
v -0.276900 1.040220 0.351467
v -0.266116 1.011144 0.375882
v -0.279495 1.047219 0.354169
v -0.277913 1.042953 0.350723
v -0.265786 1.010257 0.375166
v -0.279029 1.045961 0.356103
v -0.278727 1.045147 0.350463
v -0.265724 1.010088 0.373993
v -0.278320 1.044049 0.358314
v -0.279309 1.046717 0.350696
v -0.265929 1.010643 0.372408
v -0.277395 1.041556 0.360716
v -0.266396 1.011900 0.370474
v -0.276290 1.038578 0.363217
v -0.267105 1.013812 0.368263
v -0.275048 1.035229 0.365720
v -0.268030 1.016305 0.365861
v -0.273716 1.031638 0.368130
v -0.269134 1.019284 0.363360
v -0.280550 1.006965 0.373945
v -0.280845 1.007761 0.374588
v -0.290261 1.012683 0.369351
v -0.290102 1.012256 0.369006
v -0.288310 1.027887 0.355197
v -0.289467 1.031008 0.353756
v -0.281368 1.009170 0.374796
v -0.292978 1.040473 0.352632
v -0.293034 1.040625 0.353685
v -0.290521 1.033849 0.352682
v -0.292850 1.040128 0.355106
v -0.291430 1.036300 0.352015
v -0.292431 1.038999 0.356842
v -0.292160 1.038269 0.351781
v -0.280494 1.006813 0.372893
v -0.291795 1.037284 0.358825
v -0.292683 1.039678 0.351990
v -0.280678 1.007311 0.371471
v -0.290965 1.035047 0.360980
v -0.281097 1.008439 0.369736
v -0.289974 1.032375 0.363224
v -0.281733 1.010154 0.367752
v -0.288860 1.029370 0.365470
v -0.282563 1.012391 0.365597
v -0.287665 1.026148 0.367633
v -0.283554 1.015063 0.363353
v -0.286435 1.022833 0.369628
v -0.284668 1.018068 0.361107
v -0.285218 1.019551 0.371380
v -0.285863 1.021290 0.358945
v -0.284061 1.016430 0.372821
v -0.287093 1.024605 0.356949
v -0.290396 1.013047 0.366747
v -0.290171 1.012441 0.367679
v -0.294125 1.014914 0.365952
v -0.294261 1.015282 0.365387
v -0.296701 1.030048 0.358899
v -0.296477 1.029442 0.359830
v -0.295940 1.027994 0.357240
v -0.296331 1.029050 0.357115
v -0.290072 1.012174 0.368441
v -0.296135 1.028522 0.360894
v -0.296612 1.029806 0.357227
v -0.295690 1.027322 0.362050
v -0.296770 1.030233 0.357572
v -0.295159 1.025888 0.363254
v -0.290737 1.013967 0.365683
v -0.294561 1.024276 0.364459
v -0.291182 1.015167 0.364527
v -0.293920 1.022548 0.365619
v -0.291714 1.016601 0.363323
v -0.293260 1.020769 0.366690
v -0.292312 1.018213 0.362118
v -0.292607 1.019009 0.367630
v -0.292953 1.019941 0.360958
v -0.291986 1.017334 0.368403
v -0.293613 1.021720 0.359887
v -0.291421 1.015810 0.368979
v -0.294266 1.023480 0.358948
v -0.290933 1.014494 0.369337
v -0.294887 1.025155 0.358175
v -0.290541 1.013438 0.369463
v -0.296800 1.030315 0.358136
v -0.295452 1.026679 0.357598
v -0.295061 1.017438 0.363310
v -0.294738 1.016568 0.364040
v -0.296237 1.018203 0.363648
v -0.296391 1.018618 0.363299
v -0.297473 1.023941 0.362538
v -0.297150 1.023071 0.363268
v -0.294468 1.015840 0.364741
v -0.296787 1.022093 0.363999
v -0.296398 1.021045 0.364702
v -0.295998 1.019966 0.365352
v -0.295423 1.018415 0.362579
v -0.295602 1.018898 0.365922
v -0.295812 1.019464 0.361875
v -0.295226 1.017883 0.366391
v -0.296212 1.020543 0.361226
v -0.294883 1.016958 0.366741
v -0.296608 1.021610 0.360655
v -0.294587 1.016160 0.366958
v -0.296985 1.022626 0.360187
v -0.294349 1.015519 0.367034
v -0.298128 1.025707 0.359821
v -0.298146 1.025756 0.360163
v -0.297328 1.023551 0.359837
v -0.294179 1.015061 0.366966
v -0.298086 1.025594 0.360626
v -0.297624 1.024349 0.359620
v -0.294083 1.014802 0.366757
v -0.297950 1.025227 0.361191
v -0.297861 1.024989 0.359544
v -0.294065 1.014752 0.366414
v -0.297743 1.024669 0.361836
v -0.298031 1.025448 0.359612
v -0.296941 1.020101 0.362303
v -0.296750 1.019586 0.362614
v -0.299340 1.018625 0.362614
v -0.299531 1.019140 0.362303
v -0.297030 1.020341 0.363964
v -0.296839 1.019826 0.364274
v -0.296564 1.019085 0.362950
v -0.296650 1.019316 0.364546
v -0.296470 1.018831 0.364770
v -0.296306 1.018389 0.364937
v -0.297130 1.020611 0.362031
v -0.296165 1.018008 0.365041
v -0.297310 1.021096 0.361807
v -0.296051 1.017702 0.365077
v -0.297856 1.022568 0.361632
v -0.297865 1.022591 0.361796
v -0.297474 1.021538 0.361640
v -0.295970 1.017483 0.365045
v -0.297836 1.022514 0.362017
v -0.297615 1.021919 0.361536
v -0.295924 1.017359 0.364945
v -0.297771 1.022338 0.362287
v -0.297729 1.022225 0.361500
v -0.295916 1.017336 0.364781
v -0.297672 1.022072 0.362595
v -0.297810 1.022444 0.361533
v -0.295944 1.017413 0.364560
v -0.297543 1.021724 0.362930
v -0.296009 1.017588 0.364291
v -0.297389 1.021309 0.363279
v -0.296108 1.017855 0.363982
v -0.297216 1.020842 0.363628
v -0.300455 1.021630 0.361796
v -0.300446 1.021607 0.361632
v -0.300401 1.021483 0.361533
v -0.300319 1.021264 0.361500
v -0.300206 1.020958 0.361536
v -0.300064 1.020577 0.361640
v -0.299901 1.020135 0.361807
v -0.299721 1.019650 0.362031
v -0.299155 1.018124 0.362950
v -0.298982 1.017657 0.363299
v -0.298827 1.017242 0.363648
v -0.298699 1.016894 0.363982
v -0.298600 1.016628 0.364291
v -0.298535 1.016452 0.364560
v -0.298506 1.016375 0.364781
v -0.298515 1.016399 0.364945
v -0.298561 1.016522 0.365045
v -0.298642 1.016741 0.365077
v -0.298755 1.017047 0.365041
v -0.298897 1.017428 0.364937
v -0.299060 1.017870 0.364770
v -0.299240 1.018355 0.364546
v -0.299429 1.018865 0.364274
v -0.299620 1.019380 0.363964
v -0.299806 1.019881 0.363628
v -0.299979 1.020348 0.363279
v -0.300133 1.020763 0.362930
v -0.300263 1.021111 0.362595
v -0.300361 1.021377 0.362287
v -0.300426 1.021553 0.362017
v -0.195587 1.060526 0.371601
v -0.166782 1.071209 0.371601
v -0.167327 1.072679 0.370894
v -0.196132 1.061995 0.370894
v -0.167814 1.073991 0.369895
v -0.196619 1.063308 0.369896
v -0.168223 1.075096 0.368643
v -0.197028 1.064412 0.368643
v -0.168540 1.075950 0.367184
v -0.197345 1.065267 0.367184
v -0.168752 1.076521 0.365576
v -0.197557 1.065837 0.365576
v -0.168850 1.076787 0.363880
v -0.197655 1.066103 0.363880
v -0.168832 1.076737 0.362161
v -0.197637 1.066054 0.362161
v -0.168697 1.076374 0.360485
v -0.197502 1.065691 0.360485
v -0.168452 1.075712 0.358918
v -0.197257 1.065028 0.358918
v -0.168104 1.074775 0.357518
v -0.196909 1.064092 0.357518
v -0.167669 1.073601 0.356340
v -0.196474 1.062917 0.356340
v -0.167161 1.072233 0.355429
v -0.195967 1.061550 0.355429
v -0.166602 1.070725 0.354820
v -0.195407 1.060042 0.354820
v -0.166012 1.069135 0.354537
v -0.194818 1.058451 0.354537
v -0.165415 1.067523 0.354589
v -0.194220 1.056840 0.354589
v -0.164832 1.065953 0.354976
v -0.193637 1.055269 0.354976
v -0.164287 1.064482 0.355683
v -0.193092 1.053799 0.355683
v -0.163800 1.063170 0.356682
v -0.192605 1.052487 0.356682
v -0.163390 1.062065 0.357935
v -0.192196 1.051382 0.357935
v -0.163074 1.061211 0.359393
v -0.191879 1.050528 0.359393
v -0.162862 1.060640 0.361002
v -0.191667 1.049957 0.361002
v -0.162763 1.060375 0.362698
v -0.191568 1.049691 0.362698
v -0.162781 1.060424 0.364416
v -0.191587 1.049740 0.364416
v -0.162916 1.060787 0.366092
v -0.191721 1.050103 0.366092
v -0.163162 1.061450 0.367660
v -0.191967 1.050766 0.367660
v -0.163509 1.062386 0.369059
v -0.192314 1.051703 0.369059
v -0.163945 1.063561 0.370238
v -0.192750 1.052877 0.370238
v -0.164452 1.064929 0.371148
v -0.193257 1.054245 0.371148
v -0.165011 1.066436 0.371757
v -0.193817 1.055753 0.371757
v -0.165601 1.068026 0.372041
v -0.194406 1.057343 0.372041
v -0.167248 1.078004 0.360140
v -0.166972 1.077260 0.358379
v -0.166199 1.069638 0.371988
v -0.195004 1.058954 0.371988
v -0.166093 1.074889 0.355484
v -0.166582 1.076208 0.356807
v -0.161323 1.078159 0.356807
v -0.160833 1.076839 0.355484
v -0.162294 1.064647 0.354746
v -0.161747 1.063173 0.355868
v -0.161421 1.062292 0.369771
v -0.161910 1.063612 0.371094
v -0.167071 1.077528 0.367664
v -0.167309 1.078169 0.365858
v -0.164895 1.071659 0.353776
v -0.164232 1.069873 0.353458
v -0.160583 1.060033 0.362625
v -0.160604 1.060089 0.364555
v -0.165096 1.072203 0.372625
v -0.165709 1.073853 0.371831
v -0.164442 1.070438 0.373060
v -0.161287 1.061932 0.357275
v -0.162480 1.065148 0.372117
v -0.167420 1.078467 0.363953
v -0.163561 1.068063 0.353517
v -0.160755 1.060497 0.366437
v -0.166255 1.075328 0.370710
v -0.160931 1.060973 0.358913
v -0.163108 1.066842 0.372801
v -0.167399 1.078412 0.362022
v -0.162906 1.066298 0.353952
v -0.161031 1.061241 0.368198
v -0.166715 1.076568 0.369302
v -0.165523 1.073353 0.354460
v -0.160694 1.060332 0.360719
v -0.163771 1.068628 0.373119
v -0.155434 1.062283 0.360719
v -0.155672 1.062924 0.358913
v -0.154760 1.065280 0.359851
v -0.154573 1.064776 0.361270
v -0.155495 1.062447 0.366437
v -0.155771 1.063192 0.368198
v -0.160264 1.075303 0.354460
v -0.156161 1.064243 0.369771
v -0.159635 1.073610 0.353776
v -0.156651 1.065563 0.371094
v -0.158973 1.071823 0.353458
v -0.159837 1.074153 0.372625
v -0.160449 1.075804 0.371831
v -0.157220 1.067098 0.372117
v -0.158302 1.070013 0.353517
v -0.160996 1.077278 0.370710
v -0.157849 1.068792 0.372801
v -0.157647 1.068249 0.353952
v -0.161456 1.078519 0.369302
v -0.158511 1.070579 0.373119
v -0.157035 1.066598 0.354746
v -0.161812 1.079478 0.367664
v -0.159182 1.072388 0.373060
v -0.156488 1.065124 0.355868
v -0.162050 1.080120 0.365858
v -0.156028 1.063883 0.357275
v -0.162160 1.080418 0.363953
v -0.162140 1.080363 0.362022
v -0.161989 1.079955 0.360140
v -0.155324 1.061984 0.362625
v -0.161713 1.079211 0.358379
v -0.155344 1.062040 0.364555
v -0.154621 1.064906 0.365762
v -0.154502 1.064586 0.364284
v -0.153089 1.065110 0.364284
v -0.153208 1.065430 0.365762
v -0.159841 1.078981 0.362294
v -0.159723 1.078661 0.360815
v -0.154486 1.064542 0.362767
v -0.159506 1.078076 0.359431
v -0.159199 1.077250 0.358196
v -0.158815 1.076213 0.357156
v -0.154838 1.065490 0.367146
v -0.158367 1.075007 0.356352
v -0.155144 1.066317 0.368381
v -0.157874 1.073676 0.355815
v -0.155529 1.067354 0.369421
v -0.157353 1.072272 0.355565
v -0.158032 1.074103 0.370624
v -0.158513 1.075400 0.370001
v -0.155976 1.068560 0.370225
v -0.156826 1.070850 0.355612
v -0.158943 1.076558 0.369119
v -0.156470 1.069891 0.370762
v -0.156311 1.069464 0.355953
v -0.159304 1.077533 0.368013
v -0.156990 1.071294 0.371012
v -0.155831 1.068167 0.356577
v -0.159584 1.078287 0.366726
v -0.157518 1.072716 0.370965
v -0.155401 1.067009 0.357458
v -0.159771 1.078790 0.365307
v -0.155039 1.066034 0.358564
v -0.159858 1.079025 0.363810
v -0.154116 1.067878 0.369421
v -0.153731 1.066841 0.368381
v -0.153008 1.071448 0.371746
v -0.153526 1.072845 0.374796
v -0.157786 1.077774 0.358196
v -0.157402 1.076737 0.357156
v -0.153425 1.066014 0.367146
v -0.156954 1.075531 0.356352
v -0.156461 1.074200 0.355815
v -0.155940 1.072796 0.355565
v -0.156619 1.074627 0.370624
v -0.157100 1.075924 0.370001
v -0.154563 1.069084 0.370225
v -0.155413 1.071374 0.355612
v -0.157530 1.077082 0.369119
v -0.155057 1.070415 0.370762
v -0.154898 1.069988 0.355953
v -0.157891 1.078057 0.368013
v -0.155577 1.071818 0.371012
v -0.154418 1.068691 0.356577
v -0.158171 1.078811 0.366726
v -0.156105 1.073240 0.370965
v -0.153988 1.067533 0.357458
v -0.158358 1.079314 0.365307
v -0.153626 1.066558 0.358564
v -0.158445 1.079549 0.363810
v -0.153347 1.065804 0.359851
v -0.158428 1.079505 0.362294
v -0.153160 1.065300 0.361270
v -0.158310 1.079185 0.360815
v -0.153073 1.065066 0.362767
v -0.158093 1.078600 0.359431
v -0.154234 1.074753 0.354831
v -0.154728 1.076087 0.358206
v -0.147483 1.079423 0.357235
v -0.146894 1.077835 0.353215
v -0.152688 1.070586 0.347108
v -0.152219 1.069320 0.345665
v -0.155784 1.078934 0.381738
v -0.156047 1.079642 0.381088
v -0.154048 1.074252 0.377404
v -0.151803 1.068200 0.344899
v -0.156216 1.080099 0.379754
v -0.154553 1.075614 0.379469
v -0.151457 1.067267 0.344839
v -0.156286 1.080287 0.377788
v -0.155023 1.076880 0.380912
v -0.151194 1.066559 0.345489
v -0.156253 1.080199 0.375265
v -0.155438 1.078001 0.381678
v -0.151025 1.066102 0.346823
v -0.156119 1.079838 0.372281
v -0.150955 1.065914 0.348789
v -0.155890 1.079218 0.368951
v -0.150988 1.066002 0.351313
v -0.155572 1.078363 0.365404
v -0.151122 1.066363 0.354296
v -0.155180 1.077306 0.361776
v -0.151352 1.066983 0.357626
v -0.151669 1.067838 0.361173
v -0.152061 1.068895 0.364801
v -0.153715 1.073356 0.351781
v -0.152513 1.070114 0.368371
v -0.153194 1.071949 0.349174
v -0.145053 1.072872 0.344018
v -0.145655 1.074495 0.346477
v -0.131656 1.079847 0.348205
v -0.131116 1.078391 0.345998
v -0.143839 1.069599 0.360769
v -0.144306 1.070858 0.365090
v -0.146276 1.076171 0.349583
v -0.144844 1.072310 0.369342
v -0.145433 1.073898 0.373362
v -0.146050 1.075562 0.376994
v -0.144494 1.071364 0.342298
v -0.148740 1.082814 0.385262
v -0.149053 1.083658 0.384488
v -0.146672 1.077237 0.380100
v -0.143999 1.070029 0.341386
v -0.149255 1.084202 0.382900
v -0.147274 1.078860 0.382559
v -0.143587 1.068919 0.341316
v -0.149338 1.084426 0.380558
v -0.147833 1.080368 0.384279
v -0.143274 1.068075 0.342089
v -0.149299 1.084320 0.377552
v -0.148328 1.081703 0.385191
v -0.143072 1.067530 0.343677
v -0.149140 1.083891 0.373998
v -0.142989 1.067307 0.346020
v -0.148866 1.083152 0.370033
v -0.143028 1.067412 0.349025
v -0.148488 1.082134 0.365808
v -0.143187 1.067842 0.352579
v -0.148021 1.080874 0.361487
v -0.143461 1.068580 0.356544
v -0.129800 1.074844 0.343574
v -0.130170 1.075840 0.343637
v -0.124397 1.080743 0.352746
v -0.124199 1.080208 0.352711
v -0.131457 1.079312 0.372326
v -0.132011 1.080805 0.375586
v -0.130614 1.077038 0.344456
v -0.134424 1.087311 0.383003
v -0.134705 1.088068 0.382309
v -0.132569 1.082308 0.378372
v -0.134886 1.088557 0.380884
v -0.133109 1.083764 0.380579
v -0.134960 1.088757 0.378783
v -0.133610 1.085117 0.382121
v -0.129519 1.074087 0.344268
v -0.134925 1.088663 0.376086
v -0.134055 1.086315 0.382940
v -0.129338 1.073599 0.345693
v -0.134783 1.088277 0.372897
v -0.129264 1.073398 0.347794
v -0.134537 1.087615 0.369340
v -0.129299 1.073492 0.350491
v -0.134198 1.086701 0.365550
v -0.129442 1.073878 0.353680
v -0.133779 1.085571 0.361672
v -0.129688 1.074540 0.357237
v -0.133296 1.084269 0.357857
v -0.130026 1.075454 0.361028
v -0.132767 1.082844 0.354251
v -0.130446 1.076584 0.364905
v -0.132214 1.081351 0.350991
v -0.130929 1.077886 0.368720
v -0.123911 1.079432 0.354976
v -0.123951 1.079540 0.353849
v -0.121868 1.082109 0.357562
v -0.121844 1.082043 0.358246
v -0.126928 1.087565 0.372729
v -0.126968 1.087673 0.371601
v -0.125974 1.084994 0.372565
v -0.126243 1.085720 0.373392
v -0.124049 1.079802 0.353084
v -0.126949 1.087622 0.370155
v -0.126482 1.086362 0.373831
v -0.126872 1.087415 0.368444
v -0.126680 1.086897 0.373866
v -0.126740 1.087060 0.366535
v -0.123930 1.079483 0.356423
v -0.126559 1.086570 0.364501
v -0.124007 1.079690 0.358133
v -0.126334 1.085963 0.362421
v -0.124139 1.080045 0.360042
v -0.126075 1.085265 0.360375
v -0.124321 1.080536 0.362076
v -0.125791 1.084500 0.358440
v -0.124545 1.081142 0.364156
v -0.125494 1.083699 0.356691
v -0.124804 1.081840 0.366202
v -0.125195 1.082892 0.355196
v -0.125088 1.082605 0.368137
v -0.124905 1.082111 0.354012
v -0.125385 1.083406 0.369886
v -0.124636 1.081385 0.353185
v -0.126831 1.087303 0.373493
v -0.125684 1.084213 0.371381
v -0.121981 1.082415 0.361319
v -0.121902 1.082199 0.360162
v -0.121571 1.083715 0.361795
v -0.121609 1.083817 0.362348
v -0.123639 1.086885 0.366416
v -0.123560 1.086670 0.365258
v -0.121855 1.082074 0.359124
v -0.123449 1.086372 0.364024
v -0.123313 1.086005 0.362762
v -0.123156 1.085581 0.361521
v -0.122092 1.082712 0.362553
v -0.122984 1.085117 0.360347
v -0.122228 1.083080 0.363814
v -0.122803 1.084631 0.359287
v -0.122385 1.083504 0.365056
v -0.122622 1.084142 0.358380
v -0.122557 1.083968 0.366230
v -0.122446 1.083668 0.357662
v -0.122738 1.084453 0.367290
v -0.122283 1.083228 0.357160
v -0.123523 1.086571 0.369705
v -0.123614 1.086817 0.369479
v -0.122919 1.084943 0.368197
v -0.122139 1.082838 0.356893
v -0.123673 1.086976 0.369015
v -0.123095 1.085417 0.368915
v -0.122018 1.082514 0.356873
v -0.123698 1.087042 0.368331
v -0.123258 1.085857 0.369417
v -0.121927 1.082267 0.357099
v -0.123686 1.087011 0.367454
v -0.123403 1.086247 0.369684
v -0.121802 1.084337 0.364133
v -0.121727 1.084135 0.363540
v -0.119136 1.085096 0.363540
v -0.119211 1.085298 0.364133
v -0.122245 1.085532 0.363037
v -0.122170 1.085329 0.362444
v -0.121661 1.083959 0.362937
v -0.122087 1.085108 0.361884
v -0.122001 1.084876 0.361377
v -0.121915 1.084642 0.360944
v -0.121884 1.084559 0.364693
v -0.121831 1.084416 0.360601
v -0.121970 1.084791 0.365200
v -0.121753 1.084206 0.360362
v -0.122345 1.085802 0.366353
v -0.122389 1.085920 0.366245
v -0.122057 1.085025 0.365633
v -0.121684 1.084019 0.360234
v -0.122417 1.085996 0.366024
v -0.122141 1.085251 0.365976
v -0.121626 1.083865 0.360224
v -0.122428 1.086027 0.365697
v -0.122218 1.085461 0.366216
v -0.121583 1.083747 0.360332
v -0.122423 1.086012 0.365278
v -0.122288 1.085647 0.366343
v -0.121554 1.083671 0.360554
v -0.122401 1.085953 0.364782
v -0.121543 1.083640 0.360880
v -0.122362 1.085849 0.364229
v -0.121548 1.083655 0.361299
v -0.122310 1.085708 0.363640
v -0.119798 1.086880 0.366245
v -0.119755 1.086763 0.366353
v -0.119697 1.086608 0.366343
v -0.119628 1.086422 0.366216
v -0.119550 1.086212 0.365976
v -0.119466 1.085985 0.365633
v -0.119380 1.085752 0.365200
v -0.119294 1.085520 0.364693
v -0.119071 1.084920 0.362937
v -0.119018 1.084778 0.362348
v -0.118980 1.084675 0.361795
v -0.118958 1.084615 0.361299
v -0.118953 1.084600 0.360880
v -0.118964 1.084632 0.360554
v -0.118992 1.084708 0.360332
v -0.119036 1.084825 0.360224
v -0.119093 1.084980 0.360234
v -0.119162 1.085166 0.360362
v -0.119241 1.085377 0.360601
v -0.119324 1.085603 0.360944
v -0.119411 1.085837 0.361377
v -0.119497 1.086068 0.361884
v -0.119579 1.086290 0.362444
v -0.119654 1.086493 0.363037
v -0.119719 1.086668 0.363640
v -0.119772 1.086810 0.364229
v -0.119810 1.086913 0.364782
v -0.119832 1.086973 0.365278
v -0.119838 1.086988 0.365697
v -0.119826 1.086957 0.366024
vt 0.094024 0.385837
vt 0.092965 0.031346
vt 0.093367 0.031344
vt 0.094351 0.386272
vt 0.093760 0.031331
vt 0.094673 0.386680
vt 0.094131 0.031307
vt 0.094978 0.387044
vt 0.094464 0.031274
vt 0.095253 0.387351
vt 0.142987 0.388841
vt 0.139904 0.029702
vt 0.140198 0.029704
vt 0.143288 0.389124
vt 0.140540 0.029704
vt 0.143635 0.389333
vt 0.140916 0.029702
vt 0.144014 0.389459
vt 0.141313 0.029698
vt 0.144412 0.389499
vt 0.141715 0.029693
vt 0.144813 0.389450
vt 0.142106 0.029685
vt 0.145201 0.389314
vt 0.142471 0.029677
vt 0.145561 0.389097
vt 0.142798 0.029667
vt 0.145881 0.388806
vt 0.143072 0.029657
vt 0.146146 0.388453
vt 0.125216 0.577722
vt 0.124258 0.929000
vt 0.123915 0.929042
vt 0.124939 0.578147
vt 0.123538 0.929069
vt 0.124634 0.578589
vt 0.123141 0.929080
vt 0.124311 0.579033
vt 0.122739 0.929075
vt 0.123984 0.579459
vt 0.122348 0.929052
vt 0.123665 0.579853
vt 0.121983 0.929015
vt 0.123366 0.580198
vt 0.121659 0.928963
vt 0.123099 0.580482
vt 0.131682 0.588120
vt 0.128624 0.940964
vt 0.128336 0.940997
vt 0.131386 0.588426
vt 0.127999 0.941021
vt 0.131043 0.588654
vt 0.127626 0.941036
vt 0.130666 0.588793
vt 0.127231 0.941040
vt 0.130270 0.588840
vt 0.126829 0.941034
vt 0.129869 0.588791
vt 0.126436 0.941018
vt 0.129479 0.588650
vt 0.126066 0.940992
vt 0.129116 0.588421
vt 0.125735 0.940957
vt 0.128792 0.588114
vt 0.125454 0.940915
vt 0.128522 0.587739
vt 0.093133 0.384534
vt 0.091862 0.031291
vt 0.092198 0.031319
vt 0.093403 0.384951
vt 0.135400 0.961717
vt 0.135741 0.961548
vt 0.135897 0.961934
vt 0.135568 0.962132
vt 0.092570 0.031338
vt 0.093703 0.385391
vt 0.164739 0.942521
vt 0.165035 0.942522
vt 0.166045 0.979189
vt 0.165814 0.979188
vt 0.187710 0.347635
vt 0.186879 0.041573
vt 0.187273 0.041582
vt 0.188093 0.347472
vt 0.188873 0.023960
vt 0.188541 0.023940
vt 0.188567 0.022735
vt 0.188899 0.022787
vt 0.001905 0.022282
vt 0.001620 0.022216
vt 0.001933 0.021073
vt 0.002212 0.021176
vt 0.002236 0.022355
vt 0.002536 0.021292
vt 0.002601 0.022435
vt 0.002893 0.021416
vt 0.002985 0.022517
vt 0.003270 0.021542
vt 0.003374 0.022600
vt 0.003652 0.021667
vt 0.003753 0.022678
vt 0.004023 0.021784
vt 0.004106 0.022750
vt 0.004371 0.021891
vt 0.004422 0.022811
vt 0.004682 0.021983
vt 0.196543 0.956396
vt 0.196839 0.956400
vt 0.196852 0.957264
vt 0.196556 0.957235
vt 0.196200 0.956394
vt 0.196212 0.957215
vt 0.195822 0.956394
vt 0.195835 0.957204
vt 0.195425 0.956397
vt 0.195438 0.957202
vt 0.195024 0.956401
vt 0.195036 0.957211
vt 0.194633 0.956407
vt 0.194645 0.957228
vt 0.194268 0.956415
vt 0.194281 0.957254
vt 0.193944 0.956424
vt 0.193956 0.957288
vt 0.036959 0.968723
vt 0.037236 0.968620
vt 0.037496 0.969438
vt 0.037223 0.969571
vt 0.036634 0.968827
vt 0.036904 0.969711
vt 0.036273 0.968927
vt 0.036550 0.969849
vt 0.035890 0.969019
vt 0.036174 0.969983
vt 0.035501 0.969098
vt 0.035792 0.970105
vt 0.035120 0.969162
vt 0.035418 0.970213
vt 0.034760 0.969209
vt 0.035067 0.970302
vt 0.034438 0.969238
vt 0.034751 0.970367
vt 0.186272 0.023921
vt 0.185986 0.023935
vt 0.186012 0.022762
vt 0.186299 0.022715
vt 0.186608 0.023912
vt 0.186635 0.022681
vt 0.186980 0.023908
vt 0.187007 0.022662
vt 0.201961 0.969325
vt 0.202363 0.969333
vt 0.202329 0.970584
vt 0.201927 0.970571
vt 0.004933 0.347306
vt 0.001884 0.039690
vt 0.002275 0.039681
vt 0.005325 0.347348
vt 0.202758 0.969337
vt 0.202724 0.970582
vt 0.188170 0.023925
vt 0.188197 0.022695
vt 0.194730 0.036118
vt 0.194401 0.036081
vt 0.195973 0.000040
vt 0.196229 0.000069
vt 0.203937 0.708226
vt 0.202962 0.951671
vt 0.202568 0.951660
vt 0.203545 0.708301
vt 0.200865 0.969274
vt 0.201198 0.969295
vt 0.201164 0.970501
vt 0.200833 0.970447
vt 0.018316 0.022283
vt 0.018031 0.022218
vt 0.018344 0.021075
vt 0.018623 0.021178
vt 0.018647 0.022357
vt 0.018947 0.021294
vt 0.019012 0.022436
vt 0.019304 0.021417
vt 0.019396 0.022519
vt 0.019681 0.021543
vt 0.019785 0.022601
vt 0.020063 0.021668
vt 0.020164 0.022680
vt 0.020435 0.021786
vt 0.020518 0.022751
vt 0.020783 0.021893
vt 0.020834 0.022812
vt 0.021094 0.021984
vt 0.208297 0.022798
vt 0.208002 0.022796
vt 0.207984 0.021932
vt 0.208280 0.021959
vt 0.208641 0.022798
vt 0.208624 0.021977
vt 0.209018 0.022796
vt 0.209001 0.021986
vt 0.209415 0.022791
vt 0.209398 0.021986
vt 0.209817 0.022785
vt 0.209800 0.021975
vt 0.210207 0.022776
vt 0.210190 0.021956
vt 0.210572 0.022766
vt 0.210555 0.021928
vt 0.210897 0.022756
vt 0.210879 0.021892
vt 0.053135 0.968995
vt 0.053413 0.968891
vt 0.053672 0.969710
vt 0.053400 0.969843
vt 0.052810 0.969099
vt 0.053080 0.969982
vt 0.052449 0.969198
vt 0.052726 0.970121
vt 0.052067 0.969290
vt 0.052351 0.970254
vt 0.051678 0.969369
vt 0.051969 0.970377
vt 0.051296 0.969434
vt 0.051595 0.970484
vt 0.050937 0.969481
vt 0.051243 0.970573
vt 0.050615 0.969509
vt 0.050927 0.970639
vt 0.203466 0.969328
vt 0.203753 0.969315
vt 0.203720 0.970488
vt 0.203433 0.970533
vt 0.203131 0.969335
vt 0.203097 0.970565
vt 0.202386 0.708579
vt 0.201401 0.951691
vt 0.201068 0.951722
vt 0.202055 0.708677
vt 0.201568 0.969312
vt 0.201534 0.970543
vt 0.181659 0.036080
vt 0.181321 0.036101
vt 0.181948 0.000076
vt 0.182213 0.000059
vt 0.078973 0.607523
vt 0.078501 0.940911
vt 0.078099 0.940911
vt 0.078574 0.607618
vt 0.077705 0.940921
vt 0.078183 0.607721
vt 0.077334 0.940941
vt 0.077815 0.607826
vt 0.077001 0.940972
vt 0.077484 0.607931
vt 0.156909 0.365612
vt 0.154101 0.029707
vt 0.154395 0.029709
vt 0.157202 0.365552
vt 0.154737 0.029709
vt 0.157543 0.365506
vt 0.155113 0.029707
vt 0.157919 0.365476
vt 0.155510 0.029703
vt 0.158316 0.365462
vt 0.155912 0.029697
vt 0.158718 0.365466
vt 0.156303 0.029689
vt 0.159109 0.365487
vt 0.156668 0.029680
vt 0.159475 0.365523
vt 0.156995 0.029671
vt 0.159803 0.365575
vt 0.107424 0.358576
vt 0.106992 0.029700
vt 0.107287 0.029642
vt 0.107717 0.358591
vt 0.107630 0.029597
vt 0.108057 0.358630
vt 0.108007 0.029567
vt 0.108431 0.358691
vt 0.108404 0.029553
vt 0.108825 0.358771
vt 0.108806 0.029555
vt 0.109223 0.358868
vt 0.109197 0.029574
vt 0.109611 0.358977
vt 0.109562 0.029608
vt 0.109974 0.359095
vt 0.109887 0.029657
vt 0.110297 0.359218
vt 0.174081 0.607849
vt 0.171175 0.941625
vt 0.170888 0.941658
vt 0.173793 0.607821
vt 0.170551 0.941682
vt 0.173457 0.607800
vt 0.170178 0.941696
vt 0.173084 0.607786
vt 0.169782 0.941700
vt 0.172689 0.607781
vt 0.169380 0.941694
vt 0.172287 0.607784
vt 0.168987 0.941677
vt 0.171894 0.607795
vt 0.168618 0.941651
vt 0.171524 0.607815
vt 0.168286 0.941616
vt 0.171191 0.607841
vt 0.080349 0.607281
vt 0.079888 0.941016
vt 0.079603 0.940976
vt 0.080066 0.607316
vt 0.079268 0.940945
vt 0.079733 0.607369
vt 0.177939 0.962382
vt 0.178281 0.962213
vt 0.178436 0.962599
vt 0.178107 0.962797
vt 0.078895 0.940923
vt 0.079364 0.607439
vt 0.032241 0.963239
vt 0.032513 0.963229
vt 0.032821 0.999959
vt 0.032609 0.999966
vt 0.081461 0.863457
vt 0.081901 0.863685
vt 0.081045 0.863227
vt 0.080670 0.863004
vt 0.080349 0.862796
vt 0.092905 0.384157
vt 0.137076 0.111227
vt 0.136744 0.111049
vt 0.137446 0.111360
vt 0.137840 0.111442
vt 0.138242 0.111470
vt 0.138637 0.111444
vt 0.139010 0.111364
vt 0.139346 0.111232
vt 0.139633 0.111055
vt 0.110928 0.107904
vt 0.110567 0.108021
vt 0.111333 0.107750
vt 0.111767 0.107564
vt 0.112214 0.107352
vt 0.112657 0.107125
vt 0.113078 0.106890
vt 0.113461 0.106656
vt 0.113792 0.106432
vt 0.125454 0.577330
vt 0.153028 0.870230
vt 0.153354 0.870079
vt 0.152662 0.870344
vt 0.152271 0.870416
vt 0.151869 0.870444
vt 0.151472 0.870426
vt 0.151096 0.870363
vt 0.150754 0.870258
vt 0.150460 0.870114
vt 0.083196 0.864270
vt 0.083565 0.864408
vt 0.082786 0.864099
vt 0.082348 0.863901
vt 0.183634 0.881213
vt 0.184105 0.881137
vt 0.183188 0.881276
vt 0.187349 0.347782
vt 0.182784 0.881323
vt 0.187024 0.347905
vt 0.182439 0.881351
vt 0.186747 0.348001
vt 0.045405 0.112556
vt 0.036301 0.645395
vt 0.035968 0.645471
vt 0.045069 0.112569
vt 0.045778 0.112547
vt 0.036671 0.645340
vt 0.046174 0.112542
vt 0.037065 0.645306
vt 0.046577 0.112541
vt 0.037467 0.645296
vt 0.046971 0.112545
vt 0.037862 0.645310
vt 0.047342 0.112554
vt 0.038235 0.645346
vt 0.047675 0.112566
vt 0.038571 0.645405
vt 0.190295 0.110458
vt 0.194754 0.636916
vt 0.194489 0.636744
vt 0.189973 0.110342
vt 0.190679 0.110575
vt 0.195070 0.637099
vt 0.191112 0.110687
vt 0.195425 0.637287
vt 0.191577 0.110789
vt 0.195804 0.637471
vt 0.192056 0.110878
vt 0.196195 0.637646
vt 0.192530 0.110951
vt 0.196580 0.637805
vt 0.192981 0.111004
vt 0.196946 0.637941
vt 0.193392 0.111036
vt 0.197279 0.638048
vt 0.193747 0.111046
vt 0.197565 0.638125
vt 0.014615 0.886325
vt 0.005692 0.347422
vt 0.006019 0.347522
vt 0.014945 0.886369
vt 0.014246 0.886294
vt 0.013853 0.886278
vt 0.013451 0.886276
vt 0.004531 0.347295
vt 0.013054 0.886289
vt 0.004135 0.347317
vt 0.012680 0.886317
vt 0.003759 0.347371
vt 0.012341 0.886358
vt 0.003418 0.347454
vt 0.185883 0.880757
vt 0.189550 0.346777
vt 0.189826 0.346627
vt 0.186214 0.880662
vt 0.185490 0.880856
vt 0.189226 0.346944
vt 0.185052 0.880954
vt 0.188866 0.347120
vt 0.184584 0.881049
vt 0.188483 0.347298
vt 0.067776 0.108668
vt 0.067301 0.108703
vt 0.068226 0.108645
vt 0.068633 0.108635
vt 0.068981 0.108638
vt 0.177654 0.107379
vt 0.177317 0.107368
vt 0.178027 0.107388
vt 0.178422 0.107393
vt 0.178825 0.107396
vt 0.179219 0.107396
vt 0.179590 0.107392
vt 0.179923 0.107385
vt 0.098919 0.851412
vt 0.110567 0.359339
vt 0.099244 0.851502
vt 0.098530 0.851327
vt 0.098094 0.851252
vt 0.097624 0.851189
vt 0.097142 0.851140
vt 0.096664 0.851109
vt 0.096209 0.851094
vt 0.095794 0.851099
vt 0.095436 0.851121
vt 0.165704 0.869297
vt 0.166034 0.869317
vt 0.165335 0.869284
vt 0.164942 0.869278
vt 0.164540 0.869279
vt 0.164144 0.869288
vt 0.163769 0.869304
vt 0.163430 0.869325
vt 0.065507 0.108932
vt 0.077203 0.608030
vt 0.065173 0.109001
vt 0.065904 0.108866
vt 0.066346 0.108804
vt 0.066818 0.108749
vt 0.200170 0.108867
vt 0.199694 0.108898
vt 0.200620 0.108848
vt 0.204307 0.708164
vt 0.201027 0.108842
vt 0.204639 0.708119
vt 0.201376 0.108849
vt 0.204923 0.708091
vt 0.060863 0.108498
vt 0.051537 0.708632
vt 0.051204 0.708652
vt 0.060527 0.108484
vt 0.061236 0.108510
vt 0.051907 0.708618
vt 0.061632 0.108518
vt 0.052300 0.708610
vt 0.062034 0.108521
vt 0.052702 0.708608
vt 0.062429 0.108521
vt 0.053097 0.708614
vt 0.062800 0.108517
vt 0.053470 0.708625
vt 0.063133 0.108509
vt 0.053806 0.708643
vt 0.208408 0.871729
vt 0.211944 0.280235
vt 0.212215 0.280351
vt 0.208733 0.871818
vt 0.208020 0.871648
vt 0.211621 0.280119
vt 0.207582 0.871576
vt 0.211258 0.280008
vt 0.207113 0.871517
vt 0.210869 0.279907
vt 0.206630 0.871473
vt 0.210470 0.279819
vt 0.206152 0.871445
vt 0.210076 0.279747
vt 0.205696 0.871434
vt 0.209701 0.279695
vt 0.205281 0.871442
vt 0.209361 0.279664
vt 0.204923 0.871468
vt 0.209068 0.279655
vt 0.030511 0.889874
vt 0.021151 0.284680
vt 0.021478 0.284726
vt 0.030841 0.889890
vt 0.030143 0.889864
vt 0.020785 0.284649
vt 0.029750 0.889860
vt 0.020394 0.284631
vt 0.029348 0.889862
vt 0.019992 0.284629
vt 0.028951 0.889871
vt 0.019595 0.284643
vt 0.028577 0.889886
vt 0.019219 0.284671
vt 0.028238 0.889907
vt 0.018878 0.284713
vt 0.197900 0.109113
vt 0.201773 0.708771
vt 0.197565 0.109179
vt 0.198296 0.109049
vt 0.198739 0.108991
vt 0.202754 0.708481
vt 0.199211 0.108940
vt 0.203146 0.708388
vt 0.187501 0.956849
vt 0.187862 0.956847
vt 0.188217 0.956834
vt 0.188551 0.956811
vt 0.188852 0.956778
vt 0.189108 0.956737
vt 0.013396 0.963176
vt 0.013738 0.963175
vt 0.014116 0.963172
vt 0.014513 0.963167
vt 0.014914 0.963160
vt 0.015305 0.963152
vt 0.015669 0.963143
vt 0.015994 0.963134
vt 0.196704 0.036008
vt 0.196441 0.036064
vt 0.196134 0.036106
vt 0.195797 0.036134
vt 0.195441 0.036145
vt 0.195081 0.036140
vt 0.194108 0.036030
vt 0.048863 0.036688
vt 0.047958 0.112582
vt 0.048573 0.036717
vt 0.048234 0.036738
vt 0.047860 0.036751
vt 0.047464 0.036754
vt 0.047063 0.036747
vt 0.046670 0.036731
vt 0.046303 0.036707
vt 0.045974 0.036676
vt 0.186263 0.956755
vt 0.186516 0.956793
vt 0.186816 0.956822
vt 0.187148 0.956841
vt 0.090578 0.935815
vt 0.090939 0.935813
vt 0.091293 0.935799
vt 0.091627 0.935775
vt 0.091928 0.935742
vt 0.150935 0.942239
vt 0.151230 0.942241
vt 0.151573 0.942240
vt 0.151951 0.942238
vt 0.152348 0.942234
vt 0.152749 0.942228
vt 0.153140 0.942221
vt 0.153504 0.942213
vt 0.153829 0.942204
vt 0.122186 0.036025
vt 0.121923 0.036080
vt 0.121616 0.036122
vt 0.121278 0.036149
vt 0.120923 0.036160
vt 0.120563 0.036154
vt 0.120211 0.036131
vt 0.119883 0.036094
vt 0.119590 0.036042
vt 0.139904 0.036994
vt 0.139614 0.037024
vt 0.139275 0.037046
vt 0.138901 0.037059
vt 0.138506 0.037062
vt 0.138104 0.037057
vt 0.137712 0.037042
vt 0.137344 0.037019
vt 0.137015 0.036988
vt 0.136463 0.110832
vt 0.136737 0.036950
vt 0.089593 0.935760
vt 0.089892 0.935789
vt 0.090224 0.935808
vt 0.076004 0.036306
vt 0.075644 0.036306
vt 0.075290 0.036317
vt 0.074955 0.036338
vt 0.074654 0.036368
vt 0.163140 0.869353
vt 0.165378 0.942522
vt 0.165755 0.942519
vt 0.166152 0.942515
vt 0.166553 0.942509
vt 0.166944 0.942502
vt 0.167308 0.942493
vt 0.167633 0.942484
vt 0.104609 0.922749
vt 0.104873 0.922691
vt 0.105179 0.922647
vt 0.105516 0.922617
vt 0.105871 0.922604
vt 0.106232 0.922607
vt 0.106583 0.922626
vt 0.106912 0.922661
vt 0.107205 0.922710
vt 0.181949 0.036050
vt 0.180206 0.107376
vt 0.180947 0.036114
vt 0.180551 0.036118
vt 0.180149 0.036112
vt 0.179757 0.036097
vt 0.179390 0.036073
vt 0.179060 0.036042
vt 0.077243 0.036408
vt 0.076989 0.036369
vt 0.076690 0.036338
vt 0.076358 0.036317
vt 0.202899 0.036342
vt 0.202538 0.036342
vt 0.202184 0.036353
vt 0.201849 0.036375
vt 0.201548 0.036406
vt 0.029347 0.963281
vt 0.027947 0.889932
vt 0.029643 0.963282
vt 0.029986 0.963281
vt 0.030363 0.963278
vt 0.030760 0.963273
vt 0.031161 0.963266
vt 0.031552 0.963258
vt 0.031916 0.963249
vt 0.208583 0.943236
vt 0.208846 0.943179
vt 0.209153 0.943134
vt 0.209490 0.943105
vt 0.209846 0.943092
vt 0.210206 0.943095
vt 0.210557 0.943115
vt 0.210886 0.943150
vt 0.211179 0.943200
vt 0.064817 0.036359
vt 0.063416 0.108497
vt 0.064527 0.036388
vt 0.064188 0.036409
vt 0.063814 0.036421
vt 0.063419 0.036424
vt 0.063017 0.036417
vt 0.062625 0.036402
vt 0.062257 0.036377
vt 0.061928 0.036346
vt 0.204137 0.036443
vt 0.203883 0.036404
vt 0.203585 0.036373
vt 0.203252 0.036352
vt 0.050076 0.959802
vt 0.050471 0.959809
vt 0.050725 0.961697
vt 0.050342 0.961776
vt 0.188749 0.033977
vt 0.188416 0.034009
vt 0.188439 0.031687
vt 0.188771 0.031718
vt 0.208135 0.039614
vt 0.208430 0.039557
vt 0.194596 0.939694
vt 0.194231 0.939657
vt 0.051670 0.952235
vt 0.051333 0.952258
vt 0.033226 0.951953
vt 0.032895 0.951918
vt 0.203334 0.951692
vt 0.187675 0.041580
vt 0.188068 0.041568
vt 0.018585 0.284768
vt 0.016481 0.039705
vt 0.016776 0.039706
vt 0.002641 0.039672
vt 0.208772 0.039512
vt 0.193906 0.939606
vt 0.050960 0.952272
vt 0.185885 0.041487
vt 0.186171 0.041525
vt 0.188439 0.041545
vt 0.017117 0.039706
vt 0.002967 0.039661
vt 0.209150 0.039482
vt 0.038858 0.645483
vt 0.035784 0.951930
vt 0.035496 0.951963
vt 0.050565 0.952276
vt 0.186506 0.041554
vt 0.188772 0.041512
vt 0.017494 0.039703
vt 0.196800 0.939582
vt 0.196505 0.939638
vt 0.209547 0.039468
vt 0.035159 0.951986
vt 0.050163 0.952268
vt 0.003125 0.347564
vt 0.000074 0.039703
vt 0.000367 0.039705
vt 0.017891 0.039698
vt 0.196162 0.939681
vt 0.209948 0.039471
vt 0.034786 0.952000
vt 0.049770 0.952251
vt 0.187777 0.023915
vt 0.187804 0.022669
vt 0.000709 0.039704
vt 0.018292 0.039691
vt 0.195785 0.939709
vt 0.210339 0.039490
vt 0.202166 0.951660
vt 0.034391 0.952004
vt 0.049401 0.952224
vt 0.001086 0.039701
vt 0.018683 0.039683
vt 0.195388 0.939720
vt 0.210704 0.039525
vt 0.033989 0.951997
vt 0.049069 0.952189
vt 0.201772 0.951670
vt 0.001482 0.039696
vt 0.019049 0.039673
vt 0.194986 0.939715
vt 0.211029 0.039574
vt 0.033596 0.951980
vt 0.203955 0.951763
vt 0.203669 0.951723
vt 0.019375 0.039663
vt 0.054093 0.708665
vt 0.051958 0.952202
vt 0.053405 0.977074
vt 0.053100 0.977168
vt 0.004690 0.014747
vt 0.005033 0.014906
vt 0.186856 0.034037
vt 0.186483 0.034018
vt 0.186506 0.031650
vt 0.186879 0.031640
vt 0.000289 0.032105
vt 0.000000 0.032104
vt 0.000299 0.029865
vt 0.000578 0.029941
vt 0.049689 0.959785
vt 0.049967 0.961846
vt 0.187250 0.034046
vt 0.187274 0.031639
vt 0.000625 0.032105
vt 0.000904 0.030023
vt 0.049326 0.959758
vt 0.049615 0.961901
vt 0.201749 0.959207
vt 0.202142 0.959197
vt 0.202106 0.961594
vt 0.201713 0.961575
vt 0.000995 0.032102
vt 0.001262 0.030107
vt 0.049000 0.959723
vt 0.049298 0.961939
vt 0.202544 0.959197
vt 0.202507 0.961604
vt 0.001384 0.032097
vt 0.001640 0.030190
vt 0.203647 0.959260
vt 0.203933 0.959299
vt 0.203898 0.961558
vt 0.203611 0.961582
vt 0.201378 0.959228
vt 0.201343 0.961549
vt 0.001779 0.032091
vt 0.002023 0.030267
vt 0.203311 0.959229
vt 0.203275 0.961598
vt 0.201045 0.959258
vt 0.201011 0.961517
vt 0.002163 0.032082
vt 0.002397 0.030336
vt 0.202939 0.959208
vt 0.202902 0.961605
vt 0.016701 0.032107
vt 0.016413 0.032105
vt 0.016712 0.029867
vt 0.016991 0.029942
vt 0.002522 0.032073
vt 0.002747 0.030393
vt 0.017037 0.032106
vt 0.017316 0.030024
vt 0.002842 0.032063
vt 0.003060 0.030438
vt 0.017408 0.032104
vt 0.017674 0.030109
vt 0.196479 0.947067
vt 0.196774 0.947012
vt 0.196782 0.948649
vt 0.196486 0.948661
vt 0.017797 0.032099
vt 0.018052 0.030192
vt 0.196136 0.947109
vt 0.196143 0.948672
vt 0.018191 0.032092
vt 0.018435 0.030269
vt 0.195758 0.947136
vt 0.195766 0.948681
vt 0.018575 0.032084
vt 0.018809 0.030337
vt 0.195361 0.947148
vt 0.195369 0.948686
vt 0.018934 0.032074
vt 0.019159 0.030395
vt 0.194959 0.947143
vt 0.194967 0.948688
vt 0.019254 0.032064
vt 0.019472 0.030440
vt 0.194569 0.947122
vt 0.194576 0.948685
vt 0.208412 0.032126
vt 0.208117 0.032183
vt 0.208100 0.030546
vt 0.208396 0.030533
vt 0.194204 0.947086
vt 0.194212 0.948680
vt 0.208755 0.032082
vt 0.208739 0.030520
vt 0.193879 0.947037
vt 0.193887 0.948673
vt 0.209132 0.032053
vt 0.209117 0.030509
vt 0.035377 0.959497
vt 0.035658 0.959464
vt 0.035876 0.961072
vt 0.035601 0.961159
vt 0.209529 0.032040
vt 0.209514 0.030501
vt 0.035046 0.959520
vt 0.035280 0.961249
vt 0.209931 0.032042
vt 0.209915 0.030498
vt 0.034680 0.959534
vt 0.034924 0.961339
vt 0.210322 0.032061
vt 0.210306 0.030498
vt 0.034293 0.959538
vt 0.034547 0.961426
vt 0.210687 0.032095
vt 0.210670 0.030501
vt 0.033898 0.959531
vt 0.034164 0.961505
vt 0.211012 0.032143
vt 0.210995 0.030506
vt 0.033511 0.959514
vt 0.033789 0.961575
vt 0.051555 0.959768
vt 0.051837 0.959735
vt 0.052054 0.961344
vt 0.051779 0.961431
vt 0.033147 0.959487
vt 0.033437 0.961630
vt 0.188046 0.034032
vt 0.187652 0.034044
vt 0.187675 0.031647
vt 0.188069 0.031663
vt 0.051225 0.959792
vt 0.051458 0.961521
vt 0.032821 0.959452
vt 0.033120 0.961668
vt 0.187375 0.023909
vt 0.187402 0.022658
vt 0.050859 0.959805
vt 0.051102 0.961611
vt 0.186148 0.033989
vt 0.185861 0.033952
vt 0.185883 0.031692
vt 0.186170 0.031667
vt 0.202499 0.977466
vt 0.202872 0.977437
vt 0.202635 0.982889
vt 0.202261 0.982942
vt 0.006120 0.015387
vt 0.005763 0.015233
vt 0.007859 0.010494
vt 0.008171 0.010725
vt 0.201702 0.977455
vt 0.201309 0.977415
vt 0.005395 0.015071
vt 0.203497 0.977317
vt 0.203209 0.977387
vt 0.200941 0.977354
vt 0.200610 0.977275
vt 0.020521 0.014466
vt 0.020789 0.014599
vt 0.006456 0.015527
vt 0.202104 0.977472
vt 0.021100 0.014748
vt 0.006755 0.015648
vt 0.021443 0.014907
vt 0.196953 0.963886
vt 0.196657 0.963832
vt 0.021806 0.015072
vt 0.196313 0.963793
vt 0.022173 0.015234
vt 0.195935 0.963770
vt 0.022531 0.015388
vt 0.195538 0.963765
vt 0.022866 0.015528
vt 0.195137 0.963777
vt 0.023166 0.015649
vt 0.194746 0.963806
vt 0.207846 0.015311
vt 0.208143 0.015363
vt 0.194382 0.963851
vt 0.208487 0.015400
vt 0.194058 0.963910
vt 0.208865 0.015421
vt 0.039565 0.975697
vt 0.039304 0.975859
vt 0.209262 0.015424
vt 0.038997 0.976031
vt 0.209664 0.015410
vt 0.038657 0.976206
vt 0.210054 0.015378
vt 0.038296 0.976377
vt 0.210418 0.015331
vt 0.037929 0.976537
vt 0.210741 0.015271
vt 0.037569 0.976680
vt 0.055740 0.975969
vt 0.055479 0.976132
vt 0.037230 0.976802
vt 0.187589 0.015769
vt 0.187991 0.015784
vt 0.055173 0.976304
vt 0.036925 0.976897
vt 0.188384 0.015822
vt 0.054833 0.976478
vt 0.186197 0.015932
vt 0.186484 0.015860
vt 0.188753 0.015880
vt 0.054472 0.976649
vt 0.186821 0.015808
vt 0.189085 0.015957
vt 0.054104 0.976809
vt 0.187194 0.015777
vt 0.004111 0.014465
vt 0.004378 0.014598
vt 0.053744 0.976952
vt 0.023949 0.010253
vt 0.023634 0.010009
vt 0.028342 0.003843
vt 0.028633 0.004116
vt 0.008949 0.011267
vt 0.008727 0.011120
vt 0.013323 0.005088
vt 0.013530 0.005254
vt 0.022836 0.009357
vt 0.023067 0.009552
vt 0.008464 0.010937
vt 0.201866 0.982957
vt 0.023336 0.009772
vt 0.197054 0.968716
vt 0.196756 0.968606
vt 0.196411 0.968526
vt 0.024269 0.010495
vt 0.196033 0.968477
vt 0.024581 0.010726
vt 0.195635 0.968463
vt 0.024874 0.010937
vt 0.195234 0.968484
vt 0.025136 0.011120
vt 0.194845 0.968539
vt 0.207719 0.010481
vt 0.208018 0.010589
vt 0.194482 0.968625
vt 0.208363 0.010668
vt 0.194159 0.968740
vt 0.208742 0.010714
vt 0.041533 0.980167
vt 0.041309 0.980390
vt 0.209140 0.010726
vt 0.041044 0.980632
vt 0.209541 0.010703
vt 0.040750 0.980883
vt 0.209930 0.010646
vt 0.040436 0.981132
vt 0.210293 0.010558
vt 0.040116 0.981371
vt 0.210614 0.010441
vt 0.039802 0.981591
vt 0.057708 0.980439
vt 0.057483 0.980663
vt 0.039505 0.981782
vt 0.187797 0.010283
vt 0.188198 0.010306
vt 0.057219 0.980905
vt 0.039237 0.981938
vt 0.188590 0.010369
vt 0.056924 0.981155
vt 0.186399 0.010574
vt 0.186689 0.010448
vt 0.188957 0.010468
vt 0.056611 0.981405
vt 0.187028 0.010355
vt 0.189286 0.010599
vt 0.056291 0.981643
vt 0.187402 0.010299
vt 0.006427 0.009356
vt 0.006657 0.009551
vt 0.055976 0.981863
vt 0.006926 0.009771
vt 0.055679 0.982054
vt 0.201464 0.982931
vt 0.007224 0.010008
vt 0.055411 0.982210
vt 0.201073 0.982867
vt 0.007539 0.010252
vt 0.203266 0.982673
vt 0.202975 0.982798
vt 0.200706 0.982765
vt 0.200378 0.982632
vt 0.194408 0.975561
vt 0.194730 0.975425
vt 0.194888 0.979048
vt 0.194567 0.979183
vt 0.208079 0.003886
vt 0.207733 0.003791
vt 0.207555 0.000169
vt 0.207901 0.000264
vt 0.197004 0.975406
vt 0.196659 0.975309
vt 0.028928 0.004387
vt 0.196280 0.975251
vt 0.029217 0.004646
vt 0.195883 0.975234
vt 0.029489 0.004882
vt 0.195482 0.975258
vt 0.029732 0.005088
vt 0.195092 0.975322
vt 0.025358 0.011268
vt 0.029939 0.005254
vt 0.208458 0.003941
vt 0.046122 0.986101
vt 0.045916 0.986346
vt 0.208856 0.003956
vt 0.045673 0.986613
vt 0.209257 0.003930
vt 0.045402 0.986891
vt 0.209646 0.003864
vt 0.045113 0.987169
vt 0.210007 0.003760
vt 0.044817 0.987436
vt 0.210328 0.003622
vt 0.044526 0.987683
vt 0.062295 0.986374
vt 0.062090 0.986620
vt 0.044251 0.987899
vt 0.188227 0.003449
vt 0.188629 0.003476
vt 0.061847 0.986886
vt 0.044001 0.988077
vt 0.189020 0.003548
vt 0.061575 0.987164
vt 0.039008 0.982052
vt 0.043788 0.988210
vt 0.189386 0.003662
vt 0.061286 0.987442
vt 0.187117 0.003642
vt 0.187457 0.003534
vt 0.189713 0.003813
vt 0.060990 0.987709
vt 0.187832 0.003469
vt 0.011199 0.003115
vt 0.011411 0.003333
vt 0.060699 0.987956
vt 0.011659 0.003578
vt 0.060424 0.988172
vt 0.201397 0.989788
vt 0.200996 0.989759
vt 0.011933 0.003843
vt 0.060175 0.988350
vt 0.200605 0.989685
vt 0.012224 0.004116
vt 0.055183 0.982324
vt 0.059962 0.988482
vt 0.200240 0.989569
vt 0.012519 0.004387
vt 0.202508 0.989602
vt 0.202168 0.989707
vt 0.199914 0.989416
vt 0.012808 0.004646
vt 0.201793 0.989770
vt 0.027608 0.003116
vt 0.027820 0.003333
vt 0.013080 0.004882
vt 0.028067 0.003578
vt 0.257169 0.096325
vt 0.257355 0.096658
vt 0.257483 0.097028
vt 0.257548 0.097422
vt 0.257548 0.097824
vt 0.257482 0.098219
vt 0.257354 0.098591
vt 0.257168 0.098927
vt 0.256932 0.099213
vt 0.256653 0.099438
vt 0.256344 0.099595
vt 0.256016 0.099675
vt 0.255681 0.099678
vt 0.255353 0.099602
vt 0.255044 0.099451
vt 0.254765 0.099230
vt 0.254528 0.098947
vt 0.254342 0.098615
vt 0.254214 0.098244
vt 0.254149 0.097850
vt 0.254149 0.097448
vt 0.254215 0.097054
vt 0.254343 0.096681
vt 0.254529 0.096346
vt 0.254765 0.096060
vt 0.255044 0.095834
vt 0.255353 0.095678
vt 0.255681 0.095597
vt 0.256016 0.095594
vt 0.256344 0.095670
vt 0.256654 0.095822
vt 0.256932 0.096043
vt 0.257647 0.143382
vt 0.257461 0.143049
vt 0.257333 0.142679
vt 0.257268 0.142285
vt 0.257268 0.141883
vt 0.257334 0.141488
vt 0.257462 0.141116
vt 0.257648 0.140780
vt 0.257884 0.140494
vt 0.258163 0.140269
vt 0.258472 0.140112
vt 0.258800 0.140032
vt 0.259135 0.140029
vt 0.259463 0.140104
vt 0.259772 0.140256
vt 0.260051 0.140477
vt 0.260288 0.140759
vt 0.260474 0.141092
vt 0.260602 0.141462
vt 0.260667 0.141856
vt 0.260667 0.142258
vt 0.260601 0.142653
vt 0.260473 0.143025
vt 0.260287 0.143361
vt 0.260051 0.143647
vt 0.259772 0.143873
vt 0.259463 0.144029
vt 0.259135 0.144110
vt 0.258800 0.144113
vt 0.258472 0.144037
vt 0.258163 0.143885
vt 0.257884 0.143664
vt 0.208280 0.000319
vt 0.049000 0.989160
vt 0.048794 0.989406
vt 0.208678 0.000335
vt 0.048551 0.989673
vt 0.209079 0.000308
vt 0.048280 0.989950
vt 0.209468 0.000242
vt 0.047991 0.990228
vt 0.209830 0.000138
vt 0.047695 0.990496
vt 0.210151 0.000000
vt 0.047404 0.990742
vt 0.065173 0.989434
vt 0.064967 0.989680
vt 0.047129 0.990959
vt 0.188487 0.000000
vt 0.188888 0.000027
vt 0.064724 0.989947
vt 0.046880 0.991137
vt 0.189280 0.000098
vt 0.064453 0.990224
vt 0.046667 0.991269
vt 0.189646 0.000212
vt 0.064164 0.990502
vt 0.187377 0.000192
vt 0.187717 0.000085
vt 0.189973 0.000364
vt 0.063868 0.990770
vt 0.188092 0.000020
vt 0.014083 0.000000
vt 0.014294 0.000217
vt 0.063577 0.991016
vt 0.014542 0.000463
vt 0.063301 0.991232
vt 0.201118 0.993236
vt 0.200717 0.993207
vt 0.014816 0.000727
vt 0.063052 0.991410
vt 0.200327 0.993133
vt 0.015106 0.001000
vt 0.062839 0.991543
vt 0.199961 0.993017
vt 0.015402 0.001272
vt 0.202229 0.993049
vt 0.201889 0.993155
vt 0.199635 0.992863
vt 0.015691 0.001530
vt 0.201514 0.993218
vt 0.030491 0.000000
vt 0.030702 0.000217
vt 0.015963 0.001767
vt 0.030950 0.000463
vt 0.016206 0.001973
vt 0.031224 0.000727
vt 0.016413 0.002139
vt 0.031515 0.001000
vt 0.197163 0.979028
vt 0.196817 0.978932
vt 0.031811 0.001272
vt 0.196439 0.978874
vt 0.032100 0.001530
vt 0.196041 0.978857
vt 0.032371 0.001767
vt 0.195640 0.978881
vt 0.032615 0.001972
vt 0.195250 0.978945
vt 0.032821 0.002138
vt 0.133946 0.962238
vt 0.134294 0.962141
vt 0.134525 0.962711
vt 0.134204 0.962873
vt 0.178587 0.962043
vt 0.178847 0.961880
vt 0.178989 0.962235
vt 0.178734 0.962410
vt 0.077544 0.958483
vt 0.077946 0.958499
vt 0.077863 0.959850
vt 0.077461 0.959829
vt 0.162603 0.008319
vt 0.162282 0.008195
vt 0.162540 0.007553
vt 0.162834 0.007743
vt 0.148414 0.008318
vt 0.148094 0.008194
vt 0.148353 0.007551
vt 0.148646 0.007741
vt 0.107489 0.008182
vt 0.107111 0.008160
vt 0.107102 0.007790
vt 0.107480 0.007813
vt 0.123879 0.950458
vt 0.124257 0.950483
vt 0.124263 0.950853
vt 0.123885 0.950826
vt 0.177575 0.962541
vt 0.177759 0.962997
vt 0.135035 0.961876
vt 0.135220 0.962332
vt 0.162954 0.008457
vt 0.163160 0.007942
vt 0.148766 0.008456
vt 0.148972 0.007941
vt 0.107887 0.008185
vt 0.107877 0.007817
vt 0.123482 0.950451
vt 0.123488 0.950819
vt 0.177201 0.962684
vt 0.177407 0.963193
vt 0.134662 0.962019
vt 0.134868 0.962528
vt 0.076181 0.963418
vt 0.076513 0.963474
vt 0.076482 0.964268
vt 0.076152 0.964154
vt 0.095105 0.008822
vt 0.094773 0.008769
vt 0.094798 0.007975
vt 0.095128 0.008086
vt 0.163322 0.008604
vt 0.163507 0.008142
vt 0.149134 0.008603
vt 0.149319 0.008141
vt 0.108288 0.008170
vt 0.108279 0.007802
vt 0.123080 0.950463
vt 0.123086 0.950832
vt 0.176833 0.962806
vt 0.177064 0.963376
vt 0.128208 0.946162
vt 0.127860 0.946388
vt 0.163693 0.008755
vt 0.163861 0.008334
vt 0.149504 0.008754
vt 0.149673 0.008333
vt 0.108678 0.008137
vt 0.108669 0.007767
vt 0.122690 0.950493
vt 0.122696 0.950863
vt 0.176485 0.962903
vt 0.176743 0.963537
vt 0.164052 0.008903
vt 0.164208 0.008512
vt 0.149864 0.008902
vt 0.150020 0.008512
vt 0.109042 0.008087
vt 0.109033 0.007713
vt 0.122326 0.950540
vt 0.122332 0.950914
vt 0.176171 0.962973
vt 0.176455 0.963670
vt 0.133632 0.962309
vt 0.133916 0.963006
vt 0.164388 0.009041
vt 0.164535 0.008671
vt 0.150199 0.009041
vt 0.150347 0.008670
vt 0.109127 0.024446
vt 0.109490 0.024366
vt 0.122002 0.950601
vt 0.122008 0.950982
vt 0.077678 0.963559
vt 0.078073 0.963558
vt 0.078038 0.964424
vt 0.077643 0.964436
vt 0.093608 0.008693
vt 0.093213 0.008697
vt 0.093240 0.007831
vt 0.093635 0.007816
vt 0.078782 0.963509
vt 0.079069 0.963462
vt 0.079040 0.964197
vt 0.078750 0.964302
vt 0.092504 0.008752
vt 0.092217 0.008801
vt 0.092240 0.008065
vt 0.092529 0.007958
vt 0.164686 0.009163
vt 0.164829 0.008804
vt 0.150497 0.009163
vt 0.150640 0.008804
vt 0.109365 0.008023
vt 0.109356 0.007643
vt 0.136048 0.961378
vt 0.136307 0.961215
vt 0.136450 0.961569
vt 0.136195 0.961744
vt 0.078445 0.963541
vt 0.078412 0.964379
vt 0.092840 0.008717
vt 0.092867 0.007879
vt 0.078338 0.948389
vt 0.077937 0.948365
vt 0.093054 0.024859
vt 0.093456 0.024880
vt 0.106767 0.008120
vt 0.106470 0.008066
vt 0.106461 0.007685
vt 0.106758 0.007747
vt 0.124601 0.950525
vt 0.124897 0.950582
vt 0.124903 0.950963
vt 0.124607 0.950899
vt 0.162006 0.008087
vt 0.162290 0.007381
vt 0.147818 0.008085
vt 0.148102 0.007380
vt 0.092755 0.002020
vt 0.092467 0.002087
vt 0.092548 0.000280
vt 0.092838 0.000159
vt 0.180842 0.968510
vt 0.181157 0.968290
vt 0.181941 0.969688
vt 0.181641 0.969931
vt 0.109813 0.024262
vt 0.127520 0.946594
vt 0.172132 0.946877
vt 0.171887 0.947091
vt 0.127200 0.946773
vt 0.093849 0.024936
vt 0.171599 0.947320
vt 0.126912 0.946919
vt 0.094403 0.008729
vt 0.094429 0.007890
vt 0.171279 0.947557
vt 0.091576 0.031253
vt 0.091660 0.025125
vt 0.091948 0.025009
vt 0.094217 0.025026
vt 0.170940 0.947792
vt 0.092286 0.024925
vt 0.094547 0.025146
vt 0.170595 0.948017
vt 0.092659 0.024874
vt 0.141084 0.023677
vt 0.141334 0.023861
vt 0.170256 0.948222
vt 0.141627 0.024068
vt 0.169937 0.948400
vt 0.077545 0.948306
vt 0.141950 0.024292
vt 0.169650 0.948544
vt 0.076883 0.963517
vt 0.076849 0.964355
vt 0.142292 0.024522
vt 0.079735 0.948136
vt 0.079445 0.948248
vt 0.077177 0.948214
vt 0.142639 0.024751
vt 0.079107 0.948330
vt 0.076848 0.948092
vt 0.142979 0.024970
vt 0.078733 0.948377
vt 0.155469 0.022705
vt 0.155719 0.022888
vt 0.143297 0.025170
vt 0.156010 0.023095
vt 0.143582 0.025344
vt 0.156331 0.023317
vt 0.124554 0.928944
vt 0.124578 0.933340
vt 0.124281 0.933241
vt 0.156672 0.023546
vt 0.123937 0.933169
vt 0.157017 0.023774
vt 0.123559 0.933125
vt 0.157355 0.023991
vt 0.123162 0.933112
vt 0.157672 0.024190
vt 0.122760 0.933131
vt 0.157955 0.024363
vt 0.122370 0.933179
vt 0.106918 0.024304
vt 0.107216 0.024400
vt 0.122006 0.933256
vt 0.107561 0.024469
vt 0.121682 0.933359
vt 0.107939 0.024509
vt 0.129406 0.945242
vt 0.129159 0.945456
vt 0.108336 0.024519
vt 0.128870 0.945687
vt 0.108737 0.024497
vt 0.128548 0.945925
vt 0.124388 0.956913
vt 0.124733 0.956987
vt 0.124770 0.958502
vt 0.124426 0.958426
vt 0.166256 0.002346
vt 0.165908 0.002158
vt 0.166758 0.000632
vt 0.167078 0.000868
vt 0.094214 0.013066
vt 0.093821 0.013038
vt 0.093854 0.012421
vt 0.094246 0.012467
vt 0.180502 0.968716
vt 0.181322 0.970173
vt 0.093091 0.001971
vt 0.093176 0.000070
vt 0.095355 0.002108
vt 0.095023 0.002036
vt 0.095106 0.000176
vt 0.095436 0.000301
vt 0.180148 0.968900
vt 0.180996 0.970405
vt 0.093464 0.001944
vt 0.093550 0.000016
vt 0.151078 0.001831
vt 0.150810 0.001700
vt 0.151761 0.000000
vt 0.151996 0.000189
vt 0.179796 0.969057
vt 0.180676 0.970617
vt 0.076971 0.970297
vt 0.077373 0.970313
vt 0.077271 0.972249
vt 0.076870 0.972224
vt 0.151387 0.001985
vt 0.152270 0.000403
vt 0.179460 0.969182
vt 0.180375 0.970802
vt 0.094654 0.001983
vt 0.094739 0.000081
vt 0.151722 0.002158
vt 0.152573 0.000632
vt 0.179154 0.969275
vt 0.180102 0.970952
vt 0.076578 0.970261
vt 0.076478 0.972162
vt 0.152070 0.002347
vt 0.152893 0.000869
vt 0.078478 0.970239
vt 0.078765 0.970174
vt 0.078670 0.971980
vt 0.078380 0.972099
vt 0.077151 0.958448
vt 0.077069 0.959780
vt 0.152417 0.002545
vt 0.153218 0.001104
vt 0.078141 0.970285
vt 0.078040 0.972185
vt 0.075878 0.970130
vt 0.076209 0.970204
vt 0.076111 0.972064
vt 0.075783 0.971936
vt 0.152749 0.002745
vt 0.153536 0.001328
vt 0.077768 0.970309
vt 0.077666 0.972236
vt 0.165264 0.001832
vt 0.164996 0.001701
vt 0.165946 0.000000
vt 0.166181 0.000189
vt 0.153057 0.002935
vt 0.153834 0.001533
vt 0.165572 0.001985
vt 0.166455 0.000402
vt 0.153329 0.003104
vt 0.154101 0.001710
vt 0.160225 0.013356
vt 0.159897 0.013173
vt 0.160675 0.012004
vt 0.161013 0.012171
vt 0.124475 0.945432
vt 0.124774 0.945574
vt 0.124807 0.946662
vt 0.124511 0.946644
vt 0.125030 0.957087
vt 0.125068 0.958607
vt 0.166603 0.002545
vt 0.167403 0.001103
vt 0.124010 0.956868
vt 0.124047 0.958379
vt 0.166935 0.002745
vt 0.167721 0.001327
vt 0.123613 0.956854
vt 0.123650 0.958365
vt 0.167243 0.002934
vt 0.168019 0.001532
vt 0.123211 0.956873
vt 0.123249 0.958384
vt 0.167515 0.003103
vt 0.168286 0.001709
vt 0.122821 0.956923
vt 0.122859 0.958436
vt 0.106582 0.001660
vt 0.106283 0.001563
vt 0.106233 0.000043
vt 0.106532 0.000145
vt 0.122458 0.957002
vt 0.122496 0.958517
vt 0.106927 0.001732
vt 0.106877 0.000219
vt 0.122135 0.957105
vt 0.122173 0.958626
vt 0.107306 0.001773
vt 0.107256 0.000262
vt 0.138900 0.967403
vt 0.139134 0.967193
vt 0.139904 0.968567
vt 0.139675 0.968785
vt 0.107703 0.001784
vt 0.107653 0.000273
vt 0.138621 0.967623
vt 0.139406 0.969021
vt 0.108104 0.001762
vt 0.108054 0.000250
vt 0.138307 0.967843
vt 0.139106 0.969264
vt 0.108493 0.001708
vt 0.108444 0.000196
vt 0.137966 0.968049
vt 0.138788 0.969506
vt 0.108856 0.001626
vt 0.108806 0.000111
vt 0.137613 0.968234
vt 0.138462 0.969738
vt 0.109178 0.001520
vt 0.109128 0.000000
vt 0.137261 0.968391
vt 0.138142 0.969950
vt 0.181436 0.968070
vt 0.181670 0.967860
vt 0.182439 0.969235
vt 0.182210 0.969453
vt 0.136924 0.968516
vt 0.137840 0.970135
vt 0.136619 0.968610
vt 0.137568 0.970286
vt 0.094260 0.001949
vt 0.094347 0.000022
vt 0.236689 0.186153
vt 0.236437 0.185865
vt 0.236239 0.185527
vt 0.236104 0.185154
vt 0.236034 0.184759
vt 0.236034 0.184357
vt 0.236104 0.183964
vt 0.236240 0.183595
vt 0.236437 0.183264
vt 0.236689 0.182984
vt 0.236984 0.182766
vt 0.237313 0.182618
vt 0.237662 0.182545
vt 0.238018 0.182551
vt 0.238367 0.182635
vt 0.238695 0.182794
vt 0.238991 0.183022
vt 0.239242 0.183310
vt 0.239440 0.183648
vt 0.239576 0.184021
vt 0.239645 0.184416
vt 0.239645 0.184818
vt 0.239576 0.185211
vt 0.239440 0.185580
vt 0.239242 0.185911
vt 0.238991 0.186191
vt 0.238695 0.186409
vt 0.238366 0.186558
vt 0.238018 0.186630
vt 0.237662 0.186624
vt 0.237313 0.186540
vt 0.236984 0.186381
vt 0.240300 0.186153
vt 0.240048 0.185865
vt 0.239851 0.185528
vt 0.239715 0.185154
vt 0.239645 0.184759
vt 0.239645 0.184357
vt 0.239715 0.183964
vt 0.239851 0.183595
vt 0.240049 0.183264
vt 0.240300 0.182984
vt 0.240596 0.182766
vt 0.240924 0.182618
vt 0.241273 0.182545
vt 0.241629 0.182551
vt 0.241978 0.182635
vt 0.242306 0.182794
vt 0.242602 0.183022
vt 0.242853 0.183310
vt 0.243051 0.183648
vt 0.243187 0.184021
vt 0.243256 0.184416
vt 0.243256 0.184818
vt 0.243187 0.185211
vt 0.243051 0.185580
vt 0.242853 0.185911
vt 0.242602 0.186191
vt 0.242306 0.186409
vt 0.241977 0.186558
vt 0.241629 0.186630
vt 0.241273 0.186625
vt 0.240924 0.186540
vt 0.240596 0.186381
vt 0.160559 0.013564
vt 0.161378 0.012329
vt 0.124130 0.945325
vt 0.124169 0.946632
vt 0.160883 0.013792
vt 0.161758 0.012472
vt 0.123751 0.945259
vt 0.123791 0.946626
vt 0.161189 0.014028
vt 0.162135 0.012595
vt 0.123353 0.945239
vt 0.123394 0.946625
vt 0.161467 0.014256
vt 0.162494 0.012698
vt 0.122952 0.945265
vt 0.122993 0.946631
vt 0.161711 0.014461
vt 0.162816 0.012782
vt 0.122563 0.945335
vt 0.122602 0.946642
vt 0.106964 0.013983
vt 0.106664 0.013850
vt 0.106593 0.011985
vt 0.106888 0.012001
vt 0.122201 0.945447
vt 0.122237 0.946659
vt 0.107310 0.014082
vt 0.107231 0.012010
vt 0.121879 0.945593
vt 0.121911 0.946681
vt 0.107689 0.014141
vt 0.107608 0.012013
vt 0.133595 0.956934
vt 0.133796 0.956682
vt 0.134440 0.957646
vt 0.134156 0.957772
vt 0.108087 0.014157
vt 0.108006 0.012010
vt 0.133351 0.957199
vt 0.133826 0.957908
vt 0.108488 0.014129
vt 0.108407 0.012001
vt 0.133068 0.957458
vt 0.133467 0.958052
vt 0.108877 0.014059
vt 0.108798 0.011987
vt 0.132751 0.957694
vt 0.133094 0.958203
vt 0.109238 0.013950
vt 0.109163 0.011967
vt 0.132412 0.957896
vt 0.132724 0.958358
vt 0.109559 0.013808
vt 0.109488 0.011943
vt 0.132064 0.958057
vt 0.132369 0.958509
vt 0.175673 0.956903
vt 0.175879 0.956657
vt 0.176982 0.958310
vt 0.176697 0.958436
vt 0.131726 0.958179
vt 0.132041 0.958645
vt 0.094009 0.008703
vt 0.094037 0.007837
vt 0.175423 0.957161
vt 0.176368 0.958572
vt 0.131415 0.958265
vt 0.131749 0.958758
vt 0.093859 0.001936
vt 0.093946 0.000000
vt 0.175136 0.957415
vt 0.176008 0.958716
vt 0.092316 0.013094
vt 0.092029 0.013153
vt 0.092058 0.012613
vt 0.092346 0.012523
vt 0.094584 0.013111
vt 0.094615 0.012539
vt 0.174818 0.957651
vt 0.175635 0.958867
vt 0.092651 0.013055
vt 0.092684 0.012456
vt 0.094916 0.013174
vt 0.094945 0.012634
vt 0.174479 0.957854
vt 0.175265 0.959021
vt 0.093024 0.013032
vt 0.093057 0.012415
vt 0.145869 0.012310
vt 0.145596 0.012187
vt 0.145931 0.011686
vt 0.146185 0.011837
vt 0.174134 0.958021
vt 0.174910 0.959172
vt 0.093419 0.013027
vt 0.093452 0.012403
vt 0.146180 0.012460
vt 0.146486 0.012002
vt 0.173799 0.958150
vt 0.174582 0.959308
vt 0.077276 0.963546
vt 0.077241 0.964412
vt 0.146511 0.012638
vt 0.146823 0.012169
vt 0.173493 0.958243
vt 0.174290 0.959421
vt 0.146845 0.012844
vt 0.147188 0.012327
vt 0.079050 0.958428
vt 0.079338 0.958365
vt 0.079259 0.959651
vt 0.078970 0.959739
vt 0.076782 0.958394
vt 0.076701 0.959705
vt 0.147168 0.013073
vt 0.147568 0.012470
vt 0.078714 0.958471
vt 0.078631 0.959804
vt 0.076451 0.958321
vt 0.076371 0.959607
vt 0.147469 0.013313
vt 0.147945 0.012593
vt 0.078341 0.958495
vt 0.078258 0.959842
vt 0.159590 0.013015
vt 0.159321 0.012884
vt 0.160121 0.011689
vt 0.160375 0.011840
vt 0.147742 0.013548
vt 0.148304 0.012697
vt 0.147981 0.013760
vt 0.148626 0.012781
vt 0.078234 0.951079
vt 0.077832 0.951057
vt 0.078142 0.953444
vt 0.077741 0.953424
vt 0.078050 0.955809
vt 0.077649 0.955791
vt 0.077440 0.951004
vt 0.077348 0.953377
vt 0.077256 0.955749
vt 0.077072 0.950922
vt 0.076979 0.953304
vt 0.076887 0.955685
vt 0.076742 0.950814
vt 0.076649 0.953206
vt 0.076556 0.955599
vt 0.156494 0.020092
vt 0.156749 0.020262
vt 0.157396 0.017795
vt 0.157654 0.017952
vt 0.158297 0.015497
vt 0.158560 0.015642
vt 0.157044 0.020455
vt 0.157953 0.018134
vt 0.158863 0.015812
vt 0.157368 0.020667
vt 0.158278 0.018336
vt 0.159189 0.016006
vt 0.157706 0.020890
vt 0.158615 0.018555
vt 0.159525 0.016220
vt 0.158046 0.021118
vt 0.158950 0.018783
vt 0.159855 0.016448
vt 0.158375 0.021341
vt 0.159272 0.019009
vt 0.160169 0.016678
vt 0.158681 0.021547
vt 0.159569 0.019223
vt 0.160457 0.016899
vt 0.158954 0.021728
vt 0.159833 0.019412
vt 0.160712 0.017096
vt 0.106851 0.021523
vt 0.107149 0.021628
vt 0.106791 0.019077
vt 0.107090 0.019192
vt 0.106731 0.016632
vt 0.107031 0.016755
vt 0.107494 0.021705
vt 0.107435 0.019275
vt 0.107376 0.016846
vt 0.107872 0.021751
vt 0.107814 0.019325
vt 0.107756 0.016899
vt 0.108270 0.021762
vt 0.108212 0.019338
vt 0.108153 0.016914
vt 0.108671 0.021739
vt 0.108613 0.019313
vt 0.108554 0.016887
vt 0.109060 0.021682
vt 0.109002 0.019252
vt 0.108943 0.016822
vt 0.109423 0.021595
vt 0.109364 0.019158
vt 0.109305 0.016721
vt 0.109745 0.021480
vt 0.109686 0.019035
vt 0.109626 0.016589
vt 0.173129 0.949479
vt 0.172894 0.949701
vt 0.174006 0.951767
vt 0.173780 0.951997
vt 0.174882 0.954055
vt 0.174666 0.954292
vt 0.172617 0.949938
vt 0.173511 0.952240
vt 0.174406 0.954543
vt 0.172306 0.950180
vt 0.173208 0.952486
vt 0.174110 0.954793
vt 0.171972 0.950415
vt 0.172879 0.952722
vt 0.173786 0.955028
vt 0.171628 0.950634
vt 0.172537 0.952935
vt 0.173446 0.955237
vt 0.171288 0.950829
vt 0.172195 0.953121
vt 0.173102 0.955414
vt 0.170965 0.950994
vt 0.171868 0.953275
vt 0.172772 0.955556
vt 0.170673 0.951125
vt 0.171572 0.953394
vt 0.172471 0.955663
vt 0.079629 0.950858
vt 0.079340 0.950957
vt 0.079536 0.953250
vt 0.079248 0.953338
vt 0.079443 0.955643
vt 0.079156 0.955720
vt 0.079002 0.951028
vt 0.078910 0.953400
vt 0.078818 0.955773
vt 0.078629 0.951069
vt 0.078537 0.953436
vt 0.078445 0.955803
vt 0.187267 0.039698
vt 0.187669 0.039696
vt 0.187262 0.037814
vt 0.187664 0.037812
vt 0.187256 0.035930
vt 0.187658 0.035928
vt 0.188063 0.039684
vt 0.188057 0.037800
vt 0.188052 0.035915
vt 0.188433 0.039661
vt 0.188428 0.037777
vt 0.188422 0.035893
vt 0.188766 0.039629
vt 0.188760 0.037745
vt 0.188755 0.035861
vt 0.000055 0.037803
vt 0.000348 0.037805
vt 0.000037 0.035903
vt 0.000328 0.035905
vt 0.000018 0.034004
vt 0.000308 0.034005
vt 0.000688 0.037804
vt 0.000667 0.035904
vt 0.000646 0.034004
vt 0.001063 0.037801
vt 0.001040 0.035901
vt 0.001018 0.034001
vt 0.001458 0.037797
vt 0.001433 0.035896
vt 0.001409 0.033997
vt 0.001858 0.037790
vt 0.001831 0.035890
vt 0.001805 0.033990
vt 0.002247 0.037782
vt 0.002219 0.035882
vt 0.002191 0.033982
vt 0.002611 0.037772
vt 0.002581 0.035872
vt 0.002552 0.033973
vt 0.002936 0.037762
vt 0.002904 0.035862
vt 0.002873 0.033962
vt 0.196794 0.941439
vt 0.196498 0.941495
vt 0.196787 0.943297
vt 0.196492 0.943353
vt 0.196781 0.945155
vt 0.196485 0.945210
vt 0.196156 0.941538
vt 0.196149 0.943395
vt 0.196142 0.945252
vt 0.195778 0.941565
vt 0.195772 0.943422
vt 0.195765 0.945279
vt 0.195381 0.941577
vt 0.195375 0.943434
vt 0.195368 0.945291
vt 0.194980 0.941572
vt 0.194973 0.943429
vt 0.194966 0.945286
vt 0.194589 0.941551
vt 0.194582 0.943408
vt 0.194575 0.945265
vt 0.194224 0.941514
vt 0.194217 0.943372
vt 0.194211 0.945229
vt 0.193900 0.941464
vt 0.193893 0.943321
vt 0.193886 0.945179
vt 0.035753 0.953813
vt 0.035466 0.953846
vt 0.035721 0.955697
vt 0.035436 0.955730
vt 0.035690 0.957580
vt 0.035407 0.957613
vt 0.035131 0.953870
vt 0.035103 0.955753
vt 0.035075 0.957637
vt 0.034760 0.953884
vt 0.034733 0.955767
vt 0.034707 0.957651
vt 0.034366 0.953887
vt 0.034342 0.955771
vt 0.034317 0.957654
vt 0.033966 0.953880
vt 0.033943 0.955764
vt 0.033921 0.957647
vt 0.033574 0.953863
vt 0.033553 0.955747
vt 0.033532 0.957630
vt 0.033207 0.953836
vt 0.033187 0.955720
vt 0.033167 0.957604
vt 0.032876 0.953801
vt 0.032858 0.955685
vt 0.032840 0.957568
vt 0.185880 0.039603
vt 0.186165 0.039641
vt 0.185873 0.037719
vt 0.186159 0.037757
vt 0.185868 0.035836
vt 0.186153 0.035873
vt 0.186501 0.039670
vt 0.186495 0.037786
vt 0.186489 0.035902
vt 0.186873 0.039689
vt 0.186867 0.037805
vt 0.186861 0.035921
vt 0.202562 0.953544
vt 0.202160 0.953544
vt 0.202556 0.955428
vt 0.202154 0.955428
vt 0.202550 0.957313
vt 0.202148 0.957313
vt 0.201766 0.953555
vt 0.201760 0.955439
vt 0.201754 0.957323
vt 0.201395 0.953575
vt 0.201390 0.955460
vt 0.201384 0.957344
vt 0.201062 0.953606
vt 0.201057 0.955490
vt 0.201051 0.957374
vt 0.016464 0.037805
vt 0.016757 0.037806
vt 0.016447 0.035905
vt 0.016738 0.035906
vt 0.016430 0.034005
vt 0.016720 0.034006
vt 0.017097 0.037806
vt 0.017077 0.035906
vt 0.017057 0.034006
vt 0.017472 0.037803
vt 0.017451 0.035903
vt 0.017429 0.034003
vt 0.017867 0.037798
vt 0.017844 0.035898
vt 0.017820 0.033998
vt 0.018267 0.037791
vt 0.018242 0.035891
vt 0.018217 0.033992
vt 0.018656 0.037783
vt 0.018630 0.035883
vt 0.018602 0.033983
vt 0.019021 0.037773
vt 0.018992 0.035874
vt 0.018963 0.033974
vt 0.019345 0.037763
vt 0.019315 0.035863
vt 0.019285 0.033964
vt 0.208130 0.037756
vt 0.208425 0.037699
vt 0.208126 0.035898
vt 0.208421 0.035841
vt 0.208121 0.034041
vt 0.208417 0.033984
vt 0.208768 0.037654
vt 0.208764 0.035797
vt 0.208759 0.033940
vt 0.209145 0.037625
vt 0.209141 0.035768
vt 0.209137 0.033911
vt 0.209542 0.037611
vt 0.209538 0.035754
vt 0.209534 0.033897
vt 0.209944 0.037614
vt 0.209940 0.035757
vt 0.209935 0.033899
vt 0.210335 0.037633
vt 0.210331 0.035776
vt 0.210326 0.033918
vt 0.210700 0.037667
vt 0.210695 0.035810
vt 0.210691 0.033952
vt 0.211025 0.037716
vt 0.211021 0.035858
vt 0.211016 0.034001
vt 0.051928 0.954086
vt 0.051642 0.954118
vt 0.051897 0.955969
vt 0.051613 0.956001
vt 0.051867 0.957852
vt 0.051584 0.957885
vt 0.051306 0.954142
vt 0.051279 0.956025
vt 0.051252 0.957909
vt 0.050935 0.954156
vt 0.050910 0.956039
vt 0.050884 0.957922
vt 0.050542 0.954159
vt 0.050518 0.956042
vt 0.050495 0.957926
vt 0.050141 0.954152
vt 0.050120 0.956035
vt 0.050098 0.957919
vt 0.049750 0.954135
vt 0.049730 0.956018
vt 0.049710 0.957901
vt 0.049382 0.954108
vt 0.049363 0.955991
vt 0.049344 0.957875
vt 0.049052 0.954073
vt 0.049034 0.955956
vt 0.049017 0.957839
vt 0.203950 0.953647
vt 0.203664 0.953608
vt 0.203944 0.955531
vt 0.203658 0.955492
vt 0.203938 0.957415
vt 0.203652 0.957376
vt 0.203329 0.953577
vt 0.203323 0.955461
vt 0.203317 0.957345
vt 0.202956 0.953555
vt 0.202951 0.955440
vt 0.202945 0.957324
vt 0.093151 0.021711
vt 0.093553 0.021729
vt 0.093236 0.018943
vt 0.093638 0.018959
vt 0.093322 0.016175
vt 0.093724 0.016188
vt 0.093946 0.021778
vt 0.094031 0.019001
vt 0.094117 0.016224
vt 0.094315 0.021856
vt 0.094401 0.019068
vt 0.094486 0.016281
vt 0.094646 0.021960
vt 0.094732 0.019159
vt 0.094818 0.016359
vt 0.142285 0.020620
vt 0.142541 0.020788
vt 0.143340 0.017932
vt 0.143602 0.018086
vt 0.144396 0.015244
vt 0.144663 0.015383
vt 0.142838 0.020980
vt 0.143903 0.018264
vt 0.144969 0.015548
vt 0.143164 0.021191
vt 0.144231 0.018465
vt 0.145298 0.015738
vt 0.143503 0.021415
vt 0.144569 0.018683
vt 0.145634 0.015951
vt 0.143844 0.021644
vt 0.144904 0.018912
vt 0.145963 0.016180
vt 0.144173 0.021869
vt 0.145224 0.019142
vt 0.146274 0.016415
vt 0.144480 0.022078
vt 0.145520 0.019359
vt 0.146559 0.016640
vt 0.144752 0.022262
vt 0.145782 0.019552
vt 0.146811 0.016842
vt 0.124630 0.936595
vt 0.124333 0.936485
vt 0.124676 0.939457
vt 0.124378 0.939337
vt 0.124722 0.942319
vt 0.124423 0.942189
vt 0.123988 0.936403
vt 0.124033 0.939247
vt 0.124078 0.942091
vt 0.123610 0.936354
vt 0.123655 0.939192
vt 0.123700 0.942031
vt 0.123213 0.936339
vt 0.123257 0.939176
vt 0.123302 0.942013
vt 0.122811 0.936359
vt 0.122856 0.939198
vt 0.122901 0.942036
vt 0.122421 0.936413
vt 0.122467 0.939257
vt 0.122512 0.942101
vt 0.122058 0.936500
vt 0.122104 0.939351
vt 0.122149 0.942203
vt 0.121735 0.936614
vt 0.121781 0.939476
vt 0.121827 0.942338
vt 0.130574 0.948286
vt 0.130340 0.948510
vt 0.131601 0.950962
vt 0.131377 0.951195
vt 0.132628 0.953638
vt 0.132415 0.953880
vt 0.130062 0.948750
vt 0.131111 0.951443
vt 0.132159 0.954136
vt 0.129751 0.948994
vt 0.130808 0.951692
vt 0.131865 0.954390
vt 0.129416 0.949230
vt 0.130479 0.951928
vt 0.131542 0.954626
vt 0.129071 0.949450
vt 0.130136 0.952142
vt 0.131201 0.954834
vt 0.128729 0.949644
vt 0.129792 0.952326
vt 0.130855 0.955007
vt 0.128404 0.949808
vt 0.129463 0.952476
vt 0.130522 0.955145
vt 0.128110 0.949937
vt 0.129163 0.952592
vt 0.130217 0.955246
vt 0.091758 0.021940
vt 0.092046 0.021839
vt 0.091844 0.019138
vt 0.092132 0.019052
vt 0.091931 0.016338
vt 0.092218 0.016265
vt 0.092383 0.021767
vt 0.092469 0.018990
vt 0.092554 0.016213
vt 0.092756 0.021723
vt 0.092842 0.018953
vt 0.092927 0.016183
vt 0.093695 0.006252
vt 0.094096 0.006270
vt 0.093747 0.004876
vt 0.094149 0.004893
vt 0.093799 0.003501
vt 0.094201 0.003516
vt 0.094489 0.006318
vt 0.094541 0.004937
vt 0.094594 0.003554
vt 0.094858 0.006395
vt 0.094910 0.005006
vt 0.094963 0.003616
vt 0.095188 0.006496
vt 0.095241 0.005098
vt 0.095294 0.003699
vt 0.148822 0.005869
vt 0.149078 0.006030
vt 0.149456 0.004540
vt 0.149715 0.004691
vt 0.150090 0.003211
vt 0.150353 0.003353
vt 0.149375 0.006210
vt 0.150016 0.004863
vt 0.150658 0.003516
vt 0.149704 0.006402
vt 0.150347 0.005049
vt 0.150991 0.003696
vt 0.150051 0.006599
vt 0.150695 0.005244
vt 0.151339 0.003888
vt 0.150403 0.006793
vt 0.151045 0.005439
vt 0.151687 0.004085
vt 0.150746 0.006977
vt 0.151385 0.005628
vt 0.152023 0.004279
vt 0.151068 0.007144
vt 0.151702 0.005803
vt 0.152336 0.004461
vt 0.151356 0.007288
vt 0.151985 0.005954
vt 0.152614 0.004620
vt 0.124937 0.952592
vt 0.124640 0.952519
vt 0.124967 0.954025
vt 0.124670 0.953943
vt 0.124996 0.955458
vt 0.124699 0.955367
vt 0.124296 0.952465
vt 0.124326 0.953883
vt 0.124355 0.955301
vt 0.123918 0.952434
vt 0.123948 0.953847
vt 0.123977 0.955260
vt 0.123521 0.952425
vt 0.123550 0.953837
vt 0.123580 0.955248
vt 0.123120 0.952439
vt 0.123149 0.953852
vt 0.123178 0.955265
vt 0.122729 0.952476
vt 0.122759 0.953893
vt 0.122788 0.955311
vt 0.122366 0.952534
vt 0.122395 0.953958
vt 0.122425 0.955382
vt 0.122042 0.952611
vt 0.122072 0.954044
vt 0.122101 0.955476
vt 0.137164 0.963065
vt 0.136915 0.963250
vt 0.137792 0.964381
vt 0.137548 0.964573
vt 0.138420 0.965697
vt 0.138180 0.965897
vt 0.136622 0.963448
vt 0.137259 0.964779
vt 0.137896 0.966110
vt 0.136296 0.963651
vt 0.136937 0.964987
vt 0.137578 0.966323
vt 0.135951 0.963853
vt 0.136593 0.965191
vt 0.137236 0.966528
vt 0.135599 0.964046
vt 0.136241 0.965381
vt 0.136883 0.966716
vt 0.135253 0.964222
vt 0.135893 0.965551
vt 0.136533 0.966880
vt 0.134928 0.964374
vt 0.135564 0.965695
vt 0.136200 0.967015
vt 0.134635 0.964496
vt 0.135267 0.965808
vt 0.135900 0.967119
vt 0.092301 0.006475
vt 0.092589 0.006378
vt 0.092354 0.005077
vt 0.092642 0.004989
vt 0.092407 0.003678
vt 0.092695 0.003600
vt 0.092926 0.006307
vt 0.092979 0.004925
vt 0.093031 0.003543
vt 0.093300 0.006264
vt 0.093352 0.004887
vt 0.093404 0.003510
vt 0.077571 0.965999
vt 0.077169 0.965978
vt 0.077508 0.967374
vt 0.077106 0.967355
vt 0.077445 0.968750
vt 0.077043 0.968732
vt 0.076777 0.965926
vt 0.076714 0.967308
vt 0.076650 0.968690
vt 0.076409 0.965847
vt 0.076345 0.967236
vt 0.076282 0.968625
vt 0.076079 0.965743
vt 0.076015 0.967141
vt 0.075951 0.968540
vt 0.163010 0.005870
vt 0.163265 0.006031
vt 0.163643 0.004541
vt 0.163902 0.004692
vt 0.164276 0.003212
vt 0.164539 0.003354
vt 0.163563 0.006211
vt 0.164203 0.004864
vt 0.164844 0.003517
vt 0.163891 0.006403
vt 0.164534 0.005050
vt 0.165177 0.003697
vt 0.164239 0.006600
vt 0.164882 0.005244
vt 0.165525 0.003888
vt 0.164591 0.006794
vt 0.165232 0.005440
vt 0.165873 0.004085
vt 0.164934 0.006978
vt 0.165572 0.005629
vt 0.166210 0.004279
vt 0.165256 0.007144
vt 0.165889 0.005803
vt 0.166522 0.004461
vt 0.165543 0.007288
vt 0.166172 0.005954
vt 0.166800 0.004620
vt 0.106414 0.006057
vt 0.106711 0.006127
vt 0.106372 0.004624
vt 0.106670 0.004703
vt 0.106331 0.003192
vt 0.106629 0.003279
vt 0.107055 0.006178
vt 0.107014 0.004761
vt 0.106973 0.003343
vt 0.107433 0.006206
vt 0.107393 0.004794
vt 0.107352 0.003381
vt 0.107831 0.006212
vt 0.107790 0.004801
vt 0.107749 0.003389
vt 0.108232 0.006195
vt 0.108191 0.004782
vt 0.108150 0.003369
vt 0.108622 0.006155
vt 0.108581 0.004737
vt 0.108540 0.003320
vt 0.108986 0.006094
vt 0.108944 0.004670
vt 0.108903 0.003246
vt 0.109309 0.006014
vt 0.109267 0.004581
vt 0.109226 0.003149
vt 0.179703 0.963731
vt 0.179453 0.963916
vt 0.180330 0.965048
vt 0.180085 0.965240
vt 0.180957 0.966364
vt 0.180717 0.966564
vt 0.179160 0.964113
vt 0.179797 0.965445
vt 0.180433 0.966776
vt 0.178835 0.964317
vt 0.179475 0.965653
vt 0.180115 0.966990
vt 0.178489 0.964519
vt 0.179131 0.965857
vt 0.179772 0.967195
vt 0.178137 0.964711
vt 0.178778 0.966047
vt 0.179419 0.967382
vt 0.177791 0.964887
vt 0.178430 0.966216
vt 0.179069 0.967545
vt 0.177466 0.965039
vt 0.178101 0.966360
vt 0.178737 0.967680
vt 0.177173 0.965161
vt 0.177804 0.966473
vt 0.178436 0.967784
vt 0.078967 0.965787
vt 0.078678 0.965882
vt 0.078902 0.967185
vt 0.078614 0.967271
vt 0.078838 0.968584
vt 0.078550 0.968660
vt 0.078340 0.965950
vt 0.078276 0.967332
vt 0.078213 0.968713
vt 0.077966 0.965990
vt 0.077903 0.967367
vt 0.077840 0.968744
vt 0.093530 0.010548
vt 0.093932 0.010562
vt 0.094325 0.010598
vt 0.094694 0.010654
vt 0.095025 0.010729
vt 0.146874 0.009886
vt 0.147140 0.010015
vt 0.147450 0.010160
vt 0.147794 0.010312
vt 0.148161 0.010465
vt 0.148536 0.010612
vt 0.148905 0.010748
vt 0.149251 0.010869
vt 0.149562 0.010972
vt 0.124852 0.948622
vt 0.124556 0.948584
vt 0.124213 0.948557
vt 0.123835 0.948542
vt 0.123438 0.948538
vt 0.123036 0.948547
vt 0.122646 0.948568
vt 0.122281 0.948599
vt 0.121956 0.948641
vt 0.135374 0.959430
vt 0.135102 0.959575
vt 0.134784 0.959728
vt 0.134433 0.959884
vt 0.134064 0.960040
vt 0.133693 0.960189
vt 0.133332 0.960325
vt 0.132994 0.960442
vt 0.132691 0.960533
vt 0.092137 0.010707
vt 0.092425 0.010638
vt 0.092762 0.010586
vt 0.093135 0.010556
vt 0.077770 0.961705
vt 0.077368 0.961688
vt 0.076976 0.961649
vt 0.076607 0.961589
vt 0.076276 0.961512
vt 0.161063 0.009888
vt 0.161329 0.010017
vt 0.161639 0.010162
vt 0.161983 0.010314
vt 0.162350 0.010466
vt 0.162725 0.010613
vt 0.163094 0.010749
vt 0.163440 0.010870
vt 0.163751 0.010973
vt 0.106532 0.010026
vt 0.106828 0.010061
vt 0.107171 0.010085
vt 0.107549 0.010097
vt 0.107946 0.010098
vt 0.108348 0.010086
vt 0.108738 0.010062
vt 0.109103 0.010027
vt 0.109427 0.009983
vt 0.177914 0.960095
vt 0.177642 0.960240
vt 0.177324 0.960393
vt 0.176974 0.960549
vt 0.176605 0.960704
vt 0.176233 0.960853
vt 0.175872 0.960989
vt 0.175534 0.961106
vt 0.175231 0.961197
vt 0.079164 0.961556
vt 0.078876 0.961624
vt 0.078538 0.961672
vt 0.078165 0.961700
vt 0.187301 0.029582
vt 0.187702 0.029590
vt 0.187324 0.027774
vt 0.187726 0.027781
vt 0.187348 0.025965
vt 0.187750 0.025972
vt 0.188096 0.029604
vt 0.188120 0.027794
vt 0.188143 0.025984
vt 0.188466 0.029626
vt 0.188490 0.027814
vt 0.188513 0.026002
vt 0.188798 0.029654
vt 0.188822 0.027839
vt 0.188846 0.026024
vt 0.000651 0.027830
vt 0.000931 0.027903
vt 0.000960 0.026040
vt 0.001242 0.026111
vt 0.001268 0.024251
vt 0.001552 0.024319
vt 0.001258 0.027983
vt 0.001570 0.026189
vt 0.001882 0.024395
vt 0.001618 0.028066
vt 0.001931 0.026271
vt 0.002244 0.024476
vt 0.001998 0.028148
vt 0.002312 0.026354
vt 0.002627 0.024559
vt 0.002382 0.028227
vt 0.002698 0.026434
vt 0.003015 0.024640
vt 0.002757 0.028298
vt 0.003075 0.026507
vt 0.003392 0.024716
vt 0.003109 0.028360
vt 0.003427 0.026571
vt 0.003745 0.024783
vt 0.003422 0.028409
vt 0.003741 0.026625
vt 0.004060 0.024840
vt 0.196797 0.950711
vt 0.196501 0.950719
vt 0.196811 0.952524
vt 0.196515 0.952528
vt 0.196824 0.954337
vt 0.196528 0.954338
vt 0.196158 0.950726
vt 0.196171 0.952533
vt 0.196185 0.954340
vt 0.195781 0.950733
vt 0.195794 0.952537
vt 0.195807 0.954342
vt 0.195384 0.950738
vt 0.195397 0.952542
vt 0.195410 0.954345
vt 0.194982 0.950740
vt 0.194995 0.952544
vt 0.195008 0.954349
vt 0.194591 0.950740
vt 0.194605 0.952546
vt 0.194618 0.954353
vt 0.194227 0.950738
vt 0.194240 0.952548
vt 0.194253 0.954357
vt 0.193902 0.950735
vt 0.193915 0.952549
vt 0.193929 0.954362
vt 0.036238 0.963080
vt 0.035962 0.963172
vt 0.036556 0.964846
vt 0.036280 0.964941
vt 0.036874 0.966611
vt 0.036598 0.966711
vt 0.035640 0.963265
vt 0.035957 0.965038
vt 0.036273 0.966811
vt 0.035283 0.963358
vt 0.035598 0.965133
vt 0.035914 0.966908
vt 0.034905 0.963446
vt 0.035219 0.965222
vt 0.035533 0.966998
vt 0.034520 0.963526
vt 0.034833 0.965302
vt 0.035145 0.967078
vt 0.034143 0.963593
vt 0.034454 0.965369
vt 0.034766 0.967143
vt 0.033789 0.963646
vt 0.034099 0.965419
vt 0.034408 0.967193
vt 0.033471 0.963682
vt 0.033779 0.965453
vt 0.034087 0.967224
vt 0.185910 0.029628
vt 0.186197 0.029606
vt 0.185934 0.027814
vt 0.186221 0.027794
vt 0.185958 0.025999
vt 0.186245 0.025982
vt 0.186533 0.029591
vt 0.186557 0.027780
vt 0.186581 0.025970
vt 0.186906 0.029583
vt 0.186929 0.027774
vt 0.186953 0.025965
vt 0.202469 0.963660
vt 0.202067 0.963651
vt 0.202435 0.965469
vt 0.202034 0.965460
vt 0.202402 0.967277
vt 0.202000 0.967268
vt 0.201674 0.963634
vt 0.201640 0.965444
vt 0.201606 0.967254
vt 0.201304 0.963610
vt 0.201270 0.965422
vt 0.201236 0.967234
vt 0.200972 0.963581
vt 0.200938 0.965395
vt 0.200904 0.967210
vt 0.017063 0.027832
vt 0.017343 0.027904
vt 0.017371 0.026042
vt 0.017653 0.026113
vt 0.017680 0.024253
vt 0.017963 0.024321
vt 0.017670 0.027984
vt 0.017982 0.026190
vt 0.018293 0.024397
vt 0.018030 0.028067
vt 0.018343 0.026273
vt 0.018656 0.024477
vt 0.018410 0.028150
vt 0.018724 0.026355
vt 0.019039 0.024560
vt 0.018794 0.028229
vt 0.019110 0.026435
vt 0.019426 0.024641
vt 0.019170 0.028300
vt 0.019487 0.026508
vt 0.019804 0.024717
vt 0.019521 0.028361
vt 0.019839 0.026573
vt 0.020157 0.024785
vt 0.019834 0.028410
vt 0.020153 0.026626
vt 0.020471 0.024842
vt 0.208074 0.028484
vt 0.208369 0.028475
vt 0.208051 0.026671
vt 0.208346 0.026665
vt 0.208028 0.024858
vt 0.208323 0.024855
vt 0.208713 0.028465
vt 0.208690 0.026659
vt 0.208667 0.024852
vt 0.209090 0.028457
vt 0.209067 0.026652
vt 0.209044 0.024848
vt 0.209487 0.028450
vt 0.209464 0.026646
vt 0.209441 0.024842
vt 0.209889 0.028445
vt 0.209866 0.026641
vt 0.209843 0.024837
vt 0.210280 0.028444
vt 0.210257 0.026637
vt 0.210234 0.024831
vt 0.210644 0.028444
vt 0.210621 0.026634
vt 0.210598 0.024824
vt 0.210969 0.028444
vt 0.210946 0.026631
vt 0.210923 0.024818
vt 0.052415 0.963352
vt 0.052140 0.963443
vt 0.052733 0.965117
vt 0.052457 0.965213
vt 0.053051 0.966883
vt 0.052775 0.966983
vt 0.051818 0.963537
vt 0.052134 0.965310
vt 0.052450 0.967083
vt 0.051461 0.963629
vt 0.051776 0.965404
vt 0.052091 0.967180
vt 0.051082 0.963717
vt 0.051396 0.965493
vt 0.051710 0.967270
vt 0.050697 0.963797
vt 0.051010 0.965573
vt 0.051322 0.967349
vt 0.050321 0.963865
vt 0.050632 0.965640
vt 0.050943 0.967415
vt 0.049966 0.963917
vt 0.050276 0.965691
vt 0.050585 0.967464
vt 0.049648 0.963953
vt 0.049956 0.965724
vt 0.050264 0.967495
vt 0.203860 0.963622
vt 0.203573 0.963642
vt 0.203825 0.965437
vt 0.203539 0.965454
vt 0.203791 0.967251
vt 0.203505 0.967267
vt 0.203237 0.963656
vt 0.203203 0.965466
vt 0.203169 0.967276
vt 0.202864 0.963662
vt 0.202830 0.965471
vt 0.202797 0.967280
vt 0.242904 0.131018
vt 0.242628 0.130962
vt 0.242368 0.130848
vt 0.242134 0.130681
vt 0.241935 0.130468
vt 0.241779 0.130216
vt 0.241671 0.129936
vt 0.241616 0.129637
vt 0.241616 0.129332
vt 0.241671 0.129032
vt 0.241779 0.128750
vt 0.241935 0.128494
vt 0.242134 0.128276
vt 0.242368 0.128104
vt 0.242628 0.127984
vt 0.242904 0.127922
vt 0.243186 0.127919
vt 0.243462 0.127975
vt 0.243722 0.128088
vt 0.243956 0.128255
vt 0.244155 0.128469
vt 0.244311 0.128720
vt 0.244419 0.129001
vt 0.244474 0.129299
vt 0.244474 0.129604
vt 0.244419 0.129904
vt 0.244311 0.130187
vt 0.244155 0.130442
vt 0.243956 0.130660
vt 0.243722 0.130832
vt 0.243462 0.130952
vt 0.243186 0.131015
vt 0.240046 0.131018
vt 0.239770 0.130962
vt 0.239510 0.130848
vt 0.239276 0.130681
vt 0.239077 0.130468
vt 0.238921 0.130216
vt 0.238813 0.129936
vt 0.238758 0.129637
vt 0.238758 0.129332
vt 0.238813 0.129032
vt 0.238921 0.128750
vt 0.239077 0.128494
vt 0.239276 0.128276
vt 0.239510 0.128104
vt 0.239770 0.127984
vt 0.240046 0.127922
vt 0.240328 0.127919
vt 0.240604 0.127975
vt 0.240864 0.128088
vt 0.241098 0.128255
vt 0.241297 0.128469
vt 0.241454 0.128720
vt 0.241561 0.129001
vt 0.241616 0.129299
vt 0.241616 0.129604
vt 0.241561 0.129904
vt 0.241453 0.130187
vt 0.241297 0.130442
vt 0.241098 0.130660
vt 0.240864 0.130832
vt 0.240604 0.130952
vt 0.240328 0.131015
vt 0.237199 0.214727
vt 0.236923 0.214670
vt 0.236663 0.214557
vt 0.236429 0.214390
vt 0.236230 0.214177
vt 0.236074 0.213925
vt 0.235966 0.213644
vt 0.235911 0.213346
vt 0.235911 0.213041
vt 0.235966 0.212741
vt 0.236074 0.212458
vt 0.236230 0.212203
vt 0.236429 0.211985
vt 0.236663 0.211813
vt 0.236923 0.211693
vt 0.237199 0.211630
vt 0.237481 0.211627
vt 0.237757 0.211683
vt 0.238017 0.211797
vt 0.238251 0.211964
vt 0.238450 0.212177
vt 0.238606 0.212429
vt 0.238714 0.212709
vt 0.238769 0.213008
vt 0.238769 0.213313
vt 0.238714 0.213612
vt 0.238606 0.213895
vt 0.238450 0.214151
vt 0.238251 0.214369
vt 0.238017 0.214541
vt 0.237757 0.214661
vt 0.237481 0.214723
vt 0.240057 0.214727
vt 0.239781 0.214670
vt 0.239521 0.214557
vt 0.239287 0.214390
vt 0.239088 0.214177
vt 0.238931 0.213925
vt 0.238824 0.213644
vt 0.238769 0.213346
vt 0.238769 0.213041
vt 0.238824 0.212741
vt 0.238931 0.212458
vt 0.239088 0.212203
vt 0.239287 0.211985
vt 0.239521 0.211813
vt 0.239781 0.211693
vt 0.240057 0.211630
vt 0.240338 0.211627
vt 0.240615 0.211683
vt 0.240875 0.211797
vt 0.241109 0.211964
vt 0.241308 0.212177
vt 0.241464 0.212429
vt 0.241572 0.212709
vt 0.241627 0.213008
vt 0.241627 0.213313
vt 0.241572 0.213612
vt 0.241464 0.213895
vt 0.241308 0.214151
vt 0.241109 0.214369
vt 0.240875 0.214541
vt 0.240615 0.214661
vt 0.240339 0.214724
vt 0.137505 0.000029
vt 0.137762 0.000054
vt 0.210633 0.979153
vt 0.210394 0.979187
vt 0.153551 0.979051
vt 0.153266 0.979057
vt 0.195744 0.000000
vt 0.181656 0.000086
vt 0.166313 0.979188
vt 0.210896 0.979130
vt 0.048773 0.000062
vt 0.049000 0.000040
vt 0.137288 0.000000
vt 0.153805 0.979044
vt 0.211174 0.979120
vt 0.181347 0.000088
vt 0.048509 0.000079
vt 0.166608 0.979186
vt 0.093846 0.972179
vt 0.093612 0.972157
vt 0.211455 0.979122
vt 0.154101 0.942194
vt 0.154017 0.979036
vt 0.048217 0.000088
vt 0.181034 0.000084
vt 0.166918 0.979183
vt 0.211730 0.979138
vt 0.047908 0.000091
vt 0.094105 0.972194
vt 0.125215 0.000063
vt 0.125454 0.000030
vt 0.211986 0.979165
vt 0.180728 0.000072
vt 0.047594 0.000086
vt 0.167231 0.979179
vt 0.094381 0.972200
vt 0.212215 0.979204
vt 0.124951 0.000084
vt 0.047288 0.000073
vt 0.180440 0.000054
vt 0.167536 0.979173
vt 0.189200 0.993217
vt 0.188919 0.993219
vt 0.064946 0.000063
vt 0.065173 0.000040
vt 0.047001 0.000055
vt 0.124673 0.000092
vt 0.189477 0.993207
vt 0.064682 0.000079
vt 0.180183 0.000029
vt 0.046744 0.000030
vt 0.167821 0.979166
vt 0.189738 0.993189
vt 0.064390 0.000089
vt 0.124392 0.000087
vt 0.045696 0.036638
vt 0.046527 0.000000
vt 0.178783 0.036004
vt 0.179966 0.000000
vt 0.168074 0.979159
vt 0.189973 0.993163
vt 0.064081 0.000091
vt 0.188383 0.993198
vt 0.188150 0.993175
vt 0.094663 0.972198
vt 0.124118 0.000070
vt 0.013100 0.963175
vt 0.014171 0.999952
vt 0.013941 0.999951
vt 0.063767 0.000086
vt 0.080115 0.000025
vt 0.080349 0.000049
vt 0.188643 0.993213
vt 0.167905 0.942475
vt 0.168286 0.979152
vt 0.014439 0.999951
vt 0.063461 0.000074
vt 0.123862 0.000040
vt 0.094940 0.972187
vt 0.079856 0.000008
vt 0.203872 0.000000
vt 0.204154 0.000000
vt 0.108985 0.958630
vt 0.108746 0.958664
vt 0.014734 0.999949
vt 0.063174 0.000055
vt 0.123633 0.000000
vt 0.203596 0.000009
vt 0.095200 0.972169
vt 0.015044 0.999945
vt 0.062917 0.000030
vt 0.079580 0.000000
vt 0.109249 0.958606
vt 0.203335 0.000026
vt 0.015357 0.999940
vt 0.061650 0.036307
vt 0.062700 0.000000
vt 0.139535 0.000057
vt 0.139761 0.000034
vt 0.095436 0.972143
vt 0.203100 0.000050
vt 0.109526 0.958596
vt 0.015662 0.999934
vt 0.204690 0.000025
vt 0.204923 0.000048
vt 0.139270 0.000075
vt 0.030580 1.000000
vt 0.030349 0.999999
vt 0.151776 0.979073
vt 0.151545 0.979071
vt 0.015947 0.999927
vt 0.204430 0.000008
vt 0.109808 0.958598
vt 0.030848 0.999999
vt 0.016200 0.999919
vt 0.138978 0.000085
vt 0.152044 0.979072
vt 0.079298 0.000000
vt 0.031143 0.999997
vt 0.110082 0.958614
vt 0.016266 0.963123
vt 0.016413 0.999911
vt 0.138669 0.000088
vt 0.031453 0.999993
vt 0.152338 0.979070
vt 0.197326 0.000060
vt 0.197565 0.000027
vt 0.110339 0.958641
vt 0.079021 0.000008
vt 0.031766 0.999988
vt 0.197062 0.000081
vt 0.138356 0.000083
vt 0.152648 0.979067
vt 0.032071 0.999981
vt 0.110567 0.958679
vt 0.196785 0.000090
vt 0.078760 0.000025
vt 0.138049 0.000072
vt 0.032356 0.999974
vt 0.152962 0.979063
vt 0.196503 0.000086
vt 0.182439 0.000036
vt 0.078525 0.000049
vt 0.242872 0.024946
vt 0.242872 0.044894
vt 0.241979 0.044933
vt 0.241979 0.024985
vt 0.254280 0.215078
vt 0.254280 0.235055
vt 0.253465 0.235069
vt 0.253465 0.215091
vt 0.252516 0.235079
vt 0.252516 0.215102
vt 0.251469 0.235086
vt 0.251469 0.215109
vt 0.250366 0.235089
vt 0.250366 0.215112
vt 0.249248 0.235089
vt 0.249248 0.215111
vt 0.248159 0.235084
vt 0.248159 0.215107
vt 0.247140 0.235076
vt 0.247140 0.215099
vt 0.246230 0.235065
vt 0.246230 0.215087
vt 0.245287 0.215102
vt 0.245287 0.234997
vt 0.244400 0.235060
vt 0.244400 0.215165
vt 0.243397 0.235106
vt 0.243397 0.215211
vt 0.242317 0.235132
vt 0.242317 0.215237
vt 0.241200 0.235139
vt 0.241200 0.215244
vt 0.240092 0.235126
vt 0.240092 0.215231
vt 0.239033 0.235092
vt 0.239033 0.215197
vt 0.238064 0.235041
vt 0.238064 0.215146
vt 0.237223 0.234973
vt 0.237223 0.215078
vt 0.222155 0.050698
vt 0.224821 0.069742
vt 0.223984 0.069650
vt 0.221318 0.050606
vt 0.223022 0.069623
vt 0.220356 0.050578
vt 0.221970 0.069661
vt 0.219305 0.050617
vt 0.220871 0.069765
vt 0.218205 0.050721
vt 0.219765 0.069930
vt 0.217099 0.050886
vt 0.218696 0.070149
vt 0.216030 0.051105
vt 0.217704 0.070414
vt 0.215038 0.051370
vt 0.216828 0.070715
vt 0.214162 0.051671
vt 0.250041 0.025004
vt 0.250041 0.044951
vt 0.249206 0.044909
vt 0.249206 0.024961
vt 0.248241 0.044876
vt 0.248242 0.024929
vt 0.247185 0.044855
vt 0.247185 0.024907
vt 0.246078 0.044846
vt 0.246078 0.024899
vt 0.244961 0.044850
vt 0.244961 0.024902
vt 0.246789 0.236339
vt 0.245767 0.236326
vt 0.243879 0.044866
vt 0.243879 0.024918
vt 0.258906 0.048356
vt 0.257875 0.048784
vt 0.256780 0.049002
vt 0.255665 0.049002
vt 0.254570 0.048784
vt 0.253539 0.048356
vt 0.252611 0.047735
vt 0.251822 0.046944
vt 0.251202 0.046014
vt 0.250775 0.044981
vt 0.250557 0.043884
vt 0.250557 0.042766
vt 0.250775 0.041669
vt 0.251202 0.040635
vt 0.251821 0.039706
vt 0.252610 0.038915
vt 0.253538 0.038293
vt 0.254569 0.037865
vt 0.255663 0.037647
vt 0.256779 0.037647
vt 0.257873 0.037865
vt 0.258905 0.038293
vt 0.259832 0.038914
vt 0.260622 0.039705
vt 0.261241 0.040635
vt 0.261669 0.041669
vt 0.261887 0.042765
vt 0.261887 0.043884
vt 0.261669 0.044981
vt 0.261242 0.046014
vt 0.260622 0.046944
vt 0.259833 0.047735
vt 0.243645 0.236413
vt 0.244771 0.236362
vt 0.244771 0.239994
vt 0.243645 0.240046
vt 0.236542 0.234891
vt 0.236710 0.236264
vt 0.235945 0.236172
vt 0.249620 0.046126
vt 0.248537 0.046090
vt 0.251652 0.236350
vt 0.250413 0.236354
vt 0.241178 0.236451
vt 0.239932 0.236436
vt 0.219816 0.070949
vt 0.218615 0.071195
vt 0.242505 0.046110
vt 0.241503 0.046153
vt 0.243636 0.046078
vt 0.224554 0.070634
vt 0.223473 0.070604
vt 0.247351 0.046066
vt 0.249157 0.236353
vt 0.238743 0.236399
vt 0.217501 0.071493
vt 0.254809 0.236315
vt 0.253893 0.236331
vt 0.222292 0.070647
vt 0.246107 0.046056
vt 0.247934 0.236348
vt 0.237655 0.236341
vt 0.216516 0.071831
vt 0.252827 0.236342
vt 0.242431 0.236443
vt 0.221057 0.070764
vt 0.244852 0.046060
vt 0.250557 0.046174
vt 0.221544 0.074241
vt 0.222779 0.074125
vt 0.222622 0.075569
vt 0.221651 0.075660
vt 0.217987 0.074970
vt 0.217003 0.075308
vt 0.242431 0.240076
vt 0.250557 0.049816
vt 0.249620 0.049768
vt 0.241178 0.240084
vt 0.248537 0.049732
vt 0.239932 0.240068
vt 0.242505 0.049752
vt 0.241503 0.049795
vt 0.247351 0.049708
vt 0.238743 0.240031
vt 0.254809 0.239963
vt 0.253893 0.239978
vt 0.246106 0.049698
vt 0.237655 0.239973
vt 0.252827 0.239990
vt 0.244852 0.049702
vt 0.236710 0.239897
vt 0.251652 0.239998
vt 0.243636 0.049720
vt 0.225494 0.070738
vt 0.225981 0.074215
vt 0.225041 0.074111
vt 0.250413 0.240001
vt 0.223960 0.074081
vt 0.249157 0.240001
vt 0.247934 0.239996
vt 0.246789 0.239987
vt 0.220302 0.074426
vt 0.245767 0.239974
vt 0.219101 0.074672
vt 0.245767 0.239924
vt 0.218857 0.076233
vt 0.219732 0.075999
vt 0.219863 0.076933
vt 0.218988 0.077167
vt 0.251275 0.034248
vt 0.250799 0.033086
vt 0.252263 0.032645
vt 0.252636 0.033558
vt 0.220676 0.075806
vt 0.251965 0.035297
vt 0.253178 0.034382
vt 0.252843 0.036191
vt 0.253868 0.035084
vt 0.253875 0.036895
vt 0.254679 0.035638
vt 0.218084 0.076499
vt 0.255023 0.037384
vt 0.255581 0.036022
vt 0.260880 0.026355
vt 0.261758 0.027249
vt 0.260873 0.028059
vt 0.260183 0.027357
vt 0.256240 0.037638
vt 0.256538 0.036221
vt 0.259848 0.025650
vt 0.259372 0.026803
vt 0.257482 0.037647
vt 0.257513 0.036228
vt 0.252843 0.026295
vt 0.253875 0.025606
vt 0.254679 0.026768
vt 0.253868 0.027310
vt 0.258700 0.025162
vt 0.258470 0.026419
vt 0.258700 0.037411
vt 0.258470 0.036043
vt 0.251965 0.027176
vt 0.253178 0.028002
vt 0.257482 0.024908
vt 0.257513 0.026220
vt 0.259848 0.036940
vt 0.259372 0.035673
vt 0.251274 0.028214
vt 0.252636 0.028817
vt 0.256240 0.024899
vt 0.256537 0.026213
vt 0.260880 0.036250
vt 0.260183 0.035131
vt 0.250799 0.029370
vt 0.252263 0.029725
vt 0.255023 0.025134
vt 0.255581 0.026398
vt 0.261758 0.035369
vt 0.260873 0.034439
vt 0.250557 0.030599
vt 0.252072 0.030691
vt 0.224399 0.075558
vt 0.223549 0.075534
vt 0.250557 0.031853
vt 0.252072 0.031677
vt 0.217088 0.078018
vt 0.217573 0.077720
vt 0.216275 0.080172
vt 0.214588 0.080776
vt 0.258904 0.067255
vt 0.258863 0.066369
vt 0.259839 0.066369
vt 0.259880 0.067255
vt 0.218214 0.077433
vt 0.258927 0.068208
vt 0.259903 0.068208
vt 0.221527 0.261657
vt 0.221478 0.262393
vt 0.220500 0.262379
vt 0.220549 0.261642
vt 0.258933 0.069193
vt 0.259909 0.069193
vt 0.221569 0.260807
vt 0.220590 0.260792
vt 0.258921 0.070171
vt 0.259897 0.070171
vt 0.221601 0.255280
vt 0.221623 0.256068
vt 0.220645 0.256054
vt 0.220623 0.255266
vt 0.221601 0.259875
vt 0.220623 0.259861
vt 0.258892 0.071106
vt 0.259868 0.071106
vt 0.245175 0.074408
vt 0.244455 0.074420
vt 0.244456 0.073440
vt 0.245176 0.073428
vt 0.221623 0.258898
vt 0.220645 0.258883
vt 0.258847 0.071961
vt 0.259822 0.071961
vt 0.246013 0.074400
vt 0.246014 0.073420
vt 0.221635 0.257913
vt 0.220656 0.257898
vt 0.258786 0.072703
vt 0.259762 0.072703
vt 0.246936 0.074395
vt 0.246937 0.073415
vt 0.221635 0.256957
vt 0.220656 0.256943
vt 0.225137 0.075640
vt 0.225268 0.076574
vt 0.224529 0.076493
vt 0.247910 0.074393
vt 0.247911 0.073413
vt 0.223680 0.076468
vt 0.248896 0.074395
vt 0.248897 0.073415
vt 0.222752 0.076503
vt 0.249858 0.074400
vt 0.249859 0.073420
vt 0.221782 0.076594
vt 0.250757 0.074408
vt 0.250758 0.073428
vt 0.220806 0.076740
vt 0.251560 0.074420
vt 0.251561 0.073440
vt 0.258808 0.065587
vt 0.259784 0.065587
vt 0.253865 0.072026
vt 0.251894 0.072000
vt 0.252597 0.066824
vt 0.254944 0.066855
vt 0.213848 0.263227
vt 0.212978 0.263692
vt 0.214163 0.257398
vt 0.214697 0.256229
vt 0.260321 0.260655
vt 0.259341 0.260558
vt 0.259266 0.252889
vt 0.259865 0.253132
vt 0.219322 0.257176
vt 0.219425 0.255851
vt 0.214791 0.262941
vt 0.215274 0.255509
vt 0.261263 0.260942
vt 0.260440 0.253852
vt 0.256547 0.261407
vt 0.255784 0.262033
vt 0.257086 0.256596
vt 0.257555 0.255022
vt 0.215771 0.262844
vt 0.215874 0.255266
vt 0.262131 0.261407
vt 0.260969 0.255022
vt 0.257417 0.260942
vt 0.258088 0.253852
vt 0.216752 0.262941
vt 0.216473 0.255509
vt 0.262891 0.262033
vt 0.261432 0.256596
vt 0.258360 0.260655
vt 0.258666 0.253132
vt 0.217694 0.263228
vt 0.217048 0.256229
vt 0.241575 0.071899
vt 0.243429 0.071913
vt 0.218562 0.263692
vt 0.217577 0.257398
vt 0.245468 0.071930
vt 0.219322 0.264318
vt 0.218040 0.258973
vt 0.259573 0.123548
vt 0.259855 0.122603
vt 0.261872 0.119718
vt 0.261699 0.122093
vt 0.228206 0.076771
vt 0.226394 0.077196
vt 0.259477 0.124530
vt 0.261640 0.124563
vt 0.224407 0.077707
vt 0.259573 0.125512
vt 0.261699 0.127032
vt 0.222321 0.078282
vt 0.259856 0.126454
vt 0.261872 0.129405
vt 0.220217 0.078901
vt 0.252758 0.073469
vt 0.252236 0.073453
vt 0.255619 0.072052
vt 0.218175 0.079539
vt 0.261587 0.071045
vt 0.261711 0.072473
vt 0.212215 0.264318
vt 0.213695 0.258973
vt 0.257408 0.079826
vt 0.258955 0.079881
vt 0.258342 0.089479
vt 0.256954 0.089429
vt 0.223103 0.082998
vt 0.220597 0.083735
vt 0.257034 0.066886
vt 0.218165 0.084495
vt 0.257091 0.072076
vt 0.258786 0.066915
vt 0.215901 0.085249
vt 0.258880 0.074634
vt 0.260179 0.074681
vt 0.213892 0.085968
vt 0.257766 0.074574
vt 0.256082 0.079753
vt 0.237785 0.071888
vt 0.237275 0.071895
vt 0.235185 0.066699
vt 0.235794 0.066691
vt 0.213179 0.081327
vt 0.212215 0.086624
vt 0.256880 0.074501
vt 0.255026 0.079667
vt 0.238698 0.071887
vt 0.236881 0.066690
vt 0.258958 0.215298
vt 0.260170 0.215440
vt 0.259306 0.220462
vt 0.257862 0.220293
vt 0.256255 0.074420
vt 0.254282 0.079570
vt 0.239978 0.071891
vt 0.238405 0.066694
vt 0.257899 0.215187
vt 0.256601 0.220162
vt 0.231945 0.076147
vt 0.232466 0.076183
vt 0.235185 0.080498
vt 0.234565 0.080455
vt 0.240307 0.066704
vt 0.257033 0.215113
vt 0.255570 0.220073
vt 0.231036 0.076236
vt 0.233482 0.080561
vt 0.242515 0.066720
vt 0.256395 0.215078
vt 0.254809 0.220031
vt 0.229773 0.076446
vt 0.231978 0.080812
vt 0.244943 0.066741
vt 0.230112 0.081198
vt 0.247613 0.071951
vt 0.247498 0.066766
vt 0.227954 0.081705
vt 0.249783 0.071974
vt 0.250083 0.066794
vt 0.225587 0.082312
vt 0.256697 0.186633
vt 0.257331 0.186890
vt 0.256317 0.192912
vt 0.255977 0.192774
vt 0.217883 0.094445
vt 0.216081 0.095090
vt 0.255764 0.089364
vt 0.236540 0.056969
vt 0.237085 0.056963
vt 0.214575 0.095679
vt 0.254817 0.089287
vt 0.238061 0.056961
vt 0.259014 0.230256
vt 0.257719 0.230104
vt 0.254149 0.089199
vt 0.239428 0.056965
vt 0.256587 0.229986
vt 0.235185 0.090182
vt 0.234629 0.090144
vt 0.241135 0.056974
vt 0.255662 0.229907
vt 0.233657 0.090238
vt 0.243116 0.056988
vt 0.254980 0.229869
vt 0.232308 0.090464
vt 0.245294 0.057007
vt 0.230633 0.090810
vt 0.247587 0.057029
vt 0.228697 0.091265
vt 0.249906 0.057055
vt 0.226574 0.091810
vt 0.252162 0.057082
vt 0.224345 0.092425
vt 0.254268 0.057109
vt 0.222096 0.093087
vt 0.256143 0.057137
vt 0.219915 0.093768
vt 0.257715 0.057163
vt 0.228996 0.096340
vt 0.229720 0.096220
vt 0.227893 0.098699
vt 0.227454 0.098772
vt 0.242795 0.052399
vt 0.243529 0.052401
vt 0.259392 0.235125
vt 0.258784 0.235062
vt 0.256063 0.186896
vt 0.255637 0.192915
vt 0.244445 0.052406
vt 0.258288 0.235019
vt 0.230242 0.096169
vt 0.245507 0.052414
vt 0.256697 0.213685
vt 0.256063 0.213428
vt 0.255637 0.207150
vt 0.255977 0.207287
vt 0.246676 0.052424
vt 0.228098 0.096526
vt 0.247906 0.052436
vt 0.227059 0.096770
vt 0.249150 0.052449
vt 0.225920 0.097063
vt 0.250361 0.052464
vt 0.224724 0.097393
vt 0.251490 0.052479
vt 0.223518 0.097748
vt 0.252496 0.052494
vt 0.222347 0.098114
vt 0.253340 0.052508
vt 0.221258 0.098476
vt 0.259585 0.093855
vt 0.258841 0.093829
vt 0.220290 0.098822
vt 0.258202 0.093794
vt 0.257331 0.213422
vt 0.256317 0.207147
vt 0.219483 0.099138
vt 0.257941 0.187657
vt 0.256644 0.193324
vt 0.257941 0.212650
vt 0.256644 0.206732
vt 0.213426 0.096188
vt 0.218867 0.099412
vt 0.225588 0.099211
vt 0.226279 0.099033
vt 0.225524 0.099953
vt 0.225194 0.100038
vt 0.246596 0.050587
vt 0.247305 0.050593
vt 0.226909 0.098885
vt 0.248051 0.050600
vt 0.248806 0.050609
vt 0.249540 0.050617
vt 0.224863 0.099411
vt 0.250225 0.050627
vt 0.224131 0.099626
vt 0.250835 0.050636
vt 0.223421 0.099848
vt 0.251347 0.050644
vt 0.222760 0.100068
vt 0.260179 0.095594
vt 0.259727 0.095578
vt 0.222173 0.100278
vt 0.256945 0.193993
vt 0.256277 0.196317
vt 0.256094 0.195911
vt 0.255689 0.204381
vt 0.255895 0.204296
vt 0.221683 0.100469
vt 0.255895 0.195661
vt 0.256094 0.204044
vt 0.221310 0.100635
vt 0.255689 0.195578
vt 0.244951 0.050578
vt 0.245396 0.050579
vt 0.260170 0.237156
vt 0.259802 0.237118
vt 0.255483 0.195664
vt 0.245951 0.050582
vt 0.259501 0.237092
vt 0.228209 0.098668
vt 0.255483 0.204298
vt 0.224160 0.100342
vt 0.224499 0.100236
vt 0.224738 0.101949
vt 0.224399 0.102055
vt 0.256726 0.199116
vt 0.256746 0.199975
vt 0.256109 0.199962
vt 0.256100 0.199552
vt 0.224848 0.100134
vt 0.256666 0.198291
vt 0.256071 0.199158
vt 0.256568 0.197531
vt 0.256024 0.198795
vt 0.256437 0.196864
vt 0.255961 0.198476
vt 0.223844 0.100448
vt 0.255885 0.198215
vt 0.223563 0.100548
vt 0.255798 0.198022
vt 0.255604 0.202067
vt 0.255703 0.202026
vt 0.254941 0.203096
vt 0.254810 0.202429
vt 0.255184 0.201134
vt 0.255247 0.201453
vt 0.255703 0.197902
vt 0.255798 0.201906
vt 0.255102 0.203642
vt 0.255324 0.201714
vt 0.255604 0.197862
vt 0.256276 0.203637
vt 0.255885 0.201711
vt 0.255284 0.204048
vt 0.255411 0.201908
vt 0.255506 0.197903
vt 0.256437 0.203089
vt 0.255962 0.201450
vt 0.255506 0.202027
vt 0.255284 0.195915
vt 0.255411 0.198023
vt 0.256568 0.202421
vt 0.256024 0.201131
vt 0.255101 0.196322
vt 0.255324 0.198218
vt 0.256666 0.201660
vt 0.256071 0.200767
vt 0.254941 0.196870
vt 0.255247 0.198480
vt 0.256726 0.200834
vt 0.256099 0.200373
vt 0.225825 0.099883
vt 0.261139 0.181676
vt 0.261236 0.181632
vt 0.261336 0.181670
vt 0.261433 0.181787
vt 0.261525 0.181979
vt 0.261608 0.182238
vt 0.261678 0.182555
vt 0.261733 0.182917
vt 0.261771 0.183311
vt 0.261790 0.183720
vt 0.261790 0.184131
vt 0.261770 0.184525
vt 0.261732 0.184890
vt 0.261677 0.185210
vt 0.261606 0.185474
vt 0.261524 0.185670
vt 0.261432 0.185793
vt 0.261334 0.185836
vt 0.261235 0.185798
vt 0.261137 0.185681
vt 0.261046 0.185490
vt 0.260963 0.185230
vt 0.260893 0.184914
vt 0.260838 0.184552
vt 0.260800 0.184158
vt 0.260780 0.183748
vt 0.260781 0.183338
vt 0.260800 0.182943
vt 0.260838 0.182578
vt 0.260893 0.182258
vt 0.260964 0.181994
vt 0.261047 0.181798
vt 0.243430 0.211627
vt 0.243428 0.211872
vt 0.241632 0.211886
vt 0.241633 0.211641
vt 0.224083 0.102160
vt 0.235401 0.101199
vt 0.235185 0.101214
vt 0.235185 0.099425
vt 0.235401 0.099410
vt 0.223803 0.102260
vt 0.235586 0.101189
vt 0.235586 0.099400
vt 0.243428 0.214834
vt 0.243430 0.214919
vt 0.241633 0.214933
vt 0.241632 0.214848
vt 0.223330 0.100639
vt 0.223569 0.102352
vt 0.235733 0.101185
vt 0.235733 0.099396
vt 0.243426 0.214682
vt 0.241630 0.214696
vt 0.236040 0.101204
vt 0.235838 0.101194
vt 0.235838 0.099400
vt 0.236040 0.099411
vt 0.235838 0.101188
vt 0.235838 0.099398
vt 0.243425 0.214470
vt 0.241629 0.214484
vt 0.236217 0.101211
vt 0.236217 0.099418
vt 0.226446 0.099779
vt 0.226533 0.099785
vt 0.226773 0.101498
vt 0.226686 0.101492
vt 0.243424 0.214204
vt 0.241628 0.214219
vt 0.236361 0.101214
vt 0.236361 0.099421
vt 0.226295 0.099794
vt 0.226535 0.101506
vt 0.243423 0.213896
vt 0.241627 0.213911
vt 0.236468 0.101213
vt 0.236468 0.099420
vt 0.226086 0.099829
vt 0.226326 0.101541
vt 0.243423 0.213558
vt 0.241627 0.213572
vt 0.226065 0.101595
vt 0.243423 0.213202
vt 0.241627 0.213216
vt 0.225764 0.101666
vt 0.243424 0.212841
vt 0.241628 0.212855
vt 0.225434 0.101751
vt 0.243425 0.212491
vt 0.241629 0.212505
vt 0.225088 0.101846
vt 0.243426 0.212163
vt 0.241630 0.212177
vt 0.244003 0.155185
vt 0.244032 0.135955
vt 0.245104 0.136043
vt 0.245075 0.155273
vt 0.246093 0.136186
vt 0.246064 0.155416
vt 0.246961 0.136379
vt 0.246932 0.155609
vt 0.256283 0.102545
vt 0.256283 0.122440
vt 0.255497 0.122366
vt 0.255497 0.102471
vt 0.254570 0.122308
vt 0.254570 0.102413
vt 0.253540 0.122268
vt 0.253540 0.102373
vt 0.252444 0.122247
vt 0.252444 0.102352
vt 0.251326 0.122247
vt 0.251326 0.102352
vt 0.250228 0.122266
vt 0.250228 0.102371
vt 0.249192 0.122305
vt 0.249192 0.102410
vt 0.248258 0.122362
vt 0.248258 0.102467
vt 0.242002 0.024869
vt 0.242002 0.004891
vt 0.242863 0.004904
vt 0.242863 0.024881
vt 0.243846 0.004913
vt 0.243846 0.024891
vt 0.244915 0.004919
vt 0.244915 0.024897
vt 0.246027 0.004921
vt 0.246027 0.024899
vt 0.247141 0.004919
vt 0.247141 0.024897
vt 0.248213 0.004914
vt 0.248213 0.024891
vt 0.249202 0.004904
vt 0.249202 0.024882
vt 0.250070 0.004892
vt 0.250070 0.024869
vt 0.239270 0.127335
vt 0.239270 0.107388
vt 0.240113 0.107346
vt 0.240113 0.127293
vt 0.241082 0.107314
vt 0.241082 0.127261
vt 0.242142 0.107293
vt 0.242142 0.127241
vt 0.243251 0.107285
vt 0.243251 0.127232
vt 0.244367 0.107289
vt 0.244367 0.127237
vt 0.245447 0.107306
vt 0.245447 0.127253
vt 0.246449 0.107334
vt 0.246449 0.127282
vt 0.247334 0.107374
vt 0.247334 0.127321
vt 0.238864 0.155609
vt 0.238893 0.136379
vt 0.239754 0.136186
vt 0.239725 0.155416
vt 0.240738 0.136043
vt 0.240708 0.155273
vt 0.241806 0.135955
vt 0.241777 0.155185
vt 0.251261 0.123429
vt 0.250028 0.123451
vt 0.242919 0.135925
vt 0.242889 0.155155
vt 0.236583 0.255821
vt 0.237197 0.254892
vt 0.237977 0.254102
vt 0.238896 0.253481
vt 0.239916 0.253054
vt 0.240999 0.252838
vt 0.242104 0.252839
vt 0.243187 0.253058
vt 0.244207 0.253487
vt 0.245125 0.254110
vt 0.245906 0.254901
vt 0.246520 0.255832
vt 0.246942 0.256865
vt 0.247158 0.257963
vt 0.247158 0.259081
vt 0.246942 0.260178
vt 0.246520 0.261210
vt 0.245906 0.262139
vt 0.245126 0.262930
vt 0.244207 0.263550
vt 0.243187 0.263977
vt 0.242104 0.264193
vt 0.241000 0.264192
vt 0.239916 0.263973
vt 0.238896 0.263544
vt 0.237978 0.262921
vt 0.237197 0.262130
vt 0.236583 0.261199
vt 0.236161 0.260166
vt 0.235945 0.259069
vt 0.235945 0.257950
vt 0.236161 0.256854
vt 0.247816 0.123559
vt 0.248864 0.123495
vt 0.248864 0.127128
vt 0.247816 0.127192
vt 0.248478 0.003673
vt 0.249589 0.003663
vt 0.246821 0.106050
vt 0.247816 0.106094
vt 0.255946 0.123563
vt 0.254906 0.123498
vt 0.243574 0.003673
vt 0.244774 0.003679
vt 0.241984 0.106004
vt 0.243229 0.105994
vt 0.244167 0.134563
vt 0.245371 0.134662
vt 0.242917 0.134529
vt 0.250564 0.003649
vt 0.238396 0.135039
vt 0.239363 0.134823
vt 0.253748 0.123453
vt 0.246023 0.003682
vt 0.244483 0.105999
vt 0.246482 0.134823
vt 0.238758 0.106110
vt 0.239704 0.106063
vt 0.240467 0.134662
vt 0.252517 0.123430
vt 0.247274 0.003679
vt 0.245695 0.106018
vt 0.247458 0.135039
vt 0.241502 0.003648
vt 0.242469 0.003662
vt 0.240793 0.106027
vt 0.241667 0.134563
vt 0.247675 0.136614
vt 0.248259 0.135303
vt 0.246365 0.251415
vt 0.245323 0.252113
vt 0.244604 0.250908
vt 0.245422 0.250359
vt 0.244483 0.102357
vt 0.245695 0.102376
vt 0.241502 0.000000
vt 0.242469 0.000014
vt 0.246821 0.102408
vt 0.243574 0.000025
vt 0.247816 0.102452
vt 0.244774 0.000031
vt 0.244173 0.131051
vt 0.245377 0.131150
vt 0.238401 0.131528
vt 0.239368 0.131311
vt 0.246023 0.000034
vt 0.246488 0.131311
vt 0.240473 0.131150
vt 0.247274 0.000032
vt 0.247463 0.131528
vt 0.241673 0.131051
vt 0.248478 0.000025
vt 0.256829 0.123646
vt 0.256829 0.127279
vt 0.255946 0.127196
vt 0.242922 0.131018
vt 0.249589 0.000015
vt 0.254906 0.127131
vt 0.250564 0.000001
vt 0.253748 0.127086
vt 0.238758 0.102468
vt 0.239704 0.102420
vt 0.252517 0.127063
vt 0.240793 0.102384
vt 0.251261 0.127062
vt 0.241984 0.102361
vt 0.250028 0.127084
vt 0.243229 0.102352
vt 0.235832 0.199790
vt 0.235826 0.200775
vt 0.234848 0.200773
vt 0.234853 0.199788
vt 0.236189 0.244599
vt 0.236669 0.243439
vt 0.237804 0.244093
vt 0.237428 0.245005
vt 0.247251 0.250527
vt 0.246118 0.249662
vt 0.235945 0.245831
vt 0.237236 0.245973
vt 0.247947 0.249482
vt 0.246665 0.248842
vt 0.235945 0.247087
vt 0.237236 0.246960
vt 0.248426 0.248322
vt 0.247042 0.247930
vt 0.236190 0.248319
vt 0.237428 0.247927
vt 0.248671 0.247090
vt 0.247234 0.246962
vt 0.236670 0.249480
vt 0.237805 0.248839
vt 0.248671 0.245834
vt 0.247234 0.245975
vt 0.237366 0.250525
vt 0.238352 0.249660
vt 0.248426 0.244602
vt 0.247042 0.245007
vt 0.238253 0.251413
vt 0.239049 0.250358
vt 0.242934 0.240084
vt 0.244163 0.240329
vt 0.243692 0.241650
vt 0.242726 0.241457
vt 0.247946 0.243441
vt 0.246665 0.244095
vt 0.239295 0.252111
vt 0.239868 0.250906
vt 0.241680 0.240084
vt 0.241742 0.241457
vt 0.247249 0.242397
vt 0.246117 0.243274
vt 0.240453 0.252592
vt 0.240778 0.251285
vt 0.240451 0.240328
vt 0.240776 0.241649
vt 0.246363 0.241508
vt 0.245421 0.242576
vt 0.241682 0.252837
vt 0.241744 0.251477
vt 0.239293 0.240809
vt 0.239866 0.242027
vt 0.245321 0.240810
vt 0.244602 0.242028
vt 0.242936 0.252838
vt 0.242728 0.251478
vt 0.238251 0.241506
vt 0.239047 0.242575
vt 0.244165 0.252593
vt 0.243694 0.251285
vt 0.237365 0.242394
vt 0.238351 0.243273
vt 0.234933 0.197170
vt 0.234897 0.197951
vt 0.233550 0.195368
vt 0.233591 0.193255
vt 0.212300 0.120136
vt 0.212255 0.119312
vt 0.213231 0.119318
vt 0.213276 0.120142
vt 0.235848 0.198838
vt 0.234870 0.198836
vt 0.260626 0.174572
vt 0.260637 0.173813
vt 0.261617 0.173813
vt 0.261606 0.174572
vt 0.235875 0.197953
vt 0.260618 0.175440
vt 0.261598 0.175440
vt 0.235911 0.197171
vt 0.260613 0.176383
vt 0.261593 0.176383
vt 0.261574 0.195581
vt 0.261497 0.196527
vt 0.260553 0.196526
vt 0.260631 0.195580
vt 0.261701 0.200303
vt 0.261871 0.201062
vt 0.260927 0.201061
vt 0.260757 0.200301
vt 0.260611 0.177365
vt 0.261591 0.177365
vt 0.261701 0.194709
vt 0.260757 0.194707
vt 0.261574 0.199435
vt 0.260631 0.199433
vt 0.260613 0.178348
vt 0.261593 0.178347
vt 0.261871 0.193943
vt 0.260927 0.193941
vt 0.261497 0.198492
vt 0.260553 0.198490
vt 0.260618 0.179294
vt 0.261598 0.179294
vt 0.212344 0.113748
vt 0.212413 0.113055
vt 0.213389 0.113061
vt 0.213320 0.113754
vt 0.261470 0.197510
vt 0.260527 0.197508
vt 0.260626 0.180166
vt 0.261606 0.180166
vt 0.212288 0.114565
vt 0.213263 0.114571
vt 0.260637 0.180933
vt 0.261617 0.180933
vt 0.212246 0.115474
vt 0.213222 0.115481
vt 0.235875 0.203545
vt 0.235911 0.204288
vt 0.234933 0.204286
vt 0.234897 0.203543
vt 0.212222 0.116441
vt 0.213198 0.116447
vt 0.235848 0.202689
vt 0.234870 0.202687
vt 0.212215 0.117428
vt 0.213191 0.117434
vt 0.235832 0.201754
vt 0.234853 0.201752
vt 0.212226 0.118397
vt 0.213202 0.118403
vt 0.214881 0.122068
vt 0.214860 0.119719
vt 0.219958 0.120274
vt 0.219984 0.123072
vt 0.226581 0.259872
vt 0.225708 0.260333
vt 0.226742 0.253848
vt 0.227286 0.252689
vt 0.261811 0.154580
vt 0.260833 0.154484
vt 0.261035 0.147130
vt 0.261631 0.147371
vt 0.234976 0.196520
vt 0.233634 0.191426
vt 0.227525 0.259589
vt 0.227869 0.251975
vt 0.262749 0.154864
vt 0.262198 0.148085
vt 0.258036 0.155325
vt 0.257268 0.155945
vt 0.258825 0.150804
vt 0.259307 0.149244
vt 0.228505 0.259493
vt 0.228471 0.251734
vt 0.263611 0.155325
vt 0.262716 0.149244
vt 0.258908 0.154864
vt 0.259850 0.148085
vt 0.229483 0.259589
vt 0.229066 0.251975
vt 0.264365 0.155945
vt 0.263164 0.150804
vt 0.259853 0.154580
vt 0.260434 0.147371
vt 0.230421 0.259872
vt 0.229634 0.252689
vt 0.214913 0.108266
vt 0.214882 0.110212
vt 0.231284 0.260333
vt 0.230152 0.253848
vt 0.214860 0.112418
vt 0.232037 0.260954
vt 0.230599 0.255408
vt 0.214849 0.114799
vt 0.233433 0.209088
vt 0.233433 0.207133
vt 0.257548 0.098024
vt 0.257644 0.097042
vt 0.259467 0.095594
vt 0.259408 0.098064
vt 0.233442 0.204926
vt 0.257644 0.099005
vt 0.259467 0.100533
vt 0.260275 0.093183
vt 0.260561 0.092240
vt 0.262458 0.089287
vt 0.262283 0.091662
vt 0.260179 0.094165
vt 0.262224 0.094131
vt 0.214913 0.124222
vt 0.260275 0.095147
vt 0.262283 0.096601
vt 0.213335 0.120844
vt 0.214952 0.126098
vt 0.260561 0.096092
vt 0.262458 0.098976
vt 0.224940 0.260954
vt 0.226260 0.255408
vt 0.220123 0.129688
vt 0.220068 0.127872
vt 0.229795 0.126817
vt 0.229845 0.128447
vt 0.233483 0.200109
vt 0.233459 0.202555
vt 0.228257 0.202916
vt 0.228286 0.200002
vt 0.220021 0.125637
vt 0.233514 0.197682
vt 0.228323 0.197112
vt 0.228366 0.194356
vt 0.214999 0.127623
vt 0.228414 0.191840
vt 0.215051 0.128740
vt 0.220185 0.131018
vt 0.260705 0.215188
vt 0.261249 0.215281
vt 0.260818 0.220906
vt 0.260170 0.220795
vt 0.228466 0.189661
vt 0.261194 0.102352
vt 0.261898 0.102359
vt 0.261720 0.107492
vt 0.260881 0.107483
vt 0.214999 0.105441
vt 0.215051 0.104671
vt 0.220186 0.102352
vt 0.220124 0.103270
vt 0.233678 0.189950
vt 0.228518 0.187903
vt 0.260558 0.102353
vt 0.260124 0.107485
vt 0.214952 0.106655
vt 0.220068 0.104715
vt 0.233721 0.188883
vt 0.228569 0.186633
vt 0.260015 0.102362
vt 0.259477 0.107495
vt 0.220021 0.106634
vt 0.261884 0.215244
vt 0.262587 0.215078
vt 0.262412 0.220664
vt 0.261575 0.220862
vt 0.233459 0.211960
vt 0.233483 0.212766
vt 0.228286 0.215078
vt 0.228257 0.214118
vt 0.219984 0.108951
vt 0.233442 0.210718
vt 0.228237 0.212639
vt 0.219958 0.111578
vt 0.228227 0.210697
vt 0.219945 0.114415
vt 0.228227 0.208368
vt 0.214849 0.117264
vt 0.219945 0.117351
vt 0.228237 0.205741
vt 0.258220 0.129405
vt 0.257580 0.129144
vt 0.257588 0.123112
vt 0.257932 0.123253
vt 0.218648 0.194981
vt 0.218692 0.192724
vt 0.229900 0.129640
vt 0.261157 0.229872
vt 0.260575 0.229772
vt 0.218738 0.190769
vt 0.261898 0.117262
vt 0.261145 0.117254
vt 0.229901 0.103920
vt 0.229845 0.104743
vt 0.218785 0.189192
vt 0.260466 0.117255
vt 0.229795 0.106041
vt 0.218831 0.188052
vt 0.259885 0.117265
vt 0.229753 0.107762
vt 0.262587 0.229655
vt 0.261836 0.229832
vt 0.218577 0.213573
vt 0.218550 0.212712
vt 0.229719 0.109841
vt 0.218532 0.211385
vt 0.229697 0.112198
vt 0.218523 0.209643
vt 0.229685 0.114743
vt 0.218523 0.207553
vt 0.229685 0.117378
vt 0.218532 0.205196
vt 0.229696 0.120001
vt 0.218550 0.202661
vt 0.229719 0.122511
vt 0.218576 0.200047
vt 0.229753 0.124813
vt 0.218609 0.197454
vt 0.214018 0.206373
vt 0.214028 0.207085
vt 0.212224 0.204523
vt 0.212218 0.204091
vt 0.234520 0.110489
vt 0.234493 0.111185
vt 0.214153 0.194466
vt 0.214178 0.193855
vt 0.258861 0.129146
vt 0.258275 0.123114
vt 0.234471 0.112108
vt 0.258861 0.102613
vt 0.259477 0.103384
vt 0.258606 0.109292
vt 0.258275 0.108878
vt 0.259477 0.128378
vt 0.258606 0.122701
vt 0.234453 0.113224
vt 0.258220 0.102352
vt 0.257932 0.108739
vt 0.234440 0.114489
vt 0.214013 0.205438
vt 0.234434 0.115854
vt 0.214013 0.204317
vt 0.234434 0.117268
vt 0.214018 0.203053
vt 0.234440 0.118675
vt 0.214028 0.201693
vt 0.234453 0.120022
vt 0.214042 0.200290
vt 0.234471 0.121256
vt 0.214059 0.198899
vt 0.234493 0.122332
vt 0.214080 0.197572
vt 0.234520 0.123206
vt 0.214104 0.196361
vt 0.234550 0.123846
vt 0.257580 0.102611
vt 0.257588 0.108877
vt 0.214128 0.195313
vt 0.256964 0.128374
vt 0.257258 0.122699
vt 0.234550 0.110048
vt 0.258803 0.117728
vt 0.258705 0.118489
vt 0.258207 0.117225
vt 0.258254 0.116861
vt 0.236353 0.114763
vt 0.236346 0.115530
vt 0.212215 0.203525
vt 0.236342 0.116358
vt 0.212215 0.202844
vt 0.236342 0.117216
vt 0.212218 0.202077
vt 0.236346 0.118069
vt 0.212224 0.201252
vt 0.236353 0.118886
vt 0.212232 0.200402
vt 0.236364 0.119635
vt 0.212243 0.199558
vt 0.236378 0.120287
vt 0.212256 0.198753
vt 0.236394 0.120818
vt 0.212270 0.198018
vt 0.236412 0.121206
vt 0.257816 0.111640
vt 0.257608 0.111724
vt 0.212285 0.197382
vt 0.257407 0.120109
vt 0.257608 0.120359
vt 0.257258 0.109290
vt 0.257407 0.111974
vt 0.212300 0.196869
vt 0.257816 0.120444
vt 0.236394 0.113104
vt 0.236378 0.113526
vt 0.212315 0.196498
vt 0.258024 0.120360
vt 0.236364 0.114086
vt 0.258225 0.111976
vt 0.258024 0.111725
vt 0.258225 0.120110
vt 0.245051 0.184110
vt 0.245050 0.184513
vt 0.243257 0.184528
vt 0.243258 0.184125
vt 0.236936 0.117168
vt 0.236938 0.117576
vt 0.258864 0.116902
vt 0.258283 0.116467
vt 0.236941 0.117966
vt 0.258885 0.116044
vt 0.258293 0.116057
vt 0.256928 0.118486
vt 0.256829 0.117725
vt 0.257311 0.116860
vt 0.257358 0.117223
vt 0.258864 0.115185
vt 0.258283 0.115647
vt 0.257061 0.119154
vt 0.257421 0.117542
vt 0.258803 0.114359
vt 0.258254 0.115252
vt 0.257222 0.119701
vt 0.257499 0.117804
vt 0.258705 0.113598
vt 0.258206 0.114889
vt 0.257587 0.117998
vt 0.257782 0.113953
vt 0.257683 0.113994
vt 0.258572 0.112931
vt 0.258143 0.114570
vt 0.257683 0.118118
vt 0.257587 0.114113
vt 0.258410 0.112383
vt 0.258066 0.114308
vt 0.257782 0.118158
vt 0.257223 0.112381
vt 0.257499 0.114307
vt 0.257978 0.114114
vt 0.257882 0.118118
vt 0.257061 0.112928
vt 0.257421 0.114568
vt 0.257882 0.113994
vt 0.257977 0.117999
vt 0.256928 0.113595
vt 0.257358 0.114887
vt 0.258410 0.119703
vt 0.258066 0.117804
vt 0.236941 0.115996
vt 0.236938 0.116363
vt 0.258572 0.119156
vt 0.258143 0.117543
vt 0.236936 0.116758
vt 0.224482 0.259431
vt 0.224381 0.259470
vt 0.224283 0.259426
vt 0.224190 0.259305
vt 0.224106 0.259108
vt 0.224035 0.258845
vt 0.223979 0.258525
vt 0.223940 0.258160
vt 0.223921 0.257765
vt 0.223920 0.257355
vt 0.223940 0.256945
vt 0.223978 0.256551
vt 0.224033 0.256189
vt 0.224104 0.255872
vt 0.224188 0.255613
vt 0.224281 0.255421
vt 0.224379 0.255304
vt 0.224479 0.255266
vt 0.224578 0.255309
vt 0.224671 0.255430
vt 0.224755 0.255627
vt 0.224826 0.255890
vt 0.224882 0.256210
vt 0.224920 0.256575
vt 0.224940 0.256970
vt 0.224940 0.257380
vt 0.224921 0.257790
vt 0.224883 0.258184
vt 0.224827 0.258546
vt 0.224757 0.258863
vt 0.224673 0.259122
vt 0.224580 0.259314
vt 0.236953 0.118635
vt 0.236946 0.118323
vt 0.238735 0.118335
vt 0.238742 0.118646
vt 0.245054 0.183726
vt 0.243260 0.183740
vt 0.236961 0.118888
vt 0.238750 0.118900
vt 0.245057 0.183375
vt 0.243263 0.183390
vt 0.236969 0.119074
vt 0.238758 0.119085
vt 0.238035 0.099433
vt 0.238125 0.099449
vt 0.238125 0.101178
vt 0.238035 0.101162
vt 0.245061 0.183071
vt 0.243267 0.183086
vt 0.237215 0.101214
vt 0.237098 0.101213
vt 0.237098 0.099416
vt 0.237215 0.099418
vt 0.236961 0.115204
vt 0.236969 0.115076
vt 0.238758 0.115088
vt 0.238750 0.115215
vt 0.245066 0.182826
vt 0.243272 0.182840
vt 0.237320 0.101215
vt 0.237320 0.099418
vt 0.236953 0.115406
vt 0.238742 0.115417
vt 0.245071 0.182648
vt 0.243278 0.182663
vt 0.237410 0.101214
vt 0.237410 0.099417
vt 0.236946 0.115673
vt 0.238735 0.115685
vt 0.238231 0.099443
vt 0.238347 0.099416
vt 0.238347 0.101145
vt 0.238231 0.101172
vt 0.245066 0.186482
vt 0.245071 0.186616
vt 0.243278 0.186630
vt 0.243272 0.186496
vt 0.238730 0.116008
vt 0.245061 0.186275
vt 0.243267 0.186290
vt 0.238727 0.116374
vt 0.245057 0.186005
vt 0.243263 0.186019
vt 0.238725 0.116770
vt 0.245054 0.185680
vt 0.243260 0.185695
vt 0.238725 0.117179
vt 0.245051 0.185314
vt 0.243258 0.185328
vt 0.238727 0.117587
vt 0.245050 0.184919
vt 0.243257 0.184934
vt 0.238730 0.117977
vt 0.239827 0.182208
vt 0.239343 0.162984
vt 0.240437 0.162895
vt 0.240920 0.182119
vt 0.241554 0.162866
vt 0.242038 0.182089
vt 0.242654 0.162896
vt 0.243138 0.182119
vt 0.243692 0.162984
vt 0.244176 0.182208
vt 0.244629 0.163128
vt 0.245113 0.182352
vt 0.245430 0.163321
vt 0.245914 0.182545
vt 0.253649 0.074576
vt 0.253649 0.094471
vt 0.252789 0.094405
vt 0.252789 0.074510
vt 0.251806 0.094356
vt 0.251806 0.074461
vt 0.250738 0.094325
vt 0.250738 0.074430
vt 0.249625 0.094315
vt 0.249625 0.074420
vt 0.248512 0.094324
vt 0.248512 0.074429
vt 0.247440 0.094353
vt 0.247440 0.074458
vt 0.246450 0.094402
vt 0.246450 0.074507
vt 0.245581 0.094467
vt 0.245581 0.074572
vt 0.254511 0.157982
vt 0.254511 0.177959
vt 0.253585 0.177948
vt 0.253585 0.157971
vt 0.252554 0.177940
vt 0.252554 0.157963
vt 0.251458 0.177936
vt 0.251458 0.157959
vt 0.250340 0.177936
vt 0.250340 0.157959
vt 0.249242 0.177940
vt 0.249242 0.157963
vt 0.248206 0.177947
vt 0.248206 0.157970
vt 0.247273 0.177958
vt 0.247273 0.157981
vt 0.246478 0.177972
vt 0.246478 0.157995
vt 0.236590 0.099396
vt 0.236513 0.079449
vt 0.237423 0.079408
vt 0.237500 0.099355
vt 0.238442 0.079378
vt 0.238519 0.099325
vt 0.239532 0.079359
vt 0.239609 0.099306
vt 0.240650 0.079353
vt 0.240727 0.099300
vt 0.241753 0.079359
vt 0.241830 0.099306
vt 0.242799 0.079378
vt 0.242876 0.099325
vt 0.243748 0.079408
vt 0.243825 0.099355
vt 0.244563 0.079449
vt 0.244640 0.099396
vt 0.252079 0.095543
vt 0.250879 0.095509
vt 0.237878 0.182545
vt 0.237394 0.163321
vt 0.238315 0.163128
vt 0.238799 0.182352
vt 0.250566 0.016474
vt 0.250783 0.015377
vt 0.251207 0.014344
vt 0.251822 0.013414
vt 0.252603 0.012623
vt 0.253523 0.012002
vt 0.254543 0.011574
vt 0.255627 0.011355
vt 0.256731 0.011355
vt 0.257814 0.011573
vt 0.258834 0.012001
vt 0.259751 0.012623
vt 0.260531 0.013413
vt 0.261144 0.014343
vt 0.261565 0.015376
vt 0.261779 0.016473
vt 0.261777 0.017592
vt 0.261560 0.018688
vt 0.261137 0.019722
vt 0.260522 0.020651
vt 0.259740 0.021442
vt 0.258821 0.022064
vt 0.257800 0.022492
vt 0.256716 0.022710
vt 0.255612 0.022710
vt 0.254529 0.022492
vt 0.253509 0.022064
vt 0.252592 0.021443
vt 0.251812 0.020652
vt 0.251200 0.019722
vt 0.250779 0.018689
vt 0.250564 0.017592
vt 0.248379 0.095507
vt 0.249630 0.095497
vt 0.249630 0.099129
vt 0.248379 0.099140
vt 0.251531 0.179176
vt 0.250275 0.179176
vt 0.240692 0.078062
vt 0.241931 0.078069
vt 0.243985 0.161602
vt 0.245038 0.161763
vt 0.246063 0.095594
vt 0.245087 0.095667
vt 0.236045 0.078170
vt 0.237068 0.078124
vt 0.239100 0.161602
vt 0.240329 0.161503
vt 0.237946 0.161763
vt 0.249042 0.179180
vt 0.243106 0.078090
vt 0.245937 0.161981
vt 0.254960 0.179202
vt 0.253920 0.179189
vt 0.238213 0.078090
vt 0.241584 0.161469
vt 0.247878 0.179189
vt 0.244172 0.078124
vt 0.254149 0.095672
vt 0.253183 0.095598
vt 0.252762 0.179181
vt 0.239437 0.078069
vt 0.242819 0.161503
vt 0.247175 0.095540
vt 0.246830 0.179201
vt 0.236613 0.163557
vt 0.236034 0.162245
vt 0.236911 0.161981
vt 0.235747 0.079498
vt 0.235185 0.078226
vt 0.219204 0.255266
vt 0.217950 0.255265
vt 0.218012 0.253898
vt 0.218996 0.253898
vt 0.238199 0.074448
vt 0.239422 0.074427
vt 0.247175 0.099173
vt 0.240678 0.074420
vt 0.246063 0.099227
vt 0.241917 0.074427
vt 0.245087 0.099300
vt 0.239012 0.158092
vt 0.240240 0.157992
vt 0.243092 0.074448
vt 0.254960 0.182849
vt 0.253920 0.182837
vt 0.241496 0.157959
vt 0.244158 0.074482
vt 0.252762 0.182828
vt 0.242731 0.157992
vt 0.245087 0.078170
vt 0.245073 0.074528
vt 0.251531 0.182824
vt 0.243897 0.158092
vt 0.236822 0.158471
vt 0.237858 0.158253
vt 0.250275 0.182824
vt 0.244950 0.158253
vt 0.249042 0.182828
vt 0.245849 0.158471
vt 0.247878 0.182836
vt 0.254149 0.099305
vt 0.253183 0.099231
vt 0.246830 0.182849
vt 0.252079 0.099176
vt 0.245937 0.179217
vt 0.245937 0.182864
vt 0.250879 0.099141
vt 0.236031 0.074528
vt 0.237054 0.074482
vt 0.235882 0.230444
vt 0.235909 0.231343
vt 0.234931 0.231347
vt 0.234904 0.230448
vt 0.214523 0.243935
vt 0.215565 0.243237
vt 0.216137 0.244448
vt 0.215318 0.244996
vt 0.220433 0.255021
vt 0.219962 0.253706
vt 0.213636 0.244823
vt 0.214622 0.245694
vt 0.221591 0.254540
vt 0.220872 0.253328
vt 0.212940 0.245867
vt 0.214075 0.246514
vt 0.222633 0.253842
vt 0.221691 0.252780
vt 0.212460 0.247028
vt 0.213698 0.247426
vt 0.223520 0.252954
vt 0.222387 0.252082
vt 0.212215 0.248260
vt 0.213506 0.248394
vt 0.224216 0.251910
vt 0.222934 0.251262
vt 0.212215 0.249516
vt 0.213506 0.249381
vt 0.224696 0.250749
vt 0.223311 0.250350
vt 0.212460 0.250748
vt 0.213697 0.250349
vt 0.222634 0.243935
vt 0.223521 0.244824
vt 0.222388 0.245694
vt 0.221692 0.244996
vt 0.224940 0.249517
vt 0.223504 0.249382
vt 0.212939 0.251909
vt 0.214074 0.251261
vt 0.221592 0.243237
vt 0.220873 0.244448
vt 0.224940 0.248261
vt 0.223504 0.248395
vt 0.213635 0.252953
vt 0.214621 0.252081
vt 0.220435 0.242756
vt 0.219963 0.244070
vt 0.224696 0.247029
vt 0.223312 0.247427
vt 0.214521 0.253841
vt 0.215317 0.252779
vt 0.219205 0.242511
vt 0.218998 0.243878
vt 0.224217 0.245868
vt 0.222935 0.246515
vt 0.215563 0.254539
vt 0.216136 0.253328
vt 0.217952 0.242511
vt 0.218013 0.243877
vt 0.216721 0.255020
vt 0.217046 0.253706
vt 0.216723 0.242756
vt 0.217047 0.244070
vt 0.234887 0.227526
vt 0.234882 0.228500
vt 0.233433 0.225161
vt 0.233400 0.222996
vt 0.231736 0.135756
vt 0.232494 0.136380
vt 0.231868 0.137128
vt 0.231109 0.136504
vt 0.235866 0.229482
vt 0.234887 0.229486
vt 0.230994 0.135168
vt 0.230367 0.135916
vt 0.235860 0.228496
vt 0.230297 0.134640
vt 0.229670 0.135388
vt 0.235866 0.227522
vt 0.229672 0.134192
vt 0.229046 0.134940
vt 0.248127 0.257244
vt 0.248205 0.258209
vt 0.247262 0.258233
vt 0.247184 0.257268
vt 0.235882 0.226599
vt 0.234904 0.226603
vt 0.260682 0.140847
vt 0.260693 0.140029
vt 0.261673 0.140030
vt 0.261662 0.140848
vt 0.248101 0.256257
vt 0.247158 0.256281
vt 0.235909 0.225762
vt 0.234931 0.225766
vt 0.260674 0.141756
vt 0.261654 0.141758
vt 0.248127 0.255287
vt 0.247184 0.255311
vt 0.235945 0.225042
vt 0.234967 0.225046
vt 0.260669 0.142723
vt 0.261648 0.142725
vt 0.248205 0.254371
vt 0.247262 0.254395
vt 0.248332 0.259116
vt 0.248503 0.259929
vt 0.247560 0.259953
vt 0.247389 0.259140
vt 0.260667 0.143710
vt 0.261647 0.143712
vt 0.248332 0.253544
vt 0.247389 0.253568
vt 0.260669 0.144679
vt 0.261648 0.144681
vt 0.248503 0.252838
vt 0.247560 0.252861
vt 0.260674 0.145593
vt 0.261654 0.145594
vt 0.234583 0.138234
vt 0.235128 0.138766
vt 0.234501 0.139514
vt 0.233957 0.138982
vt 0.260682 0.146416
vt 0.261662 0.146418
vt 0.233946 0.137644
vt 0.233320 0.138392
vt 0.260693 0.147118
vt 0.261673 0.147120
vt 0.233241 0.137018
vt 0.232614 0.137766
vt 0.235945 0.232147
vt 0.234967 0.232150
vt 0.228288 0.136121
vt 0.229973 0.137624
vt 0.226547 0.141386
vt 0.224540 0.139596
vt 0.226575 0.250656
vt 0.225704 0.251116
vt 0.226788 0.244619
vt 0.227321 0.243463
vt 0.262487 0.165352
vt 0.261505 0.165257
vt 0.261524 0.157959
vt 0.262124 0.158199
vt 0.233378 0.221056
vt 0.227520 0.250373
vt 0.227899 0.242752
vt 0.263432 0.165635
vt 0.262701 0.158911
vt 0.258707 0.166095
vt 0.257944 0.166713
vt 0.259343 0.161621
vt 0.259811 0.160066
vt 0.228502 0.250278
vt 0.228500 0.242511
vt 0.264301 0.166095
vt 0.263232 0.160066
vt 0.259578 0.165635
vt 0.260345 0.158911
vt 0.229484 0.250373
vt 0.229100 0.242752
vt 0.265064 0.166713
vt 0.263696 0.161621
vt 0.260523 0.165352
vt 0.260923 0.158199
vt 0.230428 0.250656
vt 0.229677 0.243463
vt 0.234932 0.139968
vt 0.235233 0.140325
vt 0.237484 0.144542
vt 0.236307 0.143425
vt 0.231298 0.251115
vt 0.230208 0.244619
vt 0.234911 0.142121
vt 0.232060 0.251734
vt 0.230673 0.246174
vt 0.260600 0.190458
vt 0.260864 0.189509
vt 0.262537 0.186633
vt 0.262419 0.189009
vt 0.235011 0.232826
vt 0.235061 0.233348
vt 0.233772 0.238022
vt 0.233710 0.236326
vt 0.260527 0.191441
vt 0.262419 0.191476
vt 0.233646 0.234343
vt 0.260647 0.192419
vt 0.262537 0.193941
vt 0.260365 0.244013
vt 0.260651 0.243071
vt 0.262521 0.240083
vt 0.262346 0.242455
vt 0.260268 0.244994
vt 0.262287 0.244922
vt 0.226691 0.134713
vt 0.260365 0.245975
vt 0.262346 0.247389
vt 0.225245 0.133454
vt 0.260651 0.246919
vt 0.262521 0.249762
vt 0.224940 0.251734
vt 0.226319 0.246174
vt 0.219438 0.135157
vt 0.220916 0.136420
vt 0.215339 0.144490
vt 0.214014 0.143356
vt 0.233527 0.229827
vt 0.233585 0.232149
vt 0.228400 0.232800
vt 0.228332 0.230035
vt 0.222638 0.137919
vt 0.233476 0.227468
vt 0.228271 0.227225
vt 0.228220 0.224478
vt 0.224005 0.132393
vt 0.228180 0.221900
vt 0.223017 0.131571
vt 0.218262 0.134177
vt 0.234211 0.257137
vt 0.233568 0.257071
vt 0.233295 0.251427
vt 0.234060 0.251505
vt 0.228154 0.219589
vt 0.222321 0.131018
vt 0.217434 0.133519
vt 0.234962 0.257337
vt 0.234955 0.251743
vt 0.233368 0.219415
vt 0.228142 0.217634
vt 0.259201 0.181630
vt 0.258699 0.181618
vt 0.257944 0.176477
vt 0.258542 0.176492
vt 0.235794 0.257664
vt 0.235945 0.252132
vt 0.233371 0.218136
vt 0.228145 0.216111
vt 0.259847 0.181636
vt 0.259310 0.176499
vt 0.238396 0.145431
vt 0.236578 0.150686
vt 0.235492 0.149626
vt 0.233385 0.217268
vt 0.228163 0.215078
vt 0.260611 0.181635
vt 0.260221 0.176498
vt 0.234091 0.148295
vt 0.233060 0.257143
vt 0.232689 0.251512
vt 0.233832 0.239364
vt 0.233886 0.240302
vt 0.228759 0.242511
vt 0.228695 0.241394
vt 0.232428 0.146743
vt 0.228624 0.239795
vt 0.233350 0.140683
vt 0.230568 0.145030
vt 0.228549 0.237776
vt 0.231682 0.139164
vt 0.228582 0.143221
vt 0.228474 0.235414
vt 0.259269 0.213659
vt 0.258628 0.213398
vt 0.258726 0.207495
vt 0.259070 0.207635
vt 0.218521 0.224966
vt 0.218485 0.222653
vt 0.212959 0.142477
vt 0.234456 0.242511
vt 0.235142 0.242581
vt 0.218462 0.220579
vt 0.212215 0.141887
vt 0.235945 0.242795
vt 0.218451 0.218826
vt 0.258568 0.166713
vt 0.259104 0.166726
vt 0.237307 0.151432
vt 0.230047 0.157959
vt 0.229392 0.157289
vt 0.218454 0.217459
vt 0.259794 0.166733
vt 0.228418 0.156339
vt 0.218470 0.216532
vt 0.260611 0.166731
vt 0.227161 0.155145
vt 0.233912 0.242588
vt 0.219005 0.241146
vt 0.218947 0.240144
vt 0.225669 0.153752
vt 0.218883 0.238709
vt 0.224000 0.152215
vt 0.218816 0.236897
vt 0.222218 0.150592
vt 0.218749 0.234778
vt 0.220392 0.148946
vt 0.218683 0.232433
vt 0.218591 0.147339
vt 0.218621 0.229952
vt 0.216885 0.145835
vt 0.218566 0.227431
vt 0.260049 0.206416
vt 0.259744 0.207085
vt 0.259399 0.204545
vt 0.259584 0.204139
vt 0.222922 0.157797
vt 0.222571 0.157437
vt 0.213991 0.223513
vt 0.213992 0.222780
vt 0.259910 0.213401
vt 0.259414 0.207497
vt 0.222048 0.156928
vt 0.259911 0.186894
vt 0.260527 0.187665
vt 0.259745 0.193689
vt 0.259414 0.193276
vt 0.260527 0.212633
vt 0.221374 0.156287
vt 0.259270 0.186633
vt 0.259070 0.193136
vt 0.214287 0.235488
vt 0.214256 0.234950
vt 0.220573 0.155540
vt 0.214222 0.234180
vt 0.219678 0.154715
vt 0.214187 0.233208
vt 0.218722 0.153844
vt 0.214150 0.232071
vt 0.217742 0.152961
vt 0.214115 0.230813
vt 0.216776 0.152099
vt 0.214082 0.229482
vt 0.215861 0.151292
vt 0.214052 0.228130
vt 0.215032 0.150571
vt 0.214028 0.226807
vt 0.214320 0.149962
vt 0.214009 0.225566
vt 0.213754 0.149491
vt 0.258628 0.186892
vt 0.258726 0.193274
vt 0.213996 0.224454
vt 0.213355 0.149174
vt 0.258012 0.187659
vt 0.258395 0.193686
vt 0.259978 0.202166
vt 0.259879 0.202926
vt 0.259391 0.201677
vt 0.259438 0.201314
vt 0.218902 0.156611
vt 0.218417 0.156158
vt 0.212376 0.232584
vt 0.212356 0.232117
vt 0.217874 0.155658
vt 0.212334 0.231527
vt 0.217294 0.155130
vt 0.212312 0.230838
vt 0.216699 0.154594
vt 0.212291 0.230075
vt 0.216113 0.154071
vt 0.212271 0.229267
vt 0.215558 0.153582
vt 0.212253 0.228447
vt 0.215055 0.153144
vt 0.212238 0.227645
vt 0.214624 0.152775
vt 0.212226 0.226892
vt 0.214280 0.152489
vt 0.258990 0.196083
vt 0.258781 0.196167
vt 0.212219 0.226217
vt 0.214038 0.152297
vt 0.258581 0.196417
vt 0.212215 0.225646
vt 0.258781 0.204794
vt 0.258990 0.204879
vt 0.219841 0.157527
vt 0.219629 0.157309
vt 0.212216 0.225202
vt 0.259199 0.204795
vt 0.219311 0.157000
vt 0.259399 0.196419
vt 0.259199 0.196169
vt 0.259737 0.183363
vt 0.259737 0.183755
vt 0.257944 0.183722
vt 0.257944 0.183331
vt 0.216749 0.155442
vt 0.216465 0.155186
vt 0.260039 0.201341
vt 0.259467 0.200920
vt 0.216185 0.154937
vt 0.260059 0.200483
vt 0.259477 0.200511
vt 0.258101 0.202922
vt 0.258002 0.202162
vt 0.258495 0.201312
vt 0.258542 0.201675
vt 0.260039 0.199625
vt 0.259467 0.200101
vt 0.258234 0.203589
vt 0.258605 0.201993
vt 0.259978 0.198801
vt 0.259438 0.199707
vt 0.258396 0.204136
vt 0.258683 0.202255
vt 0.259879 0.198040
vt 0.259391 0.199343
vt 0.258581 0.204543
vt 0.258771 0.202449
vt 0.258967 0.198409
vt 0.258867 0.198449
vt 0.259746 0.197373
vt 0.259328 0.199025
vt 0.258867 0.202569
vt 0.258771 0.198568
vt 0.259584 0.196826
vt 0.259250 0.198763
vt 0.258966 0.202609
vt 0.258396 0.196823
vt 0.258683 0.198762
vt 0.259162 0.198569
vt 0.259066 0.202569
vt 0.258234 0.197370
vt 0.258605 0.199023
vt 0.259066 0.198449
vt 0.259162 0.202450
vt 0.258101 0.198036
vt 0.258542 0.199341
vt 0.259250 0.202256
vt 0.258002 0.198796
vt 0.258494 0.199705
vt 0.259746 0.203592
vt 0.259328 0.201995
vt 0.257941 0.199621
vt 0.258465 0.200098
vt 0.217026 0.155695
vt 0.260219 0.181674
vt 0.260320 0.181636
vt 0.260418 0.181679
vt 0.260511 0.181801
vt 0.260595 0.181998
vt 0.260666 0.182261
vt 0.260722 0.182581
vt 0.260761 0.182945
vt 0.260780 0.183340
vt 0.260780 0.183750
vt 0.260761 0.184159
vt 0.260722 0.184552
vt 0.260667 0.184914
vt 0.260596 0.185230
vt 0.260512 0.185489
vt 0.260419 0.185681
vt 0.260321 0.185798
vt 0.260220 0.185836
vt 0.260121 0.185793
vt 0.260028 0.185671
vt 0.259945 0.185475
vt 0.259874 0.185212
vt 0.259817 0.184892
vt 0.259779 0.184528
vt 0.259759 0.184133
vt 0.259759 0.183723
vt 0.259779 0.183313
vt 0.259817 0.182921
vt 0.259873 0.182559
vt 0.259944 0.182242
vt 0.260027 0.181983
vt 0.260121 0.181791
vt 0.215680 0.154494
vt 0.215920 0.154703
vt 0.214771 0.156075
vt 0.214531 0.155866
vt 0.259739 0.182979
vt 0.257945 0.182947
vt 0.215473 0.154318
vt 0.214325 0.155689
vt 0.259741 0.182620
vt 0.257947 0.182588
vt 0.215309 0.154181
vt 0.214161 0.155553
vt 0.237537 0.099440
vt 0.237645 0.099442
vt 0.237645 0.101171
vt 0.237537 0.101169
vt 0.259744 0.182297
vt 0.257951 0.182266
vt 0.215194 0.154089
vt 0.214045 0.155461
vt 0.237410 0.099416
vt 0.237410 0.101145
vt 0.259749 0.182025
vt 0.257955 0.181993
vt 0.236551 0.101214
vt 0.236468 0.101213
vt 0.236468 0.099417
vt 0.236551 0.099418
vt 0.217864 0.156483
vt 0.217965 0.156587
vt 0.216817 0.157959
vt 0.216715 0.157855
vt 0.259754 0.181812
vt 0.257960 0.181780
vt 0.236658 0.101214
vt 0.236658 0.099418
vt 0.217712 0.156336
vt 0.216564 0.157707
vt 0.259759 0.181668
vt 0.257966 0.181636
vt 0.236785 0.101213
vt 0.236785 0.099416
vt 0.217517 0.156150
vt 0.216368 0.157521
vt 0.237728 0.099424
vt 0.237728 0.101153
vt 0.259754 0.185339
vt 0.259759 0.185495
vt 0.257966 0.185463
vt 0.257960 0.185307
vt 0.217285 0.155933
vt 0.216136 0.157305
vt 0.259749 0.185116
vt 0.257955 0.185084
vt 0.215877 0.157066
vt 0.259744 0.184834
vt 0.257951 0.184802
vt 0.215600 0.156814
vt 0.259741 0.184505
vt 0.257947 0.184473
vt 0.215316 0.156558
vt 0.259739 0.184140
vt 0.257945 0.184108
vt 0.215036 0.156308
vt 0.241525 0.211483
vt 0.241543 0.191588
vt 0.242616 0.191618
vt 0.242598 0.211513
vt 0.243608 0.191667
vt 0.243589 0.211562
vt 0.244479 0.191732
vt 0.244461 0.211627
vt 0.233818 0.050578
vt 0.227743 0.032333
vt 0.228554 0.032292
vt 0.234629 0.050537
vt 0.229484 0.032162
vt 0.235559 0.050408
vt 0.230498 0.031950
vt 0.236573 0.050196
vt 0.231556 0.031664
vt 0.237631 0.049909
vt 0.232618 0.031314
vt 0.238693 0.049559
vt 0.233643 0.030913
vt 0.239718 0.049158
vt 0.234592 0.030478
vt 0.240667 0.048723
vt 0.235428 0.030024
vt 0.241502 0.048270
vt 0.254273 0.186748
vt 0.254273 0.206696
vt 0.253471 0.206651
vt 0.253471 0.186704
vt 0.252532 0.206616
vt 0.252532 0.186669
vt 0.251492 0.206592
vt 0.251492 0.186645
vt 0.250392 0.206581
vt 0.250392 0.186633
vt 0.249274 0.206582
vt 0.249274 0.186634
vt 0.248180 0.206595
vt 0.248181 0.186648
vt 0.247154 0.206621
vt 0.247154 0.186673
vt 0.246233 0.206657
vt 0.246233 0.186710
vt 0.256720 0.131018
vt 0.256720 0.150995
vt 0.255938 0.151010
vt 0.255938 0.131032
vt 0.255014 0.151021
vt 0.255014 0.131043
vt 0.253986 0.151029
vt 0.253986 0.131051
vt 0.252892 0.151033
vt 0.252892 0.131055
vt 0.251773 0.151033
vt 0.251773 0.131056
vt 0.250674 0.151029
vt 0.250674 0.131052
vt 0.249636 0.151022
vt 0.249636 0.131044
vt 0.248700 0.151011
vt 0.248700 0.131034
vt 0.236393 0.211627
vt 0.236411 0.191732
vt 0.237269 0.191667
vt 0.237251 0.211562
vt 0.238250 0.191618
vt 0.238232 0.211513
vt 0.239317 0.191588
vt 0.239298 0.211483
vt 0.232356 0.030331
vt 0.233507 0.029881
vt 0.240429 0.191578
vt 0.240410 0.211473
vt 0.260629 0.009297
vt 0.259840 0.010087
vt 0.258912 0.010709
vt 0.257881 0.011137
vt 0.256786 0.011355
vt 0.255671 0.011355
vt 0.254576 0.011137
vt 0.253545 0.010709
vt 0.252618 0.010088
vt 0.251829 0.009297
vt 0.251209 0.008367
vt 0.250782 0.007334
vt 0.250564 0.006237
vt 0.250565 0.005118
vt 0.250782 0.004022
vt 0.251209 0.002988
vt 0.251829 0.002059
vt 0.252618 0.001268
vt 0.253546 0.000646
vt 0.254577 0.000218
vt 0.255672 0.000000
vt 0.256788 0.000000
vt 0.257882 0.000218
vt 0.258913 0.000646
vt 0.259841 0.001267
vt 0.260630 0.002058
vt 0.261249 0.002988
vt 0.261676 0.004021
vt 0.261894 0.005118
vt 0.261894 0.006237
vt 0.261676 0.007333
vt 0.261249 0.008367
vt 0.235512 0.028883
vt 0.234573 0.029392
vt 0.233464 0.026061
vt 0.234402 0.025552
vt 0.247966 0.207807
vt 0.246813 0.207836
vt 0.249311 0.152285
vt 0.248260 0.152273
vt 0.227791 0.031429
vt 0.228836 0.031284
vt 0.252854 0.207831
vt 0.251686 0.207804
vt 0.254197 0.152293
vt 0.252968 0.152297
vt 0.241674 0.190277
vt 0.242880 0.190311
vt 0.240423 0.190266
vt 0.245779 0.207877
vt 0.235911 0.190439
vt 0.236874 0.190366
vt 0.229974 0.031046
vt 0.250451 0.207791
vt 0.251712 0.152297
vt 0.243994 0.190366
vt 0.257268 0.152255
vt 0.256389 0.152271
vt 0.237976 0.190311
vt 0.231163 0.030724
vt 0.249195 0.207792
vt 0.250477 0.152293
vt 0.244972 0.190439
vt 0.254810 0.207920
vt 0.253909 0.207870
vt 0.255353 0.152284
vt 0.239174 0.190277
vt 0.245198 0.191812
vt 0.245779 0.190529
vt 0.249738 0.242896
vt 0.250525 0.241931
vt 0.251652 0.242864
vt 0.251033 0.243622
vt 0.251712 0.155945
vt 0.250477 0.155941
vt 0.254810 0.211562
vt 0.253909 0.211512
vt 0.249311 0.155933
vt 0.252854 0.211473
vt 0.248260 0.155920
vt 0.251686 0.211446
vt 0.241678 0.186645
vt 0.242883 0.186678
vt 0.235914 0.186807
vt 0.236877 0.186733
vt 0.250451 0.211433
vt 0.243997 0.186733
vt 0.237979 0.186678
vt 0.249195 0.211434
vt 0.244976 0.186807
vt 0.239178 0.186645
vt 0.247966 0.211449
vt 0.226880 0.031476
vt 0.225771 0.028145
vt 0.226682 0.028098
vt 0.240426 0.186633
vt 0.246813 0.211478
vt 0.227727 0.027953
vt 0.245779 0.211519
vt 0.228865 0.027715
vt 0.257268 0.155903
vt 0.256389 0.155919
vt 0.230054 0.027393
vt 0.255353 0.155931
vt 0.231247 0.027000
vt 0.254197 0.155940
vt 0.232398 0.026550
vt 0.252968 0.155945
vt 0.236009 0.171536
vt 0.236008 0.172523
vt 0.235028 0.172521
vt 0.235030 0.171534
vt 0.229747 0.026000
vt 0.230684 0.025691
vt 0.249153 0.244000
vt 0.250573 0.244489
vt 0.231589 0.025337
vt 0.248792 0.245198
vt 0.250290 0.245431
vt 0.232426 0.024953
vt 0.248671 0.246447
vt 0.250195 0.246412
vt 0.233163 0.024553
vt 0.248792 0.247697
vt 0.250290 0.247394
vt 0.259481 0.241987
vt 0.260268 0.242962
vt 0.259307 0.243674
vt 0.258688 0.242908
vt 0.249152 0.248900
vt 0.250573 0.248339
vt 0.258521 0.241184
vt 0.257934 0.242278
vt 0.249738 0.250011
vt 0.251033 0.249212
vt 0.257426 0.240586
vt 0.257074 0.241807
vt 0.256238 0.252773
vt 0.255003 0.252889
vt 0.255170 0.251473
vt 0.256140 0.251383
vt 0.250525 0.250986
vt 0.251652 0.249978
vt 0.256238 0.240214
vt 0.256140 0.241515
vt 0.257426 0.252417
vt 0.257074 0.251102
vt 0.251485 0.251788
vt 0.252406 0.250608
vt 0.255003 0.240084
vt 0.255170 0.241412
vt 0.258521 0.251832
vt 0.257934 0.250643
vt 0.252580 0.252386
vt 0.253266 0.251079
vt 0.253768 0.240199
vt 0.254199 0.241503
vt 0.259481 0.251042
vt 0.258688 0.250022
vt 0.253767 0.252758
vt 0.254199 0.251371
vt 0.252580 0.240556
vt 0.253266 0.241783
vt 0.260268 0.250076
vt 0.259306 0.249263
vt 0.251485 0.241140
vt 0.252406 0.242243
vt 0.227918 0.026440
vt 0.228813 0.026253
vt 0.235054 0.168822
vt 0.235043 0.169648
vt 0.233602 0.166896
vt 0.233614 0.164740
vt 0.232128 0.024058
vt 0.232865 0.023658
vt 0.236015 0.170566
vt 0.235035 0.170564
vt 0.260660 0.167426
vt 0.260696 0.166717
vt 0.261675 0.166713
vt 0.261639 0.167421
vt 0.236023 0.169650
vt 0.260633 0.168255
vt 0.261612 0.168250
vt 0.236034 0.168824
vt 0.260617 0.169172
vt 0.261595 0.169168
vt 0.261538 0.202707
vt 0.261512 0.203655
vt 0.260536 0.203654
vt 0.260562 0.202706
vt 0.261581 0.207426
vt 0.261639 0.208183
vt 0.260663 0.208182
vt 0.260605 0.207425
vt 0.260611 0.170143
vt 0.261590 0.170138
vt 0.261581 0.201832
vt 0.260605 0.201831
vt 0.261538 0.206560
vt 0.260562 0.206560
vt 0.260617 0.171130
vt 0.261595 0.171125
vt 0.261639 0.201063
vt 0.260663 0.201062
vt 0.261512 0.205619
vt 0.260536 0.205618
vt 0.260633 0.172094
vt 0.261612 0.172090
vt 0.227097 0.026554
vt 0.226382 0.026590
vt 0.226084 0.025695
vt 0.226799 0.025659
vt 0.261503 0.204638
vt 0.260527 0.204637
vt 0.260660 0.173000
vt 0.261639 0.172996
vt 0.227620 0.025545
vt 0.260696 0.173813
vt 0.261675 0.173808
vt 0.228515 0.025358
vt 0.236023 0.175211
vt 0.236034 0.175902
vt 0.235054 0.175900
vt 0.235043 0.175209
vt 0.229449 0.025105
vt 0.236015 0.174396
vt 0.235035 0.174394
vt 0.230386 0.024796
vt 0.236009 0.173489
vt 0.235030 0.173487
vt 0.231291 0.024442
vt 0.234109 0.021306
vt 0.231911 0.022147
vt 0.230878 0.017396
vt 0.233496 0.016394
vt 0.250305 0.260967
vt 0.249434 0.261432
vt 0.250473 0.255020
vt 0.251007 0.253852
vt 0.261809 0.138653
vt 0.260828 0.138556
vt 0.260906 0.131018
vt 0.261506 0.131261
vt 0.235068 0.168117
vt 0.233628 0.162862
vt 0.251249 0.260681
vt 0.251585 0.253132
vt 0.262753 0.138939
vt 0.262081 0.131981
vt 0.258032 0.139404
vt 0.257268 0.140029
vt 0.258723 0.134721
vt 0.259193 0.133149
vt 0.252231 0.260585
vt 0.252186 0.252889
vt 0.263621 0.139404
vt 0.262610 0.133149
vt 0.258902 0.138939
vt 0.259727 0.131981
vt 0.253212 0.260681
vt 0.252786 0.253132
vt 0.264382 0.140029
vt 0.263073 0.134721
vt 0.259847 0.138653
vt 0.260306 0.131261
vt 0.254155 0.260967
vt 0.253361 0.253851
vt 0.221058 0.025807
vt 0.222922 0.025247
vt 0.255023 0.261432
vt 0.253890 0.255020
vt 0.225022 0.024574
vt 0.255784 0.262057
vt 0.254353 0.256592
vt 0.227279 0.023813
vt 0.233565 0.180700
vt 0.233565 0.178755
vt 0.229605 0.022994
vt 0.233568 0.176550
vt 0.260266 0.233779
vt 0.260549 0.232837
vt 0.262562 0.229872
vt 0.262388 0.232245
vt 0.260170 0.234759
vt 0.262330 0.234712
vt 0.236114 0.020502
vt 0.260265 0.235741
vt 0.262388 0.237181
vt 0.233475 0.023257
vt 0.237848 0.019767
vt 0.260549 0.236687
vt 0.262562 0.239556
vt 0.248671 0.262057
vt 0.250003 0.256593
vt 0.239614 0.013802
vt 0.237949 0.014562
vt 0.233913 0.005971
vt 0.235407 0.005289
vt 0.233581 0.171702
vt 0.233573 0.174168
vt 0.228390 0.174578
vt 0.228399 0.171641
vt 0.235883 0.015437
vt 0.233590 0.169246
vt 0.228410 0.168716
vt 0.228424 0.165916
vt 0.239246 0.019129
vt 0.228439 0.163348
vt 0.240253 0.018613
vt 0.240814 0.013187
vt 0.259314 0.050622
vt 0.259859 0.050652
vt 0.259436 0.056024
vt 0.258786 0.055988
vt 0.228455 0.161112
vt 0.261726 0.074426
vt 0.262381 0.074460
vt 0.262381 0.079495
vt 0.261600 0.079455
vt 0.218316 0.026504
vt 0.217543 0.026615
vt 0.213766 0.022718
vt 0.214686 0.022586
vt 0.233642 0.161334
vt 0.228471 0.159292
vt 0.261102 0.074420
vt 0.260857 0.079447
vt 0.219503 0.026231
vt 0.216100 0.022261
vt 0.233655 0.160215
vt 0.228487 0.157959
vt 0.260532 0.074441
vt 0.260179 0.079472
vt 0.217952 0.021756
vt 0.260494 0.050637
vt 0.261195 0.050578
vt 0.261027 0.055936
vt 0.260193 0.056006
vt 0.233573 0.183522
vt 0.233581 0.184290
vt 0.228399 0.186633
vt 0.228390 0.185718
vt 0.220172 0.021089
vt 0.233568 0.182310
vt 0.228384 0.184274
vt 0.222673 0.020287
vt 0.228380 0.182358
vt 0.225361 0.019381
vt 0.228380 0.180041
vt 0.228132 0.018405
vt 0.228384 0.177414
vt 0.256700 0.184999
vt 0.256066 0.184735
vt 0.255652 0.178775
vt 0.255992 0.178916
vt 0.218683 0.166518
vt 0.218696 0.164214
vt 0.236483 0.004737
vt 0.259767 0.065587
vt 0.259185 0.065555
vt 0.218711 0.162208
vt 0.241502 0.012740
vt 0.237101 0.004336
vt 0.212215 0.013288
vt 0.213041 0.013170
vt 0.218725 0.160575
vt 0.261754 0.089272
vt 0.261087 0.089265
vt 0.214309 0.012878
vt 0.218740 0.159379
vt 0.260479 0.089287
vt 0.215971 0.012425
vt 0.261195 0.065508
vt 0.260446 0.065571
vt 0.218661 0.185107
vt 0.218652 0.184286
vt 0.217963 0.011827
vt 0.218647 0.182990
vt 0.220207 0.011108
vt 0.218644 0.181270
vt 0.222619 0.010294
vt 0.218644 0.179192
vt 0.225105 0.009418
vt 0.218647 0.176835
vt 0.227569 0.008514
vt 0.218652 0.174290
vt 0.229918 0.007615
vt 0.218660 0.171655
vt 0.232060 0.006756
vt 0.218671 0.169031
vt 0.214052 0.177861
vt 0.214055 0.178555
vt 0.212218 0.175947
vt 0.212216 0.175525
vt 0.216968 0.006856
vt 0.217649 0.006699
vt 0.214094 0.165835
vt 0.214102 0.165193
vt 0.257334 0.184743
vt 0.256332 0.178779
vt 0.218540 0.006456
vt 0.257334 0.158223
vt 0.257944 0.158996
vt 0.256659 0.164966
vt 0.256332 0.164551
vt 0.257944 0.183978
vt 0.256660 0.178368
vt 0.219609 0.006135
vt 0.256700 0.157959
vt 0.255992 0.164409
vt 0.220813 0.005749
vt 0.214051 0.176938
vt 0.222107 0.005313
vt 0.214051 0.175823
vt 0.223440 0.004843
vt 0.214052 0.174558
vt 0.224763 0.004358
vt 0.214055 0.173193
vt 0.226023 0.003875
vt 0.214059 0.171779
vt 0.227172 0.003415
vt 0.214065 0.170371
vt 0.228166 0.002993
vt 0.214071 0.169023
vt 0.228968 0.002628
vt 0.214079 0.167787
vt 0.229545 0.002332
vt 0.256066 0.158215
vt 0.255651 0.164546
vt 0.214086 0.166711
vt 0.229877 0.002116
vt 0.216525 0.006919
vt 0.256686 0.173426
vt 0.256588 0.174186
vt 0.256045 0.172928
vt 0.256092 0.172565
vt 0.220436 0.003777
vt 0.221167 0.003543
vt 0.212215 0.174965
vt 0.221952 0.003278
vt 0.212215 0.174289
vt 0.222760 0.002993
vt 0.212216 0.173522
vt 0.223562 0.002699
vt 0.212218 0.172694
vt 0.224327 0.002406
vt 0.212221 0.171836
vt 0.225024 0.002127
vt 0.212224 0.170982
vt 0.225627 0.001872
vt 0.212228 0.170165
vt 0.226113 0.001650
vt 0.212232 0.169415
vt 0.226464 0.001470
vt 0.255709 0.167336
vt 0.255502 0.167419
vt 0.212237 0.168762
vt 0.226665 0.001340
vt 0.218566 0.004253
vt 0.218834 0.004214
vt 0.212242 0.168230
vt 0.255502 0.176050
vt 0.255709 0.176136
vt 0.219247 0.004119
vt 0.256961 0.165638
vt 0.256296 0.168081
vt 0.256113 0.167674
vt 0.255915 0.176053
vt 0.219788 0.003972
vt 0.255915 0.167422
vt 0.256113 0.175804
vt 0.223432 0.256766
vt 0.223431 0.257174
vt 0.221635 0.257176
vt 0.221635 0.256768
vt 0.222501 0.002368
vt 0.222884 0.002228
vt 0.256746 0.172601
vt 0.256121 0.172171
vt 0.223249 0.002088
vt 0.256766 0.171743
vt 0.256130 0.171761
vt 0.223582 0.001954
vt 0.256746 0.170884
vt 0.256121 0.171351
vt 0.223870 0.001832
vt 0.256686 0.170059
vt 0.256092 0.170957
vt 0.255121 0.175391
vt 0.254960 0.174843
vt 0.255268 0.173241
vt 0.255345 0.173503
vt 0.256588 0.169297
vt 0.256045 0.170593
vt 0.255304 0.175799
vt 0.255432 0.173698
vt 0.255625 0.169656
vt 0.255527 0.169696
vt 0.256456 0.168630
vt 0.255983 0.170274
vt 0.255527 0.173818
vt 0.255304 0.167669
vt 0.255432 0.169815
vt 0.255906 0.170012
vt 0.255625 0.173859
vt 0.255121 0.168074
vt 0.255345 0.170009
vt 0.255819 0.169818
vt 0.255724 0.173819
vt 0.254960 0.168620
vt 0.255268 0.170270
vt 0.255724 0.169697
vt 0.255819 0.173700
vt 0.221081 0.002836
vt 0.221391 0.002743
vt 0.256297 0.175398
vt 0.255906 0.173507
vt 0.221740 0.002631
vt 0.256457 0.174852
vt 0.255983 0.173246
vt 0.222114 0.002504
vt 0.260982 0.209495
vt 0.261082 0.209458
vt 0.261179 0.209501
vt 0.261271 0.209623
vt 0.261354 0.209820
vt 0.261424 0.210083
vt 0.261479 0.210404
vt 0.261518 0.210768
vt 0.261537 0.211163
vt 0.261537 0.211573
vt 0.261518 0.211983
vt 0.261480 0.212376
vt 0.261425 0.212738
vt 0.261354 0.213055
vt 0.261272 0.213314
vt 0.261180 0.213505
vt 0.261082 0.213622
vt 0.260983 0.213659
vt 0.260885 0.213616
vt 0.260793 0.213493
vt 0.260711 0.213297
vt 0.260640 0.213033
vt 0.260585 0.212713
vt 0.260547 0.212349
vt 0.260527 0.211954
vt 0.260527 0.211543
vt 0.260546 0.211134
vt 0.260585 0.210741
vt 0.260640 0.210379
vt 0.260710 0.210062
vt 0.260793 0.209803
vt 0.260885 0.209612
vt 0.223035 0.000314
vt 0.223323 0.000192
vt 0.223432 0.256375
vt 0.221636 0.256377
vt 0.224102 0.001727
vt 0.223555 0.000086
vt 0.223433 0.256017
vt 0.221637 0.256019
vt 0.224269 0.001641
vt 0.223723 0.000000
vt 0.237098 0.101211
vt 0.237007 0.101205
vt 0.237007 0.099416
vt 0.237098 0.099422
vt 0.223435 0.255705
vt 0.221638 0.255707
vt 0.237926 0.099418
vt 0.238035 0.099424
vt 0.238035 0.101218
vt 0.237926 0.101212
vt 0.220625 0.002951
vt 0.220497 0.002970
vt 0.219951 0.001329
vt 0.220079 0.001311
vt 0.223436 0.255451
vt 0.221640 0.255453
vt 0.237822 0.099416
vt 0.237822 0.101210
vt 0.220823 0.002906
vt 0.220276 0.001265
vt 0.223438 0.255266
vt 0.221641 0.255268
vt 0.237728 0.099419
vt 0.237728 0.101213
vt 0.220535 0.001195
vt 0.236902 0.101207
vt 0.236785 0.101216
vt 0.236785 0.099427
vt 0.236902 0.099418
vt 0.223436 0.259137
vt 0.223438 0.259264
vt 0.221641 0.259266
vt 0.221640 0.259139
vt 0.220844 0.001102
vt 0.223435 0.258936
vt 0.221638 0.258938
vt 0.221193 0.000990
vt 0.223433 0.258668
vt 0.221637 0.258670
vt 0.221568 0.000864
vt 0.223432 0.258345
vt 0.221636 0.258347
vt 0.221954 0.000728
vt 0.223432 0.257979
vt 0.221635 0.257981
vt 0.222337 0.000587
vt 0.223431 0.257583
vt 0.221635 0.257585
vt 0.222702 0.000447
vn -0.1058 -0.0339 0.9938
vn -0.3022 -0.1076 0.9471
vn -0.4799 -0.1746 0.8597
vn -0.6316 -0.2322 0.7397
vn -0.7535 -0.2787 0.5954
vn -0.8441 -0.3136 0.4350
vn -0.9035 -0.3369 0.2648
vn -0.9329 -0.3490 0.0886
vn -0.9326 -0.3498 -0.0887
vn -0.9025 -0.3395 -0.2652
vn -0.8419 -0.3177 -0.4362
vn -0.7502 -0.2841 -0.5970
vn -0.6265 -0.2385 -0.7420
vn -0.4729 -0.1817 -0.8622
vn -0.2936 -0.1150 -0.9490
vn -0.0963 -0.0415 -0.9945
vn 0.1059 0.0339 -0.9938
vn 0.3024 0.1075 -0.9471
vn 0.4800 0.1741 -0.8598
vn 0.6325 0.2314 -0.7392
vn 0.7544 0.2776 -0.5948
vn 0.8448 0.3120 -0.4347
vn 0.9044 0.3351 -0.2642
vn 0.9337 0.3469 -0.0885
vn 0.9334 0.3478 0.0886
vn 0.9033 0.3377 0.2646
vn 0.8428 0.3162 0.4356
vn 0.7508 0.2830 0.5968
vn 0.6273 0.2379 0.7416
vn 0.4730 0.1812 0.8622
vn 0.9358 0.2276 -0.2692
vn 0.2939 0.1149 0.9489
vn 0.0963 0.0415 0.9945
vn -0.7216 -0.3623 0.5899
vn 0.0924 0.0407 0.9949
vn -0.6671 -0.0170 0.7447
vn -0.7850 -0.0998 0.6114
vn -0.8725 -0.1796 0.4543
vn -0.9260 -0.2535 0.2797
vn -0.9431 -0.3190 0.0940
vn -0.9228 -0.3736 -0.0938
vn -0.8660 -0.4156 -0.2782
vn -0.7748 -0.4430 -0.4510
vn -0.6535 -0.4548 -0.6051
vn -0.5066 -0.4501 -0.7353
vn -0.3413 -0.4286 -0.8366
vn -0.1628 -0.3901 -0.9063
vn 0.0207 -0.3363 -0.9415
vn 0.2035 -0.2685 -0.9415
vn 0.3778 -0.1895 -0.9063
vn 0.5384 -0.1022 -0.8365
vn 0.6773 -0.0109 -0.7356
vn 0.7923 0.0816 -0.6047
vn 0.8763 0.1694 -0.4509
vn 0.9274 0.2494 -0.2789
vn 0.9432 0.3186 -0.0938
vn 0.9230 0.3731 0.0941
vn 0.8671 0.4118 0.2803
vn 0.7787 0.4328 0.4543
vn 0.6606 0.4362 0.6110
vn 0.5167 0.4222 0.7448
vn 0.3549 0.3922 0.8486
vn 0.1783 0.3472 0.9207
vn -0.1863 0.2222 0.9570
vn -0.8974 -0.3358 -0.2862
vn -0.0037 0.2900 0.9570
vn -0.5248 0.0659 0.8487
vn 0.4901 0.1509 -0.8585
vn 0.0904 0.0417 0.9950
vn -0.6673 -0.0170 0.7446
vn -0.8726 -0.1796 0.4543
vn -0.9260 -0.2535 0.2798
vn -0.9228 -0.3736 -0.0939
vn -0.8660 -0.4155 -0.2782
vn -0.7749 -0.4430 -0.4509
vn -0.5068 -0.4500 -0.7353
vn -0.3413 -0.4285 -0.8366
vn -0.1629 -0.3901 -0.9063
vn 0.0208 -0.3363 -0.9415
vn 0.2035 -0.2686 -0.9415
vn 0.3779 -0.1896 -0.9062
vn 0.5383 -0.1022 -0.8365
vn 0.6774 -0.0109 -0.7355
vn 0.9275 0.2496 -0.2783
vn 0.9432 0.3183 -0.0946
vn 0.9229 0.3733 0.0947
vn 0.8673 0.4117 0.2797
vn 0.6607 0.4362 0.6110
vn 0.5166 0.4222 0.7449
vn 0.3550 0.3923 0.8486
vn 0.1783 0.3473 0.9207
vn -0.5973 -0.2166 0.7722
vn -0.5246 0.0661 0.8488
vn 0.8168 0.3836 -0.4308
vn -0.0933 -0.0285 0.9952
vn -0.2748 -0.0958 0.9567
vn -0.4448 -0.1590 0.8814
vn -0.5977 -0.2162 0.7720
vn -0.7272 -0.2648 0.6333
vn -0.8290 -0.3033 0.4697
vn -0.8985 -0.3301 0.2893
vn -0.9337 -0.3443 0.0981
vn -0.9334 -0.3453 -0.0981
vn -0.8974 -0.3332 -0.2892
vn -0.8273 -0.3083 -0.4697
vn -0.7252 -0.2716 -0.6327
vn -0.5954 -0.2245 -0.7715
vn -0.4423 -0.1686 -0.8809
vn -0.2721 -0.1062 -0.9564
vn -0.0907 -0.0394 -0.9951
vn 0.0933 0.0285 -0.9952
vn 0.2747 0.0957 -0.9567
vn 0.4449 0.1590 -0.8814
vn 0.5977 0.2161 -0.7720
vn 0.7276 0.2648 -0.6329
vn 0.8288 0.3032 -0.4703
vn 0.8986 0.3301 -0.2892
vn 0.9338 0.3442 -0.0981
vn 0.9334 0.3452 0.0981
vn 0.8975 0.3331 0.2891
vn 0.8272 0.3082 0.4698
vn 0.7252 0.2716 0.6327
vn 0.5954 0.2244 0.7715
vn 0.4423 0.1686 0.8809
vn 0.9359 0.2279 -0.2686
vn 0.2721 0.1062 0.9564
vn 0.0907 0.0394 0.9951
vn -0.6207 -0.2671 -0.7371
vn 0.0920 0.0374 0.9951
vn 0.2733 0.1112 0.9555
vn 0.4419 0.1799 0.8788
vn 0.5929 0.2414 0.7683
vn 0.7205 0.2935 0.6283
vn 0.8194 0.3340 0.4659
vn 0.8873 0.3618 0.2861
vn 0.9217 0.3758 0.0965
vn 0.9216 0.3758 -0.0966
vn 0.8873 0.3618 -0.2861
vn 0.8193 0.3340 -0.4660
vn 0.7205 0.2936 -0.6283
vn 0.5932 0.2416 -0.7679
vn 0.4419 0.1799 -0.8788
vn 0.2728 0.1109 -0.9557
vn 0.0920 0.0374 -0.9951
vn -0.0920 -0.0374 -0.9951
vn -0.2730 -0.1108 -0.9556
vn -0.4425 -0.1796 -0.8786
vn -0.5939 -0.2408 -0.7677
vn -0.7214 -0.2924 -0.6277
vn -0.8204 -0.3324 -0.4653
vn -0.8882 -0.3598 -0.2856
vn -0.9226 -0.3736 -0.0964
vn -0.9226 -0.3736 0.0963
vn -0.8883 -0.3597 0.2856
vn -0.8204 -0.3324 0.4653
vn -0.7214 -0.2924 0.6277
vn -0.5934 -0.2406 0.7681
vn -0.4426 -0.1796 0.8786
vn -0.2734 -0.1110 0.9555
vn -0.0921 -0.0374 0.9950
vn 0.0846 0.0325 0.9959
vn 0.2530 0.0973 0.9626
vn 0.4143 0.1593 0.8961
vn 0.5648 0.2173 0.7961
vn 0.6988 0.2689 0.6628
vn 0.8084 0.3112 0.4997
vn 0.8869 0.3415 0.3111
vn 0.9280 0.3574 0.1057
vn 0.9280 0.3573 -0.1058
vn 0.8869 0.3415 -0.3110
vn 0.8084 0.3112 -0.4997
vn 0.6988 0.2689 -0.6628
vn 0.5652 0.2175 -0.7958
vn 0.4143 0.1593 -0.8961
vn 0.2525 0.0970 -0.9627
vn 0.0846 0.0325 -0.9959
vn -0.0845 -0.0325 -0.9959
vn -0.2526 -0.0969 -0.9627
vn -0.4143 -0.1590 -0.8961
vn -0.5653 -0.2168 -0.7959
vn -0.6989 -0.2680 -0.6631
vn -0.8086 -0.3099 -0.5001
vn -0.8875 -0.3401 -0.3109
vn -0.9286 -0.3558 -0.1058
vn -0.9286 -0.3558 0.1058
vn -0.8875 -0.3401 0.3109
vn -0.8086 -0.3099 0.5002
vn -0.6990 -0.2680 0.6630
vn -0.5649 -0.2166 0.7962
vn -0.4143 -0.1590 0.8961
vn -0.2532 -0.0972 0.9625
vn -0.0846 -0.0325 0.9959
vn 0.0840 0.0287 0.9961
vn 0.2517 0.0861 0.9640
vn 0.4130 0.1414 0.8997
vn 0.5649 0.1935 0.8021
vn 0.7019 0.2406 0.6705
vn 0.8151 0.2795 0.5075
vn 0.8972 0.3077 0.3169
vn 0.9404 0.3226 0.1080
vn 0.9404 0.3225 -0.1081
vn 0.8972 0.3077 -0.3169
vn 0.8151 0.2795 -0.5075
vn 0.7019 0.2406 -0.6704
vn 0.5653 0.1937 -0.8018
vn 0.4130 0.1415 -0.8997
vn 0.2510 0.0859 -0.9642
vn 0.0840 0.0287 -0.9961
vn -0.0840 -0.0287 -0.9961
vn -0.2510 -0.0858 -0.9642
vn -0.4131 -0.1411 -0.8997
vn -0.5655 -0.1931 -0.8018
vn -0.7021 -0.2396 -0.6706
vn -0.8156 -0.2783 -0.5073
vn -0.8976 -0.3062 -0.3172
vn -0.9409 -0.3209 -0.1081
vn -0.9409 -0.3210 0.1081
vn -0.8976 -0.3062 0.3172
vn -0.8156 -0.2783 0.5073
vn -0.7021 -0.2396 0.6705
vn -0.5650 -0.1929 0.8022
vn -0.4131 -0.1411 0.8997
vn -0.2518 -0.0860 0.9640
vn -0.0840 -0.0287 0.9961
vn 0.0837 0.0303 0.9960
vn 0.2504 0.0907 0.9639
vn 0.4109 0.1490 0.8994
vn 0.5622 0.2038 0.8015
vn 0.6980 0.2532 0.6698
vn 0.8103 0.2940 0.5070
vn 0.8916 0.3235 0.3167
vn 0.9346 0.3392 0.1074
vn 0.9346 0.3391 -0.1074
vn 0.8916 0.3235 -0.3168
vn 0.8103 0.2939 -0.5070
vn 0.6980 0.2532 -0.6698
vn 0.5626 0.2040 -0.8012
vn 0.4109 0.1490 -0.8994
vn 0.2499 0.0905 -0.9640
vn 0.0836 0.0303 -0.9960
vn -0.0836 -0.0303 -0.9960
vn -0.2499 -0.0904 -0.9640
vn -0.4111 -0.1487 -0.8994
vn -0.5626 -0.2034 -0.8013
vn -0.6982 -0.2524 -0.6699
vn -0.8106 -0.2929 -0.5070
vn -0.8923 -0.3224 -0.3161
vn -0.9350 -0.3378 -0.1078
vn -0.9350 -0.3378 0.1077
vn -0.8923 -0.3224 0.3161
vn -0.8106 -0.2929 0.5071
vn -0.6983 -0.2524 0.6699
vn -0.5622 -0.2033 0.8017
vn -0.4112 -0.1487 0.8993
vn -0.2504 -0.0906 0.9639
vn -0.0837 -0.0303 0.9960
vn -0.0885 -0.0289 0.9957
vn -0.2646 -0.0868 0.9604
vn -0.4314 -0.1423 0.8909
vn -0.5848 -0.1937 0.7877
vn -0.7197 -0.2393 0.6517
vn -0.8274 -0.2759 0.4892
vn -0.9039 -0.3020 0.3028
vn -0.9433 -0.3155 0.1027
vn -0.9433 -0.3155 -0.1028
vn -0.9039 -0.3020 -0.3028
vn -0.8274 -0.2759 -0.4892
vn -0.7197 -0.2393 -0.6518
vn -0.5853 -0.1939 -0.7873
vn -0.4314 -0.1423 -0.8909
vn -0.2640 -0.0866 -0.9606
vn -0.0886 -0.0289 -0.9956
vn 0.0887 0.0288 -0.9956
vn 0.2643 0.0853 -0.9607
vn 0.4322 0.1389 -0.8910
vn 0.5871 0.1878 -0.7874
vn 0.7224 0.2301 -0.6520
vn 0.8311 0.2639 -0.4895
vn 0.9084 0.2878 -0.3031
vn 0.9483 0.3002 -0.1029
vn 0.9483 0.3002 0.1028
vn 0.9084 0.2878 0.3031
vn 0.8311 0.2639 0.4895
vn 0.7224 0.2301 0.6520
vn 0.5867 0.1876 0.7878
vn 0.4322 0.1388 0.8910
vn 0.2649 0.0855 0.9605
vn 0.0886 0.0288 0.9956
vn -0.0981 -0.0242 0.9949
vn -0.2913 -0.0721 0.9539
vn -0.4697 -0.1167 0.8751
vn -0.6276 -0.1564 0.7627
vn -0.7601 -0.1899 0.6214
vn -0.8618 -0.2157 0.4592
vn -0.9308 -0.2333 0.2815
vn -0.9656 -0.2422 0.0949
vn -0.9656 -0.2422 -0.0950
vn -0.9308 -0.2333 -0.2815
vn -0.8617 -0.2157 -0.4592
vn -0.7602 -0.1899 -0.6214
vn -0.6280 -0.1565 -0.7623
vn -0.4697 -0.1167 -0.8751
vn -0.2905 -0.0719 -0.9542
vn -0.0983 -0.0242 -0.9949
vn 0.0983 0.0242 -0.9949
vn 0.2909 0.0713 -0.9541
vn 0.4707 0.1150 -0.8748
vn 0.6298 0.1534 -0.7615
vn 0.7620 0.1851 -0.6206
vn 0.8637 0.2094 -0.4584
vn 0.9328 0.2259 -0.2807
vn 0.9676 0.2341 -0.0943
vn 0.9676 0.2342 0.0942
vn 0.9328 0.2259 0.2807
vn 0.8637 0.2094 0.4584
vn 0.7620 0.1851 0.6206
vn 0.6294 0.1533 0.7619
vn 0.4707 0.1150 0.8748
vn 0.2917 0.0715 0.9538
vn 0.0982 0.0242 0.9949
vn -0.0841 -0.0430 0.9955
vn -0.2507 -0.1287 0.9595
vn -0.4079 -0.2100 0.8886
vn -0.5518 -0.2850 0.7838
vn -0.6772 -0.3508 0.6468
vn -0.7767 -0.4031 0.4840
vn -0.8465 -0.4400 0.2996
vn -0.8826 -0.4591 0.1013
vn -0.8826 -0.4591 -0.1014
vn -0.8465 -0.4400 -0.2996
vn -0.7767 -0.4031 -0.4840
vn -0.6772 -0.3507 -0.6468
vn -0.5521 -0.2852 -0.7835
vn -0.4079 -0.2100 -0.8886
vn -0.2502 -0.1283 -0.9597
vn -0.0841 -0.0430 -0.9955
vn 0.0841 0.0428 -0.9955
vn 0.2505 0.1270 -0.9598
vn 0.4092 0.2068 -0.8887
vn 0.5544 0.2793 -0.7840
vn 0.6807 0.3419 -0.6479
vn 0.7819 0.3919 -0.4849
vn 0.8531 0.4269 -0.3001
vn 0.8898 0.4449 -0.1017
vn 0.8898 0.4449 0.1016
vn 0.8531 0.4269 0.3001
vn 0.7819 0.3919 0.4849
vn 0.6807 0.3419 0.6479
vn 0.5540 0.2791 0.7844
vn 0.4092 0.2068 0.8887
vn 0.2511 0.1273 0.9596
vn 0.0841 0.0428 0.9955
vn -0.0861 -0.0362 0.9956
vn -0.2569 -0.1086 0.9603
vn -0.4185 -0.1778 0.8906
vn -0.5674 -0.2419 0.7871
vn -0.6978 -0.2985 0.6511
vn -0.8020 -0.3439 0.4884
vn -0.8758 -0.3762 0.3023
vn -0.9139 -0.3929 0.1024
vn -0.9139 -0.3929 -0.1025
vn -0.8758 -0.3762 -0.3023
vn -0.8020 -0.3439 -0.4884
vn -0.6978 -0.2985 -0.6511
vn -0.5678 -0.2421 -0.7867
vn -0.4186 -0.1778 -0.8906
vn -0.2563 -0.1084 -0.9605
vn -0.0861 -0.0362 -0.9956
vn 0.0861 0.0361 -0.9956
vn 0.2568 0.1071 -0.9605
vn 0.4197 0.1744 -0.8907
vn 0.5700 0.2359 -0.7870
vn 0.7013 0.2892 -0.6516
vn 0.8068 0.3318 -0.4889
vn 0.8815 0.3620 -0.3031
vn 0.9203 0.3775 -0.1026
vn 0.9203 0.3775 0.1026
vn 0.8816 0.3619 0.3031
vn 0.8068 0.3319 0.4889
vn 0.7013 0.2892 0.6516
vn 0.5697 0.2357 0.7874
vn 0.4197 0.1744 0.8908
vn 0.2574 0.1073 0.9603
vn 0.0861 0.0361 0.9956
vn 0.9277 0.3600 0.0994
vn -0.6254 -0.1083 0.7727
vn -0.5942 -0.2280 -0.7713
vn 0.4477 0.1608 -0.8796
vn 0.8281 0.3051 -0.4703
vn 0.7276 0.2745 0.6287
vn 0.2712 0.1088 0.9564
vn -0.2768 -0.0968 0.9560
vn -0.7268 -0.2661 0.6332
vn -0.8282 -0.3112 -0.4660
vn -0.4413 -0.1717 -0.8808
vn 0.6007 0.2184 -0.7691
vn 0.8976 0.3325 -0.2895
vn 0.5986 0.2275 0.7681
vn -0.3615 0.1470 0.9207
vn -0.4477 -0.1609 0.8796
vn -0.8280 -0.3052 0.4704
vn -0.7275 -0.2748 -0.6287
vn -0.2708 -0.1087 -0.9565
vn 0.7297 0.2673 -0.6293
vn 0.9327 0.3471 -0.0976
vn 0.4457 0.1714 0.8786
vn -0.6005 -0.2185 0.7692
vn -0.8976 -0.3326 0.2892
vn -0.5986 -0.2276 -0.7680
vn -0.0899 -0.0416 -0.9951
vn 0.8301 0.3056 -0.4665
vn 0.9322 0.3485 0.0976
vn 0.2748 0.1083 0.9554
vn -0.7296 -0.2674 0.6295
vn -0.9327 -0.3472 0.0977
vn -0.4457 -0.1715 -0.8786
vn 0.0937 0.0270 -0.9952
vn 0.8985 0.3322 -0.2868
vn 0.8961 0.3366 0.2892
vn -0.8298 -0.3058 0.4667
vn -0.9322 -0.3486 -0.0978
vn -0.2746 -0.1083 -0.9554
vn 0.2745 0.0947 -0.9569
vn -0.0937 -0.0269 0.9952
vn 0.9331 0.3463 -0.0969
vn 0.8257 0.3118 0.4701
vn -0.8985 -0.3325 0.2864
vn -0.8962 -0.3367 -0.2890
vn -0.0924 -0.0407 -0.9949
vn 0.4448 0.1588 -0.8815
vn 0.9327 0.3473 0.0969
vn 0.7239 0.2751 0.6327
vn -0.2751 -0.0949 0.9567
vn -0.9330 -0.3466 0.0965
vn -0.8258 -0.3119 -0.4699
vn 0.0941 0.0286 -0.9952
vn 0.5977 0.2167 -0.7719
vn 0.8974 0.3354 0.2866
vn 0.5939 0.2277 0.7716
vn -0.4448 -0.1589 0.8814
vn -0.9326 -0.3477 -0.0966
vn -0.7238 -0.2751 -0.6328
vn 0.2764 0.0966 -0.9562
vn 0.7267 0.2659 -0.6334
vn -0.0941 -0.0286 0.9952
vn 0.8285 0.3110 0.4658
vn 0.4412 0.1717 0.8808
vn 0.6516 0.4641 0.6000
vn -0.9302 -0.2433 0.2749
vn 0.2161 0.2319 0.9484
vn -0.7498 -0.1759 0.6379
vn 0.8794 0.3735 0.2952
vn 0.0378 0.1715 0.9845
vn -0.8466 -0.2376 0.4763
vn 0.7969 0.3719 0.4761
vn -0.3150 0.0349 0.9484
vn -0.9105 -0.2905 0.2943
vn 0.6835 0.3556 0.6374
vn -0.1405 0.1054 0.9845
vn -0.9380 -0.3320 0.0996
vn 0.5447 0.3257 0.7728
vn -0.4789 -0.0372 0.8771
vn -0.9276 -0.3600 -0.0996
vn 0.3877 0.2841 0.8769
vn -0.6257 -0.1084 0.7725
vn -0.8795 -0.3735 -0.2948
vn 0.2160 0.2319 0.9485
vn -0.7963 -0.3718 -0.4771
vn -0.8466 -0.2377 0.4761
vn -0.6821 -0.3556 -0.6390
vn -0.9104 -0.2905 0.2944
vn -0.5430 -0.3257 -0.7739
vn -0.9380 -0.3320 0.0994
vn -0.3849 -0.2841 -0.8782
vn -0.9276 -0.3600 -0.0994
vn -0.2147 -0.2325 -0.9486
vn -0.8796 -0.3735 -0.2948
vn -0.0375 -0.1727 -0.9843
vn 0.1409 -0.1065 -0.9843
vn -0.6821 -0.3555 -0.6390
vn 0.3144 -0.0363 -0.9486
vn -0.5433 -0.3258 -0.7737
vn 0.4771 0.0356 -0.8781
vn -0.3846 -0.2840 -0.8783
vn 0.6240 0.1071 -0.7740
vn -0.2146 -0.2325 -0.9486
vn 0.7493 0.1755 -0.6386
vn 0.8459 0.2371 -0.4777
vn 0.9104 0.2904 -0.2948
vn 0.3143 -0.0363 -0.9486
vn 0.9380 0.3320 -0.0995
vn 0.4770 0.0356 -0.8782
vn 0.9276 0.3600 0.0995
vn 0.6241 0.1071 -0.7740
vn 0.8797 0.3735 0.2943
vn 0.7965 0.3718 0.4768
vn -0.3150 0.0349 0.9485
vn 0.8462 0.2373 -0.4771
vn 0.6836 0.3557 0.6374
vn -0.0037 0.2899 0.9570
vn 0.9102 0.2902 -0.2955
vn -0.4791 -0.0374 0.8769
vn 0.3876 0.2841 0.8770
vn 0.1258 0.4856 0.8651
vn -0.8534 -0.4477 -0.2670
vn -0.3807 0.1945 0.9040
vn -0.9442 -0.3159 0.0929
vn 0.5052 0.4586 0.7311
vn -0.5422 0.1082 0.8333
vn -0.9219 -0.3762 -0.0928
vn 0.3405 0.4356 0.8332
vn -0.6820 0.0183 0.7311
vn -0.8639 -0.4219 -0.2750
vn 0.1618 0.3958 0.9040
vn -0.7967 -0.0730 0.6000
vn -0.7728 -0.4512 -0.4463
vn -0.0215 0.3410 0.9398
vn -0.8804 -0.1613 0.4460
vn -0.6520 -0.4631 -0.6004
vn -0.9301 -0.2431 0.2752
vn -0.5058 -0.4570 -0.7317
vn -0.9442 -0.3160 0.0925
vn -0.3413 -0.4335 -0.8341
vn -0.9219 -0.3762 -0.0925
vn -0.1626 -0.3932 -0.9050
vn -0.8638 -0.4220 -0.2753
vn 0.0205 -0.3384 -0.9408
vn 0.2051 -0.2699 -0.9408
vn 0.3798 -0.1920 -0.9049
vn 0.5413 -0.1061 -0.8341
vn -0.3413 -0.4335 -0.8340
vn 0.6815 -0.0166 -0.7317
vn -0.1627 -0.3932 -0.9049
vn 0.7962 0.0741 -0.6005
vn 0.8801 0.1619 -0.4463
vn 0.9301 0.2433 -0.2753
vn 0.9442 0.3159 -0.0929
vn 0.9218 0.3763 0.0929
vn 0.8637 0.4223 0.2752
vn 0.7963 0.0741 -0.6004
vn 0.7727 0.4518 0.4459
vn -0.2061 0.2726 0.9398
vn 0.8801 0.1618 -0.4463
vn 0.6516 0.4642 0.6000
vn -0.3806 0.1945 0.9040
vn 0.9301 0.2435 -0.2750
vn 0.3405 0.4356 0.8333
vn 0.1618 0.3957 0.9040
vn -0.7967 -0.0731 0.5999
vn 0.8638 0.4222 0.2749
vn -0.0215 0.3411 0.9398
vn -0.8804 -0.1612 0.4460
vn 0.7726 0.4518 0.4461
vn -0.9542 -0.2889 0.0771
vn -0.4276 -0.6693 -0.6077
vn -0.8161 -0.0117 0.5778
vn -0.7553 -0.4918 -0.4332
vn -0.0578 0.4350 0.8986
vn -0.8950 -0.1158 0.4308
vn -0.6281 -0.5161 -0.5823
vn -0.9395 -0.2154 0.2664
vn -0.4777 -0.5200 -0.7081
vn -0.9476 -0.3066 0.0900
vn -0.3100 -0.5039 -0.8062
vn -0.9184 -0.3852 -0.0901
vn -0.1315 -0.4691 -0.8733
vn -0.8533 -0.4478 -0.2673
vn 0.0515 -0.4171 -0.9074
vn -0.7553 -0.4918 -0.4331
vn 0.2329 -0.3498 -0.9074
vn -0.6283 -0.5161 -0.5821
vn 0.4057 -0.2698 -0.8733
vn -0.4775 -0.5200 -0.7082
vn 0.5634 -0.1800 -0.8063
vn -0.3101 -0.5040 -0.8061
vn 0.7015 -0.0826 -0.7079
vn -0.1316 -0.4691 -0.8733
vn 0.8127 0.0181 -0.5825
vn 0.0515 -0.4170 -0.9074
vn 0.8933 0.1196 -0.4332
vn 0.9389 0.2170 -0.2670
vn 0.9475 0.3067 -0.0905
vn 0.5635 -0.1800 -0.8063
vn 0.9183 0.3855 0.0905
vn 0.8529 0.4492 0.2662
vn 0.8126 0.0181 -0.5825
vn 0.7541 0.4958 0.4308
vn -0.2399 0.3675 0.8986
vn 0.8934 0.1196 -0.4331
vn 0.6260 0.5233 0.5782
vn -0.4119 0.2862 0.8651
vn 0.4748 0.5308 0.7020
vn -0.5696 0.1935 0.7988
vn 0.9475 0.3070 -0.0898
vn 0.3054 0.5180 0.7990
vn -0.7058 0.0930 0.7022
vn 0.9184 0.3853 0.0898
vn -0.8160 -0.0116 0.5779
vn 0.8529 0.4492 0.2661
vn -0.8949 -0.1158 0.4309
vn 0.7541 0.4957 0.4308
vn -0.2397 0.3675 0.8986
vn -0.9395 -0.2156 0.2661
vn 0.6259 0.5233 0.5782
vn -0.4120 0.2862 0.8651
vn -0.9476 -0.3065 0.0904
vn 0.4747 0.5308 0.7021
vn -0.5696 0.1934 0.7988
vn -0.9183 -0.3853 -0.0905
vn -0.7057 0.0931 0.7023
vn 0.7806 -0.2800 -0.5588
vn -0.2303 -0.7352 -0.6375
vn -0.2513 -0.6755 -0.6932
vn -0.9119 -0.4032 -0.0771
vn -0.0658 -0.6560 -0.7519
vn -0.8343 -0.5017 -0.2286
vn 0.1227 -0.6112 -0.7819
vn -0.7248 -0.5806 -0.3708
vn 0.3055 -0.5433 -0.7820
vn -0.5875 -0.6372 -0.4988
vn 0.4777 -0.4544 -0.7519
vn -0.4273 -0.6693 -0.6078
vn 0.6309 -0.3484 -0.6932
vn -0.2515 -0.6756 -0.6931
vn 0.7607 -0.2284 -0.6076
vn 0.8607 -0.1004 -0.4992
vn 0.9281 0.0324 -0.3708
vn 0.3055 -0.5433 -0.7819
vn 0.9597 0.1639 -0.2282
vn 0.9542 0.2890 -0.0772
vn 0.6310 -0.3483 -0.6932
vn 0.9119 0.4032 0.0771
vn 0.7606 -0.2286 -0.6077
vn 0.8344 0.5017 0.2281
vn 0.7245 0.5811 0.3707
vn -0.3063 0.5450 0.7805
vn 0.5872 0.6379 0.4983
vn -0.4779 0.4562 0.7507
vn 0.9597 0.1639 -0.2283
vn 0.4273 0.6702 0.6068
vn -0.6317 0.3495 0.6920
vn 0.9542 0.2892 -0.0769
vn 0.2508 0.6769 0.6921
vn -0.7608 0.2297 0.6069
vn 0.9120 0.4030 0.0769
vn 0.0648 0.6575 0.7507
vn -0.8613 0.1005 0.4981
vn 0.8345 0.5016 0.2280
vn -0.1231 0.6129 0.7805
vn -0.9282 -0.0318 0.3707
vn -0.9598 -0.1638 0.2280
vn -0.9543 -0.2887 0.0774
vn 0.4271 0.6703 0.6069
vn -0.6318 0.3494 0.6919
vn -0.9118 -0.4033 -0.0774
vn 0.2510 0.6769 0.6920
vn -0.7607 0.2298 0.6071
vn -0.8345 -0.5015 -0.2282
vn -0.8614 0.1004 0.4979
vn -0.1231 0.6130 0.7805
vn -0.9282 -0.0318 0.3706
vn -0.5873 -0.6373 -0.4990
vn -0.9597 -0.1637 0.2283
vn -0.2514 0.6778 -0.6909
vn -0.0423 -0.7209 -0.6918
vn 0.8770 -0.1424 -0.4589
vn 0.1473 -0.6787 -0.7195
vn 0.9402 0.0015 -0.3407
vn 0.3309 -0.6107 -0.7194
vn 0.9670 0.1447 -0.2099
vn 0.5021 -0.5189 -0.6918
vn 0.9566 0.2828 -0.0706
vn 0.6541 -0.4071 -0.6375
vn 0.9096 0.4093 0.0706
vn 0.7804 -0.2804 -0.5590
vn 0.8275 0.5208 0.2098
vn 0.8771 -0.1422 -0.4587
vn 0.7135 0.6121 0.3409
vn -0.3311 0.6105 0.7195
vn 0.5723 0.6798 0.4586
vn -0.5021 0.5189 0.6918
vn 0.9669 0.1445 -0.2101
vn 0.4092 0.7214 0.5588
vn -0.6542 0.4071 0.6374
vn 0.9566 0.2828 -0.0707
vn 0.2301 0.7352 0.6376
vn -0.7803 0.2804 0.5590
vn 0.9096 0.4094 0.0707
vn 0.0423 0.7208 0.6918
vn -0.8775 0.1417 0.4582
vn 0.8274 0.5209 0.2100
vn -0.1470 0.6787 0.7195
vn -0.9401 -0.0012 0.3409
vn 0.7135 0.6122 0.3408
vn -0.3310 0.6106 0.7195
vn -0.9669 -0.1446 0.2100
vn 0.5726 0.6797 0.4584
vn -0.5022 0.5189 0.6918
vn -0.9566 -0.2826 0.0709
vn 0.4088 0.7214 0.5590
vn -0.6540 0.4073 0.6375
vn -0.9095 -0.4096 -0.0708
vn 0.2304 0.7353 0.6374
vn -0.7805 0.2802 0.5589
vn -0.8273 -0.5211 -0.2101
vn -0.8773 0.1419 0.4585
vn -0.7137 -0.6120 -0.3407
vn -0.1471 0.6787 0.7195
vn -0.5725 -0.6797 -0.4585
vn -0.4088 -0.7214 -0.5590
vn -0.9566 -0.2828 0.0707
vn -0.2305 -0.7352 -0.6375
vn -0.9097 -0.4093 -0.0706
vn -0.0423 -0.7208 -0.6918
vn -0.8273 -0.5210 -0.2100
vn -0.7137 -0.6120 -0.3406
vn 0.3310 -0.6107 -0.7194
vn -0.5723 -0.6798 -0.4587
vn 0.5022 -0.5189 -0.6918
vn -0.4090 -0.7214 -0.5589
vn 0.6538 -0.4074 -0.6376
vn 0.7629 0.4775 0.4360
vn 0.8084 0.0399 -0.5873
vn -0.2875 0.4973 0.8186
vn -0.8897 -0.1354 0.4359
vn -0.8897 -0.1354 0.4360
vn -0.1439 -0.4444 -0.8842
vn -0.1438 -0.4441 -0.8844
vn 0.9462 0.3108 -0.0905
vn 0.9462 0.3107 -0.0905
vn -0.9360 -0.2275 0.2686
vn -0.9360 -0.2275 0.2685
vn 0.0410 -0.3907 -0.9196
vn 0.0409 -0.3907 -0.9196
vn 0.9200 0.3814 0.0905
vn 0.9199 0.3815 0.0904
vn -0.6978 0.0605 0.7137
vn -0.6982 0.0603 0.7134
vn -0.9462 -0.3103 0.0911
vn -0.9462 -0.3107 0.0904
vn 0.2237 -0.3229 -0.9196
vn 0.2237 -0.3228 -0.9196
vn 0.8580 0.4379 0.2685
vn 0.9257 0.3650 0.0991
vn -0.9198 -0.3817 -0.0911
vn -0.9200 -0.3814 -0.0905
vn 0.3988 -0.2430 -0.8843
vn 0.3987 -0.2430 -0.8843
vn 0.7628 0.4776 0.4359
vn 0.8577 0.4381 0.2691
vn -0.8581 -0.4375 -0.2687
vn 0.5583 -0.1535 -0.8153
vn 0.5586 -0.1533 -0.8152
vn 0.6381 0.4988 0.5865
vn 0.6386 0.4988 0.5860
vn -0.7632 -0.4765 -0.4364
vn -0.7633 -0.4765 -0.4363
vn 0.4891 0.0012 -0.8722
vn 0.6964 -0.0578 -0.7153
vn -0.0426 0.3955 0.9175
vn -0.0427 0.3955 0.9175
vn 0.4900 0.5009 0.7134
vn 0.4896 0.5009 0.7137
vn -0.6393 -0.4967 -0.5870
vn -0.6389 -0.4968 -0.5873
vn 0.6968 -0.0576 -0.7150
vn 0.8087 0.0403 -0.5869
vn 0.3218 0.4838 0.8139
vn 0.3221 0.4839 0.8137
vn -0.1605 0.1616 0.9737
vn -0.1607 0.1615 0.9737
vn -0.4904 -0.4979 -0.7153
vn -0.4906 -0.4979 -0.7151
vn 0.8894 0.1365 -0.4364
vn 0.8893 0.1365 -0.4364
vn 0.1428 0.4485 0.8823
vn 0.1428 0.4484 0.8823
vn -0.8094 -0.0382 0.5860
vn -0.8091 -0.0380 0.5864
vn -0.3236 -0.4805 -0.8151
vn -0.3231 -0.4803 -0.8154
vn 0.4574 0.5835 0.6710
vn 0.9473 0.1964 -0.2530
vn 0.6349 0.0755 -0.7689
vn 0.8736 0.3885 0.2931
vn 0.7579 0.1478 -0.6354
vn 0.7862 0.3968 0.4738
vn -0.3326 0.0895 0.9388
vn 0.8531 0.2158 -0.4750
vn 0.6680 0.3896 0.6340
vn -0.5594 0.1570 0.8139
vn 0.9150 0.2766 -0.2938
vn 0.5262 0.3677 0.7668
vn -0.4944 0.0131 0.8692
vn 0.9397 0.3269 -0.1000
vn 0.3659 0.3322 0.8693
vn -0.6384 -0.0641 0.7671
vn 0.9256 0.3651 0.1001
vn 0.1938 0.2848 0.9388
vn -0.7608 -0.1404 0.6336
vn 0.8733 0.3886 0.2938
vn 0.0166 0.2272 0.9737
vn -0.8548 -0.2118 0.4739
vn 0.7857 0.3968 0.4746
vn -0.3322 0.0897 0.9389
vn -0.9155 -0.2749 0.2938
vn 0.6674 0.3895 0.6347
vn -0.5597 0.1568 0.8137
vn -0.9398 -0.3270 0.0990
vn 0.5254 0.3675 0.7674
vn -0.4932 0.0137 0.8698
vn -0.9258 -0.3647 -0.0990
vn 0.3651 0.3320 0.8697
vn -0.6380 -0.0640 0.7674
vn -0.8740 -0.3870 -0.2938
vn 0.1932 0.2846 0.9390
vn -0.7600 -0.1399 0.6347
vn -0.7880 -0.3927 -0.4741
vn 0.0163 0.2271 0.9737
vn -0.8544 -0.2115 0.4747
vn -0.6725 -0.3823 -0.6337
vn -0.9155 -0.2748 0.2938
vn -0.5312 -0.3569 -0.7684
vn -0.9398 -0.3268 0.0999
vn -0.3728 -0.3183 -0.8716
vn -0.9257 -0.3649 -0.0999
vn -0.2019 -0.2686 -0.9419
vn -0.8740 -0.3870 -0.2939
vn -0.0236 -0.2092 -0.9776
vn -0.7875 -0.3927 -0.4750
vn 0.1543 -0.1432 -0.9776
vn -0.6711 -0.3822 -0.6353
vn 0.3282 -0.0719 -0.9419
vn -0.5306 -0.3567 -0.7689
vn 0.4899 0.0016 -0.8718
vn -0.3715 -0.3180 -0.8723
vn 0.6359 0.0761 -0.7680
vn -0.2008 -0.2682 -0.9422
vn 0.7588 0.1484 -0.6342
vn -0.0235 -0.2092 -0.9776
vn 0.8535 0.2162 -0.4741
vn 0.1542 -0.1433 -0.9776
vn 0.9152 0.2768 -0.2931
vn 0.3270 -0.0724 -0.9422
vn 0.9398 0.3272 -0.0991
vn -0.2875 -0.5739 -0.7668
vn -0.9502 -0.2998 0.0858
vn -0.4580 0.4115 0.7880
vn 0.9501 0.2997 -0.0860
vn 0.2868 0.5779 0.7640
vn -0.7273 0.1441 0.6710
vn 0.9158 0.3924 0.0859
vn 0.1040 0.5502 0.8285
vn -0.8338 0.0304 0.5512
vn 0.8461 0.4692 0.2528
vn -0.2646 0.4337 0.8613
vn -0.9081 -0.0844 0.4101
vn 0.7436 0.5282 0.4101
vn -0.5943 0.2511 0.7640
vn -0.9474 -0.1960 0.2529
vn 0.6123 0.5667 0.5512
vn -0.4375 0.3494 0.8286
vn -0.9501 -0.3001 0.0851
vn 0.4579 0.5835 0.6707
vn -0.4582 0.4112 0.7880
vn -0.9160 -0.3920 -0.0852
vn 0.2865 0.5779 0.7642
vn -0.8462 -0.4688 -0.2532
vn -0.8341 0.0301 0.5508
vn -0.7439 -0.5270 -0.4108
vn -0.6129 -0.5647 -0.5526
vn -0.5942 0.2512 0.7640
vn -0.9540 -0.1763 0.2425
vn -0.4375 -0.6280 -0.6436
vn -0.9475 -0.1960 0.2528
vn -0.4583 -0.5805 -0.6730
vn -0.9158 -0.3923 -0.0859
vn -0.1055 -0.5455 -0.8314
vn -0.8463 -0.4688 -0.2530
vn 0.0803 -0.4966 -0.8643
vn -0.7439 -0.5270 -0.4109
vn 0.2628 -0.4289 -0.8643
vn -0.6134 -0.5646 -0.5523
vn 0.4358 -0.3448 -0.8314
vn -0.4585 -0.5805 -0.6729
vn 0.5922 -0.2476 -0.7668
vn -0.2874 -0.5739 -0.7669
vn 0.7260 -0.1412 -0.6730
vn -0.1053 -0.5455 -0.8315
vn 0.8332 -0.0281 -0.5523
vn 0.0803 -0.4966 -0.8642
vn 0.9076 0.0855 -0.4110
vn 0.2630 -0.4289 -0.8642
vn 0.9472 0.1961 -0.2536
vn 0.4357 -0.3447 -0.8314
vn 0.9501 0.3001 -0.0853
vn 0.5919 -0.2479 -0.7670
vn 0.9160 0.3920 0.0852
vn 0.7263 -0.1409 -0.6727
vn 0.8458 0.4695 0.2534
vn 0.8329 -0.0285 -0.5527
vn 0.7436 0.5281 0.4100
vn 0.9077 0.0855 -0.4109
vn 0.6127 0.5667 0.5508
vn -0.4375 0.3493 0.8286
vn -0.2783 0.7503 -0.5997
vn -0.9525 -0.2931 0.0823
vn -0.2649 -0.6277 -0.7320
vn -0.9133 -0.3988 -0.0824
vn -0.0817 -0.6035 -0.7931
vn -0.8386 -0.4877 -0.2427
vn 0.1037 -0.5569 -0.8241
vn -0.7311 -0.5572 -0.3938
vn 0.2845 -0.4899 -0.8240
vn -0.5959 -0.6044 -0.5288
vn 0.4556 -0.4043 -0.7931
vn -0.4379 -0.6281 -0.6433
vn 0.6101 -0.3031 -0.7321
vn -0.2653 -0.6277 -0.7319
vn 0.7412 -0.1909 -0.6436
vn -0.0820 -0.6036 -0.7930
vn 0.8456 -0.0698 -0.5292
vn 0.1034 -0.5570 -0.8241
vn 0.9175 0.0541 -0.3940
vn 0.2848 -0.4897 -0.8240
vn 0.9537 0.1765 -0.2436
vn 0.4558 -0.4041 -0.7930
vn 0.9524 0.2935 -0.0819
vn 0.6101 -0.3031 -0.7320
vn 0.9135 0.3986 0.0819
vn 0.7419 -0.1903 -0.6430
vn 0.8378 0.4888 0.2433
vn 0.8456 -0.0700 -0.5292
vn 0.7301 0.5590 0.3930
vn -0.2256 0.3276 0.9175
vn 0.9176 0.0544 -0.3938
vn 0.5941 0.6076 0.5271
vn -0.0823 0.5013 0.8613
vn 0.9538 0.1771 -0.2428
vn 0.4353 0.6327 0.6404
vn -0.6116 0.3099 0.7279
vn 0.9525 0.2932 -0.0824
vn 0.2616 0.6338 0.7279
vn -0.7426 0.1959 0.6404
vn 0.9133 0.3989 0.0824
vn 0.0789 0.6105 0.7880
vn -0.8463 0.0736 0.5276
vn 0.8382 0.4884 0.2425
vn -0.1066 0.5646 0.8185
vn -0.9180 -0.0522 0.3931
vn 0.7304 0.5589 0.3926
vn -0.2255 0.3276 0.9175
vn -0.9540 -0.1761 0.2426
vn 0.5940 0.6076 0.5272
vn -0.0823 0.5014 0.8613
vn -0.9524 -0.2935 0.0819
vn 0.4360 0.6327 0.6400
vn -0.6118 0.3095 0.7279
vn -0.9135 -0.3985 -0.0818
vn 0.2617 0.6336 0.7280
vn -0.7428 0.1957 0.6402
vn -0.8385 -0.4878 -0.2431
vn 0.0793 0.6105 0.7880
vn -0.8468 0.0730 0.5268
vn -0.7310 -0.5572 -0.3940
vn -0.1064 0.5645 0.8185
vn -0.9182 -0.0526 0.3927
vn -0.5952 -0.6045 -0.5294
vn -0.2233 0.3187 0.9212
vn -0.2238 0.3184 0.9211
vn -0.2239 0.3185 0.9211
vn -0.2240 0.3183 0.9211
vn -0.3987 0.2381 0.8856
vn -0.3991 0.2379 0.8855
vn -0.3993 0.2379 0.8854
vn -0.4000 0.2375 0.8852
vn -0.5593 0.1482 0.8156
vn -0.5598 0.1478 0.8154
vn -0.5603 0.1476 0.8150
vn -0.5609 0.1473 0.8147
vn -0.6978 0.0527 0.7143
vn -0.6982 0.0524 0.7140
vn -0.6983 0.0523 0.7139
vn -0.6983 0.0524 0.7139
vn -0.8092 -0.0446 0.5859
vn -0.8089 -0.0444 0.5862
vn -0.8089 -0.0444 0.5863
vn -0.8090 -0.0444 0.5861
vn -0.8894 -0.1402 0.4351
vn -0.8891 -0.1398 0.4358
vn -0.8889 -0.1394 0.4365
vn -0.8885 -0.1389 0.4373
vn -0.9355 -0.2303 0.2680
vn -0.9353 -0.2297 0.2693
vn -0.9351 -0.2291 0.2704
vn -0.9349 -0.2284 0.2718
vn -0.9459 -0.3114 0.0909
vn -0.9460 -0.3110 0.0917
vn -0.9460 -0.3107 0.0925
vn -0.9460 -0.3104 0.0933
vn -0.9202 -0.3807 -0.0912
vn -0.9200 -0.3810 -0.0922
vn -0.9197 -0.3814 -0.0932
vn -0.9194 -0.3818 -0.0945
vn -0.8596 -0.4344 -0.2691
vn -0.8578 -0.4354 -0.2730
vn -0.8562 -0.4363 -0.2767
vn -0.8543 -0.4374 -0.2807
vn -0.7659 -0.4709 -0.4379
vn -0.7616 -0.4720 -0.4441
vn -0.7574 -0.4730 -0.4501
vn -0.7528 -0.4741 -0.4566
vn -0.6428 -0.4885 -0.5901
vn -0.6359 -0.4889 -0.5972
vn -0.6294 -0.4893 -0.6037
vn -0.6223 -0.4896 -0.6108
vn -0.4959 -0.4867 -0.7192
vn -0.4874 -0.4862 -0.7253
vn -0.4791 -0.4856 -0.7312
vn -0.4699 -0.4849 -0.7376
vn -0.3295 -0.4660 -0.8211
vn -0.3214 -0.4648 -0.8251
vn -0.3138 -0.4635 -0.8287
vn -0.3056 -0.4620 -0.8326
vn -0.1506 -0.4277 -0.8913
vn -0.1450 -0.4263 -0.8929
vn -0.1393 -0.4248 -0.8945
vn -0.1332 -0.4234 -0.8961
vn 0.0337 -0.3735 -0.9270
vn 0.0359 -0.3728 -0.9272
vn 0.0378 -0.3721 -0.9274
vn 0.0400 -0.3715 -0.9276
vn 0.2181 -0.3052 -0.9270
vn 0.2159 -0.3060 -0.9272
vn 0.2139 -0.3067 -0.9274
vn 0.2119 -0.3077 -0.9276
vn 0.3930 -0.2261 -0.8913
vn 0.3879 -0.2286 -0.8929
vn 0.3828 -0.2312 -0.8945
vn 0.3772 -0.2340 -0.8961
vn 0.5538 -0.1385 -0.8211
vn 0.5466 -0.1429 -0.8251
vn 0.5398 -0.1469 -0.8289
vn 0.5326 -0.1513 -0.8327
vn 0.6933 -0.0456 -0.7192
vn 0.6866 -0.0507 -0.7253
vn 0.6801 -0.0555 -0.7310
vn 0.6728 -0.0609 -0.7373
vn 0.8058 0.0488 -0.5902
vn 0.8008 0.0440 -0.5973
vn 0.7961 0.0393 -0.6039
vn 0.7908 0.0343 -0.6112
vn 0.8877 0.1424 -0.4378
vn 0.8852 0.1388 -0.4441
vn 0.8827 0.1354 -0.4501
vn 0.8799 0.1316 -0.4566
vn 0.9350 0.2312 -0.2690
vn 0.9343 0.2293 -0.2729
vn 0.9337 0.2275 -0.2766
vn 0.9329 0.2254 -0.2807
vn 0.9459 0.3114 -0.0912
vn 0.9459 0.3110 -0.0923
vn 0.9460 0.3105 -0.0934
vn 0.9460 0.3100 -0.0945
vn 0.9202 0.3808 0.0910
vn 0.9200 0.3810 0.0917
vn 0.9198 0.3813 0.0925
vn 0.9196 0.3816 0.0933
vn 0.8594 0.4354 0.2679
vn 0.8589 0.4357 0.2693
vn 0.8583 0.4360 0.2704
vn 0.8577 0.4364 0.2718
vn 0.7657 0.4736 0.4351
vn 0.7653 0.4738 0.4358
vn 0.7648 0.4739 0.4365
vn 0.7642 0.4741 0.4373
vn 0.6426 0.4939 0.5858
vn 0.6422 0.4939 0.5862
vn 0.6420 0.4939 0.5865
vn 0.6419 0.4939 0.5865
vn 0.4946 0.4950 0.7143
vn 0.4952 0.4950 0.7140
vn 0.4954 0.4951 0.7137
vn 0.4956 0.4951 0.7136
vn 0.3273 0.4771 0.8156
vn 0.3278 0.4771 0.8154
vn 0.3283 0.4772 0.8152
vn 0.3290 0.4773 0.8148
vn 0.1471 0.4406 0.8856
vn 0.1475 0.4407 0.8854
vn 0.1479 0.4408 0.8854
vn 0.1485 0.4409 0.8852
vn -0.0385 0.3871 0.9212
vn -0.0380 0.3874 0.9211
vn -0.0378 0.3874 0.9211
vn -0.4007 0.2469 0.8823
vn -0.0945 -0.0272 0.9952
vn -0.0938 -0.0271 0.9952
vn -0.0936 -0.0269 0.9952
vn -0.0931 -0.0267 0.9953
vn -0.2739 -0.0943 0.9571
vn -0.2731 -0.0940 0.9574
vn -0.2724 -0.0938 0.9576
vn -0.2712 -0.0933 0.9580
vn -0.4436 -0.1583 0.8821
vn -0.4422 -0.1577 0.8829
vn -0.4409 -0.1572 0.8837
vn -0.4398 -0.1568 0.8843
vn -0.5957 -0.2160 0.7736
vn -0.5945 -0.2154 0.7747
vn -0.5927 -0.2149 0.7762
vn -0.5912 -0.2141 0.7776
vn -0.7254 -0.2655 0.6350
vn -0.7241 -0.2649 0.6367
vn -0.7230 -0.2646 0.6382
vn -0.7217 -0.2641 0.6399
vn -0.8272 -0.3046 0.4722
vn -0.8264 -0.3045 0.4737
vn -0.8257 -0.3040 0.4752
vn -0.8249 -0.3039 0.4767
vn -0.8974 -0.3319 0.2908
vn -0.8970 -0.3320 0.2918
vn -0.8968 -0.3317 0.2929
vn -0.8964 -0.3317 0.2940
vn -0.9330 -0.3463 0.0982
vn -0.9329 -0.3462 0.0987
vn -0.9329 -0.3462 0.0991
vn -0.9329 -0.3462 0.0996
vn -0.9328 -0.3468 -0.0983
vn -0.9327 -0.3468 -0.0988
vn -0.9327 -0.3468 -0.0991
vn -0.9326 -0.3468 -0.0996
vn -0.8968 -0.3336 -0.2907
vn -0.8963 -0.3336 -0.2920
vn -0.8960 -0.3333 -0.2933
vn -0.8957 -0.3333 -0.2945
vn -0.8262 -0.3072 -0.4722
vn -0.8252 -0.3070 -0.4741
vn -0.8244 -0.3066 -0.4757
vn -0.8235 -0.3063 -0.4775
vn -0.7241 -0.2688 -0.6352
vn -0.7225 -0.2682 -0.6373
vn -0.7209 -0.2677 -0.6393
vn -0.7194 -0.2672 -0.6412
vn -0.5942 -0.2200 -0.7736
vn -0.5926 -0.2193 -0.7751
vn -0.5904 -0.2186 -0.7769
vn -0.5884 -0.2178 -0.7787
vn -0.4414 -0.1625 -0.8825
vn -0.4397 -0.1619 -0.8834
vn -0.4381 -0.1612 -0.8844
vn -0.4359 -0.1604 -0.8856
vn -0.2724 -0.0992 -0.9571
vn -0.2711 -0.0987 -0.9575
vn -0.2695 -0.0980 -0.9580
vn -0.2683 -0.0975 -0.9584
vn -0.0924 -0.0320 -0.9952
vn -0.0917 -0.0317 -0.9953
vn -0.0914 -0.0315 -0.9953
vn -0.0910 -0.0315 -0.9954
vn 0.0909 0.0361 -0.9952
vn 0.0902 0.0358 -0.9953
vn 0.0897 0.0358 -0.9953
vn 0.0894 0.0355 -0.9954
vn 0.2710 0.1027 -0.9571
vn 0.2698 0.1022 -0.9575
vn 0.2681 0.1016 -0.9580
vn 0.2669 0.1012 -0.9584
vn 0.4404 0.1651 -0.8825
vn 0.4386 0.1644 -0.8835
vn 0.4370 0.1638 -0.8844
vn 0.4349 0.1630 -0.8856
vn 0.5935 0.2212 -0.7738
vn 0.5917 0.2205 -0.7754
vn 0.5898 0.2198 -0.7771
vn 0.5878 0.2191 -0.7788
vn 0.7241 0.2690 -0.6351
vn 0.7227 0.2685 -0.6369
vn 0.7211 0.2679 -0.6389
vn 0.7195 0.2674 -0.6409
vn 0.8264 0.3065 -0.4724
vn 0.8254 0.3062 -0.4743
vn 0.8246 0.3058 -0.4760
vn 0.8236 0.3055 -0.4778
vn 0.8971 0.3326 -0.2907
vn 0.8967 0.3326 -0.2920
vn 0.8964 0.3323 -0.2933
vn 0.8961 0.3322 -0.2945
vn 0.9330 0.3462 -0.0983
vn 0.9330 0.3462 -0.0987
vn 0.9329 0.3461 -0.0995
vn 0.9329 0.3461 -0.0997
vn 0.9328 0.3467 0.0984
vn 0.9327 0.3468 0.0988
vn 0.9327 0.3466 0.0995
vn 0.9327 0.3467 0.0997
vn 0.8966 0.3342 0.2906
vn 0.8962 0.3342 0.2918
vn 0.8959 0.3340 0.2930
vn 0.8956 0.3339 0.2940
vn 0.8256 0.3091 0.4721
vn 0.8247 0.3089 0.4737
vn 0.8241 0.3085 0.4751
vn 0.8231 0.3083 0.4770
vn 0.7228 0.2724 0.6350
vn 0.7217 0.2720 0.6365
vn 0.7204 0.2715 0.6381
vn 0.7191 0.2711 0.6398
vn 0.5924 0.2254 0.7735
vn 0.5910 0.2248 0.7747
vn 0.5895 0.2243 0.7760
vn 0.5878 0.2237 0.7774
vn 0.4393 0.1697 0.8821
vn 0.4378 0.1692 0.8830
vn 0.4365 0.1686 0.8838
vn 0.4354 0.1683 0.8843
vn 0.2690 0.1073 0.9572
vn 0.2683 0.1071 0.9574
vn 0.2676 0.1068 0.9576
vn 0.2664 0.1064 0.9580
vn 0.0894 0.0411 0.9951
vn 0.0887 0.0407 0.9952
vn 0.0884 0.0407 0.9953
vn 0.0879 0.0406 0.9953
vn -0.0944 -0.0264 0.9952
vn -0.0940 -0.0263 0.9952
vn -0.0934 -0.0260 0.9953
vn -0.2746 -0.0939 0.9570
vn -0.2733 -0.0935 0.9574
vn -0.2724 -0.0932 0.9577
vn -0.2715 -0.0927 0.9580
vn -0.4434 -0.1578 0.8823
vn -0.4421 -0.1572 0.8831
vn -0.4410 -0.1567 0.8837
vn -0.4397 -0.1563 0.8844
vn -0.5961 -0.2157 0.7734
vn -0.5946 -0.2152 0.7747
vn -0.5927 -0.2145 0.7763
vn -0.5914 -0.2139 0.7775
vn -0.7253 -0.2652 0.6353
vn -0.7232 -0.2645 0.6379
vn -0.7218 -0.2640 0.6398
vn -0.8271 -0.3047 0.4723
vn -0.8264 -0.3044 0.4737
vn -0.8256 -0.3041 0.4753
vn -0.8247 -0.3038 0.4770
vn -0.8973 -0.3322 0.2906
vn -0.8966 -0.3320 0.2931
vn -0.8964 -0.3318 0.2940
vn -0.9328 -0.3466 0.0983
vn -0.9328 -0.3465 0.0990
vn -0.9328 -0.3466 0.0991
vn -0.9328 -0.3465 0.0993
vn -0.9326 -0.3473 -0.0984
vn -0.9325 -0.3472 -0.0990
vn -0.9325 -0.3473 -0.0991
vn -0.9325 -0.3472 -0.0993
vn -0.8965 -0.3342 -0.2907
vn -0.8962 -0.3341 -0.2920
vn -0.8957 -0.3341 -0.2934
vn -0.8954 -0.3338 -0.2947
vn -0.8260 -0.3080 -0.4721
vn -0.8250 -0.3076 -0.4741
vn -0.8241 -0.3072 -0.4760
vn -0.8231 -0.3070 -0.4778
vn -0.7234 -0.2695 -0.6357
vn -0.7221 -0.2691 -0.6373
vn -0.7209 -0.2685 -0.6389
vn -0.7193 -0.2680 -0.6409
vn -0.5940 -0.2207 -0.7736
vn -0.5919 -0.2201 -0.7754
vn -0.5898 -0.2192 -0.7773
vn -0.5880 -0.2186 -0.7788
vn -0.4413 -0.1633 -0.8823
vn -0.4394 -0.1627 -0.8834
vn -0.4376 -0.1619 -0.8845
vn -0.4355 -0.1613 -0.8856
vn -0.2717 -0.0998 -0.9572
vn -0.2705 -0.0993 -0.9576
vn -0.2692 -0.0988 -0.9580
vn -0.2678 -0.0984 -0.9584
vn -0.0920 -0.0327 -0.9952
vn -0.0918 -0.0325 -0.9952
vn -0.0913 -0.0325 -0.9953
vn -0.0911 -0.0323 -0.9953
vn 0.0911 0.0354 -0.9952
vn 0.0907 0.0353 -0.9952
vn 0.0903 0.0351 -0.9953
vn 0.0900 0.0351 -0.9953
vn 0.2708 0.1021 -0.9572
vn 0.2697 0.1016 -0.9576
vn 0.2683 0.1011 -0.9580
vn 0.2670 0.1006 -0.9584
vn 0.4408 0.1648 -0.8823
vn 0.4389 0.1640 -0.8834
vn 0.4370 0.1634 -0.8845
vn 0.4352 0.1626 -0.8855
vn 0.5937 0.2210 -0.7737
vn 0.5916 0.2202 -0.7756
vn 0.5896 0.2195 -0.7773
vn 0.5877 0.2187 -0.7789
vn 0.7238 0.2688 -0.6355
vn 0.7227 0.2684 -0.6370
vn 0.7212 0.2679 -0.6389
vn 0.7197 0.2673 -0.6407
vn 0.8264 0.3067 -0.4721
vn 0.8255 0.3064 -0.4740
vn 0.8246 0.3060 -0.4759
vn 0.8237 0.3057 -0.4776
vn 0.8970 0.3329 -0.2908
vn 0.8966 0.3328 -0.2921
vn 0.8963 0.3326 -0.2933
vn 0.8958 0.3325 -0.2949
vn 0.9328 0.3466 -0.0986
vn 0.9328 0.3466 -0.0991
vn 0.9327 0.3466 -0.0995
vn 0.9327 0.3465 -0.0996
vn 0.9326 0.3473 0.0986
vn 0.9325 0.3473 0.0990
vn 0.9325 0.3473 0.0995
vn 0.9325 0.3472 0.0995
vn 0.8963 0.3350 0.2907
vn 0.8959 0.3348 0.2919
vn 0.8956 0.3347 0.2930
vn 0.8952 0.3345 0.2944
vn 0.8253 0.3100 0.4721
vn 0.8245 0.3097 0.4736
vn 0.8238 0.3094 0.4751
vn 0.8229 0.3091 0.4767
vn 0.7225 0.2732 0.6351
vn 0.7215 0.2729 0.6364
vn 0.7203 0.2724 0.6380
vn 0.7190 0.2720 0.6396
vn 0.5917 0.2261 0.7738
vn 0.5903 0.2255 0.7751
vn 0.5888 0.2250 0.7763
vn 0.5873 0.2245 0.7776
vn 0.4390 0.1706 0.8821
vn 0.4377 0.1700 0.8829
vn 0.4363 0.1696 0.8837
vn 0.4352 0.1692 0.8843
vn 0.2689 0.1082 0.9571
vn 0.2680 0.1079 0.9574
vn 0.2670 0.1075 0.9577
vn 0.2661 0.1072 0.9580
vn 0.0891 0.0418 0.9951
vn 0.0887 0.0417 0.9952
vn 0.0884 0.0415 0.9952
vn 0.0876 0.0414 0.9953
vn -0.2233 0.3186 0.9212
vn -0.2238 0.3185 0.9211
vn -0.2244 0.3181 0.9211
vn -0.4007 0.2371 0.8850
vn -0.4010 0.2370 0.8849
vn -0.4014 0.2368 0.8848
vn -0.5611 0.1471 0.8146
vn -0.5614 0.1468 0.8144
vn -0.5621 0.1465 0.8140
vn -0.5628 0.1460 0.8136
vn -0.6989 0.0519 0.7133
vn -0.6992 0.0516 0.7130
vn -0.6994 0.0516 0.7129
vn -0.6998 0.0512 0.7125
vn -0.8104 -0.0458 0.5840
vn -0.8103 -0.0458 0.5842
vn -0.8102 -0.0456 0.5844
vn -0.8098 -0.0452 0.5850
vn -0.8900 -0.1411 0.4336
vn -0.8895 -0.1403 0.4349
vn -0.9356 -0.2306 0.2675
vn -0.9354 -0.2300 0.2687
vn -0.9352 -0.2295 0.2697
vn -0.9349 -0.2287 0.2713
vn -0.9459 -0.3118 0.0899
vn -0.9459 -0.3114 0.0908
vn -0.9460 -0.3111 0.0916
vn -0.9460 -0.3107 0.0926
vn -0.9205 -0.3803 -0.0901
vn -0.9202 -0.3807 -0.0913
vn -0.9199 -0.3811 -0.0926
vn -0.9195 -0.3816 -0.0940
vn -0.8597 -0.4343 -0.2687
vn -0.8560 -0.4365 -0.2770
vn -0.8538 -0.4377 -0.2818
vn -0.7668 -0.4707 -0.4365
vn -0.7617 -0.4720 -0.4440
vn -0.7567 -0.4732 -0.4511
vn -0.7515 -0.4743 -0.4585
vn -0.6446 -0.4884 -0.5883
vn -0.6364 -0.4889 -0.5967
vn -0.6285 -0.4893 -0.6046
vn -0.6197 -0.4897 -0.6133
vn -0.4973 -0.4868 -0.7182
vn -0.4873 -0.4862 -0.7254
vn -0.4776 -0.4854 -0.7323
vn -0.4670 -0.4847 -0.7396
vn -0.3312 -0.4663 -0.8203
vn -0.3217 -0.4648 -0.8249
vn -0.3128 -0.4632 -0.8292
vn -0.3029 -0.4616 -0.8338
vn -0.1517 -0.4280 -0.8910
vn -0.1445 -0.4262 -0.8930
vn -0.1384 -0.4246 -0.8948
vn -0.1317 -0.4229 -0.8965
vn 0.0334 -0.3736 -0.9270
vn 0.0357 -0.3729 -0.9272
vn 0.0382 -0.3721 -0.9274
vn 0.0408 -0.3711 -0.9277
vn 0.2183 -0.3049 -0.9270
vn 0.2161 -0.3059 -0.9272
vn 0.2137 -0.3070 -0.9274
vn 0.2110 -0.3080 -0.9277
vn 0.3941 -0.2255 -0.8910
vn 0.3875 -0.2289 -0.8930
vn 0.3818 -0.2317 -0.8947
vn 0.3756 -0.2348 -0.8966
vn 0.5550 -0.1377 -0.8204
vn 0.5471 -0.1426 -0.8249
vn 0.5392 -0.1472 -0.8292
vn 0.5307 -0.1524 -0.8338
vn 0.6945 -0.0447 -0.7181
vn 0.6865 -0.0509 -0.7254
vn 0.6785 -0.0566 -0.7324
vn 0.6701 -0.0629 -0.7396
vn 0.8069 0.0498 -0.5886
vn 0.8010 0.0441 -0.5970
vn 0.7956 0.0389 -0.6046
vn 0.7895 0.0331 -0.6129
vn 0.8882 0.1432 -0.4366
vn 0.8853 0.1390 -0.4438
vn 0.8822 0.1348 -0.4511
vn 0.8789 0.1303 -0.4588
vn 0.9351 0.2317 -0.2681
vn 0.9344 0.2294 -0.2727
vn 0.9336 0.2273 -0.2770
vn 0.9327 0.2248 -0.2821
vn 0.9458 0.3118 -0.0902
vn 0.9459 0.3113 -0.0914
vn 0.9459 0.3108 -0.0926
vn 0.9460 0.3102 -0.0941
vn 0.9204 0.3804 0.0900
vn 0.9202 0.3807 0.0910
vn 0.9198 0.3813 0.0928
vn 0.8599 0.4351 0.2668
vn 0.8593 0.4355 0.2683
vn 0.8587 0.4359 0.2697
vn 0.8578 0.4364 0.2716
vn 0.7668 0.4734 0.4335
vn 0.7659 0.4737 0.4348
vn 0.7651 0.4738 0.4361
vn 0.7647 0.4740 0.4365
vn 0.6439 0.4938 0.5845
vn 0.6441 0.4937 0.5843
vn 0.6442 0.4937 0.5842
vn 0.6438 0.4938 0.5846
vn 0.4963 0.4951 0.7131
vn 0.4965 0.4950 0.7131
vn 0.4966 0.4952 0.7129
vn 0.4971 0.4951 0.7125
vn 0.3293 0.4774 0.8146
vn 0.3299 0.4774 0.8144
vn 0.3307 0.4776 0.8140
vn 0.3315 0.4777 0.8136
vn 0.1484 0.4409 0.8852
vn 0.1492 0.4410 0.8850
vn 0.1495 0.4412 0.8849
vn 0.1499 0.4412 0.8848
vn -0.0384 0.3873 0.9212
vn -0.0384 0.3872 0.9212
vn -0.0374 0.3875 0.9211
vn -0.4007 0.2468 0.8823
vn -0.2460 0.3795 0.8919
vn -0.2459 0.3794 0.8920
vn -0.2457 0.3795 0.8920
vn -0.2455 0.3796 0.8920
vn -0.4210 0.2962 0.8573
vn -0.4204 0.2963 0.8576
vn -0.4203 0.2965 0.8576
vn -0.4201 0.2966 0.8576
vn -0.5795 0.2016 0.7897
vn -0.5794 0.2015 0.7897
vn -0.5790 0.2019 0.7900
vn -0.5787 0.2021 0.7901
vn -0.7156 0.0993 0.6914
vn -0.7149 0.0997 0.6921
vn -0.7147 0.0998 0.6923
vn -0.7142 0.1002 0.6927
vn -0.8234 -0.0064 0.5674
vn -0.8230 -0.0061 0.5680
vn -0.8227 -0.0055 0.5685
vn -0.8225 -0.0054 0.5688
vn -0.8999 -0.1118 0.4216
vn -0.8997 -0.1116 0.4220
vn -0.8996 -0.1112 0.4224
vn -0.8994 -0.1108 0.4229
vn -0.9420 -0.2129 0.2595
vn -0.9419 -0.2127 0.2600
vn -0.9419 -0.2124 0.2603
vn -0.9418 -0.2121 0.2609
vn -0.9481 -0.3057 0.0875
vn -0.9481 -0.3056 0.0877
vn -0.9481 -0.3055 0.0879
vn -0.9481 -0.3054 0.0881
vn -0.9181 -0.3865 -0.0876
vn -0.9181 -0.3866 -0.0878
vn -0.9180 -0.3867 -0.0881
vn -0.9180 -0.3867 -0.0883
vn -0.8527 -0.4528 -0.2606
vn -0.8524 -0.4530 -0.2613
vn -0.8521 -0.4532 -0.2619
vn -0.8518 -0.4534 -0.2625
vn -0.7545 -0.5013 -0.4236
vn -0.7538 -0.5016 -0.4245
vn -0.7531 -0.5018 -0.4256
vn -0.7523 -0.5021 -0.4265
vn -0.6269 -0.5304 -0.5706
vn -0.6258 -0.5305 -0.5717
vn -0.6248 -0.5307 -0.5727
vn -0.6238 -0.5308 -0.5737
vn -0.4756 -0.5388 -0.6954
vn -0.4740 -0.5388 -0.6964
vn -0.4731 -0.5387 -0.6971
vn -0.4715 -0.5388 -0.6981
vn -0.3068 -0.5264 -0.7929
vn -0.3055 -0.5265 -0.7934
vn -0.3041 -0.5262 -0.7941
vn -0.3030 -0.5261 -0.7946
vn -0.1255 -0.4940 -0.8603
vn -0.1249 -0.4940 -0.8605
vn -0.1239 -0.4936 -0.8608
vn -0.1227 -0.4934 -0.8611
vn 0.0602 -0.4429 -0.8946
vn 0.0608 -0.4426 -0.8946
vn 0.0610 -0.4425 -0.8947
vn 0.0611 -0.4426 -0.8946
vn 0.2431 -0.3751 -0.8946
vn 0.2425 -0.3752 -0.8947
vn 0.2422 -0.3753 -0.8947
vn 0.2422 -0.3754 -0.8947
vn 0.4173 -0.2927 -0.8603
vn 0.4168 -0.2931 -0.8604
vn 0.4159 -0.2934 -0.8608
vn 0.4149 -0.2941 -0.8611
vn 0.5760 -0.1990 -0.7928
vn 0.5749 -0.2000 -0.7934
vn 0.5737 -0.2006 -0.7941
vn 0.5727 -0.2013 -0.7947
vn 0.7118 -0.0985 -0.6955
vn 0.7107 -0.0994 -0.6964
vn 0.7100 -0.1000 -0.6971
vn 0.7088 -0.1010 -0.6981
vn 0.8215 0.0070 -0.5702
vn 0.8207 0.0062 -0.5713
vn 0.8199 0.0053 -0.5724
vn 0.8194 0.0046 -0.5733
vn 0.8989 0.1119 -0.4235
vn 0.8986 0.1113 -0.4245
vn 0.8982 0.1107 -0.4255
vn 0.8977 0.1099 -0.4266
vn 0.9416 0.2125 -0.2611
vn 0.9415 0.2121 -0.2618
vn 0.9414 0.2117 -0.2624
vn 0.9414 0.2114 -0.2630
vn 0.9481 0.3057 -0.0876
vn 0.9481 0.3055 -0.0878
vn 0.9481 0.3055 -0.0881
vn 0.9481 0.3053 -0.0883
vn 0.9181 0.3865 0.0875
vn 0.9181 0.3865 0.0877
vn 0.9180 0.3867 0.0879
vn 0.9180 0.3867 0.0880
vn 0.8527 0.4531 0.2600
vn 0.8525 0.4532 0.2605
vn 0.8523 0.4534 0.2609
vn 0.8520 0.4535 0.2615
vn 0.7552 0.5020 0.4216
vn 0.7548 0.5021 0.4221
vn 0.7546 0.5022 0.4224
vn 0.7541 0.5024 0.4229
vn 0.6288 0.5320 0.5671
vn 0.6284 0.5320 0.5675
vn 0.6277 0.5321 0.5682
vn 0.6275 0.5322 0.5684
vn 0.4775 0.5418 0.6917
vn 0.4770 0.5417 0.6921
vn 0.4768 0.5417 0.6922
vn 0.4761 0.5418 0.6926
vn 0.3081 0.5308 0.7895
vn 0.3079 0.5306 0.7898
vn 0.3073 0.5306 0.7899
vn 0.3069 0.5306 0.7901
vn 0.1261 0.4991 0.8573
vn 0.1255 0.4989 0.8575
vn 0.1252 0.4989 0.8576
vn 0.1250 0.4988 0.8577
vn -0.0610 0.4481 0.8919
vn -0.0611 0.4479 0.8920
vn -0.0613 0.4479 0.8920
vn -0.0615 0.4478 0.8920
vn -0.2458 0.3794 0.8920
vn -0.2454 0.3796 0.8920
vn -0.4205 0.2964 0.8575
vn -0.4203 0.2965 0.8575
vn -0.4200 0.2967 0.8577
vn -0.5796 0.2015 0.7896
vn -0.5790 0.2019 0.7899
vn -0.7154 0.0994 0.6916
vn -0.7148 0.0998 0.6922
vn -0.7143 0.1002 0.6926
vn -0.8237 -0.0067 0.5670
vn -0.8233 -0.0064 0.5676
vn -0.8229 -0.0058 0.5681
vn -0.8227 -0.0057 0.5684
vn -0.8997 -0.1115 0.4221
vn -0.8993 -0.1108 0.4230
vn -0.9419 -0.2126 0.2599
vn -0.9419 -0.2124 0.2604
vn -0.9418 -0.2121 0.2608
vn -0.9482 -0.3053 0.0882
vn -0.9482 -0.3053 0.0883
vn -0.9482 -0.3052 0.0884
vn -0.9482 -0.3051 0.0887
vn -0.9179 -0.3868 -0.0883
vn -0.9179 -0.3869 -0.0885
vn -0.9178 -0.3869 -0.0888
vn -0.9178 -0.3870 -0.0889
vn -0.8527 -0.4527 -0.2605
vn -0.8524 -0.4529 -0.2613
vn -0.8521 -0.4532 -0.2618
vn -0.7538 -0.5016 -0.4246
vn -0.7531 -0.5018 -0.4255
vn -0.7523 -0.5021 -0.4266
vn -0.6274 -0.5304 -0.5701
vn -0.6262 -0.5305 -0.5714
vn -0.6251 -0.5306 -0.5724
vn -0.6242 -0.5308 -0.5733
vn -0.4754 -0.5388 -0.6955
vn -0.4741 -0.5388 -0.6964
vn -0.4731 -0.5388 -0.6970
vn -0.4716 -0.5388 -0.6980
vn -0.3069 -0.5264 -0.7929
vn -0.3054 -0.5265 -0.7934
vn -0.3029 -0.5261 -0.7947
vn -0.1256 -0.4940 -0.8603
vn -0.1250 -0.4940 -0.8604
vn -0.1240 -0.4936 -0.8608
vn -0.1226 -0.4934 -0.8611
vn 0.0602 -0.4428 -0.8946
vn 0.0610 -0.4424 -0.8947
vn 0.0611 -0.4425 -0.8947
vn 0.2432 -0.3750 -0.8946
vn 0.2426 -0.3752 -0.8946
vn 0.2423 -0.3752 -0.8947
vn 0.4169 -0.2930 -0.8604
vn 0.4148 -0.2940 -0.8611
vn 0.5757 -0.1992 -0.7930
vn 0.5746 -0.2002 -0.7936
vn 0.5734 -0.2008 -0.7943
vn 0.5724 -0.2015 -0.7948
vn 0.7121 -0.0983 -0.6952
vn 0.7110 -0.0991 -0.6961
vn 0.7103 -0.0998 -0.6968
vn 0.7091 -0.1007 -0.6978
vn 0.8212 0.0067 -0.5706
vn 0.8205 0.0059 -0.5717
vn 0.8197 0.0050 -0.5728
vn 0.8191 0.0043 -0.5737
vn 0.8989 0.1119 -0.4236
vn 0.8985 0.1112 -0.4246
vn 0.9417 0.2128 -0.2605
vn 0.9416 0.2124 -0.2612
vn 0.9414 0.2117 -0.2625
vn 0.9482 0.3054 -0.0879
vn 0.9482 0.3052 -0.0885
vn 0.9482 0.3051 -0.0887
vn 0.9482 0.3050 -0.0889
vn 0.9181 0.3866 0.0878
vn 0.9179 0.3868 0.0884
vn 0.9178 0.3870 0.0885
vn 0.9178 0.3870 0.0888
vn 0.8530 0.4529 0.2595
vn 0.8528 0.4530 0.2599
vn 0.8526 0.4531 0.2603
vn 0.8524 0.4533 0.2608
vn 0.7551 0.5020 0.4216
vn 0.7545 0.5023 0.4225
vn 0.7541 0.5024 0.4230
vn 0.6284 0.5321 0.5675
vn 0.6280 0.5321 0.5680
vn 0.6273 0.5322 0.5685
vn 0.6271 0.5322 0.5688
vn 0.4780 0.5418 0.6914
vn 0.4774 0.5417 0.6918
vn 0.4772 0.5418 0.6919
vn 0.4765 0.5418 0.6924
vn 0.3077 0.5307 0.7897
vn 0.3075 0.5305 0.7899
vn 0.3069 0.5305 0.7901
vn 0.3066 0.5305 0.7903
vn 0.1256 0.4989 0.8575
vn 0.1254 0.4989 0.8575
vn -0.0609 0.4481 0.8919
vn -0.0610 0.4479 0.8920
vn -0.0612 0.4479 0.8920
vn -0.2553 0.4111 0.8751
vn -0.2554 0.4110 0.8751
vn -0.4278 0.3281 0.8422
vn -0.4277 0.3282 0.8423
vn -0.5838 0.2330 0.7778
vn -0.5837 0.2331 0.7778
vn -0.7188 0.1282 0.6833
vn -0.7193 0.1280 0.6829
vn -0.8270 0.0181 0.5619
vn -0.8269 0.0182 0.5621
vn -0.9038 -0.0939 0.4176
vn -0.9036 -0.0936 0.4180
vn -0.9451 -0.2022 0.2569
vn -0.9450 -0.2019 0.2573
vn -0.9493 -0.3023 0.0863
vn -0.9493 -0.3022 0.0866
vn -0.9170 -0.3896 -0.0860
vn -0.9169 -0.3898 -0.0864
vn -0.8498 -0.4615 -0.2548
vn -0.8491 -0.4620 -0.2561
vn -0.7507 -0.5153 -0.4135
vn -0.7491 -0.5159 -0.4156
vn -0.6229 -0.5493 -0.5570
vn -0.6205 -0.5497 -0.5593
vn -0.4713 -0.5623 -0.6795
vn -0.4686 -0.5622 -0.6815
vn -0.3010 -0.5535 -0.7766
vn -0.2978 -0.5531 -0.7781
vn -0.1181 -0.5232 -0.8440
vn -0.1162 -0.5229 -0.8444
vn 0.0697 -0.4728 -0.8784
vn 0.0704 -0.4726 -0.8784
vn 0.2553 -0.4040 -0.8784
vn 0.2548 -0.4042 -0.8785
vn 0.4307 -0.3196 -0.8440
vn 0.4291 -0.3207 -0.8444
vn 0.5893 -0.2232 -0.7765
vn 0.5867 -0.2250 -0.7780
vn 0.7237 -0.1191 -0.6798
vn 0.7216 -0.1210 -0.6817
vn 0.8307 -0.0099 -0.5566
vn 0.8291 -0.0118 -0.5589
vn 0.9051 0.0988 -0.4135
vn 0.9043 0.0973 -0.4156
vn 0.9451 0.2039 -0.2554
vn 0.9449 0.2030 -0.2567
vn 0.9492 0.3026 -0.0860
vn 0.9493 0.3023 -0.0864
vn 0.9168 0.3898 0.0863
vn 0.9167 0.3900 0.0866
vn 0.8481 0.4632 0.2574
vn 0.8478 0.4634 0.2579
vn 0.7464 0.5181 0.4177
vn 0.7460 0.5183 0.4181
vn 0.6156 0.5529 0.5615
vn 0.6154 0.5529 0.5617
vn 0.4612 0.5660 0.6833
vn 0.4615 0.5660 0.6831
vn 0.2908 0.5573 0.7777
vn 0.2908 0.5574 0.7777
vn 0.1103 0.5278 0.8422
vn 0.1103 0.5277 0.8422
vn -0.0746 0.4782 0.8751
vn -0.0745 0.4781 0.8751
vn -0.4277 0.3282 0.8422
vn -0.5838 0.2329 0.7778
vn -0.5839 0.2329 0.7777
vn -0.7187 0.1283 0.6833
vn -0.7190 0.1282 0.6831
vn -0.8272 0.0178 0.5616
vn -0.8271 0.0179 0.5618
vn -0.9037 -0.0939 0.4177
vn -0.9451 -0.2022 0.2568
vn -0.9493 -0.3020 0.0870
vn -0.9494 -0.3018 0.0872
vn -0.9168 -0.3899 -0.0867
vn -0.9166 -0.3901 -0.0870
vn -0.8498 -0.4615 -0.2547
vn -0.7506 -0.5153 -0.4135
vn -0.7490 -0.5159 -0.4157
vn -0.6233 -0.5492 -0.5567
vn -0.6209 -0.5497 -0.5589
vn -0.4711 -0.5622 -0.6797
vn -0.4682 -0.5622 -0.6817
vn -0.3012 -0.5535 -0.7765
vn -0.2980 -0.5531 -0.7780
vn -0.1162 -0.5229 -0.8445
vn 0.0704 -0.4727 -0.8784
vn 0.2555 -0.4039 -0.8784
vn 0.4290 -0.3206 -0.8445
vn 0.5890 -0.2234 -0.7767
vn 0.5864 -0.2252 -0.7781
vn 0.7241 -0.1188 -0.6794
vn 0.7218 -0.1207 -0.6815
vn 0.8304 -0.0102 -0.5570
vn 0.8289 -0.0121 -0.5593
vn 0.9051 0.0988 -0.4136
vn 0.9452 0.2042 -0.2547
vn 0.9450 0.2034 -0.2562
vn 0.9492 0.3025 -0.0863
vn 0.9493 0.3024 -0.0863
vn 0.9167 0.3900 0.0865
vn 0.9168 0.3900 0.0865
vn 0.8483 0.4630 0.2569
vn 0.8481 0.4631 0.2573
vn 0.7461 0.5183 0.4180
vn 0.6152 0.5530 0.5619
vn 0.6149 0.5530 0.5622
vn 0.4616 0.5660 0.6830
vn 0.4619 0.5660 0.6828
vn 0.2904 0.5573 0.7779
vn 0.2905 0.5574 0.7778
vn 0.1104 0.5277 0.8422
vn -0.0745 0.4782 0.8751
vn -0.2873 0.4975 0.8185
vn -0.1537 0.1395 0.9782
vn -0.1542 0.1392 0.9782
vn -0.1544 0.1393 0.9781
vn -0.1546 0.1392 0.9781
vn -0.3284 0.0676 0.9421
vn -0.3291 0.0672 0.9419
vn -0.3303 0.0668 0.9415
vn -0.3309 0.0664 0.9413
vn -0.4921 -0.0073 0.8705
vn -0.4931 -0.0078 0.8700
vn -0.4940 -0.0081 0.8694
vn -0.4950 -0.0088 0.8688
vn -0.6374 -0.0819 0.7662
vn -0.6385 -0.0826 0.7652
vn -0.6394 -0.0829 0.7644
vn -0.6403 -0.0835 0.7635
vn -0.7596 -0.1540 0.6319
vn -0.7605 -0.1546 0.6306
vn -0.7614 -0.1552 0.6294
vn -0.7624 -0.1558 0.6281
vn -0.8538 -0.2211 0.4713
vn -0.8544 -0.2215 0.4701
vn -0.8549 -0.2220 0.4689
vn -0.8555 -0.2225 0.4676
vn -0.9147 -0.2800 0.2914
vn -0.9150 -0.2803 0.2903
vn -0.9152 -0.2805 0.2895
vn -0.9154 -0.2807 0.2886
vn -0.9394 -0.3283 0.0983
vn -0.9394 -0.3284 0.0980
vn -0.9395 -0.3285 0.0974
vn -0.9395 -0.3286 0.0972
vn -0.9263 -0.3638 -0.0985
vn -0.9263 -0.3637 -0.0981
vn -0.9264 -0.3637 -0.0975
vn -0.9265 -0.3635 -0.0972
vn -0.8756 -0.3849 -0.2917
vn -0.8761 -0.3848 -0.2906
vn -0.8764 -0.3848 -0.2895
vn -0.8769 -0.3847 -0.2883
vn -0.7900 -0.3909 -0.4723
vn -0.7910 -0.3909 -0.4707
vn -0.7919 -0.3909 -0.4691
vn -0.7927 -0.3909 -0.4678
vn -0.6736 -0.3815 -0.6331
vn -0.6751 -0.3817 -0.6313
vn -0.6765 -0.3819 -0.6297
vn -0.6781 -0.3820 -0.6279
vn -0.5325 -0.3576 -0.7672
vn -0.5344 -0.3580 -0.7657
vn -0.5360 -0.3583 -0.7644
vn -0.5377 -0.3586 -0.7631
vn -0.3731 -0.3206 -0.8706
vn -0.3749 -0.3211 -0.8697
vn -0.3764 -0.3215 -0.8689
vn -0.3782 -0.3219 -0.8680
vn -0.2008 -0.2719 -0.9411
vn -0.2018 -0.2721 -0.9408
vn -0.2031 -0.2726 -0.9404
vn -0.2048 -0.2731 -0.9400
vn -0.0226 -0.2134 -0.9767
vn -0.0232 -0.2136 -0.9766
vn -0.0234 -0.2137 -0.9766
vn -0.0235 -0.2138 -0.9766
vn 0.1562 -0.1471 -0.9767
vn 0.1568 -0.1469 -0.9766
vn 0.1571 -0.1468 -0.9766
vn 0.3295 -0.0752 -0.9411
vn 0.3305 -0.0747 -0.9408
vn 0.3318 -0.0742 -0.9404
vn 0.3333 -0.0735 -0.9400
vn 0.4920 0.0002 -0.8706
vn 0.4936 0.0010 -0.8697
vn 0.4949 0.0017 -0.8689
vn 0.4967 0.0026 -0.8679
vn 0.6369 0.0761 -0.7672
vn 0.6386 0.0770 -0.7657
vn 0.6401 0.0779 -0.7643
vn 0.6414 0.0787 -0.7631
vn 0.7598 0.1502 -0.6326
vn 0.7610 0.1510 -0.6309
vn 0.7622 0.1518 -0.6293
vn 0.7635 0.1527 -0.6275
vn 0.8536 0.2188 -0.4727
vn 0.8546 0.2195 -0.4706
vn 0.8552 0.2201 -0.4692
vn 0.8559 0.2206 -0.4676
vn 0.9148 0.2791 -0.2920
vn 0.9150 0.2793 -0.2913
vn 0.9152 0.2796 -0.2902
vn 0.9155 0.2799 -0.2891
vn 0.9395 0.3282 -0.0984
vn 0.9395 0.3283 -0.0980
vn 0.9395 0.3284 -0.0976
vn 0.9395 0.3285 -0.0972
vn 0.9263 0.3637 0.0983
vn 0.9264 0.3636 0.0979
vn 0.9265 0.3635 0.0975
vn 0.9265 0.3635 0.0973
vn 0.8759 0.3843 0.2917
vn 0.8762 0.3842 0.2911
vn 0.8765 0.3842 0.2902
vn 0.8768 0.3841 0.2892
vn 0.7913 0.3892 0.4715
vn 0.7923 0.3892 0.4700
vn 0.7929 0.3892 0.4689
vn 0.7937 0.3892 0.4675
vn 0.6767 0.3787 0.6314
vn 0.6778 0.3788 0.6302
vn 0.6789 0.3790 0.6289
vn 0.6800 0.3791 0.6276
vn 0.5366 0.3535 0.7662
vn 0.5379 0.3538 0.7652
vn 0.5388 0.3540 0.7644
vn 0.5399 0.3542 0.7636
vn 0.3779 0.3153 0.8705
vn 0.3789 0.3156 0.8700
vn 0.3797 0.3160 0.8695
vn 0.3811 0.3161 0.8688
vn 0.2050 0.2654 0.9421
vn 0.2057 0.2656 0.9419
vn 0.2069 0.2660 0.9415
vn 0.2075 0.2661 0.9413
vn 0.0255 0.2060 0.9782
vn 0.0261 0.2061 0.9782
vn 0.0262 0.2062 0.9782
vn 0.0263 0.2063 0.9781
vn -0.1544 0.1392 0.9782
vn -0.3285 0.0676 0.9421
vn -0.3292 0.0672 0.9419
vn -0.4918 -0.0072 0.8707
vn -0.4928 -0.0076 0.8701
vn -0.4938 -0.0079 0.8696
vn -0.4947 -0.0087 0.8690
vn -0.6377 -0.0821 0.7659
vn -0.6388 -0.0827 0.7649
vn -0.6396 -0.0831 0.7642
vn -0.6406 -0.0837 0.7633
vn -0.7605 -0.1546 0.6307
vn -0.7615 -0.1552 0.6293
vn -0.8544 -0.2216 0.4700
vn -0.8549 -0.2220 0.4688
vn -0.9147 -0.2800 0.2913
vn -0.9154 -0.2807 0.2885
vn -0.9395 -0.3284 0.0978
vn -0.9395 -0.3285 0.0976
vn -0.9263 -0.3638 -0.0984
vn -0.9263 -0.3637 -0.0980
vn -0.9264 -0.3636 -0.0977
vn -0.9265 -0.3636 -0.0972
vn -0.8761 -0.3848 -0.2905
vn -0.7919 -0.3909 -0.4692
vn -0.7927 -0.3909 -0.4677
vn -0.6750 -0.3817 -0.6314
vn -0.5328 -0.3576 -0.7669
vn -0.5348 -0.3581 -0.7654
vn -0.5364 -0.3584 -0.7641
vn -0.5380 -0.3587 -0.7628
vn -0.3729 -0.3205 -0.8708
vn -0.3745 -0.3210 -0.8699
vn -0.3761 -0.3214 -0.8691
vn -0.3779 -0.3218 -0.8681
vn -0.2019 -0.2722 -0.9408
vn -0.2047 -0.2731 -0.9400
vn -0.0232 -0.2137 -0.9766
vn 0.1572 -0.1468 -0.9766
vn 0.3296 -0.0752 -0.9411
vn 0.3317 -0.0742 -0.9405
vn 0.3332 -0.0735 -0.9400
vn 0.4919 0.0002 -0.8706
vn 0.4950 0.0017 -0.8689
vn 0.4966 0.0026 -0.8680
vn 0.6368 0.0761 -0.7672
vn 0.6401 0.0779 -0.7644
vn 0.6415 0.0787 -0.7631
vn 0.7599 0.1503 -0.6325
vn 0.7611 0.1510 -0.6309
vn 0.7622 0.1518 -0.6292
vn 0.7636 0.1527 -0.6274
vn 0.8538 0.2188 -0.4724
vn 0.8545 0.2194 -0.4708
vn 0.8553 0.2200 -0.4692
vn 0.8559 0.2206 -0.4677
vn 0.9147 0.2789 -0.2924
vn 0.9150 0.2795 -0.2909
vn 0.9153 0.2798 -0.2896
vn 0.9156 0.2801 -0.2884
vn 0.9395 0.3282 -0.0985
vn 0.9394 0.3283 -0.0983
vn 0.9395 0.3283 -0.0983
vn 0.9395 0.3283 -0.0979
vn 0.9263 0.3637 0.0982
vn 0.9263 0.3636 0.0983
vn 0.8758 0.3843 0.2921
vn 0.8763 0.3843 0.2907
vn 0.8767 0.3841 0.2895
vn 0.8771 0.3840 0.2885
vn 0.7915 0.3891 0.4712
vn 0.7929 0.3892 0.4688
vn 0.7937 0.3892 0.4676
vn 0.6789 0.3789 0.6289
vn 0.6799 0.3791 0.6277
vn 0.5379 0.3538 0.7651
vn 0.3798 0.3160 0.8695
vn 0.2049 0.2654 0.9421
vn 0.2069 0.2661 0.9415
vn 0.2076 0.2662 0.9413
vn -0.1406 0.1054 0.9844
vn 0.3477 -0.9376 -0.0000
vn 0.7833 0.1953 0.5902
vn -0.4699 -0.2055 -0.8585
vn -0.8696 -0.2412 -0.4308
vn 0.6446 0.2026 -0.7371
vn 0.8731 0.4111 -0.2619
vn -0.8074 -0.4037 0.4304
vn -0.2923 -0.1329 -0.9470
vn 0.7680 0.2441 -0.5922
vn 0.6577 0.1619 0.7357
vn -0.7767 -0.2169 -0.5913
vn -0.0964 -0.0527 -0.9940
vn 0.9010 0.4248 -0.0877
vn 0.8592 0.2747 -0.4317
vn -0.8639 -0.4308 0.2608
vn 0.5008 0.1201 0.8572
vn 0.1048 0.0299 -0.9940
vn -0.6509 -0.1839 -0.7366
vn 0.9188 0.2947 -0.2625
vn 0.9011 0.4247 0.0877
vn -0.8916 -0.4442 0.0875
vn 0.3009 0.1104 -0.9472
vn 0.9484 0.3047 -0.0879
vn 0.3155 0.0710 0.9463
vn -0.4931 -0.1425 -0.8582
vn 0.4782 0.1834 -0.8589
vn 0.8732 0.4111 0.2618
vn 0.9484 0.3047 0.0879
vn -0.8916 -0.4442 -0.0875
vn 0.1098 0.0165 0.9938
vn 0.6289 0.2454 -0.7378
vn -0.3070 -0.0935 -0.9471
vn 0.9189 0.2947 0.2624
vn 0.8169 0.3836 0.4308
vn -0.8639 -0.4309 -0.2610
vn -0.0990 -0.0458 0.9940
vn 0.7497 0.2952 -0.5922
vn 0.8592 0.2747 0.4317
vn -0.1014 -0.0393 -0.9941
vn -0.3004 -0.1128 0.9471
vn 0.8384 0.3318 -0.4324
vn 0.7306 0.3416 0.5912
vn 0.7680 0.2440 0.5921
vn -0.8074 -0.4036 -0.4303
vn -0.4821 -0.1732 0.8588
vn 0.8969 0.3560 -0.2623
vn 0.1099 0.0165 -0.9938
vn 0.6443 0.2026 0.7375
vn 0.6133 0.2845 0.7368
vn -0.7216 -0.3623 -0.5900
vn -0.6364 -0.2244 0.7380
vn 0.9257 0.3679 -0.0880
vn 0.4902 0.1509 0.8585
vn -0.1014 -0.0393 0.9941
vn 0.3150 0.0709 -0.9464
vn -0.7608 -0.2656 0.5922
vn 0.9257 0.3679 0.0880
vn 0.4669 0.2132 0.8582
vn 0.3086 0.0902 0.9469
vn -0.6044 -0.3058 -0.7357
vn -0.8518 -0.2957 0.4324
vn 0.8970 0.3560 0.2622
vn 0.5008 0.1201 -0.8572
vn 0.1074 0.0230 0.9939
vn -0.3074 -0.0936 0.9470
vn 0.2943 0.1293 0.9469
vn -0.0965 -0.0527 0.9939
vn -0.4580 -0.2351 -0.8573
vn -0.9120 -0.3156 0.2622
vn 0.8384 0.3318 0.4323
vn 0.6579 0.1620 -0.7355
vn -0.2927 -0.1330 0.9469
vn -0.4931 -0.1425 0.8582
vn -0.9415 -0.3253 0.0880
vn 0.7497 0.2952 0.5922
vn 0.1025 0.0362 0.9941
vn -0.2854 -0.1516 -0.9463
vn -0.4699 -0.2055 0.8585
vn -0.9415 -0.3254 -0.0880
vn 0.6287 0.2453 0.7380
vn 0.7833 0.1953 -0.5902
vn -0.6507 -0.1839 0.7368
vn -0.6205 -0.2670 0.7374
vn -0.0940 -0.0590 -0.9938
vn -0.9119 -0.3156 -0.2623
vn 0.4783 0.1834 0.8588
vn 0.8755 0.2199 -0.4303
vn -0.7412 -0.3163 0.5921
vn -0.7767 -0.2169 0.5913
vn -0.8518 -0.2957 -0.4324
vn 0.3013 0.1106 0.9471
vn 0.1024 0.0362 -0.9941
vn -0.8303 -0.3526 0.4317
vn -0.7608 -0.2656 -0.5922
vn 0.1049 0.0299 0.9940
vn 0.9360 0.2361 -0.2609
vn -0.8696 -0.2412 0.4308
vn -0.0941 -0.0590 0.9938
vn -0.8886 -0.3763 0.2624
vn 0.2939 0.1292 -0.9471
vn -0.6366 -0.2244 -0.7378
vn 0.9658 0.2440 -0.0871
vn -0.9174 -0.3880 0.0879
vn -0.9303 -0.2571 0.2614
vn -0.4821 -0.1732 -0.8588
vn 0.4668 0.2132 -0.8583
vn -0.2857 -0.1518 0.9462
vn -0.9174 -0.3880 -0.0879
vn -0.3001 -0.1127 -0.9472
vn 0.9659 0.2440 0.0871
vn -0.9603 -0.2649 0.0876
vn -0.8885 -0.3763 -0.2625
vn 0.6136 0.2846 -0.7365
vn -0.0989 -0.0458 -0.9940
vn -0.4581 -0.2351 0.8573
vn 0.9361 0.2361 0.2608
vn -0.8303 -0.3526 -0.4317
vn -0.9603 -0.2649 -0.0877
vn 0.1074 0.0230 -0.9939
vn 0.7306 0.3416 -0.5913
vn -0.6042 -0.3057 0.7359
vn -0.7412 -0.3162 -0.5921
vn 0.3082 0.0901 -0.9471
vn 0.8755 0.2199 0.4303
vn -0.9303 -0.2571 -0.2615
vn 0.2633 -0.7098 -0.6534
vn 0.3025 -0.8156 -0.4932
vn 0.3302 -0.8902 -0.3140
vn 0.3451 -0.9305 -0.1228
vn 0.3468 -0.9351 0.0732
vn 0.3352 -0.9037 0.2665
vn 0.3107 -0.8376 0.4493
vn 0.2742 -0.7393 0.6150
vn 0.2273 -0.6128 0.7568
vn 0.1715 -0.4625 0.8699
vn 0.1092 -0.2943 0.9495
vn 0.0427 -0.1151 0.9924
vn -0.0254 0.0686 0.9973
vn -0.0927 0.2499 0.9638
vn -0.1563 0.4213 0.8933
vn -0.2138 0.5765 0.7886
vn -0.2632 0.7097 0.6535
vn -0.3025 0.8157 0.4931
vn -0.3301 0.8901 0.3143
vn -0.3451 0.9305 0.1228
vn -0.3468 0.9351 -0.0732
vn -0.3352 0.9037 -0.2664
vn -0.3107 0.8376 -0.4493
vn -0.2742 0.7393 -0.6151
vn -0.2272 0.6127 -0.7569
vn -0.1715 0.4625 -0.8699
vn -0.1092 0.2943 -0.9494
vn -0.0427 0.1151 -0.9924
vn 0.0254 -0.0686 -0.9973
vn 0.0926 -0.2498 -0.9639
vn -0.2588 -0.7045 0.6609
vn 0.1563 -0.4213 -0.8934
vn 0.2138 -0.5766 -0.7886
vn -0.9376 -0.3477 -0.0000
vn 0.1092 -0.2943 0.9494
vn -0.7213 0.5425 0.4305
vn -0.5525 0.0873 -0.8289
vn -0.1545 -0.9859 0.0638
vn -0.5381 0.0485 0.8415
vn -0.7284 0.5617 -0.3923
vn -0.2275 -0.7892 -0.5704
vn -0.2706 -0.6729 -0.6884
vn -0.3074 -0.5733 0.7595
vn -0.7454 0.6076 0.2742
vn -0.4946 -0.0690 -0.8664
vn -0.1646 -0.9585 0.2327
vn -0.5937 0.1982 0.7799
vn -0.6966 0.4759 -0.5370
vn -0.1932 -0.8817 -0.4305
vn -0.3619 -0.4265 0.8289
vn -0.7585 0.6429 0.1072
vn -0.4350 -0.2295 -0.8707
vn -0.1861 -0.9009 0.3922
vn -0.6439 0.3337 0.6885
vn -0.6555 0.3653 -0.6609
vn -0.1691 -0.9467 -0.2741
vn -0.4199 -0.2701 0.8664
vn -0.7600 0.6468 -0.0638
vn -0.3764 -0.3876 -0.8415
vn -0.2179 -0.8150 0.5369
vn -0.6870 0.4500 0.5705
vn -0.6070 0.2343 -0.7594
vn -0.1560 -0.9819 -0.1072
vn -0.4795 -0.1096 0.8707
vn -0.7499 0.6194 -0.2326
vn -0.3208 -0.5374 -0.7799
vn 0.5171 0.8547 -0.0455
vn -0.2272 0.6126 -0.7570
vn 0.0427 -0.1152 0.9924
vn -0.1716 0.4626 -0.8698
vn -0.0255 0.0687 0.9973
vn -0.1091 0.2943 -0.9495
vn -0.0926 0.2497 0.9639
vn 0.2632 -0.7097 -0.6534
vn -0.0427 0.1153 -0.9924
vn -0.1563 0.4214 0.8933
vn 0.3025 -0.8157 -0.4931
vn 0.0255 -0.0687 -0.9973
vn 0.3301 -0.8901 -0.3141
vn 0.0926 -0.2497 -0.9639
vn -0.2632 0.7097 0.6534
vn 0.3451 -0.9305 -0.1227
vn 0.1563 -0.4213 -0.8933
vn 0.2138 -0.5765 -0.7886
vn -0.3301 0.8901 0.3141
vn -0.3451 0.9305 0.1227
vn 0.3107 -0.8377 0.4492
vn -0.3468 0.9351 -0.0730
vn 0.2272 -0.6126 0.7570
vn -0.3106 0.8376 -0.4494
vn -0.2742 0.7393 -0.6150
vn -0.2742 0.7394 -0.6148
vn 0.9041 -0.1888 0.3832
vn 0.5244 0.8351 -0.1661
vn 0.8748 -0.1099 0.4718
vn 0.5397 0.7940 -0.2800
vn 0.8401 -0.0163 0.5421
vn 0.5623 0.7328 -0.3833
vn 0.8013 0.0885 0.5917
vn 0.5916 0.6538 -0.4718
vn 0.7599 0.2002 0.6185
vn 0.6263 0.5602 -0.5421
vn 0.7174 0.3147 0.6215
vn 0.6652 0.4554 -0.5917
vn 0.6755 0.4276 0.6007
vn 0.8973 -0.1703 -0.4072
vn 0.7066 0.3437 -0.6185
vn 0.6359 0.5345 0.5568
vn 0.9218 -0.2364 -0.3073
vn 0.7491 0.2292 -0.6215
vn 0.6000 0.6312 0.4915
vn 0.9390 -0.2828 -0.1957
vn 0.7910 0.1163 -0.6007
vn 0.5692 0.7143 0.4072
vn 0.9483 -0.3079 -0.0764
vn 0.8307 0.0094 -0.5567
vn 0.5447 0.7803 0.3073
vn 0.9494 -0.3108 0.0455
vn 0.8665 -0.0873 -0.4915
vn 0.5275 0.8267 0.1958
vn 0.9421 -0.2913 0.1660
vn 0.5181 0.8519 0.0765
vn 0.9268 -0.2500 0.2801
vn 0.2875 0.6109 -0.7377
vn 0.1092 -0.2945 0.9494
vn -0.1715 0.4623 -0.8700
vn -0.0255 0.0686 0.9973
vn -0.1092 0.2945 -0.9494
vn -0.0927 0.2498 0.9639
vn 0.2632 -0.7098 -0.6534
vn -0.1562 0.4212 0.8934
vn 0.3025 -0.8156 -0.4933
vn 0.0255 -0.0686 -0.9973
vn 0.3302 -0.8902 -0.3138
vn -0.2633 0.7098 0.6534
vn 0.3468 -0.9351 0.0729
vn 0.3352 -0.9037 0.2664
vn 0.3106 -0.8375 0.4495
vn -0.3468 0.9351 -0.0731
vn 0.2742 -0.7394 0.6149
vn 0.2272 -0.6127 0.7570
vn 0.1715 -0.4624 0.8700
vn 0.1222 -0.6663 0.7356
vn -0.8558 -0.3579 0.3735
vn -0.8622 -0.4941 -0.1115
vn -0.3268 0.3347 -0.8838
vn -0.9231 -0.2957 0.2460
vn -0.8231 -0.5651 -0.0560
vn -0.7869 -0.0898 -0.6105
vn -0.9549 -0.2441 0.1689
vn -0.7386 -0.6739 0.0194
vn -0.8822 -0.2866 -0.3735
vn -0.9759 -0.1876 0.1115
vn -0.5055 -0.8481 0.1589
vn -0.8926 -0.3777 -0.2461
vn -0.9925 -0.1083 0.0559
vn 0.1357 -0.9138 0.3828
vn -0.8831 -0.4377 -0.1688
vn -0.9994 0.0292 -0.0193
vn 0.7164 -0.5450 0.4355
vn -0.9363 0.3133 -0.1589
vn 0.8716 -0.2775 0.4041
vn -0.4925 0.7815 -0.3829
vn 0.9008 -0.1610 0.4034
vn 0.1875 0.8804 -0.4355
vn 0.8875 -0.1251 0.4435
vn 0.4798 0.7788 -0.4041
vn 0.8258 -0.1541 0.5425
vn 0.5779 0.7094 -0.4034
vn 0.6163 -0.2757 0.7377
vn 0.5913 0.6736 -0.4435
vn -0.0294 -0.4669 0.8838
vn 0.5255 0.6553 -0.5426
vn -0.6551 -0.4450 0.6106
vn 0.2276 -0.4467 0.8653
vn -0.3618 0.6508 -0.6675
vn 0.0988 -0.6295 0.7707
vn -0.3504 0.6202 -0.7018
vn 0.0650 -0.5837 0.8094
vn -0.3418 0.5848 -0.7356
vn 0.0129 -0.5196 0.8543
vn -0.3355 0.5417 -0.7707
vn -0.0729 -0.4170 0.9060
vn -0.0822 -0.9219 -0.3786
vn -0.3313 0.4848 -0.8094
vn -0.2282 -0.2215 0.9481
vn 0.0587 -0.9950 0.0811
vn -0.3290 0.4024 -0.8543
vn -0.4899 0.1773 0.8536
vn 0.1209 -0.9397 0.3200
vn -0.3272 0.2686 -0.9060
vn -0.6634 0.6454 0.3785
vn 0.1472 -0.8815 0.4486
vn -0.3174 0.0191 -0.9481
vn -0.6043 0.7926 -0.0811
vn 0.1578 -0.8340 0.5287
vn -0.2558 -0.4538 -0.8536
vn -0.5211 0.7913 -0.3199
vn 0.1602 -0.7947 0.5855
vn -0.4633 0.7643 -0.4486
vn 0.1572 -0.7607 0.6298
vn -0.4242 0.7351 -0.5288
vn 0.1501 -0.7294 0.6674
vn -0.3968 0.7070 -0.5855
vn 0.1387 -0.6986 0.7019
vn -0.3768 0.6793 -0.6298
vn 0.6540 0.4864 0.5794
vn -0.1782 0.6048 -0.7762
vn 0.1992 -0.3241 0.9248
vn 0.4501 -0.7943 -0.4080
vn -0.1542 0.5560 -0.8167
vn 0.1429 -0.0894 0.9857
vn 0.4411 -0.8935 0.0843
vn -0.1188 0.4872 -0.8652
vn 0.0105 0.3910 0.9203
vn 0.3972 -0.8577 0.3265
vn -0.0603 0.3756 -0.9248
vn -0.1767 0.8956 0.4083
vn 0.3635 -0.8132 0.4544
vn 0.0500 0.1609 -0.9857
vn -0.2482 0.9650 -0.0842
vn 0.3393 -0.7747 0.5335
vn 0.2628 -0.2894 -0.9204
vn -0.2582 0.9092 -0.3267
vn 0.3210 -0.7411 0.5897
vn -0.2547 0.8537 -0.4543
vn 0.3062 -0.7105 0.6336
vn -0.2479 0.8086 -0.5336
vn 0.2936 -0.6806 0.6712
vn -0.2399 0.7712 -0.5897
vn 0.2821 -0.6497 0.7059
vn -0.2311 0.7383 -0.6336
vn 0.2710 -0.6154 0.7401
vn -0.2212 0.7075 -0.6712
vn 0.2593 -0.5747 0.7762
vn -0.2097 0.6765 -0.7059
vn 0.2457 -0.5222 0.8167
vn -0.1959 0.6433 -0.7401
vn 0.2816 0.9220 -0.2657
vn 0.7791 -0.5625 0.2767
vn 0.3916 0.4823 -0.7836
vn 0.5361 0.8040 0.2571
vn 0.6936 -0.5937 0.4079
vn 0.5849 0.3244 -0.7434
vn 0.3600 0.9308 -0.0636
vn 0.6315 -0.5983 0.4932
vn 0.8130 0.0577 -0.5795
vn 0.2238 0.9345 -0.2768
vn 0.5876 -0.5899 0.5538
vn 0.1389 0.9025 -0.4078
vn 0.5576 -0.5736 0.6000
vn 0.0886 0.8653 -0.4933
vn 0.5380 -0.5509 0.6380
vn 0.0609 0.8305 -0.5537
vn 0.5271 -0.5215 0.6710
vn 0.0487 0.7984 -0.6001
vn 0.5242 -0.4836 0.7010
vn 0.0486 0.7685 -0.6380
vn 0.5297 -0.4337 0.7289
vn 0.0595 0.7391 -0.6710
vn 0.5449 -0.3647 0.7550
vn 0.0820 0.7085 -0.7009
vn 0.5717 -0.2647 0.7766
vn 0.1189 0.6742 -0.7290
vn 0.6114 -0.1105 0.7836
vn 0.9308 -0.2600 -0.2570
vn 0.1752 0.6319 -0.7550
vn 0.6549 0.1355 0.7435
vn 0.8798 -0.4710 0.0636
vn 0.2608 0.5735 -0.7766
vn 0.5231 0.7591 -0.3874
vn 0.6215 -0.5633 0.5444
vn 0.1910 0.8980 -0.3963
vn 0.5905 -0.5496 0.5910
vn 0.1355 0.8651 -0.4829
vn 0.5704 -0.5283 0.6289
vn 0.1039 0.8325 -0.5442
vn 0.5596 -0.4993 0.6614
vn 0.0892 0.8017 -0.5910
vn 0.5576 -0.4610 0.6903
vn 0.0879 0.7724 -0.6290
vn 0.5648 -0.4098 0.7163
vn 0.0986 0.7435 -0.6614
vn 0.5821 -0.3389 0.7391
vn 0.1222 0.7131 -0.6903
vn 0.6117 -0.2365 0.7549
vn 0.1610 0.6789 -0.7163
vn 0.6537 -0.0814 0.7524
vn 0.9498 -0.2042 -0.2368
vn 0.2203 0.6366 -0.7391
vn 0.6971 0.1574 0.6995
vn 0.9085 -0.4134 0.0603
vn 0.3096 0.5782 -0.7549
vn 0.6952 0.4823 0.5330
vn 0.8148 -0.5153 0.2656
vn 0.4425 0.4880 -0.7524
vn 0.5867 0.7745 0.2365
vn 0.7303 -0.5563 0.3965
vn 0.6311 0.3351 -0.6996
vn 0.4194 0.9058 -0.0599
vn 0.6671 -0.5675 0.4826
vn 0.8416 0.0876 -0.5330
vn -0.2461 0.6637 -0.7064
vn 0.8434 -0.2139 0.4930
vn 0.4997 0.7497 -0.4338
vn 0.8435 -0.1776 0.5069
vn 0.4921 0.7336 -0.4687
vn 0.8511 -0.1252 0.5099
vn 0.5001 0.7121 -0.4927
vn 0.8646 -0.0544 0.4994
vn 0.5237 0.6847 -0.5070
vn 0.8814 0.0379 0.4708
vn 0.5635 0.6498 -0.5100
vn 0.8951 0.1517 0.4191
vn 0.9868 0.1257 -0.1022
vn 0.6202 0.6050 -0.4993
vn 0.8970 0.2836 0.3390
vn 0.9995 0.0069 0.0294
vn 0.6928 0.5461 -0.4710
vn 0.8768 0.4221 0.2303
vn 0.9849 -0.0901 0.1479
vn 0.7777 0.4686 -0.4190
vn 0.8300 0.5483 0.1020
vn 0.9554 -0.1617 0.2472
vn 0.8650 0.3700 -0.3390
vn 0.7626 0.6462 -0.0291
vn 0.9220 -0.2086 0.3261
vn 0.9401 0.2517 -0.2301
vn 0.6878 0.7106 -0.1480
vn 0.8915 -0.2345 0.3876
vn 0.6190 0.7455 -0.2472
vn 0.8676 -0.2426 0.4341
vn 0.5630 0.7593 -0.3263
vn 0.8514 -0.2356 0.4686
vn 0.9376 0.3477 -0.0000
vn 0.2002 -0.5399 0.8176
vn -0.2338 0.6303 -0.7403
vn 0.1734 -0.4675 0.8668
vn -0.2190 0.5904 -0.7769
vn 0.1300 -0.3507 0.9274
vn 0.3169 -0.8543 -0.4119
vn -0.2001 0.5394 -0.8179
vn 0.0469 -0.1264 0.9909
vn 0.3464 -0.9341 0.0861
vn -0.1735 0.4679 -0.8666
vn -0.1278 0.3445 0.9300
vn 0.3286 -0.8860 0.3272
vn -0.1298 0.3501 -0.9277
vn -0.3168 0.8543 0.4121
vn 0.3097 -0.8349 0.4549
vn -0.0469 0.1265 -0.9909
vn -0.3465 0.9343 -0.0842
vn 0.2940 -0.7927 0.5341
vn 0.1277 -0.3444 -0.9301
vn -0.3284 0.8855 -0.3288
vn 0.2806 -0.7567 0.5905
vn -0.3097 0.8350 -0.4549
vn 0.2688 -0.7247 0.6345
vn -0.2940 0.7927 -0.5341
vn 0.2578 -0.6950 0.6712
vn -0.2807 0.7567 -0.5905
vn 0.2460 -0.6634 0.7067
vn -0.2689 0.7250 -0.6341
vn 0.2336 -0.6299 0.7407
vn -0.2575 0.6944 -0.6720
vn 0.2190 -0.5904 0.7768
vn -0.3473 0.9364 0.0515
vn -0.3371 0.9089 0.2453
vn -0.3140 0.8466 0.4297
vn -0.2788 0.7517 0.5977
vn -0.2329 0.6279 0.7426
vn -0.1781 0.4801 0.8590
vn -0.1164 0.3139 0.9423
vn -0.0502 0.1352 0.9895
vn 0.0179 -0.0483 0.9987
vn 0.0853 -0.2300 0.9695
vn 0.1494 -0.4030 0.9029
vn 0.2078 -0.5602 0.8018
vn 0.2582 -0.6962 0.6698
vn 0.2987 -0.8053 0.5121
vn 0.3277 -0.8836 0.3345
vn 0.3441 -0.9277 0.1446
vn 0.3473 -0.9363 -0.0515
vn 0.3371 -0.9090 -0.2453
vn 0.3140 -0.8466 -0.4298
vn 0.2788 -0.7517 -0.5977
vn 0.2329 -0.6278 -0.7427
vn 0.1781 -0.4801 -0.8589
vn 0.1164 -0.3139 -0.9423
vn 0.0502 -0.1352 -0.9895
vn -0.0179 0.0482 -0.9987
vn -0.0853 0.2300 -0.9694
vn -0.1494 0.4029 -0.9030
vn -0.2078 0.5603 -0.8018
vn -0.2582 0.6961 -0.6699
vn -0.2987 0.8053 -0.5121
vn 0.4728 0.1274 0.8719
vn -0.3277 0.8835 -0.3347
vn -0.3441 0.9278 -0.1444
vn 0.1494 -0.4029 0.9030
vn 0.7515 -0.6240 -0.2142
vn 0.3268 0.5214 -0.7883
vn 0.2540 0.7178 0.6483
vn 0.7179 -0.5336 0.4470
vn 0.5588 -0.1044 -0.8227
vn 0.1539 0.9871 0.0448
vn 0.1568 0.9796 -0.1260
vn 0.5316 -0.0313 0.8464
vn 0.7313 -0.5696 -0.3753
vn 0.2758 0.6587 -0.7000
vn 0.3018 0.5887 0.7498
vn 0.7432 -0.6019 0.2921
vn 0.5010 0.0514 -0.8639
vn 0.1628 0.9631 0.2142
vn 0.5877 -0.1822 0.7883
vn 0.7006 -0.4868 -0.5218
vn 0.2318 0.7774 -0.5848
vn 0.3556 0.4436 0.8227
vn 0.7576 -0.6405 0.1261
vn 0.4416 0.2117 -0.8719
vn 0.1830 0.9087 0.3751
vn 0.6386 -0.3196 0.7000
vn 0.6606 -0.3786 -0.6483
vn 0.1963 0.8727 -0.4470
vn 0.4134 0.2877 0.8639
vn 0.7603 -0.6480 -0.0449
vn 0.3828 0.3703 -0.8464
vn 0.2138 0.8258 0.5218
vn 0.6826 -0.4383 0.5848
vn 0.6127 -0.2495 -0.7499
vn 0.1711 0.9409 -0.2922
vn -0.5882 -0.6633 -0.4627
vn -0.0179 0.0483 -0.9987
vn 0.2078 -0.5603 0.8018
vn -0.0852 0.2298 -0.9695
vn -0.1495 0.4031 -0.9029
vn 0.2987 -0.8054 0.5119
vn -0.3473 0.9364 0.0513
vn 0.3277 -0.8835 0.3346
vn -0.2582 0.6962 -0.6698
vn 0.3441 -0.9278 0.1445
vn -0.3140 0.8467 0.4296
vn -0.2987 0.8054 -0.5120
vn 0.3473 -0.9364 -0.0514
vn -0.3277 0.8835 -0.3348
vn 0.3371 -0.9089 -0.2453
vn -0.2329 0.6280 0.7426
vn -0.3441 0.9278 -0.1442
vn 0.3140 -0.8465 -0.4299
vn -0.1781 0.4802 0.8589
vn 0.2788 -0.7518 -0.5975
vn -0.1164 0.3137 0.9424
vn 0.2329 -0.6280 -0.7426
vn -0.0502 0.1354 0.9895
vn 0.1781 -0.4800 -0.8590
vn 0.1164 -0.3137 -0.9424
vn 0.0853 -0.2300 0.9694
vn 0.0502 -0.1354 -0.9895
vn 0.0502 -0.1353 -0.9895
vn -0.7646 -0.1877 0.6166
vn -0.6224 -0.5711 -0.5353
vn -0.7221 -0.3020 0.6223
vn -0.6608 -0.4675 -0.5872
vn -0.6801 -0.4153 0.6041
vn -0.7020 -0.3563 -0.6166
vn -0.6402 -0.5230 0.5628
vn -0.7445 -0.2419 -0.6223
vn -0.6038 -0.6211 0.4996
vn -0.7865 -0.1287 -0.6041
vn -0.5724 -0.7058 0.4173
vn -0.8264 -0.0209 -0.5627
vn -0.5472 -0.7738 0.3190
vn -0.9497 0.3115 0.0321
vn -0.8627 0.0772 -0.4997
vn -0.5291 -0.8226 0.2085
vn -0.9434 0.2944 0.1528
vn -0.8942 0.1619 -0.4173
vn -0.5189 -0.8501 0.0900
vn -0.9290 0.2556 0.2678
vn -0.9194 0.2299 -0.3191
vn -0.5169 -0.8554 -0.0321
vn -0.9071 0.1965 0.3723
vn -0.9375 0.2786 -0.2086
vn -0.5233 -0.8384 -0.1528
vn -0.8784 0.1194 0.4627
vn -0.9477 0.3062 -0.0899
vn -0.5376 -0.7995 -0.2678
vn -0.8442 0.0272 0.5353
vn -0.5595 -0.7404 -0.3724
vn -0.8058 -0.0765 0.5872
vn -0.5106 -0.0096 -0.8598
vn 0.1494 -0.4028 0.9030
vn -0.0179 0.0481 -0.9987
vn 0.2079 -0.5605 0.8016
vn -0.0853 0.2301 -0.9694
vn -0.1494 0.4028 -0.9030
vn -0.3473 0.9363 0.0516
vn -0.2078 0.5602 -0.8019
vn 0.3277 -0.8836 0.3344
vn -0.3371 0.9090 0.2452
vn -0.2583 0.6964 -0.6696
vn -0.3140 0.8465 0.4299
vn -0.2987 0.8053 -0.5122
vn 0.3473 -0.9363 -0.0516
vn -0.2789 0.7519 0.5974
vn 0.3371 -0.9090 -0.2452
vn -0.2329 0.6280 0.7425
vn -0.3441 0.9278 -0.1443
vn 0.3140 -0.8466 -0.4297
vn -0.1780 0.4799 0.8591
vn 0.2788 -0.7518 -0.5976
vn 0.2329 -0.6279 -0.7426
vn -0.0502 0.1353 0.9895
vn 0.0178 -0.0481 0.9987
vn 0.0853 -0.2301 0.9694
vn 0.1191 0.0156 0.9928
vn 0.9493 0.1059 0.2960
vn 0.8512 0.5239 0.0325
vn 0.0727 0.3494 -0.9341
vn 0.9780 0.1475 0.1475
vn 0.8332 0.5380 0.1280
vn 0.6218 0.5351 -0.5720
vn 0.9856 0.1615 0.0506
vn 0.7795 0.5637 0.2733
vn 0.7887 0.5387 -0.2961
vn 0.9869 0.1578 -0.0325
vn 0.6036 0.5839 0.5429
vn 0.8377 0.5259 -0.1474
vn 0.9825 0.1355 -0.1280
vn 0.0432 0.4301 0.9018
vn 0.8525 0.5203 -0.0506
vn 0.9585 0.0809 -0.2733
vn -0.5383 0.0648 0.8403
vn 0.8382 -0.0492 -0.5432
vn -0.7200 -0.1311 0.6814
vn 0.3136 -0.2978 -0.9016
vn -0.7590 -0.2214 0.6123
vn -0.3659 -0.4001 -0.8403
vn -0.7397 -0.2733 0.6149
vn -0.6313 -0.3701 -0.6815
vn -0.6536 -0.3100 0.6904
vn -0.7198 -0.3270 -0.6124
vn -0.3934 -0.3257 0.8598
vn -0.7390 -0.2752 -0.6149
vn 0.2838 -0.2174 0.9339
vn -0.6977 -0.1912 -0.6904
vn 0.8201 -0.0003 0.5723
vn 0.0285 -0.2439 0.9694
vn 0.1302 -0.0264 -0.9911
vn 0.1467 -0.0328 0.9886
vn 0.1137 0.0180 -0.9933
vn 0.1847 -0.0895 0.9787
vn 0.1005 0.0658 -0.9928
vn 0.2399 -0.1622 0.9571
vn 0.0899 0.1206 -0.9886
vn 0.3262 -0.2657 0.9072
vn 0.0719 0.9498 0.3044
vn 0.0817 0.1882 -0.9787
vn 0.4685 -0.4265 0.7737
vn 0.0529 0.6942 0.7179
vn 0.0761 0.2795 -0.9571
vn 0.6627 -0.6431 0.3838
vn 0.0452 0.4920 0.8694
vn 0.0740 0.4141 -0.9072
vn 0.6738 -0.6732 -0.3046
vn 0.0454 0.3621 0.9310
vn 0.0770 0.6288 -0.7737
vn 0.4928 -0.4919 -0.7178
vn 0.0502 0.2733 0.9606
vn 0.0830 0.9197 -0.3839
vn 0.3550 -0.3435 -0.8695
vn 0.0579 0.2067 0.9767
vn 0.2706 -0.2449 -0.9310
vn 0.0684 0.1524 0.9860
vn 0.2162 -0.1745 -0.9606
vn 0.0815 0.1050 0.9911
vn 0.1787 -0.1189 -0.9767
vn 0.0980 0.0605 0.9933
vn 0.1513 -0.0711 -0.9859
vn -0.5367 -0.8025 0.2607
vn -0.0691 0.0622 -0.9957
vn 0.0592 -0.3727 0.9261
vn -0.4612 0.8243 0.3284
vn -0.0977 0.1232 -0.9876
vn 0.1070 -0.5845 0.8043
vn -0.3251 0.5808 0.7463
vn -0.1374 0.2035 -0.9694
vn 0.1757 -0.8931 0.4140
vn -0.2276 0.4006 0.8875
vn -0.1981 0.3212 -0.9261
vn 0.1878 -0.9256 -0.3285
vn -0.1685 0.2873 0.9429
vn -0.2999 0.5128 -0.8044
vn 0.1322 -0.6523 -0.7463
vn -0.1295 0.2089 0.9693
vn -0.4491 0.7917 -0.4141
vn 0.0887 -0.4521 -0.8875
vn -0.1013 0.1489 0.9836
vn 0.0596 -0.3276 -0.9429
vn -0.0792 0.0985 0.9920
vn 0.0381 -0.2429 -0.9693
vn -0.0607 0.0527 0.9968
vn 0.0203 -0.1790 -0.9836
vn -0.0441 0.0079 0.9990
vn 0.0041 -0.1263 -0.9920
vn -0.0282 -0.0391 0.9988
vn -0.0117 -0.0795 -0.9968
vn -0.0119 -0.0923 0.9957
vn -0.0283 -0.0348 -0.9990
vn 0.0063 -0.1570 0.9876
vn -0.0469 0.0113 -0.9988
vn -0.4194 -0.5501 -0.7221
vn -0.6354 0.1752 0.7521
vn -0.6105 0.1079 -0.7846
vn -0.5291 -0.8230 -0.2069
vn -0.5186 0.1216 0.8463
vn -0.7734 0.1839 -0.6066
vn -0.4475 -0.6950 -0.5628
vn -0.4375 0.0753 0.8961
vn -0.9302 0.2584 -0.2606
vn -0.3675 -0.5472 -0.7520
vn -0.3814 0.0337 0.9238
vn -0.3139 -0.4304 -0.8463
vn -0.3426 -0.0060 0.9395
vn -0.2826 -0.3424 -0.8960
vn -0.3166 -0.0459 0.9474
vn -0.2672 -0.2742 -0.9238
vn -0.3008 -0.0886 0.9496
vn -0.2636 -0.2189 -0.9395
vn -0.2943 -0.1362 0.9460
vn -0.2700 -0.1716 -0.9475
vn -0.2974 -0.1928 0.9351
vn -0.2857 -0.1291 -0.9496
vn -0.3120 -0.2630 0.9129
vn -0.3121 -0.0885 -0.9459
vn -0.3419 -0.3553 0.8700
vn -0.3512 -0.0478 -0.9351
vn -0.3925 -0.4799 0.7846
vn -0.9378 0.2789 0.2068
vn -0.4082 -0.0040 -0.9129
vn -0.4665 -0.6438 0.6066
vn -0.7925 0.2351 0.5627
vn -0.4907 0.0463 -0.8701
vn -0.6673 -0.3700 -0.6464
vn -0.4189 0.0168 0.9079
vn -0.3611 -0.4390 -0.8227
vn -0.3787 -0.0213 0.9253
vn -0.3255 -0.3533 -0.8771
vn -0.3522 -0.0600 0.9340
vn -0.3067 -0.2859 -0.9079
vn -0.3365 -0.1022 0.9361
vn -0.3010 -0.2310 -0.9252
vn -0.3311 -0.1494 0.9317
vn -0.3062 -0.1839 -0.9340
vn -0.3364 -0.2060 0.9189
vn -0.3217 -0.1421 -0.9361
vn -0.3542 -0.2755 0.8937
vn -0.3486 -0.1025 -0.9316
vn -0.3883 -0.3661 0.8457
vn -0.3892 -0.0633 -0.9190
vn -0.4435 -0.4856 0.7534
vn -0.9563 0.2220 0.1901
vn -0.4483 -0.0219 -0.8936
vn -0.5196 -0.6355 0.5711
vn -0.8265 0.1913 0.5295
vn -0.5329 0.0242 -0.8459
vn -0.5873 -0.7730 0.2399
vn -0.6768 0.1435 0.7220
vn -0.6530 0.0790 -0.7532
vn -0.5803 -0.7918 -0.1903
vn -0.5601 0.0974 0.8227
vn -0.8085 0.1430 -0.5709
vn -0.5019 -0.6840 -0.5294
vn -0.4771 0.0557 0.8771
vn -0.9494 0.2032 -0.2396
vn 0.0079 -0.0213 -0.9997
vn -0.6773 -0.2342 0.6974
vn -0.6551 -0.3305 -0.6794
vn -0.6772 -0.2708 0.6842
vn -0.6546 -0.2953 -0.6959
vn -0.6887 -0.3134 0.6538
vn -0.6661 -0.2639 -0.6976
vn -0.7105 -0.3608 0.6042
vn -0.6900 -0.2362 -0.6842
vn -0.7419 -0.4136 0.5278
vn -0.7263 -0.2117 -0.6540
vn -0.7781 -0.4676 0.4193
vn -0.9896 -0.1181 0.0822
vn -0.7743 -0.1897 -0.6037
vn -0.8112 -0.5154 0.2762
vn -0.9597 -0.1148 0.2566
vn -0.8322 -0.1703 -0.5277
vn -0.8303 -0.5476 0.1036
vn -0.9081 -0.1169 0.4021
vn -0.8948 -0.1529 -0.4195
vn -0.8273 -0.5558 -0.0817
vn -0.8493 -0.1245 0.5130
vn -0.9510 -0.1381 -0.2766
vn -0.8025 -0.5387 -0.2567
vn -0.7937 -0.1373 0.5926
vn -0.9866 -0.1262 -0.1037
vn -0.7647 -0.5035 -0.4022
vn -0.7474 -0.1547 0.6462
vn -0.7249 -0.4592 -0.5134
vn -0.7122 -0.1765 0.6795
vn -0.6914 -0.4137 -0.5923
vn -0.6888 -0.2029 0.6960
vn 0.0520 -0.1401 0.9888
vn -0.0095 0.0256 -0.9996
vn 0.0829 -0.2235 0.9712
vn -0.0287 0.0774 -0.9966
vn 0.1294 -0.3490 0.9282
vn -0.3278 0.8838 0.3339
vn -0.0520 0.1401 -0.9888
vn 0.2047 -0.5520 0.8083
vn -0.2301 0.6204 0.7498
vn -0.0830 0.2237 -0.9711
vn 0.3154 -0.8506 0.4207
vn -0.1587 0.4280 0.8898
vn -0.1289 0.3474 -0.9288
vn 0.3280 -0.8843 -0.3323
vn -0.1143 0.3081 0.9445
vn -0.2047 0.5520 -0.8083
vn 0.2297 -0.6195 -0.7506
vn -0.0837 0.2258 0.9706
vn -0.3155 0.8507 -0.4204
vn 0.1587 -0.4278 -0.8899
vn -0.0608 0.1640 0.9846
vn 0.1143 -0.3081 -0.9445
vn -0.0419 0.1130 0.9927
vn 0.0840 -0.2266 -0.9704
vn -0.0244 0.0657 0.9975
vn 0.0608 -0.1641 -0.9846
vn -0.0081 0.0219 0.9997
vn 0.0416 -0.1122 -0.9928
vn 0.0095 -0.0256 0.9996
vn 0.0246 -0.0664 -0.9975
vn 0.0287 -0.0774 0.9966
vn -0.3147 0.8484 -0.4257
vn -0.3375 0.9100 -0.2408
vn -0.3474 0.9366 -0.0466
vn -0.3439 0.9272 0.1488
vn -0.3272 0.8820 0.3391
vn -0.2979 0.8031 0.5160
vn -0.2571 0.6933 0.6732
vn -0.2066 0.5569 0.8045
vn -0.1479 0.3989 0.9050
vn -0.0837 0.2257 0.9706
vn -0.0163 0.0440 0.9989
vn 0.0518 -0.1398 0.9888
vn 0.1178 -0.3177 0.9409
vn 0.1795 -0.4839 0.8565
vn 0.2341 -0.6311 0.7395
vn 0.2798 -0.7545 0.5937
vn 0.3147 -0.8485 0.4255
vn 0.3375 -0.9100 0.2410
vn 0.3474 -0.9366 0.0466
vn 0.3439 -0.9272 -0.1488
vn 0.3271 -0.8820 -0.3391
vn 0.2979 -0.8031 -0.5161
vn 0.2572 -0.6934 -0.6731
vn 0.2065 -0.5567 -0.8046
vn 0.1480 -0.3991 -0.9049
vn 0.0837 -0.2257 -0.9706
vn 0.0163 -0.0440 -0.9989
vn -0.0518 0.1398 -0.9888
vn -0.1179 0.3179 -0.9408
vn -0.1795 0.4838 -0.8566
vn 0.3280 0.5178 0.7901
vn -0.2341 0.6311 -0.7395
vn -0.2798 0.7543 -0.5939
vn -0.0163 0.0439 0.9989
vn 0.7518 -0.6249 0.2104
vn 0.4714 0.1312 -0.8721
vn 0.1716 0.9396 0.2960
vn 0.6139 -0.2528 0.7478
vn 0.6817 -0.4358 -0.5877
vn 0.1825 0.9103 -0.3716
vn 0.2130 0.8281 -0.5185
vn 0.3841 0.3667 0.8473
vn 0.7604 -0.6482 0.0408
vn 0.4120 0.2916 -0.8633
vn 0.1972 0.8708 0.4505
vn 0.6615 -0.3815 0.6456
vn 0.6375 -0.3166 -0.7024
vn 0.1625 0.9641 -0.2102
vn 0.4430 0.2079 0.8721
vn 0.7574 -0.6400 -0.1299
vn 0.3543 0.4471 -0.8213
vn 0.2328 0.7748 0.5877
vn 0.7014 -0.4891 0.5184
vn 0.5864 -0.1788 -0.7900
vn 0.1540 0.9872 -0.0408
vn 0.5024 0.0476 0.8633
vn 0.7428 -0.6006 -0.2960
vn 0.3006 0.5920 -0.7478
vn 0.2769 0.6558 0.7024
vn 0.7319 -0.5712 0.3715
vn 0.5303 -0.0275 -0.8473
vn 0.1571 0.9790 0.1300
vn 0.5601 -0.1078 0.8214
vn 0.7173 -0.5316 -0.4505
vn 0.2529 0.7205 -0.6457
vn -0.5294 -0.8217 -0.2111
vn 0.1480 -0.3990 -0.9049
vn 0.0518 -0.1396 0.9888
vn 0.0838 -0.2258 -0.9706
vn 0.1178 -0.3177 0.9408
vn 0.0163 -0.0439 -0.9989
vn 0.1794 -0.4838 0.8566
vn -0.3147 0.8485 -0.4255
vn -0.0518 0.1396 -0.9888
vn 0.2341 -0.6313 0.7394
vn -0.3375 0.9100 -0.2407
vn -0.1179 0.3179 -0.9407
vn 0.2798 -0.7543 0.5939
vn -0.3474 0.9366 -0.0468
vn -0.1794 0.4838 -0.8566
vn 0.3147 -0.8485 0.4256
vn -0.3439 0.9271 0.1489
vn 0.3375 -0.9100 0.2408
vn -0.3271 0.8820 0.3391
vn -0.2798 0.7543 -0.5940
vn 0.3474 -0.9366 0.0468
vn 0.3439 -0.9271 -0.1489
vn 0.3272 -0.8821 -0.3390
vn -0.2065 0.5568 0.8046
vn 0.2979 -0.8032 -0.5160
vn -0.1480 0.3990 0.9050
vn 0.2571 -0.6932 -0.6733
vn 0.2066 -0.5569 -0.8045
vn 0.2065 -0.5568 -0.8046
vn -0.8620 0.0749 0.5013
vn -0.5477 -0.7724 -0.3215
vn -0.8255 -0.0233 0.5639
vn -0.5731 -0.7040 -0.4196
vn -0.7855 -0.1313 0.6048
vn -0.6046 -0.6190 -0.5013
vn -0.7435 -0.2446 0.6225
vn -0.6411 -0.5206 -0.5639
vn -0.7010 -0.3590 0.6162
vn -0.6812 -0.4127 -0.6047
vn -0.6599 -0.4700 0.5862
vn -0.7232 -0.2993 -0.6224
vn -0.6215 -0.5734 0.5338
vn -0.9294 0.2567 -0.2652
vn -0.7656 -0.1850 -0.6162
vn -0.5874 -0.6654 0.4607
vn -0.9436 0.2951 -0.1500
vn -0.8068 -0.0738 -0.5863
vn -0.5590 -0.7420 0.3701
vn -0.9498 0.3116 -0.0292
vn -0.8451 0.0295 -0.5338
vn -0.5372 -0.8007 0.2652
vn -0.9476 0.3057 0.0928
vn -0.8792 0.1213 -0.4608
vn -0.5230 -0.8390 0.1501
vn -0.9372 0.2777 0.2113
vn -0.9077 0.1980 -0.3701
vn -0.5168 -0.8556 0.0291
vn -0.9189 0.2285 0.3216
vn -0.5190 -0.8497 -0.0929
vn -0.8935 0.1601 0.4195
vn -0.3627 -0.4084 -0.8377
vn -0.0164 0.0442 0.9989
vn 0.0519 -0.1398 0.9888
vn 0.1179 -0.3178 0.9408
vn 0.1794 -0.4836 0.8567
vn -0.3146 0.8484 -0.4257
vn -0.0517 0.1395 -0.9889
vn 0.2342 -0.6314 0.7393
vn -0.1179 0.3180 -0.9407
vn 0.2797 -0.7543 0.5940
vn -0.2341 0.6312 -0.7394
vn 0.3375 -0.9100 0.2409
vn -0.3272 0.8821 0.3390
vn -0.2798 0.7544 -0.5938
vn 0.3474 -0.9366 0.0467
vn -0.2978 0.8030 0.5162
vn 0.3438 -0.9271 -0.1491
vn 0.3272 -0.8822 -0.3388
vn -0.2065 0.5567 0.8046
vn -0.1480 0.3990 0.9049
vn 0.2571 -0.6933 -0.6732
vn -0.0837 0.2256 0.9706
vn -0.0448 0.4575 0.8881
vn 0.8912 0.2624 0.3699
vn 0.8539 0.5166 -0.0634
vn 0.2386 -0.0968 -0.9663
vn 0.9455 0.2351 0.2252
vn 0.8210 0.5708 0.0116
vn 0.7271 0.2504 -0.6393
vn 0.9694 0.2050 0.1348
vn 0.7453 0.6559 0.1196
vn 0.8468 0.3823 -0.3699
vn 0.9842 0.1651 0.0634
vn 0.5283 0.7865 0.3198
vn 0.8702 0.4383 -0.2252
vn 0.9947 0.1026 -0.0117
vn -0.0886 0.7858 0.6121
vn 0.8686 0.4767 -0.1348
vn 0.9928 -0.0113 -0.1196
vn -0.6659 0.4089 0.6241
vn 0.9134 -0.2519 -0.3198
vn -0.8265 0.1560 0.5409
vn 0.4454 -0.6535 -0.6121
vn -0.8571 0.0431 0.5134
vn -0.2381 -0.7442 -0.6241
vn -0.8405 -0.0016 0.5418
vn -0.5248 -0.6573 -0.5409
vn -0.7695 0.0023 0.6387
vn -0.6217 -0.5915 -0.5134
vn -0.5413 0.0731 0.8376
vn -0.6382 -0.5469 -0.5418
vn 0.1182 0.2290 0.9662
vn -0.5819 -0.5035 -0.6387
vn 0.7146 0.2843 0.6391
vn -0.1402 0.2111 0.9673
vn 0.2899 -0.4569 -0.8410
vn -0.0187 0.4134 0.9104
vn 0.2757 -0.4186 -0.8653
vn 0.0182 0.3596 0.9329
vn 0.2644 -0.3761 -0.8881
vn 0.0733 0.2870 0.9551
vn 0.2554 -0.3256 -0.9104
vn 0.1625 0.1755 0.9710
vn 0.0575 0.9885 -0.1397
vn 0.2483 -0.2608 -0.9329
vn 0.3185 -0.0221 0.9477
vn -0.0389 0.9415 0.3348
vn 0.2427 -0.1699 -0.9551
vn 0.5654 -0.3810 0.7315
vn -0.0791 0.8270 0.5566
vn 0.2377 -0.0270 -0.9710
vn 0.6882 -0.7120 0.1395
vn -0.0939 0.7379 0.6684
vn 0.2271 0.2244 -0.9477
vn 0.5845 -0.7392 -0.3347
vn -0.0975 0.6716 0.7345
vn 0.1802 0.6577 -0.7314
vn 0.4793 -0.6785 -0.5567
vn -0.0951 0.6191 0.7795
vn 0.4100 -0.6207 -0.6683
vn -0.0885 0.5752 0.8132
vn 0.3639 -0.5727 -0.7346
vn -0.0782 0.5354 0.8410
vn 0.3317 -0.5315 -0.7794
vn -0.0639 0.4971 0.8653
vn 0.3080 -0.4937 -0.8132
vn -0.6027 -0.6246 0.4966
vn 0.0975 -0.3871 -0.9169
vn -0.1078 0.0777 0.9911
vn -0.4767 0.8661 -0.1506
vn 0.0704 -0.3300 -0.9414
vn -0.0489 -0.1640 0.9852
vn -0.4205 0.8379 0.3480
vn 0.0314 -0.2515 -0.9673
vn 0.0709 -0.6106 0.7888
vn -0.3545 0.7427 0.5682
vn -0.0311 -0.1291 -0.9911
vn 0.2033 -0.9675 0.1505
vn -0.3096 0.6678 0.6770
vn -0.1439 0.0923 -0.9853
vn 0.2276 -0.9095 -0.3480
vn -0.2786 0.6108 0.7412
vn -0.3444 0.5093 -0.7887
vn 0.2155 -0.7941 -0.5682
vn -0.2554 0.5644 0.7850
vn 0.2008 -0.7082 -0.6768
vn -0.2370 0.5238 0.8182
vn 0.1871 -0.6447 -0.7412
vn -0.2213 0.4855 0.8457
vn 0.1744 -0.5944 -0.7850
vn -0.2070 0.4470 0.8702
vn 0.1619 -0.5517 -0.8182
vn -0.1931 0.4054 0.8935
vn 0.1488 -0.5124 -0.8458
vn -0.1785 0.3570 0.9169
vn 0.1346 -0.4739 -0.8702
vn -0.1618 0.2960 0.9414
vn 0.1180 -0.4333 -0.8935
vn -0.3163 -0.8284 -0.4624
vn -0.7430 0.4650 0.4814
vn -0.4690 -0.2737 -0.8397
vn -0.5194 -0.8493 0.0948
vn -0.6453 0.4631 0.6076
vn -0.6558 -0.1333 -0.7431
vn -0.3755 -0.8889 -0.2626
vn -0.5753 0.4468 0.6852
vn -0.8643 0.0805 -0.4966
vn -0.2601 -0.8370 -0.4813
vn -0.5261 0.4239 0.7372
vn -0.1873 -0.7719 -0.6075
vn -0.4921 0.3968 0.7749
vn -0.1449 -0.7139 -0.6851
vn -0.4692 0.3655 0.8039
vn -0.1225 -0.6644 -0.7372
vn -0.4556 0.3288 0.8272
vn -0.1143 -0.6217 -0.7749
vn -0.4504 0.2848 0.8462
vn -0.1174 -0.5830 -0.8039
vn -0.4539 0.2291 0.8611
vn -0.1309 -0.5465 -0.8271
vn -0.4674 0.1557 0.8702
vn -0.1559 -0.5095 -0.8462
vn -0.4932 0.0534 0.8683
vn -0.1947 -0.4698 -0.8610
vn -0.5340 -0.0983 0.8397
vn -0.9476 0.3052 -0.0949
vn -0.2527 -0.4229 -0.8702
vn -0.5841 -0.3268 0.7430
vn -0.8643 0.4290 0.2624
vn -0.3394 -0.3620 -0.8682
vn -0.5661 -0.6431 -0.5157
vn -0.5610 0.4002 0.7246
vn -0.2379 -0.7710 -0.5907
vn -0.5259 0.3756 0.7631
vn -0.1904 -0.7168 -0.6708
vn -0.5026 0.3455 0.7925
vn -0.1645 -0.6694 -0.7244
vn -0.4892 0.3094 0.8155
vn -0.1539 -0.6276 -0.7631
vn -0.4849 0.2651 0.8334
vn -0.1557 -0.5895 -0.7926
vn -0.4902 0.2090 0.8462
vn -0.1691 -0.5537 -0.8154
vn -0.5063 0.1342 0.8518
vn -0.1948 -0.5172 -0.8334
vn -0.5354 0.0312 0.8440
vn -0.2354 -0.4780 -0.8462
vn -0.5794 -0.1191 0.8063
vn -0.9653 0.2461 -0.0874
vn -0.2959 -0.4321 -0.8519
vn -0.6304 -0.3373 0.6992
vn -0.8940 0.3738 0.2470
vn -0.3859 -0.3725 -0.8440
vn -0.6480 -0.6094 0.4569
vn -0.7801 0.4217 0.4622
vn -0.5170 -0.2875 -0.8063
vn -0.5713 -0.8161 0.0873
vn -0.6832 0.4294 0.5906
vn -0.6978 -0.1553 -0.6993
vn -0.4340 -0.8663 -0.2472
vn -0.6119 0.4192 0.6707
vn -0.8886 0.0394 -0.4569
vn 0.1709 -0.4609 -0.8708
vn -0.7909 0.0725 0.6076
vn -0.5470 -0.6219 -0.5605
vn -0.7901 0.0335 0.6121
vn -0.5425 -0.5975 -0.5905
vn -0.7980 -0.0177 0.6024
vn -0.5524 -0.5707 -0.6076
vn -0.8136 -0.0844 0.5752
vn -0.5769 -0.5409 -0.6120
vn -0.8338 -0.1659 0.5266
vn -0.6167 -0.5068 -0.6024
vn -0.8538 -0.2633 0.4491
vn -0.9935 -0.1076 -0.0374
vn -0.6715 -0.4668 -0.5756
vn -0.8647 -0.3708 0.3390
vn -0.9925 -0.0264 0.1196
vn -0.7406 -0.4177 -0.5264
vn -0.8564 -0.4772 0.1970
vn -0.9656 0.0379 0.2573
vn -0.8189 -0.3570 -0.4493
vn -0.8235 -0.5661 0.0381
vn -0.9259 0.0826 0.3686
vn -0.8975 -0.2826 -0.3386
vn -0.7696 -0.6272 -0.1197
vn -0.8849 0.1084 0.4530
vn -0.9603 -0.1969 -0.1975
vn -0.7072 -0.6584 -0.2578
vn -0.8485 0.1183 0.5158
vn -0.6484 -0.6664 -0.3682
vn -0.8202 0.1148 0.5605
vn -0.5999 -0.6591 -0.4535
vn -0.8009 0.0992 0.5906
vn -0.1161 0.3130 0.9426
vn 0.1558 -0.4199 -0.8941
vn -0.0859 0.2318 0.9690
vn 0.1382 -0.3726 -0.9176
vn -0.0386 0.1039 0.9938
vn -0.3438 0.9269 -0.1505
vn 0.1161 -0.3130 -0.9426
vn 0.0477 -0.1286 0.9906
vn -0.3257 0.8781 0.3505
vn 0.0859 -0.2318 -0.9690
vn 0.2103 -0.5670 0.7965
vn -0.2859 0.7708 0.5694
vn 0.0386 -0.1040 -0.9938
vn 0.3436 -0.9265 0.1533
vn -0.2556 0.6892 0.6780
vn -0.0483 0.1301 -0.9903
vn 0.3258 -0.8785 -0.3493
vn -0.2331 0.6285 0.7421
vn -0.2094 0.5647 -0.7983
vn 0.2857 -0.7703 -0.5700
vn -0.2152 0.5802 0.7856
vn 0.2555 -0.6890 -0.6782
vn -0.1996 0.5382 0.8188
vn 0.2331 -0.6285 -0.7421
vn -0.1851 0.4992 0.8465
vn 0.2151 -0.5800 -0.7857
vn -0.1710 0.4610 0.8708
vn 0.1995 -0.5379 -0.8191
vn -0.1555 0.4194 0.8944
vn 0.1852 -0.4995 -0.8463
vn -0.1382 0.3726 0.9176
vn -0.1429 0.3852 0.9117
vn -0.2020 0.5446 0.8140
vn -0.2534 0.6831 0.6849
vn -0.2949 0.7951 0.5299
vn -0.3252 0.8769 0.3539
vn -0.3430 0.9248 0.1649
vn -0.3476 0.9372 -0.0305
vn -0.3388 0.9135 -0.2251
vn -0.3170 0.8547 -0.4111
vn -0.2831 0.7632 -0.5808
vn -0.2382 0.6423 -0.7285
vn -0.1842 0.4966 -0.8482
vn -0.1231 0.3320 -0.9352
vn -0.0573 0.1546 -0.9863
vn 0.0106 -0.0287 -0.9995
vn 0.0783 -0.2112 -0.9743
vn 0.1429 -0.3853 -0.9117
vn 0.2020 -0.5447 -0.8139
vn 0.2533 -0.6829 -0.6852
vn 0.2950 -0.7953 -0.5297
vn 0.3252 -0.8768 -0.3541
vn 0.3430 -0.9248 -0.1649
vn 0.3476 -0.9372 0.0306
vn 0.3388 -0.9135 0.2251
vn 0.3170 -0.8548 0.4109
vn 0.2830 -0.7631 0.5810
vn 0.2383 -0.6424 0.7284
vn 0.1842 -0.4965 0.8483
vn 0.1232 -0.3321 0.9352
vn 0.0573 -0.1546 0.9863
vn -0.7340 0.5767 -0.3587
vn -0.0107 0.0289 0.9995
vn -0.0783 0.2111 0.9743
vn -0.2809 -0.6451 -0.7106
vn -0.2493 -0.7303 0.6360
vn -0.7412 0.5959 0.3091
vn -0.5073 -0.0347 -0.8611
vn -0.1537 -0.9878 0.0268
vn -0.5820 0.1668 0.7959
vn -0.5256 0.0146 0.8506
vn -0.7044 0.4967 -0.5071
vn -0.2362 -0.7658 -0.5981
vn -0.2964 -0.6031 0.7406
vn -0.7567 0.6377 0.1439
vn -0.4480 -0.1946 -0.8726
vn -0.1613 -0.9671 0.1965
vn -0.6335 0.3058 0.7107
vn -0.6652 0.3912 -0.6360
vn -0.1997 -0.8639 -0.4624
vn -0.3497 -0.4595 0.8165
vn -0.7607 0.6486 -0.0266
vn -0.3888 -0.3540 -0.8506
vn -0.1803 -0.9158 0.3588
vn -0.6784 0.4268 0.5980
vn -0.6181 0.2640 -0.7405
vn -0.1733 -0.9351 -0.3091
vn -0.4071 -0.3045 0.8611
vn -0.7530 0.6280 -0.1967
vn -0.3325 -0.5059 -0.7960
vn -0.2101 -0.8359 0.5071
vn -0.7147 0.5246 0.4626
vn -0.5648 0.1203 -0.8164
vn -0.1577 -0.9769 -0.1440
vn -0.4666 -0.1444 0.8726
vn 0.9359 -0.2745 -0.2207
vn 0.3170 -0.8547 0.4110
vn -0.1842 0.4967 -0.8481
vn 0.2831 -0.7634 0.5806
vn -0.1232 0.3321 -0.9352
vn 0.2382 -0.6422 0.7286
vn -0.0573 0.1544 -0.9863
vn -0.1429 0.3854 0.9116
vn 0.1842 -0.4967 0.8482
vn 0.0106 -0.0286 -0.9995
vn -0.2019 0.5445 0.8141
vn 0.1231 -0.3320 0.9352
vn 0.0784 -0.2113 -0.9743
vn 0.1428 -0.3851 -0.9117
vn 0.2020 -0.5446 -0.8140
vn -0.3252 0.8768 0.3541
vn -0.0782 0.2110 0.9744
vn 0.2533 -0.6830 -0.6850
vn -0.3430 0.9248 0.1647
vn 0.2949 -0.7952 -0.5298
vn 0.3252 -0.8769 -0.3540
vn -0.3388 0.9135 -0.2252
vn 0.3430 -0.9248 -0.1648
vn -0.3171 0.8548 -0.4107
vn 0.3476 -0.9372 0.0307
vn -0.2830 0.7631 -0.5810
vn 0.3388 -0.9135 0.2252
vn 0.3388 -0.9135 0.2250
vn 0.5221 0.8413 -0.1403
vn 0.9470 -0.3044 -0.1028
vn 0.5356 0.8047 -0.2561
vn 0.9499 -0.3121 0.0192
vn 0.5569 0.7476 -0.3620
vn 0.9444 -0.2974 0.1403
vn 0.5847 0.6723 -0.4540
vn 0.9308 -0.2608 0.2560
vn 0.6184 0.5815 -0.5286
vn 0.9096 -0.2037 0.3620
vn 0.6565 0.4788 -0.5829
vn 0.8817 -0.1282 0.4541
vn 0.6976 0.3683 -0.6147
vn 0.6442 0.5120 0.5682
vn 0.8481 -0.0376 0.5286
vn 0.7398 0.2541 -0.6230
vn 0.6074 0.6114 0.5073
vn 0.8100 0.0650 0.5829
vn 0.7820 0.1403 -0.6072
vn 0.5753 0.6977 0.4269
vn 0.7690 0.1756 0.6147
vn 0.8223 0.0318 -0.5682
vn 0.5494 0.7675 0.3302
vn 0.7265 0.2900 0.6229
vn 0.8591 -0.0674 -0.5073
vn 0.5306 0.8184 0.2206
vn 0.6845 0.4035 0.6072
vn 0.8911 -0.1537 -0.4269
vn 0.5195 0.8483 0.1028
vn 0.9171 -0.2236 -0.3301
vn 0.5166 0.8560 -0.0191
vn 0.7091 -0.5260 0.4695
vn 0.3171 -0.8549 0.4107
vn 0.2831 -0.7632 0.5809
vn -0.1231 0.3318 -0.9353
vn -0.0574 0.1546 -0.9863
vn -0.1428 0.3851 0.9118
vn 0.1842 -0.4967 0.8481
vn 0.0107 -0.0288 -0.9995
vn -0.2020 0.5447 0.8139
vn 0.1232 -0.3321 0.9351
vn 0.0783 -0.2110 -0.9743
vn -0.2533 0.6830 0.6851
vn 0.1430 -0.3854 -0.9116
vn -0.2949 0.7952 0.5298
vn -0.0108 0.0291 0.9995
vn 0.2020 -0.5445 -0.8141
vn -0.3252 0.8769 0.3540
vn -0.0783 0.2110 0.9743
vn 0.2533 -0.6830 -0.6851
vn -0.3476 0.9372 -0.0307
vn -0.3388 0.9135 -0.2250
vn 0.3430 -0.9247 -0.1650
vn 0.3476 -0.9371 0.0311
vn -0.4281 0.8173 -0.3857
vn -0.9357 -0.1423 -0.3227
vn -0.9542 -0.2460 0.1701
vn 0.0860 -0.7789 0.6212
vn -0.9301 -0.2766 -0.2415
vn -0.9764 -0.1517 0.1534
vn -0.5715 -0.6699 0.4739
vn -0.9112 -0.3619 -0.1966
vn -0.9901 0.0040 0.1406
vn -0.8023 -0.5023 0.3227
vn -0.8838 -0.4358 -0.1700
vn -0.9395 0.3219 0.1171
vn -0.8856 -0.3968 0.2416
vn -0.8393 -0.5216 -0.1534
vn -0.5190 0.8541 0.0338
vn -0.9268 -0.3198 0.1966
vn -0.7479 -0.6487 -0.1405
vn 0.1483 0.9861 -0.0744
vn -0.5023 -0.8567 -0.1171
vn 0.4388 0.8893 -0.1289
vn 0.1627 -0.9861 -0.0340
vn 0.5338 0.8283 -0.1700
vn 0.7555 -0.6510 0.0743
vn 0.5400 0.8117 -0.2226
vn 0.9126 -0.3881 0.1290
vn 0.4600 0.8321 -0.3099
vn 0.9448 -0.2799 0.1701
vn 0.1949 0.8612 -0.4694
vn 0.9387 -0.2633 0.2225
vn -0.4426 0.6467 -0.6213
vn 0.8913 -0.3309 0.3100
vn -0.8702 0.1350 -0.4738
vn -0.2295 0.7856 -0.5746
vn 0.2241 -0.9289 0.2949
vn -0.4283 0.7918 -0.4355
vn 0.2188 -0.9146 0.3399
vn -0.4315 0.7550 -0.4937
vn 0.2085 -0.8988 0.3857
vn -0.4383 0.6971 -0.5673
vn 0.1917 -0.8796 0.4355
vn -0.4482 0.5948 -0.6673
vn -0.5808 0.4226 0.6957
vn 0.1651 -0.8538 0.4937
vn -0.4523 0.3828 -0.8055
vn -0.5853 0.7414 0.3283
vn 0.1223 -0.8144 0.5673
vn -0.3919 -0.0870 -0.9159
vn -0.5381 0.8370 0.0991
vn 0.0480 -0.7431 0.6674
vn -0.1649 -0.6990 -0.6959
vn -0.5005 0.8650 -0.0368
vn -0.0933 -0.5852 0.8055
vn 0.0396 -0.9437 -0.3286
vn -0.4746 0.8711 -0.1267
vn -0.3538 -0.1897 0.9159
vn 0.1379 -0.9855 -0.0989
vn -0.4567 0.8684 -0.1933
vn 0.1845 -0.9821 0.0368
vn -0.4442 0.8611 -0.2473
vn 0.2082 -0.9698 0.1267
vn -0.4358 0.8504 -0.2949
vn 0.2201 -0.9562 0.1932
vn -0.4305 0.8361 -0.3400
vn 0.2247 -0.9425 0.2473
vn 0.7205 0.3069 -0.6219
vn 0.3527 -0.8266 0.4385
vn -0.1838 0.7087 -0.6812
vn -0.0876 0.6555 0.7501
vn 0.3468 -0.7947 0.4982
vn -0.0901 0.5390 -0.8375
vn -0.2284 0.9117 0.3415
vn 0.3383 -0.7453 0.5745
vn 0.1162 0.1060 -0.9876
vn -0.2755 0.9560 0.1011
vn 0.3227 -0.6570 0.6814
vn 0.3609 -0.5539 -0.7503
vn -0.2925 0.9555 -0.0372
vn 0.2831 -0.4674 0.8375
vn 0.4214 -0.8402 -0.3413
vn -0.2988 0.9457 -0.1278
vn 0.1573 -0.0047 0.9875
vn 0.4145 -0.9044 -0.1010
vn -0.3002 0.9338 -0.1946
vn 0.4013 -0.9152 0.0372
vn -0.2990 0.9212 -0.2488
vn 0.3902 -0.9118 0.1278
vn -0.2956 0.9081 -0.2965
vn 0.3813 -0.9037 0.1946
vn -0.2903 0.8938 -0.3419
vn 0.3741 -0.8934 0.2488
vn -0.2826 0.8772 -0.3880
vn 0.3680 -0.8813 0.2965
vn -0.2716 0.8566 -0.4386
vn 0.3627 -0.8669 0.3419
vn -0.2553 0.8286 -0.4982
vn 0.3577 -0.8493 0.3881
vn 0.8289 -0.5533 -0.0823
vn 0.2091 0.9741 0.0856
vn 0.7161 -0.3924 0.5773
vn 0.8748 -0.1088 -0.4722
vn 0.1049 0.9939 -0.0334
vn 0.7607 -0.1496 0.6316
vn 0.8649 -0.4308 -0.2576
vn 0.0417 0.9921 -0.1181
vn 0.7464 0.2372 0.6218
vn 0.7938 -0.6021 -0.0857
vn 0.0043 0.9831 -0.1828
vn 0.7276 -0.6851 0.0334
vn -0.0156 0.9717 -0.2357
vn 0.6785 -0.7250 0.1181
vn -0.0222 0.9592 -0.2820
vn 0.6443 -0.7426 0.1828
vn -0.0171 0.9456 -0.3249
vn 0.6218 -0.7469 0.2357
vn -0.0001 0.9300 -0.3675
vn 0.6087 -0.7416 0.2819
vn 0.0311 0.9107 -0.4119
vn 0.6036 -0.7280 0.3249
vn 0.0819 0.8838 -0.4606
vn 0.6063 -0.7052 0.3676
vn 0.1614 0.8414 -0.5157
vn 0.6174 -0.6701 0.4119
vn 0.2869 0.7645 -0.5772
vn 0.5922 0.6528 0.4724
vn 0.6383 -0.6168 0.4605
vn 0.4791 0.6095 -0.6316
vn 0.3749 0.8906 0.2576
vn 0.6711 -0.5327 0.5156
vn 0.9314 -0.3410 0.1276
vn 0.0484 0.9826 -0.1795
vn 0.7633 -0.6452 0.0325
vn 0.0260 0.9724 -0.2319
vn 0.7129 -0.6917 0.1158
vn 0.0182 0.9604 -0.2780
vn 0.6774 -0.7134 0.1794
vn 0.0232 0.9470 -0.3203
vn 0.6537 -0.7203 0.2323
vn 0.0413 0.9313 -0.3619
vn 0.6401 -0.7163 0.2778
vn 0.0748 0.9113 -0.4048
vn 0.6351 -0.7028 0.3203
vn 0.1287 0.8833 -0.4508
vn 0.6386 -0.6791 0.3620
vn 0.2130 0.8386 -0.5013
vn 0.6510 -0.6421 0.4048
vn 0.3421 0.7588 -0.5542
vn 0.6384 0.6352 0.4347
vn 0.6736 -0.5857 0.4508
vn 0.5315 0.6035 -0.5944
vn 0.4336 0.8679 0.2425
vn 0.7084 -0.4969 0.5013
vn 0.7565 0.3169 -0.5721
vn 0.2674 0.9601 0.0820
vn 0.7542 -0.3522 0.5542
vn 0.8983 -0.0655 -0.4345
vn 0.1579 0.9869 -0.0324
vn 0.7965 -0.1110 0.5944
vn 0.8947 -0.3753 -0.2423
vn 0.0895 0.9892 -0.1158
vn 0.7802 0.2528 0.5722
vn 0.3267 -0.8810 0.3421
vn 0.4437 0.8637 -0.2389
vn 0.9141 -0.3680 0.1705
vn 0.4643 0.8448 -0.2658
vn 0.9034 -0.3756 0.2071
vn 0.5021 0.8154 -0.2881
vn 0.8997 -0.3655 0.2388
vn 0.5583 0.7717 -0.3045
vn 0.9029 -0.3377 0.2658
vn 0.6328 0.7084 -0.3127
vn 0.9125 -0.2905 0.2881
vn 0.7216 0.6196 -0.3088
vn 0.8524 0.4881 0.1877
vn 0.9265 -0.2212 0.3045
vn 0.8170 0.4997 -0.2878
vn 0.7697 0.6275 0.1174
vn 0.9416 -0.1245 0.3129
vn 0.9033 0.3508 -0.2470
vn 0.6798 0.7320 0.0457
vn 0.9512 0.0004 0.3087
vn 0.9645 0.1857 -0.1876
vn 0.5983 0.8010 -0.0203
vn 0.9452 0.1539 0.2879
vn 0.9928 0.0256 -0.1174
vn 0.5319 0.8432 -0.0782
vn 0.9135 0.3232 0.2470
vn 0.9927 -0.1112 -0.0459
vn 0.4835 0.8660 -0.1278
vn 0.9759 -0.2172 0.0203
vn 0.4532 0.8750 -0.1703
vn 0.9530 -0.2926 0.0783
vn 0.4400 0.8738 -0.2071
vn -0.3014 0.8126 -0.4989
vn 0.3204 -0.8639 0.3887
vn -0.2844 0.7669 -0.5753
vn 0.3125 -0.8425 0.4389
vn -0.2538 0.6845 -0.6834
vn -0.2268 0.6115 0.7580
vn 0.3015 -0.8130 0.4981
vn -0.1874 0.5054 -0.8423
vn -0.3264 0.8799 0.3452
vn 0.2843 -0.7665 0.5759
vn -0.0213 0.0574 -0.9981
vn -0.3460 0.9329 0.1004
vn 0.2541 -0.6850 0.6828
vn 0.2269 -0.6118 -0.7578
vn -0.3475 0.9369 -0.0375
vn 0.1876 -0.5057 0.8421
vn 0.3265 -0.8804 -0.3438
vn -0.3449 0.9300 -0.1273
vn 0.0203 -0.0548 0.9983
vn 0.3459 -0.9328 -0.1013
vn -0.3410 0.9195 -0.1953
vn 0.3475 -0.9369 0.0376
vn -0.3368 0.9081 -0.2487
vn 0.3449 -0.9298 0.1284
vn -0.3321 0.8954 -0.2966
vn 0.3411 -0.9196 0.1948
vn -0.3267 0.8808 -0.3426
vn 0.3368 -0.9082 0.2483
vn -0.3204 0.8639 -0.3887
vn 0.3320 -0.8951 0.2975
vn -0.3125 0.8427 -0.4384
usemtl Material.004
s off
f 1595/2980/778 1596/2981/778 1597/2982/778 1598/2983/778
f 1598/2983/779 1597/2982/779 1599/2984/779 1600/2985/779
f 1600/2985/780 1599/2984/780 1601/2986/780 1602/2987/780
f 1602/2987/781 1601/2986/781 1603/2988/781 1604/2989/781
f 1604/2990/782 1603/2991/782 1605/2992/782 1606/2993/782
f 1606/2993/783 1605/2992/783 1607/2994/783 1608/2995/783
f 1608/2995/784 1607/2994/784 1609/2996/784 1610/2997/784
f 1610/2997/785 1609/2996/785 1611/2998/785 1612/2999/785
f 1612/2999/786 1611/2998/786 1613/3000/786 1614/3001/786
f 1614/3001/787 1613/3000/787 1615/3002/787 1616/3003/787
f 1616/3003/788 1615/3002/788 1617/3004/788 1618/3005/788
f 1618/3005/789 1617/3004/789 1619/3006/789 1620/3007/789
f 1620/3007/790 1619/3006/790 1621/3008/790 1622/3009/790
f 1622/3010/791 1621/3011/791 1623/3012/791 1624/3013/791
f 1624/3013/792 1623/3012/792 1625/3014/792 1626/3015/792
f 1626/3015/793 1625/3014/793 1627/3016/793 1628/3017/793
f 1628/3017/794 1627/3016/794 1629/3018/794 1630/3019/794
f 1630/3019/795 1629/3018/795 1631/3020/795 1632/3021/795
f 1632/3021/796 1631/3020/796 1633/3022/796 1634/3023/796
f 1634/3023/797 1633/3022/797 1635/3024/797 1636/3025/797
f 1636/3026/798 1635/3027/798 1637/3028/798 1638/3029/798
f 1638/3029/799 1637/3028/799 1639/3030/799 1640/3031/799
f 1640/3031/800 1639/3030/800 1641/3032/800 1642/3033/800
f 1642/3033/801 1641/3032/801 1643/3034/801 1644/3035/801
f 1644/3035/802 1643/3034/802 1645/3036/802 1646/3037/802
f 1646/3037/803 1645/3036/803 1647/3038/803 1648/3039/803
f 1648/3039/804 1647/3038/804 1649/3040/804 1650/3041/804
f 1650/3041/805 1649/3040/805 1651/3042/805 1652/3043/805
f 1652/3043/806 1651/3042/806 1653/3044/806 1654/3045/806
f 1654/3046/807 1653/3047/807 1655/3048/807 1656/3049/807
f 1657/3050/808 1658/3051/808 1659/3052/808 1660/3053/808
f 1656/3049/809 1655/3048/809 1661/3054/809 1662/3055/809
f 1662/3055/810 1661/3054/810 1596/2981/810 1595/2980/810
f 1663/3056/811 1664/3057/811 1665/3058/811 1666/3059/811
f 1667/3060/812 1668/3061/812 1669/3062/812 1670/3063/812
f 1671/3064/813 1672/3065/813 1673/3066/813 1674/3067/813
f 1675/3068/814 1671/3069/814 1674/3070/814 1676/3071/814
f 1677/3072/815 1675/3068/815 1676/3071/815 1678/3073/815
f 1679/3074/816 1677/3072/816 1678/3073/816 1680/3075/816
f 1681/3076/817 1679/3074/817 1680/3075/817 1682/3077/817
f 1683/3078/818 1681/3076/818 1682/3077/818 1684/3079/818
f 1685/3080/819 1683/3078/819 1684/3079/819 1686/3081/819
f 1687/3082/820 1685/3080/820 1686/3081/820 1688/3083/820
f 1689/3084/821 1687/3082/821 1688/3083/821 1690/3085/821
f 1691/3086/822 1689/3087/822 1690/3088/822 1692/3089/822
f 1693/3090/823 1691/3086/823 1692/3089/823 1694/3091/823
f 1695/3092/824 1693/3090/824 1694/3091/824 1696/3093/824
f 1697/3094/825 1695/3092/825 1696/3093/825 1698/3095/825
f 1699/3096/826 1697/3094/826 1698/3095/826 1700/3097/826
f 1701/3098/827 1699/3096/827 1700/3097/827 1702/3099/827
f 1703/3100/828 1701/3098/828 1702/3099/828 1704/3101/828
f 1705/3102/829 1703/3100/829 1704/3101/829 1706/3103/829
f 1707/3104/830 1705/3105/830 1706/3106/830 1708/3107/830
f 1709/3108/831 1707/3104/831 1708/3107/831 1710/3109/831
f 1711/3110/832 1709/3108/832 1710/3109/832 1712/3111/832
f 1713/3112/833 1711/3110/833 1712/3111/833 1714/3113/833
f 1715/3114/834 1713/3112/834 1714/3113/834 1716/3115/834
f 1717/3116/835 1715/3114/835 1716/3115/835 1718/3117/835
f 1719/3118/836 1717/3116/836 1718/3117/836 1720/3119/836
f 1721/3120/837 1719/3118/837 1720/3119/837 1722/3121/837
f 1723/3122/838 1721/3123/838 1722/3124/838 1724/3125/838
f 1725/3126/839 1723/3122/839 1724/3125/839 1726/3127/839
f 1727/3128/840 1725/3126/840 1726/3127/840 1728/3129/840
f 1729/3130/841 1730/3131/841 1731/3132/841 1732/3133/841
f 1733/3134/842 1734/3135/842 1735/3136/842 1736/3137/842
f 1730/3131/843 1737/3138/843 1738/3139/843 1731/3132/843
f 1672/3065/844 1739/3140/844 1740/3141/844 1673/3066/844
f 1741/3142/845 1742/3143/845 1743/3144/845 1744/3145/845
f 1745/3146/846 1746/3147/846 1747/3148/846 1748/3149/846
f 1749/3150/847 1750/3151/847 1751/3152/847 1752/3153/847
f 1753/3154/814 1749/3155/814 1752/3156/814 1754/3157/814
f 1755/3158/848 1753/3154/848 1754/3157/848 1756/3159/848
f 1757/3160/849 1755/3158/849 1756/3159/849 1758/3161/849
f 1759/3162/817 1757/3160/817 1758/3161/817 1760/3163/817
f 1761/3164/850 1759/3162/850 1760/3163/850 1762/3165/850
f 1763/3166/851 1761/3164/851 1762/3165/851 1764/3167/851
f 1765/3168/852 1763/3166/852 1764/3167/852 1766/3169/852
f 1767/3170/821 1765/3168/821 1766/3169/821 1768/3171/821
f 1769/3172/853 1767/3173/853 1768/3174/853 1770/3175/853
f 1771/3176/854 1769/3172/854 1770/3175/854 1772/3177/854
f 1773/3178/855 1771/3176/855 1772/3177/855 1774/3179/855
f 1775/3180/856 1773/3178/856 1774/3179/856 1776/3181/856
f 1777/3182/857 1775/3180/857 1776/3181/857 1778/3183/857
f 1779/3184/858 1777/3182/858 1778/3183/858 1780/3185/858
f 1781/3186/859 1779/3184/859 1780/3185/859 1782/3187/859
f 1783/3188/860 1781/3186/860 1782/3187/860 1784/3189/860
f 1785/3190/830 1783/3191/830 1784/3192/830 1786/3193/830
f 1787/3194/831 1785/3190/831 1786/3193/831 1788/3195/831
f 1789/3196/861 1787/3194/861 1788/3195/861 1790/3197/861
f 1791/3198/862 1789/3196/862 1790/3197/862 1792/3199/862
f 1793/3200/863 1791/3198/863 1792/3199/863 1794/3201/863
f 1795/3202/864 1793/3200/864 1794/3201/864 1796/3203/864
f 1797/3204/836 1795/3202/836 1796/3203/836 1798/3205/836
f 1799/3206/865 1797/3204/865 1798/3205/865 1800/3207/865
f 1801/3208/866 1799/3209/866 1800/3210/866 1802/3211/866
f 1803/3212/867 1801/3208/867 1802/3211/867 1804/3213/867
f 1737/3138/868 1803/3212/868 1804/3213/868 1738/3139/868
f 1805/3214/869 1806/3215/869 1807/3216/869 1808/3217/869
f 1750/3151/870 1809/3218/870 1810/3219/870 1751/3152/870
f 1811/3220/871 1812/3221/871 1813/3222/871 1814/3223/871
f 1815/3224/872 1816/3225/872 1817/3226/872 1818/3227/872
f 1818/3227/873 1817/3226/873 1819/3228/873 1820/3229/873
f 1820/3229/874 1819/3228/874 1821/3230/874 1822/3231/874
f 1822/3231/875 1821/3230/875 1823/3232/875 1824/3233/875
f 1824/3234/876 1823/3235/876 1825/3236/876 1826/3237/876
f 1826/3237/877 1825/3236/877 1827/3238/877 1828/3239/877
f 1828/3239/878 1827/3238/878 1829/3240/878 1830/3241/878
f 1830/3241/879 1829/3240/879 1831/3242/879 1832/3243/879
f 1832/3243/880 1831/3242/880 1833/3244/880 1834/3245/880
f 1834/3245/881 1833/3244/881 1835/3246/881 1836/3247/881
f 1836/3247/882 1835/3246/882 1837/3248/882 1838/3249/882
f 1838/3249/883 1837/3248/883 1839/3250/883 1840/3251/883
f 1840/3252/884 1839/3253/884 1841/3254/884 1842/3255/884
f 1842/3255/885 1841/3254/885 1843/3256/885 1844/3257/885
f 1844/3257/886 1843/3256/886 1845/3258/886 1846/3259/886
f 1846/3259/887 1845/3258/887 1847/3260/887 1848/3261/887
f 1848/3261/888 1847/3260/888 1849/3262/888 1850/3263/888
f 1850/3263/889 1849/3262/889 1851/3264/889 1852/3265/889
f 1852/3265/890 1851/3264/890 1853/3266/890 1854/3267/890
f 1854/3267/891 1853/3266/891 1855/3268/891 1856/3269/891
f 1856/3270/892 1855/3271/892 1857/3272/892 1858/3273/892
f 1858/3273/893 1857/3272/893 1859/3274/893 1860/3275/893
f 1860/3275/894 1859/3274/894 1861/3276/894 1862/3277/894
f 1862/3277/895 1861/3276/895 1863/3278/895 1864/3279/895
f 1864/3279/896 1863/3278/896 1865/3280/896 1866/3281/896
f 1866/3281/897 1865/3280/897 1867/3282/897 1868/3283/897
f 1868/3283/898 1867/3282/898 1869/3284/898 1870/3285/898
f 1870/3285/899 1869/3284/899 1871/3286/899 1872/3287/899
f 1872/3288/900 1871/3289/900 1873/3290/900 1874/3291/900
f 1874/3291/901 1873/3290/901 1875/3292/901 1876/3293/901
f 1877/3294/902 1878/3295/902 1879/3296/902 1880/3297/902
f 1876/3293/903 1875/3292/903 1881/3298/903 1882/3299/903
f 1882/3299/904 1881/3298/904 1816/3225/904 1815/3224/904
f 1883/3300/905 1884/3301/905 1885/3302/905 1886/3303/905
f 1887/3304/906 1662/3055/906 1595/2980/906 1888/3305/906
f 1889/3306/907 1656/3049/907 1662/3055/907 1887/3304/907
f 1890/3307/908 1654/3046/908 1656/3049/908 1889/3306/908
f 1891/3308/909 1652/3309/909 1654/3046/909 1890/3307/909
f 1892/3310/910 1650/3041/910 1652/3043/910 1891/3311/910
f 1893/3312/911 1648/3039/911 1650/3041/911 1892/3310/911
f 1894/3313/912 1646/3037/912 1648/3039/912 1893/3312/912
f 1895/3314/913 1644/3035/913 1646/3037/913 1894/3313/913
f 1896/3315/914 1642/3033/914 1644/3035/914 1895/3314/914
f 1897/3316/915 1640/3031/915 1642/3033/915 1896/3315/915
f 1898/3317/916 1638/3029/916 1640/3031/916 1897/3316/916
f 1899/3318/917 1636/3026/917 1638/3029/917 1898/3317/917
f 1900/3319/918 1634/3023/918 1636/3025/918 1899/3320/918
f 1901/3321/919 1632/3021/919 1634/3023/919 1900/3319/919
f 1902/3322/920 1630/3019/920 1632/3021/920 1901/3321/920
f 1903/3323/921 1628/3017/921 1630/3019/921 1902/3322/921
f 1904/3324/922 1626/3015/922 1628/3017/922 1903/3323/922
f 1905/3325/923 1624/3013/923 1626/3015/923 1904/3324/923
f 1906/3326/924 1622/3010/924 1624/3013/924 1905/3325/924
f 1907/3327/925 1620/3328/925 1622/3010/925 1906/3326/925
f 1908/3329/926 1618/3005/926 1620/3007/926 1907/3330/926
f 1909/3331/927 1616/3003/927 1618/3005/927 1908/3329/927
f 1910/3332/928 1614/3001/928 1616/3003/928 1909/3331/928
f 1911/3333/929 1612/2999/929 1614/3001/929 1910/3332/929
f 1912/3334/930 1610/2997/930 1612/2999/930 1911/3333/930
f 1913/3335/931 1608/2995/931 1610/2997/931 1912/3334/931
f 1914/3336/932 1606/2993/932 1608/2995/932 1913/3335/932
f 1915/3337/933 1604/2990/933 1606/2993/933 1914/3336/933
f 1916/3338/934 1602/2987/934 1604/2989/934 1915/3339/934
f 1917/3340/935 1600/2985/935 1602/2987/935 1916/3338/935
f 1918/3341/936 1598/2983/936 1600/2985/936 1917/3340/936
f 1888/3305/937 1595/2980/937 1598/2983/937 1918/3341/937
f 1919/3342/938 1667/3060/938 1670/3063/938 1920/3343/938
f 1921/3344/939 1922/3345/939 1667/3060/939 1919/3342/939
f 1923/3346/940 1924/3347/940 1922/3345/940 1921/3344/940
f 1925/3348/941 1926/3349/941 1924/3347/941 1923/3346/941
f 1927/3350/942 1928/3351/942 1926/3352/942 1925/3353/942
f 1929/3354/943 1930/3355/943 1928/3351/943 1927/3350/943
f 1931/3356/944 1932/3357/944 1930/3355/944 1929/3354/944
f 1933/3358/945 1934/3359/945 1932/3357/945 1931/3356/945
f 1935/3360/946 1936/3361/946 1934/3359/946 1933/3358/946
f 1937/3362/947 1938/3363/947 1936/3361/947 1935/3360/947
f 1939/3364/948 1940/3365/948 1938/3363/948 1937/3362/948
f 1941/3366/949 1942/3367/949 1940/3368/949 1939/3369/949
f 1943/3370/950 1944/3371/950 1942/3367/950 1941/3366/950
f 1945/3372/951 1946/3373/951 1944/3371/951 1943/3370/951
f 1947/3374/952 1948/3375/952 1946/3373/952 1945/3372/952
f 1949/3376/953 1950/3377/953 1948/3375/953 1947/3374/953
f 1951/3378/954 1952/3379/954 1950/3377/954 1949/3376/954
f 1953/3380/955 1954/3381/955 1952/3379/955 1951/3378/955
f 1955/3382/956 1956/3383/956 1954/3381/956 1953/3380/956
f 1957/3384/957 1958/3385/957 1956/3383/957 1955/3382/957
f 1959/3386/958 1960/3387/958 1958/3388/958 1957/3389/958
f 1961/3390/959 1736/3137/959 1960/3387/959 1959/3386/959
f 1962/3391/960 1733/3134/960 1736/3137/960 1961/3390/960
f 1963/3392/961 1964/3393/961 1733/3134/961 1962/3391/961
f 1965/3394/962 1966/3395/962 1964/3393/962 1963/3392/962
f 1967/3396/963 1968/3397/963 1966/3395/963 1965/3394/963
f 1969/3398/964 1970/3399/964 1968/3397/964 1967/3396/964
f 1971/3400/965 1972/3401/965 1970/3402/965 1969/3403/965
f 1973/3404/966 1974/3405/966 1972/3401/966 1971/3400/966
f 1975/3406/967 1976/3407/967 1974/3405/967 1973/3404/967
f 1977/3408/968 1978/3409/968 1976/3407/968 1975/3406/968
f 1920/3343/969 1670/3063/969 1978/3409/969 1977/3408/969
f 1979/3410/970 1882/3299/970 1815/3224/970 1980/3411/970
f 1981/3412/971 1876/3293/971 1882/3299/971 1979/3410/971
f 1982/3413/972 1874/3291/972 1876/3293/972 1981/3412/972
f 1983/3414/973 1872/3288/973 1874/3291/973 1982/3413/973
f 1984/3415/974 1870/3285/974 1872/3287/974 1983/3416/974
f 1985/3417/975 1868/3283/975 1870/3285/975 1984/3415/975
f 1986/3418/976 1866/3281/976 1868/3283/976 1985/3417/976
f 1987/3419/977 1864/3279/977 1866/3281/977 1986/3418/977
f 1988/3420/978 1862/3277/978 1864/3279/978 1987/3419/978
f 1989/3421/979 1860/3275/979 1862/3277/979 1988/3420/979
f 1990/3422/980 1858/3273/980 1860/3275/980 1989/3421/980
f 1991/3423/981 1856/3269/981 1858/3424/981 1990/3425/981
f 1992/3426/982 1854/3267/982 1856/3269/982 1991/3423/982
f 1993/3427/983 1852/3265/983 1854/3267/983 1992/3426/983
f 1994/3428/984 1850/3263/984 1852/3265/984 1993/3427/984
f 1995/3429/985 1848/3261/985 1850/3263/985 1994/3428/985
f 1996/3430/986 1846/3259/986 1848/3261/986 1995/3429/986
f 1997/3431/987 1844/3257/987 1846/3259/987 1996/3430/987
f 1998/3432/988 1842/3255/988 1844/3257/988 1997/3431/988
f 1999/3433/989 1840/3252/989 1842/3255/989 1998/3432/989
f 2000/3434/990 1838/3249/990 1840/3251/990 1999/3435/990
f 2001/3436/991 1836/3247/991 1838/3249/991 2000/3434/991
f 2002/3437/992 1834/3245/992 1836/3247/992 2001/3436/992
f 2003/3438/993 1832/3243/993 1834/3245/993 2002/3437/993
f 2004/3439/994 1830/3241/994 1832/3243/994 2003/3438/994
f 2005/3440/995 1828/3239/995 1830/3241/995 2004/3439/995
f 2006/3441/996 1826/3237/996 1828/3239/996 2005/3440/996
f 2007/3442/997 1824/3233/997 1826/3443/997 2006/3444/997
f 2008/3445/998 1822/3231/998 1824/3233/998 2007/3442/998
f 2009/3446/999 1820/3229/999 1822/3231/999 2008/3445/999
f 2010/3447/1000 1818/3227/1000 1820/3229/1000 2009/3446/1000
f 1980/3411/1001 1815/3224/1001 1818/3227/1001 2010/3447/1001
f 2011/3448/1002 1745/3146/1002 1748/3149/1002 2012/3449/1002
f 2013/3450/1003 2014/3451/1003 1745/3146/1003 2011/3448/1003
f 2015/3452/1004 2016/3453/1004 2014/3451/1004 2013/3450/1004
f 2017/3454/1005 2018/3455/1005 2016/3453/1005 2015/3452/1005
f 2019/3456/1006 2020/3457/1006 2018/3458/1006 2017/3459/1006
f 2021/3460/1007 2022/3461/1007 2020/3457/1007 2019/3456/1007
f 2023/3462/1008 2024/3463/1008 2022/3461/1008 2021/3460/1008
f 2025/3464/1009 2026/3465/1009 2024/3463/1009 2023/3462/1009
f 2027/3466/1010 2028/3467/1010 2026/3465/1010 2025/3464/1010
f 2029/3468/1011 2030/3469/1011 2028/3467/1011 2027/3466/1011
f 2031/3470/1012 2032/3471/1012 2030/3469/1012 2029/3468/1012
f 2033/3472/1013 2034/3473/1013 2032/3474/1013 2031/3475/1013
f 2035/3476/1014 2036/3477/1014 2034/3473/1014 2033/3472/1014
f 2037/3478/1015 2038/3479/1015 2036/3477/1015 2035/3476/1015
f 2039/3480/1016 2040/3481/1016 2038/3479/1016 2037/3478/1016
f 2041/3482/1017 2042/3483/1017 2040/3481/1017 2039/3480/1017
f 2043/3484/1018 2044/3485/1018 2042/3483/1018 2041/3482/1018
f 2045/3486/1019 2046/3487/1019 2044/3485/1019 2043/3484/1019
f 2047/3488/1020 2048/3489/1020 2046/3487/1020 2045/3486/1020
f 2049/3490/1021 2050/3491/1021 2048/3489/1021 2047/3488/1021
f 2051/3492/1022 2052/3493/1022 2050/3494/1022 2049/3495/1022
f 2053/3496/1023 2054/3497/1023 2052/3493/1023 2051/3492/1023
f 2055/3498/1024 2056/3499/1024 2054/3497/1024 2053/3496/1024
f 2057/3500/1025 2058/3501/1025 2056/3499/1025 2055/3498/1025
f 2059/3502/1026 2060/3503/1026 2058/3501/1026 2057/3500/1026
f 2061/3504/1027 2062/3505/1027 2060/3503/1027 2059/3502/1027
f 2063/3506/1028 2064/3507/1028 2062/3505/1028 2061/3504/1028
f 2065/3508/1029 1808/3217/1029 2064/3509/1029 2063/3510/1029
f 2066/3511/1030 1805/3214/1030 1808/3217/1030 2065/3508/1030
f 2067/3512/1031 2068/3513/1031 1805/3214/1031 2066/3511/1031
f 2069/3514/1032 2070/3515/1032 2068/3513/1032 2067/3512/1032
f 2012/3449/1033 1748/3149/1033 2070/3515/1033 2069/3514/1033
f 2071/3516/1034 1920/3343/1034 1977/3408/1034 2072/3517/1034
f 2072/3517/1035 1977/3408/1035 1975/3406/1035 2073/3518/1035
f 2073/3518/1036 1975/3406/1036 1973/3404/1036 2074/3519/1036
f 2074/3519/1037 1973/3404/1037 1971/3400/1037 2075/3520/1037
f 2075/3520/1038 1971/3400/1038 1969/3403/1038 2076/3521/1038
f 2076/3522/1039 1969/3398/1039 1967/3396/1039 2077/3523/1039
f 2077/3523/1040 1967/3396/1040 1965/3394/1040 2078/3524/1040
f 2078/3524/1041 1965/3394/1041 1963/3392/1041 2079/3525/1041
f 2079/3525/1042 1963/3392/1042 1962/3391/1042 2080/3526/1042
f 2080/3526/1043 1962/3391/1043 1961/3390/1043 2081/3527/1043
f 2081/3527/1044 1961/3390/1044 1959/3386/1044 2082/3528/1044
f 2082/3528/1045 1959/3386/1045 1957/3389/1045 2083/3529/1045
f 2083/3530/1046 1957/3384/1046 1955/3382/1046 2084/3531/1046
f 2084/3531/1047 1955/3382/1047 1953/3380/1047 2085/3532/1047
f 2085/3532/1048 1953/3380/1048 1951/3378/1048 2086/3533/1048
f 2086/3533/1049 1951/3378/1049 1949/3376/1049 2087/3534/1049
f 2087/3534/1050 1949/3376/1050 1947/3374/1050 2088/3535/1050
f 2088/3535/1051 1947/3374/1051 1945/3372/1051 1741/3142/1051
f 1741/3142/1052 1945/3372/1052 1943/3370/1052 1742/3143/1052
f 1742/3143/1053 1943/3370/1053 1941/3366/1053 2089/3536/1053
f 2089/3537/1054 1941/3538/1054 1939/3364/1054 2090/3539/1054
f 2090/3539/1055 1939/3364/1055 1937/3362/1055 2091/3540/1055
f 2091/3540/1056 1937/3362/1056 1935/3360/1056 2092/3541/1056
f 2092/3541/1057 1935/3360/1057 1933/3358/1057 2093/3542/1057
f 2093/3542/1058 1933/3358/1058 1931/3356/1058 2094/3543/1058
f 2094/3543/1059 1931/3356/1059 1929/3354/1059 2095/3544/1059
f 2095/3544/1060 1929/3354/1060 1927/3350/1060 2096/3545/1060
f 2096/3545/1061 1927/3350/1061 1925/3353/1061 2097/3546/1061
f 2097/3547/1062 1925/3348/1062 1923/3346/1062 2098/3548/1062
f 2098/3548/1063 1923/3346/1063 1921/3344/1063 2099/3549/1063
f 2099/3549/1064 1921/3344/1064 1919/3342/1064 2100/3550/1064
f 2100/3550/1065 1919/3342/1065 1920/3343/1065 2071/3516/1065
f 2101/3551/1066 1888/3305/1066 1918/3341/1066 2102/3552/1066
f 2102/3552/1067 1918/3341/1067 1917/3340/1067 2103/3553/1067
f 2103/3553/1068 1917/3340/1068 1916/3338/1068 2104/3554/1068
f 2104/3554/1069 1916/3338/1069 1915/3339/1069 2105/3555/1069
f 2105/3556/1070 1915/3337/1070 1914/3336/1070 2106/3557/1070
f 2106/3557/1071 1914/3336/1071 1913/3335/1071 2107/3558/1071
f 2107/3558/1072 1913/3335/1072 1912/3334/1072 2108/3559/1072
f 2108/3559/1073 1912/3334/1073 1911/3333/1073 2109/3560/1073
f 2109/3560/1074 1911/3333/1074 1910/3332/1074 2110/3561/1074
f 2110/3561/1075 1910/3332/1075 1909/3331/1075 2111/3562/1075
f 2111/3562/1076 1909/3331/1076 1908/3329/1076 2112/3563/1076
f 2112/3563/1077 1908/3329/1077 1907/3330/1077 2113/3564/1077
f 2113/3565/1078 1907/3327/1078 1906/3326/1078 2114/3566/1078
f 2114/3566/1079 1906/3326/1079 1905/3325/1079 2115/3567/1079
f 2115/3567/1080 1905/3325/1080 1904/3324/1080 2116/3568/1080
f 2116/3568/1081 1904/3324/1081 1903/3323/1081 2117/3569/1081
f 2117/3569/1082 1903/3323/1082 1902/3322/1082 2118/3570/1082
f 2118/3570/1083 1902/3322/1083 1901/3321/1083 2119/3571/1083
f 2119/3571/1084 1901/3321/1084 1900/3319/1084 2120/3572/1084
f 2120/3572/1085 1900/3319/1085 1899/3320/1085 2121/3573/1085
f 2121/3574/1086 1899/3318/1086 1898/3317/1086 2122/3575/1086
f 2122/3575/1087 1898/3317/1087 1897/3316/1087 2123/3576/1087
f 2123/3576/1088 1897/3316/1088 1896/3315/1088 2124/3577/1088
f 2124/3577/1089 1896/3315/1089 1895/3314/1089 2125/3578/1089
f 2125/3578/1090 1895/3314/1090 1894/3313/1090 2126/3579/1090
f 2126/3579/1091 1894/3313/1091 1893/3312/1091 2127/3580/1091
f 2127/3580/1092 1893/3312/1092 1892/3310/1092 2128/3581/1092
f 2128/3581/1093 1892/3310/1093 1891/3311/1093 2129/3582/1093
f 2129/3582/1094 1891/3311/1094 1890/3583/1094 2130/3584/1094
f 2130/3585/1095 1890/3307/1095 1889/3306/1095 2131/3586/1095
f 2131/3586/1096 1889/3306/1096 1887/3304/1096 2132/3587/1096
f 2132/3587/1097 1887/3304/1097 1888/3305/1097 2101/3551/1097
f 2133/3588/1098 1980/3411/1098 2010/3447/1098 2134/3589/1098
f 2134/3589/1099 2010/3447/1099 2009/3446/1099 2135/3590/1099
f 2135/3590/1100 2009/3446/1100 2008/3445/1100 2136/3591/1100
f 2136/3591/1101 2008/3445/1101 2007/3442/1101 1663/3592/1101
f 1663/3056/1102 2007/3593/1102 2006/3441/1102 1664/3057/1102
f 1664/3057/1103 2006/3441/1103 2005/3440/1103 2137/3594/1103
f 2137/3594/1104 2005/3440/1104 2004/3439/1104 2138/3595/1104
f 2138/3595/1105 2004/3439/1105 2003/3438/1105 2139/3596/1105
f 2139/3596/1106 2003/3438/1106 2002/3437/1106 2140/3597/1106
f 2140/3597/1107 2002/3437/1107 2001/3436/1107 2141/3598/1107
f 2141/3598/1108 2001/3436/1108 2000/3434/1108 2142/3599/1108
f 2142/3599/1109 2000/3434/1109 1999/3435/1109 2143/3600/1109
f 2143/3601/1110 1999/3433/1110 1998/3432/1110 2144/3602/1110
f 2144/3602/1111 1998/3432/1111 1997/3431/1111 2145/3603/1111
f 2145/3603/1112 1997/3431/1112 1996/3430/1112 2146/3604/1112
f 2146/3604/1113 1996/3430/1113 1995/3429/1113 2147/3605/1113
f 2147/3605/1114 1995/3429/1114 1994/3428/1114 2148/3606/1114
f 2148/3606/1115 1994/3428/1115 1993/3427/1115 2149/3607/1115
f 2149/3607/1116 1993/3427/1116 1992/3426/1116 2150/3608/1116
f 2150/3608/1117 1992/3426/1117 1991/3423/1117 2151/3609/1117
f 2151/3610/1118 1991/3611/1118 1990/3422/1118 1811/3220/1118
f 1811/3220/1119 1990/3422/1119 1989/3421/1119 1812/3221/1119
f 1812/3221/1120 1989/3421/1120 1988/3420/1120 2152/3612/1120
f 2152/3612/1121 1988/3420/1121 1987/3419/1121 2153/3613/1121
f 2153/3613/1122 1987/3419/1122 1986/3418/1122 2154/3614/1122
f 2154/3614/1123 1986/3418/1123 1985/3417/1123 2155/3615/1123
f 2155/3615/1124 1985/3417/1124 1984/3415/1124 2156/3616/1124
f 2156/3616/1125 1984/3415/1125 1983/3416/1125 2157/3617/1125
f 2157/3618/1126 1983/3414/1126 1982/3413/1126 2158/3619/1126
f 2158/3619/1127 1982/3413/1127 1981/3412/1127 2159/3620/1127
f 2159/3620/1128 1981/3412/1128 1979/3410/1128 2160/3621/1128
f 2160/3621/1129 1979/3410/1129 1980/3411/1129 2133/3588/1129
f 2161/3622/1130 2012/3449/1130 2069/3514/1130 2162/3623/1130
f 2162/3623/1131 2069/3514/1131 2067/3512/1131 2163/3624/1131
f 2163/3624/1132 2067/3512/1132 2066/3511/1132 2164/3625/1132
f 2164/3625/1133 2066/3511/1133 2065/3508/1133 2165/3626/1133
f 2165/3627/1134 2065/3628/1134 2063/3506/1134 2166/3629/1134
f 2166/3629/1135 2063/3506/1135 2061/3504/1135 2167/3630/1135
f 2167/3630/1136 2061/3504/1136 2059/3502/1136 2168/3631/1136
f 2168/3631/1137 2059/3502/1137 2057/3500/1137 2169/3632/1137
f 2169/3632/1138 2057/3500/1138 2055/3498/1138 2170/3633/1138
f 2170/3633/1139 2055/3498/1139 2053/3496/1139 2171/3634/1139
f 2171/3634/1140 2053/3496/1140 2051/3492/1140 2172/3635/1140
f 2172/3635/1141 2051/3492/1141 2049/3495/1141 1883/3300/1141
f 1883/3636/1142 2049/3490/1142 2047/3488/1142 1884/3637/1142
f 1884/3637/1143 2047/3488/1143 2045/3486/1143 2173/3638/1143
f 2173/3638/1144 2045/3486/1144 2043/3484/1144 2174/3639/1144
f 2174/3639/1145 2043/3484/1145 2041/3482/1145 2175/3640/1145
f 2175/3640/1146 2041/3482/1146 2039/3480/1146 2176/3641/1146
f 2176/3641/1147 2039/3480/1147 2037/3478/1147 2177/3642/1147
f 2177/3642/1148 2037/3478/1148 2035/3476/1148 2178/3643/1148
f 2178/3643/1149 2035/3476/1149 2033/3472/1149 2179/3644/1149
f 2179/3645/1150 2033/3646/1150 2031/3470/1150 2180/3647/1150
f 2180/3647/1151 2031/3470/1151 2029/3468/1151 2181/3648/1151
f 2181/3648/1152 2029/3468/1152 2027/3466/1152 2182/3649/1152
f 2182/3649/1153 2027/3466/1153 2025/3464/1153 2183/3650/1153
f 2183/3650/1154 2025/3464/1154 2023/3462/1154 2184/3651/1154
f 2184/3651/1155 2023/3462/1155 2021/3460/1155 2185/3652/1155
f 2185/3652/1156 2021/3460/1156 2019/3456/1156 2186/3653/1156
f 2186/3653/1157 2019/3456/1157 2017/3459/1157 2187/3654/1157
f 2187/3655/1158 2017/3454/1158 2015/3452/1158 2188/3656/1158
f 2188/3656/1159 2015/3452/1159 2013/3450/1159 2189/3657/1159
f 2189/3657/1160 2013/3450/1160 2011/3448/1160 2190/3658/1160
f 2190/3658/1161 2011/3448/1161 2012/3449/1161 2161/3622/1161
f 2191/3659/1162 2192/3660/1162 2193/3661/1162 2194/3662/1162
f 2195/3663/1163 2196/3664/1163 2197/3665/1163 2198/3666/1163
f 2050/3491/1164 2199/3667/1164 2200/3668/1164 2048/3489/1164
f 1946/3373/1165 2201/3669/1165 2202/3670/1165 1944/3371/1165
f 2032/3471/1166 2203/3671/1166 2204/3672/1166 2030/3469/1166
f 1928/3351/1167 2205/3673/1167 2206/3674/1167 1926/3352/1167
f 2014/3451/1168 2207/3675/1168 1746/3147/1168 1745/3146/1168
f 1978/3409/1169 2208/3676/1169 2209/3677/1169 1976/3407/1169
f 1808/3678/1170 1807/3679/1170 2210/3680/1170 2064/3507/1170
f 1736/3137/1171 1735/3136/1171 2211/3681/1171 1960/3387/1171
f 2048/3489/1172 2200/3668/1172 2212/3682/1172 2046/3487/1172
f 1944/3371/1173 2202/3670/1173 2213/3683/1173 1942/3367/1173
f 2030/3469/1174 2204/3672/1174 2214/3684/1174 2028/3467/1174
f 1926/3349/1175 2206/3685/1175 2215/3686/1175 1924/3347/1175
f 1809/3218/1176 1729/3130/1176 1732/3133/1176 1810/3219/1176
f 1976/3407/1177 2209/3677/1177 2216/3687/1177 1974/3405/1177
f 2064/3507/1178 2210/3680/1178 2217/3688/1178 2062/3505/1178
f 1960/3387/1179 2211/3681/1179 2218/3689/1179 1958/3388/1179
f 2046/3487/1180 2212/3682/1180 2219/3690/1180 2044/3485/1180
f 1942/3691/1181 2213/3692/1181 2220/3693/1181 1940/3365/1181
f 2028/3467/1182 2214/3684/1182 2221/3694/1182 2026/3465/1182
f 1924/3347/1183 2215/3686/1183 2222/3695/1183 1922/3345/1183
f 1974/3405/1184 2216/3687/1184 2223/3696/1184 1972/3401/1184
f 2062/3505/1185 2217/3688/1185 2224/3697/1185 2060/3503/1185
f 1958/3385/1186 2218/3698/1186 2225/3699/1186 1956/3383/1186
f 2044/3485/1187 2219/3690/1187 2226/3700/1187 2042/3483/1187
f 1940/3365/1188 2220/3693/1188 2227/3701/1188 1938/3363/1188
f 2026/3465/1189 2221/3694/1189 2228/3702/1189 2024/3463/1189
f 1922/3345/1190 2222/3695/1190 1668/3061/1190 1667/3060/1190
f 1972/3703/1191 2223/3704/1191 2229/3705/1191 1970/3399/1191
f 2060/3503/1192 2224/3697/1192 2230/3706/1192 2058/3501/1192
f 1956/3383/1193 2225/3699/1193 2231/3707/1193 1954/3381/1193
f 2042/3483/1194 2226/3700/1194 2232/3708/1194 2040/3481/1194
f 1938/3363/1195 2227/3701/1195 2233/3709/1195 1936/3361/1195
f 2024/3463/1196 2228/3702/1196 2234/3710/1196 2022/3461/1196
f 1739/3140/1176 2235/3711/1176 2236/3712/1176 1740/3141/1176
f 1970/3399/1197 2229/3705/1197 2237/3713/1197 1968/3397/1197
f 2058/3501/1198 2230/3706/1198 2238/3714/1198 2056/3499/1198
f 1954/3381/1199 2231/3707/1199 2239/3715/1199 1952/3379/1199
f 2040/3481/1200 2232/3708/1200 2240/3716/1200 2038/3479/1200
f 1748/3149/1201 1747/3148/1201 2241/3717/1201 2070/3515/1201
f 1936/3361/1202 2233/3709/1202 2242/3718/1202 1934/3359/1202
f 2022/3461/1203 2234/3710/1203 2243/3719/1203 2020/3457/1203
f 1968/3397/1204 2237/3713/1204 2244/3720/1204 1966/3395/1204
f 2056/3499/1205 2238/3714/1205 2245/3721/1205 2054/3497/1205
f 1952/3379/1206 2239/3715/1206 2246/3722/1206 1950/3377/1206
f 2038/3479/1207 2240/3716/1207 2247/3723/1207 2036/3477/1207
f 1934/3359/1208 2242/3718/1208 2248/3724/1208 1932/3357/1208
f 2020/3457/1209 2243/3719/1209 2249/3725/1209 2018/3458/1209
f 2070/3515/1210 2241/3717/1210 2250/3726/1210 2068/3513/1210
f 1966/3395/1211 2244/3720/1211 2251/3727/1211 1964/3393/1211
f 2054/3497/1212 2245/3721/1212 2252/3728/1212 2052/3493/1212
f 1950/3377/1213 2246/3722/1213 2253/3729/1213 1948/3375/1213
f 2036/3477/1214 2247/3723/1214 2254/3730/1214 2034/3473/1214
f 1932/3357/1215 2248/3724/1215 2255/3731/1215 1930/3355/1215
f 2018/3455/1216 2249/3732/1216 2256/3733/1216 2016/3453/1216
f 2068/3513/1217 2250/3726/1217 1806/3215/1217 1805/3214/1217
f 1964/3393/1218 2251/3727/1218 1734/3135/1218 1733/3134/1218
f 2052/3493/1219 2252/3728/1219 2199/3734/1219 2050/3494/1219
f 1948/3375/1220 2253/3729/1220 2201/3669/1220 1946/3373/1220
f 2034/3735/1221 2254/3736/1221 2203/3671/1221 2032/3471/1221
f 1670/3063/1222 1669/3062/1222 2208/3676/1222 1978/3409/1222
f 1930/3355/1223 2255/3731/1223 2205/3673/1223 1928/3351/1223
f 2016/3453/1224 2256/3733/1224 2207/3675/1224 2014/3451/1224
f 1800/3207/1225 1798/3205/1225 2257/3737/1225 2258/3738/1225
f 1680/3075/1226 1678/3073/1226 2259/3739/1226 2260/3740/1226
f 2261/3741/1227 2262/3742/1227 2263/3743/1227 2264/3744/1227
f 2265/3745/1228 2195/3746/1228 2198/3747/1228 2266/3748/1228
f 2267/3749/1229 2191/3659/1229 2194/3662/1229 2268/3750/1229
f 2269/3751/1230 2261/3741/1230 2264/3744/1230 2270/3752/1230
f 2271/3753/1231 2265/3745/1231 2266/3748/1231 2272/3754/1231
f 2273/3755/1232 2267/3749/1232 2268/3750/1232 2274/3756/1232
f 2275/3757/1233 2276/3758/1233 2277/3759/1233 2278/3760/1233
f 2279/3761/1234 2271/3753/1234 2272/3754/1234 2280/3762/1234
f 2281/3763/1235 2273/3755/1235 2274/3756/1235 2282/3764/1235
f 2276/3758/1236 2283/3765/1236 2284/3766/1236 2277/3759/1236
f 2285/3767/1237 2279/3761/1237 2280/3762/1237 2286/3768/1237
f 2287/3769/1238 2281/3770/1238 2282/3771/1238 2288/3772/1238
f 2289/3773/1239 2275/3757/1239 2278/3760/1239 2290/3774/1239
f 2291/3775/1240 2285/3767/1240 2286/3768/1240 2292/3776/1240
f 2293/3777/1241 2287/3769/1241 2288/3772/1241 2294/3778/1241
f 2295/3779/1242 2289/3773/1242 2290/3774/1242 2296/3780/1242
f 2297/3781/1243 2291/3775/1243 2292/3776/1243 2298/3782/1243
f 2299/3783/1244 2293/3777/1244 2294/3778/1244 2300/3784/1244
f 2301/3785/1228 2295/3786/1228 2296/3787/1228 2302/3788/1228
f 2303/3789/1245 2297/3781/1245 2298/3782/1245 2304/3790/1245
f 2283/3765/1230 2299/3783/1230 2300/3784/1230 2284/3766/1230
f 2305/3791/1246 2301/3785/1246 2302/3788/1246 2306/3792/1246
f 2307/3793/1247 2303/3789/1247 2304/3790/1247 2308/3794/1247
f 2309/3795/1248 2305/3791/1248 2306/3792/1248 2310/3796/1248
f 2311/3797/1249 2307/3798/1249 2308/3799/1249 2312/3800/1249
f 2313/3801/1250 2309/3795/1250 2310/3796/1250 2314/3802/1250
f 2315/3803/1251 2311/3797/1251 2312/3800/1251 2316/3804/1251
f 2317/3805/1252 2313/3801/1252 2314/3802/1252 2318/3806/1252
f 2319/3807/1253 2315/3803/1253 2316/3804/1253 2320/3808/1253
f 2321/3809/1254 2317/3805/1254 2318/3806/1254 2322/3810/1254
f 2323/3811/1255 2319/3807/1255 2320/3808/1255 2324/3812/1255
f 2325/3813/1245 2321/3809/1245 2322/3810/1245 2326/3814/1245
f 2327/3815/1256 2323/3811/1256 2324/3812/1256 2328/3816/1256
f 2329/3817/1257 2325/3813/1257 2326/3814/1257 2330/3818/1257
f 2331/3819/1258 2327/3815/1258 2328/3816/1258 2332/3820/1258
f 2333/3821/1259 2329/3822/1259 2330/3823/1259 2334/3824/1259
f 2335/3825/1260 2331/3819/1260 2332/3820/1260 2336/3826/1260
f 2337/3827/1261 2333/3821/1261 2334/3824/1261 2338/3828/1261
f 2339/3829/1262 2335/3825/1262 2336/3826/1262 2340/3830/1262
f 2341/3831/1263 2337/3827/1263 2338/3828/1263 2342/3832/1263
f 2343/3833/1264 2339/3834/1264 2340/3835/1264 2344/3836/1264
f 2345/3837/1255 2341/3831/1255 2342/3832/1255 2346/3838/1255
f 2347/3839/1265 2343/3833/1265 2344/3836/1265 2348/3840/1265
f 2349/3841/1256 2345/3837/1256 2346/3838/1256 2350/3842/1256
f 2351/3843/1266 2347/3839/1266 2348/3840/1266 2352/3844/1266
f 2353/3845/1267 2349/3841/1267 2350/3842/1267 2354/3846/1267
f 2355/3847/1268 2351/3843/1268 2352/3844/1268 2356/3848/1268
f 2357/3849/1269 2353/3845/1269 2354/3846/1269 2358/3850/1269
f 2359/3851/1270 2355/3847/1270 2356/3848/1270 2360/3852/1270
f 2361/3853/1271 2357/3849/1271 2358/3850/1271 2362/3854/1271
f 2363/3855/1272 2359/3851/1272 2360/3852/1272 2364/3856/1272
f 2365/3857/1264 2361/3858/1264 2362/3859/1264 2366/3860/1264
f 2367/3861/1273 2363/3855/1273 2364/3856/1273 2368/3862/1273
f 2369/3863/1274 2370/3864/1274 2371/3865/1274 2372/3866/1274
f 2373/3867/1275 2365/3857/1275 2366/3860/1275 2374/3868/1275
f 2375/3869/1276 2367/3861/1276 2368/3862/1276 2376/3870/1276
f 2377/3871/1277 1727/3128/1277 1728/3129/1277 2378/3872/1277
f 2379/3873/1278 2373/3867/1278 2374/3868/1278 2380/3874/1278
f 2381/3875/1238 2375/3876/1238 2376/3877/1238 2382/3878/1238
f 2196/3664/1279 2369/3863/1279 2372/3866/1279 2197/3665/1279
f 2192/3660/1268 2379/3873/1268 2380/3874/1268 2193/3661/1268
f 2262/3742/1280 2381/3875/1280 2382/3878/1280 2263/3743/1280
f 2383/3879/1281 2384/3880/1281 2385/3881/1281 2386/3882/1281
f 2387/3883/1282 2388/3884/1282 2389/3885/1282 2390/3886/1282
f 1810/3219/1283 1732/3133/1283 2391/3887/1283 2392/3888/1283
f 1682/3077/1284 1680/3075/1284 2260/3740/1284 2393/3889/1284
f 1802/3211/1285 1800/3210/1285 2258/3890/1285 2394/3891/1285
f 1751/3152/1286 1810/3219/1286 2392/3888/1286 2395/3892/1286
f 1684/3079/1287 1682/3077/1287 2393/3889/1287 2388/3884/1287
f 1804/3213/1288 1802/3211/1288 2394/3891/1288 2384/3880/1288
f 1752/3153/1289 1751/3152/1289 2395/3892/1289 2396/3893/1289
f 1686/3081/1290 1684/3079/1290 2388/3884/1290 2387/3883/1290
f 1738/3139/1291 1804/3213/1291 2384/3880/1291 2383/3879/1291
f 1754/3157/1292 1752/3156/1292 2396/3894/1292 2397/3895/1292
f 1688/3083/1293 1686/3081/1293 2387/3883/1293 2398/3896/1293
f 1731/3132/1294 1738/3139/1294 2383/3879/1294 2399/3897/1294
f 1756/3159/1295 1754/3157/1295 2397/3895/1295 2400/3898/1295
f 1690/3085/1296 1688/3083/1296 2398/3896/1296 2401/3899/1296
f 1758/3161/1297 1756/3159/1297 2400/3898/1297 2402/3900/1297
f 1692/3089/1298 1690/3088/1298 2401/3901/1298 2403/3902/1298
f 1760/3163/1299 1758/3161/1299 2402/3900/1299 2404/3903/1299
f 1694/3091/1300 1692/3089/1300 2403/3902/1300 2405/3904/1300
f 1762/3165/1301 1760/3163/1301 2404/3903/1301 2406/3905/1301
f 1696/3093/1302 1694/3091/1302 2405/3904/1302 2407/3906/1302
f 1764/3167/1303 1762/3165/1303 2406/3905/1303 2408/3907/1303
f 1698/3095/1304 1696/3093/1304 2407/3906/1304 2409/3908/1304
f 1766/3169/1293 1764/3167/1293 2408/3907/1293 2410/3909/1293
f 1700/3097/1305 1698/3095/1305 2409/3908/1305 2411/3910/1305
f 1768/3171/1296 1766/3169/1296 2410/3909/1296 2412/3911/1296
f 1702/3099/1306 1700/3097/1306 2411/3910/1306 2413/3912/1306
f 1770/3175/1298 1768/3174/1298 2412/3913/1298 2414/3914/1298
f 1704/3101/1307 1702/3099/1307 2413/3912/1307 2415/3915/1307
f 1772/3177/1308 1770/3175/1308 2414/3914/1308 2416/3916/1308
f 1706/3103/1309 1704/3101/1309 2415/3915/1309 2417/3917/1309
f 1774/3179/1310 1772/3177/1310 2416/3916/1310 2418/3918/1310
f 1708/3107/1311 1706/3106/1311 2417/3919/1311 2419/3920/1311
f 1776/3181/1304 1774/3179/1304 2418/3918/1304 2420/3921/1304
f 1710/3109/1312 1708/3107/1312 2419/3920/1312 2421/3922/1312
f 1778/3183/1305 1776/3181/1305 2420/3921/1305 2422/3923/1305
f 1712/3111/1313 1710/3109/1313 2421/3922/1313 2423/3924/1313
f 1780/3185/1306 1778/3183/1306 2422/3923/1306 2424/3925/1306
f 1714/3113/1314 1712/3111/1314 2423/3924/1314 2425/3926/1314
f 1782/3187/1307 1780/3185/1307 2424/3925/1307 2426/3927/1307
f 1716/3115/1315 1714/3113/1315 2425/3926/1315 2427/3928/1315
f 1784/3189/1309 1782/3187/1309 2426/3927/1309 2428/3929/1309
f 1718/3117/1316 1716/3115/1316 2427/3928/1316 2429/3930/1316
f 1786/3193/1317 1784/3192/1317 2428/3931/1317 2430/3932/1317
f 1720/3119/1318 1718/3117/1318 2429/3930/1318 2431/3933/1318
f 2236/3712/1319 2378/3872/1319 2432/3934/1319 2433/3935/1319
f 1788/3195/1320 1786/3193/1320 2430/3932/1320 2434/3936/1320
f 1722/3121/1321 1720/3119/1321 2431/3933/1321 2435/3937/1321
f 1740/3141/1322 2236/3712/1322 2433/3935/1322 2436/3938/1322
f 1790/3197/1323 1788/3195/1323 2434/3936/1323 2437/3939/1323
f 1724/3125/1285 1722/3124/1285 2435/3940/1285 2438/3941/1285
f 1673/3066/1286 1740/3141/1286 2436/3938/1286 2439/3942/1286
f 1792/3199/1314 1790/3197/1314 2437/3939/1314 2440/3943/1314
f 1726/3127/1324 1724/3125/1324 2438/3941/1324 2441/3944/1324
f 1674/3067/1289 1673/3066/1289 2439/3942/1289 2442/3945/1289
f 1794/3201/1315 1792/3199/1315 2440/3943/1315 2443/3946/1315
f 1728/3129/1325 1726/3127/1325 2441/3944/1325 2444/3947/1325
f 1676/3071/1326 1674/3070/1326 2442/3948/1326 2445/3949/1326
f 1796/3203/1327 1794/3201/1327 2443/3946/1327 2446/3950/1327
f 2378/3872/1328 1728/3129/1328 2444/3947/1328 2432/3934/1328
f 1678/3073/1329 1676/3071/1329 2445/3949/1329 2259/3739/1329
f 1798/3205/1330 1796/3203/1330 2446/3950/1330 2257/3737/1330
f 1732/3133/1319 1731/3132/1319 2399/3897/1319 2391/3887/1319
f 2447/3951/1331 2448/3952/1331 2449/3953/1331 2450/3954/1331
f 2451/3955/1332 2452/3956/1332 2453/3957/1332 2454/3958/1332
f 2397/3895/1333 2396/3894/1333 2455/3959/1333 2456/3960/1333
f 2398/3896/1334 2387/3883/1334 2390/3886/1334 2457/3961/1334
f 2399/3897/1335 2383/3879/1335 2386/3882/1335 2458/3962/1335
f 2400/3898/1336 2397/3895/1336 2456/3960/1336 2459/3963/1336
f 2401/3899/1337 2398/3896/1337 2457/3961/1337 2452/3956/1337
f 2402/3900/1338 2400/3898/1338 2459/3963/1338 2448/3952/1338
f 2403/3902/1339 2401/3901/1339 2452/3964/1339 2451/3965/1339
f 2404/3903/1340 2402/3900/1340 2448/3952/1340 2447/3951/1340
f 2405/3904/1341 2403/3902/1341 2451/3965/1341 2460/3966/1341
f 2406/3905/1342 2404/3903/1342 2447/3951/1342 2461/3967/1342
f 2407/3906/1343 2405/3904/1343 2460/3966/1343 2462/3968/1343
f 2408/3907/1344 2406/3905/1344 2461/3967/1344 2463/3969/1344
f 2409/3908/1345 2407/3906/1345 2462/3968/1345 2464/3970/1345
f 2410/3909/1346 2408/3907/1346 2463/3969/1346 2465/3971/1346
f 2411/3910/1347 2409/3908/1347 2464/3970/1347 2466/3972/1347
f 2412/3911/1348 2410/3909/1348 2465/3971/1348 2467/3973/1348
f 2413/3912/1349 2411/3910/1349 2466/3972/1349 2468/3974/1349
f 2414/3914/1350 2412/3913/1350 2467/3975/1350 2469/3976/1350
f 2415/3915/1351 2413/3912/1351 2468/3974/1351 2470/3977/1351
f 2416/3916/1352 2414/3914/1352 2469/3976/1352 2471/3978/1352
f 2417/3917/1353 2415/3915/1353 2470/3977/1353 2472/3979/1353
f 2418/3918/1354 2416/3916/1354 2471/3978/1354 2473/3980/1354
f 2419/3920/1355 2417/3919/1355 2472/3981/1355 2474/3982/1355
f 2420/3921/1356 2418/3918/1356 2473/3980/1356 2475/3983/1356
f 2421/3922/1357 2419/3920/1357 2474/3982/1357 2476/3984/1357
f 2422/3923/1347 2420/3921/1347 2475/3983/1347 2477/3985/1347
f 2423/3924/1358 2421/3922/1358 2476/3984/1358 2478/3986/1358
f 2424/3925/1349 2422/3923/1349 2477/3985/1349 2479/3987/1349
f 2425/3926/1359 2423/3924/1359 2478/3986/1359 2480/3988/1359
f 2426/3927/1360 2424/3925/1360 2479/3987/1360 2481/3989/1360
f 2427/3928/1361 2425/3926/1361 2480/3988/1361 2482/3990/1361
f 2428/3929/1353 2426/3927/1353 2481/3989/1353 2483/3991/1353
f 2429/3930/1362 2427/3928/1362 2482/3990/1362 2484/3992/1362
f 2430/3932/1363 2428/3931/1363 2483/3993/1363 2485/3994/1363
f 2431/3933/1364 2429/3930/1364 2484/3992/1364 2486/3995/1364
f 2433/3935/1365 2432/3934/1365 2487/3996/1365 2488/3997/1365
f 2434/3936/1366 2430/3932/1366 2485/3994/1366 2489/3998/1366
f 2435/3937/1367 2431/3933/1367 2486/3995/1367 2490/3999/1367
f 2436/3938/1368 2433/3935/1368 2488/3997/1368 2491/4000/1368
f 2437/3939/1358 2434/3936/1358 2489/3998/1358 2492/4001/1358
f 2438/3941/1369 2435/3940/1369 2490/4002/1369 2493/4003/1369
f 2439/3942/1370 2436/3938/1370 2491/4000/1370 2494/4004/1370
f 2440/3943/1371 2437/3939/1371 2492/4001/1371 2495/4005/1371
f 2441/3944/1372 2438/3941/1372 2493/4003/1372 2496/4006/1372
f 2442/3945/1373 2439/3942/1373 2494/4004/1373 2497/4007/1373
f 2443/3946/1374 2440/3943/1374 2495/4005/1374 2498/4008/1374
f 2444/3947/1281 2441/3944/1281 2496/4006/1281 2499/4009/1281
f 2445/3949/1375 2442/3948/1375 2497/4010/1375 2500/4011/1375
f 2446/3950/1376 2443/3946/1376 2498/4008/1376 2501/4012/1376
f 2432/3934/1335 2444/3947/1335 2499/4009/1335 2487/3996/1335
f 2259/3739/1377 2445/3949/1377 2500/4011/1377 2502/4013/1377
f 2257/3737/1378 2446/3950/1378 2501/4012/1378 2503/4014/1378
f 2391/3887/1379 2399/3897/1379 2458/3962/1379 2504/4015/1379
f 2260/3740/1380 2259/3739/1380 2502/4013/1380 2505/4016/1380
f 2258/3738/1381 2257/3737/1381 2503/4014/1381 2506/4017/1381
f 2392/3888/1382 2391/3887/1382 2504/4015/1382 2507/4018/1382
f 2393/3889/1383 2260/3740/1383 2505/4016/1383 2508/4019/1383
f 2394/3891/1384 2258/3890/1384 2506/4020/1384 2509/4021/1384
f 2395/3892/1385 2392/3888/1385 2507/4018/1385 2510/4022/1385
f 2388/3884/1386 2393/3889/1386 2508/4019/1386 2389/3885/1386
f 2384/3880/1372 2394/3891/1372 2509/4021/1372 2385/3881/1372
f 2396/3893/1387 2395/3892/1387 2510/4022/1387 2455/4023/1387
f 2511/4024/1388 2512/4025/1388 2513/4026/1388 2514/4027/1388
f 2515/4028/1389 2516/4029/1389 2517/4030/1389 2518/4031/1389
f 2460/3966/1390 2451/3965/1390 2454/4032/1390 2519/4033/1390
f 2461/3967/1391 2447/3951/1391 2450/3954/1391 2520/4034/1391
f 2462/3968/1392 2460/3966/1392 2519/4033/1392 2521/4035/1392
f 2463/3969/1393 2461/3967/1393 2520/4034/1393 2522/4036/1393
f 2464/3970/1394 2462/3968/1394 2521/4035/1394 2523/4037/1394
f 2465/3971/1395 2463/3969/1395 2522/4036/1395 2524/4038/1395
f 2466/3972/1396 2464/3970/1396 2523/4037/1396 2525/4039/1396
f 2467/3973/1397 2465/3971/1397 2524/4038/1397 2526/4040/1397
f 2468/3974/1398 2466/3972/1398 2525/4039/1398 2527/4041/1398
f 2469/4042/1399 2467/3973/1399 2526/4040/1399 2516/4043/1399
f 2470/3977/1400 2468/3974/1400 2527/4041/1400 2512/4025/1400
f 2471/3978/1401 2469/3976/1401 2516/4029/1401 2515/4028/1401
f 2472/3979/1402 2470/3977/1402 2512/4025/1402 2511/4024/1402
f 2473/3980/1392 2471/3978/1392 2515/4028/1392 2528/4044/1392
f 2474/3982/1403 2472/3981/1403 2511/4045/1403 2529/4046/1403
f 2475/3983/1394 2473/3980/1394 2528/4044/1394 2530/4047/1394
f 2476/3984/1404 2474/3982/1404 2529/4046/1404 2531/4048/1404
f 2477/3985/1405 2475/3983/1405 2530/4047/1405 2532/4049/1405
f 2478/3986/1406 2476/3984/1406 2531/4048/1406 2533/4050/1406
f 2479/3987/1398 2477/3985/1398 2532/4049/1398 2534/4051/1398
f 2480/3988/1407 2478/3986/1407 2533/4050/1407 2535/4052/1407
f 2481/3989/1408 2479/3987/1408 2534/4051/1408 2536/4053/1408
f 2482/3990/1409 2480/3988/1409 2535/4052/1409 2537/4054/1409
f 2483/3991/1410 2481/3989/1410 2536/4053/1410 2538/4055/1410
f 2484/3992/1411 2482/3990/1411 2537/4054/1411 2539/4056/1411
f 2485/3994/1403 2483/3993/1403 2538/4057/1403 2540/4058/1403
f 2486/3995/1412 2484/3992/1412 2539/4056/1412 2541/4059/1412
f 2488/3997/1413 2487/3996/1413 2542/4060/1413 2543/4061/1413
f 2489/3998/1404 2485/3994/1404 2540/4058/1404 2544/4062/1404
f 2490/3999/1414 2486/3995/1414 2541/4059/1414 2545/4063/1414
f 2491/4000/1415 2488/3997/1415 2543/4061/1415 2546/4064/1415
f 2492/4001/1416 2489/3998/1416 2544/4062/1416 2547/4065/1416
f 2493/4066/1417 2490/3999/1417 2545/4063/1417 2548/4067/1417
f 2494/4004/1418 2491/4000/1418 2546/4064/1418 2549/4068/1418
f 2495/4005/1419 2492/4001/1419 2547/4065/1419 2550/4069/1419
f 2496/4006/1420 2493/4003/1420 2548/4070/1420 2551/4071/1420
f 2497/4007/1421 2494/4004/1421 2549/4068/1421 2552/4072/1421
f 2498/4008/1422 2495/4005/1422 2550/4069/1422 2553/4073/1422
f 2499/4009/1423 2496/4006/1423 2551/4071/1423 2554/4074/1423
f 2500/4011/1424 2497/4010/1424 2552/4075/1424 2555/4076/1424
f 2501/4012/1425 2498/4008/1425 2553/4073/1425 2556/4077/1425
f 2487/3996/1426 2499/4009/1426 2554/4074/1426 2542/4060/1426
f 2502/4013/1427 2500/4011/1427 2555/4076/1427 2557/4078/1427
f 2503/4014/1412 2501/4012/1412 2556/4077/1412 2558/4079/1412
f 2504/4015/1413 2458/3962/1413 2559/4080/1413 2560/4081/1413
f 2505/4016/1428 2502/4013/1428 2557/4078/1428 2561/4082/1428
f 2506/4017/1414 2503/4014/1414 2558/4079/1414 2562/4083/1414
f 2507/4018/1415 2504/4015/1415 2560/4081/1415 2563/4084/1415
f 2508/4019/1429 2505/4016/1429 2561/4082/1429 2564/4085/1429
f 2509/4086/1430 2506/4017/1430 2562/4083/1430 2565/4087/1430
f 2510/4022/1431 2507/4018/1431 2563/4084/1431 2566/4088/1431
f 2389/3885/1432 2508/4019/1432 2564/4085/1432 2567/4089/1432
f 2385/3881/1433 2509/4021/1433 2565/4090/1433 2568/4091/1433
f 2455/4023/1434 2510/4022/1434 2566/4088/1434 2569/4092/1434
f 2390/3886/1435 2389/3885/1435 2567/4089/1435 2570/4093/1435
f 2386/3882/1423 2385/3881/1423 2568/4091/1423 2571/4094/1423
f 2456/3960/1436 2455/3959/1436 2569/4095/1436 2572/4096/1436
f 2457/3961/1395 2390/3886/1395 2570/4093/1395 2573/4097/1395
f 2458/3962/1437 2386/3882/1437 2571/4094/1437 2559/4080/1437
f 2459/3963/1438 2456/3960/1438 2572/4096/1438 2574/4098/1438
f 2452/3956/1439 2457/3961/1439 2573/4097/1439 2453/3957/1439
f 2448/3952/1440 2459/3963/1440 2574/4098/1440 2449/3953/1440
f 2575/4099/1441 2576/4100/1441 2577/4101/1441 2578/4102/1441 2579/4103/1441 2580/4104/1441 2581/4105/1441 2582/4106/1441 2583/4107/1441 2584/4108/1441 2585/4109/1441 2586/4110/1441 2587/4111/1441 2514/4112/1441 2513/4113/1441 2588/4114/1441 2589/4115/1441 2590/4116/1441 2591/4117/1441 2592/4118/1441 2593/4119/1441 2594/4120/1441 2595/4121/1441 2596/4122/1441 2597/4123/1441 2598/4124/1441 2599/4125/1441 2600/4126/1441 2601/4127/1441 2602/4128/1441 2603/4129/1441 2604/4130/1441
f 2605/4131/1441 2606/4132/1441 2607/4133/1441 2608/4134/1441 2609/4135/1441 2610/4136/1441 2611/4137/1441 2612/4138/1441 2613/4139/1441 2614/4140/1441 2615/4141/1441 2616/4142/1441 2617/4143/1441 2618/4144/1441 2619/4145/1441 2620/4146/1441 2621/4147/1441 2622/4148/1441 2623/4149/1441 2518/4150/1441 2517/4151/1441 2624/4152/1441 2625/4153/1441 2626/4154/1441 2627/4155/1441 2628/4156/1441 2629/4157/1441 2630/4158/1441 2631/4159/1441 2632/4160/1441 2633/4161/1441 2634/4162/1441
f 2528/4044/1442 2515/4028/1442 2518/4031/1442 2623/4163/1442
f 2529/4046/1443 2511/4045/1443 2514/4164/1443 2587/4165/1443
f 2530/4047/1444 2528/4044/1444 2623/4163/1444 2622/4166/1444
f 2531/4048/1445 2529/4046/1445 2587/4165/1445 2586/4167/1445
f 2532/4049/1446 2530/4047/1446 2622/4166/1446 2621/4168/1446
f 2533/4050/1447 2531/4048/1447 2586/4167/1447 2585/4169/1447
f 2534/4051/1448 2532/4049/1448 2621/4168/1448 2620/4170/1448
f 2535/4052/1449 2533/4050/1449 2585/4169/1449 2584/4171/1449
f 2536/4053/1450 2534/4051/1450 2620/4170/1450 2619/4172/1450
f 2537/4054/1451 2535/4052/1451 2584/4171/1451 2583/4173/1451
f 2538/4055/1452 2536/4053/1452 2619/4172/1452 2618/4174/1452
f 2539/4056/1453 2537/4054/1453 2583/4173/1453 2582/4175/1453
f 2540/4058/1454 2538/4057/1454 2618/4176/1454 2617/4177/1454
f 2541/4059/1455 2539/4056/1455 2582/4175/1455 2581/4178/1455
f 2543/4061/1456 2542/4060/1456 2576/4179/1456 2575/4180/1456
f 2544/4062/1445 2540/4058/1445 2617/4177/1445 2616/4181/1445
f 2545/4063/1457 2541/4059/1457 2581/4178/1457 2580/4182/1457
f 2546/4064/1458 2543/4061/1458 2575/4180/1458 2604/4183/1458
f 2547/4065/1459 2544/4062/1459 2616/4181/1459 2615/4184/1459
f 2548/4067/1460 2545/4063/1460 2580/4182/1460 2579/4185/1460
f 2549/4068/1461 2546/4064/1461 2604/4183/1461 2603/4186/1461
f 2550/4069/1462 2547/4065/1462 2615/4184/1462 2614/4187/1462
f 2551/4071/1463 2548/4070/1463 2579/4188/1463 2578/4189/1463
f 2552/4072/1464 2549/4068/1464 2603/4186/1464 2602/4190/1464
f 2553/4073/1465 2550/4069/1465 2614/4187/1465 2613/4191/1465
f 2554/4074/1466 2551/4071/1466 2578/4189/1466 2577/4192/1466
f 2555/4076/1467 2552/4075/1467 2602/4193/1467 2601/4194/1467
f 2556/4077/1468 2553/4073/1468 2613/4191/1468 2612/4195/1468
f 2542/4060/1469 2554/4074/1469 2577/4192/1469 2576/4179/1469
f 2557/4078/1470 2555/4076/1470 2601/4194/1470 2600/4196/1470
f 2558/4079/1471 2556/4077/1471 2612/4195/1471 2611/4197/1471
f 2560/4081/1472 2559/4080/1472 2606/4198/1472 2605/4199/1472
f 2561/4082/1473 2557/4078/1473 2600/4196/1473 2599/4200/1473
f 2562/4083/1474 2558/4079/1474 2611/4197/1474 2610/4201/1474
f 2563/4084/1475 2560/4081/1475 2605/4199/1475 2634/4202/1475
f 2564/4085/1476 2561/4082/1476 2599/4200/1476 2598/4203/1476
f 2565/4087/1477 2562/4083/1477 2610/4201/1477 2609/4204/1477
f 2566/4088/1478 2563/4084/1478 2634/4202/1478 2633/4205/1478
f 2567/4089/1479 2564/4085/1479 2598/4203/1479 2597/4206/1479
f 2568/4091/1480 2565/4090/1480 2609/4207/1480 2608/4208/1480
f 2569/4092/1481 2566/4088/1481 2633/4205/1481 2632/4209/1481
f 2570/4093/1482 2567/4089/1482 2597/4206/1482 2596/4210/1482
f 2571/4094/1466 2568/4091/1466 2608/4208/1466 2607/4211/1466
f 2572/4096/1483 2569/4095/1483 2632/4212/1483 2631/4213/1483
f 2573/4097/1484 2570/4093/1484 2596/4210/1484 2595/4214/1484
f 2559/4080/1485 2571/4094/1485 2607/4211/1485 2606/4198/1485
f 2574/4098/1470 2572/4096/1470 2631/4213/1470 2630/4215/1470
f 2453/3957/1486 2573/4097/1486 2595/4214/1486 2594/4216/1486
f 2449/3953/1473 2574/4098/1473 2630/4215/1473 2629/4217/1473
f 2454/3958/1487 2453/3957/1487 2594/4216/1487 2593/4218/1487
f 2450/3954/1488 2449/3953/1488 2629/4217/1488 2628/4219/1488
f 2519/4033/1489 2454/4032/1489 2593/4220/1489 2592/4221/1489
f 2520/4034/1490 2450/3954/1490 2628/4219/1490 2627/4222/1490
f 2521/4035/1491 2519/4033/1491 2592/4221/1491 2591/4223/1491
f 2522/4036/1492 2520/4034/1492 2627/4222/1492 2626/4224/1492
f 2523/4037/1444 2521/4035/1444 2591/4223/1444 2590/4225/1444
f 2524/4038/1493 2522/4036/1493 2626/4224/1493 2625/4226/1493
f 2525/4039/1494 2523/4037/1494 2590/4225/1494 2589/4227/1494
f 2526/4040/1495 2524/4038/1495 2625/4226/1495 2624/4228/1495
f 2527/4041/1496 2525/4039/1496 2589/4227/1496 2588/4229/1496
f 2516/4043/1497 2526/4040/1497 2624/4228/1497 2517/4230/1497
f 2512/4025/1498 2527/4041/1498 2588/4229/1498 2513/4026/1498
f 2635/4231/1499 2636/4232/1499 2637/4233/1499 2638/4234/1499
f 2639/4235/1500 2640/4236/1500 2641/4237/1500 2642/4238/1500
f 2643/4239/1501 2644/4240/1501 2645/4241/1501 2646/4242/1501
f 2647/4243/1502 2648/4244/1502 2649/4245/1502 2650/4246/1502
f 2651/4247/1503 2652/4248/1503 2653/4249/1503 2654/4250/1503
f 2655/4251/1504 2656/4252/1504 2657/4253/1504 2658/4254/1504
f 2659/4255/1505 2660/4256/1505 2661/4257/1505 2662/4258/1505
f 2663/4259/1506 1877/3294/1506 1880/3297/1506 2664/4260/1506
f 2665/4261/1507 1657/3050/1507 1660/3053/1507 2666/4262/1507
f 2667/4263/1508 2647/4243/1508 2650/4246/1508 2668/4264/1508
f 2669/4265/1509 2651/4247/1509 2654/4250/1509 2670/4266/1509
f 2671/4267/1510 2655/4251/1510 2658/4254/1510 2672/4268/1510
f 2673/4269/1511 2659/4255/1511 2662/4258/1511 2674/4270/1511
f 2675/4271/1512 2663/4259/1512 2664/4260/1512 2676/4272/1512
f 2677/4273/1513 2665/4261/1513 2666/4262/1513 2678/4274/1513
f 2679/4275/1514 2680/4276/1514 2681/4277/1514 2682/4278/1514
f 2683/4279/1515 2684/4280/1515 2685/4281/1515 2686/4282/1515
f 2687/4283/1516 2667/4263/1516 2668/4264/1516 2688/4284/1516
f 2689/4285/1517 2669/4265/1517 2670/4266/1517 2690/4286/1517
f 2691/4287/1518 2671/4267/1518 2672/4268/1518 2692/4288/1518
f 2693/4289/1519 2673/4269/1519 2674/4270/1519 2694/4290/1519
f 2695/4291/1520 2675/4271/1520 2676/4272/1520 2696/4292/1520
f 1645/3036/1521 1643/3034/1521 2697/4293/1521 2698/4294/1521
f 2699/4295/1522 2687/4283/1522 2688/4284/1522 2700/4296/1522
f 2701/4297/1523 2689/4285/1523 2690/4286/1523 2702/4298/1523
f 2703/4299/1524 2691/4287/1524 2692/4288/1524 2704/4300/1524
f 2705/4301/1525 2693/4289/1525 2694/4290/1525 2706/4302/1525
f 2707/4303/1526 2695/4291/1526 2696/4292/1526 2708/4304/1526
f 2636/4232/1527 2677/4273/1527 2678/4274/1527 2637/4233/1527
f 2709/4305/1528 2699/4295/1528 2700/4296/1528 2710/4306/1528
f 2711/4307/1528 2701/4297/1528 2702/4298/1528 2712/4308/1528
f 2713/4309/1529 2703/4299/1529 2704/4300/1529 2714/4310/1529
f 2715/4311/1530 2705/4301/1530 2706/4302/1530 2716/4312/1530
f 2717/4313/1531 2707/4303/1531 2708/4304/1531 2718/4314/1531
f 2719/4315/1532 2635/4231/1532 2638/4234/1532 2720/4316/1532
f 2721/4317/1533 2709/4305/1533 2710/4306/1533 2722/4318/1533
f 2723/4319/1534 2711/4307/1534 2712/4308/1534 2724/4320/1534
f 1853/3266/1535 1851/3264/1535 2725/4321/1535 2726/4322/1535
f 2727/4323/1536 2715/4311/1536 2716/4312/1536 2728/4324/1536
f 2729/4325/1537 2730/4326/1537 2731/4327/1537 2732/4328/1537
f 2733/4329/1538 2734/4330/1538 2735/4331/1538 2736/4332/1538
f 2737/4333/1539 2717/4334/1539 2718/4335/1539 2738/4336/1539
f 2739/4337/1540 2719/4338/1540 2720/4339/1540 2740/4340/1540
f 2741/4341/1541 2721/4317/1541 2722/4318/1541 2742/4342/1541
f 2743/4343/1542 2723/4319/1542 2724/4320/1542 2744/4344/1542
f 2640/4345/1543 2713/4309/1543 2714/4310/1543 2641/4346/1543
f 2745/4347/1544 2727/4348/1544 2728/4349/1544 2746/4350/1544
f 2747/4351/1545 2737/4333/1545 2738/4336/1545 2748/4352/1545
f 2749/4353/1546 2739/4337/1546 2740/4340/1546 2750/4354/1546
f 1817/3226/1547 1816/3225/1547 2751/4355/1547 2752/4356/1547
f 1597/2982/1548 1596/2981/1548 2753/4357/1548 2754/4358/1548
f 2755/4359/1549 2741/4360/1549 2742/4361/1549 2756/4362/1549
f 2757/4363/1550 2743/4364/1550 2744/4365/1550 2758/4366/1550
f 1878/3295/1551 2639/4235/1551 2642/4238/1551 1879/3296/1551
f 1658/3051/1552 2745/4347/1552 2746/4350/1552 1659/3052/1552
f 2730/4326/1553 2747/4351/1553 2748/4352/1553 2731/4327/1553
f 2734/4330/1554 2749/4353/1554 2750/4354/1554 2735/4331/1554
f 2648/4244/1555 2679/4367/1555 2682/4368/1555 2649/4245/1555
f 2652/4248/1556 2683/4369/1556 2686/4370/1556 2653/4249/1556
f 2656/4252/1557 2755/4359/1557 2756/4362/1557 2657/4253/1557
f 2660/4256/1558 2757/4363/1558 2758/4366/1558 2661/4257/1558
f 2759/4371/1559 2760/4372/1559 2761/4373/1559 2762/4374/1559
f 2763/4375/1560 2764/4376/1560 2765/4377/1560 2766/4378/1560
f 1855/3268/1561 1853/3266/1561 2726/4322/1561 2767/4379/1561
f 1647/3038/1562 1645/3036/1562 2698/4294/1562 2768/4380/1562
f 1857/3272/1563 1855/3271/1563 2767/4381/1563 2769/4382/1563
f 1649/3040/1564 1647/3038/1564 2768/4380/1564 2770/4383/1564
f 1599/2984/1565 1597/2982/1565 2754/4358/1565 2771/4384/1565
f 1859/3274/1566 1857/3272/1566 2769/4382/1566 2772/4385/1566
f 1651/3042/1567 1649/3040/1567 2770/4383/1567 2773/4386/1567
f 2684/4280/1568 2774/4387/1568 2775/4388/1568 2685/4281/1568
f 1861/3276/1569 1859/3274/1569 2772/4385/1569 2776/4389/1569
f 1653/3047/1570 1651/4390/1570 2773/4391/1570 2777/4392/1570
f 1601/2986/1571 1599/2984/1571 2771/4384/1571 2778/4393/1571
f 1863/3278/1572 1861/3276/1572 2776/4389/1572 2779/4394/1572
f 1655/3048/1573 1653/3047/1573 2777/4392/1573 2780/4395/1573
f 1603/2988/1574 1601/2986/1574 2778/4393/1574 2781/4396/1574
f 1865/3280/1575 1863/3278/1575 2779/4394/1575 2782/4397/1575
f 1661/3054/1576 1655/3048/1576 2780/4395/1576 2783/4398/1576
f 1605/2992/1577 1603/2991/1577 2781/4399/1577 2784/4400/1577
f 1867/3282/1578 1865/3280/1578 2782/4397/1578 2785/4401/1578
f 1596/2981/1579 1661/3054/1579 2783/4398/1579 2753/4357/1579
f 1607/2994/1580 1605/2992/1580 2784/4400/1580 2786/4402/1580
f 1869/3284/1581 1867/3282/1581 2785/4401/1581 2787/4403/1581
f 1819/3228/1582 1817/3226/1582 2752/4356/1582 2788/4404/1582
f 1609/2996/1583 1607/2994/1583 2786/4402/1583 2789/4405/1583
f 1871/3286/1584 1869/3284/1584 2787/4403/1584 2790/4406/1584
f 2680/4276/1585 2791/4407/1585 2792/4408/1585 2681/4277/1585
f 1611/2998/1586 1609/2996/1586 2789/4405/1586 2793/4409/1586
f 1873/3290/1587 1871/3289/1587 2790/4410/1587 2794/4411/1587
f 1821/3230/1588 1819/3228/1588 2788/4404/1588 2795/4412/1588
f 1613/3000/1589 1611/2998/1589 2793/4409/1589 2796/4413/1589
f 1875/3292/1590 1873/3290/1590 2794/4411/1590 2797/4414/1590
f 1823/3232/1591 1821/3230/1591 2795/4412/1591 2798/4415/1591
f 1615/3002/1592 1613/3000/1592 2796/4413/1592 2799/4416/1592
f 1881/3298/1593 1875/3292/1593 2797/4414/1593 2800/4417/1593
f 1825/3236/1594 1823/3235/1594 2798/4418/1594 2801/4419/1594
f 1617/3004/1595 1615/3002/1595 2799/4416/1595 2802/4420/1595
f 1816/3225/1596 1881/3298/1596 2800/4417/1596 2751/4355/1596
f 1827/3238/1597 1825/3236/1597 2801/4419/1597 2803/4421/1597
f 1619/3006/1598 1617/3004/1598 2802/4420/1598 2804/4422/1598
f 1829/3240/1599 1827/3238/1599 2803/4421/1599 2805/4423/1599
f 1621/3011/1600 1619/4424/1600 2804/4425/1600 2806/4426/1600
f 1831/3242/1601 1829/3240/1601 2805/4423/1601 2807/4427/1601
f 1623/3012/1602 1621/3011/1602 2806/4426/1602 2808/4428/1602
f 1833/3244/1603 1831/3242/1603 2807/4427/1603 2809/4429/1603
f 1625/3014/1604 1623/3012/1604 2808/4428/1604 2810/4430/1604
f 1835/3246/1605 1833/3244/1605 2809/4429/1605 2811/4431/1605
f 1627/3016/1606 1625/3014/1606 2810/4430/1606 2812/4432/1606
f 1837/3248/1607 1835/3246/1607 2811/4431/1607 2813/4433/1607
f 1629/3018/1608 1627/3016/1608 2812/4432/1608 2814/4434/1608
f 1839/3250/1609 1837/3248/1609 2813/4433/1609 2815/4435/1609
f 1631/3020/1610 1629/3018/1610 2814/4434/1610 2816/4436/1610
f 1841/3254/1611 1839/3253/1611 2815/4437/1611 2817/4438/1611
f 1633/3022/1612 1631/3020/1612 2816/4436/1612 2818/4439/1612
f 1843/3256/1613 1841/3254/1613 2817/4438/1613 2819/4440/1613
f 1635/3024/1614 1633/3022/1614 2818/4439/1614 2820/4441/1614
f 1845/3258/1615 1843/3256/1615 2819/4440/1615 2821/4442/1615
f 1637/3028/1616 1635/3027/1616 2820/4443/1616 2822/4444/1616
f 1847/3260/1617 1845/3258/1617 2821/4442/1617 2823/4445/1617
f 1639/3030/1618 1637/3028/1618 2822/4444/1618 2824/4446/1618
f 1849/3262/1619 1847/3260/1619 2823/4445/1619 2825/4447/1619
f 1641/3032/1620 1639/3030/1620 2824/4446/1620 2826/4448/1620
f 1851/3264/1621 1849/3262/1621 2825/4447/1621 2725/4321/1621
f 1643/3034/1622 1641/3032/1622 2826/4448/1622 2697/4293/1622
f 2827/4449/1623 2828/4450/1623 2829/4451/1623 2830/4452/1623
f 2831/4453/1624 2832/4454/1624 2833/4455/1624 2834/4456/1624
f 2835/4457/1625 2836/4458/1625 2837/4459/1625 2838/4460/1625
f 2839/4461/1626 2763/4375/1626 2766/4378/1626 2840/4462/1626
f 2841/4463/1627 2759/4371/1627 2762/4374/1627 2842/4464/1627
f 2843/4465/1628 2844/4466/1628 2845/4467/1628 2846/4468/1628
f 2847/4469/1629 2839/4461/1629 2840/4462/1629 2848/4470/1629
f 2849/4471/1630 2841/4463/1630 2842/4464/1630 2850/4472/1630
f 2851/4473/1631 2843/4474/1631 2846/4475/1631 2852/4476/1631
f 2853/4477/1632 2847/4469/1632 2848/4470/1632 2854/4478/1632
f 2855/4479/1633 2856/4480/1633 2857/4481/1633 2858/4482/1633
f 2859/4483/1634 2851/4473/1634 2852/4476/1634 2860/4484/1634
f 2861/4485/1635 2853/4477/1635 2854/4478/1635 2862/4486/1635
f 2844/4466/1636 2863/4487/1636 2864/4488/1636 2845/4467/1636
f 2865/4489/1637 2859/4483/1637 2860/4484/1637 2866/4490/1637
f 2867/4491/1638 2861/4485/1638 2862/4486/1638 2868/4492/1638
f 2869/4493/1639 2855/4479/1639 2858/4482/1639 2870/4494/1639
f 2871/4495/1640 2865/4489/1640 2866/4490/1640 2872/4496/1640
f 2873/4497/1641 2867/4498/1641 2868/4499/1641 2874/4500/1641
f 2875/4501/1642 2643/4239/1642 2646/4242/1642 2876/4502/1642
f 2877/4503/1643 2871/4495/1643 2872/4496/1643 2878/4504/1643
f 2879/4505/1644 2873/4497/1644 2874/4500/1644 2880/4506/1644
f 2881/4507/1628 2882/4508/1628 2883/4509/1628 2884/4510/1628
f 2885/4511/1645 2877/4503/1645 2878/4504/1645 2886/4512/1645
f 2887/4513/1630 2879/4505/1630 2880/4506/1630 2888/4514/1630
f 2889/4515/1646 2881/4516/1646 2884/4517/1646 2890/4518/1646
f 2891/4519/1647 2885/4511/1647 2886/4512/1647 2892/4520/1647
f 2893/4521/1634 2889/4515/1634 2890/4518/1634 2894/4522/1634
f 2895/4523/1648 2891/4519/1648 2892/4520/1648 2896/4524/1648
f 2882/4508/1649 2869/4493/1649 2870/4494/1649 2883/4509/1649
f 2897/4525/1650 2898/4526/1650 2899/4527/1650 2900/4528/1650
f 2901/4529/1651 2902/4530/1651 2903/4531/1651 2904/4532/1651
f 2832/4454/1652 2893/4521/1652 2894/4522/1652 2833/4455/1652
f 2828/4450/1653 2895/4533/1653 2896/4534/1653 2829/4451/1653
f 2905/4535/1654 2831/4453/1654 2834/4456/1654 2906/4536/1654
f 2907/4537/1655 2827/4449/1655 2830/4452/1655 2908/4538/1655
f 2909/4539/1656 2905/4535/1656 2906/4536/1656 2910/4540/1656
f 2911/4541/1657 2907/4537/1657 2908/4538/1657 2912/4542/1657
f 2913/4543/1658 2909/4539/1658 2910/4540/1658 2914/4544/1658
f 2915/4545/1659 2911/4541/1659 2912/4542/1659 2916/4546/1659
f 2917/4547/1660 2913/4543/1660 2914/4544/1660 2918/4548/1660
f 2919/4549/1661 2915/4545/1661 2916/4546/1661 2920/4550/1661
f 2921/4551/1662 2917/4552/1662 2918/4553/1662 2922/4554/1662
f 2923/4555/1663 2919/4549/1663 2920/4550/1663 2924/4556/1663
f 2925/4557/1664 2921/4551/1664 2922/4554/1664 2926/4558/1664
f 2927/4559/1665 2923/4555/1665 2924/4556/1665 2928/4560/1665
f 2929/4561/1666 2925/4557/1666 2926/4558/1666 2930/4562/1666
f 2931/4563/1667 2927/4564/1667 2928/4565/1667 2932/4566/1667
f 2933/4567/1668 2929/4561/1668 2930/4562/1668 2934/4568/1668
f 2935/4569/1669 2931/4563/1669 2932/4566/1669 2936/4570/1669
f 2937/4571/1670 2933/4567/1670 2934/4568/1670 2938/4572/1670
f 2939/4573/1671 2935/4569/1671 2936/4570/1671 2940/4574/1671
f 2941/4575/1672 2937/4571/1672 2938/4572/1672 2942/4576/1672
f 2943/4577/1673 2939/4573/1673 2940/4574/1673 2944/4578/1673
f 2945/4579/1674 2941/4575/1674 2942/4576/1674 2946/4580/1674
f 2947/4581/1675 2943/4577/1675 2944/4578/1675 2948/4582/1675
f 2949/4583/1676 2945/4579/1676 2946/4580/1676 2950/4584/1676
f 2951/4585/1677 2947/4581/1677 2948/4582/1677 2952/4586/1677
f 2953/4587/1678 2949/4588/1678 2950/4589/1678 2954/4590/1678
f 2955/4591/1679 2951/4585/1679 2952/4586/1679 2956/4592/1679
f 2764/4376/1680 2953/4587/1680 2954/4590/1680 2765/4377/1680
f 2760/4593/1681 2955/4591/1681 2956/4592/1681 2761/4594/1681
f 2863/4487/1682 2957/4595/1682 2958/4596/1682 2864/4488/1682
f 2958/4597/1683 2959/4598/1683 2850/4599/1683 2842/4600/1683 2762/4601/1683 2761/4602/1683 2956/4603/1683 2952/4604/1683 2948/4605/1683 2944/4606/1683 2940/4607/1683 2936/4608/1683 2932/4609/1683 2928/4610/1683 2924/4611/1683 2920/4612/1683 2916/4613/1683 2912/4614/1683 2908/4615/1683 2830/4616/1683 2829/4617/1683 2896/4618/1683 2892/4619/1683 2886/4620/1683 2878/4621/1683 2872/4622/1683 2866/4623/1683 2860/4624/1683 2852/4625/1683 2846/4626/1683 2845/4627/1683 2864/4628/1683
f 2858/4629/1683 2857/4630/1683 2888/4631/1683 2880/4632/1683 2874/4633/1683 2868/4634/1683 2862/4635/1683 2854/4636/1683 2848/4637/1683 2840/4638/1683 2766/4639/1683 2765/4640/1683 2954/4641/1683 2950/4642/1683 2946/4643/1683 2942/4644/1683 2938/4645/1683 2934/4646/1683 2930/4647/1683 2926/4648/1683 2922/4649/1683 2918/4650/1683 2914/4651/1683 2910/4652/1683 2906/4653/1683 2834/4654/1683 2833/4655/1683 2894/4656/1683 2890/4657/1683 2884/4658/1683 2883/4659/1683 2870/4660/1683
f 2960/4661/1684 2897/4525/1684 2900/4528/1684 2961/4662/1684
f 2962/4663/1685 2901/4529/1685 2904/4532/1685 2963/4664/1685
f 2964/4665/1686 2960/4661/1686 2961/4662/1686 2965/4666/1686
f 2966/4667/1687 2962/4663/1687 2963/4664/1687 2967/4668/1687
f 2968/4669/1688 2964/4665/1688 2965/4666/1688 2969/4670/1688
f 2970/4671/1689 2966/4667/1689 2967/4668/1689 2971/4672/1689
f 2972/4673/1690 2968/4669/1690 2969/4670/1690 2973/4674/1690
f 2974/4675/1691 2970/4671/1691 2971/4672/1691 2975/4676/1691
f 2976/4677/1692 2972/4673/1692 2973/4674/1692 2977/4678/1692
f 2978/4679/1693 2974/4675/1693 2975/4676/1693 2979/4680/1693
f 2980/4681/1694 2976/4682/1694 2977/4683/1694 2981/4684/1694
f 2982/4685/1695 2978/4679/1695 2979/4680/1695 2983/4686/1695
f 2984/4687/1696 2980/4681/1696 2981/4684/1696 2985/4688/1696
f 2986/4689/1697 2982/4685/1697 2983/4686/1697 2987/4690/1697
f 2988/4691/1698 2984/4687/1698 2985/4688/1698 2989/4692/1698
f 2990/4693/1699 2986/4694/1699 2987/4695/1699 2991/4696/1699
f 2992/4697/1700 2988/4691/1700 2989/4692/1700 2993/4698/1700
f 2994/4699/1701 2990/4693/1701 2991/4696/1701 2995/4700/1701
f 2996/4701/1702 2992/4697/1702 2993/4698/1702 2997/4702/1702
f 2998/4703/1703 2994/4699/1703 2995/4700/1703 2999/4704/1703
f 3000/4705/1704 2996/4701/1704 2997/4702/1704 3001/4706/1704
f 3002/4707/1705 2998/4703/1705 2999/4704/1705 3003/4708/1705
f 3004/4709/1706 3000/4705/1706 3001/4706/1706 3005/4710/1706
f 3006/4711/1707 3002/4707/1707 3003/4708/1707 3007/4712/1707
f 3008/4713/1708 3004/4709/1708 3005/4710/1708 3009/4714/1708
f 3010/4715/1709 3006/4711/1709 3007/4712/1709 3011/4716/1709
f 3012/4717/1710 3008/4718/1710 3009/4719/1710 3013/4720/1710
f 3014/4721/1711 3010/4715/1711 3011/4716/1711 3015/4722/1711
f 3016/4723/1712 2733/4329/1712 2736/4332/1712 3017/4724/1712
f 3018/4725/1713 3012/4717/1713 3013/4720/1713 3019/4726/1713
f 3020/4727/1714 3014/4721/1714 3015/4722/1714 3021/4728/1714
f 3022/4729/1715 2849/4471/1715 2850/4472/1715 2959/4730/1715
f 3023/4731/1716 3018/4725/1716 3019/4726/1716 3024/4732/1716
f 3025/4733/1717 3020/4734/1717 3021/4735/1717 3026/4736/1717
f 3027/4737/1718 2835/4457/1718 2838/4460/1718 3028/4738/1718
f 3029/4739/1719 3023/4731/1719 3024/4732/1719 3030/4740/1719
f 3031/4741/1720 3025/4733/1720 3026/4736/1720 3032/4742/1720
f 3033/4743/1721 3027/4737/1721 3028/4738/1721 3034/4744/1721
f 3035/4745/1722 3029/4739/1722 3030/4740/1722 3036/4746/1722
f 3037/4747/1723 3031/4741/1723 3032/4742/1723 3038/4748/1723
f 3039/4749/1724 3033/4750/1724 3034/4751/1724 3040/4752/1724
f 3041/4753/1725 3035/4745/1725 3036/4746/1725 3042/4754/1725
f 3043/4755/1726 3037/4747/1726 3038/4748/1726 3044/4756/1726
f 3045/4757/1727 3039/4749/1727 3040/4752/1727 3046/4758/1727
f 3047/4759/1728 3041/4753/1728 3042/4754/1728 3048/4760/1728
f 3049/4761/1729 2729/4325/1729 2732/4328/1729 3050/4762/1729
f 3051/4763/1730 3045/4757/1730 3046/4758/1730 3052/4764/1730
f 3053/4765/1731 3047/4759/1731 3048/4760/1731 3054/4766/1731
f 2856/4480/1732 2887/4513/1732 2888/4514/1732 2857/4481/1732
f 3055/4767/1733 3051/4763/1733 3052/4764/1733 3056/4768/1733
f 3057/4769/1734 3053/4770/1734 3054/4771/1734 3058/4772/1734
f 3059/4773/1735 2875/4501/1735 2876/4502/1735 3060/4774/1735
f 3061/4775/1736 3055/4767/1736 3056/4768/1736 3062/4776/1736
f 3063/4777/1737 3057/4769/1737 3058/4772/1737 3064/4778/1737
f 3065/4779/1738 3059/4773/1738 3060/4774/1738 3066/4780/1738
f 3067/4781/1739 3061/4775/1739 3062/4776/1739 3068/4782/1739
f 3069/4783/1740 3063/4777/1740 3064/4778/1740 3070/4784/1740
f 3071/4785/1741 3065/4786/1741 3066/4787/1741 3072/4788/1741
f 3073/4789/1742 3067/4781/1742 3068/4782/1742 3074/4790/1742
f 2644/4240/1743 3069/4783/1743 3070/4784/1743 2645/4241/1743
f 2898/4526/1744 3071/4785/1744 3072/4788/1744 2899/4527/1744
f 2902/4791/1745 3073/4789/1745 3074/4790/1745 2903/4792/1745
f 2752/4356/1746 2751/4355/1746 3075/4793/1746 3076/4794/1746
f 3076/4794/1747 3075/4793/1747 3077/4795/1747 3078/4796/1747
f 3078/4796/1748 3077/4795/1748 3079/4797/1748 3080/4798/1748
f 3080/4798/1749 3079/4797/1749 2644/4240/1749 2643/4239/1749
f 2788/4404/1750 2752/4356/1750 3076/4794/1750 3081/4799/1750
f 3081/4799/1751 3076/4794/1751 3078/4796/1751 3082/4800/1751
f 3082/4800/1752 3078/4796/1752 3080/4798/1752 3083/4801/1752
f 3083/4801/1753 3080/4798/1753 2643/4239/1753 2875/4501/1753
f 2795/4412/1754 2788/4404/1754 3081/4799/1754 3084/4802/1754
f 3084/4802/1755 3081/4799/1755 3082/4800/1755 3085/4803/1755
f 3085/4803/1756 3082/4800/1756 3083/4801/1756 3086/4804/1756
f 3086/4804/1757 3083/4801/1757 2875/4501/1757 3059/4773/1757
f 2798/4415/1758 2795/4412/1758 3084/4802/1758 3087/4805/1758
f 3087/4805/1759 3084/4802/1759 3085/4803/1759 3088/4806/1759
f 3088/4806/1760 3085/4803/1760 3086/4804/1760 3089/4807/1760
f 3089/4807/1761 3086/4804/1761 3059/4773/1761 3065/4779/1761
f 2801/4419/1762 2798/4418/1762 3087/4808/1762 3090/4809/1762
f 3090/4809/1763 3087/4808/1763 3088/4810/1763 3091/4811/1763
f 3091/4811/1764 3088/4810/1764 3089/4812/1764 3092/4813/1764
f 3092/4813/1765 3089/4812/1765 3065/4786/1765 3071/4785/1765
f 2803/4421/1766 2801/4419/1766 3090/4809/1766 3093/4814/1766
f 3093/4814/1767 3090/4809/1767 3091/4811/1767 3094/4815/1767
f 3094/4815/1768 3091/4811/1768 3092/4813/1768 3095/4816/1768
f 3095/4816/1769 3092/4813/1769 3071/4785/1769 2898/4526/1769
f 2805/4423/1770 2803/4421/1770 3093/4814/1770 3096/4817/1770
f 3096/4817/1771 3093/4814/1771 3094/4815/1771 3097/4818/1771
f 3097/4818/1772 3094/4815/1772 3095/4816/1772 3098/4819/1772
f 3098/4819/1773 3095/4816/1773 2898/4526/1773 2897/4525/1773
f 2807/4427/1774 2805/4423/1774 3096/4817/1774 3099/4820/1774
f 3099/4820/1775 3096/4817/1775 3097/4818/1775 3100/4821/1775
f 3100/4821/1776 3097/4818/1776 3098/4819/1776 3101/4822/1776
f 3101/4822/1777 3098/4819/1777 2897/4525/1777 2960/4661/1777
f 2809/4429/1778 2807/4427/1778 3099/4820/1778 3102/4823/1778
f 3102/4823/1779 3099/4820/1779 3100/4821/1779 3103/4824/1779
f 3103/4824/1780 3100/4821/1780 3101/4822/1780 3104/4825/1780
f 3104/4825/1781 3101/4822/1781 2960/4661/1781 2964/4665/1781
f 2811/4431/1782 2809/4429/1782 3102/4823/1782 3105/4826/1782
f 3105/4826/1783 3102/4823/1783 3103/4824/1783 3106/4827/1783
f 3106/4827/1784 3103/4824/1784 3104/4825/1784 3107/4828/1784
f 3107/4828/1785 3104/4825/1785 2964/4665/1785 2968/4669/1785
f 2813/4433/1786 2811/4431/1786 3105/4826/1786 3108/4829/1786
f 3108/4829/1787 3105/4826/1787 3106/4827/1787 3109/4830/1787
f 3109/4830/1788 3106/4827/1788 3107/4828/1788 3110/4831/1788
f 3110/4831/1789 3107/4828/1789 2968/4669/1789 2972/4673/1789
f 2815/4435/1790 2813/4433/1790 3108/4829/1790 3111/4832/1790
f 3111/4832/1791 3108/4829/1791 3109/4830/1791 3112/4833/1791
f 3112/4833/1792 3109/4830/1792 3110/4831/1792 3113/4834/1792
f 3113/4834/1793 3110/4831/1793 2972/4673/1793 2976/4677/1793
f 2817/4438/1794 2815/4437/1794 3111/4835/1794 3114/4836/1794
f 3114/4836/1795 3111/4835/1795 3112/4837/1795 3115/4838/1795
f 3115/4838/1796 3112/4837/1796 3113/4839/1796 3116/4840/1796
f 3116/4840/1797 3113/4839/1797 2976/4682/1797 2980/4681/1797
f 2819/4440/1798 2817/4438/1798 3114/4836/1798 3117/4841/1798
f 3117/4841/1799 3114/4836/1799 3115/4838/1799 3118/4842/1799
f 3118/4842/1800 3115/4838/1800 3116/4840/1800 3119/4843/1800
f 3119/4843/1801 3116/4840/1801 2980/4681/1801 2984/4687/1801
f 2821/4442/1802 2819/4440/1802 3117/4841/1802 3120/4844/1802
f 3120/4844/1803 3117/4841/1803 3118/4842/1803 3121/4845/1803
f 3121/4845/1804 3118/4842/1804 3119/4843/1804 3122/4846/1804
f 3122/4846/1805 3119/4843/1805 2984/4687/1805 2988/4691/1805
f 2823/4445/1806 2821/4442/1806 3120/4844/1806 3123/4847/1806
f 3123/4847/1807 3120/4844/1807 3121/4845/1807 3124/4848/1807
f 3124/4848/1808 3121/4845/1808 3122/4846/1808 3125/4849/1808
f 3125/4849/1809 3122/4846/1809 2988/4691/1809 2992/4697/1809
f 2825/4447/1810 2823/4445/1810 3123/4847/1810 3126/4850/1810
f 3126/4850/1811 3123/4847/1811 3124/4848/1811 3127/4851/1811
f 3127/4851/1812 3124/4848/1812 3125/4849/1812 3128/4852/1812
f 3128/4852/1813 3125/4849/1813 2992/4697/1813 2996/4701/1813
f 2725/4321/1814 2825/4447/1814 3126/4850/1814 3129/4853/1814
f 3129/4853/1815 3126/4850/1815 3127/4851/1815 3130/4854/1815
f 3130/4854/1816 3127/4851/1816 3128/4852/1816 3131/4855/1816
f 3131/4855/1817 3128/4852/1817 2996/4701/1817 3000/4705/1817
f 2726/4322/1818 2725/4321/1818 3129/4853/1818 3132/4856/1818
f 3132/4856/1819 3129/4853/1819 3130/4854/1819 3133/4857/1819
f 3133/4857/1820 3130/4854/1820 3131/4855/1820 3134/4858/1820
f 3134/4858/1821 3131/4855/1821 3000/4705/1821 3004/4709/1821
f 2767/4379/1822 2726/4322/1822 3132/4856/1822 3135/4859/1822
f 3135/4859/1823 3132/4856/1823 3133/4857/1823 3136/4860/1823
f 3136/4860/1824 3133/4857/1824 3134/4858/1824 3137/4861/1824
f 3137/4861/1825 3134/4858/1825 3004/4709/1825 3008/4713/1825
f 2769/4382/1826 2767/4381/1826 3135/4862/1826 3138/4863/1826
f 3138/4863/1827 3135/4862/1827 3136/4864/1827 3139/4865/1827
f 3139/4865/1828 3136/4864/1828 3137/4866/1828 3140/4867/1828
f 3140/4867/1829 3137/4866/1829 3008/4718/1829 3012/4717/1829
f 2772/4385/1830 2769/4382/1830 3138/4863/1830 3141/4868/1830
f 3141/4868/1831 3138/4863/1831 3139/4865/1831 3142/4869/1831
f 3142/4869/1832 3139/4865/1832 3140/4867/1832 3143/4870/1832
f 3143/4870/1833 3140/4867/1833 3012/4717/1833 3018/4725/1833
f 2776/4389/1834 2772/4385/1834 3141/4868/1834 3144/4871/1834
f 3144/4871/1835 3141/4868/1835 3142/4869/1835 3145/4872/1835
f 3145/4872/1836 3142/4869/1836 3143/4870/1836 3146/4873/1836
f 3146/4873/1837 3143/4870/1837 3018/4725/1837 3023/4731/1837
f 2779/4394/1838 2776/4389/1838 3144/4871/1838 3147/4874/1838
f 3147/4874/1839 3144/4871/1839 3145/4872/1839 3148/4875/1839
f 3148/4875/1840 3145/4872/1840 3146/4873/1840 3149/4876/1840
f 3149/4876/1841 3146/4873/1841 3023/4731/1841 3029/4739/1841
f 2782/4397/1842 2779/4394/1842 3147/4874/1842 3150/4877/1842
f 3150/4877/1843 3147/4874/1843 3148/4875/1843 3151/4878/1843
f 3151/4878/1844 3148/4875/1844 3149/4876/1844 3152/4879/1844
f 3152/4879/1845 3149/4876/1845 3029/4739/1845 3035/4745/1845
f 2785/4401/1846 2782/4397/1846 3150/4877/1846 3153/4880/1846
f 3153/4880/1847 3150/4877/1847 3151/4878/1847 3154/4881/1847
f 3154/4881/1848 3151/4878/1848 3152/4879/1848 3155/4882/1848
f 3155/4882/1849 3152/4879/1849 3035/4745/1849 3041/4753/1849
f 2787/4403/1850 2785/4401/1850 3153/4880/1850 3156/4883/1850
f 3156/4883/1851 3153/4880/1851 3154/4881/1851 3157/4884/1851
f 3157/4884/1852 3154/4881/1852 3155/4882/1852 3158/4885/1852
f 3158/4885/1853 3155/4882/1853 3041/4753/1853 3047/4759/1853
f 2790/4406/1854 2787/4403/1854 3156/4883/1854 3159/4886/1854
f 3159/4886/1855 3156/4883/1855 3157/4884/1855 3160/4887/1855
f 3160/4887/1856 3157/4884/1856 3158/4885/1856 3161/4888/1856
f 3161/4888/1857 3158/4885/1857 3047/4759/1857 3053/4765/1857
f 2794/4411/1858 2790/4410/1858 3159/4889/1858 3162/4890/1858
f 3162/4890/1859 3159/4889/1859 3160/4891/1859 3163/4892/1859
f 3163/4892/1860 3160/4891/1860 3161/4893/1860 3164/4894/1860
f 3164/4894/1861 3161/4893/1861 3053/4770/1861 3057/4769/1861
f 2797/4414/1862 2794/4411/1862 3162/4890/1862 3165/4895/1862
f 3165/4895/1863 3162/4890/1863 3163/4892/1863 3166/4896/1863
f 3166/4896/1864 3163/4892/1864 3164/4894/1864 3167/4897/1864
f 3167/4897/1865 3164/4894/1865 3057/4769/1865 3063/4777/1865
f 2800/4417/1866 2797/4414/1866 3165/4895/1866 3168/4898/1866
f 3168/4898/1867 3165/4895/1867 3166/4896/1867 3169/4899/1867
f 3169/4899/1868 3166/4896/1868 3167/4897/1868 3170/4900/1868
f 3170/4900/1869 3167/4897/1869 3063/4777/1869 3069/4783/1869
f 2751/4355/1870 2800/4417/1870 3168/4898/1870 3075/4793/1870
f 3075/4793/1871 3168/4898/1871 3169/4899/1871 3077/4795/1871
f 3077/4795/1871 3169/4899/1871 3170/4900/1871 3079/4797/1871
f 3079/4797/1872 3170/4900/1872 3069/4783/1872 2644/4240/1872
f 2791/4407/1873 3049/4761/1873 3050/4762/1873 2792/4408/1873
f 2208/3676/1874 1669/3062/1874 3171/4901/1874 3172/4902/1874
f 3172/4902/1875 3171/4901/1875 3173/4903/1875 3174/4904/1875
f 3174/4904/1876 3173/4903/1876 3175/4905/1876 3176/4906/1876
f 3176/4906/1877 3175/4905/1877 2269/3751/1877 2370/3864/1877
f 2209/3677/1878 2208/3676/1878 3172/4902/1878 3177/4907/1878
f 3177/4907/1879 3172/4902/1879 3174/4904/1879 3178/4908/1879
f 3178/4908/1880 3174/4904/1880 3176/4906/1880 3179/4909/1880
f 3179/4909/1881 3176/4906/1881 2370/3864/1881 2369/3863/1881
f 2216/3687/1882 2209/3677/1882 3177/4907/1882 3180/4910/1882
f 3180/4910/1883 3177/4907/1883 3178/4908/1883 3181/4911/1883
f 3181/4911/1884 3178/4908/1884 3179/4909/1884 3182/4912/1884
f 3182/4912/1885 3179/4909/1885 2369/3863/1885 2196/3664/1885
f 2223/3696/1886 2216/3687/1886 3180/4910/1886 3183/4913/1886
f 3183/4913/1887 3180/4910/1887 3181/4911/1887 3184/4914/1887
f 3184/4914/1888 3181/4911/1888 3182/4912/1888 3185/4915/1888
f 3185/4915/1889 3182/4912/1889 2196/3664/1889 2195/3663/1889
f 2229/3705/1890 2223/3704/1890 3183/4916/1890 3186/4917/1890
f 3186/4917/1891 3183/4916/1891 3184/4918/1891 3187/4919/1891
f 3187/4919/1892 3184/4918/1892 3185/4920/1892 3188/4921/1892
f 3188/4921/1893 3185/4920/1893 2195/3746/1893 2265/3745/1893
f 2237/3713/1894 2229/3705/1894 3186/4917/1894 3189/4922/1894
f 3189/4922/1895 3186/4917/1895 3187/4919/1895 3190/4923/1895
f 3190/4923/1896 3187/4919/1896 3188/4921/1896 3191/4924/1896
f 3191/4924/1897 3188/4921/1897 2265/3745/1897 2271/3753/1897
f 2244/3720/1898 2237/3713/1898 3189/4922/1898 3192/4925/1898
f 3192/4925/1899 3189/4922/1899 3190/4923/1899 3193/4926/1899
f 3193/4926/1900 3190/4923/1900 3191/4924/1900 3194/4927/1900
f 3194/4927/1901 3191/4924/1901 2271/3753/1901 2279/3761/1901
f 2251/3727/1902 2244/3720/1902 3192/4925/1902 3195/4928/1902
f 3195/4928/1903 3192/4925/1903 3193/4926/1903 3196/4929/1903
f 3196/4929/1904 3193/4926/1904 3194/4927/1904 3197/4930/1904
f 3197/4930/1905 3194/4927/1905 2279/3761/1905 2285/3767/1905
f 1734/3135/1906 2251/3727/1906 3195/4928/1906 3198/4931/1906
f 3198/4931/1907 3195/4928/1907 3196/4929/1907 3199/4932/1907
f 3199/4932/1908 3196/4929/1908 3197/4930/1908 3200/4933/1908
f 3200/4933/1909 3197/4930/1909 2285/3767/1909 2291/3775/1909
f 1735/3136/1910 1734/3135/1910 3198/4931/1910 3201/4934/1910
f 3201/4934/1911 3198/4931/1911 3199/4932/1911 3202/4935/1911
f 3202/4935/1912 3199/4932/1912 3200/4933/1912 3203/4936/1912
f 3203/4936/1913 3200/4933/1913 2291/3775/1913 2297/3781/1913
f 2211/3681/1914 1735/3136/1914 3201/4934/1914 3204/4937/1914
f 3204/4937/1915 3201/4934/1915 3202/4935/1915 3205/4938/1915
f 3205/4938/1916 3202/4935/1916 3203/4936/1916 3206/4939/1916
f 3206/4939/1917 3203/4936/1917 2297/3781/1917 2303/3789/1917
f 2218/3689/1918 2211/3681/1918 3204/4937/1918 3207/4940/1918
f 3207/4940/1919 3204/4937/1919 3205/4938/1919 3208/4941/1919
f 3208/4941/1920 3205/4938/1920 3206/4939/1920 3209/4942/1920
f 3209/4942/1921 3206/4939/1921 2303/3789/1921 2307/3793/1921
f 2225/3699/1922 2218/3698/1922 3207/4943/1922 3210/4944/1922
f 3210/4944/1923 3207/4943/1923 3208/4945/1923 3211/4946/1923
f 3211/4946/1924 3208/4945/1924 3209/4947/1924 3212/4948/1924
f 3212/4948/1925 3209/4947/1925 2307/3798/1925 2311/3797/1925
f 2231/3707/1926 2225/3699/1926 3210/4944/1926 3213/4949/1926
f 3213/4949/1927 3210/4944/1927 3211/4946/1927 3214/4950/1927
f 3214/4950/1928 3211/4946/1928 3212/4948/1928 3215/4951/1928
f 3215/4951/1929 3212/4948/1929 2311/3797/1929 2315/3803/1929
f 2239/3715/1930 2231/3707/1930 3213/4949/1930 3216/4952/1930
f 3216/4952/1931 3213/4949/1931 3214/4950/1931 3217/4953/1931
f 3217/4953/1932 3214/4950/1932 3215/4951/1932 3218/4954/1932
f 3218/4954/1933 3215/4951/1933 2315/3803/1933 2319/3807/1933
f 2246/3722/1934 2239/3715/1934 3216/4952/1934 3219/4955/1934
f 3219/4955/1935 3216/4952/1935 3217/4953/1935 3220/4956/1935
f 3220/4956/1936 3217/4953/1936 3218/4954/1936 3221/4957/1936
f 3221/4957/1937 3218/4954/1937 2319/3807/1937 2323/3811/1937
f 2253/3729/1938 2246/3722/1938 3219/4955/1938 3222/4958/1938
f 3222/4958/1939 3219/4955/1939 3220/4956/1939 3223/4959/1939
f 3223/4959/1940 3220/4956/1940 3221/4957/1940 3224/4960/1940
f 3224/4960/1941 3221/4957/1941 2323/3811/1941 2327/3815/1941
f 2201/3669/1942 2253/3729/1942 3222/4958/1942 3225/4961/1942
f 3225/4961/1943 3222/4958/1943 3223/4959/1943 3226/4962/1943
f 3226/4962/1944 3223/4959/1944 3224/4960/1944 3227/4963/1944
f 3227/4963/1945 3224/4960/1945 2327/3815/1945 2331/3819/1945
f 2202/3670/1946 2201/3669/1946 3225/4961/1946 3228/4964/1946
f 3228/4964/1947 3225/4961/1947 3226/4962/1947 3229/4965/1947
f 3229/4965/1948 3226/4962/1948 3227/4963/1948 3230/4966/1948
f 3230/4966/1949 3227/4963/1949 2331/3819/1949 2335/3825/1949
f 2213/3683/1950 2202/3670/1950 3228/4964/1950 3231/4967/1950
f 3231/4967/1951 3228/4964/1951 3229/4965/1951 3232/4968/1951
f 3232/4968/1952 3229/4965/1952 3230/4966/1952 3233/4969/1952
f 3233/4969/1953 3230/4966/1953 2335/3825/1953 2339/3829/1953
f 2220/3693/1954 2213/3692/1954 3231/4970/1954 3234/4971/1954
f 3234/4971/1955 3231/4970/1955 3232/4972/1955 3235/4973/1955
f 3235/4973/1956 3232/4972/1956 3233/4974/1956 3236/4975/1956
f 3236/4975/1957 3233/4974/1957 2339/3834/1957 2343/3833/1957
f 2227/3701/1958 2220/3693/1958 3234/4971/1958 3237/4976/1958
f 3237/4976/1959 3234/4971/1959 3235/4973/1959 3238/4977/1959
f 3238/4977/1960 3235/4973/1960 3236/4975/1960 3239/4978/1960
f 3239/4978/1961 3236/4975/1961 2343/3833/1961 2347/3839/1961
f 2233/3709/1962 2227/3701/1962 3237/4976/1962 3240/4979/1962
f 3240/4979/1963 3237/4976/1963 3238/4977/1963 3241/4980/1963
f 3241/4980/1964 3238/4977/1964 3239/4978/1964 3242/4981/1964
f 3242/4981/1965 3239/4978/1965 2347/3839/1965 2351/3843/1965
f 2242/3718/1966 2233/3709/1966 3240/4979/1966 3243/4982/1966
f 3243/4982/1967 3240/4979/1967 3241/4980/1967 3244/4983/1967
f 3244/4983/1968 3241/4980/1968 3242/4981/1968 3245/4984/1968
f 3245/4984/1969 3242/4981/1969 2351/3843/1969 2355/3847/1969
f 2248/3724/1970 2242/3718/1970 3243/4982/1970 3246/4985/1970
f 3246/4985/1971 3243/4982/1971 3244/4983/1971 3247/4986/1971
f 3247/4986/1972 3244/4983/1972 3245/4984/1972 3248/4987/1972
f 3248/4987/1973 3245/4984/1973 2355/3847/1973 2359/3851/1973
f 2255/3731/1974 2248/3724/1974 3246/4985/1974 3249/4988/1974
f 3249/4988/1975 3246/4985/1975 3247/4986/1975 3250/4989/1975
f 3250/4989/1976 3247/4986/1976 3248/4987/1976 3251/4990/1976
f 3251/4990/1977 3248/4987/1977 2359/3851/1977 2363/3855/1977
f 2205/3673/1978 2255/3731/1978 3249/4988/1978 3252/4991/1978
f 3252/4991/1979 3249/4988/1979 3250/4989/1979 3253/4992/1979
f 3253/4992/1980 3250/4989/1980 3251/4990/1980 3254/4993/1980
f 3254/4993/1981 3251/4990/1981 2363/3855/1981 2367/3861/1981
f 2206/3674/1982 2205/3673/1982 3252/4991/1982 3255/4994/1982
f 3255/4994/1983 3252/4991/1983 3253/4992/1983 3256/4995/1983
f 3256/4995/1984 3253/4992/1984 3254/4993/1984 3257/4996/1984
f 3257/4996/1985 3254/4993/1985 2367/3861/1985 2375/3869/1985
f 2215/3686/1986 2206/3685/1986 3255/4997/1986 3258/4998/1986
f 3258/4998/1987 3255/4997/1987 3256/4999/1987 3259/5000/1987
f 3259/5000/1988 3256/4999/1988 3257/5001/1988 3260/5002/1988
f 3260/5002/1989 3257/5001/1989 2375/3876/1989 2381/3875/1989
f 2222/3695/1990 2215/3686/1990 3258/4998/1990 3261/5003/1990
f 3261/5003/1991 3258/4998/1991 3259/5000/1991 3262/5004/1991
f 3262/5004/1992 3259/5000/1992 3260/5002/1992 3263/5005/1992
f 3263/5005/1993 3260/5002/1993 2381/3875/1993 2262/3742/1993
f 1668/3061/1994 2222/3695/1994 3261/5003/1994 3264/5006/1994
f 3264/5006/1995 3261/5003/1995 3262/5004/1995 3265/5007/1995
f 3265/5007/1996 3262/5004/1996 3263/5005/1996 3266/5008/1996
f 3266/5008/1997 3263/5005/1997 2262/3742/1997 2261/3741/1997
f 1669/3062/1998 1668/3061/1998 3264/5006/1998 3171/4901/1998
f 3171/4901/1999 3264/5006/1999 3265/5007/1999 3173/4903/1999
f 3173/4903/2000 3265/5007/2000 3266/5008/2000 3175/4905/2000
f 3175/4905/2001 3266/5008/2001 2261/3741/2001 2269/3751/2001
f 2241/3717/2002 1747/3148/2002 3267/5009/2002 3268/5010/2002
f 3268/5010/2002 3267/5009/2002 3269/5011/2002 3270/5012/2002
f 3270/5012/2003 3269/5011/2003 3271/5013/2003 3272/5014/2003
f 3272/5014/2004 3271/5013/2004 2283/3765/2004 2276/3758/2004
f 2250/3726/2005 2241/3717/2005 3268/5010/2005 3273/5015/2005
f 3273/5015/2006 3268/5010/2006 3270/5012/2006 3274/5016/2006
f 3274/5016/2007 3270/5012/2007 3272/5014/2007 3275/5017/2007
f 3275/5017/2008 3272/5014/2008 2276/3758/2008 2275/3757/2008
f 1806/3215/2009 2250/3726/2009 3273/5015/2009 3276/5018/2009
f 3276/5018/2010 3273/5015/2010 3274/5016/2010 3277/5019/2010
f 3277/5019/2011 3274/5016/2011 3275/5017/2011 3278/5020/2011
f 3278/5020/2012 3275/5017/2012 2275/3757/2012 2289/3773/2012
f 1807/3216/2013 1806/3215/2013 3276/5018/2013 3279/5021/2013
f 3279/5021/2014 3276/5018/2014 3277/5019/2014 3280/5022/2014
f 3280/5022/2015 3277/5019/2015 3278/5020/2015 3281/5023/2015
f 3281/5023/2016 3278/5020/2016 2289/3773/2016 2295/3779/2016
f 2210/3680/2017 1807/3679/2017 3279/5024/2017 3282/5025/2017
f 3282/5025/1891 3279/5024/1891 3280/5026/1891 3283/5027/1891
f 3283/5027/2018 3280/5026/2018 3281/5028/2018 3284/5029/2018
f 3284/5029/2019 3281/5028/2019 2295/3786/2019 2301/3785/2019
f 2217/3688/2020 2210/3680/2020 3282/5025/2020 3285/5030/2020
f 3285/5030/2021 3282/5025/2021 3283/5027/2021 3286/5031/2021
f 3286/5031/2022 3283/5027/2022 3284/5029/2022 3287/5032/2022
f 3287/5032/2023 3284/5029/2023 2301/3785/2023 2305/3791/2023
f 2224/3697/2024 2217/3688/2024 3285/5030/2024 3288/5033/2024
f 3288/5033/1899 3285/5030/1899 3286/5031/1899 3289/5034/1899
f 3289/5034/2025 3286/5031/2025 3287/5032/2025 3290/5035/2025
f 3290/5035/2026 3287/5032/2026 2305/3791/2026 2309/3795/2026
f 2230/3706/2027 2224/3697/2027 3288/5033/2027 3291/5036/2027
f 3291/5036/2028 3288/5033/2028 3289/5034/2028 3292/5037/2028
f 3292/5037/2029 3289/5034/2029 3290/5035/2029 3293/5038/2029
f 3293/5038/2030 3290/5035/2030 2309/3795/2030 2313/3801/2030
f 2238/3714/2031 2230/3706/2031 3291/5036/2031 3294/5039/2031
f 3294/5039/2032 3291/5036/2032 3292/5037/2032 3295/5040/2032
f 3295/5040/2033 3292/5037/2033 3293/5038/2033 3296/5041/2033
f 3296/5041/2034 3293/5038/2034 2313/3801/2034 2317/3805/2034
f 2245/3721/2035 2238/3714/2035 3294/5039/2035 3297/5042/2035
f 3297/5042/2036 3294/5039/2036 3295/5040/2036 3298/5043/2036
f 3298/5043/2037 3295/5040/2037 3296/5041/2037 3299/5044/2037
f 3299/5044/2038 3296/5041/2038 2317/3805/2038 2321/3809/2038
f 2252/3728/2039 2245/3721/2039 3297/5042/2039 3300/5045/2039
f 3300/5045/2040 3297/5042/2040 3298/5043/2040 3301/5046/2040
f 3301/5046/2041 3298/5043/2041 3299/5044/2041 3302/5047/2041
f 3302/5047/2042 3299/5044/2042 2321/3809/2042 2325/3813/2042
f 2199/3734/2043 2252/3728/2043 3300/5045/2043 3303/5048/2043
f 3303/5048/2044 3300/5045/2044 3301/5046/2044 3304/5049/2044
f 3304/5049/2045 3301/5046/2045 3302/5047/2045 3305/5050/2045
f 3305/5050/2046 3302/5047/2046 2325/3813/2046 2329/3817/2046
f 2200/3668/2047 2199/3667/2047 3303/5051/2047 3306/5052/2047
f 3306/5052/2048 3303/5051/2048 3304/5053/2048 3307/5054/2048
f 3307/5054/2049 3304/5053/2049 3305/5055/2049 3308/5056/2049
f 3308/5056/2050 3305/5055/2050 2329/3822/2050 2333/3821/2050
f 2212/3682/2051 2200/3668/2051 3306/5052/2051 3309/5057/2051
f 3309/5057/2052 3306/5052/2052 3307/5054/2052 3310/5058/2052
f 3310/5058/2053 3307/5054/2053 3308/5056/2053 3311/5059/2053
f 3311/5059/2054 3308/5056/2054 2333/3821/2054 2337/3827/2054
f 2219/3690/2055 2212/3682/2055 3309/5057/2055 3312/5060/2055
f 3312/5060/2056 3309/5057/2056 3310/5058/2056 3313/5061/2056
f 3313/5061/2057 3310/5058/2057 3311/5059/2057 3314/5062/2057
f 3314/5062/2058 3311/5059/2058 2337/3827/2058 2341/3831/2058
f 2226/3700/2059 2219/3690/2059 3312/5060/2059 3315/5063/2059
f 3315/5063/2060 3312/5060/2060 3313/5061/2060 3316/5064/2060
f 3316/5064/2061 3313/5061/2061 3314/5062/2061 3317/5065/2061
f 3317/5065/2062 3314/5062/2062 2341/3831/2062 2345/3837/2062
f 2232/3708/2063 2226/3700/2063 3315/5063/2063 3318/5066/2063
f 3318/5066/2064 3315/5063/2064 3316/5064/2064 3319/5067/2064
f 3319/5067/2065 3316/5064/2065 3317/5065/2065 3320/5068/2065
f 3320/5068/2066 3317/5065/2066 2345/3837/2066 2349/3841/2066
f 2240/3716/2067 2232/3708/2067 3318/5066/2067 3321/5069/2067
f 3321/5069/2068 3318/5066/2068 3319/5067/2068 3322/5070/2068
f 3322/5070/2069 3319/5067/2069 3320/5068/2069 3323/5071/2069
f 3323/5071/2070 3320/5068/2070 2349/3841/2070 2353/3845/2070
f 2247/3723/2071 2240/3716/2071 3321/5069/2071 3324/5072/2071
f 3324/5072/2072 3321/5069/2072 3322/5070/2072 3325/5073/2072
f 3325/5073/2073 3322/5070/2073 3323/5071/2073 3326/5074/2073
f 3326/5074/2074 3323/5071/2074 2353/3845/2074 2357/3849/2074
f 2254/3730/2075 2247/3723/2075 3324/5072/2075 3327/5075/2075
f 3327/5075/2076 3324/5072/2076 3325/5073/2076 3328/5076/2076
f 3328/5076/2077 3325/5073/2077 3326/5074/2077 3329/5077/2077
f 3329/5077/2078 3326/5074/2078 2357/3849/2078 2361/3853/2078
f 2203/3671/2079 2254/3736/2079 3327/5078/2079 3330/5079/2079
f 3330/5079/2080 3327/5078/2080 3328/5080/2080 3331/5081/2080
f 3331/5081/2081 3328/5080/2081 3329/5082/2081 3332/5083/2081
f 3332/5083/2082 3329/5082/2082 2361/3858/2082 2365/3857/2082
f 2204/3672/2083 2203/3671/2083 3330/5079/2083 3333/5084/2083
f 3333/5084/2084 3330/5079/2084 3331/5081/2084 3334/5085/2084
f 3334/5085/2085 3331/5081/2085 3332/5083/2085 3335/5086/2085
f 3335/5086/2086 3332/5083/2086 2365/3857/2086 2373/3867/2086
f 2214/3684/2087 2204/3672/2087 3333/5084/2087 3336/5087/2087
f 3336/5087/2088 3333/5084/2088 3334/5085/2088 3337/5088/2088
f 3337/5088/2089 3334/5085/2089 3335/5086/2089 3338/5089/2089
f 3338/5089/2090 3335/5086/2090 2373/3867/2090 2379/3873/2090
f 2221/3694/2091 2214/3684/2091 3336/5087/2091 3339/5090/2091
f 3339/5090/2092 3336/5087/2092 3337/5088/2092 3340/5091/2092
f 3340/5091/2093 3337/5088/2093 3338/5089/2093 3341/5092/2093
f 3341/5092/2094 3338/5089/2094 2379/3873/2094 2192/3660/2094
f 2228/3702/2095 2221/3694/2095 3339/5090/2095 3342/5093/2095
f 3342/5093/2096 3339/5090/2096 3340/5091/2096 3343/5094/2096
f 3343/5094/2097 3340/5091/2097 3341/5092/2097 3344/5095/2097
f 3344/5095/2098 3341/5092/2098 2192/3660/2098 2191/3659/2098
f 2234/3710/2099 2228/3702/2099 3342/5093/2099 3345/5096/2099
f 3345/5096/2100 3342/5093/2100 3343/5094/2100 3346/5097/2100
f 3346/5097/2101 3343/5094/2101 3344/5095/2101 3347/5098/2101
f 3347/5098/2102 3344/5095/2102 2191/3659/2102 2267/3749/2102
f 2243/3719/2103 2234/3710/2103 3345/5096/2103 3348/5099/2103
f 3348/5099/2104 3345/5096/2104 3346/5097/2104 3349/5100/2104
f 3349/5100/2105 3346/5097/2105 3347/5098/2105 3350/5101/2105
f 3350/5101/2106 3347/5098/2106 2267/3749/2106 2273/3755/2106
f 2249/3725/2107 2243/3719/2107 3348/5099/2107 3351/5102/2107
f 3351/5102/2108 3348/5099/2108 3349/5100/2108 3352/5103/2108
f 3352/5103/2109 3349/5100/2109 3350/5101/2109 3353/5104/2109
f 3353/5104/2110 3350/5101/2110 2273/3755/2110 2281/3763/2110
f 2256/3733/2111 2249/3732/2111 3351/5105/2111 3354/5106/2111
f 3354/5106/2112 3351/5105/2112 3352/5107/2112 3355/5108/2112
f 3355/5108/2113 3352/5107/2113 3353/5109/2113 3356/5110/2113
f 3356/5110/2114 3353/5109/2114 2281/3770/2114 2287/3769/2114
f 2207/3675/2115 2256/3733/2115 3354/5106/2115 3357/5111/2115
f 3357/5111/2116 3354/5106/2116 3355/5108/2116 3358/5112/2116
f 3358/5112/2117 3355/5108/2117 3356/5110/2117 3359/5113/2117
f 3359/5113/2118 3356/5110/2118 2287/3769/2118 2293/3777/2118
f 1746/3147/2119 2207/3675/2119 3357/5111/2119 3360/5114/2119
f 3360/5114/2120 3357/5111/2120 3358/5112/2120 3361/5115/2120
f 3361/5115/2121 3358/5112/2121 3359/5113/2121 3362/5116/2121
f 3362/5116/2122 3359/5113/2122 2293/3777/2122 2299/3783/2122
f 1747/3148/2123 1746/3147/2123 3360/5114/2123 3267/5009/2123
f 3267/5009/2124 3360/5114/2124 3361/5115/2124 3269/5011/2124
f 3269/5011/2125 3361/5115/2125 3362/5116/2125 3271/5013/2125
f 3271/5013/2126 3362/5116/2126 2299/3783/2126 2283/3765/2126
f 2235/3711/841 2377/3871/841 2378/3872/841 2236/3712/841
f 2754/4358/2127 2753/4357/2127 3363/5117/2127 3364/5118/2127
f 3364/5118/1746 3363/5117/1746 3365/5119/1746 3366/5120/1746
f 3366/5120/2128 3365/5119/2128 3367/5121/2128 3368/5122/2128
f 3368/5122/2129 3367/5121/2129 3043/4755/2129 2836/4458/2129
f 2771/4384/1753 2754/4358/1753 3364/5118/1753 3369/5123/1753
f 3369/5123/2130 3364/5118/2130 3366/5120/2130 3370/5124/2130
f 3370/5124/2131 3366/5120/2131 3368/5122/2131 3371/5125/2131
f 3371/5125/2132 3368/5122/2132 2836/4458/2132 2835/4457/2132
f 2778/4393/2133 2771/4384/2133 3369/5123/2133 3372/5126/2133
f 3372/5126/2134 3369/5123/2134 3370/5124/2134 3373/5127/2134
f 3373/5127/2135 3370/5124/2135 3371/5125/2135 3374/5128/2135
f 3374/5128/2136 3371/5125/2136 2835/4457/2136 3027/4737/2136
f 2781/4396/2137 2778/4393/2137 3372/5126/2137 3375/5129/2137
f 3375/5129/2138 3372/5126/2138 3373/5127/2138 3376/5130/2138
f 3376/5130/2139 3373/5127/2139 3374/5128/2139 3377/5131/2139
f 3377/5131/2140 3374/5128/2140 3027/4737/2140 3033/4743/2140
f 2784/4400/2141 2781/4399/2141 3375/5132/2141 3378/5133/2141
f 3378/5133/2142 3375/5132/2142 3376/5134/2142 3379/5135/2142
f 3379/5135/2143 3376/5134/2143 3377/5136/2143 3380/5137/2143
f 3380/5137/2144 3377/5136/2144 3033/4750/2144 3039/4749/2144
f 2786/4402/2145 2784/4400/2145 3378/5133/2145 3381/5138/2145
f 3381/5138/2146 3378/5133/2146 3379/5135/2146 3382/5139/2146
f 3382/5139/1767 3379/5135/1767 3380/5137/1767 3383/5140/1767
f 3383/5140/1768 3380/5137/1768 3039/4749/1768 3045/4757/1768
f 2789/4405/2147 2786/4402/2147 3381/5138/2147 3384/5141/2147
f 3384/5141/2148 3381/5138/2148 3382/5139/2148 3385/5142/2148
f 3385/5142/2149 3382/5139/2149 3383/5140/2149 3386/5143/2149
f 3386/5143/2150 3383/5140/2150 3045/4757/2150 3051/4763/2150
f 2793/4409/2151 2789/4405/2151 3384/5141/2151 3387/5144/2151
f 3387/5144/2152 3384/5141/2152 3385/5142/2152 3388/5145/2152
f 3388/5145/2153 3385/5142/2153 3386/5143/2153 3389/5146/2153
f 3389/5146/2154 3386/5143/2154 3051/4763/2154 3055/4767/2154
f 2796/4413/2155 2793/4409/2155 3387/5144/2155 3390/5147/2155
f 3390/5147/2156 3387/5144/2156 3388/5145/2156 3391/5148/2156
f 3391/5148/2157 3388/5145/2157 3389/5146/2157 3392/5149/2157
f 3392/5149/2158 3389/5146/2158 3055/4767/2158 3061/4775/2158
f 2799/4416/2159 2796/4413/2159 3390/5147/2159 3393/5150/2159
f 3393/5150/1783 3390/5147/1783 3391/5148/1783 3394/5151/1783
f 3394/5151/2160 3391/5148/2160 3392/5149/2160 3395/5152/2160
f 3395/5152/2161 3392/5149/2161 3061/4775/2161 3067/4781/2161
f 2802/4420/2162 2799/4416/2162 3393/5150/2162 3396/5153/2162
f 3396/5153/2163 3393/5150/2163 3394/5151/2163 3397/5154/2163
f 3397/5154/2164 3394/5151/2164 3395/5152/2164 3398/5155/2164
f 3398/5155/2165 3395/5152/2165 3067/4781/2165 3073/4789/2165
f 2804/4422/2166 2802/4420/2166 3396/5153/2166 3399/5156/2166
f 3399/5156/2167 3396/5153/2167 3397/5154/2167 3400/5157/2167
f 3400/5157/2168 3397/5154/2168 3398/5155/2168 3401/5158/2168
f 3401/5158/2169 3398/5155/2169 3073/4789/2169 2902/4791/2169
f 2806/4426/2170 2804/4425/2170 3399/5159/2170 3402/5160/2170
f 3402/5160/2171 3399/5159/2171 3400/5161/2171 3403/5162/2171
f 3403/5162/2172 3400/5161/2172 3401/5163/2172 3404/5164/2172
f 3404/5164/2173 3401/5163/2173 2902/4530/2173 2901/4529/2173
f 2808/4428/2174 2806/4426/2174 3402/5160/2174 3405/5165/2174
f 3405/5165/2175 3402/5160/2175 3403/5162/2175 3406/5166/2175
f 3406/5166/2176 3403/5162/2176 3404/5164/2176 3407/5167/2176
f 3407/5167/2177 3404/5164/2177 2901/4529/2177 2962/4663/2177
f 2810/4430/2178 2808/4428/2178 3405/5165/2178 3408/5168/2178
f 3408/5168/2179 3405/5165/2179 3406/5166/2179 3409/5169/2179
f 3409/5169/2180 3406/5166/2180 3407/5167/2180 3410/5170/2180
f 3410/5170/2181 3407/5167/2181 2962/4663/2181 2966/4667/2181
f 2812/4432/2182 2810/4430/2182 3408/5168/2182 3411/5171/2182
f 3411/5171/2183 3408/5168/2183 3409/5169/2183 3412/5172/2183
f 3412/5172/2184 3409/5169/2184 3410/5170/2184 3413/5173/2184
f 3413/5173/2185 3410/5170/2185 2966/4667/2185 2970/4671/2185
f 2814/4434/2186 2812/4432/2186 3411/5171/2186 3414/5174/2186
f 3414/5174/2187 3411/5171/2187 3412/5172/2187 3415/5175/2187
f 3415/5175/2188 3412/5172/2188 3413/5173/2188 3416/5176/2188
f 3416/5176/2189 3413/5173/2189 2970/4671/2189 2974/4675/2189
f 2816/4436/2190 2814/4434/2190 3414/5174/2190 3417/5177/2190
f 3417/5177/2191 3414/5174/2191 3415/5175/2191 3418/5178/2191
f 3418/5178/2192 3415/5175/2192 3416/5176/2192 3419/5179/2192
f 3419/5179/2193 3416/5176/2193 2974/4675/2193 2978/4679/2193
f 2818/4439/2194 2816/4436/2194 3417/5177/2194 3420/5180/2194
f 3420/5180/2195 3417/5177/2195 3418/5178/2195 3421/5181/2195
f 3421/5181/2196 3418/5178/2196 3419/5179/2196 3422/5182/2196
f 3422/5182/2197 3419/5179/2197 2978/4679/2197 2982/4685/2197
f 2820/4441/2198 2818/4439/2198 3420/5180/2198 3423/5183/2198
f 3423/5183/2199 3420/5180/2199 3421/5181/2199 3424/5184/2199
f 3424/5184/2200 3421/5181/2200 3422/5182/2200 3425/5185/2200
f 3425/5185/2201 3422/5182/2201 2982/4685/2201 2986/4689/2201
f 2822/4444/2202 2820/4443/2202 3423/5186/2202 3426/5187/2202
f 3426/5187/2203 3423/5186/2203 3424/5188/2203 3427/5189/2203
f 3427/5189/2204 3424/5188/2204 3425/5190/2204 3428/5191/2204
f 3428/5191/2205 3425/5190/2205 2986/4694/2205 2990/4693/2205
f 2824/4446/2206 2822/4444/2206 3426/5187/2206 3429/5192/2206
f 3429/5192/2207 3426/5187/2207 3427/5189/2207 3430/5193/2207
f 3430/5193/2208 3427/5189/2208 3428/5191/2208 3431/5194/2208
f 3431/5194/2209 3428/5191/2209 2990/4693/2209 2994/4699/2209
f 2826/4448/2210 2824/4446/2210 3429/5192/2210 3432/5195/2210
f 3432/5195/2211 3429/5192/2211 3430/5193/2211 3433/5196/2211
f 3433/5196/2212 3430/5193/2212 3431/5194/2212 3434/5197/2212
f 3434/5197/2213 3431/5194/2213 2994/4699/2213 2998/4703/2213
f 2697/4293/2214 2826/4448/2214 3432/5195/2214 3435/5198/2214
f 3435/5198/2215 3432/5195/2215 3433/5196/2215 3436/5199/2215
f 3436/5199/2216 3433/5196/2216 3434/5197/2216 3437/5200/2216
f 3437/5200/2217 3434/5197/2217 2998/4703/2217 3002/4707/2217
f 2698/4294/2218 2697/4293/2218 3435/5198/2218 3438/5201/2218
f 3438/5201/2219 3435/5198/2219 3436/5199/2219 3439/5202/2219
f 3439/5202/1843 3436/5199/1843 3437/5200/1843 3440/5203/1843
f 3440/5203/2220 3437/5200/2220 3002/4707/2220 3006/4711/2220
f 2768/4380/2221 2698/4294/2221 3438/5201/2221 3441/5204/2221
f 3441/5204/2222 3438/5201/2222 3439/5202/2222 3442/5205/2222
f 3442/5205/2223 3439/5202/2223 3440/5203/2223 3443/5206/2223
f 3443/5206/2224 3440/5203/2224 3006/4711/2224 3010/4715/2224
f 2770/4383/2225 2768/4380/2225 3441/5204/2225 3444/5207/2225
f 3444/5207/2226 3441/5204/2226 3442/5205/2226 3445/5208/2226
f 3445/5208/2227 3442/5205/2227 3443/5206/2227 3446/5209/2227
f 3446/5209/2228 3443/5206/2228 3010/4715/2228 3014/4721/2228
f 2773/4386/2229 2770/4383/2229 3444/5207/2229 3447/5210/2229
f 3447/5210/2230 3444/5207/2230 3445/5208/2230 3448/5211/2230
f 3448/5211/2231 3445/5208/2231 3446/5209/2231 3449/5212/2231
f 3449/5212/2232 3446/5209/2232 3014/4721/2232 3020/4727/2232
f 2777/4392/2233 2773/4391/2233 3447/5213/2233 3450/5214/2233
f 3450/5214/2234 3447/5213/2234 3448/5215/2234 3451/5216/2234
f 3451/5216/2235 3448/5215/2235 3449/5217/2235 3452/5218/2235
f 3452/5218/2236 3449/5217/2236 3020/4734/2236 3025/4733/2236
f 2780/4395/2237 2777/4392/2237 3450/5214/2237 3453/5219/2237
f 3453/5219/2238 3450/5214/2238 3451/5216/2238 3454/5220/2238
f 3454/5220/2239 3451/5216/2239 3452/5218/2239 3455/5221/2239
f 3455/5221/2240 3452/5218/2240 3025/4733/2240 3031/4741/2240
f 2783/4398/2241 2780/4395/2241 3453/5219/2241 3456/5222/2241
f 3456/5222/2242 3453/5219/2242 3454/5220/2242 3457/5223/2242
f 3457/5223/2243 3454/5220/2243 3455/5221/2243 3458/5224/2243
f 3458/5224/2244 3455/5221/2244 3031/4741/2244 3037/4747/2244
f 2753/4357/2245 2783/4398/2245 3456/5222/2245 3363/5117/2245
f 3363/5117/2246 3456/5222/2246 3457/5223/2246 3365/5119/2246
f 3365/5119/1871 3457/5223/1871 3458/5224/1871 3367/5121/1871
f 3367/5121/2247 3458/5224/2247 3037/4747/2247 3043/4755/2247
f 2774/4387/2248 3016/4723/2248 3017/4724/2248 2775/4388/2248
f 3017/4724/2249 2736/4332/2249 3459/5225/2249 3460/5226/2249
f 3460/5226/2250 3459/5225/2250 3461/5227/2250 3462/5228/2250
f 3462/5228/2251 3461/5227/2251 3463/5229/2251 3464/5230/2251
f 3464/5230/2252 3463/5229/2252 3022/4729/2252 2957/4595/2252
f 2775/4388/2253 3017/4724/2253 3460/5226/2253 3465/5231/2253
f 3465/5231/2254 3460/5226/2254 3462/5228/2254 3466/5232/2254
f 3466/5232/2255 3462/5228/2255 3464/5230/2255 3467/5233/2255
f 3467/5233/2256 3464/5230/2256 2957/4595/2256 2863/4487/2256
f 2685/4281/2257 2775/4388/2257 3465/5231/2257 3468/5234/2257
f 3468/5234/2258 3465/5231/2258 3466/5232/2258 3469/5235/2258
f 3469/5235/2259 3466/5232/2259 3467/5233/2259 3470/5236/2259
f 3470/5236/2260 3467/5233/2260 2863/4487/2260 2844/4466/2260
f 2686/4282/2261 2685/4281/2261 3468/5234/2261 3471/5237/2261
f 3471/5237/2262 3468/5234/2262 3469/5235/2262 3472/5238/2262
f 3472/5238/2263 3469/5235/2263 3470/5236/2263 3473/5239/2263
f 3473/5239/2264 3470/5236/2264 2844/4466/2264 2843/4465/2264
f 2653/4249/2265 2686/4370/2265 3471/5240/2265 3474/5241/2265
f 3474/5241/2266 3471/5240/2266 3472/5242/2266 3475/5243/2266
f 3475/5243/2267 3472/5242/2267 3473/5244/2267 3476/5245/2267
f 3476/5245/2268 3473/5244/2268 2843/4474/2268 2851/4473/2268
f 2654/4250/2269 2653/4249/2269 3474/5241/2269 3477/5246/2269
f 3477/5246/2270 3474/5241/2270 3475/5243/2270 3478/5247/2270
f 3478/5247/2271 3475/5243/2271 3476/5245/2271 3479/5248/2271
f 3479/5248/2272 3476/5245/2272 2851/4473/2272 2859/4483/2272
f 2670/4266/2273 2654/4250/2273 3477/5246/2273 3480/5249/2273
f 3480/5249/2274 3477/5246/2274 3478/5247/2274 3481/5250/2274
f 3481/5250/2275 3478/5247/2275 3479/5248/2275 3482/5251/2275
f 3482/5251/2276 3479/5248/2276 2859/4483/2276 2865/4489/2276
f 2690/4286/2277 2670/4266/2277 3480/5249/2277 3483/5252/2277
f 3483/5252/2278 3480/5249/2278 3481/5250/2278 3484/5253/2278
f 3484/5253/2279 3481/5250/2279 3482/5251/2279 3485/5254/2279
f 3485/5254/2280 3482/5251/2280 2865/4489/2280 2871/4495/2280
f 2702/4298/2281 2690/4286/2281 3483/5252/2281 3486/5255/2281
f 3486/5255/2282 3483/5252/2282 3484/5253/2282 3487/5256/2282
f 3487/5256/2283 3484/5253/2283 3485/5254/2283 3488/5257/2283
f 3488/5257/2284 3485/5254/2284 2871/4495/2284 2877/4503/2284
f 2712/4308/2285 2702/4298/2285 3486/5255/2285 3489/5258/2285
f 3489/5258/2286 3486/5255/2286 3487/5256/2286 3490/5259/2286
f 3490/5259/2287 3487/5256/2287 3488/5257/2287 3491/5260/2287
f 3491/5260/2288 3488/5257/2288 2877/4503/2288 2885/4511/2288
f 2724/4320/2289 2712/4308/2289 3489/5258/2289 3492/5261/2289
f 3492/5261/2290 3489/5258/2290 3490/5259/2290 3493/5262/2290
f 3493/5262/2291 3490/5259/2291 3491/5260/2291 3494/5263/2291
f 3494/5263/2292 3491/5260/2292 2885/4511/2292 2891/4519/2292
f 2744/4344/2293 2724/4320/2293 3492/5261/2293 3495/5264/2293
f 3495/5264/2294 3492/5261/2294 3493/5262/2294 3496/5265/2294
f 3496/5265/2295 3493/5262/2295 3494/5263/2295 3497/5266/2295
f 3497/5266/2296 3494/5263/2296 2891/4519/2296 2895/4523/2296
f 2758/4366/2297 2744/4365/2297 3495/5267/2297 3498/5268/2297
f 3498/5268/2298 3495/5267/2298 3496/5269/2298 3499/5270/2298
f 3499/5270/2299 3496/5269/2299 3497/5271/2299 3500/5272/2299
f 3500/5272/2300 3497/5271/2300 2895/4533/2300 2828/4450/2300
f 2661/4257/2301 2758/4366/2301 3498/5268/2301 3501/5273/2301
f 3501/5273/2302 3498/5268/2302 3499/5270/2302 3502/5274/2302
f 3502/5274/2303 3499/5270/2303 3500/5272/2303 3503/5275/2303
f 3503/5275/2304 3500/5272/2304 2828/4450/2304 2827/4449/2304
f 2662/4258/2305 2661/4257/2305 3501/5273/2305 3504/5276/2305
f 3504/5276/2306 3501/5273/2306 3502/5274/2306 3505/5277/2306
f 3505/5277/2307 3502/5274/2307 3503/5275/2307 3506/5278/2307
f 3506/5278/2308 3503/5275/2308 2827/4449/2308 2907/4537/2308
f 2674/4270/2309 2662/4258/2309 3504/5276/2309 3507/5279/2309
f 3507/5279/2310 3504/5276/2310 3505/5277/2310 3508/5280/2310
f 3508/5280/2311 3505/5277/2311 3506/5278/2311 3509/5281/2311
f 3509/5281/2312 3506/5278/2312 2907/4537/2312 2911/4541/2312
f 2694/4290/2313 2674/4270/2313 3507/5279/2313 3510/5282/2313
f 3510/5282/2314 3507/5279/2314 3508/5280/2314 3511/5283/2314
f 3511/5283/2315 3508/5280/2315 3509/5281/2315 3512/5284/2315
f 3512/5284/2316 3509/5281/2316 2911/4541/2316 2915/4545/2316
f 2706/4302/2317 2694/4290/2317 3510/5282/2317 3513/5285/2317
f 3513/5285/2318 3510/5282/2318 3511/5283/2318 3514/5286/2318
f 3514/5286/2319 3511/5283/2319 3512/5284/2319 3515/5287/2319
f 3515/5287/2320 3512/5284/2320 2915/4545/2320 2919/4549/2320
f 2716/4312/2321 2706/4302/2321 3513/5285/2321 3516/5288/2321
f 3516/5288/2322 3513/5285/2322 3514/5286/2322 3517/5289/2322
f 3517/5289/2323 3514/5286/2323 3515/5287/2323 3518/5290/2323
f 3518/5290/2324 3515/5287/2324 2919/4549/2324 2923/4555/2324
f 2728/4324/2325 2716/4312/2325 3516/5288/2325 3519/5291/2325
f 3519/5291/2326 3516/5288/2326 3517/5289/2326 3520/5292/2326
f 3520/5292/2327 3517/5289/2327 3518/5290/2327 3521/5293/2327
f 3521/5293/2328 3518/5290/2328 2923/4555/2328 2927/4559/2328
f 2746/4350/2329 2728/4349/2329 3519/5294/2329 3522/5295/2329
f 3522/5295/2330 3519/5294/2330 3520/5296/2330 3523/5297/2330
f 3523/5297/2331 3520/5296/2331 3521/5298/2331 3524/5299/2331
f 3524/5299/2332 3521/5298/2332 2927/4564/2332 2931/4563/2332
f 1659/3052/2333 2746/4350/2333 3522/5295/2333 3525/5300/2333
f 3525/5300/2334 3522/5295/2334 3523/5297/2334 3526/5301/2334
f 3526/5301/2335 3523/5297/2335 3524/5299/2335 3527/5302/2335
f 3527/5302/2336 3524/5299/2336 2931/4563/2336 2935/4569/2336
f 1660/3053/2337 1659/3052/2337 3525/5300/2337 3528/5303/2337
f 3528/5303/2338 3525/5300/2338 3526/5301/2338 3529/5304/2338
f 3529/5304/2339 3526/5301/2339 3527/5302/2339 3530/5305/2339
f 3530/5305/2340 3527/5302/2340 2935/4569/2340 2939/4573/2340
f 2666/4262/2341 1660/3053/2341 3528/5303/2341 3531/5306/2341
f 3531/5306/2342 3528/5303/2342 3529/5304/2342 3532/5307/2342
f 3532/5307/2343 3529/5304/2343 3530/5305/2343 3533/5308/2343
f 3533/5308/2344 3530/5305/2344 2939/4573/2344 2943/4577/2344
f 2678/4274/2345 2666/4262/2345 3531/5306/2345 3534/5309/2345
f 3534/5309/2346 3531/5306/2346 3532/5307/2346 3535/5310/2346
f 3535/5310/2347 3532/5307/2347 3533/5308/2347 3536/5311/2347
f 3536/5311/2348 3533/5308/2348 2943/4577/2348 2947/4581/2348
f 2637/4233/2349 2678/4274/2349 3534/5309/2349 3537/5312/2349
f 3537/5312/2350 3534/5309/2350 3535/5310/2350 3538/5313/2350
f 3538/5313/2351 3535/5310/2351 3536/5311/2351 3539/5314/2351
f 3539/5314/2352 3536/5311/2352 2947/4581/2352 2951/4585/2352
f 2638/4234/2353 2637/4233/2353 3537/5312/2353 3540/5315/2353
f 3540/5315/2354 3537/5312/2354 3538/5313/2354 3541/5316/2354
f 3541/5316/2355 3538/5313/2355 3539/5314/2355 3542/5317/2355
f 3542/5317/2356 3539/5314/2356 2951/4585/2356 2955/4591/2356
f 2720/4316/2357 2638/4234/2357 3540/5315/2357 3543/5318/2357
f 3543/5318/2358 3540/5315/2358 3541/5316/2358 3544/5319/2358
f 3544/5319/2359 3541/5316/2359 3542/5317/2359 3545/5320/2359
f 3545/5320/2360 3542/5317/2360 2955/4591/2360 2760/4593/2360
f 2740/4340/2361 2720/4339/2361 3543/5321/2361 3546/5322/2361
f 3546/5322/2362 3543/5321/2362 3544/5323/2362 3547/5324/2362
f 3547/5324/2363 3544/5323/2363 3545/5325/2363 3548/5326/2363
f 3548/5326/2364 3545/5325/2364 2760/4372/2364 2759/4371/2364
f 2750/4354/2365 2740/4340/2365 3546/5322/2365 3549/5327/2365
f 3549/5327/2366 3546/5322/2366 3547/5324/2366 3550/5328/2366
f 3550/5328/2367 3547/5324/2367 3548/5326/2367 3551/5329/2367
f 3551/5329/2368 3548/5326/2368 2759/4371/2368 2841/4463/2368
f 2735/4331/2369 2750/4354/2369 3549/5327/2369 3552/5330/2369
f 3552/5330/2370 3549/5327/2370 3550/5328/2370 3553/5331/2370
f 3553/5331/2371 3550/5328/2371 3551/5329/2371 3554/5332/2371
f 3554/5332/2372 3551/5329/2372 2841/4463/2372 2849/4471/2372
f 2736/4332/2373 2735/4331/2373 3552/5330/2373 3459/5225/2373
f 3459/5225/2374 3552/5330/2374 3553/5331/2374 3461/5227/2374
f 3461/5227/2375 3553/5331/2375 3554/5332/2375 3463/5229/2375
f 3463/5229/2376 3554/5332/2376 2849/4471/2376 3022/4729/2376
f 3050/4762/2249 2732/4328/2249 3555/5333/2249 3556/5334/2249
f 3556/5334/2377 3555/5333/2377 3557/5335/2377 3558/5336/2377
f 3558/5336/2251 3557/5335/2251 3559/5337/2251 3560/5338/2251
f 3560/5338/2378 3559/5337/2378 2856/4480/2378 2855/4479/2378
f 2792/4408/2253 3050/4762/2253 3556/5334/2253 3561/5339/2253
f 3561/5339/2379 3556/5334/2379 3558/5336/2379 3562/5340/2379
f 3562/5340/2380 3558/5336/2380 3560/5338/2380 3563/5341/2380
f 3563/5341/2381 3560/5338/2381 2855/4479/2381 2869/4493/2381
f 2681/4277/2382 2792/4408/2382 3561/5339/2382 3564/5342/2382
f 3564/5342/2258 3561/5339/2258 3562/5340/2258 3565/5343/2258
f 3565/5343/2383 3562/5340/2383 3563/5341/2383 3566/5344/2383
f 3566/5344/2260 3563/5341/2260 2869/4493/2260 2882/4508/2260
f 2682/4278/2384 2681/4277/2384 3564/5342/2384 3567/5345/2384
f 3567/5345/2262 3564/5342/2262 3565/5343/2262 3568/5346/2262
f 3568/5346/2385 3565/5343/2385 3566/5344/2385 3569/5347/2385
f 3569/5347/2386 3566/5344/2386 2882/4508/2386 2881/4507/2386
f 2649/4245/2387 2682/4368/2387 3567/5348/2387 3570/5349/2387
f 3570/5349/2388 3567/5348/2388 3568/5350/2388 3571/5351/2388
f 3571/5351/2389 3568/5350/2389 3569/5352/2389 3572/5353/2389
f 3572/5353/2390 3569/5352/2390 2881/4516/2390 2889/4515/2390
f 2650/4246/2269 2649/4245/2269 3570/5349/2269 3573/5354/2269
f 3573/5354/2391 3570/5349/2391 3571/5351/2391 3574/5355/2391
f 3574/5355/2271 3571/5351/2271 3572/5353/2271 3575/5356/2271
f 3575/5356/2392 3572/5353/2392 2889/4515/2392 2893/4521/2392
f 2668/4264/2273 2650/4246/2273 3573/5354/2273 3576/5357/2273
f 3576/5357/2393 3573/5354/2393 3574/5355/2393 3577/5358/2393
f 3577/5358/2394 3574/5355/2394 3575/5356/2394 3578/5359/2394
f 3578/5359/2395 3575/5356/2395 2893/4521/2395 2832/4454/2395
f 2688/4284/2396 2668/4264/2396 3576/5357/2396 3579/5360/2396
f 3579/5360/2397 3576/5357/2397 3577/5358/2397 3580/5361/2397
f 3580/5361/2398 3577/5358/2398 3578/5359/2398 3581/5362/2398
f 3581/5362/2399 3578/5359/2399 2832/4454/2399 2831/4453/2399
f 2700/4296/2400 2688/4284/2400 3579/5360/2400 3582/5363/2400
f 3582/5363/2401 3579/5360/2401 3580/5361/2401 3583/5364/2401
f 3583/5364/2402 3580/5361/2402 3581/5362/2402 3584/5365/2402
f 3584/5365/2403 3581/5362/2403 2831/4453/2403 2905/4535/2403
f 2710/4306/2404 2700/4296/2404 3582/5363/2404 3585/5366/2404
f 3585/5366/2405 3582/5363/2405 3583/5364/2405 3586/5367/2405
f 3586/5367/2406 3583/5364/2406 3584/5365/2406 3587/5368/2406
f 3587/5368/2288 3584/5365/2288 2905/4535/2288 2909/4539/2288
f 2722/4318/2289 2710/4306/2289 3585/5366/2289 3588/5369/2289
f 3588/5369/2407 3585/5366/2407 3586/5367/2407 3589/5370/2407
f 3589/5370/2408 3586/5367/2408 3587/5368/2408 3590/5371/2408
f 3590/5371/2409 3587/5368/2409 2909/4539/2409 2913/4543/2409
f 2742/4342/2410 2722/4318/2410 3588/5369/2410 3591/5372/2410
f 3591/5372/2411 3588/5369/2411 3589/5370/2411 3592/5373/2411
f 3592/5373/2412 3589/5370/2412 3590/5371/2412 3593/5374/2412
f 3593/5374/2413 3590/5371/2413 2913/4543/2413 2917/4547/2413
f 2756/4362/2414 2742/4361/2414 3591/5375/2414 3594/5376/2414
f 3594/5376/2415 3591/5375/2415 3592/5377/2415 3595/5378/2415
f 3595/5378/2416 3592/5377/2416 3593/5379/2416 3596/5380/2416
f 3596/5380/2417 3593/5379/2417 2917/4552/2417 2921/4551/2417
f 2657/4253/2418 2756/4362/2418 3594/5376/2418 3597/5381/2418
f 3597/5381/2419 3594/5376/2419 3595/5378/2419 3598/5382/2419
f 3598/5382/2303 3595/5378/2303 3596/5380/2303 3599/5383/2303
f 3599/5383/2420 3596/5380/2420 2921/4551/2420 2925/4557/2420
f 2658/4254/2421 2657/4253/2421 3597/5381/2421 3600/5384/2421
f 3600/5384/2422 3597/5381/2422 3598/5382/2422 3601/5385/2422
f 3601/5385/2423 3598/5382/2423 3599/5383/2423 3602/5386/2423
f 3602/5386/2424 3599/5383/2424 2925/4557/2424 2929/4561/2424
f 2672/4268/2425 2658/4254/2425 3600/5384/2425 3603/5387/2425
f 3603/5387/2310 3600/5384/2310 3601/5385/2310 3604/5388/2310
f 3604/5388/2426 3601/5385/2426 3602/5386/2426 3605/5389/2426
f 3605/5389/2427 3602/5386/2427 2929/4561/2427 2933/4567/2427
f 2692/4288/2428 2672/4268/2428 3603/5387/2428 3606/5390/2428
f 3606/5390/2429 3603/5387/2429 3604/5388/2429 3607/5391/2429
f 3607/5391/2430 3604/5388/2430 3605/5389/2430 3608/5392/2430
f 3608/5392/2315 3605/5389/2315 2933/4567/2315 2937/4571/2315
f 2704/4300/2317 2692/4288/2317 3606/5390/2317 3609/5393/2317
f 3609/5393/2431 3606/5390/2431 3607/5391/2431 3610/5394/2431
f 3610/5394/2319 3607/5391/2319 3608/5392/2319 3611/5395/2319
f 3611/5395/2432 3608/5392/2432 2937/4571/2432 2941/4575/2432
f 2714/4310/2433 2704/4300/2433 3609/5393/2433 3612/5396/2433
f 3612/5396/2434 3609/5393/2434 3610/5394/2434 3613/5397/2434
f 3613/5397/2435 3610/5394/2435 3611/5395/2435 3614/5398/2435
f 3614/5398/2436 3611/5395/2436 2941/4575/2436 2945/4579/2436
f 2641/4346/2437 2714/4310/2437 3612/5396/2437 3615/5399/2437
f 3615/5399/2438 3612/5396/2438 3613/5397/2438 3616/5400/2438
f 3616/5400/2439 3613/5397/2439 3614/5398/2439 3617/5401/2439
f 3617/5401/2440 3614/5398/2440 2945/4579/2440 2949/4583/2440
f 2642/4238/2441 2641/4237/2441 3615/5402/2441 3618/5403/2441
f 3618/5403/2442 3615/5402/2442 3616/5404/2442 3619/5405/2442
f 3619/5405/2443 3616/5404/2443 3617/5406/2443 3620/5407/2443
f 3620/5407/2444 3617/5406/2444 2949/4588/2444 2953/4587/2444
f 1879/3296/2445 2642/4238/2445 3618/5403/2445 3621/5408/2445
f 3621/5408/2446 3618/5403/2446 3619/5405/2446 3622/5409/2446
f 3622/5409/2335 3619/5405/2335 3620/5407/2335 3623/5410/2335
f 3623/5410/2336 3620/5407/2336 2953/4587/2336 2764/4376/2336
f 1880/3297/2447 1879/3296/2447 3621/5408/2447 3624/5411/2447
f 3624/5411/2448 3621/5408/2448 3622/5409/2448 3625/5412/2448
f 3625/5412/2338 3622/5409/2338 3623/5410/2338 3626/5413/2338
f 3626/5413/2449 3623/5410/2449 2764/4376/2449 2763/4375/2449
f 2664/4260/2450 1880/3297/2450 3624/5411/2450 3627/5414/2450
f 3627/5414/2451 3624/5411/2451 3625/5412/2451 3628/5415/2451
f 3628/5415/2452 3625/5412/2452 3626/5413/2452 3629/5416/2452
f 3629/5416/2453 3626/5413/2453 2763/4375/2453 2839/4461/2453
f 2676/4272/2454 2664/4260/2454 3627/5414/2454 3630/5417/2454
f 3630/5417/2455 3627/5414/2455 3628/5415/2455 3631/5418/2455
f 3631/5418/2456 3628/5415/2456 3629/5416/2456 3632/5419/2456
f 3632/5419/2457 3629/5416/2457 2839/4461/2457 2847/4469/2457
f 2696/4292/2458 2676/4272/2458 3630/5417/2458 3633/5420/2458
f 3633/5420/2459 3630/5417/2459 3631/5418/2459 3634/5421/2459
f 3634/5421/2460 3631/5418/2460 3632/5419/2460 3635/5422/2460
f 3635/5422/2461 3632/5419/2461 2847/4469/2461 2853/4477/2461
f 2708/4304/2462 2696/4292/2462 3633/5420/2462 3636/5423/2462
f 3636/5423/2354 3633/5420/2354 3634/5421/2354 3637/5424/2354
f 3637/5424/2463 3634/5421/2463 3635/5422/2463 3638/5425/2463
f 3638/5425/2464 3635/5422/2464 2853/4477/2464 2861/4485/2464
f 2718/4314/2465 2708/4304/2465 3636/5423/2465 3639/5426/2465
f 3639/5426/2466 3636/5423/2466 3637/5424/2466 3640/5427/2466
f 3640/5427/2467 3637/5424/2467 3638/5425/2467 3641/5428/2467
f 3641/5428/2468 3638/5425/2468 2861/4485/2468 2867/4491/2468
f 2738/4336/2469 2718/4335/2469 3639/5429/2469 3642/5430/2469
f 3642/5430/2470 3639/5429/2470 3640/5431/2470 3643/5432/2470
f 3643/5432/2471 3640/5431/2471 3641/5433/2471 3644/5434/2471
f 3644/5434/2472 3641/5433/2472 2867/4498/2472 2873/4497/2472
f 2748/4352/2473 2738/4336/2473 3642/5430/2473 3645/5435/2473
f 3645/5435/2474 3642/5430/2474 3643/5432/2474 3646/5436/2474
f 3646/5436/2475 3643/5432/2475 3644/5434/2475 3647/5437/2475
f 3647/5437/2476 3644/5434/2476 2873/4497/2476 2879/4505/2476
f 2731/4327/2369 2748/4352/2369 3645/5435/2369 3648/5438/2369
f 3648/5438/2477 3645/5435/2477 3646/5436/2477 3649/5439/2477
f 3649/5439/2478 3646/5436/2478 3647/5437/2478 3650/5440/2478
f 3650/5440/2371 3647/5437/2371 2879/4505/2371 2887/4513/2371
f 2732/4328/2479 2731/4327/2479 3648/5438/2479 3555/5333/2479
f 3555/5333/2480 3648/5438/2480 3649/5439/2480 3557/5335/2480
f 3557/5335/2481 3649/5439/2481 3650/5440/2481 3559/5337/2481
f 3559/5337/2376 3650/5440/2376 2887/4513/2376 2856/4480/2376
f 2957/4595/1633 3022/4729/1633 2959/4730/1633 2958/4596/1633
f 2837/4459/2482 3044/4756/2482 3651/5441/2482 3652/5442/2482
f 3652/5442/2483 3651/5441/2483 2733/4329/2483 3016/4723/2483
f 2838/4460/2484 2837/4459/2484 3652/5442/2484 3653/5443/2484
f 3653/5443/2485 3652/5442/2485 3016/4723/2485 2774/4387/2485
f 3028/4738/2486 2838/4460/2486 3653/5443/2486 3654/5444/2486
f 3654/5444/2487 3653/5443/2487 2774/4387/2487 2684/4280/2487
f 3034/4744/2488 3028/4738/2488 3654/5444/2488 3655/5445/2488
f 3655/5445/2489 3654/5444/2489 2684/4280/2489 2683/4279/2489
f 3040/4752/2490 3034/4751/2490 3655/5446/2490 3656/5447/2490
f 3656/5447/2491 3655/5446/2491 2683/4369/2491 2652/4248/2491
f 3046/4758/2492 3040/4752/2492 3656/5447/2492 3657/5448/2492
f 3657/5448/2493 3656/5447/2493 2652/4248/2493 2651/4247/2493
f 3052/4764/2494 3046/4758/2494 3657/5448/2494 3658/5449/2494
f 3658/5449/2495 3657/5448/2495 2651/4247/2495 2669/4265/2495
f 3056/4768/2496 3052/4764/2496 3658/5449/2496 3659/5450/2496
f 3659/5450/2497 3658/5449/2497 2669/4265/2497 2689/4285/2497
f 3062/4776/2498 3056/4768/2498 3659/5450/2498 3660/5451/2498
f 3660/5451/2499 3659/5450/2499 2689/4285/2499 2701/4297/2499
f 3068/4782/2500 3062/4776/2500 3660/5451/2500 3661/5452/2500
f 3661/5452/2501 3660/5451/2501 2701/4297/2501 2711/4307/2501
f 3074/4790/2502 3068/4782/2502 3661/5452/2502 3662/5453/2502
f 3662/5453/2503 3661/5452/2503 2711/4307/2503 2723/4319/2503
f 2903/4792/2504 3074/4790/2504 3662/5453/2504 3663/5454/2504
f 3663/5454/2505 3662/5453/2505 2723/4319/2505 2743/4343/2505
f 2904/4532/2506 2903/4531/2506 3663/5455/2506 3664/5456/2506
f 3664/5456/2507 3663/5455/2507 2743/4364/2507 2757/4363/2507
f 2963/4664/2508 2904/4532/2508 3664/5456/2508 3665/5457/2508
f 3665/5457/2509 3664/5456/2509 2757/4363/2509 2660/4256/2509
f 2967/4668/2510 2963/4664/2510 3665/5457/2510 3666/5458/2510
f 3666/5458/2511 3665/5457/2511 2660/4256/2511 2659/4255/2511
f 2971/4672/2512 2967/4668/2512 3666/5458/2512 3667/5459/2512
f 3667/5459/2513 3666/5458/2513 2659/4255/2513 2673/4269/2513
f 2975/4676/2514 2971/4672/2514 3667/5459/2514 3668/5460/2514
f 3668/5460/2515 3667/5459/2515 2673/4269/2515 2693/4289/2515
f 2979/4680/2516 2975/4676/2516 3668/5460/2516 3669/5461/2516
f 3669/5461/2517 3668/5460/2517 2693/4289/2517 2705/4301/2517
f 2983/4686/2518 2979/4680/2518 3669/5461/2518 3670/5462/2518
f 3670/5462/2519 3669/5461/2519 2705/4301/2519 2715/4311/2519
f 2987/4690/2520 2983/4686/2520 3670/5462/2520 3671/5463/2520
f 3671/5463/2521 3670/5462/2521 2715/4311/2521 2727/4323/2521
f 2991/4696/2522 2987/4695/2522 3671/5464/2522 3672/5465/2522
f 3672/5465/2523 3671/5464/2523 2727/4348/2523 2745/4347/2523
f 2995/4700/2524 2991/4696/2524 3672/5465/2524 3673/5466/2524
f 3673/5466/2525 3672/5465/2525 2745/4347/2525 1658/3051/2525
f 2999/4704/2526 2995/4700/2526 3673/5466/2526 3674/5467/2526
f 3674/5467/2527 3673/5466/2527 1658/3051/2527 1657/3050/2527
f 3003/4708/2528 2999/4704/2528 3674/5467/2528 3675/5468/2528
f 3675/5468/2529 3674/5467/2529 1657/3050/2529 2665/4261/2529
f 3007/4712/2530 3003/4708/2530 3675/5468/2530 3676/5469/2530
f 3676/5469/2531 3675/5468/2531 2665/4261/2531 2677/4273/2531
f 3011/4716/2532 3007/4712/2532 3676/5469/2532 3677/5470/2532
f 3677/5470/2533 3676/5469/2533 2677/4273/2533 2636/4232/2533
f 3015/4722/2534 3011/4716/2534 3677/5470/2534 3678/5471/2534
f 3678/5471/2535 3677/5470/2535 2636/4232/2535 2635/4231/2535
f 3021/4728/2536 3015/4722/2536 3678/5471/2536 3679/5472/2536
f 3679/5472/2537 3678/5471/2537 2635/4231/2537 2719/4315/2537
f 3026/4736/2538 3021/4735/2538 3679/5473/2538 3680/5474/2538
f 3680/5474/2539 3679/5473/2539 2719/4338/2539 2739/4337/2539
f 3032/4742/2540 3026/4736/2540 3680/5474/2540 3681/5475/2540
f 3681/5475/2541 3680/5474/2541 2739/4337/2541 2749/4353/2541
f 3038/4748/2542 3032/4742/2542 3681/5475/2542 3682/5476/2542
f 3682/5476/2543 3681/5475/2543 2749/4353/2543 2734/4330/2543
f 3044/4756/2544 3038/4748/2544 3682/5476/2544 3651/5441/2544
f 3651/5441/2545 3682/5476/2545 2734/4330/2545 2733/4329/2545
f 2646/4242/2482 2645/4241/2482 3683/5477/2482 3684/5478/2482
f 3684/5478/2482 3683/5477/2482 2729/4325/2482 3049/4761/2482
f 2876/4502/2484 2646/4242/2484 3684/5478/2484 3685/5479/2484
f 3685/5479/2546 3684/5478/2546 3049/4761/2546 2791/4407/2546
f 3060/4774/2547 2876/4502/2547 3685/5479/2547 3686/5480/2547
f 3686/5480/2548 3685/5479/2548 2791/4407/2548 2680/4276/2548
f 3066/4780/2549 3060/4774/2549 3686/5480/2549 3687/5481/2549
f 3687/5481/2550 3686/5480/2550 2680/4276/2550 2679/4275/2550
f 3072/4788/2551 3066/4787/2551 3687/5482/2551 3688/5483/2551
f 3688/5483/2552 3687/5482/2552 2679/4367/2552 2648/4244/2552
f 2899/4527/2553 3072/4788/2553 3688/5483/2553 3689/5484/2553
f 3689/5484/2493 3688/5483/2493 2648/4244/2493 2647/4243/2493
f 2900/4528/2554 2899/4527/2554 3689/5484/2554 3690/5485/2554
f 3690/5485/2495 3689/5484/2495 2647/4243/2495 2667/4263/2495
f 2961/4662/2555 2900/4528/2555 3690/5485/2555 3691/5486/2555
f 3691/5486/2556 3690/5485/2556 2667/4263/2556 2687/4283/2556
f 2965/4666/2557 2961/4662/2557 3691/5486/2557 3692/5487/2557
f 3692/5487/2558 3691/5486/2558 2687/4283/2558 2699/4295/2558
f 2969/4670/2559 2965/4666/2559 3692/5487/2559 3693/5488/2559
f 3693/5488/2501 3692/5487/2501 2699/4295/2501 2709/4305/2501
f 2973/4674/2560 2969/4670/2560 3693/5488/2560 3694/5489/2560
f 3694/5489/2561 3693/5488/2561 2709/4305/2561 2721/4317/2561
f 2977/4678/2562 2973/4674/2562 3694/5489/2562 3695/5490/2562
f 3695/5490/2563 3694/5489/2563 2721/4317/2563 2741/4341/2563
f 2981/4684/2564 2977/4683/2564 3695/5491/2564 3696/5492/2564
f 3696/5492/2565 3695/5491/2565 2741/4360/2565 2755/4359/2565
f 2985/4688/2566 2981/4684/2566 3696/5492/2566 3697/5493/2566
f 3697/5493/2567 3696/5492/2567 2755/4359/2567 2656/4252/2567
f 2989/4692/2510 2985/4688/2510 3697/5493/2510 3698/5494/2510
f 3698/5494/2568 3697/5493/2568 2656/4252/2568 2655/4251/2568
f 2993/4698/2512 2989/4692/2512 3698/5494/2512 3699/5495/2512
f 3699/5495/2569 3698/5494/2569 2655/4251/2569 2671/4267/2569
f 2997/4702/2570 2993/4698/2570 3699/5495/2570 3700/5496/2570
f 3700/5496/2515 3699/5495/2515 2671/4267/2515 2691/4287/2515
f 3001/4706/2516 2997/4702/2516 3700/5496/2516 3701/5497/2516
f 3701/5497/2571 3700/5496/2571 2691/4287/2571 2703/4299/2571
f 3005/4710/2572 3001/4706/2572 3701/5497/2572 3702/5498/2572
f 3702/5498/2573 3701/5497/2573 2703/4299/2573 2713/4309/2573
f 3009/4714/2574 3005/4710/2574 3702/5498/2574 3703/5499/2574
f 3703/5499/2575 3702/5498/2575 2713/4309/2575 2640/4345/2575
f 3013/4720/2576 3009/4719/2576 3703/5500/2576 3704/5501/2576
f 3704/5501/2577 3703/5500/2577 2640/4236/2577 2639/4235/2577
f 3019/4726/2578 3013/4720/2578 3704/5501/2578 3705/5502/2578
f 3705/5502/2525 3704/5501/2525 2639/4235/2525 1878/3295/2525
f 3024/4732/2579 3019/4726/2579 3705/5502/2579 3706/5503/2579
f 3706/5503/2580 3705/5502/2580 1878/3295/2580 1877/3294/2580
f 3030/4740/2581 3024/4732/2581 3706/5503/2581 3707/5504/2581
f 3707/5504/2582 3706/5503/2582 1877/3294/2582 2663/4259/2582
f 3036/4746/2583 3030/4740/2583 3707/5504/2583 3708/5505/2583
f 3708/5505/2584 3707/5504/2584 2663/4259/2584 2675/4271/2584
f 3042/4754/2585 3036/4746/2585 3708/5505/2585 3709/5506/2585
f 3709/5506/2586 3708/5505/2586 2675/4271/2586 2695/4291/2586
f 3048/4760/2534 3042/4754/2534 3709/5506/2534 3710/5507/2534
f 3710/5507/2587 3709/5506/2587 2695/4291/2587 2707/4303/2587
f 3054/4766/2588 3048/4760/2588 3710/5507/2588 3711/5508/2588
f 3711/5508/2589 3710/5507/2589 2707/4303/2589 2717/4313/2589
f 3058/4772/2590 3054/4771/2590 3711/5509/2590 3712/5510/2590
f 3712/5510/2591 3711/5509/2591 2717/4334/2591 2737/4333/2591
f 3064/4778/2592 3058/4772/2592 3712/5510/2592 3713/5511/2592
f 3713/5511/2593 3712/5510/2593 2737/4333/2593 2747/4351/2593
f 3070/4784/2594 3064/4778/2594 3713/5511/2594 3714/5512/2594
f 3714/5512/2594 3713/5511/2594 2747/4351/2594 2730/4326/2594
f 2645/4241/2595 3070/4784/2595 3714/5512/2595 3683/5477/2595
f 3683/5477/2595 3714/5512/2595 2730/4326/2595 2729/4325/2595
f 2836/4458/2596 3043/4755/2596 3044/4756/2596 2837/4459/2596
f 2371/3865/2597 2270/3752/2597 3715/5513/2597 3716/5514/2597
f 3716/5514/2598 3715/5513/2598 3717/5515/2598 3718/5516/2598
f 3718/5516/2599 3717/5515/2599 3719/5517/2599 3720/5518/2599
f 3720/5518/2600 3719/5517/2600 2377/3871/2600 2235/3711/2600
f 2372/3866/2601 2371/3865/2601 3716/5514/2601 3721/5519/2601
f 3721/5519/2602 3716/5514/2602 3718/5516/2602 3722/5520/2602
f 3722/5520/2603 3718/5516/2603 3720/5518/2603 3723/5521/2603
f 3723/5521/2604 3720/5518/2604 2235/3711/2604 1739/3140/2604
f 2197/3665/2605 2372/3866/2605 3721/5519/2605 3724/5522/2605
f 3724/5522/2606 3721/5519/2606 3722/5520/2606 3725/5523/2606
f 3725/5523/2607 3722/5520/2607 3723/5521/2607 3726/5524/2607
f 3726/5524/2608 3723/5521/2608 1739/3140/2608 1672/3065/2608
f 2198/3666/2609 2197/3665/2609 3724/5522/2609 3727/5525/2609
f 3727/5525/2610 3724/5522/2610 3725/5523/2610 3728/5526/2610
f 3728/5526/2611 3725/5523/2611 3726/5524/2611 3729/5527/2611
f 3729/5527/2612 3726/5524/2612 1672/3065/2612 1671/3064/2612
f 2266/3748/2613 2198/3747/2613 3727/5528/2613 3730/5529/2613
f 3730/5529/2614 3727/5528/2614 3728/5530/2614 3731/5531/2614
f 3731/5531/2615 3728/5530/2615 3729/5532/2615 3732/5533/2615
f 3732/5533/2616 3729/5532/2616 1671/3069/2616 1675/3068/2616
f 2272/3754/2617 2266/3748/2617 3730/5529/2617 3733/5534/2617
f 3733/5534/2618 3730/5529/2618 3731/5531/2618 3734/5535/2618
f 3734/5535/2619 3731/5531/2619 3732/5533/2619 3735/5536/2619
f 3735/5536/2620 3732/5533/2620 1675/3068/2620 1677/3072/2620
f 2280/3762/2621 2272/3754/2621 3733/5534/2621 3736/5537/2621
f 3736/5537/2622 3733/5534/2622 3734/5535/2622 3737/5538/2622
f 3737/5538/2623 3734/5535/2623 3735/5536/2623 3738/5539/2623
f 3738/5539/2624 3735/5536/2624 1677/3072/2624 1679/3074/2624
f 2286/3768/2625 2280/3762/2625 3736/5537/2625 3739/5540/2625
f 3739/5540/2626 3736/5537/2626 3737/5538/2626 3740/5541/2626
f 3740/5541/2627 3737/5538/2627 3738/5539/2627 3741/5542/2627
f 3741/5542/2628 3738/5539/2628 1679/3074/2628 1681/3076/2628
f 2292/3776/2629 2286/3768/2629 3739/5540/2629 3742/5543/2629
f 3742/5543/2630 3739/5540/2630 3740/5541/2630 3743/5544/2630
f 3743/5544/2631 3740/5541/2631 3741/5542/2631 3744/5545/2631
f 3744/5545/2632 3741/5542/2632 1681/3076/2632 1683/3078/2632
f 2298/3782/2633 2292/3776/2633 3742/5543/2633 3745/5546/2633
f 3745/5546/2634 3742/5543/2634 3743/5544/2634 3746/5547/2634
f 3746/5547/2635 3743/5544/2635 3744/5545/2635 3747/5548/2635
f 3747/5548/2636 3744/5545/2636 1683/3078/2636 1685/3080/2636
f 2304/3790/2637 2298/3782/2637 3745/5546/2637 3748/5549/2637
f 3748/5549/2638 3745/5546/2638 3746/5547/2638 3749/5550/2638
f 3749/5550/2639 3746/5547/2639 3747/5548/2639 3750/5551/2639
f 3750/5551/2640 3747/5548/2640 1685/3080/2640 1687/3082/2640
f 2308/3794/2641 2304/3790/2641 3748/5549/2641 3751/5552/2641
f 3751/5552/2642 3748/5549/2642 3749/5550/2642 3752/5553/2642
f 3752/5553/2643 3749/5550/2643 3750/5551/2643 3753/5554/2643
f 3753/5554/2644 3750/5551/2644 1687/3082/2644 1689/3084/2644
f 2312/3800/2645 2308/3799/2645 3751/5555/2645 3754/5556/2645
f 3754/5556/2646 3751/5555/2646 3752/5557/2646 3755/5558/2646
f 3755/5558/2647 3752/5557/2647 3753/5559/2647 3756/5560/2647
f 3756/5560/2648 3753/5559/2648 1689/3087/2648 1691/3086/2648
f 2316/3804/2649 2312/3800/2649 3754/5556/2649 3757/5561/2649
f 3757/5561/2650 3754/5556/2650 3755/5558/2650 3758/5562/2650
f 3758/5562/2651 3755/5558/2651 3756/5560/2651 3759/5563/2651
f 3759/5563/2652 3756/5560/2652 1691/3086/2652 1693/3090/2652
f 2320/3808/2653 2316/3804/2653 3757/5561/2653 3760/5564/2653
f 3760/5564/2654 3757/5561/2654 3758/5562/2654 3761/5565/2654
f 3761/5565/2655 3758/5562/2655 3759/5563/2655 3762/5566/2655
f 3762/5566/2656 3759/5563/2656 1693/3090/2656 1695/3092/2656
f 2324/3812/2657 2320/3808/2657 3760/5564/2657 3763/5567/2657
f 3763/5567/2658 3760/5564/2658 3761/5565/2658 3764/5568/2658
f 3764/5568/2659 3761/5565/2659 3762/5566/2659 3765/5569/2659
f 3765/5569/2660 3762/5566/2660 1695/3092/2660 1697/3094/2660
f 2328/3816/2661 2324/3812/2661 3763/5567/2661 3766/5570/2661
f 3766/5570/2662 3763/5567/2662 3764/5568/2662 3767/5571/2662
f 3767/5571/2663 3764/5568/2663 3765/5569/2663 3768/5572/2663
f 3768/5572/2663 3765/5569/2663 1697/3094/2663 1699/3096/2663
f 2332/3820/2664 2328/3816/2664 3766/5570/2664 3769/5573/2664
f 3769/5573/2665 3766/5570/2665 3767/5571/2665 3770/5574/2665
f 3770/5574/2666 3767/5571/2666 3768/5572/2666 3771/5575/2666
f 3771/5575/2667 3768/5572/2667 1699/3096/2667 1701/3098/2667
f 2336/3826/2668 2332/3820/2668 3769/5573/2668 3772/5576/2668
f 3772/5576/2669 3769/5573/2669 3770/5574/2669 3773/5577/2669
f 3773/5577/2670 3770/5574/2670 3771/5575/2670 3774/5578/2670
f 3774/5578/2671 3771/5575/2671 1701/3098/2671 1703/3100/2671
f 2340/3830/2672 2336/3826/2672 3772/5576/2672 3775/5579/2672
f 3775/5579/2673 3772/5576/2673 3773/5577/2673 3776/5580/2673
f 3776/5580/2674 3773/5577/2674 3774/5578/2674 3777/5581/2674
f 3777/5581/2675 3774/5578/2675 1703/3100/2675 1705/3102/2675
f 2344/3836/2676 2340/3835/2676 3775/5582/2676 3778/5583/2676
f 3778/5583/2677 3775/5582/2677 3776/5584/2677 3779/5585/2677
f 3779/5585/2678 3776/5584/2678 3777/5586/2678 3780/5587/2678
f 3780/5587/2679 3777/5586/2679 1705/3105/2679 1707/3104/2679
f 2348/3840/2680 2344/3836/2680 3778/5583/2680 3781/5588/2680
f 3781/5588/2681 3778/5583/2681 3779/5585/2681 3782/5589/2681
f 3782/5589/2682 3779/5585/2682 3780/5587/2682 3783/5590/2682
f 3783/5590/2683 3780/5587/2683 1707/3104/2683 1709/3108/2683
f 2352/3844/2684 2348/3840/2684 3781/5588/2684 3784/5591/2684
f 3784/5591/2685 3781/5588/2685 3782/5589/2685 3785/5592/2685
f 3785/5592/2686 3782/5589/2686 3783/5590/2686 3786/5593/2686
f 3786/5593/2687 3783/5590/2687 1709/3108/2687 1711/3110/2687
f 2356/3848/2688 2352/3844/2688 3784/5591/2688 3787/5594/2688
f 3787/5594/2689 3784/5591/2689 3785/5592/2689 3788/5595/2689
f 3788/5595/2690 3785/5592/2690 3786/5593/2690 3789/5596/2690
f 3789/5596/2691 3786/5593/2691 1711/3110/2691 1713/3112/2691
f 2360/3852/2692 2356/3848/2692 3787/5594/2692 3790/5597/2692
f 3790/5597/2693 3787/5594/2693 3788/5595/2693 3791/5598/2693
f 3791/5598/2694 3788/5595/2694 3789/5596/2694 3792/5599/2694
f 3792/5599/2695 3789/5596/2695 1713/3112/2695 1715/3114/2695
f 2364/3856/2696 2360/3852/2696 3790/5597/2696 3793/5600/2696
f 3793/5600/2697 3790/5597/2697 3791/5598/2697 3794/5601/2697
f 3794/5601/2698 3791/5598/2698 3792/5599/2698 3795/5602/2698
f 3795/5602/2699 3792/5599/2699 1715/3114/2699 1717/3116/2699
f 2368/3862/2700 2364/3856/2700 3793/5600/2700 3796/5603/2700
f 3796/5603/2701 3793/5600/2701 3794/5601/2701 3797/5604/2701
f 3797/5604/2702 3794/5601/2702 3795/5602/2702 3798/5605/2702
f 3798/5605/2703 3795/5602/2703 1717/3116/2703 1719/3118/2703
f 2376/3870/2704 2368/3862/2704 3796/5603/2704 3799/5606/2704
f 3799/5606/2705 3796/5603/2705 3797/5604/2705 3800/5607/2705
f 3800/5607/2706 3797/5604/2706 3798/5605/2706 3801/5608/2706
f 3801/5608/2707 3798/5605/2707 1719/3118/2707 1721/3120/2707
f 2382/3878/2708 2376/3877/2708 3799/5609/2708 3802/5610/2708
f 3802/5610/2709 3799/5609/2709 3800/5611/2709 3803/5612/2709
f 3803/5612/2710 3800/5611/2710 3801/5613/2710 3804/5614/2710
f 3804/5614/2711 3801/5613/2711 1721/3123/2711 1723/3122/2711
f 2263/3743/2712 2382/3878/2712 3802/5610/2712 3805/5615/2712
f 3805/5615/2713 3802/5610/2713 3803/5612/2713 3806/5616/2713
f 3806/5616/2714 3803/5612/2714 3804/5614/2714 3807/5617/2714
f 3807/5617/2715 3804/5614/2715 1723/3122/2715 1725/3126/2715
f 2264/3744/2716 2263/3743/2716 3805/5615/2716 3808/5618/2716
f 3808/5618/2717 3805/5615/2717 3806/5616/2717 3809/5619/2717
f 3809/5619/2718 3806/5616/2718 3807/5617/2718 3810/5620/2718
f 3810/5620/2719 3807/5617/2719 1725/3126/2719 1727/3128/2719
f 2270/3752/2720 2264/3744/2720 3808/5618/2720 3715/5513/2720
f 3715/5513/2721 3808/5618/2721 3809/5619/2721 3717/5515/2721
f 3717/5515/2722 3809/5619/2722 3810/5620/2722 3719/5517/2722
f 3719/5517/2723 3810/5620/2723 1727/3128/2723 2377/3871/2723
f 2277/3759/2597 2284/3766/2597 3811/5621/2597 3812/5622/2597
f 3812/5622/2598 3811/5621/2598 3813/5623/2598 3814/5624/2598
f 3814/5624/2724 3813/5623/2724 3815/5625/2724 3816/5626/2724
f 3816/5626/2600 3815/5625/2600 1730/3131/2600 1729/3130/2600
f 2278/3760/2725 2277/3759/2725 3812/5622/2725 3817/5627/2725
f 3817/5627/2726 3812/5622/2726 3814/5624/2726 3818/5628/2726
f 3818/5628/2603 3814/5624/2603 3816/5626/2603 3819/5629/2603
f 3819/5629/2604 3816/5626/2604 1729/3130/2604 1809/3218/2604
f 2290/3774/2727 2278/3760/2727 3817/5627/2727 3820/5630/2727
f 3820/5630/2728 3817/5627/2728 3818/5628/2728 3821/5631/2728
f 3821/5631/2729 3818/5628/2729 3819/5629/2729 3822/5632/2729
f 3822/5632/2730 3819/5629/2730 1809/3218/2730 1750/3151/2730
f 2296/3780/2731 2290/3774/2731 3820/5630/2731 3823/5633/2731
f 3823/5633/2732 3820/5630/2732 3821/5631/2732 3824/5634/2732
f 3824/5634/2733 3821/5631/2733 3822/5632/2733 3825/5635/2733
f 3825/5635/2734 3822/5632/2734 1750/3151/2734 1749/3150/2734
f 2302/3788/2613 2296/3787/2613 3823/5636/2613 3826/5637/2613
f 3826/5637/2735 3823/5636/2735 3824/5638/2735 3827/5639/2735
f 3827/5639/2736 3824/5638/2736 3825/5640/2736 3828/5641/2736
f 3828/5641/2616 3825/5640/2616 1749/3155/2616 1753/3154/2616
f 2306/3792/2617 2302/3788/2617 3826/5637/2617 3829/5642/2617
f 3829/5642/2737 3826/5637/2737 3827/5639/2737 3830/5643/2737
f 3830/5643/2738 3827/5639/2738 3828/5641/2738 3831/5644/2738
f 3831/5644/2620 3828/5641/2620 1753/3154/2620 1755/3158/2620
f 2310/3796/2739 2306/3792/2739 3829/5642/2739 3832/5645/2739
f 3832/5645/2622 3829/5642/2622 3830/5643/2622 3833/5646/2622
f 3833/5646/2623 3830/5643/2623 3831/5644/2623 3834/5647/2623
f 3834/5647/2740 3831/5644/2740 1755/3158/2740 1757/3160/2740
f 2314/3802/2625 2310/3796/2625 3832/5645/2625 3835/5648/2625
f 3835/5648/2741 3832/5645/2741 3833/5646/2741 3836/5649/2741
f 3836/5649/2742 3833/5646/2742 3834/5647/2742 3837/5650/2742
f 3837/5650/2628 3834/5647/2628 1757/3160/2628 1759/3162/2628
f 2318/3806/2743 2314/3802/2743 3835/5648/2743 3838/5651/2743
f 3838/5651/2744 3835/5648/2744 3836/5649/2744 3839/5652/2744
f 3839/5652/2745 3836/5649/2745 3837/5650/2745 3840/5653/2745
f 3840/5653/2746 3837/5650/2746 1759/3162/2746 1761/3164/2746
f 2322/3810/2633 2318/3806/2633 3838/5651/2633 3841/5654/2633
f 3841/5654/2747 3838/5651/2747 3839/5652/2747 3842/5655/2747
f 3842/5655/2635 3839/5652/2635 3840/5653/2635 3843/5656/2635
f 3843/5656/2636 3840/5653/2636 1761/3164/2636 1763/3166/2636
f 2326/3814/2637 2322/3810/2637 3841/5654/2637 3844/5657/2637
f 3844/5657/2638 3841/5654/2638 3842/5655/2638 3845/5658/2638
f 3845/5658/2748 3842/5655/2748 3843/5656/2748 3846/5659/2748
f 3846/5659/2749 3843/5656/2749 1763/3166/2749 1765/3168/2749
f 2330/3818/2641 2326/3814/2641 3844/5657/2641 3847/5660/2641
f 3847/5660/2750 3844/5657/2750 3845/5658/2750 3848/5661/2750
f 3848/5661/2643 3845/5658/2643 3846/5659/2643 3849/5662/2643
f 3849/5662/2644 3846/5659/2644 1765/3168/2644 1767/3170/2644
f 2334/3824/2751 2330/3823/2751 3847/5663/2751 3850/5664/2751
f 3850/5664/2752 3847/5663/2752 3848/5665/2752 3851/5666/2752
f 3851/5666/2753 3848/5665/2753 3849/5667/2753 3852/5668/2753
f 3852/5668/2754 3849/5667/2754 1767/3173/2754 1769/3172/2754
f 2338/3828/2755 2334/3824/2755 3850/5664/2755 3853/5669/2755
f 3853/5669/2756 3850/5664/2756 3851/5666/2756 3854/5670/2756
f 3854/5670/2757 3851/5666/2757 3852/5668/2757 3855/5671/2757
f 3855/5671/2758 3852/5668/2758 1769/3172/2758 1771/3176/2758
f 2342/3832/2653 2338/3828/2653 3853/5669/2653 3856/5672/2653
f 3856/5672/2759 3853/5669/2759 3854/5670/2759 3857/5673/2759
f 3857/5673/2655 3854/5670/2655 3855/5671/2655 3858/5674/2655
f 3858/5674/2760 3855/5671/2760 1771/3176/2760 1773/3178/2760
f 2346/3838/2657 2342/3832/2657 3856/5672/2657 3859/5675/2657
f 3859/5675/2761 3856/5672/2761 3857/5673/2761 3860/5676/2761
f 3860/5676/2659 3857/5673/2659 3858/5674/2659 3861/5677/2659
f 3861/5677/2660 3858/5674/2660 1773/3178/2660 1775/3180/2660
f 2350/3842/2661 2346/3838/2661 3859/5675/2661 3862/5678/2661
f 3862/5678/2662 3859/5675/2662 3860/5676/2662 3863/5679/2662
f 3863/5679/2663 3860/5676/2663 3861/5677/2663 3864/5680/2663
f 3864/5680/2762 3861/5677/2762 1775/3180/2762 1777/3182/2762
f 2354/3846/2763 2350/3842/2763 3862/5678/2763 3865/5681/2763
f 3865/5681/2665 3862/5678/2665 3863/5679/2665 3866/5682/2665
f 3866/5682/2764 3863/5679/2764 3864/5680/2764 3867/5683/2764
f 3867/5683/2765 3864/5680/2765 1777/3182/2765 1779/3184/2765
f 2358/3850/2766 2354/3846/2766 3865/5681/2766 3868/5684/2766
f 3868/5684/2669 3865/5681/2669 3866/5682/2669 3869/5685/2669
f 3869/5685/2767 3866/5682/2767 3867/5683/2767 3870/5686/2767
f 3870/5686/2768 3867/5683/2768 1779/3184/2768 1781/3186/2768
f 2362/3854/2769 2358/3850/2769 3868/5684/2769 3871/5687/2769
f 3871/5687/2673 3868/5684/2673 3869/5685/2673 3872/5688/2673
f 3872/5688/2770 3869/5685/2770 3870/5686/2770 3873/5689/2770
f 3873/5689/2771 3870/5686/2771 1781/3186/2771 1783/3188/2771
f 2366/3860/2772 2362/3859/2772 3871/5690/2772 3874/5691/2772
f 3874/5691/2773 3871/5690/2773 3872/5692/2773 3875/5693/2773
f 3875/5693/2774 3872/5692/2774 3873/5694/2774 3876/5695/2774
f 3876/5695/2775 3873/5694/2775 1783/3191/2775 1785/3190/2775
f 2374/3868/2776 2366/3860/2776 3874/5691/2776 3877/5696/2776
f 3877/5696/2777 3874/5691/2777 3875/5693/2777 3878/5697/2777
f 3878/5697/2778 3875/5693/2778 3876/5695/2778 3879/5698/2778
f 3879/5698/2779 3876/5695/2779 1785/3190/2779 1787/3194/2779
f 2380/3874/2780 2374/3868/2780 3877/5696/2780 3880/5699/2780
f 3880/5699/2781 3877/5696/2781 3878/5697/2781 3881/5700/2781
f 3881/5700/2782 3878/5697/2782 3879/5698/2782 3882/5701/2782
f 3882/5701/2783 3879/5698/2783 1787/3194/2783 1789/3196/2783
f 2193/3661/2784 2380/3874/2784 3880/5699/2784 3883/5702/2784
f 3883/5702/2785 3880/5699/2785 3881/5700/2785 3884/5703/2785
f 3884/5703/2786 3881/5700/2786 3882/5701/2786 3885/5704/2786
f 3885/5704/2787 3882/5701/2787 1789/3196/2787 1791/3198/2787
f 2194/3662/2692 2193/3661/2692 3883/5702/2692 3886/5705/2692
f 3886/5705/2788 3883/5702/2788 3884/5703/2788 3887/5706/2788
f 3887/5706/2789 3884/5703/2789 3885/5704/2789 3888/5707/2789
f 3888/5707/2693 3885/5704/2693 1791/3198/2693 1793/3200/2693
f 2268/3750/2790 2194/3662/2790 3886/5705/2790 3889/5708/2790
f 3889/5708/2791 3886/5705/2791 3887/5706/2791 3890/5709/2791
f 3890/5709/2792 3887/5706/2792 3888/5707/2792 3891/5710/2792
f 3891/5710/2793 3888/5707/2793 1793/3200/2793 1795/3202/2793
f 2274/3756/2794 2268/3750/2794 3889/5708/2794 3892/5711/2794
f 3892/5711/2701 3889/5708/2701 3890/5709/2701 3893/5712/2701
f 3893/5712/2795 3890/5709/2795 3891/5710/2795 3894/5713/2795
f 3894/5713/2796 3891/5710/2796 1795/3202/2796 1797/3204/2796
f 2282/3764/2704 2274/3756/2704 3892/5711/2704 3895/5714/2704
f 3895/5714/2705 3892/5711/2705 3893/5712/2705 3896/5715/2705
f 3896/5715/2797 3893/5712/2797 3894/5713/2797 3897/5716/2797
f 3897/5716/2798 3894/5713/2798 1797/3204/2798 1799/3206/2798
f 2288/3772/2708 2282/3771/2708 3895/5717/2708 3898/5718/2708
f 3898/5718/2799 3895/5717/2799 3896/5719/2799 3899/5720/2799
f 3899/5720/2710 3896/5719/2710 3897/5721/2710 3900/5722/2710
f 3900/5722/2711 3897/5721/2711 1799/3209/2711 1801/3208/2711
f 2294/3778/2712 2288/3772/2712 3898/5718/2712 3901/5723/2712
f 3901/5723/2713 3898/5718/2713 3899/5720/2713 3902/5724/2713
f 3902/5724/2800 3899/5720/2800 3900/5722/2800 3903/5725/2800
f 3903/5725/2715 3900/5722/2715 1801/3208/2715 1803/3212/2715
f 2300/3784/2801 2294/3778/2801 3901/5723/2801 3904/5726/2801
f 3904/5726/2717 3901/5723/2717 3902/5724/2717 3905/5727/2717
f 3905/5727/2802 3902/5724/2802 3903/5725/2802 3906/5728/2802
f 3906/5728/2803 3903/5725/2803 1803/3212/2803 1737/3138/2803
f 2284/3766/2720 2300/3784/2720 3904/5726/2720 3811/5621/2720
f 3811/5621/2721 3904/5726/2721 3905/5727/2721 3813/5623/2721
f 3813/5623/2722 3905/5727/2722 3906/5728/2722 3815/5625/2722
f 3815/5625/2723 3906/5728/2723 1737/3138/2723 1730/3131/2723
f 2370/3864/2804 2269/3751/2804 2270/3752/2804 2371/3865/2804
f 3907/5729/2805 3908/5730/2805 3909/5731/2805 3910/5732/2805 3911/5733/2805 3912/5734/2805 3913/5735/2805 3914/5736/2805 3915/5737/2805 3916/5738/2805 3917/5739/2805 3918/5740/2805 3919/5741/2805 3920/5742/2805 3921/5743/2805 3922/5744/2805 3923/5745/2805 3924/5746/2805 3925/5747/2805 3926/5748/2805 3927/5749/2805 3928/5750/2805 3929/5751/2805 3930/5752/2805 3931/5753/2805 3932/5754/2805 3933/5755/2805 3934/5756/2805 3935/5757/2805 3936/5758/2805 3937/5759/2805 3938/5760/2805
f 3939/5761/2805 3940/5762/2805 3941/5763/2805 3942/5764/2805 3943/5765/2805 3944/5766/2805 3945/5767/2805 3946/5768/2805 3947/5769/2805 3948/5770/2805 3949/5771/2805 3950/5772/2805 3951/5773/2805 3952/5774/2805 3953/5775/2805 3954/5776/2805 3955/5777/2805 3956/5778/2805 1744/5779/2805 1743/5780/2805 3957/5781/2805 3958/5782/2805 3959/5783/2805 3960/5784/2805 3961/5785/2805 3962/5786/2805 3963/5787/2805 3964/5788/2805 3965/5789/2805 3966/5790/2805 3967/5791/2805 3968/5792/2805
f 3969/5793/2805 3970/5794/2805 3971/5795/2805 3972/5796/2805 3973/5797/2805 3974/5798/2805 3975/5799/2805 3976/5800/2805 3977/5801/2805 3978/5802/2805 3979/5803/2805 3980/5804/2805 1886/5805/2805 1885/5806/2805 3981/5807/2805 3982/5808/2805 3983/5809/2805 3984/5810/2805 3985/5811/2805 3986/5812/2805 3987/5813/2805 3988/5814/2805 3989/5815/2805 3990/5816/2805 3991/5817/2805 3992/5818/2805 3993/5819/2805 3994/5820/2805 3995/5821/2805 3996/5822/2805 3997/5823/2805 3998/5824/2805
f 3999/5825/2805 4000/5826/2805 4001/5827/2805 4002/5828/2805 1666/5829/2805 1665/5830/2805 4003/5831/2805 4004/5832/2805 4005/5833/2805 4006/5834/2805 4007/5835/2805 4008/5836/2805 4009/5837/2805 4010/5838/2805 4011/5839/2805 4012/5840/2805 4013/5841/2805 4014/5842/2805 4015/5843/2805 4016/5844/2805 4017/5845/2805 1814/5846/2805 1813/5847/2805 4018/5848/2805 4019/5849/2805 4020/5850/2805 4021/5851/2805 4022/5852/2805 4023/5853/2805 4024/5854/2805 4025/5855/2805 4026/5856/2805
f 2128/3581/2806 2129/3582/2806 3935/5857/2806 3934/5858/2806
f 1884/3637/2807 2173/3638/2807 3981/5859/2807 1885/5860/2807
f 2111/3562/2808 2112/3563/2808 3918/5861/2808 3917/5862/2808
f 1742/3143/2809 2089/3536/2809 3957/5863/2809 1743/3144/2809
f 1812/3221/2810 2152/3612/2810 4018/5864/2810 1813/3222/2810
f 1664/3057/2811 2137/3594/2811 4003/5865/2811 1665/3058/2811
f 2173/3638/2812 2174/3639/2812 3982/5866/2812 3981/5859/2812
f 2089/3537/2813 2090/3539/2813 3958/5867/2813 3957/5868/2813
f 2129/3582/2814 2130/3584/2814 3936/5869/2814 3935/5857/2814
f 2112/3563/2815 2113/3564/2815 3919/5870/2815 3918/5861/2815
f 2174/3639/2816 2175/3640/2816 3983/5871/2816 3982/5866/2816
f 2152/3612/2817 2153/3613/2817 4019/5872/2817 4018/5864/2817
f 2090/3539/2818 2091/3540/2818 3959/5873/2818 3958/5867/2818
f 2137/3594/2819 2138/3595/2819 4004/5874/2819 4003/5865/2819
f 2130/3585/2820 2131/3586/2820 3937/5875/2820 3936/5876/2820
f 2175/3640/2821 2176/3641/2821 3984/5877/2821 3983/5871/2821
f 2113/3564/2822 2114/5878/2822 3920/5879/2822 3919/5870/2822
f 2091/3540/2823 2092/3541/2823 3960/5880/2823 3959/5873/2823
f 2153/3613/2824 2154/3614/2824 4020/5881/2824 4019/5872/2824
f 2138/3595/2825 2139/3596/2825 4005/5882/2825 4004/5874/2825
f 2176/3641/2826 2177/3642/2826 3985/5883/2826 3984/5877/2826
f 2092/3541/2827 2093/3542/2827 3961/5884/2827 3960/5880/2827
f 2131/3586/2828 2132/3587/2828 3938/5885/2828 3937/5875/2828
f 2114/3566/2829 2115/3567/2829 3921/5886/2829 3920/5887/2829
f 2177/3642/2830 2178/3643/2830 3986/5888/2830 3985/5883/2830
f 2154/3614/2831 2155/3615/2831 4021/5889/2831 4020/5881/2831
f 2093/3542/2832 2094/3543/2832 3962/5890/2832 3961/5884/2832
f 2139/3596/2833 2140/3597/2833 4006/5891/2833 4005/5882/2833
f 2132/3587/2834 2101/3551/2834 3907/5892/2834 3938/5885/2834
f 2178/3643/2835 2179/3644/2835 3987/5893/2835 3986/5888/2835
f 2115/3567/2836 2116/3568/2836 3922/5894/2836 3921/5886/2836
f 2094/3543/2837 2095/3544/2837 3963/5895/2837 3962/5890/2837
f 2155/3615/2838 2156/3616/2838 4022/5896/2838 4021/5889/2838
f 2140/3597/2839 2141/3598/2839 4007/5897/2839 4006/5891/2839
f 2071/3516/2840 2072/3517/2840 3940/5898/2840 3939/5899/2840
f 2179/3645/2841 2180/3647/2841 3988/5900/2841 3987/5901/2841
f 2095/3544/2842 2096/3545/2842 3964/5902/2842 3963/5895/2842
f 2116/3568/2843 2117/3569/2843 3923/5903/2843 3922/5894/2843
f 2072/3517/2844 2073/3518/2844 3941/5904/2844 3940/5898/2844
f 2180/3647/2845 2181/3648/2845 3989/5905/2845 3988/5900/2845
f 2156/3616/2846 2157/3617/2846 4023/5906/2846 4022/5896/2846
f 2096/3545/2847 2097/3546/2847 3965/5907/2847 3964/5902/2847
f 2141/3598/2848 2142/3599/2848 4008/5908/2848 4007/5897/2848
f 2073/3518/2849 2074/3519/2849 3942/5909/2849 3941/5904/2849
f 2181/3648/2850 2182/3649/2850 3990/5910/2850 3989/5905/2850
f 2117/3569/2851 2118/3570/2851 3924/5911/2851 3923/5903/2851
f 2097/3546/2852 2098/5912/2852 3966/5913/2852 3965/5907/2852
f 2157/3617/2853 2158/5914/2853 4024/5915/2853 4023/5906/2853
f 2142/3599/2854 2143/3600/2854 4009/5916/2854 4008/5908/2854
f 2074/3519/2855 2075/3520/2855 3943/5917/2855 3942/5909/2855
f 2182/3649/2856 2183/3650/2856 3991/5918/2856 3990/5910/2856
f 2098/3548/2857 2099/3549/2857 3967/5919/2857 3966/5920/2857
f 2101/3551/2858 2102/3552/2858 3908/5921/2858 3907/5892/2858
f 2118/3570/2859 2119/3571/2859 3925/5922/2859 3924/5911/2859
f 2075/5923/2860 2076/3522/2860 3944/5924/2860 3943/5925/2860
f 2183/3650/2861 2184/3651/2861 3992/5926/2861 3991/5918/2861
f 2158/3619/2862 2159/3620/2862 4025/5927/2862 4024/5928/2862
f 2099/3549/2863 2100/3550/2863 3968/5929/2863 3967/5919/2863
f 2143/3600/2864 2144/5930/2864 4010/5931/2864 4009/5916/2864
f 2076/3522/2865 2077/3523/2865 3945/5932/2865 3944/5924/2865
f 2184/3651/2866 2185/3652/2866 3993/5933/2866 3992/5926/2866
f 2119/3571/2867 2120/3572/2867 3926/5934/2867 3925/5922/2867
f 2100/3550/2868 2071/3516/2868 3939/5899/2868 3968/5929/2868
f 2102/3552/2869 2103/3553/2869 3909/5935/2869 3908/5921/2869
f 2159/3620/2870 2160/3621/2870 4026/5936/2870 4025/5927/2870
f 2161/3622/2871 2162/3623/2871 3970/5937/2871 3969/5938/2871
f 2144/3602/2872 2145/3603/2872 4011/5939/2872 4010/5940/2872
f 2077/3523/2873 2078/3524/2873 3946/5941/2873 3945/5932/2873
f 2185/3652/2874 2186/3653/2874 3994/5942/2874 3993/5933/2874
f 2120/3572/2875 2121/3573/2875 3927/5943/2875 3926/5934/2875
f 2162/3623/2876 2163/3624/2876 3971/5944/2876 3970/5937/2876
f 2103/3553/2877 2104/3554/2877 3910/5945/2877 3909/5935/2877
f 2078/3524/2878 2079/3525/2878 3947/5946/2878 3946/5941/2878
f 2186/3653/2879 2187/3654/2879 3995/5947/2879 3994/5942/2879
f 2160/3621/2880 2133/3588/2880 3999/5948/2880 4026/5936/2880
f 2145/3603/2881 2146/3604/2881 4012/5949/2881 4011/5939/2881
f 2163/3624/2882 2164/3625/2882 3972/5950/2882 3971/5944/2882
f 2079/3525/2883 2080/3526/2883 3948/5951/2883 3947/5946/2883
f 2187/3654/2884 2188/5952/2884 3996/5953/2884 3995/5947/2884
f 2121/3574/2885 2122/3575/2885 3928/5954/2885 3927/5955/2885
f 2104/3554/2886 2105/3555/2886 3911/5956/2886 3910/5945/2886
f 2164/3625/2887 2165/3626/2887 3973/5957/2887 3972/5950/2887
f 2146/3604/2888 2147/3605/2888 4013/5958/2888 4012/5949/2888
f 2080/3526/2889 2081/3527/2889 3949/5959/2889 3948/5951/2889
f 2188/3656/2890 2189/3657/2890 3997/5960/2890 3996/5961/2890
f 2122/3575/2891 2123/3576/2891 3929/5962/2891 3928/5954/2891
f 2165/3627/2892 2166/3629/2892 3974/5963/2892 3973/5964/2892
f 2105/3556/2893 2106/3557/2893 3912/5965/2893 3911/5966/2893
f 2081/3527/2894 2082/3528/2894 3950/5967/2894 3949/5959/2894
f 2189/3657/2895 2190/3658/2895 3998/5968/2895 3997/5960/2895
f 2147/3605/2896 2148/3606/2896 4014/5969/2896 4013/5958/2896
f 2166/3629/2897 2167/3630/2897 3975/5970/2897 3974/5963/2897
f 2082/3528/2898 2083/3529/2898 3951/5971/2898 3950/5967/2898
f 2190/3658/2899 2161/3622/2899 3969/5938/2899 3998/5968/2899
f 2123/3576/2900 2124/3577/2900 3930/5972/2900 3929/5962/2900
f 2106/3557/2901 2107/3558/2901 3913/5973/2901 3912/5965/2901
f 2133/3588/2902 2134/3589/2902 4000/5974/2902 3999/5948/2902
f 2167/3630/2903 2168/3631/2903 3976/5975/2903 3975/5970/2903
f 2148/3606/2904 2149/3607/2904 4015/5976/2904 4014/5969/2904
f 2083/3529/2905 2084/5977/2905 3952/5978/2905 3951/5971/2905
f 2124/3577/2906 2125/3578/2906 3931/5979/2906 3930/5972/2906
f 2168/3631/2907 2169/3632/2907 3977/5980/2907 3976/5975/2907
f 2107/3558/2908 2108/3559/2908 3914/5981/2908 3913/5973/2908
f 2084/3531/2909 2085/3532/2909 3953/5982/2909 3952/5983/2909
f 2149/3607/2910 2150/3608/2910 4016/5984/2910 4015/5976/2910
f 2134/3589/2911 2135/3590/2911 4001/5985/2911 4000/5974/2911
f 2169/3632/2912 2170/3633/2912 3978/5986/2912 3977/5980/2912
f 2085/3532/2913 2086/3533/2913 3954/5987/2913 3953/5982/2913
f 2125/3578/2914 2126/3579/2914 3932/5988/2914 3931/5979/2914
f 2108/3559/2915 2109/3560/2915 3915/5989/2915 3914/5981/2915
f 2170/3633/2916 2171/3634/2916 3979/5990/2916 3978/5986/2916
f 2150/3608/2917 2151/3609/2917 4017/5991/2917 4016/5984/2917
f 2086/3533/2918 2087/3534/2918 3955/5992/2918 3954/5987/2918
f 2135/3590/2919 2136/3591/2919 4002/5993/2919 4001/5985/2919
f 2126/3579/2920 2127/3580/2920 3933/5994/2920 3932/5988/2920
f 2171/3634/2921 2172/3635/2921 3980/5995/2921 3979/5990/2921
f 2109/3560/2922 2110/3561/2922 3916/5996/2922 3915/5989/2922
f 2087/3534/2923 2088/3535/2923 3956/5997/2923 3955/5992/2923
f 2151/3610/2924 1811/3220/2924 1814/3223/2924 4017/5998/2924
f 2136/3591/2925 1663/3592/2925 1666/5999/2925 4002/5993/2925
f 2172/3635/2926 1883/3300/2926 1886/3303/2926 3980/5995/2926
f 2088/3535/2927 1741/3142/2927 1744/3145/2927 3956/5997/2927
f 2127/3580/2928 2128/3581/2928 3934/5858/2928 3933/5994/2928
f 2110/3561/2929 2111/3562/2929 3917/5862/2929 3916/5996/2929
f 4027/6000/2930 4028/6001/2930 4029/6002/2930 4030/6003/2930
f 4030/6004/2931 4029/6005/2931 4031/6006/2931 4032/6007/2931
f 4032/6007/2932 4031/6006/2932 4033/6008/2932 4034/6009/2932
f 4034/6009/2933 4033/6008/2933 4035/6010/2933 4036/6011/2933
f 4036/6011/2934 4035/6010/2934 4037/6012/2934 4038/6013/2934
f 4038/6013/2935 4037/6012/2935 4039/6014/2935 4040/6015/2935
f 4040/6015/2936 4039/6014/2936 4041/6016/2936 4042/6017/2936
f 4042/6017/2937 4041/6016/2937 4043/6018/2937 4044/6019/2937
f 4044/6019/2938 4043/6018/2938 4045/6020/2938 4046/6021/2938
f 4046/6022/2939 4045/6023/2939 4047/6024/2939 4048/6025/2939
f 4048/6025/2940 4047/6024/2940 4049/6026/2940 4050/6027/2940
f 4050/6027/2941 4049/6026/2941 4051/6028/2941 4052/6029/2941
f 4052/6029/2942 4051/6028/2942 4053/6030/2942 4054/6031/2942
f 4054/6031/2943 4053/6030/2943 4055/6032/2943 4056/6033/2943
f 4056/6033/2944 4055/6032/2944 4057/6034/2944 4058/6035/2944
f 4058/6035/2945 4057/6034/2945 4059/6036/2945 4060/6037/2945
f 4060/6037/2946 4059/6036/2946 4061/6038/2946 4062/6039/2946
f 4062/6040/2947 4061/6041/2947 4063/6042/2947 4064/6043/2947
f 4064/6043/2948 4063/6042/2948 4065/6044/2948 4066/6045/2948
f 4066/6045/2949 4065/6044/2949 4067/6046/2949 4068/6047/2949
f 4068/6047/2950 4067/6046/2950 4069/6048/2950 4070/6049/2950
f 4070/6049/2951 4069/6048/2951 4071/6050/2951 4072/6051/2951
f 4072/6051/2952 4071/6050/2952 4073/6052/2952 4074/6053/2952
f 4074/6053/2953 4073/6052/2953 4075/6054/2953 4076/6055/2953
f 4076/6055/2954 4075/6054/2954 4077/6056/2954 4078/6057/2954
f 4078/6058/2955 4077/6059/2955 4079/6060/2955 4080/6061/2955
f 4080/6061/2956 4079/6060/2956 4081/6062/2956 4082/6063/2956
f 4082/6063/2957 4081/6062/2957 4083/6064/2957 4084/6065/2957
f 4084/6065/2958 4083/6064/2958 4085/6066/2958 4086/6067/2958
f 4086/6067/2959 4085/6066/2959 4087/6068/2959 4088/6069/2959
f 4045/6020/2960 4043/6018/2960 4089/6070/2960 4090/6071/2960
f 4088/6069/2961 4087/6068/2961 4091/6072/2961 4092/6073/2961
f 4092/6073/2962 4091/6072/2962 4028/6001/2962 4027/6000/2962
f 4027/6074/2963 4030/6075/2963 4032/6076/2963 4034/6077/2963 4036/6078/2963 4038/6079/2963 4040/6080/2963 4042/6081/2963 4044/6082/2963 4046/6083/2963 4048/6084/2963 4050/6085/2963 4052/6086/2963 4054/6087/2963 4056/6088/2963 4058/6089/2963 4060/6090/2963 4062/6091/2963 4064/6092/2963 4066/6093/2963 4068/6094/2963 4070/6095/2963 4072/6096/2963 4074/6097/2963 4076/6098/2963 4078/6099/2963 4080/6100/2963 4082/6101/2963 4084/6102/2963 4086/6103/2963 4088/6104/2963 4092/6105/2963
f 4093/6106/2964 4094/6107/2964 4095/6108/2964 4096/6109/2964
f 4063/6110/2965 4061/6038/2965 4097/6111/2965 4098/6112/2965
f 4081/6062/2966 4079/6060/2966 4099/6113/2966 4100/6114/2966
f 4037/6012/2967 4035/6010/2967 4101/6115/2967 4102/6116/2967
f 4055/6032/2968 4053/6030/2968 4103/6117/2968 4104/6118/2968
f 4073/6052/2969 4071/6050/2969 4105/6119/2969 4106/6120/2969
f 4029/6002/2970 4028/6001/2970 4107/6121/2970 4108/6122/2970
f 4028/6001/2971 4091/6072/2971 4109/6123/2971 4107/6121/2971
f 4047/6024/2972 4045/6023/2972 4090/6071/2972 4094/6107/2972
f 4065/6044/2973 4063/6042/2973 4098/6124/2973 4110/6125/2973
f 4083/6064/2974 4081/6062/2974 4100/6114/2974 4111/6126/2974
f 4039/6014/2975 4037/6012/2975 4102/6116/2975 4112/6127/2975
f 4057/6034/2976 4055/6032/2976 4104/6118/2976 4113/6128/2976
f 4075/6054/2977 4073/6052/2977 4106/6120/2977 4114/6129/2977
f 4031/6006/2978 4029/6005/2978 4108/6130/2978 4115/6131/2978
f 4049/6026/2979 4047/6024/2979 4094/6107/2979 4093/6106/2979
f 4067/6046/2980 4065/6044/2980 4110/6125/2980 4116/6132/2980
f 4085/6066/2981 4083/6064/2981 4111/6126/2981 4117/6133/2981
f 4041/6016/2982 4039/6014/2982 4112/6127/2982 4118/6134/2982
f 4059/6036/2983 4057/6034/2983 4113/6128/2983 4119/6135/2983
f 4077/6056/2984 4075/6054/2984 4114/6129/2984 4120/6136/2984
f 4033/6008/2985 4031/6006/2985 4115/6131/2985 4121/6137/2985
f 4051/6028/2986 4049/6026/2986 4093/6106/2986 4122/6138/2986
f 4069/6048/2987 4067/6046/2987 4116/6132/2987 4123/6139/2987
f 4087/6068/2988 4085/6066/2988 4117/6133/2988 4124/6140/2988
f 4043/6018/2989 4041/6016/2989 4118/6134/2989 4089/6070/2989
f 4061/6038/2990 4059/6036/2990 4119/6135/2990 4097/6111/2990
f 4079/6060/2991 4077/6059/2991 4120/6141/2991 4099/6113/2991
f 4035/6010/2992 4033/6008/2992 4121/6137/2992 4101/6115/2992
f 4053/6030/2993 4051/6028/2993 4122/6138/2993 4103/6117/2993
f 4071/6050/2994 4069/6048/2994 4123/6139/2994 4105/6119/2994
f 4091/6072/2995 4087/6068/2995 4124/6140/2995 4109/6123/2995
f 4125/6142/2996 4126/6143/2996 4127/6144/2996 4128/6145/2996
f 4120/6136/2997 4114/6129/2997 4129/6146/2997 4130/6147/2997
f 4122/6138/2998 4093/6106/2998 4096/6109/2998 4131/6148/2998
f 4099/6113/2999 4120/6141/2999 4130/6149/2999 4132/6150/2999
f 4103/6117/3000 4122/6138/3000 4131/6148/3000 4133/6151/3000
f 4100/6114/3001 4099/6113/3001 4132/6150/3001 4134/6152/3001
f 4104/6118/3002 4103/6117/3002 4133/6151/3002 4135/6153/3002
f 4108/6122/3003 4107/6121/3003 4136/6154/3003 4137/6155/3003
f 4111/6126/3004 4100/6114/3004 4134/6152/3004 4138/6156/3004
f 4113/6128/3005 4104/6118/3005 4135/6153/3005 4139/6157/3005
f 4115/6131/3006 4108/6130/3006 4137/6158/3006 4140/6159/3006
f 4117/6133/3007 4111/6126/3007 4138/6156/3007 4141/6160/3007
f 4119/6135/2945 4113/6128/2945 4139/6157/2945 4142/6161/2945
f 4121/6137/3008 4115/6131/3008 4140/6159/3008 4143/6162/3008
f 4124/6140/3009 4117/6133/3009 4141/6160/3009 4144/6163/3009
f 4097/6111/3010 4119/6135/3010 4142/6161/3010 4145/6164/3010
f 4101/6115/3011 4121/6137/3011 4143/6162/3011 4146/6165/3011
f 4109/6123/3012 4124/6140/3012 4144/6163/3012 4147/6166/3012
f 4098/6124/2947 4097/6167/2947 4145/6168/2947 4148/6169/2947
f 4102/6116/2934 4101/6115/2934 4146/6165/2934 4149/6170/2934
f 4107/6121/3013 4109/6123/3013 4147/6166/3013 4136/6154/3013
f 4110/6125/3014 4098/6124/3014 4148/6169/3014 4150/6171/3014
f 4112/6127/2935 4102/6116/2935 4149/6170/2935 4151/6172/2935
f 4116/6132/3015 4110/6125/3015 4150/6171/3015 4126/6143/3015
f 4118/6134/3016 4112/6127/3016 4151/6172/3016 4152/6173/3016
f 4123/6139/3017 4116/6132/3017 4126/6143/3017 4125/6142/3017
f 4089/6070/2937 4118/6134/2937 4152/6173/2937 4153/6174/2937
f 4105/6119/2951 4123/6139/2951 4125/6142/2951 4154/6175/2951
f 4090/6071/3018 4089/6070/3018 4153/6174/3018 4155/6176/3018
f 4106/6120/3019 4105/6119/3019 4154/6175/3019 4156/6177/3019
f 4094/6107/2939 4090/6071/2939 4155/6178/2939 4095/6108/2939
f 4114/6129/3020 4106/6120/3020 4156/6177/3020 4129/6146/3020
f 4157/6179/3021 4158/6180/3021 4159/6181/3021 4160/6182/3021
f 4153/6183/3022 4152/6184/3022 4161/6185/3022 4162/6186/3022
f 4154/6175/3023 4125/6142/3023 4128/6145/3023 4163/6187/3023
f 4155/6188/3024 4153/6183/3024 4162/6186/3024 4164/6189/3024
f 4156/6177/3025 4154/6175/3025 4163/6187/3025 4158/6180/3025
f 4095/6190/3026 4155/6188/3026 4164/6189/3026 4165/6191/3026
f 4129/6146/3027 4156/6177/3027 4158/6180/3027 4157/6179/3027
f 4096/6192/3028 4095/6190/3028 4165/6191/3028 4166/6193/3028
f 4130/6147/3029 4129/6146/3029 4157/6179/3029 4167/6194/3029
f 4131/6195/3030 4096/6192/3030 4166/6193/3030 4168/6196/3030
f 4132/6197/3031 4130/6198/3031 4167/6199/3031 4169/6200/3031
f 4133/6201/3032 4131/6195/3032 4168/6196/3032 4170/6202/3032
f 4134/6203/3033 4132/6197/3033 4169/6200/3033 4171/6204/3033
f 4135/6205/3034 4133/6201/3034 4170/6202/3034 4172/6206/3034
f 4137/6207/3035 4136/6208/3035 4173/6209/3035 4174/6210/3035
f 4138/6211/3036 4134/6203/3036 4171/6204/3036 4175/6212/3036
f 4139/6213/3037 4135/6205/3037 4172/6206/3037 4176/6214/3037
f 4140/6215/3038 4137/6207/3038 4174/6210/3038 4177/6216/3038
f 4141/6217/3039 4138/6211/3039 4175/6212/3039 4178/6218/3039
f 4142/6219/3040 4139/6213/3040 4176/6214/3040 4179/6220/3040
f 4143/6221/3041 4140/6215/3041 4177/6216/3041 4180/6222/3041
f 4144/6223/3042 4141/6217/3042 4178/6218/3042 4181/6224/3042
f 4145/6225/3043 4142/6219/3043 4179/6220/3043 4182/6226/3043
f 4146/6227/3044 4143/6221/3044 4180/6222/3044 4183/6228/3044
f 4147/6229/3045 4144/6223/3045 4181/6224/3045 4184/6230/3045
f 4148/6231/3046 4145/6225/3046 4182/6226/3046 4185/6232/3046
f 4149/6233/3047 4146/6227/3047 4183/6228/3047 4186/6234/3047
f 4136/6208/3048 4147/6229/3048 4184/6230/3048 4173/6209/3048
f 4150/6171/3049 4148/6169/3049 4185/6235/3049 4187/6236/3049
f 4151/6237/3050 4149/6233/3050 4186/6234/3050 4188/6238/3050
f 4126/6143/3051 4150/6171/3051 4187/6236/3051 4127/6144/3051
f 4152/6184/3052 4151/6237/3052 4188/6238/3052 4161/6185/3052
f 4189/6239/3053 4190/6240/3053 4191/6241/3053 4192/6242/3053
f 4166/6243/3054 4165/6244/3054 4193/6245/3054 4194/6246/3054
f 4167/6194/2997 4157/6179/2997 4160/6182/2997 4195/6247/2997
f 4168/6248/2941 4166/6243/2941 4194/6246/2941 4196/6249/2941
f 4169/6250/3055 4167/6251/3055 4195/6252/3055 4190/6253/3055
f 4170/6254/3056 4168/6248/3056 4196/6249/3056 4197/6255/3056
f 4171/6256/3057 4169/6250/3057 4190/6253/3057 4189/6257/3057
f 4172/6258/3058 4170/6254/3058 4197/6255/3058 4198/6259/3058
f 4174/6260/3059 4173/6261/3059 4199/6262/3059 4200/6263/3059
f 4175/6264/2957 4171/6256/2957 4189/6257/2957 4201/6265/2957
f 4176/6266/3060 4172/6258/3060 4198/6259/3060 4202/6267/3060
f 4177/6268/3061 4174/6269/3061 4200/6270/3061 4203/6271/3061
f 4178/6272/3062 4175/6264/3062 4201/6265/3062 4204/6273/3062
f 4179/6274/2945 4176/6266/2945 4202/6267/2945 4205/6275/2945
f 4180/6276/3063 4177/6268/3063 4203/6271/3063 4206/6277/3063
f 4181/6278/3009 4178/6272/3009 4204/6273/3009 4207/6279/3009
f 4182/6280/3064 4179/6274/3064 4205/6275/3064 4208/6281/3064
f 4183/6282/2933 4180/6276/2933 4206/6277/2933 4209/6283/2933
f 4184/6284/3012 4181/6278/3012 4207/6279/3012 4210/6285/3012
f 4185/6235/2947 4182/6286/2947 4208/6287/2947 4211/6288/2947
f 4186/6289/3065 4183/6282/3065 4209/6283/3065 4212/6290/3065
f 4173/6261/3013 4184/6284/3013 4210/6285/3013 4199/6262/3013
f 4187/6236/3014 4185/6235/3014 4211/6288/3014 4213/6291/3014
f 4188/6292/3066 4186/6289/3066 4212/6290/3066 4214/6293/3066
f 4127/6144/3015 4187/6236/3015 4213/6291/3015 4215/6294/3015
f 4161/6295/3067 4188/6292/3067 4214/6293/3067 4216/6296/3067
f 4128/6145/3068 4127/6144/3068 4215/6294/3068 4217/6297/3068
f 4162/6298/3069 4161/6295/3069 4216/6296/3069 4218/6299/3069
f 4163/6187/2951 4128/6145/2951 4217/6297/2951 4219/6300/2951
f 4164/6301/3070 4162/6298/3070 4218/6299/3070 4220/6302/3070
f 4158/6180/2952 4163/6187/2952 4219/6300/2952 4159/6181/2952
f 4165/6244/3071 4164/6303/3071 4220/6304/3071 4193/6245/3071
f 4221/6305/3072 4222/6306/3072 4223/6307/3072 4224/6308/3072
f 4198/6309/3073 4197/6310/3073 4225/6311/3073 4226/6312/3073
f 4200/6313/3074 4199/6314/3074 4227/6315/3074 4228/6316/3074
f 4201/6265/3075 4189/6257/3075 4192/6317/3075 4229/6318/3075
f 4202/6319/3076 4198/6309/3076 4226/6312/3076 4230/6320/3076
f 4203/6321/3077 4200/6313/3077 4228/6316/3077 4231/6322/3077
f 4204/6323/3078 4201/6324/3078 4229/6325/3078 4232/6326/3078
f 4205/6327/3079 4202/6319/3079 4230/6320/3079 4233/6328/3079
f 4206/6329/3080 4203/6321/3080 4231/6322/3080 4234/6330/3080
f 4207/6331/3081 4204/6323/3081 4232/6326/3081 4235/6332/3081
f 4208/6333/3082 4205/6327/3082 4233/6328/3082 4236/6334/3082
f 4209/6335/3083 4206/6329/3083 4234/6330/3083 4237/6336/3083
f 4210/6337/3084 4207/6331/3084 4235/6332/3084 4238/6338/3084
f 4211/6339/3085 4208/6333/3085 4236/6334/3085 4239/6340/3085
f 4212/6290/3086 4209/6283/3086 4237/6341/3086 4240/6342/3086
f 4199/6314/3087 4210/6337/3087 4238/6338/3087 4227/6315/3087
f 4213/6343/3088 4211/6339/3088 4239/6340/3088 4241/6344/3088
f 4214/6293/3089 4212/6290/3089 4240/6342/3089 4242/6345/3089
f 4215/6346/3090 4213/6343/3090 4241/6344/3090 4243/6347/3090
f 4216/6348/3091 4214/6349/3091 4242/6350/3091 4244/6351/3091
f 4217/6297/3092 4215/6294/3092 4243/6352/3092 4245/6353/3092
f 4218/6354/3093 4216/6348/3093 4244/6351/3093 4246/6355/3093
f 4219/6300/3094 4217/6297/3094 4245/6353/3094 4247/6356/3094
f 4220/6357/3095 4218/6354/3095 4246/6355/3095 4222/6358/3095
f 4159/6181/3096 4219/6300/3096 4247/6356/3096 4248/6359/3096
f 4193/6360/3097 4220/6357/3097 4222/6358/3097 4221/6361/3097
f 4160/6182/3098 4159/6181/3098 4248/6359/3098 4249/6362/3098
f 4194/6363/3099 4193/6364/3099 4221/6305/3099 4250/6365/3099
f 4195/6247/3100 4160/6182/3100 4249/6362/3100 4251/6366/3100
f 4196/6249/3101 4194/6246/3101 4250/6367/3101 4252/6368/3101
f 4190/6240/3102 4195/6247/3102 4251/6366/3102 4191/6241/3102
f 4197/6310/3103 4196/6369/3103 4252/6370/3103 4225/6311/3103
f 4253/6371/3104 4254/6372/3104 4255/6373/3104 4256/6374/3104
f 4249/6362/3105 4248/6359/3105 4257/6375/3105 4258/6376/3105
f 4250/6365/3106 4221/6305/3106 4224/6308/3106 4259/6377/3106
f 4251/6366/3107 4249/6362/3107 4258/6376/3107 4260/6378/3107
f 4252/6379/3108 4250/6365/3108 4259/6377/3108 4254/6380/3108
f 4191/6241/3109 4251/6366/3109 4260/6378/3109 4261/6381/3109
f 4225/6382/3110 4252/6383/3110 4254/6372/3110 4253/6371/3110
f 4192/6242/3111 4191/6241/3111 4261/6381/3111 4262/6384/3111
f 4226/6385/3112 4225/6382/3112 4253/6371/3112 4263/6386/3112
f 4228/6387/3113 4227/6388/3113 4264/6389/3113 4265/6390/3113
f 4229/6391/3114 4192/6242/3114 4262/6384/3114 4266/6392/3114
f 4230/6393/3115 4226/6385/3115 4263/6386/3115 4267/6394/3115
f 4231/6395/3116 4228/6387/3116 4265/6390/3116 4268/6396/3116
f 4232/6397/3117 4229/6398/3117 4266/6399/3117 4269/6400/3117
f 4233/6401/3118 4230/6393/3118 4267/6394/3118 4270/6402/3118
f 4234/6403/3119 4231/6395/3119 4268/6396/3119 4271/6404/3119
f 4235/6405/3120 4232/6397/3120 4269/6400/3120 4272/6406/3120
f 4236/6407/3121 4233/6408/3121 4270/6409/3121 4273/6410/3121
f 4237/6341/3122 4234/6403/3122 4271/6404/3122 4274/6411/3122
f 4238/6412/3123 4235/6405/3123 4272/6406/3123 4275/6413/3123
f 4239/6414/3124 4236/6407/3124 4273/6410/3124 4276/6415/3124
f 4240/6342/3125 4237/6341/3125 4274/6411/3125 4277/6416/3125
f 4227/6417/3126 4238/6412/3126 4275/6413/3126 4264/6418/3126
f 4241/6419/3127 4239/6414/3127 4276/6415/3127 4278/6420/3127
f 4242/6345/3128 4240/6342/3128 4277/6416/3128 4279/6421/3128
f 4243/6352/3129 4241/6419/3129 4278/6420/3129 4280/6422/3129
f 4244/6423/3130 4242/6345/3130 4279/6421/3130 4281/6424/3130
f 4245/6353/3131 4243/6352/3131 4280/6422/3131 4282/6425/3131
f 4246/6426/3132 4244/6423/3132 4281/6424/3132 4283/6427/3132
f 4247/6356/3133 4245/6353/3133 4282/6425/3133 4284/6428/3133
f 4222/6306/3134 4246/6426/3134 4283/6427/3134 4223/6307/3134
f 4248/6359/3135 4247/6356/3135 4284/6428/3135 4257/6375/3135
f 4285/6429/3136 4286/6430/3136 4287/6431/3136 4288/6432/3136
f 4262/6384/3137 4261/6381/3137 4289/6433/3137 4290/6434/3137
f 4263/6386/3138 4253/6371/3138 4256/6374/3138 4291/6435/3138
f 4265/6390/3139 4264/6389/3139 4292/6436/3139 4293/6437/3139
f 4266/6392/3140 4262/6384/3140 4290/6434/3140 4294/6438/3140
f 4267/6394/3141 4263/6386/3141 4291/6435/3141 4286/6439/3141
f 4268/6396/3142 4265/6390/3142 4293/6437/3142 4295/6440/3142
f 4269/6400/3143 4266/6399/3143 4294/6441/3143 4296/6442/3143
f 4270/6402/3144 4267/6394/3144 4286/6439/3144 4285/6443/3144
f 4271/6404/3145 4268/6396/3145 4295/6440/3145 4297/6444/3145
f 4272/6406/3146 4269/6400/3146 4296/6442/3146 4298/6445/3146
f 4273/6410/3147 4270/6409/3147 4285/6446/3147 4299/6447/3147
f 4274/6411/3148 4271/6404/3148 4297/6444/3148 4300/6448/3148
f 4275/6413/3149 4272/6406/3149 4298/6445/3149 4301/6449/3149
f 4276/6415/3150 4273/6410/3150 4299/6447/3150 4302/6450/3150
f 4277/6416/3151 4274/6411/3151 4300/6448/3151 4303/6451/3151
f 4264/6418/3152 4275/6413/3152 4301/6449/3152 4292/6452/3152
f 4278/6420/3153 4276/6415/3153 4302/6450/3153 4304/6453/3153
f 4279/6421/3154 4277/6416/3154 4303/6451/3154 4305/6454/3154
f 4280/6422/3155 4278/6420/3155 4304/6453/3155 4306/6455/3155
f 4281/6424/3156 4279/6421/3156 4305/6454/3156 4307/6456/3156
f 4282/6425/3157 4280/6422/3157 4306/6455/3157 4308/6457/3157
f 4283/6427/3158 4281/6424/3158 4307/6456/3158 4309/6458/3158
f 4284/6428/3159 4282/6425/3159 4308/6457/3159 4310/6459/3159
f 4223/6307/3160 4283/6427/3160 4309/6458/3160 4311/6460/3160
f 4257/6375/3161 4284/6428/3161 4310/6459/3161 4312/6461/3161
f 4224/6308/3162 4223/6307/3162 4311/6460/3162 4313/6462/3162
f 4258/6376/3163 4257/6375/3163 4312/6461/3163 4314/6463/3163
f 4259/6377/3164 4224/6308/3164 4313/6462/3164 4315/6464/3164
f 4260/6378/3165 4258/6376/3165 4314/6463/3165 4316/6465/3165
f 4254/6380/3166 4259/6377/3166 4315/6464/3166 4255/6466/3166
f 4261/6381/3167 4260/6378/3167 4316/6465/3167 4289/6433/3167
f 4317/6467/3168 4318/6468/3168 4319/6469/3168 4320/6470/3168
f 4297/6444/3169 4295/6440/3169 4321/6471/3169 4322/6472/3169
f 4298/6445/3170 4296/6442/3170 4323/6473/3170 4324/6474/3170
f 4299/6475/3171 4285/6429/3171 4288/6432/3171 4325/6476/3171
f 4300/6448/3172 4297/6444/3172 4322/6472/3172 4326/6477/3172
f 4301/6449/3173 4298/6445/3173 4324/6474/3173 4327/6478/3173
f 4302/6450/3174 4299/6447/3174 4325/6479/3174 4318/6468/3174
f 4303/6451/3175 4300/6448/3175 4326/6477/3175 4328/6480/3175
f 4292/6481/3176 4301/6482/3176 4327/6483/3176 4329/6484/3176
f 4304/6453/3177 4302/6450/3177 4318/6468/3177 4317/6467/3177
f 4305/6454/3178 4303/6451/3178 4328/6480/3178 4330/6485/3178
f 4306/6455/3179 4304/6453/3179 4317/6467/3179 4331/6486/3179
f 4307/6456/3180 4305/6454/3180 4330/6485/3180 4332/6487/3180
f 4308/6457/3181 4306/6455/3181 4331/6486/3181 4333/6488/3181
f 4309/6458/3182 4307/6456/3182 4332/6487/3182 4334/6489/3182
f 4310/6459/3183 4308/6457/3183 4333/6488/3183 4335/6490/3183
f 4311/6460/3184 4309/6458/3184 4334/6489/3184 4336/6491/3184
f 4312/6461/3185 4310/6459/3185 4335/6490/3185 4337/6492/3185
f 4313/6462/3186 4311/6460/3186 4336/6491/3186 4338/6493/3186
f 4314/6463/3187 4312/6461/3187 4337/6492/3187 4339/6494/3187
f 4315/6464/3188 4313/6462/3188 4338/6493/3188 4340/6495/3188
f 4316/6465/3189 4314/6463/3189 4339/6494/3189 4341/6496/3189
f 4255/6466/3190 4315/6464/3190 4340/6495/3190 4342/6497/3190
f 4289/6433/3191 4316/6465/3191 4341/6496/3191 4343/6498/3191
f 4256/6374/3192 4255/6373/3192 4342/6499/3192 4344/6500/3192
f 4290/6434/3193 4289/6433/3193 4343/6498/3193 4345/6501/3193
f 4291/6435/3194 4256/6374/3194 4344/6500/3194 4346/6502/3194
f 4293/6503/3195 4292/6481/3195 4329/6484/3195 4347/6504/3195
f 4294/6438/3196 4290/6434/3196 4345/6501/3196 4348/6505/3196
f 4286/6430/3197 4291/6506/3197 4346/6507/3197 4287/6431/3197
f 4295/6508/3198 4293/6503/3198 4347/6504/3198 4321/6509/3198
f 4296/6510/3199 4294/6438/3199 4348/6505/3199 4323/6511/3199
f 4349/6512/3200 4350/6513/3200 4351/6514/3200 4352/6515/3200
f 4330/6485/3201 4328/6480/3201 4353/6516/3201 4354/6517/3201
f 4331/6486/3202 4317/6467/3202 4320/6470/3202 4355/6518/3202
f 4332/6487/3203 4330/6485/3203 4354/6517/3203 4356/6519/3203
f 4333/6488/3204 4331/6486/3204 4355/6518/3204 4350/6513/3204
f 4334/6489/3205 4332/6487/3205 4356/6519/3205 4357/6520/3205
f 4335/6490/3206 4333/6488/3206 4350/6513/3206 4349/6512/3206
f 4336/6491/3207 4334/6489/3207 4357/6520/3207 4358/6521/3207
f 4337/6492/3208 4335/6490/3208 4349/6512/3208 4359/6522/3208
f 4338/6493/3209 4336/6491/3209 4358/6521/3209 4360/6523/3209
f 4339/6494/3210 4337/6492/3210 4359/6522/3210 4361/6524/3210
f 4340/6495/3211 4338/6493/3211 4360/6523/3211 4362/6525/3211
f 4341/6496/3212 4339/6494/3212 4361/6524/3212 4363/6526/3212
f 4342/6497/3213 4340/6495/3213 4362/6525/3213 4364/6527/3213
f 4343/6498/3214 4341/6496/3214 4363/6526/3214 4365/6528/3214
f 4344/6500/3215 4342/6499/3215 4364/6529/3215 4366/6530/3215
f 4345/6501/3216 4343/6498/3216 4365/6528/3216 4367/6531/3216
f 4346/6507/3217 4344/6532/3217 4366/6533/3217 4368/6534/3217
f 4347/6504/3218 4329/6484/3218 4369/6535/3218 4370/6536/3218
f 4348/6505/3219 4345/6501/3219 4367/6531/3219 4371/6537/3219
f 4287/6431/3220 4346/6507/3220 4368/6534/3220 4372/6538/3220
f 4321/6509/3221 4347/6504/3221 4370/6536/3221 4373/6539/3221
f 4323/6511/3222 4348/6505/3222 4371/6537/3222 4374/6540/3222
f 4288/6432/3223 4287/6431/3223 4372/6538/3223 4375/6541/3223
f 4322/6472/3224 4321/6471/3224 4373/6542/3224 4376/6543/3224
f 4324/6474/3225 4323/6473/3225 4374/6544/3225 4377/6545/3225
f 4325/6476/3226 4288/6432/3226 4375/6541/3226 4378/6546/3226
f 4326/6477/3227 4322/6472/3227 4376/6543/3227 4379/6547/3227
f 4327/6478/3228 4324/6474/3228 4377/6545/3228 4380/6548/3228
f 4318/6468/3229 4325/6479/3229 4378/6549/3229 4319/6469/3229
f 4328/6480/3230 4326/6477/3230 4379/6547/3230 4353/6516/3230
f 4329/6484/3231 4327/6483/3231 4380/6550/3231 4369/6535/3231
f 4381/6551/3232 4382/6552/3232 4383/6553/3232 4384/6554/3232
f 4358/6555/3233 4357/6556/3233 4385/6557/3233 4386/6558/3233
f 4359/6522/3234 4349/6512/3234 4352/6515/3234 4387/6559/3234
f 4360/6560/3235 4358/6555/3235 4386/6558/3235 4388/6561/3235
f 4361/6524/3236 4359/6522/3236 4387/6559/3236 4382/6552/3236
f 4362/6562/3237 4360/6560/3237 4388/6561/3237 4389/6563/3237
f 4363/6526/3238 4361/6524/3238 4382/6552/3238 4381/6551/3238
f 4364/6564/3239 4362/6562/3239 4389/6563/3239 4390/6565/3239
f 4365/6528/3240 4363/6526/3240 4381/6551/3240 4391/6566/3240
f 4366/6533/3241 4364/6564/3241 4390/6565/3241 4392/6567/3241
f 4367/6531/3242 4365/6528/3242 4391/6566/3242 4393/6568/3242
f 4368/6534/3243 4366/6533/3243 4392/6567/3243 4394/6569/3243
f 4370/6536/3244 4369/6535/3244 4395/6570/3244 4396/6571/3244
f 4371/6572/3245 4367/6573/3245 4393/6574/3245 4397/6575/3245
f 4372/6538/3246 4368/6534/3246 4394/6569/3246 4398/6576/3246
f 4373/6539/3247 4370/6536/3247 4396/6571/3247 4399/6577/3247
f 4374/6578/3248 4371/6572/3248 4397/6575/3248 4400/6579/3248
f 4375/6541/3249 4372/6538/3249 4398/6576/3249 4401/6580/3249
f 4376/6581/3250 4373/6539/3250 4399/6577/3250 4402/6582/3250
f 4377/6583/3251 4374/6578/3251 4400/6579/3251 4403/6584/3251
f 4378/6546/3252 4375/6541/3252 4401/6580/3252 4404/6585/3252
f 4379/6586/3253 4376/6581/3253 4402/6582/3253 4405/6587/3253
f 4380/6550/3254 4377/6583/3254 4403/6584/3254 4406/6588/3254
f 4319/6589/3255 4378/6546/3255 4404/6585/3255 4407/6590/3255
f 4353/6591/3256 4379/6586/3256 4405/6587/3256 4408/6592/3256
f 4369/6535/3257 4380/6550/3257 4406/6588/3257 4395/6570/3257
f 4320/6593/3258 4319/6589/3258 4407/6590/3258 4409/6594/3258
f 4354/6595/3259 4353/6591/3259 4408/6592/3259 4410/6596/3259
f 4355/6597/3260 4320/6593/3260 4409/6594/3260 4411/6598/3260
f 4356/6599/3261 4354/6595/3261 4410/6596/3261 4412/6600/3261
f 4350/6513/3262 4355/6518/3262 4411/6601/3262 4351/6514/3262
f 4357/6556/3263 4356/6599/3263 4412/6600/3263 4385/6557/3263
f 4413/6602/3264 4414/6603/3264 4415/6604/3264 4416/6605/3264 4417/6606/3264 4418/6607/3264 4419/6608/3264 4420/6609/3264 4384/6610/3264 4383/6611/3264 4421/6612/3264 4422/6613/3264 4423/6614/3264 4424/6615/3264 4425/6616/3264 4426/6617/3264 4427/6618/3264 4428/6619/3264 4429/6620/3264 4430/6621/3264 4431/6622/3264 4432/6623/3264 4433/6624/3264 4434/6625/3264 4435/6626/3264 4436/6627/3264 4437/6628/3264 4438/6629/3264 4439/6630/3264 4440/6631/3264 4441/6632/3264 4442/6633/3264
f 4390/6634/3265 4389/6635/3265 4433/6636/3265 4432/6637/3265
f 4391/6566/3266 4381/6551/3266 4384/6554/3266 4420/6638/3266
f 4392/6639/3267 4390/6640/3267 4432/6641/3267 4431/6642/3267
f 4393/6568/3268 4391/6566/3268 4420/6638/3268 4419/6643/3268
f 4394/6644/3269 4392/6639/3269 4431/6642/3269 4430/6645/3269
f 4396/6646/3270 4395/6647/3270 4414/6648/3270 4413/6649/3270
f 4397/6650/3271 4393/6568/3271 4419/6643/3271 4418/6651/3271
f 4398/6652/3272 4394/6644/3272 4430/6645/3272 4429/6653/3272
f 4399/6654/3273 4396/6646/3273 4413/6649/3273 4442/6655/3273
f 4400/6656/3274 4397/6657/3274 4418/6658/3274 4417/6659/3274
f 4401/6660/3275 4398/6652/3275 4429/6653/3275 4428/6661/3275
f 4402/6662/3276 4399/6654/3276 4442/6655/3276 4441/6663/3276
f 4403/6664/3277 4400/6656/3277 4417/6659/3277 4416/6665/3277
f 4404/6666/3278 4401/6667/3278 4428/6668/3278 4427/6669/3278
f 4405/6670/3279 4402/6662/3279 4441/6663/3279 4440/6671/3279
f 4406/6672/3280 4403/6664/3280 4416/6665/3280 4415/6673/3280
f 4407/6674/3281 4404/6666/3281 4427/6669/3281 4426/6675/3281
f 4408/6676/3282 4405/6670/3282 4440/6671/3282 4439/6677/3282
f 4395/6678/3283 4406/6672/3283 4415/6673/3283 4414/6679/3283
f 4409/6680/3284 4407/6674/3284 4426/6675/3284 4425/6681/3284
f 4410/6682/3285 4408/6676/3285 4439/6677/3285 4438/6683/3285
f 4411/6601/3286 4409/6680/3286 4425/6681/3286 4424/6684/3286
f 4412/6685/3287 4410/6682/3287 4438/6683/3287 4437/6686/3287
f 4351/6514/3288 4411/6601/3288 4424/6684/3288 4423/6687/3288
f 4385/6688/3289 4412/6685/3289 4437/6686/3289 4436/6689/3289
f 4352/6515/3290 4351/6514/3290 4423/6687/3290 4422/6690/3290
f 4386/6691/3291 4385/6688/3291 4436/6689/3291 4435/6692/3291
f 4387/6559/3292 4352/6515/3292 4422/6690/3292 4421/6693/3292
f 4388/6694/3293 4386/6691/3293 4435/6692/3293 4434/6695/3293
f 4382/6552/3294 4387/6559/3294 4421/6693/3294 4383/6553/3294
f 4389/6635/3295 4388/6694/3295 4434/6695/3295 4433/6636/3295
f 4443/6696/3296 4444/6697/3296 4445/6698/3296 4446/6699/3296
f 4446/6699/3297 4445/6698/3297 4447/6700/3297 4448/6701/3297
f 4448/6701/3298 4447/6700/3298 4449/6702/3298 4450/6703/3298
f 4450/6704/3299 4449/6705/3299 4451/6706/3299 4452/6707/3299
f 4452/6707/3300 4451/6706/3300 4453/6708/3300 4454/6709/3300
f 4454/6709/3301 4453/6708/3301 4455/6710/3301 4456/6711/3301
f 4456/6711/3302 4455/6710/3302 4457/6712/3302 4458/6713/3302
f 4458/6713/3303 4457/6712/3303 4459/6714/3303 4460/6715/3303
f 4460/6715/3304 4459/6714/3304 4461/6716/3304 4462/6717/3304
f 4462/6717/3305 4461/6716/3305 4463/6718/3305 4464/6719/3305
f 4464/6719/3306 4463/6718/3306 4465/6720/3306 4466/6721/3306
f 4466/6722/3307 4465/6723/3307 4467/6724/3307 4468/6725/3307
f 4468/6725/3308 4467/6724/3308 4469/6726/3308 4470/6727/3308
f 4470/6727/3309 4469/6726/3309 4471/6728/3309 4472/6729/3309
f 4472/6729/3310 4471/6728/3310 4473/6730/3310 4474/6731/3310
f 4474/6731/3311 4473/6730/3311 4475/6732/3311 4476/6733/3311
f 4476/6733/3312 4475/6732/3312 4477/6734/3312 4478/6735/3312
f 4478/6735/3313 4477/6734/3313 4479/6736/3313 4480/6737/3313
f 4480/6737/3314 4479/6736/3314 4481/6738/3314 4482/6739/3314
f 4482/6740/3315 4481/6741/3315 4483/6742/3315 4484/6743/3315
f 4484/6743/3316 4483/6742/3316 4485/6744/3316 4486/6745/3316
f 4486/6745/3317 4485/6744/3317 4487/6746/3317 4488/6747/3317
f 4488/6747/3318 4487/6746/3318 4489/6748/3318 4490/6749/3318
f 4490/6749/3319 4489/6748/3319 4491/6750/3319 4492/6751/3319
f 4492/6751/3320 4491/6750/3320 4493/6752/3320 4494/6753/3320
f 4494/6753/3321 4493/6752/3321 4495/6754/3321 4496/6755/3321
f 4496/6755/3322 4495/6754/3322 4497/6756/3322 4498/6757/3322
f 4498/6758/3323 4497/6759/3323 4499/6760/3323 4500/6761/3323
f 4500/6761/3324 4499/6760/3324 4501/6762/3324 4502/6763/3324
f 4502/6763/3325 4501/6762/3325 4503/6764/3325 4504/6765/3325
f 4461/6716/3326 4459/6714/3326 4505/6766/3326 4506/6767/3326
f 4504/6765/3327 4503/6764/3327 4507/6768/3327 4508/6769/3327
f 4508/6769/3328 4507/6768/3328 4444/6697/3328 4443/6696/3328
f 4443/6770/3264 4446/6771/3264 4448/6772/3264 4450/6773/3264 4452/6774/3264 4454/6775/3264 4456/6776/3264 4458/6777/3264 4460/6778/3264 4462/6779/3264 4464/6780/3264 4466/6781/3264 4468/6782/3264 4470/6783/3264 4472/6784/3264 4474/6785/3264 4476/6786/3264 4478/6787/3264 4480/6788/3264 4482/6789/3264 4484/6790/3264 4486/6791/3264 4488/6792/3264 4490/6793/3264 4492/6794/3264 4494/6795/3264 4496/6796/3264 4498/6797/3264 4500/6798/3264 4502/6799/3264 4504/6800/3264 4508/6801/3264
f 4509/6802/3329 4510/6803/3329 4511/6804/3329 4512/6805/3329
f 4479/6736/3330 4477/6734/3330 4513/6806/3330 4514/6807/3330
f 4497/6756/3331 4495/6754/3331 4515/6808/3331 4516/6809/3331
f 4453/6708/3332 4451/6706/3332 4517/6810/3332 4518/6811/3332
f 4471/6728/3333 4469/6726/3333 4519/6812/3333 4520/6813/3333
f 4489/6748/3334 4487/6746/3334 4521/6814/3334 4522/6815/3334
f 4445/6698/3335 4444/6697/3335 4523/6816/3335 4524/6817/3335
f 4444/6697/3336 4507/6768/3336 4525/6818/3336 4523/6816/3336
f 4463/6718/3337 4461/6716/3337 4506/6767/3337 4510/6803/3337
f 4481/6738/3338 4479/6736/3338 4514/6807/3338 4526/6819/3338
f 4499/6760/3339 4497/6759/3339 4516/6820/3339 4527/6821/3339
f 4455/6710/3340 4453/6708/3340 4518/6811/3340 4528/6822/3340
f 4473/6730/3341 4471/6728/3341 4520/6813/3341 4529/6823/3341
f 4491/6750/3342 4489/6748/3342 4522/6815/3342 4530/6824/3342
f 4447/6700/3343 4445/6698/3343 4524/6817/3343 4531/6825/3343
f 4465/6720/3344 4463/6718/3344 4510/6803/3344 4509/6802/3344
f 4483/6742/3345 4481/6741/3345 4526/6826/3345 4532/6827/3345
f 4501/6762/3346 4499/6760/3346 4527/6821/3346 4533/6828/3346
f 4457/6712/3347 4455/6710/3347 4528/6822/3347 4534/6829/3347
f 4475/6732/3348 4473/6730/3348 4529/6823/3348 4535/6830/3348
f 4493/6752/3349 4491/6750/3349 4530/6824/3349 4536/6831/3349
f 4449/6702/3350 4447/6700/3350 4531/6825/3350 4537/6832/3350
f 4467/6724/3351 4465/6723/3351 4509/6833/3351 4538/6834/3351
f 4485/6744/3352 4483/6742/3352 4532/6827/3352 4539/6835/3352
f 4503/6764/3353 4501/6762/3353 4533/6828/3353 4540/6836/3353
f 4459/6714/3354 4457/6712/3354 4534/6829/3354 4505/6766/3354
f 4477/6734/3355 4475/6732/3355 4535/6830/3355 4513/6806/3355
f 4495/6754/3356 4493/6752/3356 4536/6831/3356 4515/6808/3356
f 4451/6837/3357 4449/6702/3357 4537/6832/3357 4517/6838/3357
f 4469/6726/3358 4467/6724/3358 4538/6834/3358 4519/6812/3358
f 4487/6746/3359 4485/6744/3359 4539/6835/3359 4521/6814/3359
f 4507/6768/3360 4503/6764/3360 4540/6836/3360 4525/6818/3360
f 4541/6839/3361 4542/6840/3361 4543/6841/3361 4544/6842/3361
f 4536/6831/3362 4530/6824/3362 4545/6843/3362 4546/6844/3362
f 4538/6834/3363 4509/6833/3363 4512/6845/3363 4547/6846/3363
f 4515/6808/3364 4536/6831/3364 4546/6844/3364 4548/6847/3364
f 4519/6812/3308 4538/6834/3308 4547/6846/3308 4549/6848/3308
f 4516/6809/3365 4515/6808/3365 4548/6847/3365 4550/6849/3365
f 4520/6813/3366 4519/6812/3366 4549/6848/3366 4551/6850/3366
f 4524/6817/3367 4523/6816/3367 4552/6851/3367 4553/6852/3367
f 4527/6821/3323 4516/6820/3323 4550/6853/3323 4554/6854/3323
f 4529/6823/3368 4520/6813/3368 4551/6850/3368 4555/6855/3368
f 4531/6825/3297 4524/6817/3297 4553/6852/3297 4556/6856/3297
f 4533/6828/3369 4527/6821/3369 4554/6854/3369 4557/6857/3369
f 4535/6830/3370 4529/6823/3370 4555/6855/3370 4558/6858/3370
f 4537/6832/3371 4531/6825/3371 4556/6856/3371 4559/6859/3371
f 4540/6836/3372 4533/6828/3372 4557/6857/3372 4560/6860/3372
f 4513/6806/3373 4535/6830/3373 4558/6858/3373 4561/6861/3373
f 4517/6810/3299 4537/6862/3299 4559/6863/3299 4562/6864/3299
f 4525/6818/3374 4540/6836/3374 4560/6860/3374 4563/6865/3374
f 4514/6807/3375 4513/6806/3375 4561/6861/3375 4564/6866/3375
f 4518/6811/3376 4517/6810/3376 4562/6864/3376 4565/6867/3376
f 4523/6816/3377 4525/6818/3377 4563/6865/3377 4552/6851/3377
f 4526/6819/3378 4514/6807/3378 4564/6866/3378 4566/6868/3378
f 4528/6822/3379 4518/6811/3379 4565/6867/3379 4567/6869/3379
f 4532/6827/3380 4526/6826/3380 4566/6870/3380 4542/6871/3380
f 4534/6829/3381 4528/6822/3381 4567/6869/3381 4568/6872/3381
f 4539/6835/3382 4532/6827/3382 4542/6871/3382 4541/6873/3382
f 4505/6766/3383 4534/6829/3383 4568/6872/3383 4569/6874/3383
f 4521/6814/3384 4539/6835/3384 4541/6873/3384 4570/6875/3384
f 4506/6767/3304 4505/6766/3304 4569/6874/3304 4571/6876/3304
f 4522/6815/3385 4521/6814/3385 4570/6875/3385 4572/6877/3385
f 4510/6803/3386 4506/6767/3386 4571/6876/3386 4511/6804/3386
f 4530/6824/3387 4522/6815/3387 4572/6877/3387 4545/6843/3387
f 4573/6878/3388 4574/6879/3388 4575/6880/3388 4576/6881/3388
f 4569/6882/3389 4568/6883/3389 4577/6884/3389 4578/6885/3389
f 4570/6886/3390 4541/6839/3390 4544/6842/3390 4579/6887/3390
f 4571/6888/3391 4569/6882/3391 4578/6885/3391 4580/6889/3391
f 4572/6890/3392 4570/6886/3392 4579/6887/3392 4574/6891/3392
f 4511/6892/3393 4571/6888/3393 4580/6889/3393 4581/6893/3393
f 4545/6894/3394 4572/6890/3394 4574/6891/3394 4573/6895/3394
f 4512/6896/3395 4511/6892/3395 4581/6893/3395 4582/6897/3395
f 4546/6898/3396 4545/6894/3396 4573/6895/3396 4583/6899/3396
f 4547/6900/3397 4512/6896/3397 4582/6897/3397 4584/6901/3397
f 4548/6902/3398 4546/6898/3398 4583/6899/3398 4585/6903/3398
f 4549/6904/3399 4547/6900/3399 4584/6901/3399 4586/6905/3399
f 4550/6906/3400 4548/6902/3400 4585/6903/3400 4587/6907/3400
f 4551/6908/3401 4549/6904/3401 4586/6905/3401 4588/6909/3401
f 4553/6910/3402 4552/6911/3402 4589/6912/3402 4590/6913/3402
f 4554/6914/3403 4550/6906/3403 4587/6907/3403 4591/6915/3403
f 4555/6916/3404 4551/6908/3404 4588/6909/3404 4592/6917/3404
f 4556/6918/3405 4553/6910/3405 4590/6913/3405 4593/6919/3405
f 4557/6920/3406 4554/6914/3406 4591/6915/3406 4594/6921/3406
f 4558/6922/3407 4555/6916/3407 4592/6917/3407 4595/6923/3407
f 4559/6924/3408 4556/6918/3408 4593/6919/3408 4596/6925/3408
f 4560/6926/3409 4557/6920/3409 4594/6921/3409 4597/6927/3409
f 4561/6928/3410 4558/6922/3410 4595/6923/3410 4598/6929/3410
f 4562/6930/3411 4559/6924/3411 4596/6925/3411 4599/6931/3411
f 4563/6932/3412 4560/6926/3412 4597/6927/3412 4600/6933/3412
f 4564/6934/3413 4561/6928/3413 4598/6929/3413 4601/6935/3413
f 4565/6936/3414 4562/6930/3414 4599/6931/3414 4602/6937/3414
f 4552/6911/3415 4563/6932/3415 4600/6933/3415 4589/6912/3415
f 4566/6938/3416 4564/6934/3416 4601/6935/3416 4603/6939/3416
f 4567/6940/3417 4565/6936/3417 4602/6937/3417 4604/6941/3417
f 4542/6840/3418 4566/6938/3418 4603/6939/3418 4543/6841/3418
f 4568/6883/3419 4567/6940/3419 4604/6941/3419 4577/6884/3419
f 4605/6942/3420 4606/6943/3420 4607/6944/3420 4608/6945/3420
f 4582/6946/3421 4581/6947/3421 4609/6948/3421 4610/6949/3421
f 4583/6950/3422 4573/6878/3422 4576/6881/3422 4611/6951/3422
f 4584/6952/3423 4582/6953/3423 4610/6954/3423 4612/6955/3423
f 4585/6956/3424 4583/6950/3424 4611/6951/3424 4606/6943/3424
f 4586/6957/3308 4584/6952/3308 4612/6955/3308 4613/6958/3308
f 4587/6959/3425 4585/6956/3425 4606/6943/3425 4605/6942/3425
f 4588/6960/3309 4586/6957/3309 4613/6958/3309 4614/6961/3309
f 4590/6962/3426 4589/6963/3426 4615/6964/3426 4616/6965/3426
f 4591/6966/3427 4587/6967/3427 4605/6968/3427 4617/6969/3427
f 4592/6970/3428 4588/6960/3428 4614/6961/3428 4618/6971/3428
f 4593/6972/3429 4590/6962/3429 4616/6965/3429 4619/6973/3429
f 4594/6974/3430 4591/6966/3430 4617/6969/3430 4620/6975/3430
f 4595/6976/3311 4592/6970/3311 4618/6971/3311 4621/6977/3311
f 4596/6978/3431 4593/6972/3431 4619/6973/3431 4622/6979/3431
f 4597/6980/3432 4594/6974/3432 4620/6975/3432 4623/6981/3432
f 4598/6982/3433 4595/6976/3433 4621/6977/3433 4624/6983/3433
f 4599/6984/3434 4596/6985/3434 4622/6986/3434 4625/6987/3434
f 4600/6988/3327 4597/6980/3327 4623/6981/3327 4626/6989/3327
f 4601/6990/3435 4598/6982/3435 4624/6983/3435 4627/6991/3435
f 4602/6992/3436 4599/6984/3436 4625/6987/3436 4628/6993/3436
f 4589/6963/3437 4600/6988/3437 4626/6989/3437 4615/6964/3437
f 4603/6994/3438 4601/6990/3438 4627/6991/3438 4629/6995/3438
f 4604/6996/3439 4602/6992/3439 4628/6993/3439 4630/6997/3439
f 4543/6998/3440 4603/6999/3440 4629/7000/3440 4631/7001/3440
f 4577/7002/3302 4604/6996/3302 4630/6997/3302 4632/7003/3302
f 4544/7004/3441 4543/6998/3441 4631/7001/3441 4633/7005/3441
f 4578/7006/3442 4577/7002/3442 4632/7003/3442 4634/7007/3442
f 4579/7008/3384 4544/7004/3384 4633/7005/3384 4635/7009/3384
f 4580/7010/3443 4578/7006/3443 4634/7007/3443 4636/7011/3443
f 4574/6879/3318 4579/7008/3318 4635/7009/3318 4575/6880/3318
f 4581/6947/3444 4580/7010/3444 4636/7011/3444 4609/6948/3444
f 4637/7012/3445 4638/7013/3445 4639/7014/3445 4640/7015/3445
f 4614/7016/3446 4613/7017/3446 4641/7018/3446 4642/7019/3446
f 4616/7020/3447 4615/7021/3447 4643/7022/3447 4644/7023/3447
f 4617/7024/3448 4605/6942/3448 4608/6945/3448 4645/7025/3448
f 4618/7026/3449 4614/7016/3449 4642/7019/3449 4646/7027/3449
f 4619/7028/3450 4616/7020/3450 4644/7023/3450 4647/7029/3450
f 4620/7030/3451 4617/7031/3451 4645/7032/3451 4648/7033/3451
f 4621/7034/3452 4618/7026/3452 4646/7027/3452 4649/7035/3452
f 4622/7036/3453 4619/7028/3453 4647/7029/3453 4650/7037/3453
f 4623/7038/3454 4620/7030/3454 4648/7033/3454 4651/7039/3454
f 4624/7040/3455 4621/7034/3455 4649/7035/3455 4652/7041/3455
f 4625/7042/3456 4622/7036/3456 4650/7037/3456 4653/7043/3456
f 4626/7044/3457 4623/7038/3457 4651/7039/3457 4654/7045/3457
f 4627/7046/3458 4624/7040/3458 4652/7041/3458 4655/7047/3458
f 4628/6993/3459 4625/6987/3459 4653/7048/3459 4656/7049/3459
f 4615/7021/3460 4626/7044/3460 4654/7045/3460 4643/7022/3460
f 4629/7050/3461 4627/7046/3461 4655/7047/3461 4657/7051/3461
f 4630/6997/3462 4628/6993/3462 4656/7049/3462 4658/7052/3462
f 4631/7053/3463 4629/7050/3463 4657/7051/3463 4659/7054/3463
f 4632/7003/3464 4630/6997/3464 4658/7052/3464 4660/7055/3464
f 4633/7005/3465 4631/7001/3465 4659/7056/3465 4661/7057/3465
f 4634/7058/3466 4632/7059/3466 4660/7060/3466 4662/7061/3466
f 4635/7009/3467 4633/7005/3467 4661/7057/3467 4663/7062/3467
f 4636/7063/3468 4634/7058/3468 4662/7061/3468 4638/7064/3468
f 4575/7065/3469 4635/7066/3469 4663/7067/3469 4664/7068/3469
f 4609/6948/3470 4636/7011/3470 4638/7013/3470 4637/7012/3470
f 4576/7069/3471 4575/7065/3471 4664/7068/3471 4665/7070/3471
f 4610/6949/3472 4609/6948/3472 4637/7012/3472 4666/7071/3472
f 4611/7072/3473 4576/7069/3473 4665/7070/3473 4667/7073/3473
f 4612/7074/3474 4610/6949/3474 4666/7071/3474 4668/7075/3474
f 4606/7076/3475 4611/7072/3475 4667/7073/3475 4607/7077/3475
f 4613/7017/3476 4612/7078/3476 4668/7079/3476 4641/7018/3476
f 4669/7080/3477 4670/7081/3477 4671/7082/3477 4672/7083/3477
f 4665/7084/3478 4664/7085/3478 4673/7086/3478 4674/7087/3478
f 4666/7071/3479 4637/7012/3479 4640/7015/3479 4675/7088/3479
f 4667/7089/3480 4665/7084/3480 4674/7087/3480 4676/7090/3480
f 4668/7075/3481 4666/7071/3481 4675/7088/3481 4670/7081/3481
f 4607/6944/3482 4667/7089/3482 4676/7090/3482 4677/7091/3482
f 4641/7092/3483 4668/7075/3483 4670/7081/3483 4669/7080/3483
f 4608/6945/3484 4607/6944/3484 4677/7091/3484 4678/7093/3484
f 4642/7094/3485 4641/7092/3485 4669/7080/3485 4679/7095/3485
f 4644/7096/3486 4643/7097/3486 4680/7098/3486 4681/7099/3486
f 4645/7025/3487 4608/6945/3487 4678/7093/3487 4682/7100/3487
f 4646/7101/3488 4642/7102/3488 4679/7103/3488 4683/7104/3488
f 4647/7105/3489 4644/7106/3489 4681/7107/3489 4684/7108/3489
f 4648/7109/3490 4645/7025/3490 4682/7100/3490 4685/7110/3490
f 4649/7111/3491 4646/7101/3491 4683/7104/3491 4686/7112/3491
f 4650/7113/3492 4647/7105/3492 4684/7108/3492 4687/7114/3492
f 4651/7115/3493 4648/7109/3493 4685/7110/3493 4688/7116/3493
f 4652/7117/3494 4649/7111/3494 4686/7112/3494 4689/7118/3494
f 4653/7048/3495 4650/7113/3495 4687/7114/3495 4690/7119/3495
f 4654/7120/3496 4651/7121/3496 4688/7122/3496 4691/7123/3496
f 4655/7124/3497 4652/7125/3497 4689/7126/3497 4692/7127/3497
f 4656/7049/3498 4653/7048/3498 4690/7119/3498 4693/7128/3498
f 4643/7097/3499 4654/7120/3499 4691/7123/3499 4680/7098/3499
f 4657/7129/3500 4655/7124/3500 4692/7127/3500 4694/7130/3500
f 4658/7052/3501 4656/7049/3501 4693/7128/3501 4695/7131/3501
f 4659/7056/3502 4657/7129/3502 4694/7130/3502 4696/7132/3502
f 4660/7055/3503 4658/7052/3503 4695/7131/3503 4697/7133/3503
f 4661/7057/3504 4659/7056/3504 4696/7132/3504 4698/7134/3504
f 4662/7135/3505 4660/7055/3505 4697/7133/3505 4699/7136/3505
f 4663/7062/3506 4661/7057/3506 4698/7134/3506 4700/7137/3506
f 4638/7013/3507 4662/7135/3507 4699/7136/3507 4639/7014/3507
f 4664/7085/3508 4663/7062/3508 4700/7137/3508 4673/7086/3508
f 4701/7138/3509 4702/7139/3509 4703/7140/3509 4704/7141/3509
f 4678/7093/3510 4677/7091/3510 4705/7142/3510 4706/7143/3510
f 4679/7095/3511 4669/7080/3511 4672/7083/3511 4707/7144/3511
f 4681/7099/3512 4680/7098/3512 4708/7145/3512 4709/7146/3512
f 4682/7100/3513 4678/7093/3513 4706/7143/3513 4710/7147/3513
f 4683/7104/3514 4679/7103/3514 4707/7148/3514 4702/7149/3514
f 4684/7108/3515 4681/7107/3515 4709/7150/3515 4711/7151/3515
f 4685/7110/3516 4682/7100/3516 4710/7147/3516 4712/7152/3516
f 4686/7112/3517 4683/7104/3517 4702/7149/3517 4701/7153/3517
f 4687/7114/3518 4684/7108/3518 4711/7151/3518 4713/7154/3518
f 4688/7116/3519 4685/7110/3519 4712/7152/3519 4714/7155/3519
f 4689/7118/3520 4686/7112/3520 4701/7153/3520 4715/7156/3520
f 4690/7119/3521 4687/7114/3521 4713/7154/3521 4716/7157/3521
f 4691/7123/3522 4688/7122/3522 4714/7158/3522 4717/7159/3522
f 4692/7127/3523 4689/7126/3523 4715/7160/3523 4718/7161/3523
f 4693/7128/3524 4690/7119/3524 4716/7157/3524 4719/7162/3524
f 4680/7098/3525 4691/7123/3525 4717/7159/3525 4708/7145/3525
f 4694/7130/3526 4692/7127/3526 4718/7161/3526 4720/7163/3526
f 4695/7131/3527 4693/7128/3527 4719/7162/3527 4721/7164/3527
f 4696/7132/3528 4694/7130/3528 4720/7163/3528 4722/7165/3528
f 4697/7133/3529 4695/7131/3529 4721/7164/3529 4723/7166/3529
f 4698/7134/3530 4696/7132/3530 4722/7165/3530 4724/7167/3530
f 4699/7136/3531 4697/7133/3531 4723/7166/3531 4725/7168/3531
f 4700/7137/3532 4698/7134/3532 4724/7167/3532 4726/7169/3532
f 4639/7014/3533 4699/7136/3533 4725/7168/3533 4727/7170/3533
f 4673/7086/3534 4700/7137/3534 4726/7169/3534 4728/7171/3534
f 4640/7015/3535 4639/7014/3535 4727/7170/3535 4729/7172/3535
f 4674/7087/3536 4673/7086/3536 4728/7171/3536 4730/7173/3536
f 4675/7088/3537 4640/7015/3537 4729/7172/3537 4731/7174/3537
f 4676/7090/3538 4674/7087/3538 4730/7173/3538 4732/7175/3538
f 4670/7081/3539 4675/7088/3539 4731/7174/3539 4671/7082/3539
f 4677/7091/3540 4676/7090/3540 4732/7175/3540 4705/7142/3540
f 4733/7176/3541 4734/7177/3541 4735/7178/3541 4736/7179/3541
f 4713/7154/3542 4711/7151/3542 4737/7180/3542 4738/7181/3542
f 4714/7155/3543 4712/7152/3543 4739/7182/3543 4740/7183/3543
f 4715/7184/3544 4701/7138/3544 4704/7141/3544 4741/7185/3544
f 4716/7157/3545 4713/7154/3545 4738/7181/3545 4742/7186/3545
f 4717/7187/3546 4714/7188/3546 4740/7189/3546 4743/7190/3546
f 4718/7191/3547 4715/7184/3547 4741/7185/3547 4734/7192/3547
f 4719/7162/3548 4716/7157/3548 4742/7186/3548 4744/7193/3548
f 4708/7194/3549 4717/7187/3549 4743/7190/3549 4745/7195/3549
f 4720/7163/3550 4718/7161/3550 4734/7177/3550 4733/7176/3550
f 4721/7164/3551 4719/7162/3551 4744/7193/3551 4746/7196/3551
f 4722/7165/3552 4720/7163/3552 4733/7176/3552 4747/7197/3552
f 4723/7166/3553 4721/7164/3553 4746/7196/3553 4748/7198/3553
f 4724/7167/3554 4722/7165/3554 4747/7197/3554 4749/7199/3554
f 4725/7168/3555 4723/7166/3555 4748/7198/3555 4750/7200/3555
f 4726/7169/3556 4724/7167/3556 4749/7199/3556 4751/7201/3556
f 4727/7170/3557 4725/7168/3557 4750/7200/3557 4752/7202/3557
f 4728/7171/3558 4726/7169/3558 4751/7201/3558 4753/7203/3558
f 4729/7172/3559 4727/7170/3559 4752/7202/3559 4754/7204/3559
f 4730/7173/3560 4728/7171/3560 4753/7203/3560 4755/7205/3560
f 4731/7174/3561 4729/7172/3561 4754/7204/3561 4756/7206/3561
f 4732/7175/3562 4730/7173/3562 4755/7205/3562 4757/7207/3562
f 4671/7082/3563 4731/7174/3563 4756/7206/3563 4758/7208/3563
f 4705/7142/3564 4732/7175/3564 4757/7207/3564 4759/7209/3564
f 4672/7083/3565 4671/7082/3565 4758/7208/3565 4760/7210/3565
f 4706/7143/3566 4705/7142/3566 4759/7209/3566 4761/7211/3566
f 4707/7144/3567 4672/7083/3567 4760/7210/3567 4762/7212/3567
f 4709/7213/3568 4708/7194/3568 4745/7195/3568 4763/7214/3568
f 4710/7147/3569 4706/7143/3569 4761/7211/3569 4764/7215/3569
f 4702/7139/3570 4707/7216/3570 4762/7217/3570 4703/7140/3570
f 4711/7151/3571 4709/7150/3571 4763/7218/3571 4737/7180/3571
f 4712/7152/3572 4710/7147/3572 4764/7215/3572 4739/7182/3572
f 4765/7219/3573 4766/7220/3573 4767/7221/3573 4768/7222/3573
f 4746/7196/3574 4744/7193/3574 4769/7223/3574 4770/7224/3574
f 4747/7197/3575 4733/7176/3575 4736/7179/3575 4771/7225/3575
f 4748/7198/3576 4746/7196/3576 4770/7224/3576 4772/7226/3576
f 4749/7199/3577 4747/7197/3577 4771/7225/3577 4766/7227/3577
f 4750/7200/3578 4748/7198/3578 4772/7226/3578 4773/7228/3578
f 4751/7201/3579 4749/7199/3579 4766/7227/3579 4765/7229/3579
f 4752/7202/3580 4750/7200/3580 4773/7228/3580 4774/7230/3580
f 4753/7203/3581 4751/7201/3581 4765/7229/3581 4775/7231/3581
f 4754/7204/3582 4752/7202/3582 4774/7230/3582 4776/7232/3582
f 4755/7205/3583 4753/7203/3583 4775/7231/3583 4777/7233/3583
f 4756/7206/3584 4754/7204/3584 4776/7232/3584 4778/7234/3584
f 4757/7207/3585 4755/7205/3585 4777/7233/3585 4779/7235/3585
f 4758/7208/3586 4756/7206/3586 4778/7234/3586 4780/7236/3586
f 4759/7209/3587 4757/7207/3587 4779/7235/3587 4781/7237/3587
f 4760/7210/3588 4758/7208/3588 4780/7236/3588 4782/7238/3588
f 4761/7211/3589 4759/7209/3589 4781/7237/3589 4783/7239/3589
f 4762/7212/3590 4760/7210/3590 4782/7238/3590 4784/7240/3590
f 4763/7214/3591 4745/7195/3591 4785/7241/3591 4786/7242/3591
f 4764/7215/3592 4761/7211/3592 4783/7239/3592 4787/7243/3592
f 4703/7140/3593 4762/7217/3593 4784/7244/3593 4788/7245/3593
f 4737/7246/3594 4763/7214/3594 4786/7242/3594 4789/7247/3594
f 4739/7182/3595 4764/7215/3595 4787/7243/3595 4790/7248/3595
f 4704/7141/3596 4703/7140/3596 4788/7245/3596 4791/7249/3596
f 4738/7181/3597 4737/7180/3597 4789/7250/3597 4792/7251/3597
f 4740/7183/3598 4739/7182/3598 4790/7248/3598 4793/7252/3598
f 4741/7185/3599 4704/7141/3599 4791/7249/3599 4794/7253/3599
f 4742/7186/3600 4738/7181/3600 4792/7251/3600 4795/7254/3600
f 4743/7190/3601 4740/7189/3601 4793/7255/3601 4796/7256/3601
f 4734/7192/3602 4741/7185/3602 4794/7253/3602 4735/7257/3602
f 4744/7193/3603 4742/7186/3603 4795/7254/3603 4769/7223/3603
f 4745/7195/3604 4743/7190/3604 4796/7256/3604 4785/7241/3604
f 4797/7258/3605 4798/7259/3605 4799/7260/3605 4800/7261/3605
f 4774/7230/3606 4773/7228/3606 4801/7262/3606 4802/7263/3606
f 4775/7264/3607 4765/7219/3607 4768/7222/3607 4803/7265/3607
f 4776/7232/3608 4774/7230/3608 4802/7263/3608 4804/7266/3608
f 4777/7267/3609 4775/7264/3609 4803/7265/3609 4798/7268/3609
f 4778/7269/3610 4776/7270/3610 4804/7271/3610 4805/7272/3610
f 4779/7273/3611 4777/7267/3611 4798/7268/3611 4797/7274/3611
f 4780/7275/3612 4778/7269/3612 4805/7272/3612 4806/7276/3612
f 4781/7277/3613 4779/7273/3613 4797/7274/3613 4807/7278/3613
f 4782/7279/3614 4780/7275/3614 4806/7276/3614 4808/7280/3614
f 4783/7281/3615 4781/7277/3615 4807/7278/3615 4809/7282/3615
f 4784/7244/3616 4782/7279/3616 4808/7280/3616 4810/7283/3616
f 4786/7242/3617 4785/7241/3617 4811/7284/3617 4812/7285/3617
f 4787/7286/3618 4783/7281/3618 4809/7282/3618 4813/7287/3618
f 4788/7245/3619 4784/7244/3619 4810/7283/3619 4814/7288/3619
f 4789/7247/3620 4786/7242/3620 4812/7285/3620 4815/7289/3620
f 4790/7290/3621 4787/7286/3621 4813/7287/3621 4816/7291/3621
f 4791/7249/3622 4788/7245/3622 4814/7288/3622 4817/7292/3622
f 4792/7293/3623 4789/7247/3623 4815/7289/3623 4818/7294/3623
f 4793/7255/3624 4790/7290/3624 4816/7291/3624 4819/7295/3624
f 4794/7253/3625 4791/7249/3625 4817/7292/3625 4820/7296/3625
f 4795/7297/3626 4792/7293/3626 4818/7294/3626 4821/7298/3626
f 4796/7256/3627 4793/7255/3627 4819/7295/3627 4822/7299/3627
f 4735/7257/3628 4794/7253/3628 4820/7296/3628 4823/7300/3628
f 4769/7301/3629 4795/7297/3629 4821/7298/3629 4824/7302/3629
f 4785/7241/3630 4796/7256/3630 4822/7299/3630 4811/7284/3630
f 4736/7303/3631 4735/7257/3631 4823/7300/3631 4825/7304/3631
f 4770/7224/3632 4769/7223/3632 4824/7305/3632 4826/7306/3632
f 4771/7307/3633 4736/7303/3633 4825/7304/3633 4827/7308/3633
f 4772/7226/3634 4770/7224/3634 4826/7306/3634 4828/7309/3634
f 4766/7220/3635 4771/7307/3635 4827/7308/3635 4767/7221/3635
f 4773/7228/3636 4772/7226/3636 4828/7309/3636 4801/7262/3636
f 4829/7310/2963 4830/7311/2963 4831/7312/2963 4832/7313/2963 4833/7314/2963 4834/7315/2963 4835/7316/2963 4836/7317/2963 4800/7318/2963 4799/7319/2963 4837/7320/2963 4838/7321/2963 4839/7322/2963 4840/7323/2963 4841/7324/2963 4842/7325/2963 4843/7326/2963 4844/7327/2963 4845/7328/2963 4846/7329/2963 4847/7330/2963 4848/7331/2963 4849/7332/2963 4850/7333/2963 4851/7334/2963 4852/7335/2963 4853/7336/2963 4854/7337/2963 4855/7338/2963 4856/7339/2963 4857/7340/2963 4858/7341/2963
f 4806/7342/3637 4805/7343/3637 4849/7344/3637 4848/7345/3637
f 4807/7346/3638 4797/7258/3638 4800/7261/3638 4836/7347/3638
f 4808/7348/3639 4806/7342/3639 4848/7345/3639 4847/7349/3639
f 4809/7350/3640 4807/7346/3640 4836/7347/3640 4835/7351/3640
f 4810/7352/3641 4808/7348/3641 4847/7349/3641 4846/7353/3641
f 4812/7354/3642 4811/7355/3642 4830/7356/3642 4829/7357/3642
f 4813/7358/3643 4809/7350/3643 4835/7351/3643 4834/7359/3643
f 4814/7360/3644 4810/7361/3644 4846/7362/3644 4845/7363/3644
f 4815/7364/3645 4812/7365/3645 4829/7366/3645 4858/7367/3645
f 4816/7368/3646 4813/7358/3646 4834/7359/3646 4833/7369/3646
f 4817/7370/3647 4814/7360/3647 4845/7363/3647 4844/7371/3647
f 4818/7372/3648 4815/7364/3648 4858/7367/3648 4857/7373/3648
f 4819/7374/3649 4816/7368/3649 4833/7369/3649 4832/7375/3649
f 4820/7376/3650 4817/7370/3650 4844/7371/3650 4843/7377/3650
f 4821/7378/3651 4818/7372/3651 4857/7373/3651 4856/7379/3651
f 4822/7380/3652 4819/7381/3652 4832/7382/3652 4831/7383/3652
f 4823/7384/3653 4820/7385/3653 4843/7386/3653 4842/7387/3653
f 4824/7305/3654 4821/7378/3654 4856/7379/3654 4855/7388/3654
f 4811/7355/3655 4822/7380/3655 4831/7383/3655 4830/7356/3655
f 4825/7389/3656 4823/7384/3656 4842/7387/3656 4841/7390/3656
f 4826/7306/3657 4824/7305/3657 4855/7388/3657 4854/7391/3657
f 4827/7392/3658 4825/7389/3658 4841/7390/3658 4840/7393/3658
f 4828/7309/3659 4826/7306/3659 4854/7391/3659 4853/7394/3659
f 4767/7395/3660 4827/7392/3660 4840/7393/3660 4839/7396/3660
f 4801/7262/3661 4828/7309/3661 4853/7394/3661 4852/7397/3661
f 4768/7398/3662 4767/7395/3662 4839/7396/3662 4838/7399/3662
f 4802/7263/3663 4801/7262/3663 4852/7397/3663 4851/7400/3663
f 4803/7401/3664 4768/7398/3664 4838/7399/3664 4837/7402/3664
f 4804/7266/3665 4802/7263/3665 4851/7400/3665 4850/7403/3665
f 4798/7259/3666 4803/7401/3666 4837/7402/3666 4799/7260/3666
f 4805/7343/3667 4804/7266/3667 4850/7403/3667 4849/7344/3667
f 4859/7404/3668 4860/7405/3668 4861/7406/3668 4862/7407/3668
f 4862/7407/3669 4861/7406/3669 4863/7408/3669 4864/7409/3669
f 4864/7409/3670 4863/7408/3670 4865/7410/3670 4866/7411/3670
f 4866/7411/3671 4865/7410/3671 4867/7412/3671 4868/7413/3671
f 4868/7413/3672 4867/7412/3672 4869/7414/3672 4870/7415/3672
f 4870/7415/3673 4869/7414/3673 4871/7416/3673 4872/7417/3673
f 4872/7418/3674 4871/7419/3674 4873/7420/3674 4874/7421/3674
f 4874/7421/3675 4873/7420/3675 4875/7422/3675 4876/7423/3675
f 4876/7423/3676 4875/7422/3676 4877/7424/3676 4878/7425/3676
f 4878/7425/3677 4877/7424/3677 4879/7426/3677 4880/7427/3677
f 4880/7427/3678 4879/7426/3678 4881/7428/3678 4882/7429/3678
f 4882/7429/3679 4881/7428/3679 4883/7430/3679 4884/7431/3679
f 4884/7431/3680 4883/7430/3680 4885/7432/3680 4886/7433/3680
f 4886/7433/3681 4885/7432/3681 4887/7434/3681 4888/7435/3681
f 4888/7436/3682 4887/7437/3682 4889/7438/3682 4890/7439/3682
f 4890/7439/3683 4889/7438/3683 4891/7440/3683 4892/7441/3683
f 4892/7441/3684 4891/7440/3684 4893/7442/3684 4894/7443/3684
f 4894/7443/3685 4893/7442/3685 4895/7444/3685 4896/7445/3685
f 4896/7445/3686 4895/7444/3686 4897/7446/3686 4898/7447/3686
f 4898/7447/3687 4897/7446/3687 4899/7448/3687 4900/7449/3687
f 4900/7449/3688 4899/7448/3688 4901/7450/3688 4902/7451/3688
f 4902/7451/3689 4901/7450/3689 4903/7452/3689 4904/7453/3689
f 4904/7454/3690 4903/7455/3690 4905/7456/3690 4906/7457/3690
f 4906/7457/3691 4905/7456/3691 4907/7458/3691 4908/7459/3691
f 4908/7459/3692 4907/7458/3692 4909/7460/3692 4910/7461/3692
f 4910/7461/3693 4909/7460/3693 4911/7462/3693 4912/7463/3693
f 4912/7463/3694 4911/7462/3694 4913/7464/3694 4914/7465/3694
f 4914/7465/3695 4913/7464/3695 4915/7466/3695 4916/7467/3695
f 4916/7467/3696 4915/7466/3696 4917/7468/3696 4918/7469/3696
f 4918/7469/3697 4917/7468/3697 4919/7470/3697 4920/7471/3697
f 4877/7424/3698 4875/7422/3698 4921/7472/3698 4922/7473/3698
f 4920/7474/3699 4919/7475/3699 4923/7476/3699 4924/7477/3699
f 4924/7477/3700 4923/7476/3700 4860/7405/3700 4859/7404/3700
f 4859/7478/3264 4862/7479/3264 4864/7480/3264 4866/7481/3264 4868/7482/3264 4870/7483/3264 4872/7484/3264 4874/7485/3264 4876/7486/3264 4878/7487/3264 4880/7488/3264 4882/7489/3264 4884/7490/3264 4886/7491/3264 4888/7492/3264 4890/7493/3264 4892/7494/3264 4894/7495/3264 4896/7496/3264 4898/7497/3264 4900/7498/3264 4902/7499/3264 4904/7500/3264 4906/7501/3264 4908/7502/3264 4910/7503/3264 4912/7504/3264 4914/7505/3264 4916/7506/3264 4918/7507/3264 4920/7508/3264 4924/7509/3264
f 4925/7510/3701 4926/7511/3701 4927/7512/3701 4928/7513/3701
f 4895/7444/3702 4893/7442/3702 4929/7514/3702 4930/7515/3702
f 4913/7464/3703 4911/7462/3703 4931/7516/3703 4932/7517/3703
f 4869/7414/3704 4867/7412/3704 4933/7518/3704 4934/7519/3704
f 4887/7434/3705 4885/7432/3705 4935/7520/3705 4936/7521/3705
f 4905/7456/3706 4903/7455/3706 4937/7522/3706 4938/7523/3706
f 4861/7406/3707 4860/7405/3707 4939/7524/3707 4940/7525/3707
f 4860/7405/3708 4923/7476/3708 4941/7526/3708 4939/7524/3708
f 4879/7426/3709 4877/7424/3709 4922/7473/3709 4926/7511/3709
f 4897/7446/3710 4895/7444/3710 4930/7515/3710 4942/7527/3710
f 4915/7466/3711 4913/7464/3711 4932/7517/3711 4943/7528/3711
f 4871/7416/3712 4869/7414/3712 4934/7519/3712 4944/7529/3712
f 4889/7438/3713 4887/7437/3713 4936/7530/3713 4945/7531/3713
f 4907/7458/3714 4905/7456/3714 4938/7523/3714 4946/7532/3714
f 4863/7408/3715 4861/7406/3715 4940/7525/3715 4947/7533/3715
f 4881/7428/3716 4879/7426/3716 4926/7511/3716 4925/7510/3716
f 4899/7448/3717 4897/7446/3717 4942/7527/3717 4948/7534/3717
f 4917/7468/3718 4915/7466/3718 4943/7528/3718 4949/7535/3718
f 4873/7420/3719 4871/7419/3719 4944/7536/3719 4950/7537/3719
f 4891/7440/3720 4889/7438/3720 4945/7531/3720 4951/7538/3720
f 4909/7460/3721 4907/7458/3721 4946/7532/3721 4952/7539/3721
f 4865/7410/3722 4863/7408/3722 4947/7533/3722 4953/7540/3722
f 4883/7430/3723 4881/7428/3723 4925/7510/3723 4954/7541/3723
f 4901/7450/3724 4899/7448/3724 4948/7534/3724 4955/7542/3724
f 4919/7475/3725 4917/7543/3725 4949/7544/3725 4956/7545/3725
f 4875/7422/3726 4873/7420/3726 4950/7537/3726 4921/7472/3726
f 4893/7442/3727 4891/7440/3727 4951/7538/3727 4929/7514/3727
f 4911/7462/3728 4909/7460/3728 4952/7539/3728 4931/7516/3728
f 4867/7412/3729 4865/7410/3729 4953/7540/3729 4933/7518/3729
f 4885/7432/3730 4883/7430/3730 4954/7541/3730 4935/7520/3730
f 4903/7455/3731 4901/7546/3731 4955/7547/3731 4937/7522/3731
f 4923/7476/3732 4919/7475/3732 4956/7545/3732 4941/7526/3732
f 4957/7548/3733 4958/7549/3733 4959/7550/3733 4960/7551/3733
f 4952/7539/3734 4946/7532/3734 4961/7552/3734 4962/7553/3734
f 4954/7541/3735 4925/7510/3735 4928/7513/3735 4963/7554/3735
f 4931/7516/3736 4952/7539/3736 4962/7553/3736 4964/7555/3736
f 4935/7520/3737 4954/7541/3737 4963/7554/3737 4965/7556/3737
f 4932/7517/3738 4931/7516/3738 4964/7555/3738 4966/7557/3738
f 4936/7521/3739 4935/7520/3739 4965/7556/3739 4967/7558/3739
f 4940/7525/3740 4939/7524/3740 4968/7559/3740 4969/7560/3740
f 4943/7528/3741 4932/7517/3741 4966/7557/3741 4970/7561/3741
f 4945/7531/3742 4936/7530/3742 4967/7562/3742 4971/7563/3742
f 4947/7533/3743 4940/7525/3743 4969/7560/3743 4972/7564/3743
f 4949/7535/3744 4943/7528/3744 4970/7561/3744 4973/7565/3744
f 4951/7538/3745 4945/7531/3745 4971/7563/3745 4974/7566/3745
f 4953/7540/3746 4947/7533/3746 4972/7564/3746 4975/7567/3746
f 4956/7568/3747 4949/7535/3747 4973/7565/3747 4976/7569/3747
f 4929/7514/3748 4951/7538/3748 4974/7566/3748 4977/7570/3748
f 4933/7518/3749 4953/7540/3749 4975/7567/3749 4978/7571/3749
f 4941/7526/3699 4956/7545/3699 4976/7572/3699 4979/7573/3699
f 4930/7515/3750 4929/7514/3750 4977/7570/3750 4980/7574/3750
f 4934/7519/3751 4933/7518/3751 4978/7571/3751 4981/7575/3751
f 4939/7524/3752 4941/7526/3752 4979/7573/3752 4968/7559/3752
f 4942/7527/3753 4930/7515/3753 4980/7574/3753 4982/7576/3753
f 4944/7529/3673 4934/7519/3673 4981/7575/3673 4983/7577/3673
f 4948/7534/3754 4942/7527/3754 4982/7576/3754 4958/7578/3754
f 4950/7537/3674 4944/7536/3674 4983/7579/3674 4984/7580/3674
f 4955/7542/3755 4948/7534/3755 4958/7578/3755 4957/7581/3755
f 4921/7472/3756 4950/7537/3756 4984/7580/3756 4985/7582/3756
f 4937/7583/3757 4955/7542/3757 4957/7581/3757 4986/7584/3757
f 4922/7473/3758 4921/7472/3758 4985/7582/3758 4987/7585/3758
f 4938/7523/3759 4937/7522/3759 4986/7586/3759 4988/7587/3759
f 4926/7511/3654 4922/7473/3654 4987/7585/3654 4927/7512/3654
f 4946/7532/3760 4938/7523/3760 4988/7587/3760 4961/7552/3760
f 4989/7588/3761 4990/7589/3761 4991/7590/3761 4992/7591/3761
f 4985/7592/3762 4984/7593/3762 4993/7594/3762 4994/7595/3762
f 4986/7596/3763 4957/7548/3763 4960/7551/3763 4995/7597/3763
f 4987/7598/3764 4985/7592/3764 4994/7595/3764 4996/7599/3764
f 4988/7600/3765 4986/7596/3765 4995/7597/3765 4990/7601/3765
f 4927/7602/3766 4987/7598/3766 4996/7599/3766 4997/7603/3766
f 4961/7604/3767 4988/7600/3767 4990/7601/3767 4989/7605/3767
f 4928/7606/3768 4927/7602/3768 4997/7603/3768 4998/7607/3768
f 4962/7608/3769 4961/7604/3769 4989/7605/3769 4999/7609/3769
f 4963/7610/3770 4928/7606/3770 4998/7607/3770 5000/7611/3770
f 4964/7612/3771 4962/7608/3771 4999/7609/3771 5001/7613/3771
f 4965/7614/3772 4963/7610/3772 5000/7611/3772 5002/7615/3772
f 4966/7616/3773 4964/7612/3773 5001/7613/3773 5003/7617/3773
f 4967/7618/3774 4965/7614/3774 5002/7615/3774 5004/7619/3774
f 4969/7620/3775 4968/7621/3775 5005/7622/3775 5006/7623/3775
f 4970/7624/3776 4966/7616/3776 5003/7617/3776 5007/7625/3776
f 4971/7626/3777 4967/7618/3777 5004/7619/3777 5008/7627/3777
f 4972/7628/3778 4969/7620/3778 5006/7623/3778 5009/7629/3778
f 4973/7630/3779 4970/7624/3779 5007/7625/3779 5010/7631/3779
f 4974/7632/3780 4971/7626/3780 5008/7627/3780 5011/7633/3780
f 4975/7634/3781 4972/7628/3781 5009/7629/3781 5012/7635/3781
f 4976/7636/3782 4973/7630/3782 5010/7631/3782 5013/7637/3782
f 4977/7638/3783 4974/7632/3783 5011/7633/3783 5014/7639/3783
f 4978/7640/3784 4975/7634/3784 5012/7635/3784 5015/7641/3784
f 4979/7642/3785 4976/7636/3785 5013/7637/3785 5016/7643/3785
f 4980/7644/3786 4977/7638/3786 5014/7639/3786 5017/7645/3786
f 4981/7646/3787 4978/7640/3787 5015/7641/3787 5018/7647/3787
f 4968/7621/3788 4979/7642/3788 5016/7643/3788 5005/7622/3788
f 4982/7648/3789 4980/7644/3789 5017/7645/3789 5019/7649/3789
f 4983/7650/3790 4981/7646/3790 5018/7647/3790 5020/7651/3790
f 4958/7549/3791 4982/7648/3791 5019/7649/3791 4959/7550/3791
f 4984/7593/3792 4983/7650/3792 5020/7651/3792 4993/7594/3792
f 5021/7652/3793 5022/7653/3793 5023/7654/3793 5024/7655/3793
f 4998/7656/3794 4997/7657/3794 5025/7658/3794 5026/7659/3794
f 4999/7660/3734 4989/7588/3734 4992/7591/3734 5027/7661/3734
f 5000/7662/3795 4998/7656/3795 5026/7659/3795 5028/7663/3795
f 5001/7664/3736 4999/7660/3736 5027/7661/3736 5022/7653/3736
f 5002/7665/3796 5000/7662/3796 5028/7663/3796 5029/7666/3796
f 5003/7667/3738 5001/7664/3738 5022/7653/3738 5021/7652/3738
f 5004/7668/3797 5002/7665/3797 5029/7666/3797 5030/7669/3797
f 5006/7670/3798 5005/7671/3798 5031/7672/3798 5032/7673/3798
f 5007/7674/3799 5003/7667/3799 5021/7652/3799 5033/7675/3799
f 5008/7676/3800 5004/7677/3800 5030/7678/3800 5034/7679/3800
f 5009/7680/3669 5006/7670/3669 5032/7673/3669 5035/7681/3669
f 5010/7682/3801 5007/7674/3801 5033/7675/3801 5036/7683/3801
f 5011/7684/3802 5008/7676/3802 5034/7679/3802 5037/7685/3802
f 5012/7686/3746 5009/7680/3746 5035/7681/3746 5038/7687/3746
f 5013/7688/3697 5010/7682/3697 5036/7683/3697 5039/7689/3697
f 5014/7690/3748 5011/7684/3748 5037/7685/3748 5040/7691/3748
f 5015/7692/3749 5012/7686/3749 5038/7687/3749 5041/7693/3749
f 5016/7694/3803 5013/7695/3803 5039/7696/3803 5042/7697/3803
f 5017/7698/3804 5014/7690/3804 5040/7691/3804 5043/7699/3804
f 5018/7700/3805 5015/7692/3805 5041/7693/3805 5044/7701/3805
f 5005/7671/3806 5016/7694/3806 5042/7697/3806 5031/7672/3806
f 5019/7702/3807 5017/7698/3807 5043/7699/3807 5045/7703/3807
f 5020/7704/3808 5018/7700/3808 5044/7701/3808 5046/7705/3808
f 4959/7706/3809 5019/7702/3809 5045/7703/3809 5047/7707/3809
f 4993/7708/3674 5020/7709/3674 5046/7710/3674 5048/7711/3674
f 4960/7712/3810 4959/7706/3810 5047/7707/3810 5049/7713/3810
f 4994/7714/3811 4993/7708/3811 5048/7711/3811 5050/7715/3811
f 4995/7716/3689 4960/7712/3689 5049/7713/3689 5051/7717/3689
f 4996/7718/3812 4994/7714/3812 5050/7715/3812 5052/7719/3812
f 4990/7589/3813 4995/7720/3813 5051/7721/3813 4991/7590/3813
f 4997/7657/3814 4996/7718/3814 5052/7719/3814 5025/7658/3814
f 5053/7722/3815 5054/7723/3815 5055/7724/3815 5056/7725/3815
f 5030/7726/3816 5029/7727/3816 5057/7728/3816 5058/7729/3816
f 5032/7730/3817 5031/7731/3817 5059/7732/3817 5060/7733/3817
f 5033/7675/3818 5021/7652/3818 5024/7655/3818 5061/7734/3818
f 5034/7735/3819 5030/7726/3819 5058/7729/3819 5062/7736/3819
f 5035/7737/3820 5032/7730/3820 5060/7733/3820 5063/7738/3820
f 5036/7739/3821 5033/7740/3821 5061/7741/3821 5064/7742/3821
f 5037/7743/3822 5034/7735/3822 5062/7736/3822 5065/7744/3822
f 5038/7745/3823 5035/7737/3823 5063/7738/3823 5066/7746/3823
f 5039/7747/3824 5036/7739/3824 5064/7742/3824 5067/7748/3824
f 5040/7749/3825 5037/7743/3825 5065/7744/3825 5068/7750/3825
f 5041/7751/3826 5038/7745/3826 5066/7746/3826 5069/7752/3826
f 5042/7753/3827 5039/7747/3827 5067/7748/3827 5070/7754/3827
f 5043/7755/3828 5040/7749/3828 5068/7750/3828 5071/7756/3828
f 5044/7757/3829 5041/7758/3829 5069/7759/3829 5072/7760/3829
f 5031/7731/3830 5042/7753/3830 5070/7754/3830 5059/7732/3830
f 5045/7761/3831 5043/7755/3831 5071/7756/3831 5073/7762/3831
f 5046/7710/3832 5044/7757/3832 5072/7760/3832 5074/7763/3832
f 5047/7764/3833 5045/7761/3833 5073/7762/3833 5075/7765/3833
f 5048/7766/3834 5046/7767/3834 5074/7768/3834 5076/7769/3834
f 5049/7770/3835 5047/7771/3835 5075/7772/3835 5077/7773/3835
f 5050/7774/3836 5048/7766/3836 5076/7769/3836 5078/7775/3836
f 5051/7721/3837 5049/7770/3837 5077/7773/3837 5079/7776/3837
f 5052/7777/3838 5050/7774/3838 5078/7775/3838 5054/7778/3838
f 4991/7779/3839 5051/7780/3839 5079/7781/3839 5080/7782/3839
f 5025/7658/3840 5052/7719/3840 5054/7723/3840 5053/7722/3840
f 4992/7783/3841 4991/7779/3841 5080/7782/3841 5081/7784/3841
f 5026/7659/3842 5025/7658/3842 5053/7722/3842 5082/7785/3842
f 5027/7786/3843 4992/7783/3843 5081/7784/3843 5083/7787/3843
f 5028/7663/3844 5026/7659/3844 5082/7785/3844 5084/7788/3844
f 5022/7789/3845 5027/7786/3845 5083/7787/3845 5023/7790/3845
f 5029/7727/3846 5028/7791/3846 5084/7792/3846 5057/7728/3846
f 5085/7793/3847 5086/7794/3847 5087/7795/3847 5088/7796/3847
f 5081/7797/3848 5080/7798/3848 5089/7799/3848 5090/7800/3848
f 5082/7785/3849 5053/7722/3849 5056/7725/3849 5091/7801/3849
f 5083/7802/3850 5081/7797/3850 5090/7800/3850 5092/7803/3850
f 5084/7788/3851 5082/7785/3851 5091/7801/3851 5086/7794/3851
f 5023/7654/3852 5083/7802/3852 5092/7803/3852 5093/7804/3852
f 5057/7805/3853 5084/7788/3853 5086/7794/3853 5085/7793/3853
f 5024/7655/3854 5023/7654/3854 5093/7804/3854 5094/7806/3854
f 5058/7807/3855 5057/7805/3855 5085/7793/3855 5095/7808/3855
f 5060/7809/3856 5059/7810/3856 5096/7811/3856 5097/7812/3856
f 5061/7734/3857 5024/7655/3857 5094/7806/3857 5098/7813/3857
f 5062/7814/3858 5058/7807/3858 5095/7808/3858 5099/7815/3858
f 5063/7816/3859 5060/7809/3859 5097/7812/3859 5100/7817/3859
f 5064/7818/3860 5061/7734/3860 5098/7813/3860 5101/7819/3860
f 5065/7820/3861 5062/7821/3861 5099/7822/3861 5102/7823/3861
f 5066/7824/3862 5063/7816/3862 5100/7817/3862 5103/7825/3862
f 5067/7826/3863 5064/7818/3863 5101/7819/3863 5104/7827/3863
f 5068/7828/3864 5065/7820/3864 5102/7823/3864 5105/7829/3864
f 5069/7759/3865 5066/7830/3865 5103/7831/3865 5106/7832/3865
f 5070/7833/3866 5067/7826/3866 5104/7827/3866 5107/7834/3866
f 5071/7835/3867 5068/7828/3867 5105/7829/3867 5108/7836/3867
f 5072/7760/3868 5069/7759/3868 5106/7832/3868 5109/7837/3868
f 5059/7810/3869 5070/7838/3869 5107/7839/3869 5096/7811/3869
f 5073/7840/3870 5071/7841/3870 5108/7842/3870 5110/7843/3870
f 5074/7763/3871 5072/7760/3871 5109/7837/3871 5111/7844/3871
f 5075/7772/3872 5073/7840/3872 5110/7843/3872 5112/7845/3872
f 5076/7846/3873 5074/7763/3873 5111/7844/3873 5113/7847/3873
f 5077/7773/3874 5075/7772/3874 5112/7845/3874 5114/7848/3874
f 5078/7849/3875 5076/7846/3875 5113/7847/3875 5115/7850/3875
f 5079/7776/3876 5077/7773/3876 5114/7848/3876 5116/7851/3876
f 5054/7723/3877 5078/7849/3877 5115/7850/3877 5055/7724/3877
f 5080/7798/3878 5079/7776/3878 5116/7851/3878 5089/7799/3878
f 5117/7852/3879 5118/7853/3879 5119/7854/3879 5120/7855/3879
f 5094/7806/3880 5093/7804/3880 5121/7856/3880 5122/7857/3880
f 5095/7808/3881 5085/7793/3881 5088/7796/3881 5123/7858/3881
f 5097/7812/3882 5096/7811/3882 5124/7859/3882 5125/7860/3882
f 5098/7813/3883 5094/7806/3883 5122/7857/3883 5126/7861/3883
f 5099/7815/3884 5095/7808/3884 5123/7858/3884 5118/7862/3884
f 5100/7817/3885 5097/7812/3885 5125/7860/3885 5127/7863/3885
f 5101/7819/3886 5098/7813/3886 5126/7861/3886 5128/7864/3886
f 5102/7823/3887 5099/7822/3887 5118/7865/3887 5117/7866/3887
f 5103/7831/3888 5100/7867/3888 5127/7868/3888 5129/7869/3888
f 5104/7827/3889 5101/7819/3889 5128/7864/3889 5130/7870/3889
f 5105/7829/3890 5102/7823/3890 5117/7866/3890 5131/7871/3890
f 5106/7832/3891 5103/7831/3891 5129/7869/3891 5132/7872/3891
f 5107/7834/3892 5104/7827/3892 5130/7870/3892 5133/7873/3892
f 5108/7836/3893 5105/7829/3893 5131/7871/3893 5134/7874/3893
f 5109/7837/3894 5106/7832/3894 5132/7872/3894 5135/7875/3894
f 5096/7811/3895 5107/7839/3895 5133/7876/3895 5124/7859/3895
f 5110/7843/3896 5108/7842/3896 5134/7877/3896 5136/7878/3896
f 5111/7844/3897 5109/7837/3897 5135/7875/3897 5137/7879/3897
f 5112/7845/3898 5110/7843/3898 5136/7878/3898 5138/7880/3898
f 5113/7847/3899 5111/7844/3899 5137/7879/3899 5139/7881/3899
f 5114/7848/3900 5112/7845/3900 5138/7880/3900 5140/7882/3900
f 5115/7850/3901 5113/7847/3901 5139/7881/3901 5141/7883/3901
f 5116/7851/3902 5114/7848/3902 5140/7882/3902 5142/7884/3902
f 5055/7724/3903 5115/7850/3903 5141/7883/3903 5143/7885/3903
f 5089/7799/3904 5116/7851/3904 5142/7884/3904 5144/7886/3904
f 5056/7725/3905 5055/7724/3905 5143/7885/3905 5145/7887/3905
f 5090/7800/3906 5089/7799/3906 5144/7886/3906 5146/7888/3906
f 5091/7801/3907 5056/7725/3907 5145/7887/3907 5147/7889/3907
f 5092/7803/3908 5090/7800/3908 5146/7888/3908 5148/7890/3908
f 5086/7794/3909 5091/7801/3909 5147/7889/3909 5087/7795/3909
f 5093/7804/3910 5092/7803/3910 5148/7890/3910 5121/7856/3910
f 5149/7891/3911 5150/7892/3911 5151/7893/3911 5152/7894/3911
f 5129/7869/3912 5127/7868/3912 5153/7895/3912 5154/7896/3912
f 5130/7870/3913 5128/7864/3913 5155/7897/3913 5156/7898/3913
f 5131/7899/3914 5117/7852/3914 5120/7855/3914 5157/7900/3914
f 5132/7872/3915 5129/7869/3915 5154/7896/3915 5158/7901/3915
f 5133/7902/3916 5130/7903/3916 5156/7904/3916 5159/7905/3916
f 5134/7906/3917 5131/7899/3917 5157/7900/3917 5150/7892/3917
f 5135/7875/3918 5132/7872/3918 5158/7901/3918 5160/7907/3918
f 5124/7908/3919 5133/7902/3919 5159/7905/3919 5161/7909/3919
f 5136/7878/3920 5134/7877/3920 5150/7910/3920 5149/7911/3920
f 5137/7879/3921 5135/7875/3921 5160/7907/3921 5162/7912/3921
f 5138/7880/3922 5136/7878/3922 5149/7911/3922 5163/7913/3922
f 5139/7881/3923 5137/7879/3923 5162/7912/3923 5164/7914/3923
f 5140/7882/3924 5138/7880/3924 5163/7913/3924 5165/7915/3924
f 5141/7883/3925 5139/7881/3925 5164/7914/3925 5166/7916/3925
f 5142/7884/3926 5140/7882/3926 5165/7915/3926 5167/7917/3926
f 5143/7885/3927 5141/7883/3927 5166/7916/3927 5168/7918/3927
f 5144/7886/3928 5142/7884/3928 5167/7917/3928 5169/7919/3928
f 5145/7887/3929 5143/7885/3929 5168/7918/3929 5170/7920/3929
f 5146/7888/3930 5144/7886/3930 5169/7919/3930 5171/7921/3930
f 5147/7889/3931 5145/7887/3931 5170/7920/3931 5172/7922/3931
f 5148/7890/3932 5146/7888/3932 5171/7921/3932 5173/7923/3932
f 5087/7795/3933 5147/7889/3933 5172/7922/3933 5174/7924/3933
f 5121/7856/3934 5148/7890/3934 5173/7923/3934 5175/7925/3934
f 5088/7796/3935 5087/7795/3935 5174/7924/3935 5176/7926/3935
f 5122/7857/3936 5121/7856/3936 5175/7925/3936 5177/7927/3936
f 5123/7858/3937 5088/7796/3937 5176/7926/3937 5178/7928/3937
f 5125/7929/3938 5124/7908/3938 5161/7909/3938 5179/7930/3938
f 5126/7861/3939 5122/7857/3939 5177/7927/3939 5180/7931/3939
f 5118/7862/3940 5123/7858/3940 5178/7928/3940 5119/7932/3940
f 5127/7933/3941 5125/7929/3941 5179/7930/3941 5153/7934/3941
f 5128/7864/3942 5126/7861/3942 5180/7931/3942 5155/7897/3942
f 5181/7935/3943 5182/7936/3943 5183/7937/3943 5184/7938/3943
f 5162/7912/3944 5160/7907/3944 5185/7939/3944 5186/7940/3944
f 5163/7913/3945 5149/7911/3945 5152/7941/3945 5187/7942/3945
f 5164/7914/3946 5162/7912/3946 5186/7940/3946 5188/7943/3946
f 5165/7915/3947 5163/7913/3947 5187/7942/3947 5182/7944/3947
f 5166/7916/3948 5164/7914/3948 5188/7943/3948 5189/7945/3948
f 5167/7917/3949 5165/7915/3949 5182/7944/3949 5181/7946/3949
f 5168/7918/3950 5166/7916/3950 5189/7945/3950 5190/7947/3950
f 5169/7919/3951 5167/7917/3951 5181/7946/3951 5191/7948/3951
f 5170/7920/3952 5168/7918/3952 5190/7947/3952 5192/7949/3952
f 5171/7921/3953 5169/7919/3953 5191/7948/3953 5193/7950/3953
f 5172/7922/3954 5170/7920/3954 5192/7949/3954 5194/7951/3954
f 5173/7923/3955 5171/7921/3955 5193/7950/3955 5195/7952/3955
f 5174/7924/3956 5172/7922/3956 5194/7951/3956 5196/7953/3956
f 5175/7925/3957 5173/7923/3957 5195/7952/3957 5197/7954/3957
f 5176/7926/3958 5174/7924/3958 5196/7953/3958 5198/7955/3958
f 5177/7927/3959 5175/7925/3959 5197/7954/3959 5199/7956/3959
f 5178/7928/3960 5176/7926/3960 5198/7955/3960 5200/7957/3960
f 5179/7930/3961 5161/7909/3961 5201/7958/3961 5202/7959/3961
f 5180/7931/3962 5177/7927/3962 5199/7956/3962 5203/7960/3962
f 5119/7932/3963 5178/7928/3963 5200/7957/3963 5204/7961/3963
f 5153/7934/3964 5179/7930/3964 5202/7959/3964 5205/7962/3964
f 5155/7897/3965 5180/7931/3965 5203/7960/3965 5206/7963/3965
f 5120/7855/3966 5119/7854/3966 5204/7964/3966 5207/7965/3966
f 5154/7896/3967 5153/7895/3967 5205/7966/3967 5208/7967/3967
f 5156/7898/3968 5155/7897/3968 5206/7963/3968 5209/7968/3968
f 5157/7900/3969 5120/7855/3969 5207/7965/3969 5210/7969/3969
f 5158/7901/3970 5154/7896/3970 5208/7967/3970 5211/7970/3970
f 5159/7905/3971 5156/7904/3971 5209/7971/3971 5212/7972/3971
f 5150/7892/3972 5157/7900/3972 5210/7969/3972 5151/7893/3972
f 5160/7907/3973 5158/7901/3973 5211/7970/3973 5185/7939/3973
f 5161/7909/3974 5159/7905/3974 5212/7972/3974 5201/7958/3974
f 5213/7973/3975 5214/7974/3975 5215/7975/3975 5216/7976/3975
f 5190/7947/3976 5189/7945/3976 5217/7977/3976 5218/7978/3976
f 5191/7979/3977 5181/7935/3977 5184/7938/3977 5219/7980/3977
f 5192/7949/3978 5190/7947/3978 5218/7978/3978 5220/7981/3978
f 5193/7982/3979 5191/7979/3979 5219/7980/3979 5214/7983/3979
f 5194/7984/3980 5192/7985/3980 5220/7986/3980 5221/7987/3980
f 5195/7988/3981 5193/7982/3981 5214/7983/3981 5213/7989/3981
f 5196/7990/3982 5194/7984/3982 5221/7987/3982 5222/7991/3982
f 5197/7992/3983 5195/7988/3983 5213/7989/3983 5223/7993/3983
f 5198/7994/3984 5196/7990/3984 5222/7991/3984 5224/7995/3984
f 5199/7996/3985 5197/7992/3985 5223/7993/3985 5225/7997/3985
f 5200/7998/3986 5198/7994/3986 5224/7995/3986 5226/7999/3986
f 5202/7959/3987 5201/7958/3987 5227/8000/3987 5228/8001/3987
f 5203/8002/3988 5199/7996/3988 5225/7997/3988 5229/8003/3988
f 5204/7964/3989 5200/7998/3989 5226/7999/3989 5230/8004/3989
f 5205/7962/3990 5202/7959/3990 5228/8001/3990 5231/8005/3990
f 5206/8006/3991 5203/8002/3991 5229/8003/3991 5232/8007/3991
f 5207/7965/3992 5204/7964/3992 5230/8004/3992 5233/8008/3992
f 5208/8009/3993 5205/7962/3993 5231/8005/3993 5234/8010/3993
f 5209/7971/3994 5206/8006/3994 5232/8007/3994 5235/8011/3994
f 5210/7969/3995 5207/7965/3995 5233/8008/3995 5236/8012/3995
f 5211/8013/3996 5208/8009/3996 5234/8010/3996 5237/8014/3996
f 5212/7972/3997 5209/7971/3997 5235/8011/3997 5238/8015/3997
f 5151/7893/3998 5210/7969/3998 5236/8012/3998 5239/8016/3998
f 5185/8017/3999 5211/8013/3999 5237/8014/3999 5240/8018/3999
f 5201/7958/4000 5212/7972/4000 5238/8015/4000 5227/8000/4000
f 5152/7894/4001 5151/7893/4001 5239/8016/4001 5241/8019/4001
f 5186/8020/4002 5185/8017/4002 5240/8018/4002 5242/8021/4002
f 5187/8022/4003 5152/7894/4003 5241/8019/4003 5243/8023/4003
f 5188/8024/4004 5186/8020/4004 5242/8021/4004 5244/8025/4004
f 5182/7936/4005 5187/8022/4005 5243/8023/4005 5183/7937/4005
f 5189/7945/4006 5188/7943/4006 5244/8026/4006 5217/7977/4006
f 5245/8027/2963 5246/8028/2963 5247/8029/2963 5248/8030/2963 5249/8031/2963 5250/8032/2963 5251/8033/2963 5252/8034/2963 5216/8035/2963 5215/8036/2963 5253/8037/2963 5254/8038/2963 5255/8039/2963 5256/8040/2963 5257/8041/2963 5258/8042/2963 5259/8043/2963 5260/8044/2963 5261/8045/2963 5262/8046/2963 5263/8047/2963 5264/8048/2963 5265/8049/2963 5266/8050/2963 5267/8051/2963 5268/8052/2963 5269/8053/2963 5270/8054/2963 5271/8055/2963 5272/8056/2963 5273/8057/2963 5274/8058/2963
f 5222/8059/4007 5221/8060/4007 5265/8061/4007 5264/8062/4007
f 5223/8063/4008 5213/7973/4008 5216/7976/4008 5252/8064/4008
f 5224/8065/4009 5222/8059/4009 5264/8062/4009 5263/8066/4009
f 5225/8067/4010 5223/8063/4010 5252/8064/4010 5251/8068/4010
f 5226/8069/4011 5224/8065/4011 5263/8066/4011 5262/8070/4011
f 5228/8071/4012 5227/8072/4012 5246/8073/4012 5245/8074/4012
f 5229/8075/4013 5225/8067/4013 5251/8068/4013 5250/8076/4013
f 5230/8077/4014 5226/8069/4014 5262/8070/4014 5261/8078/4014
f 5231/8079/4015 5228/8071/4015 5245/8074/4015 5274/8080/4015
f 5232/8081/4016 5229/8075/4016 5250/8076/4016 5249/8082/4016
f 5233/8083/4017 5230/8084/4017 5261/8085/4017 5260/8086/4017
f 5234/8087/4018 5231/8088/4018 5274/8089/4018 5273/8090/4018
f 5235/8091/4019 5232/8081/4019 5249/8082/4019 5248/8092/4019
f 5236/8093/4020 5233/8083/4020 5260/8086/4020 5259/8094/4020
f 5237/8095/4021 5234/8087/4021 5273/8090/4021 5272/8096/4021
f 5238/8097/4022 5235/8091/4022 5248/8092/4022 5247/8098/4022
f 5239/8099/4023 5236/8093/4023 5259/8094/4023 5258/8100/4023
f 5240/8101/4024 5237/8095/4024 5272/8096/4024 5271/8102/4024
f 5227/8072/4025 5238/8103/4025 5247/8104/4025 5246/8073/4025
f 5241/8105/4026 5239/8106/4026 5258/8107/4026 5257/8108/4026
f 5242/8109/4027 5240/8101/4027 5271/8102/4027 5270/8110/4027
f 5243/8111/4028 5241/8105/4028 5257/8108/4028 5256/8112/4028
f 5244/8026/4029 5242/8109/4029 5270/8110/4029 5269/8113/4029
f 5183/8114/4030 5243/8111/4030 5256/8112/4030 5255/8115/4030
f 5217/7977/4031 5244/8026/4031 5269/8113/4031 5268/8116/4031
f 5184/8117/4032 5183/8114/4032 5255/8115/4032 5254/8118/4032
f 5218/7978/4033 5217/7977/4033 5268/8116/4033 5267/8119/4033
f 5219/8120/4034 5184/8117/4034 5254/8118/4034 5253/8121/4034
f 5220/7981/4035 5218/7978/4035 5267/8119/4035 5266/8122/4035
f 5214/7974/4036 5219/8120/4036 5253/8121/4036 5215/7975/4036
f 5221/8060/4037 5220/7981/4037 5266/8122/4037 5265/8061/4037
f 5275/8123/4038 5276/8124/4038 5277/8125/4038 5278/8126/4038
f 5278/8126/4039 5277/8125/4039 5279/8127/4039 5280/8128/4039
f 5280/8128/4040 5279/8127/4040 5281/8129/4040 5282/8130/4040
f 5282/8131/4041 5281/8132/4041 5283/8133/4041 5284/8134/4041
f 5284/8134/4042 5283/8133/4042 5285/8135/4042 5286/8136/4042
f 5286/8136/4043 5285/8135/4043 5287/8137/4043 5288/8138/4043
f 5288/8138/4044 5287/8137/4044 5289/8139/4044 5290/8140/4044
f 5290/8140/4045 5289/8139/4045 5291/8141/4045 5292/8142/4045
f 5292/8142/4046 5291/8141/4046 5293/8143/4046 5294/8144/4046
f 5294/8144/4047 5293/8143/4047 5295/8145/4047 5296/8146/4047
f 5296/8146/4048 5295/8145/4048 5297/8147/4048 5298/8148/4048
f 5298/8149/4049 5297/8150/4049 5299/8151/4049 5300/8152/4049
f 5300/8152/4050 5299/8151/4050 5301/8153/4050 5302/8154/4050
f 5302/8154/4051 5301/8153/4051 5303/8155/4051 5304/8156/4051
f 5304/8156/4052 5303/8155/4052 5305/8157/4052 5306/8158/4052
f 5306/8158/4053 5305/8157/4053 5307/8159/4053 5308/8160/4053
f 5308/8160/4054 5307/8159/4054 5309/8161/4054 5310/8162/4054
f 5310/8162/4055 5309/8161/4055 5311/8163/4055 5312/8164/4055
f 5312/8164/4056 5311/8163/4056 5313/8165/4056 5314/8166/4056
f 5314/8167/4057 5313/8168/4057 5315/8169/4057 5316/8170/4057
f 5316/8170/4058 5315/8169/4058 5317/8171/4058 5318/8172/4058
f 5318/8172/4059 5317/8171/4059 5319/8173/4059 5320/8174/4059
f 5320/8174/4060 5319/8173/4060 5321/8175/4060 5322/8176/4060
f 5322/8176/4061 5321/8175/4061 5323/8177/4061 5324/8178/4061
f 5324/8178/4062 5323/8177/4062 5325/8179/4062 5326/8180/4062
f 5326/8180/4063 5325/8179/4063 5327/8181/4063 5328/8182/4063
f 5328/8182/4064 5327/8181/4064 5329/8183/4064 5330/8184/4064
f 5330/8185/4065 5329/8186/4065 5331/8187/4065 5332/8188/4065
f 5332/8188/4066 5331/8187/4066 5333/8189/4066 5334/8190/4066
f 5334/8190/4067 5333/8189/4067 5335/8191/4067 5336/8192/4067
f 5293/8143/4068 5291/8141/4068 5337/8193/4068 5338/8194/4068
f 5336/8192/4069 5335/8191/4069 5339/8195/4069 5340/8196/4069
f 5340/8196/4070 5339/8195/4070 5276/8124/4070 5275/8123/4070
f 5275/8197/2963 5278/8198/2963 5280/8199/2963 5282/8200/2963 5284/8201/2963 5286/8202/2963 5288/8203/2963 5290/8204/2963 5292/8205/2963 5294/8206/2963 5296/8207/2963 5298/8208/2963 5300/8209/2963 5302/8210/2963 5304/8211/2963 5306/8212/2963 5308/8213/2963 5310/8214/2963 5312/8215/2963 5314/8216/2963 5316/8217/2963 5318/8218/2963 5320/8219/2963 5322/8220/2963 5324/8221/2963 5326/8222/2963 5328/8223/2963 5330/8224/2963 5332/8225/2963 5334/8226/2963 5336/8227/2963 5340/8228/2963
f 5341/8229/4048 5342/8230/4048 5343/8231/4048 5344/8232/4048
f 5311/8163/4071 5309/8161/4071 5345/8233/4071 5346/8234/4071
f 5329/8183/4072 5327/8181/4072 5347/8235/4072 5348/8236/4072
f 5285/8135/4073 5283/8133/4073 5349/8237/4073 5350/8238/4073
f 5303/8155/4074 5301/8153/4074 5351/8239/4074 5352/8240/4074
f 5321/8175/4075 5319/8173/4075 5353/8241/4075 5354/8242/4075
f 5277/8125/4076 5276/8124/4076 5355/8243/4076 5356/8244/4076
f 5276/8124/4077 5339/8195/4077 5357/8245/4077 5355/8243/4077
f 5295/8145/4078 5293/8143/4078 5338/8194/4078 5342/8230/4078
f 5313/8165/4079 5311/8163/4079 5346/8234/4079 5358/8246/4079
f 5331/8187/4080 5329/8186/4080 5348/8247/4080 5359/8248/4080
f 5287/8137/4081 5285/8135/4081 5350/8238/4081 5360/8249/4081
f 5305/8157/4082 5303/8155/4082 5352/8240/4082 5361/8250/4082
f 5323/8177/4083 5321/8175/4083 5354/8242/4083 5362/8251/4083
f 5279/8127/4084 5277/8125/4084 5356/8244/4084 5363/8252/4084
f 5297/8147/4085 5295/8145/4085 5342/8230/4085 5341/8229/4085
f 5315/8169/4086 5313/8168/4086 5358/8253/4086 5364/8254/4086
f 5333/8189/4087 5331/8187/4087 5359/8248/4087 5365/8255/4087
f 5289/8139/4088 5287/8137/4088 5360/8249/4088 5366/8256/4088
f 5307/8159/4089 5305/8157/4089 5361/8250/4089 5367/8257/4089
f 5325/8179/4090 5323/8177/4090 5362/8251/4090 5368/8258/4090
f 5281/8129/4091 5279/8127/4091 5363/8252/4091 5369/8259/4091
f 5299/8151/4092 5297/8150/4092 5341/8260/4092 5370/8261/4092
f 5317/8171/4093 5315/8169/4093 5364/8254/4093 5371/8262/4093
f 5335/8191/4094 5333/8189/4094 5365/8255/4094 5372/8263/4094
f 5291/8141/4095 5289/8139/4095 5366/8256/4095 5337/8193/4095
f 5309/8161/4096 5307/8159/4096 5367/8257/4096 5345/8233/4096
f 5327/8181/4097 5325/8179/4097 5368/8258/4097 5347/8235/4097
f 5283/8264/4098 5281/8129/4098 5369/8259/4098 5349/8265/4098
f 5301/8153/4099 5299/8151/4099 5370/8261/4099 5351/8239/4099
f 5319/8173/4100 5317/8171/4100 5371/8262/4100 5353/8241/4100
f 5339/8195/4101 5335/8191/4101 5372/8263/4101 5357/8245/4101
f 5373/8266/4102 5374/8267/4102 5375/8268/4102 5376/8269/4102
f 5368/8258/4103 5362/8251/4103 5377/8270/4103 5378/8271/4103
f 5370/8261/4104 5341/8260/4104 5344/8272/4104 5379/8273/4104
f 5347/8235/4105 5368/8258/4105 5378/8271/4105 5380/8274/4105
f 5351/8239/4106 5370/8261/4106 5379/8273/4106 5381/8275/4106
f 5348/8236/4107 5347/8235/4107 5380/8274/4107 5382/8276/4107
f 5352/8240/4108 5351/8239/4108 5381/8275/4108 5383/8277/4108
f 5356/8244/4109 5355/8243/4109 5384/8278/4109 5385/8279/4109
f 5359/8248/4110 5348/8247/4110 5382/8280/4110 5386/8281/4110
f 5361/8250/4111 5352/8240/4111 5383/8277/4111 5387/8282/4111
f 5363/8252/4112 5356/8244/4112 5385/8279/4112 5388/8283/4112
f 5365/8255/4113 5359/8248/4113 5386/8281/4113 5389/8284/4113
f 5367/8257/4114 5361/8250/4114 5387/8282/4114 5390/8285/4114
f 5369/8259/4040 5363/8252/4040 5388/8283/4040 5391/8286/4040
f 5372/8263/4067 5365/8255/4067 5389/8284/4067 5392/8287/4067
f 5345/8233/4115 5367/8257/4115 5390/8285/4115 5393/8288/4115
f 5349/8237/4041 5369/8289/4041 5391/8290/4041 5394/8291/4041
f 5357/8245/4069 5372/8263/4069 5392/8287/4069 5395/8292/4069
f 5346/8234/4116 5345/8233/4116 5393/8288/4116 5396/8293/4116
f 5350/8238/4117 5349/8237/4117 5394/8291/4117 5397/8294/4117
f 5355/8243/4118 5357/8245/4118 5395/8292/4118 5384/8278/4118
f 5358/8246/4119 5346/8234/4119 5396/8293/4119 5398/8295/4119
f 5360/8249/4120 5350/8238/4120 5397/8294/4120 5399/8296/4120
f 5364/8254/4121 5358/8253/4121 5398/8297/4121 5374/8298/4121
f 5366/8256/4044 5360/8249/4044 5399/8296/4044 5400/8299/4044
f 5371/8262/4122 5364/8254/4122 5374/8298/4122 5373/8300/4122
f 5337/8193/4123 5366/8256/4123 5400/8299/4123 5401/8301/4123
f 5353/8241/4124 5371/8262/4124 5373/8300/4124 5402/8302/4124
f 5338/8194/4125 5337/8193/4125 5401/8301/4125 5403/8303/4125
f 5354/8242/4126 5353/8241/4126 5402/8302/4126 5404/8304/4126
f 5342/8230/4127 5338/8194/4127 5403/8303/4127 5343/8231/4127
f 5362/8251/4128 5354/8242/4128 5404/8304/4128 5377/8270/4128
f 5405/8305/4129 5406/8306/4129 5407/8307/4129 5408/8308/4129
f 5401/8301/4130 5400/8299/4130 5409/8309/4130 5410/8310/4130
f 5402/8311/4131 5373/8266/4131 5376/8269/4131 5411/8312/4131
f 5403/8303/4132 5401/8301/4132 5410/8310/4132 5412/8313/4132
f 5404/8314/4133 5402/8311/4133 5411/8312/4133 5406/8315/4133
f 5343/8231/4134 5403/8303/4134 5412/8313/4134 5413/8316/4134
f 5377/8317/4135 5404/8314/4135 5406/8315/4135 5405/8318/4135
f 5344/8232/4136 5343/8231/4136 5413/8316/4136 5414/8319/4136
f 5378/8320/4137 5377/8317/4137 5405/8318/4137 5415/8321/4137
f 5379/8322/4138 5344/8323/4138 5414/8324/4138 5416/8325/4138
f 5380/8326/4139 5378/8320/4139 5415/8321/4139 5417/8327/4139
f 5381/8328/4140 5379/8322/4140 5416/8325/4140 5418/8329/4140
f 5382/8330/4141 5380/8326/4141 5417/8327/4141 5419/8331/4141
f 5383/8332/4142 5381/8328/4142 5418/8329/4142 5420/8333/4142
f 5385/8334/4143 5384/8335/4143 5421/8336/4143 5422/8337/4143
f 5386/8338/4144 5382/8330/4144 5419/8331/4144 5423/8339/4144
f 5387/8340/4145 5383/8332/4145 5420/8333/4145 5424/8341/4145
f 5388/8342/4146 5385/8334/4146 5422/8337/4146 5425/8343/4146
f 5389/8344/4147 5386/8338/4147 5423/8339/4147 5426/8345/4147
f 5390/8346/4148 5387/8340/4148 5424/8341/4148 5427/8347/4148
f 5391/8348/4149 5388/8342/4149 5425/8343/4149 5428/8349/4149
f 5392/8350/4150 5389/8344/4150 5426/8345/4150 5429/8351/4150
f 5393/8352/4151 5390/8346/4151 5427/8347/4151 5430/8353/4151
f 5394/8354/4152 5391/8348/4152 5428/8349/4152 5431/8355/4152
f 5395/8356/4153 5392/8350/4153 5429/8351/4153 5432/8357/4153
f 5396/8358/4154 5393/8352/4154 5430/8353/4154 5433/8359/4154
f 5397/8360/4155 5394/8354/4155 5431/8355/4155 5434/8361/4155
f 5384/8335/4156 5395/8356/4156 5432/8357/4156 5421/8336/4156
f 5398/8362/4157 5396/8358/4157 5433/8359/4157 5435/8363/4157
f 5399/8296/4158 5397/8294/4158 5434/8364/4158 5436/8365/4158
f 5374/8267/4159 5398/8362/4159 5435/8363/4159 5375/8268/4159
f 5400/8299/4160 5399/8296/4160 5436/8365/4160 5409/8309/4160
f 5437/8366/4161 5438/8367/4161 5439/8368/4161 5440/8369/4161
f 5414/8319/4048 5413/8316/4048 5441/8370/4048 5442/8371/4048
f 5415/8372/4162 5405/8305/4162 5408/8308/4162 5443/8373/4162
f 5416/8374/4104 5414/8375/4104 5442/8376/4104 5444/8377/4104
f 5417/8378/4163 5415/8372/4163 5443/8373/4163 5438/8367/4163
f 5418/8379/4164 5416/8374/4164 5444/8377/4164 5445/8380/4164
f 5419/8381/4107 5417/8378/4107 5438/8367/4107 5437/8366/4107
f 5420/8382/4165 5418/8379/4165 5445/8380/4165 5446/8383/4165
f 5422/8384/4166 5421/8385/4166 5447/8386/4166 5448/8387/4166
f 5423/8388/4167 5419/8389/4167 5437/8390/4167 5449/8391/4167
f 5424/8392/4168 5420/8382/4168 5446/8383/4168 5450/8393/4168
f 5425/8394/4169 5422/8384/4169 5448/8387/4169 5451/8395/4169
f 5426/8396/4170 5423/8388/4170 5449/8391/4170 5452/8397/4170
f 5427/8398/4171 5424/8392/4171 5450/8393/4171 5453/8399/4171
f 5428/8400/4172 5425/8394/4172 5451/8395/4172 5454/8401/4172
f 5429/8402/4067 5426/8396/4067 5452/8397/4067 5455/8403/4067
f 5430/8404/4173 5427/8398/4173 5453/8399/4173 5456/8405/4173
f 5431/8406/4174 5428/8407/4174 5454/8408/4174 5457/8409/4174
f 5432/8410/4175 5429/8402/4175 5455/8403/4175 5458/8411/4175
f 5433/8412/4176 5430/8404/4176 5456/8405/4176 5459/8413/4176
f 5434/8364/4177 5431/8406/4177 5457/8409/4177 5460/8414/4177
f 5421/8385/4178 5432/8410/4178 5458/8411/4178 5447/8386/4178
f 5435/8415/4179 5433/8412/4179 5459/8413/4179 5461/8416/4179
f 5436/8365/4043 5434/8364/4043 5460/8414/4043 5462/8417/4043
f 5375/8418/4121 5435/8419/4121 5461/8420/4121 5463/8421/4121
f 5409/8309/4180 5436/8365/4180 5462/8417/4180 5464/8422/4180
f 5376/8423/4058 5375/8418/4058 5463/8421/4058 5465/8424/4058
f 5410/8310/4181 5409/8309/4181 5464/8422/4181 5466/8425/4181
f 5411/8426/4182 5376/8423/4182 5465/8424/4182 5467/8427/4182
f 5412/8313/4046 5410/8310/4046 5466/8425/4046 5468/8428/4046
f 5406/8306/4183 5411/8426/4183 5467/8427/4183 5407/8307/4183
f 5413/8316/4047 5412/8313/4047 5468/8428/4047 5441/8370/4047
f 5469/8429/4184 5470/8430/4184 5471/8431/4184 5472/8432/4184
f 5446/8433/4185 5445/8434/4185 5473/8435/4185 5474/8436/4185
f 5448/8437/4186 5447/8438/4186 5475/8439/4186 5476/8440/4186
f 5449/8441/4187 5437/8366/4187 5440/8369/4187 5477/8442/4187
f 5450/8443/4188 5446/8433/4188 5474/8436/4188 5478/8444/4188
f 5451/8445/4189 5448/8437/4189 5476/8440/4189 5479/8446/4189
f 5452/8447/4190 5449/8448/4190 5477/8449/4190 5480/8450/4190
f 5453/8451/4191 5450/8443/4191 5478/8444/4191 5481/8452/4191
f 5454/8453/4192 5451/8445/4192 5479/8446/4192 5482/8454/4192
f 5455/8455/4193 5452/8447/4193 5480/8450/4193 5483/8456/4193
f 5456/8457/4194 5453/8451/4194 5481/8452/4194 5484/8458/4194
f 5457/8459/4195 5454/8453/4195 5482/8454/4195 5485/8460/4195
f 5458/8461/4196 5455/8455/4196 5483/8456/4196 5486/8462/4196
f 5459/8463/4197 5456/8457/4197 5484/8458/4197 5487/8464/4197
f 5460/8414/4198 5457/8409/4198 5485/8465/4198 5488/8466/4198
f 5447/8438/4199 5458/8461/4199 5486/8462/4199 5475/8439/4199
f 5461/8467/4200 5459/8463/4200 5487/8464/4200 5489/8468/4200
f 5462/8417/4201 5460/8414/4201 5488/8466/4201 5490/8469/4201
f 5463/8470/4202 5461/8467/4202 5489/8468/4202 5491/8471/4202
f 5464/8422/4203 5462/8417/4203 5490/8469/4203 5492/8472/4203
f 5465/8424/4204 5463/8421/4204 5491/8473/4204 5493/8474/4204
f 5466/8425/4205 5464/8422/4205 5492/8472/4205 5494/8475/4205
f 5467/8427/4206 5465/8424/4206 5493/8474/4206 5495/8476/4206
f 5468/8428/4207 5466/8425/4207 5494/8475/4207 5470/8430/4207
f 5407/8477/4208 5467/8478/4208 5495/8479/4208 5496/8480/4208
f 5441/8370/4209 5468/8428/4209 5470/8430/4209 5469/8429/4209
f 5408/8481/4210 5407/8477/4210 5496/8480/4210 5497/8482/4210
f 5442/8371/4211 5441/8370/4211 5469/8429/4211 5498/8483/4211
f 5443/8484/4212 5408/8481/4212 5497/8482/4212 5499/8485/4212
f 5444/8486/4213 5442/8371/4213 5498/8483/4213 5500/8487/4213
f 5438/8488/4214 5443/8484/4214 5499/8485/4214 5439/8489/4214
f 5445/8434/4215 5444/8490/4215 5500/8491/4215 5473/8435/4215
f 5501/8492/4216 5502/8493/4216 5503/8494/4216 5504/8495/4216
f 5497/8496/4217 5496/8497/4217 5505/8498/4217 5506/8499/4217
f 5498/8483/4218 5469/8429/4218 5472/8432/4218 5507/8500/4218
f 5499/8501/4219 5497/8496/4219 5506/8499/4219 5508/8502/4219
f 5500/8487/4220 5498/8483/4220 5507/8500/4220 5502/8493/4220
f 5439/8368/4221 5499/8501/4221 5508/8502/4221 5509/8503/4221
f 5473/8504/4222 5500/8487/4222 5502/8493/4222 5501/8492/4222
f 5440/8369/4223 5439/8368/4223 5509/8503/4223 5510/8505/4223
f 5474/8506/4224 5473/8504/4224 5501/8492/4224 5511/8507/4224
f 5476/8508/4225 5475/8509/4225 5512/8510/4225 5513/8511/4225
f 5477/8442/4226 5440/8369/4226 5510/8505/4226 5514/8512/4226
f 5478/8513/4227 5474/8514/4227 5511/8515/4227 5515/8516/4227
f 5479/8517/4228 5476/8518/4228 5513/8519/4228 5516/8520/4228
f 5480/8521/4229 5477/8442/4229 5514/8512/4229 5517/8522/4229
f 5481/8523/4230 5478/8513/4230 5515/8516/4230 5518/8524/4230
f 5482/8525/4231 5479/8517/4231 5516/8520/4231 5519/8526/4231
f 5483/8527/4232 5480/8521/4232 5517/8522/4232 5520/8528/4232
f 5484/8529/4233 5481/8523/4233 5518/8524/4233 5521/8530/4233
f 5485/8465/4234 5482/8525/4234 5519/8526/4234 5522/8531/4234
f 5486/8532/4235 5483/8533/4235 5520/8534/4235 5523/8535/4235
f 5487/8536/4236 5484/8537/4236 5521/8538/4236 5524/8539/4236
f 5488/8466/4237 5485/8465/4237 5522/8531/4237 5525/8540/4237
f 5475/8509/4238 5486/8532/4238 5523/8535/4238 5512/8510/4238
f 5489/8541/4239 5487/8536/4239 5524/8539/4239 5526/8542/4239
f 5490/8469/4240 5488/8466/4240 5525/8540/4240 5527/8543/4240
f 5491/8473/4241 5489/8541/4241 5526/8542/4241 5528/8544/4241
f 5492/8472/4242 5490/8469/4242 5527/8543/4242 5529/8545/4242
f 5493/8474/4243 5491/8473/4243 5528/8544/4243 5530/8546/4243
f 5494/8475/4244 5492/8472/4244 5529/8545/4244 5531/8547/4244
f 5495/8476/4245 5493/8474/4245 5530/8546/4245 5532/8548/4245
f 5470/8430/4246 5494/8475/4246 5531/8547/4246 5471/8431/4246
f 5496/8497/4247 5495/8476/4247 5532/8548/4247 5505/8498/4247
f 5533/8549/4248 5534/8550/4248 5535/8551/4248 5536/8552/4248
f 5510/8505/4249 5509/8503/4249 5537/8553/4249 5538/8554/4249
f 5511/8507/4250 5501/8492/4250 5504/8495/4250 5539/8555/4250
f 5513/8511/4251 5512/8510/4251 5540/8556/4251 5541/8557/4251
f 5514/8512/4252 5510/8505/4252 5538/8554/4252 5542/8558/4252
f 5515/8559/4253 5511/8507/4253 5539/8555/4253 5534/8560/4253
f 5516/8520/4254 5513/8519/4254 5541/8561/4254 5543/8562/4254
f 5517/8522/4255 5514/8512/4255 5542/8558/4255 5544/8563/4255
f 5518/8524/4256 5515/8516/4256 5534/8564/4256 5533/8565/4256
f 5519/8526/4257 5516/8520/4257 5543/8562/4257 5545/8566/4257
f 5520/8528/4258 5517/8522/4258 5544/8563/4258 5546/8567/4258
f 5521/8530/4259 5518/8524/4259 5533/8565/4259 5547/8568/4259
f 5522/8531/4260 5519/8526/4260 5545/8566/4260 5548/8569/4260
f 5523/8535/4261 5520/8534/4261 5546/8570/4261 5549/8571/4261
f 5524/8539/4262 5521/8538/4262 5547/8572/4262 5550/8573/4262
f 5525/8540/4263 5522/8531/4263 5548/8569/4263 5551/8574/4263
f 5512/8510/4264 5523/8535/4264 5549/8571/4264 5540/8556/4264
f 5526/8542/4265 5524/8539/4265 5550/8573/4265 5552/8575/4265
f 5527/8543/4266 5525/8540/4266 5551/8574/4266 5553/8576/4266
f 5528/8544/4267 5526/8542/4267 5552/8575/4267 5554/8577/4267
f 5529/8545/4268 5527/8543/4268 5553/8576/4268 5555/8578/4268
f 5530/8546/4269 5528/8544/4269 5554/8577/4269 5556/8579/4269
f 5531/8547/4270 5529/8545/4270 5555/8578/4270 5557/8580/4270
f 5532/8548/4271 5530/8546/4271 5556/8579/4271 5558/8581/4271
f 5471/8431/4272 5531/8547/4272 5557/8580/4272 5559/8582/4272
f 5505/8498/4273 5532/8548/4273 5558/8581/4273 5560/8583/4273
f 5472/8432/4274 5471/8431/4274 5559/8582/4274 5561/8584/4274
f 5506/8499/4275 5505/8498/4275 5560/8583/4275 5562/8585/4275
f 5507/8500/4276 5472/8432/4276 5561/8584/4276 5563/8586/4276
f 5508/8502/4277 5506/8499/4277 5562/8585/4277 5564/8587/4277
f 5502/8493/4278 5507/8500/4278 5563/8586/4278 5503/8494/4278
f 5509/8503/4279 5508/8502/4279 5564/8587/4279 5537/8553/4279
f 5565/8588/4280 5566/8589/4280 5567/8590/4280 5568/8591/4280
f 5545/8566/4281 5543/8562/4281 5569/8592/4281 5570/8593/4281
f 5546/8567/4282 5544/8563/4282 5571/8594/4282 5572/8595/4282
f 5547/8596/4283 5533/8549/4283 5536/8552/4283 5573/8597/4283
f 5548/8569/4284 5545/8566/4284 5570/8593/4284 5574/8598/4284
f 5549/8599/4285 5546/8600/4285 5572/8601/4285 5575/8602/4285
f 5550/8603/4286 5547/8596/4286 5573/8597/4286 5566/8604/4286
f 5551/8574/4287 5548/8569/4287 5574/8598/4287 5576/8605/4287
f 5540/8606/4288 5549/8599/4288 5575/8602/4288 5577/8607/4288
f 5552/8575/4289 5550/8573/4289 5566/8589/4289 5565/8588/4289
f 5553/8576/4290 5551/8574/4290 5576/8605/4290 5578/8608/4290
f 5554/8577/4291 5552/8575/4291 5565/8588/4291 5579/8609/4291
f 5555/8578/4292 5553/8576/4292 5578/8608/4292 5580/8610/4292
f 5556/8579/4293 5554/8577/4293 5579/8609/4293 5581/8611/4293
f 5557/8580/4294 5555/8578/4294 5580/8610/4294 5582/8612/4294
f 5558/8581/4295 5556/8579/4295 5581/8611/4295 5583/8613/4295
f 5559/8582/4296 5557/8580/4296 5582/8612/4296 5584/8614/4296
f 5560/8583/4297 5558/8581/4297 5583/8613/4297 5585/8615/4297
f 5561/8584/4298 5559/8582/4298 5584/8614/4298 5586/8616/4298
f 5562/8585/4299 5560/8583/4299 5585/8615/4299 5587/8617/4299
f 5563/8586/4300 5561/8584/4300 5586/8616/4300 5588/8618/4300
f 5564/8587/4301 5562/8585/4301 5587/8617/4301 5589/8619/4301
f 5503/8494/4302 5563/8586/4302 5588/8618/4302 5590/8620/4302
f 5537/8553/4303 5564/8587/4303 5589/8619/4303 5591/8621/4303
f 5504/8495/4304 5503/8494/4304 5590/8620/4304 5592/8622/4304
f 5538/8554/4305 5537/8553/4305 5591/8621/4305 5593/8623/4305
f 5539/8555/4306 5504/8495/4306 5592/8622/4306 5594/8624/4306
f 5541/8625/4307 5540/8606/4307 5577/8607/4307 5595/8626/4307
f 5542/8558/4308 5538/8554/4308 5593/8623/4308 5596/8627/4308
f 5534/8560/4309 5539/8555/4309 5594/8624/4309 5535/8628/4309
f 5543/8562/4310 5541/8561/4310 5595/8629/4310 5569/8592/4310
f 5544/8563/4311 5542/8558/4311 5596/8627/4311 5571/8594/4311
f 5597/8630/4312 5598/8631/4312 5599/8632/4312 5600/8633/4312
f 5578/8608/4313 5576/8605/4313 5601/8634/4313 5602/8635/4313
f 5579/8609/4314 5565/8588/4314 5568/8591/4314 5603/8636/4314
f 5580/8610/4315 5578/8608/4315 5602/8635/4315 5604/8637/4315
f 5581/8611/4316 5579/8609/4316 5603/8636/4316 5598/8638/4316
f 5582/8612/4317 5580/8610/4317 5604/8637/4317 5605/8639/4317
f 5583/8613/4318 5581/8611/4318 5598/8638/4318 5597/8640/4318
f 5584/8614/4319 5582/8612/4319 5605/8639/4319 5606/8641/4319
f 5585/8615/4320 5583/8613/4320 5597/8640/4320 5607/8642/4320
f 5586/8616/4321 5584/8614/4321 5606/8641/4321 5608/8643/4321
f 5587/8617/4322 5585/8615/4322 5607/8642/4322 5609/8644/4322
f 5588/8618/4323 5586/8616/4323 5608/8643/4323 5610/8645/4323
f 5589/8619/4324 5587/8617/4324 5609/8644/4324 5611/8646/4324
f 5590/8620/4325 5588/8618/4325 5610/8645/4325 5612/8647/4325
f 5591/8621/4326 5589/8619/4326 5611/8646/4326 5613/8648/4326
f 5592/8622/4327 5590/8620/4327 5612/8647/4327 5614/8649/4327
f 5593/8623/4328 5591/8621/4328 5613/8648/4328 5615/8650/4328
f 5594/8624/4329 5592/8622/4329 5614/8649/4329 5616/8651/4329
f 5595/8626/4330 5577/8607/4330 5617/8652/4330 5618/8653/4330
f 5596/8627/4331 5593/8623/4331 5615/8650/4331 5619/8654/4331
f 5535/8628/4332 5594/8624/4332 5616/8651/4332 5620/8655/4332
f 5569/8592/4333 5595/8629/4333 5618/8656/4333 5621/8657/4333
f 5571/8594/4334 5596/8627/4334 5619/8654/4334 5622/8658/4334
f 5536/8552/4335 5535/8551/4335 5620/8659/4335 5623/8660/4335
f 5570/8593/4336 5569/8592/4336 5621/8657/4336 5624/8661/4336
f 5572/8601/4337 5571/8662/4337 5622/8663/4337 5625/8664/4337
f 5573/8597/4338 5536/8552/4338 5623/8660/4338 5626/8665/4338
f 5574/8598/4339 5570/8593/4339 5624/8661/4339 5627/8666/4339
f 5575/8602/4340 5572/8601/4340 5625/8664/4340 5628/8667/4340
f 5566/8604/4341 5573/8597/4341 5626/8665/4341 5567/8668/4341
f 5576/8605/4342 5574/8598/4342 5627/8666/4342 5601/8634/4342
f 5577/8607/4343 5575/8602/4343 5628/8667/4343 5617/8652/4343
f 5629/8669/4344 5630/8670/4344 5631/8671/4344 5632/8672/4344
f 5606/8641/4345 5605/8639/4345 5633/8673/4345 5634/8674/4345
f 5607/8675/4346 5597/8630/4346 5600/8633/4346 5635/8676/4346
f 5608/8643/4347 5606/8641/4347 5634/8674/4347 5636/8677/4347
f 5609/8678/4348 5607/8675/4348 5635/8676/4348 5630/8679/4348
f 5610/8645/4349 5608/8643/4349 5636/8677/4349 5637/8680/4349
f 5611/8681/4350 5609/8678/4350 5630/8679/4350 5629/8682/4350
f 5612/8647/4351 5610/8645/4351 5637/8680/4351 5638/8683/4351
f 5613/8684/4352 5611/8681/4352 5629/8682/4352 5639/8685/4352
f 5614/8686/4353 5612/8687/4353 5638/8688/4353 5640/8689/4353
f 5615/8690/4354 5613/8684/4354 5639/8685/4354 5641/8691/4354
f 5616/8692/4355 5614/8686/4355 5640/8689/4355 5642/8693/4355
f 5618/8653/4356 5617/8652/4356 5643/8694/4356 5644/8695/4356
f 5619/8696/4357 5615/8690/4357 5641/8691/4357 5645/8697/4357
f 5620/8659/4358 5616/8692/4358 5642/8693/4358 5646/8698/4358
f 5621/8699/4359 5618/8653/4359 5644/8695/4359 5647/8700/4359
f 5622/8663/4360 5619/8696/4360 5645/8697/4360 5648/8701/4360
f 5623/8660/4361 5620/8659/4361 5646/8698/4361 5649/8702/4361
f 5624/8703/4362 5621/8699/4362 5647/8700/4362 5650/8704/4362
f 5625/8664/4363 5622/8663/4363 5648/8701/4363 5651/8705/4363
f 5626/8665/4364 5623/8660/4364 5649/8702/4364 5652/8706/4364
f 5627/8707/4365 5624/8703/4365 5650/8704/4365 5653/8708/4365
f 5628/8667/4366 5625/8664/4366 5651/8705/4366 5654/8709/4366
f 5567/8668/4367 5626/8665/4367 5652/8706/4367 5655/8710/4367
f 5601/8634/4368 5627/8666/4368 5653/8711/4368 5656/8712/4368
f 5617/8652/4369 5628/8667/4369 5654/8709/4369 5643/8694/4369
f 5568/8713/4370 5567/8668/4370 5655/8710/4370 5657/8714/4370
f 5602/8635/4371 5601/8634/4371 5656/8712/4371 5658/8715/4371
f 5603/8716/4372 5568/8713/4372 5657/8714/4372 5659/8717/4372
f 5604/8637/4373 5602/8635/4373 5658/8715/4373 5660/8718/4373
f 5598/8631/4374 5603/8716/4374 5659/8717/4374 5599/8632/4374
f 5605/8639/4375 5604/8637/4375 5660/8718/4375 5633/8673/4375
f 5661/8719/3264 5662/8720/3264 5663/8721/3264 5664/8722/3264 5665/8723/3264 5666/8724/3264 5667/8725/3264 5668/8726/3264 5632/8727/3264 5631/8728/3264 5669/8729/3264 5670/8730/3264 5671/8731/3264 5672/8732/3264 5673/8733/3264 5674/8734/3264 5675/8735/3264 5676/8736/3264 5677/8737/3264 5678/8738/3264 5679/8739/3264 5680/8740/3264 5681/8741/3264 5682/8742/3264 5683/8743/3264 5684/8744/3264 5685/8745/3264 5686/8746/3264 5687/8747/3264 5688/8748/3264 5689/8749/3264 5690/8750/3264
f 5638/8683/4376 5637/8680/4376 5681/8751/4376 5680/8752/4376
f 5639/8753/4377 5629/8669/4377 5632/8672/4377 5668/8754/4377
f 5640/8755/4378 5638/8683/4378 5680/8752/4378 5679/8756/4378
f 5641/8757/4379 5639/8753/4379 5668/8754/4379 5667/8758/4379
f 5642/8759/4380 5640/8755/4380 5679/8756/4380 5678/8760/4380
f 5644/8761/4381 5643/8762/4381 5662/8763/4381 5661/8764/4381
f 5645/8765/4382 5641/8757/4382 5667/8758/4382 5666/8766/4382
f 5646/8767/4383 5642/8768/4383 5678/8769/4383 5677/8770/4383
f 5647/8771/4384 5644/8772/4384 5661/8773/4384 5690/8774/4384
f 5648/8775/4385 5645/8765/4385 5666/8766/4385 5665/8776/4385
f 5649/8777/4386 5646/8767/4386 5677/8770/4386 5676/8778/4386
f 5650/8779/4387 5647/8771/4387 5690/8774/4387 5689/8780/4387
f 5651/8781/4388 5648/8775/4388 5665/8776/4388 5664/8782/4388
f 5652/8783/4389 5649/8777/4389 5676/8778/4389 5675/8784/4389
f 5653/8711/4390 5650/8779/4390 5689/8780/4390 5688/8785/4390
f 5654/8786/4391 5651/8787/4391 5664/8788/4391 5663/8789/4391
f 5655/8790/4392 5652/8791/4392 5675/8792/4392 5674/8793/4392
f 5656/8712/4393 5653/8711/4393 5688/8785/4393 5687/8794/4393
f 5643/8762/4394 5654/8786/4394 5663/8789/4394 5662/8763/4394
f 5657/8795/4395 5655/8790/4395 5674/8793/4395 5673/8796/4395
f 5658/8715/4396 5656/8712/4396 5687/8794/4396 5686/8797/4396
f 5659/8798/4397 5657/8795/4397 5673/8796/4397 5672/8799/4397
f 5660/8718/4398 5658/8715/4398 5686/8797/4398 5685/8800/4398
f 5599/8801/4399 5659/8798/4399 5672/8799/4399 5671/8802/4399
f 5633/8673/4400 5660/8718/4400 5685/8800/4400 5684/8803/4400
f 5600/8804/4401 5599/8801/4401 5671/8802/4401 5670/8805/4401
f 5634/8674/4402 5633/8673/4402 5684/8803/4402 5683/8806/4402
f 5635/8807/4403 5600/8804/4403 5670/8805/4403 5669/8808/4403
f 5636/8677/4404 5634/8674/4404 5683/8806/4404 5682/8809/4404
f 5630/8670/4405 5635/8807/4405 5669/8808/4405 5631/8671/4405
f 5637/8680/4406 5636/8677/4406 5682/8809/4406 5681/8751/4406
o Cylinder.004_Cylinder.004
v 0.385134 0.232970 0.355245
v 0.381874 0.245212 0.355245
v 0.365938 0.255351 0.129213
v -0.088493 0.509348 0.129213
v -0.168209 0.442426 0.355246
v -0.130006 0.482421 0.355246
v 0.351659 0.269978 0.129213
v 0.382999 0.225772 0.355246
v 0.344747 0.290105 0.129213
v -0.153596 0.132947 0.355246
v -0.195257 0.200509 0.355246
v -0.201254 0.389769 0.129213
v -0.219157 0.326127 0.129213
v 0.368200 0.225088 0.355246
v 0.342536 0.316957 0.129213
v -0.137763 0.111148 0.355246
v -0.213826 0.255052 0.129213
v 0.354101 0.223382 0.355246
v -0.129879 0.091381 0.355246
v -0.020630 0.535286 0.129213
v 0.336940 0.210932 0.355246
v -0.131167 0.070980 0.355246
v 0.322785 0.193832 0.355246
v 0.047735 0.559873 0.129213
v 0.096766 0.566528 0.129213
v -0.136637 0.052902 0.355246
v 0.315246 0.169257 0.355246
v 0.151810 0.561117 0.129213
v -0.131125 0.041495 0.355246
v 0.211200 0.542744 0.129213
v 0.319643 0.131495 0.355246
v 0.266272 0.506167 0.129213
v -0.124814 0.037430 0.355246
v -0.000939 -0.024557 0.129213
v 0.308577 0.448805 0.129213
v 0.329503 0.098001 0.355246
v 0.330066 0.395345 0.129213
v -0.113148 0.046561 0.355246
v -0.015304 0.007267 0.129213
v -0.036594 0.038764 0.129213
v -0.101346 0.054462 0.355246
v -0.058335 0.052479 0.129213
v -0.080217 0.056213 0.355246
v -0.080217 0.056213 0.129213
v -0.058335 0.052479 0.355246
v -0.101346 0.054462 0.129213
v -0.036594 0.038764 0.355246
v -0.015304 0.007267 0.355246
v -0.113148 0.046561 0.129213
v 0.329503 0.098001 0.129213
v 0.330066 0.395345 0.355245
v 0.308577 0.448805 0.355245
v -0.000939 -0.024557 0.355246
v -0.124814 0.037430 0.129213
v 0.319643 0.131495 0.129213
v 0.266272 0.506167 0.355245
v 0.211200 0.542744 0.355245
v -0.131126 0.041495 0.129213
v 0.151810 0.561117 0.355246
v 0.315245 0.169257 0.129213
v -0.136638 0.052902 0.129213
v 0.096766 0.566528 0.355246
v 0.047735 0.559873 0.355246
v 0.322785 0.193832 0.129213
v -0.131167 0.070980 0.129213
v 0.336940 0.210932 0.129213
v -0.020630 0.535286 0.355246
v -0.129879 0.091381 0.129213
v 0.354101 0.223382 0.129213
v -0.213826 0.255052 0.355246
v -0.137763 0.111148 0.129213
v 0.342536 0.316957 0.355245
v 0.368200 0.225088 0.129213
v -0.219157 0.326127 0.355246
v -0.201254 0.389769 0.355246
v -0.195257 0.200509 0.129213
v -0.153596 0.132947 0.129213
v 0.344747 0.290105 0.355246
v 0.382999 0.225772 0.129213
v 0.351659 0.269978 0.355246
v -0.130006 0.482421 0.129213
v -0.168209 0.442426 0.129213
v -0.088493 0.509348 0.355246
v 0.365938 0.255351 0.355246
v 0.381874 0.245212 0.129213
v 0.385133 0.232970 0.129213
v 0.007433 -0.051877 0.129213
v 0.007433 -0.051877 0.355246
v 0.340972 0.071829 0.129213
v 0.340972 0.071829 0.355246
vt 0.925663 0.598358
vt 0.925663 0.462977
vt 0.933121 0.462977
vt 0.933121 0.598358
vt 0.943847 0.598358
vt 0.943847 0.462977
vt 0.954743 0.462977
vt 0.954743 0.598358
vt 0.000000 0.975797
vt 0.000000 0.941584
vt 0.135381 0.941584
vt 0.135381 0.975797
vt 0.000000 0.833937
vt 0.000000 0.806988
vt 0.135381 0.806988
vt 0.135381 0.833937
vt 0.674773 0.873060
vt 0.659022 0.873060
vt 0.659022 0.737679
vt 0.674773 0.737679
vt 0.270763 0.811034
vt 0.406144 0.811034
vt 0.406144 0.848254
vt 0.270763 0.848254
vt 0.798767 0.737679
vt 0.817832 0.737679
vt 0.817832 0.873060
vt 0.798767 0.873060
vt 0.776722 0.737679
vt 0.776722 0.873060
vt 0.750219 0.737679
vt 0.761524 0.737679
vt 0.761524 0.873060
vt 0.750219 0.873060
vt 0.270763 0.880505
vt 0.406144 0.880505
vt 0.406144 0.907016
vt 0.270763 0.907016
vt 0.947471 0.873060
vt 0.939215 0.873060
vt 0.939215 0.737679
vt 0.947471 0.737679
vt 0.270763 0.772745
vt 0.406144 0.772745
vt 0.864619 0.598358
vt 0.864619 0.462977
vt 0.871055 0.462977
vt 0.871055 0.598358
vt 0.956218 0.873060
vt 0.956218 0.737679
vt 0.977032 0.462977
vt 0.977032 0.598358
vt 0.972982 0.598358
vt 0.972982 0.462977
vt 0.979395 0.737679
vt 0.983840 0.737679
vt 0.983840 0.873060
vt 0.979395 0.873060
vt 0.647647 0.737679
vt 0.647647 0.873060
vt 0.636176 0.873060
vt 0.636176 0.737679
vt 0.981145 0.462977
vt 0.981145 0.598358
vt 0.883486 0.598358
vt 0.883486 0.462977
vt 0.896767 0.462977
vt 0.896767 0.598358
vt 0.720260 0.873060
vt 0.720260 0.737679
vt 0.750219 0.737679
vt 0.750219 0.873060
vt 0.000000 0.772073
vt 0.135381 0.772073
vt 0.270763 0.737679
vt 0.406144 0.737679
vt 0.647646 0.873060
vt 0.647647 0.737679
vt 0.000000 0.903662
vt 0.135381 0.903662
vt 0.000000 0.997401
vt 0.135381 0.997401
vt 0.875629 0.598358
vt 0.875629 0.733740
vt 0.864618 0.733740
vt 0.864618 0.598358
vt 0.929927 0.873060
vt 0.929927 0.737679
vt 0.905351 0.598358
vt 0.905351 0.733740
vt 0.910697 0.462977
vt 0.910697 0.598358
vt 0.000000 0.737679
vt 0.135381 0.737679
vt 0.000000 0.866428
vt 0.135381 0.866428
vt 0.925663 0.462977
vt 0.925663 0.598358
vt 0.979806 0.327595
vt 0.979806 0.462977
vt 0.973433 0.462977
vt 0.973433 0.327595
vt 0.939108 0.598358
vt 0.950030 0.598358
vt 0.950030 0.733740
vt 0.939108 0.733740
vt 0.972398 0.873060
vt 0.972398 0.737679
vt 0.961023 0.598358
vt 0.961023 0.733740
vt 0.802210 0.255181
vt 0.793937 0.253203
vt 0.781707 0.256620
vt 0.770196 0.263275
vt 0.760844 0.275505
vt 0.755448 0.297627
vt 0.754009 0.318490
vt 0.754999 0.335576
vt 0.541929 0.335575
vt 0.542918 0.318490
vt 0.541480 0.297627
vt 0.536084 0.275505
vt 0.526732 0.263275
vt 0.515221 0.256620
vt 0.502991 0.253203
vt 0.494718 0.255181
vt 0.486265 0.257879
vt 0.483567 0.254282
vt 0.482848 0.246728
vt 0.489685 0.237716
vt 0.494657 0.226527
vt 0.494347 0.213785
vt 0.489996 0.198246
vt 0.480672 0.151628
vt 0.481605 0.117131
vt 0.493414 0.076108
vt 0.516723 0.044097
vt 0.546248 0.021410
vt 0.576031 0.006906
vt 0.604951 0.000432
vt 0.648464 0.000000
vt 0.691976 0.000432
vt 0.720896 0.006906
vt 0.750680 0.021410
vt 0.780204 0.044097
vt 0.803513 0.076108
vt 0.815323 0.117131
vt 0.816255 0.151628
vt 0.806932 0.198246
vt 0.802581 0.213785
vt 0.802270 0.226527
vt 0.807243 0.237716
vt 0.814080 0.246728
vt 0.813360 0.254282
vt 0.810663 0.257879
vt 0.051258 0.254282
vt 0.050539 0.246728
vt 0.057376 0.237716
vt 0.062348 0.226527
vt 0.062038 0.213785
vt 0.057687 0.198246
vt 0.048363 0.151628
vt 0.049296 0.117131
vt 0.061105 0.076108
vt 0.084414 0.044097
vt 0.113939 0.021410
vt 0.143722 0.006906
vt 0.172642 0.000432
vt 0.216155 0.000000
vt 0.259667 0.000432
vt 0.288587 0.006906
vt 0.318371 0.021410
vt 0.347895 0.044097
vt 0.371204 0.076108
vt 0.383014 0.117131
vt 0.383946 0.151628
vt 0.374623 0.198246
vt 0.370272 0.213785
vt 0.369961 0.226527
vt 0.374934 0.237716
vt 0.381771 0.246728
vt 0.381051 0.254282
vt 0.378354 0.257879
vt 0.369901 0.255181
vt 0.361628 0.253203
vt 0.349398 0.256620
vt 0.337887 0.263275
vt 0.328535 0.275505
vt 0.323139 0.297627
vt 0.321700 0.318490
vt 0.322689 0.335576
vt 0.109620 0.335575
vt 0.110609 0.318490
vt 0.109170 0.297627
vt 0.103775 0.275505
vt 0.094423 0.263275
vt 0.082912 0.256620
vt 0.070682 0.253203
vt 0.062409 0.255181
vt 0.053956 0.257879
vt 0.625056 0.873060
vt 0.625056 0.737679
vt 0.832421 0.737679
vt 0.832421 0.873060
vn -0.9288 -0.3705 0.0000
vn -0.9571 0.2896 0.0000
vn -0.9972 -0.0748 0.0000
vn -0.5442 0.8390 0.0000
vn 0.9966 0.0821 -0.0000
vn 0.2955 0.9553 -0.0000
vn 0.9593 0.2824 -0.0000
vn 0.9933 0.1157 -0.0000
vn 0.7703 -0.6377 -0.0000
vn -0.1345 0.9909 -0.0000
vn 0.1201 -0.9928 0.0000
vn 0.0978 0.9952 -0.0000
vn 0.5533 0.8330 -0.0000
vn 0.5563 -0.8310 -0.0000
vn 0.0462 -0.9989 0.0000
vn -0.5414 -0.8407 0.0000
vn 0.9587 -0.2843 -0.0000
vn -0.9114 -0.4114 0.0000
vn -0.9004 -0.4351 0.0000
vn -0.1682 -0.9858 0.0000
vn 0.9876 0.1571 -0.0000
vn 0.9279 0.3729 -0.0000
vn -0.3570 0.9341 -0.0000
vn -0.9980 0.0630 0.0000
vn 0.8048 0.5935 -0.0000
vn 0.9458 0.3248 -0.0000
vn -0.9626 0.2708 0.0000
vn 0.0826 -0.9966 -0.0000
vn 0.9560 -0.2933 -0.0000
vn -0.9466 -0.3223 0.0000
vn -0.8091 -0.5877 0.0000
vn 0.5872 -0.8094 -0.0000
vn -0.8512 -0.5249 0.0000
vn -0.5335 -0.8458 0.0000
vn -0.3384 0.9410 -0.0000
vn -0.7231 0.6907 0.0000
vn -0.8285 -0.5600 0.0000
vn -0.8470 0.5316 0.0000
vn 0.6164 -0.7875 -0.0000
vn 0.7156 0.6986 -0.0000
vn 0.9663 0.2573 -0.0000
vn 0.5368 0.8437 -0.0000
vn -0.0000 -0.0000 -1.0000
vn 0.0000 0.0000 1.0000
vn -0.9561 -0.2930 0.0000
vn 0.9159 0.4014 -0.0000
usemtl Material.001
s off
f 5706/8810/4407 5761/8811/4407 5758/8812/4407 5709/8813/4407
f 5712/8814/4408 5755/8815/4408 5751/8816/4408 5716/8817/4408
f 5760/8818/4409 5764/8819/4409 5703/8820/4409 5707/8821/4409
f 5696/8822/4410 5773/8823/4410 5694/8824/4410 5771/8825/4410
f 5762/8826/4411 5768/8827/4411 5699/8828/4411 5705/8829/4411
f 5747/8830/4412 5720/8831/4412 5718/8832/4412 5749/8833/4412
f 5721/8834/4413 5726/8835/4413 5740/8836/4413 5745/8837/4413
f 5717/8838/4414 5721/8834/4414 5745/8837/4414 5750/8839/4414
f 5711/8840/4415 5713/8841/4415 5754/8842/4415 5756/8843/4415
f 5752/8844/4416 5715/8845/4416 5714/8846/4416 5753/8847/4416
f 5704/8848/4417 5708/8849/4417 5759/8850/4417 5763/8851/4417
f 5749/8833/4418 5718/8832/4418 5715/8845/4418 5752/8844/4418
f 5746/8852/4419 5722/8853/4419 5720/8831/4419 5747/8830/4419
f 5728/8854/4420 5739/8855/4420 5736/8856/4420 5731/8857/4420
f 5698/8858/4421 5704/8848/4421 5763/8851/4421 5769/8859/4421
f 5719/8860/4422 5748/8861/4422 5744/8862/4422 5723/8863/4422
f 5691/8864/4423 5698/8865/4423 5769/8866/4423 5776/8867/4423
f 5738/8868/4424 5729/8869/4424 5724/8870/4424 5743/8871/4424
f 5716/8872/4425 5751/8873/4425 5748/8861/4425 5719/8860/4425
f 5733/8874/4426 5734/8875/4426 5732/8876/4426 5735/8877/4426
f 5741/8878/4427 5762/8826/4427 5705/8829/4427 5727/8879/4427
f 5741/8878/4428 5727/8879/4428 5725/8880/4428 5742/8881/4428
f 5757/8882/4429 5710/8883/4429 5694/8824/4429 5773/8823/4429
f 5709/8813/4430 5758/8812/4430 5755/8815/4430 5712/8814/4430
f 5742/8884/4431 5725/8885/4431 5722/8853/4431 5746/8852/4431
f 5768/8827/4432 5770/8886/4432 5697/8887/4432 5699/8828/4432
f 5764/8819/4433 5765/8888/4433 5702/8889/4433 5703/8820/4433
f 5731/8857/4434 5736/8856/4434 5734/8875/4434 5733/8874/4434
f 5713/8841/4435 5717/8838/4435 5750/8839/4435 5754/8842/4435
f 5701/8890/4436 5760/8818/4436 5707/8821/4436 5766/8891/4436
f 5700/8892/4437 5767/8893/4437 5761/8894/4437 5706/8895/4437
f 5708/8849/4438 5711/8896/4438 5756/8897/4438 5759/8850/4438
f 5700/8892/4439 5701/8898/4439 5766/8899/4439 5767/8893/4439
f 5735/8877/4440 5732/8876/4440 5730/8900/4440 5737/8901/4440
f 5753/8902/4441 5714/8903/4441 5710/8883/4441 5757/8882/4441
f 5695/8904/4442 5696/8822/4442 5771/8825/4442 5772/8905/4442
f 5737/8901/4443 5730/8900/4443 5729/8906/4443 5738/8907/4443
f 5695/8904/4444 5772/8905/4444 5702/8889/4444 5765/8888/4444
f 5723/8908/4445 5744/8909/4445 5739/8910/4445 5728/8911/4445
f 5770/8912/4446 5774/8913/4446 5693/8914/4446 5697/8915/4446
f 5691/8864/4447 5776/8867/4447 5775/8916/4447 5692/8917/4447
f 5692/8918/4448 5775/8919/4448 5693/8914/4448 5774/8913/4448
f 5763/8920/4449 5759/8921/4449 5756/8922/4449 5754/8923/4449 5750/8924/4449 5745/8925/4449 5740/8926/4449 5779/8927/4449 5777/8928/4449 5724/8929/4449 5729/8930/4449 5730/8931/4449 5732/8932/4449 5734/8933/4449 5736/8934/4449 5739/8935/4449 5744/8936/4449 5748/8937/4449 5751/8938/4449 5755/8939/4449 5758/8940/4449 5761/8941/4449 5767/8942/4449 5766/8943/4449 5707/8944/4449 5703/8945/4449 5702/8946/4449 5772/8947/4449 5771/8948/4449 5694/8949/4449 5710/8950/4449 5714/8951/4449 5715/8952/4449 5718/8953/4449 5720/8954/4449 5722/8955/4449 5725/8956/4449 5727/8957/4449 5705/8958/4449 5699/8959/4449 5697/8960/4449 5693/8961/4449 5775/8962/4449 5776/8963/4449 5769/8964/4449
f 5691/8965/4450 5692/8966/4450 5774/8967/4450 5770/8968/4450 5768/8969/4450 5762/8970/4450 5741/8971/4450 5742/8972/4450 5746/8973/4450 5747/8974/4450 5749/8975/4450 5752/8976/4450 5753/8977/4450 5757/8978/4450 5773/8979/4450 5696/8980/4450 5695/8981/4450 5765/8982/4450 5764/8983/4450 5760/8984/4450 5701/8985/4450 5700/8986/4450 5706/8987/4450 5709/8988/4450 5712/8989/4450 5716/8990/4450 5719/8991/4450 5723/8992/4450 5728/8993/4450 5731/8994/4450 5733/8995/4450 5735/8996/4450 5737/8997/4450 5738/8998/4450 5743/8999/4450 5778/9000/4450 5780/9001/4450 5726/9002/4450 5721/9003/4450 5717/9004/4450 5713/9005/4450 5711/9006/4450 5708/9007/4450 5704/9008/4450 5698/9009/4450
f 5743/8871/4451 5724/8870/4451 5777/9010/4451 5778/9011/4451
f 5726/8835/4452 5780/9012/4452 5779/9013/4452 5740/8836/4452
o Cylinder.004_Cylinder.005
v 0.669511 -0.306324 0.355246
v 0.647399 -0.228053 0.355245
v -0.073685 -0.247222 0.129213
v 0.621960 -0.183298 0.129213
v -0.055105 -0.260187 0.355246
v -0.063482 -0.254007 0.355246
v -0.075933 -0.236846 0.129213
v 0.667577 -0.374682 0.355246
v 0.557672 -0.105296 0.129213
v -0.074779 -0.228731 0.129213
v -0.049343 -0.270541 0.355246
v 0.533190 -0.072101 0.129213
v 0.645880 -0.438456 0.355246
v -0.069620 -0.221053 0.129213
v -0.044445 -0.286339 0.355246
v 0.526602 -0.056929 0.129213
v 0.599978 -0.501215 0.355246
v -0.066476 -0.207076 0.129213
v -0.041360 -0.327470 0.355246
v 0.524219 -0.045323 0.129213
v -0.041133 -0.206325 0.129213
v 0.557969 -0.537165 0.355246
v 0.526540 -0.035174 0.129213
v -0.039236 -0.428528 0.355246
v -0.017997 -0.193580 0.129213
v 0.529851 -0.023377 0.129213
v 0.528621 -0.558012 0.355246
v 0.004291 -0.172503 0.129213
v -0.029339 -0.479047 0.355246
v 0.524789 -0.014045 0.129213
v 0.447257 -0.604238 0.355246
v 0.018757 -0.127744 0.129213
v 0.004936 -0.552808 0.355246
v 0.518623 -0.008645 0.129213
v 0.015804 -0.079198 0.129213
v 0.425058 -0.613025 0.355246
v 0.050977 -0.603372 0.355246
v 0.509705 -0.006188 0.129213
v 0.390261 -0.625930 0.355246
v 0.109012 -0.637574 0.355246
v 0.498208 0.002359 0.129213
v 0.352440 0.045657 0.355246
v 0.478504 -0.013597 0.129213
v 0.184736 -0.655224 0.355246
v 0.367701 -0.633744 0.129213
v 0.381858 0.006926 0.355246
v 0.452652 -0.019022 0.129213
v 0.240028 -0.655086 0.355246
v 0.275871 -0.651754 0.129213
v 0.422011 -0.017575 0.355246
v 0.422011 -0.017575 0.129213
v 0.275871 -0.651754 0.355246
v 0.240028 -0.655086 0.129213
v 0.452653 -0.019022 0.355246
v 0.381857 0.006926 0.129213
v 0.367701 -0.633744 0.355246
v 0.184736 -0.655224 0.129213
v 0.478504 -0.013597 0.355246
v 0.352440 0.045657 0.129213
v 0.498208 0.002359 0.355246
v 0.109012 -0.637574 0.129213
v 0.390261 -0.625930 0.129213
v 0.509705 -0.006188 0.355246
v 0.050977 -0.603372 0.129213
v 0.425058 -0.613025 0.129213
v 0.015804 -0.079198 0.355246
v 0.518623 -0.008645 0.355246
v 0.004936 -0.552808 0.129213
v 0.018757 -0.127744 0.355246
v 0.447256 -0.604238 0.129213
v 0.524789 -0.014045 0.355245
v -0.029339 -0.479047 0.129213
v 0.004291 -0.172503 0.355246
v 0.528621 -0.558012 0.129213
v 0.529852 -0.023377 0.355245
v -0.017997 -0.193580 0.355246
v -0.039236 -0.428528 0.129213
v 0.526541 -0.035174 0.355246
v 0.557969 -0.537165 0.129213
v -0.041133 -0.206325 0.355246
v 0.524220 -0.045323 0.355246
v -0.041360 -0.327470 0.129213
v -0.066476 -0.207076 0.355246
v 0.599978 -0.501215 0.129213
v 0.526602 -0.056929 0.355246
v -0.044445 -0.286339 0.129213
v -0.069619 -0.221053 0.355246
v 0.645880 -0.438456 0.129213
v 0.533190 -0.072101 0.355246
v -0.049344 -0.270541 0.129213
v -0.074779 -0.228731 0.355246
v 0.557672 -0.105296 0.355246
v 0.667577 -0.374682 0.129213
v -0.075933 -0.236846 0.355246
v -0.063482 -0.254007 0.129213
v 0.621960 -0.183298 0.355245
v -0.055105 -0.260187 0.129213
v -0.073685 -0.247222 0.355246
v 0.647398 -0.228053 0.129213
v 0.669510 -0.306324 0.129213
v 0.007433 -0.051877 0.129213
v 0.007433 -0.051877 0.355246
v 0.340972 0.071829 0.129213
v 0.340972 0.071829 0.355246
vt 0.412556 0.873060
vt 0.412556 0.737679
vt 0.432356 0.737679
vt 0.432356 0.873060
vt 0.625056 0.737679
vt 0.625056 0.873060
vt 0.613936 0.873060
vt 0.613936 0.737679
vt 0.939108 0.733740
vt 0.933986 0.733740
vt 0.933986 0.598358
vt 0.939108 0.598358
vt 1.000000 0.213202
vt 0.864619 0.213202
vt 0.864619 0.180345
vt 1.000000 0.180345
vt 0.563074 0.737679
vt 0.563074 0.873060
vt 0.545259 0.873060
vt 0.545259 0.737679
vt 0.135381 0.843061
vt 0.135381 0.803445
vt 0.270763 0.803445
vt 0.270763 0.843061
vt 0.531383 0.873060
vt 0.531383 0.737679
vt 0.959037 0.327595
vt 0.973433 0.327595
vt 0.973433 0.462977
vt 0.959037 0.462977
vt 0.968443 0.462977
vt 0.972982 0.462977
vt 0.972982 0.598358
vt 0.968443 0.598358
vt 1.000000 0.093180
vt 1.000000 0.106017
vt 0.864619 0.106017
vt 0.864619 0.093180
vt 0.954514 0.462977
vt 0.954514 0.327595
vt 0.959037 0.327595
vt 0.959037 0.462977
vt 0.954743 0.462977
vt 0.962912 0.462977
vt 0.962912 0.598358
vt 0.954743 0.598358
vt 0.864619 0.159283
vt 1.000000 0.159283
vt 0.944503 0.462977
vt 0.944503 0.327595
vt 0.950042 0.327595
vt 0.950042 0.462977
vt 0.898668 0.737679
vt 0.916319 0.737679
vt 0.916319 0.873060
vt 0.898668 0.873060
vt 1.000000 0.259510
vt 0.864619 0.259510
vt 0.926715 0.733740
vt 0.920504 0.733740
vt 0.920504 0.598358
vt 0.926715 0.598358
vt 0.884911 0.327595
vt 0.936428 0.327595
vt 0.936428 0.462977
vt 0.884911 0.462977
vt 1.000000 0.327595
vt 0.864618 0.327595
vt 0.864619 0.296517
vt 1.000000 0.296517
vt 0.913813 0.733740
vt 0.905351 0.733740
vt 0.905351 0.598358
vt 0.913813 0.598358
vt 0.505111 0.873060
vt 0.505111 0.737679
vt 0.531383 0.737679
vt 0.531383 0.873060
vt 0.482755 0.737679
vt 0.482755 0.873060
vt 1.000000 0.015916
vt 1.000000 0.060891
vt 0.864619 0.060891
vt 0.864618 0.015916
vt 0.135382 0.762450
vt 0.135382 0.737679
vt 0.270763 0.737679
vt 0.270763 0.762450
vt 0.590346 0.873060
vt 0.590346 0.737679
vt 0.135382 0.928406
vt 0.270763 0.928406
vt 0.270763 0.952876
vt 0.135382 0.952876
vt 0.864618 0.327595
vt 0.864618 0.462977
vt 0.832421 0.737679
vt 0.847010 0.737679
vt 0.847010 0.873060
vt 0.832421 0.873060
vt 0.936428 0.462977
vt 0.936428 0.327595
vt 0.871170 0.737679
vt 0.871170 0.873060
vt 0.135381 0.883777
vt 0.270763 0.883777
vt 0.406144 0.873060
vt 0.406144 0.737679
vt 1.000000 0.073442
vt 0.864619 0.073442
vt 0.960402 0.737679
vt 0.960402 0.873060
vt 0.956218 0.873060
vt 0.956218 0.737679
vt 0.965835 0.737679
vt 0.965835 0.873060
vt 0.975245 0.598358
vt 0.975245 0.733740
vt 0.961023 0.733740
vt 0.961023 0.598358
vt 0.929927 0.737679
vt 0.929927 0.873060
vt 0.972398 0.737679
vt 0.972398 0.873060
vt 1.000000 0.000000
vt 0.864618 0.000000
vt 0.109620 0.335575
vt 0.322689 0.335576
vt 0.323679 0.352661
vt 0.332132 0.380538
vt 0.349577 0.402660
vt 0.366484 0.409855
vt 0.382131 0.412193
vt 0.396519 0.407336
vt 0.401195 0.414530
vt 0.405691 0.417768
vt 0.408029 0.422084
vt 0.408928 0.428379
vt 0.404612 0.434314
vt 0.401195 0.439530
vt 0.400116 0.446544
vt 0.400655 0.456436
vt 0.407490 0.480177
vt 0.427345 0.537370
vt 0.432309 0.567801
vt 0.428425 0.616361
vt 0.413101 0.654346
vt 0.387634 0.685640
vt 0.348786 0.711323
vt 0.317707 0.722761
vt 0.296885 0.728355
vt 0.241565 0.737368
vt 0.227269 0.737679
vt 0.205040 0.737679
vt 0.190744 0.737368
vt 0.135425 0.728355
vt 0.114602 0.722761
vt 0.083523 0.711323
vt 0.044675 0.685640
vt 0.019208 0.654345
vt 0.003885 0.616361
vt 0.000000 0.567801
vt 0.004964 0.537370
vt 0.024820 0.480177
vt 0.031654 0.456436
vt 0.032194 0.446544
vt 0.031114 0.439530
vt 0.027697 0.434314
vt 0.023381 0.428379
vt 0.024280 0.422084
vt 0.026618 0.417768
vt 0.031114 0.414530
vt 0.035791 0.407336
vt 0.050179 0.412193
vt 0.065826 0.409855
vt 0.082732 0.402660
vt 0.100178 0.380538
vt 0.108631 0.352661
vt 0.541929 0.335575
vt 0.754999 0.335576
vt 0.755988 0.352661
vt 0.764441 0.380538
vt 0.781887 0.402660
vt 0.798793 0.409855
vt 0.814440 0.412193
vt 0.828828 0.407336
vt 0.833504 0.414530
vt 0.838000 0.417768
vt 0.840338 0.422084
vt 0.841238 0.428379
vt 0.836921 0.434314
vt 0.833504 0.439530
vt 0.832425 0.446544
vt 0.832965 0.456436
vt 0.839799 0.480177
vt 0.859655 0.537370
vt 0.864619 0.567801
vt 0.860734 0.616361
vt 0.845410 0.654346
vt 0.819943 0.685640
vt 0.781095 0.711323
vt 0.750017 0.722761
vt 0.729194 0.728355
vt 0.673874 0.737368
vt 0.659578 0.737679
vt 0.637349 0.737679
vt 0.623053 0.737368
vt 0.567734 0.728355
vt 0.546911 0.722761
vt 0.515833 0.711323
vt 0.476984 0.685640
vt 0.451517 0.654345
vt 0.436194 0.616361
vt 0.432309 0.567801
vt 0.437273 0.537370
vt 0.457129 0.480177
vt 0.463963 0.456436
vt 0.464503 0.446544
vt 0.463424 0.439530
vt 0.460007 0.434314
vt 0.455690 0.428379
vt 0.456589 0.422084
vt 0.458927 0.417768
vt 0.463424 0.414530
vt 0.468100 0.407336
vt 0.482488 0.412193
vt 0.498135 0.409855
vt 0.515041 0.402660
vt 0.532487 0.380538
vt 0.540940 0.352661
vn -0.9972 -0.0748 0.0000
vn -0.9561 -0.2930 0.0000
vn 0.8790 0.4768 -0.0000
vn 0.0025 -1.0000 0.0000
vn -0.6871 0.7266 0.0000
vn 0.9467 -0.3221 -0.0000
vn -0.4825 0.8759 0.0000
vn -0.6293 0.7771 0.0000
vn 0.6588 0.7523 -0.0000
vn 0.3273 -0.9449 0.0000
vn -0.9773 -0.2117 0.0000
vn 0.5966 0.8025 -0.0000
vn 0.0926 -0.9957 0.0000
vn -0.8300 0.5577 0.0000
vn 0.0471 0.9989 -0.0000
vn -0.2270 -0.9739 0.0000
vn 0.9748 -0.2229 -0.0000
vn 0.7717 0.6360 -0.0000
vn -0.7394 -0.6733 0.0000
vn 0.9173 0.3983 -0.0000
vn -0.9069 -0.4214 0.0000
vn -0.9998 -0.0210 0.0000
vn 0.4940 -0.8695 -0.0000
vn 0.1924 -0.9813 0.0000
vn 0.9628 -0.2702 -0.0000
vn 0.6502 -0.7598 -0.0000
vn -0.9982 -0.0607 0.0000
vn 0.8694 0.4942 -0.0000
vn 0.8048 0.5935 -0.0000
vn 0.9159 0.4014 -0.0000
vn -0.9515 0.3075 0.0000
vn 0.2657 0.9641 -0.0000
vn -0.5077 -0.8615 0.0000
vn -0.9756 0.2194 0.0000
vn 0.9796 0.2011 -0.0000
vn 0.7963 0.6048 -0.0000
vn 0.9623 0.2719 -0.0000
vn -0.9551 -0.2962 0.0000
vn 0.3680 -0.9298 -0.0000
vn 0.5209 0.8536 -0.0000
vn -0.8738 -0.4863 0.0000
vn 0.8072 -0.5903 -0.0000
vn 0.9996 -0.0283 -0.0000
vn -0.5937 -0.8047 0.0000
vn -0.0296 0.9996 -0.0000
vn -0.2054 0.9787 -0.0000
vn -0.9813 -0.1923 0.0000
vn -0.5537 -0.8327 0.0000
vn 0.5791 -0.8153 -0.0000
vn -0.9900 0.1408 0.0000
vn 0.3477 -0.9376 -0.0000
vn 0.0000 0.0000 1.0000
vn -0.0000 -0.0000 -1.0000
usemtl Material.001
s off
f 5795/9014/4453 5866/9015/4453 5862/9016/4453 5799/9017/4453
f 5882/9018/4454 5881/9019/4454 5815/9020/4454 5846/9021/4454
f 5851/9022/4455 5855/9023/4455 5806/9024/4455 5810/9025/4455
f 5824/9026/4456 5837/9027/4456 5833/9028/4456 5828/9029/4456
f 5853/9030/4457 5808/9031/4457 5805/9032/4457 5856/9033/4457
f 5788/9034/4458 5793/9035/4458 5868/9036/4458 5873/9037/4458
f 5856/9033/4459 5805/9032/4459 5801/9038/4459 5860/9039/4459
f 5838/9040/4460 5840/9041/4460 5821/9042/4460 5823/9043/4460
f 5847/9044/4461 5851/9045/4461 5810/9046/4461 5814/9047/4461
f 5819/9048/4462 5836/9049/4462 5825/9050/4462 5842/9051/4462
f 5874/9052/4463 5787/9053/4463 5783/9054/4463 5878/9055/4463
f 5840/9056/4464 5843/9057/4464 5818/9058/4464 5821/9059/4464
f 5828/9029/4465 5833/9028/4465 5829/9060/4465 5832/9061/4465
f 5867/9062/4466 5794/9063/4466 5790/9064/4466 5871/9065/4466
f 5830/9066/4467 5834/9067/4467 5827/9068/4467 5831/9069/4467
f 5820/9070/4468 5841/9071/4468 5837/9027/4468 5824/9026/4468
f 5858/9072/4469 5861/9073/4469 5800/9074/4469 5803/9075/4469
f 5872/9076/4470 5876/9077/4470 5784/9078/4470 5789/9079/4470
f 5813/9080/4471 5848/9081/4471 5844/9082/4471 5817/9083/4471
f 5865/9084/4472 5869/9085/4472 5792/9086/4472 5796/9087/4472
f 5809/9088/4473 5852/9089/4473 5848/9090/4473 5813/9091/4473
f 5799/9017/4474 5862/9016/4474 5857/9092/4474 5804/9093/4474
f 5807/9094/4475 5811/9095/4475 5850/9096/4475 5854/9097/4475
f 5832/9061/4476 5829/9060/4476 5825/9050/4476 5836/9049/4476
f 5855/9023/4477 5858/9072/4477 5803/9075/4477 5806/9024/4477
f 5797/9098/4478 5802/9099/4478 5859/9100/4478 5864/9101/4478
f 5846/9021/4479 5815/9020/4479 5812/9102/4479 5849/9103/4479
f 5782/9104/4480 5879/9105/4480 5784/9106/4480 5876/9107/4480
f 5869/9108/4481 5872/9076/4481 5789/9079/4481 5792/9109/4481
f 5884/9110/4482 5822/9111/4482 5839/9112/4482 5883/9113/4482
f 5849/9103/4483 5812/9102/4483 5808/9031/4483 5853/9030/4483
f 5843/9057/4484 5847/9044/4484 5814/9047/4484 5818/9058/4484
f 5817/9083/4485 5844/9082/4485 5841/9071/4485 5820/9070/4485
f 5863/9114/4486 5798/9115/4486 5794/9063/4486 5867/9062/4486
f 5861/9073/4487 5865/9084/4487 5796/9087/4487 5800/9074/4487
f 5822/9111/4488 5826/9116/4488 5835/9117/4488 5839/9112/4488
f 5781/9118/4489 5880/9119/4489 5879/9105/4489 5782/9104/4489
f 5791/9120/4490 5870/9121/4490 5866/9015/4490 5795/9014/4490
f 5811/9095/4491 5816/9122/4491 5845/9123/4491 5850/9096/4491
f 5826/9116/4492 5830/9066/4492 5831/9069/4492 5835/9117/4492
f 5785/9124/4493 5877/9125/4493 5870/9126/4493 5791/9127/4493
f 5793/9035/4494 5797/9098/4494 5864/9101/4494 5868/9036/4494
f 5781/9118/4495 5788/9034/4495 5873/9037/4495 5880/9119/4495
f 5785/9124/4496 5786/9128/4496 5875/9129/4496 5877/9125/4496
f 5860/9130/4497 5801/9131/4497 5798/9132/4497 5863/9133/4497
f 5834/9067/4498 5838/9134/4498 5823/9135/4498 5827/9068/4498
f 5804/9093/4499 5857/9092/4499 5852/9089/4499 5809/9088/4499
f 5786/9128/4500 5878/9136/4500 5783/9137/4500 5875/9129/4500
f 5802/9138/4501 5807/9094/4501 5854/9097/4501 5859/9139/4501
f 5871/9065/4502 5790/9064/4502 5787/9053/4502 5874/9052/4502
f 5816/9122/4503 5819/9048/4503 5842/9051/4503 5845/9123/4503
f 5884/9140/4504 5882/9141/4504 5846/9142/4504 5849/9143/4504 5853/9144/4504 5856/9145/4504 5860/9146/4504 5863/9147/4504 5867/9148/4504 5871/9149/4504 5874/9150/4504 5878/9151/4504 5786/9152/4504 5785/9153/4504 5791/9154/4504 5795/9155/4504 5799/9156/4504 5804/9157/4504 5809/9158/4504 5813/9159/4504 5817/9160/4504 5820/9161/4504 5824/9162/4504 5828/9163/4504 5832/9164/4504 5836/9165/4504 5819/9166/4504 5816/9167/4504 5811/9168/4504 5807/9169/4504 5802/9170/4504 5797/9171/4504 5793/9172/4504 5788/9173/4504 5781/9174/4504 5782/9175/4504 5876/9176/4504 5872/9177/4504 5869/9178/4504 5865/9179/4504 5861/9180/4504 5858/9181/4504 5855/9182/4504 5851/9183/4504 5847/9184/4504 5843/9185/4504 5840/9186/4504 5838/9187/4504 5834/9188/4504 5830/9189/4504 5826/9190/4504 5822/9191/4504
f 5881/9192/4505 5883/9193/4505 5839/9194/4505 5835/9195/4505 5831/9196/4505 5827/9197/4505 5823/9198/4505 5821/9199/4505 5818/9200/4505 5814/9201/4505 5810/9202/4505 5806/9203/4505 5803/9204/4505 5800/9205/4505 5796/9206/4505 5792/9207/4505 5789/9208/4505 5784/9209/4505 5879/9210/4505 5880/9211/4505 5873/9212/4505 5868/9213/4505 5864/9214/4505 5859/9215/4505 5854/9216/4505 5850/9217/4505 5845/9218/4505 5842/9219/4505 5825/9220/4505 5829/9221/4505 5833/9222/4505 5837/9223/4505 5841/9224/4505 5844/9225/4505 5848/9226/4505 5852/9227/4505 5857/9228/4505 5862/9229/4505 5866/9230/4505 5870/9231/4505 5877/9232/4505 5875/9233/4505 5783/9234/4505 5787/9235/4505 5790/9236/4505 5794/9237/4505 5798/9238/4505 5801/9239/4505 5805/9240/4505 5808/9241/4505 5812/9242/4505 5815/9243/4505
