# Blender v3.0.0 OBJ File: 'untitled.blend'
# www.blender.org
mtllib videoprojector.mtl
o Cube.003_Cube.008
v -0.465957 -1.527004 0.416838
v -0.465957 -1.393004 0.416838
v -0.465957 -1.527004 0.372445
v -0.465957 -1.393004 0.372445
v -0.421563 -1.527004 0.416838
v -0.421563 -1.393004 0.416838
v -0.421563 -1.527004 0.372445
v -0.421563 -1.393004 0.372445
v -0.318831 -1.243431 -0.409664
v -0.447975 -1.431064 -0.465672
v -0.318831 -1.243431 -0.264919
v -0.447975 -1.406288 -0.465672
v 0.491559 -1.287499 -0.363637
v 0.491559 -1.266875 -0.363637
v -0.463575 -1.243431 -0.409664
v -0.472752 -1.431064 -0.465672
v 0.479560 -1.287499 -0.363637
v -0.472752 -1.406288 -0.465672
v 0.479560 -1.266875 -0.363637
v -0.463575 -1.243431 -0.264919
v 0.406122 -1.287499 -0.363637
v 0.406122 -1.266875 -0.363637
v -0.456294 -1.445316 0.470088
v -0.093070 -1.445316 0.470088
v 0.394123 -1.287499 -0.363637
v -0.093070 -1.220413 0.470088
v -0.456294 -1.220413 0.470088
v 0.394123 -1.266875 -0.363637
v -0.432911 -1.250157 -0.264919
v -0.118607 -1.426140 -0.470088
v 0.320686 -1.287499 -0.363637
v -0.398718 -1.254014 -0.281528
v -0.430758 -1.426140 -0.470088
v 0.320686 -1.266875 -0.363637
v -0.415613 -1.252885 -0.269784
v -0.430758 -1.239589 -0.470088
v 0.308687 -1.287499 -0.363637
v -0.383688 -1.254014 -0.281528
v -0.118607 -1.239589 -0.470088
v 0.308687 -1.266875 -0.363637
v -0.349495 -1.250157 -0.264919
v -0.093070 -1.445316 -0.470088
v 0.235249 -1.287499 -0.363637
v -0.366794 -1.252885 -0.269784
v -0.456295 -1.445316 -0.470088
v 0.235249 -1.266875 -0.363637
v -0.349548 -1.250169 -0.409664
v -0.456295 -1.220413 -0.470088
v -0.093070 -1.220413 -0.470088
v -0.383688 -1.254014 -0.409664
v -0.367079 -1.237405 -0.409664
v -0.118607 -1.426140 -0.453692
v 0.491559 -1.321098 -0.363637
v -0.366809 -1.252888 -0.409664
v -0.430758 -1.426140 -0.453692
v 0.491559 -1.300474 -0.363637
v -0.398718 -1.254014 -0.409664
v -0.430758 -1.239589 -0.453692
v 0.479560 -1.321098 -0.363637
v -0.432859 -1.250169 -0.409664
v -0.118607 -1.239589 -0.453692
v 0.479560 -1.300474 -0.363637
v -0.415327 -1.237405 -0.409664
v 0.406122 -1.321098 -0.363637
v -0.415597 -1.252888 -0.409664
v 0.406122 -1.300474 -0.363637
v -0.093070 -1.408688 -0.470088
v -0.093070 -1.408688 0.470088
v 0.394123 -1.321098 -0.363637
v -0.456294 -1.408688 0.470088
v 0.394123 -1.300474 -0.363637
v -0.430758 -1.395758 -0.470088
v -0.118607 -1.395758 -0.470088
v -0.430758 -1.395758 -0.453692
v 0.320686 -1.321098 -0.363637
v -0.118607 -1.395758 -0.453692
v -0.463575 -1.220413 -0.264919
v 0.320686 -1.300474 -0.363637
v -0.456295 -1.220413 -0.409664
v -0.456295 -1.220413 -0.264919
v 0.308687 -1.321098 -0.363637
v -0.463575 -1.220413 -0.409664
v -0.318831 -1.220413 -0.264919
v 0.308687 -1.300474 -0.363637
v -0.318831 -1.220413 -0.409664
v -0.367079 -1.220413 -0.409664
v 0.235249 -1.321098 -0.363637
v -0.352948 -1.220413 -0.264919
v 0.235249 -1.300474 -0.363637
v -0.429458 -1.220413 -0.264919
v -0.415327 -1.220413 -0.409664
v 0.489086 -1.445316 -0.470088
v 0.544837 -1.445316 -0.421987
v 0.516961 -1.445316 -0.463644
v 0.537367 -1.445316 -0.446038
v 0.544837 -1.220413 -0.421987
v 0.489086 -1.220413 -0.470088
v 0.491559 -1.354696 -0.363637
v 0.537367 -1.220413 -0.446038
v 0.491559 -1.334072 -0.363637
v 0.516961 -1.220413 -0.463644
v 0.544837 -1.445316 0.421986
v 0.489087 -1.445316 0.470088
v 0.479560 -1.354696 -0.363637
v 0.537368 -1.445316 0.446037
v 0.479560 -1.334072 -0.363637
v 0.516962 -1.445316 0.463644
v 0.489087 -1.220413 0.470088
v 0.544837 -1.220413 0.421986
v 0.406122 -1.354696 -0.363637
v 0.516962 -1.220413 0.463644
v 0.406122 -1.334072 -0.363637
v 0.537368 -1.220413 0.446037
v -0.544837 -1.445316 -0.421986
v -0.489086 -1.445316 -0.470088
v 0.394123 -1.354696 -0.363637
v -0.537368 -1.445316 -0.446037
v 0.394123 -1.334072 -0.363637
v -0.516962 -1.445316 -0.463644
v -0.489086 -1.220413 -0.470088
v 0.320686 -1.354696 -0.363637
v -0.544837 -1.220413 -0.421986
v 0.320686 -1.334072 -0.363637
v -0.516962 -1.220413 -0.463644
v -0.537368 -1.220413 -0.446037
v -0.489086 -1.445316 0.470088
v -0.544836 -1.445316 0.421987
v 0.308687 -1.354696 -0.363637
v -0.516961 -1.445316 0.463644
v 0.308687 -1.334072 -0.363637
v -0.537367 -1.445316 0.446038
v -0.544836 -1.220413 0.421987
v -0.489086 -1.220413 0.470088
v 0.235249 -1.354696 -0.363637
v 0.235249 -1.334072 -0.363637
v -0.537367 -1.220413 0.446038
v -0.516961 -1.220413 0.463644
v 0.544837 -1.408688 -0.421987
v 0.489086 -1.408688 -0.470088
v 0.537367 -1.408688 -0.446038
v 0.516961 -1.408688 -0.463644
v 0.489087 -1.408688 0.470088
v 0.491559 -1.388295 -0.363637
v 0.544837 -1.408688 0.421986
v 0.491559 -1.367671 -0.363637
v 0.516962 -1.408688 0.463644
v 0.537368 -1.408688 0.446037
v -0.544836 -1.408688 0.421987
v -0.489086 -1.408688 0.470088
v 0.479560 -1.388295 -0.363637
v 0.479560 -1.367671 -0.363637
v -0.537367 -1.408688 0.446038
v -0.516961 -1.408688 0.463644
v -0.489086 -1.408688 -0.470088
v 0.406122 -1.388295 -0.363637
v -0.544837 -1.408688 -0.421986
v 0.406122 -1.367671 -0.363637
v -0.516962 -1.408688 -0.463644
v -0.537368 -1.408688 -0.446037
v 0.394123 -1.388295 -0.363637
v 0.394123 -1.367671 -0.363637
v 0.320686 -1.388295 -0.363637
v 0.320686 -1.367671 -0.363637
v 0.308687 -1.388295 -0.363637
v 0.308687 -1.367671 -0.363637
v 0.235249 -1.388295 -0.363637
v 0.235249 -1.367671 -0.363637
v -0.254990 -1.255586 -0.336296
v -0.268342 -1.251536 -0.336296
v -0.472752 -1.406288 -0.470088
v -0.472752 -1.408688 -0.470088
v -0.456295 -1.406288 -0.470088
v -0.447975 -1.431064 -0.470088
v -0.447975 -1.406288 -0.470088
v -0.456295 -1.431064 -0.470088
v -0.451555 -1.406288 -0.470088
v -0.472752 -1.431064 -0.470088
v 0.516961 -1.240129 -0.463644
v 0.537368 -1.240129 0.446037
v -0.516961 -1.240129 0.463644
v -0.537368 -1.240129 -0.446037
v -0.430758 -1.255943 -0.470088
v -0.430758 -1.255943 -0.453692
v 0.544837 -1.240129 -0.421987
v 0.489087 -1.240129 0.470088
v -0.544836 -1.240129 0.421987
v -0.489086 -1.240129 -0.470088
v -0.093070 -1.240129 -0.470088
v -0.093070 -1.240129 0.470088
v 0.489086 -1.240129 -0.470088
v 0.544837 -1.240129 0.421986
v -0.544837 -1.240129 -0.421986
v -0.489086 -1.240129 0.470088
v -0.456294 -1.240129 0.470088
v -0.118607 -1.255943 -0.470088
v -0.118607 -1.255943 -0.453692
v 0.537367 -1.240129 -0.446038
v 0.516962 -1.240129 0.463644
v -0.537367 -1.240129 0.446038
v -0.516962 -1.240129 -0.463644
v 0.308687 -1.266875 -0.470088
v 0.308687 -1.354696 -0.470088
v 0.235249 -1.321098 -0.470088
v 0.308687 -1.287499 -0.470088
v 0.308687 -1.334072 -0.470088
v 0.235249 -1.266875 -0.470088
v 0.544837 -1.388295 -0.421987
v 0.235249 -1.334072 -0.470088
v 0.544837 -1.367671 -0.421987
v 0.544837 -1.354696 -0.421987
v 0.544837 -1.334072 -0.421987
v 0.308687 -1.321098 -0.470088
v 0.235249 -1.287499 -0.470088
v 0.544837 -1.321098 -0.421987
v 0.544837 -1.300474 -0.421987
v 0.544837 -1.367671 -0.363637
v 0.544837 -1.287499 -0.421987
v 0.544837 -1.266875 -0.421987
v 0.308687 -1.300474 -0.470088
v 0.544837 -1.388295 -0.363637
v 0.235249 -1.300474 -0.470088
v 0.491559 -1.367671 -0.469517
v 0.544837 -1.334072 -0.363637
v 0.491559 -1.388295 -0.469517
v 0.544837 -1.354696 -0.363637
v 0.537367 -1.388295 -0.446038
v 0.537367 -1.367671 -0.446038
v 0.537367 -1.354696 -0.446038
v 0.544837 -1.300474 -0.363637
v 0.537367 -1.334072 -0.446038
v 0.537367 -1.321098 -0.446038
v 0.537367 -1.300474 -0.446038
v 0.491559 -1.334072 -0.469517
v 0.537367 -1.287499 -0.446038
v 0.516961 -1.388295 -0.463644
v 0.537367 -1.266875 -0.446038
v 0.544837 -1.321098 -0.363637
v 0.491559 -1.354696 -0.469517
v 0.491559 -1.300474 -0.469517
v 0.491559 -1.321098 -0.469517
v 0.516961 -1.354696 -0.463644
v 0.516961 -1.321098 -0.463644
v 0.516961 -1.367671 -0.463644
v 0.479560 -1.367671 -0.470088
v 0.479560 -1.388295 -0.470088
v 0.406122 -1.367671 -0.470088
v 0.516961 -1.334072 -0.463644
v 0.406122 -1.388295 -0.470088
v 0.516961 -1.300474 -0.463644
v 0.479560 -1.334072 -0.470088
v 0.479560 -1.300474 -0.470088
v 0.479560 -1.354696 -0.470088
v 0.516961 -1.287499 -0.463644
v 0.516961 -1.266875 -0.463644
v 0.479560 -1.321098 -0.470088
v 0.406122 -1.334072 -0.470088
v 0.406122 -1.300474 -0.470088
v 0.406122 -1.354696 -0.470088
v 0.406122 -1.321098 -0.470088
v 0.394123 -1.367671 -0.470088
v 0.394123 -1.388295 -0.470088
v 0.320686 -1.367671 -0.470088
v 0.320686 -1.388295 -0.470088
v 0.394123 -1.334072 -0.470088
v 0.394123 -1.300474 -0.470088
v 0.394123 -1.354696 -0.470088
v 0.394123 -1.321098 -0.470088
v 0.320686 -1.334072 -0.470088
v 0.320686 -1.300474 -0.470088
v 0.320686 -1.354696 -0.470088
v 0.320686 -1.321098 -0.470088
v 0.491559 -1.287499 -0.469517
v 0.491559 -1.266875 -0.469517
v 0.308687 -1.367671 -0.470088
v 0.308687 -1.388295 -0.470088
v 0.235249 -1.367671 -0.470088
v 0.235249 -1.388295 -0.470088
v 0.544837 -1.287499 -0.363637
v 0.544837 -1.266875 -0.363637
v 0.235249 -1.354696 -0.470088
v 0.394123 -1.266875 -0.470088
v 0.394123 -1.267625 -0.470088
v 0.320686 -1.287499 -0.470088
v 0.320686 -1.266875 -0.470088
v 0.479560 -1.287499 -0.470088
v 0.479560 -1.266875 -0.470088
v 0.406122 -1.287499 -0.470088
v 0.394123 -1.287499 -0.470088
v 0.406122 -1.266875 -0.470088
v -0.093070 -1.240129 0.451884
v -0.456295 -1.240129 0.451884
v -0.093070 -1.408688 0.451884
v -0.456295 -1.408688 0.451884
v 0.489087 -1.240129 0.457877
v -0.093070 -1.240129 0.457878
v -0.093070 -1.408688 0.457878
v 0.489087 -1.408688 0.457877
v -0.263501 -1.264761 -0.378541
v -0.263501 -1.264761 -0.501863
v -0.282840 -1.264976 -0.407097
v -0.282840 -1.272594 -0.517452
v -0.293604 -1.266036 -0.407097
v -0.292118 -1.273507 -0.517452
v -0.303955 -1.269176 -0.407097
v -0.301040 -1.276214 -0.517452
v -0.313494 -1.274275 -0.407097
v -0.309262 -1.280609 -0.517452
v -0.321856 -1.281137 -0.407097
v -0.316469 -1.286523 -0.517452
v -0.328718 -1.289498 -0.407097
v -0.322384 -1.293730 -0.517452
v -0.333817 -1.299037 -0.407097
v -0.326779 -1.301953 -0.517452
v -0.336957 -1.309388 -0.407097
v -0.329485 -1.310875 -0.517452
v -0.338017 -1.320153 -0.407097
v -0.330399 -1.320153 -0.517452
v -0.336957 -1.330917 -0.407097
v -0.329485 -1.329431 -0.517452
v -0.333817 -1.341268 -0.407097
v -0.326779 -1.338353 -0.517452
v -0.328718 -1.350808 -0.407097
v -0.322384 -1.346575 -0.517452
v -0.321856 -1.359169 -0.407097
v -0.316469 -1.353782 -0.517452
v -0.313494 -1.366031 -0.407097
v -0.309262 -1.359697 -0.517452
v -0.303955 -1.371130 -0.407097
v -0.301040 -1.364092 -0.517452
v -0.293604 -1.374270 -0.407097
v -0.292118 -1.366798 -0.517452
v -0.282840 -1.375330 -0.407097
v -0.282840 -1.367712 -0.517452
v -0.272075 -1.374270 -0.407097
v -0.273561 -1.366798 -0.517452
v -0.261724 -1.371130 -0.407097
v -0.264639 -1.364092 -0.517452
v -0.252185 -1.366031 -0.407097
v -0.256417 -1.359697 -0.517452
v -0.243823 -1.359169 -0.407097
v -0.249210 -1.353782 -0.517452
v -0.236961 -1.350808 -0.407097
v -0.243295 -1.346575 -0.517452
v -0.231862 -1.341268 -0.407097
v -0.238901 -1.338353 -0.517452
v -0.228722 -1.330917 -0.407097
v -0.236194 -1.329431 -0.517452
v -0.227662 -1.320153 -0.407097
v -0.235280 -1.320153 -0.517452
v -0.228722 -1.309388 -0.407097
v -0.236194 -1.310875 -0.517452
v -0.231862 -1.299037 -0.407097
v -0.238901 -1.301953 -0.517452
v -0.236961 -1.289498 -0.407097
v -0.243295 -1.293730 -0.517452
v -0.243823 -1.281137 -0.407097
v -0.249210 -1.286523 -0.517452
v -0.252185 -1.274275 -0.407097
v -0.256417 -1.280609 -0.517452
v -0.261724 -1.269176 -0.407097
v -0.264639 -1.276214 -0.517452
v -0.272075 -1.266036 -0.407097
v -0.273561 -1.273507 -0.517452
v -0.293604 -1.266036 -0.517452
v -0.282840 -1.264976 -0.517452
v -0.303955 -1.269176 -0.517452
v -0.313495 -1.274275 -0.517452
v -0.321856 -1.281137 -0.517452
v -0.328718 -1.289498 -0.517452
v -0.333817 -1.299037 -0.517452
v -0.336957 -1.309388 -0.517452
v -0.338017 -1.320153 -0.517452
v -0.336957 -1.330917 -0.517452
v -0.333817 -1.341268 -0.517452
v -0.328718 -1.350808 -0.517452
v -0.321856 -1.359169 -0.517452
v -0.313494 -1.366031 -0.517452
v -0.303955 -1.371130 -0.517452
v -0.293604 -1.374270 -0.517452
v -0.282840 -1.375330 -0.517452
v -0.272075 -1.374270 -0.517452
v -0.261724 -1.371130 -0.517452
v -0.252185 -1.366031 -0.517452
v -0.243823 -1.359169 -0.517452
v -0.236961 -1.350808 -0.517452
v -0.231862 -1.341268 -0.517452
v -0.228722 -1.330917 -0.517452
v -0.227662 -1.320153 -0.517452
v -0.228722 -1.309388 -0.517452
v -0.231862 -1.299037 -0.517452
v -0.236961 -1.289498 -0.517452
v -0.243823 -1.281137 -0.517452
v -0.252185 -1.274275 -0.517452
v -0.261724 -1.269176 -0.517452
v -0.272075 -1.266036 -0.517452
v -0.292118 -1.273507 -0.515198
v -0.282840 -1.272594 -0.515198
v -0.301040 -1.276214 -0.515198
v -0.309262 -1.280609 -0.515198
v -0.316469 -1.286523 -0.515198
v -0.322384 -1.293730 -0.515198
v -0.326779 -1.301953 -0.515198
v -0.329485 -1.310875 -0.515198
v -0.330399 -1.320153 -0.515198
v -0.329485 -1.329431 -0.515198
v -0.326779 -1.338353 -0.515198
v -0.322384 -1.346575 -0.515198
v -0.316469 -1.353782 -0.515198
v -0.309262 -1.359697 -0.515198
v -0.301040 -1.364092 -0.515198
v -0.292118 -1.366798 -0.515198
v -0.282840 -1.367712 -0.515198
v -0.273561 -1.366798 -0.515198
v -0.264639 -1.364092 -0.515198
v -0.256417 -1.359697 -0.515198
v -0.249210 -1.353782 -0.515198
v -0.243295 -1.346575 -0.515198
v -0.238901 -1.338353 -0.515198
v -0.236194 -1.329431 -0.515198
v -0.235280 -1.320153 -0.515198
v -0.236194 -1.310875 -0.515198
v -0.238901 -1.301953 -0.515198
v -0.243295 -1.293730 -0.515198
v -0.249210 -1.286523 -0.515198
v -0.256417 -1.280609 -0.515198
v -0.264639 -1.276214 -0.515198
v -0.273561 -1.273507 -0.515198
v -0.456295 -1.313351 -0.470088
v -0.456295 -1.249019 -0.470088
v 0.145854 -1.370944 -0.473852
v 0.153563 -1.370944 -0.473852
v 0.153563 -1.384530 -0.473852
v 0.145674 -1.384530 -0.473852
v 0.145674 -1.382777 -0.473852
v 0.151611 -1.382777 -0.473852
v 0.151611 -1.378554 -0.473852
v 0.146053 -1.378554 -0.473852
v 0.146053 -1.376801 -0.473852
v 0.151611 -1.376801 -0.473852
v 0.151611 -1.372697 -0.473852
v 0.145854 -1.372697 -0.473852
v 0.156551 -1.370944 -0.473852
v 0.158383 -1.370944 -0.473852
v 0.158383 -1.381462 -0.473852
v 0.167586 -1.370944 -0.473852
v 0.169140 -1.370944 -0.473852
v 0.169140 -1.384530 -0.473852
v 0.167308 -1.384530 -0.473852
v 0.167308 -1.374072 -0.473852
v 0.158224 -1.384530 -0.473852
v 0.156551 -1.384530 -0.473852
v 0.172108 -1.370944 -0.473852
v 0.173941 -1.370944 -0.473852
v 0.173941 -1.381462 -0.473852
v 0.183144 -1.370944 -0.473852
v 0.184698 -1.370944 -0.473852
v 0.184698 -1.384530 -0.473852
v 0.182865 -1.384530 -0.473852
v 0.182865 -1.374072 -0.473852
v 0.173782 -1.384530 -0.473852
v 0.172108 -1.384530 -0.473852
v 0.201669 -1.377737 -0.473853
v 0.201612 -1.378648 -0.473853
v 0.201441 -1.379533 -0.473853
v 0.201161 -1.380381 -0.473853
v 0.200777 -1.381182 -0.473853
v 0.200292 -1.381927 -0.473853
v 0.199710 -1.382605 -0.473853
v 0.199036 -1.383206 -0.473853
v 0.198273 -1.383720 -0.473853
v 0.197426 -1.384138 -0.473853
v 0.196498 -1.384449 -0.473853
v 0.195495 -1.384642 -0.473853
v 0.194419 -1.384709 -0.473852
v 0.193307 -1.384642 -0.473852
v 0.192276 -1.384447 -0.473852
v 0.191329 -1.384135 -0.473852
v 0.190468 -1.383716 -0.473852
v 0.189696 -1.383200 -0.473852
v 0.189018 -1.382598 -0.473852
v 0.188435 -1.381919 -0.473852
v 0.187951 -1.381174 -0.473852
v 0.187570 -1.380373 -0.473852
v 0.187293 -1.379526 -0.473852
v 0.187125 -1.378644 -0.473852
v 0.187068 -1.377737 -0.473852
v 0.187126 -1.376805 -0.473852
v 0.187298 -1.375906 -0.473852
v 0.187580 -1.375051 -0.473852
v 0.187968 -1.374247 -0.473852
v 0.188456 -1.373505 -0.473852
v 0.189043 -1.372832 -0.473852
v 0.189722 -1.372238 -0.473852
v 0.190491 -1.371732 -0.473852
v 0.191346 -1.371322 -0.473852
v 0.192281 -1.371019 -0.473852
v 0.193293 -1.370830 -0.473852
v 0.194379 -1.370765 -0.473852
v 0.195447 -1.370830 -0.473853
v 0.196447 -1.371020 -0.473853
v 0.197375 -1.371325 -0.473853
v 0.198226 -1.371736 -0.473853
v 0.198994 -1.372244 -0.473853
v 0.199675 -1.372839 -0.473853
v 0.200265 -1.373513 -0.473853
v 0.200758 -1.374256 -0.473853
v 0.201149 -1.375059 -0.473853
v 0.201435 -1.375913 -0.473853
v 0.201610 -1.376809 -0.473853
v 0.199658 -1.377737 -0.473853
v 0.199612 -1.377007 -0.473853
v 0.199477 -1.376316 -0.473853
v 0.199259 -1.375667 -0.473853
v 0.198962 -1.375066 -0.473853
v 0.198592 -1.374518 -0.473853
v 0.198154 -1.374027 -0.473853
v 0.197652 -1.373598 -0.473853
v 0.197093 -1.373237 -0.473853
v 0.196481 -1.372947 -0.473853
v 0.195821 -1.372734 -0.473853
v 0.195119 -1.372603 -0.473853
v 0.194379 -1.372558 -0.473852
v 0.193634 -1.372603 -0.473852
v 0.192928 -1.372734 -0.473852
v 0.192265 -1.372947 -0.473852
v 0.191651 -1.373237 -0.473852
v 0.191089 -1.373598 -0.473852
v 0.190587 -1.374027 -0.473852
v 0.190147 -1.374518 -0.473852
v 0.189777 -1.375066 -0.473852
v 0.189479 -1.375667 -0.473852
v 0.189261 -1.376316 -0.473852
v 0.189126 -1.377007 -0.473852
v 0.189080 -1.377737 -0.473852
v 0.189126 -1.378462 -0.473852
v 0.189261 -1.379151 -0.473852
v 0.189479 -1.379798 -0.473852
v 0.189777 -1.380399 -0.473852
v 0.190147 -1.380948 -0.473852
v 0.190587 -1.381440 -0.473852
v 0.191089 -1.381870 -0.473852
v 0.191651 -1.382233 -0.473852
v 0.192265 -1.382524 -0.473852
v 0.192928 -1.382739 -0.473852
v 0.193634 -1.382871 -0.473852
v 0.194379 -1.382916 -0.473852
v 0.195119 -1.382871 -0.473853
v 0.195821 -1.382739 -0.473853
v 0.196481 -1.382524 -0.473853
v 0.197093 -1.382233 -0.473853
v 0.197652 -1.381870 -0.473853
v 0.198154 -1.381440 -0.473853
v 0.198592 -1.380948 -0.473853
v 0.198962 -1.380399 -0.473853
v 0.199259 -1.379798 -0.473853
v 0.199477 -1.379151 -0.473853
v 0.199612 -1.378462 -0.473853
v 0.211331 -1.370944 -0.473853
v 0.211331 -1.384530 -0.473853
v 0.209379 -1.384530 -0.473853
v 0.209379 -1.378653 -0.473853
v 0.207347 -1.378653 -0.473853
v 0.206595 -1.378619 -0.473853
v 0.205914 -1.378520 -0.473853
v 0.205303 -1.378359 -0.473853
v 0.204760 -1.378141 -0.473853
v 0.204285 -1.377870 -0.473853
v 0.203876 -1.377550 -0.473853
v 0.203532 -1.377186 -0.473853
v 0.203253 -1.376782 -0.473853
v 0.203038 -1.376342 -0.473853
v 0.202886 -1.375871 -0.473853
v 0.202795 -1.375371 -0.473853
v 0.202765 -1.374849 -0.473853
v 0.202793 -1.374320 -0.473853
v 0.202879 -1.373812 -0.473853
v 0.203023 -1.373331 -0.473853
v 0.203226 -1.372880 -0.473853
v 0.203489 -1.372465 -0.473853
v 0.203813 -1.372090 -0.473853
v 0.204199 -1.371759 -0.473853
v 0.204648 -1.371479 -0.473853
v 0.205160 -1.371252 -0.473853
v 0.205737 -1.371084 -0.473853
v 0.206379 -1.370980 -0.473853
v 0.207088 -1.370944 -0.473853
v 0.209379 -1.372697 -0.473853
v 0.207088 -1.372697 -0.473853
v 0.206670 -1.372719 -0.473853
v 0.206301 -1.372782 -0.473853
v 0.205979 -1.372881 -0.473853
v 0.205701 -1.373013 -0.473853
v 0.205464 -1.373174 -0.473853
v 0.205268 -1.373360 -0.473853
v 0.205108 -1.373566 -0.473853
v 0.204982 -1.373789 -0.473853
v 0.204889 -1.374025 -0.473853
v 0.204825 -1.374270 -0.473853
v 0.204789 -1.374519 -0.473853
v 0.204777 -1.374769 -0.473853
v 0.204796 -1.375095 -0.473853
v 0.204853 -1.375397 -0.473853
v 0.204946 -1.375674 -0.473853
v 0.205074 -1.375924 -0.473853
v 0.205234 -1.376147 -0.473853
v 0.205427 -1.376343 -0.473853
v 0.205650 -1.376510 -0.473853
v 0.205901 -1.376649 -0.473853
v 0.206180 -1.376758 -0.473853
v 0.206485 -1.376837 -0.473853
v 0.206815 -1.376884 -0.473853
v 0.207167 -1.376900 -0.473853
v 0.209379 -1.376900 -0.473853
v 0.213900 -1.371721 -0.473853
v 0.214141 -1.371569 -0.473853
v 0.214385 -1.371429 -0.473853
v 0.214631 -1.371303 -0.473853
v 0.214880 -1.371190 -0.473853
v 0.215131 -1.371090 -0.473853
v 0.215384 -1.371004 -0.473853
v 0.215639 -1.370931 -0.473853
v 0.215895 -1.370871 -0.473853
v 0.216153 -1.370825 -0.473853
v 0.216411 -1.370792 -0.473853
v 0.216669 -1.370772 -0.473853
v 0.216928 -1.370765 -0.473853
v 0.217532 -1.370794 -0.473853
v 0.218098 -1.370880 -0.473853
v 0.218623 -1.371021 -0.473853
v 0.219104 -1.371214 -0.473853
v 0.219538 -1.371457 -0.473853
v 0.219924 -1.371749 -0.473853
v 0.220257 -1.372086 -0.473853
v 0.220536 -1.372468 -0.473853
v 0.220757 -1.372891 -0.473853
v 0.220919 -1.373354 -0.473853
v 0.221018 -1.373855 -0.473853
v 0.221052 -1.374390 -0.473853
v 0.220936 -1.375254 -0.473853
v 0.220616 -1.375996 -0.473853
v 0.220133 -1.376638 -0.473853
v 0.219528 -1.377198 -0.473853
v 0.218841 -1.377699 -0.473853
v 0.218113 -1.378160 -0.473853
v 0.217386 -1.378602 -0.473853
v 0.216699 -1.379046 -0.473853
v 0.216093 -1.379511 -0.473853
v 0.215610 -1.380019 -0.473853
v 0.215291 -1.380589 -0.473853
v 0.215175 -1.381243 -0.473853
v 0.215190 -1.381436 -0.473853
v 0.215234 -1.381633 -0.473853
v 0.215308 -1.381830 -0.473853
v 0.215412 -1.382024 -0.473853
v 0.215547 -1.382209 -0.473853
v 0.215713 -1.382383 -0.473853
v 0.215911 -1.382542 -0.473853
v 0.216140 -1.382680 -0.473853
v 0.216402 -1.382795 -0.473853
v 0.216697 -1.382882 -0.473853
v 0.217025 -1.382937 -0.473853
v 0.217386 -1.382956 -0.473853
v 0.217718 -1.382942 -0.473853
v 0.218046 -1.382899 -0.473853
v 0.218370 -1.382827 -0.473853
v 0.218688 -1.382728 -0.473853
v 0.219000 -1.382602 -0.473853
v 0.219306 -1.382448 -0.473853
v 0.219605 -1.382268 -0.473853
v 0.219896 -1.382062 -0.473853
v 0.220179 -1.381830 -0.473853
v 0.220453 -1.381573 -0.473853
v 0.220718 -1.381291 -0.473853
v 0.220972 -1.380984 -0.473853
v 0.220972 -1.383454 -0.473853
v 0.220687 -1.383659 -0.473853
v 0.220398 -1.383844 -0.473853
v 0.220106 -1.384012 -0.473853
v 0.219808 -1.384160 -0.473853
v 0.219506 -1.384290 -0.473853
v 0.219197 -1.384403 -0.473853
v 0.218880 -1.384497 -0.473853
v 0.218556 -1.384574 -0.473853
v 0.218224 -1.384633 -0.473853
v 0.217882 -1.384676 -0.473853
v 0.217530 -1.384701 -0.473853
v 0.217167 -1.384709 -0.473853
v 0.216632 -1.384677 -0.473853
v 0.216125 -1.384584 -0.473853
v 0.215648 -1.384433 -0.473853
v 0.215207 -1.384227 -0.473853
v 0.214804 -1.383970 -0.473853
v 0.214443 -1.383666 -0.473853
v 0.214128 -1.383317 -0.473853
v 0.213862 -1.382927 -0.473853
v 0.213649 -1.382499 -0.473853
v 0.213492 -1.382037 -0.473853
v 0.213396 -1.381544 -0.473853
v 0.213362 -1.381024 -0.473853
v 0.213478 -1.380030 -0.473853
v 0.213798 -1.379194 -0.473853
v 0.214281 -1.378490 -0.473853
v 0.214886 -1.377896 -0.473853
v 0.215573 -1.377385 -0.473853
v 0.216301 -1.376935 -0.473853
v 0.217028 -1.376521 -0.473853
v 0.217715 -1.376118 -0.473853
v 0.218321 -1.375701 -0.473853
v 0.218804 -1.375248 -0.473853
v 0.219123 -1.374733 -0.473853
v 0.219239 -1.374132 -0.473853
v 0.219220 -1.373899 -0.473853
v 0.219167 -1.373680 -0.473853
v 0.219079 -1.373476 -0.473853
v 0.218960 -1.373288 -0.473853
v 0.218811 -1.373118 -0.473853
v 0.218634 -1.372966 -0.473853
v 0.218431 -1.372834 -0.473853
v 0.218203 -1.372724 -0.473853
v 0.217953 -1.372636 -0.473853
v 0.217683 -1.372571 -0.473853
v 0.217393 -1.372532 -0.473853
v 0.217088 -1.372518 -0.473853
v 0.216854 -1.372525 -0.473853
v 0.216614 -1.372547 -0.473853
v 0.216365 -1.372585 -0.473853
v 0.216111 -1.372641 -0.473853
v 0.215850 -1.372717 -0.473853
v 0.215584 -1.372814 -0.473853
v 0.215312 -1.372934 -0.473853
v 0.215037 -1.373079 -0.473853
v 0.214757 -1.373249 -0.473853
v 0.214474 -1.373447 -0.473853
v 0.214188 -1.373674 -0.473853
v 0.213900 -1.373932 -0.473853
v 0.222605 -1.370944 -0.473853
v 0.230314 -1.370944 -0.473853
v 0.230314 -1.384530 -0.473853
v 0.222426 -1.384530 -0.473853
v 0.222426 -1.382777 -0.473853
v 0.228362 -1.382777 -0.473853
v 0.228362 -1.378554 -0.473853
v 0.222805 -1.378554 -0.473853
v 0.222805 -1.376801 -0.473853
v 0.228362 -1.376801 -0.473853
v 0.228362 -1.372697 -0.473853
v 0.222605 -1.372697 -0.473853
v 0.153563 -1.370944 -0.465945
v 0.153563 -1.384530 -0.465945
v 0.151611 -1.372697 -0.465945
v 0.145854 -1.370944 -0.465945
v 0.145854 -1.372697 -0.465945
v 0.151611 -1.376801 -0.465945
v 0.151611 -1.378554 -0.465945
v 0.146053 -1.376801 -0.465945
v 0.146053 -1.378554 -0.465945
v 0.151611 -1.382777 -0.465945
v 0.145675 -1.382777 -0.465945
v 0.145675 -1.384530 -0.465945
v 0.169140 -1.370944 -0.465945
v 0.169140 -1.384530 -0.465945
v 0.167586 -1.370944 -0.465945
v 0.167308 -1.374072 -0.465945
v 0.158383 -1.381462 -0.465945
v 0.158383 -1.370944 -0.465945
v 0.156551 -1.370944 -0.465945
v 0.156551 -1.384530 -0.465945
v 0.167308 -1.384530 -0.465945
v 0.158224 -1.384530 -0.465945
v 0.184698 -1.370944 -0.465945
v 0.184698 -1.384530 -0.465945
v 0.183144 -1.370944 -0.465945
v 0.182865 -1.374072 -0.465945
v 0.173941 -1.381462 -0.465945
v 0.173941 -1.370944 -0.465945
v 0.172108 -1.370944 -0.465945
v 0.172108 -1.384530 -0.465945
v 0.182865 -1.384530 -0.465945
v 0.173782 -1.384530 -0.465945
v 0.194379 -1.370765 -0.465945
v 0.195447 -1.370830 -0.465945
v 0.193293 -1.370830 -0.465945
v 0.192281 -1.371019 -0.465945
v 0.196447 -1.371020 -0.465945
v 0.191346 -1.371322 -0.465945
v 0.197375 -1.371325 -0.465945
v 0.190491 -1.371732 -0.465945
v 0.198226 -1.371736 -0.465945
v 0.189722 -1.372238 -0.465945
v 0.198994 -1.372244 -0.465945
v 0.189043 -1.372832 -0.465945
v 0.199675 -1.372839 -0.465945
v 0.194379 -1.372558 -0.465945
v 0.195119 -1.372603 -0.465945
v 0.193634 -1.372603 -0.465945
v 0.192928 -1.372734 -0.465945
v 0.195821 -1.372734 -0.465945
v 0.192265 -1.372947 -0.465945
v 0.196481 -1.372947 -0.465945
v 0.188456 -1.373505 -0.465945
v 0.200265 -1.373513 -0.465945
v 0.191651 -1.373237 -0.465945
v 0.197093 -1.373237 -0.465945
v 0.191089 -1.373598 -0.465945
v 0.197652 -1.373598 -0.465945
v 0.187968 -1.374247 -0.465945
v 0.200758 -1.374256 -0.465945
v 0.190587 -1.374027 -0.465945
v 0.198154 -1.374027 -0.465945
v 0.190147 -1.374518 -0.465945
v 0.198592 -1.374518 -0.465945
v 0.187580 -1.375051 -0.465945
v 0.201149 -1.375059 -0.465945
v 0.189777 -1.375066 -0.465945
v 0.198962 -1.375066 -0.465945
v 0.187298 -1.375906 -0.465945
v 0.201435 -1.375913 -0.465945
v 0.189479 -1.375667 -0.465945
v 0.199259 -1.375667 -0.465945
v 0.189261 -1.376316 -0.465945
v 0.199477 -1.376316 -0.465945
v 0.187126 -1.376805 -0.465945
v 0.201610 -1.376809 -0.465945
v 0.189126 -1.377007 -0.465945
v 0.199612 -1.377007 -0.465945
v 0.187068 -1.377737 -0.465945
v 0.201669 -1.377737 -0.465945
v 0.189080 -1.377737 -0.465945
v 0.199658 -1.377737 -0.465945
v 0.201612 -1.378648 -0.465945
v 0.199612 -1.378462 -0.465945
v 0.189126 -1.378462 -0.465945
v 0.187125 -1.378644 -0.465945
v 0.199477 -1.379151 -0.465945
v 0.189261 -1.379151 -0.465945
v 0.187293 -1.379526 -0.465945
v 0.201441 -1.379533 -0.465945
v 0.199259 -1.379798 -0.465945
v 0.189479 -1.379798 -0.465945
v 0.187570 -1.380373 -0.465945
v 0.201161 -1.380381 -0.465945
v 0.189777 -1.380399 -0.465945
v 0.198962 -1.380399 -0.465945
v 0.187951 -1.381174 -0.465945
v 0.200777 -1.381182 -0.465945
v 0.190147 -1.380948 -0.465945
v 0.198592 -1.380948 -0.465945
v 0.190587 -1.381440 -0.465945
v 0.198154 -1.381440 -0.465945
v 0.188435 -1.381919 -0.465945
v 0.200292 -1.381927 -0.465945
v 0.191089 -1.381870 -0.465945
v 0.197652 -1.381870 -0.465945
v 0.191651 -1.382233 -0.465945
v 0.197093 -1.382233 -0.465945
v 0.189018 -1.382598 -0.465945
v 0.199710 -1.382605 -0.465945
v 0.192265 -1.382524 -0.465945
v 0.196481 -1.382524 -0.465945
v 0.192928 -1.382739 -0.465945
v 0.195821 -1.382739 -0.465945
v 0.189696 -1.383200 -0.465945
v 0.199036 -1.383206 -0.465945
v 0.193634 -1.382871 -0.465945
v 0.195119 -1.382871 -0.465945
v 0.194379 -1.382916 -0.465945
v 0.190468 -1.383716 -0.465945
v 0.198273 -1.383720 -0.465945
v 0.191329 -1.384135 -0.465945
v 0.197426 -1.384138 -0.465945
v 0.192276 -1.384447 -0.465945
v 0.196498 -1.384449 -0.465945
v 0.193307 -1.384642 -0.465945
v 0.195495 -1.384642 -0.465945
v 0.194419 -1.384709 -0.465945
v 0.211331 -1.370944 -0.465945
v 0.211331 -1.384530 -0.465945
v 0.209379 -1.372697 -0.465945
v 0.207088 -1.370944 -0.465945
v 0.206379 -1.370980 -0.465945
v 0.205737 -1.371084 -0.465945
v 0.205160 -1.371252 -0.465945
v 0.204648 -1.371479 -0.465945
v 0.204199 -1.371759 -0.465945
v 0.203813 -1.372090 -0.465945
v 0.203489 -1.372465 -0.465945
v 0.207088 -1.372697 -0.465945
v 0.203226 -1.372880 -0.465945
v 0.209379 -1.376900 -0.465945
v 0.206670 -1.372719 -0.465945
v 0.206301 -1.372782 -0.465945
v 0.205979 -1.372881 -0.465945
v 0.203023 -1.373331 -0.465945
v 0.205701 -1.373013 -0.465945
v 0.205464 -1.373174 -0.465945
v 0.205268 -1.373360 -0.465945
v 0.202879 -1.373812 -0.465945
v 0.205108 -1.373566 -0.465945
v 0.204982 -1.373789 -0.465945
v 0.204889 -1.374025 -0.465945
v 0.202793 -1.374320 -0.465945
v 0.204825 -1.374270 -0.465945
v 0.204789 -1.374519 -0.465945
v 0.202765 -1.374849 -0.465945
v 0.204777 -1.374769 -0.465945
v 0.204796 -1.375095 -0.465945
v 0.202795 -1.375371 -0.465945
v 0.204853 -1.375397 -0.465945
v 0.202886 -1.375871 -0.465945
v 0.204946 -1.375674 -0.465945
v 0.205074 -1.375924 -0.465945
v 0.203038 -1.376342 -0.465945
v 0.205234 -1.376147 -0.465945
v 0.205427 -1.376343 -0.465945
v 0.203253 -1.376782 -0.465945
v 0.205650 -1.376510 -0.465945
v 0.205901 -1.376649 -0.465945
v 0.206180 -1.376758 -0.465945
v 0.206485 -1.376837 -0.465945
v 0.203532 -1.377186 -0.465945
v 0.206815 -1.376884 -0.465945
v 0.207167 -1.376900 -0.465945
v 0.209379 -1.378653 -0.465945
v 0.203876 -1.377550 -0.465945
v 0.204285 -1.377870 -0.465945
v 0.204760 -1.378141 -0.465945
v 0.205303 -1.378359 -0.465945
v 0.205914 -1.378520 -0.465945
v 0.206595 -1.378619 -0.465945
v 0.207347 -1.378653 -0.465945
v 0.209379 -1.384530 -0.465945
v 0.216928 -1.370765 -0.465945
v 0.217532 -1.370794 -0.465945
v 0.216669 -1.370772 -0.465945
v 0.216411 -1.370792 -0.465945
v 0.216153 -1.370825 -0.465945
v 0.218098 -1.370880 -0.465945
v 0.215895 -1.370871 -0.465945
v 0.215639 -1.370931 -0.465945
v 0.218623 -1.371021 -0.465945
v 0.215384 -1.371004 -0.465945
v 0.215131 -1.371090 -0.465945
v 0.219104 -1.371214 -0.465945
v 0.214880 -1.371190 -0.465945
v 0.214631 -1.371303 -0.465945
v 0.219538 -1.371457 -0.465945
v 0.214385 -1.371429 -0.465945
v 0.214141 -1.371569 -0.465945
v 0.219924 -1.371749 -0.465945
v 0.213900 -1.371721 -0.465945
v 0.216111 -1.372641 -0.465945
v 0.215850 -1.372717 -0.465945
v 0.215584 -1.372814 -0.465945
v 0.215312 -1.372934 -0.465945
v 0.215037 -1.373079 -0.465945
v 0.214757 -1.373249 -0.465945
v 0.214474 -1.373447 -0.465945
v 0.214188 -1.373674 -0.465945
v 0.213900 -1.373932 -0.465945
v 0.220257 -1.372086 -0.465945
v 0.216614 -1.372547 -0.465945
v 0.216365 -1.372585 -0.465945
v 0.220536 -1.372468 -0.465945
v 0.217088 -1.372518 -0.465945
v 0.216854 -1.372525 -0.465945
v 0.220757 -1.372891 -0.465945
v 0.217393 -1.372532 -0.465945
v 0.217683 -1.372571 -0.465945
v 0.217953 -1.372636 -0.465945
v 0.218203 -1.372724 -0.465945
v 0.218431 -1.372834 -0.465945
v 0.218634 -1.372966 -0.465945
v 0.220919 -1.373354 -0.465945
v 0.218811 -1.373118 -0.465945
v 0.218960 -1.373288 -0.465945
v 0.219079 -1.373476 -0.465945
v 0.221018 -1.373855 -0.465945
v 0.219167 -1.373680 -0.465945
v 0.219220 -1.373899 -0.465945
v 0.221052 -1.374390 -0.465945
v 0.219239 -1.374132 -0.465945
v 0.219123 -1.374733 -0.465945
v 0.220936 -1.375254 -0.465945
v 0.218804 -1.375248 -0.465945
v 0.218321 -1.375701 -0.465945
v 0.220616 -1.375996 -0.465945
v 0.217715 -1.376118 -0.465945
v 0.220133 -1.376638 -0.465945
v 0.217028 -1.376521 -0.465945
v 0.216301 -1.376935 -0.465945
v 0.219528 -1.377198 -0.465945
v 0.215573 -1.377385 -0.465945
v 0.218841 -1.377699 -0.465945
v 0.214886 -1.377896 -0.465945
v 0.218113 -1.378160 -0.465945
v 0.214281 -1.378490 -0.465945
v 0.217386 -1.378602 -0.465945
v 0.213798 -1.379194 -0.465945
v 0.216699 -1.379046 -0.465945
v 0.216093 -1.379511 -0.465945
v 0.213478 -1.380030 -0.465945
v 0.215610 -1.380019 -0.465945
v 0.215291 -1.380589 -0.465945
v 0.213362 -1.381024 -0.465945
v 0.215175 -1.381243 -0.465945
v 0.220972 -1.380984 -0.465945
v 0.220972 -1.383454 -0.465945
v 0.220718 -1.381291 -0.465945
v 0.213396 -1.381544 -0.465945
v 0.215190 -1.381436 -0.465945
v 0.220453 -1.381573 -0.465945
v 0.215234 -1.381633 -0.465945
v 0.213492 -1.382037 -0.465945
v 0.220179 -1.381830 -0.465945
v 0.215308 -1.381830 -0.465945
v 0.219896 -1.382062 -0.465945
v 0.215412 -1.382024 -0.465945
v 0.215547 -1.382209 -0.465945
v 0.213649 -1.382499 -0.465945
v 0.219605 -1.382268 -0.465945
v 0.215713 -1.382383 -0.465945
v 0.219306 -1.382448 -0.465945
v 0.215911 -1.382542 -0.465945
v 0.219000 -1.382602 -0.465945
v 0.213862 -1.382927 -0.465945
v 0.216140 -1.382680 -0.465945
v 0.218688 -1.382728 -0.465945
v 0.216402 -1.382795 -0.465945
v 0.218370 -1.382827 -0.465945
v 0.216697 -1.382882 -0.465945
v 0.218046 -1.382899 -0.465945
v 0.217025 -1.382937 -0.465945
v 0.217718 -1.382942 -0.465945
v 0.214128 -1.383317 -0.465945
v 0.217386 -1.382956 -0.465945
v 0.214443 -1.383666 -0.465945
v 0.220687 -1.383659 -0.465945
v 0.220398 -1.383844 -0.465945
v 0.214804 -1.383970 -0.465945
v 0.220106 -1.384012 -0.465945
v 0.215207 -1.384227 -0.465945
v 0.219808 -1.384160 -0.465945
v 0.219506 -1.384290 -0.465945
v 0.215648 -1.384433 -0.465945
v 0.219197 -1.384403 -0.465945
v 0.218880 -1.384497 -0.465945
v 0.216125 -1.384584 -0.465945
v 0.218556 -1.384574 -0.465945
v 0.218224 -1.384633 -0.465945
v 0.216632 -1.384677 -0.465945
v 0.217882 -1.384676 -0.465945
v 0.217530 -1.384701 -0.465945
v 0.217167 -1.384709 -0.465945
v 0.230314 -1.370944 -0.465945
v 0.230314 -1.384530 -0.465945
v 0.228362 -1.372697 -0.465945
v 0.222605 -1.370944 -0.465945
v 0.222605 -1.372697 -0.465945
v 0.228362 -1.376801 -0.465945
v 0.228362 -1.378554 -0.465945
v 0.222805 -1.376801 -0.465945
v 0.222805 -1.378554 -0.465945
v 0.228362 -1.382777 -0.465945
v 0.222426 -1.382777 -0.465945
v 0.222426 -1.384530 -0.465945
v -0.183876 -1.220413 0.470088
v -0.274682 -1.220413 0.470088
v -0.365488 -1.220413 0.470088
v -0.183877 -1.445316 -0.470088
v -0.274683 -1.445316 -0.470088
v -0.365489 -1.445316 -0.470088
v -0.183876 -1.240129 0.470088
v -0.274682 -1.240129 0.470088
v -0.365488 -1.240129 0.470088
v -0.365488 -1.445316 0.470088
v -0.274682 -1.445316 0.470088
v -0.183876 -1.445316 0.470088
v -0.183876 -1.408688 0.470088
v -0.274682 -1.408688 0.470088
v -0.365488 -1.408688 0.470088
v -0.183876 -1.240129 0.451884
v -0.274682 -1.240129 0.451884
v -0.365488 -1.240129 0.451884
v -0.183876 -1.408688 0.451884
v -0.274682 -1.408688 0.451884
v -0.365488 -1.408688 0.451884
v -0.537368 -1.366548 -0.446037
v -0.537368 -1.324408 -0.446037
v -0.537368 -1.282269 -0.446037
v 0.544837 -1.366548 0.421986
v 0.544837 -1.324408 0.421986
v 0.544837 -1.282269 0.421986
v -0.544836 -1.366548 0.421987
v -0.544836 -1.324408 0.421987
v -0.544836 -1.282269 0.421987
v -0.516961 -1.366548 0.463644
v -0.516961 -1.324408 0.463644
v -0.516961 -1.282269 0.463644
v -0.489086 -1.366548 -0.470088
v -0.489086 -1.324408 -0.470088
v -0.489086 -1.282269 -0.470088
v 0.516962 -1.366548 0.463644
v 0.516962 -1.324408 0.463644
v 0.516962 -1.282269 0.463644
v 0.537368 -1.366548 0.446037
v 0.537368 -1.324408 0.446037
v 0.537368 -1.282269 0.446037
v -0.544837 -1.366548 -0.421986
v -0.544837 -1.324408 -0.421986
v -0.544837 -1.282269 -0.421986
v -0.537367 -1.366548 0.446038
v -0.537367 -1.324408 0.446038
v -0.537367 -1.282269 0.446038
v -0.489086 -1.366548 0.470088
v -0.489086 -1.324408 0.470088
v -0.489086 -1.282269 0.470088
v 0.489087 -1.366548 0.470088
v 0.489087 -1.324408 0.470088
v 0.489087 -1.282269 0.470088
v -0.456294 -1.366548 0.470088
v -0.456294 -1.324408 0.470088
v -0.456294 -1.282269 0.470088
v -0.516962 -1.366548 -0.463644
v -0.516962 -1.324408 -0.463644
v -0.516962 -1.282269 -0.463644
v -0.093070 -1.366548 0.451884
v -0.093070 -1.324408 0.451884
v -0.093070 -1.282269 0.451884
v -0.456295 -1.366548 0.451884
v -0.456295 -1.324408 0.451884
v -0.456295 -1.282269 0.451884
v 0.489087 -1.366548 0.457877
v 0.489087 -1.324408 0.457877
v 0.489087 -1.282269 0.457877
v -0.093070 -1.366548 0.457878
v -0.093070 -1.324408 0.457878
v -0.093070 -1.282269 0.457878
v -0.183876 -1.282269 0.451884
v -0.183876 -1.324408 0.451884
v -0.183876 -1.366548 0.451884
v -0.274682 -1.282269 0.451884
v -0.302580 -1.337355 0.451884
v -0.302580 -1.353602 0.451884
v -0.365488 -1.282269 0.451884
v -0.337590 -1.337355 0.451884
v -0.337590 -1.353602 0.451884
v 0.295034 -1.240129 0.470088
v 0.100982 -1.240129 0.470088
v 0.100982 -1.220413 0.470088
v 0.295034 -1.220413 0.470088
v 0.100982 -1.408688 0.470088
v 0.295034 -1.408688 0.470088
v 0.100982 -1.445316 0.470088
v 0.295034 -1.445316 0.470088
v 0.295034 -1.240129 0.457878
v 0.100982 -1.240129 0.457878
v 0.100982 -1.408688 0.457878
v 0.295034 -1.408688 0.457878
v 0.257491 -1.358395 0.457878
v 0.138525 -1.358395 0.457878
v 0.257491 -1.332561 0.457878
v 0.138525 -1.332561 0.457878
v 0.295034 -1.282269 0.457878
v 0.100982 -1.282269 0.457878
v -0.465957 -1.527004 -0.336876
v -0.465957 -1.393004 -0.336876
v -0.465957 -1.527004 -0.381270
v -0.465957 -1.393004 -0.381270
v -0.421563 -1.527004 -0.336876
v -0.421563 -1.393004 -0.336876
v -0.421563 -1.527004 -0.381270
v -0.421563 -1.393004 -0.381270
v 0.399545 -1.527004 -0.336876
v 0.399545 -1.393004 -0.336876
v 0.399545 -1.527004 -0.381270
v 0.399545 -1.393004 -0.381270
v 0.443938 -1.527004 -0.336876
v 0.443938 -1.393004 -0.336876
v 0.443938 -1.527004 -0.381270
v 0.443938 -1.393004 -0.381270
v 0.399545 -1.527004 0.416838
v 0.399545 -1.393004 0.416838
v 0.399545 -1.527004 0.372445
v 0.399545 -1.393004 0.372445
v 0.443938 -1.527004 0.416838
v 0.443938 -1.393004 0.416838
v 0.443938 -1.527004 0.372445
v 0.443938 -1.393004 0.372445
vt 0.942885 0.632963
vt 0.944544 0.632963
vt 0.944544 0.634622
vt 0.942885 0.634622
vt 0.944544 0.636281
vt 0.942885 0.636281
vt 0.944544 0.637940
vt 0.942885 0.637940
vt 0.944544 0.639599
vt 0.942885 0.639599
vt 0.941226 0.636281
vt 0.941226 0.637940
vt 0.946203 0.636281
vt 0.946203 0.637940
vt 0.936354 0.636867
vt 0.936129 0.637012
vt 0.936129 0.636925
vt 0.936209 0.636925
vt 0.936209 0.636762
vt 0.936129 0.636762
vt 0.936129 0.636747
vt 0.936209 0.636747
vt 0.935707 0.636719
vt 0.935695 0.636722
vt 0.935680 0.636722
vt 0.935680 0.636340
vt 0.935683 0.636340
vt 0.935683 0.636264
vt 0.935680 0.636264
vt 0.935680 0.636233
vt 0.935695 0.636233
vt 0.935707 0.636236
vt 0.935716 0.636245
vt 0.935720 0.636258
vt 0.935720 0.636697
vt 0.935716 0.636710
vt 0.945250 0.370558
vt 0.945158 0.370558
vt 0.945067 0.370558
vt 0.944975 0.370558
vt 0.944883 0.370558
vt 0.944903 0.370544
vt 0.945043 0.370544
vt 0.945245 0.370544
vt 0.945245 0.370551
vt 0.945250 0.370551
vt 0.935680 0.636762
vt 0.935659 0.636783
vt 0.935639 0.636803
vt 0.935517 0.636722
vt 0.935517 0.636233
vt 0.935662 0.636264
vt 0.935640 0.636264
vt 0.935618 0.636264
vt 0.935618 0.636340
vt 0.935634 0.636340
vt 0.935668 0.636340
vt 0.936209 0.636030
vt 0.936129 0.636030
vt 0.936129 0.635769
vt 0.936209 0.635769
vt 0.936249 0.636762
vt 0.936249 0.636722
vt 0.936249 0.636233
vt 0.936249 0.636193
vt 0.936209 0.636697
vt 0.936129 0.636697
vt 0.936129 0.636258
vt 0.936209 0.636258
vt 0.936198 0.636182
vt 0.936198 0.636042
vt 0.936290 0.636152
vt 0.936270 0.636172
vt 0.935731 0.636042
vt 0.935731 0.636182
vt 0.935720 0.636030
vt 0.936131 0.636189
vt 0.936128 0.636191
vt 0.936122 0.636182
vt 0.936178 0.636193
vt 0.936188 0.636189
vt 0.936198 0.636182
vt 0.936198 0.636042
vt 0.936122 0.636042
vt 0.936122 0.636042
vt 0.935731 0.636042
vt 0.935731 0.636182
vt 0.944893 0.370392
vt 0.945242 0.370392
vt 0.945242 0.370392
vt 0.944893 0.370392
vt 0.936122 0.636182
vt 0.944893 0.630147
vt 0.944903 0.630159
vt 0.944840 0.630159
vt 0.944852 0.630147
vt 0.936129 0.636803
vt 0.936213 0.636245
vt 0.936222 0.636236
vt 0.936234 0.636233
vt 0.936222 0.636719
vt 0.936213 0.636710
vt 0.935234 0.636245
vt 0.935243 0.636236
vt 0.935256 0.636233
vt 0.935575 0.636867
vt 0.935531 0.636911
vt 0.935256 0.636722
vt 0.935243 0.636719
vt 0.935234 0.636710
vt 0.935231 0.636697
vt 0.935231 0.636258
vt 0.936178 0.636201
vt 0.936129 0.636208
vt 0.936129 0.636201
vt 0.936686 0.636719
vt 0.936673 0.636722
vt 0.936398 0.636911
vt 0.936412 0.636722
vt 0.936412 0.636233
vt 0.936673 0.636233
vt 0.936686 0.636236
vt 0.936695 0.636245
vt 0.936699 0.636258
vt 0.936699 0.636697
vt 0.936695 0.636710
vt 0.936943 0.637701
vt 0.936943 0.637701
vt 0.936943 0.637701
vt 0.936943 0.637701
vt 0.936131 0.637701
vt 0.936209 0.637701
vt 0.936209 0.637212
vt 0.936131 0.637212
vt 0.936209 0.637108
vt 0.936113 0.637096
vt 0.936209 0.636722
vt 0.936209 0.636233
vt 0.936131 0.636233
vt 0.936131 0.636722
vt 0.936157 0.636070
vt 0.936209 0.636014
vt 0.936209 0.635963
vt 0.936157 0.635907
vt 0.936103 0.635907
vt 0.936103 0.636070
vt 0.936197 0.636826
vt 0.936103 0.636838
vt 0.936209 0.635847
vt 0.936209 0.635744
vt 0.936131 0.635744
vt 0.936127 0.636747
vt 0.936209 0.636129
vt 0.936127 0.636208
vt 0.936699 0.636722
vt 0.936699 0.636233
vt 0.936595 0.636233
vt 0.936595 0.636722
vt 0.936479 0.636666
vt 0.936479 0.636233
vt 0.936428 0.636233
vt 0.936428 0.636666
vt 0.936206 0.635907
vt 0.936209 0.635907
vt 0.936206 0.636070
vt 0.936372 0.636722
vt 0.936535 0.636722
vt 0.936209 0.636885
vt 0.936209 0.637048
vt 0.936535 0.636233
vt 0.936313 0.636722
vt 0.936372 0.636233
vt 0.936313 0.636233
vt 0.945158 0.371537
vt 0.945250 0.371537
vt 0.945250 0.371549
vt 0.945158 0.371549
vt 0.945250 0.371574
vt 0.945158 0.371574
vt 0.945250 0.371587
vt 0.945158 0.371587
vt 0.945250 0.370571
vt 0.945158 0.370571
vt 0.945250 0.370596
vt 0.945158 0.370596
vt 0.945250 0.370608
vt 0.945158 0.370608
vt 0.945015 0.372026
vt 0.945015 0.372039
vt 0.944986 0.372039
vt 0.944986 0.372026
vt 0.944941 0.372039
vt 0.944883 0.372039
vt 0.944883 0.372026
vt 0.944941 0.372026
vt 0.945250 0.372026
vt 0.945250 0.372039
vt 0.945206 0.372039
vt 0.945206 0.372026
vt 0.945161 0.372026
vt 0.945161 0.372039
vt 0.945133 0.372039
vt 0.945133 0.372026
vt 0.945088 0.372026
vt 0.945088 0.372039
vt 0.945059 0.372039
vt 0.945059 0.372026
vt 0.945015 0.372051
vt 0.944986 0.372051
vt 0.944941 0.372051
vt 0.944883 0.372051
vt 0.945250 0.372051
vt 0.945206 0.372051
vt 0.945161 0.372051
vt 0.945133 0.372051
vt 0.945088 0.372051
vt 0.945059 0.372051
vt 0.945161 0.370118
vt 0.945206 0.370118
vt 0.945206 0.370107
vt 0.945250 0.370107
vt 0.945250 0.370119
vt 0.944883 0.370119
vt 0.944883 0.370107
vt 0.944941 0.370107
vt 0.944941 0.370118
vt 0.944986 0.370118
vt 0.944986 0.370107
vt 0.945015 0.370107
vt 0.945015 0.370118
vt 0.945059 0.370118
vt 0.945059 0.370107
vt 0.945088 0.370107
vt 0.945088 0.370118
vt 0.945133 0.370118
vt 0.945133 0.370107
vt 0.945161 0.370107
vt 0.945158 0.371048
vt 0.945250 0.371048
vt 0.945250 0.371060
vt 0.945158 0.371060
vt 0.945250 0.371085
vt 0.945158 0.371085
vt 0.945250 0.371098
vt 0.945158 0.371098
vt 0.936129 0.636245
vt 0.936129 0.636220
vt 0.936129 0.635756
vt 0.936209 0.635756
vt 0.936209 0.637701
vt 0.936129 0.637701
vt 0.936129 0.637688
vt 0.936209 0.637688
vt 0.936129 0.637676
vt 0.936209 0.637676
vt 0.936129 0.636735
vt 0.936129 0.636710
vt 0.936209 0.637237
vt 0.936129 0.637237
vt 0.936129 0.637224
vt 0.936209 0.637224
vt 0.936129 0.637199
vt 0.936209 0.637199
vt 0.936129 0.637186
vt 0.936209 0.637186
vt 0.936209 0.637299
vt 0.936209 0.637212
vt 0.935720 0.637212
vt 0.935720 0.637299
vt 0.936209 0.636722
vt 0.935720 0.636722
vt 0.935720 0.636635
vt 0.936209 0.636635
vt 0.935767 0.636635
vt 0.936534 0.636635
vt 0.936699 0.636722
vt 0.936699 0.636635
vt 0.935231 0.636722
vt 0.935395 0.636635
vt 0.935301 0.636635
vt 0.935231 0.636635
vt 0.935763 0.636762
vt 0.935720 0.636762
vt 0.935763 0.636747
vt 0.935763 0.637012
vt 0.935720 0.636925
vt 0.935763 0.636925
vt 0.935772 0.636182
vt 0.935772 0.636042
vt 0.935772 0.636042
vt 0.935763 0.636030
vt 0.935763 0.636803
vt 0.935772 0.636182
vt 0.935763 0.636697
vt 0.935763 0.636258
vt 0.935720 0.635769
vt 0.935763 0.635769
vt 0.935763 0.637676
vt 0.935720 0.637676
vt 0.935720 0.637237
vt 0.935763 0.637237
vt 0.944883 0.371587
vt 0.944975 0.371587
vt 0.945067 0.371587
vt 0.945206 0.371996
vt 0.945161 0.371996
vt 0.945133 0.371996
vt 0.945088 0.371996
vt 0.945059 0.371996
vt 0.945015 0.371996
vt 0.944986 0.371996
vt 0.944941 0.371996
vt 0.944943 0.370162
vt 0.944941 0.370156
vt 0.944986 0.370156
vt 0.944986 0.370162
vt 0.945015 0.370156
vt 0.945059 0.370156
vt 0.945059 0.370162
vt 0.945015 0.370162
vt 0.945161 0.370156
vt 0.945206 0.370156
vt 0.945206 0.370123
vt 0.945250 0.370380
vt 0.944883 0.370380
vt 0.944941 0.370123
vt 0.944941 0.370162
vt 0.944941 0.370195
vt 0.944941 0.370200
vt 0.944941 0.370233
vt 0.944986 0.370233
vt 0.944986 0.370200
vt 0.944986 0.370195
vt 0.945015 0.370195
vt 0.945015 0.370200
vt 0.945015 0.370233
vt 0.945059 0.370233
vt 0.945059 0.370200
vt 0.945059 0.370195
vt 0.945059 0.370123
vt 0.945088 0.370123
vt 0.945088 0.370156
vt 0.945133 0.370156
vt 0.945133 0.370162
vt 0.945088 0.370162
vt 0.945088 0.370195
vt 0.945088 0.370200
vt 0.945088 0.370233
vt 0.945133 0.370233
vt 0.945133 0.370200
vt 0.945133 0.370195
vt 0.945161 0.370195
vt 0.945161 0.370200
vt 0.945161 0.370233
vt 0.945206 0.370233
vt 0.945206 0.370200
vt 0.945206 0.370195
vt 0.945206 0.370162
vt 0.945161 0.370162
vt 0.945161 0.370123
vt 0.945133 0.370123
vt 0.945015 0.370123
vt 0.944986 0.370123
vt 0.944975 0.371048
vt 0.944883 0.371048
vt 0.944883 0.370608
vt 0.944975 0.370608
vt 0.945242 0.370532
vt 0.944893 0.370532
vt 0.944893 0.370532
vt 0.945242 0.370532
vt 0.936130 0.636884
vt 0.936129 0.636925
vt 0.936129 0.636884
vt 0.944975 0.371112
vt 0.944883 0.371112
vt 0.944883 0.371098
vt 0.944975 0.371098
vt 0.935763 0.636735
vt 0.935763 0.636710
vt 0.935720 0.635756
vt 0.935763 0.635756
vt 0.935720 0.637688
vt 0.935763 0.637688
vt 0.935763 0.637701
vt 0.935720 0.637701
vt 0.935763 0.636245
vt 0.935763 0.636220
vt 0.935763 0.636208
vt 0.935720 0.637224
vt 0.935763 0.637224
vt 0.935720 0.637199
vt 0.935763 0.637199
vt 0.935720 0.637186
vt 0.935763 0.637186
vt 0.945330 0.371073
vt 0.944840 0.371073
vt 0.944840 0.371428
vt 0.945330 0.371428
vt 0.945330 0.370764
vt 0.944840 0.370764
vt 0.945685 0.370903
vt 0.945635 0.370833
vt 0.945499 0.370781
vt 0.945685 0.371073
vt 0.944535 0.370833
vt 0.944485 0.370903
vt 0.944485 0.371073
vt 0.944671 0.370781
vt 0.945330 0.371562
vt 0.944840 0.371562
vt 0.944840 0.371872
vt 0.945330 0.371872
vt 0.945330 0.371073
vt 0.944840 0.371073
vt 0.945330 0.370763
vt 0.944840 0.370763
vt 0.945819 0.371073
vt 0.945819 0.370763
vt 0.944351 0.370763
vt 0.944351 0.371073
vt 0.945330 0.371562
vt 0.944840 0.371562
vt 0.944840 0.371872
vt 0.944858 0.371872
vt 0.945330 0.371872
vt 0.945330 0.371073
vt 0.944840 0.371073
vt 0.945330 0.370763
vt 0.944840 0.370763
vt 0.945819 0.371073
vt 0.945819 0.370763
vt 0.944351 0.370763
vt 0.944351 0.371073
vt 0.945330 0.371562
vt 0.944840 0.371562
vt 0.944840 0.371872
vt 0.945330 0.371872
vt 0.945330 0.371073
vt 0.944840 0.371073
vt 0.945330 0.370763
vt 0.944840 0.370763
vt 0.945819 0.371073
vt 0.945819 0.370763
vt 0.944351 0.370763
vt 0.944351 0.371073
vt 0.945330 0.371073
vt 0.944840 0.371073
vt 0.944840 0.371428
vt 0.945330 0.371428
vt 0.945330 0.370764
vt 0.944840 0.370764
vt 0.945499 0.370781
vt 0.945685 0.371073
vt 0.945685 0.370903
vt 0.945635 0.370833
vt 0.944485 0.370903
vt 0.944485 0.371073
vt 0.944671 0.370781
vt 0.944535 0.370833
vt 0.945330 0.371562
vt 0.944840 0.371562
vt 0.944840 0.371872
vt 0.945330 0.371872
vt 0.945330 0.371073
vt 0.944840 0.371073
vt 0.945330 0.370763
vt 0.944840 0.370763
vt 0.945819 0.371073
vt 0.945819 0.370763
vt 0.944351 0.370763
vt 0.944351 0.371073
vt 0.945330 0.371562
vt 0.944840 0.371562
vt 0.944840 0.371872
vt 0.945330 0.371872
vt 0.945330 0.371073
vt 0.944840 0.371073
vt 0.945330 0.370763
vt 0.944840 0.370763
vt 0.945819 0.371073
vt 0.945819 0.370763
vt 0.944351 0.370763
vt 0.944351 0.371073
vt 0.945330 0.371562
vt 0.944840 0.371562
vt 0.944840 0.371872
vt 0.945330 0.371872
vt 0.945330 0.371073
vt 0.944840 0.371073
vt 0.945330 0.370763
vt 0.944840 0.370763
vt 0.945819 0.371073
vt 0.945819 0.370763
vt 0.944351 0.370763
vt 0.944351 0.371073
vt 0.945330 0.371073
vt 0.944840 0.371073
vt 0.944840 0.371428
vt 0.945330 0.371428
vt 0.945330 0.370764
vt 0.944840 0.370764
vt 0.945499 0.370781
vt 0.945685 0.371073
vt 0.945685 0.370903
vt 0.945635 0.370833
vt 0.944485 0.370903
vt 0.944485 0.371073
vt 0.944671 0.370781
vt 0.944535 0.370833
vt 0.945330 0.371562
vt 0.944840 0.371562
vt 0.944840 0.371872
vt 0.945330 0.371872
vt 0.945330 0.371073
vt 0.944840 0.371073
vt 0.945330 0.370763
vt 0.944840 0.370763
vt 0.945819 0.371073
vt 0.945819 0.370763
vt 0.944351 0.370763
vt 0.944351 0.371073
vt 0.945330 0.371562
vt 0.944840 0.371562
vt 0.944840 0.371872
vt 0.945330 0.371872
vt 0.945330 0.371073
vt 0.944840 0.371073
vt 0.945330 0.370763
vt 0.944840 0.370763
vt 0.945819 0.371073
vt 0.945819 0.370763
vt 0.944351 0.370763
vt 0.944351 0.371073
vt 0.945330 0.371562
vt 0.944840 0.371562
vt 0.944840 0.371872
vt 0.945330 0.371872
vt 0.945330 0.371073
vt 0.944840 0.371073
vt 0.945330 0.370763
vt 0.944840 0.370763
vt 0.945819 0.371073
vt 0.945819 0.370763
vt 0.944351 0.370763
vt 0.944351 0.371073
vt 0.945330 0.371073
vt 0.944840 0.371073
vt 0.944840 0.371428
vt 0.945330 0.371428
vt 0.945330 0.370764
vt 0.944840 0.370764
vt 0.945499 0.370781
vt 0.945685 0.371073
vt 0.945685 0.370903
vt 0.945635 0.370833
vt 0.944485 0.370903
vt 0.944485 0.371073
vt 0.944671 0.370781
vt 0.944535 0.370833
vt 0.945330 0.371562
vt 0.944840 0.371562
vt 0.944840 0.371872
vt 0.945330 0.371872
vt 0.945330 0.371073
vt 0.944840 0.371073
vt 0.945330 0.370763
vt 0.944840 0.370763
vt 0.945819 0.371073
vt 0.945819 0.370763
vt 0.944351 0.370763
vt 0.944351 0.371073
vt 0.945330 0.371562
vt 0.944840 0.371562
vt 0.944840 0.371872
vt 0.945330 0.371872
vt 0.945330 0.371073
vt 0.944840 0.371073
vt 0.945330 0.370763
vt 0.944840 0.370763
vt 0.945819 0.371073
vt 0.945819 0.370763
vt 0.944351 0.370763
vt 0.944351 0.371073
vt 0.945330 0.371562
vt 0.944840 0.371562
vt 0.944840 0.371872
vt 0.945330 0.371872
vt 0.945330 0.371073
vt 0.944840 0.371073
vt 0.945330 0.370763
vt 0.944840 0.370763
vt 0.945819 0.371073
vt 0.945819 0.370763
vt 0.944351 0.370763
vt 0.944351 0.371073
vt 0.944975 0.371153
vt 0.944883 0.371153
vt 0.944883 0.371112
vt 0.944975 0.371112
vt 0.945158 0.371112
vt 0.945250 0.371112
vt 0.945250 0.371112
vt 0.945158 0.371112
vt 0.944975 0.371276
vt 0.944883 0.371276
vt 0.944883 0.371276
vt 0.944975 0.371276
vt 0.935763 0.636762
vt 0.935763 0.636803
vt 0.944975 0.371363
vt 0.944883 0.371363
vt 0.935763 0.636925
vt 0.935763 0.637012
vt 0.936129 0.637099
vt 0.936129 0.637186
vt 0.936129 0.637099
vt 0.944975 0.371537
vt 0.944883 0.371537
vt 0.944883 0.371537
vt 0.944975 0.371537
vt 0.938110 0.295204
vt 0.938110 0.295195
vt 0.938111 0.295195
vt 0.938111 0.295204
vt 0.938111 0.295195
vt 0.938111 0.295204
vt 0.938112 0.295195
vt 0.938112 0.295204
vt 0.938112 0.295195
vt 0.938112 0.295204
vt 0.938113 0.295195
vt 0.938113 0.295204
vt 0.938113 0.295195
vt 0.938113 0.295204
vt 0.938114 0.295195
vt 0.938114 0.295204
vt 0.938114 0.295195
vt 0.938114 0.295204
vt 0.938115 0.295195
vt 0.938115 0.295204
vt 0.938116 0.295195
vt 0.938116 0.295204
vt 0.938116 0.295195
vt 0.938116 0.295204
vt 0.938117 0.295195
vt 0.938117 0.295204
vt 0.938117 0.295195
vt 0.938117 0.295204
vt 0.938118 0.295195
vt 0.938118 0.295204
vt 0.938118 0.295195
vt 0.938118 0.295204
vt 0.938119 0.295195
vt 0.938119 0.295204
vt 0.938119 0.295195
vt 0.938119 0.295204
vt 0.938120 0.295195
vt 0.938120 0.295204
vt 0.938121 0.295195
vt 0.938121 0.295204
vt 0.938121 0.295195
vt 0.938121 0.295204
vt 0.938122 0.295195
vt 0.938122 0.295204
vt 0.938122 0.295195
vt 0.938122 0.295204
vt 0.938123 0.295195
vt 0.938123 0.295204
vt 0.938123 0.295195
vt 0.938123 0.295204
vt 0.938124 0.295195
vt 0.938124 0.295204
vt 0.938124 0.295195
vt 0.938124 0.295204
vt 0.938125 0.295195
vt 0.938125 0.295204
vt 0.938126 0.295195
vt 0.938126 0.295204
vt 0.938126 0.295195
vt 0.938126 0.295204
vt 0.938127 0.295195
vt 0.938127 0.295204
vt 0.938127 0.295209
vt 0.938127 0.295210
vt 0.938127 0.295210
vt 0.938127 0.295209
vt 0.938127 0.295195
vt 0.938127 0.295204
vt 0.938088 0.294510
vt 0.938087 0.294510
vt 0.938086 0.294511
vt 0.938085 0.294511
vt 0.938085 0.294512
vt 0.938084 0.294512
vt 0.938084 0.294513
vt 0.938084 0.294514
vt 0.938083 0.294515
vt 0.938084 0.294515
vt 0.938084 0.294516
vt 0.938084 0.294517
vt 0.938085 0.294518
vt 0.938085 0.294518
vt 0.938086 0.294519
vt 0.938087 0.294519
vt 0.938088 0.294519
vt 0.938089 0.294519
vt 0.938089 0.294519
vt 0.938090 0.294518
vt 0.938091 0.294518
vt 0.938091 0.294517
vt 0.938092 0.294516
vt 0.938092 0.294515
vt 0.938092 0.294515
vt 0.938092 0.294514
vt 0.938092 0.294513
vt 0.938091 0.294512
vt 0.938091 0.294512
vt 0.938090 0.294511
vt 0.938089 0.294511
vt 0.938089 0.294510
vt 0.938123 0.295204
vt 0.938123 0.295205
vt 0.938122 0.295205
vt 0.938121 0.295205
vt 0.938121 0.295206
vt 0.938120 0.295206
vt 0.938120 0.295207
vt 0.938120 0.295207
vt 0.938120 0.295208
vt 0.938120 0.295209
vt 0.938120 0.295210
vt 0.938120 0.295210
vt 0.938121 0.295211
vt 0.938121 0.295211
vt 0.938122 0.295211
vt 0.938123 0.295212
vt 0.938123 0.295212
vt 0.938124 0.295212
vt 0.938125 0.295211
vt 0.938125 0.295211
vt 0.938126 0.295211
vt 0.938126 0.295210
vt 0.938127 0.295208
vt 0.938127 0.295207
vt 0.938127 0.295207
vt 0.938126 0.295206
vt 0.938126 0.295206
vt 0.938125 0.295205
vt 0.938125 0.295205
vt 0.938124 0.295205
vt 0.938122 0.058493
vt 0.938118 0.058493
vt 0.938115 0.058493
vt 0.938112 0.058492
vt 0.938108 0.058490
vt 0.938106 0.058488
vt 0.938103 0.058485
vt 0.938102 0.058482
vt 0.938101 0.058479
vt 0.938100 0.058475
vt 0.938101 0.058472
vt 0.938102 0.058468
vt 0.938103 0.058465
vt 0.938106 0.058463
vt 0.938108 0.058460
vt 0.938112 0.058459
vt 0.938115 0.058458
vt 0.938118 0.058457
vt 0.938122 0.058458
vt 0.938125 0.058459
vt 0.938128 0.058460
vt 0.938131 0.058463
vt 0.938133 0.058465
vt 0.938135 0.058468
vt 0.938136 0.058472
vt 0.938136 0.058475
vt 0.938136 0.058479
vt 0.938135 0.058482
vt 0.938133 0.058485
vt 0.938131 0.058488
vt 0.938128 0.058490
vt 0.938125 0.058492
vt 0.938120 0.295209
vt 0.938120 0.295210
vt 0.938127 0.295208
vt 0.938120 0.295210
vt 0.938127 0.295207
vt 0.938121 0.295211
vt 0.938127 0.295207
vt 0.938121 0.295211
vt 0.938126 0.295206
vt 0.938122 0.295211
vt 0.938123 0.295204
vt 0.938123 0.295205
vt 0.938126 0.295206
vt 0.938123 0.295212
vt 0.938122 0.295205
vt 0.938125 0.295205
vt 0.938123 0.295212
vt 0.938121 0.295205
vt 0.938125 0.295205
vt 0.938124 0.295212
vt 0.938121 0.295206
vt 0.938124 0.295205
vt 0.938125 0.295211
vt 0.938120 0.295206
vt 0.938125 0.295211
vt 0.938120 0.295207
vt 0.938126 0.295211
vt 0.938120 0.295207
vt 0.938126 0.295210
vt 0.938120 0.295208
vt 0.944883 0.630174
vt 0.944840 0.630174
vt 0.945249 0.370541
vt 0.940698 0.749249
vt 0.940545 0.750174
vt 0.940698 0.750311
vt 0.940095 0.750311
vt 0.940095 0.750174
vt 0.940545 0.749853
vt 0.940545 0.749716
vt 0.940110 0.749853
vt 0.940110 0.749716
vt 0.940545 0.749386
vt 0.940081 0.749386
vt 0.940081 0.749249
vt 0.943859 0.748109
vt 0.943738 0.749171
vt 0.943859 0.749171
vt 0.943716 0.748927
vt 0.943018 0.748349
vt 0.942875 0.749171
vt 0.943018 0.749171
vt 0.942875 0.748109
vt 0.943716 0.748109
vt 0.943006 0.748109
vt 0.941682 0.749249
vt 0.941561 0.750311
vt 0.941682 0.750311
vt 0.941539 0.750067
vt 0.940841 0.749489
vt 0.940698 0.750311
vt 0.940841 0.750311
vt 0.940698 0.749249
vt 0.941539 0.749249
vt 0.940829 0.749249
vt 0.941682 0.749793
vt 0.941693 0.749624
vt 0.941682 0.749709
vt 0.941712 0.749546
vt 0.941692 0.749872
vt 0.941740 0.749475
vt 0.941712 0.749945
vt 0.941776 0.749410
vt 0.941740 0.750014
vt 0.941820 0.749352
vt 0.941776 0.750076
vt 0.941869 0.749302
vt 0.941819 0.750132
vt 0.941822 0.749717
vt 0.941822 0.749775
vt 0.941829 0.749659
vt 0.941843 0.749605
vt 0.941829 0.749831
vt 0.941863 0.749554
vt 0.941843 0.749883
vt 0.941925 0.749260
vt 0.941869 0.750181
vt 0.941888 0.749508
vt 0.941862 0.749933
vt 0.941919 0.749466
vt 0.941888 0.749978
vt 0.941985 0.749225
vt 0.941925 0.750224
vt 0.941955 0.749428
vt 0.941919 0.750019
vt 0.941996 0.749396
vt 0.941955 0.750056
vt 0.942050 0.749198
vt 0.941985 0.750258
vt 0.942040 0.749370
vt 0.941996 0.750087
vt 0.942118 0.749181
vt 0.942051 0.750284
vt 0.942089 0.749350
vt 0.942042 0.750113
vt 0.942140 0.749336
vt 0.942092 0.750133
vt 0.942189 0.749171
vt 0.942120 0.750302
vt 0.942195 0.749328
vt 0.942145 0.750147
vt 0.942262 0.749171
vt 0.942192 0.750311
vt 0.942252 0.749328
vt 0.942202 0.750154
vt 0.942263 0.750311
vt 0.942258 0.750154
vt 0.942308 0.749335
vt 0.942332 0.749180
vt 0.942313 0.750147
vt 0.942362 0.749349
vt 0.942400 0.749197
vt 0.942333 0.750302
vt 0.942364 0.750133
vt 0.942411 0.749369
vt 0.942465 0.749223
vt 0.942401 0.750284
vt 0.942457 0.749395
vt 0.942413 0.750113
vt 0.942526 0.749257
vt 0.942465 0.750258
vt 0.942498 0.749427
vt 0.942457 0.750086
vt 0.942534 0.749464
vt 0.942498 0.750054
vt 0.942582 0.749298
vt 0.942526 0.750224
vt 0.942565 0.749505
vt 0.942534 0.750017
vt 0.942591 0.749551
vt 0.942565 0.749975
vt 0.942632 0.749347
vt 0.942581 0.750181
vt 0.942611 0.749600
vt 0.942591 0.749929
vt 0.942624 0.749653
vt 0.942610 0.749879
vt 0.942676 0.749403
vt 0.942631 0.750132
vt 0.942631 0.749708
vt 0.942624 0.749824
vt 0.942631 0.749767
vt 0.942712 0.749465
vt 0.942675 0.750075
vt 0.942741 0.749534
vt 0.942712 0.750010
vt 0.942761 0.749610
vt 0.942741 0.749940
vt 0.942771 0.749691
vt 0.942760 0.749862
vt 0.942771 0.749778
vt 0.940905 0.748109
vt 0.940753 0.749034
vt 0.940905 0.749171
vt 0.940573 0.749171
vt 0.940518 0.749169
vt 0.940468 0.749160
vt 0.940423 0.749147
vt 0.940383 0.749130
vt 0.940348 0.749108
vt 0.940317 0.749082
vt 0.940292 0.749052
vt 0.940573 0.749034
vt 0.940271 0.749020
vt 0.940753 0.748705
vt 0.940541 0.749032
vt 0.940512 0.749028
vt 0.940487 0.749020
vt 0.940256 0.748985
vt 0.940465 0.749009
vt 0.940446 0.748997
vt 0.940431 0.748982
vt 0.940244 0.748947
vt 0.940418 0.748966
vt 0.940409 0.748949
vt 0.940401 0.748930
vt 0.940238 0.748907
vt 0.940396 0.748911
vt 0.940394 0.748892
vt 0.940235 0.748866
vt 0.940393 0.748872
vt 0.940394 0.748847
vt 0.940238 0.748825
vt 0.940399 0.748823
vt 0.940245 0.748786
vt 0.940406 0.748801
vt 0.940416 0.748782
vt 0.940257 0.748749
vt 0.940428 0.748764
vt 0.940443 0.748749
vt 0.940274 0.748715
vt 0.940461 0.748736
vt 0.940481 0.748725
vt 0.940502 0.748717
vt 0.940526 0.748710
vt 0.940295 0.748683
vt 0.940552 0.748707
vt 0.940580 0.748705
vt 0.940753 0.748568
vt 0.940322 0.748655
vt 0.940354 0.748630
vt 0.940391 0.748608
vt 0.940434 0.748591
vt 0.940482 0.748579
vt 0.940535 0.748571
vt 0.940594 0.748568
vt 0.940753 0.748109
vt 0.940449 0.745957
vt 0.940517 0.745956
vt 0.940497 0.745956
vt 0.940537 0.745958
vt 0.940557 0.745961
vt 0.940405 0.745964
vt 0.940577 0.745965
vt 0.940597 0.745969
vt 0.940364 0.745974
vt 0.940617 0.745975
vt 0.940637 0.745982
vt 0.940326 0.745989
vt 0.940656 0.745990
vt 0.940676 0.745999
vt 0.940292 0.746008
vt 0.940695 0.746009
vt 0.940714 0.746020
vt 0.940262 0.746030
vt 0.940733 0.746032
vt 0.940559 0.746103
vt 0.940580 0.746109
vt 0.940600 0.746117
vt 0.940621 0.746126
vt 0.940643 0.746138
vt 0.940665 0.746151
vt 0.940687 0.746167
vt 0.940709 0.746185
vt 0.940731 0.746205
vt 0.940235 0.746057
vt 0.940520 0.746095
vt 0.940539 0.746098
vt 0.940213 0.746086
vt 0.940483 0.746093
vt 0.940501 0.746093
vt 0.940196 0.746119
vt 0.940459 0.746093
vt 0.940436 0.746096
vt 0.940415 0.746101
vt 0.940396 0.746108
vt 0.940378 0.746116
vt 0.940362 0.746127
vt 0.940183 0.746155
vt 0.940348 0.746138
vt 0.940336 0.746152
vt 0.940327 0.746166
vt 0.940175 0.746194
vt 0.940320 0.746182
vt 0.940315 0.746199
vt 0.940172 0.746236
vt 0.940314 0.746217
vt 0.940322 0.746264
vt 0.940180 0.746304
vt 0.940347 0.746305
vt 0.940384 0.746341
vt 0.940205 0.746362
vt 0.940431 0.746374
vt 0.940242 0.746413
vt 0.940485 0.746406
vt 0.940542 0.746439
vt 0.940289 0.746457
vt 0.940598 0.746474
vt 0.940342 0.746497
vt 0.940651 0.746515
vt 0.940399 0.746533
vt 0.940698 0.746562
vt 0.940455 0.746568
vt 0.940736 0.746617
vt 0.940509 0.746603
vt 0.940556 0.746640
vt 0.940760 0.746683
vt 0.940593 0.746680
vt 0.940618 0.746725
vt 0.940768 0.746760
vt 0.940627 0.746776
vt 0.940172 0.746945
vt 0.940193 0.746776
vt 0.940173 0.746752
vt 0.940766 0.746801
vt 0.940625 0.746791
vt 0.940214 0.746799
vt 0.940622 0.746807
vt 0.940758 0.746840
vt 0.940235 0.746819
vt 0.940616 0.746822
vt 0.940257 0.746837
vt 0.940608 0.746837
vt 0.940597 0.746852
vt 0.940745 0.746876
vt 0.940279 0.746853
vt 0.940584 0.746865
vt 0.940303 0.746868
vt 0.940568 0.746877
vt 0.940327 0.746880
vt 0.940728 0.746909
vt 0.940550 0.746888
vt 0.940351 0.746890
vt 0.940529 0.746897
vt 0.940376 0.746898
vt 0.940506 0.746903
vt 0.940401 0.746904
vt 0.940481 0.746908
vt 0.940426 0.746907
vt 0.940707 0.746939
vt 0.940452 0.746909
vt 0.940682 0.746966
vt 0.940194 0.746961
vt 0.940216 0.746976
vt 0.940654 0.746990
vt 0.940239 0.746989
vt 0.940622 0.747010
vt 0.940262 0.747001
vt 0.940286 0.747012
vt 0.940587 0.747025
vt 0.940310 0.747021
vt 0.940335 0.747028
vt 0.940550 0.747037
vt 0.940360 0.747035
vt 0.940386 0.747039
vt 0.940510 0.747044
vt 0.940413 0.747043
vt 0.940440 0.747045
vt 0.940468 0.747046
vt 0.940235 0.748109
vt 0.940083 0.749034
vt 0.940235 0.749171
vt 0.939632 0.749171
vt 0.939632 0.749034
vt 0.940083 0.748713
vt 0.940083 0.748576
vt 0.939648 0.748713
vt 0.939648 0.748576
vt 0.940083 0.748246
vt 0.939618 0.748246
vt 0.939618 0.748109
vt 0.940715 0.748109
vt 0.940715 0.747046
vt 0.940563 0.747183
vt 0.940113 0.747046
vt 0.940113 0.747183
vt 0.940563 0.747504
vt 0.940563 0.747641
vt 0.940128 0.747504
vt 0.940128 0.747641
vt 0.940563 0.747972
vt 0.940099 0.747972
vt 0.940099 0.748109
vt 0.941890 0.748109
vt 0.941890 0.749171
vt 0.942012 0.749171
vt 0.942033 0.748927
vt 0.942731 0.748349
vt 0.942731 0.749171
vt 0.942875 0.749171
vt 0.942875 0.748109
vt 0.942033 0.748109
vt 0.942744 0.748109
vt 0.940905 0.748109
vt 0.940905 0.749171
vt 0.941027 0.749171
vt 0.941049 0.748927
vt 0.941747 0.748349
vt 0.941747 0.749171
vt 0.941890 0.749171
vt 0.941890 0.748109
vt 0.941049 0.748109
vt 0.941759 0.748109
vt 0.942771 0.749690
vt 0.942771 0.749774
vt 0.942781 0.749858
vt 0.942801 0.749936
vt 0.942781 0.749611
vt 0.942829 0.750008
vt 0.942800 0.749537
vt 0.942865 0.750073
vt 0.942828 0.749469
vt 0.942908 0.750130
vt 0.942864 0.749406
vt 0.942958 0.750181
vt 0.942908 0.749350
vt 0.942911 0.749765
vt 0.942911 0.749707
vt 0.942918 0.749823
vt 0.942932 0.749878
vt 0.942918 0.749652
vt 0.942951 0.749928
vt 0.942931 0.749599
vt 0.943013 0.750223
vt 0.942957 0.749301
vt 0.942977 0.749975
vt 0.942951 0.749550
vt 0.943008 0.750017
vt 0.942976 0.749505
vt 0.943073 0.750258
vt 0.943013 0.749259
vt 0.943044 0.750054
vt 0.943008 0.749463
vt 0.943084 0.750086
vt 0.943044 0.749427
vt 0.943138 0.750284
vt 0.943074 0.749225
vt 0.943129 0.750113
vt 0.943085 0.749395
vt 0.943206 0.750302
vt 0.943139 0.749198
vt 0.943177 0.750133
vt 0.943130 0.749369
vt 0.943229 0.750147
vt 0.943180 0.749349
vt 0.943277 0.750311
vt 0.943208 0.749180
vt 0.943283 0.750154
vt 0.943233 0.749335
vt 0.943350 0.750311
vt 0.943281 0.749171
vt 0.943340 0.750154
vt 0.943290 0.749328
vt 0.943352 0.749171
vt 0.943347 0.749329
vt 0.943397 0.750147
vt 0.943421 0.750303
vt 0.943401 0.749336
vt 0.943450 0.750133
vt 0.943489 0.750285
vt 0.943422 0.749181
vt 0.943453 0.749350
vt 0.943500 0.750113
vt 0.943554 0.750260
vt 0.943489 0.749198
vt 0.943545 0.750087
vt 0.943501 0.749370
vt 0.943614 0.750226
vt 0.943554 0.749225
vt 0.943586 0.750056
vt 0.943546 0.749396
vt 0.943622 0.750019
vt 0.943586 0.749428
vt 0.943670 0.750185
vt 0.943614 0.749259
vt 0.943654 0.749978
vt 0.943622 0.749465
vt 0.943679 0.749932
vt 0.943653 0.749507
vt 0.943720 0.750136
vt 0.943670 0.749301
vt 0.943699 0.749883
vt 0.943679 0.749554
vt 0.943713 0.749830
vt 0.943699 0.749604
vt 0.943764 0.750080
vt 0.943720 0.749351
vt 0.943720 0.749774
vt 0.943713 0.749658
vt 0.943720 0.749716
vt 0.943801 0.750017
vt 0.943764 0.749408
vt 0.943829 0.749948
vt 0.943800 0.749472
vt 0.943849 0.749873
vt 0.943829 0.749543
vt 0.943859 0.749791
vt 0.943849 0.749620
vt 0.943859 0.749704
vt 0.940715 0.747046
vt 0.940715 0.748109
vt 0.940868 0.747972
vt 0.941047 0.748109
vt 0.941103 0.748106
vt 0.941153 0.748098
vt 0.941198 0.748085
vt 0.941238 0.748067
vt 0.941273 0.748045
vt 0.941303 0.748019
vt 0.941329 0.747990
vt 0.941047 0.747972
vt 0.941349 0.747957
vt 0.940868 0.747643
vt 0.941080 0.747970
vt 0.941109 0.747965
vt 0.941134 0.747957
vt 0.941365 0.747922
vt 0.941156 0.747947
vt 0.941174 0.747934
vt 0.941190 0.747920
vt 0.941377 0.747884
vt 0.941202 0.747904
vt 0.941212 0.747886
vt 0.941219 0.747868
vt 0.941383 0.747845
vt 0.941224 0.747849
vt 0.941227 0.747829
vt 0.941385 0.747803
vt 0.941228 0.747810
vt 0.941227 0.747784
vt 0.941383 0.747762
vt 0.941222 0.747760
vt 0.941376 0.747723
vt 0.941215 0.747739
vt 0.941205 0.747719
vt 0.941364 0.747687
vt 0.941192 0.747702
vt 0.941177 0.747686
vt 0.941347 0.747652
vt 0.941160 0.747673
vt 0.941140 0.747662
vt 0.941118 0.747654
vt 0.941094 0.747648
vt 0.941325 0.747620
vt 0.941069 0.747644
vt 0.941041 0.747643
vt 0.940868 0.747506
vt 0.941299 0.747592
vt 0.941267 0.747567
vt 0.941229 0.747546
vt 0.941187 0.747529
vt 0.941139 0.747516
vt 0.941086 0.747508
vt 0.941027 0.747506
vt 0.940868 0.747046
vt 0.939853 0.747044
vt 0.939900 0.747046
vt 0.939920 0.747045
vt 0.939940 0.747044
vt 0.939960 0.747041
vt 0.939808 0.747038
vt 0.939981 0.747037
vt 0.940000 0.747032
vt 0.939767 0.747027
vt 0.940020 0.747026
vt 0.940040 0.747019
vt 0.939729 0.747012
vt 0.940060 0.747011
vt 0.940079 0.747002
vt 0.939695 0.746994
vt 0.940098 0.746992
vt 0.940117 0.746981
vt 0.939665 0.746971
vt 0.940136 0.746969
vt 0.939962 0.746899
vt 0.939983 0.746893
vt 0.940004 0.746885
vt 0.940025 0.746875
vt 0.940046 0.746864
vt 0.940068 0.746850
vt 0.940090 0.746835
vt 0.940112 0.746817
vt 0.940134 0.746796
vt 0.939639 0.746945
vt 0.939923 0.746907
vt 0.939943 0.746903
vt 0.939617 0.746915
vt 0.939886 0.746909
vt 0.939904 0.746908
vt 0.939599 0.746882
vt 0.939862 0.746908
vt 0.939840 0.746905
vt 0.939818 0.746900
vt 0.939799 0.746894
vt 0.939781 0.746885
vt 0.939765 0.746875
vt 0.939586 0.746846
vt 0.939751 0.746863
vt 0.939739 0.746850
vt 0.939730 0.746836
vt 0.939578 0.746807
vt 0.939723 0.746820
vt 0.939718 0.746803
vt 0.939575 0.746765
vt 0.939717 0.746784
vt 0.939725 0.746737
vt 0.939583 0.746698
vt 0.939750 0.746697
vt 0.939787 0.746661
vt 0.939608 0.746639
vt 0.939835 0.746628
vt 0.939645 0.746589
vt 0.939888 0.746596
vt 0.939945 0.746563
vt 0.939692 0.746545
vt 0.940001 0.746527
vt 0.939745 0.746505
vt 0.940055 0.746487
vt 0.939802 0.746468
vt 0.940102 0.746440
vt 0.939859 0.746433
vt 0.940139 0.746385
vt 0.939912 0.746398
vt 0.939959 0.746361
vt 0.940163 0.746319
vt 0.939996 0.746321
vt 0.940021 0.746277
vt 0.940172 0.746241
vt 0.940030 0.746225
vt 0.939575 0.746056
vt 0.939577 0.746250
vt 0.939596 0.746225
vt 0.940169 0.746201
vt 0.940028 0.746210
vt 0.939617 0.746203
vt 0.940025 0.746195
vt 0.940161 0.746162
vt 0.939638 0.746183
vt 0.940019 0.746180
vt 0.939660 0.746165
vt 0.940011 0.746164
vt 0.940000 0.746150
vt 0.940148 0.746126
vt 0.939683 0.746148
vt 0.939987 0.746137
vt 0.939706 0.746134
vt 0.939971 0.746124
vt 0.939730 0.746122
vt 0.940131 0.746093
vt 0.939953 0.746114
vt 0.939754 0.746112
vt 0.939933 0.746105
vt 0.939779 0.746104
vt 0.939910 0.746098
vt 0.939804 0.746098
vt 0.939884 0.746094
vt 0.939830 0.746094
vt 0.940110 0.746062
vt 0.939856 0.746093
vt 0.940085 0.746035
vt 0.939597 0.746040
vt 0.939619 0.746025
vt 0.940057 0.746012
vt 0.939642 0.746012
vt 0.940025 0.745992
vt 0.939665 0.746000
vt 0.939689 0.745990
vt 0.939991 0.745976
vt 0.939713 0.745981
vt 0.939738 0.745973
vt 0.939953 0.745965
vt 0.939763 0.745967
vt 0.939789 0.745962
vt 0.939913 0.745958
vt 0.939816 0.745959
vt 0.939843 0.745957
vt 0.939871 0.745956
vt 0.941385 0.747046
vt 0.941385 0.745983
vt 0.941233 0.746121
vt 0.940783 0.745983
vt 0.940783 0.746121
vt 0.941233 0.746442
vt 0.941233 0.746579
vt 0.940798 0.746442
vt 0.940798 0.746579
vt 0.941233 0.746909
vt 0.940768 0.746909
vt 0.940768 0.747046
vt 0.940332 0.745337
vt 0.940332 0.745956
vt 0.940383 0.745956
vt 0.940383 0.745337
vt 0.941002 0.744746
vt 0.941002 0.745365
vt 0.941034 0.745365
vt 0.941034 0.744746
vt 0.942622 0.746362
vt 0.942004 0.746362
vt 0.942004 0.746432
vt 0.942622 0.746432
vt 0.943241 0.745553
vt 0.942622 0.745553
vt 0.942622 0.745619
vt 0.943241 0.745619
vt 0.938275 0.744837
vt 0.938275 0.745455
vt 0.938298 0.745455
vt 0.938298 0.744837
vt 0.939480 0.747846
vt 0.938861 0.747846
vt 0.938861 0.747909
vt 0.939480 0.747909
vt 0.941876 0.744734
vt 0.941876 0.745352
vt 0.941898 0.745352
vt 0.941898 0.744734
vt 0.937839 0.747490
vt 0.937839 0.748109
vt 0.937860 0.748109
vt 0.937860 0.747490
vt 0.938775 0.746428
vt 0.938775 0.747046
vt 0.938824 0.747046
vt 0.938824 0.746428
vt 0.938321 0.745455
vt 0.938321 0.744837
vt 0.942004 0.745726
vt 0.941385 0.745726
vt 0.941385 0.745797
vt 0.942004 0.745797
vt 0.938861 0.747969
vt 0.939480 0.747969
vt 0.941919 0.745352
vt 0.941919 0.744734
vt 0.942004 0.746502
vt 0.942622 0.746502
vt 0.937818 0.747490
vt 0.937818 0.748109
vt 0.943859 0.745888
vt 0.943241 0.745888
vt 0.943241 0.745954
vt 0.943859 0.745954
vt 0.938344 0.745455
vt 0.938344 0.744837
vt 0.943609 0.744788
vt 0.943609 0.745407
vt 0.943646 0.745407
vt 0.943646 0.744788
vt 0.942004 0.746253
vt 0.941385 0.746253
vt 0.941385 0.746315
vt 0.942004 0.746315
vt 0.938376 0.745455
vt 0.938376 0.744837
vt 0.943241 0.745491
vt 0.942622 0.745491
vt 0.942622 0.745469
vt 0.942004 0.745469
vt 0.942004 0.745503
vt 0.942622 0.745503
vt 0.943241 0.746135
vt 0.942622 0.746135
vt 0.942622 0.746932
vt 0.943241 0.746932
vt 0.938861 0.748023
vt 0.939480 0.748023
vt 0.941939 0.745352
vt 0.941939 0.744734
vt 0.940434 0.745956
vt 0.940434 0.745337
vt 0.937796 0.747490
vt 0.937796 0.748109
vt 0.938376 0.744837
vt 0.938376 0.745455
vt 0.938420 0.745455
vt 0.938420 0.744837
vt 0.938861 0.748070
vt 0.939480 0.748070
vt 0.941957 0.745352
vt 0.941957 0.744734
vt 0.938468 0.745455
vt 0.938468 0.744837
vt 0.938725 0.746428
vt 0.938725 0.747046
vt 0.938402 0.749693
vt 0.938402 0.750311
vt 0.938845 0.750311
vt 0.938845 0.749693
vt 0.937860 0.749693
vt 0.937860 0.750311
vt 0.937879 0.750311
vt 0.937879 0.749693
vt 0.941974 0.745352
vt 0.941974 0.744734
vt 0.940486 0.745956
vt 0.940486 0.745337
vt 0.940412 0.744719
vt 0.940412 0.745337
vt 0.940768 0.745337
vt 0.940768 0.744719
vt 0.938518 0.745455
vt 0.938518 0.744837
vt 0.943241 0.745431
vt 0.942622 0.745431
vt 0.937808 0.744218
vt 0.937808 0.744837
vt 0.937911 0.744837
vt 0.937911 0.744218
vt 0.938861 0.748109
vt 0.939480 0.748109
vt 0.937901 0.750311
vt 0.937901 0.749693
vt 0.942622 0.745437
vt 0.942004 0.745437
vt 0.938673 0.746428
vt 0.938673 0.747046
vt 0.939024 0.744218
vt 0.939024 0.744837
vt 0.939264 0.744837
vt 0.939264 0.744218
vt 0.940106 0.745337
vt 0.940106 0.745956
vt 0.940150 0.745956
vt 0.940150 0.745337
vt 0.938572 0.744218
vt 0.938572 0.744837
vt 0.938717 0.744837
vt 0.938717 0.744218
vt 0.937923 0.750311
vt 0.937923 0.749693
vt 0.941990 0.745352
vt 0.941990 0.744734
vt 0.938569 0.745455
vt 0.938569 0.744837
vt 0.943859 0.745819
vt 0.943241 0.745819
vt 0.939544 0.744218
vt 0.939544 0.744837
vt 0.939575 0.744837
vt 0.939575 0.744218
vt 0.937947 0.750311
vt 0.937947 0.749693
vt 0.942004 0.745352
vt 0.942004 0.744734
vt 0.941385 0.746381
vt 0.942004 0.746381
vt 0.937804 0.745809
vt 0.937804 0.746428
vt 0.938123 0.746428
vt 0.938123 0.745809
vt 0.940059 0.745337
vt 0.940059 0.745956
vt 0.941353 0.744746
vt 0.941353 0.745365
vt 0.941385 0.745365
vt 0.941385 0.744746
vt 0.937972 0.750311
vt 0.937972 0.749693
vt 0.940537 0.745956
vt 0.940537 0.745337
vt 0.938123 0.745809
vt 0.938123 0.746428
vt 0.938467 0.746428
vt 0.938467 0.745809
vt 0.943252 0.744788
vt 0.943252 0.745407
vt 0.943264 0.745407
vt 0.943264 0.744788
vt 0.942622 0.745407
vt 0.942004 0.745407
vt 0.943138 0.744194
vt 0.943138 0.744813
vt 0.943241 0.744813
vt 0.943241 0.744194
vt 0.942004 0.745657
vt 0.941385 0.745657
vt 0.937999 0.750311
vt 0.937999 0.749693
vt 0.937794 0.746428
vt 0.937794 0.747046
vt 0.937808 0.747046
vt 0.937808 0.746428
vt 0.942004 0.746572
vt 0.942622 0.746572
vt 0.938622 0.746428
vt 0.938622 0.747046
vt 0.937801 0.744837
vt 0.937801 0.745455
vt 0.938048 0.745455
vt 0.938048 0.744837
vt 0.939514 0.744218
vt 0.939514 0.744837
vt 0.938028 0.750311
vt 0.938028 0.749693
vt 0.937828 0.747046
vt 0.937828 0.746428
vt 0.940587 0.745956
vt 0.940587 0.745337
vt 0.938621 0.745455
vt 0.938621 0.744837
vt 0.943277 0.745407
vt 0.943277 0.744788
vt 0.938038 0.746428
vt 0.938038 0.747046
vt 0.938378 0.747046
vt 0.938378 0.746428
vt 0.938058 0.750311
vt 0.938058 0.749693
vt 0.938372 0.747490
vt 0.938372 0.748109
vt 0.938861 0.748109
vt 0.938861 0.747490
vt 0.939581 0.744719
vt 0.939581 0.745337
vt 0.939710 0.745337
vt 0.939710 0.744719
vt 0.942590 0.744789
vt 0.942590 0.745407
vt 0.942622 0.745407
vt 0.942622 0.744789
vt 0.938570 0.746428
vt 0.938570 0.747046
vt 0.937911 0.744218
vt 0.937911 0.744837
vt 0.938013 0.744837
vt 0.938013 0.744218
vt 0.940011 0.745337
vt 0.940011 0.745956
vt 0.941319 0.744746
vt 0.941319 0.745365
vt 0.943683 0.745407
vt 0.943683 0.744788
vt 0.937849 0.747046
vt 0.937849 0.746428
vt 0.938673 0.745455
vt 0.938673 0.744837
vt 0.943859 0.745749
vt 0.943241 0.745749
vt 0.939484 0.744218
vt 0.939484 0.744837
vt 0.941385 0.746449
vt 0.942004 0.746449
vt 0.943293 0.745407
vt 0.943293 0.744788
vt 0.937824 0.749693
vt 0.937824 0.750311
vt 0.937841 0.750311
vt 0.937841 0.749693
vt 0.942556 0.744789
vt 0.942556 0.745407
vt 0.939960 0.745337
vt 0.939960 0.745956
vt 0.937870 0.747046
vt 0.937870 0.746428
vt 0.940636 0.745956
vt 0.940636 0.745337
vt 0.940081 0.749514
vt 0.939462 0.749514
vt 0.939462 0.750311
vt 0.940081 0.750311
vt 0.942004 0.745589
vt 0.941385 0.745589
vt 0.939456 0.744218
vt 0.939456 0.744837
vt 0.943720 0.745407
vt 0.943720 0.744788
vt 0.937891 0.747046
vt 0.937891 0.746428
vt 0.942004 0.746641
vt 0.942622 0.746641
vt 0.943310 0.745407
vt 0.943310 0.744788
vt 0.938520 0.746428
vt 0.938520 0.747046
vt 0.940683 0.745956
vt 0.940683 0.745337
vt 0.938725 0.745455
vt 0.938725 0.744837
vt 0.943328 0.745407
vt 0.943328 0.744788
vt 0.942799 0.744813
vt 0.942799 0.745431
vt 0.943241 0.745431
vt 0.943241 0.744813
vt 0.937793 0.749693
vt 0.937793 0.750311
vt 0.937808 0.750311
vt 0.937808 0.749693
vt 0.942521 0.744789
vt 0.942521 0.745407
vt 0.940055 0.744719
vt 0.940055 0.745337
vt 0.940412 0.745337
vt 0.940412 0.744719
vt 0.937912 0.747046
vt 0.937912 0.746428
vt 0.942933 0.744194
vt 0.942933 0.744813
vt 0.943036 0.744813
vt 0.943036 0.744194
vt 0.938470 0.746428
vt 0.938470 0.747046
vt 0.939909 0.745337
vt 0.939909 0.745956
vt 0.941284 0.744746
vt 0.941284 0.745365
vt 0.943756 0.745407
vt 0.943756 0.744788
vt 0.937934 0.747046
vt 0.937934 0.746428
vt 0.938775 0.745455
vt 0.938775 0.744837
vt 0.938717 0.744218
vt 0.938717 0.744837
vt 0.938957 0.744837
vt 0.938957 0.744218
vt 0.943859 0.745679
vt 0.943241 0.745679
vt 0.939428 0.744218
vt 0.939428 0.744837
vt 0.941385 0.746519
vt 0.942004 0.746519
vt 0.943346 0.745407
vt 0.943346 0.744788
vt 0.937775 0.749693
vt 0.937775 0.750311
vt 0.942484 0.744789
vt 0.942484 0.745407
vt 0.939858 0.745337
vt 0.939858 0.745956
vt 0.937955 0.747046
vt 0.937955 0.746428
vt 0.940727 0.745956
vt 0.940727 0.745337
vt 0.938053 0.747490
vt 0.938053 0.748109
vt 0.938372 0.748109
vt 0.938372 0.747490
vt 0.942186 0.744789
vt 0.942186 0.745407
vt 0.942203 0.745407
vt 0.942203 0.744789
vt 0.942004 0.745524
vt 0.941385 0.745524
vt 0.939401 0.744218
vt 0.939401 0.744837
vt 0.939710 0.744719
vt 0.939710 0.745337
vt 0.940055 0.745337
vt 0.940055 0.744719
vt 0.937976 0.747046
vt 0.937976 0.746428
vt 0.942004 0.746708
vt 0.942622 0.746708
vt 0.943366 0.745407
vt 0.943366 0.744788
vt 0.942830 0.744194
vt 0.942830 0.744813
vt 0.942933 0.744813
vt 0.942933 0.744194
vt 0.942168 0.744789
vt 0.942168 0.745407
vt 0.938423 0.746428
vt 0.938423 0.747046
vt 0.937997 0.747046
vt 0.937997 0.746428
vt 0.940768 0.745956
vt 0.940768 0.745337
vt 0.938824 0.745455
vt 0.938824 0.744837
vt 0.937800 0.748553
vt 0.937800 0.749171
vt 0.938047 0.749171
vt 0.938047 0.748553
vt 0.942150 0.744789
vt 0.942150 0.745407
vt 0.939376 0.744218
vt 0.939376 0.744837
vt 0.938018 0.747046
vt 0.938018 0.746428
vt 0.938047 0.748553
vt 0.938047 0.749171
vt 0.938387 0.749171
vt 0.938387 0.748553
vt 0.942132 0.744789
vt 0.942132 0.745407
vt 0.938378 0.746428
vt 0.938378 0.747046
vt 0.939807 0.745337
vt 0.939807 0.745956
vt 0.941248 0.744746
vt 0.941248 0.745365
vt 0.938467 0.745809
vt 0.938467 0.746428
vt 0.938956 0.746428
vt 0.938956 0.745809
vt 0.943386 0.745407
vt 0.943386 0.744788
vt 0.943036 0.744194
vt 0.943036 0.744813
vt 0.943138 0.744813
vt 0.943138 0.744194
vt 0.942113 0.744789
vt 0.942113 0.745407
vt 0.942446 0.744789
vt 0.942446 0.745407
vt 0.942004 0.745463
vt 0.941385 0.745463
vt 0.939618 0.748374
vt 0.939000 0.748374
vt 0.939000 0.749171
vt 0.939618 0.749171
vt 0.943792 0.745407
vt 0.943792 0.744788
vt 0.938038 0.747046
vt 0.938038 0.746428
vt 0.943859 0.745608
vt 0.943241 0.745608
vt 0.942004 0.746773
vt 0.942622 0.746773
vt 0.941385 0.746591
vt 0.942004 0.746591
vt 0.939351 0.744218
vt 0.939351 0.744837
vt 0.943859 0.748020
vt 0.943241 0.748020
vt 0.943241 0.748109
vt 0.943859 0.748109
vt 0.940856 0.744746
vt 0.940856 0.745365
vt 0.940875 0.745365
vt 0.940875 0.744746
vt 0.938871 0.745455
vt 0.938871 0.744837
vt 0.943406 0.745407
vt 0.943406 0.744788
vt 0.942095 0.744789
vt 0.942095 0.745407
vt 0.943859 0.745539
vt 0.943241 0.745539
vt 0.942078 0.744789
vt 0.942078 0.745407
vt 0.941385 0.746664
vt 0.942004 0.746664
vt 0.939756 0.745337
vt 0.939756 0.745956
vt 0.939327 0.744218
vt 0.939327 0.744837
vt 0.943859 0.746932
vt 0.943241 0.746932
vt 0.938916 0.745455
vt 0.938916 0.744837
vt 0.943426 0.745407
vt 0.943426 0.744788
vt 0.938845 0.749693
vt 0.938845 0.750311
vt 0.939462 0.750311
vt 0.939462 0.749693
vt 0.942060 0.744789
vt 0.942060 0.745407
vt 0.941002 0.745365
vt 0.941002 0.744746
vt 0.943826 0.745407
vt 0.943826 0.744788
vt 0.943859 0.745472
vt 0.943241 0.745472
vt 0.938119 0.744218
vt 0.938119 0.744837
vt 0.938224 0.744837
vt 0.938224 0.744218
vt 0.941385 0.746736
vt 0.942004 0.746736
vt 0.939707 0.745337
vt 0.939707 0.745956
vt 0.939305 0.744218
vt 0.939305 0.744837
vt 0.942407 0.744789
vt 0.942407 0.745407
vt 0.943447 0.745407
vt 0.943447 0.744788
vt 0.939575 0.745455
vt 0.938956 0.745455
vt 0.938956 0.746251
vt 0.939575 0.746251
vt 0.942044 0.744789
vt 0.942044 0.745407
vt 0.942004 0.745405
vt 0.941385 0.745405
vt 0.938224 0.744218
vt 0.938224 0.744837
vt 0.938337 0.744837
vt 0.938337 0.744218
vt 0.942367 0.744789
vt 0.942367 0.745407
vt 0.943859 0.745407
vt 0.943241 0.745407
vt 0.942004 0.746835
vt 0.942622 0.746835
vt 0.940773 0.745365
vt 0.940773 0.745983
vt 0.941385 0.745983
vt 0.941385 0.745365
vt 0.942028 0.744789
vt 0.942028 0.745407
vt 0.941385 0.746807
vt 0.942004 0.746807
vt 0.939284 0.744218
vt 0.939284 0.744837
vt 0.942622 0.746943
vt 0.942004 0.746943
vt 0.942004 0.748005
vt 0.942622 0.748005
vt 0.943859 0.745407
vt 0.943859 0.744788
vt 0.942326 0.744789
vt 0.942326 0.745407
vt 0.938957 0.745455
vt 0.938957 0.744837
vt 0.941385 0.746877
vt 0.942004 0.746877
vt 0.941212 0.744746
vt 0.941212 0.745365
vt 0.942004 0.748109
vt 0.942622 0.748109
vt 0.942285 0.744789
vt 0.942285 0.745407
vt 0.941385 0.746943
vt 0.942004 0.746943
vt 0.943466 0.745407
vt 0.943466 0.744788
vt 0.943859 0.746135
vt 0.943241 0.746135
vt 0.943241 0.746932
vt 0.943859 0.746932
vt 0.942014 0.744789
vt 0.942014 0.745407
vt 0.940099 0.747311
vt 0.939480 0.747311
vt 0.939480 0.748109
vt 0.940099 0.748109
vt 0.939659 0.745337
vt 0.939659 0.745956
vt 0.942244 0.744789
vt 0.942244 0.745407
vt 0.942622 0.747022
vt 0.943241 0.747022
vt 0.943241 0.746932
vt 0.942622 0.746932
vt 0.943241 0.746096
vt 0.942622 0.746096
vt 0.942622 0.746135
vt 0.943241 0.746135
vt 0.942004 0.745352
vt 0.941385 0.745352
vt 0.939264 0.744218
vt 0.939264 0.744837
vt 0.939480 0.747418
vt 0.938861 0.747418
vt 0.938861 0.747466
vt 0.939480 0.747466
vt 0.942203 0.744789
vt 0.942203 0.745407
vt 0.942004 0.746893
vt 0.942622 0.746893
vt 0.942628 0.744813
vt 0.942628 0.745431
vt 0.942753 0.745431
vt 0.942753 0.744813
vt 0.942622 0.745863
vt 0.942004 0.745863
vt 0.942004 0.746106
vt 0.942622 0.746106
vt 0.942799 0.745431
vt 0.942799 0.744813
vt 0.940150 0.745337
vt 0.940150 0.745956
vt 0.940191 0.745956
vt 0.940191 0.745337
vt 0.941175 0.744746
vt 0.941175 0.745365
vt 0.942622 0.748109
vt 0.943241 0.748109
vt 0.943241 0.746050
vt 0.942622 0.746050
vt 0.938451 0.744218
vt 0.938451 0.744837
vt 0.938572 0.744837
vt 0.938572 0.744218
vt 0.942622 0.745820
vt 0.942004 0.745820
vt 0.938048 0.744837
vt 0.938048 0.745455
vt 0.938076 0.745455
vt 0.938076 0.744837
vt 0.938957 0.744837
vt 0.938957 0.745455
vt 0.939575 0.745455
vt 0.939575 0.744837
vt 0.938058 0.749693
vt 0.938058 0.750311
vt 0.938402 0.750311
vt 0.938402 0.749693
vt 0.943241 0.745999
vt 0.942622 0.745999
vt 0.938020 0.747490
vt 0.938020 0.748109
vt 0.938053 0.748109
vt 0.938053 0.747490
vt 0.942622 0.745778
vt 0.942004 0.745778
vt 0.939614 0.745337
vt 0.939614 0.745956
vt 0.938102 0.745455
vt 0.938102 0.744837
vt 0.938013 0.744218
vt 0.938013 0.744837
vt 0.938119 0.744837
vt 0.938119 0.744218
vt 0.938861 0.747521
vt 0.939480 0.747521
vt 0.942004 0.746943
vt 0.942622 0.746943
vt 0.938005 0.747490
vt 0.938005 0.748109
vt 0.942622 0.745736
vt 0.942004 0.745736
vt 0.939575 0.746251
vt 0.938956 0.746251
vt 0.938956 0.747046
vt 0.939575 0.747046
vt 0.941138 0.744746
vt 0.941138 0.745365
vt 0.938337 0.744218
vt 0.938337 0.744837
vt 0.938451 0.744837
vt 0.938451 0.744218
vt 0.943241 0.745942
vt 0.942622 0.745942
vt 0.937989 0.747490
vt 0.937989 0.748109
vt 0.942622 0.745695
vt 0.942004 0.745695
vt 0.938915 0.746428
vt 0.938915 0.747046
vt 0.938956 0.747046
vt 0.938956 0.746428
vt 0.938129 0.745455
vt 0.938129 0.744837
vt 0.938387 0.748553
vt 0.938387 0.749171
vt 0.939000 0.749171
vt 0.939000 0.748553
vt 0.938861 0.747582
vt 0.939480 0.747582
vt 0.940236 0.745956
vt 0.940236 0.745337
vt 0.942004 0.746943
vt 0.941385 0.746943
vt 0.941385 0.748005
vt 0.942004 0.748005
vt 0.937973 0.747490
vt 0.937973 0.748109
vt 0.942622 0.745654
vt 0.942004 0.745654
vt 0.943466 0.744788
vt 0.943466 0.745407
vt 0.943501 0.745407
vt 0.943501 0.744788
vt 0.941102 0.744746
vt 0.941102 0.745365
vt 0.941385 0.748109
vt 0.942004 0.748109
vt 0.943241 0.745881
vt 0.942622 0.745881
vt 0.942622 0.745614
vt 0.942004 0.745614
vt 0.943859 0.746079
vt 0.943241 0.746079
vt 0.943241 0.746135
vt 0.943859 0.746135
vt 0.938154 0.745455
vt 0.938154 0.744837
vt 0.942622 0.746106
vt 0.942004 0.746106
vt 0.942004 0.746166
vt 0.942622 0.746166
vt 0.943241 0.745817
vt 0.942622 0.745817
vt 0.937955 0.747490
vt 0.937955 0.748109
vt 0.942622 0.745576
vt 0.942004 0.745576
vt 0.938871 0.746428
vt 0.938871 0.747046
vt 0.938179 0.745455
vt 0.938179 0.744837
vt 0.942004 0.746077
vt 0.941385 0.746077
vt 0.941385 0.746142
vt 0.942004 0.746142
vt 0.938861 0.747646
vt 0.939480 0.747646
vt 0.941633 0.744734
vt 0.941633 0.745352
vt 0.941775 0.745352
vt 0.941775 0.744734
vt 0.940283 0.745956
vt 0.940283 0.745337
vt 0.937938 0.747490
vt 0.937938 0.748109
vt 0.942004 0.746009
vt 0.941385 0.746009
vt 0.943536 0.745407
vt 0.943536 0.744788
vt 0.941067 0.744746
vt 0.941067 0.745365
vt 0.942004 0.746228
vt 0.942622 0.746228
vt 0.943241 0.745751
vt 0.942622 0.745751
vt 0.942622 0.745538
vt 0.942004 0.745538
vt 0.943859 0.746018
vt 0.943241 0.746018
vt 0.938204 0.745455
vt 0.938204 0.744837
vt 0.938861 0.747712
vt 0.939480 0.747712
vt 0.942004 0.746142
vt 0.941385 0.746142
vt 0.941385 0.746195
vt 0.942004 0.746195
vt 0.937919 0.747490
vt 0.937919 0.748109
vt 0.941386 0.744734
vt 0.941386 0.745352
vt 0.938228 0.745455
vt 0.938228 0.744837
vt 0.942004 0.745939
vt 0.941385 0.745939
vt 0.941801 0.745352
vt 0.941801 0.744734
vt 0.942004 0.746294
vt 0.942622 0.746294
vt 0.943241 0.745685
vt 0.942622 0.745685
vt 0.937900 0.747490
vt 0.937900 0.748109
vt 0.938861 0.747780
vt 0.939480 0.747780
vt 0.943572 0.745407
vt 0.943572 0.744788
vt 0.941827 0.745352
vt 0.941827 0.744734
vt 0.938251 0.745455
vt 0.938251 0.744837
vt 0.942004 0.745868
vt 0.941385 0.745868
vt 0.941852 0.745352
vt 0.941852 0.744734
vt 0.937880 0.747490
vt 0.937880 0.748109
vt 0.935763 0.636884
vt 0.935763 0.636884
vt 0.935763 0.636925
vt 0.935763 0.636844
vt 0.935763 0.636844
vt 0.944883 0.371235
vt 0.944975 0.371235
vt 0.944883 0.371194
vt 0.944975 0.371194
vt 0.936129 0.636803
vt 0.936129 0.636762
vt 0.936130 0.636844
vt 0.936129 0.636844
vt 0.936290 0.636803
vt 0.936270 0.636783
vt 0.945250 0.371194
vt 0.945158 0.371194
vt 0.945158 0.371153
vt 0.945250 0.371153
vt 0.015431 0.942174
vt 0.015431 0.988921
vt 0.144094 0.988921
vt 0.144094 0.942174
vt 0.945067 0.371194
vt 0.945067 0.371153
vt 0.945250 0.371235
vt 0.945158 0.371235
vt 0.945067 0.371235
vt 0.945250 0.371276
vt 0.945158 0.371276
vt 0.945067 0.371276
vt 0.423417 0.933812
vt 0.423417 0.990718
vt 0.476872 0.990718
vt 0.476872 0.933812
vt 0.945158 0.371537
vt 0.945250 0.371537
vt 0.945067 0.371537
vt 0.945067 0.371537
vt 0.945250 0.371363
vt 0.945158 0.371363
vt 0.945158 0.371276
vt 0.945250 0.371276
vt 0.945067 0.371363
vt 0.945067 0.371276
vt 0.945067 0.371112
vt 0.945067 0.371112
vt 0.945067 0.371098
vt 0.945067 0.371048
vt 0.945067 0.370608
vt 0.944883 0.371085
vt 0.944975 0.371085
vt 0.945067 0.371085
vt 0.944883 0.371060
vt 0.944975 0.371060
vt 0.945067 0.371060
vt 0.944883 0.370596
vt 0.944975 0.370596
vt 0.945067 0.370596
vt 0.944883 0.370571
vt 0.944975 0.370571
vt 0.945067 0.370571
vt 0.944883 0.371574
vt 0.944975 0.371574
vt 0.945067 0.371574
vt 0.944883 0.371549
vt 0.944975 0.371549
vt 0.945067 0.371549
vt 0.944975 0.371450
vt 0.945067 0.371450
vt 0.945158 0.371450
vt 0.147713 0.933101
vt 0.147713 0.991429
vt 0.337777 0.991429
vt 0.337777 0.933101
vt 0.945250 0.371450
vt 0.936129 0.637012
vt 0.936129 0.636925
vt 0.935763 0.637099
vt 0.935763 0.637099
vt 0.935763 0.637186
vt 0.944883 0.371450
vt 0.942885 0.632963
vt 0.944544 0.632963
vt 0.944544 0.634622
vt 0.942885 0.634622
vt 0.944544 0.636281
vt 0.942885 0.636281
vt 0.944544 0.637940
vt 0.942885 0.637940
vt 0.944544 0.639599
vt 0.942885 0.639599
vt 0.941226 0.636281
vt 0.941226 0.637940
vt 0.946203 0.636281
vt 0.946203 0.637940
vt 0.942885 0.632963
vt 0.944544 0.632963
vt 0.944544 0.634622
vt 0.942885 0.634622
vt 0.944544 0.636281
vt 0.942885 0.636281
vt 0.944544 0.637940
vt 0.942885 0.637940
vt 0.944544 0.639599
vt 0.942885 0.639599
vt 0.941226 0.636281
vt 0.941226 0.637940
vt 0.946203 0.636281
vt 0.946203 0.637940
vt 0.942885 0.632963
vt 0.944544 0.632963
vt 0.944544 0.634622
vt 0.942885 0.634622
vt 0.944544 0.636281
vt 0.942885 0.636281
vt 0.944544 0.637940
vt 0.942885 0.637940
vt 0.944544 0.639599
vt 0.942885 0.639599
vt 0.941226 0.636281
vt 0.941226 0.637940
vt 0.946203 0.636281
vt 0.946203 0.637940
vn -1.0000 0.0000 0.0000
vn 0.0000 0.0000 -1.0000
vn 1.0000 0.0000 0.0000
vn 0.0000 0.0000 1.0000
vn 0.0000 -1.0000 0.0000
vn 0.0000 1.0000 0.0000
vn -0.2143 0.9768 0.0000
vn 0.0000 0.9954 -0.0957
vn 0.0000 0.8723 -0.4890
vn -0.0666 0.9978 -0.0000
vn -0.1557 0.9878 -0.0000
vn 0.1557 0.9878 -0.0000
vn 0.0666 0.9978 -0.0000
vn 0.2143 0.9768 -0.0000
vn 0.2252 0.0000 0.9743
vn 0.6533 0.0000 0.7571
vn 0.9550 0.0000 0.2966
vn -0.2252 0.0000 -0.9743
vn -0.6533 0.0000 -0.7571
vn -0.9550 0.0000 -0.2966
vn 0.9550 0.0000 -0.2966
vn 0.6533 0.0000 -0.7571
vn 0.2252 0.0000 -0.9743
vn -0.9550 0.0000 0.2966
vn -0.6533 0.0000 0.7571
vn -0.2252 0.0000 0.9743
vn -0.0980 0.9952 0.0000
vn -0.2903 0.9569 0.0000
vn -0.4714 0.8819 0.0000
vn -0.6344 0.7730 -0.0000
vn -0.7730 0.6344 0.0000
vn -0.8819 0.4714 0.0000
vn -0.9569 0.2903 0.0000
vn -0.9952 0.0980 0.0000
vn -0.9952 -0.0980 0.0000
vn -0.9569 -0.2903 0.0000
vn -0.8819 -0.4714 0.0000
vn -0.7730 -0.6344 0.0000
vn -0.6344 -0.7730 0.0000
vn -0.4714 -0.8819 0.0000
vn -0.2903 -0.9569 -0.0000
vn -0.0980 -0.9952 0.0000
vn 0.0980 -0.9952 -0.0000
vn 0.2903 -0.9569 -0.0000
vn 0.4714 -0.8819 -0.0000
vn 0.6344 -0.7730 -0.0000
vn 0.7730 -0.6344 -0.0000
vn 0.8819 -0.4714 -0.0000
vn 0.9569 -0.2903 -0.0000
vn 0.9952 -0.0980 -0.0000
vn 0.9952 0.0980 -0.0000
vn 0.9569 0.2903 -0.0000
vn 0.8819 0.4714 -0.0000
vn 0.7730 0.6344 -0.0000
vn 0.6344 0.7730 -0.0000
vn 0.4714 0.8819 -0.0000
vn 0.2903 0.9569 -0.0000
vn 0.0980 0.9952 -0.0000
vn -0.0001 0.0000 -1.0000
vn 0.0001 0.0000 -1.0000
vn 0.0000 0.0005 -1.0000
vn -0.0000 0.0001 -1.0000
vn -0.0000 -0.0001 -1.0000
vn 0.0001 -0.0008 -1.0000
vn 0.0002 0.0093 -1.0000
vn -0.0008 0.0000 -1.0000
vn -0.0001 -0.0005 -1.0000
vn -0.0000 -0.0005 -1.0000
vn 0.0020 0.0000 -1.0000
vn -0.0002 0.0000 -1.0000
vn -0.0042 0.0000 -1.0000
vn -0.0004 0.0000 -1.0000
vn -0.0001 0.0000 1.0000
vn 0.0000 -0.0005 1.0000
vn 0.0000 -0.0001 1.0000
vn 0.0000 0.0001 1.0000
vn 0.0000 0.0008 1.0000
vn -0.0007 -0.0093 1.0000
vn 0.0001 0.0005 1.0000
vn 0.0000 0.0005 1.0000
vn 0.0001 0.0000 1.0000
vn 0.0002 0.0000 1.0000
vn -0.0009 0.0000 1.0000
vn 0.8963 0.4434 0.0000
vn -0.1804 -0.9836 0.0000
vn 0.5515 0.8342 0.0000
vn -0.8244 0.5660 0.0000
vn 0.1222 -0.9925 0.0000
vn 0.5424 -0.8401 0.0000
vn 0.5629 -0.8265 0.0000
vn -0.4555 0.8902 0.0000
vn -0.8965 0.4430 0.0000
vn 0.0713 -0.9975 0.0000
vn -0.6581 0.7529 0.0000
vn 0.6094 -0.7929 0.0000
vn 0.6862 -0.7274 0.0000
vn 0.6581 0.7529 0.0000
vn -0.4968 0.8679 0.0000
vn -0.9027 -0.4302 0.0000
vn 0.0230 -0.9997 0.0000
vn 0.6035 0.7974 0.0000
vn 0.9016 -0.4325 0.0000
vn -0.0594 -0.9982 0.0000
vn -0.9341 0.3570 0.0000
vn -0.9581 0.2865 0.0000
vn 0.7246 -0.6892 0.0000
vn 0.7903 -0.6127 0.0000
vn 0.8286 0.5598 0.0000
vn -0.5357 0.8444 0.0000
vn -0.0605 -0.9982 0.0000
vn 0.8724 -0.4889 0.0000
vn 0.8718 -0.4899 0.0000
vn 0.0601 -0.9982 0.0000
vn -0.8291 0.5590 0.0000
vn 0.2795 -0.9601 0.0000
vn 0.9298 -0.3681 0.0000
vn 0.7459 0.6660 0.0000
vn 0.1829 -0.9831 0.0000
vn -0.9933 0.1156 0.0000
vn 0.9847 -0.1742 0.0000
vn 0.3427 -0.9395 0.0000
vn -0.9860 0.1665 0.0000
vn -0.7467 0.6651 0.0000
vn -0.1838 -0.9830 0.0000
vn 0.4047 -0.9145 0.0000
vn 0.9677 -0.2521 0.0000
vn 0.3058 -0.9521 0.0000
vn -0.8387 -0.5446 0.0000
vn -0.7697 0.6384 -0.0000
vn 0.4638 -0.8859 0.0000
vn 0.9895 -0.1446 0.0000
vn 0.8379 -0.5459 0.0000
vn -0.3071 -0.9517 0.0000
vn -0.9980 -0.0633 0.0000
vn 0.5205 -0.8539 0.0000
vn 0.6501 0.7599 0.0000
vn 0.9971 0.0759 0.0000
vn -0.9986 0.0536 0.0000
vn -0.7539 0.6570 0.0000
vn 0.5734 -0.8193 0.0000
vn 0.9989 -0.0462 0.0000
vn 0.7526 0.6584 0.0000
vn -0.6511 0.7590 0.0000
vn -0.7296 0.6838 -0.0000
vn 0.6225 -0.7827 0.0000
vn 0.9983 0.0587 0.0000
vn 0.5433 0.8395 0.0000
vn 0.4264 -0.9045 0.0000
vn 0.9760 0.2179 0.0000
vn 0.6673 -0.7448 0.0000
vn -0.9983 -0.0575 0.0000
vn -0.5447 0.8386 0.0000
vn -0.4278 -0.9039 0.0000
vn -0.9813 -0.1924 0.0000
vn 0.7116 0.7026 0.0000
vn 0.9827 0.1852 0.0000
vn 0.5416 -0.8407 0.0000
vn -0.7588 -0.6514 0.0000
vn -0.6845 0.7291 0.0000
vn 0.7588 -0.6513 0.0000
vn 0.9364 0.3510 0.0000
vn 0.1524 -0.9883 0.0000
vn -0.9839 -0.1787 0.0000
vn -0.5429 -0.8398 0.0000
vn 0.9479 0.3187 0.0000
vn 0.4284 0.9036 0.0000
vn 0.2157 -0.9765 0.0000
vn -0.8353 0.5498 0.0000
vn -0.6338 0.7735 0.0000
vn 0.8074 0.5900 0.0000
vn 0.8908 0.4543 0.0000
vn 0.8333 0.5529 0.0000
vn 0.8805 0.4741 0.0000
vn -0.4298 0.9029 0.0000
vn 0.3076 0.9515 0.0000
vn 0.6489 -0.7609 0.0000
vn 0.8090 0.5878 0.0000
vn 0.0296 -0.9996 0.0000
vn -0.9516 -0.3074 0.0000
vn 0.8114 0.5844 0.0000
vn 0.0897 -0.9960 0.0000
vn -0.3090 0.9511 0.0000
vn -0.6500 -0.7599 0.0000
vn -0.9470 -0.3212 0.0000
vn 0.8860 0.4637 0.0000
vn 0.7129 0.7012 0.0000
vn 0.7452 -0.6668 0.0000
vn -0.6639 -0.7478 0.0000
vn -0.5779 0.8161 0.0000
vn 0.6655 -0.7464 0.0000
vn 0.7235 0.6903 0.0000
vn -0.0440 -0.9990 0.0000
vn -0.8984 -0.4392 0.0000
vn -0.7460 -0.6659 0.0000
vn 0.6009 0.7993 0.0000
vn 0.1842 0.9829 0.0000
vn -0.1356 -0.9908 0.0000
vn -0.9008 0.4342 0.0000
vn -0.5159 0.8567 0.0000
vn 0.4825 0.8759 0.0000
vn 0.8988 0.4384 0.0000
vn 0.6253 0.7804 0.0000
vn -0.2324 -0.9726 0.0000
vn -0.1851 0.9827 0.0000
vn 0.3640 0.9314 0.0000
vn 0.0606 0.9982 0.0000
vn 0.8284 -0.5601 0.0000
vn -0.3324 -0.9432 0.0000
vn -0.4485 0.8938 0.0000
vn 0.2498 0.9683 0.0000
vn -0.4373 -0.8993 0.0000
vn -0.0610 0.9981 0.0000
vn -0.8290 -0.5593 0.0000
vn -0.8950 -0.4460 0.0000
vn 0.5167 0.8562 0.0000
vn -0.5439 -0.8392 0.0000
vn -0.8231 -0.5679 0.0000
vn -0.9498 0.3128 0.0000
vn 0.9441 0.3295 0.0000
vn 0.1436 0.9896 0.0000
vn -0.5560 -0.8312 0.0000
vn 0.9483 0.3173 0.0000
vn 0.5590 -0.8292 0.0000
vn -0.3753 0.9269 0.0000
vn 0.0456 0.9990 0.0000
vn 0.8964 -0.4432 0.0000
vn 0.4009 0.9161 0.0000
vn -0.6507 -0.7594 0.0000
vn -0.4377 -0.8991 0.0000
vn -0.7524 -0.6587 0.0000
vn 0.4421 -0.8970 0.0000
vn -0.8966 -0.4428 0.0000
vn -0.2972 0.9548 0.0000
vn -0.7526 0.6585 0.0000
vn 0.9477 -0.3191 0.0000
vn 0.2829 0.9591 0.0000
vn -0.8443 -0.5358 0.0000
vn 0.9810 0.1939 0.0000
vn -0.3127 -0.9498 0.0000
vn 0.3176 -0.9482 0.0000
vn -0.9478 -0.3188 0.0000
vn -0.2156 0.9765 0.0000
vn -0.7273 -0.6863 0.0000
vn 0.1656 0.9862 0.0000
vn -0.9190 -0.3942 0.0000
vn -0.9821 0.1881 0.0000
vn -0.6156 -0.7881 0.0000
vn -0.1856 -0.9826 0.0000
vn 0.9815 0.1917 0.0000
vn -0.9711 -0.2387 0.0000
vn 0.1895 -0.9819 0.0000
vn -0.1301 0.9915 0.0000
vn 0.7550 -0.6558 0.0000
vn 0.9980 0.0626 0.0000
vn -0.4950 -0.8689 0.0000
vn 0.9815 -0.1913 0.0000
vn 0.0619 -0.9981 0.0000
vn -0.8262 -0.5633 0.0000
vn -0.3726 -0.9280 0.0000
vn -0.0603 -0.9982 0.0000
vn 0.0530 0.9986 0.0000
vn -0.9969 -0.0787 0.0000
vn -0.9815 -0.1912 0.0000
vn -0.2545 -0.9671 0.0000
vn -0.9820 0.1888 0.0000
vn -0.9981 0.0624 0.0000
vn -0.0434 0.9991 0.0000
vn 0.9912 -0.1327 0.0000
vn -0.1448 -0.9895 0.0000
vn 0.9980 0.0638 0.0000
vn -0.0455 -0.9990 0.0000
vn 0.9980 -0.0630 0.0000
vn -0.7421 -0.6703 0.0000
vn -0.8497 0.5273 0.0000
vn -0.0502 0.9987 0.0000
vn 0.5828 -0.8126 0.0000
vn -0.6846 0.7289 0.0000
vn 0.0481 0.9988 0.0000
vn -0.1601 0.9871 0.0000
vn -0.9980 -0.0629 0.0000
vn 0.9185 -0.3955 0.0000
vn 0.9980 -0.0633 0.0000
vn -0.0258 0.9997 0.0000
vn -0.2790 0.9603 0.0000
vn -0.6452 -0.7641 0.0000
vn -0.5666 0.8240 0.0000
vn -0.0768 0.9971 0.0000
vn -0.4048 0.9144 0.0000
vn -0.9980 0.0633 0.0000
vn 0.4959 -0.8684 0.0000
vn 0.7988 -0.6016 0.0000
vn 0.9980 0.0634 0.0000
vn -0.1274 0.9919 0.0000
vn -0.5306 0.8476 0.0000
vn 0.1502 0.9887 0.0000
vn -0.5377 -0.8432 0.0000
vn -0.5061 0.8625 0.0000
vn -0.6503 0.7597 0.0000
vn -0.9980 -0.0625 0.0000
vn 0.4472 -0.8944 0.0000
vn 0.0609 0.9981 0.0000
vn -0.4949 0.8689 0.0000
vn -0.1778 0.9841 0.0000
vn -0.7568 0.6536 0.0000
vn -0.9814 0.1919 0.0000
vn 0.3953 -0.9186 0.0000
vn -0.0596 0.9982 0.0000
vn 0.6796 -0.7336 0.0000
vn 0.9814 0.1920 0.0000
vn -0.2271 0.9739 0.0000
vn -0.1832 0.9831 0.0000
vn 0.2585 0.9660 0.0000
vn -0.4223 -0.9065 0.0000
vn 0.1864 0.9825 0.0000
vn -0.5262 0.8504 0.0000
vn -0.8447 0.5352 0.0000
vn -0.9823 -0.1874 0.0000
vn 0.3415 -0.9399 0.0000
vn 0.5890 -0.8082 0.0000
vn 0.9819 -0.1895 0.0000
vn -0.2757 0.9613 0.0000
vn 0.2862 -0.9582 0.0000
vn -0.3086 0.9512 0.0000
vn 0.0518 -0.9987 0.0000
vn 0.3123 0.9500 0.0000
vn -0.5963 0.8028 0.0000
vn -0.3228 0.9465 0.0000
vn -0.9476 0.3195 0.0000
vn 0.5353 -0.8446 0.0000
vn 0.3727 0.9280 0.0000
vn 0.1673 -0.9859 0.0000
vn 0.9475 0.3198 0.0000
vn -0.3026 -0.9531 0.0000
vn 0.2309 -0.9730 0.0000
vn -0.4321 0.9018 0.0000
vn 0.2945 -0.9557 0.0000
vn 0.4351 0.9004 0.0000
vn -0.7007 0.7134 0.0000
vn -0.3688 0.9295 0.0000
vn -0.9506 -0.3104 0.0000
vn 0.1758 -0.9844 0.0000
vn 0.5191 -0.8547 0.0000
vn 0.9497 -0.3132 0.0000
vn -0.4130 0.9107 0.0000
vn -0.9118 0.4107 0.0000
vn -0.5498 0.8353 0.0000
vn 0.4886 0.8725 0.0000
vn 0.4291 -0.9033 0.0000
usemtl Material.001
s off
f 1/1/1 2/2/1 4/3/1 3/4/1
f 3/4/2 4/3/2 8/5/2 7/6/2
f 7/6/3 8/5/3 6/7/3 5/8/3
f 5/8/4 6/7/4 2/9/4 1/10/4
f 3/11/5 7/6/5 5/8/5 1/12/5
f 8/5/6 4/13/6 2/14/6 6/7/6
f 1153/15/4 1151/16/4 68/17/4 24/18/4
f 23/19/4 70/20/4 149/21/4 126/22/4
f 137/23/6 133/24/6 27/25/6 80/26/6 77/27/6 82/28/6 79/29/6 48/30/6 120/31/6 124/32/6 125/33/6 122/34/6 132/35/6 136/36/6
f 154/37/2 1099/38/2 1100/39/2 1101/40/2 187/41/2 429/42/2 428/43/2 172/44/2 170/45/2 171/46/2
f 80/26/6 27/25/6 1068/47/6 1067/48/6 1066/49/6 26/50/6 49/51/6 48/30/6 79/29/6 91/52/6 86/53/6 85/54/6 83/55/6 88/56/6 90/57/6
f 42/58/2 67/59/2 139/60/2 92/61/2
f 1075/62/5 23/63/5 45/64/5 1071/65/5
f 127/66/1 148/67/1 156/68/1 114/69/1
f 33/70/2 30/71/2 42/58/2 1069/72/2 1070/73/2 1071/65/2 45/64/2
f 39/74/2 36/75/2 48/30/2 49/76/2
f 174/77/2 176/78/2 72/79/2 33/70/2 45/64/2 175/80/2 173/81/2
f 30/71/6 33/70/6 55/82/6 52/83/6
f 73/84/1 30/71/1 52/83/1 76/85/1
f 36/75/5 39/74/5 61/86/5 58/87/5
f 195/88/1 73/89/1 76/90/1 196/91/1
f 55/82/2 74/92/2 76/85/2 52/83/2
f 30/71/2 73/84/2 67/59/2 42/58/2
f 182/93/2 429/94/2 48/95/2 36/96/2
f 1075/62/4 1080/97/4 70/20/4 23/19/4
f 33/70/3 72/79/3 74/92/3 55/82/3
f 117/98/5 119/99/5 115/100/5 45/64/5 23/63/5 126/22/5 129/101/5 131/102/5 127/66/5 114/69/5
f 99/103/6 101/104/6 97/105/6 49/51/6 26/50/6 1149/106/6 1150/107/6 108/108/6 111/109/6 113/110/6 109/111/6 96/112/6
f 177/113/2 175/80/2 45/64/2 115/100/2 154/114/2 171/115/2
f 107/116/5 103/117/5 1154/118/5 1153/15/5 24/119/5 42/120/5 92/121/5 94/122/5 95/123/5 93/124/5 102/125/5 105/126/5
f 30/127/2 33/128/2 72/129/2 73/130/2
f 85/131/1 9/132/1 11/133/1 83/134/1
f 83/134/2 11/133/2 41/135/2 88/136/2
f 20/137/3 15/138/3 82/139/3 77/140/3
f 63/141/4 57/142/4 50/143/4 51/144/4 86/145/4 91/146/4
f 88/136/2 41/135/2 29/147/2 90/148/2
f 86/145/4 51/144/4 47/149/4 9/150/4 85/151/4
f 80/152/2 90/148/2 29/147/2 20/137/2 77/140/2
f 15/138/4 60/153/4 63/141/4 91/146/4 79/154/4 82/139/4
f 11/155/7 9/156/7 47/157/7 41/158/7
f 38/159/6 50/160/6 57/161/6 32/162/6
f 47/149/4 51/144/4 54/163/4
f 54/163/4 51/144/4 50/164/4
f 57/142/4 63/141/4 65/165/4
f 65/165/4 63/141/4 60/153/4
f 32/162/8 35/166/8 44/167/8 38/159/8
f 35/168/9 29/147/9 41/135/9 44/169/9
f 38/159/10 44/167/10 54/170/10 50/160/10
f 44/167/11 41/158/11 47/157/11 54/170/11
f 29/171/12 35/166/12 65/172/12 60/173/12
f 35/166/13 32/162/13 57/161/13 65/172/13
f 29/171/14 60/173/14 15/138/14 20/137/14
f 1117/174/15 142/175/15 146/176/15 1102/177/15
f 1102/177/16 146/176/16 147/178/16 1105/179/16
f 1105/179/17 147/178/17 144/180/17 1090/181/17
f 1099/38/18 154/37/18 158/182/18 1123/183/18
f 1123/183/19 158/182/19 159/184/19 1087/185/19
f 1087/185/20 159/184/20 156/186/20 1108/187/20
f 215/188/21 232/189/21 234/190/21 217/191/21
f 236/192/21 197/193/21 184/194/21 218/195/21
f 138/196/21 140/197/21 226/198/21 207/199/21
f 209/200/21 227/201/21 228/202/21 210/203/21
f 211/204/21 230/205/21 231/206/21 214/207/21
f 234/190/22 232/189/22 249/208/22 253/209/22
f 254/210/22 178/211/22 197/193/22 236/192/22
f 226/198/22 140/197/22 141/212/22 235/213/22
f 243/214/22 241/215/22 228/202/22 227/201/22
f 247/216/22 242/217/22 231/206/22 230/205/22
f 222/218/23 224/219/23 235/220/23 141/221/23 139/222/23 190/223/23 178/224/23 254/225/23 273/226/23 272/227/23 253/228/23 249/229/23 239/230/23 240/231/23 242/232/23 247/233/23 233/234/23 238/235/23 241/236/23 243/237/23
f 1093/238/24 148/239/24 152/240/24 1111/241/24
f 1111/241/25 152/240/25 153/242/25 1096/243/25
f 1096/243/26 153/242/26 149/244/26 1114/245/26
f 114/69/20 156/68/20 159/246/20 117/98/20
f 117/98/19 159/246/19 158/247/19 119/99/19
f 119/99/18 158/247/18 154/114/18 115/100/18
f 92/61/23 139/60/23 141/248/23 94/249/23
f 94/250/22 141/251/22 140/252/22 95/253/22
f 95/253/21 140/252/21 138/254/21 93/255/21
f 126/22/26 149/21/26 153/256/26 129/101/26
f 129/101/25 153/256/25 152/257/25 131/102/25
f 131/102/24 152/257/24 148/67/24 127/66/24
f 102/258/17 144/259/17 147/260/17 105/261/17
f 105/261/16 147/260/16 146/262/16 107/263/16
f 107/263/15 146/262/15 142/264/15 103/265/15
f 93/255/3 138/254/3 144/259/3 102/258/3
f 173/266/1 10/267/1 12/268/1 174/269/1
f 10/267/2 16/270/2 18/271/2 12/268/2
f 170/272/3 18/271/3 16/270/3 177/273/3 171/274/3
f 175/275/6 177/273/6 16/270/6 10/276/6 173/277/6
f 12/278/5 18/271/5 170/272/5 172/279/5 176/280/5 174/281/5
f 194/282/4 27/283/4 133/24/4 193/284/4
f 1148/285/4 1149/106/4 26/286/4 189/287/4
f 183/288/2 58/87/2 61/86/2 196/289/2
f 195/290/2 39/74/2 49/76/2 188/291/2
f 1074/292/4 1068/47/4 27/283/4 194/282/4
f 182/293/3 36/75/3 58/87/3 183/288/3
f 186/294/1 132/35/1 122/34/1 192/295/1
f 188/291/2 49/76/2 97/296/2 190/297/2
f 184/298/3 96/299/3 109/300/3 191/301/3
f 184/194/3 191/302/3 1092/303/3 1091/304/3 1090/181/3 144/180/3 138/196/3 207/199/3 220/305/3 216/306/3 209/200/3 210/203/3 225/307/3 223/308/3 211/204/3 214/207/3 237/309/3 229/310/3 215/188/3 217/191/3 278/311/3 279/312/3 218/195/3
f 282/313/2 289/314/2 287/315/2 288/316/2
f 257/317/2 259/318/2 267/319/2 265/320/2
f 246/321/2 248/322/2 245/323/2 139/222/2 67/324/2 188/325/2 190/223/2 286/326/2 289/314/2 282/313/2 281/327/2 284/328/2 201/329/2 206/330/2 213/331/2 204/332/2 283/333/2 288/316/2 287/315/2 257/317/2 265/320/2 269/334/2 219/335/2 221/336/2 203/337/2 212/338/2 271/339/2 267/319/2 259/318/2 255/340/2 250/341/2 256/342/2 258/343/2 266/344/2 264/345/2 268/346/2 205/347/2 208/348/2 280/349/2 202/350/2 270/351/2 262/352/2 274/353/2 276/354/2 277/355/2 275/356/2 263/357/2 261/358/2 260/359/2
f 286/326/2 190/223/2 139/222/2 245/323/2 244/360/2 246/321/2 260/359/2 262/352/2 270/351/2 266/344/2 258/343/2 252/361/2 250/341/2 255/340/2 251/362/2 257/317/2 287/315/2 285/363/2
f 270/351/2 202/350/2 205/347/2 268/346/2
f 271/339/2 212/338/2 219/335/2 269/334/2
f 204/332/2 201/329/2 284/328/2 283/333/2
f 262/352/2 263/357/2 275/356/2 274/353/2
f 1095/364/1 186/365/1 192/366/1 1110/367/1
f 72/368/3 182/369/3 183/370/3 74/371/3
f 1078/372/6 68/17/6 292/373/6 1084/374/6
f 73/89/2 195/88/2 188/325/2 67/324/2
f 74/371/2 183/370/2 196/91/2 76/90/2
f 1122/375/4 194/376/4 193/377/4 1116/378/4
f 137/23/26 180/379/26 193/284/26 133/24/26
f 136/36/25 199/380/25 180/379/25 137/23/25
f 132/35/24 186/294/24 199/380/24 136/36/24
f 101/381/23 178/382/23 190/297/23 97/296/23
f 99/383/22 197/384/22 178/385/22 101/386/22
f 96/299/21 184/298/21 197/384/21 99/383/21
f 125/33/20 181/387/20 192/295/20 122/34/20
f 124/32/19 200/388/19 181/387/19 125/33/19
f 120/31/18 187/389/18 200/388/18 124/32/18
f 113/390/17 179/391/17 191/301/17 109/300/17
f 111/392/16 198/393/16 179/391/16 113/390/16
f 108/394/15 185/395/15 198/393/15 111/392/15
f 39/74/1 195/290/1 196/289/1 61/86/1
f 13/396/2 14/397/2 279/398/2 278/399/2
f 14/397/3 13/396/3 272/400/3 273/401/3
f 217/402/6 234/403/6 253/404/6 272/400/6 13/396/6 278/405/6
f 236/406/5 218/407/5 279/408/5 14/397/5 273/401/5 254/409/5
f 17/410/1 19/411/1 286/412/1 285/413/1
f 17/410/2 21/414/2 22/415/2 19/411/2
f 22/415/3 21/414/3 287/416/3 289/417/3
f 287/416/6 21/414/6 17/418/6 285/419/6
f 286/420/5 19/421/5 22/415/5 289/417/5
f 25/422/1 28/423/1 281/424/1 282/425/1 288/426/1
f 25/422/2 31/427/2 34/428/2 28/423/2
f 34/428/3 31/427/3 283/429/3 284/430/3
f 283/429/6 31/427/6 25/431/6 288/432/6
f 281/433/5 28/434/5 34/428/5 284/430/5
f 37/435/1 40/436/1 201/437/1 204/438/1
f 37/435/2 43/439/2 46/440/2 40/436/2
f 46/440/3 43/439/3 213/441/3 206/442/3
f 213/441/6 43/439/6 37/443/6 204/444/6
f 201/445/5 40/446/5 46/440/5 206/442/5
f 53/447/2 56/448/2 229/449/2 237/450/2
f 56/448/3 53/447/3 240/451/3 239/452/3
f 242/453/6 240/451/6 53/447/6 237/454/6 214/455/6 231/456/6
f 215/457/5 229/458/5 56/448/5 239/452/5 249/459/5 232/460/5
f 59/461/1 62/462/1 251/463/1 255/464/1
f 59/461/2 64/465/2 66/466/2 62/462/2
f 66/466/3 64/465/3 259/467/3 257/468/3
f 259/467/6 64/465/6 59/469/6 255/470/6
f 251/471/5 62/472/5 66/466/5 257/468/5
f 69/473/1 71/474/1 265/475/1 267/476/1
f 69/473/2 75/477/2 78/478/2 71/474/2
f 78/478/3 75/477/3 271/479/3 269/480/3
f 271/479/6 75/477/6 69/481/6 267/482/6
f 265/483/5 71/484/5 78/478/5 269/480/5
f 81/485/1 84/486/1 219/487/1 212/488/1
f 81/485/2 87/489/2 89/490/2 84/486/2
f 89/490/3 87/489/3 203/491/3 221/492/3
f 203/491/6 87/489/6 81/493/6 212/494/6
f 219/495/5 84/496/5 89/490/5 221/492/5
f 98/497/2 100/498/2 223/499/2 225/500/2
f 100/498/3 98/497/3 238/501/3 233/502/3
f 241/503/6 238/501/6 98/497/6 225/504/6 210/505/6 228/506/6
f 211/507/5 223/508/5 100/498/5 233/502/5 247/509/5 230/510/5
f 104/511/1 106/512/1 250/513/1 252/514/1
f 104/511/2 110/515/2 112/516/2 106/512/2
f 112/516/3 110/515/3 258/517/3 256/518/3
f 258/517/6 110/515/6 104/519/6 252/520/6
f 250/521/5 106/522/5 112/516/5 256/518/5
f 116/523/1 118/524/1 264/525/1 266/526/1
f 116/523/2 121/527/2 123/528/2 118/524/2
f 123/528/3 121/527/3 270/529/3 268/530/3
f 270/529/6 121/527/6 116/531/6 266/532/6
f 264/533/5 118/534/5 123/528/5 268/530/5
f 128/535/1 130/536/1 205/537/1 202/538/1
f 128/535/2 134/539/2 135/540/2 130/536/2
f 135/540/3 134/539/3 280/541/3 208/542/3
f 280/541/6 134/539/6 128/543/6 202/544/6
f 205/545/5 130/546/5 135/540/5 208/542/5
f 143/547/2 145/548/2 216/549/2 220/550/2
f 145/548/3 143/547/3 224/551/3 222/552/3
f 235/553/6 224/551/6 143/547/6 220/554/6 207/555/6 226/556/6
f 209/557/5 216/558/5 145/548/5 222/552/5 243/559/5 227/560/5
f 150/561/1 151/562/1 244/563/1 245/564/1
f 150/561/2 155/565/2 157/566/2 151/562/2
f 157/566/3 155/565/3 248/567/3 246/568/3
f 248/567/6 155/565/6 150/569/6 245/570/6
f 244/571/5 151/572/5 157/566/5 246/568/5
f 160/573/1 161/574/1 260/575/1 261/576/1
f 160/573/2 162/577/2 163/578/2 161/574/2
f 163/578/3 162/577/3 263/579/3 262/580/3
f 263/579/6 162/577/6 160/581/6 261/582/6
f 260/583/5 161/584/5 163/578/5 262/580/5
f 164/585/1 165/586/1 274/587/1 275/588/1
f 164/585/2 166/589/2 167/590/2 165/586/2
f 167/590/3 166/589/3 277/591/3 276/592/3
f 277/591/6 166/589/6 164/593/6 275/594/6
f 274/595/5 165/596/5 167/590/5 276/592/5
f 1144/597/4 1083/598/4 291/599/4 1131/600/4
f 1120/601/3 70/602/3 293/603/3 1129/604/3
f 1137/605/1 295/606/1 290/607/1 1128/608/1
f 1074/292/5 194/282/5 291/609/5 1083/610/5
f 1164/611/4 1156/612/4 295/606/4 1137/605/4
f 1148/285/5 189/287/5 295/613/5 1156/614/5
f 1152/615/6 142/264/6 297/616/6 1158/617/6
f 1119/618/1 185/619/1 294/620/1 1134/621/1
f 300/622/27 365/623/27 364/624/27 302/625/27
f 302/625/28 364/624/28 366/626/28 304/627/28
f 304/627/29 366/626/29 367/628/29 306/629/29
f 306/629/30 367/628/30 368/630/30 308/631/30
f 308/631/31 368/630/31 369/632/31 310/633/31
f 310/633/32 369/632/32 370/634/32 312/635/32
f 312/635/33 370/634/33 371/636/33 314/637/33
f 314/637/34 371/636/34 372/638/34 316/639/34
f 316/639/35 372/638/35 373/640/35 318/641/35
f 318/641/36 373/640/36 374/642/36 320/643/36
f 320/643/37 374/642/37 375/644/37 322/645/37
f 322/645/38 375/644/38 376/646/38 324/647/38
f 324/647/39 376/646/39 377/648/39 326/649/39
f 326/649/40 377/648/40 378/650/40 328/651/40
f 328/651/41 378/650/41 379/652/41 330/653/41
f 330/653/42 379/652/42 380/654/42 332/655/42
f 332/655/43 380/654/43 381/656/43 334/657/43
f 334/657/44 381/656/44 382/658/44 336/659/44
f 336/659/45 382/658/45 383/660/45 338/661/45
f 338/661/46 383/660/46 384/662/46 340/663/46
f 340/663/47 384/662/47 385/664/47 342/665/47
f 342/665/48 385/664/48 386/666/48 344/667/48
f 344/667/49 386/666/49 387/668/49 346/669/49
f 346/669/50 387/668/50 388/670/50 348/671/50
f 348/671/51 388/670/51 389/672/51 350/673/51
f 350/673/52 389/672/52 390/674/52 352/675/52
f 352/675/53 390/674/53 391/676/53 354/677/53
f 354/677/54 391/676/54 392/678/54 356/679/54
f 356/679/55 392/678/55 393/680/55 358/681/55
f 358/681/56 393/680/56 394/682/56 360/683/56
f 347/684/33 345/685/33 418/686/33 419/687/33
f 360/683/57 394/682/57 395/688/57 362/689/57
f 362/689/58 395/688/58 365/623/58 300/622/58
f 300/690/4 302/691/4 304/692/4 306/693/4 308/694/4 310/695/4 312/696/4 314/697/4 316/698/4 318/699/4 320/700/4 322/701/4 324/702/4 326/703/4 328/704/4 330/705/4 332/706/4 334/707/4 336/708/4 338/709/4 340/710/4 342/711/4 344/712/4 346/713/4 348/714/4 350/715/4 352/716/4 354/717/4 356/718/4 358/719/4 360/720/4 362/721/4
f 301/722/2 303/723/2 364/624/2 365/623/2
f 303/723/2 305/724/2 366/626/2 364/624/2
f 305/724/2 307/725/2 367/628/2 366/626/2
f 307/725/2 309/726/2 368/630/2 367/628/2
f 309/726/2 311/727/2 369/632/2 368/630/2
f 311/727/2 313/728/2 370/634/2 369/632/2
f 313/728/2 315/729/2 371/636/2 370/634/2
f 315/729/2 317/730/2 372/638/2 371/636/2
f 317/730/2 319/731/2 373/640/2 372/638/2
f 319/731/2 321/732/2 374/642/2 373/640/2
f 321/732/2 323/733/2 375/644/2 374/642/2
f 323/733/2 325/734/2 376/646/2 375/644/2
f 325/734/2 327/735/2 377/648/2 376/646/2
f 327/735/2 329/736/2 378/650/2 377/648/2
f 329/736/2 331/737/2 379/652/2 378/650/2
f 331/737/2 333/738/2 380/654/2 379/652/2
f 333/738/2 335/739/2 381/656/2 380/654/2
f 335/739/2 337/740/2 382/658/2 381/656/2
f 337/740/2 339/741/2 383/660/2 382/658/2
f 339/741/2 341/742/2 384/662/2 383/660/2
f 341/742/2 343/743/2 385/664/2 384/662/2
f 343/743/2 345/685/2 386/666/2 385/664/2
f 345/685/2 347/684/2 387/668/2 386/666/2
f 347/684/2 349/744/2 388/670/2 387/668/2
f 349/744/2 351/745/2 389/672/2 388/670/2
f 351/745/2 353/746/2 390/674/2 389/672/2
f 353/746/2 355/747/2 391/676/2 390/674/2
f 355/747/2 357/748/2 392/678/2 391/676/2
f 357/748/2 359/749/2 393/680/2 392/678/2
f 359/749/2 361/750/2 394/682/2 393/680/2
f 361/750/2 363/751/2 395/688/2 394/682/2
f 363/751/2 301/722/2 365/623/2 395/688/2
f 396/752/2 397/753/2 427/754/2 426/755/2 425/756/2 424/757/2 423/758/2 422/759/2 421/760/2 420/761/2 419/762/2 418/763/2 417/764/2 416/765/2 415/766/2 414/767/2 413/768/2 412/769/2 411/770/2 410/771/2 409/772/2 408/773/2 407/774/2 406/775/2 405/776/2 404/777/2 403/778/2 402/779/2 401/780/2 400/781/2 399/782/2 398/783/2
f 321/732/52 319/731/52 405/784/52 406/785/52
f 349/744/34 347/684/34 419/687/34 420/786/34
f 323/733/53 321/732/53 406/785/53 407/787/53
f 351/745/35 349/744/35 420/786/35 421/788/35
f 325/734/54 323/733/54 407/787/54 408/789/54
f 353/746/36 351/745/36 421/788/36 422/790/36
f 327/735/55 325/734/55 408/789/55 409/791/55
f 355/747/37 353/746/37 422/790/37 423/792/37
f 329/736/56 327/735/56 409/791/56 410/793/56
f 303/723/43 301/722/43 397/794/43 396/795/43
f 357/748/38 355/747/38 423/792/38 424/796/38
f 331/737/57 329/736/57 410/793/57 411/797/57
f 305/724/44 303/723/44 396/795/44 398/798/44
f 359/749/39 357/748/39 424/796/39 425/799/39
f 333/738/58 331/737/58 411/797/58 412/800/58
f 307/725/45 305/724/45 398/798/45 399/801/45
f 361/750/40 359/749/40 425/799/40 426/802/40
f 335/739/27 333/738/27 412/800/27 413/803/27
f 309/726/46 307/725/46 399/801/46 400/804/46
f 363/751/41 361/750/41 426/802/41 427/805/41
f 337/740/28 335/739/28 413/803/28 414/806/28
f 311/727/47 309/726/47 400/804/47 401/807/47
f 301/722/42 363/751/42 427/805/42 397/794/42
f 339/741/29 337/740/29 414/806/29 415/808/29
f 313/728/48 311/727/48 401/807/48 402/809/48
f 341/742/30 339/741/30 415/808/30 416/810/30
f 315/729/49 313/728/49 402/809/49 403/811/49
f 343/743/31 341/742/31 416/810/31 417/812/31
f 317/730/50 315/729/50 403/811/50 404/813/50
f 345/685/32 343/743/32 417/812/32 418/686/32
f 319/731/51 317/730/51 404/813/51 405/784/51
f 429/94/2 187/814/2 120/815/2 48/95/2
f 429/42/2 182/369/2 72/368/2 176/816/2 172/44/2 428/43/2
f 432/817/2 440/818/2 431/819/2
f 440/818/2 430/820/2 431/819/2
f 440/818/2 441/821/2 430/820/2
f 432/817/2 439/822/2 440/818/2
f 432/817/59 436/823/59 439/822/59
f 436/823/2 438/824/2 439/822/2
f 436/823/2 437/825/2 438/824/2
f 432/817/60 435/826/60 436/823/60
f 432/817/2 434/827/2 435/826/2
f 432/817/2 433/828/2 434/827/2
f 447/829/2 445/830/2 446/831/2
f 447/829/2 449/832/2 445/830/2
f 449/832/2 444/833/2 445/830/2
f 444/833/2 442/834/2 443/835/2
f 444/833/2 451/836/2 442/834/2
f 447/829/2 448/837/2 449/832/2
f 450/838/2 444/833/2 449/832/2
f 450/838/2 451/836/2 444/833/2
f 457/839/2 455/840/2 456/841/2
f 457/839/2 459/842/2 455/840/2
f 459/842/2 454/843/2 455/840/2
f 454/843/2 452/844/2 453/845/2
f 454/843/2 461/846/2 452/844/2
f 457/839/2 458/847/2 459/842/2
f 460/848/2 454/843/2 459/842/2
f 460/848/2 461/846/2 454/843/2
f 499/849/61 497/850/61 498/851/61
f 499/849/62 496/852/62 497/850/62
f 500/853/63 496/852/63 499/849/63
f 500/853/2 495/854/2 496/852/2
f 501/855/2 495/854/2 500/853/2
f 501/855/2 494/856/2 495/854/2
f 502/857/2 494/856/2 501/855/2
f 502/857/2 493/858/2 494/856/2
f 503/859/2 493/858/2 502/857/2
f 503/859/2 492/860/2 493/858/2
f 504/861/2 522/862/2 503/859/2
f 522/862/64 492/860/64 503/859/64
f 504/861/65 521/863/65 522/862/65
f 523/864/66 492/860/66 522/862/66
f 524/865/2 492/860/2 523/864/2
f 504/861/2 520/866/2 521/863/2
f 525/867/2 492/860/2 524/865/2
f 504/861/2 519/868/2 520/866/2
f 525/867/2 491/869/2 492/860/2
f 505/870/2 519/868/2 504/861/2
f 526/871/2 491/869/2 525/867/2
f 505/870/2 518/872/2 519/868/2
f 527/873/2 491/869/2 526/871/2
f 505/870/2 517/874/2 518/872/2
f 527/873/2 490/875/2 491/869/2
f 506/876/2 517/874/2 505/870/2
f 528/877/2 490/875/2 527/873/2
f 506/876/2 516/878/2 517/874/2
f 529/879/2 490/875/2 528/877/2
f 506/876/2 515/880/2 516/878/2
f 529/879/2 489/881/2 490/875/2
f 507/882/2 515/880/2 506/876/2
f 530/883/2 489/881/2 529/879/2
f 507/882/2 514/884/2 515/880/2
f 530/883/2 488/885/2 489/881/2
f 508/886/2 514/884/2 507/882/2
f 531/887/2 488/885/2 530/883/2
f 508/886/2 513/888/2 514/884/2
f 532/889/2 488/885/2 531/887/2
f 508/886/2 512/890/2 513/888/2
f 532/889/2 487/891/2 488/885/2
f 509/892/2 512/890/2 508/886/2
f 533/893/2 487/891/2 532/889/2
f 509/892/2 511/894/2 512/890/2
f 533/893/2 486/895/2 487/891/2
f 462/896/2 511/894/2 509/892/2
f 534/897/2 486/895/2 533/893/2
f 462/896/2 510/898/2 511/894/2
f 463/899/2 510/898/2 462/896/2
f 463/899/2 557/900/2 510/898/2
f 535/901/2 486/895/2 534/897/2
f 535/901/2 485/902/2 486/895/2
f 463/899/2 556/903/2 557/900/2
f 536/904/2 485/902/2 535/901/2
f 536/904/2 484/905/2 485/902/2
f 464/906/2 556/903/2 463/899/2
f 464/906/2 555/907/2 556/903/2
f 537/908/2 484/905/2 536/904/2
f 537/908/2 483/909/2 484/905/2
f 465/910/2 555/907/2 464/906/2
f 538/911/2 483/909/2 537/908/2
f 465/910/2 554/912/2 555/907/2
f 538/911/2 482/913/2 483/909/2
f 466/914/2 554/912/2 465/910/2
f 539/915/2 482/913/2 538/911/2
f 466/914/2 553/916/2 554/912/2
f 540/917/2 482/913/2 539/915/2
f 466/914/2 552/918/2 553/916/2
f 540/917/2 481/919/2 482/913/2
f 467/920/2 552/918/2 466/914/2
f 541/921/2 481/919/2 540/917/2
f 467/920/2 551/922/2 552/918/2
f 542/923/2 481/919/2 541/921/2
f 467/920/2 550/924/2 551/922/2
f 542/923/2 480/925/2 481/919/2
f 468/926/2 550/924/2 467/920/2
f 543/927/2 480/925/2 542/923/2
f 468/926/2 549/928/2 550/924/2
f 544/929/2 480/925/2 543/927/2
f 468/926/2 548/930/2 549/928/2
f 544/929/2 479/931/2 480/925/2
f 469/932/2 548/930/2 468/926/2
f 545/933/2 479/931/2 544/929/2
f 469/932/2 547/934/2 548/930/2
f 546/935/2 479/931/2 545/933/2
f 469/932/67 546/935/67 547/934/67
f 469/932/62 479/931/62 546/935/62
f 469/932/2 478/936/2 479/931/2
f 470/937/2 478/936/2 469/932/2
f 470/937/2 477/938/2 478/936/2
f 471/939/2 477/938/2 470/937/2
f 471/939/2 476/940/2 477/938/2
f 472/941/2 476/940/2 471/939/2
f 472/941/63 475/942/63 476/940/63
f 473/943/62 475/942/62 472/941/62
f 473/943/68 474/944/68 475/942/68
f 559/945/2 587/946/2 558/947/2
f 587/946/2 586/948/2 558/947/2
f 587/946/2 585/949/2 586/948/2
f 587/946/2 584/950/2 585/949/2
f 587/946/2 583/951/2 584/950/2
f 587/946/2 582/952/2 583/951/2
f 587/946/2 581/953/2 582/952/2
f 587/946/2 580/954/2 581/953/2
f 587/946/2 579/955/2 580/954/2
f 587/946/2 588/956/2 579/955/2
f 588/956/2 578/957/2 579/955/2
f 559/945/2 613/958/2 587/946/2
f 589/959/69 578/957/69 588/956/69
f 590/960/59 578/957/59 589/959/59
f 591/961/2 578/957/2 590/960/2
f 591/961/2 577/962/2 578/957/2
f 592/963/59 577/962/59 591/961/59
f 593/964/60 577/962/60 592/963/60
f 594/965/2 577/962/2 593/964/2
f 594/965/2 576/966/2 577/962/2
f 595/967/60 576/966/60 594/965/60
f 596/968/2 576/966/2 595/967/2
f 597/969/2 576/966/2 596/968/2
f 597/969/2 575/970/2 576/966/2
f 598/971/60 575/970/60 597/969/60
f 599/972/2 575/970/2 598/971/2
f 599/972/2 574/973/2 575/970/2
f 600/974/2 574/973/2 599/972/2
f 601/975/2 574/973/2 600/974/2
f 601/975/2 573/976/2 574/973/2
f 602/977/2 573/976/2 601/975/2
f 602/977/2 572/978/2 573/976/2
f 603/979/2 572/978/2 602/977/2
f 604/980/2 572/978/2 603/979/2
f 604/980/2 571/981/2 572/978/2
f 605/982/2 571/981/2 604/980/2
f 606/983/2 571/981/2 605/982/2
f 606/983/2 570/984/2 571/981/2
f 607/985/2 570/984/2 606/983/2
f 608/986/59 570/984/59 607/985/59
f 609/987/2 570/984/2 608/986/2
f 610/988/2 570/984/2 609/987/2
f 610/988/2 569/989/2 570/984/2
f 611/990/2 569/989/2 610/988/2
f 612/991/2 569/989/2 611/990/2
f 559/945/2 561/992/2 613/958/2
f 561/992/2 612/991/2 613/958/2
f 561/992/2 569/989/2 612/991/2
f 561/992/2 568/993/2 569/989/2
f 561/992/2 567/994/2 568/993/2
f 561/992/2 566/995/2 567/994/2
f 561/992/2 565/996/2 566/995/2
f 561/992/2 564/997/2 565/996/2
f 561/992/2 563/998/2 564/997/2
f 561/992/2 562/999/2 563/998/2
f 559/945/2 560/1000/2 561/992/2
f 627/1001/60 625/1002/60 626/1003/60
f 627/1001/2 624/1004/2 625/1002/2
f 627/1001/2 623/1005/2 624/1004/2
f 628/1006/2 623/1005/2 627/1001/2
f 628/1006/2 622/1007/2 623/1005/2
f 628/1006/2 621/1008/2 622/1007/2
f 629/1009/2 621/1008/2 628/1006/2
f 629/1009/2 620/1010/2 621/1008/2
f 629/1009/2 619/1011/2 620/1010/2
f 630/1012/2 619/1011/2 629/1009/2
f 630/1012/2 618/1013/2 619/1011/2
f 630/1012/2 617/1014/2 618/1013/2
f 631/1015/2 617/1014/2 630/1012/2
f 631/1015/2 616/1016/2 617/1014/2
f 631/1015/2 615/1017/2 616/1016/2
f 632/1018/2 615/1017/2 631/1015/2
f 632/1018/2 614/1019/2 615/1017/2
f 632/1018/2 727/1020/2 614/1019/2
f 727/1020/60 728/1021/60 614/1019/60
f 728/1021/2 729/1022/2 614/1019/2
f 729/1022/2 730/1023/2 614/1019/2
f 730/1023/2 731/1024/2 614/1019/2
f 731/1024/2 732/1025/2 614/1019/2
f 732/1025/70 733/1026/70 614/1019/70
f 733/1026/2 734/1027/2 614/1019/2
f 734/1027/2 735/1028/2 614/1019/2
f 633/1029/2 725/1030/2 632/1018/2
f 725/1030/2 726/1031/2 632/1018/2
f 726/1031/71 727/1020/71 632/1018/71
f 634/1032/2 723/1033/2 633/1029/2
f 723/1033/2 724/1034/2 633/1029/2
f 724/1034/2 725/1030/2 633/1029/2
f 635/1035/2 722/1036/2 634/1032/2
f 722/1036/2 723/1033/2 634/1032/2
f 635/1035/72 721/1037/72 722/1036/72
f 635/1035/60 720/1038/60 721/1037/60
f 635/1035/2 719/1039/2 720/1038/2
f 635/1035/2 718/1040/2 719/1039/2
f 635/1035/2 717/1041/2 718/1040/2
f 636/1042/2 717/1041/2 635/1035/2
f 636/1042/2 716/1043/2 717/1041/2
f 636/1042/2 715/1044/2 716/1043/2
f 636/1042/2 714/1045/2 715/1044/2
f 637/1046/2 714/1045/2 636/1042/2
f 637/1046/2 713/1047/2 714/1045/2
f 637/1046/2 712/1048/2 713/1047/2
f 638/1049/2 712/1048/2 637/1046/2
f 638/1049/2 711/1050/2 712/1048/2
f 638/1049/2 710/1051/2 711/1050/2
f 639/1052/2 710/1051/2 638/1049/2
f 639/1052/2 709/1053/2 710/1051/2
f 639/1052/2 708/1054/2 709/1053/2
f 640/1055/2 708/1054/2 639/1052/2
f 640/1055/2 707/1056/2 708/1054/2
f 641/1057/2 707/1056/2 640/1055/2
f 641/1057/2 706/1058/2 707/1056/2
f 641/1057/2 705/1059/2 706/1058/2
f 642/1060/2 705/1059/2 641/1057/2
f 642/1060/2 704/1061/2 705/1059/2
f 643/1062/2 704/1061/2 642/1060/2
f 643/1062/2 703/1063/2 704/1061/2
f 644/1064/2 703/1063/2 643/1062/2
f 644/1064/2 702/1065/2 703/1063/2
f 645/1066/2 702/1065/2 644/1064/2
f 645/1066/2 701/1067/2 702/1065/2
f 646/1068/2 701/1067/2 645/1066/2
f 647/1069/2 701/1067/2 646/1068/2
f 647/1069/2 700/1070/2 701/1067/2
f 648/1071/2 700/1070/2 647/1069/2
f 649/1072/2 700/1070/2 648/1071/2
f 649/1072/2 699/1073/2 700/1070/2
f 650/1074/2 699/1073/2 649/1072/2
f 675/1075/2 673/1076/2 674/1077/2
f 650/1074/2 698/1078/2 699/1073/2
f 651/1079/2 698/1078/2 650/1074/2
f 675/1075/60 672/1080/60 673/1076/60
f 652/1081/2 698/1078/2 651/1079/2
f 652/1081/2 697/1082/2 698/1078/2
f 675/1075/2 671/1083/2 672/1080/2
f 653/1084/2 697/1082/2 652/1081/2
f 675/1075/2 670/1085/2 671/1083/2
f 654/1086/2 697/1082/2 653/1084/2
f 655/1087/2 697/1082/2 654/1086/2
f 655/1087/2 696/1088/2 697/1082/2
f 675/1075/59 669/1089/59 670/1085/59
f 656/1090/2 696/1088/2 655/1087/2
f 675/1075/2 668/1091/2 669/1089/2
f 657/1092/2 696/1088/2 656/1090/2
f 675/1075/2 667/1093/2 668/1091/2
f 657/1092/2 695/1094/2 696/1088/2
f 658/1095/2 695/1094/2 657/1092/2
f 675/1075/2 666/1096/2 667/1093/2
f 659/1097/2 695/1094/2 658/1095/2
f 675/1075/2 665/1098/2 666/1096/2
f 660/1099/2 695/1094/2 659/1097/2
f 675/1075/2 664/1100/2 665/1098/2
f 661/1101/2 695/1094/2 660/1099/2
f 675/1075/2 663/1102/2 664/1100/2
f 661/1101/2 694/1103/2 695/1094/2
f 662/1104/2 694/1103/2 661/1101/2
f 675/1075/60 662/1104/60 663/1102/60
f 675/1075/2 694/1103/2 662/1104/2
f 675/1075/2 693/1105/2 694/1103/2
f 676/1106/2 693/1105/2 675/1075/2
f 677/1107/2 693/1105/2 676/1106/2
f 677/1107/2 692/1108/2 693/1105/2
f 678/1109/2 692/1108/2 677/1107/2
f 678/1109/2 691/1110/2 692/1108/2
f 679/1111/2 691/1110/2 678/1109/2
f 680/1112/2 691/1110/2 679/1111/2
f 680/1112/2 690/1113/2 691/1110/2
f 681/1114/2 690/1113/2 680/1112/2
f 682/1115/2 690/1113/2 681/1114/2
f 682/1115/2 689/1116/2 690/1113/2
f 683/1117/2 689/1116/2 682/1115/2
f 684/1118/2 689/1116/2 683/1117/2
f 684/1118/2 688/1119/2 689/1116/2
f 685/1120/2 688/1119/2 684/1118/2
f 686/1121/2 688/1119/2 685/1120/2
f 686/1121/2 687/1122/2 688/1119/2
f 738/1123/2 746/1124/2 737/1125/2
f 746/1124/2 736/1126/2 737/1125/2
f 746/1124/2 747/1127/2 736/1126/2
f 738/1123/2 745/1128/2 746/1124/2
f 738/1123/2 742/1129/2 745/1128/2
f 742/1129/2 744/1130/2 745/1128/2
f 742/1129/2 743/1131/2 744/1130/2
f 738/1123/2 741/1132/2 742/1129/2
f 738/1123/2 740/1133/2 741/1132/2
f 738/1123/2 739/1134/2 740/1133/2
f 749/1135/4 748/1136/4 750/1137/4
f 750/1137/4 748/1136/4 751/1138/4
f 750/1137/4 751/1138/4 752/1139/4
f 749/1135/4 750/1137/4 753/1140/4
f 749/1135/4 753/1140/4 754/1141/4
f 754/1141/4 753/1140/4 755/1142/4
f 754/1141/4 755/1142/4 756/1143/4
f 749/1135/4 754/1141/4 757/1144/4
f 749/1135/4 757/1144/4 758/1145/4
f 749/1135/4 758/1145/4 759/1146/4
f 761/1147/4 760/1148/4 762/1149/4
f 761/1147/73 762/1149/73 763/1150/73
f 763/1150/4 762/1149/4 764/1151/4
f 764/1151/4 765/1152/4 766/1153/4
f 764/1151/4 766/1153/4 767/1154/4
f 761/1147/4 763/1150/4 768/1155/4
f 769/1156/4 763/1150/4 764/1151/4
f 769/1156/4 764/1151/4 767/1154/4
f 771/1157/4 770/1158/4 772/1159/4
f 771/1157/73 772/1159/73 773/1160/73
f 773/1160/4 772/1159/4 774/1161/4
f 774/1161/4 775/1162/4 776/1163/4
f 774/1161/4 776/1163/4 777/1164/4
f 771/1157/4 773/1160/4 778/1165/4
f 779/1166/4 773/1160/4 774/1161/4
f 779/1166/4 774/1161/4 777/1164/4
f 781/1167/74 780/1168/74 782/1169/74
f 781/1167/75 782/1169/75 783/1170/75
f 784/1171/76 781/1167/76 783/1170/76
f 784/1171/4 783/1170/4 785/1172/4
f 786/1173/4 784/1171/4 785/1172/4
f 786/1173/4 785/1172/4 787/1174/4
f 788/1175/4 786/1173/4 787/1174/4
f 788/1175/4 787/1174/4 789/1176/4
f 790/1177/4 788/1175/4 789/1176/4
f 790/1177/4 789/1176/4 791/1178/4
f 792/1179/4 790/1177/4 793/1180/4
f 793/1180/77 790/1177/77 791/1178/77
f 792/1179/78 793/1180/78 794/1181/78
f 795/1182/4 793/1180/4 791/1178/4
f 796/1183/4 795/1182/4 791/1178/4
f 792/1179/4 794/1181/4 797/1184/4
f 798/1185/4 796/1183/4 791/1178/4
f 792/1179/4 797/1184/4 799/1186/4
f 798/1185/4 791/1178/4 800/1187/4
f 801/1188/4 792/1179/4 799/1186/4
f 802/1189/4 798/1185/4 800/1187/4
f 801/1188/4 799/1186/4 803/1190/4
f 804/1191/4 802/1189/4 800/1187/4
f 801/1188/4 803/1190/4 805/1192/4
f 804/1191/4 800/1187/4 806/1193/4
f 807/1194/4 801/1188/4 805/1192/4
f 808/1195/4 804/1191/4 806/1193/4
f 807/1194/4 805/1192/4 809/1196/4
f 810/1197/4 808/1195/4 806/1193/4
f 807/1194/4 809/1196/4 811/1198/4
f 810/1197/4 806/1193/4 812/1199/4
f 813/1200/4 807/1194/4 811/1198/4
f 814/1201/4 810/1197/4 812/1199/4
f 813/1200/4 811/1198/4 815/1202/4
f 814/1201/4 812/1199/4 816/1203/4
f 817/1204/4 813/1200/4 815/1202/4
f 818/1205/4 814/1201/4 816/1203/4
f 817/1204/4 815/1202/4 819/1206/4
f 820/1207/4 818/1205/4 816/1203/4
f 817/1204/4 819/1206/4 821/1208/4
f 820/1207/4 816/1203/4 822/1209/4
f 823/1210/4 817/1204/4 821/1208/4
f 824/1211/4 820/1207/4 822/1209/4
f 823/1210/4 821/1208/4 825/1212/4
f 824/1211/4 822/1209/4 826/1213/4
f 827/1214/4 823/1210/4 825/1212/4
f 828/1215/4 824/1211/4 826/1213/4
f 827/1214/4 825/1212/4 829/1216/4
f 830/1217/4 827/1214/4 829/1216/4
f 830/1217/4 829/1216/4 831/1218/4
f 832/1219/4 828/1215/4 826/1213/4
f 832/1219/4 826/1213/4 833/1220/4
f 830/1217/4 831/1218/4 834/1221/4
f 835/1222/4 832/1219/4 833/1220/4
f 835/1222/4 833/1220/4 836/1223/4
f 837/1224/4 830/1217/4 834/1221/4
f 837/1224/4 834/1221/4 838/1225/4
f 839/1226/4 835/1222/4 836/1223/4
f 839/1226/4 836/1223/4 840/1227/4
f 841/1228/4 837/1224/4 838/1225/4
f 842/1229/4 839/1226/4 840/1227/4
f 841/1228/4 838/1225/4 843/1230/4
f 842/1229/4 840/1227/4 844/1231/4
f 845/1232/4 841/1228/4 843/1230/4
f 846/1233/4 842/1229/4 844/1231/4
f 845/1232/4 843/1230/4 847/1234/4
f 848/1235/4 846/1233/4 844/1231/4
f 845/1232/4 847/1234/4 849/1236/4
f 848/1235/4 844/1231/4 850/1237/4
f 851/1238/4 845/1232/4 849/1236/4
f 852/1239/4 848/1235/4 850/1237/4
f 851/1238/4 849/1236/4 853/1240/4
f 854/1241/4 852/1239/4 850/1237/4
f 851/1238/4 853/1240/4 855/1242/4
f 854/1241/4 850/1237/4 856/1243/4
f 857/1244/4 851/1238/4 855/1242/4
f 858/1245/4 854/1241/4 856/1243/4
f 857/1244/4 855/1242/4 859/1246/4
f 860/1247/4 858/1245/4 856/1243/4
f 857/1244/4 859/1246/4 861/1248/4
f 860/1247/4 856/1243/4 862/1249/4
f 863/1250/4 857/1244/4 861/1248/4
f 864/1251/4 860/1247/4 862/1249/4
f 863/1250/4 861/1248/4 865/1252/4
f 866/1253/4 864/1251/4 862/1249/4
f 863/1250/79 865/1252/79 866/1253/79
f 863/1250/75 866/1253/75 862/1249/75
f 863/1250/4 862/1249/4 867/1254/4
f 868/1255/4 863/1250/4 867/1254/4
f 868/1255/4 867/1254/4 869/1256/4
f 870/1257/4 868/1255/4 869/1256/4
f 870/1257/4 869/1256/4 871/1258/4
f 872/1259/4 870/1257/4 871/1258/4
f 872/1259/76 871/1258/76 873/1260/76
f 874/1261/75 872/1259/75 873/1260/75
f 874/1261/80 873/1260/80 875/1262/80
f 877/1263/4 876/1264/4 878/1265/4
f 878/1265/4 876/1264/4 879/1266/4
f 878/1265/4 879/1266/4 880/1267/4
f 878/1265/4 880/1267/4 881/1268/4
f 878/1265/4 881/1268/4 882/1269/4
f 878/1265/73 882/1269/73 883/1270/73
f 878/1265/4 883/1270/4 884/1271/4
f 878/1265/4 884/1271/4 885/1272/4
f 878/1265/4 885/1272/4 886/1273/4
f 878/1265/4 886/1273/4 887/1274/4
f 887/1274/4 886/1273/4 888/1275/4
f 877/1263/73 878/1265/73 889/1276/73
f 890/1277/4 887/1274/4 888/1275/4
f 891/1278/4 890/1277/4 888/1275/4
f 892/1279/4 891/1278/4 888/1275/4
f 892/1279/4 888/1275/4 893/1280/4
f 894/1281/4 892/1279/4 893/1280/4
f 895/1282/4 894/1281/4 893/1280/4
f 896/1283/4 895/1282/4 893/1280/4
f 896/1283/4 893/1280/4 897/1284/4
f 898/1285/4 896/1283/4 897/1284/4
f 899/1286/4 898/1285/4 897/1284/4
f 900/1287/4 899/1286/4 897/1284/4
f 900/1287/4 897/1284/4 901/1288/4
f 902/1289/4 900/1287/4 901/1288/4
f 903/1290/4 902/1289/4 901/1288/4
f 903/1290/4 901/1288/4 904/1291/4
f 905/1292/4 903/1290/4 904/1291/4
f 906/1293/4 905/1292/4 904/1291/4
f 906/1293/4 904/1291/4 907/1294/4
f 908/1295/4 906/1293/4 907/1294/4
f 908/1295/4 907/1294/4 909/1296/4
f 910/1297/4 908/1295/4 909/1296/4
f 911/1298/4 910/1297/4 909/1296/4
f 911/1298/4 909/1296/4 912/1299/4
f 913/1300/81 911/1298/81 912/1299/81
f 914/1301/4 913/1300/4 912/1299/4
f 914/1301/4 912/1299/4 915/1302/4
f 916/1303/4 914/1301/4 915/1302/4
f 917/1304/4 916/1303/4 915/1302/4
f 918/1305/4 917/1304/4 915/1302/4
f 919/1306/4 918/1305/4 915/1302/4
f 919/1306/4 915/1302/4 920/1307/4
f 921/1308/73 919/1306/73 920/1307/73
f 922/1309/4 921/1308/4 920/1307/4
f 877/1263/4 889/1276/4 923/1310/4
f 923/1310/4 889/1276/4 922/1309/4
f 923/1310/4 922/1309/4 920/1307/4
f 923/1310/4 920/1307/4 924/1311/4
f 923/1310/4 924/1311/4 925/1312/4
f 923/1310/4 925/1312/4 926/1313/4
f 923/1310/4 926/1313/4 927/1314/4
f 923/1310/4 927/1314/4 928/1315/4
f 923/1310/4 928/1315/4 929/1316/4
f 923/1310/4 929/1316/4 930/1317/4
f 877/1263/4 923/1310/4 931/1318/4
f 933/1319/4 932/1320/4 934/1321/4
f 933/1319/4 934/1321/4 935/1322/4
f 933/1319/73 935/1322/73 936/1323/73
f 937/1324/4 933/1319/4 936/1323/4
f 937/1324/4 936/1323/4 938/1325/4
f 937/1324/4 938/1325/4 939/1326/4
f 940/1327/4 937/1324/4 939/1326/4
f 940/1327/4 939/1326/4 941/1328/4
f 940/1327/4 941/1328/4 942/1329/4
f 943/1330/4 940/1327/4 942/1329/4
f 943/1330/4 942/1329/4 944/1331/4
f 943/1330/4 944/1331/4 945/1332/4
f 946/1333/4 943/1330/4 945/1332/4
f 946/1333/4 945/1332/4 947/1334/4
f 946/1333/4 947/1334/4 948/1335/4
f 949/1336/4 946/1333/4 948/1335/4
f 949/1336/4 948/1335/4 950/1337/4
f 949/1336/4 950/1337/4 951/1338/4
f 951/1338/4 950/1337/4 952/1339/4
f 952/1339/4 950/1337/4 953/1340/4
f 953/1340/82 950/1337/82 954/1341/82
f 954/1341/4 950/1337/4 955/1342/4
f 955/1342/4 950/1337/4 956/1343/4
f 956/1343/4 950/1337/4 957/1344/4
f 957/1344/4 950/1337/4 958/1345/4
f 958/1345/4 950/1337/4 959/1346/4
f 960/1347/4 949/1336/4 961/1348/4
f 961/1348/4 949/1336/4 962/1349/4
f 962/1349/4 949/1336/4 951/1338/4
f 963/1350/4 960/1347/4 964/1351/4
f 964/1351/4 960/1347/4 965/1352/4
f 965/1352/4 960/1347/4 961/1348/4
f 966/1353/4 963/1350/4 967/1354/4
f 967/1354/4 963/1350/4 964/1351/4
f 966/1353/83 967/1354/83 968/1355/83
f 966/1353/82 968/1355/82 969/1356/82
f 966/1353/4 969/1356/4 970/1357/4
f 966/1353/4 970/1357/4 971/1358/4
f 966/1353/4 971/1358/4 972/1359/4
f 973/1360/4 966/1353/4 972/1359/4
f 973/1360/4 972/1359/4 974/1361/4
f 973/1360/4 974/1361/4 975/1362/4
f 973/1360/4 975/1362/4 976/1363/4
f 977/1364/4 973/1360/4 976/1363/4
f 977/1364/4 976/1363/4 978/1365/4
f 977/1364/4 978/1365/4 979/1366/4
f 980/1367/4 977/1364/4 979/1366/4
f 980/1367/4 979/1366/4 981/1368/4
f 980/1367/4 981/1368/4 982/1369/4
f 983/1370/4 980/1367/4 982/1369/4
f 983/1370/4 982/1369/4 984/1371/4
f 983/1370/4 984/1371/4 985/1372/4
f 986/1373/4 983/1370/4 985/1372/4
f 986/1373/4 985/1372/4 987/1374/4
f 988/1375/4 986/1373/4 987/1374/4
f 988/1375/4 987/1374/4 989/1376/4
f 988/1375/4 989/1376/4 990/1377/4
f 991/1378/4 988/1375/4 990/1377/4
f 991/1378/4 990/1377/4 992/1379/4
f 993/1380/4 991/1378/4 992/1379/4
f 993/1380/4 992/1379/4 994/1381/4
f 995/1382/4 993/1380/4 994/1381/4
f 995/1382/4 994/1381/4 996/1383/4
f 997/1384/4 995/1382/4 996/1383/4
f 997/1384/4 996/1383/4 998/1385/4
f 999/1386/4 997/1384/4 998/1385/4
f 1000/1387/4 999/1386/4 998/1385/4
f 1000/1387/4 998/1385/4 1001/1388/4
f 1002/1389/4 1000/1387/4 1001/1388/4
f 1003/1390/4 1002/1389/4 1001/1388/4
f 1003/1390/4 1001/1388/4 1004/1391/4
f 1005/1392/4 1003/1390/4 1004/1391/4
f 1007/1393/4 1006/1394/4 1008/1395/4
f 1005/1392/4 1004/1391/4 1009/1396/4
f 1010/1397/4 1005/1392/4 1009/1396/4
f 1007/1393/73 1008/1395/73 1011/1398/73
f 1012/1399/4 1010/1397/4 1009/1396/4
f 1012/1399/4 1009/1396/4 1013/1400/4
f 1007/1393/4 1011/1398/4 1014/1401/4
f 1015/1402/4 1012/1399/4 1013/1400/4
f 1007/1393/4 1014/1401/4 1016/1403/4
f 1017/1404/4 1015/1402/4 1013/1400/4
f 1018/1405/4 1017/1404/4 1013/1400/4
f 1018/1405/4 1013/1400/4 1019/1406/4
f 1007/1393/4 1016/1403/4 1020/1407/4
f 1021/1408/73 1018/1405/73 1019/1406/73
f 1007/1393/4 1020/1407/4 1022/1409/4
f 1023/1410/4 1021/1408/4 1019/1406/4
f 1007/1393/4 1022/1409/4 1024/1411/4
f 1023/1410/4 1019/1406/4 1025/1412/4
f 1026/1413/81 1023/1410/81 1025/1412/81
f 1007/1393/4 1024/1411/4 1027/1414/4
f 1028/1415/4 1026/1413/4 1025/1412/4
f 1007/1393/4 1027/1414/4 1029/1416/4
f 1030/1417/4 1028/1415/4 1025/1412/4
f 1007/1393/81 1029/1416/81 1031/1418/81
f 1032/1419/4 1030/1417/4 1025/1412/4
f 1007/1393/4 1031/1418/4 1033/1420/4
f 1032/1419/4 1025/1412/4 1034/1421/4
f 1035/1422/82 1032/1419/82 1034/1421/82
f 1007/1393/4 1033/1420/4 1035/1422/4
f 1007/1393/4 1035/1422/4 1034/1421/4
f 1007/1393/4 1034/1421/4 1036/1423/4
f 1037/1424/4 1007/1393/4 1036/1423/4
f 1038/1425/4 1037/1424/4 1036/1423/4
f 1038/1425/4 1036/1423/4 1039/1426/4
f 1040/1427/4 1038/1425/4 1039/1426/4
f 1040/1427/4 1039/1426/4 1041/1428/4
f 1042/1429/4 1040/1427/4 1041/1428/4
f 1043/1430/4 1042/1429/4 1041/1428/4
f 1043/1430/4 1041/1428/4 1044/1431/4
f 1045/1432/4 1043/1430/4 1044/1431/4
f 1046/1433/4 1045/1432/4 1044/1431/4
f 1046/1433/4 1044/1431/4 1047/1434/4
f 1048/1435/4 1046/1433/4 1047/1434/4
f 1049/1436/4 1048/1435/4 1047/1434/4
f 1049/1436/4 1047/1434/4 1050/1437/4
f 1051/1438/4 1049/1436/4 1050/1437/4
f 1052/1439/4 1051/1438/4 1050/1437/4
f 1052/1439/81 1050/1437/81 1053/1440/81
f 1055/1441/4 1054/1442/4 1056/1443/4
f 1056/1443/4 1054/1442/4 1057/1444/4
f 1056/1443/4 1057/1444/4 1058/1445/4
f 1055/1441/73 1056/1443/73 1059/1446/73
f 1055/1441/81 1059/1446/81 1060/1447/81
f 1060/1447/4 1059/1446/4 1061/1448/4
f 1060/1447/4 1061/1448/4 1062/1449/4
f 1055/1441/4 1060/1447/4 1063/1450/4
f 1055/1441/4 1063/1450/4 1064/1451/4
f 1055/1441/4 1064/1451/4 1065/1452/4
f 537/1453/84 839/1454/84 842/1455/84 538/1456/84
f 688/1457/85 1050/1458/85 1047/1459/85 689/1460/85
f 502/1461/86 788/1462/86 790/1463/86 503/1464/86
f 701/1465/87 998/1466/87 996/1467/87 702/1468/87
f 684/1469/88 1049/1470/88 1051/1471/88 685/1472/88
f 645/1473/89 997/1474/89 999/1475/89 646/1476/89
f 592/1477/90 894/1478/90 895/1479/90 593/1480/90
f 616/1481/91 947/1482/91 945/1483/91 617/1484/91
f 554/1485/92 843/1486/92 838/1487/92 555/1488/92
f 685/1472/93 1051/1471/93 1052/1489/93 686/1490/93
f 492/1491/94 791/1492/94 789/1493/94 493/1494/94
f 646/1476/95 999/1475/95 1000/1495/95 647/1496/95
f 593/1480/96 895/1479/96 896/1497/96 594/1498/96
f 503/1464/97 790/1463/97 792/1499/97 504/1500/97
f 615/1501/98 948/1502/98 947/1482/98 616/1481/98
f 482/1503/99 844/1504/99 840/1505/99 483/1506/99
f 686/1490/100 1052/1489/100 1053/1507/100 687/1508/100
f 631/1509/101 946/1510/101 949/1511/101 632/1512/101
f 465/1513/102 841/1514/102 845/1515/102 466/1516/102
f 687/1508/103 1053/1507/103 1050/1517/103 688/1518/103
f 700/1519/104 1001/1520/104 998/1466/104 701/1465/104
f 576/1521/105 897/1522/105 893/1523/105 577/1524/105
f 737/1525/3 1054/1526/3 1055/1527/3 738/1528/3
f 647/1496/106 1000/1495/106 1002/1529/106 648/1530/106
f 594/1498/107 896/1497/107 898/1531/107 595/1532/107
f 538/1456/108 842/1455/108 846/1533/108 539/1534/108
f 614/1535/109 950/1536/109 948/1502/109 615/1501/109
f 521/1537/110 794/1538/110 793/1539/110 522/1540/110
f 648/1530/111 1002/1529/111 1003/1541/111 649/1542/111
f 595/1532/112 898/1531/112 899/1543/112 596/1544/112
f 522/1540/113 793/1539/113 795/1545/113 523/1546/113
f 553/1547/114 847/1548/114 843/1486/114 554/1485/114
f 736/1549/6 1057/1550/6 1054/1551/6 737/1552/6
f 727/1553/115 951/1554/115 952/1555/115 728/1556/115
f 596/1544/116 899/1543/116 900/1557/116 597/1558/116
f 539/1534/117 846/1533/117 848/1559/117 540/1560/117
f 746/1561/5 1056/1562/5 1058/1563/5 747/1564/5
f 523/1546/118 795/1545/118 796/1565/118 524/1566/118
f 699/1567/119 1004/1568/119 1001/1520/119 700/1519/119
f 747/1569/1 1058/1570/1 1057/1571/1 736/1572/1
f 649/1542/120 1003/1541/120 1005/1573/120 650/1574/120
f 728/1556/121 952/1555/121 953/1575/121 729/1576/121
f 575/1577/122 901/1578/122 897/1522/122 576/1521/122
f 552/1579/123 849/1580/123 847/1548/123 553/1547/123
f 745/1581/1 1059/1582/1 1056/1583/1 746/1584/1
f 520/1585/124 797/1586/124 794/1587/124 521/1588/124
f 674/1589/3 1006/1590/3 1007/1591/3 675/1592/3
f 729/1576/125 953/1575/125 954/1593/125 730/1594/125
f 597/1558/126 900/1557/126 902/1595/126 598/1596/126
f 524/1566/127 796/1565/127 798/1597/127 525/1598/127
f 481/1599/128 850/1600/128 844/1504/128 482/1503/128
f 673/1601/129 1008/1602/129 1006/1603/129 674/1604/129
f 730/1594/130 954/1593/130 955/1605/130 731/1606/130
f 598/1596/131 902/1595/131 903/1607/131 599/1608/131
f 466/1516/132 845/1515/132 851/1609/132 467/1610/132
f 744/1611/6 1061/1612/6 1059/1613/6 745/1614/6
f 519/1615/133 799/1616/133 797/1586/133 520/1585/133
f 698/1617/134 1009/1618/134 1004/1619/134 699/1620/134
f 731/1606/135 955/1605/135 956/1621/135 732/1622/135
f 540/1560/136 848/1559/136 852/1623/136 541/1624/136
f 742/1625/5 1060/1626/5 1062/1627/5 743/1628/5
f 650/1629/137 1005/1630/137 1010/1631/137 651/1632/137
f 574/1633/138 904/1634/138 901/1578/138 575/1577/138
f 743/1635/1 1062/1636/1 1061/1637/1 744/1638/1
f 491/1639/139 800/1640/139 791/1492/139 492/1491/139
f 732/1622/140 956/1621/140 957/1641/140 733/1642/140
f 599/1643/141 903/1644/141 905/1645/141 600/1646/141
f 504/1500/142 792/1499/142 801/1647/142 505/1648/142
f 551/1649/143 853/1650/143 849/1580/143 552/1579/143
f 741/1651/1 1063/1652/1 1060/1653/1 742/1654/1
f 672/1655/144 1011/1656/144 1008/1602/144 673/1601/144
f 733/1642/145 957/1641/145 958/1657/145 734/1658/145
f 600/1646/146 905/1645/146 906/1659/146 601/1660/146
f 541/1624/147 852/1623/147 854/1661/147 542/1662/147
f 525/1598/148 798/1597/148 802/1663/148 526/1664/148
f 651/1632/149 1010/1631/149 1012/1665/149 652/1666/149
f 740/1667/6 1064/1668/6 1063/1669/6 741/1670/6
f 734/1658/150 958/1657/150 959/1671/150 735/1672/150
f 738/1673/5 1055/1674/5 1065/1675/5 739/1676/5
f 735/1677/1 959/1678/1 950/1679/1 614/1680/1
f 573/1681/151 907/1682/151 904/1683/151 574/1684/151
f 550/1685/152 855/1686/152 853/1650/152 551/1649/152
f 739/1687/1 1065/1688/1 1064/1689/1 740/1690/1
f 518/1691/153 803/1692/153 799/1616/153 519/1615/153
f 697/1693/154 1013/1694/154 1009/1618/154 698/1617/154
f 632/1512/155 949/1511/155 960/1695/155 633/1696/155
f 601/1660/156 906/1659/156 908/1697/156 602/1698/156
f 526/1664/157 802/1663/157 804/1699/157 527/1700/157
f 480/1701/158 856/1702/158 850/1600/158 481/1599/158
f 671/1703/159 1014/1704/159 1011/1656/159 672/1655/159
f 467/1610/160 851/1609/160 857/1705/160 468/1706/160
f 652/1666/161 1012/1665/161 1015/1707/161 653/1708/161
f 725/1709/162 961/1710/162 962/1711/162 726/1712/162
f 572/1713/163 909/1714/163 907/1682/163 573/1681/163
f 517/1715/164 805/1716/164 803/1692/164 518/1691/164
f 602/1698/165 908/1697/165 910/1717/165 603/1718/165
f 542/1662/166 854/1661/166 858/1719/166 543/1720/166
f 431/1721/3 748/1722/3 749/1723/3 432/1724/3
f 726/1712/167 962/1711/167 951/1554/167 727/1553/167
f 490/1725/168 806/1726/168 800/1640/168 491/1639/168
f 670/1727/169 1016/1728/169 1014/1704/169 671/1703/169
f 633/1696/170 960/1695/170 963/1729/170 634/1730/170
f 603/1718/171 910/1717/171 911/1731/171 604/1732/171
f 505/1648/172 801/1647/172 807/1733/172 506/1734/172
f 653/1708/173 1015/1707/173 1017/1735/173 654/1736/173
f 549/1737/174 859/1738/174 855/1686/174 550/1685/174
f 543/1720/175 858/1719/175 860/1739/175 544/1740/175
f 527/1700/176 804/1699/176 808/1741/176 528/1742/176
f 654/1736/177 1017/1735/177 1018/1743/177 655/1744/177
f 430/1745/6 751/1746/6 748/1747/6 431/1748/6
f 723/1749/178 964/1750/178 965/1751/178 724/1752/178
f 571/1753/179 912/1754/179 909/1714/179 572/1713/179
f 440/1755/5 750/1756/5 752/1757/5 441/1758/5
f 604/1732/180 911/1731/180 913/1759/180 605/1760/180
f 441/1761/1 752/1762/1 751/1763/1 430/1764/1
f 724/1752/181 965/1751/181 961/1710/181 725/1709/181
f 548/1765/182 861/1766/182 859/1738/182 549/1737/182
f 516/1767/183 809/1768/183 805/1716/183 517/1715/183
f 696/1769/184 1019/1770/184 1013/1694/184 697/1693/184
f 634/1730/185 963/1729/185 966/1771/185 635/1772/185
f 605/1760/186 913/1759/186 914/1773/186 606/1774/186
f 528/1742/187 808/1741/187 810/1775/187 529/1776/187
f 439/1777/1 753/1778/1 750/1779/1 440/1780/1
f 479/1781/188 862/1782/188 856/1702/188 480/1701/188
f 669/1783/189 1020/1784/189 1016/1728/189 670/1727/189
f 468/1706/190 857/1705/190 863/1785/190 469/1786/190
f 655/1744/191 1018/1743/191 1021/1787/191 656/1788/191
f 722/1789/192 967/1790/192 964/1750/192 723/1749/192
f 570/1791/193 915/1792/193 912/1754/193 571/1753/193
f 515/1793/194 811/1794/194 809/1768/194 516/1767/194
f 606/1774/195 914/1773/195 916/1795/195 607/1796/195
f 544/1740/196 860/1739/196 864/1797/196 545/1798/196
f 438/1799/6 755/1800/6 753/1801/6 439/1802/6
f 721/1803/197 968/1804/197 967/1805/197 722/1806/197
f 489/1807/198 812/1808/198 806/1726/198 490/1725/198
f 668/1809/199 1022/1810/199 1020/1784/199 669/1783/199
f 436/1811/5 754/1812/5 756/1813/5 437/1814/5
f 607/1796/200 916/1795/200 917/1815/200 608/1816/200
f 506/1734/201 807/1733/201 813/1817/201 507/1818/201
f 656/1788/202 1021/1787/202 1023/1819/202 657/1820/202
f 437/1821/1 756/1822/1 755/1823/1 438/1824/1
f 720/1825/203 969/1826/203 968/1804/203 721/1803/203
f 547/1827/204 865/1828/204 861/1766/204 548/1765/204
f 608/1816/205 917/1815/205 918/1829/205 609/1830/205
f 545/1798/206 864/1797/206 866/1831/206 546/1832/206
f 529/1776/207 810/1775/207 814/1833/207 530/1834/207
f 435/1835/1 757/1836/1 754/1837/1 436/1838/1
f 719/1839/208 970/1840/208 969/1826/208 720/1825/208
f 667/1841/209 1024/1842/209 1022/1810/209 668/1809/209
f 609/1830/210 918/1829/210 919/1843/210 610/1844/210
f 434/1845/6 758/1846/6 757/1847/6 435/1848/6
f 718/1849/211 971/1850/211 970/1840/211 719/1839/211
f 546/1851/212 866/1852/212 865/1828/212 547/1827/212
f 514/1853/213 815/1854/213 811/1794/213 515/1793/213
f 695/1855/214 1025/1856/214 1019/1770/214 696/1769/214
f 432/1857/5 749/1858/5 759/1859/5 433/1860/5
f 657/1820/215 1023/1819/215 1026/1861/215 658/1862/215
f 433/1863/1 759/1864/1 758/1865/1 434/1866/1
f 717/1867/216 972/1868/216 971/1850/216 718/1849/216
f 569/1869/217 920/1870/217 915/1792/217 570/1791/217
f 488/1871/218 816/1872/218 812/1808/218 489/1807/218
f 446/1873/3 760/1874/3 761/1875/3 447/1876/3
f 635/1772/219 966/1771/219 973/1877/219 636/1878/219
f 610/1844/220 919/1843/220 921/1879/220 611/1880/220
f 478/1881/221 867/1882/221 862/1782/221 479/1781/221
f 507/1818/222 813/1817/222 817/1883/222 508/1884/222
f 469/1786/223 863/1785/223 868/1885/223 470/1886/223
f 666/1887/224 1027/1888/224 1024/1842/224 667/1841/224
f 445/1889/6 762/1890/6 760/1891/6 446/1892/6
f 611/1893/225 921/1894/225 922/1895/225 612/1896/225
f 530/1834/226 814/1833/226 818/1897/226 531/1898/226
f 658/1862/227 1026/1861/227 1028/1899/227 659/1900/227
f 716/1901/228 974/1902/228 972/1868/228 717/1867/228
f 477/1903/229 869/1904/229 867/1882/229 478/1881/229
f 715/1905/230 975/1906/230 974/1902/230 716/1901/230
f 470/1886/231 868/1885/231 870/1907/231 471/1908/231
f 513/1909/232 819/1910/232 815/1854/232 514/1853/232
f 665/1911/233 1029/1912/233 1027/1888/233 666/1887/233
f 444/1913/234 764/1914/234 762/1890/234 445/1889/234
f 531/1898/235 818/1897/235 820/1915/235 532/1916/235
f 659/1900/236 1028/1899/236 1030/1917/236 660/1918/236
f 443/1919/3 765/1920/3 764/1921/3 444/1922/3
f 714/1923/237 976/1924/237 975/1906/237 715/1905/237
f 612/1896/6 922/1895/6 889/1925/6 613/1926/6
f 636/1878/238 973/1877/238 977/1927/238 637/1928/238
f 476/1929/239 871/1930/239 869/1904/239 477/1903/239
f 442/1931/6 766/1932/6 765/1933/6 443/1934/6
f 471/1908/240 870/1907/240 872/1935/240 472/1936/240
f 512/1937/241 821/1938/241 819/1910/241 513/1909/241
f 664/1939/242 1031/1940/242 1029/1912/242 665/1911/242
f 568/1941/243 924/1942/243 920/1870/243 569/1869/243
f 660/1918/244 1030/1917/244 1032/1943/244 661/1944/244
f 451/1945/1 767/1946/1 766/1947/1 442/1948/1
f 713/1949/245 978/1950/245 976/1924/245 714/1923/245
f 487/1951/246 822/1952/246 816/1872/246 488/1871/246
f 447/1953/5 761/1954/5 768/1955/5 448/1956/5
f 567/1957/247 925/1958/247 924/1942/247 568/1941/247
f 475/1959/248 873/1960/248 871/1930/248 476/1929/248
f 508/1884/249 817/1883/249 823/1961/249 509/1962/249
f 448/1963/1 768/1964/1 763/1965/1 449/1966/1
f 712/1967/250 979/1968/250 978/1950/250 713/1949/250
f 472/1936/251 872/1935/251 874/1969/251 473/1970/251
f 663/1971/252 1033/1972/252 1031/1940/252 664/1939/252
f 449/1973/253 763/1974/253 769/1975/253 450/1976/253
f 637/1928/254 977/1927/254 980/1977/254 638/1978/254
f 566/1979/255 926/1980/255 925/1958/255 567/1957/255
f 532/1916/256 820/1915/256 824/1981/256 533/1982/256
f 473/1970/257 874/1969/257 875/1983/257 474/1984/257
f 694/1985/258 1034/1986/258 1025/1856/258 695/1855/258
f 450/1976/5 769/1975/5 767/1987/5 451/1988/5
f 565/1989/259 927/1990/259 926/1980/259 566/1979/259
f 474/1984/260 875/1983/260 873/1991/260 475/1992/260
f 661/1944/261 1032/1943/261 1035/1993/261 662/1994/261
f 456/1995/3 770/1996/3 771/1997/3 457/1998/3
f 711/1999/262 981/2000/262 979/1968/262 712/1967/262
f 558/2001/3 876/2002/3 877/2003/3 559/2004/3
f 511/2005/263 825/2006/263 821/1938/263 512/1937/263
f 564/2007/264 928/2008/264 927/1990/264 565/1989/264
f 455/2009/6 772/2010/6 770/2011/6 456/2012/6
f 710/2013/265 982/2014/265 981/2015/265 711/2016/265
f 486/2017/266 826/2018/266 822/1952/266 487/1951/266
f 662/2019/267 1035/2020/267 1033/1972/267 663/1971/267
f 638/2021/268 980/2022/268 983/2023/268 639/2024/268
f 563/2025/269 929/2026/269 928/2008/269 564/2007/269
f 509/1962/270 823/1961/270 827/2027/270 462/2028/270
f 561/2029/5 923/2030/5 930/2031/5 562/2032/5
f 586/2033/6 879/2034/6 876/2035/6 558/2036/6
f 562/2032/271 930/2031/271 929/2037/271 563/2038/271
f 533/2039/272 824/2040/272 828/2041/272 534/2042/272
f 693/2043/273 1036/2044/273 1034/1986/273 694/1985/273
f 454/2045/234 774/2046/234 772/2010/234 455/2009/234
f 709/2047/274 984/2048/274 982/2014/274 710/2013/274
f 559/2049/5 877/2050/5 931/2051/5 560/2052/5
f 585/2053/275 880/2054/275 879/2034/275 586/2033/275
f 675/2055/276 1007/2056/276 1037/2057/276 676/2058/276
f 453/2059/3 775/2060/3 774/2061/3 454/2062/3
f 560/2063/1 931/2064/1 923/2065/1 561/2066/1
f 708/2067/277 985/2068/277 984/2048/277 709/2047/277
f 626/2069/278 932/2070/278 933/2071/278 627/2072/278
f 584/2073/279 881/2074/279 880/2054/279 585/2053/279
f 510/2075/280 829/2076/280 825/2006/280 511/2005/280
f 676/2058/157 1037/2057/157 1038/2077/157 677/2078/157
f 452/2079/6 776/2080/6 775/2081/6 453/2082/6
f 639/2024/281 983/2023/281 986/2083/281 640/2084/281
f 462/2028/282 827/2027/282 830/2085/282 463/2086/282
f 625/2087/283 934/2088/283 932/2070/283 626/2069/283
f 583/2089/284 882/2090/284 881/2074/284 584/2073/284
f 461/2091/1 777/2092/1 776/2093/1 452/2094/1
f 692/2095/285 1039/2096/285 1036/2044/285 693/2043/285
f 457/2097/5 771/2098/5 778/2099/5 458/2100/5
f 707/2101/286 987/2102/286 985/2068/286 708/2067/286
f 624/2103/287 935/2104/287 934/2088/287 625/2087/287
f 582/2105/288 883/2106/288 882/2090/288 583/2089/288
f 557/2107/289 831/2108/289 829/2109/289 510/2110/289
f 677/2078/290 1038/2077/290 1040/2111/290 678/2112/290
f 458/2113/1 778/2114/1 773/2115/1 459/2116/1
f 640/2084/291 986/2083/291 988/2117/291 641/2118/291
f 534/2042/292 828/2041/292 832/2119/292 535/2120/292
f 459/2121/253 773/2122/253 779/2123/253 460/2124/253
f 623/2125/293 936/2126/293 935/2104/293 624/2103/293
f 581/2127/294 884/2128/294 883/2106/294 582/2105/294
f 627/2129/295 933/2130/295 937/2131/295 628/2132/295
f 691/2133/296 1041/2134/296 1039/2096/296 692/2095/296
f 460/2124/5 779/2123/5 777/2135/5 461/2136/5
f 706/2137/297 989/2138/297 987/2102/297 707/2101/297
f 580/2139/298 885/2140/298 884/2128/298 581/2127/298
f 485/2141/299 833/2142/299 826/2143/299 486/2144/299
f 678/2112/300 1040/2111/300 1042/2145/300 679/2146/300
f 498/2147/301 780/2148/301 781/2149/301 499/2150/301
f 705/2151/302 990/2152/302 989/2138/302 706/2137/302
f 622/2153/303 938/2154/303 936/2126/303 623/2125/303
f 579/2155/304 886/2156/304 885/2140/304 580/2139/304
f 556/2157/305 834/2158/305 831/2108/305 557/2107/305
f 679/2146/306 1042/2145/306 1043/2159/306 680/2160/306
f 497/2161/307 782/2162/307 780/2163/307 498/2164/307
f 641/2118/308 988/2117/308 991/2165/308 642/2166/308
f 587/2167/5 878/2168/5 887/2169/5 588/2170/5
f 535/2120/309 832/2119/309 835/2171/309 536/2172/309
f 621/2173/310 939/2174/310 938/2154/310 622/2153/310
f 496/2175/311 783/2176/311 782/2162/311 497/2161/311
f 628/2132/312 937/2131/312 940/2177/312 629/2178/312
f 690/2179/313 1044/2180/313 1041/2134/313 691/2133/313
f 499/2150/314 781/2149/314 784/2181/314 500/2182/314
f 704/2183/315 992/2184/315 990/2152/315 705/2151/315
f 578/2185/316 888/2186/316 886/2156/316 579/2155/316
f 484/2187/317 836/2188/317 833/2142/317 485/2141/317
f 680/2160/318 1043/2159/318 1045/2189/318 681/2190/318
f 642/2166/319 991/2165/319 993/2191/319 643/2192/319
f 463/2193/320 830/2194/320 837/2195/320 464/2196/320
f 620/2197/321 941/2198/321 939/2174/321 621/2173/321
f 613/2199/1 889/2200/1 878/2168/1 587/2167/1
f 681/2190/322 1045/2189/322 1046/2201/322 682/2202/322
f 495/2203/323 785/2204/323 783/2176/323 496/2175/323
f 588/2170/324 887/2169/324 890/2205/324 589/2206/324
f 500/2182/325 784/2181/325 786/2207/325 501/2208/325
f 703/2209/326 994/2210/326 992/2184/326 704/2183/326
f 619/2211/327 942/2212/327 941/2198/327 620/2197/327
f 555/1488/328 838/1487/328 834/2158/328 556/2157/328
f 643/2192/329 993/2191/329 995/2213/329 644/2214/329
f 629/2178/330 940/2177/330 943/2215/330 630/2216/330
f 589/2206/331 890/2205/331 891/2217/331 590/2218/331
f 536/2172/332 835/2171/332 839/1454/332 537/1453/332
f 689/1460/333 1047/1459/333 1044/2180/333 690/2179/333
f 682/2202/334 1046/2201/334 1048/2219/334 683/2220/334
f 494/2221/335 787/2222/335 785/2204/335 495/2203/335
f 590/2218/336 891/2217/336 892/2223/336 591/2224/336
f 501/2208/337 786/2207/337 788/1462/337 502/1461/337
f 702/1468/338 996/1467/338 994/2210/338 703/2209/338
f 618/2225/339 944/2226/339 942/2212/339 619/2211/339
f 483/1506/340 840/1505/340 836/2188/340 484/2187/340
f 683/2220/341 1048/2219/341 1049/1470/341 684/1469/341
f 644/2214/342 995/2213/342 997/1474/342 645/1473/342
f 464/2196/343 837/2195/343 841/1514/343 465/1513/343
f 617/1484/344 945/1483/344 944/2226/344 618/2225/344
f 577/1524/345 893/1523/345 888/2186/345 578/2185/345
f 493/1494/346 789/1493/346 787/2222/346 494/2221/346
f 630/2216/347 943/2215/347 946/1510/347 631/1509/347
f 591/2224/348 892/2223/348 894/1478/348 592/1477/348
f 189/287/5 1072/2227/5 1081/2228/5 290/2229/5
f 1072/2227/5 1073/2230/5 1082/2231/5 1081/2228/5
f 1073/2230/5 1074/292/5 1083/610/5 1082/2231/5
f 1128/608/4 290/607/4 1081/2232/4 1138/2233/4
f 1138/2233/4 1081/2232/4 1082/2234/4 1141/2235/4
f 1141/2235/4 1082/2234/4 1083/598/4 1144/597/4
f 70/20/6 1080/97/6 1086/2236/6 293/2237/6
f 1080/97/6 1079/2238/6 1085/2239/6 1086/2236/6
f 1079/2238/6 1078/372/6 1084/374/6 1085/2239/6
f 189/287/4 26/286/4 1066/49/4 1072/2227/4
f 1072/2227/4 1066/49/4 1067/48/4 1073/2230/4
f 1073/2230/4 1067/48/4 1068/47/4 1074/292/4
f 24/18/4 68/17/4 1078/372/4 1077/2240/4
f 1077/2240/4 1078/372/4 1079/2238/4 1076/2241/4
f 1076/2241/4 1079/2238/4 1080/97/4 1075/62/4
f 24/119/5 1077/2240/5 1069/72/5 42/120/5
f 1077/2240/5 1076/2241/5 1070/73/5 1069/72/5
f 1076/2241/5 1075/62/5 1071/65/5 1070/73/5
f 1085/2242/4 1143/2243/4 1146/2244/4 1086/2245/4
f 1143/2246/4 1142/2247/4 1145/2248/4 1146/2249/4
f 1142/2250/4 1141/2235/4 1144/597/4 1145/2251/4
f 1084/2252/4 1140/2253/4 1143/2243/4 1085/2242/4
f 1140/2253/4 1139/2254/4 1142/2250/4 1143/2243/4
f 1139/2254/4 1138/2233/4 1141/2235/4 1142/2250/4
f 292/2255/4 1126/2256/4 1140/2253/4 1084/2252/4
f 1126/2256/4 1127/2257/4 1139/2254/4 1140/2253/4
f 1127/2258/4 1128/2259/4 1138/2260/4 1139/2261/4
f 142/175/1 1117/174/1 1132/2262/1 297/2263/1
f 1117/174/1 1118/2264/1 1133/2265/1 1132/2262/1
f 1118/2264/1 1119/618/1 1134/621/1 1133/2265/1
f 1157/2266/4 1160/2267/4 1135/2268/4 296/2269/4
f 1160/2267/4 1162/2270/4 1136/2271/4 1135/2268/4
f 1162/2270/4 1164/611/4 1137/605/4 1136/2271/4
f 296/2269/1 1135/2268/1 1126/2256/1 292/2255/1
f 1135/2268/1 1136/2271/1 1127/2257/1 1126/2256/1
f 1136/2271/1 1137/605/1 1128/608/1 1127/2257/1
f 194/376/3 1122/375/3 1131/600/3 291/599/3
f 1122/375/3 1121/2272/3 1130/2273/3 1131/600/3
f 1121/2272/3 1120/601/3 1129/604/3 1130/2273/3
f 1086/2245/4 1146/2244/4 1129/604/4 293/603/4
f 1146/2244/4 1145/2251/4 1130/2273/4 1129/604/4
f 1145/2251/4 1144/597/4 1131/600/4 1130/2273/4
f 70/602/4 1120/601/4 1114/245/4 149/244/4
f 1120/601/4 1121/2272/4 1115/2274/4 1114/245/4
f 1121/2272/4 1122/375/4 1116/378/4 1115/2274/4
f 148/239/1 1093/238/1 1108/187/1 156/186/1
f 1093/238/1 1094/2275/1 1109/2276/1 1108/187/1
f 1094/2275/1 1095/364/1 1110/367/1 1109/2276/1
f 180/2277/26 1098/2278/26 1116/378/26 193/377/26
f 1098/2278/26 1097/2279/26 1115/2274/26 1116/378/26
f 1097/2279/26 1096/243/26 1114/245/26 1115/2274/26
f 199/2280/25 1113/2281/25 1098/2278/25 180/2277/25
f 1113/2281/25 1112/2282/25 1097/2279/25 1098/2278/25
f 1112/2282/25 1111/241/25 1096/243/25 1097/2279/25
f 186/365/24 1095/364/24 1113/2281/24 199/2280/24
f 1095/364/24 1094/2275/24 1112/2282/24 1113/2281/24
f 1094/2275/24 1093/238/24 1111/241/24 1112/2282/24
f 181/2283/20 1089/2284/20 1110/367/20 192/366/20
f 1089/2284/20 1088/2285/20 1109/2276/20 1110/367/20
f 1088/2285/20 1087/185/20 1108/187/20 1109/2276/20
f 200/2286/19 1125/2287/19 1089/2284/19 181/2283/19
f 1125/2287/19 1124/2288/19 1088/2285/19 1089/2284/19
f 1124/2288/19 1123/183/19 1087/185/19 1088/2285/19
f 187/41/18 1101/40/18 1125/2287/18 200/2286/18
f 1101/40/18 1100/39/18 1124/2288/18 1125/2287/18
f 1100/39/18 1099/38/18 1123/183/18 1124/2288/18
f 179/2289/17 1107/2290/17 1092/303/17 191/302/17
f 1107/2290/17 1106/2291/17 1091/304/17 1092/303/17
f 1106/2291/17 1105/179/17 1090/181/17 1091/304/17
f 198/2292/16 1104/2293/16 1107/2290/16 179/2289/16
f 1104/2293/16 1103/2294/16 1106/2291/16 1107/2290/16
f 1103/2294/16 1102/177/16 1105/179/16 1106/2291/16
f 185/619/15 1119/618/15 1104/2293/15 198/2292/15
f 1119/618/15 1118/2264/15 1103/2294/15 1104/2293/15
f 1118/2264/15 1117/174/15 1102/177/15 1103/2294/15
f 1133/2265/4 1134/621/4 1163/2295/4 1161/2296/4
f 1161/2296/4 1163/2295/4 1164/611/4 1162/2270/4
f 1132/2262/4 1133/2265/4 1161/2296/4 1159/2297/4
f 1159/2298/4 1161/2299/4 1162/2300/4 1160/2301/4
f 297/2263/4 1132/2262/4 1159/2297/4 1158/2302/4
f 1158/2302/4 1159/2297/4 1160/2267/4 1157/2266/4
f 68/17/6 1151/16/6 1157/2303/6 296/2304/6
f 1151/16/6 1152/615/6 1158/617/6 1157/2303/6
f 185/395/5 1147/2305/5 1155/2306/5 294/2307/5
f 1147/2305/5 1148/285/5 1156/614/5 1155/2306/5
f 1134/621/4 294/620/4 1155/2308/4 1163/2295/4
f 1163/2295/4 1155/2308/4 1156/612/4 1164/611/4
f 185/395/4 108/394/4 1150/107/4 1147/2305/4
f 1147/2305/4 1150/107/4 1149/106/4 1148/285/4
f 103/265/4 142/264/4 1152/615/4 1154/118/4
f 1154/118/4 1152/615/4 1151/16/4 1153/15/4
f 1165/2309/1 1166/2310/1 1168/2311/1 1167/2312/1
f 1167/2312/2 1168/2311/2 1172/2313/2 1171/2314/2
f 1171/2314/3 1172/2313/3 1170/2315/3 1169/2316/3
f 1169/2316/4 1170/2315/4 1166/2317/4 1165/2318/4
f 1167/2319/5 1171/2314/5 1169/2316/5 1165/2320/5
f 1172/2313/6 1168/2321/6 1166/2322/6 1170/2315/6
f 1173/2323/1 1174/2324/1 1176/2325/1 1175/2326/1
f 1175/2326/2 1176/2325/2 1180/2327/2 1179/2328/2
f 1179/2328/3 1180/2327/3 1178/2329/3 1177/2330/3
f 1177/2330/4 1178/2329/4 1174/2331/4 1173/2332/4
f 1175/2333/5 1179/2328/5 1177/2330/5 1173/2334/5
f 1180/2327/6 1176/2335/6 1174/2336/6 1178/2329/6
f 1181/2337/1 1182/2338/1 1184/2339/1 1183/2340/1
f 1183/2340/2 1184/2339/2 1188/2341/2 1187/2342/2
f 1187/2342/3 1188/2341/3 1186/2343/3 1185/2344/3
f 1185/2344/4 1186/2343/4 1182/2345/4 1181/2346/4
f 1183/2347/5 1187/2342/5 1185/2344/5 1181/2348/5
f 1188/2341/6 1184/2349/6 1182/2350/6 1186/2343/6
l 169 168
l 299 298
