# Blender v3.0.0 OBJ File: ''
# www.blender.org
mtllib feurouge.mtl
o poteau1
v 0.020150 -1.497868 0.052881
v 0.020150 -0.486092 0.052881
v -0.020150 -0.486059 0.052881
v -0.020150 -1.497868 0.052881
v 0.052881 -1.497868 -0.020150
v 0.052881 -0.486098 -0.020150
v 0.052881 -0.486098 0.020150
v 0.052881 -1.497868 0.020148
v 0.043294 -0.486098 -0.043294
v 0.020150 -0.486098 -0.052882
v -0.020150 -0.486098 -0.052882
v -0.043294 -0.486098 -0.043294
v -0.052881 -0.486092 -0.020150
v -0.052881 -0.486059 0.020150
v -0.043294 -0.486033 0.043294
v 0.043294 -0.486098 0.043294
v -0.052881 -1.497868 0.020148
v -0.052881 -1.497868 -0.020150
v -0.020150 -1.497868 -0.052883
v 0.020150 -1.497868 -0.052883
v -0.043294 -1.497868 0.043294
v -0.043294 -1.497868 -0.043296
v 0.043294 -1.497868 -0.043296
v 0.043294 -1.497868 0.043294
v 0.020150 -0.497868 0.052881
v -0.020150 -0.497868 0.052881
v 0.052881 -0.497868 -0.020150
v 0.052881 -0.497868 0.020148
v -0.052881 -0.497868 0.020148
v -0.052881 -0.497868 -0.020150
v -0.020150 -0.497868 -0.052883
v 0.020150 -0.497868 -0.052883
v -0.043294 -0.497868 0.043294
v -0.043294 -0.497868 -0.043296
v 0.043294 -0.497868 -0.043296
v 0.043294 -0.497868 0.043294
v 0.020150 -0.136951 0.052881
v 0.052881 -0.137219 -0.020150
v -0.020150 -0.137219 -0.052883
v -0.043294 -0.134143 0.043294
v -0.020150 -0.135504 0.052881
v 0.052881 -0.137219 0.020149
v 0.043294 -0.137219 0.043294
v -0.052881 -0.135504 0.020149
v 0.020150 -0.137219 -0.052883
v 0.043294 -0.137219 -0.043295
v -0.052881 -0.136951 -0.020150
v -0.043294 -0.137219 -0.043295
vt 0.941420 0.254819
vt 0.943002 0.254819
vt 0.943002 0.255422
vt 0.941420 0.255422
vt 0.941420 0.253237
vt 0.943002 0.253237
vt 0.943002 0.253840
vt 0.941420 0.253840
vt 0.943146 0.252891
vt 0.943492 0.252747
vt 0.944095 0.252747
vt 0.944441 0.252891
vt 0.944584 0.253237
vt 0.944584 0.253840
vt 0.944441 0.254186
vt 0.944095 0.254329
vt 0.943492 0.254329
vt 0.943146 0.254186
vt 0.941420 0.250073
vt 0.943002 0.250073
vt 0.943002 0.250675
vt 0.941420 0.250675
vt 0.941420 0.251655
vt 0.943002 0.251655
vt 0.943002 0.252258
vt 0.941420 0.252258
vt 0.943002 0.255912
vt 0.941420 0.255912
vt 0.941420 0.249583
vt 0.943002 0.249583
vt 0.941420 0.251165
vt 0.943002 0.251165
vt 0.941420 0.252747
vt 0.943002 0.252747
vt 0.941420 0.254329
vt 0.943002 0.254329
vt 0.939838 0.253237
vt 0.939981 0.252891
vt 0.940328 0.252747
vt 0.940930 0.252747
vt 0.941277 0.252891
vt 0.941277 0.254186
vt 0.940930 0.254329
vt 0.940328 0.254329
vt 0.939981 0.254186
vt 0.939838 0.253840
vt 0.942211 0.251655
vt 0.941420 0.251655
vt 0.941420 0.251165
vt 0.942211 0.251165
vt 0.941420 0.250675
vt 0.942211 0.250675
vt 0.942211 0.253237
vt 0.941420 0.253237
vt 0.941420 0.252747
vt 0.942211 0.252747
vt 0.941420 0.252258
vt 0.942211 0.252258
vt 0.942211 0.254819
vt 0.941420 0.254819
vt 0.941420 0.254329
vt 0.942211 0.254329
vt 0.941420 0.253840
vt 0.942211 0.253840
vt 0.939838 0.253237
vt 0.939981 0.252891
vt 0.940328 0.252747
vt 0.940930 0.252747
vt 0.941277 0.252891
vt 0.941277 0.254186
vt 0.940930 0.254329
vt 0.940328 0.254329
vt 0.939981 0.254186
vt 0.939838 0.253840
vt 0.941420 0.249583
vt 0.942211 0.249583
vt 0.942211 0.250073
vt 0.941420 0.250073
vt 0.941420 0.255422
vt 0.942211 0.255422
vt 0.942211 0.255912
vt 0.941420 0.255912
vn -0.0000 -0.0000 1.0000
vn 1.0000 0.0000 0.0000
vn 0.0003 1.0000 -0.0003
vn -1.0000 0.0000 0.0000
vn 0.0000 0.0000 -1.0000
vn -0.3827 -0.0000 0.9239
vn -0.9239 -0.0000 0.3827
vn -0.3827 0.0000 -0.9239
vn -0.9239 0.0000 -0.3827
vn 0.9239 0.0000 -0.3827
vn 0.3827 0.0000 -0.9239
vn 0.3827 -0.0000 0.9239
vn 0.9239 -0.0000 0.3827
vn 0.0000 -1.0000 0.0000
usemtl Material.008
s 1
f 1/1/1 2/2/1 3/3/1 4/4/1
f 5/5/2 6/6/2 7/7/2 8/8/2
f 6/6/3 9/9/3 10/10/3 11/11/3 12/12/3 13/13/3 14/14/3 15/15/3 3/16/3 2/17/3 16/18/3 7/7/3
f 17/19/4 14/20/4 13/21/4 18/22/4
f 19/23/5 11/24/5 10/25/5 20/26/5
f 4/4/6 3/3/6 15/27/6 21/28/6
f 21/29/7 15/30/7 14/20/7 17/19/7
f 11/24/8 19/23/8 22/31/8 12/32/8
f 12/32/9 22/31/9 18/22/9 13/21/9
f 6/6/10 5/5/10 23/33/10 9/34/10
f 9/34/11 23/33/11 20/26/11 10/25/11
f 2/2/12 1/1/12 24/35/12 16/36/12
f 16/36/13 24/35/13 8/8/13 7/7/13
f 18/37/14 22/38/14 19/39/14 20/40/14 23/41/14 5/5/14 8/8/14 24/42/14 1/43/14 4/44/14 21/45/14 17/46/14
f 39/47/8 31/48/8 34/49/8 48/50/8
f 48/50/9 34/49/9 30/51/9 47/52/9
f 38/53/10 27/54/10 35/55/10 46/56/10
f 46/56/11 35/55/11 32/57/11 45/58/11
f 37/59/12 25/60/12 36/61/12 43/62/12
f 43/62/13 36/61/13 28/63/13 42/64/13
f 30/65/14 34/66/14 31/67/14 32/68/14 35/69/14 27/54/14 28/63/14 36/70/14 25/71/14 26/72/14 33/73/14 29/74/14
f 33/75/7 40/76/7 44/77/7 29/78/7
f 26/79/6 41/80/6 40/81/6 33/82/6
f 31/48/5 39/47/5 45/58/5 32/57/5
f 29/78/4 44/77/4 47/52/4 30/51/4
f 27/54/2 38/53/2 42/64/2 28/63/2
f 25/60/1 37/59/1 41/80/1 26/79/1
o haut
v -0.133754 1.099536 0.004788
v -0.133754 1.104025 0.004788
v -0.227196 1.104025 -0.214143
v -0.227177 1.099536 -0.214099
v 0.133754 1.099536 0.004788
v 0.133754 1.104025 0.004788
v 0.227177 1.099536 -0.214099
v 0.227196 1.104025 -0.214143
v -0.206642 0.738705 -0.247029
v -0.206642 0.744377 -0.247029
v 0.206642 0.744377 -0.247029
v 0.206642 0.738705 -0.247029
v 0.229943 1.104025 -0.226752
v 0.227001 1.104025 -0.237441
v 0.218819 1.104025 -0.244583
v 0.206642 1.104025 -0.247091
v -0.206642 1.104025 -0.247091
v -0.218819 1.104025 -0.244583
v -0.227001 1.104025 -0.237441
v -0.229943 1.104025 -0.226752
v -0.133754 0.738705 0.004788
v -0.133754 0.744377 0.004788
v -0.227231 0.744377 -0.214170
v -0.227247 0.738705 -0.214209
v -0.206642 0.750759 -0.249442
v 0.206642 0.750759 -0.249442
v 0.227247 0.738705 -0.214209
v 0.227231 0.744377 -0.214170
v 0.133754 0.744377 0.004788
v 0.133754 0.738705 0.004788
v -0.133754 0.750759 0.004788
v -0.227317 0.750759 -0.216472
v -0.206642 1.095702 -0.249442
v 0.206642 1.095702 -0.249442
v 0.227317 0.750759 -0.216472
v 0.133754 0.750759 0.004788
v 0.227288 1.095702 -0.216404
v 0.133754 1.095702 0.004788
v -0.206642 1.099536 -0.247091
v 0.206642 1.099536 -0.247091
v -0.133754 1.095702 0.004788
v -0.227288 1.095702 -0.216404
v -0.229931 1.099536 -0.226725
v -0.226995 1.099536 -0.237428
v -0.218817 1.099536 -0.244580
v 0.229974 0.738705 -0.226769
v 0.229964 0.744377 -0.226744
v 0.227016 0.738705 -0.237416
v 0.227011 0.744377 -0.237405
v 0.218823 0.738705 -0.244531
v 0.218821 0.744377 -0.244528
v -0.229964 0.744377 -0.226745
v -0.229974 0.738705 -0.226769
v -0.227011 0.744377 -0.237405
v -0.227016 0.738705 -0.237416
v -0.218821 0.744377 -0.244528
v -0.218823 0.738705 -0.244531
v 0.230017 0.750759 -0.229089
v 0.227036 0.750759 -0.239785
v 0.218828 0.750759 -0.246932
v -0.230017 0.750759 -0.229089
v -0.227036 0.750759 -0.239785
v -0.218828 0.750759 -0.246932
v 0.229999 1.095702 -0.229047
v 0.227028 1.095702 -0.239765
v 0.218826 1.095702 -0.246927
v -0.229999 1.095702 -0.229047
v -0.227028 1.095702 -0.239765
v -0.218826 1.095702 -0.246927
v 0.229931 1.099536 -0.226725
v 0.226995 1.099536 -0.237428
v 0.218817 1.099536 -0.244580
v -0.166444 0.898447 -0.402140
v -0.163280 0.930930 -0.402610
v -0.126873 0.930930 -0.071115
v -0.129359 0.898447 -0.071115
v -0.153907 0.962165 -0.404001
v -0.119512 0.962165 -0.071115
v -0.138362 0.990950 -0.405244
v -0.107558 0.990950 -0.071115
v -0.117814 1.016181 -0.407798
v -0.091470 1.016181 -0.071115
v -0.092503 1.036888 -0.412528
v -0.071868 1.036888 -0.071115
v -0.063717 1.052275 -0.417334
v -0.049503 1.052275 -0.071115
v -0.032483 1.061749 -0.417334
v -0.025237 1.061749 -0.071115
v 0.000000 1.064949 -0.417334
v 0.000000 1.064949 -0.071115
v 0.166444 0.898447 -0.402140
v 0.129359 0.898447 -0.071115
v 0.126873 0.930930 -0.071115
v 0.163280 0.930930 -0.402610
v 0.119512 0.962165 -0.071115
v 0.153907 0.962165 -0.404001
v 0.107558 0.990950 -0.071115
v 0.138362 0.990950 -0.405244
v 0.091470 1.016181 -0.071115
v 0.117814 1.016181 -0.407798
v 0.071868 1.036888 -0.071115
v 0.092503 1.036888 -0.412528
v 0.049503 1.052275 -0.071115
v 0.063717 1.052275 -0.417334
v 0.025237 1.061749 -0.071115
v 0.032483 1.061749 -0.417334
v -0.166444 0.906745 -0.402140
v -0.129359 0.906745 -0.071115
v -0.126873 0.939228 -0.071115
v -0.163280 0.939228 -0.402610
v -0.119512 0.970463 -0.071115
v -0.153907 0.970463 -0.404001
v -0.107558 0.999248 -0.071115
v -0.138362 0.999248 -0.405244
v -0.091470 1.024480 -0.071115
v -0.117814 1.024480 -0.407798
v -0.071868 1.045186 -0.071115
v -0.092503 1.045186 -0.412528
v -0.049503 1.060573 -0.071115
v -0.063717 1.060573 -0.417334
v -0.025237 1.070047 -0.071115
v -0.032483 1.070047 -0.417334
v 0.000000 1.073247 -0.071115
v 0.000000 1.073247 -0.417334
v 0.166444 0.906745 -0.402140
v 0.163280 0.939228 -0.402610
v 0.126873 0.939228 -0.071115
v 0.129359 0.906745 -0.071115
v 0.153907 0.970463 -0.404001
v 0.119512 0.970463 -0.071115
v 0.138362 0.999248 -0.405244
v 0.107558 0.999248 -0.071115
v 0.117814 1.024480 -0.407798
v 0.091470 1.024480 -0.071115
v 0.092503 1.045186 -0.412528
v 0.071868 1.045186 -0.071115
v 0.063717 1.060573 -0.417334
v 0.049503 1.060573 -0.071115
v 0.032483 1.070047 -0.417334
v 0.025237 1.070047 -0.071115
v 0.000000 1.037518 -0.281654
v 0.000000 1.037518 -0.172151
v 0.023688 1.035185 -0.172151
v 0.023688 1.035185 -0.281654
v 0.046466 1.028275 -0.172151
v 0.046466 1.028275 -0.281654
v 0.067458 1.017055 -0.172151
v 0.067458 1.017055 -0.281654
v 0.085857 1.001954 -0.172151
v 0.085857 1.001954 -0.281654
v 0.100958 0.983555 -0.172151
v 0.100958 0.983555 -0.281654
v 0.112178 0.962563 -0.172151
v 0.112178 0.962563 -0.281654
v 0.119088 0.939785 -0.172151
v 0.119088 0.939785 -0.281654
v 0.121421 0.916097 -0.172151
v 0.121421 0.916097 -0.281654
v 0.119088 0.892409 -0.172151
v 0.119088 0.892409 -0.281654
v 0.112178 0.869631 -0.172151
v 0.112178 0.869631 -0.281654
v 0.100958 0.848639 -0.172151
v 0.100958 0.848639 -0.281654
v 0.085857 0.830239 -0.172151
v 0.085857 0.830239 -0.281654
v 0.067458 0.815139 -0.172151
v 0.067458 0.815139 -0.281654
v 0.046466 0.803919 -0.172151
v 0.046466 0.803919 -0.281654
v 0.023688 0.797009 -0.172151
v 0.023688 0.797009 -0.281654
v 0.000000 0.794676 -0.172151
v 0.000000 0.794676 -0.281654
v -0.023688 0.797009 -0.172151
v -0.023688 0.797009 -0.281654
v -0.046466 0.803919 -0.172151
v -0.046466 0.803919 -0.281654
v -0.067458 0.815139 -0.172151
v -0.067458 0.815139 -0.281654
v -0.085857 0.830239 -0.172151
v -0.085857 0.830239 -0.281654
v -0.100958 0.848639 -0.172151
v -0.100958 0.848639 -0.281654
v -0.112178 0.869631 -0.172151
v -0.112178 0.869631 -0.281654
v -0.119088 0.892409 -0.172151
v -0.119088 0.892409 -0.281654
v -0.121421 0.916097 -0.172151
v -0.121421 0.916097 -0.281654
v -0.119088 0.939785 -0.172151
v -0.119088 0.939785 -0.281654
v -0.112178 0.962563 -0.172151
v -0.112178 0.962563 -0.281654
v -0.100958 0.983555 -0.172151
v -0.100958 0.983555 -0.281654
v -0.085858 1.001954 -0.172151
v -0.085858 1.001954 -0.281654
v -0.067458 1.017055 -0.172151
v -0.067458 1.017055 -0.281654
v -0.046466 1.028275 -0.172151
v -0.046466 1.028275 -0.281654
v -0.023688 1.035185 -0.172151
v -0.023688 1.035185 -0.281654
v -0.133754 0.734216 0.004788
v -0.133754 0.738705 0.004788
v -0.227196 0.738705 -0.214143
v -0.227177 0.734216 -0.214099
v 0.133754 0.734216 0.004788
v 0.133754 0.738705 0.004788
v 0.227177 0.734216 -0.214099
v 0.227196 0.738705 -0.214143
v -0.206566 0.373385 -0.247029
v -0.206589 0.379057 -0.247029
v 0.206591 0.379057 -0.247029
v 0.206568 0.373385 -0.247029
v 0.229943 0.738705 -0.226752
v 0.227001 0.738705 -0.237441
v 0.218819 0.738705 -0.244583
v 0.206642 0.738705 -0.247091
v -0.206642 0.738705 -0.247091
v -0.218819 0.738705 -0.244583
v -0.227001 0.738705 -0.237441
v -0.229943 0.738705 -0.226752
v -0.133574 0.373385 0.004788
v -0.133604 0.379057 0.004788
v -0.227165 0.379057 -0.214170
v -0.227155 0.373385 -0.214209
v -0.206612 0.385440 -0.249442
v 0.206613 0.385440 -0.249442
v 0.227157 0.373385 -0.214209
v 0.227167 0.379057 -0.214170
v 0.133610 0.379057 0.004788
v 0.133581 0.373385 0.004788
v -0.133635 0.385440 0.004788
v -0.227278 0.385440 -0.216472
v -0.206642 0.730383 -0.249442
v 0.206642 0.730383 -0.249442
v 0.227278 0.385440 -0.216472
v 0.133640 0.385440 0.004788
v 0.227288 0.730383 -0.216404
v 0.133754 0.730383 0.004788
v -0.206642 0.734216 -0.247091
v 0.206642 0.734216 -0.247091
v -0.133754 0.730383 0.004788
v -0.227288 0.730383 -0.216404
v -0.229931 0.734216 -0.226725
v -0.226995 0.734216 -0.237428
v -0.218817 0.734216 -0.244580
v 0.229897 0.373385 -0.226769
v 0.229911 0.379057 -0.226744
v 0.226946 0.373385 -0.237416
v 0.226964 0.379057 -0.237405
v 0.218754 0.373385 -0.244531
v 0.218775 0.379057 -0.244528
v -0.229910 0.379057 -0.226745
v -0.229895 0.373385 -0.226769
v -0.226963 0.379057 -0.237405
v -0.226944 0.373385 -0.237416
v -0.218774 0.379057 -0.244528
v -0.218752 0.373385 -0.244531
v 0.229987 0.385440 -0.229089
v 0.227011 0.385440 -0.239785
v 0.218802 0.385440 -0.246932
v -0.229987 0.385440 -0.229089
v -0.227010 0.385440 -0.239785
v -0.218802 0.385440 -0.246932
v 0.229999 0.730383 -0.229047
v 0.227028 0.730383 -0.239765
v 0.218826 0.730383 -0.246927
v -0.229999 0.730383 -0.229047
v -0.227028 0.730383 -0.239765
v -0.218826 0.730383 -0.246927
v 0.229931 0.734216 -0.226725
v 0.226995 0.734216 -0.237428
v 0.218817 0.734216 -0.244580
v -0.166444 0.533127 -0.402140
v -0.163280 0.565610 -0.402610
v -0.126873 0.565610 -0.071115
v -0.129359 0.533127 -0.071115
v -0.153907 0.596845 -0.404001
v -0.119512 0.596845 -0.071115
v -0.138362 0.625631 -0.405244
v -0.107558 0.625631 -0.071115
v -0.117814 0.650862 -0.407798
v -0.091470 0.650862 -0.071115
v -0.092503 0.671569 -0.412528
v -0.071868 0.671569 -0.071115
v -0.063717 0.686955 -0.417334
v -0.049503 0.686955 -0.071115
v -0.032483 0.696430 -0.417334
v -0.025237 0.696430 -0.071115
v 0.000000 0.699629 -0.417334
v 0.000000 0.699629 -0.071115
v 0.166444 0.533127 -0.402140
v 0.129359 0.533127 -0.071115
v 0.126873 0.565610 -0.071115
v 0.163280 0.565610 -0.402610
v 0.119512 0.596845 -0.071115
v 0.153907 0.596845 -0.404001
v 0.107558 0.625631 -0.071115
v 0.138362 0.625631 -0.405244
v 0.091470 0.650862 -0.071115
v 0.117814 0.650862 -0.407798
v 0.071868 0.671569 -0.071115
v 0.092503 0.671569 -0.412528
v 0.049503 0.686955 -0.071115
v 0.063717 0.686955 -0.417334
v 0.025237 0.696430 -0.071115
v 0.032483 0.696430 -0.417334
v -0.166444 0.541425 -0.402140
v -0.129359 0.541425 -0.071115
v -0.126873 0.573908 -0.071115
v -0.163280 0.573908 -0.402610
v -0.119512 0.605143 -0.071115
v -0.153907 0.605143 -0.404001
v -0.107558 0.633929 -0.071115
v -0.138362 0.633929 -0.405244
v -0.091470 0.659160 -0.071115
v -0.117814 0.659160 -0.407798
v -0.071868 0.679867 -0.071115
v -0.092503 0.679867 -0.412528
v -0.049503 0.695253 -0.071115
v -0.063717 0.695253 -0.417334
v -0.025237 0.704728 -0.071115
v -0.032483 0.704728 -0.417334
v 0.000000 0.707927 -0.071115
v 0.000000 0.707927 -0.417334
v 0.166444 0.541425 -0.402140
v 0.163280 0.573908 -0.402610
v 0.126873 0.573908 -0.071115
v 0.129359 0.541425 -0.071115
v 0.153907 0.605143 -0.404001
v 0.119512 0.605143 -0.071115
v 0.138362 0.633929 -0.405244
v 0.107558 0.633929 -0.071115
v 0.117814 0.659160 -0.407798
v 0.091470 0.659160 -0.071115
v 0.092503 0.679867 -0.412528
v 0.071868 0.679867 -0.071115
v 0.063717 0.695253 -0.417334
v 0.049503 0.695253 -0.071115
v 0.032483 0.704728 -0.417334
v 0.025237 0.704728 -0.071115
v 0.000000 0.672198 -0.281654
v 0.000000 0.672198 -0.172151
v 0.023688 0.669865 -0.172151
v 0.023688 0.669865 -0.281654
v 0.046466 0.662956 -0.172151
v 0.046466 0.662956 -0.281654
v 0.067458 0.651735 -0.172151
v 0.067458 0.651735 -0.281654
v 0.085857 0.636635 -0.172151
v 0.085857 0.636635 -0.281654
v 0.100958 0.618235 -0.172151
v 0.100958 0.618235 -0.281654
v 0.112178 0.597243 -0.172151
v 0.112178 0.597243 -0.281654
v 0.119088 0.574465 -0.172151
v 0.119088 0.574465 -0.281654
v 0.121421 0.550777 -0.172151
v 0.121421 0.550777 -0.281654
v 0.119088 0.527089 -0.172151
v 0.119088 0.527089 -0.281654
v 0.112178 0.504312 -0.172151
v 0.112178 0.504312 -0.281654
v 0.100958 0.483320 -0.172151
v 0.100958 0.483320 -0.281654
v 0.085857 0.464920 -0.172151
v 0.085857 0.464920 -0.281654
v 0.067458 0.449820 -0.172151
v 0.067458 0.449820 -0.281654
v 0.046466 0.438599 -0.172151
v 0.046466 0.438599 -0.281654
v 0.023688 0.431690 -0.172151
v 0.023688 0.431690 -0.281654
v 0.000000 0.429357 -0.172151
v 0.000000 0.429357 -0.281654
v -0.023688 0.431690 -0.172151
v -0.023688 0.431690 -0.281654
v -0.046466 0.438599 -0.172151
v -0.046466 0.438599 -0.281654
v -0.067458 0.449820 -0.172151
v -0.067458 0.449820 -0.281654
v -0.085857 0.464920 -0.172151
v -0.085857 0.464920 -0.281654
v -0.100958 0.483320 -0.172151
v -0.100958 0.483320 -0.281654
v -0.112178 0.504312 -0.172151
v -0.112178 0.504312 -0.281654
v -0.119088 0.527089 -0.172151
v -0.119088 0.527089 -0.281654
v -0.121421 0.550777 -0.172151
v -0.121421 0.550777 -0.281654
v -0.119088 0.574465 -0.172151
v -0.119088 0.574465 -0.281654
v -0.112178 0.597243 -0.172151
v -0.112178 0.597243 -0.281654
v -0.100958 0.618235 -0.172151
v -0.100958 0.618235 -0.281654
v -0.085858 0.636635 -0.172151
v -0.085858 0.636635 -0.281654
v -0.067458 0.651735 -0.172151
v -0.067458 0.651735 -0.281654
v -0.046466 0.662956 -0.172151
v -0.046466 0.662956 -0.281654
v -0.023688 0.669865 -0.172151
v -0.023688 0.669865 -0.281654
v -0.133548 0.368897 0.004788
v -0.133574 0.373385 0.004788
v -0.227104 0.373385 -0.214143
v -0.227060 0.368897 -0.214099
v 0.133557 0.368897 0.004788
v 0.133581 0.373385 0.004788
v 0.227063 0.368897 -0.214099
v 0.227106 0.373385 -0.214143
v -0.198906 0.008066 -0.247029
v -0.199081 0.013738 -0.247029
v 0.199284 0.013738 -0.247029
v 0.199113 0.008066 -0.247029
v 0.229865 0.373385 -0.226752
v 0.226931 0.373385 -0.237441
v 0.218750 0.373385 -0.244583
v 0.206568 0.373385 -0.247091
v -0.206566 0.373385 -0.247091
v -0.218748 0.373385 -0.244583
v -0.226929 0.373385 -0.237441
v -0.229864 0.373385 -0.226752
v -0.127658 0.008066 0.004788
v -0.127785 0.013738 0.004788
v -0.218798 0.013738 -0.214170
v -0.218620 0.008066 -0.214209
v -0.199303 0.020120 -0.249442
v 0.199500 0.020120 -0.249442
v 0.218830 0.008066 -0.214209
v 0.219003 0.013738 -0.214170
v 0.128031 0.013738 0.004788
v 0.127910 0.008066 0.004788
v -0.127928 0.020120 0.004788
v -0.219122 0.020120 -0.216472
v -0.206528 0.365063 -0.249442
v 0.206531 0.365063 -0.249442
v 0.219322 0.020120 -0.216472
v 0.128168 0.020120 0.004788
v 0.227154 0.365063 -0.216404
v 0.133534 0.365063 0.004788
v -0.206545 0.368897 -0.247091
v 0.206548 0.368897 -0.247091
v -0.133525 0.365063 0.004788
v -0.227151 0.365063 -0.216404
v -0.229829 0.368897 -0.226725
v -0.226902 0.368897 -0.237428
v -0.218726 0.368897 -0.244580
v 0.221612 0.008066 -0.226769
v 0.221791 0.013738 -0.226744
v 0.218841 0.008066 -0.237416
v 0.219023 0.013738 -0.237405
v 0.210937 0.008066 -0.244531
v 0.211115 0.013738 -0.244528
v -0.221590 0.013738 -0.226745
v -0.221405 0.008066 -0.226769
v -0.218823 0.013738 -0.237405
v -0.218637 0.008066 -0.237416
v -0.210915 0.013738 -0.244528
v -0.210732 0.008066 -0.244531
v 0.222080 0.020120 -0.229089
v 0.219281 0.020120 -0.239785
v 0.211348 0.020120 -0.246932
v -0.221884 0.020120 -0.229089
v -0.219087 0.020120 -0.239785
v -0.211154 0.020120 -0.246932
v 0.229881 0.365063 -0.229047
v 0.226919 0.365063 -0.239765
v 0.218719 0.365063 -0.246927
v -0.229878 0.365063 -0.229047
v -0.226917 0.365063 -0.239765
v -0.218717 0.365063 -0.246927
v 0.229831 0.368897 -0.226725
v 0.226904 0.368897 -0.237428
v 0.218728 0.368897 -0.244580
v -0.164699 0.167808 -0.402140
v -0.162032 0.200291 -0.402610
v -0.124732 0.200291 -0.071115
v -0.126624 0.167808 -0.071115
v -0.153091 0.231525 -0.404001
v -0.117934 0.231525 -0.071115
v -0.137872 0.260311 -0.405244
v -0.106461 0.260311 -0.071115
v -0.117547 0.285542 -0.407798
v -0.090748 0.285542 -0.071115
v -0.092375 0.306249 -0.412528
v -0.071418 0.306249 -0.071115
v -0.063662 0.321635 -0.417334
v -0.049246 0.321635 -0.071115
v -0.032461 0.331110 -0.417334
v -0.025116 0.331110 -0.071115
v 0.000002 0.334310 -0.417334
v 0.000012 0.334310 -0.071115
v 0.164756 0.167808 -0.402140
v 0.126740 0.167808 -0.071115
v 0.124825 0.200291 -0.071115
v 0.162074 0.200291 -0.402610
v 0.118006 0.231525 -0.071115
v 0.153120 0.231525 -0.404001
v 0.106517 0.260311 -0.071115
v 0.137891 0.260311 -0.405244
v 0.090791 0.285542 -0.071115
v 0.117560 0.285542 -0.407798
v 0.071452 0.306249 -0.071115
v 0.092382 0.306249 -0.412528
v 0.049274 0.321635 -0.071115
v 0.063666 0.321635 -0.417334
v 0.025140 0.331110 -0.071115
v 0.032465 0.331110 -0.417334
v -0.164827 0.176106 -0.402140
v -0.126771 0.176106 -0.071115
v -0.124865 0.208589 -0.071115
v -0.162143 0.208589 -0.402610
v -0.118047 0.239823 -0.071115
v -0.153180 0.239823 -0.404001
v -0.106553 0.268609 -0.071115
v -0.137939 0.268609 -0.405244
v -0.090818 0.293840 -0.071115
v -0.117593 0.293840 -0.407798
v -0.071468 0.314547 -0.071115
v -0.092403 0.314547 -0.412528
v -0.049278 0.329933 -0.071115
v -0.063677 0.329933 -0.417334
v -0.025132 0.339408 -0.071115
v -0.032468 0.339408 -0.417334
v 0.000010 0.342608 -0.071115
v 0.000001 0.342608 -0.417334
v 0.164880 0.176106 -0.402140
v 0.162181 0.208589 -0.402610
v 0.124952 0.208589 -0.071115
v 0.126881 0.176106 -0.071115
v 0.153206 0.239823 -0.404001
v 0.118115 0.239823 -0.071115
v 0.137955 0.268609 -0.405244
v 0.106604 0.268609 -0.071115
v 0.117604 0.293840 -0.407798
v 0.090857 0.293840 -0.071115
v 0.092409 0.314547 -0.412528
v 0.071498 0.314547 -0.071115
v 0.063681 0.329933 -0.417334
v 0.049302 0.329933 -0.071115
v 0.032470 0.339408 -0.417334
v 0.025153 0.339408 -0.071115
v 0.000011 0.306879 -0.281654
v 0.000016 0.306879 -0.172151
v 0.023569 0.304545 -0.172151
v 0.023603 0.304545 -0.281654
v 0.046195 0.297636 -0.172151
v 0.046271 0.297636 -0.281654
v 0.067003 0.286416 -0.172151
v 0.067123 0.286416 -0.281654
v 0.085172 0.271315 -0.172151
v 0.085341 0.271315 -0.281654
v 0.099988 0.252916 -0.172151
v 0.100208 0.252916 -0.281654
v 0.110870 0.231923 -0.172151
v 0.111144 0.231923 -0.281654
v 0.117408 0.209146 -0.172151
v 0.117732 0.209146 -0.281654
v 0.119371 0.185458 -0.172151
v 0.119737 0.185458 -0.281654
v 0.116717 0.161770 -0.172151
v 0.117111 0.161770 -0.281654
v 0.109594 0.138992 -0.172151
v 0.109998 0.138992 -0.281654
v 0.098324 0.118000 -0.172151
v 0.098714 0.118000 -0.281654
v 0.083382 0.099600 -0.172151
v 0.083733 0.099600 -0.281654
v 0.065362 0.084500 -0.172151
v 0.065649 0.084500 -0.281654
v 0.044962 0.073280 -0.172151
v 0.045163 0.073280 -0.281654
v 0.022942 0.066370 -0.172151
v 0.023040 0.066370 -0.281654
v 0.000102 0.064037 -0.172151
v 0.000089 0.064037 -0.281654
v -0.022741 0.066370 -0.172151
v -0.022865 0.066370 -0.281654
v -0.044768 0.073280 -0.172151
v -0.044994 0.073280 -0.281654
v -0.065179 0.084500 -0.172151
v -0.065491 0.084500 -0.281654
v -0.083214 0.099600 -0.172151
v -0.083588 0.099600 -0.281654
v -0.098173 0.118000 -0.172151
v -0.098585 0.118000 -0.281654
v -0.109461 0.138992 -0.172151
v -0.109885 0.138992 -0.281654
v -0.116602 0.161770 -0.172151
v -0.117015 0.161770 -0.281654
v -0.119274 0.185458 -0.172151
v -0.119657 0.185458 -0.281654
v -0.117327 0.209146 -0.172151
v -0.117667 0.209146 -0.281654
v -0.110803 0.231923 -0.172151
v -0.111091 0.231923 -0.281654
v -0.099932 0.252916 -0.172151
v -0.100166 0.252916 -0.281654
v -0.085126 0.271315 -0.172151
v -0.085306 0.271315 -0.281654
v -0.066963 0.286416 -0.172151
v -0.067094 0.286416 -0.281654
v -0.046160 0.297636 -0.172151
v -0.046246 0.297636 -0.281654
v -0.023537 0.304545 -0.172151
v -0.023580 0.304545 -0.281654
vt 0.699828 0.327243
vt 0.699828 0.327558
vt 0.674450 0.327525
vt 0.674455 0.327210
vt 0.541576 0.402861
vt 0.541576 0.403177
vt 0.511345 0.403177
vt 0.511345 0.402861
vt 0.653762 0.346560
vt 0.653757 0.346245
vt 0.679137 0.346211
vt 0.679137 0.346526
vt 0.552643 0.332330
vt 0.552002 0.332330
vt 0.552002 0.303279
vt 0.552643 0.303279
vt 0.626127 0.378345
vt 0.624702 0.378538
vt 0.623494 0.378331
vt 0.622687 0.377756
vt 0.622404 0.376900
vt 0.622404 0.347849
vt 0.622687 0.346993
vt 0.623494 0.346418
vt 0.624702 0.346211
vt 0.626127 0.346404
vt 0.650867 0.352972
vt 0.650867 0.371776
vt 0.699828 0.301879
vt 0.699828 0.302278
vt 0.674446 0.302245
vt 0.674442 0.301846
vt 0.551286 0.332330
vt 0.551286 0.303279
vt 0.653749 0.371924
vt 0.653754 0.371525
vt 0.679137 0.371491
vt 0.679137 0.371890
vt 0.541576 0.377498
vt 0.541576 0.377896
vt 0.511345 0.377896
vt 0.511345 0.377498
vt 0.699828 0.302727
vt 0.674186 0.302694
vt 0.512311 0.332330
vt 0.512311 0.303279
vt 0.653493 0.371076
vt 0.679137 0.371042
vt 0.541576 0.378345
vt 0.511345 0.378345
vt 0.653501 0.346830
vt 0.679137 0.346796
vt 0.511873 0.332330
vt 0.511873 0.303279
vt 0.541576 0.402591
vt 0.511345 0.402591
vt 0.699828 0.326973
vt 0.674194 0.326940
vt 0.673007 0.327525
vt 0.673010 0.327209
vt 0.671824 0.327526
vt 0.671825 0.327211
vt 0.511852 0.333761
vt 0.511345 0.333761
vt 0.511360 0.333186
vt 0.511867 0.333186
vt 0.511365 0.332330
vt 0.652313 0.371924
vt 0.652315 0.371526
vt 0.651134 0.371923
vt 0.651135 0.371524
vt 0.551981 0.301847
vt 0.552622 0.301847
vt 0.552637 0.302423
vt 0.551996 0.302423
vt 0.673008 0.302244
vt 0.673005 0.301846
vt 0.671828 0.302246
vt 0.671826 0.301847
vt 0.552622 0.333762
vt 0.551981 0.333762
vt 0.551996 0.333186
vt 0.552637 0.333186
vt 0.652051 0.371077
vt 0.650867 0.371075
vt 0.551265 0.301846
vt 0.551280 0.302422
vt 0.672743 0.302693
vt 0.671559 0.302694
vt 0.551265 0.333764
vt 0.551280 0.333187
vt 0.652056 0.346830
vt 0.650869 0.346829
vt 0.512290 0.301846
vt 0.512305 0.302423
vt 0.672748 0.326940
vt 0.671561 0.326941
vt 0.512290 0.333763
vt 0.512305 0.333186
vt 0.652318 0.346561
vt 0.652315 0.346245
vt 0.651133 0.346559
vt 0.651131 0.346244
vt 0.511345 0.301848
vt 0.511852 0.301848
vt 0.511867 0.302423
vt 0.511360 0.302423
vt 0.511365 0.303279
vt 0.583150 0.387489
vt 0.586143 0.387419
vt 0.586067 0.415986
vt 0.583069 0.416013
vt 0.588975 0.387259
vt 0.588914 0.415950
vt 0.591534 0.387100
vt 0.591500 0.415906
vt 0.593727 0.386820
vt 0.593727 0.415856
vt 0.507815 0.299685
vt 0.510366 0.299261
vt 0.512271 0.328768
vt 0.510248 0.328784
vt 0.513186 0.298835
vt 0.514496 0.328757
vt 0.516173 0.298831
vt 0.516838 0.328752
vt 0.519213 0.298831
vt 0.519207 0.328752
vt 0.527495 0.387364
vt 0.527620 0.358774
vt 0.530654 0.358760
vt 0.530534 0.387392
vt 0.533608 0.358750
vt 0.533503 0.387503
vt 0.536368 0.358742
vt 0.536290 0.387604
vt 0.538828 0.358738
vt 0.538784 0.387823
vt 0.540894 0.358738
vt 0.540894 0.388234
vt 0.527495 0.299281
vt 0.525579 0.328784
vt 0.523663 0.328768
vt 0.524985 0.298849
vt 0.521511 0.328757
vt 0.522188 0.298838
vt 0.614426 0.327462
vt 0.614344 0.298835
vt 0.617342 0.298849
vt 0.617419 0.327517
vt 0.620188 0.298861
vt 0.620249 0.327648
vt 0.622773 0.298868
vt 0.622807 0.327761
vt 0.624998 0.298872
vt 0.624998 0.327983
vt 0.527495 0.329639
vt 0.525062 0.358738
vt 0.523039 0.358722
vt 0.524944 0.329215
vt 0.520814 0.358711
vt 0.522124 0.328789
vt 0.518472 0.358706
vt 0.519137 0.328784
vt 0.516103 0.358706
vt 0.516097 0.328785
vt 0.583840 0.357988
vt 0.586879 0.357962
vt 0.586997 0.386679
vt 0.583963 0.386666
vt 0.589847 0.357869
vt 0.589950 0.386702
vt 0.592632 0.357801
vt 0.592708 0.386734
vt 0.595123 0.357630
vt 0.595167 0.386774
vt 0.597230 0.357279
vt 0.597230 0.386820
vt 0.507815 0.329235
vt 0.510325 0.328803
vt 0.511647 0.358722
vt 0.509731 0.358738
vt 0.513122 0.328791
vt 0.513799 0.358711
vt 0.611621 0.314289
vt 0.612503 0.312191
vt 0.613276 0.312191
vt 0.612394 0.314289
vt 0.612802 0.310010
vt 0.612503 0.307829
vt 0.613276 0.307829
vt 0.613574 0.310010
vt 0.575405 0.331211
vt 0.572724 0.329868
vt 0.573497 0.329868
vt 0.576178 0.331211
vt 0.575405 0.355127
vt 0.577755 0.353351
vt 0.578528 0.353351
vt 0.576178 0.355127
vt 0.603229 0.320339
vt 0.605910 0.319306
vt 0.606683 0.319306
vt 0.604002 0.320339
vt 0.608260 0.302105
vt 0.605910 0.300715
vt 0.606683 0.300715
vt 0.609033 0.302105
vt 0.582296 0.343169
vt 0.581998 0.340362
vt 0.582771 0.340362
vt 0.583069 0.343169
vt 0.577755 0.332987
vt 0.578528 0.332987
vt 0.579683 0.351164
vt 0.580456 0.351164
vt 0.583192 0.386664
vt 0.583069 0.357986
vt 0.608260 0.317916
vt 0.609033 0.317916
vt 0.610188 0.303799
vt 0.610961 0.303799
vt 0.566790 0.357554
vt 0.569816 0.357281
vt 0.570588 0.357281
vt 0.567563 0.357554
vt 0.600320 0.299045
vt 0.597295 0.298831
vt 0.598068 0.298831
vt 0.601093 0.299045
vt 0.579683 0.335175
vt 0.580456 0.335175
vt 0.581116 0.348676
vt 0.581889 0.348676
vt 0.613656 0.327458
vt 0.613574 0.298831
vt 0.610188 0.316222
vt 0.610961 0.316222
vt 0.611621 0.305732
vt 0.612394 0.305732
vt 0.569816 0.329058
vt 0.566790 0.328784
vt 0.567563 0.328784
vt 0.570588 0.329058
vt 0.572724 0.356471
vt 0.573497 0.356471
vt 0.597295 0.321190
vt 0.600320 0.320976
vt 0.601093 0.320976
vt 0.598068 0.321190
vt 0.603229 0.299682
vt 0.604002 0.299682
vt 0.581116 0.337663
vt 0.581889 0.337663
vt 0.581998 0.345977
vt 0.582771 0.345977
vt 0.695381 0.352110
vt 0.695381 0.406739
vt 0.689273 0.406739
vt 0.689273 0.352110
vt 0.683165 0.406739
vt 0.683165 0.352110
vt 0.677058 0.406739
vt 0.677058 0.352110
vt 0.670950 0.406739
vt 0.670950 0.352110
vt 0.664842 0.406739
vt 0.664842 0.352110
vt 0.658734 0.406739
vt 0.658734 0.352110
vt 0.652626 0.406739
vt 0.652626 0.352110
vt 0.646519 0.406739
vt 0.646519 0.352110
vt 0.640411 0.406739
vt 0.640411 0.352110
vt 0.634303 0.406739
vt 0.634303 0.352110
vt 0.628195 0.406739
vt 0.628195 0.352110
vt 0.622087 0.406739
vt 0.622087 0.352110
vt 0.615980 0.406739
vt 0.615980 0.352110
vt 0.609872 0.406739
vt 0.609872 0.352110
vt 0.603764 0.406739
vt 0.603764 0.352110
vt 0.597656 0.406739
vt 0.597656 0.352110
vt 0.591548 0.406739
vt 0.591548 0.352110
vt 0.585441 0.406739
vt 0.585441 0.352110
vt 0.579333 0.406739
vt 0.579333 0.352110
vt 0.573225 0.406739
vt 0.573225 0.352110
vt 0.567117 0.406739
vt 0.567117 0.352110
vt 0.561009 0.406739
vt 0.561009 0.352110
vt 0.554902 0.406739
vt 0.554902 0.352110
vt 0.548794 0.406739
vt 0.548794 0.352110
vt 0.542686 0.406739
vt 0.542686 0.352110
vt 0.536578 0.406739
vt 0.536578 0.352110
vt 0.530471 0.406739
vt 0.530471 0.352110
vt 0.524363 0.406739
vt 0.524363 0.352110
vt 0.518255 0.406739
vt 0.518255 0.352110
vt 0.512147 0.406739
vt 0.512147 0.352110
vt 0.557945 0.350513
vt 0.548794 0.351017
vt 0.539643 0.350513
vt 0.530843 0.349021
vt 0.522733 0.346598
vt 0.515625 0.343337
vt 0.509791 0.339364
vt 0.505457 0.334830
vt 0.502787 0.329911
vt 0.501886 0.324795
vt 0.502787 0.319680
vt 0.505457 0.314761
vt 0.509791 0.310227
vt 0.515625 0.306254
vt 0.522733 0.302992
vt 0.530843 0.300569
vt 0.539643 0.299077
vt 0.548794 0.298573
vt 0.557945 0.299077
vt 0.566745 0.300569
vt 0.574854 0.302992
vt 0.581963 0.306254
vt 0.587796 0.310227
vt 0.592131 0.314761
vt 0.594800 0.319680
vt 0.595702 0.324795
vt 0.594800 0.329911
vt 0.592131 0.334830
vt 0.587796 0.339364
vt 0.581963 0.343337
vt 0.574854 0.346598
vt 0.566745 0.349021
vt 0.506039 0.406739
vt 0.506039 0.352110
vt 0.499932 0.406739
vt 0.499932 0.352110
vt 0.646519 0.351017
vt 0.655670 0.350513
vt 0.664469 0.349021
vt 0.672579 0.346598
vt 0.679687 0.343337
vt 0.685521 0.339364
vt 0.689856 0.334830
vt 0.692525 0.329911
vt 0.693426 0.324795
vt 0.692525 0.319680
vt 0.689856 0.314761
vt 0.685521 0.310227
vt 0.679687 0.306254
vt 0.672579 0.302992
vt 0.664469 0.300569
vt 0.655670 0.299077
vt 0.646519 0.298573
vt 0.637367 0.299077
vt 0.628568 0.300569
vt 0.620458 0.302992
vt 0.613350 0.306254
vt 0.607516 0.310227
vt 0.603181 0.314761
vt 0.600512 0.319680
vt 0.599611 0.324795
vt 0.600512 0.329911
vt 0.603181 0.334830
vt 0.607516 0.339364
vt 0.613350 0.343337
vt 0.620458 0.346598
vt 0.628568 0.349021
vt 0.637367 0.350513
vt 0.680673 0.403934
vt 0.680673 0.404250
vt 0.655294 0.404217
vt 0.655300 0.403902
vt 0.641328 0.302161
vt 0.641328 0.301846
vt 0.671559 0.301846
vt 0.671559 0.302161
vt 0.627029 0.378886
vt 0.627023 0.378571
vt 0.652403 0.378538
vt 0.652403 0.378853
vt 0.552643 0.303284
vt 0.553283 0.303282
vt 0.553283 0.332326
vt 0.552643 0.332324
vt 0.597664 0.378345
vt 0.596239 0.378538
vt 0.595031 0.378331
vt 0.594224 0.377756
vt 0.593941 0.376900
vt 0.593941 0.347849
vt 0.594224 0.346993
vt 0.595031 0.346418
vt 0.596239 0.346211
vt 0.597664 0.346404
vt 0.622404 0.352972
vt 0.622404 0.371776
vt 0.680673 0.378571
vt 0.680673 0.378970
vt 0.655290 0.378937
vt 0.655286 0.378538
vt 0.554000 0.303281
vt 0.554000 0.332328
vt 0.627015 0.404250
vt 0.627019 0.403851
vt 0.652403 0.403818
vt 0.652403 0.404216
vt 0.641348 0.327524
vt 0.641344 0.327126
vt 0.671542 0.327126
vt 0.671539 0.327524
vt 0.680673 0.379418
vt 0.655030 0.379386
vt 0.592975 0.303279
vt 0.592975 0.332330
vt 0.626759 0.403402
vt 0.652403 0.403369
vt 0.641341 0.326677
vt 0.671546 0.326677
vt 0.626768 0.379156
vt 0.652403 0.379123
vt 0.593413 0.303279
vt 0.593413 0.332330
vt 0.641328 0.302431
vt 0.671559 0.302431
vt 0.680673 0.403665
vt 0.655039 0.403632
vt 0.653852 0.404216
vt 0.653855 0.403901
vt 0.652669 0.404218
vt 0.652670 0.403903
vt 0.593433 0.301848
vt 0.593941 0.301847
vt 0.593925 0.302423
vt 0.593418 0.302423
vt 0.593920 0.303279
vt 0.625578 0.404251
vt 0.625581 0.403852
vt 0.624400 0.404249
vt 0.624401 0.403850
vt 0.553304 0.333758
vt 0.552663 0.333757
vt 0.552648 0.333181
vt 0.553289 0.333182
vt 0.653852 0.378936
vt 0.653849 0.378538
vt 0.652672 0.378938
vt 0.652671 0.378539
vt 0.552663 0.301851
vt 0.553304 0.301850
vt 0.553289 0.302426
vt 0.552648 0.302427
vt 0.625316 0.403403
vt 0.624132 0.403402
vt 0.554020 0.333761
vt 0.554005 0.333184
vt 0.653587 0.379385
vt 0.652403 0.379387
vt 0.554020 0.301847
vt 0.554005 0.302424
vt 0.625322 0.379157
vt 0.624135 0.379155
vt 0.592995 0.333763
vt 0.592980 0.333186
vt 0.653593 0.403632
vt 0.652406 0.403633
vt 0.592995 0.301846
vt 0.592980 0.302422
vt 0.625584 0.378887
vt 0.625581 0.378572
vt 0.624399 0.378886
vt 0.624398 0.378570
vt 0.593941 0.333761
vt 0.593433 0.333760
vt 0.593418 0.333185
vt 0.593925 0.333186
vt 0.593920 0.332330
vt 0.613590 0.387100
vt 0.616583 0.387031
vt 0.616507 0.415597
vt 0.613509 0.415625
vt 0.619414 0.386870
vt 0.619354 0.415561
vt 0.621974 0.386711
vt 0.621940 0.415517
vt 0.624167 0.386432
vt 0.624167 0.415467
vt 0.527495 0.299685
vt 0.530047 0.299261
vt 0.531951 0.328768
vt 0.529928 0.328784
vt 0.532867 0.298835
vt 0.534177 0.328757
vt 0.535853 0.298831
vt 0.536518 0.328752
vt 0.538893 0.298831
vt 0.538887 0.328752
vt 0.507815 0.387364
vt 0.507940 0.358773
vt 0.510974 0.358760
vt 0.510854 0.387392
vt 0.513928 0.358750
vt 0.513823 0.387503
vt 0.516687 0.358742
vt 0.516610 0.387604
vt 0.519148 0.358738
vt 0.519104 0.387823
vt 0.521214 0.358738
vt 0.521214 0.388234
vt 0.547175 0.299281
vt 0.545259 0.328784
vt 0.543343 0.328768
vt 0.544665 0.298849
vt 0.541191 0.328757
vt 0.541868 0.298838
vt 0.614361 0.385911
vt 0.614279 0.357283
vt 0.617277 0.357298
vt 0.617353 0.385966
vt 0.620123 0.357309
vt 0.620184 0.386096
vt 0.622708 0.357317
vt 0.622742 0.386210
vt 0.624932 0.357321
vt 0.624932 0.386432
vt 0.566855 0.299685
vt 0.564422 0.328784
vt 0.562399 0.328768
vt 0.564304 0.299261
vt 0.560174 0.328757
vt 0.561484 0.298835
vt 0.557832 0.328752
vt 0.558497 0.298831
vt 0.555464 0.328752
vt 0.555458 0.298831
vt 0.583905 0.299539
vt 0.586944 0.299513
vt 0.587061 0.328230
vt 0.584028 0.328217
vt 0.589912 0.299420
vt 0.590015 0.328253
vt 0.592697 0.299352
vt 0.592773 0.328286
vt 0.595189 0.299181
vt 0.595232 0.328326
vt 0.597295 0.298831
vt 0.597295 0.328372
vt 0.547175 0.299281
vt 0.549686 0.298849
vt 0.551008 0.328768
vt 0.549092 0.328784
vt 0.552482 0.298838
vt 0.553159 0.328757
vt 0.611556 0.372737
vt 0.612438 0.370640
vt 0.613211 0.370640
vt 0.612329 0.372737
vt 0.612736 0.368459
vt 0.612438 0.366278
vt 0.613211 0.366278
vt 0.613509 0.368459
vt 0.575470 0.301258
vt 0.572790 0.299914
vt 0.573562 0.299914
vt 0.576243 0.301258
vt 0.575470 0.325173
vt 0.577820 0.323398
vt 0.578593 0.323398
vt 0.576243 0.325173
vt 0.603164 0.378788
vt 0.605845 0.377755
vt 0.606618 0.377755
vt 0.603937 0.378788
vt 0.608195 0.360554
vt 0.605845 0.359163
vt 0.606618 0.359163
vt 0.608967 0.360554
vt 0.582362 0.313215
vt 0.582064 0.310408
vt 0.582836 0.310408
vt 0.583134 0.313215
vt 0.577820 0.303033
vt 0.578593 0.303033
vt 0.579748 0.321210
vt 0.580521 0.321210
vt 0.583257 0.328215
vt 0.583134 0.299537
vt 0.608195 0.376364
vt 0.608967 0.376364
vt 0.610123 0.362248
vt 0.610896 0.362248
vt 0.566855 0.327600
vt 0.569881 0.327327
vt 0.570653 0.327327
vt 0.567628 0.327600
vt 0.600255 0.357494
vt 0.597230 0.357279
vt 0.598003 0.357279
vt 0.601028 0.357494
vt 0.579748 0.305221
vt 0.580521 0.305221
vt 0.581181 0.318722
vt 0.581954 0.318722
vt 0.613591 0.385907
vt 0.613509 0.357279
vt 0.610123 0.374670
vt 0.610896 0.374670
vt 0.611556 0.364181
vt 0.612329 0.364181
vt 0.569881 0.299104
vt 0.566855 0.298831
vt 0.567628 0.298831
vt 0.570653 0.299104
vt 0.572790 0.326517
vt 0.573562 0.326517
vt 0.597230 0.379639
vt 0.600255 0.379424
vt 0.601028 0.379424
vt 0.598003 0.379639
vt 0.603164 0.358130
vt 0.603937 0.358130
vt 0.581181 0.307709
vt 0.581954 0.307709
vt 0.582064 0.316023
vt 0.582836 0.316023
vt 0.695381 0.352110
vt 0.695381 0.406739
vt 0.689273 0.406739
vt 0.689273 0.352110
vt 0.683165 0.406739
vt 0.683165 0.352110
vt 0.677058 0.406739
vt 0.677058 0.352110
vt 0.670950 0.406739
vt 0.670950 0.352110
vt 0.664842 0.406739
vt 0.664842 0.352110
vt 0.658734 0.406739
vt 0.658734 0.352110
vt 0.652626 0.406739
vt 0.652626 0.352110
vt 0.646519 0.406739
vt 0.646519 0.352110
vt 0.640411 0.406739
vt 0.640411 0.352110
vt 0.634303 0.406739
vt 0.634303 0.352110
vt 0.628195 0.406739
vt 0.628195 0.352110
vt 0.622087 0.406739
vt 0.622087 0.352110
vt 0.615980 0.406739
vt 0.615980 0.352110
vt 0.609872 0.406739
vt 0.609872 0.352110
vt 0.603764 0.406739
vt 0.603764 0.352110
vt 0.597656 0.406739
vt 0.597656 0.352110
vt 0.591548 0.406739
vt 0.591548 0.352110
vt 0.585441 0.406739
vt 0.585441 0.352110
vt 0.579333 0.406739
vt 0.579333 0.352110
vt 0.573225 0.406739
vt 0.573225 0.352110
vt 0.567117 0.406739
vt 0.567117 0.352110
vt 0.561009 0.406739
vt 0.561009 0.352110
vt 0.554902 0.406739
vt 0.554902 0.352110
vt 0.548794 0.406739
vt 0.548794 0.352110
vt 0.542686 0.406739
vt 0.542686 0.352110
vt 0.536578 0.406739
vt 0.536578 0.352110
vt 0.530471 0.406739
vt 0.530471 0.352110
vt 0.524363 0.406739
vt 0.524363 0.352110
vt 0.518255 0.406739
vt 0.518255 0.352110
vt 0.512147 0.406739
vt 0.512147 0.352110
vt 0.557945 0.350513
vt 0.548794 0.351017
vt 0.539643 0.350513
vt 0.530843 0.349021
vt 0.522733 0.346598
vt 0.515625 0.343337
vt 0.509791 0.339364
vt 0.505457 0.334830
vt 0.502787 0.329911
vt 0.501886 0.324795
vt 0.502787 0.319680
vt 0.505457 0.314761
vt 0.509791 0.310227
vt 0.515625 0.306254
vt 0.522733 0.302992
vt 0.530843 0.300569
vt 0.539643 0.299077
vt 0.548794 0.298573
vt 0.557945 0.299077
vt 0.566745 0.300569
vt 0.574854 0.302992
vt 0.581963 0.306254
vt 0.587796 0.310227
vt 0.592131 0.314761
vt 0.594800 0.319680
vt 0.595702 0.324795
vt 0.594800 0.329911
vt 0.592131 0.334830
vt 0.587796 0.339364
vt 0.581963 0.343337
vt 0.574854 0.346598
vt 0.566745 0.349021
vt 0.506039 0.406739
vt 0.506039 0.352110
vt 0.499932 0.406739
vt 0.499932 0.352110
vt 0.646519 0.351017
vt 0.655670 0.350513
vt 0.664469 0.349021
vt 0.672579 0.346598
vt 0.679687 0.343337
vt 0.685521 0.339364
vt 0.689856 0.334830
vt 0.692525 0.329911
vt 0.693426 0.324795
vt 0.692525 0.319680
vt 0.689856 0.314761
vt 0.685521 0.310227
vt 0.679687 0.306254
vt 0.672579 0.302992
vt 0.664469 0.300569
vt 0.655670 0.299077
vt 0.646519 0.298573
vt 0.637367 0.299077
vt 0.628568 0.300569
vt 0.620458 0.302992
vt 0.613350 0.306254
vt 0.607516 0.310227
vt 0.603181 0.314761
vt 0.600512 0.319680
vt 0.599611 0.324795
vt 0.600512 0.329911
vt 0.603181 0.334830
vt 0.607516 0.339364
vt 0.613350 0.343337
vt 0.620458 0.346598
vt 0.628568 0.349021
vt 0.637367 0.350513
vt 0.679137 0.346526
vt 0.679137 0.346211
vt 0.704516 0.346221
vt 0.704512 0.346537
vt 0.593943 0.378853
vt 0.593941 0.378538
vt 0.624132 0.378538
vt 0.624129 0.378853
vt 0.578018 0.423341
vt 0.578023 0.423657
vt 0.552643 0.423669
vt 0.552643 0.423353
vt 0.552643 0.335732
vt 0.553283 0.335720
vt 0.553283 0.363722
vt 0.552643 0.363710
vt 0.577382 0.365860
vt 0.578807 0.365666
vt 0.580015 0.365872
vt 0.580822 0.366447
vt 0.581106 0.367303
vt 0.581106 0.396344
vt 0.580822 0.397200
vt 0.580015 0.397775
vt 0.578807 0.397981
vt 0.577382 0.397787
vt 0.552643 0.391213
vt 0.552643 0.372434
vt 0.679152 0.371887
vt 0.679152 0.371489
vt 0.704516 0.371498
vt 0.704520 0.371897
vt 0.553999 0.335704
vt 0.553999 0.363737
vt 0.578027 0.397981
vt 0.578023 0.398380
vt 0.552658 0.398391
vt 0.552658 0.397992
vt 0.594582 0.404216
vt 0.594568 0.403818
vt 0.623478 0.403818
vt 0.623463 0.404216
vt 0.679152 0.371040
vt 0.704777 0.371049
vt 0.592974 0.335197
vt 0.592974 0.364232
vt 0.578283 0.398829
vt 0.552658 0.398839
vt 0.594552 0.403369
vt 0.623494 0.403369
vt 0.578279 0.423072
vt 0.552644 0.423084
vt 0.593413 0.335195
vt 0.593413 0.364233
vt 0.593946 0.379123
vt 0.624126 0.379123
vt 0.679137 0.346796
vt 0.704773 0.346806
vt 0.705958 0.346221
vt 0.705956 0.346536
vt 0.707142 0.346218
vt 0.707141 0.346534
vt 0.593433 0.333764
vt 0.593941 0.333763
vt 0.593925 0.334338
vt 0.593418 0.334339
vt 0.593920 0.335194
vt 0.579463 0.397982
vt 0.579461 0.398380
vt 0.580644 0.397984
vt 0.580643 0.398383
vt 0.553304 0.365110
vt 0.552663 0.365097
vt 0.552648 0.364541
vt 0.553289 0.364554
vt 0.705954 0.371498
vt 0.705957 0.371896
vt 0.707136 0.371495
vt 0.707137 0.371894
vt 0.552663 0.334345
vt 0.553304 0.334332
vt 0.553289 0.334888
vt 0.552648 0.334901
vt 0.579727 0.398829
vt 0.580912 0.398832
vt 0.554020 0.365128
vt 0.554005 0.364570
vt 0.706220 0.371049
vt 0.707405 0.371046
vt 0.554020 0.334314
vt 0.554005 0.334871
vt 0.579725 0.423072
vt 0.580912 0.423075
vt 0.592995 0.365665
vt 0.592980 0.365089
vt 0.706219 0.346806
vt 0.707405 0.346803
vt 0.592995 0.333763
vt 0.592980 0.334340
vt 0.579463 0.423342
vt 0.579465 0.423657
vt 0.580648 0.423344
vt 0.580649 0.423660
vt 0.593941 0.365666
vt 0.593433 0.365664
vt 0.593418 0.365089
vt 0.593925 0.365091
vt 0.593920 0.364234
vt 0.597315 0.380305
vt 0.600311 0.380237
vt 0.600232 0.408801
vt 0.597230 0.408828
vt 0.603146 0.380077
vt 0.603083 0.408766
vt 0.605708 0.379918
vt 0.605673 0.408723
vt 0.607902 0.379639
vt 0.607902 0.408673
vt 0.547146 0.329639
vt 0.549685 0.329215
vt 0.551619 0.358722
vt 0.549621 0.358738
vt 0.552498 0.328789
vt 0.553826 0.358711
vt 0.555482 0.328784
vt 0.556156 0.358706
vt 0.558520 0.328785
vt 0.558514 0.358706
vt 0.553403 0.387366
vt 0.553533 0.358775
vt 0.556562 0.358762
vt 0.556439 0.387393
vt 0.559512 0.358751
vt 0.559404 0.387503
vt 0.562269 0.358743
vt 0.562189 0.387605
vt 0.564726 0.358739
vt 0.564682 0.387823
vt 0.566790 0.358738
vt 0.566790 0.388234
vt 0.566790 0.329235
vt 0.564847 0.358738
vt 0.562948 0.358722
vt 0.564287 0.328803
vt 0.560809 0.358711
vt 0.561493 0.328792
vt 0.542822 0.387371
vt 0.542736 0.358742
vt 0.545738 0.358757
vt 0.545818 0.387426
vt 0.548588 0.358769
vt 0.548651 0.387557
vt 0.551176 0.358778
vt 0.551211 0.387671
vt 0.553403 0.358782
vt 0.553403 0.387893
vt 0.547146 0.329639
vt 0.544673 0.358738
vt 0.542674 0.358722
vt 0.544606 0.329215
vt 0.540465 0.358711
vt 0.541791 0.328789
vt 0.538134 0.358706
vt 0.538807 0.328784
vt 0.535774 0.358706
vt 0.535769 0.328785
vt 0.567560 0.358265
vt 0.570596 0.358238
vt 0.570717 0.386957
vt 0.567688 0.386945
vt 0.573561 0.358145
vt 0.573667 0.386979
vt 0.576344 0.358076
vt 0.576422 0.387011
vt 0.578834 0.357905
vt 0.578878 0.387050
vt 0.580940 0.357554
vt 0.580940 0.387096
vt 0.527495 0.329235
vt 0.530000 0.328803
vt 0.531338 0.358722
vt 0.529437 0.358738
vt 0.532795 0.328792
vt 0.533478 0.358711
vt 0.601301 0.335484
vt 0.600419 0.337570
vt 0.599646 0.337568
vt 0.600529 0.335482
vt 0.600121 0.339742
vt 0.600419 0.341913
vt 0.599646 0.341914
vt 0.599348 0.339741
vt 0.590733 0.354950
vt 0.593414 0.356265
vt 0.592641 0.356273
vt 0.589961 0.354955
vt 0.590733 0.331117
vt 0.588384 0.332874
vt 0.587611 0.332870
vt 0.589961 0.331111
vt 0.609693 0.329548
vt 0.607012 0.330540
vt 0.606239 0.330532
vt 0.608920 0.329538
vt 0.604663 0.347587
vt 0.607012 0.348946
vt 0.606239 0.348954
vt 0.603890 0.347593
vt 0.583842 0.343034
vt 0.584140 0.345840
vt 0.583367 0.345840
vt 0.583069 0.343034
vt 0.588384 0.353193
vt 0.587611 0.353197
vt 0.586455 0.335050
vt 0.585683 0.335048
vt 0.566918 0.386943
vt 0.566790 0.358263
vt 0.604663 0.331898
vt 0.603890 0.331891
vt 0.602734 0.345916
vt 0.601961 0.345920
vt 0.599348 0.328795
vt 0.596323 0.329027
vt 0.595550 0.329018
vt 0.598575 0.328784
vt 0.612602 0.350529
vt 0.615627 0.350694
vt 0.614854 0.350706
vt 0.611829 0.350539
vt 0.586455 0.351018
vt 0.585683 0.351020
vt 0.585022 0.337532
vt 0.584250 0.337530
vt 0.542050 0.387366
vt 0.541965 0.358738
vt 0.602734 0.333568
vt 0.601961 0.333564
vt 0.601301 0.343999
vt 0.600529 0.344001
vt 0.596323 0.357038
vt 0.599348 0.357268
vt 0.598575 0.357279
vt 0.595550 0.357047
vt 0.593414 0.329801
vt 0.592641 0.329793
vt 0.615627 0.328797
vt 0.612602 0.328961
vt 0.611829 0.328949
vt 0.614854 0.328784
vt 0.609693 0.349939
vt 0.608920 0.349949
vt 0.585022 0.348536
vt 0.584250 0.348537
vt 0.584140 0.340228
vt 0.583367 0.340228
vt 0.695381 0.352110
vt 0.695381 0.406739
vt 0.689273 0.406739
vt 0.689273 0.352110
vt 0.683165 0.406739
vt 0.683165 0.352110
vt 0.677058 0.406739
vt 0.677058 0.352110
vt 0.670950 0.406739
vt 0.670950 0.352110
vt 0.664842 0.406739
vt 0.664842 0.352110
vt 0.658734 0.406739
vt 0.658734 0.352110
vt 0.652626 0.406739
vt 0.652626 0.352110
vt 0.646519 0.406739
vt 0.646519 0.352110
vt 0.640411 0.406739
vt 0.640411 0.352110
vt 0.634303 0.406739
vt 0.634303 0.352110
vt 0.628195 0.406739
vt 0.628195 0.352110
vt 0.622087 0.406739
vt 0.622087 0.352110
vt 0.615980 0.406739
vt 0.615980 0.352110
vt 0.609872 0.406739
vt 0.609872 0.352110
vt 0.603764 0.406739
vt 0.603764 0.352110
vt 0.597656 0.406739
vt 0.597656 0.352110
vt 0.591548 0.406739
vt 0.591548 0.352110
vt 0.585441 0.406739
vt 0.585441 0.352110
vt 0.579333 0.406739
vt 0.579333 0.352110
vt 0.573225 0.406739
vt 0.573225 0.352110
vt 0.567117 0.406739
vt 0.567117 0.352110
vt 0.561009 0.406739
vt 0.561009 0.352110
vt 0.554902 0.406739
vt 0.554902 0.352110
vt 0.548794 0.406739
vt 0.548794 0.352110
vt 0.542686 0.406739
vt 0.542686 0.352110
vt 0.536578 0.406739
vt 0.536578 0.352110
vt 0.530471 0.406739
vt 0.530471 0.352110
vt 0.524363 0.406739
vt 0.524363 0.352110
vt 0.518255 0.406739
vt 0.518255 0.352110
vt 0.512147 0.406739
vt 0.512147 0.352110
vt 0.557945 0.350513
vt 0.548794 0.351017
vt 0.539643 0.350513
vt 0.530843 0.349021
vt 0.522733 0.346598
vt 0.515625 0.343337
vt 0.509791 0.339364
vt 0.505457 0.334830
vt 0.502787 0.329911
vt 0.501886 0.324795
vt 0.502787 0.319680
vt 0.505457 0.314761
vt 0.509791 0.310227
vt 0.515625 0.306254
vt 0.522733 0.302992
vt 0.530843 0.300569
vt 0.539643 0.299077
vt 0.548794 0.298573
vt 0.557945 0.299077
vt 0.566745 0.300569
vt 0.574854 0.302992
vt 0.581963 0.306254
vt 0.587796 0.310227
vt 0.592131 0.314761
vt 0.594800 0.319680
vt 0.595702 0.324795
vt 0.594800 0.329911
vt 0.592131 0.334830
vt 0.587796 0.339364
vt 0.581963 0.343337
vt 0.574854 0.346598
vt 0.566745 0.349021
vt 0.506039 0.406739
vt 0.506039 0.352110
vt 0.499932 0.406739
vt 0.499932 0.352110
vt 0.646519 0.351017
vt 0.655670 0.350513
vt 0.664469 0.349021
vt 0.672579 0.346598
vt 0.679687 0.343337
vt 0.685521 0.339364
vt 0.689856 0.334830
vt 0.692525 0.329911
vt 0.693426 0.324795
vt 0.692525 0.319680
vt 0.689856 0.314761
vt 0.685521 0.310227
vt 0.679687 0.306254
vt 0.672579 0.302992
vt 0.664469 0.300569
vt 0.655670 0.299077
vt 0.646519 0.298573
vt 0.637367 0.299077
vt 0.628568 0.300569
vt 0.620458 0.302992
vt 0.613350 0.306254
vt 0.607516 0.310227
vt 0.603181 0.314761
vt 0.600512 0.319680
vt 0.599611 0.324795
vt 0.600512 0.329911
vt 0.603181 0.334830
vt 0.607516 0.339364
vt 0.613350 0.343337
vt 0.620458 0.346598
vt 0.628568 0.349021
vt 0.637367 0.350513
vn -0.9197 -0.0000 0.3926
vn 0.0000 -0.0000 1.0000
vn 0.9197 -0.0000 0.3925
vn 0.0000 0.0000 -1.0000
vn 0.0000 1.0000 0.0000
vn -0.9197 -0.0001 0.3926
vn 0.0000 -0.3537 -0.9354
vn 0.9197 -0.0001 0.3926
vn -0.9185 0.0642 0.3902
vn 0.9185 0.0642 0.3902
vn 0.9154 -0.1037 0.3889
vn 0.0000 0.5228 -0.8525
vn 0.9210 0.0000 0.3895
vn -0.9154 -0.1037 0.3889
vn -0.9210 0.0000 0.3895
vn -0.9771 -0.0017 0.2130
vn -0.9643 -0.0031 -0.2650
vn -0.6580 -0.0019 -0.7531
vn -0.2019 -0.0004 -0.9794
vn 0.9772 0.0010 0.2123
vn 0.9636 0.0021 -0.2673
vn 0.6560 0.0013 -0.7548
vn 0.2010 0.0003 -0.9796
vn -0.9772 0.0011 0.2123
vn -0.9636 0.0021 -0.2673
vn -0.6560 0.0013 -0.7548
vn -0.2010 0.0003 -0.9796
vn 0.9754 0.0660 0.2104
vn 0.9582 -0.1044 -0.2662
vn 0.6314 -0.2735 -0.7256
vn 0.1889 -0.3468 -0.9187
vn -0.9754 0.0659 0.2104
vn -0.9582 -0.1044 -0.2663
vn -0.6314 -0.2735 -0.7256
vn -0.1889 -0.3468 -0.9187
vn 0.9778 0.0000 0.2095
vn 0.9635 0.0001 -0.2678
vn 0.6572 0.0000 -0.7537
vn 0.2019 0.0000 -0.9794
vn -0.9721 -0.1042 0.2102
vn -0.9497 0.1716 -0.2619
vn -0.5970 0.4206 -0.6832
vn -0.1733 0.5147 -0.8397
vn 0.9771 -0.0017 0.2130
vn 0.9643 -0.0031 -0.2650
vn 0.6580 -0.0019 -0.7531
vn 0.2019 -0.0004 -0.9794
vn 0.9721 -0.1042 0.2102
vn 0.9497 0.1716 -0.2619
vn 0.5970 0.4206 -0.6832
vn 0.1733 0.5147 -0.8397
vn -0.9778 0.0000 0.2095
vn -0.9635 0.0001 -0.2678
vn -0.6572 0.0000 -0.7537
vn -0.2019 0.0000 -0.9794
vn 0.9901 -0.0869 -0.1098
vn 0.9603 -0.2595 -0.1023
vn 0.8981 -0.4309 -0.0878
vn 0.8057 -0.5884 -0.0686
vn 0.6745 -0.7368 -0.0467
vn 0.5135 -0.8577 -0.0260
vn 0.3231 -0.9463 -0.0100
vn 0.1102 -0.9939 -0.0012
vn -0.9901 -0.0869 -0.1098
vn -0.9603 -0.2595 -0.1023
vn -0.8981 -0.4309 -0.0878
vn -0.8057 -0.5884 -0.0686
vn -0.6745 -0.7368 -0.0467
vn -0.5135 -0.8577 -0.0260
vn -0.3231 -0.9463 -0.0100
vn -0.1102 -0.9939 -0.0012
vn -0.9901 0.0869 0.1098
vn -0.9603 0.2595 0.1023
vn -0.8981 0.4309 0.0878
vn -0.8057 0.5884 0.0686
vn -0.6745 0.7368 0.0467
vn -0.5135 0.8577 0.0260
vn -0.3231 0.9463 0.0100
vn -0.1102 0.9939 0.0012
vn 0.9901 0.0869 0.1098
vn 0.9603 0.2595 0.1023
vn 0.8981 0.4309 0.0878
vn 0.8057 0.5884 0.0686
vn 0.6745 0.7368 0.0467
vn 0.5135 0.8577 0.0260
vn 0.3231 0.9463 0.0100
vn 0.1102 0.9939 0.0012
vn -0.0797 0.0000 -0.9968
vn 0.1233 0.0000 -0.9924
vn -0.1233 0.0000 -0.9924
vn 0.1837 0.0000 -0.9830
vn 0.9938 0.0000 0.1113
vn 0.1469 0.0000 -0.9891
vn -0.1837 0.0000 -0.9830
vn 0.1647 0.0000 -0.9863
vn -0.9938 0.0000 0.1113
vn -0.1469 0.0000 -0.9891
vn 0.1468 0.0000 -0.9892
vn -0.1647 0.0000 -0.9863
vn -0.1468 0.0000 -0.9892
vn 0.0797 0.0000 -0.9968
vn 0.0980 0.9952 0.0000
vn 0.2903 0.9569 0.0000
vn 0.4714 0.8819 0.0000
vn 0.6344 0.7730 0.0000
vn 0.7730 0.6344 0.0000
vn 0.8819 0.4714 0.0000
vn 0.9569 0.2903 0.0000
vn 0.9952 0.0980 0.0000
vn 0.9952 -0.0980 0.0000
vn 0.9569 -0.2903 -0.0000
vn 0.8819 -0.4714 0.0000
vn 0.7730 -0.6344 0.0000
vn 0.6344 -0.7730 -0.0000
vn 0.4714 -0.8819 -0.0000
vn 0.2903 -0.9569 0.0000
vn 0.0980 -0.9952 0.0000
vn -0.0980 -0.9952 0.0000
vn -0.2903 -0.9569 0.0000
vn -0.4714 -0.8819 -0.0000
vn -0.6344 -0.7730 -0.0000
vn -0.7730 -0.6344 0.0000
vn -0.8819 -0.4714 0.0000
vn -0.9569 -0.2903 -0.0000
vn -0.9952 -0.0980 0.0000
vn -0.9952 0.0980 0.0000
vn -0.9569 0.2903 0.0000
vn -0.8819 0.4714 0.0000
vn -0.7730 0.6344 0.0000
vn -0.6344 0.7730 0.0000
vn -0.4714 0.8819 0.0000
vn -0.2903 0.9569 0.0000
vn -0.0980 0.9952 0.0000
vn 0.9197 -0.0000 0.3926
vn -0.9196 -0.0046 0.3929
vn 0.0000 -0.3536 -0.9354
vn 0.9196 -0.0045 0.3929
vn -0.9186 0.0601 0.3906
vn 0.9186 0.0603 0.3906
vn 0.0000 0.5228 -0.8524
vn 0.9210 -0.0002 0.3896
vn -0.9210 -0.0002 0.3896
vn 0.9770 -0.0033 0.2132
vn 0.9638 -0.0019 -0.2668
vn 0.6560 -0.0013 -0.7547
vn 0.2009 -0.0005 -0.9796
vn -0.9770 -0.0033 0.2132
vn -0.9638 -0.0021 -0.2668
vn -0.6560 -0.0014 -0.7547
vn -0.2009 -0.0005 -0.9796
vn 0.9754 0.0626 0.2112
vn 0.9580 -0.1076 -0.2657
vn 0.6311 -0.2754 -0.7252
vn 0.1888 -0.3473 -0.9185
vn -0.9755 0.0623 0.2112
vn -0.9580 -0.1076 -0.2657
vn -0.6311 -0.2755 -0.7252
vn -0.1888 -0.3473 -0.9185
vn 0.9777 -0.0001 0.2098
vn 0.9635 -0.0000 -0.2676
vn -0.9497 0.1717 -0.2619
vn -0.5970 0.4207 -0.6831
vn -0.1732 0.5148 -0.8396
vn 0.9497 0.1717 -0.2619
vn 0.5970 0.4207 -0.6831
vn 0.1732 0.5148 -0.8396
vn -0.9777 -0.0001 0.2098
vn -0.9635 -0.0000 -0.2676
vn -0.9196 -0.0052 0.3929
vn 0.9196 -0.0049 0.3928
vn -0.9231 -0.0261 0.3836
vn 0.9232 -0.0252 0.3834
vn -0.9234 0.0351 0.3822
vn 0.9234 0.0359 0.3820
vn 0.9148 -0.1088 0.3890
vn 0.0000 0.5227 -0.8525
vn 0.9226 -0.0177 0.3853
vn -0.9148 -0.1088 0.3890
vn -0.9226 -0.0183 0.3854
vn -0.9768 -0.0066 0.2140
vn -0.9644 -0.0078 -0.2643
vn -0.6580 -0.0049 -0.7530
vn -0.2018 -0.0013 -0.9794
vn 0.9758 -0.0315 0.2163
vn 0.9674 -0.0300 -0.2515
vn 0.6690 -0.0203 -0.7430
vn 0.2068 -0.0061 -0.9784
vn -0.9757 -0.0324 0.2165
vn -0.9674 -0.0309 -0.2513
vn -0.6690 -0.0208 -0.7430
vn -0.2067 -0.0063 -0.9784
vn 0.9761 0.0317 0.2149
vn 0.9590 -0.1336 -0.2500
vn 0.6403 -0.2911 -0.7108
vn 0.1938 -0.3523 -0.9156
vn -0.9761 0.0311 0.2152
vn -0.9589 -0.1344 -0.2498
vn -0.6402 -0.2916 -0.7107
vn -0.1937 -0.3525 -0.9155
vn 0.9770 -0.0222 0.2121
vn 0.9654 -0.0216 -0.2597
vn 0.6635 -0.0144 -0.7481
vn 0.2046 -0.0043 -0.9788
vn -0.9713 -0.1097 0.2112
vn -0.9507 0.1667 -0.2613
vn -0.5978 0.4182 -0.6839
vn -0.1732 0.5141 -0.8401
vn 0.9768 -0.0067 0.2139
vn 0.9644 -0.0077 -0.2642
vn 0.6580 -0.0049 -0.7530
vn 0.2018 -0.0013 -0.9794
vn 0.9713 -0.1096 0.2112
vn 0.9507 0.1669 -0.2614
vn 0.5978 0.4182 -0.6839
vn 0.1733 0.5141 -0.8401
vn -0.9769 -0.0227 0.2123
vn -0.9655 -0.0221 -0.2596
vn -0.6635 -0.0148 -0.7481
vn -0.2046 -0.0044 -0.9788
vn 0.9911 -0.0704 -0.1128
vn 0.9638 -0.2452 -0.1051
vn 0.9028 -0.4205 -0.0901
vn 0.8101 -0.5821 -0.0703
vn 0.6778 -0.7337 -0.0477
vn 0.5155 -0.8565 -0.0265
vn 0.3240 -0.9460 -0.0102
vn 0.1104 -0.9939 -0.0012
vn -0.9911 -0.0709 -0.1126
vn -0.9637 -0.2457 -0.1050
vn -0.9027 -0.4208 -0.0900
vn -0.8099 -0.5823 -0.0702
vn -0.6776 -0.7339 -0.0477
vn -0.5154 -0.8565 -0.0265
vn -0.3240 -0.9460 -0.0102
vn -0.1104 -0.9939 -0.0012
vn -0.9911 0.0708 0.1127
vn -0.9636 0.2458 0.1050
vn -0.9026 0.4211 0.0900
vn -0.8098 0.5825 0.0702
vn -0.6774 0.7340 0.0477
vn -0.5152 0.8566 0.0265
vn -0.3239 0.9460 0.0102
vn -0.1104 0.9939 0.0012
vn 0.9911 0.0714 0.1125
vn 0.9635 0.2462 0.1049
vn 0.9024 0.4214 0.0899
vn 0.8096 0.5827 0.0701
vn 0.6773 0.7341 0.0476
vn 0.5152 0.8567 0.0264
vn 0.3238 0.9461 0.0101
vn 0.1104 0.9939 0.0012
vn -0.0799 -0.0008 -0.9968
vn 0.1236 -0.0008 -0.9923
vn -0.1236 -0.0008 -0.9923
vn 0.1839 -0.0008 -0.9829
vn 0.9933 -0.0159 0.1141
vn 0.1479 -0.0021 -0.9890
vn -0.1840 -0.0008 -0.9829
vn 0.1648 -0.0004 -0.9863
vn -0.9933 -0.0165 0.1142
vn -0.1479 -0.0021 -0.9890
vn 0.1475 -0.0017 -0.9891
vn -0.1648 -0.0004 -0.9863
vn -0.1475 -0.0018 -0.9891
vn 0.0799 -0.0007 -0.9968
vn 0.0985 0.9951 0.0000
vn 0.2918 0.9565 0.0001
vn 0.4742 0.8804 0.0004
vn 0.6387 0.7695 0.0008
vn 0.7783 0.6278 0.0014
vn 0.8873 0.4611 0.0020
vn 0.9609 0.2769 0.0026
vn 0.9965 0.0835 0.0031
vn 0.9938 -0.1108 0.0034
vn 0.9545 -0.2983 0.0035
vn 0.8809 -0.4732 0.0032
vn 0.7759 -0.6309 0.0026
vn 0.6416 -0.7670 0.0019
vn 0.4811 -0.8766 0.0011
vn 0.2988 -0.9543 0.0004
vn 0.1014 -0.9948 0.0000
vn -0.1014 -0.9948 0.0001
vn -0.2987 -0.9543 0.0005
vn -0.4809 -0.8768 0.0012
vn -0.6413 -0.7673 0.0020
vn -0.7755 -0.6313 0.0028
vn -0.8806 -0.4738 0.0034
vn -0.9543 -0.2989 0.0036
vn -0.9938 -0.1115 0.0036
vn -0.9966 0.0828 0.0033
vn -0.9610 0.2764 0.0028
vn -0.8875 0.4607 0.0021
vn -0.7785 0.6276 0.0015
vn -0.6388 0.7694 0.0009
vn -0.4743 0.8804 0.0005
vn -0.2918 0.9565 0.0002
vn -0.0985 0.9951 0.0000
vn 0.0000 -1.0000 -0.0000
usemtl Material.001
s off
f 49/83/15 50/84/15 51/85/15 52/86/15
f 53/87/16 54/88/16 50/89/16 49/90/16
f 55/91/17 56/92/17 54/93/17 53/94/17
f 57/95/18 58/96/18 59/97/18 60/98/18
f 56/99/19 61/100/19 62/101/19 63/102/19 64/103/19 65/104/19 66/105/19 67/106/19 68/107/19 51/108/19 50/109/19 54/110/19
f 69/111/20 70/112/20 71/113/20 72/114/20
f 58/96/21 73/115/21 74/116/21 59/97/21
f 75/117/22 76/118/22 77/119/22 78/120/22
f 78/121/16 77/122/16 70/123/16 69/124/16
f 70/112/23 79/125/23 80/126/23 71/113/23
f 73/115/18 81/127/18 82/128/18 74/116/18
f 76/118/24 83/129/24 84/130/24 77/119/24
f 77/122/16 84/131/16 79/132/16 70/123/16
f 85/133/25 55/91/25 53/94/25 86/134/25
f 81/127/26 87/135/26 88/136/26 82/128/26
f 86/137/16 53/87/16 49/90/16 89/138/16
f 84/131/16 86/137/16 89/138/16 79/132/16
f 83/129/27 85/133/27 86/134/27 84/130/27
f 89/139/28 49/83/28 52/86/28 90/140/28
f 79/125/29 89/139/29 90/140/29 80/126/29
f 52/86/30 51/85/30 68/141/30 91/142/30
f 91/142/31 68/141/31 67/143/31 92/144/31
f 92/145/32 67/146/32 66/147/32 93/148/32
f 93/148/33 66/147/33 65/149/33 87/135/33
f 76/118/34 75/117/34 94/150/34 95/151/34
f 95/151/35 94/150/35 96/152/35 97/153/35
f 97/154/36 96/155/36 98/156/36 99/157/36
f 99/157/37 98/156/37 60/98/37 59/97/37
f 72/114/38 71/113/38 100/158/38 101/159/38
f 101/159/39 100/158/39 102/160/39 103/161/39
f 103/162/40 102/163/40 104/164/40 105/165/40
f 105/165/41 104/164/41 58/96/41 57/95/41
f 83/129/42 76/118/42 95/151/42 106/166/42
f 106/166/43 95/151/43 97/153/43 107/167/43
f 107/168/44 97/154/44 99/157/44 108/169/44
f 108/169/45 99/157/45 59/97/45 74/116/45
f 71/113/46 80/126/46 109/170/46 100/158/46
f 100/158/47 109/170/47 110/171/47 102/160/47
f 102/163/48 110/172/48 111/173/48 104/164/48
f 104/164/49 111/173/49 73/115/49 58/96/49
f 85/133/50 83/129/50 106/166/50 112/174/50
f 112/174/51 106/166/51 107/167/51 113/175/51
f 113/176/52 107/168/52 108/169/52 114/177/52
f 114/177/53 108/169/53 74/116/53 82/128/53
f 90/140/54 52/86/54 91/142/54 115/178/54
f 115/178/55 91/142/55 92/144/55 116/179/55
f 116/180/56 92/145/56 93/148/56 117/181/56
f 117/181/57 93/148/57 87/135/57 81/127/57
f 56/92/58 55/91/58 118/182/58 61/183/58
f 61/183/59 118/182/59 119/184/59 62/185/59
f 62/186/60 119/187/60 120/188/60 63/189/60
f 63/189/61 120/188/61 88/136/61 64/190/61
f 55/91/62 85/133/62 112/174/62 118/182/62
f 118/182/63 112/174/63 113/175/63 119/184/63
f 119/187/64 113/176/64 114/177/64 120/188/64
f 120/188/65 114/177/65 82/128/65 88/136/65
f 80/126/66 90/140/66 115/178/66 109/170/66
f 109/170/67 115/178/67 116/179/67 110/171/67
f 110/172/68 116/180/68 117/181/68 111/173/68
f 111/173/69 117/181/69 81/127/69 73/115/69
f 87/135/18 65/149/18 64/190/18 88/136/18
f 121/191/70 122/192/70 123/193/70 124/194/70
f 122/192/71 125/195/71 126/196/71 123/193/71
f 125/195/72 127/197/72 128/198/72 126/196/72
f 127/197/73 129/199/73 130/200/73 128/198/73
f 129/201/74 131/202/74 132/203/74 130/204/74
f 131/202/75 133/205/75 134/206/75 132/203/75
f 133/205/76 135/207/76 136/208/76 134/206/76
f 135/207/77 137/209/77 138/210/77 136/208/77
f 139/211/78 140/212/78 141/213/78 142/214/78
f 142/214/79 141/213/79 143/215/79 144/216/79
f 144/216/80 143/215/80 145/217/80 146/218/80
f 146/218/81 145/217/81 147/219/81 148/220/81
f 148/220/82 147/219/82 149/221/82 150/222/82
f 150/223/83 149/224/83 151/225/83 152/226/83
f 152/226/84 151/225/84 153/227/84 154/228/84
f 154/228/85 153/227/85 138/210/85 137/209/85
f 155/229/86 156/230/86 157/231/86 158/232/86
f 158/232/87 157/231/87 159/233/87 160/234/87
f 160/234/88 159/233/88 161/235/88 162/236/88
f 162/236/89 161/235/89 163/237/89 164/238/89
f 164/239/90 163/240/90 165/241/90 166/242/90
f 166/242/91 165/241/91 167/243/91 168/244/91
f 168/244/92 167/243/92 169/245/92 170/246/92
f 170/246/93 169/245/93 171/247/93 172/248/93
f 173/249/94 174/250/94 175/251/94 176/252/94
f 174/250/95 177/253/95 178/254/95 175/251/95
f 177/253/96 179/255/96 180/256/96 178/254/96
f 179/255/97 181/257/97 182/258/97 180/256/97
f 181/257/98 183/259/98 184/260/98 182/258/98
f 183/261/99 185/262/99 186/263/99 184/264/99
f 185/262/100 187/265/100 188/266/100 186/263/100
f 187/265/101 172/248/101 171/247/101 188/266/101
f 134/267/16 136/268/16 169/269/16 167/270/16
f 138/271/16 153/272/16 188/273/16 171/274/16
f 127/275/102 125/276/102 160/277/102 162/278/102
f 146/279/103 148/280/103 181/281/103 179/282/103
f 126/283/16 128/284/16 161/285/16 159/286/16
f 147/287/16 145/288/16 180/289/16 182/290/16
f 137/291/18 135/292/18 170/293/18 172/294/18
f 136/268/16 138/271/16 171/274/16 169/269/16
f 129/295/104 127/275/104 162/278/104 164/296/104
f 148/280/105 150/297/105 183/298/105 181/281/105
f 140/299/106 139/300/106 173/249/106 176/252/106
f 128/284/16 130/301/16 163/302/16 161/285/16
f 149/303/16 147/287/16 182/290/16 184/304/16
f 139/305/107 142/306/107 174/307/107 173/308/107
f 141/309/16 140/310/16 176/311/16 175/312/16
f 131/313/108 129/295/108 164/296/108 166/314/108
f 150/297/109 152/315/109 185/316/109 183/298/109
f 121/317/110 124/318/110 156/230/110 155/229/110
f 130/301/16 132/319/16 165/320/16 163/302/16
f 151/321/16 149/303/16 184/304/16 186/322/16
f 122/323/111 121/324/111 155/325/111 158/326/111
f 142/306/112 144/327/112 177/328/112 174/307/112
f 124/329/16 123/330/16 157/331/16 156/332/16
f 143/333/16 141/309/16 175/312/16 178/334/16
f 133/335/113 131/313/113 166/314/113 168/336/113
f 152/315/18 154/337/18 187/338/18 185/316/18
f 132/319/16 134/267/16 167/270/16 165/320/16
f 153/272/16 151/321/16 186/322/16 188/273/16
f 125/276/114 122/323/114 158/326/114 160/277/114
f 144/327/115 146/279/115 179/282/115 177/328/115
f 123/330/16 126/283/16 159/286/16 157/331/16
f 145/288/16 143/333/16 178/334/16 180/289/16
f 135/292/18 133/335/18 168/336/18 170/293/18
f 154/337/18 137/291/18 172/294/18 187/338/18
f 189/339/116 190/340/116 191/341/116 192/342/116
f 192/342/117 191/341/117 193/343/117 194/344/117
f 194/344/118 193/343/118 195/345/118 196/346/118
f 196/346/119 195/345/119 197/347/119 198/348/119
f 198/348/120 197/347/120 199/349/120 200/350/120
f 200/350/121 199/349/121 201/351/121 202/352/121
f 202/352/122 201/351/122 203/353/122 204/354/122
f 204/354/123 203/353/123 205/355/123 206/356/123
f 206/356/124 205/355/124 207/357/124 208/358/124
f 208/358/125 207/357/125 209/359/125 210/360/125
f 210/360/126 209/359/126 211/361/126 212/362/126
f 212/362/127 211/361/127 213/363/127 214/364/127
f 214/364/128 213/363/128 215/365/128 216/366/128
f 216/366/129 215/365/129 217/367/129 218/368/129
f 218/368/130 217/367/130 219/369/130 220/370/130
f 220/370/131 219/369/131 221/371/131 222/372/131
f 222/372/132 221/371/132 223/373/132 224/374/132
f 224/374/133 223/373/133 225/375/133 226/376/133
f 226/376/134 225/375/134 227/377/134 228/378/134
f 228/378/135 227/377/135 229/379/135 230/380/135
f 230/380/136 229/379/136 231/381/136 232/382/136
f 232/382/137 231/381/137 233/383/137 234/384/137
f 234/384/138 233/383/138 235/385/138 236/386/138
f 236/386/139 235/385/139 237/387/139 238/388/139
f 238/388/140 237/387/140 239/389/140 240/390/140
f 240/390/141 239/389/141 241/391/141 242/392/141
f 242/392/142 241/391/142 243/393/142 244/394/142
f 244/394/143 243/393/143 245/395/143 246/396/143
f 246/396/144 245/395/144 247/397/144 248/398/144
f 248/398/145 247/397/145 249/399/145 250/400/145
f 191/401/16 190/402/16 251/403/16 249/404/16 247/405/16 245/406/16 243/407/16 241/408/16 239/409/16 237/410/16 235/411/16 233/412/16 231/413/16 229/414/16 227/415/16 225/416/16 223/417/16 221/418/16 219/419/16 217/420/16 215/421/16 213/422/16 211/423/16 209/424/16 207/425/16 205/426/16 203/427/16 201/428/16 199/429/16 197/430/16 195/431/16 193/432/16
f 250/400/146 249/399/146 251/433/146 252/434/146
f 252/434/147 251/433/147 190/435/147 189/436/147
f 189/437/18 192/438/18 194/439/18 196/440/18 198/441/18 200/442/18 202/443/18 204/444/18 206/445/18 208/446/18 210/447/18 212/448/18 214/449/18 216/450/18 218/451/18 220/452/18 222/453/18 224/454/18 226/455/18 228/456/18 230/457/18 232/458/18 234/459/18 236/460/18 238/461/18 240/462/18 242/463/18 244/464/18 246/465/18 248/466/18 250/467/18 252/468/18
f 253/469/15 254/470/15 255/471/15 256/472/15
f 257/473/16 258/474/16 254/475/16 253/476/16
f 259/477/148 260/478/148 258/479/148 257/480/148
f 261/481/18 262/482/18 263/483/18 264/484/18
f 260/485/19 265/486/19 266/487/19 267/488/19 268/489/19 269/490/19 270/491/19 271/492/19 272/493/19 255/494/19 254/495/19 258/496/19
f 273/497/149 274/498/149 275/499/149 276/500/149
f 262/482/150 277/501/150 278/502/150 263/483/150
f 279/503/151 280/504/151 281/505/151 282/506/151
f 282/507/16 281/508/16 274/509/16 273/510/16
f 274/498/152 283/511/152 284/512/152 275/499/152
f 277/501/18 285/513/18 286/514/18 278/502/18
f 280/504/153 287/515/153 288/516/153 281/505/153
f 281/508/16 288/517/16 283/518/16 274/509/16
f 289/519/25 259/477/25 257/480/25 290/520/25
f 285/513/154 291/521/154 292/522/154 286/514/154
f 290/523/16 257/473/16 253/476/16 293/524/16
f 288/517/16 290/523/16 293/524/16 283/518/16
f 287/515/155 289/519/155 290/520/155 288/516/155
f 293/525/28 253/469/28 256/472/28 294/526/28
f 283/511/156 293/525/156 294/526/156 284/512/156
f 256/472/30 255/471/30 272/527/30 295/528/30
f 295/528/31 272/527/31 271/529/31 296/530/31
f 296/531/32 271/532/32 270/533/32 297/534/32
f 297/534/33 270/533/33 269/535/33 291/521/33
f 280/504/157 279/503/157 298/536/157 299/537/157
f 299/537/158 298/536/158 300/538/158 301/539/158
f 301/540/159 300/541/159 302/542/159 303/543/159
f 303/543/160 302/542/160 264/484/160 263/483/160
f 276/500/161 275/499/161 304/544/161 305/545/161
f 305/545/162 304/544/162 306/546/162 307/547/162
f 307/548/163 306/549/163 308/550/163 309/551/163
f 309/551/164 308/550/164 262/482/164 261/481/164
f 287/515/165 280/504/165 299/537/165 310/552/165
f 310/552/166 299/537/166 301/539/166 311/553/166
f 311/554/167 301/540/167 303/543/167 312/555/167
f 312/555/168 303/543/168 263/483/168 278/502/168
f 275/499/169 284/512/169 313/556/169 304/544/169
f 304/544/170 313/556/170 314/557/170 306/546/170
f 306/549/171 314/558/171 315/559/171 308/550/171
f 308/550/172 315/559/172 277/501/172 262/482/172
f 289/519/173 287/515/173 310/552/173 316/560/173
f 316/560/174 310/552/174 311/553/174 317/561/174
f 317/562/52 311/554/52 312/555/52 318/563/52
f 318/563/53 312/555/53 278/502/53 286/514/53
f 294/526/54 256/472/54 295/528/54 319/564/54
f 319/564/175 295/528/175 296/530/175 320/565/175
f 320/566/176 296/531/176 297/534/176 321/567/176
f 321/567/177 297/534/177 291/521/177 285/513/177
f 260/478/58 259/477/58 322/568/58 265/569/58
f 265/569/59 322/568/59 323/570/59 266/571/59
f 266/572/60 323/573/60 324/574/60 267/575/60
f 267/575/61 324/574/61 292/522/61 268/576/61
f 259/477/62 289/519/62 316/560/62 322/568/62
f 322/568/178 316/560/178 317/561/178 323/570/178
f 323/573/179 317/562/179 318/563/179 324/574/179
f 324/574/180 318/563/180 286/514/180 292/522/180
f 284/512/181 294/526/181 319/564/181 313/556/181
f 313/556/182 319/564/182 320/565/182 314/557/182
f 314/558/68 320/566/68 321/567/68 315/559/68
f 315/559/69 321/567/69 285/513/69 277/501/69
f 291/521/18 269/535/18 268/576/18 292/522/18
f 325/577/70 326/578/70 327/579/70 328/580/70
f 326/578/71 329/581/71 330/582/71 327/579/71
f 329/581/72 331/583/72 332/584/72 330/582/72
f 331/583/73 333/585/73 334/586/73 332/584/73
f 333/587/74 335/588/74 336/589/74 334/590/74
f 335/588/75 337/591/75 338/592/75 336/589/75
f 337/591/76 339/593/76 340/594/76 338/592/76
f 339/593/77 341/595/77 342/596/77 340/594/77
f 343/597/78 344/598/78 345/599/78 346/600/78
f 346/600/79 345/599/79 347/601/79 348/602/79
f 348/602/80 347/601/80 349/603/80 350/604/80
f 350/604/81 349/603/81 351/605/81 352/606/81
f 352/606/82 351/605/82 353/607/82 354/608/82
f 354/609/83 353/610/83 355/611/83 356/612/83
f 356/612/84 355/611/84 357/613/84 358/614/84
f 358/614/85 357/613/85 342/596/85 341/595/85
f 359/615/86 360/616/86 361/617/86 362/618/86
f 362/618/87 361/617/87 363/619/87 364/620/87
f 364/620/88 363/619/88 365/621/88 366/622/88
f 366/622/89 365/621/89 367/623/89 368/624/89
f 368/625/90 367/626/90 369/627/90 370/628/90
f 370/628/91 369/627/91 371/629/91 372/630/91
f 372/630/92 371/629/92 373/631/92 374/632/92
f 374/632/93 373/631/93 375/633/93 376/634/93
f 377/635/94 378/636/94 379/637/94 380/638/94
f 378/636/95 381/639/95 382/640/95 379/637/95
f 381/639/96 383/641/96 384/642/96 382/640/96
f 383/641/97 385/643/97 386/644/97 384/642/97
f 385/643/98 387/645/98 388/646/98 386/644/98
f 387/647/99 389/648/99 390/649/99 388/650/99
f 389/648/100 391/651/100 392/652/100 390/649/100
f 391/651/101 376/634/101 375/633/101 392/652/101
f 338/653/16 340/654/16 373/655/16 371/656/16
f 342/657/16 357/658/16 392/659/16 375/660/16
f 331/661/102 329/662/102 364/663/102 366/664/102
f 350/665/103 352/666/103 385/667/103 383/668/103
f 330/669/16 332/670/16 365/671/16 363/672/16
f 351/673/16 349/674/16 384/675/16 386/676/16
f 341/677/18 339/678/18 374/679/18 376/680/18
f 340/654/16 342/657/16 375/660/16 373/655/16
f 333/681/104 331/661/104 366/664/104 368/682/104
f 352/666/105 354/683/105 387/684/105 385/667/105
f 344/685/106 343/686/106 377/635/106 380/638/106
f 332/670/16 334/687/16 367/688/16 365/671/16
f 353/689/16 351/673/16 386/676/16 388/690/16
f 343/691/107 346/692/107 378/693/107 377/694/107
f 345/695/16 344/696/16 380/697/16 379/698/16
f 335/699/108 333/681/108 368/682/108 370/700/108
f 354/683/109 356/701/109 389/702/109 387/684/109
f 325/703/110 328/704/110 360/616/110 359/615/110
f 334/687/16 336/705/16 369/706/16 367/688/16
f 355/707/16 353/689/16 388/690/16 390/708/16
f 326/709/111 325/710/111 359/711/111 362/712/111
f 346/692/112 348/713/112 381/714/112 378/693/112
f 328/715/16 327/716/16 361/717/16 360/718/16
f 347/719/16 345/695/16 379/698/16 382/720/16
f 337/721/113 335/699/113 370/700/113 372/722/113
f 356/701/18 358/723/18 391/724/18 389/702/18
f 336/705/16 338/653/16 371/656/16 369/706/16
f 357/658/16 355/707/16 390/708/16 392/659/16
f 329/662/114 326/709/114 362/712/114 364/663/114
f 348/713/115 350/665/115 383/668/115 381/714/115
f 327/716/16 330/669/16 363/672/16 361/717/16
f 349/674/16 347/719/16 382/720/16 384/675/16
f 339/678/18 337/721/18 372/722/18 374/679/18
f 358/723/18 341/677/18 376/680/18 391/724/18
f 393/725/116 394/726/116 395/727/116 396/728/116
f 396/728/117 395/727/117 397/729/117 398/730/117
f 398/730/118 397/729/118 399/731/118 400/732/118
f 400/732/119 399/731/119 401/733/119 402/734/119
f 402/734/120 401/733/120 403/735/120 404/736/120
f 404/736/121 403/735/121 405/737/121 406/738/121
f 406/738/122 405/737/122 407/739/122 408/740/122
f 408/740/123 407/739/123 409/741/123 410/742/123
f 410/742/124 409/741/124 411/743/124 412/744/124
f 412/744/125 411/743/125 413/745/125 414/746/125
f 414/746/126 413/745/126 415/747/126 416/748/126
f 416/748/127 415/747/127 417/749/127 418/750/127
f 418/750/128 417/749/128 419/751/128 420/752/128
f 420/752/129 419/751/129 421/753/129 422/754/129
f 422/754/130 421/753/130 423/755/130 424/756/130
f 424/756/131 423/755/131 425/757/131 426/758/131
f 426/758/132 425/757/132 427/759/132 428/760/132
f 428/760/133 427/759/133 429/761/133 430/762/133
f 430/762/134 429/761/134 431/763/134 432/764/134
f 432/764/135 431/763/135 433/765/135 434/766/135
f 434/766/136 433/765/136 435/767/136 436/768/136
f 436/768/137 435/767/137 437/769/137 438/770/137
f 438/770/138 437/769/138 439/771/138 440/772/138
f 440/772/139 439/771/139 441/773/139 442/774/139
f 442/774/140 441/773/140 443/775/140 444/776/140
f 444/776/141 443/775/141 445/777/141 446/778/141
f 446/778/142 445/777/142 447/779/142 448/780/142
f 448/780/143 447/779/143 449/781/143 450/782/143
f 450/782/144 449/781/144 451/783/144 452/784/144
f 452/784/145 451/783/145 453/785/145 454/786/145
f 395/787/16 394/788/16 455/789/16 453/790/16 451/791/16 449/792/16 447/793/16 445/794/16 443/795/16 441/796/16 439/797/16 437/798/16 435/799/16 433/800/16 431/801/16 429/802/16 427/803/16 425/804/16 423/805/16 421/806/16 419/807/16 417/808/16 415/809/16 413/810/16 411/811/16 409/812/16 407/813/16 405/814/16 403/815/16 401/816/16 399/817/16 397/818/16
f 454/786/146 453/785/146 455/819/146 456/820/146
f 456/820/147 455/819/147 394/821/147 393/822/147
f 393/823/18 396/824/18 398/825/18 400/826/18 402/827/18 404/828/18 406/829/18 408/830/18 410/831/18 412/832/18 414/833/18 416/834/18 418/835/18 420/836/18 422/837/18 424/838/18 426/839/18 428/840/18 430/841/18 432/842/18 434/843/18 436/844/18 438/845/18 440/846/18 442/847/18 444/848/18 446/849/18 448/850/18 450/851/18 452/852/18 454/853/18 456/854/18
f 457/855/183 458/856/183 459/857/183 460/858/183
f 461/859/16 462/860/16 458/861/16 457/862/16
f 463/863/184 464/864/184 462/865/184 461/866/184
f 465/867/18 466/868/18 467/869/18 468/870/18
f 464/871/19 469/872/19 470/873/19 471/874/19 472/875/19 473/876/19 474/877/19 475/878/19 476/879/19 459/880/19 458/881/19 462/882/19
f 477/883/185 478/884/185 479/885/185 480/886/185
f 466/868/21 481/887/21 482/888/21 467/869/21
f 483/889/186 484/890/186 485/891/186 486/892/186
f 486/893/16 485/894/16 478/895/16 477/896/16
f 478/884/187 487/897/187 488/898/187 479/885/187
f 481/887/18 489/899/18 490/900/18 482/888/18
f 484/890/188 491/901/188 492/902/188 485/891/188
f 485/894/16 492/903/16 487/904/16 478/895/16
f 493/905/189 463/863/189 461/866/189 494/906/189
f 489/899/190 495/907/190 496/908/190 490/900/190
f 494/909/16 461/859/16 457/862/16 497/910/16
f 492/903/16 494/909/16 497/910/16 487/904/16
f 491/901/191 493/905/191 494/906/191 492/902/191
f 497/911/192 457/855/192 460/858/192 498/912/192
f 487/897/193 497/911/193 498/912/193 488/898/193
f 460/858/194 459/857/194 476/913/194 499/914/194
f 499/914/195 476/913/195 475/915/195 500/916/195
f 500/917/196 475/918/196 474/919/196 501/920/196
f 501/920/197 474/919/197 473/921/197 495/907/197
f 484/890/198 483/889/198 502/922/198 503/923/198
f 503/923/199 502/922/199 504/924/199 505/925/199
f 505/926/200 504/927/200 506/928/200 507/929/200
f 507/929/201 506/928/201 468/870/201 467/869/201
f 480/886/202 479/885/202 508/930/202 509/931/202
f 509/931/203 508/930/203 510/932/203 511/933/203
f 511/934/204 510/935/204 512/936/204 513/937/204
f 513/937/205 512/936/205 466/868/205 465/867/205
f 491/901/206 484/890/206 503/923/206 514/938/206
f 514/938/207 503/923/207 505/925/207 515/939/207
f 515/940/208 505/926/208 507/929/208 516/941/208
f 516/941/209 507/929/209 467/869/209 482/888/209
f 479/885/210 488/898/210 517/942/210 508/930/210
f 508/930/211 517/942/211 518/943/211 510/932/211
f 510/935/212 518/944/212 519/945/212 512/936/212
f 512/936/213 519/945/213 481/887/213 466/868/213
f 493/905/214 491/901/214 514/938/214 520/946/214
f 520/946/215 514/938/215 515/939/215 521/947/215
f 521/948/216 515/940/216 516/941/216 522/949/216
f 522/949/217 516/941/217 482/888/217 490/900/217
f 498/912/218 460/858/218 499/914/218 523/950/218
f 523/950/219 499/914/219 500/916/219 524/951/219
f 524/952/220 500/917/220 501/920/220 525/953/220
f 525/953/221 501/920/221 495/907/221 489/899/221
f 464/864/222 463/863/222 526/954/222 469/955/222
f 469/955/223 526/954/223 527/956/223 470/957/223
f 470/958/224 527/959/224 528/960/224 471/961/224
f 471/961/225 528/960/225 496/908/225 472/962/225
f 463/863/226 493/905/226 520/946/226 526/954/226
f 526/954/227 520/946/227 521/947/227 527/956/227
f 527/959/228 521/948/228 522/949/228 528/960/228
f 528/960/229 522/949/229 490/900/229 496/908/229
f 488/898/230 498/912/230 523/950/230 517/942/230
f 517/942/231 523/950/231 524/951/231 518/943/231
f 518/944/232 524/952/232 525/953/232 519/945/232
f 519/945/233 525/953/233 489/899/233 481/887/233
f 495/907/18 473/921/18 472/962/18 496/908/18
f 529/963/234 530/964/234 531/965/234 532/966/234
f 530/964/235 533/967/235 534/968/235 531/965/235
f 533/967/236 535/969/236 536/970/236 534/968/236
f 535/969/237 537/971/237 538/972/237 536/970/237
f 537/973/238 539/974/238 540/975/238 538/976/238
f 539/974/239 541/977/239 542/978/239 540/975/239
f 541/977/240 543/979/240 544/980/240 542/978/240
f 543/979/241 545/981/241 546/982/241 544/980/241
f 547/983/242 548/984/242 549/985/242 550/986/242
f 550/986/243 549/985/243 551/987/243 552/988/243
f 552/988/244 551/987/244 553/989/244 554/990/244
f 554/990/245 553/989/245 555/991/245 556/992/245
f 556/992/246 555/991/246 557/993/246 558/994/246
f 558/995/247 557/996/247 559/997/247 560/998/247
f 560/998/248 559/997/248 561/999/248 562/1000/248
f 562/1000/249 561/999/249 546/982/249 545/981/249
f 563/1001/250 564/1002/250 565/1003/250 566/1004/250
f 566/1004/251 565/1003/251 567/1005/251 568/1006/251
f 568/1006/252 567/1005/252 569/1007/252 570/1008/252
f 570/1008/253 569/1007/253 571/1009/253 572/1010/253
f 572/1011/254 571/1012/254 573/1013/254 574/1014/254
f 574/1014/255 573/1013/255 575/1015/255 576/1016/255
f 576/1016/256 575/1015/256 577/1017/256 578/1018/256
f 578/1018/257 577/1017/257 579/1019/257 580/1020/257
f 581/1021/258 582/1022/258 583/1023/258 584/1024/258
f 582/1022/259 585/1025/259 586/1026/259 583/1023/259
f 585/1025/260 587/1027/260 588/1028/260 586/1026/260
f 587/1027/261 589/1029/261 590/1030/261 588/1028/261
f 589/1029/262 591/1031/262 592/1032/262 590/1030/262
f 591/1033/263 593/1034/263 594/1035/263 592/1036/263
f 593/1034/264 595/1037/264 596/1038/264 594/1035/264
f 595/1037/265 580/1020/265 579/1019/265 596/1038/265
f 542/1039/16 544/1040/16 577/1041/16 575/1042/16
f 546/1043/16 561/1044/16 596/1045/16 579/1046/16
f 535/1047/266 533/1048/266 568/1049/266 570/1050/266
f 554/1051/267 556/1052/267 589/1053/267 587/1054/267
f 534/1055/16 536/1056/16 569/1057/16 567/1058/16
f 555/1059/16 553/1060/16 588/1061/16 590/1062/16
f 545/1063/18 543/1064/18 578/1065/18 580/1066/18
f 544/1040/16 546/1043/16 579/1046/16 577/1041/16
f 537/1067/268 535/1047/268 570/1050/268 572/1068/268
f 556/1052/269 558/1069/269 591/1070/269 589/1053/269
f 548/1071/270 547/1072/270 581/1021/270 584/1024/270
f 536/1056/16 538/1073/16 571/1074/16 569/1057/16
f 557/1075/16 555/1059/16 590/1062/16 592/1076/16
f 547/1077/271 550/1078/271 582/1079/271 581/1080/271
f 549/1081/16 548/1082/16 584/1083/16 583/1084/16
f 539/1085/272 537/1067/272 572/1068/272 574/1086/272
f 558/1069/273 560/1087/273 593/1088/273 591/1070/273
f 529/1089/274 532/1090/274 564/1002/274 563/1001/274
f 538/1073/16 540/1091/16 573/1092/16 571/1074/16
f 559/1093/16 557/1075/16 592/1076/16 594/1094/16
f 530/1095/275 529/1096/275 563/1097/275 566/1098/275
f 550/1078/276 552/1099/276 585/1100/276 582/1079/276
f 532/1101/16 531/1102/16 565/1103/16 564/1104/16
f 551/1105/16 549/1081/16 583/1084/16 586/1106/16
f 541/1107/277 539/1085/277 574/1086/277 576/1108/277
f 560/1087/18 562/1109/18 595/1110/18 593/1088/18
f 540/1091/16 542/1039/16 575/1042/16 573/1092/16
f 561/1044/16 559/1093/16 594/1094/16 596/1045/16
f 533/1048/278 530/1095/278 566/1098/278 568/1049/278
f 552/1099/279 554/1051/279 587/1054/279 585/1100/279
f 531/1102/16 534/1055/16 567/1058/16 565/1103/16
f 553/1060/16 551/1105/16 586/1106/16 588/1061/16
f 543/1064/18 541/1107/18 576/1108/18 578/1065/18
f 562/1109/18 545/1063/18 580/1066/18 595/1110/18
f 597/1111/280 598/1112/280 599/1113/280 600/1114/280
f 600/1114/281 599/1113/281 601/1115/281 602/1116/281
f 602/1116/282 601/1115/282 603/1117/282 604/1118/282
f 604/1118/283 603/1117/283 605/1119/283 606/1120/283
f 606/1120/284 605/1119/284 607/1121/284 608/1122/284
f 608/1122/285 607/1121/285 609/1123/285 610/1124/285
f 610/1124/286 609/1123/286 611/1125/286 612/1126/286
f 612/1126/287 611/1125/287 613/1127/287 614/1128/287
f 614/1128/288 613/1127/288 615/1129/288 616/1130/288
f 616/1130/289 615/1129/289 617/1131/289 618/1132/289
f 618/1132/290 617/1131/290 619/1133/290 620/1134/290
f 620/1134/291 619/1133/291 621/1135/291 622/1136/291
f 622/1136/292 621/1135/292 623/1137/292 624/1138/292
f 624/1138/293 623/1137/293 625/1139/293 626/1140/293
f 626/1140/294 625/1139/294 627/1141/294 628/1142/294
f 628/1142/295 627/1141/295 629/1143/295 630/1144/295
f 630/1144/296 629/1143/296 631/1145/296 632/1146/296
f 632/1146/297 631/1145/297 633/1147/297 634/1148/297
f 634/1148/298 633/1147/298 635/1149/298 636/1150/298
f 636/1150/299 635/1149/299 637/1151/299 638/1152/299
f 638/1152/300 637/1151/300 639/1153/300 640/1154/300
f 640/1154/301 639/1153/301 641/1155/301 642/1156/301
f 642/1156/302 641/1155/302 643/1157/302 644/1158/302
f 644/1158/303 643/1157/303 645/1159/303 646/1160/303
f 646/1160/304 645/1159/304 647/1161/304 648/1162/304
f 648/1162/305 647/1161/305 649/1163/305 650/1164/305
f 650/1164/306 649/1163/306 651/1165/306 652/1166/306
f 652/1166/307 651/1165/307 653/1167/307 654/1168/307
f 654/1168/308 653/1167/308 655/1169/308 656/1170/308
f 656/1170/309 655/1169/309 657/1171/309 658/1172/309
f 599/1173/16 598/1174/16 659/1175/16 657/1176/16 655/1177/16 653/1178/16 651/1179/16 649/1180/16 647/1181/16 645/1182/16 643/1183/16 641/1184/16 639/1185/16 637/1186/16 635/1187/16 633/1188/16 631/1189/16 629/1190/16 627/1191/16 625/1192/16 623/1193/16 621/1194/16 619/1195/16 617/1196/16 615/1197/16 613/1198/16 611/1199/16 609/1200/16 607/1201/16 605/1202/16 603/1203/16 601/1204/16
f 658/1172/310 657/1171/310 659/1205/310 660/1206/310
f 660/1206/311 659/1205/311 598/1207/311 597/1208/311
f 597/1209/18 600/1210/18 602/1211/18 604/1212/18 606/1213/18 608/1214/18 610/1215/18 612/1216/18 614/1217/18 616/1218/18 618/1219/18 620/1220/18 622/1221/18 624/1222/18 626/1223/18 628/1224/18 630/1225/18 632/1226/18 634/1227/18 636/1228/18 638/1229/18 640/1230/18 642/1231/18 644/1232/18 646/1233/18 648/1234/18 650/1235/18 652/1236/18 654/1237/18 656/1238/18 658/1239/18 660/1240/18
f 468/870/312 506/928/312 504/927/312 502/922/312 483/889/312 486/892/312 477/896/312 480/886/312 509/931/312 511/933/312 513/937/312 465/867/312
o green1
v 0.000000 -0.553065 -0.093589
v 0.016285 -0.555037 -0.093589
v 0.031943 -0.559447 -0.093589
v 0.046375 -0.566162 -0.093589
v 0.059024 -0.575005 -0.093589
v 0.069405 -0.585747 -0.093589
v 0.077118 -0.598100 -0.093589
v 0.081868 -0.611704 -0.093589
v 0.083472 -0.626123 -0.093589
v 0.081868 -0.640855 -0.093589
v 0.077118 -0.655336 -0.093589
v 0.069405 -0.668972 -0.093589
v 0.059024 -0.681161 -0.093589
v 0.046375 -0.691334 -0.093589
v 0.031943 -0.698987 -0.093589
v 0.016285 -0.703724 -0.093589
v 0.000000 -0.705278 -0.093589
v -0.016285 -0.703724 -0.093589
v -0.031943 -0.698987 -0.093589
v -0.046375 -0.691334 -0.093589
v -0.059024 -0.681161 -0.093589
v -0.069405 -0.668972 -0.093589
v -0.077118 -0.655336 -0.093589
v -0.081868 -0.640855 -0.093589
v -0.083472 -0.626123 -0.093589
v -0.081868 -0.611704 -0.093589
v -0.077118 -0.598100 -0.093589
v -0.069405 -0.585747 -0.093589
v -0.059024 -0.575005 -0.093589
v -0.046375 -0.566162 -0.093589
v -0.031943 -0.559447 -0.093589
v -0.016285 -0.555037 -0.093589
vt 0.057518 0.527141
vt 0.057536 0.528275
vt 0.057660 0.529372
vt 0.057887 0.530391
vt 0.058212 0.531292
vt 0.058628 0.532042
vt 0.059122 0.532611
vt 0.059682 0.532979
vt 0.060290 0.533131
vt 0.060924 0.533061
vt 0.061560 0.532773
vt 0.062172 0.532277
vt 0.062734 0.531592
vt 0.063218 0.530745
vt 0.063603 0.529766
vt 0.063868 0.528695
vt 0.064001 0.527571
vt 0.064001 0.526438
vt 0.063862 0.525339
vt 0.063595 0.524318
vt 0.063213 0.523413
vt 0.062736 0.522659
vt 0.062187 0.522086
vt 0.061589 0.521716
vt 0.060969 0.521563
vt 0.060348 0.521634
vt 0.059749 0.521924
vt 0.059192 0.522424
vt 0.058692 0.523113
vt 0.058264 0.523964
vt 0.057919 0.524945
vt 0.057668 0.526018
vn 0.0000 0.0000 -1.0000
usemtl Material.003
s off
f 661/1241/313 662/1242/313 663/1243/313 664/1244/313 665/1245/313 666/1246/313 667/1247/313 668/1248/313 669/1249/313 670/1250/313 671/1251/313 672/1252/313 673/1253/313 674/1254/313 675/1255/313 676/1256/313 677/1257/313 678/1258/313 679/1259/313 680/1260/313 681/1261/313 682/1262/313 683/1263/313 684/1264/313 685/1265/313 686/1266/313 687/1267/313 688/1268/313 689/1269/313 690/1270/313 691/1271/313 692/1272/313
o orange1
v 0.083472 -0.834726 -0.093589
v 0.081868 -0.852077 -0.093589
v 0.077118 -0.868761 -0.093589
v 0.069405 -0.884137 -0.093589
v 0.059024 -0.897615 -0.093589
v 0.046375 -0.908676 -0.093589
v 0.031943 -0.916894 -0.093589
v 0.016285 -0.921955 -0.093589
v 0.000000 -0.923664 -0.093589
v -0.016285 -0.921955 -0.093589
v -0.031943 -0.916894 -0.093589
v -0.046375 -0.908675 -0.093589
v -0.059024 -0.897615 -0.093589
v -0.069405 -0.884137 -0.093589
v -0.077118 -0.868761 -0.093589
v -0.081868 -0.852077 -0.093589
v -0.083472 -0.834726 -0.093589
v -0.081868 -0.817375 -0.093589
v -0.077118 -0.800690 -0.093589
v -0.069405 -0.785314 -0.093589
v -0.059024 -0.771837 -0.093589
v -0.046375 -0.760776 -0.093589
v -0.031943 -0.752557 -0.093589
v -0.016285 -0.747496 -0.093589
v 0.000000 -0.745787 -0.093589
v 0.016285 -0.747496 -0.093589
v 0.031943 -0.752557 -0.093589
v 0.046375 -0.760776 -0.093589
v 0.059024 -0.771837 -0.093589
v 0.069405 -0.785314 -0.093589
v 0.077118 -0.800690 -0.093589
v 0.081868 -0.817375 -0.093589
vt 0.168010 0.491836
vt 0.168675 0.491782
vt 0.169327 0.491519
vt 0.169941 0.491057
vt 0.170494 0.490414
vt 0.170964 0.489615
vt 0.171334 0.488691
vt 0.171588 0.487676
vt 0.171718 0.486611
vt 0.171718 0.485535
vt 0.171588 0.484490
vt 0.171334 0.483517
vt 0.170964 0.482653
vt 0.170494 0.481931
vt 0.169941 0.481379
vt 0.169327 0.481017
vt 0.168675 0.480861
vt 0.168010 0.480915
vt 0.167358 0.481178
vt 0.166744 0.481640
vt 0.166191 0.482282
vt 0.165721 0.483081
vt 0.165351 0.484006
vt 0.165097 0.485021
vt 0.164967 0.486086
vt 0.164967 0.487162
vt 0.165097 0.488206
vt 0.165351 0.489179
vt 0.165721 0.490044
vt 0.166191 0.490766
vt 0.166744 0.491318
vt 0.167358 0.491680
vn -0.0000 0.0000 -1.0000
usemtl Material.003
s off
f 693/1273/314 694/1274/314 695/1275/314 696/1276/314 697/1277/314 698/1278/314 699/1279/314 700/1280/314 701/1281/314 702/1282/314 703/1283/314 704/1284/314 705/1285/314 706/1286/314 707/1287/314 708/1288/314 709/1289/314 710/1290/314 711/1291/314 712/1292/314 713/1293/314 714/1294/314 715/1295/314 716/1296/314 717/1297/314 718/1298/314 719/1299/314 720/1300/314 721/1301/314 722/1302/314 723/1303/314 724/1304/314
o red1
v 0.000000 -0.960465 -0.093589
v 0.016285 -0.962174 -0.093589
v 0.031943 -0.967235 -0.093589
v 0.046375 -0.975454 -0.093589
v 0.059024 -0.986514 -0.093589
v 0.069405 -0.999992 -0.093589
v 0.077118 -1.015368 -0.093589
v 0.081868 -1.032052 -0.093589
v 0.083472 -1.049403 -0.093589
v 0.081868 -1.066754 -0.093589
v 0.077118 -1.083439 -0.093589
v 0.069405 -1.098815 -0.093589
v 0.059024 -1.112292 -0.093589
v 0.046375 -1.123353 -0.093589
v 0.031943 -1.131572 -0.093589
v 0.016285 -1.136633 -0.093589
v 0.000000 -1.138342 -0.093589
v -0.016285 -1.136633 -0.093589
v -0.031943 -1.131572 -0.093589
v -0.046375 -1.123353 -0.093589
v -0.059024 -1.112292 -0.093589
v -0.069405 -1.098815 -0.093589
v -0.077118 -1.083439 -0.093589
v -0.081868 -1.066754 -0.093589
v -0.083472 -1.049403 -0.093589
v -0.081868 -1.032052 -0.093589
v -0.077118 -1.015368 -0.093589
v -0.069405 -0.999992 -0.093589
v -0.059024 -0.986514 -0.093589
v -0.046375 -0.975454 -0.093589
v -0.031943 -0.967235 -0.093589
v -0.016285 -0.962174 -0.093589
vt 0.379117 0.594214
vt 0.378485 0.594226
vt 0.377865 0.594439
vt 0.377281 0.594844
vt 0.376756 0.595425
vt 0.376309 0.596161
vt 0.375958 0.597024
vt 0.375716 0.597979
vt 0.375593 0.598990
vt 0.375593 0.600019
vt 0.375716 0.601026
vt 0.375958 0.601972
vt 0.376309 0.602821
vt 0.376756 0.603540
vt 0.377281 0.604102
vt 0.377865 0.604485
vt 0.378485 0.604674
vt 0.379117 0.604662
vt 0.379737 0.604450
vt 0.380321 0.604045
vt 0.380846 0.603463
vt 0.381293 0.602727
vt 0.381644 0.601865
vt 0.381886 0.600909
vt 0.382009 0.599898
vt 0.382009 0.598869
vt 0.381886 0.597862
vt 0.381644 0.596916
vt 0.381293 0.596067
vt 0.380846 0.595348
vt 0.380321 0.594786
vt 0.379737 0.594403
vn 0.0000 0.0000 -1.0000
usemtl Material.003
s off
f 725/1305/315 726/1306/315 727/1307/315 728/1308/315 729/1309/315 730/1310/315 731/1311/315 732/1312/315 733/1313/315 734/1314/315 735/1315/315 736/1316/315 737/1317/315 738/1318/315 739/1319/315 740/1320/315 741/1321/315 742/1322/315 743/1323/315 744/1324/315 745/1325/315 746/1326/315 747/1327/315 748/1328/315 749/1329/315 750/1330/315 751/1331/315 752/1332/315 753/1333/315 754/1334/315 755/1335/315 756/1336/315
o bas
v -0.103737 -1.076292 -0.015063
v -0.092357 -1.126290 -0.015063
v -0.064807 -1.146999 -0.015063
v 0.065447 -1.146999 -0.015063
v 0.092996 -1.126290 -0.015063
v 0.104377 -1.076292 -0.015063
v 0.104400 -0.577917 -0.015063
v 0.093034 -0.540296 -0.015063
v 0.065473 -0.524817 -0.015063
v -0.064835 -0.524817 -0.015063
v -0.092398 -0.540296 -0.015063
v -0.103761 -0.577917 -0.015063
v -0.071094 -1.151097 -0.048420
v -0.071114 -1.151097 -0.024313
v -0.089712 -1.137116 -0.024313
v -0.089687 -1.137116 -0.048420
v 0.065439 -1.146999 -0.020059
v -0.064799 -1.146999 -0.020059
v -0.064333 -1.144647 -0.020175
v 0.064974 -1.144647 -0.020175
v 0.104387 -0.577885 -0.020059
v 0.104365 -1.076292 -0.020059
v 0.103551 -1.074263 -0.020186
v 0.103572 -0.579451 -0.020186
v 0.104429 -0.928604 -0.057670
v -0.103791 -0.928604 -0.057670
v -0.103796 -0.714534 -0.057670
v 0.104433 -0.714534 -0.057670
v -0.103710 -0.577430 -0.057670
v -0.092355 -0.539678 -0.057670
v -0.064805 -0.524150 -0.057670
v 0.065445 -0.524150 -0.057670
v 0.092994 -0.539678 -0.057670
v 0.104352 -0.577430 -0.057670
v 0.104424 -0.711640 -0.057670
v -0.103786 -0.711640 -0.057670
v 0.104328 -1.076292 -0.057670
v 0.092953 -1.126290 -0.057670
v 0.065417 -1.146999 -0.057670
v -0.064775 -1.146999 -0.057670
v -0.092312 -1.126290 -0.057670
v -0.103687 -1.076292 -0.057670
v -0.103799 -0.931614 -0.057670
v 0.104436 -0.931614 -0.057670
v 0.065417 -1.146999 -0.052674
v 0.092953 -1.126290 -0.052674
v 0.092269 -1.124017 -0.052554
v 0.064952 -1.144647 -0.052558
v 0.097143 -0.540995 -0.048420
v 0.097167 -0.541342 -0.024313
v 0.104835 -0.566545 -0.024313
v 0.104808 -0.566247 -0.048420
v -0.061110 -1.154702 -0.048420
v 0.061751 -1.154702 -0.048420
v 0.061767 -1.154702 -0.024313
v -0.061127 -1.154702 -0.024313
v -0.092353 -0.539783 -0.052674
v -0.103710 -0.577513 -0.052674
v -0.102895 -0.579085 -0.052547
v -0.091669 -0.541444 -0.052554
v -0.096529 -0.541342 -0.024313
v -0.096504 -0.540995 -0.048420
v -0.104168 -0.566247 -0.048420
v -0.104196 -0.566545 -0.024313
v -0.071145 -0.521958 -0.024313
v -0.071127 -0.521574 -0.048420
v -0.089729 -0.531959 -0.048420
v -0.089752 -0.532324 -0.024313
v 0.071754 -1.151097 -0.024313
v 0.071735 -1.151097 -0.048420
v 0.090328 -1.137116 -0.048420
v 0.090351 -1.137116 -0.024313
v 0.093023 -0.540256 -0.020059
v 0.092339 -0.541908 -0.020178
v 0.000312 -0.547816 -0.140965
v 0.022303 -0.550573 -0.140965
v 0.022257 -0.553719 -0.016155
v 0.000318 -0.550941 -0.016155
v 0.043449 -0.556815 -0.140965
v 0.043354 -0.559895 -0.016155
v 0.062928 -0.566383 -0.140965
v 0.062797 -0.569313 -0.016155
v 0.080881 -0.579208 -0.137895
v 0.079842 -0.581791 -0.016155
v 0.094066 -0.594826 -0.136210
v 0.093836 -0.597090 -0.016155
v -0.093007 -0.594823 -0.136181
v -0.079691 -0.579177 -0.138577
v -0.079206 -0.581791 -0.016155
v -0.093200 -0.597090 -0.016155
v -0.062303 -0.566383 -0.140965
v -0.062160 -0.569313 -0.016155
v -0.042825 -0.556815 -0.140965
v -0.042717 -0.559895 -0.016155
v -0.021679 -0.550573 -0.140965
v -0.021621 -0.553720 -0.016155
v 0.000313 -0.734811 -0.140965
v 0.022293 -0.737249 -0.140965
v 0.022258 -0.737249 -0.016155
v 0.000318 -0.734811 -0.016155
v 0.043430 -0.744470 -0.140965
v 0.043357 -0.744470 -0.016155
v 0.062910 -0.756195 -0.140965
v 0.062801 -0.756195 -0.016155
v 0.080885 -0.771974 -0.138824
v 0.079846 -0.771974 -0.016155
v 0.094069 -0.791202 -0.136210
v 0.093839 -0.791202 -0.016155
v -0.093010 -0.791202 -0.136181
v -0.079691 -0.771974 -0.138577
v -0.079211 -0.771974 -0.016155
v -0.093203 -0.791202 -0.016155
v -0.062283 -0.756195 -0.140965
v -0.062165 -0.756195 -0.016155
v -0.042803 -0.744470 -0.140965
v -0.042721 -0.744470 -0.016155
v -0.021666 -0.737249 -0.140965
v -0.021622 -0.737249 -0.016155
v 0.000312 -0.960059 -0.140965
v 0.022303 -0.962497 -0.140965
v 0.022257 -0.962497 -0.016155
v 0.000318 -0.960059 -0.016155
v 0.043449 -0.969718 -0.140965
v 0.043354 -0.969718 -0.016155
v 0.062931 -0.981443 -0.140965
v 0.062796 -0.981443 -0.016155
v 0.080884 -0.997222 -0.138824
v 0.079842 -0.997222 -0.016155
v 0.094066 -1.016450 -0.136210
v 0.093836 -1.016450 -0.016155
v -0.093055 -1.016450 -0.136181
v -0.079729 -0.997222 -0.138577
v -0.079206 -0.997222 -0.016155
v -0.093200 -1.016450 -0.016155
v -0.062313 -0.981443 -0.140965
v -0.062160 -0.981443 -0.016155
v -0.042824 -0.969717 -0.140965
v -0.042717 -0.969718 -0.016155
v -0.021679 -0.962497 -0.140965
v -0.021621 -0.962497 -0.016155
v -0.064775 -1.146999 -0.052674
v -0.092311 -1.126290 -0.052674
v -0.092346 -1.126290 -0.020059
v -0.103685 -1.076292 -0.052674
v -0.103724 -1.076292 -0.020059
v -0.064827 -0.524774 -0.020059
v -0.092386 -0.540256 -0.020059
v -0.064804 -0.524264 -0.052674
v -0.103748 -0.577885 -0.020059
v 0.092985 -1.126290 -0.020059
v 0.104328 -1.076292 -0.052674
v 0.065444 -0.524264 -0.052674
v 0.092992 -0.539783 -0.052674
v 0.065465 -0.524774 -0.020059
v 0.104351 -0.577513 -0.052674
v -0.103791 -0.928604 -0.052674
v -0.103795 -0.714546 -0.052674
v -0.103786 -0.711653 -0.052674
v -0.103799 -0.931614 -0.052674
v 0.104432 -0.714546 -0.052674
v 0.104428 -0.928604 -0.052674
v 0.104423 -0.711653 -0.052674
v 0.104436 -0.931614 -0.052674
v 0.103619 -0.714545 -0.052547
v 0.103614 -0.928604 -0.052547
v 0.103536 -0.579085 -0.052547
v 0.103610 -0.711653 -0.052547
v 0.103622 -0.931614 -0.052547
v 0.103514 -1.074263 -0.052547
v 0.064999 -0.526448 -0.020175
v -0.064361 -0.526448 -0.020175
v -0.102932 -0.579451 -0.020186
v -0.102910 -1.074263 -0.020186
v -0.091662 -1.124017 -0.020178
v -0.064338 -0.525946 -0.052558
v -0.091702 -0.541908 -0.020178
v 0.092301 -1.124017 -0.020178
v 0.092309 -0.541444 -0.052554
v -0.064309 -1.144647 -0.052558
v 0.097123 -1.124808 -0.024313
v 0.097098 -1.124808 -0.048420
v 0.104774 -1.091054 -0.048420
v 0.104801 -1.091054 -0.024313
v -0.106138 -1.072931 -0.024313
v -0.106161 -0.580469 -0.024313
v -0.106133 -0.580198 -0.048420
v -0.106108 -1.072931 -0.048420
v -0.096457 -1.124808 -0.048420
v -0.096484 -1.124808 -0.024313
v -0.104161 -1.091054 -0.024313
v -0.104132 -1.091054 -0.048420
v 0.106751 -1.072931 -0.048420
v 0.106774 -0.580198 -0.048420
v 0.106801 -0.580469 -0.024313
v 0.106779 -1.072931 -0.024313
v -0.091628 -1.124017 -0.052554
v -0.102872 -1.074263 -0.052547
v -0.102984 -0.931614 -0.052547
v -0.102977 -0.928604 -0.052547
v -0.102981 -0.714545 -0.052547
v -0.102972 -0.711653 -0.052547
v 0.061778 -0.518745 -0.048420
v -0.061139 -0.518745 -0.048420
v -0.061155 -0.519133 -0.024313
v 0.061793 -0.519133 -0.024313
v 0.071766 -0.521574 -0.048420
v 0.071783 -0.521958 -0.024313
v 0.090389 -0.532324 -0.024313
v 0.090367 -0.531959 -0.048420
v 0.064978 -0.525946 -0.052558
v -0.066184 -1.153646 -0.048420
v -0.065824 -1.152219 -0.051012
v -0.062656 -1.151766 -0.051545
v -0.068313 -1.149822 -0.051541
v -0.062678 -1.151766 -0.021188
v -0.065846 -1.152219 -0.021721
v -0.066202 -1.153646 -0.024313
v -0.068337 -1.149822 -0.021192
v -0.093684 -1.132018 -0.024313
v -0.093445 -1.130617 -0.021722
v -0.094936 -1.125136 -0.021176
v -0.091029 -1.132742 -0.021193
v -0.094903 -1.125136 -0.051556
v -0.093414 -1.130617 -0.051011
v -0.093659 -1.132018 -0.048420
v -0.090997 -1.132742 -0.051539
v -0.105563 -1.082141 -0.024313
v -0.105245 -1.080250 -0.021723
v -0.105159 -1.073748 -0.021155
v -0.104505 -1.083019 -0.021182
v -0.105123 -1.073748 -0.051577
v -0.105210 -1.080250 -0.051010
v -0.105534 -1.082141 -0.048420
v -0.104468 -1.083019 -0.051551
v -0.066232 -0.520022 -0.024313
v -0.065876 -0.521057 -0.021721
v -0.062707 -0.521301 -0.021188
v -0.068367 -0.522835 -0.021192
v -0.062686 -0.520817 -0.051545
v -0.065855 -0.520589 -0.051012
v -0.066215 -0.519635 -0.048420
v -0.068344 -0.522354 -0.051541
v -0.093701 -0.535704 -0.048420
v -0.093457 -0.536670 -0.051011
v -0.094949 -0.540679 -0.051556
v -0.091037 -0.535085 -0.051539
v -0.094980 -0.541118 -0.021176
v -0.093486 -0.537103 -0.021722
v -0.093725 -0.536062 -0.024313
v -0.091067 -0.535537 -0.021193
v -0.105562 -0.573073 -0.048420
v -0.105237 -0.574487 -0.051010
v -0.105147 -0.579511 -0.051577
v -0.104496 -0.572344 -0.051551
v -0.105183 -0.579854 -0.021155
v -0.105272 -0.574829 -0.021723
v -0.105590 -0.573357 -0.024313
v -0.104531 -0.572703 -0.021182
v 0.066842 -1.153646 -0.024313
v 0.066486 -1.152219 -0.021721
v 0.063318 -1.151766 -0.021188
v 0.068977 -1.149822 -0.021192
v 0.063298 -1.151766 -0.051545
v 0.066465 -1.152219 -0.051012
v 0.066825 -1.153646 -0.048420
v 0.068954 -1.149822 -0.051541
v 0.094299 -1.132018 -0.048420
v 0.094055 -1.130617 -0.051011
v 0.095544 -1.125136 -0.051556
v 0.091638 -1.132742 -0.051539
v 0.095575 -1.125136 -0.021176
v 0.094084 -1.130617 -0.021722
v 0.094323 -1.132018 -0.024313
v 0.091668 -1.132742 -0.021193
v 0.106175 -1.082141 -0.048420
v 0.105852 -1.080250 -0.051010
v 0.105765 -1.073748 -0.051577
v 0.105111 -1.083019 -0.051551
v 0.105800 -1.073748 -0.021155
v 0.105886 -1.080250 -0.021723
v 0.106203 -1.082141 -0.024313
v 0.105145 -1.083019 -0.021182
v 0.066854 -0.519635 -0.048420
v 0.066494 -0.520589 -0.051012
v 0.063325 -0.520817 -0.051545
v 0.068984 -0.522354 -0.051541
v 0.063344 -0.521301 -0.021188
v 0.066513 -0.521057 -0.021721
v 0.066870 -0.520022 -0.024313
v 0.069005 -0.522835 -0.021192
v 0.094362 -0.536062 -0.024313
v 0.094123 -0.537103 -0.021722
v 0.095617 -0.541118 -0.021176
v 0.091704 -0.535537 -0.021193
v 0.095587 -0.540679 -0.051556
v 0.094095 -0.536670 -0.051011
v 0.094339 -0.535704 -0.048420
v 0.091676 -0.535085 -0.051539
v 0.106229 -0.573357 -0.024313
v 0.105911 -0.574829 -0.021723
v 0.105822 -0.579854 -0.021155
v 0.105171 -0.572703 -0.021182
v 0.105788 -0.579511 -0.051577
v 0.105878 -0.574487 -0.051010
v 0.106202 -0.573073 -0.048420
v 0.105137 -0.572344 -0.051551
v -0.105242 -0.931614 -0.051577
v -0.105234 -0.928604 -0.051577
v -0.105237 -0.714549 -0.051577
v -0.105228 -0.711657 -0.051577
v -0.105524 -0.711659 -0.050631
v -0.105533 -0.714551 -0.050631
v -0.105530 -0.928604 -0.050631
v -0.105539 -0.931614 -0.050631
v 0.105865 -0.711657 -0.051577
v 0.105879 -0.931614 -0.051577
v 0.106175 -0.931614 -0.050631
v 0.106167 -0.928604 -0.050631
v 0.105871 -0.928604 -0.051577
v 0.105874 -0.714549 -0.051577
v 0.106170 -0.714551 -0.050631
v 0.106161 -0.711659 -0.050631
v 0.080878 -1.049403 -0.051757
v 0.079330 -1.066754 -0.051757
v 0.074746 -1.083439 -0.051757
v 0.067302 -1.098815 -0.051757
v 0.057284 -1.112292 -0.051757
v 0.045077 -1.123353 -0.051757
v 0.031150 -1.131572 -0.051757
v 0.016038 -1.136633 -0.051757
v 0.000322 -1.138342 -0.051757
v -0.015394 -1.136633 -0.051757
v -0.030505 -1.131572 -0.051757
v -0.044433 -1.123353 -0.051757
v -0.056640 -1.112292 -0.051757
v -0.066658 -1.098815 -0.051757
v -0.074102 -1.083439 -0.051757
v -0.078686 -1.066754 -0.051757
v -0.080234 -1.049403 -0.051757
v -0.078686 -1.032052 -0.051757
v -0.074102 -1.015368 -0.051757
v -0.066658 -0.999992 -0.051757
v -0.056640 -0.986514 -0.051757
v -0.044433 -0.975454 -0.051757
v -0.030505 -0.967235 -0.051757
v -0.015394 -0.962174 -0.051757
v 0.000322 -0.960465 -0.051757
v 0.016038 -0.962174 -0.051757
v 0.031149 -0.967235 -0.051757
v 0.045077 -0.975454 -0.051757
v 0.057284 -0.986514 -0.051757
v 0.067302 -0.999992 -0.051757
v 0.074746 -1.015368 -0.051757
v 0.079330 -1.032052 -0.051757
v -0.044434 -0.975454 -0.060888
v -0.030506 -0.967235 -0.060888
v -0.056640 -0.771837 -0.051757
v -0.056640 -0.771837 -0.060888
v -0.044433 -0.760776 -0.060888
v -0.044433 -0.760776 -0.051757
v -0.015394 -0.747496 -0.051757
v -0.015394 -0.747496 -0.060888
v 0.000322 -0.745787 -0.060888
v 0.000322 -0.745787 -0.051757
v 0.000322 -0.553234 -0.051757
v 0.000322 -0.553065 -0.060888
v 0.016038 -0.555037 -0.060888
v 0.016038 -0.555207 -0.051757
v -0.030505 -0.752557 -0.051757
v -0.030505 -0.752557 -0.060888
v 0.045077 -0.566324 -0.051757
v 0.045078 -0.566162 -0.060888
v 0.057285 -0.575005 -0.060888
v 0.057284 -0.575158 -0.051757
v 0.031149 -0.559614 -0.051757
v 0.031150 -0.559447 -0.060888
v 0.079330 -1.032052 -0.060888
v 0.080878 -1.049403 -0.060888
v 0.074746 -1.083439 -0.060888
v 0.067302 -1.098815 -0.060888
v 0.067304 -0.999992 -0.060888
v 0.074746 -1.015368 -0.060888
v -0.078686 -0.817375 -0.051757
v -0.078686 -0.817375 -0.060888
v -0.074102 -0.800690 -0.060888
v -0.074102 -0.800690 -0.051757
v 0.057285 -0.986514 -0.060888
v -0.080234 -0.834726 -0.051757
v -0.080234 -0.834726 -0.060888
v -0.066658 -0.785314 -0.051757
v -0.066658 -0.785314 -0.060888
v 0.067304 -0.585747 -0.060888
v 0.067302 -0.585890 -0.051757
v 0.079330 -0.611820 -0.051757
v 0.079330 -0.611704 -0.060888
v 0.080878 -0.626123 -0.060888
v 0.080878 -0.626226 -0.051757
v 0.074746 -0.598231 -0.051757
v 0.074746 -0.598100 -0.060888
v 0.057284 -1.112292 -0.060888
v 0.031150 -1.131572 -0.060888
v 0.016038 -1.136633 -0.060888
v 0.079330 -1.066754 -0.060888
v -0.066658 -0.884137 -0.051757
v -0.066658 -0.884137 -0.060888
v -0.074102 -0.868761 -0.060888
v -0.074102 -0.868761 -0.051757
v -0.056640 -0.897615 -0.051757
v -0.056640 -0.897615 -0.060888
v -0.078686 -0.852077 -0.051757
v -0.078686 -0.852077 -0.060888
v 0.079330 -0.640855 -0.060888
v 0.079330 -0.640943 -0.051757
v 0.067302 -0.669032 -0.051757
v 0.067302 -0.668972 -0.060888
v 0.057284 -0.681161 -0.060888
v 0.057284 -0.681209 -0.051757
v 0.074746 -0.655410 -0.051757
v 0.074746 -0.655336 -0.060888
v 0.000322 -1.138342 -0.060888
v -0.030506 -1.131572 -0.060888
v -0.044433 -1.123353 -0.060888
v 0.045077 -1.123353 -0.060888
v -0.015394 -0.921955 -0.051757
v -0.015394 -0.921955 -0.060888
v -0.030505 -0.916894 -0.060888
v -0.030505 -0.916894 -0.051757
v 0.000322 -0.923664 -0.051757
v 0.000322 -0.923664 -0.060888
v -0.044433 -0.908675 -0.051757
v -0.044433 -0.908675 -0.060888
v 0.045077 -0.691334 -0.060888
v 0.045077 -0.691372 -0.051757
v 0.016038 -0.703749 -0.051757
v 0.016038 -0.703724 -0.060888
v 0.000322 -0.705278 -0.060888
v 0.000322 -0.705299 -0.051757
v 0.031150 -0.699018 -0.051757
v 0.031150 -0.698987 -0.060888
v -0.056640 -1.112292 -0.060888
v -0.074104 -1.083439 -0.060888
v -0.078689 -1.066754 -0.060888
v -0.015394 -1.136633 -0.060888
v 0.045077 -0.908675 -0.051757
v 0.045077 -0.908676 -0.060888
v 0.031150 -0.916894 -0.060888
v 0.031150 -0.916894 -0.051757
v 0.057284 -0.897615 -0.051757
v 0.057284 -0.897615 -0.060888
v 0.016038 -0.921955 -0.051757
v 0.016038 -0.921955 -0.060888
v -0.015394 -0.703724 -0.060888
v -0.015394 -0.703749 -0.051757
v -0.044433 -0.691372 -0.051757
v -0.044433 -0.691334 -0.060888
v -0.056640 -0.681161 -0.060888
v -0.056640 -0.681209 -0.051757
v -0.030505 -0.699018 -0.051757
v -0.030506 -0.698987 -0.060888
v -0.080237 -1.049403 -0.060888
v -0.074104 -1.015368 -0.060888
v -0.066660 -0.999992 -0.060888
v -0.066658 -1.098815 -0.060888
v 0.079330 -0.852077 -0.051757
v 0.079330 -0.852077 -0.060888
v 0.074746 -0.868761 -0.060888
v 0.074746 -0.868761 -0.051757
v 0.080878 -0.834726 -0.051757
v 0.080878 -0.834726 -0.060888
v 0.067302 -0.884137 -0.051757
v 0.067302 -0.884137 -0.060888
v -0.066658 -0.668972 -0.060888
v -0.066658 -0.669032 -0.051757
v -0.078686 -0.640943 -0.051757
v -0.078686 -0.640855 -0.060888
v -0.080234 -0.626123 -0.060888
v -0.080234 -0.626226 -0.051757
v -0.074102 -0.655410 -0.051757
v -0.074102 -0.655336 -0.060888
v -0.056642 -0.986514 -0.060888
v -0.015394 -0.962174 -0.060888
v -0.078689 -1.032052 -0.060888
v 0.067302 -0.785314 -0.051757
v 0.067302 -0.785314 -0.060888
v 0.074746 -0.800690 -0.060888
v 0.074746 -0.800690 -0.051757
v 0.057284 -0.771837 -0.051757
v 0.057284 -0.771837 -0.060888
v 0.079330 -0.817375 -0.051757
v 0.079330 -0.817375 -0.060888
v -0.078686 -0.611704 -0.060888
v -0.078686 -0.611820 -0.051757
v -0.066658 -0.585890 -0.051757
v -0.066660 -0.585747 -0.060888
v -0.056642 -0.575005 -0.060888
v -0.056640 -0.575158 -0.051757
v -0.074102 -0.598231 -0.051757
v -0.074102 -0.598100 -0.060888
v 0.000322 -0.960465 -0.060888
v 0.016038 -0.747496 -0.051757
v 0.031149 -0.752557 -0.051757
v 0.045077 -0.760776 -0.051757
v 0.016038 -0.747496 -0.060888
v 0.031149 -0.752557 -0.060888
v 0.045077 -0.760776 -0.060888
v -0.044434 -0.566162 -0.060888
v -0.044433 -0.566324 -0.051757
v -0.015394 -0.555207 -0.051757
v -0.015394 -0.555037 -0.060888
v -0.030505 -0.559614 -0.051757
v -0.030506 -0.559447 -0.060888
v 0.045078 -0.975454 -0.060888
v 0.031150 -0.967235 -0.060888
v 0.016038 -0.962174 -0.060888
v 0.000309 -0.542612 -0.140959
v 0.000315 -0.545840 -0.016150
v 0.022254 -0.548634 -0.016150
v 0.022300 -0.545384 -0.140959
v 0.043352 -0.554791 -0.016150
v 0.043448 -0.551607 -0.140959
v 0.062795 -0.564156 -0.016150
v 0.062932 -0.561121 -0.140959
v 0.079840 -0.576545 -0.016150
v 0.080884 -0.573862 -0.137889
v 0.093834 -0.591722 -0.016150
v 0.094065 -0.589360 -0.136204
v -0.093013 -0.589358 -0.136175
v -0.093205 -0.591723 -0.016150
v -0.079211 -0.576545 -0.016150
v -0.079701 -0.573830 -0.138571
v -0.062166 -0.564156 -0.016150
v -0.062314 -0.561121 -0.140959
v -0.042722 -0.554791 -0.016150
v -0.042830 -0.551607 -0.140959
v -0.021625 -0.548635 -0.016150
v -0.021683 -0.545385 -0.140959
v 0.000310 -0.728050 -0.140959
v 0.000314 -0.728061 -0.016150
v 0.022256 -0.730502 -0.016150
v 0.022291 -0.730488 -0.140959
v 0.043355 -0.737708 -0.016150
v 0.043429 -0.737708 -0.140959
v 0.062803 -0.749434 -0.016150
v 0.062911 -0.749434 -0.140959
v 0.079849 -0.765213 -0.016150
v 0.080887 -0.765213 -0.138818
v 0.093841 -0.784441 -0.016150
v 0.094071 -0.784441 -0.136204
v -0.093019 -0.784441 -0.136175
v -0.093213 -0.784441 -0.016150
v -0.079221 -0.765213 -0.016150
v -0.079701 -0.765213 -0.138571
v -0.062174 -0.749434 -0.016150
v -0.062291 -0.749434 -0.140959
v -0.042727 -0.737708 -0.016150
v -0.042809 -0.737708 -0.140959
v -0.021627 -0.730502 -0.016150
v -0.021671 -0.730488 -0.140959
v 0.000309 -0.953298 -0.140959
v 0.000315 -0.953298 -0.016150
v 0.022254 -0.955736 -0.016150
v 0.022297 -0.955736 -0.140959
v 0.043352 -0.962956 -0.016150
v 0.043447 -0.962956 -0.140959
v 0.062795 -0.974681 -0.016150
v 0.062936 -0.974681 -0.140959
v 0.079840 -0.990461 -0.016150
v 0.080889 -0.990461 -0.138818
v 0.093833 -1.009688 -0.016150
v 0.094063 -1.009688 -0.136204
v -0.093059 -1.009688 -0.136175
v -0.093205 -1.009688 -0.016150
v -0.079212 -0.990461 -0.016150
v -0.079735 -0.990461 -0.138571
v -0.062166 -0.974681 -0.016150
v -0.062319 -0.974681 -0.140959
v -0.042723 -0.962956 -0.016150
v -0.042829 -0.962956 -0.140959
v -0.021625 -0.955736 -0.016150
v -0.021679 -0.955736 -0.140959
v -0.030296 -0.773456 -0.000124
v -0.030037 -0.773456 0.002092
v -0.029223 -0.770004 0.002033
v -0.029475 -0.770004 -0.000124
v -0.027000 -0.767477 0.001870
v -0.027233 -0.767477 -0.000124
v -0.023964 -0.766552 0.001649
v -0.024172 -0.766552 -0.000124
v -0.020929 -0.767477 0.001427
v -0.021111 -0.767477 -0.000124
v -0.018708 -0.770004 0.001265
v -0.018871 -0.770004 -0.000124
v -0.017896 -0.773456 0.001206
v -0.018052 -0.773456 -0.000124
v -0.018710 -0.776909 0.001265
v -0.018873 -0.776909 -0.000124
v -0.020933 -0.779436 0.001427
v -0.021115 -0.779436 -0.000124
v -0.023969 -0.780361 0.001649
v -0.024177 -0.780361 -0.000124
v -0.027005 -0.779436 0.001870
v -0.027238 -0.779436 -0.000124
v -0.029225 -0.776909 0.002033
v -0.029477 -0.776909 -0.000124
v -0.029259 -0.773456 0.004270
v -0.028465 -0.770004 0.004153
v -0.026299 -0.767477 0.003831
v -0.023341 -0.766552 0.003391
v -0.020384 -0.767477 0.002952
v -0.018219 -0.770004 0.002630
v -0.017428 -0.773456 0.002513
v -0.018222 -0.776909 0.002630
v -0.020388 -0.779436 0.002952
v -0.023346 -0.780361 0.003391
v -0.026304 -0.779436 0.003831
v -0.028468 -0.776909 0.004153
v -0.027974 -0.773456 0.006373
v -0.027214 -0.770004 0.006199
v -0.025142 -0.767477 0.005724
v -0.022313 -0.766552 0.005074
v -0.019484 -0.767477 0.004424
v -0.017414 -0.770004 0.003948
v -0.016657 -0.773456 0.003774
v -0.017416 -0.776909 0.003948
v -0.019488 -0.779436 0.004424
v -0.022318 -0.780361 0.005074
v -0.025147 -0.779436 0.005724
v -0.027217 -0.776909 0.006199
v -0.026205 -0.773456 0.008365
v -0.025493 -0.770004 0.008138
v -0.023550 -0.767477 0.007516
v -0.020897 -0.766552 0.006667
v -0.018245 -0.767477 0.005818
v -0.016304 -0.770004 0.005197
v -0.015594 -0.773456 0.004969
v -0.016306 -0.776909 0.005197
v -0.018249 -0.779436 0.005818
v -0.020902 -0.780361 0.006667
v -0.023555 -0.779436 0.007516
v -0.025496 -0.776909 0.008138
v -0.023982 -0.773456 0.010212
v -0.023329 -0.770004 0.009935
v -0.021549 -0.767477 0.009178
v -0.019119 -0.766552 0.008145
v -0.016689 -0.767477 0.007111
v -0.014910 -0.770004 0.006354
v -0.014260 -0.773456 0.006077
v -0.014912 -0.776909 0.006354
v -0.016692 -0.779436 0.007111
v -0.019123 -0.780361 0.008145
v -0.021553 -0.779436 0.009178
v -0.023332 -0.776909 0.009935
v -0.021342 -0.773456 0.011882
v -0.020760 -0.770004 0.011560
v -0.019174 -0.767477 0.010681
v -0.017007 -0.766552 0.009480
v -0.014841 -0.767477 0.008280
v -0.013255 -0.770004 0.007401
v -0.012676 -0.773456 0.007079
v -0.013257 -0.776909 0.007401
v -0.014844 -0.779436 0.008280
v -0.017011 -0.780361 0.009480
v -0.019178 -0.779436 0.010681
v -0.020763 -0.776909 0.011560
v -0.018332 -0.773456 0.013346
v -0.017831 -0.770004 0.012985
v -0.016464 -0.767477 0.011999
v -0.014598 -0.766552 0.010652
v -0.012733 -0.767477 0.009305
v -0.011368 -0.770004 0.008319
v -0.010869 -0.773456 0.007958
v -0.011370 -0.776909 0.008319
v -0.012736 -0.779436 0.009305
v -0.014602 -0.780361 0.010652
v -0.016468 -0.779436 0.011999
v -0.017833 -0.776909 0.012985
v -0.015001 -0.773456 0.014580
v -0.014589 -0.770004 0.014186
v -0.013467 -0.767477 0.013109
v -0.011934 -0.766552 0.011639
v -0.010402 -0.767477 0.010169
v -0.009281 -0.770004 0.009092
v -0.008871 -0.773456 0.008698
v -0.009282 -0.776909 0.009092
v -0.010405 -0.779436 0.010169
v -0.011938 -0.780361 0.011639
v -0.013470 -0.779436 0.013109
v -0.014592 -0.776909 0.014186
v -0.011408 -0.773456 0.015562
v -0.011092 -0.770004 0.015142
v -0.010233 -0.767477 0.013993
v -0.009060 -0.766552 0.012425
v -0.007887 -0.767477 0.010856
v -0.007029 -0.770004 0.009708
v -0.006715 -0.773456 0.009288
v -0.007030 -0.776909 0.009708
v -0.007889 -0.779436 0.010856
v -0.009063 -0.780361 0.012425
v -0.010236 -0.779436 0.013993
v -0.011094 -0.776909 0.015142
v -0.007613 -0.773456 0.016276
v -0.007400 -0.770004 0.015836
v -0.006818 -0.767477 0.014636
v -0.006025 -0.766552 0.012996
v -0.005232 -0.767477 0.011356
v -0.004651 -0.770004 0.010155
v -0.004439 -0.773456 0.009716
v -0.004652 -0.776909 0.010155
v -0.005233 -0.779436 0.011356
v -0.006027 -0.780361 0.012996
v -0.006821 -0.779436 0.014636
v -0.007401 -0.776909 0.015836
v -0.003682 -0.773456 0.016709
v -0.003575 -0.770004 0.016258
v -0.003281 -0.767477 0.015026
v -0.002881 -0.766552 0.013342
v -0.002481 -0.767477 0.011659
v -0.002188 -0.770004 0.010427
v -0.002081 -0.773456 0.009976
v -0.002189 -0.776909 0.010427
v -0.002482 -0.779436 0.011659
v -0.002882 -0.780361 0.013342
v -0.003283 -0.779436 0.015026
v -0.003576 -0.776909 0.016258
v 0.000317 -0.773456 0.016854
v 0.000317 -0.770004 0.016399
v 0.000318 -0.767477 0.015157
v 0.000318 -0.766552 0.013459
v 0.000318 -0.767477 0.011761
v 0.000318 -0.770004 0.010518
v 0.000318 -0.773456 0.010063
v 0.000318 -0.776909 0.010518
v 0.000317 -0.779436 0.011761
v 0.000317 -0.780361 0.013459
v 0.000317 -0.779436 0.015157
v 0.000317 -0.776909 0.016399
v 0.004317 -0.773456 0.016709
v 0.004209 -0.770004 0.016258
v 0.003916 -0.767477 0.015026
v 0.003517 -0.766552 0.013342
v 0.003117 -0.767477 0.011659
v 0.002824 -0.770004 0.010427
v 0.002717 -0.773456 0.009976
v 0.002824 -0.776909 0.010427
v 0.003117 -0.779436 0.011659
v 0.003517 -0.780361 0.013342
v 0.003917 -0.779436 0.015026
v 0.004210 -0.776909 0.016258
v 0.008247 -0.773456 0.016276
v 0.008035 -0.770004 0.015836
v 0.007454 -0.767477 0.014636
v 0.006660 -0.766552 0.012996
v 0.005867 -0.767477 0.011356
v 0.005287 -0.770004 0.010155
v 0.005075 -0.773456 0.009716
v 0.005287 -0.776909 0.010155
v 0.005868 -0.779436 0.011356
v 0.006661 -0.780361 0.012996
v 0.007455 -0.779436 0.014636
v 0.008035 -0.776909 0.015836
v 0.012042 -0.773456 0.015562
v 0.011727 -0.770004 0.015142
v 0.010868 -0.767477 0.013993
v 0.009696 -0.766552 0.012425
v 0.008523 -0.767477 0.010856
v 0.007665 -0.770004 0.009708
v 0.007351 -0.773456 0.009288
v 0.007666 -0.776909 0.009708
v 0.008524 -0.779436 0.010856
v 0.009697 -0.780361 0.012425
v 0.010870 -0.779436 0.013993
v 0.011729 -0.776909 0.015142
v 0.015636 -0.773456 0.014580
v 0.015225 -0.770004 0.014186
v 0.014102 -0.767477 0.013109
v 0.012570 -0.766552 0.011639
v 0.011038 -0.767477 0.010169
v 0.009917 -0.770004 0.009092
v 0.009507 -0.773456 0.008698
v 0.009918 -0.776909 0.009092
v 0.011040 -0.779436 0.010169
v 0.012572 -0.780361 0.011639
v 0.014105 -0.779436 0.013109
v 0.015226 -0.776909 0.014186
v 0.018967 -0.773456 0.013346
v 0.018466 -0.770004 0.012985
v 0.017100 -0.767477 0.011999
v 0.015234 -0.766552 0.010652
v 0.013369 -0.767477 0.009305
v 0.012005 -0.770004 0.008319
v 0.011505 -0.773456 0.007958
v 0.012006 -0.776909 0.008319
v 0.013372 -0.779436 0.009305
v 0.015238 -0.780361 0.010652
v 0.017103 -0.779436 0.011999
v 0.018468 -0.776909 0.012985
v 0.021978 -0.773456 0.011882
v 0.021397 -0.770004 0.011560
v 0.019810 -0.767477 0.010681
v 0.017643 -0.766552 0.009480
v 0.015477 -0.767477 0.008280
v 0.013892 -0.770004 0.007401
v 0.013312 -0.773456 0.007079
v 0.013893 -0.776909 0.007401
v 0.015480 -0.779436 0.008280
v 0.017647 -0.780361 0.009480
v 0.019813 -0.779436 0.010681
v 0.021398 -0.776909 0.011560
v 0.024618 -0.773456 0.010212
v 0.023966 -0.770004 0.009935
v 0.022186 -0.767477 0.009178
v 0.019756 -0.766552 0.008145
v 0.017326 -0.767477 0.007111
v 0.015547 -0.770004 0.006354
v 0.014897 -0.773456 0.006077
v 0.015549 -0.776909 0.006354
v 0.017328 -0.779436 0.007111
v 0.019759 -0.780361 0.008145
v 0.022189 -0.779436 0.009178
v 0.023968 -0.776909 0.009935
v 0.026842 -0.773456 0.008365
v 0.026130 -0.770004 0.008138
v 0.024187 -0.767477 0.007516
v 0.021535 -0.766552 0.006667
v 0.018883 -0.767477 0.005818
v 0.016941 -0.770004 0.005197
v 0.016231 -0.773456 0.004969
v 0.016943 -0.776909 0.005197
v 0.018885 -0.779436 0.005818
v 0.021538 -0.780361 0.006667
v 0.024191 -0.779436 0.007516
v 0.026132 -0.776909 0.008138
v 0.028611 -0.773456 0.006373
v 0.027852 -0.770004 0.006199
v 0.025780 -0.767477 0.005724
v 0.022950 -0.766552 0.005074
v 0.020122 -0.767477 0.004424
v 0.018051 -0.770004 0.003948
v 0.017294 -0.773456 0.003774
v 0.018053 -0.776909 0.003948
v 0.020125 -0.779436 0.004424
v 0.022954 -0.780361 0.005074
v 0.025784 -0.779436 0.005724
v 0.027854 -0.776909 0.006199
v 0.029896 -0.773456 0.004270
v 0.029103 -0.770004 0.004153
v 0.026937 -0.767477 0.003831
v 0.023979 -0.766552 0.003391
v 0.021022 -0.767477 0.002952
v 0.018857 -0.770004 0.002630
v 0.018065 -0.773456 0.002513
v 0.018859 -0.776909 0.002630
v 0.021025 -0.779436 0.002952
v 0.023983 -0.780361 0.003391
v 0.026941 -0.779436 0.003831
v 0.029105 -0.776909 0.004153
v 0.030675 -0.773456 0.002092
v 0.029861 -0.770004 0.002033
v 0.027638 -0.767477 0.001870
v 0.024602 -0.766552 0.001649
v 0.021567 -0.767477 0.001427
v 0.019346 -0.770004 0.001265
v 0.018533 -0.773456 0.001206
v 0.019348 -0.776909 0.001265
v 0.021571 -0.779436 0.001427
v 0.024607 -0.780361 0.001649
v 0.027642 -0.779436 0.001870
v 0.029863 -0.776909 0.002033
v 0.030935 -0.773456 -0.000124
v 0.030114 -0.770004 -0.000124
v 0.027872 -0.767477 -0.000124
v 0.024810 -0.766552 -0.000124
v 0.021750 -0.767477 -0.000124
v 0.019509 -0.770004 -0.000124
v 0.018690 -0.773456 -0.000124
v 0.019511 -0.776909 -0.000124
v 0.021753 -0.779436 -0.000124
v 0.024815 -0.780361 -0.000124
v 0.027876 -0.779436 -0.000124
v 0.030116 -0.776909 -0.000124
v 0.027864 -0.779436 -0.015916
v 0.030102 -0.776909 -0.015916
v -0.027223 -0.779436 -0.015916
v -0.024164 -0.780361 -0.015916
v -0.018863 -0.776909 -0.015916
v -0.018041 -0.773456 -0.015916
v 0.024800 -0.766552 -0.015916
v 0.021740 -0.767477 -0.015916
v -0.029459 -0.770004 -0.015916
v -0.030280 -0.773456 -0.015916
v 0.019501 -0.770004 -0.015916
v 0.018682 -0.773456 -0.015916
v -0.027218 -0.767477 -0.015916
v -0.021099 -0.767477 -0.015916
v -0.024158 -0.766552 -0.015916
v 0.024804 -0.780361 -0.015916
v 0.021744 -0.779436 -0.015916
v 0.019503 -0.776909 -0.015916
v 0.030921 -0.773456 -0.015916
v 0.030100 -0.770004 -0.015916
v -0.029462 -0.776909 -0.015916
v 0.027859 -0.767477 -0.015916
v -0.021104 -0.779436 -0.015916
v -0.018860 -0.770004 -0.015916
v 0.030100 -0.776909 -0.018707
v 0.030919 -0.773456 -0.018707
v 0.019502 -0.776909 -0.018707
v 0.021742 -0.779436 -0.018707
v -0.024157 -0.766552 -0.018707
v -0.027216 -0.767477 -0.018707
v -0.029457 -0.770004 -0.018707
v -0.018861 -0.776909 -0.018707
v -0.018040 -0.773456 -0.018707
v 0.021739 -0.767477 -0.018707
v 0.019500 -0.770004 -0.018707
v 0.030098 -0.770004 -0.018707
v 0.027858 -0.767477 -0.018707
v 0.024803 -0.780361 -0.018707
v -0.018859 -0.770004 -0.018707
v -0.030278 -0.773456 -0.018707
v -0.027221 -0.779436 -0.018707
v -0.024162 -0.780361 -0.018707
v 0.018681 -0.773456 -0.018707
v -0.029459 -0.776909 -0.018707
v 0.027862 -0.779436 -0.018707
v -0.021098 -0.767477 -0.018707
v 0.024798 -0.766552 -0.018707
v -0.021102 -0.779436 -0.018707
v -0.030296 -0.936221 -0.000124
v -0.030037 -0.936221 0.002092
v -0.029222 -0.932769 0.002033
v -0.029474 -0.932769 -0.000124
v -0.026999 -0.930242 0.001870
v -0.027233 -0.930242 -0.000124
v -0.023963 -0.929317 0.001649
v -0.024171 -0.929317 -0.000124
v -0.020927 -0.930242 0.001427
v -0.021109 -0.930242 -0.000124
v -0.018705 -0.932769 0.001265
v -0.018868 -0.932769 -0.000124
v -0.017893 -0.936221 0.001206
v -0.018049 -0.936221 -0.000124
v -0.018707 -0.939674 0.001265
v -0.018870 -0.939674 -0.000124
v -0.020930 -0.942201 0.001427
v -0.021112 -0.942201 -0.000124
v -0.023966 -0.943126 0.001649
v -0.024174 -0.943126 -0.000124
v -0.027003 -0.942201 0.001870
v -0.027237 -0.942201 -0.000124
v -0.029225 -0.939674 0.002033
v -0.029477 -0.939674 -0.000124
v -0.029258 -0.936221 0.004270
v -0.028464 -0.932769 0.004153
v -0.026298 -0.930242 0.003831
v -0.023340 -0.929317 0.003391
v -0.020382 -0.930242 0.002952
v -0.018217 -0.932769 0.002630
v -0.017425 -0.936221 0.002513
v -0.018218 -0.939674 0.002630
v -0.020384 -0.942201 0.002952
v -0.023342 -0.943126 0.003391
v -0.026302 -0.942201 0.003831
v -0.028467 -0.939674 0.004153
v -0.027973 -0.936221 0.006373
v -0.027214 -0.932769 0.006199
v -0.025142 -0.930242 0.005724
v -0.022311 -0.929317 0.005074
v -0.019482 -0.930242 0.004424
v -0.017411 -0.932769 0.003948
v -0.016653 -0.936221 0.003774
v -0.017412 -0.939674 0.003948
v -0.019484 -0.942201 0.004424
v -0.022314 -0.943126 0.005074
v -0.025145 -0.942201 0.005724
v -0.027216 -0.939674 0.006199
v -0.026204 -0.936221 0.008365
v -0.025492 -0.932769 0.008138
v -0.023549 -0.930242 0.007516
v -0.020896 -0.929317 0.006667
v -0.018243 -0.930242 0.005818
v -0.016302 -0.932769 0.005197
v -0.015591 -0.936221 0.004969
v -0.016303 -0.939674 0.005197
v -0.018245 -0.942201 0.005818
v -0.020898 -0.943126 0.006667
v -0.023552 -0.942201 0.007516
v -0.025494 -0.939674 0.008138
v -0.023980 -0.936221 0.010212
v -0.023328 -0.932769 0.009935
v -0.021547 -0.930242 0.009178
v -0.019117 -0.929317 0.008145
v -0.016686 -0.930242 0.007111
v -0.014908 -0.932769 0.006354
v -0.014257 -0.936221 0.006077
v -0.014909 -0.939674 0.006354
v -0.016689 -0.942201 0.007111
v -0.019119 -0.943126 0.008145
v -0.021550 -0.942201 0.009178
v -0.023329 -0.939674 0.009935
v -0.021340 -0.936221 0.011882
v -0.020758 -0.932769 0.011560
v -0.019172 -0.930242 0.010681
v -0.017005 -0.929317 0.009480
v -0.014838 -0.930242 0.008280
v -0.013253 -0.932769 0.007401
v -0.012673 -0.936221 0.007079
v -0.013254 -0.939674 0.007401
v -0.014841 -0.942201 0.008280
v -0.017007 -0.943126 0.009480
v -0.019174 -0.942201 0.010681
v -0.020760 -0.939674 0.011560
v -0.018329 -0.936221 0.013346
v -0.017828 -0.932769 0.012985
v -0.016462 -0.930242 0.011999
v -0.014596 -0.929317 0.010652
v -0.012731 -0.930242 0.009305
v -0.011366 -0.932769 0.008319
v -0.010867 -0.936221 0.007958
v -0.011367 -0.939674 0.008319
v -0.012733 -0.942201 0.009305
v -0.014598 -0.943126 0.010652
v -0.016464 -0.942201 0.011999
v -0.017829 -0.939674 0.012985
v -0.014998 -0.936221 0.014580
v -0.014587 -0.932769 0.014186
v -0.013465 -0.930242 0.013109
v -0.011932 -0.929317 0.011639
v -0.010400 -0.930242 0.010169
v -0.009279 -0.932769 0.009092
v -0.008869 -0.936221 0.008698
v -0.009280 -0.939674 0.009092
v -0.010402 -0.942201 0.010169
v -0.011934 -0.943126 0.011639
v -0.013467 -0.942201 0.013109
v -0.014588 -0.939674 0.014186
v -0.011405 -0.936221 0.015562
v -0.011090 -0.932769 0.015142
v -0.010231 -0.930242 0.013993
v -0.009058 -0.929317 0.012425
v -0.007886 -0.930242 0.010856
v -0.007027 -0.932769 0.009708
v -0.006713 -0.936221 0.009288
v -0.007028 -0.939674 0.009708
v -0.007887 -0.942201 0.010856
v -0.009060 -0.943126 0.012425
v -0.010233 -0.942201 0.013993
v -0.011091 -0.939674 0.015142
v -0.007611 -0.936221 0.016276
v -0.007398 -0.932769 0.015836
v -0.006817 -0.930242 0.014636
v -0.006024 -0.929317 0.012996
v -0.005230 -0.930242 0.011356
v -0.004650 -0.932769 0.010155
v -0.004437 -0.936221 0.009716
v -0.004650 -0.939674 0.010155
v -0.005231 -0.942201 0.011356
v -0.006024 -0.943126 0.012996
v -0.006818 -0.942201 0.014636
v -0.007399 -0.939674 0.015836
v -0.003681 -0.936221 0.016709
v -0.003574 -0.932769 0.016258
v -0.003280 -0.930242 0.015026
v -0.002880 -0.929317 0.013342
v -0.002480 -0.930242 0.011659
v -0.002187 -0.932769 0.010427
v -0.002080 -0.936221 0.009976
v -0.002187 -0.939674 0.010427
v -0.002481 -0.942201 0.011659
v -0.002881 -0.943126 0.013342
v -0.003281 -0.942201 0.015026
v -0.003574 -0.939674 0.016258
v 0.000318 -0.936221 0.016854
v 0.000318 -0.932769 0.016399
v 0.000318 -0.930242 0.015157
v 0.000318 -0.929317 0.013459
v 0.000318 -0.930242 0.011761
v 0.000318 -0.932769 0.010518
v 0.000318 -0.936221 0.010063
v 0.000318 -0.939674 0.010518
v 0.000318 -0.942201 0.011761
v 0.000318 -0.943126 0.013459
v 0.000318 -0.942201 0.015157
v 0.000318 -0.939674 0.016399
v 0.004316 -0.936221 0.016709
v 0.004209 -0.932769 0.016258
v 0.003916 -0.930242 0.015026
v 0.003516 -0.929317 0.013342
v 0.003117 -0.930242 0.011659
v 0.002824 -0.932769 0.010427
v 0.002717 -0.936221 0.009976
v 0.002824 -0.939674 0.010427
v 0.003117 -0.942201 0.011659
v 0.003516 -0.943126 0.013342
v 0.003916 -0.942201 0.015026
v 0.004209 -0.939674 0.016258
v 0.008247 -0.936221 0.016276
v 0.008034 -0.932769 0.015836
v 0.007453 -0.930242 0.014636
v 0.006660 -0.929317 0.012996
v 0.005867 -0.930242 0.011356
v 0.005287 -0.932769 0.010155
v 0.005074 -0.936221 0.009716
v 0.005287 -0.939674 0.010155
v 0.005867 -0.942201 0.011356
v 0.006660 -0.943126 0.012996
v 0.007454 -0.942201 0.014636
v 0.008034 -0.939674 0.015836
v 0.012041 -0.936221 0.015562
v 0.011726 -0.932769 0.015142
v 0.010868 -0.930242 0.013993
v 0.009695 -0.929317 0.012425
v 0.008522 -0.930242 0.010856
v 0.007664 -0.932769 0.009708
v 0.007350 -0.936221 0.009288
v 0.007665 -0.939674 0.009708
v 0.008523 -0.942201 0.010856
v 0.009696 -0.943126 0.012425
v 0.010868 -0.942201 0.013993
v 0.011727 -0.939674 0.015142
v 0.015634 -0.936221 0.014580
v 0.015223 -0.932769 0.014186
v 0.014101 -0.930242 0.013109
v 0.012569 -0.929317 0.011639
v 0.011037 -0.930242 0.010169
v 0.009916 -0.932769 0.009092
v 0.009506 -0.936221 0.008698
v 0.009917 -0.939674 0.009092
v 0.011038 -0.942201 0.010169
v 0.012570 -0.943126 0.011639
v 0.014102 -0.942201 0.013109
v 0.015224 -0.939674 0.014186
v 0.018965 -0.936221 0.013346
v 0.018464 -0.932769 0.012985
v 0.017098 -0.930242 0.011999
v 0.015233 -0.929317 0.010652
v 0.013368 -0.930242 0.009305
v 0.012003 -0.932769 0.008319
v 0.011504 -0.936221 0.007958
v 0.012004 -0.939674 0.008319
v 0.013369 -0.942201 0.009305
v 0.015234 -0.943126 0.010652
v 0.017100 -0.942201 0.011999
v 0.018465 -0.939674 0.012985
v 0.021976 -0.936221 0.011882
v 0.021395 -0.932769 0.011560
v 0.019808 -0.930242 0.010681
v 0.017642 -0.929317 0.009480
v 0.015476 -0.930242 0.008280
v 0.013891 -0.932769 0.007401
v 0.013311 -0.936221 0.007079
v 0.013891 -0.939674 0.007401
v 0.015477 -0.942201 0.008280
v 0.017643 -0.943126 0.009480
v 0.019810 -0.942201 0.010681
v 0.021396 -0.939674 0.011560
v 0.024616 -0.936221 0.010212
v 0.023964 -0.932769 0.009935
v 0.022184 -0.930242 0.009178
v 0.019754 -0.929317 0.008145
v 0.017324 -0.930242 0.007111
v 0.015545 -0.932769 0.006354
v 0.014895 -0.936221 0.006077
v 0.015546 -0.939674 0.006354
v 0.017326 -0.942201 0.007111
v 0.019756 -0.943126 0.008145
v 0.022187 -0.942201 0.009178
v 0.023966 -0.939674 0.009935
v 0.026841 -0.936221 0.008365
v 0.026129 -0.932769 0.008138
v 0.024186 -0.930242 0.007516
v 0.021533 -0.929317 0.006667
v 0.018881 -0.930242 0.005818
v 0.016939 -0.932769 0.005197
v 0.016229 -0.936221 0.004969
v 0.016940 -0.939674 0.005197
v 0.018883 -0.942201 0.005818
v 0.021535 -0.943126 0.006667
v 0.024189 -0.942201 0.007516
v 0.026130 -0.939674 0.008138
v 0.028611 -0.936221 0.006373
v 0.027851 -0.932769 0.006199
v 0.025779 -0.930242 0.005724
v 0.022949 -0.929317 0.005074
v 0.020120 -0.930242 0.004424
v 0.018049 -0.932769 0.003948
v 0.017291 -0.936221 0.003774
v 0.018050 -0.939674 0.003948
v 0.020122 -0.942201 0.004424
v 0.022951 -0.943126 0.005074
v 0.025782 -0.942201 0.005724
v 0.027853 -0.939674 0.006199
v 0.029896 -0.936221 0.004270
v 0.029102 -0.932769 0.004153
v 0.026936 -0.930242 0.003831
v 0.023978 -0.929317 0.003391
v 0.021020 -0.930242 0.002952
v 0.018855 -0.932769 0.002630
v 0.018063 -0.936221 0.002513
v 0.018856 -0.939674 0.002630
v 0.021022 -0.942201 0.002952
v 0.023980 -0.943126 0.003391
v 0.026939 -0.942201 0.003831
v 0.029105 -0.939674 0.004153
v 0.030675 -0.936221 0.002092
v 0.029860 -0.932769 0.002033
v 0.027638 -0.930242 0.001870
v 0.024602 -0.929317 0.001649
v 0.021566 -0.930242 0.001427
v 0.019344 -0.932769 0.001265
v 0.018531 -0.936221 0.001206
v 0.019345 -0.939674 0.001265
v 0.021568 -0.942201 0.001427
v 0.024604 -0.943126 0.001649
v 0.027641 -0.942201 0.001870
v 0.029863 -0.939674 0.002033
v 0.030934 -0.936221 -0.000124
v 0.030113 -0.932769 -0.000124
v 0.027871 -0.930242 -0.000124
v 0.024810 -0.929317 -0.000124
v 0.021748 -0.930242 -0.000124
v 0.019507 -0.932769 -0.000124
v 0.018687 -0.936221 -0.000124
v 0.019508 -0.939674 -0.000124
v 0.021750 -0.942201 -0.000124
v 0.024812 -0.943126 -0.000124
v 0.027875 -0.942201 -0.000124
v 0.030116 -0.939674 -0.000124
v 0.027862 -0.942201 -0.015916
v 0.030102 -0.939674 -0.015916
v -0.027222 -0.942201 -0.015916
v -0.024160 -0.943126 -0.015916
v -0.018859 -0.939674 -0.015916
v -0.018038 -0.936221 -0.015916
v 0.024799 -0.929317 -0.015916
v 0.021739 -0.930242 -0.015916
v -0.029458 -0.932769 -0.015916
v -0.030280 -0.936221 -0.015916
v 0.019499 -0.932769 -0.015916
v 0.018680 -0.936221 -0.015916
v -0.027218 -0.930242 -0.015916
v -0.021097 -0.930242 -0.015916
v -0.024157 -0.929317 -0.015916
v 0.024801 -0.943126 -0.015916
v 0.021741 -0.942201 -0.015916
v 0.019500 -0.939674 -0.015916
v 0.030921 -0.936221 -0.015916
v 0.030100 -0.932769 -0.015916
v -0.029461 -0.939674 -0.015916
v 0.027859 -0.930242 -0.015916
v -0.021100 -0.942201 -0.015916
v -0.018858 -0.932769 -0.015916
v 0.030100 -0.939674 -0.018707
v 0.030919 -0.936221 -0.018707
v 0.019499 -0.939674 -0.018707
v 0.021740 -0.942201 -0.018707
v -0.024156 -0.929317 -0.018707
v -0.027216 -0.930242 -0.018707
v -0.029456 -0.932769 -0.018707
v -0.018858 -0.939674 -0.018707
v -0.018037 -0.936221 -0.018707
v 0.021737 -0.930242 -0.018707
v 0.019498 -0.932769 -0.018707
v 0.030098 -0.932769 -0.018707
v 0.027857 -0.930242 -0.018707
v 0.024800 -0.943126 -0.018707
v -0.018856 -0.932769 -0.018707
v -0.030277 -0.936221 -0.018707
v -0.027220 -0.942201 -0.018707
v -0.024159 -0.943126 -0.018707
v 0.018679 -0.936221 -0.018707
v -0.029459 -0.939674 -0.018707
v 0.027861 -0.942201 -0.018707
v -0.021096 -0.930242 -0.018707
v 0.024797 -0.929317 -0.018707
v -0.021099 -0.942201 -0.018707
vt 0.511347 0.338734
vt 0.512633 0.335219
vt 0.515747 0.333764
vt 0.530467 0.333764
vt 0.533580 0.335219
vt 0.534866 0.338734
vt 0.534869 0.373765
vt 0.533584 0.376410
vt 0.530470 0.377498
vt 0.515744 0.377498
vt 0.512629 0.376410
vt 0.511345 0.373765
vt 0.552271 0.390567
vt 0.549547 0.390566
vt 0.549558 0.389259
vt 0.552283 0.389260
vt 0.622208 0.301846
vt 0.636926 0.301846
vt 0.636874 0.302011
vt 0.622261 0.302011
vt 0.617806 0.341843
vt 0.617809 0.306815
vt 0.617901 0.306957
vt 0.617899 0.341733
vt 0.593941 0.404216
vt 0.617472 0.404216
vt 0.617473 0.419261
vt 0.593941 0.419261
vt 0.689159 0.404255
vt 0.693425 0.405053
vt 0.695179 0.406990
vt 0.695179 0.416146
vt 0.693425 0.418082
vt 0.689159 0.418880
vt 0.673995 0.418885
vt 0.673995 0.404250
vt 0.511357 0.408146
vt 0.512642 0.404632
vt 0.515754 0.403176
vt 0.530467 0.403177
vt 0.533579 0.404632
vt 0.534865 0.408146
vt 0.534877 0.418314
vt 0.511345 0.418314
vt 0.684310 0.327888
vt 0.687422 0.329344
vt 0.687344 0.329503
vt 0.684257 0.328053
vt 0.549559 0.334137
vt 0.552277 0.334163
vt 0.552220 0.335937
vt 0.549501 0.335915
vt 0.552268 0.391269
vt 0.552268 0.399905
vt 0.549544 0.399907
vt 0.549544 0.391268
vt 0.625886 0.405054
vt 0.630149 0.404256
vt 0.630327 0.404313
vt 0.626074 0.405102
vt 0.584268 0.407541
vt 0.581550 0.407567
vt 0.581492 0.405788
vt 0.584210 0.405766
vt 0.549564 0.387672
vt 0.552288 0.387670
vt 0.552275 0.388978
vt 0.549550 0.388979
vt 0.549547 0.400609
vt 0.552271 0.400607
vt 0.552283 0.401914
vt 0.549558 0.401916
vt 0.619091 0.344488
vt 0.619168 0.344371
vt 0.534877 0.408840
vt 0.534880 0.407294
vt 0.548987 0.407297
vt 0.548984 0.408840
vt 0.534885 0.405808
vt 0.548992 0.405814
vt 0.534893 0.404438
vt 0.549000 0.404448
vt 0.535250 0.403177
vt 0.549010 0.403250
vt 0.547543 0.402557
vt 0.545793 0.402355
vt 0.545826 0.393934
vt 0.547543 0.394021
vt 0.544043 0.394187
vt 0.545793 0.393934
vt 0.545793 0.402520
vt 0.544077 0.402608
vt 0.535173 0.414464
vt 0.534893 0.413241
vt 0.549000 0.413231
vt 0.549010 0.414429
vt 0.534885 0.411872
vt 0.548992 0.411865
vt 0.534880 0.410386
vt 0.548987 0.410382
vt 0.625616 0.515120
vt 0.619509 0.515120
vt 0.619509 0.612833
vt 0.625616 0.612833
vt 0.613402 0.515120
vt 0.613402 0.612833
vt 0.607295 0.515120
vt 0.607295 0.612833
vt 0.601188 0.515120
vt 0.601188 0.612833
vt 0.595081 0.515120
vt 0.595081 0.612833
vt 0.460726 0.515120
vt 0.454619 0.515120
vt 0.454619 0.612833
vt 0.460726 0.612833
vt 0.448512 0.515120
vt 0.448512 0.612833
vt 0.442405 0.515120
vt 0.442405 0.612833
vt 0.436298 0.515120
vt 0.436298 0.612833
vt 0.430191 0.515120
vt 0.430191 0.612833
vt 0.534869 0.362006
vt 0.534871 0.360460
vt 0.548975 0.360463
vt 0.548973 0.362006
vt 0.534877 0.358974
vt 0.548981 0.358980
vt 0.534887 0.357604
vt 0.548991 0.357614
vt 0.535142 0.356342
vt 0.549004 0.356416
vt 0.591550 0.400628
vt 0.589386 0.400384
vt 0.589386 0.391964
vt 0.591550 0.392029
vt 0.544043 0.402353
vt 0.541879 0.402583
vt 0.541879 0.393998
vt 0.544043 0.393934
vt 0.535170 0.367632
vt 0.534887 0.366408
vt 0.548991 0.366397
vt 0.549004 0.367596
vt 0.534877 0.365038
vt 0.548981 0.365031
vt 0.534871 0.363552
vt 0.548975 0.363548
vt 0.683803 0.392566
vt 0.683820 0.390630
vt 0.684385 0.390630
vt 0.684368 0.392566
vt 0.683803 0.390631
vt 0.683786 0.392567
vt 0.683221 0.392567
vt 0.683239 0.390630
vt 0.682095 0.378538
vt 0.682032 0.382047
vt 0.681469 0.382049
vt 0.681531 0.378539
vt 0.592417 0.369175
vt 0.592501 0.365666
vt 0.593065 0.365666
vt 0.592981 0.369175
vt 0.591108 0.389910
vt 0.591087 0.391847
vt 0.590523 0.391848
vt 0.590543 0.389910
vt 0.591694 0.378813
vt 0.591673 0.380750
vt 0.591108 0.380750
vt 0.591129 0.378813
vt 0.592501 0.406859
vt 0.592418 0.404209
vt 0.592981 0.404207
vt 0.593065 0.406856
vt 0.683785 0.387967
vt 0.683850 0.390624
vt 0.683287 0.390630
vt 0.683221 0.387971
vt 0.683786 0.401722
vt 0.683803 0.403658
vt 0.683239 0.403659
vt 0.683221 0.401722
vt 0.683820 0.403653
vt 0.683803 0.401717
vt 0.684368 0.401717
vt 0.684385 0.403653
vt 0.591854 0.406859
vt 0.591770 0.403349
vt 0.592333 0.403350
vt 0.592417 0.406859
vt 0.549029 0.390957
vt 0.549092 0.394467
vt 0.548528 0.394465
vt 0.548466 0.390955
vt 0.591673 0.389905
vt 0.591694 0.391842
vt 0.591129 0.391842
vt 0.591108 0.389906
vt 0.591087 0.378814
vt 0.591108 0.380751
vt 0.590543 0.380751
vt 0.590523 0.378813
vt 0.593694 0.395435
vt 0.593628 0.398092
vt 0.593065 0.398088
vt 0.593130 0.395429
vt 0.591770 0.368315
vt 0.591854 0.365666
vt 0.592417 0.365669
vt 0.592333 0.368318
vt 0.682658 0.393585
vt 0.682095 0.393585
vt 0.682095 0.378539
vt 0.682658 0.378538
vt 0.683850 0.378538
vt 0.683287 0.378538
vt 0.682095 0.392217
vt 0.681531 0.392219
vt 0.683221 0.378538
vt 0.683221 0.393585
vt 0.682658 0.393584
vt 0.682658 0.378538
vt 0.593130 0.407521
vt 0.593694 0.407521
vt 0.549092 0.380787
vt 0.548528 0.380786
vt 0.549023 0.363857
vt 0.549023 0.348810
vt 0.549115 0.348810
vt 0.549115 0.363857
vt 0.645308 0.418886
vt 0.630149 0.418881
vt 0.630327 0.418824
vt 0.645308 0.418829
vt 0.688627 0.343028
vt 0.688615 0.333001
vt 0.688707 0.332858
vt 0.688719 0.343028
vt 0.636929 0.345576
vt 0.622205 0.345576
vt 0.622258 0.345458
vt 0.636877 0.345458
vt 0.641325 0.306815
vt 0.641328 0.341843
vt 0.641236 0.341733
vt 0.641233 0.306957
vt 0.640040 0.303301
vt 0.639962 0.303461
vt 0.624132 0.406991
vt 0.624322 0.407023
vt 0.640044 0.344488
vt 0.639967 0.344371
vt 0.619095 0.303301
vt 0.619173 0.303461
vt 0.625886 0.418083
vt 0.626074 0.418035
vt 0.669597 0.327888
vt 0.669650 0.328053
vt 0.552251 0.375175
vt 0.549533 0.375174
vt 0.549477 0.372805
vt 0.552196 0.372806
vt 0.584173 0.370171
vt 0.584195 0.404786
vt 0.581477 0.404807
vt 0.581454 0.370172
vt 0.581523 0.366529
vt 0.584242 0.366528
vt 0.584186 0.368897
vt 0.581468 0.368899
vt 0.549464 0.371531
vt 0.549486 0.336896
vt 0.552204 0.336917
vt 0.552182 0.371533
vt 0.665200 0.332858
vt 0.666485 0.329344
vt 0.666562 0.329504
vt 0.665292 0.333001
vt 0.665187 0.343028
vt 0.665279 0.343028
vt 0.549115 0.333764
vt 0.549115 0.348810
vt 0.549023 0.348810
vt 0.549023 0.333764
vt 0.645308 0.404308
vt 0.645308 0.404251
vt 0.552292 0.378328
vt 0.552292 0.386968
vt 0.549568 0.386969
vt 0.549568 0.378327
vt 0.552288 0.377626
vt 0.549564 0.377625
vt 0.549550 0.376317
vt 0.552275 0.376318
vt 0.624132 0.416146
vt 0.624322 0.416113
vt 0.552269 0.390913
vt 0.552563 0.390938
vt 0.552624 0.391161
vt 0.552625 0.390763
vt 0.660561 0.328055
vt 0.660374 0.327556
vt 0.660732 0.327524
vt 0.661014 0.327692
vt 0.549193 0.391159
vt 0.549253 0.390936
vt 0.549545 0.390911
vt 0.613180 0.345679
vt 0.613632 0.346043
vt 0.613351 0.346211
vt 0.612993 0.346179
vt 0.549195 0.390761
vt 0.584262 0.366022
vt 0.584556 0.366121
vt 0.584607 0.366505
vt 0.584291 0.365666
vt 0.584633 0.365972
vt 0.616268 0.344229
vt 0.616638 0.344307
vt 0.616470 0.344692
vt 0.616197 0.344842
vt 0.581181 0.366507
vt 0.581253 0.366122
vt 0.581544 0.366024
vt 0.663648 0.329504
vt 0.663577 0.328893
vt 0.663850 0.329043
vt 0.664019 0.329427
vt 0.581573 0.365667
vt 0.581211 0.365974
vt 0.584176 0.369523
vt 0.584471 0.369656
vt 0.584536 0.370113
vt 0.584537 0.369462
vt 0.617540 0.340732
vt 0.617794 0.340695
vt 0.617803 0.341152
vt 0.617720 0.341347
vt 0.581106 0.370115
vt 0.581168 0.369658
vt 0.581458 0.369525
vt 0.664919 0.333001
vt 0.665099 0.332387
vt 0.665183 0.332582
vt 0.665173 0.333039
vt 0.581113 0.369464
vt 0.549566 0.387326
vt 0.549272 0.387301
vt 0.549212 0.387078
vt 0.549210 0.387476
vt 0.613183 0.302225
vt 0.612996 0.301863
vt 0.613354 0.301846
vt 0.613636 0.301971
vt 0.552643 0.387077
vt 0.552583 0.387300
vt 0.552291 0.387325
vt 0.653012 0.416215
vt 0.652604 0.416496
vt 0.652403 0.416321
vt 0.652430 0.416099
vt 0.552640 0.387475
vt 0.581571 0.407940
vt 0.581280 0.407872
vt 0.581208 0.407590
vt 0.552623 0.389070
vt 0.552561 0.389240
vt 0.552269 0.389257
vt 0.654763 0.418136
vt 0.654674 0.418366
vt 0.654220 0.418262
vt 0.654042 0.418091
vt 0.584633 0.407557
vt 0.584583 0.407840
vt 0.584289 0.407913
vt 0.616273 0.303312
vt 0.616201 0.302864
vt 0.616475 0.302973
vt 0.616643 0.303256
vt 0.549545 0.389259
vt 0.549251 0.389242
vt 0.549193 0.389072
vt 0.581481 0.405308
vt 0.581192 0.405209
vt 0.581128 0.404856
vt 0.581136 0.405360
vt 0.659016 0.418925
vt 0.659062 0.419083
vt 0.658493 0.419090
vt 0.658252 0.419038
vt 0.584558 0.404830
vt 0.584494 0.405183
vt 0.584200 0.405287
vt 0.617542 0.305951
vt 0.617723 0.305476
vt 0.617806 0.305625
vt 0.617796 0.305979
vt 0.584561 0.405333
vt 0.549545 0.400263
vt 0.549253 0.400238
vt 0.549193 0.400016
vt 0.549195 0.400413
vt 0.598567 0.345679
vt 0.598754 0.346179
vt 0.598396 0.346211
vt 0.598115 0.346043
vt 0.552624 0.400014
vt 0.552563 0.400237
vt 0.552269 0.400262
vt 0.645953 0.328055
vt 0.645501 0.327692
vt 0.645782 0.327524
vt 0.646140 0.327556
vt 0.552625 0.400412
vt 0.549553 0.375680
vt 0.549263 0.375581
vt 0.549190 0.375196
vt 0.549582 0.376036
vt 0.549221 0.375729
vt 0.642866 0.329504
vt 0.642496 0.329427
vt 0.642664 0.329043
vt 0.642937 0.328893
vt 0.552616 0.375198
vt 0.552565 0.375582
vt 0.552271 0.375681
vt 0.595479 0.344229
vt 0.595550 0.344842
vt 0.595277 0.344692
vt 0.595109 0.344307
vt 0.552300 0.376038
vt 0.552643 0.375731
vt 0.549467 0.372179
vt 0.549178 0.372045
vt 0.549115 0.371588
vt 0.549122 0.372240
vt 0.641595 0.333001
vt 0.641341 0.333039
vt 0.641331 0.332582
vt 0.641415 0.332387
vt 0.552545 0.371590
vt 0.552480 0.372047
vt 0.552186 0.372180
vt 0.594207 0.340732
vt 0.594027 0.341347
vt 0.593943 0.341152
vt 0.593953 0.340695
vt 0.552547 0.372241
vt 0.552291 0.377971
vt 0.552583 0.377996
vt 0.552643 0.378219
vt 0.552640 0.377821
vt 0.653012 0.407125
vt 0.652430 0.407241
vt 0.652403 0.407018
vt 0.652604 0.406843
vt 0.549212 0.378218
vt 0.549272 0.377995
vt 0.549566 0.377970
vt 0.598564 0.302225
vt 0.598112 0.301971
vt 0.598393 0.301846
vt 0.598751 0.301863
vt 0.549210 0.377820
vt 0.552298 0.333790
vt 0.552592 0.333863
vt 0.552643 0.334146
vt 0.549193 0.376224
vt 0.549251 0.376054
vt 0.549545 0.376038
vt 0.595474 0.303312
vt 0.595104 0.303256
vt 0.595273 0.302973
vt 0.595546 0.302864
vt 0.549217 0.334114
vt 0.549290 0.333831
vt 0.549580 0.333764
vt 0.654763 0.405204
vt 0.654042 0.405248
vt 0.654220 0.405078
vt 0.654674 0.404973
vt 0.552269 0.376039
vt 0.552561 0.376056
vt 0.552623 0.376226
vt 0.552209 0.336417
vt 0.552503 0.336520
vt 0.552568 0.336873
vt 0.552570 0.336370
vt 0.594205 0.305951
vt 0.593951 0.305979
vt 0.593941 0.305625
vt 0.594024 0.305476
vt 0.549137 0.336848
vt 0.549201 0.336495
vt 0.549491 0.336395
vt 0.659016 0.404414
vt 0.658252 0.404302
vt 0.658493 0.404250
vt 0.659062 0.404256
vt 0.549145 0.336344
vt 0.661328 0.327607
vt 0.663429 0.328589
vt 0.616048 0.345148
vt 0.613946 0.346131
vt 0.597801 0.346131
vt 0.595699 0.345148
vt 0.643085 0.328589
vt 0.645187 0.327607
vt 0.665187 0.343028
vt 0.664932 0.343027
vt 0.541624 0.376241
vt 0.541879 0.376243
vt 0.541879 0.391286
vt 0.541624 0.391285
vt 0.673993 0.419089
vt 0.673995 0.418930
vt 0.581122 0.395567
vt 0.581226 0.395567
vt 0.581226 0.395363
vt 0.581121 0.395364
vt 0.581111 0.380317
vt 0.581216 0.380317
vt 0.581216 0.380106
vt 0.581111 0.380106
vt 0.549131 0.346136
vt 0.549120 0.361598
vt 0.549225 0.361598
vt 0.549225 0.361386
vt 0.549121 0.361386
vt 0.549130 0.346340
vt 0.549235 0.346340
vt 0.549235 0.346137
vt 0.684517 0.375749
vt 0.684772 0.375748
vt 0.684772 0.390792
vt 0.684517 0.390793
vt 0.673993 0.404251
vt 0.673995 0.404409
vt 0.641583 0.343027
vt 0.641328 0.343028
vt 0.693426 0.324795
vt 0.692525 0.319680
vt 0.689856 0.314761
vt 0.685521 0.310227
vt 0.679687 0.306254
vt 0.672579 0.302992
vt 0.664469 0.300569
vt 0.655670 0.299077
vt 0.646519 0.298573
vt 0.637367 0.299077
vt 0.628568 0.300569
vt 0.620458 0.302992
vt 0.613350 0.306254
vt 0.607516 0.310227
vt 0.603181 0.314761
vt 0.600512 0.319680
vt 0.599611 0.324795
vt 0.600512 0.329911
vt 0.603181 0.334830
vt 0.607516 0.339364
vt 0.613350 0.343337
vt 0.620458 0.346598
vt 0.628568 0.349021
vt 0.637367 0.350513
vt 0.646519 0.351017
vt 0.655670 0.350513
vt 0.664469 0.349021
vt 0.672579 0.346598
vt 0.679687 0.343337
vt 0.685521 0.339364
vt 0.689856 0.334830
vt 0.692525 0.329911
vt 0.506039 0.352110
vt 0.506039 0.406739
vt 0.499932 0.406739
vt 0.499932 0.352110
vt 0.524363 0.352110
vt 0.524363 0.406739
vt 0.518255 0.406739
vt 0.518255 0.352110
vt 0.518255 0.352110
vt 0.518255 0.406739
vt 0.512147 0.406739
vt 0.512147 0.352110
vt 0.695381 0.352110
vt 0.695381 0.406739
vt 0.689273 0.406739
vt 0.689273 0.352110
vt 0.512147 0.352110
vt 0.512147 0.406739
vt 0.506039 0.406739
vt 0.506039 0.352110
vt 0.689273 0.352110
vt 0.689273 0.406739
vt 0.683165 0.406739
vt 0.683165 0.352110
vt 0.683165 0.352110
vt 0.683165 0.406739
vt 0.677058 0.406739
vt 0.677058 0.352110
vt 0.664842 0.352110
vt 0.664842 0.406739
vt 0.658734 0.406739
vt 0.658734 0.352110
vt 0.677058 0.352110
vt 0.677058 0.406739
vt 0.670950 0.406739
vt 0.670950 0.352110
vt 0.634303 0.352110
vt 0.634303 0.406739
vt 0.628195 0.406739
vt 0.628195 0.352110
vt 0.652626 0.352110
vt 0.652626 0.406739
vt 0.646519 0.406739
vt 0.646519 0.352110
vt 0.530471 0.352110
vt 0.530471 0.406739
vt 0.524363 0.406739
vt 0.524363 0.352110
vt 0.670950 0.352110
vt 0.670950 0.406739
vt 0.664842 0.406739
vt 0.664842 0.352110
vt 0.548794 0.352110
vt 0.548794 0.406739
vt 0.542686 0.406739
vt 0.542686 0.352110
vt 0.542686 0.352110
vt 0.542686 0.406739
vt 0.536578 0.406739
vt 0.536578 0.352110
vt 0.670950 0.352110
vt 0.670950 0.406739
vt 0.664842 0.406739
vt 0.664842 0.352110
vt 0.536578 0.352110
vt 0.536578 0.406739
vt 0.530471 0.406739
vt 0.530471 0.352110
vt 0.664842 0.352110
vt 0.664842 0.406739
vt 0.658734 0.406739
vt 0.658734 0.352110
vt 0.658734 0.352110
vt 0.658734 0.406739
vt 0.652626 0.406739
vt 0.652626 0.352110
vt 0.640411 0.352110
vt 0.640411 0.406739
vt 0.634303 0.406739
vt 0.634303 0.352110
vt 0.652626 0.352110
vt 0.652626 0.406739
vt 0.646519 0.406739
vt 0.646519 0.352110
vt 0.609872 0.352110
vt 0.609872 0.406739
vt 0.603764 0.406739
vt 0.603764 0.352110
vt 0.628195 0.352110
vt 0.628195 0.406739
vt 0.622087 0.406739
vt 0.622087 0.352110
vt 0.554902 0.352110
vt 0.554902 0.406739
vt 0.548794 0.406739
vt 0.548794 0.352110
vt 0.646519 0.352110
vt 0.646519 0.406739
vt 0.640411 0.406739
vt 0.640411 0.352110
vt 0.573225 0.352110
vt 0.573225 0.406739
vt 0.567117 0.406739
vt 0.567117 0.352110
vt 0.567117 0.352110
vt 0.567117 0.406739
vt 0.561009 0.406739
vt 0.561009 0.352110
vt 0.646519 0.352110
vt 0.646519 0.406739
vt 0.640411 0.406739
vt 0.640411 0.352110
vt 0.561009 0.352110
vt 0.561009 0.406739
vt 0.554902 0.406739
vt 0.554902 0.352110
vt 0.640411 0.352110
vt 0.640411 0.406739
vt 0.634303 0.406739
vt 0.634303 0.352110
vt 0.634303 0.352110
vt 0.634303 0.406739
vt 0.628195 0.406739
vt 0.628195 0.352110
vt 0.615980 0.352110
vt 0.615980 0.406739
vt 0.609872 0.406739
vt 0.609872 0.352110
vt 0.628195 0.352110
vt 0.628195 0.406739
vt 0.622087 0.406739
vt 0.622087 0.352110
vt 0.585441 0.352110
vt 0.585441 0.406739
vt 0.579333 0.406739
vt 0.579333 0.352110
vt 0.603764 0.352110
vt 0.603764 0.406739
vt 0.597656 0.406739
vt 0.597656 0.352110
vt 0.579333 0.352110
vt 0.579333 0.406739
vt 0.573225 0.406739
vt 0.573225 0.352110
vt 0.622087 0.352110
vt 0.622087 0.406739
vt 0.615980 0.406739
vt 0.615980 0.352110
vt 0.597656 0.352110
vt 0.597656 0.406739
vt 0.591548 0.406739
vt 0.591548 0.352110
vt 0.591548 0.352110
vt 0.591548 0.406739
vt 0.585441 0.406739
vt 0.585441 0.352110
vt 0.622087 0.352110
vt 0.622087 0.406739
vt 0.615980 0.406739
vt 0.615980 0.352110
vt 0.585441 0.352110
vt 0.585441 0.406739
vt 0.579333 0.406739
vt 0.579333 0.352110
vt 0.615980 0.352110
vt 0.615980 0.406739
vt 0.609872 0.406739
vt 0.609872 0.352110
vt 0.609872 0.352110
vt 0.609872 0.406739
vt 0.603764 0.406739
vt 0.603764 0.352110
vt 0.591548 0.352110
vt 0.591548 0.406739
vt 0.585441 0.406739
vt 0.585441 0.352110
vt 0.603764 0.352110
vt 0.603764 0.406739
vt 0.597656 0.406739
vt 0.597656 0.352110
vt 0.561009 0.352110
vt 0.561009 0.406739
vt 0.554902 0.406739
vt 0.554902 0.352110
vt 0.579333 0.352110
vt 0.579333 0.406739
vt 0.573225 0.406739
vt 0.573225 0.352110
vt 0.603764 0.352110
vt 0.603764 0.406739
vt 0.597656 0.406739
vt 0.597656 0.352110
vt 0.597656 0.352110
vt 0.597656 0.406739
vt 0.591548 0.406739
vt 0.591548 0.352110
vt 0.622087 0.352110
vt 0.622087 0.406739
vt 0.615980 0.406739
vt 0.615980 0.352110
vt 0.615980 0.352110
vt 0.615980 0.406739
vt 0.609872 0.406739
vt 0.609872 0.352110
vt 0.597656 0.352110
vt 0.597656 0.406739
vt 0.591548 0.406739
vt 0.591548 0.352110
vt 0.609872 0.352110
vt 0.609872 0.406739
vt 0.603764 0.406739
vt 0.603764 0.352110
vt 0.591548 0.352110
vt 0.591548 0.406739
vt 0.585441 0.406739
vt 0.585441 0.352110
vt 0.585441 0.352110
vt 0.585441 0.406739
vt 0.579333 0.406739
vt 0.579333 0.352110
vt 0.567117 0.352110
vt 0.567117 0.406739
vt 0.561009 0.406739
vt 0.561009 0.352110
vt 0.579333 0.352110
vt 0.579333 0.406739
vt 0.573225 0.406739
vt 0.573225 0.352110
vt 0.536578 0.352110
vt 0.536578 0.406739
vt 0.530471 0.406739
vt 0.530471 0.352110
vt 0.554902 0.352110
vt 0.554902 0.406739
vt 0.548794 0.406739
vt 0.548794 0.352110
vt 0.628195 0.352110
vt 0.628195 0.406739
vt 0.622087 0.406739
vt 0.622087 0.352110
vt 0.573225 0.352110
vt 0.573225 0.406739
vt 0.567117 0.406739
vt 0.567117 0.352110
vt 0.646519 0.352110
vt 0.646519 0.406739
vt 0.640411 0.406739
vt 0.640411 0.352110
vt 0.640411 0.352110
vt 0.640411 0.406739
vt 0.634303 0.406739
vt 0.634303 0.352110
vt 0.573225 0.352110
vt 0.573225 0.406739
vt 0.567117 0.406739
vt 0.567117 0.352110
vt 0.634303 0.352110
vt 0.634303 0.406739
vt 0.628195 0.406739
vt 0.628195 0.352110
vt 0.567117 0.352110
vt 0.567117 0.406739
vt 0.561009 0.406739
vt 0.561009 0.352110
vt 0.561009 0.352110
vt 0.561009 0.406739
vt 0.554902 0.406739
vt 0.554902 0.352110
vt 0.542686 0.352110
vt 0.542686 0.406739
vt 0.536578 0.406739
vt 0.536578 0.352110
vt 0.554902 0.352110
vt 0.554902 0.406739
vt 0.548794 0.406739
vt 0.548794 0.352110
vt 0.512147 0.352110
vt 0.512147 0.406739
vt 0.506039 0.406739
vt 0.506039 0.352110
vt 0.530471 0.352110
vt 0.530471 0.406739
vt 0.524363 0.406739
vt 0.524363 0.352110
vt 0.652626 0.352110
vt 0.652626 0.406739
vt 0.646519 0.406739
vt 0.646519 0.352110
vt 0.548794 0.352110
vt 0.548794 0.406739
vt 0.542686 0.406739
vt 0.542686 0.352110
vt 0.670950 0.352110
vt 0.670950 0.406739
vt 0.664842 0.406739
vt 0.664842 0.352110
vt 0.664842 0.352110
vt 0.664842 0.406739
vt 0.658734 0.406739
vt 0.658734 0.352110
vt 0.548794 0.352110
vt 0.548794 0.406739
vt 0.542686 0.406739
vt 0.542686 0.352110
vt 0.658734 0.352110
vt 0.658734 0.406739
vt 0.652626 0.406739
vt 0.652626 0.352110
vt 0.542686 0.352110
vt 0.542686 0.406739
vt 0.536578 0.406739
vt 0.536578 0.352110
vt 0.536578 0.352110
vt 0.536578 0.406739
vt 0.530471 0.406739
vt 0.530471 0.352110
vt 0.518255 0.352110
vt 0.518255 0.406739
vt 0.512147 0.406739
vt 0.512147 0.352110
vt 0.530471 0.352110
vt 0.530471 0.406739
vt 0.524363 0.406739
vt 0.524363 0.352110
vt 0.506039 0.352110
vt 0.506039 0.406739
vt 0.499932 0.406739
vt 0.499932 0.352110
vt 0.628568 0.349021
vt 0.637367 0.350513
vt 0.646519 0.351017
vt 0.655670 0.350513
vt 0.664469 0.349021
vt 0.672579 0.346598
vt 0.679687 0.343337
vt 0.685521 0.339364
vt 0.689856 0.334830
vt 0.692525 0.329911
vt 0.693426 0.324795
vt 0.692525 0.319680
vt 0.689856 0.314761
vt 0.685521 0.310227
vt 0.679687 0.306254
vt 0.672579 0.302992
vt 0.664469 0.300569
vt 0.655670 0.299077
vt 0.646519 0.298573
vt 0.637367 0.299077
vt 0.628568 0.300569
vt 0.620458 0.302992
vt 0.613350 0.306254
vt 0.607516 0.310227
vt 0.603181 0.314761
vt 0.600512 0.319680
vt 0.599611 0.324795
vt 0.600512 0.329911
vt 0.603181 0.334830
vt 0.607516 0.339364
vt 0.613350 0.343337
vt 0.620458 0.346598
vt 0.677058 0.352110
vt 0.677058 0.406739
vt 0.670950 0.406739
vt 0.670950 0.352110
vt 0.524363 0.352110
vt 0.524363 0.406739
vt 0.518255 0.406739
vt 0.518255 0.352110
vt 0.695381 0.352110
vt 0.695381 0.406739
vt 0.689273 0.406739
vt 0.689273 0.352110
vt 0.689273 0.352110
vt 0.689273 0.406739
vt 0.683165 0.406739
vt 0.683165 0.352110
vt 0.524363 0.352110
vt 0.524363 0.406739
vt 0.518255 0.406739
vt 0.518255 0.352110
vt 0.683165 0.352110
vt 0.683165 0.406739
vt 0.677058 0.406739
vt 0.677058 0.352110
vt 0.518255 0.352110
vt 0.518255 0.406739
vt 0.512147 0.406739
vt 0.512147 0.352110
vt 0.512147 0.352110
vt 0.512147 0.406739
vt 0.506039 0.406739
vt 0.506039 0.352110
vt 0.506039 0.352110
vt 0.506039 0.406739
vt 0.499932 0.406739
vt 0.499932 0.352110
vt 0.689273 0.352110
vt 0.689273 0.406739
vt 0.683165 0.406739
vt 0.683165 0.352110
vt 0.689856 0.334830
vt 0.692525 0.329911
vt 0.693426 0.324795
vt 0.692525 0.319680
vt 0.689856 0.314761
vt 0.685521 0.310227
vt 0.679687 0.306254
vt 0.672579 0.302992
vt 0.664469 0.300569
vt 0.655670 0.299077
vt 0.646519 0.298573
vt 0.637367 0.299077
vt 0.628568 0.300569
vt 0.620458 0.302992
vt 0.613350 0.306254
vt 0.607516 0.310227
vt 0.603181 0.314761
vt 0.600512 0.319680
vt 0.599611 0.324795
vt 0.600512 0.329911
vt 0.603181 0.334830
vt 0.607516 0.339364
vt 0.613350 0.343337
vt 0.620458 0.346598
vt 0.628568 0.349021
vt 0.637367 0.350513
vt 0.646519 0.351017
vt 0.655670 0.350513
vt 0.664469 0.349021
vt 0.672579 0.346598
vt 0.679687 0.343337
vt 0.685521 0.339364
vt 0.658734 0.352110
vt 0.658734 0.406739
vt 0.652626 0.406739
vt 0.652626 0.352110
vt 0.683165 0.352110
vt 0.683165 0.406739
vt 0.677058 0.406739
vt 0.677058 0.352110
vt 0.695381 0.352110
vt 0.695381 0.406739
vt 0.689273 0.406739
vt 0.689273 0.352110
vt 0.677058 0.352110
vt 0.677058 0.406739
vt 0.670950 0.406739
vt 0.670950 0.352110
vt 0.534869 0.350679
vt 0.548977 0.350679
vt 0.548981 0.352221
vt 0.534873 0.352224
vt 0.548989 0.353704
vt 0.534881 0.353711
vt 0.549002 0.355071
vt 0.534894 0.355080
vt 0.549018 0.356269
vt 0.535258 0.356342
vt 0.589386 0.391964
vt 0.589386 0.400510
vt 0.587659 0.400469
vt 0.587628 0.392046
vt 0.585251 0.400423
vt 0.585284 0.392004
vt 0.587010 0.391964
vt 0.587010 0.400555
vt 0.535181 0.345054
vt 0.549018 0.345089
vt 0.549002 0.346287
vt 0.534894 0.346277
vt 0.548989 0.347654
vt 0.534881 0.347646
vt 0.548981 0.349137
vt 0.534873 0.349133
vt 0.625616 0.515120
vt 0.625616 0.612833
vt 0.619509 0.612833
vt 0.619509 0.515120
vt 0.613402 0.612833
vt 0.613402 0.515120
vt 0.607295 0.612833
vt 0.607295 0.515120
vt 0.601188 0.612833
vt 0.601188 0.515120
vt 0.595081 0.612833
vt 0.595081 0.515120
vt 0.460726 0.515120
vt 0.460726 0.612833
vt 0.454619 0.612833
vt 0.454619 0.515120
vt 0.448512 0.612833
vt 0.448512 0.515120
vt 0.442405 0.612833
vt 0.442405 0.515120
vt 0.436298 0.612833
vt 0.436298 0.515120
vt 0.430191 0.612833
vt 0.430191 0.515120
vt 0.534869 0.339390
vt 0.548973 0.339391
vt 0.548976 0.340933
vt 0.534872 0.340936
vt 0.548986 0.342416
vt 0.534882 0.342422
vt 0.549001 0.343782
vt 0.534898 0.343792
vt 0.549023 0.344981
vt 0.535161 0.345054
vt 0.541879 0.367632
vt 0.541879 0.376241
vt 0.539696 0.376177
vt 0.539697 0.367756
vt 0.536750 0.376114
vt 0.536750 0.367696
vt 0.538932 0.367632
vt 0.538932 0.376222
vt 0.535189 0.333764
vt 0.549022 0.333800
vt 0.549001 0.334999
vt 0.534898 0.334988
vt 0.548986 0.336365
vt 0.534882 0.336358
vt 0.548976 0.337848
vt 0.534872 0.337845
vt 0.543467 0.390385
vt 0.544532 0.391752
vt 0.543949 0.391752
vt 0.542890 0.390385
vt 0.542918 0.375768
vt 0.543734 0.377255
vt 0.542970 0.377255
vt 0.542154 0.375768
vt 0.542918 0.372677
vt 0.542643 0.374223
vt 0.541879 0.374223
vt 0.542154 0.372677
vt 0.588762 0.379740
vt 0.587319 0.381002
vt 0.586724 0.381002
vt 0.588157 0.379740
vt 0.586489 0.369215
vt 0.585673 0.370697
vt 0.584909 0.370697
vt 0.585725 0.369214
vt 0.585397 0.372240
vt 0.585673 0.373782
vt 0.584909 0.373782
vt 0.584633 0.372239
vt 0.545942 0.392950
vt 0.545349 0.392950
vt 0.590523 0.378813
vt 0.589905 0.378813
vt 0.543734 0.371190
vt 0.542970 0.371190
vt 0.547670 0.393934
vt 0.547064 0.393933
vt 0.586489 0.375265
vt 0.585725 0.375265
vt 0.587053 0.400477
vt 0.587010 0.392054
vt 0.584633 0.400415
vt 0.584677 0.391996
vt 0.545059 0.369821
vt 0.544295 0.369820
vt 0.588760 0.391027
vt 0.590523 0.391963
vt 0.589905 0.391964
vt 0.588156 0.391028
vt 0.587814 0.376631
vt 0.587050 0.376631
vt 0.547670 0.380786
vt 0.545942 0.381770
vt 0.545349 0.381770
vt 0.547064 0.380786
vt 0.546837 0.368559
vt 0.546073 0.368559
vt 0.587319 0.389805
vt 0.586725 0.389806
vt 0.589597 0.377830
vt 0.588833 0.377829
vt 0.544532 0.382968
vt 0.543949 0.382968
vt 0.549004 0.367632
vt 0.548240 0.367633
vt 0.586238 0.388436
vt 0.585650 0.388436
vt 0.591770 0.378813
vt 0.591006 0.378813
vt 0.543467 0.384335
vt 0.542890 0.384334
vt 0.538932 0.376177
vt 0.538933 0.367755
vt 0.535986 0.376115
vt 0.535986 0.367696
vt 0.585533 0.386949
vt 0.584947 0.386950
vt 0.585533 0.383858
vt 0.585221 0.385404
vt 0.584633 0.385404
vt 0.584946 0.383858
vt 0.546837 0.379849
vt 0.549004 0.380786
vt 0.548240 0.380786
vt 0.546073 0.379849
vt 0.542769 0.385818
vt 0.542195 0.385817
vt 0.542455 0.387360
vt 0.542769 0.388902
vt 0.542195 0.388902
vt 0.541879 0.387360
vt 0.591770 0.365666
vt 0.589597 0.366650
vt 0.588833 0.366649
vt 0.591006 0.365666
vt 0.545059 0.378625
vt 0.544295 0.378625
vt 0.586238 0.382371
vt 0.585650 0.382371
vt 0.587814 0.367848
vt 0.587050 0.367847
vt 0.593860 0.380425
vt 0.593296 0.380425
vt 0.593281 0.380368
vt 0.593172 0.380527
vt 0.593065 0.380548
vt 0.593065 0.365666
vt 0.593172 0.365686
vt 0.593281 0.365845
vt 0.593296 0.365788
vt 0.593860 0.365788
vt 0.547777 0.380807
vt 0.547887 0.380965
vt 0.547901 0.380908
vt 0.548466 0.380908
vt 0.548466 0.395544
vt 0.547901 0.395544
vt 0.547887 0.395487
vt 0.547777 0.395646
vt 0.547670 0.395667
vt 0.547670 0.380786
vt 0.684190 0.375749
vt 0.684190 0.390629
vt 0.683850 0.390630
vt 0.683850 0.375748
vt 0.593629 0.395307
vt 0.593065 0.395307
vt 0.593065 0.380670
vt 0.593629 0.380670
vt 0.593644 0.380727
vt 0.593753 0.380568
vt 0.593860 0.380548
vt 0.593860 0.395429
vt 0.593753 0.395408
vt 0.593644 0.395250
vt 0.680780 0.393397
vt 0.680673 0.393418
vt 0.680673 0.378538
vt 0.680780 0.378558
vt 0.680890 0.378717
vt 0.680904 0.378660
vt 0.681469 0.378660
vt 0.681469 0.393295
vt 0.680904 0.393295
vt 0.680890 0.393238
vt 0.684517 0.375749
vt 0.684517 0.390629
vt 0.684190 0.390629
vt 0.684190 0.375748
vt 0.000000 0.500000
vt 0.020833 0.500000
vt 0.020833 0.583333
vt 0.000000 0.583333
vt 0.020833 0.666667
vt 0.000000 0.666667
vt 0.020833 0.750000
vt 0.000000 0.750000
vt 0.020833 0.833333
vt 0.000000 0.833333
vt 0.020833 0.916667
vt 0.000000 0.916667
vt 0.020833 1.000000
vt 0.000000 1.000000
vt 0.000000 0.000000
vt 0.020833 0.000000
vt 0.020833 0.083333
vt 0.000000 0.083333
vt 0.020833 0.166667
vt 0.000000 0.166667
vt 0.020833 0.250000
vt 0.000000 0.250000
vt 0.020833 0.333333
vt 0.000000 0.333333
vt 0.020833 0.416667
vt 0.000000 0.416667
vt 0.041667 0.500000
vt 0.041667 0.583333
vt 0.041667 0.666667
vt 0.041667 0.750000
vt 0.041667 0.833333
vt 0.041667 0.916667
vt 0.041667 1.000000
vt 0.041667 0.000000
vt 0.041667 0.083333
vt 0.041667 0.166667
vt 0.041667 0.250000
vt 0.041667 0.333333
vt 0.041667 0.416667
vt 0.062500 0.500000
vt 0.062500 0.583333
vt 0.062500 0.666667
vt 0.062500 0.750000
vt 0.062500 0.833333
vt 0.062500 0.916667
vt 0.062500 1.000000
vt 0.062500 0.000000
vt 0.062500 0.083333
vt 0.062500 0.166667
vt 0.062500 0.250000
vt 0.062500 0.333333
vt 0.062500 0.416667
vt 0.083333 0.500000
vt 0.083333 0.583333
vt 0.083333 0.666667
vt 0.083333 0.750000
vt 0.083333 0.833333
vt 0.083333 0.916667
vt 0.083333 1.000000
vt 0.083333 0.000000
vt 0.083333 0.083333
vt 0.083333 0.166667
vt 0.083333 0.250000
vt 0.083333 0.333333
vt 0.083333 0.416667
vt 0.104167 0.500000
vt 0.104167 0.583333
vt 0.104167 0.666667
vt 0.104167 0.750000
vt 0.104167 0.833333
vt 0.104167 0.916667
vt 0.104167 1.000000
vt 0.104167 0.000000
vt 0.104167 0.083333
vt 0.104167 0.166667
vt 0.104167 0.250000
vt 0.104167 0.333333
vt 0.104167 0.416667
vt 0.125000 0.500000
vt 0.125000 0.583333
vt 0.125000 0.666667
vt 0.125000 0.750000
vt 0.125000 0.833333
vt 0.125000 0.916667
vt 0.125000 1.000000
vt 0.125000 0.000000
vt 0.125000 0.083333
vt 0.125000 0.166667
vt 0.125000 0.250000
vt 0.125000 0.333333
vt 0.125000 0.416667
vt 0.145833 0.500000
vt 0.145833 0.583333
vt 0.145833 0.666667
vt 0.145833 0.750000
vt 0.145833 0.833333
vt 0.145833 0.916667
vt 0.145833 1.000000
vt 0.145833 0.000000
vt 0.145833 0.083333
vt 0.145833 0.166667
vt 0.145833 0.250000
vt 0.145833 0.333333
vt 0.145833 0.416667
vt 0.166667 0.500000
vt 0.166667 0.583333
vt 0.166667 0.666667
vt 0.166667 0.750000
vt 0.166667 0.833333
vt 0.166667 0.916667
vt 0.166667 1.000000
vt 0.166667 0.000000
vt 0.166667 0.083333
vt 0.166667 0.166667
vt 0.166667 0.250000
vt 0.166667 0.333333
vt 0.166667 0.416667
vt 0.187500 0.500000
vt 0.187500 0.583333
vt 0.187500 0.666667
vt 0.187500 0.750000
vt 0.187500 0.833333
vt 0.187500 0.916667
vt 0.187500 1.000000
vt 0.187500 0.000000
vt 0.187500 0.083333
vt 0.187500 0.166667
vt 0.187500 0.250000
vt 0.187500 0.333333
vt 0.187500 0.416667
vt 0.208333 0.500000
vt 0.208333 0.583333
vt 0.208333 0.666667
vt 0.208333 0.750000
vt 0.208333 0.833333
vt 0.208333 0.916667
vt 0.208333 1.000000
vt 0.208333 0.000000
vt 0.208333 0.083333
vt 0.208333 0.166667
vt 0.208333 0.250000
vt 0.208333 0.333333
vt 0.208333 0.416667
vt 0.229167 0.500000
vt 0.229167 0.583333
vt 0.229167 0.666667
vt 0.229167 0.750000
vt 0.229167 0.833333
vt 0.229167 0.916667
vt 0.229167 1.000000
vt 0.229167 0.000000
vt 0.229167 0.083333
vt 0.229167 0.166667
vt 0.229167 0.250000
vt 0.229167 0.333333
vt 0.229167 0.416667
vt 0.250000 0.500000
vt 0.250000 0.583333
vt 0.250000 0.666667
vt 0.250000 0.750000
vt 0.250000 0.833333
vt 0.250000 0.916667
vt 0.250000 1.000000
vt 0.250000 0.000000
vt 0.250000 0.083333
vt 0.250000 0.166667
vt 0.250000 0.250000
vt 0.250000 0.333333
vt 0.250000 0.416667
vt 0.270833 0.500000
vt 0.270833 0.583333
vt 0.270833 0.666667
vt 0.270833 0.750000
vt 0.270833 0.833333
vt 0.270833 0.916667
vt 0.270833 1.000000
vt 0.270833 0.000000
vt 0.270833 0.083333
vt 0.270833 0.166667
vt 0.270833 0.250000
vt 0.270833 0.333333
vt 0.270833 0.416667
vt 0.291667 0.500000
vt 0.291667 0.583333
vt 0.291667 0.666667
vt 0.291667 0.750000
vt 0.291667 0.833333
vt 0.291667 0.916667
vt 0.291667 1.000000
vt 0.291667 0.000000
vt 0.291667 0.083333
vt 0.291667 0.166667
vt 0.291667 0.250000
vt 0.291667 0.333333
vt 0.291667 0.416667
vt 0.312500 0.500000
vt 0.312500 0.583333
vt 0.312500 0.666667
vt 0.312500 0.750000
vt 0.312500 0.833333
vt 0.312500 0.916667
vt 0.312500 1.000000
vt 0.312500 0.000000
vt 0.312500 0.083333
vt 0.312500 0.166667
vt 0.312500 0.250000
vt 0.312500 0.333333
vt 0.312500 0.416667
vt 0.333333 0.500000
vt 0.333333 0.583333
vt 0.333333 0.666667
vt 0.333333 0.750000
vt 0.333333 0.833333
vt 0.333333 0.916667
vt 0.333333 1.000000
vt 0.333333 0.000000
vt 0.333333 0.083333
vt 0.333333 0.166667
vt 0.333333 0.250000
vt 0.333333 0.333333
vt 0.333333 0.416667
vt 0.354167 0.500000
vt 0.354167 0.583333
vt 0.354167 0.666667
vt 0.354167 0.750000
vt 0.354167 0.833333
vt 0.354167 0.916667
vt 0.354167 1.000000
vt 0.354167 0.000000
vt 0.354167 0.083333
vt 0.354167 0.166667
vt 0.354167 0.250000
vt 0.354167 0.333333
vt 0.354167 0.416667
vt 0.375000 0.500000
vt 0.375000 0.583333
vt 0.375000 0.666667
vt 0.375000 0.750000
vt 0.375000 0.833333
vt 0.375000 0.916667
vt 0.375000 1.000000
vt 0.375000 0.000000
vt 0.375000 0.083333
vt 0.375000 0.166667
vt 0.375000 0.250000
vt 0.375000 0.333333
vt 0.375000 0.416667
vt 0.395833 0.500000
vt 0.395833 0.583333
vt 0.395833 0.666667
vt 0.395833 0.750000
vt 0.395833 0.833333
vt 0.395833 0.916667
vt 0.395833 1.000000
vt 0.395833 0.000000
vt 0.395833 0.083333
vt 0.395833 0.166667
vt 0.395833 0.250000
vt 0.395833 0.333333
vt 0.395833 0.416667
vt 0.416667 0.500000
vt 0.416667 0.583333
vt 0.416667 0.666667
vt 0.416667 0.750000
vt 0.416667 0.833333
vt 0.416667 0.916667
vt 0.416667 1.000000
vt 0.416667 0.000000
vt 0.416667 0.083333
vt 0.416667 0.166667
vt 0.416667 0.250000
vt 0.416667 0.333333
vt 0.416667 0.416667
vt 0.437500 0.500000
vt 0.437500 0.583333
vt 0.437500 0.666667
vt 0.437500 0.750000
vt 0.437500 0.833333
vt 0.437500 0.916667
vt 0.437500 1.000000
vt 0.437500 0.000000
vt 0.437500 0.083333
vt 0.437500 0.166667
vt 0.437500 0.250000
vt 0.437500 0.333333
vt 0.437500 0.416667
vt 0.458333 0.500000
vt 0.458333 0.583333
vt 0.458333 0.666667
vt 0.458333 0.750000
vt 0.458333 0.833333
vt 0.458333 0.916667
vt 0.458333 1.000000
vt 0.458333 0.000000
vt 0.458333 0.083333
vt 0.458333 0.166667
vt 0.458333 0.250000
vt 0.458333 0.333333
vt 0.458333 0.416667
vt 0.479167 0.500000
vt 0.479167 0.583333
vt 0.479167 0.666667
vt 0.479167 0.750000
vt 0.479167 0.833333
vt 0.479167 0.916667
vt 0.479167 1.000000
vt 0.479167 0.000000
vt 0.479167 0.083333
vt 0.479167 0.166667
vt 0.479167 0.250000
vt 0.479167 0.333333
vt 0.479167 0.416667
vt 0.500000 0.500000
vt 0.500000 0.583333
vt 0.500000 0.666667
vt 0.500000 0.750000
vt 0.500000 0.833333
vt 0.500000 0.916667
vt 0.500000 1.000000
vt 0.500000 0.000000
vt 0.500000 0.083333
vt 0.500000 0.166667
vt 0.500000 0.250000
vt 0.500000 0.333333
vt 0.500000 0.416667
vt 0.500000 0.333333
vt 0.500000 0.416667
vt 0.000000 0.333333
vt 0.000000 0.250000
vt 0.000000 0.083333
vt 0.000000 0.000000
vt 0.500000 0.750000
vt 0.500000 0.833333
vt 0.000000 0.583333
vt 0.000000 0.500000
vt 0.500000 0.916667
vt 0.500000 1.000000
vt 0.000000 0.666667
vt 0.000000 0.833333
vt 0.000000 0.750000
vt 0.500000 0.250000
vt 0.500000 0.166667
vt 0.500000 0.083333
vt 0.500000 0.500000
vt 0.500000 0.583333
vt 0.000000 0.416667
vt 0.500000 0.666667
vt 0.000000 0.166667
vt 0.500000 0.000000
vt 0.000000 0.916667
vt 0.000000 1.000000
vt 0.500000 0.416667
vt 0.500000 0.500000
vt 0.500000 0.083333
vt 0.500000 0.166667
vt 0.000000 0.750000
vt 0.000000 0.666667
vt 0.000000 0.583333
vt 0.000000 0.083333
vt 0.000000 0.000000
vt 0.500000 0.833333
vt 0.500000 0.916667
vt 0.500000 0.583333
vt 0.500000 0.666667
vt 0.500000 0.250000
vt 0.000000 1.000000
vt 0.000000 0.916667
vt 0.000000 0.500000
vt 0.000000 0.333333
vt 0.000000 0.250000
vt 0.500000 1.000000
vt 0.000000 0.416667
vt 0.500000 0.333333
vt 0.000000 0.833333
vt 0.500000 0.750000
vt 0.000000 0.166667
vt 0.500000 0.000000
vt 0.000000 0.500000
vt 0.020833 0.500000
vt 0.020833 0.583333
vt 0.000000 0.583333
vt 0.020833 0.666667
vt 0.000000 0.666667
vt 0.020833 0.750000
vt 0.000000 0.750000
vt 0.020833 0.833333
vt 0.000000 0.833333
vt 0.020833 0.916667
vt 0.000000 0.916667
vt 0.020833 1.000000
vt 0.000000 1.000000
vt 0.000000 0.000000
vt 0.020833 0.000000
vt 0.020833 0.083333
vt 0.000000 0.083333
vt 0.020833 0.166667
vt 0.000000 0.166667
vt 0.020833 0.250000
vt 0.000000 0.250000
vt 0.020833 0.333333
vt 0.000000 0.333333
vt 0.020833 0.416667
vt 0.000000 0.416667
vt 0.041667 0.500000
vt 0.041667 0.583333
vt 0.041667 0.666667
vt 0.041667 0.750000
vt 0.041667 0.833333
vt 0.041667 0.916667
vt 0.041667 1.000000
vt 0.041667 0.000000
vt 0.041667 0.083333
vt 0.041667 0.166667
vt 0.041667 0.250000
vt 0.041667 0.333333
vt 0.041667 0.416667
vt 0.062500 0.500000
vt 0.062500 0.583333
vt 0.062500 0.666667
vt 0.062500 0.750000
vt 0.062500 0.833333
vt 0.062500 0.916667
vt 0.062500 1.000000
vt 0.062500 0.000000
vt 0.062500 0.083333
vt 0.062500 0.166667
vt 0.062500 0.250000
vt 0.062500 0.333333
vt 0.062500 0.416667
vt 0.083333 0.500000
vt 0.083333 0.583333
vt 0.083333 0.666667
vt 0.083333 0.750000
vt 0.083333 0.833333
vt 0.083333 0.916667
vt 0.083333 1.000000
vt 0.083333 0.000000
vt 0.083333 0.083333
vt 0.083333 0.166667
vt 0.083333 0.250000
vt 0.083333 0.333333
vt 0.083333 0.416667
vt 0.104167 0.500000
vt 0.104167 0.583333
vt 0.104167 0.666667
vt 0.104167 0.750000
vt 0.104167 0.833333
vt 0.104167 0.916667
vt 0.104167 1.000000
vt 0.104167 0.000000
vt 0.104167 0.083333
vt 0.104167 0.166667
vt 0.104167 0.250000
vt 0.104167 0.333333
vt 0.104167 0.416667
vt 0.125000 0.500000
vt 0.125000 0.583333
vt 0.125000 0.666667
vt 0.125000 0.750000
vt 0.125000 0.833333
vt 0.125000 0.916667
vt 0.125000 1.000000
vt 0.125000 0.000000
vt 0.125000 0.083333
vt 0.125000 0.166667
vt 0.125000 0.250000
vt 0.125000 0.333333
vt 0.125000 0.416667
vt 0.145833 0.500000
vt 0.145833 0.583333
vt 0.145833 0.666667
vt 0.145833 0.750000
vt 0.145833 0.833333
vt 0.145833 0.916667
vt 0.145833 1.000000
vt 0.145833 0.000000
vt 0.145833 0.083333
vt 0.145833 0.166667
vt 0.145833 0.250000
vt 0.145833 0.333333
vt 0.145833 0.416667
vt 0.166667 0.500000
vt 0.166667 0.583333
vt 0.166667 0.666667
vt 0.166667 0.750000
vt 0.166667 0.833333
vt 0.166667 0.916667
vt 0.166667 1.000000
vt 0.166667 0.000000
vt 0.166667 0.083333
vt 0.166667 0.166667
vt 0.166667 0.250000
vt 0.166667 0.333333
vt 0.166667 0.416667
vt 0.187500 0.500000
vt 0.187500 0.583333
vt 0.187500 0.666667
vt 0.187500 0.750000
vt 0.187500 0.833333
vt 0.187500 0.916667
vt 0.187500 1.000000
vt 0.187500 0.000000
vt 0.187500 0.083333
vt 0.187500 0.166667
vt 0.187500 0.250000
vt 0.187500 0.333333
vt 0.187500 0.416667
vt 0.208333 0.500000
vt 0.208333 0.583333
vt 0.208333 0.666667
vt 0.208333 0.750000
vt 0.208333 0.833333
vt 0.208333 0.916667
vt 0.208333 1.000000
vt 0.208333 0.000000
vt 0.208333 0.083333
vt 0.208333 0.166667
vt 0.208333 0.250000
vt 0.208333 0.333333
vt 0.208333 0.416667
vt 0.229167 0.500000
vt 0.229167 0.583333
vt 0.229167 0.666667
vt 0.229167 0.750000
vt 0.229167 0.833333
vt 0.229167 0.916667
vt 0.229167 1.000000
vt 0.229167 0.000000
vt 0.229167 0.083333
vt 0.229167 0.166667
vt 0.229167 0.250000
vt 0.229167 0.333333
vt 0.229167 0.416667
vt 0.250000 0.500000
vt 0.250000 0.583333
vt 0.250000 0.666667
vt 0.250000 0.750000
vt 0.250000 0.833333
vt 0.250000 0.916667
vt 0.250000 1.000000
vt 0.250000 0.000000
vt 0.250000 0.083333
vt 0.250000 0.166667
vt 0.250000 0.250000
vt 0.250000 0.333333
vt 0.250000 0.416667
vt 0.270833 0.500000
vt 0.270833 0.583333
vt 0.270833 0.666667
vt 0.270833 0.750000
vt 0.270833 0.833333
vt 0.270833 0.916667
vt 0.270833 1.000000
vt 0.270833 0.000000
vt 0.270833 0.083333
vt 0.270833 0.166667
vt 0.270833 0.250000
vt 0.270833 0.333333
vt 0.270833 0.416667
vt 0.291667 0.500000
vt 0.291667 0.583333
vt 0.291667 0.666667
vt 0.291667 0.750000
vt 0.291667 0.833333
vt 0.291667 0.916667
vt 0.291667 1.000000
vt 0.291667 0.000000
vt 0.291667 0.083333
vt 0.291667 0.166667
vt 0.291667 0.250000
vt 0.291667 0.333333
vt 0.291667 0.416667
vt 0.312500 0.500000
vt 0.312500 0.583333
vt 0.312500 0.666667
vt 0.312500 0.750000
vt 0.312500 0.833333
vt 0.312500 0.916667
vt 0.312500 1.000000
vt 0.312500 0.000000
vt 0.312500 0.083333
vt 0.312500 0.166667
vt 0.312500 0.250000
vt 0.312500 0.333333
vt 0.312500 0.416667
vt 0.333333 0.500000
vt 0.333333 0.583333
vt 0.333333 0.666667
vt 0.333333 0.750000
vt 0.333333 0.833333
vt 0.333333 0.916667
vt 0.333333 1.000000
vt 0.333333 0.000000
vt 0.333333 0.083333
vt 0.333333 0.166667
vt 0.333333 0.250000
vt 0.333333 0.333333
vt 0.333333 0.416667
vt 0.354167 0.500000
vt 0.354167 0.583333
vt 0.354167 0.666667
vt 0.354167 0.750000
vt 0.354167 0.833333
vt 0.354167 0.916667
vt 0.354167 1.000000
vt 0.354167 0.000000
vt 0.354167 0.083333
vt 0.354167 0.166667
vt 0.354167 0.250000
vt 0.354167 0.333333
vt 0.354167 0.416667
vt 0.375000 0.500000
vt 0.375000 0.583333
vt 0.375000 0.666667
vt 0.375000 0.750000
vt 0.375000 0.833333
vt 0.375000 0.916667
vt 0.375000 1.000000
vt 0.375000 0.000000
vt 0.375000 0.083333
vt 0.375000 0.166667
vt 0.375000 0.250000
vt 0.375000 0.333333
vt 0.375000 0.416667
vt 0.395833 0.500000
vt 0.395833 0.583333
vt 0.395833 0.666667
vt 0.395833 0.750000
vt 0.395833 0.833333
vt 0.395833 0.916667
vt 0.395833 1.000000
vt 0.395833 0.000000
vt 0.395833 0.083333
vt 0.395833 0.166667
vt 0.395833 0.250000
vt 0.395833 0.333333
vt 0.395833 0.416667
vt 0.416667 0.500000
vt 0.416667 0.583333
vt 0.416667 0.666667
vt 0.416667 0.750000
vt 0.416667 0.833333
vt 0.416667 0.916667
vt 0.416667 1.000000
vt 0.416667 0.000000
vt 0.416667 0.083333
vt 0.416667 0.166667
vt 0.416667 0.250000
vt 0.416667 0.333333
vt 0.416667 0.416667
vt 0.437500 0.500000
vt 0.437500 0.583333
vt 0.437500 0.666667
vt 0.437500 0.750000
vt 0.437500 0.833333
vt 0.437500 0.916667
vt 0.437500 1.000000
vt 0.437500 0.000000
vt 0.437500 0.083333
vt 0.437500 0.166667
vt 0.437500 0.250000
vt 0.437500 0.333333
vt 0.437500 0.416667
vt 0.458333 0.500000
vt 0.458333 0.583333
vt 0.458333 0.666667
vt 0.458333 0.750000
vt 0.458333 0.833333
vt 0.458333 0.916667
vt 0.458333 1.000000
vt 0.458333 0.000000
vt 0.458333 0.083333
vt 0.458333 0.166667
vt 0.458333 0.250000
vt 0.458333 0.333333
vt 0.458333 0.416667
vt 0.479167 0.500000
vt 0.479167 0.583333
vt 0.479167 0.666667
vt 0.479167 0.750000
vt 0.479167 0.833333
vt 0.479167 0.916667
vt 0.479167 1.000000
vt 0.479167 0.000000
vt 0.479167 0.083333
vt 0.479167 0.166667
vt 0.479167 0.250000
vt 0.479167 0.333333
vt 0.479167 0.416667
vt 0.500000 0.500000
vt 0.500000 0.583333
vt 0.500000 0.666667
vt 0.500000 0.750000
vt 0.500000 0.833333
vt 0.500000 0.916667
vt 0.500000 1.000000
vt 0.500000 0.000000
vt 0.500000 0.083333
vt 0.500000 0.166667
vt 0.500000 0.250000
vt 0.500000 0.333333
vt 0.500000 0.416667
vt 0.500000 0.333333
vt 0.500000 0.416667
vt 0.000000 0.333333
vt 0.000000 0.250000
vt 0.000000 0.083333
vt 0.000000 0.000000
vt 0.500000 0.750000
vt 0.500000 0.833333
vt 0.000000 0.583333
vt 0.000000 0.500000
vt 0.500000 0.916667
vt 0.500000 1.000000
vt 0.000000 0.666667
vt 0.000000 0.833333
vt 0.000000 0.750000
vt 0.500000 0.250000
vt 0.500000 0.166667
vt 0.500000 0.083333
vt 0.500000 0.500000
vt 0.500000 0.583333
vt 0.000000 0.416667
vt 0.500000 0.666667
vt 0.000000 0.166667
vt 0.500000 0.000000
vt 0.000000 0.916667
vt 0.000000 1.000000
vt 0.500000 0.416667
vt 0.500000 0.500000
vt 0.500000 0.083333
vt 0.500000 0.166667
vt 0.000000 0.750000
vt 0.000000 0.666667
vt 0.000000 0.583333
vt 0.000000 0.083333
vt 0.000000 0.000000
vt 0.500000 0.833333
vt 0.500000 0.916667
vt 0.500000 0.583333
vt 0.500000 0.666667
vt 0.500000 0.250000
vt 0.000000 1.000000
vt 0.000000 0.916667
vt 0.000000 0.500000
vt 0.000000 0.333333
vt 0.000000 0.250000
vt 0.500000 1.000000
vt 0.000000 0.416667
vt 0.500000 0.333333
vt 0.000000 0.833333
vt 0.500000 0.750000
vt 0.000000 0.166667
vt 0.500000 0.000000
vn 0.0000 -0.0000 1.0000
vn -0.6009 -0.7993 -0.0006
vn 0.0000 -0.0493 -0.9988
vn 0.1541 -0.0000 -0.9881
vn 0.0000 0.0000 -1.0000
vn 0.0323 -0.0429 0.9986
vn 0.9568 0.2908 0.0029
vn 0.0000 -1.0000 -0.0000
vn -0.0994 0.0299 0.9946
vn -0.9568 0.2907 0.0028
vn -0.4870 0.8733 0.0132
vn 0.6010 -0.7993 -0.0005
vn 0.0994 0.0299 -0.9946
vn -0.1250 -0.9918 -0.0249
vn -0.2820 -0.9591 -0.0241
vn -0.4383 -0.8986 -0.0220
vn -0.5846 -0.8111 -0.0209
vn -0.7505 -0.6607 -0.0172
vn 0.7491 -0.6622 -0.0142
vn 0.5907 -0.8067 -0.0196
vn 0.4383 -0.8985 -0.0221
vn 0.2819 -0.9591 -0.0241
vn 0.1250 -0.9918 -0.0250
vn -0.1103 -0.9939 -0.0000
vn -0.3235 -0.9462 -0.0001
vn -0.5160 -0.8566 -0.0004
vn -0.6693 -0.7430 -0.0031
vn -0.8165 -0.5773 -0.0043
vn 0.8153 -0.5791 -0.0010
vn 0.6754 -0.7375 -0.0016
vn 0.5160 -0.8566 -0.0004
vn 0.3235 -0.9462 -0.0002
vn 0.1103 -0.9939 -0.0000
vn -0.3235 -0.9462 -0.0002
vn -0.5160 -0.8566 -0.0005
vn -0.6695 -0.7428 -0.0032
vn 0.8152 -0.5792 -0.0013
vn 0.6753 -0.7376 -0.0018
vn 0.5160 -0.8566 -0.0005
vn -0.6011 -0.7992 0.0000
vn -0.6009 -0.7993 -0.0011
vn -0.9751 -0.2218 0.0003
vn -0.9751 -0.2219 -0.0023
vn -0.4897 0.8719 0.0063
vn -0.4908 0.8711 0.0192
vn -0.9573 0.2891 -0.0003
vn -0.9576 0.2881 0.0056
vn 0.6009 -0.7993 -0.0011
vn 0.6011 -0.7992 0.0000
vn 0.9751 -0.2219 -0.0022
vn 0.9751 -0.2218 0.0000
vn 0.4908 0.8710 0.0192
vn 0.4897 0.8719 0.0063
vn 0.9576 0.2882 0.0057
vn 0.9573 0.2892 -0.0002
vn -1.0000 -0.0000 -0.0026
vn -1.0000 -0.0000 0.0001
vn -1.0000 0.0006 0.0000
vn -1.0000 -0.0008 0.0002
vn 1.0000 -0.0000 -0.0025
vn 0.0000 1.0000 0.0086
vn 0.0000 0.9997 0.0228
vn 1.0000 -0.0000 0.0002
vn 1.0000 0.0005 0.0002
vn 1.0000 -0.0007 0.0000
vn 0.1542 -0.0000 0.9880
vn 0.1541 0.0001 0.9881
vn 0.1540 -0.0001 0.9881
vn 0.0000 0.0691 -0.9976
vn -0.1545 0.0000 -0.9880
vn -0.0321 -0.0427 -0.9986
vn -0.0991 -0.0225 -0.9948
vn -0.0333 0.0590 0.9977
vn -0.0990 0.0299 -0.9946
vn 0.0322 -0.0427 -0.9986
vn 0.0986 -0.0224 0.9949
vn 0.0332 0.0590 -0.9977
vn 0.0995 0.0299 0.9946
vn 0.0000 -0.0493 0.9988
vn 0.9751 -0.2218 -0.0011
vn -1.0000 -0.0000 -0.0012
vn -0.9751 -0.2217 -0.0011
vn 1.0000 -0.0000 -0.0011
vn -0.0990 -0.0225 0.9948
vn -0.1540 -0.0001 0.9881
vn -0.1541 -0.0000 0.9880
vn -0.1543 0.0001 0.9880
vn 0.0988 -0.0225 -0.9949
vn 0.0000 0.9999 0.0161
vn -0.0332 0.0590 -0.9977
vn 0.4870 0.8733 0.0132
vn 0.0000 0.0688 0.9976
vn 0.0331 0.0585 0.9977
vn -0.0968 -0.8008 -0.5910
vn -0.4289 -0.7024 -0.5680
vn -0.0650 -0.1871 -0.9802
vn -0.0968 -0.8009 0.5910
vn -0.0650 -0.1871 0.9802
vn -0.4289 -0.7027 0.5676
vn -0.8878 -0.3146 0.3359
vn -0.6850 -0.5729 0.4500
vn -0.2804 -0.1462 0.9487
vn -0.8873 -0.3142 -0.3376
vn -0.2802 -0.1460 -0.9488
vn -0.6845 -0.5725 -0.4513
vn -0.6847 -0.5725 -0.4511
vn -0.9733 -0.0385 0.2265
vn -0.9478 -0.1611 0.2751
vn -0.4823 -0.0366 0.8752
vn -0.9727 -0.0384 -0.2287
vn -0.4820 -0.0365 -0.8754
vn -0.9472 -0.1610 -0.2773
vn -0.0990 0.8768 0.4705
vn -0.3686 0.8017 0.4705
vn -0.0703 0.2567 0.9639
vn -0.1003 0.8878 -0.4491
vn -0.0708 0.2580 -0.9635
vn -0.3734 0.8105 -0.4514
vn -0.8540 0.4133 -0.3160
vn -0.8540 0.4134 -0.3160
vn -0.8541 0.4133 -0.3159
vn -0.6100 0.6935 -0.3834
vn -0.2800 0.1987 -0.9392
vn -0.8511 0.4126 0.3245
vn -0.2789 0.1984 0.9396
vn -0.6048 0.6890 0.3993
vn -0.9724 0.0491 -0.2280
vn -0.9398 0.2073 -0.2717
vn -0.4820 0.0470 -0.8749
vn -0.9726 0.0494 0.2271
vn -0.4820 0.0472 0.8749
vn -0.9390 0.2077 0.2742
vn 0.0968 -0.8009 0.5910
vn 0.4289 -0.7027 0.5676
vn 0.0650 -0.1871 0.9802
vn 0.0968 -0.8008 -0.5910
vn 0.0650 -0.1871 -0.9802
vn 0.4289 -0.7024 -0.5680
vn 0.8873 -0.3143 -0.3375
vn 0.6846 -0.5725 -0.4512
vn 0.2802 -0.1460 -0.9488
vn 0.8878 -0.3146 0.3359
vn 0.2804 -0.1462 0.9487
vn 0.6850 -0.5729 0.4500
vn 0.9727 -0.0385 -0.2288
vn 0.9474 -0.1609 -0.2768
vn 0.4821 -0.0365 -0.8754
vn 0.9732 -0.0385 0.2266
vn 0.4823 -0.0366 0.8753
vn 0.9478 -0.1611 0.2751
vn 0.1003 0.8878 -0.4491
vn 0.3733 0.8105 -0.4513
vn 0.0708 0.2580 -0.9635
vn 0.0990 0.8768 0.4705
vn 0.0702 0.2567 0.9639
vn 0.3685 0.8017 0.4705
vn 0.8510 0.4127 0.3247
vn 0.6048 0.6890 0.3993
vn 0.2789 0.1984 0.9396
vn 0.8543 0.4131 -0.3154
vn 0.2802 0.1987 -0.9392
vn 0.6100 0.6935 -0.3832
vn 0.9727 0.0493 0.2268
vn 0.9391 0.2076 0.2740
vn 0.4818 0.0472 0.8750
vn 0.9724 0.0492 -0.2279
vn 0.4818 0.0472 -0.8750
vn 0.9399 0.2074 -0.2714
vn -0.2037 -0.9790 -0.0001
vn -0.4607 -0.8876 -0.0004
vn -0.9322 -0.3619 -0.0010
vn -0.7888 -0.6146 -0.0008
vn -0.9981 -0.0623 -0.0012
vn -0.9879 -0.1554 -0.0012
vn -0.1726 0.9849 0.0157
vn -0.3669 0.9302 0.0146
vn -0.8834 0.4686 0.0060
vn -0.6856 0.7279 0.0102
vn -0.9968 0.0800 -0.0002
vn -0.9797 0.2003 0.0013
vn 0.2037 -0.9790 -0.0001
vn 0.4607 -0.8876 -0.0003
vn 0.9322 -0.3620 -0.0009
vn 0.7889 -0.6146 -0.0008
vn 0.9981 -0.0620 -0.0013
vn 0.9879 -0.1553 -0.0011
vn 0.1726 0.9849 0.0157
vn 0.3669 0.9302 0.0146
vn 0.8833 0.4687 0.0060
vn 0.6856 0.7279 0.0103
vn 0.9968 0.0801 -0.0002
vn 0.9797 0.2003 0.0013
vn -0.0922 -0.1221 -0.9882
vn -0.4548 -0.6043 -0.6542
vn -0.0921 -0.1221 0.9882
vn -0.4549 -0.6047 0.6538
vn -0.2698 -0.0610 -0.9610
vn -0.8853 -0.2011 -0.4194
vn -0.2698 -0.0610 0.9610
vn -0.8860 -0.2014 0.4177
vn -0.0945 0.1678 0.9813
vn -0.4020 0.7198 0.5660
vn -0.0950 0.1681 -0.9812
vn -0.4074 0.7277 -0.5518
vn -0.2682 0.0804 0.9600
vn -0.8694 0.2636 0.4179
vn -0.2686 0.0803 -0.9599
vn -0.8715 0.2635 -0.4137
vn 0.0922 -0.1221 0.9882
vn 0.4549 -0.6047 0.6537
vn 0.0922 -0.1221 -0.9882
vn 0.4548 -0.6043 -0.6542
vn 0.2699 -0.0610 0.9610
vn 0.8860 -0.2014 0.4178
vn 0.2697 -0.0610 -0.9610
vn 0.8853 -0.2012 -0.4193
vn 0.0950 0.1682 -0.9812
vn 0.4074 0.7277 -0.5517
vn 0.0945 0.1678 0.9813
vn 0.4020 0.7198 0.5660
vn 0.2687 0.0804 -0.9599
vn 0.8717 0.2634 -0.4133
vn 0.2682 0.0804 0.9600
vn 0.8694 0.2636 0.4179
vn 0.0000 -0.1409 -0.9900
vn 0.0000 -0.7288 -0.6847
vn 0.0000 -0.1409 0.9900
vn 0.0000 -0.7288 0.6847
vn -0.3955 -0.0000 0.9184
vn -0.9552 -0.0000 0.2960
vn -0.3953 -0.0003 -0.9186
vn -0.3949 -0.0000 -0.9187
vn -0.3953 0.0002 -0.9185
vn -0.9607 -0.0001 -0.2777
vn 0.9552 -0.0000 0.2961
vn 0.3956 -0.0000 0.9184
vn 0.0000 0.8216 0.5700
vn 0.0000 0.1931 0.9812
vn 0.0000 0.1938 -0.9810
vn 0.0000 0.8334 -0.5526
vn 0.9604 -0.0001 -0.2788
vn 0.3950 -0.0000 -0.9187
vn 0.3951 0.0002 -0.9186
vn 0.3953 -0.0003 -0.9185
vn -0.0323 -0.0429 0.9986
vn 0.5082 -0.8612 -0.0001
vn 0.6715 -0.7410 0.0000
vn 0.1081 -0.9941 0.0000
vn -0.1245 -0.9920 -0.0184
vn 0.3176 -0.9482 0.0000
vn -0.5864 -0.8099 -0.0140
vn -0.4341 -0.9007 -0.0163
vn -0.9960 -0.0889 0.0000
vn -0.2800 -0.9598 -0.0177
vn -0.9001 0.4358 0.0000
vn -0.9001 -0.4357 -0.0001
vn 0.9643 -0.2649 0.0000
vn -0.8026 -0.5966 -0.0001
vn 0.9960 -0.0889 0.0000
vn 0.8026 -0.5966 0.0000
vn -0.7311 -0.6822 -0.0112
vn 0.9001 -0.4358 0.0000
vn -0.9943 -0.1068 -0.0013
vn -0.9476 -0.3195 -0.0043
vn -0.8026 0.5966 0.0000
vn -0.8564 -0.5163 -0.0078
vn -0.3176 0.9482 0.0000
vn -0.9643 0.2649 0.0000
vn 0.9001 0.4358 0.0000
vn -0.9960 0.0889 0.0000
vn 0.8026 0.5965 0.0000
vn 0.9960 0.0889 0.0000
vn -0.9945 0.1046 0.0011
vn 0.9643 0.2649 0.0000
vn -0.7724 0.6351 0.0038
vn -0.8776 0.4793 0.0035
vn -0.1081 0.9941 0.0000
vn -0.9533 0.3019 0.0027
vn 0.5082 0.8612 -0.0000
vn -0.5082 0.8612 0.0000
vn 0.3176 0.9482 0.0000
vn -0.6715 0.7410 0.0000
vn 0.1081 0.9941 0.0000
vn 0.6714 0.7411 0.0000
vn -0.6400 0.7684 0.0036
vn -0.0983 0.9952 0.0025
vn -0.2989 0.9543 0.0029
vn 0.6715 0.7410 0.0000
vn -0.4814 0.8765 0.0033
vn 0.9643 0.2649 -0.0003
vn -0.5082 0.8612 -0.0001
vn -0.6714 0.7411 -0.0000
vn 0.0983 0.9952 0.0025
vn 0.6400 0.7684 0.0036
vn 0.4814 0.8765 0.0033
vn 0.9960 0.0889 -0.0003
vn 0.2989 0.9543 0.0029
vn 0.9001 -0.4358 -0.0002
vn 0.9000 0.4358 -0.0001
vn 0.8026 0.5966 0.0000
vn -0.8026 0.5965 0.0000
vn 0.7724 0.6351 0.0038
vn 0.9945 0.1046 0.0011
vn 0.9533 0.3019 0.0027
vn 0.8026 -0.5965 -0.0002
vn 0.8776 0.4793 0.0035
vn 0.9643 -0.2650 -0.0003
vn -0.9001 -0.4358 0.0000
vn 0.9960 -0.0889 -0.0003
vn -0.8026 -0.5966 0.0000
vn 0.9943 -0.1068 -0.0013
vn -0.9643 -0.2649 0.0000
vn 0.7311 -0.6822 -0.0112
vn 0.8564 -0.5163 -0.0078
vn 0.9476 -0.3195 -0.0043
vn 0.5082 -0.8612 0.0000
vn -0.3176 -0.9482 0.0000
vn 0.6714 -0.7411 -0.0001
vn -0.1081 -0.9941 0.0000
vn -0.6715 -0.7410 0.0000
vn 0.5864 -0.8099 -0.0141
vn -0.5082 -0.8612 0.0000
vn 0.1245 -0.9920 -0.0184
vn 0.2800 -0.9598 -0.0177
vn 0.4341 -0.9007 -0.0163
vn -0.6714 -0.7411 -0.0001
vn -0.5082 -0.8612 -0.0001
vn 0.1257 0.9917 0.0258
vn 0.2811 0.9593 0.0249
vn 0.4363 0.8995 0.0228
vn 0.5819 0.8130 0.0216
vn 0.7479 0.6636 0.0178
vn -0.7466 0.6651 0.0149
vn -0.5880 0.8086 0.0203
vn -0.4362 0.8995 0.0229
vn -0.2811 0.9594 0.0249
vn -0.1257 0.9917 0.0258
vn 0.1104 0.9939 0.0001
vn 0.3232 0.9463 0.0002
vn 0.5160 0.8566 0.0004
vn 0.6693 0.7430 0.0031
vn 0.8165 0.5773 0.0043
vn -0.8153 0.5790 0.0010
vn -0.6753 0.7375 0.0016
vn -0.5160 0.8566 0.0004
vn -0.3232 0.9463 0.0002
vn -0.1104 0.9939 0.0001
vn 0.1103 0.9939 0.0000
vn 0.3234 0.9463 0.0002
vn 0.5160 0.8566 0.0005
vn 0.6696 0.7427 0.0032
vn 0.8166 0.5772 0.0043
vn -0.8152 0.5792 0.0013
vn -0.6753 0.7375 0.0018
vn -0.5160 0.8566 0.0005
vn -0.3234 0.9463 0.0002
vn -0.1103 0.9939 0.0000
vn -0.0005 -0.0010 1.0000
vn 0.0001 -0.0007 1.0000
vn 0.0003 0.0009 -1.0000
vn -0.0003 0.0009 -1.0000
vn 0.0001 0.0009 -1.0000
vn -0.0003 -0.0007 1.0000
vn 0.1693 0.0010 -0.9856
vn 0.0003 -0.0007 1.0000
vn -0.0001 -0.0007 1.0000
vn -0.0007 -0.0010 1.0000
vn 0.0005 0.0009 -1.0000
vn -0.0001 0.0009 -1.0000
vn -0.0004 -0.0007 1.0000
vn 0.1280 0.0011 -0.9918
vn -0.0010 -0.0009 1.0000
vn 0.1186 0.0006 -0.9929
vn 1.0000 0.0003 0.0019
vn -0.0007 -0.0007 1.0000
vn -1.0000 -0.0010 -0.0016
vn -0.1781 0.0008 -0.9840
vn 0.1956 0.0008 -0.9807
vn 0.0010 -0.0009 1.0000
vn -0.0010 -0.0007 1.0000
vn 0.1191 0.0008 -0.9929
vn 1.0000 -0.0003 0.0019
vn -0.1367 0.0009 -0.9906
vn -1.0000 -0.0014 -0.0016
vn 0.0007 -0.0010 1.0000
vn -0.1779 0.0006 -0.9840
vn 0.1957 0.0008 -0.9807
vn 0.0010 -0.0007 1.0000
vn -0.0006 0.0011 -1.0000
vn 0.0005 -0.0010 1.0000
vn 1.0000 0.0004 0.0019
vn -0.1365 0.0007 -0.9906
vn -1.0000 -0.0007 -0.0012
vn 0.0007 -0.0007 1.0000
vn -0.0003 0.0012 -1.0000
vn 0.0001 0.0012 -1.0000
vn -0.1780 0.0007 -0.9840
vn 0.0003 -0.0010 1.0000
vn -0.0001 -0.0010 1.0000
vn -0.0005 0.0009 -1.0000
vn 0.0004 -0.0007 1.0000
vn -0.0001 0.0012 -1.0000
vn -0.1365 0.0008 -0.9906
vn 0.0001 -0.0013 1.0000
vn 0.0003 0.0012 -1.0000
vn -0.0003 -0.0010 1.0000
vn 0.0006 0.0011 -1.0000
vn 0.0000 1.0000 0.0000
vn -0.0000 1.0000 0.0024
vn 0.0000 -1.0000 -0.0027
vn -0.9664 0.2307 0.1133
vn -0.7452 0.6611 0.0876
vn -0.2891 0.9567 0.0338
vn 0.2891 0.9567 -0.0339
vn 0.7455 0.6608 -0.0875
vn 0.9667 0.2293 -0.1134
vn 0.9665 -0.2301 -0.1136
vn 0.7452 -0.6611 -0.0875
vn 0.2890 -0.9567 -0.0339
vn -0.2891 -0.9567 0.0339
vn -0.7456 -0.6607 0.0871
vn -0.9668 -0.2293 0.1130
vn -0.9181 0.2222 0.3281
vn -0.7175 0.6477 0.2565
vn -0.2832 0.9537 0.1012
vn 0.2833 0.9537 -0.1013
vn 0.7176 0.6474 -0.2567
vn 0.9180 0.2215 -0.3288
vn 0.9180 -0.2221 -0.3285
vn 0.7174 -0.6476 -0.2568
vn 0.2832 -0.9537 -0.1012
vn -0.2832 -0.9537 0.1012
vn -0.7178 -0.6473 0.2564
vn -0.9183 -0.2215 0.3280
vn -0.8343 0.2093 0.5100
vn -0.6670 0.6236 0.4077
vn -0.2718 0.9479 0.1660
vn 0.2718 0.9479 -0.1661
vn 0.6672 0.6234 -0.4077
vn 0.8345 0.2086 -0.5100
vn 0.8343 -0.2091 -0.5101
vn 0.6669 -0.6236 -0.4078
vn 0.2717 -0.9479 -0.1660
vn -0.2718 -0.9479 0.1660
vn -0.6672 -0.6233 0.4079
vn -0.8346 -0.2087 0.5098
vn -0.7336 0.1942 0.6513
vn -0.6016 0.5939 0.5342
vn -0.2552 0.9399 0.2268
vn 0.2552 0.9399 -0.2268
vn 0.6016 0.5935 -0.5347
vn 0.7332 0.1937 -0.6519
vn 0.7333 -0.1941 -0.6516
vn 0.6014 -0.5938 -0.5345
vn 0.2551 -0.9399 -0.2268
vn -0.2552 -0.9399 0.2267
vn -0.6018 -0.5936 0.5344
vn -0.7337 -0.1936 0.6514
vn -0.6286 0.1795 0.7567
vn -0.5282 0.5626 0.6360
vn -0.2343 0.9304 0.2819
vn 0.2343 0.9304 -0.2818
vn 0.5283 0.5623 -0.6361
vn 0.6285 0.1792 -0.7569
vn 0.6284 -0.1795 -0.7569
vn 0.5281 -0.5625 -0.6361
vn 0.2342 -0.9304 -0.2819
vn -0.2342 -0.9304 0.2820
vn -0.5282 -0.5624 0.6362
vn -0.6287 -0.1789 0.7568
vn -0.5271 0.1666 0.8333
vn -0.4525 0.5328 0.7151
vn -0.2094 0.9201 0.3311
vn 0.2094 0.9201 -0.3311
vn 0.4524 0.5327 -0.7152
vn 0.5272 0.1661 -0.8334
vn 0.5272 -0.1664 -0.8333
vn 0.4524 -0.5329 -0.7151
vn 0.2093 -0.9201 -0.3311
vn -0.2094 -0.9201 0.3311
vn -0.4525 -0.5327 0.7152
vn -0.5272 -0.1661 0.8334
vn -0.4321 0.1557 0.8883
vn -0.3772 0.5065 0.7754
vn -0.1815 0.9098 0.3732
vn 0.1816 0.9097 -0.3734
vn 0.3772 0.5064 -0.7755
vn 0.4321 0.1554 -0.8883
vn 0.4321 -0.1556 -0.8883
vn 0.3771 -0.5065 -0.7754
vn 0.1816 -0.9098 -0.3733
vn -0.1815 -0.9098 0.3732
vn -0.3772 -0.5063 0.7755
vn -0.4321 -0.1553 0.8884
vn -0.3436 0.1469 0.9276
vn -0.3039 0.4845 0.8203
vn -0.1513 0.9001 0.4086
vn 0.1514 0.9001 -0.4086
vn 0.3040 0.4844 -0.8204
vn 0.3436 0.1467 -0.9276
vn 0.3435 -0.1468 -0.9276
vn 0.3039 -0.4845 -0.8203
vn 0.1514 -0.9001 -0.4085
vn -0.1513 -0.9001 0.4086
vn -0.3039 -0.4844 0.8204
vn -0.3437 -0.1466 0.9276
vn -0.2611 0.1401 0.9551
vn -0.2332 0.4671 0.8529
vn -0.1194 0.8918 0.4363
vn 0.1193 0.8917 -0.4366
vn 0.2332 0.4668 -0.8530
vn 0.2613 0.1400 -0.9551
vn 0.2613 -0.1400 -0.9550
vn 0.2331 -0.4670 -0.8530
vn 0.1193 -0.8917 -0.4366
vn -0.1194 -0.8917 0.4367
vn -0.2331 -0.4670 0.8530
vn -0.2610 -0.1399 0.9551
vn -0.1831 0.1353 0.9737
vn -0.1647 0.4540 0.8757
vn -0.0861 0.8850 0.4576
vn 0.0861 0.8850 -0.4575
vn 0.1648 0.4539 -0.8757
vn 0.1831 0.1351 -0.9738
vn 0.1831 -0.1351 -0.9738
vn 0.1647 -0.4539 -0.8757
vn 0.0861 -0.8851 -0.4575
vn -0.0861 -0.8850 0.4576
vn -0.1647 -0.4539 0.8757
vn -0.1831 -0.1352 0.9738
vn -0.1086 0.1322 0.9853
vn -0.0982 0.4453 0.8900
vn -0.0519 0.8804 0.4714
vn 0.0519 0.8803 -0.4715
vn 0.0981 0.4454 -0.8899
vn 0.1087 0.1320 -0.9853
vn 0.1084 -0.1322 -0.9853
vn 0.0981 -0.4454 -0.8899
vn 0.0519 -0.8804 -0.4715
vn -0.0519 -0.8804 0.4713
vn -0.0982 -0.4452 0.8900
vn -0.1086 -0.1321 0.9853
vn -0.0359 0.1306 0.9908
vn -0.0326 0.4410 0.8969
vn -0.0174 0.8780 0.4783
vn 0.0175 0.8780 -0.4784
vn 0.0326 0.4411 -0.8969
vn 0.0360 0.1306 -0.9908
vn 0.0359 -0.1305 -0.9908
vn 0.0326 -0.4411 -0.8969
vn 0.0175 -0.8780 -0.4784
vn -0.0174 -0.8781 0.4782
vn -0.0326 -0.4410 0.8969
vn -0.0359 -0.1305 0.9908
vn 0.0359 0.1306 0.9908
vn 0.0326 0.4410 0.8969
vn 0.0174 0.8780 0.4783
vn -0.0175 0.8780 -0.4784
vn -0.0326 0.4411 -0.8969
vn -0.0360 0.1306 -0.9908
vn -0.0360 -0.1305 -0.9908
vn -0.0326 -0.4411 -0.8969
vn -0.0175 -0.8780 -0.4783
vn 0.0174 -0.8780 0.4783
vn 0.0326 -0.4409 0.8969
vn 0.0359 -0.1305 0.9908
vn 0.1086 0.1322 0.9853
vn 0.0981 0.4452 0.8900
vn 0.0519 0.8804 0.4714
vn -0.0519 0.8804 -0.4715
vn -0.0982 0.4454 -0.8899
vn -0.1087 0.1320 -0.9853
vn -0.1085 -0.1322 -0.9853
vn -0.0981 -0.4454 -0.8899
vn -0.0519 -0.8803 -0.4715
vn 0.0519 -0.8804 0.4714
vn 0.0982 -0.4452 0.8900
vn 0.1086 -0.1321 0.9853
vn 0.1831 0.1353 0.9737
vn 0.1648 0.4539 0.8757
vn 0.0861 0.8850 0.4576
vn -0.0861 0.8850 -0.4575
vn -0.1647 0.4539 -0.8757
vn -0.1831 0.1351 -0.9738
vn -0.1830 -0.1351 -0.9738
vn -0.1647 -0.4539 -0.8757
vn -0.0861 -0.8850 -0.4575
vn 0.0861 -0.8850 0.4576
vn 0.1647 -0.4539 0.8757
vn 0.1831 -0.1352 0.9738
vn 0.2610 0.1401 0.9551
vn 0.2331 0.4671 0.8529
vn 0.1194 0.8916 0.4367
vn -0.1193 0.8917 -0.4366
vn -0.2332 0.4669 -0.8530
vn -0.2613 0.1400 -0.9551
vn -0.2613 -0.1400 -0.9550
vn -0.2331 -0.4669 -0.8530
vn -0.1193 -0.8917 -0.4367
vn 0.1194 -0.8917 0.4367
vn 0.2332 -0.4667 0.8531
vn 0.2610 -0.1399 0.9551
vn 0.3437 0.1468 0.9275
vn 0.3039 0.4845 0.8203
vn 0.1513 0.9001 0.4086
vn -0.1514 0.9001 -0.4086
vn -0.3039 0.4843 -0.8204
vn -0.3435 0.1467 -0.9276
vn -0.3435 -0.1468 -0.9276
vn -0.3038 -0.4844 -0.8204
vn -0.1513 -0.9001 -0.4086
vn 0.1513 -0.9001 0.4086
vn 0.3038 -0.4843 0.8204
vn 0.3436 -0.1466 0.9276
vn 0.4319 0.1556 0.8884
vn 0.3771 0.5065 0.7754
vn 0.1815 0.9098 0.3732
vn -0.1816 0.9097 -0.3734
vn -0.3772 0.5063 -0.7755
vn -0.4321 0.1555 -0.8883
vn -0.4319 -0.1554 -0.8884
vn -0.3771 -0.5065 -0.7754
vn -0.1816 -0.9098 -0.3733
vn 0.1816 -0.9098 0.3733
vn 0.3772 -0.5063 0.7755
vn 0.4320 -0.1554 0.8884
vn 0.5271 0.1664 0.8333
vn 0.4524 0.5329 0.7151
vn 0.2093 0.9201 0.3311
vn -0.2093 0.9200 -0.3312
vn -0.4524 0.5326 -0.7153
vn -0.5271 0.1662 -0.8334
vn -0.5269 -0.1664 -0.8335
vn -0.4523 -0.5328 -0.7152
vn -0.2093 -0.9201 -0.3311
vn 0.2094 -0.9201 0.3311
vn 0.4524 -0.5326 0.7153
vn 0.5271 -0.1662 0.8334
vn 0.6285 0.1794 0.7568
vn 0.5282 0.5626 0.6360
vn 0.2343 0.9304 0.2820
vn -0.2341 0.9303 -0.2825
vn -0.5282 0.5623 -0.6362
vn -0.6285 0.1792 -0.7569
vn -0.6284 -0.1795 -0.7569
vn -0.5282 -0.5623 -0.6362
vn -0.2342 -0.9304 -0.2819
vn 0.2342 -0.9304 0.2820
vn 0.5282 -0.5624 0.6362
vn 0.6286 -0.1790 0.7569
vn 0.7335 0.1941 0.6514
vn 0.6015 0.5938 0.5344
vn 0.2552 0.9399 0.2268
vn -0.2553 0.9399 -0.2268
vn -0.6015 0.5936 -0.5346
vn -0.7335 0.1936 -0.6516
vn -0.7331 -0.1941 -0.6518
vn -0.6014 -0.5937 -0.5347
vn -0.2552 -0.9399 -0.2269
vn 0.2551 -0.9399 0.2268
vn 0.6016 -0.5935 0.5346
vn 0.7336 -0.1937 0.6515
vn 0.8344 0.2091 0.5100
vn 0.6670 0.6236 0.4077
vn 0.2717 0.9479 0.1661
vn -0.2718 0.9479 -0.1662
vn -0.6670 0.6235 -0.4079
vn -0.8344 0.2087 -0.5102
vn -0.8343 -0.2091 -0.5101
vn -0.6669 -0.6236 -0.4078
vn -0.2718 -0.9479 -0.1662
vn 0.2717 -0.9479 0.1661
vn 0.6672 -0.6233 0.4079
vn 0.8345 -0.2085 0.5101
vn 0.9180 0.2224 0.3283
vn 0.7175 0.6477 0.2565
vn 0.2832 0.9537 0.1012
vn -0.2833 0.9537 -0.1013
vn -0.7176 0.6474 -0.2568
vn -0.9180 0.2218 -0.3288
vn -0.9179 -0.2222 -0.3288
vn -0.7174 -0.6476 -0.2569
vn -0.2832 -0.9537 -0.1014
vn 0.2832 -0.9537 0.1014
vn 0.7177 -0.6473 0.2566
vn 0.9182 -0.2215 0.3284
vn 0.9666 0.2299 0.1134
vn 0.7452 0.6611 0.0874
vn 0.2890 0.9567 0.0339
vn -0.2891 0.9567 -0.0340
vn -0.7454 0.6609 -0.0877
vn -0.9666 0.2295 -0.1138
vn -0.9665 -0.2299 -0.1137
vn -0.7452 -0.6611 -0.0874
vn -0.2890 -0.9567 -0.0339
vn 0.2891 -0.9567 0.0339
vn 0.7454 -0.6608 0.0874
vn 0.9667 -0.2293 0.1134
vn 0.7485 -0.6632 -0.0006
vn -0.2894 -0.9572 -0.0003
vn 0.9728 -0.2314 0.0006
vn -0.2894 0.9572 0.0002
vn -0.9729 0.2314 -0.0010
vn -0.7483 0.6633 0.0004
vn -0.9730 0.2308 0.0005
vn -0.7481 0.6636 -0.0007
vn 0.2894 0.9572 0.0002
vn 0.2893 -0.9572 -0.0002
vn -0.2893 -0.9572 0.0002
vn -0.7481 -0.6636 0.0004
vn 0.9729 0.2314 -0.0009
vn -0.9730 -0.2306 -0.0010
vn 0.2893 0.9572 -0.0002
vn 0.7481 -0.6636 0.0005
vn 0.9730 -0.2308 -0.0009
vn 0.7481 0.6636 -0.0006
vn -0.9729 -0.2313 0.0005
vn -0.2893 0.9572 -0.0003
vn -0.7485 -0.6632 -0.0007
vn 0.2893 -0.9572 0.0002
vn 0.7484 0.6633 0.0005
vn 0.9730 0.2308 0.0007
vn 0.9730 -0.2308 -0.0007
vn -0.7482 -0.6634 0.0004
vn -0.2894 0.9572 -0.0002
vn -0.7482 0.6635 -0.0005
vn 0.9728 -0.2314 0.0005
vn -0.7485 0.6632 0.0003
vn 0.7483 0.6633 -0.0007
vn 0.9730 0.2308 0.0003
vn -0.9729 0.2314 -0.0007
vn -0.2894 -0.9572 -0.0002
vn -0.9730 0.2308 0.0003
vn -0.9730 -0.2306 -0.0009
vn 0.2894 -0.9572 -0.0001
vn 0.7485 0.6632 0.0003
vn 0.2894 0.9572 -0.0002
vn 0.2894 -0.9572 0.0002
vn -0.9729 -0.2313 0.0004
vn 0.2894 0.9572 0.0001
vn 0.7486 -0.6630 -0.0005
vn 0.9729 0.2314 -0.0007
vn 0.7482 -0.6635 0.0005
vn -0.7485 -0.6631 -0.0007
vn -0.9666 0.2301 0.1130
vn -0.7452 0.6611 0.0873
vn -0.2890 0.9567 0.0339
vn 0.2890 0.9567 -0.0339
vn 0.7453 0.6610 -0.0875
vn 0.9666 -0.2298 -0.1134
vn 0.7452 -0.6611 -0.0874
vn -0.2889 -0.9567 0.0339
vn -0.7454 -0.6609 0.0873
vn -0.9180 0.2223 0.3283
vn 0.2832 0.9537 -0.1012
vn 0.7176 0.6475 -0.2565
vn 0.9181 0.2217 -0.3285
vn 0.9179 -0.2220 -0.3288
vn 0.7174 -0.6476 -0.2569
vn 0.2832 -0.9537 -0.1014
vn -0.2831 -0.9537 0.1013
vn -0.7176 -0.6475 0.2565
vn -0.9182 -0.2220 0.3281
vn -0.8345 0.2092 0.5098
vn -0.6671 0.6236 0.4075
vn -0.2717 0.9480 0.1660
vn 0.6670 0.6235 -0.4079
vn 0.8342 0.2088 -0.5104
vn 0.8342 -0.2090 -0.5104
vn 0.2717 -0.9479 -0.1661
vn -0.2716 -0.9480 0.1660
vn -0.6671 -0.6234 0.4078
vn -0.8345 -0.2085 0.5101
vn -0.7332 0.1943 0.6517
vn -0.6015 0.5938 0.5344
vn -0.2551 0.9400 0.2267
vn 0.6016 0.5936 -0.5345
vn 0.7334 0.1940 -0.6515
vn 0.7334 -0.1941 -0.6515
vn 0.6015 -0.5937 -0.5344
vn -0.2551 -0.9400 0.2267
vn -0.6016 -0.5937 0.5345
vn -0.7336 -0.1937 0.6514
vn -0.6285 0.1794 0.7568
vn -0.5281 0.5627 0.6360
vn -0.2342 0.9304 0.2820
vn 0.2342 0.9304 -0.2819
vn 0.5283 0.5622 -0.6363
vn 0.6284 0.1793 -0.7569
vn 0.5283 -0.5625 -0.6360
vn -0.2341 -0.9304 0.2820
vn -0.5281 -0.5624 0.6362
vn -0.6285 -0.1791 0.7569
vn -0.5270 0.1665 0.8334
vn -0.4524 0.5329 0.7151
vn 0.2093 0.9201 -0.3311
vn 0.4525 0.5326 -0.7153
vn 0.5272 0.1663 -0.8333
vn 0.2094 -0.9200 -0.3312
vn -0.2094 -0.9201 0.3310
vn -0.4524 -0.5327 0.7152
vn -0.5271 -0.1662 0.8334
vn -0.4320 0.1556 0.8884
vn -0.3771 0.5064 0.7754
vn 0.1816 0.9098 -0.3733
vn 0.3772 0.5063 -0.7754
vn 0.4322 0.1554 -0.8883
vn 0.4322 -0.1555 -0.8883
vn 0.1816 -0.9097 -0.3734
vn -0.3771 -0.5064 0.7755
vn -0.4319 -0.1554 0.8884
vn -0.3437 0.1468 0.9275
vn -0.1513 0.9001 0.4085
vn 0.1514 0.9001 -0.4085
vn 0.3040 0.4844 -0.8203
vn 0.3436 -0.1467 -0.9276
vn -0.3437 -0.1467 0.9276
vn -0.1194 0.8917 0.4367
vn 0.1194 0.8917 -0.4366
vn 0.2332 0.4669 -0.8530
vn 0.2332 -0.4669 -0.8530
vn -0.2332 -0.4670 0.8530
vn -0.2611 -0.1399 0.9551
vn -0.1648 0.4539 0.8757
vn 0.0861 0.8851 -0.4575
vn 0.0861 -0.8850 -0.4575
vn -0.1831 -0.1352 0.9737
vn -0.0519 0.8804 0.4713
vn 0.0519 0.8804 -0.4715
vn 0.0982 0.4454 -0.8900
vn 0.1087 0.1321 -0.9853
vn 0.1087 -0.1320 -0.9853
vn 0.0982 -0.4454 -0.8899
vn 0.0519 -0.8803 -0.4715
vn -0.0519 -0.8804 0.4714
vn -0.0982 -0.4453 0.8900
vn -0.0175 0.8780 0.4783
vn 0.0360 -0.1305 -0.9908
vn 0.0175 -0.8780 -0.4783
vn -0.0174 -0.8780 0.4783
vn 0.0175 0.8780 0.4783
vn -0.0175 -0.8780 -0.4784
vn 0.0175 -0.8780 0.4783
vn 0.0326 -0.4410 0.8969
vn 0.0982 0.4453 0.8900
vn 0.0519 0.8804 0.4713
vn -0.0519 0.8803 -0.4715
vn -0.1087 0.1321 -0.9853
vn -0.1087 -0.1320 -0.9853
vn -0.0982 -0.4454 -0.8900
vn 0.0519 -0.8804 0.4713
vn 0.1647 0.4539 0.8757
vn -0.1648 0.4539 -0.8757
vn -0.1835 -0.1355 -0.9736
vn 0.1831 -0.1352 0.9737
vn 0.2611 0.1401 0.9551
vn 0.2332 0.4670 0.8529
vn 0.1194 0.8917 0.4367
vn -0.2332 0.4668 -0.8531
vn -0.2332 -0.4669 -0.8530
vn -0.1193 -0.8917 -0.4366
vn 0.1194 -0.8916 0.4367
vn 0.2332 -0.4671 0.8529
vn 0.2611 -0.1399 0.9551
vn 0.1514 0.9001 0.4086
vn -0.1514 0.9001 -0.4085
vn -0.3040 0.4844 -0.8203
vn -0.3436 0.1467 -0.9276
vn -0.3436 -0.1467 -0.9276
vn -0.3040 -0.4844 -0.8204
vn -0.1514 -0.9001 -0.4085
vn 0.3039 -0.4844 0.8204
vn 0.3437 -0.1467 0.9276
vn 0.1816 0.9098 0.3733
vn -0.1816 0.9097 -0.3733
vn -0.3771 0.5063 -0.7755
vn -0.4320 0.1554 -0.8884
vn -0.4321 -0.1554 -0.8883
vn -0.3771 -0.5064 -0.7755
vn -0.1816 -0.9097 -0.3734
vn 0.1815 -0.9098 0.3732
vn 0.3771 -0.5064 0.7755
vn 0.4319 -0.1554 0.8884
vn 0.2094 0.9201 0.3311
vn -0.2094 0.9201 -0.3311
vn -0.4525 0.5327 -0.7152
vn -0.5273 0.1662 -0.8333
vn -0.5272 -0.1662 -0.8333
vn -0.2093 -0.9200 -0.3313
vn 0.2093 -0.9201 0.3311
vn 0.4523 -0.5327 0.7153
vn 0.6283 0.1794 0.7570
vn 0.5281 0.5626 0.6361
vn 0.2342 0.9304 0.2820
vn -0.2342 0.9304 -0.2820
vn -0.5282 0.5624 -0.6362
vn -0.6284 -0.1793 -0.7569
vn -0.5281 -0.5625 -0.6361
vn -0.2342 -0.9304 -0.2820
vn 0.2341 -0.9304 0.2820
vn 0.6285 -0.1791 0.7569
vn 0.7334 0.1942 0.6515
vn 0.2551 0.9399 0.2267
vn -0.2552 0.9399 -0.2269
vn -0.7333 0.1939 -0.6517
vn -0.7333 -0.1940 -0.6517
vn -0.6017 -0.5933 -0.5348
vn -0.2552 -0.9399 -0.2268
vn 0.2551 -0.9400 0.2267
vn 0.6015 -0.5936 0.5346
vn 0.7333 -0.1938 0.6516
vn 0.8343 0.2093 0.5100
vn 0.6670 0.6236 0.4078
vn -0.2718 0.9479 -0.1661
vn -0.8344 0.2088 -0.5100
vn -0.8342 -0.2090 -0.5104
vn 0.2716 -0.9480 0.1660
vn 0.6670 -0.6235 0.4079
vn 0.8344 -0.2086 0.5102
vn 0.9180 0.2223 0.3283
vn 0.7175 0.6476 0.2567
vn 0.2832 0.9537 0.1014
vn -0.2832 0.9537 -0.1015
vn -0.7175 0.6474 -0.2570
vn -0.9179 -0.2220 -0.3288
vn 0.2835 -0.9536 0.1011
vn 0.7175 -0.6476 0.2567
vn 0.9666 0.2300 0.1132
vn 0.7452 0.6611 0.0873
vn 0.2891 0.9567 0.0338
vn -0.2890 0.9567 -0.0339
vn -0.7453 0.6610 -0.0874
vn -0.9667 0.2296 -0.1134
vn -0.9666 -0.2298 -0.1134
vn 0.2889 -0.9567 0.0339
vn 0.7453 -0.6610 0.0875
vn 0.9666 -0.2296 0.1136
vn 0.7482 -0.6634 -0.0006
vn -0.2891 -0.9573 -0.0003
vn 0.9729 -0.2313 0.0007
vn -0.2893 0.9572 0.0002
vn -0.9728 0.2316 -0.0010
vn -0.7482 0.6634 0.0004
vn -0.9730 0.2310 0.0005
vn -0.7483 0.6634 -0.0007
vn 0.2893 0.9572 0.0002
vn 0.2892 -0.9573 -0.0002
vn 0.9729 0.2314 -0.0008
vn -0.9730 -0.2308 -0.0010
vn 0.9730 -0.2306 -0.0008
vn -0.9729 -0.2312 0.0005
vn -0.2892 0.9573 -0.0003
vn -0.7484 -0.6633 -0.0007
vn 0.7483 0.6633 0.0005
vn 0.9730 0.2310 0.0006
vn -0.7482 -0.6635 0.0002
vn -0.2893 0.9572 -0.0002
vn -0.7483 0.6633 -0.0005
vn 0.9729 -0.2313 0.0003
vn -0.7484 0.6633 0.0004
vn 0.7482 0.6635 -0.0005
vn -0.2894 -0.9572 0.0001
vn 0.9730 0.2310 0.0005
vn -0.9728 0.2315 -0.0009
vn -0.2892 -0.9573 -0.0002
vn 0.2893 -0.9572 -0.0001
vn 0.7484 0.6633 0.0004
vn 0.2894 -0.9572 0.0001
vn -0.9729 -0.2310 0.0003
vn 0.7484 -0.6633 -0.0004
vn 0.7482 -0.6635 0.0003
vn -0.7485 -0.6632 -0.0005
usemtl Material.001
s off
f 757/1337/316 758/1338/316 759/1339/316 760/1340/316 761/1341/316 762/1342/316 763/1343/316 764/1344/316 765/1345/316 766/1346/316 767/1347/316 768/1348/316
f 769/1349/317 770/1350/317 771/1351/317 772/1352/317
f 773/1353/318 774/1354/318 775/1355/318 776/1356/318
f 777/1357/319 778/1358/319 779/1359/319 780/1360/319
f 781/1361/320 782/1362/320 783/1363/320 784/1364/320
f 785/1365/320 786/1366/320 787/1367/320 788/1368/320 789/1369/320 790/1370/320 791/1371/320 792/1372/320
f 793/1373/320 794/1374/320 795/1375/320 796/1376/320 797/1377/320 798/1378/320 799/1379/320 800/1380/320
f 801/1381/321 802/1382/321 803/1383/321 804/1384/321
f 805/1385/322 806/1386/322 807/1387/322 808/1388/322
f 809/1389/323 810/1390/323 811/1391/323 812/1392/323
f 813/1393/324 814/1394/324 815/1395/324 816/1396/324
f 817/1397/325 818/1398/325 819/1399/325 820/1400/325
f 821/1401/326 822/1402/326 823/1403/326 824/1404/326
f 825/1405/327 826/1406/327 827/1407/327 828/1408/327
f 829/1409/328 777/1357/328 780/1360/328 830/1410/328
f 831/1411/329 832/1412/329 833/1413/329 834/1414/329
f 832/1412/330 835/1415/330 836/1416/330 833/1413/330
f 835/1415/331 837/1417/331 838/1418/331 836/1416/331
f 837/1417/332 839/1419/332 840/1420/332 838/1418/332
f 839/1421/333 841/1422/333 842/1423/333 840/1424/333
f 843/1425/334 844/1426/334 845/1427/334 846/1428/334
f 844/1429/335 847/1430/335 848/1431/335 845/1432/335
f 847/1430/336 849/1433/336 850/1434/336 848/1431/336
f 849/1433/337 851/1435/337 852/1436/337 850/1434/337
f 851/1435/338 831/1411/338 834/1414/338 852/1436/338
f 853/1437/339 854/1438/339 855/1439/339 856/1440/339
f 854/1438/340 857/1441/340 858/1442/340 855/1439/340
f 857/1441/341 859/1443/341 860/1444/341 858/1442/341
f 859/1443/342 861/1445/342 862/1446/342 860/1444/342
f 861/1445/343 863/1447/343 864/1448/343 862/1446/343
f 865/1449/344 866/1450/344 867/1451/344 868/1452/344
f 866/1450/345 869/1453/345 870/1454/345 867/1451/345
f 869/1453/346 871/1455/346 872/1456/346 870/1454/346
f 871/1455/347 873/1457/347 874/1458/347 872/1456/347
f 873/1457/348 853/1459/348 856/1460/348 874/1458/348
f 875/1461/339 876/1462/339 877/1463/339 878/1464/339
f 876/1462/349 879/1465/349 880/1466/349 877/1463/349
f 879/1465/350 881/1467/350 882/1468/350 880/1466/350
f 881/1467/351 883/1469/351 884/1470/351 882/1468/351
f 883/1471/343 885/1472/343 886/1473/343 884/1474/343
f 887/1475/352 888/1476/352 889/1477/352 890/1478/352
f 888/1479/353 891/1480/353 892/1481/353 889/1482/353
f 891/1480/354 893/1483/354 894/1484/354 892/1481/354
f 893/1483/347 895/1485/347 896/1486/347 894/1484/347
f 895/1485/348 875/1461/348 878/1464/348 896/1486/348
f 897/1487/355 898/1488/355 797/1489/355 796/1490/355
f 899/1491/356 774/1492/356 759/1493/356 758/1494/356
f 898/1495/357 900/1496/357 798/1497/357 797/1498/357
f 901/1499/358 899/1500/358 758/1501/358 757/1502/358
f 902/1503/359 903/1504/359 767/1505/359 766/1506/359
f 813/1507/360 904/1508/360 787/1509/360 786/1510/360
f 903/1511/361 905/1512/361 768/1513/361 767/1514/361
f 814/1515/362 813/1516/362 786/1517/362 785/1518/362
f 773/1519/363 906/1520/363 761/1521/363 760/1522/363
f 802/1523/364 801/1524/364 795/1525/364 794/1526/364
f 906/1527/365 778/1528/365 762/1529/365 761/1530/365
f 907/1531/366 802/1532/366 794/1533/366 793/1534/366
f 908/1535/367 909/1536/367 789/1537/367 788/1538/367
f 829/1539/368 910/1540/368 765/1541/368 764/1542/368
f 909/1543/369 911/1544/369 790/1545/369 789/1546/369
f 777/1547/370 829/1548/370 764/1549/370 763/1550/370
f 801/1524/323 897/1487/323 796/1490/323 795/1525/323
f 774/1492/323 773/1519/323 760/1522/323 759/1493/323
f 905/1512/371 901/1499/371 757/1502/371 768/1513/371
f 782/1551/372 912/1552/372 913/1553/372 783/1554/372
f 914/1555/373 814/1515/373 785/1518/373 792/1556/373
f 798/1497/374 900/1496/374 915/1557/374 799/1558/374
f 778/1528/375 777/1547/375 763/1550/375 762/1529/375
f 910/1540/376 902/1503/376 766/1506/376 765/1541/376
f 904/1508/377 908/1535/377 788/1538/377 787/1509/377
f 781/1559/378 784/1560/378 916/1561/378 917/1562/378
f 791/1563/379 790/1545/379 911/1544/379 918/1564/379
f 919/1565/380 907/1531/380 793/1534/380 800/1566/380
f 917/1567/381 916/1568/381 920/1569/381 921/1570/381
f 918/1571/382 911/1572/382 922/1573/382 923/1574/382
f 924/1575/383 925/1576/383 907/1577/383 919/1578/383
f 902/1579/384 910/1580/384 926/1581/384 927/1582/384
f 901/1583/385 905/1584/385 928/1585/385 929/1586/385
f 774/1354/386 899/1587/386 930/1588/386 775/1355/386
f 899/1587/387 901/1583/387 929/1586/387 930/1588/387
f 904/1589/388 813/1393/388 816/1396/388 931/1590/388
f 905/1584/389 903/1591/389 932/1592/389 928/1585/389
f 906/1593/390 773/1353/390 776/1356/390 933/1594/390
f 802/1382/391 907/1577/391 925/1576/391 803/1383/391
f 910/1580/392 829/1409/392 830/1410/392 926/1581/392
f 911/1572/393 909/1595/393 934/1596/393 922/1573/393
f 897/1597/394 801/1381/394 804/1384/394 935/1598/394
f 936/1599/395 937/1600/395 938/1601/395 939/1602/395
f 940/1603/396 941/1604/396 942/1605/396 943/1606/396
f 944/1607/397 945/1608/397 946/1609/397 947/1610/397
f 948/1611/398 949/1612/398 950/1613/398 951/1614/398
f 900/1615/399 898/1616/399 952/1617/399 953/1618/399
f 915/1619/400 900/1615/400 953/1618/400 954/1620/400
f 913/1621/401 912/1622/401 955/1623/401 956/1624/401
f 957/1625/402 815/1395/402 814/1394/402 914/1626/402
f 778/1358/403 906/1593/403 933/1594/403 779/1359/403
f 958/1627/404 959/1628/404 960/1629/404 961/1630/404
f 903/1591/405 902/1579/405 927/1582/405 932/1592/405
f 962/1631/406 963/1632/406 964/1633/406 965/1634/406
f 908/1635/407 904/1589/407 931/1590/407 966/1636/407
f 909/1595/408 908/1635/408 966/1636/408 934/1596/408
f 809/1389/409 967/1637/409 968/1638/409 969/1639/409
f 769/1349/410 970/1640/410 968/1638/410 967/1637/410
f 935/1641/411 969/1642/411 968/1643/411 970/1644/411
f 812/1392/412 971/1645/412 972/1646/412 973/1647/412
f 775/1648/413 974/1649/413 972/1650/413 971/1651/413
f 770/1350/414 973/1647/414 972/1646/414 974/1652/414
f 945/1608/415 975/1653/415 976/1654/415 977/1655/415
f 771/1656/416 978/1657/416 976/1654/416 975/1653/416
f 930/1658/417 977/1659/417 976/1660/417 978/1661/417
f 944/1607/418 979/1662/418 980/1663/418 981/1664/418
f 952/1665/419 982/1666/419 980/1667/419 979/1668/419
f 772/1669/420 981/1664/421 980/1663/420 982/1670/421
f 940/1603/422 983/1671/422 984/1672/422 985/1673/422
f 946/1609/423 986/1674/423 984/1672/423 983/1671/423
f 929/1675/424 985/1676/424 984/1677/424 986/1678/424
f 943/1606/425 987/1679/425 988/1680/425 989/1681/425
f 953/1682/426 990/1683/426 988/1684/426 987/1685/426
f 947/1610/427 989/1681/427 988/1680/427 990/1686/427
f 960/1629/428 991/1687/428 992/1688/428 993/1689/428
f 821/1401/429 994/1690/429 992/1688/429 991/1687/429
f 927/1691/430 993/1692/430 992/1693/430 994/1694/430
f 959/1628/431 995/1695/431 996/1696/431 997/1697/431
f 931/1698/432 998/1699/432 996/1700/432 995/1701/432
f 822/1402/433 997/1697/433 996/1696/433 998/1702/433
f 818/1398/434 999/1703/435 1000/1704/436 1001/1705/435
f 823/1403/437 1002/1706/437 1000/1707/437 999/1708/437
f 816/1709/438 1001/1710/438 1000/1711/438 1002/1712/438
f 817/1397/439 1003/1713/439 1004/1714/439 1005/1715/439
f 932/1716/440 1006/1717/440 1004/1718/440 1003/1719/440
f 824/1404/441 1005/1720/441 1004/1721/441 1006/1722/441
f 942/1605/442 1007/1723/442 1008/1724/442 1009/1725/442
f 819/1399/443 1010/1726/443 1008/1724/443 1007/1723/443
f 815/1727/444 1009/1728/444 1008/1729/444 1010/1730/444
f 941/1604/445 1011/1731/445 1012/1732/445 1013/1733/445
f 928/1734/446 1014/1735/446 1012/1736/446 1011/1737/446
f 820/1400/447 1013/1733/447 1012/1732/447 1014/1738/447
f 811/1391/448 1015/1739/448 1016/1740/448 1017/1741/448
f 825/1405/449 1018/1742/449 1016/1740/449 1015/1739/449
f 776/1743/450 1017/1744/450 1016/1745/450 1018/1746/450
f 810/1390/451 1019/1747/451 1020/1748/451 1021/1749/451
f 804/1750/452 1022/1751/452 1020/1752/452 1019/1753/452
f 826/1406/453 1021/1749/453 1020/1748/453 1022/1754/453
f 937/1600/454 1023/1755/454 1024/1756/454 1025/1757/454
f 827/1758/455 1026/1759/455 1024/1756/455 1023/1755/455
f 803/1760/456 1025/1761/456 1024/1762/456 1026/1763/456
f 936/1599/457 1027/1764/457 1028/1765/457 1029/1766/457
f 933/1767/458 1030/1768/458 1028/1769/458 1027/1770/458
f 828/1771/459 1029/1766/459 1028/1765/459 1030/1772/459
f 948/1611/460 1031/1773/460 1032/1774/460 1033/1775/460
f 938/1601/461 1034/1776/461 1032/1774/461 1031/1773/461
f 925/1777/462 1033/1778/462 1032/1779/462 1034/1780/462
f 951/1614/463 1035/1781/463 1036/1782/463 1037/1783/463
f 779/1784/464 1038/1785/464 1036/1786/464 1035/1787/464
f 939/1602/465 1037/1783/465 1036/1782/465 1038/1788/465
f 958/1627/466 1039/1789/466 1040/1790/466 1041/1791/466
f 962/1631/467 1042/1792/467 1040/1790/467 1039/1789/467
f 966/1793/468 1041/1794/468 1040/1795/468 1042/1796/468
f 961/1630/469 1043/1797/469 1044/1798/469 1045/1799/469
f 926/1800/470 1046/1801/470 1044/1802/470 1043/1803/470
f 963/1632/471 1045/1799/471 1044/1798/471 1046/1804/471
f 806/1386/472 1047/1805/472 1048/1806/472 1049/1807/472
f 964/1633/473 1050/1808/473 1048/1809/473 1047/1810/473
f 830/1811/474 1049/1812/474 1048/1813/474 1050/1814/474
f 805/1385/475 1051/1815/475 1052/1816/475 1053/1817/475
f 934/1818/476 1054/1819/476 1052/1820/476 1051/1821/476
f 965/1634/477 1053/1822/477 1052/1823/477 1054/1824/477
f 950/1613/478 1055/1825/478 1056/1826/478 1057/1827/478
f 807/1387/479 1058/1828/479 1056/1826/479 1055/1825/479
f 780/1829/480 1057/1830/480 1056/1831/480 1058/1832/480
f 949/1612/481 1059/1833/481 1060/1834/481 1061/1835/481
f 922/1836/482 1062/1837/482 1060/1838/482 1059/1839/482
f 808/1388/483 1061/1835/483 1060/1834/483 1062/1840/483
f 809/1389/484 812/1392/484 973/1647/484 967/1637/484
f 967/1637/485 973/1647/485 770/1350/485 769/1349/485
f 945/1608/486 944/1607/486 981/1664/486 975/1653/486
f 975/1653/487 981/1664/487 772/1669/487 771/1656/487
f 940/1603/488 943/1606/488 989/1681/488 983/1671/488
f 983/1671/489 989/1681/489 947/1610/489 946/1609/489
f 960/1629/490 959/1628/490 997/1697/490 991/1687/490
f 991/1687/491 997/1697/491 822/1402/491 821/1401/491
f 818/1398/492 817/1397/492 1005/1715/492 999/1703/492
f 999/1708/493 1005/1720/493 824/1404/493 823/1403/493
f 942/1605/494 941/1604/494 1013/1733/494 1007/1723/494
f 1007/1723/495 1013/1733/495 820/1400/495 819/1399/495
f 811/1391/496 810/1390/496 1021/1749/496 1015/1739/496
f 1015/1739/497 1021/1749/497 826/1406/497 825/1405/497
f 937/1600/498 936/1599/498 1029/1766/498 1023/1755/498
f 1023/1755/499 1029/1766/499 828/1771/499 827/1758/499
f 948/1611/500 951/1614/500 1037/1783/500 1031/1773/500
f 1031/1773/501 1037/1783/501 939/1602/501 938/1601/501
f 958/1627/502 961/1630/502 1045/1799/502 1039/1789/502
f 1039/1789/503 1045/1799/503 963/1632/503 962/1631/503
f 806/1386/504 805/1385/504 1053/1817/504 1047/1805/504
f 1047/1810/505 1053/1822/505 965/1634/505 964/1633/505
f 950/1613/506 949/1612/506 1061/1835/506 1055/1825/506
f 1055/1825/507 1061/1835/507 808/1388/507 807/1387/507
f 952/1665/508 935/1641/508 970/1644/508 982/1666/508
f 982/1666/509 970/1644/509 769/1841/509 772/1842/509
f 775/1648/510 930/1658/510 978/1661/510 974/1649/510
f 974/1649/511 978/1661/511 771/1843/511 770/1844/511
f 953/1682/512 952/1665/512 979/1668/512 990/1683/512
f 990/1686/513 979/1662/513 944/1607/513 947/1610/513
f 930/1658/514 929/1675/514 986/1678/514 977/1659/514
f 977/1655/515 986/1674/515 946/1609/515 945/1608/515
f 932/1716/516 927/1691/516 994/1694/516 1006/1717/516
f 1006/1722/517 994/1690/517 821/1401/517 824/1404/517
f 931/1698/518 816/1709/518 1002/1712/518 998/1699/518
f 998/1702/519 1002/1706/519 823/1403/519 822/1402/519
f 928/1734/520 932/1716/520 1003/1719/520 1014/1735/520
f 1014/1738/521 1003/1713/521 817/1397/521 820/1400/521
f 816/1709/522 815/1727/522 1010/1730/522 1001/1710/522
f 1001/1705/523 1010/1726/523 819/1399/523 818/1398/523
f 933/1767/524 776/1743/524 1018/1746/524 1030/1768/524
f 1030/1768/525 1018/1746/525 825/1845/525 828/1846/525
f 804/1750/526 803/1760/526 1026/1763/526 1022/1751/526
f 1022/1751/527 1026/1763/527 827/1847/527 826/1848/527
f 779/1784/528 933/1767/528 1027/1770/528 1038/1785/528
f 1038/1788/529 1027/1764/529 936/1599/529 939/1602/529
f 803/1760/530 925/1777/530 1034/1780/530 1025/1761/530
f 1025/1757/531 1034/1776/531 938/1601/531 937/1600/531
f 934/1818/532 966/1793/532 1042/1796/532 1054/1819/532
f 1054/1824/533 1042/1792/533 962/1631/533 965/1634/533
f 926/1800/534 830/1811/534 1050/1814/534 1046/1801/534
f 1046/1804/535 1050/1808/535 964/1633/535 963/1632/535
f 922/1836/536 934/1818/536 1051/1821/536 1062/1837/536
f 1062/1840/537 1051/1815/537 805/1385/537 808/1388/537
f 830/1811/538 780/1829/538 1058/1832/538 1049/1812/538
f 1049/1807/539 1058/1828/539 807/1387/539 806/1386/539
f 935/1641/540 804/1750/540 1019/1753/540 969/1642/540
f 969/1639/541 1019/1747/541 810/1390/541 809/1389/541
f 776/1743/542 775/1648/542 971/1651/542 1017/1744/542
f 1017/1741/543 971/1645/543 812/1392/543 811/1391/543
f 929/1675/544 928/1734/544 1011/1737/544 985/1676/544
f 985/1673/545 1011/1731/545 941/1604/545 940/1603/545
f 953/1682/546 987/1685/546 1063/1849/546 954/1850/546
f 955/1851/547 1064/1852/547 1065/1853/547 956/1854/547
f 1066/1855/548 1009/1728/548 815/1727/548 957/1856/548
f 987/1679/549 943/1606/549 942/1605/549 1009/1725/549 1066/1857/549 1067/1858/549 1068/1859/549 1065/1860/549 1064/1861/549 1069/1862/549 1070/1863/549 1063/1864/549
f 951/1614/550 950/1613/550 1057/1827/550 1035/1781/550
f 1035/1787/551 1057/1830/551 780/1829/551 779/1784/551
f 961/1630/552 960/1629/552 993/1689/552 1043/1797/552
f 1043/1803/553 993/1692/553 927/1691/553 926/1800/553
f 966/1793/554 931/1698/554 995/1701/554 1041/1794/554
f 1041/1791/555 995/1695/555 959/1628/555 958/1627/555
f 1071/1865/556 1059/1833/556 949/1612/556 948/1611/556 1033/1775/556 1072/1866/556 1073/1867/556 1074/1868/556 1075/1869/556 1076/1870/556 1077/1871/556 1078/1872/556
f 920/1873/557 1076/1874/557 1075/1875/557 921/1876/557
f 1059/1839/558 1071/1877/558 923/1878/558 922/1836/558
f 1033/1778/559 925/1777/559 924/1879/559 1072/1880/559
f 898/1616/560 897/1597/560 935/1598/560 952/1617/560
f 1079/1881/320 1080/1882/320 1081/1883/320 1082/1884/320 1083/1885/320 1084/1886/320 1085/1887/320 1086/1888/320 1087/1889/320 1088/1890/320 1089/1891/320 1090/1892/320 1091/1893/320 1092/1894/320 1093/1895/320 1094/1896/320 1095/1897/320 1096/1898/320 1097/1899/320 1098/1900/320 1099/1901/320 1100/1902/320 1101/1903/320 1102/1904/320 1103/1905/320 1104/1906/320 1105/1907/320 1106/1908/320 1107/1909/320 1108/1910/320 1109/1911/320 1110/1912/320
f 1100/1913/561 1111/1914/561 1112/1915/561 1101/1916/561
f 1113/1917/562 1114/1918/562 1115/1919/562 1116/1920/562
f 1117/1921/563 1118/1922/563 1119/1923/563 1120/1924/563
f 1121/1925/564 1122/1926/564 1123/1927/564 1124/1928/564
f 1125/1929/565 1126/1930/565 1118/1931/565 1117/1932/565
f 1127/1933/566 1128/1934/566 1129/1935/566 1130/1936/566
f 1131/1937/567 1132/1938/567 1128/1939/567 1127/1940/567
f 1110/1941/568 1133/1942/568 1134/1943/568 1079/1944/568
f 1124/1945/569 1123/1946/569 1132/1947/569 1131/1948/569
f 1081/1949/570 1135/1950/570 1136/1951/570 1082/1952/570
f 1108/1953/571 1137/1954/571 1138/1955/571 1109/1956/571
f 1139/1957/572 1140/1958/572 1141/1959/572 1142/1960/572
f 1107/1961/573 1143/1962/573 1137/1963/573 1108/1964/573
f 1144/1965/574 1145/1966/574 1140/1967/574 1139/1968/574
f 1146/1969/575 1147/1970/575 1114/1971/575 1113/1972/575
f 1130/1973/576 1129/1974/576 1148/1975/576 1149/1976/576
f 1142/1977/577 1141/1978/577 1147/1979/577 1146/1980/577
f 1150/1981/578 1151/1982/578 1152/1983/578 1153/1984/578
f 1154/1985/579 1155/1986/579 1151/1987/579 1150/1988/579
f 1082/1989/580 1136/1990/580 1156/1991/580 1083/1992/580
f 1149/1993/581 1148/1994/581 1155/1995/581 1154/1996/581
f 1085/1997/582 1157/1998/582 1158/1999/582 1086/2000/582
f 1080/2001/583 1159/2002/583 1135/2003/583 1081/2004/583
f 1160/2005/584 1161/2006/584 1162/2007/584 1163/2008/584
f 1079/2009/585 1134/2010/585 1159/2011/585 1080/2012/585
f 1164/2013/586 1165/2014/586 1161/2015/586 1160/2016/586
f 1166/2017/587 1167/2018/587 1145/2019/587 1144/2020/587
f 1153/2021/588 1152/2022/588 1168/2023/588 1169/2024/588
f 1163/2025/589 1162/2026/589 1167/2027/589 1166/2028/589
f 1170/2029/590 1171/2030/590 1172/2031/590 1173/2032/590
f 1174/2033/591 1175/2034/591 1171/2035/591 1170/2036/591
f 1086/2037/592 1158/2038/592 1176/2039/592 1087/2040/592
f 1169/2041/593 1168/2042/593 1175/2043/593 1174/2044/593
f 1089/2045/594 1177/2046/594 1178/2047/594 1090/2048/594
f 1084/2049/595 1179/2050/595 1157/2051/595 1085/2052/595
f 1180/2053/596 1181/2054/596 1182/2055/596 1183/2056/596
f 1083/2057/597 1156/2058/597 1179/2059/597 1084/2060/597
f 1184/2061/598 1185/2062/598 1181/2063/598 1180/2064/598
f 1186/2065/599 1187/2066/599 1165/2067/599 1164/2068/599
f 1173/2069/600 1172/2070/600 1188/2071/600 1189/2072/600
f 1183/2073/594 1182/2074/594 1187/2075/594 1186/2076/594
f 1190/2077/601 1191/2078/601 1192/2079/601 1193/2080/601
f 1194/2081/602 1195/2082/602 1191/2083/602 1190/2084/602
f 1090/2085/603 1178/2086/603 1196/2087/603 1091/2088/603
f 1189/2089/604 1188/2090/604 1195/2091/604 1194/2092/604
f 1093/2093/605 1197/2094/605 1198/2095/605 1094/2096/605
f 1088/2097/596 1199/2098/596 1177/2099/596 1089/2100/596
f 1200/2101/606 1201/2102/606 1202/2103/606 1203/2104/606
f 1087/2105/598 1176/2106/598 1199/2107/598 1088/2108/598
f 1204/2109/607 1205/2110/607 1201/2111/607 1200/2112/607
f 1206/2113/592 1207/2114/592 1185/2115/592 1184/2116/592
f 1193/2117/608 1192/2118/608 1208/2119/608 1209/2120/608
f 1203/2121/582 1202/2122/582 1207/2123/582 1206/2124/582
f 1210/2125/609 1211/2126/609 1212/2127/609 1213/2128/609
f 1214/2129/610 1215/2130/610 1211/2131/610 1210/2132/610
f 1094/2133/611 1198/2134/611 1216/2135/611 1095/2136/611
f 1209/2137/612 1208/2138/612 1215/2139/612 1214/2140/612
f 1097/2141/613 1217/2142/613 1218/2143/613 1098/2144/613
f 1092/2145/614 1219/2146/614 1197/2147/614 1093/2148/614
f 1220/2149/583 1221/2150/583 1222/2151/583 1223/2152/583
f 1091/2153/615 1196/2154/615 1219/2155/615 1092/2156/615
f 1224/2157/585 1225/2158/585 1221/2159/585 1220/2160/585
f 1226/2161/616 1227/2162/616 1205/2163/616 1204/2164/616
f 1213/2165/617 1212/2166/617 1228/2167/617 1229/2168/617
f 1223/2169/570 1222/2170/570 1227/2171/570 1226/2172/570
f 1230/2173/618 1231/2174/618 1232/2175/618 1233/2176/618
f 1234/2177/619 1235/2178/619 1231/2179/619 1230/2180/619
f 1098/2181/620 1218/2182/620 1236/2183/620 1099/2184/620
f 1229/2185/621 1228/2186/621 1235/2187/621 1234/2188/621
f 1101/2189/565 1112/2190/565 1237/2191/565 1102/2192/565
f 1096/2193/622 1238/2194/622 1217/2195/622 1097/2196/622
f 1239/2197/623 1240/2198/623 1241/2199/623 1242/2200/623
f 1095/2201/624 1216/2202/624 1238/2203/624 1096/2204/624
f 1243/2205/625 1244/2206/625 1240/2207/625 1239/2208/625
f 1245/2209/568 1246/2210/568 1225/2211/568 1224/2212/568
f 1233/2213/626 1232/2214/626 1247/2215/626 1248/2216/626
f 1242/2217/627 1241/2218/627 1246/2219/627 1245/2220/627
f 1249/2221/628 1250/2222/628 1251/2223/628 1252/2224/628
f 1253/2225/629 1254/2226/629 1250/2227/629 1249/2228/629
f 1102/2229/563 1237/2230/563 1255/2231/563 1103/2232/563
f 1248/2233/630 1247/2234/630 1254/2235/630 1253/2236/630
f 1116/2237/631 1115/2238/631 1126/2239/631 1125/2240/631
f 1125/2241/320 1117/2242/320 1120/2243/320 1256/2244/320 1257/2245/320 1258/2246/320 1243/2247/320 1239/2248/320 1242/2249/320 1245/2250/320 1224/2251/320 1220/2252/320 1223/2253/320 1226/2254/320 1204/2255/320 1200/2256/320 1203/2257/320 1206/2258/320 1184/2259/320 1180/2260/320 1183/2261/320 1186/2262/320 1164/2263/320 1160/2264/320 1163/2265/320 1166/2266/320 1144/2267/320 1139/2268/320 1142/2269/320 1146/2270/320 1113/2271/320 1116/2272/320
f 1256/2273/632 1259/2274/632 1260/2275/632 1257/2276/632
f 1099/2277/633 1236/2278/633 1111/2279/633 1100/2280/633
f 1120/2281/634 1119/2282/634 1259/2283/634 1256/2284/634
f 1258/2285/635 1261/2286/635 1244/2287/635 1243/2288/635
f 1252/2289/636 1251/2290/636 1262/2291/636 1263/2292/636
f 1257/2293/637 1260/2294/637 1261/2295/637 1258/2296/637
f 1264/2297/638 1265/2298/638 1122/2299/638 1121/2300/638
f 1266/2301/639 1267/2302/639 1265/2303/639 1264/2304/639
f 1263/2305/640 1262/2306/640 1267/2307/640 1266/2308/640
f 1106/2309/641 1268/2310/641 1143/2311/641 1107/2312/641
f 1154/2313/320 1150/2314/320 1153/2315/320 1169/2316/320 1174/2317/320 1170/2318/320 1173/2319/320 1189/2320/320 1194/2321/320 1190/2322/320 1193/2323/320 1209/2324/320 1214/2325/320 1210/2326/320 1213/2327/320 1229/2328/320 1234/2329/320 1230/2330/320 1233/2331/320 1248/2332/320 1253/2333/320 1249/2334/320 1252/2335/320 1263/2336/320 1266/2337/320 1264/2338/320 1121/2339/320 1124/2340/320 1131/2341/320 1127/2342/320 1130/2343/320 1149/2344/320
f 1109/2345/627 1138/2346/627 1133/2347/627 1110/2348/627
f 1105/2349/642 1269/2350/642 1268/2351/642 1106/2352/642
f 1103/2353/634 1255/2354/634 1270/2355/634 1104/2356/634
f 1104/2357/632 1270/2358/632 1269/2359/632 1105/2360/632
f 1271/2361/643 1272/2362/643 1273/2363/643 1274/2364/643
f 1274/2364/644 1273/2363/644 1275/2365/644 1276/2366/644
f 1276/2366/645 1275/2365/645 1277/2367/645 1278/2368/645
f 1278/2368/646 1277/2367/646 1279/2369/646 1280/2370/646
f 1280/2371/647 1279/2372/647 1281/2373/647 1282/2374/647
f 1283/2375/648 1284/2376/648 1285/2377/648 1286/2378/648
f 1286/2379/649 1285/2380/649 1287/2381/649 1288/2382/649
f 1288/2382/650 1287/2381/650 1289/2383/650 1290/2384/650
f 1290/2384/651 1289/2383/651 1291/2385/651 1292/2386/651
f 1292/2386/652 1291/2385/652 1272/2362/652 1271/2361/652
f 1293/2387/653 1294/2388/653 1295/2389/653 1296/2390/653
f 1296/2390/654 1295/2389/654 1297/2391/654 1298/2392/654
f 1298/2392/655 1297/2391/655 1299/2393/655 1300/2394/655
f 1300/2394/656 1299/2393/656 1301/2395/656 1302/2396/656
f 1302/2396/657 1301/2395/657 1303/2397/657 1304/2398/657
f 1305/2399/658 1306/2400/658 1307/2401/658 1308/2402/658
f 1308/2402/659 1307/2401/659 1309/2403/659 1310/2404/659
f 1310/2404/660 1309/2403/660 1311/2405/660 1312/2406/660
f 1312/2406/661 1311/2405/661 1313/2407/661 1314/2408/661
f 1314/2408/662 1313/2407/662 1294/2409/662 1293/2410/662
f 1315/2411/663 1316/2412/663 1317/2413/663 1318/2414/663
f 1318/2414/664 1317/2413/664 1319/2415/664 1320/2416/664
f 1320/2416/665 1319/2415/665 1321/2417/665 1322/2418/665
f 1322/2418/666 1321/2417/666 1323/2419/666 1324/2420/666
f 1324/2421/667 1323/2422/667 1325/2423/667 1326/2424/667
f 1327/2425/668 1328/2426/668 1329/2427/668 1330/2428/668
f 1330/2429/669 1329/2430/669 1331/2431/669 1332/2432/669
f 1332/2432/670 1331/2431/670 1333/2433/670 1334/2434/670
f 1334/2434/671 1333/2433/671 1335/2435/671 1336/2436/671
f 1336/2436/672 1335/2435/672 1316/2412/672 1315/2411/672
f 836/2437/673 838/2438/673 1277/2439/673 1275/2440/673
f 874/1458/674 856/1460/674 1294/2409/674 1313/2407/674
f 857/1441/675 854/1438/675 1296/2390/675 1298/2392/675
f 895/2441/676 893/2442/676 1334/2443/676 1336/2444/676
f 876/2445/677 875/2446/677 1315/2447/677 1318/2448/677
f 855/1439/678 858/1442/678 1297/2391/678 1295/2389/678
f 839/2449/679 837/2450/679 1278/2451/679 1280/2452/679
f 894/2453/680 896/2454/680 1335/2455/680 1333/2456/680
f 878/2457/681 877/2458/681 1317/2459/681 1316/2460/681
f 838/2438/682 840/2461/682 1279/2462/682 1277/2439/682
f 859/1443/683 857/1441/683 1298/2392/683 1300/2394/683
f 875/2446/684 895/2441/684 1336/2444/684 1315/2447/684
f 858/1442/685 860/1444/685 1299/2393/685 1297/2391/685
f 841/2463/686 839/2449/686 1280/2452/686 1282/2464/686
f 896/2454/674 878/2457/674 1316/2460/674 1335/2455/674
f 879/2465/675 876/2445/675 1318/2448/675 1320/2466/675
f 840/2461/687 842/2467/687 1281/2468/687 1279/2462/687
f 877/2458/678 880/2469/678 1319/2470/678 1317/2459/678
f 861/1445/688 859/1443/688 1300/2394/688 1302/2396/688
f 842/2471/689 841/2472/689 1282/2374/689 1281/2373/689
f 860/1444/690 862/1446/690 1301/2395/690 1299/2393/690
f 843/2473/691 846/2474/691 1284/2376/691 1283/2375/691
f 881/2475/683 879/2465/683 1320/2466/683 1322/2476/683
f 844/2477/692 843/2478/692 1283/2479/692 1286/2480/692
f 880/2469/685 882/2481/685 1321/2482/685 1319/2470/685
f 863/1447/693 861/1445/693 1302/2396/693 1304/2398/693
f 846/2483/694 845/2484/694 1285/2485/694 1284/2486/694
f 862/1446/695 864/1448/695 1303/2397/695 1301/2395/695
f 883/2487/696 881/2475/696 1322/2476/696 1324/2488/696
f 864/1448/697 863/1447/697 1304/2398/697 1303/2397/697
f 847/2489/698 844/2477/698 1286/2480/698 1288/2490/698
f 882/2481/690 884/2491/690 1323/2492/690 1321/2482/690
f 865/1449/699 868/1452/699 1306/2400/699 1305/2399/699
f 845/2484/700 848/2493/700 1287/2494/700 1285/2485/700
f 866/1450/701 865/1449/701 1305/2399/701 1308/2402/701
f 885/2495/702 883/2487/702 1324/2488/702 1326/2496/702
f 868/1452/703 867/1451/703 1307/2401/703 1306/2400/703
f 849/2497/704 847/2489/704 1288/2490/704 1290/2498/704
f 884/2491/695 886/2499/695 1325/2500/695 1323/2492/695
f 848/2493/705 850/2501/705 1289/2502/705 1287/2494/705
f 886/2503/706 885/2504/706 1326/2424/706 1325/2423/706
f 869/1453/707 866/1450/707 1308/2402/707 1310/2404/707
f 887/2505/708 890/2506/708 1328/2426/708 1327/2425/708
f 867/1451/709 870/1454/709 1309/2403/709 1307/2401/709
f 851/2507/710 849/2497/710 1290/2498/710 1292/2508/710
f 832/2509/711 831/2510/711 1271/2511/711 1274/2512/711
f 888/2513/712 887/2514/712 1327/2515/712 1330/2516/712
f 850/2501/713 852/2517/713 1291/2518/713 1289/2502/713
f 834/2519/714 833/2520/714 1273/2521/714 1272/2522/714
f 890/2523/703 889/2524/703 1329/2525/703 1328/2526/703
f 871/1455/715 869/1453/715 1310/2404/715 1312/2406/715
f 870/1454/716 872/1456/716 1311/2405/716 1309/2403/716
f 831/2510/717 851/2507/717 1292/2508/717 1271/2511/717
f 891/2527/718 888/2513/718 1330/2516/718 1332/2528/718
f 852/2517/719 834/2519/719 1272/2522/719 1291/2518/719
f 835/2529/720 832/2509/720 1274/2512/720 1276/2530/720
f 889/2524/709 892/2531/709 1331/2532/709 1329/2525/709
f 873/1457/676 871/1455/676 1312/2406/676 1314/2408/676
f 854/1438/677 853/1437/677 1293/2387/677 1296/2390/677
f 833/2520/721 836/2437/721 1275/2440/721 1273/2521/721
f 872/1456/680 874/1458/680 1313/2407/680 1311/2405/680
f 856/1440/681 855/1439/681 1295/2389/681 1294/2388/681
f 893/2442/715 891/2527/715 1332/2528/715 1334/2443/715
f 837/2450/722 835/2529/722 1276/2530/722 1278/2451/722
f 892/2531/716 894/2453/716 1333/2456/716 1331/2532/716
f 853/1459/684 873/1457/684 1314/2408/684 1293/2410/684
f 799/2533/723 915/2534/723 954/2535/723 1063/2536/723 1070/2537/723 1073/2538/723 1072/2539/723 924/2540/723 919/2541/723 800/2542/723
f 1064/2543/323 955/2544/323 912/2545/323 782/2546/323 781/2547/323 917/2548/323 921/2549/323 1075/2550/323 1074/2551/323 1069/2552/323
f 1069/2553/320 1074/2554/320 1073/2555/320 1070/2556/320
f 916/2557/724 784/2558/724 783/2559/724 913/2560/724 956/2561/724 1065/2562/724 1068/2563/724 1077/2564/724 1076/2565/724 920/2566/724
f 1071/2567/725 1078/2568/725 1067/2569/725 1066/2570/725 957/2571/725 914/2572/725 792/2573/725 791/2574/725 918/2575/725 923/2576/725
f 1067/2577/320 1078/2578/320 1077/2579/320 1068/2580/320
f 1337/2581/726 1338/2582/726 1339/2583/726 1340/2584/726
f 1340/2584/727 1339/2583/727 1341/2585/727 1342/2586/727
f 1342/2586/728 1341/2585/728 1343/2587/728 1344/2588/728
f 1344/2588/729 1343/2587/729 1345/2589/729 1346/2590/729
f 1346/2590/730 1345/2589/730 1347/2591/730 1348/2592/730
f 1348/2592/731 1347/2591/731 1349/2593/731 1350/2594/731
f 1350/2595/732 1349/2596/732 1351/2597/732 1352/2598/732
f 1352/2598/733 1351/2597/733 1353/2599/733 1354/2600/733
f 1354/2600/734 1353/2599/734 1355/2601/734 1356/2602/734
f 1356/2602/735 1355/2601/735 1357/2603/735 1358/2604/735
f 1358/2604/736 1357/2603/736 1359/2605/736 1360/2606/736
f 1360/2606/737 1359/2605/737 1338/2582/737 1337/2581/737
f 1338/2582/738 1361/2607/738 1362/2608/738 1339/2583/738
f 1339/2583/739 1362/2608/739 1363/2609/739 1341/2585/739
f 1341/2585/740 1363/2609/740 1364/2610/740 1343/2587/740
f 1343/2587/741 1364/2610/741 1365/2611/741 1345/2589/741
f 1345/2589/742 1365/2611/742 1366/2612/742 1347/2591/742
f 1347/2591/743 1366/2612/743 1367/2613/743 1349/2593/743
f 1349/2596/744 1367/2614/744 1368/2615/744 1351/2597/744
f 1351/2597/745 1368/2615/745 1369/2616/745 1353/2599/745
f 1353/2599/746 1369/2616/746 1370/2617/746 1355/2601/746
f 1355/2601/747 1370/2617/747 1371/2618/747 1357/2603/747
f 1357/2603/748 1371/2618/748 1372/2619/748 1359/2605/748
f 1359/2605/749 1372/2619/749 1361/2607/749 1338/2582/749
f 1361/2607/750 1373/2620/750 1374/2621/750 1362/2608/750
f 1362/2608/751 1374/2621/751 1375/2622/751 1363/2609/751
f 1363/2609/752 1375/2622/752 1376/2623/752 1364/2610/752
f 1364/2610/753 1376/2623/753 1377/2624/753 1365/2611/753
f 1365/2611/754 1377/2624/754 1378/2625/754 1366/2612/754
f 1366/2612/755 1378/2625/755 1379/2626/755 1367/2613/755
f 1367/2614/756 1379/2627/756 1380/2628/756 1368/2615/756
f 1368/2615/757 1380/2628/757 1381/2629/757 1369/2616/757
f 1369/2616/758 1381/2629/758 1382/2630/758 1370/2617/758
f 1370/2617/759 1382/2630/759 1383/2631/759 1371/2618/759
f 1371/2618/760 1383/2631/760 1384/2632/760 1372/2619/760
f 1372/2619/761 1384/2632/761 1373/2620/761 1361/2607/761
f 1373/2620/762 1385/2633/762 1386/2634/762 1374/2621/762
f 1374/2621/763 1386/2634/763 1387/2635/763 1375/2622/763
f 1375/2622/764 1387/2635/764 1388/2636/764 1376/2623/764
f 1376/2623/765 1388/2636/765 1389/2637/765 1377/2624/765
f 1377/2624/766 1389/2637/766 1390/2638/766 1378/2625/766
f 1378/2625/767 1390/2638/767 1391/2639/767 1379/2626/767
f 1379/2627/768 1391/2640/768 1392/2641/768 1380/2628/768
f 1380/2628/769 1392/2641/769 1393/2642/769 1381/2629/769
f 1381/2629/770 1393/2642/770 1394/2643/770 1382/2630/770
f 1382/2630/771 1394/2643/771 1395/2644/771 1383/2631/771
f 1383/2631/772 1395/2644/772 1396/2645/772 1384/2632/772
f 1384/2632/773 1396/2645/773 1385/2633/773 1373/2620/773
f 1385/2633/774 1397/2646/774 1398/2647/774 1386/2634/774
f 1386/2634/775 1398/2647/775 1399/2648/775 1387/2635/775
f 1387/2635/776 1399/2648/776 1400/2649/776 1388/2636/776
f 1388/2636/777 1400/2649/777 1401/2650/777 1389/2637/777
f 1389/2637/778 1401/2650/778 1402/2651/778 1390/2638/778
f 1390/2638/779 1402/2651/779 1403/2652/779 1391/2639/779
f 1391/2640/780 1403/2653/780 1404/2654/780 1392/2641/780
f 1392/2641/781 1404/2654/781 1405/2655/781 1393/2642/781
f 1393/2642/782 1405/2655/782 1406/2656/782 1394/2643/782
f 1394/2643/783 1406/2656/783 1407/2657/783 1395/2644/783
f 1395/2644/784 1407/2657/784 1408/2658/784 1396/2645/784
f 1396/2645/785 1408/2658/785 1397/2646/785 1385/2633/785
f 1397/2646/786 1409/2659/786 1410/2660/786 1398/2647/786
f 1398/2647/787 1410/2660/787 1411/2661/787 1399/2648/787
f 1399/2648/788 1411/2661/788 1412/2662/788 1400/2649/788
f 1400/2649/789 1412/2662/789 1413/2663/789 1401/2650/789
f 1401/2650/790 1413/2663/790 1414/2664/790 1402/2651/790
f 1402/2651/791 1414/2664/791 1415/2665/791 1403/2652/791
f 1403/2653/792 1415/2666/792 1416/2667/792 1404/2654/792
f 1404/2654/793 1416/2667/793 1417/2668/793 1405/2655/793
f 1405/2655/794 1417/2668/794 1418/2669/794 1406/2656/794
f 1406/2656/795 1418/2669/795 1419/2670/795 1407/2657/795
f 1407/2657/796 1419/2670/796 1420/2671/796 1408/2658/796
f 1408/2658/797 1420/2671/797 1409/2659/797 1397/2646/797
f 1409/2659/798 1421/2672/798 1422/2673/798 1410/2660/798
f 1410/2660/799 1422/2673/799 1423/2674/799 1411/2661/799
f 1411/2661/800 1423/2674/800 1424/2675/800 1412/2662/800
f 1412/2662/801 1424/2675/801 1425/2676/801 1413/2663/801
f 1413/2663/802 1425/2676/802 1426/2677/802 1414/2664/802
f 1414/2664/803 1426/2677/803 1427/2678/803 1415/2665/803
f 1415/2666/804 1427/2679/804 1428/2680/804 1416/2667/804
f 1416/2667/805 1428/2680/805 1429/2681/805 1417/2668/805
f 1417/2668/806 1429/2681/806 1430/2682/806 1418/2669/806
f 1418/2669/807 1430/2682/807 1431/2683/807 1419/2670/807
f 1419/2670/808 1431/2683/808 1432/2684/808 1420/2671/808
f 1420/2671/809 1432/2684/809 1421/2672/809 1409/2659/809
f 1421/2672/810 1433/2685/810 1434/2686/810 1422/2673/810
f 1422/2673/811 1434/2686/811 1435/2687/811 1423/2674/811
f 1423/2674/812 1435/2687/812 1436/2688/812 1424/2675/812
f 1424/2675/813 1436/2688/813 1437/2689/813 1425/2676/813
f 1425/2676/814 1437/2689/814 1438/2690/814 1426/2677/814
f 1426/2677/815 1438/2690/815 1439/2691/815 1427/2678/815
f 1427/2679/816 1439/2692/816 1440/2693/816 1428/2680/816
f 1428/2680/817 1440/2693/817 1441/2694/817 1429/2681/817
f 1429/2681/818 1441/2694/818 1442/2695/818 1430/2682/818
f 1430/2682/819 1442/2695/819 1443/2696/819 1431/2683/819
f 1431/2683/820 1443/2696/820 1444/2697/820 1432/2684/820
f 1432/2684/821 1444/2697/821 1433/2685/821 1421/2672/821
f 1433/2685/822 1445/2698/822 1446/2699/822 1434/2686/822
f 1434/2686/823 1446/2699/823 1447/2700/823 1435/2687/823
f 1435/2687/824 1447/2700/824 1448/2701/824 1436/2688/824
f 1436/2688/825 1448/2701/825 1449/2702/825 1437/2689/825
f 1437/2689/826 1449/2702/826 1450/2703/826 1438/2690/826
f 1438/2690/827 1450/2703/827 1451/2704/827 1439/2691/827
f 1439/2692/828 1451/2705/828 1452/2706/828 1440/2693/828
f 1440/2693/829 1452/2706/829 1453/2707/829 1441/2694/829
f 1441/2694/830 1453/2707/830 1454/2708/830 1442/2695/830
f 1442/2695/831 1454/2708/831 1455/2709/831 1443/2696/831
f 1443/2696/832 1455/2709/832 1456/2710/832 1444/2697/832
f 1444/2697/833 1456/2710/833 1445/2698/833 1433/2685/833
f 1445/2698/834 1457/2711/834 1458/2712/834 1446/2699/834
f 1446/2699/835 1458/2712/835 1459/2713/835 1447/2700/835
f 1447/2700/836 1459/2713/836 1460/2714/836 1448/2701/836
f 1448/2701/837 1460/2714/837 1461/2715/837 1449/2702/837
f 1449/2702/838 1461/2715/838 1462/2716/838 1450/2703/838
f 1450/2703/839 1462/2716/839 1463/2717/839 1451/2704/839
f 1451/2705/840 1463/2718/840 1464/2719/840 1452/2706/840
f 1452/2706/841 1464/2719/841 1465/2720/841 1453/2707/841
f 1453/2707/842 1465/2720/842 1466/2721/842 1454/2708/842
f 1454/2708/843 1466/2721/843 1467/2722/843 1455/2709/843
f 1455/2709/844 1467/2722/844 1468/2723/844 1456/2710/844
f 1456/2710/845 1468/2723/845 1457/2711/845 1445/2698/845
f 1457/2711/846 1469/2724/846 1470/2725/846 1458/2712/846
f 1458/2712/847 1470/2725/847 1471/2726/847 1459/2713/847
f 1459/2713/848 1471/2726/848 1472/2727/848 1460/2714/848
f 1460/2714/849 1472/2727/849 1473/2728/849 1461/2715/849
f 1461/2715/850 1473/2728/850 1474/2729/850 1462/2716/850
f 1462/2716/851 1474/2729/851 1475/2730/851 1463/2717/851
f 1463/2718/852 1475/2731/852 1476/2732/852 1464/2719/852
f 1464/2719/853 1476/2732/853 1477/2733/853 1465/2720/853
f 1465/2720/854 1477/2733/854 1478/2734/854 1466/2721/854
f 1466/2721/855 1478/2734/855 1479/2735/855 1467/2722/855
f 1467/2722/856 1479/2735/856 1480/2736/856 1468/2723/856
f 1468/2723/857 1480/2736/857 1469/2724/857 1457/2711/857
f 1469/2724/858 1481/2737/858 1482/2738/858 1470/2725/858
f 1470/2725/859 1482/2738/859 1483/2739/859 1471/2726/859
f 1471/2726/860 1483/2739/860 1484/2740/860 1472/2727/860
f 1472/2727/861 1484/2740/861 1485/2741/861 1473/2728/861
f 1473/2728/862 1485/2741/862 1486/2742/862 1474/2729/862
f 1474/2729/863 1486/2742/863 1487/2743/863 1475/2730/863
f 1475/2731/864 1487/2744/864 1488/2745/864 1476/2732/864
f 1476/2732/865 1488/2745/865 1489/2746/865 1477/2733/865
f 1477/2733/866 1489/2746/866 1490/2747/866 1478/2734/866
f 1478/2734/867 1490/2747/867 1491/2748/867 1479/2735/867
f 1479/2735/868 1491/2748/868 1492/2749/868 1480/2736/868
f 1480/2736/869 1492/2749/869 1481/2737/869 1469/2724/869
f 1481/2737/870 1493/2750/870 1494/2751/870 1482/2738/870
f 1482/2738/871 1494/2751/871 1495/2752/871 1483/2739/871
f 1483/2739/872 1495/2752/872 1496/2753/872 1484/2740/872
f 1484/2740/873 1496/2753/873 1497/2754/873 1485/2741/873
f 1485/2741/874 1497/2754/874 1498/2755/874 1486/2742/874
f 1486/2742/875 1498/2755/875 1499/2756/875 1487/2743/875
f 1487/2744/876 1499/2757/876 1500/2758/876 1488/2745/876
f 1488/2745/877 1500/2758/877 1501/2759/877 1489/2746/877
f 1489/2746/878 1501/2759/878 1502/2760/878 1490/2747/878
f 1490/2747/879 1502/2760/879 1503/2761/879 1491/2748/879
f 1491/2748/880 1503/2761/880 1504/2762/880 1492/2749/880
f 1492/2749/881 1504/2762/881 1493/2750/881 1481/2737/881
f 1493/2750/882 1505/2763/882 1506/2764/882 1494/2751/882
f 1494/2751/883 1506/2764/883 1507/2765/883 1495/2752/883
f 1495/2752/884 1507/2765/884 1508/2766/884 1496/2753/884
f 1496/2753/885 1508/2766/885 1509/2767/885 1497/2754/885
f 1497/2754/886 1509/2767/886 1510/2768/886 1498/2755/886
f 1498/2755/887 1510/2768/887 1511/2769/887 1499/2756/887
f 1499/2757/888 1511/2770/888 1512/2771/888 1500/2758/888
f 1500/2758/889 1512/2771/889 1513/2772/889 1501/2759/889
f 1501/2759/890 1513/2772/890 1514/2773/890 1502/2760/890
f 1502/2760/891 1514/2773/891 1515/2774/891 1503/2761/891
f 1503/2761/892 1515/2774/892 1516/2775/892 1504/2762/892
f 1504/2762/893 1516/2775/893 1505/2763/893 1493/2750/893
f 1505/2763/894 1517/2776/894 1518/2777/894 1506/2764/894
f 1506/2764/895 1518/2777/895 1519/2778/895 1507/2765/895
f 1507/2765/896 1519/2778/896 1520/2779/896 1508/2766/896
f 1508/2766/897 1520/2779/897 1521/2780/897 1509/2767/897
f 1509/2767/898 1521/2780/898 1522/2781/898 1510/2768/898
f 1510/2768/899 1522/2781/899 1523/2782/899 1511/2769/899
f 1511/2770/900 1523/2783/900 1524/2784/900 1512/2771/900
f 1512/2771/901 1524/2784/901 1525/2785/901 1513/2772/901
f 1513/2772/902 1525/2785/902 1526/2786/902 1514/2773/902
f 1514/2773/903 1526/2786/903 1527/2787/903 1515/2774/903
f 1515/2774/904 1527/2787/904 1528/2788/904 1516/2775/904
f 1516/2775/905 1528/2788/905 1517/2776/905 1505/2763/905
f 1517/2776/906 1529/2789/906 1530/2790/906 1518/2777/906
f 1518/2777/907 1530/2790/907 1531/2791/907 1519/2778/907
f 1519/2778/908 1531/2791/908 1532/2792/908 1520/2779/908
f 1520/2779/909 1532/2792/909 1533/2793/909 1521/2780/909
f 1521/2780/910 1533/2793/910 1534/2794/910 1522/2781/910
f 1522/2781/911 1534/2794/911 1535/2795/911 1523/2782/911
f 1523/2783/912 1535/2796/912 1536/2797/912 1524/2784/912
f 1524/2784/913 1536/2797/913 1537/2798/913 1525/2785/913
f 1525/2785/914 1537/2798/914 1538/2799/914 1526/2786/914
f 1526/2786/915 1538/2799/915 1539/2800/915 1527/2787/915
f 1527/2787/916 1539/2800/916 1540/2801/916 1528/2788/916
f 1528/2788/917 1540/2801/917 1529/2789/917 1517/2776/917
f 1529/2789/918 1541/2802/918 1542/2803/918 1530/2790/918
f 1530/2790/919 1542/2803/919 1543/2804/919 1531/2791/919
f 1531/2791/920 1543/2804/920 1544/2805/920 1532/2792/920
f 1532/2792/921 1544/2805/921 1545/2806/921 1533/2793/921
f 1533/2793/922 1545/2806/922 1546/2807/922 1534/2794/922
f 1534/2794/923 1546/2807/923 1547/2808/923 1535/2795/923
f 1535/2796/924 1547/2809/924 1548/2810/924 1536/2797/924
f 1536/2797/925 1548/2810/925 1549/2811/925 1537/2798/925
f 1537/2798/926 1549/2811/926 1550/2812/926 1538/2799/926
f 1538/2799/927 1550/2812/927 1551/2813/927 1539/2800/927
f 1539/2800/928 1551/2813/928 1552/2814/928 1540/2801/928
f 1540/2801/929 1552/2814/929 1541/2802/929 1529/2789/929
f 1541/2802/930 1553/2815/930 1554/2816/930 1542/2803/930
f 1542/2803/931 1554/2816/931 1555/2817/931 1543/2804/931
f 1543/2804/932 1555/2817/932 1556/2818/932 1544/2805/932
f 1544/2805/933 1556/2818/933 1557/2819/933 1545/2806/933
f 1545/2806/934 1557/2819/934 1558/2820/934 1546/2807/934
f 1546/2807/935 1558/2820/935 1559/2821/935 1547/2808/935
f 1547/2809/936 1559/2822/936 1560/2823/936 1548/2810/936
f 1548/2810/937 1560/2823/937 1561/2824/937 1549/2811/937
f 1549/2811/938 1561/2824/938 1562/2825/938 1550/2812/938
f 1550/2812/939 1562/2825/939 1563/2826/939 1551/2813/939
f 1551/2813/940 1563/2826/940 1564/2827/940 1552/2814/940
f 1552/2814/941 1564/2827/941 1553/2815/941 1541/2802/941
f 1553/2815/942 1565/2828/942 1566/2829/942 1554/2816/942
f 1554/2816/943 1566/2829/943 1567/2830/943 1555/2817/943
f 1555/2817/944 1567/2830/944 1568/2831/944 1556/2818/944
f 1556/2818/945 1568/2831/945 1569/2832/945 1557/2819/945
f 1557/2819/946 1569/2832/946 1570/2833/946 1558/2820/946
f 1558/2820/947 1570/2833/947 1571/2834/947 1559/2821/947
f 1559/2822/948 1571/2835/948 1572/2836/948 1560/2823/948
f 1560/2823/949 1572/2836/949 1573/2837/949 1561/2824/949
f 1561/2824/950 1573/2837/950 1574/2838/950 1562/2825/950
f 1562/2825/951 1574/2838/951 1575/2839/951 1563/2826/951
f 1563/2826/952 1575/2839/952 1576/2840/952 1564/2827/952
f 1564/2827/953 1576/2840/953 1565/2828/953 1553/2815/953
f 1565/2828/954 1577/2841/954 1578/2842/954 1566/2829/954
f 1566/2829/955 1578/2842/955 1579/2843/955 1567/2830/955
f 1567/2830/956 1579/2843/956 1580/2844/956 1568/2831/956
f 1568/2831/957 1580/2844/957 1581/2845/957 1569/2832/957
f 1569/2832/958 1581/2845/958 1582/2846/958 1570/2833/958
f 1570/2833/959 1582/2846/959 1583/2847/959 1571/2834/959
f 1571/2835/960 1583/2848/960 1584/2849/960 1572/2836/960
f 1572/2836/961 1584/2849/961 1585/2850/961 1573/2837/961
f 1573/2837/962 1585/2850/962 1586/2851/962 1574/2838/962
f 1574/2838/963 1586/2851/963 1587/2852/963 1575/2839/963
f 1575/2839/964 1587/2852/964 1588/2853/964 1576/2840/964
f 1576/2840/965 1588/2853/965 1577/2841/965 1565/2828/965
f 1577/2841/966 1589/2854/966 1590/2855/966 1578/2842/966
f 1578/2842/967 1590/2855/967 1591/2856/967 1579/2843/967
f 1579/2843/968 1591/2856/968 1592/2857/968 1580/2844/968
f 1580/2844/969 1592/2857/969 1593/2858/969 1581/2845/969
f 1581/2845/970 1593/2858/970 1594/2859/970 1582/2846/970
f 1582/2846/971 1594/2859/971 1595/2860/971 1583/2847/971
f 1583/2848/972 1595/2861/972 1596/2862/972 1584/2849/972
f 1584/2849/973 1596/2862/973 1597/2863/973 1585/2850/973
f 1585/2850/974 1597/2863/974 1598/2864/974 1586/2851/974
f 1586/2851/975 1598/2864/975 1599/2865/975 1587/2852/975
f 1587/2852/976 1599/2865/976 1600/2866/976 1588/2853/976
f 1588/2853/977 1600/2866/977 1589/2854/977 1577/2841/977
f 1589/2854/978 1601/2867/978 1602/2868/978 1590/2855/978
f 1590/2855/979 1602/2868/979 1603/2869/979 1591/2856/979
f 1591/2856/980 1603/2869/980 1604/2870/980 1592/2857/980
f 1592/2857/981 1604/2870/981 1605/2871/981 1593/2858/981
f 1593/2858/982 1605/2871/982 1606/2872/982 1594/2859/982
f 1594/2859/983 1606/2872/983 1607/2873/983 1595/2860/983
f 1595/2861/984 1607/2874/984 1608/2875/984 1596/2862/984
f 1596/2862/985 1608/2875/985 1609/2876/985 1597/2863/985
f 1597/2863/986 1609/2876/986 1610/2877/986 1598/2864/986
f 1598/2864/987 1610/2877/987 1611/2878/987 1599/2865/987
f 1599/2865/988 1611/2878/988 1612/2879/988 1600/2866/988
f 1600/2866/989 1612/2879/989 1601/2867/989 1589/2854/989
f 1601/2867/990 1613/2880/990 1614/2881/990 1602/2868/990
f 1602/2868/991 1614/2881/991 1615/2882/991 1603/2869/991
f 1603/2869/992 1615/2882/992 1616/2883/992 1604/2870/992
f 1604/2870/993 1616/2883/993 1617/2884/993 1605/2871/993
f 1605/2871/994 1617/2884/994 1618/2885/994 1606/2872/994
f 1606/2872/995 1618/2885/995 1619/2886/995 1607/2873/995
f 1607/2874/996 1619/2887/996 1620/2888/996 1608/2875/996
f 1608/2875/997 1620/2888/997 1621/2889/997 1609/2876/997
f 1609/2876/998 1621/2889/998 1622/2890/998 1610/2877/998
f 1610/2877/999 1622/2890/999 1623/2891/999 1611/2878/999
f 1611/2878/1000 1623/2891/1000 1624/2892/1000 1612/2879/1000
f 1612/2879/1001 1624/2892/1001 1613/2880/1001 1601/2867/1001
f 1613/2880/1002 1625/2893/1002 1626/2894/1002 1614/2881/1002
f 1614/2881/1003 1626/2894/1003 1627/2895/1003 1615/2882/1003
f 1615/2882/1004 1627/2895/1004 1628/2896/1004 1616/2883/1004
f 1616/2883/1005 1628/2896/1005 1629/2897/1005 1617/2884/1005
f 1617/2884/1006 1629/2897/1006 1630/2898/1006 1618/2885/1006
f 1618/2885/1007 1630/2898/1007 1631/2899/1007 1619/2886/1007
f 1619/2887/1008 1631/2900/1008 1632/2901/1008 1620/2888/1008
f 1620/2888/1009 1632/2901/1009 1633/2902/1009 1621/2889/1009
f 1621/2889/1010 1633/2902/1010 1634/2903/1010 1622/2890/1010
f 1622/2890/1011 1634/2903/1011 1635/2904/1011 1623/2891/1011
f 1623/2891/1012 1635/2904/1012 1636/2905/1012 1624/2892/1012
f 1624/2892/1013 1636/2905/1013 1625/2893/1013 1613/2880/1013
f 1636/2905/1014 1635/2904/1014 1637/2906/1014 1638/2907/1014
f 1356/2602/1015 1358/2604/1015 1639/2908/1015 1640/2909/1015
f 1350/2595/1016 1352/2598/1016 1641/2910/1016 1642/2911/1016
f 1629/2897/1017 1628/2896/1017 1643/2912/1017 1644/2913/1017
f 1337/2581/1018 1340/2584/1018 1645/2914/1018 1646/2915/1018
f 1630/2898/1019 1629/2897/1019 1644/2913/1019 1647/2916/1019
f 1631/2899/1020 1630/2898/1020 1647/2916/1020 1648/2917/1020
f 1340/2584/1021 1342/2586/1021 1649/2918/1021 1645/2914/1021
f 1344/2588/1022 1346/2590/1022 1650/2919/1022 1651/2920/1022
f 1635/2904/1023 1634/2903/1023 1652/2921/1023 1637/2906/1023
f 1634/2903/1024 1633/2902/1024 1653/2922/1024 1652/2921/1024
f 1633/2902/1025 1632/2901/1025 1654/2923/1025 1653/2922/1025
f 1626/2894/1026 1625/2893/1026 1655/2924/1026 1656/2925/1026
f 1360/2606/1027 1337/2581/1027 1646/2915/1027 1657/2926/1027
f 1628/2896/1028 1627/2895/1028 1658/2927/1028 1643/2912/1028
f 1352/2598/1029 1354/2600/1029 1659/2928/1029 1641/2910/1029
f 1625/2893/1030 1636/2905/1030 1638/2907/1030 1655/2924/1030
f 1627/2895/1031 1626/2894/1031 1656/2925/1031 1658/2927/1031
f 1632/2901/1032 1631/2900/1032 1648/2929/1032 1654/2923/1032
f 1342/2586/1033 1344/2588/1033 1651/2920/1033 1649/2918/1033
f 1358/2604/1034 1360/2606/1034 1657/2926/1034 1639/2908/1034
f 1354/2600/1035 1356/2602/1035 1640/2909/1035 1659/2928/1035
f 1346/2590/1036 1348/2592/1036 1660/2930/1036 1650/2919/1036
f 1348/2592/1037 1350/2594/1037 1642/2931/1037 1660/2930/1037
f 1655/2924/1038 1638/2907/1038 1661/2932/1038 1662/2933/1038
f 1653/2922/1039 1654/2923/1039 1663/2934/1039 1664/2935/1039
f 1649/2918/1040 1651/2920/1040 1665/2936/1040 1666/2937/1040
f 1645/2914/1041 1649/2918/1041 1666/2937/1041 1667/2938/1041
f 1642/2911/1042 1641/2910/1042 1668/2939/1042 1669/2940/1042
f 1647/2916/1043 1644/2913/1043 1670/2941/1043 1671/2942/1043
f 1658/2927/1044 1656/2925/1044 1672/2943/1044 1673/2944/1044
f 1652/2921/1024 1653/2922/1024 1664/2935/1024 1674/2945/1024
f 1660/2930/1045 1642/2931/1045 1669/2946/1045 1675/2947/1045
f 1646/2915/1046 1645/2914/1046 1667/2938/1046 1676/2948/1046
f 1640/2909/1047 1639/2908/1047 1677/2949/1047 1678/2950/1047
f 1648/2917/1048 1647/2916/1048 1671/2942/1048 1679/2951/1048
f 1657/2926/1049 1646/2915/1049 1676/2948/1049 1680/2952/1049
f 1637/2906/1050 1652/2921/1050 1674/2945/1050 1681/2953/1050
f 1650/2919/1051 1660/2930/1051 1675/2947/1051 1682/2954/1051
f 1643/2912/1052 1658/2927/1052 1673/2944/1052 1683/2955/1052
f 1659/2928/1053 1640/2909/1053 1678/2950/1053 1684/2956/1053
f 1654/2923/1054 1648/2929/1054 1679/2957/1054 1663/2934/1054
f 1651/2920/1055 1650/2919/1055 1682/2954/1055 1665/2936/1055
f 1638/2907/1056 1637/2906/1056 1681/2953/1056 1661/2932/1056
f 1656/2925/1057 1655/2924/1057 1662/2933/1057 1672/2943/1057
f 1641/2910/1058 1659/2928/1058 1684/2956/1058 1668/2939/1058
f 1644/2913/1017 1643/2912/1017 1683/2955/1017 1670/2941/1017
f 1639/2908/1059 1657/2926/1059 1680/2952/1059 1677/2949/1059
f 1685/2958/1060 1686/2959/1060 1687/2960/1060 1688/2961/1060
f 1688/2961/1061 1687/2960/1061 1689/2962/1061 1690/2963/1061
f 1690/2963/1062 1689/2962/1062 1691/2964/1062 1692/2965/1062
f 1692/2965/1063 1691/2964/1063 1693/2966/1063 1694/2967/1063
f 1694/2967/1064 1693/2966/1064 1695/2968/1064 1696/2969/1064
f 1696/2969/731 1695/2968/731 1697/2970/731 1698/2971/731
f 1698/2972/1065 1697/2973/1065 1699/2974/1065 1700/2975/1065
f 1700/2975/1066 1699/2974/1066 1701/2976/1066 1702/2977/1066
f 1702/2977/734 1701/2976/734 1703/2978/734 1704/2979/734
f 1704/2979/1067 1703/2978/1067 1705/2980/1067 1706/2981/1067
f 1706/2981/1068 1705/2980/1068 1707/2982/1068 1708/2983/1068
f 1708/2983/737 1707/2982/737 1686/2959/737 1685/2958/737
f 1686/2959/1069 1709/2984/1069 1710/2985/1069 1687/2960/1069
f 1687/2960/739 1710/2985/739 1711/2986/739 1689/2962/739
f 1689/2962/740 1711/2986/740 1712/2987/740 1691/2964/740
f 1691/2964/1070 1712/2987/1070 1713/2988/1070 1693/2966/1070
f 1693/2966/1071 1713/2988/1071 1714/2989/1071 1695/2968/1071
f 1695/2968/1072 1714/2989/1072 1715/2990/1072 1697/2970/1072
f 1697/2973/1073 1715/2991/1073 1716/2992/1073 1699/2974/1073
f 1699/2974/1074 1716/2992/1074 1717/2993/1074 1701/2976/1074
f 1701/2976/1075 1717/2993/1075 1718/2994/1075 1703/2978/1075
f 1703/2978/1076 1718/2994/1076 1719/2995/1076 1705/2980/1076
f 1705/2980/1077 1719/2995/1077 1720/2996/1077 1707/2982/1077
f 1707/2982/1078 1720/2996/1078 1709/2984/1078 1686/2959/1078
f 1709/2984/1079 1721/2997/1079 1722/2998/1079 1710/2985/1079
f 1710/2985/1080 1722/2998/1080 1723/2999/1080 1711/2986/1080
f 1711/2986/1081 1723/2999/1081 1724/3000/1081 1712/2987/1081
f 1712/2987/753 1724/3000/753 1725/3001/753 1713/2988/753
f 1713/2988/1082 1725/3001/1082 1726/3002/1082 1714/2989/1082
f 1714/2989/1083 1726/3002/1083 1727/3003/1083 1715/2990/1083
f 1715/2991/1084 1727/3004/1084 1728/3005/1084 1716/2992/1084
f 1716/2992/757 1728/3005/757 1729/3006/757 1717/2993/757
f 1717/2993/1085 1729/3006/1085 1730/3007/1085 1718/2994/1085
f 1718/2994/1086 1730/3007/1086 1731/3008/1086 1719/2995/1086
f 1719/2995/1087 1731/3008/1087 1732/3009/1087 1720/2996/1087
f 1720/2996/1088 1732/3009/1088 1721/2997/1088 1709/2984/1088
f 1721/2997/1089 1733/3010/1089 1734/3011/1089 1722/2998/1089
f 1722/2998/1090 1734/3011/1090 1735/3012/1090 1723/2999/1090
f 1723/2999/1091 1735/3012/1091 1736/3013/1091 1724/3000/1091
f 1724/3000/765 1736/3013/765 1737/3014/765 1725/3001/765
f 1725/3001/1092 1737/3014/1092 1738/3015/1092 1726/3002/1092
f 1726/3002/1093 1738/3015/1093 1739/3016/1093 1727/3003/1093
f 1727/3004/1094 1739/3017/1094 1740/3018/1094 1728/3005/1094
f 1728/3005/1095 1740/3018/1095 1741/3019/1095 1729/3006/1095
f 1729/3006/770 1741/3019/770 1742/3020/770 1730/3007/770
f 1730/3007/1096 1742/3020/1096 1743/3021/1096 1731/3008/1096
f 1731/3008/1097 1743/3021/1097 1744/3022/1097 1732/3009/1097
f 1732/3009/1098 1744/3022/1098 1733/3010/1098 1721/2997/1098
f 1733/3010/1099 1745/3023/1099 1746/3024/1099 1734/3011/1099
f 1734/3011/1100 1746/3024/1100 1747/3025/1100 1735/3012/1100
f 1735/3012/1101 1747/3025/1101 1748/3026/1101 1736/3013/1101
f 1736/3013/1102 1748/3026/1102 1749/3027/1102 1737/3014/1102
f 1737/3014/1103 1749/3027/1103 1750/3028/1103 1738/3015/1103
f 1738/3015/1104 1750/3028/1104 1751/3029/1104 1739/3016/1104
f 1739/3017/780 1751/3030/780 1752/3031/780 1740/3018/780
f 1740/3018/1105 1752/3031/1105 1753/3032/1105 1741/3019/1105
f 1741/3019/782 1753/3032/782 1754/3033/782 1742/3020/782
f 1742/3020/1106 1754/3033/1106 1755/3034/1106 1743/3021/1106
f 1743/3021/1107 1755/3034/1107 1756/3035/1107 1744/3022/1107
f 1744/3022/1108 1756/3035/1108 1745/3023/1108 1733/3010/1108
f 1745/3023/1109 1757/3036/1109 1758/3037/1109 1746/3024/1109
f 1746/3024/1110 1758/3037/1110 1759/3038/1110 1747/3025/1110
f 1747/3025/788 1759/3038/788 1760/3039/788 1748/3026/788
f 1748/3026/1111 1760/3039/1111 1761/3040/1111 1749/3027/1111
f 1749/3027/1112 1761/3040/1112 1762/3041/1112 1750/3028/1112
f 1750/3028/1113 1762/3041/1113 1763/3042/1113 1751/3029/1113
f 1751/3030/792 1763/3043/792 1764/3044/792 1752/3031/792
f 1752/3031/793 1764/3044/793 1765/3045/793 1753/3032/793
f 1753/3032/1114 1765/3045/1114 1766/3046/1114 1754/3033/1114
f 1754/3033/1115 1766/3046/1115 1767/3047/1115 1755/3034/1115
f 1755/3034/1116 1767/3047/1116 1768/3048/1116 1756/3035/1116
f 1756/3035/1117 1768/3048/1117 1757/3036/1117 1745/3023/1117
f 1757/3036/1118 1769/3049/1118 1770/3050/1118 1758/3037/1118
f 1758/3037/1119 1770/3050/1119 1771/3051/1119 1759/3038/1119
f 1759/3038/800 1771/3051/800 1772/3052/800 1760/3039/800
f 1760/3039/1120 1772/3052/1120 1773/3053/1120 1761/3040/1120
f 1761/3040/1121 1773/3053/1121 1774/3054/1121 1762/3041/1121
f 1762/3041/1122 1774/3054/1122 1775/3055/1122 1763/3042/1122
f 1763/3043/1123 1775/3056/1123 1776/3057/1123 1764/3044/1123
f 1764/3044/805 1776/3057/805 1777/3058/805 1765/3045/805
f 1765/3045/1124 1777/3058/1124 1778/3059/1124 1766/3046/1124
f 1766/3046/807 1778/3059/807 1779/3060/807 1767/3047/807
f 1767/3047/1125 1779/3060/1125 1780/3061/1125 1768/3048/1125
f 1768/3048/1126 1780/3061/1126 1769/3049/1126 1757/3036/1126
f 1769/3049/1127 1781/3062/1127 1782/3063/1127 1770/3050/1127
f 1770/3050/811 1782/3063/811 1783/3064/811 1771/3051/811
f 1771/3051/1128 1783/3064/1128 1784/3065/1128 1772/3052/1128
f 1772/3052/1129 1784/3065/1129 1785/3066/1129 1773/3053/1129
f 1773/3053/1130 1785/3066/1130 1786/3067/1130 1774/3054/1130
f 1774/3054/815 1786/3067/815 1787/3068/815 1775/3055/815
f 1775/3056/1131 1787/3069/1131 1788/3070/1131 1776/3057/1131
f 1776/3057/817 1788/3070/817 1789/3071/817 1777/3058/817
f 1777/3058/818 1789/3071/818 1790/3072/818 1778/3059/818
f 1778/3059/819 1790/3072/819 1791/3073/819 1779/3060/819
f 1779/3060/820 1791/3073/820 1792/3074/820 1780/3061/820
f 1780/3061/1132 1792/3074/1132 1781/3062/1132 1769/3049/1132
f 1781/3062/822 1793/3075/822 1794/3076/822 1782/3063/822
f 1782/3063/823 1794/3076/823 1795/3077/823 1783/3064/823
f 1783/3064/1133 1795/3077/1133 1796/3078/1133 1784/3065/1133
f 1784/3065/1134 1796/3078/1134 1797/3079/1134 1785/3066/1134
f 1785/3066/1135 1797/3079/1135 1798/3080/1135 1786/3067/1135
f 1786/3067/827 1798/3080/827 1799/3081/827 1787/3068/827
f 1787/3069/828 1799/3082/828 1800/3083/828 1788/3070/828
f 1788/3070/1136 1800/3083/1136 1801/3084/1136 1789/3071/1136
f 1789/3071/830 1801/3084/830 1802/3085/830 1790/3072/830
f 1790/3072/831 1802/3085/831 1803/3086/831 1791/3073/831
f 1791/3073/1137 1803/3086/1137 1804/3087/1137 1792/3074/1137
f 1792/3074/1138 1804/3087/1138 1793/3075/1138 1781/3062/1138
f 1793/3075/834 1805/3088/834 1806/3089/834 1794/3076/834
f 1794/3076/1139 1806/3089/1139 1807/3090/1139 1795/3077/1139
f 1795/3077/836 1807/3090/836 1808/3091/836 1796/3078/836
f 1796/3078/1140 1808/3091/1140 1809/3092/1140 1797/3079/1140
f 1797/3079/838 1809/3092/838 1810/3093/838 1798/3080/838
f 1798/3080/839 1810/3093/839 1811/3094/839 1799/3081/839
f 1799/3082/840 1811/3095/840 1812/3096/840 1800/3083/840
f 1800/3083/841 1812/3096/841 1813/3097/841 1801/3084/841
f 1801/3084/1141 1813/3097/1141 1814/3098/1141 1802/3085/1141
f 1802/3085/843 1814/3098/843 1815/3099/843 1803/3086/843
f 1803/3086/844 1815/3099/844 1816/3100/844 1804/3087/844
f 1804/3087/1142 1816/3100/1142 1805/3088/1142 1793/3075/1142
f 1805/3088/846 1817/3101/846 1818/3102/846 1806/3089/846
f 1806/3089/847 1818/3102/847 1819/3103/847 1807/3090/847
f 1807/3090/1143 1819/3103/1143 1820/3104/1143 1808/3091/1143
f 1808/3091/1144 1820/3104/1144 1821/3105/1144 1809/3092/1144
f 1809/3092/1145 1821/3105/1145 1822/3106/1145 1810/3093/1145
f 1810/3093/1146 1822/3106/1146 1823/3107/1146 1811/3094/1146
f 1811/3095/1147 1823/3108/1147 1824/3109/1147 1812/3096/1147
f 1812/3096/1148 1824/3109/1148 1825/3110/1148 1813/3097/1148
f 1813/3097/1149 1825/3110/1149 1826/3111/1149 1814/3098/1149
f 1814/3098/1150 1826/3111/1150 1827/3112/1150 1815/3099/1150
f 1815/3099/1151 1827/3112/1151 1828/3113/1151 1816/3100/1151
f 1816/3100/857 1828/3113/857 1817/3101/857 1805/3088/857
f 1817/3101/858 1829/3114/858 1830/3115/858 1818/3102/858
f 1818/3102/859 1830/3115/859 1831/3116/859 1819/3103/859
f 1819/3103/1152 1831/3116/1152 1832/3117/1152 1820/3104/1152
f 1820/3104/861 1832/3117/861 1833/3118/861 1821/3105/861
f 1821/3105/862 1833/3118/862 1834/3119/862 1822/3106/862
f 1822/3106/863 1834/3119/863 1835/3120/863 1823/3107/863
f 1823/3108/1153 1835/3121/1153 1836/3122/1153 1824/3109/1153
f 1824/3109/865 1836/3122/865 1837/3123/865 1825/3110/865
f 1825/3110/1154 1837/3123/1154 1838/3124/1154 1826/3111/1154
f 1826/3111/1155 1838/3124/1155 1839/3125/1155 1827/3112/1155
f 1827/3112/868 1839/3125/868 1840/3126/868 1828/3113/868
f 1828/3113/869 1840/3126/869 1829/3114/869 1817/3101/869
f 1829/3114/870 1841/3127/870 1842/3128/870 1830/3115/870
f 1830/3115/871 1842/3128/871 1843/3129/871 1831/3116/871
f 1831/3116/1156 1843/3129/1156 1844/3130/1156 1832/3117/1156
f 1832/3117/873 1844/3130/873 1845/3131/873 1833/3118/873
f 1833/3118/874 1845/3131/874 1846/3132/874 1834/3119/874
f 1834/3119/875 1846/3132/875 1847/3133/875 1835/3120/875
f 1835/3121/876 1847/3134/876 1848/3135/876 1836/3122/876
f 1836/3122/877 1848/3135/877 1849/3136/877 1837/3123/877
f 1837/3123/1157 1849/3136/1157 1850/3137/1157 1838/3124/1157
f 1838/3124/1158 1850/3137/1158 1851/3138/1158 1839/3125/1158
f 1839/3125/1159 1851/3138/1159 1852/3139/1159 1840/3126/1159
f 1840/3126/881 1852/3139/881 1841/3127/881 1829/3114/881
f 1841/3127/882 1853/3140/882 1854/3141/882 1842/3128/882
f 1842/3128/1160 1854/3141/1160 1855/3142/1160 1843/3129/1160
f 1843/3129/1161 1855/3142/1161 1856/3143/1161 1844/3130/1161
f 1844/3130/1162 1856/3143/1162 1857/3144/1162 1845/3131/1162
f 1845/3131/886 1857/3144/886 1858/3145/886 1846/3132/886
f 1846/3132/1163 1858/3145/1163 1859/3146/1163 1847/3133/1163
f 1847/3134/1164 1859/3147/1164 1860/3148/1164 1848/3135/1164
f 1848/3135/1165 1860/3148/1165 1861/3149/1165 1849/3136/1165
f 1849/3136/890 1861/3149/890 1862/3150/890 1850/3137/890
f 1850/3137/1166 1862/3150/1166 1863/3151/1166 1851/3138/1166
f 1851/3138/892 1863/3151/892 1864/3152/892 1852/3139/892
f 1852/3139/893 1864/3152/893 1853/3140/893 1841/3127/893
f 1853/3140/894 1865/3153/894 1866/3154/894 1854/3141/894
f 1854/3141/1167 1866/3154/1167 1867/3155/1167 1855/3142/1167
f 1855/3142/896 1867/3155/896 1868/3156/896 1856/3143/896
f 1856/3143/897 1868/3156/897 1869/3157/897 1857/3144/897
f 1857/3144/1168 1869/3157/1168 1870/3158/1168 1858/3145/1168
f 1858/3145/899 1870/3158/899 1871/3159/899 1859/3146/899
f 1859/3147/1169 1871/3160/1169 1872/3161/1169 1860/3148/1169
f 1860/3148/901 1872/3161/901 1873/3162/901 1861/3149/901
f 1861/3149/902 1873/3162/902 1874/3163/902 1862/3150/902
f 1862/3150/903 1874/3163/903 1875/3164/903 1863/3151/903
f 1863/3151/904 1875/3164/904 1876/3165/904 1864/3152/904
f 1864/3152/1170 1876/3165/1170 1865/3153/1170 1853/3140/1170
f 1865/3153/1171 1877/3166/1171 1878/3167/1171 1866/3154/1171
f 1866/3154/1172 1878/3167/1172 1879/3168/1172 1867/3155/1172
f 1867/3155/1173 1879/3168/1173 1880/3169/1173 1868/3156/1173
f 1868/3156/909 1880/3169/909 1881/3170/909 1869/3157/909
f 1869/3157/1174 1881/3170/1174 1882/3171/1174 1870/3158/1174
f 1870/3158/911 1882/3171/911 1883/3172/911 1871/3159/911
f 1871/3160/912 1883/3173/912 1884/3174/912 1872/3161/912
f 1872/3161/1175 1884/3174/1175 1885/3175/1175 1873/3162/1175
f 1873/3162/1176 1885/3175/1176 1886/3176/1176 1874/3163/1176
f 1874/3163/1177 1886/3176/1177 1887/3177/1177 1875/3164/1177
f 1875/3164/1178 1887/3177/1178 1888/3178/1178 1876/3165/1178
f 1876/3165/1179 1888/3178/1179 1877/3166/1179 1865/3153/1179
f 1877/3166/918 1889/3179/918 1890/3180/918 1878/3167/918
f 1878/3167/919 1890/3180/919 1891/3181/919 1879/3168/919
f 1879/3168/1180 1891/3181/1180 1892/3182/1180 1880/3169/1180
f 1880/3169/1181 1892/3182/1181 1893/3183/1181 1881/3170/1181
f 1881/3170/1182 1893/3183/1182 1894/3184/1182 1882/3171/1182
f 1882/3171/1183 1894/3184/1183 1895/3185/1183 1883/3172/1183
f 1883/3173/1184 1895/3186/1184 1896/3187/1184 1884/3174/1184
f 1884/3174/1185 1896/3187/1185 1897/3188/1185 1885/3175/1185
f 1885/3175/1186 1897/3188/1186 1898/3189/1186 1886/3176/1186
f 1886/3176/927 1898/3189/927 1899/3190/927 1887/3177/927
f 1887/3177/1187 1899/3190/1187 1900/3191/1187 1888/3178/1187
f 1888/3178/1188 1900/3191/1188 1889/3179/1188 1877/3166/1188
f 1889/3179/930 1901/3192/930 1902/3193/930 1890/3180/930
f 1890/3180/931 1902/3193/931 1903/3194/931 1891/3181/931
f 1891/3181/1189 1903/3194/1189 1904/3195/1189 1892/3182/1189
f 1892/3182/1190 1904/3195/1190 1905/3196/1190 1893/3183/1190
f 1893/3183/1191 1905/3196/1191 1906/3197/1191 1894/3184/1191
f 1894/3184/1192 1906/3197/1192 1907/3198/1192 1895/3185/1192
f 1895/3186/1193 1907/3199/1193 1908/3200/1193 1896/3187/1193
f 1896/3187/1194 1908/3200/1194 1909/3201/1194 1897/3188/1194
f 1897/3188/1195 1909/3201/1195 1910/3202/1195 1898/3189/1195
f 1898/3189/1196 1910/3202/1196 1911/3203/1196 1899/3190/1196
f 1899/3190/1197 1911/3203/1197 1912/3204/1197 1900/3191/1197
f 1900/3191/1198 1912/3204/1198 1901/3192/1198 1889/3179/1198
f 1901/3192/942 1913/3205/942 1914/3206/942 1902/3193/942
f 1902/3193/943 1914/3206/943 1915/3207/943 1903/3194/943
f 1903/3194/1199 1915/3207/1199 1916/3208/1199 1904/3195/1199
f 1904/3195/1200 1916/3208/1200 1917/3209/1200 1905/3196/1200
f 1905/3196/1201 1917/3209/1201 1918/3210/1201 1906/3197/1201
f 1906/3197/1202 1918/3210/1202 1919/3211/1202 1907/3198/1202
f 1907/3199/1203 1919/3212/1203 1920/3213/1203 1908/3200/1203
f 1908/3200/949 1920/3213/949 1921/3214/949 1909/3201/949
f 1909/3201/1204 1921/3214/1204 1922/3215/1204 1910/3202/1204
f 1910/3202/1205 1922/3215/1205 1923/3216/1205 1911/3203/1205
f 1911/3203/1206 1923/3216/1206 1924/3217/1206 1912/3204/1206
f 1912/3204/953 1924/3217/953 1913/3205/953 1901/3192/953
f 1913/3205/1207 1925/3218/1207 1926/3219/1207 1914/3206/1207
f 1914/3206/1208 1926/3219/1208 1927/3220/1208 1915/3207/1208
f 1915/3207/1209 1927/3220/1209 1928/3221/1209 1916/3208/1209
f 1916/3208/1210 1928/3221/1210 1929/3222/1210 1917/3209/1210
f 1917/3209/1211 1929/3222/1211 1930/3223/1211 1918/3210/1211
f 1918/3210/959 1930/3223/959 1931/3224/959 1919/3211/959
f 1919/3212/1212 1931/3225/1212 1932/3226/1212 1920/3213/1212
f 1920/3213/1213 1932/3226/1213 1933/3227/1213 1921/3214/1213
f 1921/3214/1214 1933/3227/1214 1934/3228/1214 1922/3215/1214
f 1922/3215/1215 1934/3228/1215 1935/3229/1215 1923/3216/1215
f 1923/3216/964 1935/3229/964 1936/3230/964 1924/3217/964
f 1924/3217/1216 1936/3230/1216 1925/3218/1216 1913/3205/1216
f 1925/3218/1217 1937/3231/1217 1938/3232/1217 1926/3219/1217
f 1926/3219/967 1938/3232/967 1939/3233/967 1927/3220/967
f 1927/3220/1218 1939/3233/1218 1940/3234/1218 1928/3221/1218
f 1928/3221/1219 1940/3234/1219 1941/3235/1219 1929/3222/1219
f 1929/3222/970 1941/3235/970 1942/3236/970 1930/3223/970
f 1930/3223/1220 1942/3236/1220 1943/3237/1220 1931/3224/1220
f 1931/3225/1221 1943/3238/1221 1944/3239/1221 1932/3226/1221
f 1932/3226/1222 1944/3239/1222 1945/3240/1222 1933/3227/1222
f 1933/3227/1223 1945/3240/1223 1946/3241/1223 1934/3228/1223
f 1934/3228/1224 1946/3241/1224 1947/3242/1224 1935/3229/1224
f 1935/3229/1225 1947/3242/1225 1948/3243/1225 1936/3230/1225
f 1936/3230/1226 1948/3243/1226 1937/3231/1226 1925/3218/1226
f 1937/3231/1227 1949/3244/1227 1950/3245/1227 1938/3232/1227
f 1938/3232/1228 1950/3245/1228 1951/3246/1228 1939/3233/1228
f 1939/3233/980 1951/3246/980 1952/3247/980 1940/3234/980
f 1940/3234/1229 1952/3247/1229 1953/3248/1229 1941/3235/1229
f 1941/3235/982 1953/3248/982 1954/3249/982 1942/3236/982
f 1942/3236/1230 1954/3249/1230 1955/3250/1230 1943/3237/1230
f 1943/3238/1231 1955/3251/1231 1956/3252/1231 1944/3239/1231
f 1944/3239/985 1956/3252/985 1957/3253/985 1945/3240/985
f 1945/3240/986 1957/3253/986 1958/3254/986 1946/3241/986
f 1946/3241/1232 1958/3254/1232 1959/3255/1232 1947/3242/1232
f 1947/3242/1233 1959/3255/1233 1960/3256/1233 1948/3243/1233
f 1948/3243/1234 1960/3256/1234 1949/3244/1234 1937/3231/1234
f 1949/3244/1235 1961/3257/1235 1962/3258/1235 1950/3245/1235
f 1950/3245/1236 1962/3258/1236 1963/3259/1236 1951/3246/1236
f 1951/3246/1237 1963/3259/1237 1964/3260/1237 1952/3247/1237
f 1952/3247/1238 1964/3260/1238 1965/3261/1238 1953/3248/1238
f 1953/3248/1239 1965/3261/1239 1966/3262/1239 1954/3249/1239
f 1954/3249/995 1966/3262/995 1967/3263/995 1955/3250/995
f 1955/3251/1240 1967/3264/1240 1968/3265/1240 1956/3252/1240
f 1956/3252/997 1968/3265/997 1969/3266/997 1957/3253/997
f 1957/3253/998 1969/3266/998 1970/3267/998 1958/3254/998
f 1958/3254/1241 1970/3267/1241 1971/3268/1241 1959/3255/1241
f 1959/3255/1242 1971/3268/1242 1972/3269/1242 1960/3256/1242
f 1960/3256/1001 1972/3269/1001 1961/3257/1001 1949/3244/1001
f 1961/3257/1243 1973/3270/1243 1974/3271/1243 1962/3258/1243
f 1962/3258/1244 1974/3271/1244 1975/3272/1244 1963/3259/1244
f 1963/3259/1245 1975/3272/1245 1976/3273/1245 1964/3260/1245
f 1964/3260/1246 1976/3273/1246 1977/3274/1246 1965/3261/1246
f 1965/3261/1247 1977/3274/1247 1978/3275/1247 1966/3262/1247
f 1966/3262/1248 1978/3275/1248 1979/3276/1248 1967/3263/1248
f 1967/3264/1249 1979/3277/1249 1980/3278/1249 1968/3265/1249
f 1968/3265/1009 1980/3278/1009 1981/3279/1009 1969/3266/1009
f 1969/3266/1010 1981/3279/1010 1982/3280/1010 1970/3267/1010
f 1970/3267/1250 1982/3280/1250 1983/3281/1250 1971/3268/1250
f 1971/3268/1251 1983/3281/1251 1984/3282/1251 1972/3269/1251
f 1972/3269/1252 1984/3282/1252 1973/3270/1252 1961/3257/1252
f 1984/3282/1253 1983/3281/1253 1985/3283/1253 1986/3284/1253
f 1704/2979/1254 1706/2981/1254 1987/3285/1254 1988/3286/1254
f 1698/2972/1255 1700/2975/1255 1989/3287/1255 1990/3288/1255
f 1977/3274/1256 1976/3273/1256 1991/3289/1256 1992/3290/1256
f 1685/2958/1257 1688/2961/1257 1993/3291/1257 1994/3292/1257
f 1978/3275/1258 1977/3274/1258 1992/3290/1258 1995/3293/1258
f 1979/3276/1259 1978/3275/1259 1995/3293/1259 1996/3294/1259
f 1688/2961/1260 1690/2963/1260 1997/3295/1260 1993/3291/1260
f 1692/2965/1261 1694/2967/1261 1998/3296/1261 1999/3297/1261
f 1983/3281/1262 1982/3280/1262 2000/3298/1262 1985/3283/1262
f 1982/3280/1024 1981/3279/1024 2001/3299/1024 2000/3298/1024
f 1981/3279/1025 1980/3278/1025 2002/3300/1025 2001/3299/1025
f 1974/3271/1263 1973/3270/1263 2003/3301/1263 2004/3302/1263
f 1708/2983/1264 1685/2958/1264 1994/3292/1264 2005/3303/1264
f 1976/3273/1028 1975/3272/1028 2006/3304/1028 1991/3289/1028
f 1700/2975/1029 1702/2977/1029 2007/3305/1029 1989/3287/1029
f 1973/3270/1265 1984/3282/1265 1986/3284/1265 2003/3301/1265
f 1975/3272/1031 1974/3271/1031 2004/3302/1031 2006/3304/1031
f 1980/3278/1266 1979/3277/1266 1996/3306/1266 2002/3300/1266
f 1690/2963/1267 1692/2965/1267 1999/3297/1267 1997/3295/1267
f 1706/2981/1268 1708/2983/1268 2005/3303/1268 1987/3285/1268
f 1702/2977/1035 1704/2979/1035 1988/3286/1035 2007/3305/1035
f 1694/2967/1269 1696/2969/1269 2008/3307/1269 1998/3296/1269
f 1696/2969/1270 1698/2971/1270 1990/3308/1270 2008/3307/1270
f 2003/3301/1038 1986/3284/1038 2009/3309/1038 2010/3310/1038
f 2001/3299/1271 2002/3300/1271 2011/3311/1271 2012/3312/1271
f 1997/3295/1272 1999/3297/1272 2013/3313/1272 2014/3314/1272
f 1993/3291/1273 1997/3295/1273 2014/3314/1273 2015/3315/1273
f 1990/3288/1274 1989/3287/1274 2016/3316/1274 2017/3317/1274
f 1995/3293/1275 1992/3290/1275 2018/3318/1275 2019/3319/1275
f 2006/3304/1276 2004/3302/1276 2020/3320/1276 2021/3321/1276
f 2000/3298/1277 2001/3299/1277 2012/3312/1277 2022/3322/1277
f 2008/3307/1278 1990/3308/1278 2017/3323/1278 2023/3324/1278
f 1994/3292/1279 1993/3291/1279 2015/3315/1279 2024/3325/1279
f 1988/3286/1280 1987/3285/1280 2025/3326/1280 2026/3327/1280
f 1996/3294/1048 1995/3293/1048 2019/3319/1048 2027/3328/1048
f 2005/3303/1049 1994/3292/1049 2024/3325/1049 2028/3329/1049
f 1985/3283/1281 2000/3298/1281 2022/3322/1281 2029/3330/1281
f 1998/3296/1282 2008/3307/1282 2023/3324/1282 2030/3331/1282
f 1991/3289/1052 2006/3304/1052 2021/3321/1052 2031/3332/1052
f 2007/3305/1283 1988/3286/1283 2026/3327/1283 2032/3333/1283
f 2002/3300/1284 1996/3306/1284 2027/3334/1284 2011/3311/1284
f 1999/3297/1055 1998/3296/1055 2030/3331/1055 2013/3313/1055
f 1986/3284/1285 1985/3283/1285 2029/3330/1285 2009/3309/1285
f 2004/3302/1057 2003/3301/1057 2010/3310/1057 2020/3320/1057
f 1989/3287/1286 2007/3305/1286 2032/3333/1286 2016/3316/1286
f 1992/3290/1017 1991/3289/1017 2031/3332/1017 2018/3318/1017
f 1987/3285/1287 2005/3303/1287 2028/3329/1287 2025/3326/1287
o green2
v 0.100958 0.983555 -0.314355
v 0.112178 0.962563 -0.314355
v 0.000000 0.916097 -0.323970
v 0.085857 1.001954 -0.314355
v 0.067458 1.017055 -0.314355
v 0.046466 1.028275 -0.314355
v 0.023688 1.035185 -0.314355
v 0.000000 1.037518 -0.314355
v -0.023688 1.035185 -0.314355
v 0.119088 0.939785 -0.314355
v 0.121421 0.916097 -0.314355
v 0.119088 0.892409 -0.314355
v 0.112178 0.869631 -0.314355
v 0.100958 0.848639 -0.314355
v 0.085857 0.830239 -0.314355
v 0.067458 0.815139 -0.314355
v 0.046466 0.803919 -0.314355
v 0.023688 0.797009 -0.314355
v 0.000000 0.794676 -0.314355
v -0.023688 0.797009 -0.314355
v -0.046466 0.803919 -0.314355
v -0.067458 0.815139 -0.314355
v -0.085857 0.830239 -0.314355
v -0.100958 0.848639 -0.314355
v -0.112178 0.869631 -0.314355
v -0.119088 0.892409 -0.314355
v -0.121421 0.916097 -0.314355
v -0.119088 0.939785 -0.314355
v -0.112178 0.962563 -0.314355
v -0.100958 0.983555 -0.314355
v -0.085858 1.001954 -0.314355
v -0.067458 1.017055 -0.314355
v -0.046466 1.028275 -0.314355
vt 0.062769 0.523351
vt 0.062259 0.522846
vt 0.060786 0.527440
vt 0.063202 0.524012
vt 0.063542 0.524806
vt 0.063777 0.525700
vt 0.063896 0.526662
vt 0.063896 0.527653
vt 0.063777 0.528636
vt 0.061693 0.522518
vt 0.061092 0.522379
vt 0.060479 0.522435
vt 0.059878 0.522683
vt 0.059312 0.523114
vt 0.058803 0.523711
vt 0.058370 0.524451
vt 0.058029 0.525307
vt 0.057795 0.526244
vt 0.057675 0.527227
vt 0.057675 0.528219
vt 0.057795 0.529180
vt 0.058029 0.530075
vt 0.058370 0.530868
vt 0.058803 0.531530
vt 0.059312 0.532034
vt 0.059878 0.532362
vt 0.060479 0.532501
vt 0.061092 0.532445
vt 0.061693 0.532197
vt 0.062259 0.531766
vt 0.062769 0.531169
vt 0.063202 0.530429
vt 0.063542 0.529573
vn 0.0700 0.0374 -0.9968
vn 0.0613 0.0503 -0.9968
vn 0.0503 0.0613 -0.9968
vn 0.0374 0.0700 -0.9968
vn 0.0230 0.0759 -0.9968
vn 0.0078 0.0789 -0.9968
vn -0.0078 0.0789 -0.9968
vn 0.0759 0.0230 -0.9968
vn 0.0789 -0.0078 -0.9968
vn 0.0789 0.0078 -0.9968
vn 0.0759 -0.0230 -0.9968
vn 0.0700 -0.0374 -0.9968
vn 0.0613 -0.0503 -0.9968
vn 0.0503 -0.0613 -0.9968
vn 0.0374 -0.0700 -0.9968
vn 0.0230 -0.0759 -0.9968
vn 0.0078 -0.0789 -0.9968
vn -0.0078 -0.0789 -0.9968
vn -0.0230 -0.0759 -0.9968
vn -0.0374 -0.0700 -0.9968
vn -0.0503 -0.0613 -0.9968
vn -0.0613 -0.0503 -0.9968
vn -0.0700 -0.0374 -0.9968
vn -0.0759 -0.0230 -0.9968
vn -0.0789 -0.0078 -0.9968
vn -0.0789 0.0078 -0.9968
vn -0.0759 0.0230 -0.9968
vn -0.0700 0.0374 -0.9968
vn -0.0613 0.0503 -0.9968
vn -0.0503 0.0613 -0.9968
vn -0.0374 0.0700 -0.9968
vn -0.0230 0.0759 -0.9968
usemtl Material.003
s off
f 2033/3335/1288 2034/3336/1288 2035/3337/1288
f 2036/3338/1289 2033/3335/1289 2035/3337/1289
f 2037/3339/1290 2036/3338/1290 2035/3337/1290
f 2038/3340/1291 2037/3339/1291 2035/3337/1291
f 2039/3341/1292 2038/3340/1292 2035/3337/1292
f 2040/3342/1293 2039/3341/1293 2035/3337/1293
f 2041/3343/1294 2040/3342/1294 2035/3337/1294
f 2034/3336/1295 2042/3344/1295 2035/3337/1295
f 2043/3345/1296 2044/3346/1296 2035/3337/1296
f 2042/3344/1297 2043/3345/1297 2035/3337/1297
f 2044/3346/1298 2045/3347/1298 2035/3337/1298
f 2045/3347/1299 2046/3348/1299 2035/3337/1299
f 2046/3348/1300 2047/3349/1300 2035/3337/1300
f 2047/3349/1301 2048/3350/1301 2035/3337/1301
f 2048/3350/1302 2049/3351/1302 2035/3337/1302
f 2049/3351/1303 2050/3352/1303 2035/3337/1303
f 2050/3352/1304 2051/3353/1304 2035/3337/1304
f 2051/3353/1305 2052/3354/1305 2035/3337/1305
f 2052/3354/1306 2053/3355/1306 2035/3337/1306
f 2053/3355/1307 2054/3356/1307 2035/3337/1307
f 2054/3356/1308 2055/3357/1308 2035/3337/1308
f 2055/3357/1309 2056/3358/1309 2035/3337/1309
f 2056/3358/1310 2057/3359/1310 2035/3337/1310
f 2057/3359/1311 2058/3360/1311 2035/3337/1311
f 2058/3360/1312 2059/3361/1312 2035/3337/1312
f 2059/3361/1313 2060/3362/1313 2035/3337/1313
f 2060/3362/1314 2061/3363/1314 2035/3337/1314
f 2061/3363/1315 2062/3364/1315 2035/3337/1315
f 2062/3364/1316 2063/3365/1316 2035/3337/1316
f 2063/3365/1317 2064/3366/1317 2035/3337/1317
f 2064/3366/1318 2065/3367/1318 2035/3337/1318
f 2065/3367/1319 2041/3343/1319 2035/3337/1319
o orange2
v 0.100958 0.618235 -0.314355
v 0.112178 0.597243 -0.314355
v 0.000000 0.550777 -0.323970
v 0.085857 0.636635 -0.314355
v 0.067458 0.651735 -0.314355
v 0.046466 0.662956 -0.314355
v 0.023688 0.669865 -0.314355
v 0.000000 0.672198 -0.314355
v -0.023688 0.669865 -0.314355
v 0.119088 0.574465 -0.314355
v 0.121421 0.550777 -0.314355
v 0.119088 0.527089 -0.314355
v 0.112178 0.504312 -0.314355
v 0.100958 0.483320 -0.314355
v 0.085857 0.464920 -0.314355
v 0.067458 0.449820 -0.314355
v 0.046466 0.438599 -0.314355
v 0.023688 0.431690 -0.314355
v 0.000000 0.429357 -0.314355
v -0.023688 0.431690 -0.314355
v -0.046466 0.438599 -0.314355
v -0.067458 0.449820 -0.314355
v -0.085857 0.464920 -0.314355
v -0.100958 0.483320 -0.314355
v -0.112178 0.504312 -0.314355
v -0.119088 0.527089 -0.314355
v -0.121421 0.550777 -0.314355
v -0.119088 0.574465 -0.314355
v -0.112178 0.597243 -0.314355
v -0.100958 0.618235 -0.314355
v -0.085858 0.636635 -0.314355
v -0.067458 0.651735 -0.314355
v -0.046466 0.662956 -0.314355
vt 0.166256 0.490351
vt 0.166755 0.490877
vt 0.168197 0.486088
vt 0.165832 0.489661
vt 0.165498 0.488834
vt 0.165269 0.487901
vt 0.165152 0.486899
vt 0.165152 0.485866
vt 0.165269 0.484841
vt 0.167309 0.491219
vt 0.167897 0.491363
vt 0.168497 0.491305
vt 0.169086 0.491047
vt 0.169640 0.490597
vt 0.170139 0.489975
vt 0.170563 0.489203
vt 0.170896 0.488312
vt 0.171126 0.487335
vt 0.171243 0.486309
vt 0.171243 0.485276
vt 0.171126 0.484274
vt 0.170896 0.483341
vt 0.170563 0.482514
vt 0.170139 0.481824
vt 0.169640 0.481298
vt 0.169086 0.480957
vt 0.168497 0.480812
vt 0.167897 0.480870
vt 0.167309 0.481129
vt 0.166755 0.481578
vt 0.166256 0.482200
vt 0.165832 0.482972
vt 0.165498 0.483864
vn 0.0700 0.0374 -0.9968
vn 0.0613 0.0503 -0.9968
vn 0.0503 0.0613 -0.9968
vn 0.0374 0.0700 -0.9968
vn 0.0230 0.0759 -0.9968
vn 0.0078 0.0789 -0.9968
vn -0.0078 0.0789 -0.9968
vn 0.0759 0.0230 -0.9968
vn 0.0789 -0.0078 -0.9968
vn 0.0789 0.0078 -0.9968
vn 0.0759 -0.0230 -0.9968
vn 0.0700 -0.0374 -0.9968
vn 0.0613 -0.0503 -0.9968
vn 0.0503 -0.0613 -0.9968
vn 0.0374 -0.0700 -0.9968
vn 0.0230 -0.0759 -0.9968
vn 0.0078 -0.0789 -0.9968
vn -0.0078 -0.0789 -0.9968
vn -0.0230 -0.0759 -0.9968
vn -0.0374 -0.0700 -0.9968
vn -0.0503 -0.0613 -0.9968
vn -0.0613 -0.0503 -0.9968
vn -0.0700 -0.0374 -0.9968
vn -0.0759 -0.0230 -0.9968
vn -0.0789 -0.0078 -0.9968
vn -0.0789 0.0078 -0.9968
vn -0.0759 0.0230 -0.9968
vn -0.0700 0.0374 -0.9968
vn -0.0613 0.0503 -0.9968
vn -0.0503 0.0613 -0.9968
vn -0.0374 0.0700 -0.9968
vn -0.0230 0.0759 -0.9968
usemtl Material.003
s off
f 2066/3368/1320 2067/3369/1320 2068/3370/1320
f 2069/3371/1321 2066/3368/1321 2068/3370/1321
f 2070/3372/1322 2069/3371/1322 2068/3370/1322
f 2071/3373/1323 2070/3372/1323 2068/3370/1323
f 2072/3374/1324 2071/3373/1324 2068/3370/1324
f 2073/3375/1325 2072/3374/1325 2068/3370/1325
f 2074/3376/1326 2073/3375/1326 2068/3370/1326
f 2067/3369/1327 2075/3377/1327 2068/3370/1327
f 2076/3378/1328 2077/3379/1328 2068/3370/1328
f 2075/3377/1329 2076/3378/1329 2068/3370/1329
f 2077/3379/1330 2078/3380/1330 2068/3370/1330
f 2078/3380/1331 2079/3381/1331 2068/3370/1331
f 2079/3381/1332 2080/3382/1332 2068/3370/1332
f 2080/3382/1333 2081/3383/1333 2068/3370/1333
f 2081/3383/1334 2082/3384/1334 2068/3370/1334
f 2082/3384/1335 2083/3385/1335 2068/3370/1335
f 2083/3385/1336 2084/3386/1336 2068/3370/1336
f 2084/3386/1337 2085/3387/1337 2068/3370/1337
f 2085/3387/1338 2086/3388/1338 2068/3370/1338
f 2086/3388/1339 2087/3389/1339 2068/3370/1339
f 2087/3389/1340 2088/3390/1340 2068/3370/1340
f 2088/3390/1341 2089/3391/1341 2068/3370/1341
f 2089/3391/1342 2090/3392/1342 2068/3370/1342
f 2090/3392/1343 2091/3393/1343 2068/3370/1343
f 2091/3393/1344 2092/3394/1344 2068/3370/1344
f 2092/3394/1345 2093/3395/1345 2068/3370/1345
f 2093/3395/1346 2094/3396/1346 2068/3370/1346
f 2094/3396/1347 2095/3397/1347 2068/3370/1347
f 2095/3397/1348 2096/3398/1348 2068/3370/1348
f 2096/3398/1349 2097/3399/1349 2068/3370/1349
f 2097/3399/1350 2098/3400/1350 2068/3370/1350
f 2098/3400/1351 2074/3376/1351 2068/3370/1351
o red2
v 0.100401 0.252916 -0.314355
v 0.111413 0.231923 -0.314355
v 0.000000 0.185458 -0.323970
v 0.085470 0.271315 -0.314355
v 0.067204 0.286416 -0.314355
v 0.046314 0.297636 -0.314355
v 0.023618 0.304545 -0.314355
v 0.000000 0.306879 -0.314355
v -0.023618 0.304545 -0.314355
v 0.118089 0.209146 -0.314355
v 0.120183 0.185458 -0.314355
v 0.117636 0.161770 -0.314355
v 0.110575 0.138992 -0.314355
v 0.099304 0.118000 -0.314355
v 0.084284 0.099600 -0.314355
v 0.066106 0.084500 -0.314355
v 0.045473 0.073280 -0.314355
v 0.023162 0.066370 -0.314355
v 0.000000 0.064037 -0.314355
v -0.023162 0.066370 -0.314355
v -0.045473 0.073280 -0.314355
v -0.066106 0.084500 -0.314355
v -0.084284 0.099600 -0.314355
v -0.099304 0.118000 -0.314355
v -0.110575 0.138992 -0.314355
v -0.117636 0.161770 -0.314355
v -0.120183 0.185458 -0.314355
v -0.118089 0.209146 -0.314355
v -0.111413 0.231923 -0.314355
v -0.100401 0.252916 -0.314355
v -0.085470 0.271315 -0.314355
v -0.067204 0.286416 -0.314355
v -0.046314 0.297636 -0.314355
vt 0.378471 0.592755
vt 0.377680 0.593010
vt 0.378879 0.599033
vt 0.379278 0.592744
vt 0.380072 0.592976
vt 0.380821 0.593443
vt 0.381495 0.594126
vt 0.382070 0.594998
vt 0.382521 0.596025
vt 0.376936 0.593498
vt 0.376268 0.594202
vt 0.375701 0.595091
vt 0.375256 0.596132
vt 0.374949 0.597283
vt 0.374792 0.598498
vt 0.374790 0.599731
vt 0.374944 0.600934
vt 0.375247 0.602060
vt 0.375689 0.603069
vt 0.376253 0.603923
vt 0.376919 0.604590
vt 0.377662 0.605047
vt 0.378454 0.605276
vt 0.379264 0.605268
vt 0.380060 0.605023
vt 0.380812 0.604550
vt 0.381490 0.603865
vt 0.382067 0.602994
vt 0.382520 0.601968
vt 0.382833 0.600828
vt 0.382992 0.599616
vt 0.382992 0.598380
vt 0.382833 0.597167
vn 0.0706 0.0370 -0.9968
vn 0.0618 0.0501 -0.9968
vn 0.0506 0.0612 -0.9968
vn 0.0376 0.0699 -0.9968
vn 0.0231 0.0759 -0.9968
vn 0.0078 0.0789 -0.9968
vn -0.0078 0.0789 -0.9968
vn 0.0767 0.0225 -0.9968
vn 0.0797 -0.0086 -0.9968
vn 0.0797 0.0070 -0.9968
vn 0.0767 -0.0238 -0.9968
vn 0.0707 -0.0380 -0.9968
vn 0.0621 -0.0507 -0.9968
vn 0.0511 -0.0615 -0.9968
vn 0.0381 -0.0700 -0.9968
vn 0.0235 -0.0759 -0.9968
vn 0.0080 -0.0789 -0.9968
vn -0.0080 -0.0789 -0.9968
vn -0.0235 -0.0759 -0.9968
vn -0.0381 -0.0700 -0.9968
vn -0.0511 -0.0615 -0.9968
vn -0.0621 -0.0507 -0.9968
vn -0.0707 -0.0380 -0.9968
vn -0.0767 -0.0238 -0.9968
vn -0.0797 -0.0086 -0.9968
vn -0.0797 0.0070 -0.9968
vn -0.0767 0.0225 -0.9968
vn -0.0706 0.0370 -0.9968
vn -0.0618 0.0501 -0.9968
vn -0.0506 0.0612 -0.9968
vn -0.0376 0.0699 -0.9968
vn -0.0231 0.0759 -0.9968
usemtl Material.003
s off
f 2099/3401/1352 2100/3402/1352 2101/3403/1352
f 2102/3404/1353 2099/3401/1353 2101/3403/1353
f 2103/3405/1354 2102/3404/1354 2101/3403/1354
f 2104/3406/1355 2103/3405/1355 2101/3403/1355
f 2105/3407/1356 2104/3406/1356 2101/3403/1356
f 2106/3408/1357 2105/3407/1357 2101/3403/1357
f 2107/3409/1358 2106/3408/1358 2101/3403/1358
f 2100/3402/1359 2108/3410/1359 2101/3403/1359
f 2109/3411/1360 2110/3412/1360 2101/3403/1360
f 2108/3410/1361 2109/3411/1361 2101/3403/1361
f 2110/3412/1362 2111/3413/1362 2101/3403/1362
f 2111/3413/1363 2112/3414/1363 2101/3403/1363
f 2112/3414/1364 2113/3415/1364 2101/3403/1364
f 2113/3415/1365 2114/3416/1365 2101/3403/1365
f 2114/3416/1366 2115/3417/1366 2101/3403/1366
f 2115/3417/1367 2116/3418/1367 2101/3403/1367
f 2116/3418/1368 2117/3419/1368 2101/3403/1368
f 2117/3419/1369 2118/3420/1369 2101/3403/1369
f 2118/3420/1370 2119/3421/1370 2101/3403/1370
f 2119/3421/1371 2120/3422/1371 2101/3403/1371
f 2120/3422/1372 2121/3423/1372 2101/3403/1372
f 2121/3423/1373 2122/3424/1373 2101/3403/1373
f 2122/3424/1374 2123/3425/1374 2101/3403/1374
f 2123/3425/1375 2124/3426/1375 2101/3403/1375
f 2124/3426/1376 2125/3427/1376 2101/3403/1376
f 2125/3427/1377 2126/3428/1377 2101/3403/1377
f 2126/3428/1378 2127/3429/1378 2101/3403/1378
f 2127/3429/1379 2128/3430/1379 2101/3403/1379
f 2128/3430/1380 2129/3431/1380 2101/3403/1380
f 2129/3431/1381 2130/3432/1381 2101/3403/1381
f 2130/3432/1382 2131/3433/1382 2101/3403/1382
f 2131/3433/1383 2107/3409/1383 2101/3403/1383
o poteau2
v 0.020150 0.223966 0.052881
v -0.020150 0.226860 0.052881
v 0.052881 0.223430 -0.020150
v 0.052881 0.223430 0.020150
v 0.043294 0.223430 -0.043294
v 0.020150 0.223430 -0.052882
v -0.020150 0.223430 -0.052882
v -0.043294 0.223430 -0.043294
v -0.052881 0.223966 -0.020150
v -0.052881 0.226860 0.020150
v -0.043294 0.229582 0.043294
v 0.043294 0.223430 0.043294
v 0.020150 0.211954 0.052881
v 0.020150 1.223846 0.052881
v -0.020150 1.226745 0.052881
v -0.020150 0.214853 0.052881
v 0.052881 0.211415 -0.020150
v 0.052881 1.223307 -0.020150
v 0.052881 1.223307 0.020150
v 0.052881 0.211415 0.020148
v 0.043294 1.223307 -0.043294
v 0.020150 1.223307 -0.052882
v -0.020150 1.223307 -0.052882
v -0.043294 1.223307 -0.043294
v -0.052881 1.223846 -0.020150
v -0.052881 1.226745 0.020150
v -0.043294 1.229469 0.043294
v 0.043294 1.223307 0.043294
v -0.052881 0.214853 0.020148
v -0.052881 0.211954 -0.020150
v -0.020150 0.211416 -0.052883
v 0.020150 0.211416 -0.052883
v -0.043294 0.217577 0.043294
v -0.043294 0.211415 -0.043296
v 0.043294 0.211415 -0.043296
v 0.043294 0.211415 0.043294
v 0.020150 -0.136951 0.052881
v 0.052881 -0.137219 -0.020150
v -0.020150 -0.137219 -0.052883
v -0.043294 -0.134143 0.043294
v -0.020150 -0.135504 0.052881
v 0.052881 -0.137219 0.020149
v 0.043294 -0.137219 0.043294
v -0.052881 -0.135504 0.020149
v 0.020150 -0.137219 -0.052883
v 0.043294 -0.137219 -0.043295
v -0.052881 -0.136951 -0.020150
v -0.043294 -0.137219 -0.043295
vt 0.942211 0.254819
vt 0.943002 0.254819
vt 0.943002 0.255422
vt 0.942211 0.255422
vt 0.942211 0.253237
vt 0.943002 0.253237
vt 0.943002 0.253840
vt 0.942211 0.253840
vt 0.943146 0.252891
vt 0.943492 0.252747
vt 0.944095 0.252747
vt 0.944441 0.252891
vt 0.944584 0.253237
vt 0.944584 0.253840
vt 0.944441 0.254186
vt 0.944095 0.254329
vt 0.943492 0.254329
vt 0.943146 0.254186
vt 0.942211 0.250073
vt 0.943002 0.250073
vt 0.943002 0.250675
vt 0.942211 0.250675
vt 0.942211 0.251655
vt 0.943002 0.251655
vt 0.943002 0.252258
vt 0.942211 0.252258
vt 0.943002 0.255912
vt 0.942211 0.255912
vt 0.942211 0.249583
vt 0.943002 0.249583
vt 0.941420 0.254819
vt 0.943002 0.254819
vt 0.943002 0.255422
vt 0.941420 0.255422
vt 0.941420 0.253237
vt 0.943002 0.253237
vt 0.943002 0.253840
vt 0.941420 0.253840
vt 0.943146 0.252891
vt 0.943492 0.252747
vt 0.944095 0.252747
vt 0.944441 0.252891
vt 0.944584 0.253237
vt 0.944584 0.253840
vt 0.944441 0.254186
vt 0.944095 0.254329
vt 0.943492 0.254329
vt 0.943146 0.254186
vt 0.941420 0.250073
vt 0.943002 0.250073
vt 0.943002 0.250675
vt 0.941420 0.250675
vt 0.941420 0.251655
vt 0.943002 0.251655
vt 0.943002 0.252258
vt 0.941420 0.252258
vt 0.943002 0.255912
vt 0.941420 0.255912
vt 0.941420 0.249583
vt 0.943002 0.249583
vt 0.941420 0.251165
vt 0.943002 0.251165
vt 0.941420 0.252747
vt 0.943002 0.252747
vt 0.941420 0.254329
vt 0.943002 0.254329
vt 0.939838 0.253237
vt 0.939981 0.252891
vt 0.940328 0.252747
vt 0.940930 0.252747
vt 0.941277 0.252891
vt 0.941277 0.254186
vt 0.940930 0.254329
vt 0.940328 0.254329
vt 0.939981 0.254186
vt 0.939838 0.253840
vt 0.943002 0.254329
vt 0.942211 0.254329
vt 0.943002 0.252747
vt 0.942211 0.252747
vt 0.943002 0.251165
vt 0.942211 0.251165
vn 0.0000 -0.0000 1.0000
vn 1.0000 -0.0000 0.0000
vn 0.0242 0.9994 -0.0242
vn -1.0000 0.0000 0.0000
vn 0.0000 0.0000 -1.0000
vn -0.3827 -0.0000 0.9239
vn -0.9239 -0.0000 0.3827
vn -0.3827 0.0000 -0.9239
vn -0.9239 0.0000 -0.3827
vn 0.9239 0.0000 -0.3827
vn 0.3827 0.0000 -0.9239
vn 0.3827 -0.0000 0.9239
vn 0.9239 -0.0000 0.3827
vn -0.0242 -0.9994 0.0242
usemtl Material.008
s 1
f 2168/3434/1384 2132/3435/1384 2133/3436/1384 2172/3437/1384
f 2169/3438/1385 2134/3439/1385 2135/3440/1385 2173/3441/1385
f 2134/3439/1386 2136/3442/1386 2137/3443/1386 2138/3444/1386 2139/3445/1386 2140/3446/1386 2141/3447/1386 2142/3448/1386 2133/3449/1386 2132/3450/1386 2143/3451/1386 2135/3440/1386
f 2175/3452/1387 2141/3453/1387 2140/3454/1387 2178/3455/1387
f 2170/3456/1388 2138/3457/1388 2137/3458/1388 2176/3459/1388
f 2172/3437/1389 2133/3436/1389 2142/3460/1389 2171/3461/1389
f 2171/3462/1390 2142/3463/1390 2141/3453/1390 2175/3452/1390
f 2144/3464/1384 2145/3465/1384 2146/3466/1384 2147/3467/1384
f 2148/3468/1385 2149/3469/1385 2150/3470/1385 2151/3471/1385
f 2149/3469/1386 2152/3472/1386 2153/3473/1386 2154/3474/1386 2155/3475/1386 2156/3476/1386 2157/3477/1386 2158/3478/1386 2146/3479/1386 2145/3480/1386 2159/3481/1386 2150/3470/1386
f 2160/3482/1387 2157/3483/1387 2156/3484/1387 2161/3485/1387
f 2162/3486/1388 2154/3487/1388 2153/3488/1388 2163/3489/1388
f 2147/3467/1389 2146/3466/1389 2158/3490/1389 2164/3491/1389
f 2164/3492/1390 2158/3493/1390 2157/3483/1390 2160/3482/1390
f 2154/3487/1391 2162/3486/1391 2165/3494/1391 2155/3495/1391
f 2155/3495/1392 2165/3494/1392 2161/3485/1392 2156/3484/1392
f 2149/3469/1393 2148/3468/1393 2166/3496/1393 2152/3497/1393
f 2152/3497/1394 2166/3496/1394 2163/3489/1394 2153/3488/1394
f 2145/3465/1395 2144/3464/1395 2167/3498/1395 2159/3499/1395
f 2159/3499/1396 2167/3498/1396 2151/3471/1396 2150/3470/1396
f 2161/3500/1397 2165/3501/1397 2162/3502/1397 2163/3503/1397 2166/3504/1397 2148/3468/1397 2151/3471/1397 2167/3505/1397 2144/3506/1397 2147/3507/1397 2164/3508/1397 2160/3509/1397
f 2143/3510/1396 2174/3511/1396 2173/3441/1396 2135/3440/1396
f 2132/3435/1395 2168/3434/1395 2174/3511/1395 2143/3510/1395
f 2136/3512/1394 2177/3513/1394 2176/3459/1394 2137/3458/1394
f 2134/3439/1393 2169/3438/1393 2177/3513/1393 2136/3512/1393
f 2139/3514/1392 2179/3515/1392 2178/3455/1392 2140/3454/1392
f 2138/3457/1391 2170/3456/1391 2179/3515/1391 2139/3514/1391
