# Blender v3.2.0 OBJ File: 'radar.blend'
# www.blender.org
mtllib pistoletradar.mtl
o Cube.001_Cube.002
v 0.356955 -0.130552 -0.073022
v 0.356955 -0.148491 -0.071255
v 0.356955 -0.165741 -0.066023
v 0.356955 -0.181638 -0.057525
v 0.356955 -0.195572 -0.046090
v 0.356955 -0.207008 -0.032156
v 0.356955 -0.215505 -0.016258
v 0.356955 -0.220738 0.000991
v 0.356955 -0.222505 0.018931
v 0.356955 -0.220738 0.036870
v 0.356955 -0.215505 0.054119
v 0.356955 -0.207008 0.070017
v 0.356955 -0.195572 0.083951
v 0.356955 -0.181638 0.095386
v 0.356955 -0.165741 0.103884
v 0.356955 -0.148491 0.109116
v 0.356955 -0.130552 0.110883
v 0.356955 -0.112613 0.109116
v 0.356955 -0.095363 0.103884
v 0.356955 -0.079466 0.095386
v 0.356955 -0.065532 0.083951
v 0.356955 -0.054096 0.070017
v 0.356955 -0.045599 0.054119
v 0.356955 -0.040366 0.036870
v 0.356955 -0.038599 0.018931
v 0.356955 -0.040366 0.000991
v 0.356955 -0.045599 -0.016258
v 0.356955 -0.054096 -0.032156
v 0.356955 -0.065532 -0.046090
v 0.356955 -0.079466 -0.057525
v 0.356955 -0.095363 -0.066023
v 0.356955 -0.112613 -0.071255
v 0.383686 -0.130552 -0.053446
v 0.364204 -0.130552 -0.073022
v 0.381075 -0.130552 -0.063234
v 0.373945 -0.130552 -0.070399
v 0.383686 -0.144672 -0.052055
v 0.364204 -0.148491 -0.071255
v 0.381075 -0.146582 -0.061655
v 0.373945 -0.147979 -0.068683
v 0.383686 -0.158249 -0.047937
v 0.364204 -0.165741 -0.066023
v 0.381075 -0.161995 -0.056980
v 0.373945 -0.164737 -0.063600
v 0.383686 -0.170762 -0.041248
v 0.364204 -0.181638 -0.057525
v 0.381075 -0.176200 -0.049387
v 0.373945 -0.180181 -0.055345
v 0.383686 -0.181730 -0.032247
v 0.364204 -0.195572 -0.046090
v 0.381075 -0.188651 -0.039169
v 0.373945 -0.193718 -0.044235
v 0.383686 -0.190731 -0.021280
v 0.364204 -0.207008 -0.032156
v 0.381075 -0.198869 -0.026718
v 0.373945 -0.204827 -0.030699
v 0.383686 -0.197419 -0.008767
v 0.364204 -0.215505 -0.016258
v 0.381075 -0.206462 -0.012512
v 0.373945 -0.213082 -0.015255
v 0.383686 -0.201538 0.004811
v 0.364204 -0.220738 0.000991
v 0.381075 -0.211138 0.002901
v 0.373945 -0.218166 0.001503
v 0.383686 -0.202929 0.018931
v 0.364204 -0.222505 0.018931
v 0.381075 -0.212717 0.018931
v 0.373945 -0.219882 0.018931
v 0.383686 -0.201538 0.033051
v 0.364204 -0.220738 0.036870
v 0.381075 -0.211138 0.034960
v 0.373945 -0.218166 0.036358
v 0.383686 -0.197419 0.046628
v 0.364204 -0.215505 0.054119
v 0.381075 -0.206462 0.050374
v 0.373945 -0.213082 0.053116
v 0.383686 -0.190731 0.059141
v 0.364204 -0.207008 0.070017
v 0.381075 -0.198869 0.064579
v 0.373945 -0.204827 0.068560
v 0.383686 -0.181730 0.070109
v 0.364204 -0.195572 0.083951
v 0.381075 -0.188651 0.077030
v 0.373945 -0.193718 0.082096
v 0.383686 -0.170762 0.079109
v 0.364204 -0.181638 0.095386
v 0.381075 -0.176200 0.087248
v 0.373945 -0.180181 0.093206
v 0.383686 -0.158249 0.085798
v 0.364204 -0.165741 0.103884
v 0.381075 -0.161995 0.094841
v 0.373945 -0.164737 0.101461
v 0.383686 -0.144672 0.089916
v 0.364204 -0.148491 0.109116
v 0.381075 -0.146582 0.099516
v 0.373945 -0.147979 0.106544
v 0.383686 -0.130552 0.091307
v 0.364204 -0.130552 0.110883
v 0.381075 -0.130552 0.101095
v 0.373945 -0.130552 0.108261
v 0.383686 -0.116432 0.089916
v 0.364204 -0.112613 0.109116
v 0.381075 -0.114523 0.099516
v 0.373945 -0.113125 0.106544
v 0.383686 -0.102855 0.085798
v 0.364204 -0.095363 0.103884
v 0.381075 -0.099109 0.094841
v 0.373944 -0.096367 0.101461
v 0.383686 -0.090342 0.079109
v 0.364204 -0.079466 0.095386
v 0.381075 -0.084904 0.087248
v 0.373944 -0.080923 0.093206
v 0.383686 -0.079374 0.070109
v 0.364204 -0.065532 0.083951
v 0.381075 -0.072453 0.077030
v 0.373944 -0.067386 0.082096
v 0.383686 -0.070373 0.059141
v 0.364204 -0.054096 0.070017
v 0.381075 -0.062235 0.064579
v 0.373944 -0.056277 0.068560
v 0.383685 -0.063685 0.046628
v 0.364204 -0.045599 0.054119
v 0.381075 -0.054642 0.050374
v 0.373944 -0.048022 0.053116
v 0.383685 -0.059566 0.033051
v 0.364204 -0.040366 0.036870
v 0.381075 -0.049966 0.034960
v 0.373944 -0.042938 0.036358
v 0.383685 -0.058175 0.018931
v 0.364204 -0.038599 0.018931
v 0.381075 -0.048387 0.018931
v 0.373944 -0.041222 0.018931
v 0.383685 -0.059566 0.004811
v 0.364204 -0.040366 0.000991
v 0.381075 -0.049966 0.002901
v 0.373944 -0.042938 0.001503
v 0.383685 -0.063685 -0.008767
v 0.364204 -0.045599 -0.016258
v 0.381075 -0.054642 -0.012513
v 0.373944 -0.048022 -0.015255
v 0.383686 -0.070373 -0.021280
v 0.364204 -0.054096 -0.032156
v 0.381075 -0.062235 -0.026718
v 0.373944 -0.056277 -0.030699
v 0.383686 -0.079374 -0.032247
v 0.364204 -0.065532 -0.046090
v 0.381075 -0.072453 -0.039169
v 0.373944 -0.067386 -0.044235
v 0.383686 -0.090342 -0.041248
v 0.364204 -0.079466 -0.057525
v 0.381075 -0.084904 -0.049387
v 0.373944 -0.080923 -0.055345
v 0.383686 -0.102855 -0.047937
v 0.364204 -0.095363 -0.066023
v 0.381075 -0.099109 -0.056980
v 0.373944 -0.096367 -0.063600
v 0.383686 -0.116432 -0.052055
v 0.364204 -0.112613 -0.071255
v 0.381075 -0.114523 -0.061655
v 0.373945 -0.113125 -0.068683
v 0.349245 0.069988 -0.073022
v 0.349245 0.052049 -0.071255
v 0.349245 0.034799 -0.066023
v 0.349245 0.018902 -0.057525
v 0.349245 0.004968 -0.046090
v 0.349245 -0.006468 -0.032156
v 0.349245 -0.014965 -0.016258
v 0.349245 -0.020198 0.000991
v 0.349245 -0.021965 0.018931
v 0.349245 -0.020198 0.036870
v 0.349245 -0.014965 0.054119
v 0.349245 -0.006468 0.070017
v 0.349245 0.004968 0.083951
v 0.349245 0.018902 0.095386
v 0.349245 0.034799 0.103884
v 0.349245 0.052049 0.109116
v 0.349245 0.069988 0.110883
v 0.349245 0.087927 0.109116
v 0.349245 0.105177 0.103884
v 0.349245 0.121074 0.095386
v 0.349245 0.135009 0.083951
v 0.349245 0.146444 0.070017
v 0.349245 0.154941 0.054119
v 0.349245 0.160174 0.036870
v 0.349245 0.161941 0.018931
v 0.349245 0.160174 0.000991
v 0.349245 0.154941 -0.016258
v 0.349245 0.146444 -0.032156
v 0.349245 0.135009 -0.046090
v 0.349245 0.121074 -0.057525
v 0.349245 0.105177 -0.066023
v 0.349245 0.087927 -0.071255
v 0.382293 0.069988 -0.054995
v 0.364352 0.069988 -0.073022
v 0.379889 0.069988 -0.064008
v 0.373322 0.069988 -0.070607
v 0.382293 0.055566 -0.053574
v 0.364352 0.052049 -0.071255
v 0.379889 0.053808 -0.062415
v 0.373322 0.052520 -0.068887
v 0.382293 0.041698 -0.049367
v 0.364352 0.034799 -0.066023
v 0.379889 0.038249 -0.057695
v 0.373322 0.035724 -0.063791
v 0.382293 0.028918 -0.042536
v 0.364352 0.018902 -0.057525
v 0.379889 0.023910 -0.050031
v 0.373322 0.020244 -0.055517
v 0.382293 0.017715 -0.033342
v 0.364352 0.004968 -0.046090
v 0.379889 0.011341 -0.039716
v 0.373322 0.006676 -0.044382
v 0.382293 0.008522 -0.022140
v 0.364352 -0.006468 -0.032156
v 0.379889 0.001027 -0.027148
v 0.373322 -0.004460 -0.030814
v 0.382293 0.001690 -0.009359
v 0.364352 -0.014965 -0.016258
v 0.379889 -0.006637 -0.012809
v 0.373322 -0.012734 -0.015334
v 0.382293 -0.002517 0.004508
v 0.364352 -0.020198 0.000991
v 0.379889 -0.011357 0.002750
v 0.373322 -0.017829 0.001463
v 0.382293 -0.003937 0.018931
v 0.364352 -0.021965 0.018931
v 0.379889 -0.012951 0.018931
v 0.373322 -0.019549 0.018931
v 0.382293 -0.002517 0.033353
v 0.364352 -0.020198 0.036870
v 0.379889 -0.011357 0.035111
v 0.373322 -0.017829 0.036398
v 0.382293 0.001690 0.047221
v 0.364352 -0.014965 0.054119
v 0.379889 -0.006637 0.050670
v 0.373322 -0.012734 0.053195
v 0.382293 0.008522 0.060001
v 0.364352 -0.006468 0.070017
v 0.379889 0.001027 0.065009
v 0.373322 -0.004460 0.068675
v 0.382293 0.017715 0.071204
v 0.364352 0.004968 0.083951
v 0.379889 0.011341 0.077577
v 0.373322 0.006676 0.082243
v 0.382293 0.028918 0.080397
v 0.364352 0.018902 0.095386
v 0.379889 0.023910 0.087892
v 0.373322 0.020244 0.093378
v 0.382293 0.041698 0.087229
v 0.364352 0.034799 0.103884
v 0.379889 0.038249 0.095556
v 0.373322 0.035724 0.101652
v 0.382293 0.055566 0.091435
v 0.364352 0.052049 0.109116
v 0.379889 0.053808 0.100276
v 0.373322 0.052520 0.106748
v 0.382293 0.069988 0.092856
v 0.364352 0.069988 0.110883
v 0.379889 0.069988 0.101870
v 0.373322 0.069988 0.108468
v 0.382293 0.084410 0.091435
v 0.364352 0.087927 0.109116
v 0.379889 0.086169 0.100276
v 0.373322 0.087456 0.106748
v 0.382293 0.098278 0.087229
v 0.364352 0.105177 0.103884
v 0.379889 0.101728 0.095556
v 0.373322 0.104253 0.101652
v 0.382293 0.111059 0.080397
v 0.364352 0.121074 0.095386
v 0.379889 0.116067 0.087892
v 0.373322 0.119733 0.093378
v 0.382293 0.122261 0.071204
v 0.364352 0.135009 0.083951
v 0.379889 0.128635 0.077577
v 0.373322 0.133301 0.082243
v 0.382293 0.131455 0.060001
v 0.364352 0.146444 0.070017
v 0.379889 0.138949 0.065009
v 0.373322 0.144436 0.068675
v 0.382293 0.138286 0.047221
v 0.364352 0.154941 0.054119
v 0.379889 0.146614 0.050670
v 0.373322 0.152710 0.053195
v 0.382293 0.142493 0.033353
v 0.364352 0.160174 0.036870
v 0.379889 0.151334 0.035111
v 0.373322 0.157805 0.036398
v 0.382293 0.143913 0.018931
v 0.364352 0.161941 0.018931
v 0.379889 0.152927 0.018931
v 0.373322 0.159526 0.018931
v 0.382293 0.142493 0.004508
v 0.364352 0.160174 0.000991
v 0.379889 0.151334 0.002750
v 0.373322 0.157805 0.001463
v 0.382293 0.138286 -0.009359
v 0.364352 0.154941 -0.016258
v 0.379889 0.146614 -0.012809
v 0.373322 0.152710 -0.015334
v 0.382293 0.131455 -0.022140
v 0.364352 0.146444 -0.032156
v 0.379889 0.138949 -0.027148
v 0.373322 0.144436 -0.030814
v 0.382293 0.122261 -0.033342
v 0.364352 0.135009 -0.046090
v 0.379889 0.128635 -0.039716
v 0.373322 0.133301 -0.044382
v 0.382293 0.111059 -0.042536
v 0.364352 0.121074 -0.057525
v 0.379889 0.116067 -0.050031
v 0.373322 0.119733 -0.055517
v 0.382293 0.098278 -0.049367
v 0.364352 0.105177 -0.066023
v 0.379889 0.101728 -0.057695
v 0.373322 0.104253 -0.063791
v 0.382293 0.084410 -0.053574
v 0.364352 0.087927 -0.071255
v 0.379889 0.086169 -0.062415
v 0.373322 0.087456 -0.068887
v -0.092977 -0.736614 -0.051951
v -0.092977 -0.202942 -0.051951
v -0.057537 -0.736614 -0.042455
v -0.057537 -0.202942 -0.042455
v -0.031592 -0.736614 -0.016510
v -0.031592 -0.202942 -0.016510
v -0.022096 -0.736614 0.018931
v -0.022096 -0.202942 0.018931
v -0.031592 -0.736614 0.054371
v -0.031592 -0.202942 0.054371
v -0.057537 -0.736614 0.080316
v -0.057537 -0.202942 0.080316
v -0.092977 -0.736614 0.089812
v -0.092977 -0.202942 0.089812
v -0.128418 -0.736614 0.080316
v -0.128418 -0.202942 0.080316
v -0.154362 -0.736614 0.054371
v -0.154362 -0.202942 0.054371
v -0.163859 -0.736614 0.018931
v -0.163859 -0.202942 0.018931
v -0.154362 -0.736614 -0.016510
v -0.154362 -0.202942 -0.016510
v -0.128418 -0.736614 -0.042455
v -0.128418 -0.202942 -0.042455
v -0.092977 -0.736614 -0.065406
v -0.050809 -0.736614 -0.054107
v -0.019939 -0.736614 -0.023238
v -0.008640 -0.736614 0.018931
v -0.019939 -0.736614 0.061099
v -0.050809 -0.736614 0.091969
v -0.092977 -0.736614 0.103268
v -0.135146 -0.736614 0.091969
v -0.166015 -0.736614 0.061099
v -0.177314 -0.736614 0.018931
v -0.166015 -0.736614 -0.023238
v -0.135146 -0.736614 -0.054107
v -0.092977 -0.779269 -0.065406
v -0.050809 -0.779269 -0.054107
v -0.019939 -0.779269 -0.023238
v -0.008640 -0.779269 0.018931
v -0.019939 -0.779269 0.061099
v -0.050809 -0.779269 0.091969
v -0.092977 -0.779269 0.103268
v -0.135146 -0.779269 0.091969
v -0.166015 -0.779269 0.061099
v -0.177314 -0.779269 0.018931
v -0.166015 -0.779269 -0.023238
v -0.135146 -0.779269 -0.054107
v -0.023186 0.322379 0.018931
v 0.064939 0.325331 0.018931
v -0.023186 0.318589 0.001102
v 0.064939 0.321286 -0.000099
v -0.023186 0.307876 -0.013643
v 0.064939 0.309851 -0.015838
v -0.023186 0.292091 -0.022757
v 0.064939 0.293003 -0.025565
v -0.023186 0.273964 -0.024662
v 0.064939 0.273656 -0.027598
v -0.023186 0.256630 -0.019030
v 0.064939 0.255153 -0.021586
v -0.023186 0.243085 -0.006834
v 0.064939 0.240696 -0.008569
v -0.023186 0.235671 0.009817
v 0.064939 0.232783 0.009203
v -0.023186 0.235671 0.028044
v 0.064939 0.232783 0.028658
v -0.023186 0.243085 0.044695
v 0.064939 0.240696 0.046430
v -0.023186 0.256630 0.056891
v 0.064939 0.255153 0.059448
v -0.023186 0.273964 0.062523
v 0.064939 0.273656 0.065459
v -0.023186 0.292091 0.060618
v 0.064939 0.293003 0.063426
v -0.023186 0.307876 0.051505
v 0.064939 0.309851 0.053699
v -0.023186 0.318589 0.036759
v 0.064939 0.321286 0.037960
v 0.064939 0.317201 0.001720
v 0.064939 0.320859 0.018931
v 0.064939 0.306859 -0.012514
v 0.064939 0.291622 -0.021312
v 0.064939 0.274123 -0.023151
v 0.064939 0.257389 -0.017714
v 0.064939 0.244314 -0.005941
v 0.064939 0.237157 0.010133
v 0.064939 0.237157 0.027728
v 0.064939 0.244314 0.043802
v 0.064939 0.257389 0.055575
v 0.064939 0.274123 0.061012
v 0.064939 0.291622 0.059173
v 0.064939 0.306859 0.050376
v 0.064939 0.317201 0.036141
v 0.062238 0.315668 0.002403
v 0.063879 0.317201 0.001720
v 0.062458 0.316435 0.002061
v 0.063059 0.316996 0.001812
v 0.063879 0.320859 0.018931
v 0.062238 0.319181 0.018931
v 0.063059 0.320635 0.018931
v 0.062458 0.320020 0.018931
v 0.062238 0.305736 -0.011267
v 0.063879 0.306859 -0.012514
v 0.062458 0.306298 -0.011891
v 0.063059 0.306709 -0.012347
v 0.062238 0.291103 -0.019716
v 0.063879 0.291622 -0.021312
v 0.062458 0.291362 -0.020514
v 0.063059 0.291552 -0.021098
v 0.062238 0.274298 -0.021482
v 0.063879 0.274123 -0.023151
v 0.062458 0.274211 -0.022316
v 0.063059 0.274147 -0.022927
v 0.062238 0.258228 -0.016260
v 0.063879 0.257389 -0.017714
v 0.062458 0.257809 -0.016987
v 0.063059 0.257502 -0.017519
v 0.062238 0.245672 -0.004954
v 0.063879 0.244314 -0.005941
v 0.062458 0.244993 -0.005447
v 0.063059 0.244496 -0.005808
v 0.062238 0.238799 0.010482
v 0.063879 0.237157 0.010133
v 0.062458 0.237978 0.010308
v 0.063059 0.237377 0.010180
v 0.062238 0.238799 0.027379
v 0.063879 0.237157 0.027728
v 0.062458 0.237978 0.027554
v 0.063059 0.237377 0.027681
v 0.062238 0.245672 0.042815
v 0.063879 0.244314 0.043802
v 0.062458 0.244993 0.043309
v 0.063059 0.244496 0.043670
v 0.062238 0.258228 0.054122
v 0.063879 0.257389 0.055575
v 0.062458 0.257809 0.054848
v 0.063059 0.257502 0.055380
v 0.062238 0.274298 0.059343
v 0.063879 0.274123 0.061012
v 0.062458 0.274211 0.060178
v 0.063059 0.274147 0.060789
v 0.062238 0.291103 0.057577
v 0.063879 0.291622 0.059173
v 0.062458 0.291362 0.058375
v 0.063059 0.291552 0.058959
v 0.062238 0.305736 0.049128
v 0.063879 0.306859 0.050376
v 0.062458 0.306298 0.049752
v 0.063059 0.306709 0.050208
v 0.062238 0.315668 0.035458
v 0.063879 0.317201 0.036141
v 0.062458 0.316435 0.035800
v 0.063059 0.316996 0.036050
v 0.038898 0.324251 0.018931
v 0.038898 0.320300 0.000341
v 0.038898 0.309129 -0.015035
v 0.038898 0.292670 -0.024538
v 0.038898 0.273769 -0.026524
v 0.038898 0.255693 -0.020651
v 0.038898 0.241570 -0.007934
v 0.038898 0.233840 0.009428
v 0.038898 0.233840 0.028433
v 0.038898 0.241570 0.045795
v 0.038898 0.255693 0.058512
v 0.038898 0.273769 0.064385
v 0.038898 0.292670 0.062399
v 0.038898 0.309129 0.052896
v 0.038898 0.320300 0.037521
v 0.040785 0.325331 0.018931
v 0.040785 0.321286 -0.000099
v 0.040785 0.309851 -0.015838
v 0.040785 0.293003 -0.025565
v 0.040785 0.273656 -0.027598
v 0.040785 0.255153 -0.021586
v 0.040785 0.240696 -0.008569
v 0.040785 0.232783 0.009203
v 0.040785 0.232783 0.028658
v 0.040785 0.240696 0.046430
v 0.040785 0.255153 0.059448
v 0.040785 0.273656 0.065459
v 0.040785 0.293003 0.063426
v 0.040785 0.309851 0.053699
v 0.040785 0.321286 0.037960
v 0.037645 0.318589 0.001102
v 0.037645 0.307876 -0.013643
v 0.037645 0.292091 -0.022757
v 0.037645 0.273964 -0.024662
v 0.037645 0.256630 -0.019030
v 0.037645 0.243085 -0.006834
v 0.037645 0.235671 0.009817
v 0.037645 0.235671 0.028044
v 0.037645 0.243085 0.044695
v 0.037645 0.256630 0.056891
v 0.037645 0.273964 0.062523
v 0.037645 0.292091 0.060618
v 0.037645 0.307876 0.051505
v 0.037645 0.318589 0.036759
v 0.037645 0.322379 0.018931
v 0.339436 -0.120632 0.132552
v 0.366144 -0.120632 0.132552
v 0.339436 -0.121787 0.127120
v 0.366144 -0.121787 0.127120
v 0.339436 -0.125051 0.122628
v 0.366144 -0.125051 0.122628
v 0.339436 -0.129859 0.119852
v 0.366144 -0.129859 0.119852
v 0.339436 -0.135382 0.119271
v 0.366144 -0.135382 0.119271
v 0.339436 -0.140663 0.120987
v 0.366144 -0.140663 0.120987
v 0.339436 -0.144789 0.124703
v 0.366144 -0.144789 0.124703
v 0.339436 -0.147048 0.129775
v 0.366144 -0.147048 0.129775
v 0.339436 -0.147048 0.135328
v 0.366144 -0.147048 0.135328
v 0.339436 -0.144789 0.140401
v 0.366144 -0.144789 0.140401
v 0.339436 -0.140663 0.144116
v 0.366144 -0.140663 0.144116
v 0.339436 -0.135382 0.145832
v 0.366144 -0.135382 0.145832
v 0.339436 -0.129859 0.145252
v 0.366144 -0.129859 0.145252
v 0.339436 -0.125051 0.142476
v 0.366144 -0.125051 0.142476
v 0.339436 -0.121787 0.137983
v 0.366144 -0.121787 0.137983
v 0.366144 -0.120497 0.126546
v 0.366144 -0.119221 0.132552
v 0.366144 -0.124106 0.121579
v 0.366144 -0.129423 0.118509
v 0.366144 -0.135529 0.117867
v 0.366144 -0.141369 0.119765
v 0.366144 -0.145931 0.123873
v 0.366144 -0.148429 0.129482
v 0.366144 -0.148429 0.135622
v 0.366144 -0.145931 0.141231
v 0.366144 -0.141369 0.145339
v 0.366144 -0.135529 0.147236
v 0.366144 -0.129423 0.146594
v 0.366144 -0.124106 0.143524
v 0.366144 -0.120497 0.138557
v 0.379831 -0.120497 0.126546
v 0.379831 -0.119221 0.132552
v 0.379831 -0.124106 0.121579
v 0.379831 -0.129423 0.118509
v 0.379831 -0.135529 0.117867
v 0.379831 -0.141369 0.119765
v 0.379831 -0.145931 0.123873
v 0.379831 -0.148429 0.129482
v 0.379831 -0.148429 0.135622
v 0.379831 -0.145931 0.141231
v 0.379831 -0.141369 0.145339
v 0.379831 -0.135529 0.147236
v 0.379831 -0.129423 0.146594
v 0.379831 -0.124106 0.143524
v 0.379831 -0.120497 0.138557
v 0.337588 -0.020748 0.132552
v 0.367991 -0.020748 0.132552
v 0.337588 -0.022062 0.126369
v 0.367991 -0.022062 0.126369
v 0.337588 -0.025778 0.121255
v 0.367991 -0.025778 0.121255
v 0.337588 -0.031252 0.118094
v 0.367991 -0.031252 0.118094
v 0.337588 -0.037539 0.117433
v 0.367991 -0.037539 0.117433
v 0.337588 -0.043551 0.119387
v 0.367991 -0.043551 0.119387
v 0.337588 -0.048248 0.123616
v 0.367991 -0.048248 0.123616
v 0.337588 -0.050819 0.129391
v 0.367991 -0.050819 0.129391
v 0.337588 -0.050819 0.135712
v 0.367991 -0.050819 0.135712
v 0.337588 -0.048248 0.141487
v 0.367991 -0.048248 0.141487
v 0.337588 -0.043551 0.145717
v 0.367991 -0.043551 0.145717
v 0.337588 -0.037539 0.147670
v 0.367991 -0.037539 0.147670
v 0.337588 -0.031252 0.147009
v 0.367991 -0.031252 0.147009
v 0.337588 -0.025778 0.143849
v 0.367991 -0.025778 0.143849
v 0.337588 -0.022062 0.138735
v 0.367991 -0.022062 0.138735
v 0.367991 -0.020595 0.125715
v 0.367991 -0.019141 0.132552
v 0.367991 -0.024703 0.120061
v 0.367991 -0.030756 0.116566
v 0.367991 -0.037707 0.115835
v 0.367991 -0.044354 0.117995
v 0.367991 -0.049548 0.122672
v 0.367991 -0.052391 0.129057
v 0.367991 -0.052391 0.136046
v 0.367991 -0.049548 0.142432
v 0.367991 -0.044354 0.147108
v 0.367991 -0.037707 0.149268
v 0.367991 -0.030756 0.148538
v 0.367991 -0.024703 0.145043
v 0.367991 -0.020595 0.139388
v 0.383573 -0.020595 0.125715
v 0.383573 -0.019141 0.132552
v 0.383573 -0.024703 0.120061
v 0.383573 -0.030756 0.116566
v 0.383573 -0.037707 0.115835
v 0.383573 -0.044354 0.117995
v 0.383573 -0.049548 0.122672
v 0.383573 -0.052391 0.129057
v 0.383573 -0.052391 0.136046
v 0.383573 -0.049548 0.142432
v 0.383573 -0.044354 0.147108
v 0.383573 -0.037707 0.149268
v 0.383573 -0.030756 0.148538
v 0.383573 -0.024703 0.145043
v 0.383573 -0.020595 0.139388
v 0.339436 0.066829 0.132552
v 0.366144 0.066829 0.132552
v 0.339436 0.065674 0.127120
v 0.366144 0.065674 0.127120
v 0.339436 0.062410 0.122628
v 0.366144 0.062410 0.122628
v 0.339436 0.057602 0.119852
v 0.366144 0.057602 0.119852
v 0.339436 0.052079 0.119271
v 0.366144 0.052079 0.119271
v 0.339436 0.046798 0.120987
v 0.366144 0.046798 0.120987
v 0.339436 0.042672 0.124703
v 0.366144 0.042672 0.124703
v 0.339436 0.040413 0.129775
v 0.366144 0.040413 0.129775
v 0.339436 0.040413 0.135328
v 0.366144 0.040413 0.135328
v 0.339436 0.042672 0.140401
v 0.366144 0.042672 0.140401
v 0.339436 0.046798 0.144116
v 0.366144 0.046798 0.144116
v 0.339436 0.052079 0.145832
v 0.366144 0.052079 0.145832
v 0.339436 0.057602 0.145252
v 0.366144 0.057602 0.145252
v 0.339436 0.062410 0.142476
v 0.366144 0.062410 0.142476
v 0.339436 0.065674 0.137983
v 0.366144 0.065674 0.137983
v 0.366144 0.066964 0.126546
v 0.366144 0.068240 0.132552
v 0.366144 0.063355 0.121579
v 0.366144 0.058038 0.118509
v 0.366144 0.051932 0.117867
v 0.366144 0.046092 0.119765
v 0.366144 0.041530 0.123873
v 0.366144 0.039032 0.129482
v 0.366144 0.039032 0.135622
v 0.366144 0.041530 0.141231
v 0.366144 0.046092 0.145339
v 0.366144 0.051932 0.147236
v 0.366144 0.058038 0.146594
v 0.366144 0.063355 0.143524
v 0.366144 0.066964 0.138557
v 0.379831 0.066964 0.126546
v 0.379831 0.068240 0.132552
v 0.379831 0.063355 0.121579
v 0.379831 0.058038 0.118509
v 0.379831 0.051932 0.117867
v 0.379831 0.046092 0.119765
v 0.379831 0.041530 0.123873
v 0.379831 0.039032 0.129482
v 0.379831 0.039032 0.135622
v 0.379831 0.041530 0.141231
v 0.379831 0.046092 0.145339
v 0.379831 0.051932 0.147236
v 0.379831 0.058038 0.146594
v 0.379831 0.063355 0.143524
v 0.379831 0.066964 0.138557
v 0.374045 -0.149602 0.115234
v 0.143645 -0.149602 0.115234
v 0.374045 0.069833 0.115234
v 0.143645 0.080797 0.115234
v 0.374045 -0.134566 0.115234
v 0.143645 -0.134566 0.115234
v 0.374045 -0.149602 0.149351
v 0.143645 -0.149602 0.149351
v 0.374045 0.069833 0.122302
v 0.143645 0.080797 0.122302
v 0.143704 0.080797 0.150564
v 0.374103 0.069833 0.150564
v 0.143704 -0.149602 0.150564
v 0.374103 -0.149602 0.150564
v 0.143704 0.065761 0.150564
v 0.374103 0.065761 0.150564
v 0.143704 0.080797 0.119514
v 0.374103 0.069833 0.119514
v -0.039872 0.326018 0.006625
v -0.034867 0.326018 0.007689
v -0.030727 0.326018 0.010696
v -0.028169 0.326018 0.015128
v -0.027634 0.326018 0.020217
v -0.029215 0.326018 0.025083
v -0.032639 0.326018 0.028886
v -0.037314 0.326018 0.030968
v -0.042431 0.326018 0.030968
v -0.047105 0.326018 0.028886
v -0.050529 0.326018 0.025083
v -0.052111 0.326018 0.020217
v -0.051576 0.326018 0.015128
v -0.049017 0.326018 0.010696
v -0.044878 0.326018 0.007689
v -0.039872 0.350630 0.011130
v -0.039872 0.346223 0.006625
v -0.039872 0.350039 0.008877
v -0.039872 0.348426 0.007228
v -0.036700 0.350630 0.011805
v -0.034867 0.346223 0.007689
v -0.035783 0.350039 0.009747
v -0.035113 0.348426 0.008240
v -0.034076 0.350630 0.013711
v -0.030727 0.346223 0.010696
v -0.032401 0.350039 0.012204
v -0.031176 0.348426 0.011100
v -0.032454 0.350630 0.016520
v -0.028169 0.346223 0.015128
v -0.030311 0.350039 0.015824
v -0.028743 0.348426 0.015314
v -0.032115 0.350630 0.019746
v -0.027634 0.346223 0.020217
v -0.029874 0.350039 0.019981
v -0.028234 0.348426 0.020154
v -0.033117 0.350630 0.022831
v -0.029215 0.346223 0.025083
v -0.031166 0.350039 0.023957
v -0.029738 0.348426 0.024782
v -0.035287 0.350630 0.025241
v -0.032639 0.346223 0.028886
v -0.033963 0.350039 0.027064
v -0.032994 0.348426 0.028398
v -0.038250 0.350630 0.026560
v -0.037314 0.346223 0.030968
v -0.037782 0.350039 0.028764
v -0.037439 0.348426 0.030377
v -0.041494 0.350630 0.026560
v -0.042431 0.346223 0.030968
v -0.041962 0.350039 0.028764
v -0.042305 0.348426 0.030377
v -0.044457 0.350630 0.025241
v -0.047105 0.346223 0.028886
v -0.045781 0.350039 0.027064
v -0.046751 0.348426 0.028398
v -0.046628 0.350630 0.022831
v -0.050529 0.346223 0.025083
v -0.048579 0.350039 0.023957
v -0.050007 0.348426 0.024782
v -0.047630 0.350630 0.019746
v -0.052111 0.346223 0.020217
v -0.049870 0.350039 0.019981
v -0.051510 0.348426 0.020154
v -0.047291 0.350630 0.016520
v -0.051576 0.346223 0.015128
v -0.049433 0.350039 0.015824
v -0.051002 0.348426 0.015314
v -0.045669 0.350630 0.013711
v -0.049017 0.346223 0.010696
v -0.047343 0.350039 0.012204
v -0.048569 0.348426 0.011100
v -0.043045 0.350630 0.011805
v -0.044878 0.346223 0.007689
v -0.043961 0.350039 0.009747
v -0.044632 0.348426 0.008240
v -0.337721 0.152593 0.108695
v -0.337721 0.369065 0.108695
v -0.337721 0.152593 -0.070834
v -0.337721 0.369065 -0.070834
v -0.015044 0.152593 0.108695
v -0.015044 0.332122 0.108695
v -0.015044 0.152593 -0.070834
v -0.015044 0.332122 -0.070834
v -0.176382 0.152593 -0.070834
v -0.176382 0.369065 -0.070834
v -0.176382 0.152593 0.108695
v -0.176382 0.369065 0.108695
v -0.127473 0.332122 -0.070834
v -0.172406 0.152593 0.108695
v -0.172406 0.152593 -0.070834
v -0.127473 0.332122 0.108695
v -0.332551 0.152593 -0.070834
v -0.332551 0.369065 0.108695
v -0.332551 0.369065 -0.070834
v -0.332551 0.152593 0.108695
v -0.289547 0.407234 -0.070834
v -0.179890 0.407234 -0.070834
v -0.179890 0.407234 0.108695
v -0.289547 0.407234 0.108695
v -0.182820 0.390089 -0.046792
v -0.182820 0.385084 -0.045728
v -0.182820 0.380944 -0.042720
v -0.182820 0.378385 -0.038289
v -0.182820 0.377851 -0.033200
v -0.182820 0.379432 -0.028333
v -0.182820 0.382856 -0.024530
v -0.182820 0.387530 -0.022449
v -0.182820 0.392648 -0.022449
v -0.182820 0.397322 -0.024530
v -0.182820 0.400746 -0.028333
v -0.182820 0.402327 -0.033200
v -0.182820 0.401793 -0.038289
v -0.182820 0.399234 -0.042720
v -0.182820 0.395094 -0.045728
v -0.158208 0.390089 -0.042286
v -0.162615 0.390089 -0.046792
v -0.158798 0.390089 -0.044539
v -0.160411 0.390089 -0.046188
v -0.158208 0.386916 -0.041612
v -0.162615 0.385084 -0.045728
v -0.158798 0.386000 -0.043670
v -0.160411 0.385329 -0.045176
v -0.158208 0.384292 -0.039705
v -0.162615 0.380944 -0.042720
v -0.158798 0.382618 -0.041213
v -0.160411 0.381393 -0.042316
v -0.158208 0.382670 -0.036896
v -0.162615 0.378385 -0.038289
v -0.158798 0.380528 -0.037592
v -0.160411 0.378960 -0.038102
v -0.158208 0.382331 -0.033671
v -0.162615 0.377851 -0.033200
v -0.158798 0.380091 -0.033435
v -0.160411 0.378451 -0.033263
v -0.158208 0.383334 -0.030586
v -0.162615 0.379432 -0.028333
v -0.158798 0.381383 -0.029459
v -0.160411 0.379955 -0.028635
v -0.158208 0.385504 -0.028175
v -0.162615 0.382856 -0.024530
v -0.158798 0.384180 -0.026353
v -0.160411 0.383211 -0.025019
v -0.158208 0.388467 -0.026856
v -0.162615 0.387530 -0.022449
v -0.158798 0.387999 -0.024652
v -0.160411 0.387656 -0.023039
v -0.158208 0.391711 -0.026856
v -0.162615 0.392648 -0.022449
v -0.158798 0.392179 -0.024652
v -0.160411 0.392522 -0.023039
v -0.158208 0.394674 -0.028175
v -0.162615 0.397322 -0.024530
v -0.158798 0.395998 -0.026353
v -0.160411 0.396967 -0.025019
v -0.158208 0.396844 -0.030586
v -0.162615 0.400746 -0.028333
v -0.158798 0.398795 -0.029459
v -0.160411 0.400223 -0.028635
v -0.158208 0.397847 -0.033671
v -0.162615 0.402327 -0.033200
v -0.158798 0.400087 -0.033435
v -0.160411 0.401727 -0.033263
v -0.158208 0.397508 -0.036896
v -0.162615 0.401793 -0.038289
v -0.158798 0.399650 -0.037592
v -0.160411 0.401218 -0.038102
v -0.158208 0.395886 -0.039705
v -0.162615 0.399234 -0.042720
v -0.158798 0.397560 -0.041213
v -0.160411 0.398785 -0.042316
v -0.158208 0.393262 -0.041612
v -0.162615 0.395094 -0.045728
v -0.158798 0.394178 -0.043670
v -0.160411 0.394849 -0.045176
v -0.182820 0.390089 0.057180
v -0.182820 0.385084 0.058243
v -0.182820 0.380944 0.061251
v -0.182820 0.378385 0.065683
v -0.182820 0.377851 0.070772
v -0.182820 0.379432 0.075638
v -0.182820 0.382856 0.079441
v -0.182820 0.387530 0.081522
v -0.182820 0.392648 0.081522
v -0.182820 0.397322 0.079441
v -0.182820 0.400746 0.075638
v -0.182820 0.402327 0.070772
v -0.182820 0.401793 0.065683
v -0.182820 0.399234 0.061251
v -0.182820 0.395094 0.058243
v -0.158208 0.390089 0.061685
v -0.162615 0.390089 0.057180
v -0.158798 0.390089 0.059432
v -0.160411 0.390089 0.057783
v -0.158208 0.386916 0.062359
v -0.162615 0.385084 0.058243
v -0.158798 0.386000 0.060301
v -0.160411 0.385329 0.058795
v -0.158208 0.384292 0.064266
v -0.162615 0.380944 0.061251
v -0.158798 0.382618 0.062759
v -0.160411 0.381393 0.061655
v -0.158208 0.382670 0.067075
v -0.162615 0.378385 0.065683
v -0.158798 0.380528 0.066379
v -0.160411 0.378960 0.065869
v -0.158208 0.382331 0.070301
v -0.162615 0.377851 0.070772
v -0.158798 0.380091 0.070536
v -0.160411 0.378451 0.070709
v -0.158208 0.383334 0.073386
v -0.162615 0.379432 0.075638
v -0.158798 0.381383 0.074512
v -0.160411 0.379955 0.075337
v -0.158208 0.385504 0.075796
v -0.162615 0.382856 0.079441
v -0.158798 0.384180 0.077619
v -0.160411 0.383211 0.078953
v -0.158208 0.388467 0.077115
v -0.162615 0.387530 0.081522
v -0.158798 0.387999 0.079319
v -0.160411 0.387656 0.080932
v -0.158208 0.391711 0.077115
v -0.162615 0.392648 0.081522
v -0.158798 0.392179 0.079319
v -0.160411 0.392522 0.080932
v -0.158208 0.394674 0.075796
v -0.162615 0.397322 0.079441
v -0.158798 0.395998 0.077619
v -0.160411 0.396967 0.078953
v -0.158208 0.396844 0.073386
v -0.162615 0.400746 0.075638
v -0.158798 0.398795 0.074512
v -0.160411 0.400223 0.075337
v -0.158208 0.397847 0.070301
v -0.162615 0.402327 0.070772
v -0.158798 0.400087 0.070536
v -0.160411 0.401727 0.070709
v -0.158208 0.397508 0.067075
v -0.162615 0.401793 0.065683
v -0.158798 0.399650 0.066379
v -0.160411 0.401218 0.065869
v -0.158208 0.395886 0.064266
v -0.162615 0.399234 0.061251
v -0.158798 0.397560 0.062759
v -0.160411 0.398785 0.061655
v -0.158208 0.393262 0.062359
v -0.162615 0.395094 0.058243
v -0.158798 0.394178 0.060301
v -0.160411 0.394849 0.058795
v -0.337721 0.222074 -0.034071
v -0.337721 0.222074 0.071932
v -0.337721 0.349891 0.071932
v -0.337721 0.349891 -0.034071
v -0.292238 0.233384 -0.022761
v -0.303548 0.222074 -0.034071
v -0.293754 0.227729 -0.028416
v -0.297893 0.223589 -0.032556
v -0.303548 0.222074 0.071932
v -0.292238 0.233384 0.060622
v -0.297893 0.223589 0.070417
v -0.293754 0.227729 0.066277
v -0.303548 0.349891 0.071932
v -0.292238 0.338581 0.060622
v -0.297893 0.348376 0.070417
v -0.293754 0.344236 0.066277
v -0.303548 0.349891 -0.034071
v -0.292238 0.338581 -0.022761
v -0.297893 0.348376 -0.032556
v -0.293754 0.344236 -0.028416
v 0.339436 0.066829 -0.095343
v 0.366144 0.066829 -0.095343
v 0.339436 0.065674 -0.100774
v 0.366144 0.065674 -0.100774
v 0.339436 0.062410 -0.105266
v 0.366144 0.062410 -0.105266
v 0.339436 0.057602 -0.108043
v 0.366144 0.057602 -0.108043
v 0.339436 0.052079 -0.108623
v 0.366144 0.052079 -0.108623
v 0.339436 0.046798 -0.106907
v 0.366144 0.046798 -0.106907
v 0.339436 0.042672 -0.103192
v 0.366144 0.042672 -0.103192
v 0.339436 0.040413 -0.098119
v 0.366144 0.040413 -0.098119
v 0.339436 0.040413 -0.092566
v 0.366144 0.040413 -0.092566
v 0.339436 0.042672 -0.087493
v 0.366144 0.042672 -0.087493
v 0.339436 0.046798 -0.083778
v 0.366144 0.046798 -0.083778
v 0.339436 0.052079 -0.082062
v 0.366144 0.052079 -0.082062
v 0.339436 0.057602 -0.082642
v 0.366144 0.057602 -0.082642
v 0.339436 0.062410 -0.085419
v 0.366144 0.062410 -0.085419
v 0.339436 0.065674 -0.089911
v 0.366144 0.065674 -0.089911
v 0.366144 0.066964 -0.101348
v 0.366144 0.068240 -0.095343
v 0.366144 0.063355 -0.106315
v 0.366144 0.058038 -0.109385
v 0.366144 0.051932 -0.110027
v 0.366144 0.046092 -0.108130
v 0.366144 0.041530 -0.104021
v 0.366144 0.039032 -0.098412
v 0.366144 0.039032 -0.092273
v 0.366144 0.041530 -0.086664
v 0.366144 0.046092 -0.082555
v 0.366144 0.051932 -0.080658
v 0.366144 0.058038 -0.081300
v 0.366144 0.063355 -0.084370
v 0.366144 0.066964 -0.089337
v 0.379831 0.066964 -0.101348
v 0.379831 0.068240 -0.095343
v 0.379831 0.063355 -0.106315
v 0.379831 0.058038 -0.109385
v 0.379831 0.051932 -0.110027
v 0.379831 0.046092 -0.108130
v 0.379831 0.041530 -0.104021
v 0.379831 0.039032 -0.098412
v 0.379831 0.039032 -0.092273
v 0.379831 0.041530 -0.086664
v 0.379831 0.046092 -0.082555
v 0.379831 0.051932 -0.080658
v 0.379831 0.058038 -0.081300
v 0.379831 0.063355 -0.084370
v 0.379831 0.066964 -0.089337
v 0.339436 -0.120632 -0.095343
v 0.366144 -0.120632 -0.095343
v 0.339436 -0.121787 -0.100774
v 0.366144 -0.121787 -0.100774
v 0.339436 -0.125051 -0.105266
v 0.366144 -0.125051 -0.105266
v 0.339436 -0.129859 -0.108043
v 0.366144 -0.129859 -0.108043
v 0.339436 -0.135382 -0.108623
v 0.366144 -0.135382 -0.108623
v 0.339436 -0.140663 -0.106907
v 0.366144 -0.140663 -0.106907
v 0.339436 -0.144789 -0.103192
v 0.366144 -0.144789 -0.103192
v 0.339436 -0.147048 -0.098119
v 0.366144 -0.147048 -0.098119
v 0.339436 -0.147048 -0.092566
v 0.366144 -0.147048 -0.092566
v 0.339436 -0.144789 -0.087493
v 0.366144 -0.144789 -0.087493
v 0.339436 -0.140663 -0.083778
v 0.366144 -0.140663 -0.083778
v 0.339436 -0.135382 -0.082062
v 0.366144 -0.135382 -0.082062
v 0.339436 -0.129859 -0.082642
v 0.366144 -0.129859 -0.082642
v 0.339436 -0.125051 -0.085419
v 0.366144 -0.125051 -0.085419
v 0.339436 -0.121787 -0.089911
v 0.366144 -0.121787 -0.089911
v 0.366144 -0.120497 -0.101348
v 0.366144 -0.119221 -0.095343
v 0.366144 -0.124106 -0.106315
v 0.366144 -0.129423 -0.109385
v 0.366144 -0.135529 -0.110027
v 0.366144 -0.141369 -0.108130
v 0.366144 -0.145931 -0.104021
v 0.366144 -0.148429 -0.098412
v 0.366144 -0.148429 -0.092273
v 0.366144 -0.145931 -0.086664
v 0.366144 -0.141369 -0.082555
v 0.366144 -0.135529 -0.080658
v 0.366144 -0.129423 -0.081300
v 0.366144 -0.124106 -0.084370
v 0.366144 -0.120497 -0.089337
v 0.379831 -0.120497 -0.101348
v 0.379831 -0.119221 -0.095343
v 0.379831 -0.124106 -0.106315
v 0.379831 -0.129423 -0.109385
v 0.379831 -0.135529 -0.110027
v 0.379831 -0.141369 -0.108130
v 0.379831 -0.145931 -0.104021
v 0.379831 -0.148429 -0.098412
v 0.379831 -0.148429 -0.092273
v 0.379831 -0.145931 -0.086664
v 0.379831 -0.141369 -0.082555
v 0.379831 -0.135529 -0.080658
v 0.379831 -0.129423 -0.081300
v 0.379831 -0.124106 -0.084370
v 0.379831 -0.120497 -0.089337
v -0.468412 -0.300506 0.134829
v -0.468412 -0.271996 0.134829
v -0.468412 -0.300506 -0.096968
v -0.468412 -0.271996 -0.096968
v 0.175962 -0.300506 0.134829
v 0.175962 -0.271996 0.134829
v 0.175962 -0.300506 -0.096968
v 0.175962 -0.271996 -0.096968
v -0.540936 -0.300506 -0.082258
v -0.540936 -0.300506 0.120119
v -0.540936 -0.271996 0.120119
v -0.540936 -0.271996 -0.082258
v -0.598626 -0.300190 -0.023953
v -0.588179 -0.300506 -0.044417
v -0.597226 -0.300348 -0.031122
v -0.593403 -0.300463 -0.038613
v -0.588179 -0.300506 0.082278
v -0.598626 -0.300190 0.061814
v -0.593403 -0.300463 0.076474
v -0.597226 -0.300348 0.068983
v -0.588179 -0.271996 0.082278
v -0.598626 -0.272311 0.061814
v -0.593403 -0.272038 0.076474
v -0.597226 -0.272154 0.068983
v -0.588179 -0.271996 -0.044417
v -0.598626 -0.272311 -0.023953
v -0.593403 -0.272038 -0.038613
v -0.597226 -0.272154 -0.031122
v -0.096195 -0.385664 0.046372
v -0.096195 -0.297542 0.046372
v -0.096195 -0.385664 -0.008511
v -0.096195 -0.297542 -0.008511
v 0.058984 -0.385664 0.046372
v 0.058984 -0.297542 0.046372
v 0.058984 -0.385664 -0.008511
v 0.058984 -0.297542 -0.008511
v -0.064913 -0.393276 -0.001276
v -0.064913 -0.393276 0.039137
v 0.049350 -0.393276 -0.001276
v 0.049350 -0.393276 0.039137
v 0.005130 -0.357776 0.032827
v 0.005130 -0.329983 0.032827
v 0.005130 -0.357776 0.005034
v 0.005130 -0.329983 0.005034
v 0.067126 -0.357776 0.032827
v 0.067126 -0.329983 0.032827
v 0.067126 -0.357776 0.005034
v 0.067126 -0.329983 0.005034
v 0.058239 -0.421607 0.040838
v 0.058239 -0.416396 0.040838
v 0.058239 -0.421607 -0.002977
v 0.058239 -0.416396 -0.002977
v 0.166840 -0.421607 0.040838
v 0.166840 -0.416396 0.040838
v 0.166840 -0.421607 -0.002977
v 0.166840 -0.416396 -0.002977
v 0.172913 -0.413218 -0.002977
v 0.176664 -0.416836 -0.002977
v 0.176664 -0.416836 0.040838
v 0.172913 -0.413218 0.040838
v 0.175885 -0.403703 -0.002977
v 0.181094 -0.403847 -0.002977
v 0.181094 -0.403847 0.040838
v 0.175885 -0.403703 0.040838
v 0.175992 -0.272593 -0.002977
v 0.181201 -0.272737 -0.002977
v 0.181201 -0.272737 0.040838
v 0.175992 -0.272593 0.040838
v 0.051961 -0.414971 -0.002977
v 0.051961 -0.414971 0.040838
v 0.056237 -0.411992 0.040838
v 0.056237 -0.411992 -0.002977
v 0.050282 -0.405393 -0.002977
v 0.050282 -0.405393 0.040838
v 0.055465 -0.404847 0.040838
v 0.055465 -0.404847 -0.002977
v 0.047629 -0.387697 -0.002977
v 0.047629 -0.387697 0.040838
v 0.052811 -0.387152 0.040838
v 0.052811 -0.387152 -0.002977
v -0.968005 -0.274374 -0.148159
v -0.968005 -0.262016 -0.148159
v -0.968005 -0.274374 -0.160517
v -0.968005 -0.262016 -0.160517
v -0.553191 -0.274374 -0.148159
v -0.553191 -0.262016 -0.148159
v -0.553191 -0.274374 -0.160517
v -0.553191 -0.262016 -0.160517
v -0.968005 -0.312175 -0.148159
v -0.968005 -0.299818 -0.148159
v -0.968005 -0.312175 -0.160517
v -0.968005 -0.299818 -0.160517
v -0.553191 -0.312175 -0.148159
v -0.553191 -0.299818 -0.148159
v -0.553191 -0.312175 -0.160517
v -0.553191 -0.299818 -0.160517
v -1.012271 -0.499839 -0.110381
v -1.012271 -0.074219 -0.110381
v -1.012271 -0.499839 -0.195150
v -1.012271 -0.074219 -0.195150
v -1.002538 -0.499839 -0.110381
v -1.002538 -0.074219 -0.110381
v -1.002538 -0.499839 -0.195150
v -1.002538 -0.074219 -0.195150
v -0.972072 -0.287029 -0.110381
v -0.972072 -0.287029 -0.195150
v -0.960069 -0.287029 -0.195150
v -0.960069 -0.287029 -0.110381
v -0.972072 -0.396729 -0.195150
v -0.960069 -0.396729 -0.195150
v -0.960069 -0.396729 -0.110381
v -0.972072 -0.396729 -0.110381
v -0.972072 -0.177329 -0.110381
v -0.972072 -0.177329 -0.195150
v -0.960069 -0.177329 -0.195150
v -0.960069 -0.177329 -0.110381
v -0.972072 -0.232179 -0.195150
v -0.960069 -0.232179 -0.195150
v -0.960069 -0.232179 -0.110381
v -0.972072 -0.232179 -0.110381
v -0.972072 -0.341879 -0.110381
v -0.972072 -0.341879 -0.195150
v -0.960069 -0.341879 -0.195150
v -0.960069 -0.341879 -0.110381
v -0.992171 -0.103147 -0.110381
v -0.992171 -0.103147 -0.195150
v -0.981303 -0.103147 -0.195150
v -0.981303 -0.103147 -0.110381
v -0.992171 -0.470911 -0.195150
v -0.981303 -0.470911 -0.195150
v -0.981303 -0.470911 -0.110381
v -0.992171 -0.470911 -0.110381
v -1.012271 -0.499839 -0.152765
v -1.012271 -0.074219 -0.152765
v -1.002538 -0.499839 -0.152765
v -1.002538 -0.074219 -0.152765
v -0.960069 -0.287029 -0.152765
v -0.972072 -0.287029 -0.152765
v -0.972072 -0.232179 -0.152765
v -0.960069 -0.232179 -0.152765
v -0.972072 -0.341879 -0.152765
v -0.960069 -0.341879 -0.152765
v -0.981303 -0.103147 -0.152765
v -0.992171 -0.103147 -0.152765
v -0.981303 -0.470911 -0.152765
v -0.992171 -0.470911 -0.152765
v -1.012271 -0.074219 -0.173958
v -1.002538 -0.499839 -0.173958
v -0.972072 -0.287029 -0.173958
v -0.972072 -0.396729 -0.173958
v -0.972072 -0.177329 -0.173958
v -0.972072 -0.232179 -0.173958
v -0.972072 -0.341879 -0.173958
v -0.992171 -0.103147 -0.173958
v -0.992171 -0.470911 -0.173958
v -1.012271 -0.499839 -0.173958
v -1.002538 -0.074219 -0.173958
v -0.960069 -0.287029 -0.173958
v -0.960069 -0.396729 -0.173958
v -0.960069 -0.177329 -0.173958
v -0.960069 -0.232179 -0.173958
v -0.960069 -0.341879 -0.173958
v -0.981303 -0.103147 -0.173958
v -0.981303 -0.470911 -0.173958
v -1.012271 -0.499839 -0.131573
v -1.002538 -0.074219 -0.131573
v -0.960069 -0.287029 -0.131573
v -0.960069 -0.396729 -0.131573
v -0.960069 -0.177329 -0.131573
v -0.960069 -0.232179 -0.131573
v -0.960069 -0.341879 -0.131573
v -0.981303 -0.103147 -0.131573
v -0.981303 -0.470911 -0.131573
v -1.012271 -0.074219 -0.131573
v -1.002538 -0.499839 -0.131573
v -0.972072 -0.287029 -0.131573
v -0.972072 -0.396729 -0.131573
v -0.972072 -0.177329 -0.131573
v -0.972072 -0.232179 -0.131573
v -0.972072 -0.341879 -0.131573
v -0.992171 -0.103147 -0.131573
v -0.992171 -0.470911 -0.131573
v -0.524035 -0.274836 -0.070602
v -0.524035 -0.274836 -0.177800
v -0.528510 -0.275787 -0.070602
v -0.528510 -0.275787 -0.177800
v -0.532212 -0.278476 -0.070602
v -0.532212 -0.278476 -0.177800
v -0.534500 -0.282439 -0.070602
v -0.534500 -0.282439 -0.177800
v -0.534978 -0.286989 -0.070602
v -0.534978 -0.286989 -0.177800
v -0.533564 -0.291341 -0.070602
v -0.533564 -0.291341 -0.177800
v -0.530503 -0.294741 -0.070602
v -0.530503 -0.294741 -0.177800
v -0.526323 -0.296602 -0.070602
v -0.526323 -0.296602 -0.177800
v -0.521747 -0.296602 -0.070602
v -0.521747 -0.296602 -0.177800
v -0.517567 -0.294741 -0.070602
v -0.517567 -0.294741 -0.177800
v -0.514506 -0.291341 -0.070602
v -0.514506 -0.291341 -0.177800
v -0.513092 -0.286989 -0.070602
v -0.513092 -0.286989 -0.177800
v -0.513570 -0.282439 -0.070602
v -0.513570 -0.282439 -0.177800
v -0.515858 -0.278476 -0.070602
v -0.515858 -0.278476 -0.177800
v -0.519560 -0.275787 -0.070602
v -0.519560 -0.275787 -0.177800
v -0.532017 -0.267911 -0.177800
v -0.524035 -0.266214 -0.177800
v -0.538619 -0.272707 -0.177800
v -0.542700 -0.279774 -0.177800
v -0.543553 -0.287890 -0.177800
v -0.541031 -0.295651 -0.177800
v -0.535570 -0.301716 -0.177800
v -0.528115 -0.305035 -0.177800
v -0.519955 -0.305035 -0.177800
v -0.512500 -0.301716 -0.177800
v -0.507039 -0.295651 -0.177800
v -0.504518 -0.287890 -0.177800
v -0.505371 -0.279774 -0.177800
v -0.509451 -0.272707 -0.177800
v -0.516053 -0.267911 -0.177800
v -0.532605 -0.266590 -0.181638
v -0.524035 -0.264768 -0.181638
v -0.539694 -0.271740 -0.181638
v -0.544074 -0.279328 -0.181638
v -0.544990 -0.288041 -0.181638
v -0.542283 -0.296374 -0.181638
v -0.536420 -0.302885 -0.181638
v -0.528416 -0.306449 -0.181638
v -0.519654 -0.306449 -0.181638
v -0.511650 -0.302885 -0.181638
v -0.505787 -0.296374 -0.181638
v -0.503080 -0.288041 -0.181638
v -0.503996 -0.279328 -0.181638
v -0.508377 -0.271740 -0.181638
v -0.515465 -0.266590 -0.181638
v -0.533171 -0.265320 -0.190676
v -0.524035 -0.263379 -0.190676
v -0.540726 -0.270810 -0.190676
v -0.545396 -0.278898 -0.190676
v -0.546372 -0.288187 -0.190676
v -0.543486 -0.297069 -0.190676
v -0.537237 -0.304010 -0.190676
v -0.528705 -0.307809 -0.190676
v -0.519365 -0.307809 -0.190676
v -0.510833 -0.304010 -0.190676
v -0.504584 -0.297069 -0.190676
v -0.501698 -0.288187 -0.190676
v -0.502674 -0.278898 -0.190676
v -0.507344 -0.270810 -0.190676
v -0.514900 -0.265320 -0.190676
v -0.530907 -0.270404 -0.198650
v -0.532333 -0.267202 -0.196245
v -0.524035 -0.265438 -0.196245
v -0.524035 -0.268943 -0.198650
v -0.536591 -0.274533 -0.198650
v -0.539196 -0.272188 -0.196245
v -0.540104 -0.280618 -0.198650
v -0.543437 -0.279535 -0.196245
v -0.540839 -0.287605 -0.198650
v -0.544324 -0.287971 -0.196245
v -0.538668 -0.294287 -0.198650
v -0.541702 -0.296039 -0.196245
v -0.533966 -0.299508 -0.198650
v -0.536026 -0.302343 -0.196245
v -0.527548 -0.302366 -0.198650
v -0.528277 -0.305794 -0.196245
v -0.520522 -0.302366 -0.198650
v -0.519794 -0.305794 -0.196245
v -0.514104 -0.299508 -0.198650
v -0.512044 -0.302343 -0.196245
v -0.509403 -0.294287 -0.198650
v -0.506368 -0.296039 -0.196245
v -0.507232 -0.287605 -0.198650
v -0.503746 -0.287971 -0.196245
v -0.507966 -0.280618 -0.198650
v -0.504633 -0.279535 -0.196245
v -0.511479 -0.274533 -0.198650
v -0.508875 -0.272188 -0.196245
v -0.517163 -0.270404 -0.198650
v -0.515737 -0.267202 -0.196245
v -0.554961 -0.316770 -0.131781
v -0.554961 -0.253976 -0.131781
v -0.554961 -0.316770 -0.172487
v -0.554961 -0.253976 -0.172487
v -0.492167 -0.316770 -0.131781
v -0.492167 -0.253976 -0.131781
v -0.492167 -0.316770 -0.172487
v -0.492167 -0.253976 -0.172487
v 0.379674 0.068077 0.181723
v 0.379674 -0.274239 0.142790
v 0.379674 0.068077 -0.143267
v 0.379674 -0.274239 -0.104334
v 0.379674 -0.103081 -0.143267
v 0.379674 -0.103081 0.181723
v 0.379674 0.211519 -0.088871
v 0.379674 0.211519 0.127327
v -0.461036 -0.274239 0.142790
v -0.461036 0.068077 -0.143267
v -0.461036 -0.274239 -0.104334
v -0.461036 0.068077 0.181723
v -0.461036 -0.103081 0.181723
v -0.461036 -0.103081 -0.143267
v -0.461036 0.211519 -0.088871
v -0.461036 0.211519 0.127327
v 0.362889 -0.274239 0.142790
v 0.362889 0.068077 -0.143267
v 0.362889 -0.103081 -0.143267
v 0.362889 0.211519 -0.088871
v 0.362889 -0.274239 -0.104334
v 0.362889 0.068077 0.181723
v 0.362889 -0.103081 0.181723
v 0.362889 0.211519 0.127327
v 0.379889 -0.280642 0.145957
v 0.379889 -0.280642 -0.107502
v 0.362674 -0.280642 0.145957
v 0.379889 -0.105097 -0.147433
v 0.379889 0.070449 -0.147433
v 0.379890 -0.105097 0.185888
v 0.362674 0.070449 -0.147433
v 0.379890 0.070449 0.185888
v 0.362674 -0.105097 -0.147433
v 0.362674 0.217567 -0.091642
v 0.379889 0.217567 -0.091642
v 0.379890 0.217567 0.130098
v 0.362674 -0.280642 -0.107502
v 0.362674 0.070449 0.185888
v 0.362674 -0.105097 0.185888
v 0.362674 0.217567 0.130098
v 0.360707 -0.255553 0.131927
v 0.366356 -0.265595 0.138514
v 0.361463 -0.259232 0.134557
v 0.363531 -0.262907 0.136968
v 0.366356 -0.265595 -0.100059
v 0.360707 -0.255553 -0.093472
v 0.363531 -0.262907 -0.098512
v 0.361463 -0.259232 -0.096101
v 0.360707 -0.092830 -0.129207
v 0.360707 -0.105580 -0.127586
v 0.366366 -0.100361 -0.137649
v 0.360707 -0.096594 -0.128972
v 0.361539 -0.095251 -0.132517
v 0.361369 -0.097943 -0.132146
v 0.361538 -0.104054 -0.131364
v 0.360707 -0.101260 -0.128380
v 0.361367 -0.100766 -0.131774
v 0.363603 -0.097997 -0.135595
v 0.363603 -0.102150 -0.135034
v 0.362319 -0.099719 -0.134075
v 0.366366 0.064879 -0.137649
v 0.360707 0.069893 -0.126325
v 0.360707 0.057144 -0.129207
v 0.363603 0.066688 -0.134588
v 0.363603 0.062451 -0.135595
v 0.362320 0.064136 -0.133832
v 0.360707 0.065395 -0.127741
v 0.361537 0.068518 -0.130456
v 0.361366 0.065080 -0.131321
v 0.361539 0.059630 -0.132517
v 0.360707 0.060730 -0.128793
v 0.361370 0.062234 -0.131985
v 0.360707 -0.105580 0.166042
v 0.360707 -0.092830 0.167663
v 0.366366 -0.100361 0.176104
v 0.360707 -0.101260 0.166835
v 0.361538 -0.104054 0.169819
v 0.361367 -0.100766 0.170230
v 0.361539 -0.095251 0.170973
v 0.360707 -0.096594 0.167428
v 0.361369 -0.097943 0.170602
v 0.363603 -0.102150 0.173490
v 0.363603 -0.097997 0.174051
v 0.362320 -0.099719 0.172530
v 0.360707 0.069893 0.164780
v 0.366366 0.064879 0.176104
v 0.360707 0.057144 0.167663
v 0.361537 0.068518 0.168911
v 0.360707 0.065395 0.166196
v 0.361366 0.065080 0.169776
v 0.363603 0.062451 0.174051
v 0.363603 0.066688 0.173044
v 0.362320 0.064136 0.172288
v 0.360707 0.060730 0.167248
v 0.361539 0.059630 0.170973
v 0.361370 0.062234 0.170441
v 0.360707 0.193516 -0.079444
v 0.366358 0.203355 -0.085131
v 0.361464 0.197167 -0.081707
v 0.363533 0.200769 -0.083788
v 0.366358 0.203355 0.123587
v 0.360707 0.193516 0.117900
v 0.363533 0.200769 0.122244
v 0.361464 0.197167 0.120162
v 0.379674 0.023951 -0.143267
v 0.379674 0.023951 0.181723
v -0.461036 0.023951 0.181723
v -0.461036 0.023951 -0.143267
v 0.362889 0.023951 0.181723
v 0.362889 0.023951 -0.143267
v 0.379889 0.025191 -0.147433
v 0.379890 0.025191 0.185888
v 0.362674 0.025191 0.185888
v 0.362674 0.025191 -0.147433
v 0.366366 0.022278 -0.137649
v 0.363603 0.021085 -0.135595
v 0.361539 0.019700 -0.132517
v 0.360707 0.018479 -0.129207
v 0.366366 0.022278 0.176104
v 0.363603 0.021085 0.174051
v 0.361539 0.019700 0.170973
v 0.360707 0.018479 0.167663
v 0.379674 0.195280 -0.095029
v 0.379674 0.195280 0.133485
v -0.461036 0.195280 -0.095029
v -0.461036 0.195280 0.133485
v 0.362889 0.195280 -0.095029
v 0.362889 0.195280 0.133485
v 0.379889 0.200912 -0.097958
v 0.379890 0.200912 0.136414
v 0.362674 0.200912 -0.097958
v 0.362674 0.200912 0.136414
v 0.366359 0.187679 -0.091076
v 0.363540 0.185590 -0.089539
v 0.361472 0.182603 -0.087225
v 0.360707 0.179521 -0.084751
v 0.366359 0.187679 0.129532
v 0.363541 0.185590 0.127995
v 0.361472 0.182603 0.125681
v 0.360707 0.179521 0.123207
v -0.461036 0.172630 -0.080243
v -0.461036 0.186767 -0.074882
v -0.461036 0.172630 0.118699
v -0.461036 0.186767 0.113338
v -0.461036 -0.087121 -0.122239
v -0.461036 -0.236130 -0.088344
v -0.461036 -0.087121 0.160695
v -0.461036 -0.236130 0.126800
v -0.461036 0.023472 0.160695
v -0.461036 0.023472 -0.122239
v -0.461036 0.061888 0.160695
v -0.461036 0.061888 -0.122239
v -0.434040 0.172630 -0.080243
v -0.434040 0.186767 -0.074882
v -0.434040 0.172630 0.118699
v -0.434040 0.186767 0.113338
v -0.434040 -0.087121 -0.122239
v -0.434040 -0.236130 -0.088344
v -0.434040 -0.087121 0.160695
v -0.434040 -0.236130 0.126800
v -0.434040 0.023472 0.160695
v -0.434040 0.023472 -0.122239
v -0.434040 0.061888 0.160695
v -0.434040 0.061888 -0.122239
vt 0.976029 0.866687
vt 0.976029 0.868577
vt 0.975897 0.868577
vt 0.975897 0.866687
vt 0.979859 0.866687
vt 0.979859 0.868577
vt 0.979727 0.868577
vt 0.979727 0.866687
vt 0.979595 0.868577
vt 0.979595 0.866687
vt 0.979463 0.868577
vt 0.979463 0.866687
vt 0.979331 0.868577
vt 0.979331 0.866687
vt 0.979199 0.868577
vt 0.979199 0.866687
vt 0.979067 0.868577
vt 0.979067 0.866687
vt 0.978935 0.868577
vt 0.978935 0.866687
vt 0.978803 0.868577
vt 0.978803 0.866687
vt 0.978671 0.868577
vt 0.978671 0.866687
vt 0.978539 0.868577
vt 0.978539 0.866687
vt 0.978406 0.868577
vt 0.978406 0.866687
vt 0.978274 0.868577
vt 0.978274 0.866687
vt 0.978142 0.868577
vt 0.978142 0.866687
vt 0.978010 0.868577
vt 0.978010 0.866687
vt 0.977878 0.868577
vt 0.977878 0.866687
vt 0.977746 0.868577
vt 0.977746 0.866687
vt 0.977614 0.868577
vt 0.977614 0.866687
vt 0.977482 0.868577
vt 0.977482 0.866687
vt 0.977350 0.868577
vt 0.977350 0.866687
vt 0.977218 0.868577
vt 0.977218 0.866687
vt 0.977086 0.868577
vt 0.977086 0.866687
vt 0.976953 0.868577
vt 0.976953 0.866687
vt 0.976821 0.868577
vt 0.976821 0.866687
vt 0.976689 0.868577
vt 0.976689 0.866687
vt 0.976557 0.868577
vt 0.976557 0.866687
vt 0.976425 0.868577
vt 0.976425 0.866687
vt 0.976293 0.868577
vt 0.976293 0.866687
vt 0.976161 0.868577
vt 0.976161 0.866687
vt 0.980124 0.866687
vt 0.980124 0.868577
vt 0.979992 0.868577
vt 0.979992 0.866687
vt 0.979067 0.866645
vt 0.979265 0.866625
vt 0.979455 0.866567
vt 0.979631 0.866474
vt 0.979784 0.866348
vt 0.979910 0.866194
vt 0.980004 0.866018
vt 0.980062 0.865828
vt 0.980081 0.865630
vt 0.980062 0.865432
vt 0.980004 0.865242
vt 0.979910 0.865067
vt 0.979784 0.864913
vt 0.979631 0.864787
vt 0.979455 0.864693
vt 0.979265 0.864635
vt 0.979067 0.864616
vt 0.978869 0.864635
vt 0.978679 0.864693
vt 0.978503 0.864787
vt 0.978350 0.864913
vt 0.978223 0.865067
vt 0.978130 0.865242
vt 0.978072 0.865432
vt 0.978052 0.865630
vt 0.978072 0.865828
vt 0.978130 0.866018
vt 0.978223 0.866194
vt 0.978350 0.866348
vt 0.978503 0.866474
vt 0.978679 0.866567
vt 0.978869 0.866625
vt 0.980122 0.868689
vt 0.979993 0.868689
vt 0.980117 0.868801
vt 0.979999 0.868801
vt 0.977130 0.866519
vt 0.976953 0.866537
vt 0.976953 0.866429
vt 0.977109 0.866413
vt 0.979861 0.868689
vt 0.979867 0.868801
vt 0.977300 0.866468
vt 0.977259 0.866368
vt 0.979729 0.868689
vt 0.979734 0.868801
vt 0.977457 0.866384
vt 0.977397 0.866294
vt 0.979597 0.868689
vt 0.979602 0.868801
vt 0.977594 0.866271
vt 0.977518 0.866195
vt 0.979465 0.868689
vt 0.979470 0.868801
vt 0.977707 0.866134
vt 0.977617 0.866074
vt 0.979333 0.868689
vt 0.979338 0.868801
vt 0.977791 0.865977
vt 0.977691 0.865936
vt 0.979201 0.868689
vt 0.979206 0.868801
vt 0.977843 0.865807
vt 0.977737 0.865786
vt 0.979069 0.868689
vt 0.979074 0.868801
vt 0.977860 0.865630
vt 0.977752 0.865630
vt 0.978937 0.868689
vt 0.978942 0.868801
vt 0.977843 0.865453
vt 0.977737 0.865474
vt 0.978805 0.868689
vt 0.978810 0.868801
vt 0.977791 0.865283
vt 0.977691 0.865325
vt 0.978673 0.868689
vt 0.978678 0.868801
vt 0.977707 0.865127
vt 0.977617 0.865187
vt 0.978540 0.868689
vt 0.978546 0.868801
vt 0.977594 0.864989
vt 0.977518 0.865066
vt 0.978408 0.868689
vt 0.978413 0.868801
vt 0.977457 0.864876
vt 0.977397 0.864966
vt 0.978276 0.868689
vt 0.978281 0.868801
vt 0.977300 0.864793
vt 0.977259 0.864892
vt 0.978144 0.868689
vt 0.978149 0.868801
vt 0.977130 0.864741
vt 0.977109 0.864847
vt 0.978012 0.868689
vt 0.978017 0.868801
vt 0.976953 0.864724
vt 0.976953 0.864832
vt 0.977880 0.868689
vt 0.977885 0.868801
vt 0.976777 0.864741
vt 0.976798 0.864847
vt 0.977748 0.868689
vt 0.977753 0.868801
vt 0.976606 0.864793
vt 0.976648 0.864892
vt 0.977616 0.868689
vt 0.977739 0.868801
vt 0.977621 0.868801
vt 0.976450 0.864876
vt 0.976510 0.864966
vt 0.977484 0.868689
vt 0.977489 0.868801
vt 0.976312 0.864989
vt 0.976389 0.865066
vt 0.977352 0.868689
vt 0.977357 0.868801
vt 0.976200 0.865127
vt 0.976290 0.865187
vt 0.977348 0.868689
vt 0.977220 0.868689
vt 0.977343 0.868801
vt 0.977225 0.868801
vt 0.976116 0.865283
vt 0.976216 0.865325
vt 0.977087 0.868689
vt 0.977093 0.868801
vt 0.976064 0.865453
vt 0.976170 0.865474
vt 0.976955 0.868689
vt 0.976960 0.868801
vt 0.976047 0.865630
vt 0.976155 0.865630
vt 0.976823 0.868689
vt 0.976946 0.868801
vt 0.976828 0.868801
vt 0.976064 0.865807
vt 0.976170 0.865786
vt 0.976691 0.868689
vt 0.976696 0.868801
vt 0.976116 0.865977
vt 0.976216 0.865936
vt 0.976559 0.868689
vt 0.976564 0.868801
vt 0.976200 0.866134
vt 0.976290 0.866074
vt 0.976427 0.868689
vt 0.976432 0.868801
vt 0.976312 0.866271
vt 0.976389 0.866195
vt 0.976295 0.868689
vt 0.976300 0.868801
vt 0.976450 0.866384
vt 0.976510 0.866294
vt 0.976163 0.868689
vt 0.976168 0.868801
vt 0.976606 0.866468
vt 0.976648 0.866368
vt 0.976031 0.868689
vt 0.976036 0.868801
vt 0.976777 0.866519
vt 0.976798 0.866413
vt 0.975899 0.868689
vt 0.975904 0.868801
vt 0.976029 0.866687
vt 0.976029 0.868594
vt 0.975897 0.868594
vt 0.975897 0.866687
vt 0.979859 0.866687
vt 0.979859 0.868594
vt 0.979727 0.868594
vt 0.979727 0.866687
vt 0.979595 0.868594
vt 0.979595 0.866687
vt 0.979463 0.868594
vt 0.979463 0.866687
vt 0.979331 0.868594
vt 0.979331 0.866687
vt 0.979199 0.868594
vt 0.979199 0.866687
vt 0.979067 0.868594
vt 0.979067 0.866687
vt 0.978935 0.868594
vt 0.978935 0.866687
vt 0.978803 0.868594
vt 0.978803 0.866687
vt 0.978671 0.868594
vt 0.978671 0.866687
vt 0.978539 0.868594
vt 0.978539 0.866687
vt 0.978406 0.868594
vt 0.978406 0.866687
vt 0.978274 0.868594
vt 0.978274 0.866687
vt 0.978142 0.868594
vt 0.978142 0.866687
vt 0.978010 0.868594
vt 0.978010 0.866687
vt 0.977878 0.868594
vt 0.977878 0.866687
vt 0.977746 0.868594
vt 0.977746 0.866687
vt 0.977614 0.868594
vt 0.977614 0.866687
vt 0.977482 0.868594
vt 0.977482 0.866687
vt 0.977350 0.868594
vt 0.977350 0.866687
vt 0.977218 0.868594
vt 0.977218 0.866687
vt 0.977086 0.868594
vt 0.977086 0.866687
vt 0.976953 0.868594
vt 0.976953 0.866687
vt 0.976821 0.868594
vt 0.976821 0.866687
vt 0.976689 0.868594
vt 0.976689 0.866687
vt 0.976557 0.868594
vt 0.976557 0.866687
vt 0.976425 0.868594
vt 0.976425 0.866687
vt 0.976293 0.868594
vt 0.976293 0.866687
vt 0.976161 0.868594
vt 0.976161 0.866687
vt 0.980124 0.866687
vt 0.980124 0.868594
vt 0.979992 0.868594
vt 0.979992 0.866687
vt 0.979067 0.866645
vt 0.979265 0.866625
vt 0.979455 0.866567
vt 0.979631 0.866474
vt 0.979784 0.866348
vt 0.979910 0.866194
vt 0.980004 0.866018
vt 0.980062 0.865828
vt 0.980081 0.865630
vt 0.980062 0.865432
vt 0.980004 0.865242
vt 0.979910 0.865067
vt 0.979784 0.864913
vt 0.979631 0.864787
vt 0.979455 0.864693
vt 0.979265 0.864635
vt 0.979067 0.864616
vt 0.978869 0.864635
vt 0.978679 0.864693
vt 0.978503 0.864787
vt 0.978350 0.864913
vt 0.978223 0.865067
vt 0.978130 0.865242
vt 0.978072 0.865432
vt 0.978052 0.865630
vt 0.978072 0.865828
vt 0.978130 0.866018
vt 0.978223 0.866194
vt 0.978350 0.866348
vt 0.978503 0.866474
vt 0.978679 0.866567
vt 0.978869 0.866625
vt 0.980122 0.868697
vt 0.979993 0.868697
vt 0.980117 0.868801
vt 0.979998 0.868801
vt 0.977132 0.866528
vt 0.976953 0.866545
vt 0.976953 0.866446
vt 0.977113 0.866430
vt 0.979861 0.868697
vt 0.979866 0.868801
vt 0.977304 0.866476
vt 0.977266 0.866384
vt 0.979729 0.868697
vt 0.979734 0.868801
vt 0.977462 0.866391
vt 0.977407 0.866308
vt 0.979597 0.868697
vt 0.979602 0.868801
vt 0.977600 0.866277
vt 0.977530 0.866207
vt 0.979465 0.868697
vt 0.979470 0.868801
vt 0.977714 0.866139
vt 0.977632 0.866083
vt 0.979333 0.868697
vt 0.979338 0.868801
vt 0.977799 0.865980
vt 0.977707 0.865942
vt 0.979201 0.868697
vt 0.979206 0.868801
vt 0.977851 0.865809
vt 0.977753 0.865789
vt 0.979069 0.868697
vt 0.979073 0.868801
vt 0.977868 0.865630
vt 0.977769 0.865630
vt 0.978937 0.868697
vt 0.978941 0.868801
vt 0.977851 0.865452
vt 0.977753 0.865471
vt 0.978805 0.868697
vt 0.978809 0.868801
vt 0.977799 0.865280
vt 0.977707 0.865318
vt 0.978672 0.868697
vt 0.978677 0.868801
vt 0.977714 0.865122
vt 0.977632 0.865177
vt 0.978540 0.868697
vt 0.978545 0.868801
vt 0.977600 0.864983
vt 0.977530 0.865053
vt 0.978408 0.868697
vt 0.978413 0.868801
vt 0.977462 0.864869
vt 0.977407 0.864952
vt 0.978276 0.868697
vt 0.978281 0.868801
vt 0.977304 0.864785
vt 0.977266 0.864877
vt 0.978144 0.868697
vt 0.978149 0.868801
vt 0.977132 0.864733
vt 0.977113 0.864830
vt 0.978012 0.868697
vt 0.978017 0.868801
vt 0.976953 0.864715
vt 0.976953 0.864815
vt 0.977880 0.868697
vt 0.977885 0.868801
vt 0.976775 0.864733
vt 0.976794 0.864830
vt 0.977748 0.868697
vt 0.977752 0.868801
vt 0.976603 0.864785
vt 0.976641 0.864877
vt 0.977616 0.868697
vt 0.977740 0.868801
vt 0.977620 0.868801
vt 0.976445 0.864869
vt 0.976500 0.864952
vt 0.977484 0.868697
vt 0.977488 0.868801
vt 0.976306 0.864983
vt 0.976377 0.865053
vt 0.977351 0.868697
vt 0.977356 0.868801
vt 0.976193 0.865122
vt 0.976275 0.865177
vt 0.977348 0.868697
vt 0.977219 0.868697
vt 0.977343 0.868801
vt 0.977224 0.868801
vt 0.976108 0.865280
vt 0.976200 0.865318
vt 0.977087 0.868697
vt 0.977092 0.868801
vt 0.976056 0.865452
vt 0.976153 0.865471
vt 0.976955 0.868697
vt 0.976960 0.868801
vt 0.976038 0.865630
vt 0.976138 0.865630
vt 0.976823 0.868697
vt 0.976947 0.868801
vt 0.976828 0.868801
vt 0.976056 0.865809
vt 0.976153 0.865789
vt 0.976691 0.868697
vt 0.976696 0.868801
vt 0.976108 0.865980
vt 0.976200 0.865942
vt 0.976559 0.868697
vt 0.976564 0.868801
vt 0.976193 0.866139
vt 0.976275 0.866083
vt 0.976427 0.868697
vt 0.976431 0.868801
vt 0.976306 0.866277
vt 0.976377 0.866207
vt 0.976295 0.868697
vt 0.976299 0.868801
vt 0.976445 0.866391
vt 0.976500 0.866308
vt 0.976163 0.868697
vt 0.976167 0.868801
vt 0.976603 0.866476
vt 0.976641 0.866384
vt 0.976031 0.868697
vt 0.976035 0.868801
vt 0.976775 0.866528
vt 0.976794 0.866430
vt 0.975898 0.868697
vt 0.975903 0.868801
vt 0.981527 0.093914
vt 0.981527 0.096797
vt 0.981046 0.096797
vt 0.981046 0.093914
vt 0.980566 0.096797
vt 0.980566 0.093914
vt 0.980085 0.096797
vt 0.980085 0.093914
vt 0.979604 0.096797
vt 0.979604 0.093914
vt 0.979124 0.096797
vt 0.979124 0.093914
vt 0.978643 0.096797
vt 0.978643 0.093914
vt 0.978163 0.096797
vt 0.978163 0.093914
vt 0.977682 0.096797
vt 0.977682 0.093914
vt 0.977201 0.096797
vt 0.977201 0.093914
vt 0.976721 0.096797
vt 0.976721 0.093914
vt 0.977894 0.093670
vt 0.977201 0.093856
vt 0.976509 0.093670
vt 0.976003 0.093164
vt 0.975818 0.092472
vt 0.976003 0.091780
vt 0.976509 0.091273
vt 0.977201 0.091088
vt 0.977894 0.091273
vt 0.978400 0.091780
vt 0.978586 0.092472
vt 0.978400 0.093164
vt 0.976240 0.096797
vt 0.976240 0.093914
vt 0.975760 0.096797
vt 0.975760 0.093914
vt 0.978643 0.093914
vt 0.979124 0.093914
vt 0.979604 0.093914
vt 0.979124 0.093914
vt 0.979604 0.093914
vt 0.980085 0.093914
vt 0.975760 0.093914
vt 0.976240 0.093914
vt 0.981046 0.093914
vt 0.981527 0.093914
vt 0.980566 0.093914
vt 0.976721 0.093914
vt 0.977201 0.093914
vt 0.977682 0.093914
vt 0.978163 0.093914
vt 0.980085 0.093856
vt 0.980777 0.093670
vt 0.981284 0.093164
vt 0.981469 0.092472
vt 0.981284 0.091780
vt 0.980777 0.091273
vt 0.980085 0.091088
vt 0.979393 0.091273
vt 0.978886 0.091780
vt 0.978701 0.092472
vt 0.978886 0.093164
vt 0.979393 0.093670
vt 0.975760 0.093914
vt 0.976240 0.093914
vt 0.980566 0.093914
vt 0.981046 0.093914
vt 0.977201 0.093914
vt 0.977682 0.093914
vt 0.978643 0.093914
vt 0.980085 0.093914
vt 0.976721 0.093914
vt 0.978163 0.093914
vt 0.981527 0.093914
vt 0.983642 0.101982
vt 0.983642 0.103237
vt 0.983213 0.103237
vt 0.983213 0.101982
vt 0.982785 0.103237
vt 0.982785 0.101982
vt 0.982356 0.103237
vt 0.982356 0.101982
vt 0.981928 0.103237
vt 0.981928 0.101982
vt 0.981500 0.103237
vt 0.981500 0.101982
vt 0.981071 0.103237
vt 0.981071 0.101982
vt 0.980643 0.103237
vt 0.980643 0.101982
vt 0.980214 0.103237
vt 0.980214 0.101982
vt 0.979786 0.103237
vt 0.979786 0.101982
vt 0.979357 0.103237
vt 0.979357 0.101982
vt 0.978929 0.103237
vt 0.978929 0.101982
vt 0.978500 0.103237
vt 0.978500 0.101982
vt 0.978072 0.103237
vt 0.978072 0.101982
vt 0.977215 0.103237
vt 0.977644 0.103237
vt 0.977644 0.103237
vt 0.977215 0.103237
vt 0.977644 0.101982
vt 0.977215 0.101982
vt 0.982035 0.099959
vt 0.982662 0.099826
vt 0.983181 0.099449
vt 0.983502 0.098894
vt 0.983569 0.098256
vt 0.983371 0.097646
vt 0.982942 0.097169
vt 0.982356 0.096908
vt 0.981714 0.096908
vt 0.981128 0.097169
vt 0.980699 0.097646
vt 0.980501 0.098256
vt 0.980568 0.098894
vt 0.980889 0.099449
vt 0.981408 0.099826
vt 0.982356 0.103237
vt 0.982785 0.103237
vt 0.982785 0.103237
vt 0.982356 0.103237
vt 0.980643 0.103237
vt 0.980214 0.103237
vt 0.978500 0.103237
vt 0.978072 0.103237
vt 0.983642 0.103237
vt 0.983213 0.103237
vt 0.981500 0.103237
vt 0.981071 0.103237
vt 0.979357 0.103237
vt 0.978929 0.103237
vt 0.981928 0.103237
vt 0.979786 0.103237
vt 0.983213 0.103237
vt 0.980214 0.103237
vt 0.979786 0.103237
vt 0.943649 0.066855
vt 0.941952 0.067215
vt 0.940255 0.066855
vt 0.938851 0.065835
vt 0.937983 0.064332
vt 0.937801 0.062606
vt 0.938338 0.060955
vt 0.939499 0.059666
vt 0.941084 0.058960
vt 0.942820 0.058960
vt 0.944405 0.059666
vt 0.945566 0.060955
vt 0.946102 0.062606
vt 0.945921 0.064332
vt 0.945053 0.065835
vt 0.979357 0.103237
vt 0.977644 0.103237
vt 0.977215 0.103237
vt 0.978929 0.103237
vt 0.981928 0.103237
vt 0.978500 0.103237
vt 0.981500 0.103237
vt 0.978072 0.103237
vt 0.981071 0.103237
vt 0.980643 0.103237
vt 0.983642 0.103237
vt 0.983641 0.103237
vt 0.983214 0.103237
vt 0.983637 0.103237
vt 0.983218 0.103237
vt 0.979437 0.099798
vt 0.978822 0.099929
vt 0.978822 0.099898
vt 0.979424 0.099770
vt 0.982786 0.103237
vt 0.982789 0.103237
vt 0.979945 0.099429
vt 0.979922 0.099408
vt 0.982358 0.103237
vt 0.982361 0.103237
vt 0.980260 0.098884
vt 0.980231 0.098875
vt 0.981929 0.103237
vt 0.981932 0.103237
vt 0.980325 0.098259
vt 0.980295 0.098262
vt 0.981501 0.103237
vt 0.981504 0.103237
vt 0.980131 0.097661
vt 0.980104 0.097676
vt 0.981072 0.103237
vt 0.981075 0.103237
vt 0.979710 0.097194
vt 0.979692 0.097219
vt 0.980644 0.103237
vt 0.980647 0.103237
vt 0.979136 0.096938
vt 0.979130 0.096968
vt 0.980215 0.103237
vt 0.980218 0.103237
vt 0.978507 0.096938
vt 0.978514 0.096968
vt 0.979787 0.103237
vt 0.979790 0.103237
vt 0.977933 0.097194
vt 0.977951 0.097219
vt 0.979358 0.103237
vt 0.979362 0.103237
vt 0.977512 0.097661
vt 0.977539 0.097676
vt 0.978930 0.103237
vt 0.978933 0.103237
vt 0.977318 0.098259
vt 0.977349 0.098262
vt 0.978502 0.103237
vt 0.978505 0.103237
vt 0.977384 0.098884
vt 0.977413 0.098875
vt 0.978073 0.103237
vt 0.978076 0.103237
vt 0.977698 0.099429
vt 0.977721 0.099408
vt 0.977645 0.103237
vt 0.977648 0.103237
vt 0.978207 0.099798
vt 0.978219 0.099770
vt 0.977216 0.103237
vt 0.977219 0.103237
vt 0.977644 0.101440
vt 0.977644 0.101630
vt 0.977215 0.101630
vt 0.977215 0.101440
vt 0.978072 0.101440
vt 0.978072 0.101630
vt 0.978500 0.101440
vt 0.978500 0.101630
vt 0.978929 0.101440
vt 0.978929 0.101630
vt 0.979357 0.101440
vt 0.979357 0.101630
vt 0.979786 0.101440
vt 0.979786 0.101630
vt 0.980214 0.101440
vt 0.980214 0.101630
vt 0.980643 0.101440
vt 0.980643 0.101630
vt 0.981071 0.101440
vt 0.981071 0.101630
vt 0.981500 0.101440
vt 0.981500 0.101630
vt 0.981928 0.101440
vt 0.981928 0.101630
vt 0.982356 0.101440
vt 0.982356 0.101630
vt 0.982785 0.101440
vt 0.982785 0.101630
vt 0.983213 0.101440
vt 0.983213 0.101630
vt 0.983642 0.101440
vt 0.983642 0.101630
vt 0.983642 0.100024
vt 0.983213 0.100024
vt 0.982785 0.100024
vt 0.982356 0.100024
vt 0.981928 0.100024
vt 0.981500 0.100024
vt 0.981071 0.100024
vt 0.980643 0.100024
vt 0.980214 0.100024
vt 0.979786 0.100024
vt 0.979357 0.100024
vt 0.978929 0.100024
vt 0.978500 0.100024
vt 0.978072 0.100024
vt 0.977644 0.100024
vt 0.977215 0.100024
vt 0.979958 0.523351
vt 0.979958 0.527806
vt 0.979364 0.527806
vt 0.979364 0.523351
vt 0.978770 0.527806
vt 0.978770 0.523351
vt 0.978176 0.527806
vt 0.978176 0.523351
vt 0.977582 0.527806
vt 0.977582 0.523351
vt 0.976988 0.527806
vt 0.976988 0.523351
vt 0.976394 0.527806
vt 0.976394 0.523351
vt 0.975800 0.527806
vt 0.975800 0.523351
vt 0.975205 0.527806
vt 0.975205 0.523351
vt 0.974611 0.527806
vt 0.974611 0.523351
vt 0.974017 0.527806
vt 0.974017 0.523351
vt 0.973423 0.527806
vt 0.973423 0.523351
vt 0.972829 0.527806
vt 0.972829 0.523351
vt 0.972235 0.527806
vt 0.972235 0.523351
vt 0.971047 0.527806
vt 0.971641 0.527806
vt 0.971641 0.527806
vt 0.971047 0.527806
vt 0.971641 0.523351
vt 0.971047 0.523351
vt 0.977730 0.523262
vt 0.978600 0.523077
vt 0.979319 0.522554
vt 0.979764 0.521784
vt 0.979857 0.520900
vt 0.979582 0.520054
vt 0.978987 0.519393
vt 0.978175 0.519032
vt 0.977286 0.519032
vt 0.976473 0.519393
vt 0.975878 0.520054
vt 0.975603 0.520900
vt 0.975696 0.521784
vt 0.976141 0.522554
vt 0.976860 0.523077
vt 0.971641 0.527806
vt 0.971047 0.527806
vt 0.978770 0.527806
vt 0.978176 0.527806
vt 0.975800 0.527806
vt 0.975205 0.527806
vt 0.972829 0.527806
vt 0.972235 0.527806
vt 0.979958 0.527806
vt 0.979364 0.527806
vt 0.976988 0.527806
vt 0.976394 0.527806
vt 0.974017 0.527806
vt 0.973423 0.527806
vt 0.977582 0.527806
vt 0.974611 0.527806
vt 0.974145 0.523077
vt 0.973275 0.523262
vt 0.972405 0.523077
vt 0.971686 0.522554
vt 0.971241 0.521784
vt 0.971148 0.520900
vt 0.971423 0.520054
vt 0.972018 0.519393
vt 0.972830 0.519032
vt 0.973719 0.519032
vt 0.974532 0.519393
vt 0.975127 0.520054
vt 0.975402 0.520900
vt 0.975309 0.521784
vt 0.974864 0.522554
vt 0.975800 0.527806
vt 0.975205 0.527806
vt 0.979958 0.527806
vt 0.979364 0.527806
vt 0.974611 0.527806
vt 0.978770 0.527806
vt 0.974017 0.527806
vt 0.978176 0.527806
vt 0.973423 0.527806
vt 0.977582 0.527806
vt 0.972829 0.527806
vt 0.976988 0.527806
vt 0.972235 0.527806
vt 0.976394 0.527806
vt 0.979958 0.523351
vt 0.979958 0.527806
vt 0.979364 0.527806
vt 0.979364 0.523351
vt 0.978770 0.527806
vt 0.978770 0.523351
vt 0.978176 0.527806
vt 0.978176 0.523351
vt 0.977582 0.527806
vt 0.977582 0.523351
vt 0.976988 0.527806
vt 0.976988 0.523351
vt 0.976394 0.527806
vt 0.976394 0.523351
vt 0.975800 0.527806
vt 0.975800 0.523351
vt 0.975205 0.527806
vt 0.975205 0.523351
vt 0.974611 0.527806
vt 0.974611 0.523351
vt 0.974017 0.527806
vt 0.974017 0.523351
vt 0.973423 0.527806
vt 0.973423 0.523351
vt 0.972829 0.527806
vt 0.972829 0.523351
vt 0.972235 0.527806
vt 0.972235 0.523351
vt 0.971047 0.527806
vt 0.971641 0.527806
vt 0.971641 0.527806
vt 0.971047 0.527806
vt 0.971641 0.523351
vt 0.971047 0.523351
vt 0.977730 0.523262
vt 0.978600 0.523077
vt 0.979319 0.522554
vt 0.979764 0.521784
vt 0.979857 0.520900
vt 0.979582 0.520054
vt 0.978987 0.519393
vt 0.978175 0.519032
vt 0.977286 0.519032
vt 0.976473 0.519393
vt 0.975878 0.520054
vt 0.975603 0.520900
vt 0.975696 0.521784
vt 0.976141 0.522554
vt 0.976860 0.523077
vt 0.971641 0.527806
vt 0.971047 0.527806
vt 0.978770 0.527806
vt 0.978176 0.527806
vt 0.975800 0.527806
vt 0.975205 0.527806
vt 0.972829 0.527806
vt 0.972235 0.527806
vt 0.979958 0.527806
vt 0.979364 0.527806
vt 0.976988 0.527806
vt 0.976394 0.527806
vt 0.974017 0.527806
vt 0.973423 0.527806
vt 0.977582 0.527806
vt 0.974611 0.527806
vt 0.974145 0.523077
vt 0.973275 0.523262
vt 0.972405 0.523077
vt 0.971686 0.522554
vt 0.971241 0.521784
vt 0.971148 0.520900
vt 0.971423 0.520054
vt 0.972018 0.519393
vt 0.972830 0.519032
vt 0.973719 0.519032
vt 0.974532 0.519393
vt 0.975127 0.520054
vt 0.975402 0.520900
vt 0.975309 0.521784
vt 0.974864 0.522554
vt 0.975800 0.527806
vt 0.975205 0.527806
vt 0.979958 0.527806
vt 0.979364 0.527806
vt 0.974611 0.527806
vt 0.978770 0.527806
vt 0.974017 0.527806
vt 0.978176 0.527806
vt 0.973423 0.527806
vt 0.977582 0.527806
vt 0.972829 0.527806
vt 0.976988 0.527806
vt 0.972235 0.527806
vt 0.976394 0.527806
vt 0.979958 0.523351
vt 0.979958 0.527806
vt 0.979364 0.527806
vt 0.979364 0.523351
vt 0.978770 0.527806
vt 0.978770 0.523351
vt 0.978176 0.527806
vt 0.978176 0.523351
vt 0.977582 0.527806
vt 0.977582 0.523351
vt 0.976988 0.527806
vt 0.976988 0.523351
vt 0.976394 0.527806
vt 0.976394 0.523351
vt 0.975800 0.527806
vt 0.975800 0.523351
vt 0.975205 0.527806
vt 0.975205 0.523351
vt 0.974611 0.527806
vt 0.974611 0.523351
vt 0.974017 0.527806
vt 0.974017 0.523351
vt 0.973423 0.527806
vt 0.973423 0.523351
vt 0.972829 0.527806
vt 0.972829 0.523351
vt 0.972235 0.527806
vt 0.972235 0.523351
vt 0.971047 0.527806
vt 0.971641 0.527806
vt 0.971641 0.527806
vt 0.971047 0.527806
vt 0.971641 0.523351
vt 0.971047 0.523351
vt 0.977730 0.523262
vt 0.978600 0.523077
vt 0.979319 0.522554
vt 0.979764 0.521784
vt 0.979857 0.520900
vt 0.979582 0.520054
vt 0.978987 0.519393
vt 0.978175 0.519032
vt 0.977286 0.519032
vt 0.976473 0.519393
vt 0.975878 0.520054
vt 0.975603 0.520900
vt 0.975696 0.521784
vt 0.976141 0.522554
vt 0.976860 0.523077
vt 0.971641 0.527806
vt 0.971047 0.527806
vt 0.978770 0.527806
vt 0.978176 0.527806
vt 0.975800 0.527806
vt 0.975205 0.527806
vt 0.972829 0.527806
vt 0.972235 0.527806
vt 0.979958 0.527806
vt 0.979364 0.527806
vt 0.976988 0.527806
vt 0.976394 0.527806
vt 0.974017 0.527806
vt 0.973423 0.527806
vt 0.977582 0.527806
vt 0.974611 0.527806
vt 0.974145 0.523077
vt 0.973275 0.523262
vt 0.972405 0.523077
vt 0.971686 0.522554
vt 0.971241 0.521784
vt 0.971148 0.520900
vt 0.971423 0.520054
vt 0.972018 0.519393
vt 0.972830 0.519032
vt 0.973719 0.519032
vt 0.974532 0.519393
vt 0.975127 0.520054
vt 0.975402 0.520900
vt 0.975309 0.521784
vt 0.974864 0.522554
vt 0.975800 0.527806
vt 0.975205 0.527806
vt 0.979958 0.527806
vt 0.979364 0.527806
vt 0.974611 0.527806
vt 0.978770 0.527806
vt 0.974017 0.527806
vt 0.978176 0.527806
vt 0.973423 0.527806
vt 0.977582 0.527806
vt 0.972829 0.527806
vt 0.976988 0.527806
vt 0.972235 0.527806
vt 0.976394 0.527806
vt 0.617994 0.450363
vt 0.619319 0.450363
vt 0.619319 0.451601
vt 0.617994 0.451601
vt 0.617994 0.450276
vt 0.619319 0.450276
vt 0.617994 0.450276
vt 0.619319 0.450276
vt 0.619319 0.451601
vt 0.617994 0.451601
vt 0.617994 0.450363
vt 0.619319 0.450363
vt 0.619319 0.451601
vt 0.617994 0.451601
vt 0.617994 0.450276
vt 0.619319 0.450276
vt 0.617994 0.450276
vt 0.619319 0.450276
vt 0.971641 0.523351
vt 0.971641 0.527009
vt 0.971047 0.527009
vt 0.971047 0.523351
vt 0.978770 0.523351
vt 0.978770 0.527009
vt 0.978176 0.527009
vt 0.978176 0.523351
vt 0.977582 0.527009
vt 0.977582 0.523351
vt 0.976988 0.527009
vt 0.976988 0.523351
vt 0.976394 0.527009
vt 0.976394 0.523351
vt 0.975800 0.527009
vt 0.975800 0.523351
vt 0.975205 0.527009
vt 0.975205 0.523351
vt 0.974611 0.527009
vt 0.974611 0.523351
vt 0.974017 0.527009
vt 0.974017 0.523351
vt 0.973423 0.527009
vt 0.973423 0.523351
vt 0.972829 0.527009
vt 0.972829 0.523351
vt 0.972235 0.527009
vt 0.972235 0.523351
vt 0.979958 0.523351
vt 0.979958 0.527009
vt 0.979364 0.527009
vt 0.979364 0.523351
vt 0.977730 0.523262
vt 0.978600 0.523077
vt 0.979319 0.522554
vt 0.979764 0.521784
vt 0.979857 0.520900
vt 0.979582 0.520054
vt 0.978987 0.519393
vt 0.978175 0.519032
vt 0.977286 0.519032
vt 0.976473 0.519393
vt 0.975878 0.520054
vt 0.975603 0.520900
vt 0.975696 0.521784
vt 0.976141 0.522554
vt 0.976860 0.523077
vt 0.979943 0.527806
vt 0.979378 0.527806
vt 0.974123 0.523082
vt 0.973296 0.523257
vt 0.973275 0.522871
vt 0.973985 0.522720
vt 0.973275 0.522479
vt 0.973826 0.522362
vt 0.979349 0.527806
vt 0.978784 0.527806
vt 0.974846 0.522567
vt 0.974162 0.523064
vt 0.974573 0.522292
vt 0.974282 0.522031
vt 0.978190 0.527806
vt 0.975298 0.521803
vt 0.974875 0.522536
vt 0.974936 0.521663
vt 0.974564 0.521542
vt 0.977596 0.527806
vt 0.975399 0.520922
vt 0.975012 0.520941
vt 0.974623 0.520982
vt 0.977002 0.527806
vt 0.975134 0.520075
vt 0.974788 0.520250
vt 0.974449 0.520446
vt 0.976408 0.527806
vt 0.974546 0.519410
vt 0.975112 0.520038
vt 0.974302 0.519710
vt 0.974072 0.520027
vt 0.975814 0.527806
vt 0.973739 0.519041
vt 0.973638 0.519415
vt 0.973557 0.519798
vt 0.975220 0.527806
vt 0.972852 0.519032
vt 0.972912 0.519415
vt 0.972993 0.519798
vt 0.974626 0.527806
vt 0.972038 0.519385
vt 0.972810 0.519041
vt 0.972248 0.519710
vt 0.972478 0.520027
vt 0.974032 0.527806
vt 0.971437 0.520038
vt 0.971762 0.520250
vt 0.972101 0.520446
vt 0.973438 0.527806
vt 0.971155 0.520879
vt 0.971416 0.520075
vt 0.971537 0.520941
vt 0.971927 0.520982
vt 0.972844 0.527806
vt 0.971239 0.521763
vt 0.971613 0.521663
vt 0.971986 0.521542
vt 0.972250 0.527806
vt 0.971675 0.522536
vt 0.971252 0.521803
vt 0.971977 0.522292
vt 0.972268 0.522031
vt 0.971656 0.527806
vt 0.972387 0.523064
vt 0.971703 0.522567
vt 0.972564 0.522720
vt 0.972723 0.522362
vt 0.971627 0.527806
vt 0.971062 0.527806
vt 0.971950 0.095190
vt 0.971950 0.096383
vt 0.971950 0.096383
vt 0.971950 0.095190
vt 0.973143 0.094608
vt 0.974336 0.094608
vt 0.974336 0.095190
vt 0.973143 0.095190
vt 0.974336 0.096383
vt 0.973143 0.096383
vt 0.973143 0.097556
vt 0.974336 0.097556
vt 0.974336 0.097576
vt 0.973143 0.097576
vt 0.972561 0.095190
vt 0.972561 0.096383
vt 0.975509 0.095190
vt 0.975528 0.095190
vt 0.975528 0.096383
vt 0.975509 0.096383
vt 0.974917 0.095190
vt 0.974932 0.095190
vt 0.974932 0.096383
vt 0.974917 0.096383
vt 0.971969 0.095190
vt 0.972546 0.095190
vt 0.972546 0.096383
vt 0.971969 0.096383
vt 0.973143 0.096964
vt 0.974336 0.096964
vt 0.974336 0.096979
vt 0.973143 0.096979
vt 0.973143 0.094016
vt 0.974336 0.094016
vt 0.974336 0.094594
vt 0.973143 0.094594
vt 0.973143 0.093997
vt 0.974336 0.093997
vt 0.974932 0.095190
vt 0.974932 0.096383
vt 0.975509 0.095190
vt 0.975509 0.096383
vt 0.974336 0.094016
vt 0.974336 0.094594
vt 0.974336 0.096979
vt 0.974336 0.097556
vt 0.971641 0.523351
vt 0.971641 0.527009
vt 0.971047 0.527009
vt 0.971047 0.523351
vt 0.978770 0.523351
vt 0.978770 0.527009
vt 0.978176 0.527009
vt 0.978176 0.523351
vt 0.977582 0.527009
vt 0.977582 0.523351
vt 0.976988 0.527009
vt 0.976988 0.523351
vt 0.976394 0.527009
vt 0.976394 0.523351
vt 0.975800 0.527009
vt 0.975800 0.523351
vt 0.975205 0.527009
vt 0.975205 0.523351
vt 0.974611 0.527009
vt 0.974611 0.523351
vt 0.974017 0.527009
vt 0.974017 0.523351
vt 0.973423 0.527009
vt 0.973423 0.523351
vt 0.972829 0.527009
vt 0.972829 0.523351
vt 0.972235 0.527009
vt 0.972235 0.523351
vt 0.979958 0.523351
vt 0.979958 0.527009
vt 0.979364 0.527009
vt 0.979364 0.523351
vt 0.977730 0.523262
vt 0.978600 0.523077
vt 0.979319 0.522554
vt 0.979764 0.521784
vt 0.979857 0.520900
vt 0.979582 0.520054
vt 0.978987 0.519393
vt 0.978175 0.519032
vt 0.977286 0.519032
vt 0.976473 0.519393
vt 0.975878 0.520054
vt 0.975603 0.520900
vt 0.975696 0.521784
vt 0.976141 0.522554
vt 0.976860 0.523077
vt 0.979943 0.527806
vt 0.979378 0.527806
vt 0.974123 0.523082
vt 0.973296 0.523257
vt 0.973275 0.522871
vt 0.973985 0.522720
vt 0.973275 0.522479
vt 0.973826 0.522362
vt 0.979349 0.527806
vt 0.978784 0.527806
vt 0.974846 0.522567
vt 0.974162 0.523064
vt 0.974573 0.522292
vt 0.974282 0.522031
vt 0.978190 0.527806
vt 0.975298 0.521803
vt 0.974875 0.522536
vt 0.974936 0.521663
vt 0.974564 0.521542
vt 0.977596 0.527806
vt 0.975399 0.520922
vt 0.975012 0.520941
vt 0.974623 0.520982
vt 0.977002 0.527806
vt 0.975134 0.520075
vt 0.974788 0.520250
vt 0.974449 0.520446
vt 0.976408 0.527806
vt 0.974546 0.519410
vt 0.975112 0.520038
vt 0.974302 0.519710
vt 0.974072 0.520027
vt 0.975814 0.527806
vt 0.973739 0.519041
vt 0.973638 0.519415
vt 0.973557 0.519798
vt 0.975220 0.527806
vt 0.972852 0.519032
vt 0.972912 0.519415
vt 0.972993 0.519798
vt 0.974626 0.527806
vt 0.972038 0.519385
vt 0.972810 0.519041
vt 0.972248 0.519710
vt 0.972478 0.520027
vt 0.974032 0.527806
vt 0.971437 0.520038
vt 0.971762 0.520250
vt 0.972101 0.520446
vt 0.973438 0.527806
vt 0.971155 0.520879
vt 0.971416 0.520075
vt 0.971537 0.520941
vt 0.971927 0.520982
vt 0.972844 0.527806
vt 0.971239 0.521763
vt 0.971613 0.521663
vt 0.971986 0.521542
vt 0.972250 0.527806
vt 0.971675 0.522536
vt 0.971252 0.521803
vt 0.971977 0.522292
vt 0.972268 0.522031
vt 0.971656 0.527806
vt 0.972387 0.523064
vt 0.971703 0.522567
vt 0.972564 0.522720
vt 0.972723 0.522362
vt 0.971627 0.527806
vt 0.971062 0.527806
vt 0.971641 0.523351
vt 0.971641 0.527009
vt 0.971047 0.527009
vt 0.971047 0.523351
vt 0.978770 0.523351
vt 0.978770 0.527009
vt 0.978176 0.527009
vt 0.978176 0.523351
vt 0.977582 0.527009
vt 0.977582 0.523351
vt 0.976988 0.527009
vt 0.976988 0.523351
vt 0.976394 0.527009
vt 0.976394 0.523351
vt 0.975800 0.527009
vt 0.975800 0.523351
vt 0.975205 0.527009
vt 0.975205 0.523351
vt 0.974611 0.527009
vt 0.974611 0.523351
vt 0.974017 0.527009
vt 0.974017 0.523351
vt 0.973423 0.527009
vt 0.973423 0.523351
vt 0.972829 0.527009
vt 0.972829 0.523351
vt 0.972235 0.527009
vt 0.972235 0.523351
vt 0.979958 0.523351
vt 0.979958 0.527009
vt 0.979364 0.527009
vt 0.979364 0.523351
vt 0.977730 0.523262
vt 0.978600 0.523077
vt 0.979319 0.522554
vt 0.979764 0.521784
vt 0.979857 0.520900
vt 0.979582 0.520054
vt 0.978987 0.519393
vt 0.978175 0.519032
vt 0.977286 0.519032
vt 0.976473 0.519393
vt 0.975878 0.520054
vt 0.975603 0.520900
vt 0.975696 0.521784
vt 0.976141 0.522554
vt 0.976860 0.523077
vt 0.979943 0.527806
vt 0.979378 0.527806
vt 0.974123 0.523082
vt 0.973296 0.523257
vt 0.973275 0.522871
vt 0.973985 0.522720
vt 0.973275 0.522479
vt 0.973826 0.522362
vt 0.979349 0.527806
vt 0.978784 0.527806
vt 0.974846 0.522567
vt 0.974162 0.523064
vt 0.974573 0.522292
vt 0.974282 0.522031
vt 0.978190 0.527806
vt 0.975298 0.521803
vt 0.974875 0.522536
vt 0.974936 0.521663
vt 0.974564 0.521542
vt 0.977596 0.527806
vt 0.975399 0.520922
vt 0.975012 0.520941
vt 0.974623 0.520982
vt 0.977002 0.527806
vt 0.975134 0.520075
vt 0.974788 0.520250
vt 0.974449 0.520446
vt 0.976408 0.527806
vt 0.974546 0.519410
vt 0.975112 0.520038
vt 0.974302 0.519710
vt 0.974072 0.520027
vt 0.975814 0.527806
vt 0.973739 0.519041
vt 0.973638 0.519415
vt 0.973557 0.519798
vt 0.975220 0.527806
vt 0.972852 0.519032
vt 0.972912 0.519415
vt 0.972993 0.519798
vt 0.974626 0.527806
vt 0.972038 0.519385
vt 0.972810 0.519041
vt 0.972248 0.519710
vt 0.972478 0.520027
vt 0.974032 0.527806
vt 0.971437 0.520038
vt 0.971762 0.520250
vt 0.972101 0.520446
vt 0.973438 0.527806
vt 0.971155 0.520879
vt 0.971416 0.520075
vt 0.971537 0.520941
vt 0.971927 0.520982
vt 0.972844 0.527806
vt 0.971239 0.521763
vt 0.971613 0.521663
vt 0.971986 0.521542
vt 0.972250 0.527806
vt 0.971675 0.522536
vt 0.971252 0.521803
vt 0.971977 0.522292
vt 0.972268 0.522031
vt 0.971656 0.527806
vt 0.972387 0.523064
vt 0.971703 0.522567
vt 0.972564 0.522720
vt 0.972723 0.522362
vt 0.971627 0.527806
vt 0.971062 0.527806
vt 0.973143 0.097576
vt 0.974336 0.097576
vt 0.974336 0.097576
vt 0.973143 0.097576
vt 0.973143 0.093997
vt 0.974336 0.093997
vt 0.975528 0.095190
vt 0.975528 0.096383
vt 0.973143 0.093997
vt 0.974336 0.093997
vt 0.975528 0.095190
vt 0.975528 0.096383
vt 0.973248 0.092932
vt 0.974230 0.092932
vt 0.974230 0.093870
vt 0.973248 0.093870
vt 0.971950 0.095190
vt 0.971950 0.096383
vt 0.971950 0.096366
vt 0.971950 0.095207
vt 0.973143 0.093980
vt 0.973143 0.092822
vt 0.973196 0.092868
vt 0.973196 0.093934
vt 0.974322 0.097576
vt 0.973157 0.097576
vt 0.973157 0.092805
vt 0.974322 0.092805
vt 0.974283 0.092868
vt 0.975528 0.095207
vt 0.975528 0.096366
vt 0.974336 0.093980
vt 0.974283 0.093934
vt 0.973157 0.093997
vt 0.979958 0.523351
vt 0.979958 0.527806
vt 0.979364 0.527806
vt 0.979364 0.523351
vt 0.978770 0.527806
vt 0.978770 0.523351
vt 0.978176 0.527806
vt 0.978176 0.523351
vt 0.977582 0.527806
vt 0.977582 0.523351
vt 0.976988 0.527806
vt 0.976988 0.523351
vt 0.976394 0.527806
vt 0.976394 0.523351
vt 0.975800 0.527806
vt 0.975800 0.523351
vt 0.975205 0.527806
vt 0.975205 0.523351
vt 0.974611 0.527806
vt 0.974611 0.523351
vt 0.974017 0.527806
vt 0.974017 0.523351
vt 0.973423 0.527806
vt 0.973423 0.523351
vt 0.972829 0.527806
vt 0.972829 0.523351
vt 0.972235 0.527806
vt 0.972235 0.523351
vt 0.971047 0.527806
vt 0.971641 0.527806
vt 0.971641 0.527806
vt 0.971047 0.527806
vt 0.971641 0.523351
vt 0.971047 0.523351
vt 0.977730 0.523262
vt 0.978600 0.523077
vt 0.979319 0.522554
vt 0.979764 0.521784
vt 0.979857 0.520900
vt 0.979582 0.520054
vt 0.978987 0.519393
vt 0.978175 0.519032
vt 0.977286 0.519032
vt 0.976473 0.519393
vt 0.975878 0.520054
vt 0.975603 0.520900
vt 0.975696 0.521784
vt 0.976141 0.522554
vt 0.976860 0.523077
vt 0.971641 0.527806
vt 0.971047 0.527806
vt 0.978770 0.527806
vt 0.978176 0.527806
vt 0.975800 0.527806
vt 0.975205 0.527806
vt 0.972829 0.527806
vt 0.972235 0.527806
vt 0.979958 0.527806
vt 0.979364 0.527806
vt 0.976988 0.527806
vt 0.976394 0.527806
vt 0.974017 0.527806
vt 0.973423 0.527806
vt 0.977582 0.527806
vt 0.974611 0.527806
vt 0.974145 0.523077
vt 0.973275 0.523262
vt 0.972405 0.523077
vt 0.971686 0.522554
vt 0.971241 0.521784
vt 0.971148 0.520900
vt 0.971423 0.520054
vt 0.972018 0.519393
vt 0.972830 0.519032
vt 0.973719 0.519032
vt 0.974532 0.519393
vt 0.975127 0.520054
vt 0.975402 0.520900
vt 0.975309 0.521784
vt 0.974864 0.522554
vt 0.975800 0.527806
vt 0.975205 0.527806
vt 0.979958 0.527806
vt 0.979364 0.527806
vt 0.974611 0.527806
vt 0.978770 0.527806
vt 0.974017 0.527806
vt 0.978176 0.527806
vt 0.973423 0.527806
vt 0.977582 0.527806
vt 0.972829 0.527806
vt 0.976988 0.527806
vt 0.972235 0.527806
vt 0.976394 0.527806
vt 0.979958 0.523351
vt 0.979958 0.527806
vt 0.979364 0.527806
vt 0.979364 0.523351
vt 0.978770 0.527806
vt 0.978770 0.523351
vt 0.978176 0.527806
vt 0.978176 0.523351
vt 0.977582 0.527806
vt 0.977582 0.523351
vt 0.976988 0.527806
vt 0.976988 0.523351
vt 0.976394 0.527806
vt 0.976394 0.523351
vt 0.975800 0.527806
vt 0.975800 0.523351
vt 0.975205 0.527806
vt 0.975205 0.523351
vt 0.974611 0.527806
vt 0.974611 0.523351
vt 0.974017 0.527806
vt 0.974017 0.523351
vt 0.973423 0.527806
vt 0.973423 0.523351
vt 0.972829 0.527806
vt 0.972829 0.523351
vt 0.972235 0.527806
vt 0.972235 0.523351
vt 0.971047 0.527806
vt 0.971641 0.527806
vt 0.971641 0.527806
vt 0.971047 0.527806
vt 0.971641 0.523351
vt 0.971047 0.523351
vt 0.977730 0.523262
vt 0.978600 0.523077
vt 0.979319 0.522554
vt 0.979764 0.521784
vt 0.979857 0.520900
vt 0.979582 0.520054
vt 0.978987 0.519393
vt 0.978175 0.519032
vt 0.977286 0.519032
vt 0.976473 0.519393
vt 0.975878 0.520054
vt 0.975603 0.520900
vt 0.975696 0.521784
vt 0.976141 0.522554
vt 0.976860 0.523077
vt 0.971641 0.527806
vt 0.971047 0.527806
vt 0.978770 0.527806
vt 0.978176 0.527806
vt 0.975800 0.527806
vt 0.975205 0.527806
vt 0.972829 0.527806
vt 0.972235 0.527806
vt 0.979958 0.527806
vt 0.979364 0.527806
vt 0.976988 0.527806
vt 0.976394 0.527806
vt 0.974017 0.527806
vt 0.973423 0.527806
vt 0.977582 0.527806
vt 0.974611 0.527806
vt 0.974145 0.523077
vt 0.973275 0.523262
vt 0.972405 0.523077
vt 0.971686 0.522554
vt 0.971241 0.521784
vt 0.971148 0.520900
vt 0.971423 0.520054
vt 0.972018 0.519393
vt 0.972830 0.519032
vt 0.973719 0.519032
vt 0.974532 0.519393
vt 0.975127 0.520054
vt 0.975402 0.520900
vt 0.975309 0.521784
vt 0.974864 0.522554
vt 0.975800 0.527806
vt 0.975205 0.527806
vt 0.979958 0.527806
vt 0.979364 0.527806
vt 0.974611 0.527806
vt 0.978770 0.527806
vt 0.974017 0.527806
vt 0.978176 0.527806
vt 0.973423 0.527806
vt 0.977582 0.527806
vt 0.972829 0.527806
vt 0.976988 0.527806
vt 0.972235 0.527806
vt 0.976394 0.527806
vt 0.971506 0.062660
vt 0.970369 0.062660
vt 0.970369 0.062660
vt 0.971506 0.062660
vt 0.971506 0.063797
vt 0.970369 0.063797
vt 0.971506 0.064934
vt 0.970369 0.064934
vt 0.971506 0.066071
vt 0.970369 0.066071
vt 0.969232 0.063797
vt 0.969232 0.064934
vt 0.972643 0.063797
vt 0.972643 0.064934
vt 0.971506 0.066071
vt 0.970369 0.066071
vt 0.972643 0.063797
vt 0.972643 0.064934
vt 0.969232 0.064934
vt 0.969232 0.063797
vt 0.970369 0.062660
vt 0.971506 0.062660
vt 0.970381 0.061648
vt 0.971493 0.061648
vt 0.971493 0.062535
vt 0.970381 0.062535
vt 0.971506 0.066071
vt 0.970369 0.066071
vt 0.972643 0.063797
vt 0.972643 0.064934
vt 0.969232 0.063797
vt 0.969232 0.064934
vt 0.969232 0.064934
vt 0.969232 0.063797
vt 0.970369 0.062660
vt 0.970369 0.061523
vt 0.970375 0.061574
vt 0.970375 0.062609
vt 0.971504 0.066071
vt 0.970371 0.066071
vt 0.971504 0.061523
vt 0.971499 0.061574
vt 0.972643 0.063797
vt 0.972643 0.064934
vt 0.971506 0.062660
vt 0.971499 0.062609
vt 0.973987 0.089857
vt 0.975762 0.089857
vt 0.975762 0.091632
vt 0.973987 0.091632
vt 0.975762 0.093407
vt 0.973987 0.093407
vt 0.975762 0.095181
vt 0.973987 0.095181
vt 0.975762 0.096956
vt 0.973987 0.096956
vt 0.973987 0.093407
vt 0.973987 0.091632
vt 0.977536 0.093407
vt 0.977536 0.095181
vt 0.972212 0.093407
vt 0.973987 0.095181
vt 0.972212 0.095181
vt 0.973987 0.089857
vt 0.973987 0.096956
vt 0.941839 0.059283
vt 0.940604 0.059283
vt 0.940604 0.058049
vt 0.941839 0.058049
vt 0.940604 0.056814
vt 0.941839 0.056814
vt 0.940604 0.055580
vt 0.941839 0.055580
vt 0.940604 0.054345
vt 0.941839 0.054345
vt 0.943074 0.056814
vt 0.943074 0.055580
vt 0.939370 0.056814
vt 0.939370 0.055580
vt 0.938154 0.141441
vt 0.938154 0.142470
vt 0.938154 0.142470
vt 0.938154 0.141441
vt 0.939184 0.140412
vt 0.940213 0.140412
vt 0.940213 0.141441
vt 0.939184 0.141441
vt 0.940213 0.142470
vt 0.939184 0.142470
vt 0.939184 0.142470
vt 0.940213 0.142470
vt 0.940213 0.143499
vt 0.939184 0.143499
vt 0.941242 0.141441
vt 0.941242 0.142470
vt 0.940213 0.141441
vt 0.940213 0.142470
vt 0.940213 0.141441
vt 0.939184 0.141441
vt 0.939184 0.141441
vt 0.940213 0.141441
vt 0.939184 0.141441
vt 0.939184 0.142470
vt 0.940213 0.142470
vt 0.939184 0.142470
vt 0.941242 0.142470
vt 0.941242 0.141441
vt 0.941242 0.141441
vt 0.941242 0.142470
vt 0.939184 0.140412
vt 0.940213 0.140412
vt 0.940213 0.143499
vt 0.939184 0.143499
vt 0.938154 0.141441
vt 0.938154 0.142470
vt 0.938154 0.142470
vt 0.938154 0.141441
vt 0.939184 0.140412
vt 0.940213 0.140412
vt 0.940213 0.143499
vt 0.939184 0.143499
vt 0.939184 0.139382
vt 0.940213 0.139382
vt 0.940213 0.140412
vt 0.939184 0.140412
vt 0.940213 0.143499
vt 0.939184 0.143499
vt 0.941242 0.141441
vt 0.941242 0.142470
vt 0.972666 0.098902
vt 0.973235 0.098902
vt 0.973235 0.099471
vt 0.972666 0.099471
vt 0.973235 0.100040
vt 0.972666 0.100040
vt 0.973235 0.100609
vt 0.972666 0.100609
vt 0.973235 0.101178
vt 0.972666 0.101178
vt 0.972097 0.100040
vt 0.972097 0.100609
vt 0.973804 0.100040
vt 0.973804 0.100609
vt 0.972666 0.098902
vt 0.973235 0.098902
vt 0.973235 0.099471
vt 0.972666 0.099471
vt 0.973235 0.100040
vt 0.972666 0.100040
vt 0.973235 0.100609
vt 0.972666 0.100609
vt 0.973235 0.101178
vt 0.972666 0.101178
vt 0.972097 0.100040
vt 0.972097 0.100609
vt 0.973804 0.100040
vt 0.973804 0.100609
vt 0.973163 0.099329
vt 0.973235 0.099329
vt 0.973235 0.099471
vt 0.973163 0.099471
vt 0.973235 0.100040
vt 0.973163 0.100040
vt 0.973163 0.100467
vt 0.973235 0.100467
vt 0.973235 0.100609
vt 0.973163 0.100609
vt 0.973235 0.101178
vt 0.973163 0.101178
vt 0.972097 0.100467
vt 0.972666 0.100467
vt 0.972666 0.100609
vt 0.972097 0.100609
vt 0.973804 0.100467
vt 0.973804 0.100609
vt 0.972879 0.100609
vt 0.972950 0.100609
vt 0.972950 0.101178
vt 0.972879 0.101178
vt 0.972879 0.100467
vt 0.972950 0.100467
vt 0.972879 0.099471
vt 0.972950 0.099471
vt 0.972950 0.100040
vt 0.972879 0.100040
vt 0.972879 0.099329
vt 0.972950 0.099329
vt 0.972737 0.099329
vt 0.972808 0.099329
vt 0.972808 0.099471
vt 0.972737 0.099471
vt 0.972808 0.100040
vt 0.972737 0.100040
vt 0.972737 0.100467
vt 0.972808 0.100467
vt 0.972808 0.100609
vt 0.972737 0.100609
vt 0.972808 0.101178
vt 0.972737 0.101178
vt 0.973021 0.100609
vt 0.973092 0.100609
vt 0.973092 0.101178
vt 0.973021 0.101178
vt 0.973021 0.100467
vt 0.973092 0.100467
vt 0.973021 0.099471
vt 0.973092 0.099471
vt 0.973092 0.100040
vt 0.973021 0.100040
vt 0.973021 0.099329
vt 0.973092 0.099329
vt 0.972666 0.101178
vt 0.972666 0.099471
vt 0.972666 0.100040
vt 0.972666 0.099329
vt 0.972666 0.099045
vt 0.972737 0.099045
vt 0.972737 0.099187
vt 0.972666 0.099187
vt 0.972666 0.100182
vt 0.972737 0.100182
vt 0.972737 0.100325
vt 0.972666 0.100325
vt 0.972950 0.100182
vt 0.973021 0.100182
vt 0.973021 0.100325
vt 0.972950 0.100325
vt 0.972950 0.099045
vt 0.973021 0.099045
vt 0.973021 0.099187
vt 0.972950 0.099187
vt 0.972879 0.099045
vt 0.972879 0.099187
vt 0.972879 0.100182
vt 0.972879 0.100325
vt 0.973235 0.100182
vt 0.973804 0.100182
vt 0.973804 0.100325
vt 0.973235 0.100325
vt 0.972097 0.100182
vt 0.972097 0.100325
vt 0.973163 0.100182
vt 0.973163 0.100325
vt 0.973163 0.099045
vt 0.973235 0.099045
vt 0.973235 0.099187
vt 0.973163 0.099187
vt 0.972097 0.100040
vt 0.973804 0.100040
vt 0.972808 0.100182
vt 0.973092 0.100182
vt 0.973163 0.098902
vt 0.973235 0.098902
vt 0.972879 0.098902
vt 0.972950 0.098902
vt 0.972737 0.098902
vt 0.972808 0.098902
vt 0.972808 0.099045
vt 0.973021 0.098902
vt 0.973092 0.098902
vt 0.973092 0.099045
vt 0.972666 0.098902
vt 0.974088 0.100040
vt 0.974088 0.101178
vt 0.973936 0.101178
vt 0.973936 0.100040
vt 0.973785 0.101178
vt 0.973785 0.100040
vt 0.973633 0.101178
vt 0.973633 0.100040
vt 0.973481 0.101178
vt 0.973481 0.100040
vt 0.973329 0.101178
vt 0.973329 0.100040
vt 0.973178 0.101178
vt 0.973178 0.100040
vt 0.973026 0.101178
vt 0.973026 0.100040
vt 0.972874 0.101178
vt 0.972874 0.100040
vt 0.972723 0.101178
vt 0.972723 0.100040
vt 0.972571 0.101178
vt 0.972571 0.100040
vt 0.972419 0.101178
vt 0.972419 0.100040
vt 0.972267 0.101178
vt 0.972267 0.100040
vt 0.972116 0.101178
vt 0.972116 0.100040
vt 0.973785 0.101178
vt 0.973633 0.101178
vt 0.971964 0.101178
vt 0.971964 0.100040
vt 0.971812 0.101178
vt 0.971812 0.100040
vt 0.973519 0.100017
vt 0.973741 0.099970
vt 0.973925 0.099837
vt 0.974038 0.099640
vt 0.974062 0.099414
vt 0.973992 0.099198
vt 0.973840 0.099029
vt 0.973633 0.098937
vt 0.973405 0.098937
vt 0.973198 0.099029
vt 0.973046 0.099198
vt 0.972976 0.099414
vt 0.973000 0.099640
vt 0.973113 0.099837
vt 0.973297 0.099970
vt 0.973936 0.101178
vt 0.974088 0.101178
vt 0.974088 0.101178
vt 0.973936 0.101178
vt 0.973026 0.101178
vt 0.972874 0.101178
vt 0.972267 0.101178
vt 0.972116 0.101178
vt 0.973329 0.101178
vt 0.973178 0.101178
vt 0.972571 0.101178
vt 0.972419 0.101178
vt 0.973481 0.101178
vt 0.972723 0.101178
vt 0.971964 0.101178
vt 0.971812 0.101178
vt 0.972874 0.101178
vt 0.973026 0.101178
vt 0.973026 0.101178
vt 0.972874 0.101178
vt 0.972723 0.101178
vt 0.973785 0.101178
vt 0.972571 0.101178
vt 0.973633 0.101178
vt 0.972419 0.101178
vt 0.973481 0.101178
vt 0.972267 0.101178
vt 0.973329 0.101178
vt 0.972116 0.101178
vt 0.973178 0.101178
vt 0.971964 0.101178
vt 0.971812 0.101178
vt 0.973633 0.101178
vt 0.973785 0.101178
vt 0.973785 0.101178
vt 0.973633 0.101178
vt 0.974088 0.101178
vt 0.973936 0.101178
vt 0.972723 0.101178
vt 0.972571 0.101178
vt 0.972419 0.101178
vt 0.973481 0.101178
vt 0.972267 0.101178
vt 0.973329 0.101178
vt 0.972116 0.101178
vt 0.973178 0.101178
vt 0.971964 0.101178
vt 0.971812 0.101178
vt 0.973936 0.101178
vt 0.972874 0.101178
vt 0.972723 0.101178
vt 0.972574 0.099903
vt 0.972381 0.099944
vt 0.972189 0.099903
vt 0.972030 0.099788
vt 0.971931 0.099617
vt 0.971911 0.099422
vt 0.971972 0.099235
vt 0.972103 0.099089
vt 0.972283 0.099009
vt 0.972479 0.099009
vt 0.972659 0.099089
vt 0.972791 0.099235
vt 0.972852 0.099422
vt 0.972831 0.099617
vt 0.972733 0.099788
vt 0.972571 0.101178
vt 0.971964 0.101178
vt 0.971812 0.101178
vt 0.972419 0.101178
vt 0.973481 0.101178
vt 0.972267 0.101178
vt 0.973329 0.101178
vt 0.972116 0.101178
vt 0.973178 0.101178
vt 0.973026 0.101178
vt 0.972603 0.099970
vt 0.972381 0.100017
vt 0.972787 0.099837
vt 0.972901 0.099640
vt 0.972924 0.099414
vt 0.972854 0.099198
vt 0.972702 0.099029
vt 0.972495 0.098937
vt 0.972268 0.098937
vt 0.972060 0.099029
vt 0.971908 0.099198
vt 0.971838 0.099414
vt 0.971862 0.099640
vt 0.971975 0.099837
vt 0.972159 0.099970
vt 0.974088 0.101178
vt 0.972666 0.098902
vt 0.973235 0.098902
vt 0.973235 0.099471
vt 0.972666 0.099471
vt 0.973235 0.100040
vt 0.972666 0.100040
vt 0.973235 0.100609
vt 0.972666 0.100609
vt 0.973235 0.101178
vt 0.972666 0.101178
vt 0.972097 0.100040
vt 0.972097 0.100609
vt 0.973804 0.100040
vt 0.973804 0.100609
vt 0.979681 0.097482
vt 0.979941 0.097482
vt 0.979941 0.097482
vt 0.979681 0.097482
vt 0.977921 0.097482
vt 0.977921 0.099502
vt 0.977921 0.099502
vt 0.977921 0.097482
vt 0.979681 0.099502
vt 0.978931 0.099502
vt 0.978931 0.099502
vt 0.979681 0.099502
vt 0.979941 0.099502
vt 0.979941 0.099502
vt 0.979941 0.099502
vt 0.979941 0.099502
vt 0.979941 0.099502
vt 0.979941 0.097482
vt 0.979941 0.097482
vt 0.979941 0.099502
vt 0.977921 0.105521
vt 0.978931 0.105521
vt 0.978931 0.105521
vt 0.977921 0.105521
vt 0.981920 0.103541
vt 0.981920 0.101522
vt 0.981920 0.101522
vt 0.981920 0.103541
vt 0.620061 0.445678
vt 0.620061 0.443799
vt 0.620061 0.443799
vt 0.620061 0.445678
vt 0.977921 0.099542
vt 0.978931 0.099542
vt 0.978931 0.101422
vt 0.977921 0.101422
vt 0.619801 0.439700
vt 0.620061 0.439700
vt 0.620061 0.441579
vt 0.619801 0.441579
vt 0.975942 0.101522
vt 0.977822 0.101522
vt 0.977822 0.103541
vt 0.975942 0.103541
vt 0.978931 0.097482
vt 0.978931 0.097482
vt 0.978931 0.099502
vt 0.979941 0.099542
vt 0.979941 0.099542
vt 0.979941 0.099542
vt 0.979941 0.099542
vt 0.979941 0.105521
vt 0.979941 0.105521
vt 0.979941 0.105521
vt 0.979941 0.105521
vt 0.620061 0.441579
vt 0.620061 0.439700
vt 0.620061 0.439700
vt 0.620061 0.441579
vt 0.980041 0.101522
vt 0.980041 0.103541
vt 0.977921 0.103641
vt 0.978931 0.103641
vt 0.619801 0.443799
vt 0.620061 0.443799
vt 0.620061 0.445678
vt 0.619801 0.445678
vt 0.979681 0.105521
vt 0.979941 0.105521
vt 0.979941 0.105561
vt 0.979681 0.105561
vt 0.978931 0.105561
vt 0.977921 0.105561
vt 0.981961 0.101522
vt 0.981961 0.103541
vt 0.979941 0.099502
vt 0.979941 0.099542
vt 0.975901 0.101522
vt 0.975942 0.101522
vt 0.975942 0.103541
vt 0.975901 0.103541
vt 0.979681 0.099502
vt 0.979941 0.099502
vt 0.979681 0.099542
vt 0.978931 0.099542
vt 0.977921 0.099542
vt 0.979941 0.105561
vt 0.979941 0.105561
vt 0.979681 0.105521
vt 0.979941 0.105521
vt 0.979941 0.097482
vt 0.979941 0.097482
vt 0.979941 0.097482
vt 0.979681 0.099542
vt 0.979681 0.097482
vt 0.979941 0.097482
vt 0.979941 0.097482
vt 0.979941 0.099447
vt 0.979941 0.097536
vt 0.979941 0.097538
vt 0.979941 0.099446
vt 0.977921 0.099502
vt 0.977961 0.097531
vt 0.978892 0.097524
vt 0.978892 0.099459
vt 0.977961 0.099452
vt 0.978931 0.097482
vt 0.977921 0.097482
vt 0.979941 0.099502
vt 0.979662 0.097521
vt 0.979902 0.097521
vt 0.979902 0.099462
vt 0.979662 0.099462
vt 0.978971 0.097521
vt 0.978947 0.097523
vt 0.978939 0.097502
vt 0.978956 0.097500
vt 0.978931 0.097527
vt 0.978931 0.097505
vt 0.978901 0.097501
vt 0.978914 0.097482
vt 0.978926 0.097482
vt 0.978942 0.097482
vt 0.979941 0.097482
vt 0.979941 0.097482
vt 0.979941 0.097482
vt 0.979941 0.097482
vt 0.979941 0.097482
vt 0.979941 0.097527
vt 0.979941 0.097527
vt 0.979941 0.097524
vt 0.979941 0.097503
vt 0.979917 0.097500
vt 0.978918 0.099459
vt 0.978921 0.099481
vt 0.978901 0.099482
vt 0.978931 0.099461
vt 0.978931 0.099481
vt 0.978971 0.099462
vt 0.978956 0.099484
vt 0.978938 0.099502
vt 0.978931 0.099502
vt 0.978915 0.099502
vt 0.979941 0.099456
vt 0.979941 0.099481
vt 0.979941 0.099479
vt 0.979941 0.099456
vt 0.979959 0.099502
vt 0.979948 0.099502
vt 0.979931 0.099502
vt 0.979917 0.099502
vt 0.979933 0.099502
vt 0.979924 0.099459
vt 0.977923 0.097484
vt 0.977923 0.099500
vt 0.977938 0.097504
vt 0.977938 0.099480
vt 0.979676 0.097482
vt 0.979669 0.097500
vt 0.979676 0.099502
vt 0.979669 0.099484
vt 0.979941 0.099500
vt 0.979941 0.097484
vt 0.979941 0.099477
vt 0.979941 0.097506
vt 0.979941 0.097484
vt 0.979941 0.097506
vt 0.979941 0.099502
vt 0.979941 0.099500
vt 0.979941 0.099477
vt 0.979681 0.103641
vt 0.979681 0.101422
vt 0.979941 0.101422
vt 0.979941 0.101422
vt 0.979941 0.099542
vt 0.979941 0.103641
vt 0.979941 0.103641
vt 0.979941 0.101422
vt 0.979941 0.101422
vt 0.980041 0.101522
vt 0.980041 0.103541
vt 0.980041 0.103541
vt 0.980041 0.101522
vt 0.979681 0.101422
vt 0.978931 0.101422
vt 0.977822 0.101522
vt 0.977822 0.103541
vt 0.977921 0.103641
vt 0.978931 0.103641
vt 0.976766 0.099241
vt 0.977027 0.099241
vt 0.977027 0.099241
vt 0.976766 0.099241
vt 0.977027 0.101461
vt 0.977027 0.101461
vt 0.977027 0.101461
vt 0.977027 0.101461
vt 0.979681 0.103641
vt 0.979941 0.103641
vt 0.979941 0.103641
vt 0.977027 0.101461
vt 0.976766 0.101461
vt 0.976766 0.101461
vt 0.977027 0.101461
vt 0.977921 0.101422
vt 0.977027 0.099241
vt 0.977027 0.099241
vt 0.977027 0.099241
vt 0.977027 0.099241
vt 0.975627 0.090748
vt 0.975627 0.090748
vt 0.966100 0.099746
vt 0.975600 0.090748
vt 0.975573 0.090748
vt 0.975571 0.090692
vt 0.975600 0.090689
vt 0.975620 0.090689
vt 0.966107 0.099687
vt 0.975627 0.090689
vt 0.966107 0.099687
vt 0.975629 0.090745
vt 0.976766 0.101461
vt 0.977027 0.101461
vt 0.977822 0.101522
vt 0.977822 0.103541
vt 0.977921 0.103641
vt 0.978931 0.103641
vt 0.979941 0.103641
vt 0.979941 0.103641
vt 0.977027 0.101461
vt 0.977027 0.101461
vt 0.979681 0.103641
vt 0.978931 0.101422
vt 0.977921 0.101422
vt 0.979941 0.101422
vt 0.979941 0.101422
vt 0.977027 0.099241
vt 0.977027 0.099241
vt 0.977027 0.099241
vt 0.976766 0.099241
vt 0.979681 0.101422
vn 0.0000 0.0980 -0.9952
vn 0.0000 -0.4714 -0.8819
vn 0.0000 -0.6344 -0.7730
vn 0.0000 -0.7730 -0.6344
vn 0.0000 -0.8819 -0.4714
vn 0.0000 -0.9569 -0.2903
vn 0.0000 -0.9952 -0.0980
vn 0.0000 -0.9952 0.0980
vn 0.0000 -0.9569 0.2903
vn 0.0000 -0.8819 0.4714
vn 0.0000 -0.7730 0.6344
vn 0.0000 -0.6344 0.7730
vn 0.0000 -0.4714 0.8819
vn 0.0000 -0.2903 0.9569
vn 0.0000 -0.0980 0.9952
vn -0.0000 0.0980 0.9952
vn -0.0000 0.2903 0.9569
vn 0.0000 0.4714 0.8819
vn 0.0000 0.6344 0.7730
vn -0.0000 0.7730 0.6344
vn -0.0000 0.8819 0.4714
vn -0.0000 0.9569 0.2903
vn -0.0000 0.9952 0.0980
vn -0.0000 0.9952 -0.0980
vn -0.0000 0.9569 -0.2903
vn 0.0000 0.8819 -0.4714
vn -0.0000 0.7730 -0.6344
vn -0.0000 0.6344 -0.7730
vn 0.0000 0.4714 -0.8819
vn -0.0000 0.2903 -0.9569
vn 0.0000 -0.0980 -0.9952
vn 0.0000 -0.2903 -0.9569
vn -1.0000 -0.0000 0.0000
vn 0.2588 -0.0947 -0.9613
vn 0.7071 -0.0693 -0.7037
vn 0.9659 -0.0254 -0.2576
vn 0.2588 -0.2804 -0.9243
vn 0.7071 -0.2053 -0.6767
vn 0.9659 -0.0751 -0.2477
vn 0.2588 -0.4553 -0.8519
vn 0.7071 -0.3333 -0.6236
vn 0.9659 -0.1220 -0.2283
vn 0.2588 -0.6128 -0.7467
vn 0.7071 -0.4486 -0.5466
vn 0.9659 -0.1642 -0.2001
vn 0.2588 -0.7467 -0.6128
vn 0.7071 -0.5466 -0.4486
vn 0.9659 -0.2001 -0.1642
vn 0.2588 -0.8519 -0.4553
vn 0.7071 -0.6236 -0.3333
vn 0.9659 -0.2283 -0.1220
vn 0.2588 -0.9243 -0.2804
vn 0.7071 -0.6767 -0.2053
vn 0.9659 -0.2477 -0.0751
vn 0.2588 -0.9613 -0.0947
vn 0.7071 -0.7037 -0.0693
vn 0.9659 -0.2576 -0.0254
vn 0.2588 -0.9613 0.0947
vn 0.7071 -0.7037 0.0693
vn 0.9659 -0.2576 0.0254
vn 0.2588 -0.9243 0.2804
vn 0.7071 -0.6767 0.2053
vn 0.9659 -0.2477 0.0751
vn 0.2588 -0.8519 0.4553
vn 0.7071 -0.6236 0.3333
vn 0.9659 -0.2283 0.1220
vn 0.2588 -0.7467 0.6128
vn 0.7071 -0.5466 0.4486
vn 0.9659 -0.2001 0.1642
vn 0.2588 -0.6128 0.7467
vn 0.7071 -0.4486 0.5466
vn 0.9659 -0.1642 0.2001
vn 0.2588 -0.4553 0.8519
vn 0.7071 -0.3333 0.6236
vn 0.9659 -0.1220 0.2283
vn 0.2588 -0.2804 0.9243
vn 0.7071 -0.2053 0.6767
vn 0.9659 -0.0751 0.2477
vn 0.2588 -0.0947 0.9613
vn 0.7071 -0.0693 0.7037
vn 0.9659 -0.0254 0.2576
vn 0.2588 0.0947 0.9613
vn 0.7071 0.0693 0.7037
vn 0.9659 0.0254 0.2576
vn 0.2588 0.2804 0.9243
vn 0.7071 0.2053 0.6767
vn 0.9659 0.0751 0.2477
vn 0.2588 0.4553 0.8519
vn 0.7071 0.3333 0.6236
vn 0.9659 0.1220 0.2283
vn 0.2588 0.6128 0.7467
vn 0.7071 0.4486 0.5466
vn 0.9659 0.1642 0.2001
vn 0.2588 0.7467 0.6128
vn 0.7071 0.5466 0.4486
vn 0.9659 0.2001 0.1642
vn 0.2588 0.8519 0.4553
vn 0.7071 0.6236 0.3333
vn 0.9659 0.2283 0.1220
vn 0.2588 0.9243 0.2804
vn 0.7071 0.6767 0.2053
vn 0.9659 0.2477 0.0751
vn 0.2588 0.9613 0.0947
vn 0.7071 0.7037 0.0693
vn 0.9659 0.2576 0.0254
vn 0.2588 0.9613 -0.0947
vn 0.7071 0.7037 -0.0693
vn 0.9659 0.2576 -0.0254
vn 0.2588 0.9243 -0.2804
vn 0.7071 0.6767 -0.2053
vn 0.9659 0.2477 -0.0751
vn 0.2588 0.8519 -0.4553
vn 0.7071 0.6236 -0.3333
vn 0.9659 0.2283 -0.1220
vn 0.2588 0.7467 -0.6128
vn 0.7071 0.5466 -0.4486
vn 0.9659 0.2001 -0.1642
vn 0.2588 0.6128 -0.7467
vn 0.7071 0.4486 -0.5466
vn 0.9659 0.1642 -0.2001
vn 0.2588 0.4553 -0.8519
vn 0.7071 0.3333 -0.6236
vn 0.9659 0.1220 -0.2283
vn 0.2588 0.2804 -0.9243
vn 0.7071 0.2053 -0.6767
vn 0.9659 0.0751 -0.2477
vn 0.2588 0.0947 -0.9613
vn 0.7071 0.0693 -0.7037
vn 0.9659 0.0254 -0.2576
vn 1.0000 0.0000 0.0000
vn 0.2588 0.0000 -0.9659
vn 0.7071 0.0000 -0.7071
vn 0.9659 0.0000 -0.2588
vn 0.9659 0.0000 0.2588
vn 0.7071 0.0000 0.7071
vn 0.2588 0.0000 0.9659
vn -0.2588 0.0000 0.9659
vn -0.7071 0.0000 0.7071
vn -0.9659 0.0000 0.2588
vn -0.9659 0.0000 -0.2588
vn 0.0000 1.0000 -0.0000
vn -0.7071 0.0000 -0.7071
vn -0.2588 0.0000 -0.9659
vn 0.0000 -1.0000 0.0000
vn -0.0000 0.9781 -0.2079
vn -0.0000 0.8090 -0.5878
vn -0.0000 0.5000 -0.8660
vn 0.0000 0.1045 -0.9945
vn 0.0000 -0.3090 -0.9511
vn -0.0000 -0.6691 -0.7431
vn -0.0000 -0.9135 -0.4067
vn 0.0000 -0.9135 0.4067
vn 0.0000 -0.6691 0.7431
vn 0.0000 -0.3090 0.9511
vn 0.0000 0.1045 0.9945
vn 0.0000 0.5000 0.8660
vn 0.0000 0.8090 0.5878
vn 0.0000 0.9781 0.2079
vn 0.0000 -0.5000 0.8660
vn 0.0000 -0.8090 0.5878
vn 0.0000 0.9135 -0.4067
vn 0.0000 0.6691 -0.7431
vn -0.0000 -0.9781 -0.2079
vn 0.0000 0.3090 -0.9511
vn 0.0000 -0.1045 0.9945
vn 0.0000 -0.1045 -0.9945
vn 0.0000 0.3090 0.9511
vn 0.0000 -0.5000 -0.8660
vn 0.0000 0.6691 0.7431
vn 0.0000 -0.8090 -0.5878
vn 0.0000 0.9135 0.4067
vn 0.2588 -0.9448 0.2008
vn 0.7071 -0.6917 0.1470
vn 0.9659 -0.2532 0.0538
vn 0.2588 -0.7815 0.5678
vn 0.7071 -0.5721 0.4156
vn 0.9659 -0.2094 0.1521
vn 0.2588 -0.4830 0.8365
vn 0.7071 -0.3536 0.6124
vn 0.9659 -0.1294 0.2241
vn 0.2588 -0.1010 0.9606
vn 0.7071 -0.0739 0.7032
vn 0.9659 -0.0271 0.2574
vn 0.2588 0.2985 0.9186
vn 0.7071 0.2185 0.6725
vn 0.9659 0.0800 0.2461
vn 0.2588 0.6463 0.7178
vn 0.7071 0.4731 0.5255
vn 0.9659 0.1732 0.1923
vn 0.2588 0.8824 0.3929
vn 0.7071 0.6460 0.2876
vn 0.9659 0.2364 0.1053
vn 0.2588 0.9659 0.0000
vn 0.7071 0.7071 0.0000
vn 0.9659 0.2588 0.0000
vn 0.2588 0.8824 -0.3929
vn 0.7071 0.6460 -0.2876
vn 0.9659 0.2364 -0.1053
vn 0.2588 0.6463 -0.7178
vn 0.7071 0.4732 -0.5255
vn 0.9659 0.1732 -0.1923
vn 0.2588 0.2985 -0.9186
vn 0.7071 0.2185 -0.6725
vn 0.9659 0.0800 -0.2461
vn 0.2588 -0.1010 -0.9606
vn 0.7071 -0.0739 -0.7032
vn 0.9659 -0.0271 -0.2574
vn 0.2588 -0.4830 -0.8365
vn 0.7071 -0.3536 -0.6124
vn 0.9659 -0.1294 -0.2241
vn 0.2588 -0.7815 -0.5678
vn 0.7071 -0.5721 -0.4156
vn 0.9659 -0.2094 -0.1521
vn 0.2588 -0.9448 -0.2008
vn 0.7071 -0.6917 -0.1470
vn 0.9659 -0.2531 -0.0538
vn 0.0000 -0.9781 0.2079
vn -0.8253 0.5523 0.1174
vn -0.8253 0.4568 0.3319
vn -0.8253 0.2823 0.4890
vn -0.8253 0.0590 0.5616
vn -0.8253 -0.1745 0.5370
vn -0.8253 -0.3778 0.4196
vn -0.8253 -0.5159 0.2297
vn -0.8253 -0.5647 0.0000
vn -0.8253 -0.5159 -0.2297
vn -0.8253 -0.3778 -0.4196
vn -0.8253 -0.1745 -0.5370
vn -0.8253 0.0590 -0.5616
vn -0.8253 0.2823 -0.4890
vn -0.8253 0.4568 -0.3319
vn -0.8253 0.5523 -0.1174
vn -0.4885 0.8535 0.1814
vn -0.4885 0.7059 0.5129
vn -0.4885 0.4363 0.7556
vn -0.4885 0.0912 0.8678
vn -0.4885 -0.2696 0.8298
vn -0.4885 -0.5839 0.6484
vn -0.4885 -0.7971 0.3549
vn -0.4885 -0.8725 0.0000
vn -0.4885 -0.7971 -0.3549
vn -0.4885 -0.5838 -0.6484
vn -0.4885 -0.2696 -0.8298
vn -0.4885 0.0912 -0.8678
vn -0.4885 0.4363 -0.7556
vn -0.4885 0.7059 -0.5129
vn -0.4885 0.8535 -0.1814
vn -0.0000 -0.0000 -1.0000
vn 0.0475 0.9989 0.0000
vn -0.0475 -0.9989 0.0000
vn -0.2079 0.0000 -0.9781
vn 0.8660 0.0000 -0.5000
vn 0.9945 0.0000 -0.1045
vn 0.9511 0.0000 0.3090
vn 0.7431 0.0000 0.6691
vn 0.4067 0.0000 0.9135
vn 0.0000 0.0000 1.0000
vn -0.4067 0.0000 0.9135
vn -0.7431 0.0000 0.6691
vn -0.9511 0.0000 0.3090
vn -0.9945 0.0000 -0.1045
vn -0.8660 0.0000 -0.5000
vn -0.5878 0.0000 -0.8090
vn 0.2079 0.0000 -0.9781
vn 0.5878 0.0000 -0.8090
vn 0.2008 0.2588 -0.9448
vn 0.1470 0.7071 -0.6916
vn 0.0538 0.9659 -0.2532
vn 0.5678 0.2588 -0.7815
vn 0.4156 0.7071 -0.5721
vn 0.1521 0.9659 -0.2094
vn 0.8365 0.2588 -0.4830
vn 0.6124 0.7071 -0.3536
vn 0.2241 0.9659 -0.1294
vn 0.9606 0.2588 -0.1010
vn 0.7032 0.7071 -0.0739
vn 0.2574 0.9659 -0.0271
vn 0.9186 0.2588 0.2985
vn 0.6725 0.7071 0.2185
vn 0.2462 0.9659 0.0800
vn 0.7178 0.2588 0.6463
vn 0.5255 0.7071 0.4731
vn 0.1923 0.9659 0.1732
vn 0.3929 0.2588 0.8824
vn 0.2876 0.7071 0.6460
vn 0.1053 0.9659 0.2364
vn 0.0000 0.2588 0.9659
vn 0.0000 0.7071 0.7071
vn 0.0000 0.9659 0.2588
vn -0.3929 0.2588 0.8824
vn -0.2876 0.7071 0.6460
vn -0.1053 0.9659 0.2364
vn -0.7178 0.2588 0.6463
vn -0.5255 0.7071 0.4731
vn -0.1923 0.9659 0.1732
vn -0.9186 0.2588 0.2985
vn -0.6725 0.7071 0.2185
vn -0.2462 0.9659 0.0800
vn -0.9606 0.2588 -0.1010
vn -0.7032 0.7071 -0.0739
vn -0.2574 0.9659 -0.0271
vn -0.8365 0.2588 -0.4830
vn -0.6124 0.7071 -0.3535
vn -0.2241 0.9659 -0.1294
vn -0.5678 0.2588 -0.7815
vn -0.4156 0.7071 -0.5721
vn -0.1521 0.9659 -0.2094
vn -0.2008 0.2588 -0.9448
vn -0.1470 0.7071 -0.6916
vn -0.0538 0.9659 -0.2532
vn 0.6027 0.7980 0.0000
vn 0.9958 0.0915 0.0000
vn -0.6638 0.7479 0.0000
vn 0.0000 0.2079 -0.9781
vn 0.0000 -0.8660 -0.5000
vn 0.0000 -0.9945 -0.1045
vn 0.0000 -0.9511 0.3090
vn 0.0000 -0.7431 0.6691
vn 0.0000 -0.4067 0.9135
vn 0.0000 0.4067 0.9135
vn 0.0000 0.7431 0.6691
vn 0.0000 0.9511 0.3090
vn 0.0000 0.9945 -0.1045
vn 0.0000 0.8660 -0.5000
vn 0.0000 0.5878 -0.8090
vn 0.0000 -0.2079 -0.9781
vn 0.0000 -0.5878 -0.8090
vn 0.2588 -0.2008 -0.9448
vn 0.7071 -0.1470 -0.6917
vn 0.9659 -0.0538 -0.2532
vn 0.2588 -0.5678 -0.7815
vn 0.7071 -0.4156 -0.5721
vn 0.9659 -0.1521 -0.2094
vn 0.2588 -0.8365 -0.4830
vn 0.7071 -0.6124 -0.3535
vn 0.9659 -0.2241 -0.1294
vn 0.2588 -0.9606 -0.1010
vn 0.7071 -0.7032 -0.0739
vn 0.9659 -0.2574 -0.0271
vn 0.2588 -0.9187 0.2985
vn 0.7071 -0.6725 0.2185
vn 0.9659 -0.2462 0.0800
vn 0.2588 -0.7178 0.6463
vn 0.7071 -0.5255 0.4732
vn 0.9659 -0.1923 0.1732
vn 0.2588 -0.3929 0.8824
vn 0.7071 -0.2876 0.6460
vn 0.9659 -0.1053 0.2364
vn 0.2588 0.3929 0.8824
vn 0.7071 0.2876 0.6460
vn 0.9659 0.1053 0.2364
vn 0.2588 0.7178 0.6463
vn 0.7071 0.5255 0.4731
vn 0.9659 0.1923 0.1732
vn 0.2588 0.9186 0.2985
vn 0.7071 0.6725 0.2185
vn 0.9659 0.2462 0.0800
vn 0.2588 0.9606 -0.1010
vn 0.7071 0.7032 -0.0739
vn 0.9659 0.2574 -0.0271
vn 0.2588 0.8365 -0.4830
vn 0.7071 0.6124 -0.3536
vn 0.9659 0.2241 -0.1294
vn 0.2588 0.5678 -0.7814
vn 0.7071 0.4156 -0.5721
vn 0.9659 0.1521 -0.2094
vn 0.2588 0.2008 -0.9448
vn 0.7071 0.1470 -0.6917
vn 0.9659 0.0538 -0.2532
vn 0.7071 -0.6124 -0.3536
vn -0.2588 0.9659 0.0000
vn -0.7071 0.7071 0.0000
vn -0.9659 0.2588 0.0000
vn -0.2588 -0.9659 0.0000
vn -0.7071 -0.7071 0.0000
vn -0.9659 -0.2588 0.0000
vn -0.1988 0.0000 -0.9800
vn -0.1988 0.0000 0.9800
vn -0.6252 0.0000 -0.7805
vn -0.6252 0.0000 0.7805
vn -0.0081 -1.0000 0.0000
vn -0.0301 -0.9995 0.0000
vn -0.1119 -0.9937 0.0000
vn -0.7433 0.0000 0.6689
vn -0.8907 -0.0000 0.4547
vn -0.9815 -0.0000 0.1916
vn -0.0081 1.0000 0.0000
vn -0.0302 0.9995 0.0000
vn -0.1119 0.9937 0.0000
vn -0.7433 -0.0000 -0.6689
vn -0.8907 -0.0000 -0.4547
vn -0.9815 0.0000 -0.1916
vn 0.0000 -0.6890 -0.7248
vn -0.2364 -0.9716 0.0000
vn 0.6199 -0.7847 0.0000
vn 0.0000 -0.6890 0.7248
vn -0.7264 -0.6872 -0.0000
vn -0.9545 0.2981 0.0000
vn 0.4369 -0.8995 0.0000
vn -0.4636 0.8860 0.0000
vn 0.9465 -0.3228 0.0000
vn 0.0277 0.9996 0.0000
vn 1.0000 -0.0008 0.0000
vn -1.0000 0.0008 0.0000
vn 0.9942 0.1075 -0.0000
vn 0.9103 0.4139 0.0000
vn -0.9889 -0.1483 0.0000
vn -0.9850 -0.1727 0.0000
vn -0.1047 0.9945 0.0000
vn 0.9889 0.1483 -0.0000
vn -0.8212 -0.5706 0.0000
vn 0.8061 0.5917 0.0000
vn -0.9652 0.2615 0.0000
vn 0.9614 -0.2752 0.0000
vn 0.9614 0.2752 0.0000
vn -0.9652 -0.2615 0.0000
vn 0.8061 -0.5917 0.0000
vn -0.8212 0.5706 0.0000
vn -0.2079 0.9781 0.0000
vn -0.5878 0.8090 0.0000
vn -0.8660 0.5000 0.0000
vn -0.9945 0.1045 0.0000
vn -0.9511 -0.3090 0.0000
vn -0.7431 -0.6691 0.0000
vn -0.4067 -0.9135 0.0000
vn 0.4067 -0.9135 0.0000
vn 0.7432 -0.6691 0.0000
vn 0.9511 -0.3090 0.0000
vn 0.9945 0.1045 0.0000
vn 0.8660 0.5000 0.0000
vn 0.5878 0.8090 0.0000
vn 0.2079 0.9781 0.0000
vn -0.1951 0.9178 0.3457
vn 0.0000 -0.9889 0.1488
vn 0.3817 -0.8572 0.3457
vn -0.5516 0.7591 0.3457
vn 0.6973 -0.6279 0.3457
vn -0.8126 0.4692 0.3457
vn 0.8924 -0.2900 0.3457
vn -0.9332 0.0981 0.3457
vn 0.9332 0.0981 0.3457
vn -0.8924 -0.2900 0.3457
vn 0.8126 0.4692 0.3457
vn -0.6973 -0.6279 0.3457
vn 0.5515 0.7591 0.3457
vn -0.3817 -0.8572 0.3457
vn 0.1951 0.9178 0.3457
vn 0.0000 -0.9384 0.3457
vn -0.8144 0.4702 -0.3402
vn -0.2056 0.9673 0.1488
vn 0.4022 -0.9034 0.1488
vn -0.5812 0.8000 0.1488
vn 0.7349 -0.6617 0.1488
vn -0.8564 0.4944 0.1488
vn 0.9405 -0.3056 0.1488
vn -0.9835 0.1034 0.1488
vn 0.9835 0.1034 0.1488
vn -0.9405 -0.3056 0.1488
vn 0.8564 0.4944 0.1488
vn -0.7349 -0.6617 0.1488
vn 0.5812 0.8000 0.1488
vn -0.4022 -0.9034 0.1488
vn 0.2056 0.9673 0.1488
vn -0.5527 0.7608 -0.3402
vn 0.3825 -0.8590 -0.3402
vn 0.6988 -0.6292 -0.3402
vn 0.1955 0.9198 -0.3402
vn 0.8943 -0.2906 -0.3402
vn -0.9352 0.0983 -0.3402
vn 0.9352 0.0983 -0.3402
vn -0.8943 -0.2906 -0.3402
vn 0.8144 0.4702 -0.3402
vn -0.6988 -0.6292 -0.3402
vn 0.5527 0.7608 -0.3402
vn -0.3825 -0.8591 -0.3402
vn 0.0000 -0.9403 -0.3402
vn -0.1194 0.5618 -0.8186
vn -0.3376 0.4647 -0.8186
vn -0.4974 0.2872 -0.8186
vn -0.5712 0.0600 -0.8186
vn -0.5462 -0.1775 -0.8186
vn -0.4268 -0.3843 -0.8186
vn -0.2336 -0.5247 -0.8186
vn 0.0000 -0.5744 -0.8186
vn 0.2336 -0.5247 -0.8186
vn 0.4268 -0.3843 -0.8186
vn 0.5463 -0.1775 -0.8186
vn 0.5712 0.0600 -0.8186
vn 0.4974 0.2872 -0.8186
vn 0.3376 0.4647 -0.8186
vn 0.1194 0.5618 -0.8186
vn -0.1955 0.9198 -0.3402
vn 0.3889 -0.0000 0.9213
vn 0.9994 0.0336 -0.0000
vn 0.3889 0.0000 -0.9213
vn 0.4327 -0.3197 -0.8430
vn 0.9994 -0.0355 -0.0000
vn -0.9989 0.0106 0.0465
vn -0.9994 -0.0355 0.0000
vn -0.0000 0.3546 -0.9350
vn 0.0000 -0.2218 0.9751
vn 0.9989 0.0106 0.0465
vn 0.9989 0.0106 -0.0465
vn -0.9990 -0.0161 -0.0424
vn -0.9990 -0.0161 0.0424
vn 0.0000 0.3546 0.9350
vn -0.0000 -0.2218 -0.9751
vn 0.9987 0.0000 -0.0516
vn -0.9987 0.0000 0.0516
vn -0.9994 0.0336 0.0000
vn 0.9990 -0.0161 0.0424
vn -0.9987 0.0000 -0.0516
vn 0.9990 -0.0161 -0.0424
vn 0.9987 0.0000 0.0516
vn -0.9989 0.0106 -0.0465
vn 0.4327 -0.3197 0.8430
vn 0.4157 0.2017 -0.8869
vn 0.4157 0.2017 0.8869
vn 0.5226 -0.8526 -0.0000
vn 0.9739 -0.0043 0.2270
vn 0.9806 0.0247 0.1942
vn 0.9742 0.0565 0.2185
vn 0.8447 0.1660 0.5088
vn 0.6676 0.0996 0.7379
vn 0.8382 -0.0431 0.5437
vn 0.9140 0.0524 0.4023
vn 0.6925 -0.1667 0.7019
vn 0.8520 -0.2156 0.4772
vn 0.9753 -0.0803 0.2060
vn 0.9820 -0.0416 0.1844
vn 0.9755 -0.0070 0.2200
vn 0.8502 0.0063 0.5264
vn 0.9198 -0.0880 0.3824
vn 0.9742 0.0565 -0.2185
vn 0.9806 0.0247 -0.1942
vn 0.9739 -0.0043 -0.2270
vn 0.8382 -0.0431 -0.5437
vn 0.6675 0.0996 -0.7379
vn 0.8447 0.1660 -0.5089
vn 0.9140 0.0523 -0.4023
vn 0.9752 -0.0803 -0.2060
vn 0.8520 -0.2156 -0.4772
vn 0.6925 -0.1667 -0.7019
vn 0.8502 0.0063 -0.5264
vn 0.9755 -0.0070 -0.2200
vn 0.9820 -0.0416 -0.1844
vn 0.9198 -0.0880 -0.3824
vn 0.6893 0.7245 -0.0000
vn 0.8715 0.4903 -0.0000
vn 0.9795 0.2015 -0.0000
vn 0.5966 -0.0000 0.8026
vn 0.8305 0.0000 0.5570
vn 0.9698 -0.0000 0.2438
vn 0.6060 0.1762 -0.7757
vn 0.8371 0.1209 -0.5336
vn 0.9732 0.0507 -0.2242
vn 0.6060 0.1762 0.7757
vn 0.8371 0.1209 0.5336
vn 0.9732 0.0507 0.2242
vn 0.5966 0.0000 -0.8026
vn 0.8305 0.0000 -0.5570
vn 0.9698 0.0000 -0.2438
vn 0.6752 -0.7377 -0.0000
vn 0.8671 -0.4981 -0.0000
vn 0.9792 -0.2030 -0.0000
vn 0.6104 -0.2806 0.7407
vn 0.8414 -0.1911 0.5055
vn 0.9759 -0.0771 0.2041
vn 0.6189 -0.2782 -0.7345
vn 0.8415 -0.1910 -0.5054
vn 0.9734 -0.0809 -0.2143
vn 0.5444 0.8388 -0.0000
vn 0.5966 0.0000 0.8025
vn 0.9759 -0.0771 -0.2041
vn 0.8414 -0.1911 -0.5055
vn 0.6104 -0.2806 -0.7407
vn 0.9734 -0.0809 0.2143
vn 0.8415 -0.1910 0.5054
vn 0.6189 -0.2783 0.7345
vn 0.0000 0.2218 0.9751
vn 0.0000 -0.3546 0.9350
vn -0.0000 0.2218 -0.9751
vn -0.0000 -0.3546 -0.9350
usemtl Material
s off
f 32/1/1 158/2/1 34/3/1 1/4/1
f 3/5/2 42/6/2 46/7/2 4/8/2
f 4/8/3 46/7/3 50/9/3 5/10/3
f 5/10/4 50/9/4 54/11/4 6/12/4
f 6/12/5 54/11/5 58/13/5 7/14/5
f 7/14/6 58/13/6 62/15/6 8/16/6
f 8/16/7 62/15/7 66/17/7 9/18/7
f 9/18/8 66/17/8 70/19/8 10/20/8
f 10/20/9 70/19/9 74/21/9 11/22/9
f 11/22/10 74/21/10 78/23/10 12/24/10
f 12/24/11 78/23/11 82/25/11 13/26/11
f 13/26/12 82/25/12 86/27/12 14/28/12
f 14/28/13 86/27/13 90/29/13 15/30/13
f 15/30/14 90/29/14 94/31/14 16/32/14
f 16/32/15 94/31/15 98/33/15 17/34/15
f 17/34/16 98/33/16 102/35/16 18/36/16
f 18/36/17 102/35/17 106/37/17 19/38/17
f 19/38/18 106/37/18 110/39/18 20/40/18
f 20/40/19 110/39/19 114/41/19 21/42/19
f 21/42/20 114/41/20 118/43/20 22/44/20
f 22/44/21 118/43/21 122/45/21 23/46/21
f 23/46/22 122/45/22 126/47/22 24/48/22
f 24/48/23 126/47/23 130/49/23 25/50/23
f 25/50/24 130/49/24 134/51/24 26/52/24
f 26/52/25 134/51/25 138/53/25 27/54/25
f 27/54/26 138/53/26 142/55/26 28/56/26
f 28/56/27 142/55/27 146/57/27 29/58/27
f 29/58/28 146/57/28 150/59/28 30/60/28
f 30/60/29 150/59/29 154/61/29 31/62/29
f 31/62/30 154/61/30 158/2/30 32/1/30
f 1/63/31 34/64/31 38/65/31 2/66/31
f 2/66/32 38/65/32 42/6/32 3/5/32
f 1/67/33 2/68/33 3/69/33 4/70/33 5/71/33 6/72/33 7/73/33 8/74/33 9/75/33 10/76/33 11/77/33 12/78/33 13/79/33 14/80/33 15/81/33 16/82/33 17/83/33 18/84/33 19/85/33 20/86/33 21/87/33 22/88/33 23/89/33 24/90/33 25/91/33 26/92/33 27/93/33 28/94/33 29/95/33 30/96/33 31/97/33 32/98/33
f 38/65/34 34/64/34 36/99/34 40/100/34
f 40/100/35 36/99/35 35/101/35 39/102/35
f 39/103/36 35/104/36 33/105/36 37/106/36
f 42/6/37 38/65/37 40/100/37 44/107/37
f 44/107/38 40/100/38 39/102/38 43/108/38
f 43/109/39 39/103/39 37/106/39 41/110/39
f 46/7/40 42/6/40 44/107/40 48/111/40
f 48/111/41 44/107/41 43/108/41 47/112/41
f 47/113/42 43/109/42 41/110/42 45/114/42
f 50/9/43 46/7/43 48/111/43 52/115/43
f 52/115/44 48/111/44 47/112/44 51/116/44
f 51/117/45 47/113/45 45/114/45 49/118/45
f 54/11/46 50/9/46 52/115/46 56/119/46
f 56/119/47 52/115/47 51/116/47 55/120/47
f 55/121/48 51/117/48 49/118/48 53/122/48
f 58/13/49 54/11/49 56/119/49 60/123/49
f 60/123/50 56/119/50 55/120/50 59/124/50
f 59/125/51 55/121/51 53/122/51 57/126/51
f 62/15/52 58/13/52 60/123/52 64/127/52
f 64/127/53 60/123/53 59/124/53 63/128/53
f 63/129/54 59/125/54 57/126/54 61/130/54
f 66/17/55 62/15/55 64/127/55 68/131/55
f 68/131/56 64/127/56 63/128/56 67/132/56
f 67/133/57 63/129/57 61/130/57 65/134/57
f 70/19/58 66/17/58 68/131/58 72/135/58
f 72/135/59 68/131/59 67/132/59 71/136/59
f 71/137/60 67/133/60 65/134/60 69/138/60
f 74/21/61 70/19/61 72/135/61 76/139/61
f 76/139/62 72/135/62 71/136/62 75/140/62
f 75/141/63 71/137/63 69/138/63 73/142/63
f 78/23/64 74/21/64 76/139/64 80/143/64
f 80/143/65 76/139/65 75/140/65 79/144/65
f 79/145/66 75/141/66 73/142/66 77/146/66
f 82/25/67 78/23/67 80/143/67 84/147/67
f 84/147/68 80/143/68 79/144/68 83/148/68
f 83/149/69 79/145/69 77/146/69 81/150/69
f 86/27/70 82/25/70 84/147/70 88/151/70
f 88/151/71 84/147/71 83/148/71 87/152/71
f 87/153/72 83/149/72 81/150/72 85/154/72
f 90/29/73 86/27/73 88/151/73 92/155/73
f 92/155/74 88/151/74 87/152/74 91/156/74
f 91/157/75 87/153/75 85/154/75 89/158/75
f 94/31/76 90/29/76 92/155/76 96/159/76
f 96/159/77 92/155/77 91/156/77 95/160/77
f 95/161/78 91/157/78 89/158/78 93/162/78
f 98/33/79 94/31/79 96/159/79 100/163/79
f 100/163/80 96/159/80 95/160/80 99/164/80
f 99/165/81 95/161/81 93/162/81 97/166/81
f 102/35/82 98/33/82 100/163/82 104/167/82
f 104/167/83 100/163/83 99/164/83 103/168/83
f 103/169/84 99/165/84 97/166/84 101/170/84
f 106/37/85 102/35/85 104/167/85 108/171/85
f 108/171/86 104/167/86 103/168/86 107/172/86
f 107/173/87 103/169/87 101/170/87 105/174/87
f 110/39/88 106/37/88 108/171/88 112/175/88
f 112/175/89 108/171/89 107/176/89 111/177/89
f 111/178/90 107/173/90 105/174/90 109/179/90
f 114/41/91 110/39/91 112/175/91 116/180/91
f 116/180/92 112/175/92 111/177/92 115/181/92
f 115/182/93 111/178/93 109/179/93 113/183/93
f 118/43/94 114/41/94 116/180/94 120/184/94
f 120/184/95 116/180/95 115/181/95 119/185/95
f 119/186/96 115/182/96 113/183/96 117/187/96
f 122/45/97 118/43/97 120/188/97 124/189/97
f 124/189/98 120/188/98 119/190/98 123/191/98
f 123/192/99 119/186/99 117/187/99 121/193/99
f 126/47/100 122/45/100 124/189/100 128/194/100
f 128/194/101 124/189/101 123/191/101 127/195/101
f 127/196/102 123/192/102 121/193/102 125/197/102
f 130/49/103 126/47/103 128/194/103 132/198/103
f 132/198/104 128/194/104 127/195/104 131/199/104
f 131/200/105 127/196/105 125/197/105 129/201/105
f 134/51/106 130/49/106 132/198/106 136/202/106
f 136/202/107 132/198/107 131/203/107 135/204/107
f 135/205/108 131/200/108 129/201/108 133/206/108
f 138/53/109 134/51/109 136/202/109 140/207/109
f 140/207/110 136/202/110 135/204/110 139/208/110
f 139/209/111 135/205/111 133/206/111 137/210/111
f 142/55/112 138/53/112 140/207/112 144/211/112
f 144/211/113 140/207/113 139/208/113 143/212/113
f 143/213/114 139/209/114 137/210/114 141/214/114
f 146/57/115 142/55/115 144/211/115 148/215/115
f 148/215/116 144/211/116 143/212/116 147/216/116
f 147/217/117 143/213/117 141/214/117 145/218/117
f 150/59/118 146/57/118 148/215/118 152/219/118
f 152/219/119 148/215/119 147/216/119 151/220/119
f 151/221/120 147/217/120 145/218/120 149/222/120
f 154/61/121 150/59/121 152/219/121 156/223/121
f 156/223/122 152/219/122 151/220/122 155/224/122
f 155/225/123 151/221/123 149/222/123 153/226/123
f 158/2/124 154/61/124 156/223/124 160/227/124
f 160/227/125 156/223/125 155/224/125 159/228/125
f 159/229/126 155/225/126 153/226/126 157/230/126
f 34/3/127 158/2/127 160/227/127 36/231/127
f 36/231/128 160/227/128 159/228/128 35/232/128
f 35/104/129 159/229/129 157/230/129 33/105/129
f 37/106/130 33/105/130 157/230/130 153/226/130 149/222/130 145/218/130 141/214/130 137/210/130 133/206/130 129/201/130 125/197/130 121/193/130 117/187/130 113/183/130 109/179/130 105/174/130 101/170/130 97/166/130 93/162/130 89/158/130 85/154/130 81/150/130 77/146/130 73/142/130 69/138/130 65/134/130 61/130/130 57/126/130 53/122/130 49/118/130 45/114/130 41/110/130
f 192/233/1 318/234/1 194/235/1 161/236/1
f 163/237/2 202/238/2 206/239/2 164/240/2
f 164/240/3 206/239/3 210/241/3 165/242/3
f 165/242/4 210/241/4 214/243/4 166/244/4
f 166/244/5 214/243/5 218/245/5 167/246/5
f 167/246/6 218/245/6 222/247/6 168/248/6
f 168/248/7 222/247/7 226/249/7 169/250/7
f 169/250/8 226/249/8 230/251/8 170/252/8
f 170/252/9 230/251/9 234/253/9 171/254/9
f 171/254/10 234/253/10 238/255/10 172/256/10
f 172/256/11 238/255/11 242/257/11 173/258/11
f 173/258/12 242/257/12 246/259/12 174/260/12
f 174/260/13 246/259/13 250/261/13 175/262/13
f 175/262/14 250/261/14 254/263/14 176/264/14
f 176/264/15 254/263/15 258/265/15 177/266/15
f 177/266/16 258/265/16 262/267/16 178/268/16
f 178/268/17 262/267/17 266/269/17 179/270/17
f 179/270/18 266/269/18 270/271/18 180/272/18
f 180/272/19 270/271/19 274/273/19 181/274/19
f 181/274/20 274/273/20 278/275/20 182/276/20
f 182/276/21 278/275/21 282/277/21 183/278/21
f 183/278/22 282/277/22 286/279/22 184/280/22
f 184/280/23 286/279/23 290/281/23 185/282/23
f 185/282/24 290/281/24 294/283/24 186/284/24
f 186/284/25 294/283/25 298/285/25 187/286/25
f 187/286/26 298/285/26 302/287/26 188/288/26
f 188/288/27 302/287/27 306/289/27 189/290/27
f 189/290/28 306/289/28 310/291/28 190/292/28
f 190/292/29 310/291/29 314/293/29 191/294/29
f 191/294/30 314/293/30 318/234/30 192/233/30
f 161/295/31 194/296/31 198/297/31 162/298/31
f 162/298/32 198/297/32 202/238/32 163/237/32
f 161/299/33 162/300/33 163/301/33 164/302/33 165/303/33 166/304/33 167/305/33 168/306/33 169/307/33 170/308/33 171/309/33 172/310/33 173/311/33 174/312/33 175/313/33 176/314/33 177/315/33 178/316/33 179/317/33 180/318/33 181/319/33 182/320/33 183/321/33 184/322/33 185/323/33 186/324/33 187/325/33 188/326/33 189/327/33 190/328/33 191/329/33 192/330/33
f 198/297/34 194/296/34 196/331/34 200/332/34
f 200/332/35 196/331/35 195/333/35 199/334/35
f 199/335/36 195/336/36 193/337/36 197/338/36
f 202/238/37 198/297/37 200/332/37 204/339/37
f 204/339/38 200/332/38 199/334/38 203/340/38
f 203/341/39 199/335/39 197/338/39 201/342/39
f 206/239/40 202/238/40 204/339/40 208/343/40
f 208/343/41 204/339/41 203/340/41 207/344/41
f 207/345/42 203/341/42 201/342/42 205/346/42
f 210/241/43 206/239/43 208/343/43 212/347/43
f 212/347/44 208/343/44 207/344/44 211/348/44
f 211/349/45 207/345/45 205/346/45 209/350/45
f 214/243/46 210/241/46 212/347/46 216/351/46
f 216/351/47 212/347/47 211/348/47 215/352/47
f 215/353/48 211/349/48 209/350/48 213/354/48
f 218/245/49 214/243/49 216/351/49 220/355/49
f 220/355/50 216/351/50 215/352/50 219/356/50
f 219/357/51 215/353/51 213/354/51 217/358/51
f 222/247/52 218/245/52 220/355/52 224/359/52
f 224/359/53 220/355/53 219/356/53 223/360/53
f 223/361/54 219/357/54 217/358/54 221/362/54
f 226/249/55 222/247/55 224/359/55 228/363/55
f 228/363/56 224/359/56 223/360/56 227/364/56
f 227/365/57 223/361/57 221/362/57 225/366/57
f 230/251/58 226/249/58 228/363/58 232/367/58
f 232/367/59 228/363/59 227/364/59 231/368/59
f 231/369/60 227/365/60 225/366/60 229/370/60
f 234/253/61 230/251/61 232/367/61 236/371/61
f 236/371/62 232/367/62 231/368/62 235/372/62
f 235/373/63 231/369/63 229/370/63 233/374/63
f 238/255/64 234/253/64 236/371/64 240/375/64
f 240/375/65 236/371/65 235/372/65 239/376/65
f 239/377/66 235/373/66 233/374/66 237/378/66
f 242/257/67 238/255/67 240/375/67 244/379/67
f 244/379/68 240/375/68 239/376/68 243/380/68
f 243/381/69 239/377/69 237/378/69 241/382/69
f 246/259/70 242/257/70 244/379/70 248/383/70
f 248/383/71 244/379/71 243/380/71 247/384/71
f 247/385/72 243/381/72 241/382/72 245/386/72
f 250/261/73 246/259/73 248/383/73 252/387/73
f 252/387/74 248/383/74 247/384/74 251/388/74
f 251/389/75 247/385/75 245/386/75 249/390/75
f 254/263/76 250/261/76 252/387/76 256/391/76
f 256/391/77 252/387/77 251/388/77 255/392/77
f 255/393/78 251/389/78 249/390/78 253/394/78
f 258/265/79 254/263/79 256/391/79 260/395/79
f 260/395/80 256/391/80 255/392/80 259/396/80
f 259/397/81 255/393/81 253/394/81 257/398/81
f 262/267/82 258/265/82 260/395/82 264/399/82
f 264/399/83 260/395/83 259/396/83 263/400/83
f 263/401/84 259/397/84 257/398/84 261/402/84
f 266/269/85 262/267/85 264/399/85 268/403/85
f 268/403/86 264/399/86 263/400/86 267/404/86
f 267/405/87 263/401/87 261/402/87 265/406/87
f 270/271/88 266/269/88 268/403/88 272/407/88
f 272/407/89 268/403/89 267/408/89 271/409/89
f 271/410/90 267/405/90 265/406/90 269/411/90
f 274/273/91 270/271/91 272/407/91 276/412/91
f 276/412/92 272/407/92 271/409/92 275/413/92
f 275/414/93 271/410/93 269/411/93 273/415/93
f 278/275/94 274/273/94 276/412/94 280/416/94
f 280/416/95 276/412/95 275/413/95 279/417/95
f 279/418/96 275/414/96 273/415/96 277/419/96
f 282/277/97 278/275/97 280/420/97 284/421/97
f 284/421/98 280/420/98 279/422/98 283/423/98
f 283/424/99 279/418/99 277/419/99 281/425/99
f 286/279/100 282/277/100 284/421/100 288/426/100
f 288/426/101 284/421/101 283/423/101 287/427/101
f 287/428/102 283/424/102 281/425/102 285/429/102
f 290/281/103 286/279/103 288/426/103 292/430/103
f 292/430/104 288/426/104 287/427/104 291/431/104
f 291/432/105 287/428/105 285/429/105 289/433/105
f 294/283/106 290/281/106 292/430/106 296/434/106
f 296/434/107 292/430/107 291/435/107 295/436/107
f 295/437/108 291/432/108 289/433/108 293/438/108
f 298/285/109 294/283/109 296/434/109 300/439/109
f 300/439/110 296/434/110 295/436/110 299/440/110
f 299/441/111 295/437/111 293/438/111 297/442/111
f 302/287/112 298/285/112 300/439/112 304/443/112
f 304/443/113 300/439/113 299/440/113 303/444/113
f 303/445/114 299/441/114 297/442/114 301/446/114
f 306/289/115 302/287/115 304/443/115 308/447/115
f 308/447/116 304/443/116 303/444/116 307/448/116
f 307/449/117 303/445/117 301/446/117 305/450/117
f 310/291/118 306/289/118 308/447/118 312/451/118
f 312/451/119 308/447/119 307/448/119 311/452/119
f 311/453/120 307/449/120 305/450/120 309/454/120
f 314/293/121 310/291/121 312/451/121 316/455/121
f 316/455/122 312/451/122 311/452/122 315/456/122
f 315/457/123 311/453/123 309/454/123 313/458/123
f 318/234/124 314/293/124 316/455/124 320/459/124
f 320/459/125 316/455/125 315/456/125 319/460/125
f 319/461/126 315/457/126 313/458/126 317/462/126
f 194/235/127 318/234/127 320/459/127 196/463/127
f 196/463/128 320/459/128 319/460/128 195/464/128
f 195/336/129 319/461/129 317/462/129 193/337/129
f 197/338/130 193/337/130 317/462/130 313/458/130 309/454/130 305/450/130 301/446/130 297/442/130 293/438/130 289/433/130 285/429/130 281/425/130 277/419/130 273/415/130 269/411/130 265/406/130 261/402/130 257/398/130 253/394/130 249/390/130 245/386/130 241/382/130 237/378/130 233/374/130 229/370/130 225/366/130 221/362/130 217/358/130 213/354/130 209/350/130 205/346/130 201/342/130
f 321/465/131 322/466/131 324/467/131 323/468/131
f 323/468/132 324/467/132 326/469/132 325/470/132
f 325/470/133 326/469/133 328/471/133 327/472/133
f 327/472/134 328/471/134 330/473/134 329/474/134
f 329/474/135 330/473/135 332/475/135 331/476/135
f 331/476/136 332/475/136 334/477/136 333/478/136
f 333/478/137 334/477/137 336/479/137 335/480/137
f 335/480/138 336/479/138 338/481/138 337/482/138
f 337/482/139 338/481/139 340/483/139 339/484/139
f 339/484/140 340/483/140 342/485/140 341/486/140
f 324/487/141 322/488/141 344/489/141 342/490/141 340/491/141 338/492/141 336/493/141 334/494/141 332/495/141 330/496/141 328/497/141 326/498/141
f 341/486/142 342/485/142 344/499/142 343/500/142
f 343/500/143 344/499/143 322/501/143 321/502/143
f 331/476/141 333/478/141 351/503/141 350/504/141
f 349/505/135 350/504/135 362/506/135 361/507/135
f 329/474/141 331/476/141 350/504/141 349/505/141
f 327/472/141 329/474/141 349/505/141 348/508/141
f 343/500/141 321/502/141 345/509/141 356/510/141
f 321/465/141 323/468/141 346/511/141 345/512/141
f 325/470/141 327/472/141 348/508/141 347/513/141
f 341/486/141 343/500/141 356/510/141 355/514/141
f 323/468/141 325/470/141 347/513/141 346/511/141
f 339/484/141 341/486/141 355/514/141 354/515/141
f 337/482/141 339/484/141 354/515/141 353/516/141
f 335/480/141 337/482/141 353/516/141 352/517/141
f 333/478/141 335/480/141 352/517/141 351/503/141
f 357/518/144 358/519/144 359/520/144 360/521/144 361/522/144 362/523/144 363/524/144 364/525/144 365/526/144 366/527/144 367/528/144 368/529/144
f 356/510/143 345/509/143 357/530/143 368/531/143
f 346/511/132 347/513/132 359/532/132 358/533/132
f 353/516/139 354/515/139 366/534/139 365/535/139
f 350/504/136 351/503/136 363/536/136 362/506/136
f 347/513/133 348/508/133 360/537/133 359/532/133
f 354/515/140 355/514/140 367/538/140 366/534/140
f 351/503/137 352/517/137 364/539/137 363/536/137
f 348/508/134 349/505/134 361/507/134 360/537/134
f 355/514/142 356/510/142 368/531/142 367/538/142
f 345/512/131 346/511/131 358/533/131 357/540/131
f 352/517/138 353/516/138 365/535/138 364/539/138
f 489/541/145 370/542/145 372/543/145 490/544/145
f 490/544/146 372/543/146 374/545/146 491/546/146
f 491/546/147 374/545/147 376/547/147 492/548/147
f 492/548/148 376/547/148 378/549/148 493/550/148
f 493/550/149 378/549/149 380/551/149 494/552/149
f 494/552/150 380/551/150 382/553/150 495/554/150
f 495/554/151 382/553/151 384/555/151 496/556/151
f 496/556/144 384/555/144 386/557/144 497/558/144
f 497/558/152 386/557/152 388/559/152 498/560/152
f 498/560/153 388/559/153 390/561/153 499/562/153
f 499/562/154 390/561/154 392/563/154 500/564/154
f 500/564/155 392/563/155 394/565/155 501/566/155
f 501/566/156 394/565/156 396/567/156 502/568/156
f 370/569/130 398/570/130 413/571/130 400/572/130
f 502/568/157 396/567/157 398/570/157 503/573/157
f 503/573/158 398/570/158 370/569/158 489/574/158
f 369/575/33 371/576/33 373/577/33 375/578/33 377/579/33 379/580/33 381/581/33 383/582/33 385/583/33 387/584/33 389/585/33 391/586/33 393/587/33 395/588/33 397/589/33
f 402/590/159 401/591/159 423/592/159 427/593/159
f 376/547/130 374/545/130 401/591/130 402/590/130
f 386/557/130 384/555/130 406/594/130 407/595/130
f 396/567/130 394/565/130 411/596/130 412/597/130
f 372/543/130 370/542/130 400/598/130 399/599/130
f 382/553/130 380/551/130 404/600/130 405/601/130
f 392/563/130 390/561/130 409/602/130 410/603/130
f 378/549/130 376/547/130 402/590/130 403/604/130
f 388/559/130 386/557/130 407/595/130 408/605/130
f 398/570/130 396/567/130 412/597/130 413/571/130
f 374/545/130 372/543/130 399/599/130 401/591/130
f 384/555/130 382/553/130 405/601/130 406/594/130
f 394/565/130 392/563/130 410/603/130 411/596/130
f 380/551/130 378/549/130 403/604/130 404/600/130
f 390/561/130 388/559/130 408/605/130 409/602/130
f 401/591/160 399/599/160 415/606/160 423/592/160
f 408/605/161 407/595/161 447/607/161 451/608/161
f 414/609/130 419/610/130 470/611/130 466/612/130 462/613/130 458/614/130 454/615/130 450/616/130 446/617/130 442/618/130 438/619/130 434/620/130 430/621/130 426/622/130 422/623/130
f 409/602/162 408/605/162 451/608/162 455/624/162
f 400/572/163 413/571/163 471/625/163 418/626/163
f 410/603/164 409/602/164 455/624/164 459/627/164
f 403/604/165 402/590/165 427/593/165 431/628/165
f 411/596/166 410/603/166 459/627/166 463/629/166
f 404/600/167 403/604/167 431/628/167 435/630/167
f 412/597/168 411/596/168 463/629/168 467/631/168
f 405/601/169 404/600/169 435/630/169 439/632/169
f 413/571/170 412/597/170 467/631/170 471/625/170
f 406/594/171 405/601/171 439/632/171 443/633/171
f 407/595/141 406/594/141 443/633/141 447/607/141
f 415/606/172 418/634/172 420/635/172 417/636/172
f 417/636/173 420/635/173 421/637/173 416/638/173
f 416/639/174 421/640/174 419/641/174 414/642/174
f 423/592/175 415/606/175 417/636/175 425/643/175
f 425/643/176 417/636/176 416/638/176 424/644/176
f 424/645/177 416/639/177 414/642/177 422/646/177
f 427/593/178 423/592/178 425/643/178 429/647/178
f 429/647/179 425/643/179 424/644/179 428/648/179
f 428/649/180 424/645/180 422/646/180 426/650/180
f 431/628/181 427/593/181 429/647/181 433/651/181
f 433/651/182 429/647/182 428/648/182 432/652/182
f 432/653/183 428/649/183 426/650/183 430/654/183
f 435/630/184 431/628/184 433/651/184 437/655/184
f 437/655/185 433/651/185 432/652/185 436/656/185
f 436/657/186 432/653/186 430/654/186 434/658/186
f 439/632/187 435/630/187 437/655/187 441/659/187
f 441/659/188 437/655/188 436/656/188 440/660/188
f 440/661/189 436/657/189 434/658/189 438/662/189
f 443/633/190 439/632/190 441/659/190 445/663/190
f 445/663/191 441/659/191 440/660/191 444/664/191
f 444/665/192 440/661/192 438/662/192 442/666/192
f 447/607/193 443/633/193 445/663/193 449/667/193
f 449/667/194 445/663/194 444/664/194 448/668/194
f 448/669/195 444/665/195 442/666/195 446/670/195
f 451/608/196 447/607/196 449/667/196 453/671/196
f 453/671/197 449/667/197 448/668/197 452/672/197
f 452/673/198 448/669/198 446/670/198 450/674/198
f 455/624/199 451/608/199 453/671/199 457/675/199
f 457/675/200 453/671/200 452/672/200 456/676/200
f 456/677/201 452/673/201 450/674/201 454/678/201
f 459/627/202 455/624/202 457/675/202 461/679/202
f 461/679/203 457/675/203 456/676/203 460/680/203
f 460/681/204 456/677/204 454/678/204 458/682/204
f 463/629/205 459/627/205 461/679/205 465/683/205
f 465/683/206 461/679/206 460/680/206 464/684/206
f 464/685/207 460/681/207 458/682/207 462/686/207
f 467/631/208 463/629/208 465/683/208 469/687/208
f 469/687/209 465/683/209 464/684/209 468/688/209
f 468/689/210 464/685/210 462/686/210 466/690/210
f 471/625/211 467/631/211 469/687/211 473/691/211
f 473/691/212 469/687/212 468/688/212 472/692/212
f 472/693/213 468/689/213 466/690/213 470/694/213
f 418/626/214 471/625/214 473/691/214 420/695/214
f 420/695/215 473/691/215 472/692/215 421/696/215
f 421/640/216 472/693/216 470/694/216 419/641/216
f 399/599/217 400/598/217 418/634/217 415/606/217
f 517/697/218 488/698/218 474/699/218 518/700/218
f 516/701/219 487/702/219 488/698/219 517/697/219
f 515/703/220 486/704/220 487/702/220 516/701/220
f 514/705/221 485/706/221 486/704/221 515/703/221
f 513/707/222 484/708/222 485/706/222 514/705/222
f 512/709/223 483/710/223 484/708/223 513/707/223
f 511/711/224 482/712/224 483/710/224 512/709/224
f 510/713/225 481/714/225 482/712/225 511/711/225
f 509/715/226 480/716/226 481/714/226 510/713/226
f 508/717/227 479/718/227 480/716/227 509/715/227
f 507/719/228 478/720/228 479/718/228 508/717/228
f 506/721/229 477/722/229 478/720/229 507/719/229
f 505/723/230 476/724/230 477/722/230 506/721/230
f 504/725/231 475/726/231 476/724/231 505/723/231
f 518/727/232 474/728/232 475/726/232 504/725/232
f 488/698/233 503/573/233 489/574/233 474/699/233
f 487/702/234 502/568/234 503/573/234 488/698/234
f 486/704/235 501/566/235 502/568/235 487/702/235
f 485/706/236 500/564/236 501/566/236 486/704/236
f 484/708/237 499/562/237 500/564/237 485/706/237
f 483/710/238 498/560/238 499/562/238 484/708/238
f 482/712/239 497/558/239 498/560/239 483/710/239
f 481/714/240 496/556/240 497/558/240 482/712/240
f 480/716/241 495/554/241 496/556/241 481/714/241
f 479/718/242 494/552/242 495/554/242 480/716/242
f 478/720/243 493/550/243 494/552/243 479/718/243
f 477/722/244 492/548/244 493/550/244 478/720/244
f 476/724/245 491/546/245 492/548/245 477/722/245
f 475/726/246 490/544/246 491/546/246 476/724/246
f 474/728/247 489/541/247 490/544/247 475/726/247
f 369/729/145 518/727/145 504/725/145 371/730/145
f 371/730/146 504/725/146 505/723/146 373/731/146
f 373/731/147 505/723/147 506/721/147 375/732/147
f 375/732/148 506/721/148 507/719/148 377/733/148
f 377/733/149 507/719/149 508/717/149 379/734/149
f 379/734/150 508/717/150 509/715/150 381/735/150
f 381/735/151 509/715/151 510/713/151 383/736/151
f 383/736/144 510/713/144 511/711/144 385/737/144
f 385/737/152 511/711/152 512/709/152 387/738/152
f 387/738/153 512/709/153 513/707/153 389/739/153
f 389/739/154 513/707/154 514/705/154 391/740/154
f 391/740/155 514/705/155 515/703/155 393/741/155
f 393/741/156 515/703/156 516/701/156 395/742/156
f 395/742/157 516/701/157 517/697/157 397/743/157
f 397/743/158 517/697/158 518/700/158 369/744/158
f 519/745/145 520/746/145 522/747/145 521/748/145
f 521/748/146 522/747/146 524/749/146 523/750/146
f 523/750/147 524/749/147 526/751/147 525/752/147
f 525/752/148 526/751/148 528/753/148 527/754/148
f 527/754/149 528/753/149 530/755/149 529/756/149
f 529/756/150 530/755/150 532/757/150 531/758/150
f 531/758/151 532/757/151 534/759/151 533/760/151
f 533/760/144 534/759/144 536/761/144 535/762/144
f 535/762/152 536/761/152 538/763/152 537/764/152
f 537/764/153 538/763/153 540/765/153 539/766/153
f 539/766/154 540/765/154 542/767/154 541/768/154
f 541/768/155 542/767/155 544/769/155 543/770/155
f 543/770/156 544/769/156 546/771/156 545/772/156
f 520/773/33 548/774/33 563/775/33 550/776/33
f 545/772/157 546/771/157 548/774/157 547/777/157
f 547/777/158 548/774/158 520/773/158 519/778/158
f 519/779/33 521/780/33 523/781/33 525/782/33 527/783/33 529/784/33 531/785/33 533/786/33 535/787/33 537/788/33 539/789/33 541/790/33 543/791/33 545/792/33 547/793/33
f 550/776/158 563/775/158 578/794/158 565/795/158
f 526/751/33 524/749/33 551/796/33 552/797/33
f 536/761/33 534/759/33 556/798/33 557/799/33
f 546/771/33 544/769/33 561/800/33 562/801/33
f 522/747/33 520/746/33 550/802/33 549/803/33
f 532/757/33 530/755/33 554/804/33 555/805/33
f 542/767/33 540/765/33 559/806/33 560/807/33
f 528/753/33 526/751/33 552/797/33 553/808/33
f 538/763/33 536/761/33 557/799/33 558/809/33
f 548/774/33 546/771/33 562/801/33 563/775/33
f 524/749/33 522/747/33 549/803/33 551/796/33
f 534/759/33 532/757/33 555/805/33 556/798/33
f 544/769/33 542/767/33 560/807/33 561/800/33
f 530/755/33 528/753/33 553/808/33 554/804/33
f 540/765/33 538/763/33 558/809/33 559/806/33
f 564/810/130 565/811/130 578/812/130 577/813/130 576/814/130 575/815/130 574/816/130 573/817/130 572/818/130 571/819/130 570/820/130 569/821/130 568/822/130 567/823/130 566/824/130
f 557/799/144 556/798/144 571/825/144 572/826/144
f 549/803/145 550/802/145 565/827/145 564/828/145
f 558/809/152 557/799/152 572/826/152 573/829/152
f 551/796/146 549/803/146 564/828/146 566/830/146
f 559/806/153 558/809/153 573/829/153 574/831/153
f 552/797/147 551/796/147 566/830/147 567/832/147
f 560/807/154 559/806/154 574/831/154 575/833/154
f 553/808/148 552/797/148 567/832/148 568/834/148
f 561/800/155 560/807/155 575/833/155 576/835/155
f 554/804/149 553/808/149 568/834/149 569/836/149
f 562/801/156 561/800/156 576/835/156 577/837/156
f 555/805/150 554/804/150 569/836/150 570/838/150
f 563/775/157 562/801/157 577/837/157 578/794/157
f 556/798/151 555/805/151 570/838/151 571/825/151
f 579/839/145 580/840/145 582/841/145 581/842/145
f 581/842/146 582/841/146 584/843/146 583/844/146
f 583/844/147 584/843/147 586/845/147 585/846/147
f 585/846/148 586/845/148 588/847/148 587/848/148
f 587/848/149 588/847/149 590/849/149 589/850/149
f 589/850/150 590/849/150 592/851/150 591/852/150
f 591/852/151 592/851/151 594/853/151 593/854/151
f 593/854/144 594/853/144 596/855/144 595/856/144
f 595/856/152 596/855/152 598/857/152 597/858/152
f 597/858/153 598/857/153 600/859/153 599/860/153
f 599/860/154 600/859/154 602/861/154 601/862/154
f 601/862/155 602/861/155 604/863/155 603/864/155
f 603/864/156 604/863/156 606/865/156 605/866/156
f 580/867/33 608/868/33 623/869/33 610/870/33
f 605/866/157 606/865/157 608/868/157 607/871/157
f 607/871/158 608/868/158 580/867/158 579/872/158
f 579/873/33 581/874/33 583/875/33 585/876/33 587/877/33 589/878/33 591/879/33 593/880/33 595/881/33 597/882/33 599/883/33 601/884/33 603/885/33 605/886/33 607/887/33
f 610/870/158 623/869/158 638/888/158 625/889/158
f 586/845/33 584/843/33 611/890/33 612/891/33
f 596/855/33 594/853/33 616/892/33 617/893/33
f 606/865/33 604/863/33 621/894/33 622/895/33
f 582/841/33 580/840/33 610/896/33 609/897/33
f 592/851/33 590/849/33 614/898/33 615/899/33
f 602/861/33 600/859/33 619/900/33 620/901/33
f 588/847/33 586/845/33 612/891/33 613/902/33
f 598/857/33 596/855/33 617/893/33 618/903/33
f 608/868/33 606/865/33 622/895/33 623/869/33
f 584/843/33 582/841/33 609/897/33 611/890/33
f 594/853/33 592/851/33 615/899/33 616/892/33
f 604/863/33 602/861/33 620/901/33 621/894/33
f 590/849/33 588/847/33 613/902/33 614/898/33
f 600/859/33 598/857/33 618/903/33 619/900/33
f 624/904/130 625/905/130 638/906/130 637/907/130 636/908/130 635/909/130 634/910/130 633/911/130 632/912/130 631/913/130 630/914/130 629/915/130 628/916/130 627/917/130 626/918/130
f 617/893/144 616/892/144 631/919/144 632/920/144
f 609/897/145 610/896/145 625/921/145 624/922/145
f 618/903/152 617/893/152 632/920/152 633/923/152
f 611/890/146 609/897/146 624/922/146 626/924/146
f 619/900/153 618/903/153 633/923/153 634/925/153
f 612/891/147 611/890/147 626/924/147 627/926/147
f 620/901/154 619/900/154 634/925/154 635/927/154
f 613/902/148 612/891/148 627/926/148 628/928/148
f 621/894/155 620/901/155 635/927/155 636/929/155
f 614/898/149 613/902/149 628/928/149 629/930/149
f 622/895/156 621/894/156 636/929/156 637/931/156
f 615/899/150 614/898/150 629/930/150 630/932/150
f 623/869/157 622/895/157 637/931/157 638/888/157
f 616/892/151 615/899/151 630/932/151 631/919/151
f 639/933/145 640/934/145 642/935/145 641/936/145
f 641/936/146 642/935/146 644/937/146 643/938/146
f 643/938/147 644/937/147 646/939/147 645/940/147
f 645/940/148 646/939/148 648/941/148 647/942/148
f 647/942/149 648/941/149 650/943/149 649/944/149
f 649/944/150 650/943/150 652/945/150 651/946/150
f 651/946/151 652/945/151 654/947/151 653/948/151
f 653/948/144 654/947/144 656/949/144 655/950/144
f 655/950/152 656/949/152 658/951/152 657/952/152
f 657/952/153 658/951/153 660/953/153 659/954/153
f 659/954/154 660/953/154 662/955/154 661/956/154
f 661/956/155 662/955/155 664/957/155 663/958/155
f 663/958/156 664/957/156 666/959/156 665/960/156
f 640/961/33 668/962/33 683/963/33 670/964/33
f 665/960/157 666/959/157 668/962/157 667/965/157
f 667/965/158 668/962/158 640/961/158 639/966/158
f 639/967/33 641/968/33 643/969/33 645/970/33 647/971/33 649/972/33 651/973/33 653/974/33 655/975/33 657/976/33 659/977/33 661/978/33 663/979/33 665/980/33 667/981/33
f 670/964/158 683/963/158 698/982/158 685/983/158
f 646/939/33 644/937/33 671/984/33 672/985/33
f 656/949/33 654/947/33 676/986/33 677/987/33
f 666/959/33 664/957/33 681/988/33 682/989/33
f 642/935/33 640/934/33 670/990/33 669/991/33
f 652/945/33 650/943/33 674/992/33 675/993/33
f 662/955/33 660/953/33 679/994/33 680/995/33
f 648/941/33 646/939/33 672/985/33 673/996/33
f 658/951/33 656/949/33 677/987/33 678/997/33
f 668/962/33 666/959/33 682/989/33 683/963/33
f 644/937/33 642/935/33 669/991/33 671/984/33
f 654/947/33 652/945/33 675/993/33 676/986/33
f 664/957/33 662/955/33 680/995/33 681/988/33
f 650/943/33 648/941/33 673/996/33 674/992/33
f 660/953/33 658/951/33 678/997/33 679/994/33
f 684/998/130 685/999/130 698/1000/130 697/1001/130 696/1002/130 695/1003/130 694/1004/130 693/1005/130 692/1006/130 691/1007/130 690/1008/130 689/1009/130 688/1010/130 687/1011/130 686/1012/130
f 677/987/144 676/986/144 691/1013/144 692/1014/144
f 669/991/145 670/990/145 685/1015/145 684/1016/145
f 678/997/152 677/987/152 692/1014/152 693/1017/152
f 671/984/146 669/991/146 684/1016/146 686/1018/146
f 679/994/153 678/997/153 693/1017/153 694/1019/153
f 672/985/147 671/984/147 686/1018/147 687/1020/147
f 680/995/154 679/994/154 694/1019/154 695/1021/154
f 673/996/148 672/985/148 687/1020/148 688/1022/148
f 681/988/155 680/995/155 695/1021/155 696/1023/155
f 674/992/149 673/996/149 688/1022/149 689/1024/149
f 682/989/156 681/988/156 696/1023/156 697/1025/156
f 675/993/150 674/992/150 689/1024/150 690/1026/150
f 683/963/157 682/989/157 697/1025/157 698/982/157
f 676/986/151 675/993/151 690/1026/151 691/1013/151
f 703/1027/248 704/1028/248 702/1029/248 701/1030/248
f 699/1031/248 700/1032/248 704/1028/248 703/1027/248
f 700/1032/144 699/1031/144 705/1033/144 706/1034/144
f 701/1030/249 702/1029/249 708/1035/249 707/1036/249
f 713/1037/248 714/1038/248 712/1039/248 711/1040/248
f 709/1041/248 710/1042/248 714/1038/248 713/1037/248
f 710/1042/250 709/1041/250 715/1043/250 716/1044/250
f 731/1045/251 789/1046/251 733/1047/251 717/1048/251
f 719/1049/252 741/1050/252 745/1051/252 720/1052/252
f 720/1052/253 745/1051/253 749/1053/253 721/1054/253
f 721/1054/254 749/1053/254 753/1055/254 722/1056/254
f 722/1056/255 753/1055/255 757/1057/255 723/1058/255
f 723/1058/256 757/1057/256 761/1059/256 724/1060/256
f 724/1060/257 761/1059/257 765/1061/257 725/1062/257
f 725/1062/258 765/1061/258 769/1063/258 726/1064/258
f 726/1064/259 769/1063/259 773/1065/259 727/1066/259
f 727/1066/260 773/1065/260 777/1067/260 728/1068/260
f 728/1068/261 777/1067/261 781/1069/261 729/1070/261
f 729/1070/262 781/1069/262 785/1071/262 730/1072/262
f 730/1072/263 785/1071/263 789/1046/263 731/1045/263
f 717/1073/264 733/1074/264 737/1075/264 718/1076/264
f 718/1076/265 737/1075/265 741/1050/265 719/1049/265
f 717/1077/144 718/1078/144 719/1079/144 720/1080/144 721/1081/144 722/1082/144 723/1083/144 724/1084/144 725/1085/144 726/1086/144 727/1087/144 728/1088/144 729/1089/144 730/1090/144 731/1091/144
f 737/1075/266 733/1074/266 735/1092/266 739/1093/266
f 739/1094/267 735/1095/267 734/1096/267 738/1097/267
f 738/1097/268 734/1096/268 732/1098/268 736/1099/268
f 741/1050/269 737/1075/269 739/1100/269 743/1101/269
f 743/1102/270 739/1103/270 738/1097/270 742/1104/270
f 742/1104/271 738/1097/271 736/1099/271 740/1105/271
f 745/1051/272 741/1050/272 743/1101/272 747/1106/272
f 747/1107/273 743/1108/273 742/1104/273 746/1109/273
f 746/1109/274 742/1104/274 740/1105/274 744/1110/274
f 749/1053/275 745/1051/275 747/1106/275 751/1111/275
f 751/1112/276 747/1107/276 746/1109/276 750/1113/276
f 750/1113/277 746/1109/277 744/1110/277 748/1114/277
f 753/1055/278 749/1053/278 751/1111/278 755/1115/278
f 755/1116/279 751/1112/279 750/1113/279 754/1117/279
f 754/1117/280 750/1113/280 748/1114/280 752/1118/280
f 757/1057/281 753/1055/281 755/1115/281 759/1119/281
f 759/1120/282 755/1121/282 754/1117/282 758/1122/282
f 758/1122/283 754/1117/283 752/1118/283 756/1123/283
f 761/1059/284 757/1057/284 759/1119/284 763/1124/284
f 763/1125/285 759/1120/285 758/1122/285 762/1126/285
f 762/1126/286 758/1122/286 756/1123/286 760/1127/286
f 765/1061/287 761/1059/287 763/1124/287 767/1128/287
f 767/1129/288 763/1125/288 762/1126/288 766/1130/288
f 766/1130/289 762/1126/289 760/1127/289 764/1131/289
f 769/1063/290 765/1061/290 767/1128/290 771/1132/290
f 771/1133/291 767/1134/291 766/1130/291 770/1135/291
f 770/1135/292 766/1130/292 764/1131/292 768/1136/292
f 773/1065/293 769/1063/293 771/1132/293 775/1137/293
f 775/1138/294 771/1133/294 770/1135/294 774/1139/294
f 774/1139/295 770/1135/295 768/1136/295 772/1140/295
f 777/1067/296 773/1065/296 775/1137/296 779/1141/296
f 779/1142/297 775/1143/297 774/1139/297 778/1144/297
f 778/1144/298 774/1139/298 772/1140/298 776/1145/298
f 781/1069/299 777/1067/299 779/1141/299 783/1146/299
f 783/1147/300 779/1142/300 778/1144/300 782/1148/300
f 782/1148/301 778/1144/301 776/1145/301 780/1149/301
f 785/1071/302 781/1069/302 783/1146/302 787/1150/302
f 787/1151/303 783/1152/303 782/1148/303 786/1153/303
f 786/1153/304 782/1148/304 780/1149/304 784/1154/304
f 789/1046/305 785/1071/305 787/1150/305 791/1155/305
f 791/1156/306 787/1157/306 786/1153/306 790/1158/306
f 790/1158/307 786/1153/307 784/1154/307 788/1159/307
f 733/1047/308 789/1046/308 791/1160/308 735/1161/308
f 735/1095/309 791/1156/309 790/1158/309 734/1096/309
f 734/1096/310 790/1158/310 788/1159/310 732/1098/310
f 736/1099/141 732/1098/141 788/1159/141 784/1154/141 780/1149/141 776/1145/141 772/1140/141 768/1136/141 764/1131/141 760/1127/141 756/1123/141 752/1118/141 748/1114/141 744/1110/141 740/1105/141
f 794/1162/33 792/1163/33 967/1164/33 966/1165/33
f 806/1166/248 804/1167/248 799/1168/248 798/1169/248
f 798/1169/130 799/1168/130 797/1170/130 796/1171/130
f 811/1172/257 809/1173/257 793/1174/257 792/1175/257
f 806/1176/144 798/1169/144 796/1171/144 805/1177/144
f 810/1178/141 795/1179/141 793/1180/141 809/1181/141
f 804/1182/311 801/1183/311 803/1184/311 807/1185/311
f 808/1186/144 800/1187/144 802/1188/144 811/1189/144
f 805/1190/257 807/1191/257 803/1192/257 802/1193/257
f 808/1194/248 810/1195/248 801/1196/248 800/1197/248
f 796/1171/257 797/1170/257 807/1191/257 805/1190/257
f 799/1168/141 804/1182/141 807/1185/141 797/1170/141
f 800/1187/144 806/1176/144 805/1177/144 802/1188/144
f 800/1197/248 801/1196/248 804/1167/248 806/1166/248
f 794/1198/248 795/1199/248 810/1195/248 808/1194/248
f 794/1162/144 808/1186/144 811/1189/144 792/1163/144
f 803/1184/312 801/1183/312 813/1200/312 814/1201/312
f 802/1193/257 803/1192/257 809/1173/257 811/1172/257
f 813/1200/141 812/1202/141 815/1203/141 814/1201/141
f 810/1178/313 809/1181/313 815/1203/313 812/1202/313
f 801/1196/248 810/1195/248 812/1204/248 813/1205/248
f 809/1173/257 803/1192/257 814/1206/257 815/1207/257
f 830/1208/314 888/1209/314 832/1210/314 816/1211/314
f 818/1212/315 840/1213/315 844/1214/315 819/1215/315
f 819/1215/316 844/1214/316 848/1216/316 820/1217/316
f 820/1217/317 848/1216/317 852/1218/317 821/1219/317
f 821/1219/318 852/1218/318 856/1220/318 822/1221/318
f 822/1221/319 856/1220/319 860/1222/319 823/1223/319
f 823/1223/257 860/1222/257 864/1224/257 824/1225/257
f 824/1225/320 864/1224/320 868/1226/320 825/1227/320
f 825/1227/321 868/1226/321 872/1228/321 826/1229/321
f 826/1229/322 872/1228/322 876/1230/322 827/1231/322
f 827/1231/323 876/1230/323 880/1232/323 828/1233/323
f 828/1233/324 880/1232/324 884/1234/324 829/1235/324
f 829/1235/325 884/1234/325 888/1209/325 830/1208/325
f 816/1236/326 832/1237/326 836/1238/326 817/1239/326
f 817/1239/327 836/1238/327 840/1213/327 818/1212/327
f 816/1240/33 817/1241/33 818/1242/33 819/1243/33 820/1244/33 821/1245/33 822/1246/33 823/1247/33 824/1248/33 825/1249/33 826/1250/33 827/1251/33 828/1252/33 829/1253/33 830/1254/33
f 836/1238/328 832/1237/328 834/1255/328 838/1256/328
f 838/1257/329 834/1258/329 833/1259/329 837/1260/329
f 837/1260/330 833/1259/330 831/1261/330 835/1262/330
f 840/1213/331 836/1238/331 838/1263/331 842/1264/331
f 842/1265/332 838/1266/332 837/1260/332 841/1267/332
f 841/1267/333 837/1260/333 835/1262/333 839/1268/333
f 844/1214/334 840/1213/334 842/1264/334 846/1269/334
f 846/1270/335 842/1271/335 841/1267/335 845/1272/335
f 845/1272/336 841/1267/336 839/1268/336 843/1273/336
f 848/1216/337 844/1214/337 846/1269/337 850/1274/337
f 850/1275/338 846/1270/338 845/1272/338 849/1276/338
f 849/1276/339 845/1272/339 843/1273/339 847/1277/339
f 852/1218/340 848/1216/340 850/1274/340 854/1278/340
f 854/1279/341 850/1275/341 849/1276/341 853/1280/341
f 853/1280/342 849/1276/342 847/1277/342 851/1281/342
f 856/1220/343 852/1218/343 854/1278/343 858/1282/343
f 858/1283/344 854/1284/344 853/1280/344 857/1285/344
f 857/1285/345 853/1280/345 851/1281/345 855/1286/345
f 860/1222/346 856/1220/346 858/1282/346 862/1287/346
f 862/1288/347 858/1283/347 857/1285/347 861/1289/347
f 861/1289/348 857/1285/348 855/1286/348 859/1290/348
f 864/1224/136 860/1222/136 862/1287/136 866/1291/136
f 866/1292/135 862/1288/135 861/1289/135 865/1293/135
f 865/1293/134 861/1289/134 859/1290/134 863/1294/134
f 868/1226/349 864/1224/349 866/1291/349 870/1295/349
f 870/1296/350 866/1297/350 865/1293/350 869/1298/350
f 869/1298/351 865/1293/351 863/1294/351 867/1299/351
f 872/1228/352 868/1226/352 870/1295/352 874/1300/352
f 874/1301/353 870/1296/353 869/1298/353 873/1302/353
f 873/1302/354 869/1298/354 867/1299/354 871/1303/354
f 876/1230/355 872/1228/355 874/1300/355 878/1304/355
f 878/1305/356 874/1306/356 873/1302/356 877/1307/356
f 877/1307/357 873/1302/357 871/1303/357 875/1308/357
f 880/1232/358 876/1230/358 878/1304/358 882/1309/358
f 882/1310/359 878/1305/359 877/1307/359 881/1311/359
f 881/1311/360 877/1307/360 875/1308/360 879/1312/360
f 884/1234/361 880/1232/361 882/1309/361 886/1313/361
f 886/1314/362 882/1315/362 881/1311/362 885/1316/362
f 885/1316/363 881/1311/363 879/1312/363 883/1317/363
f 888/1209/364 884/1234/364 886/1313/364 890/1318/364
f 890/1319/365 886/1320/365 885/1316/365 889/1321/365
f 889/1321/366 885/1316/366 883/1317/366 887/1322/366
f 832/1210/367 888/1209/367 890/1323/367 834/1324/367
f 834/1258/368 890/1319/368 889/1321/368 833/1259/368
f 833/1259/369 889/1321/369 887/1322/369 831/1261/369
f 835/1262/130 831/1261/130 887/1322/130 883/1317/130 879/1312/130 875/1308/130 871/1303/130 867/1299/130 863/1294/130 859/1290/130 855/1286/130 851/1281/130 847/1277/130 843/1273/130 839/1268/130
f 905/1325/314 963/1326/314 907/1327/314 891/1328/314
f 893/1329/315 915/1330/315 919/1331/315 894/1332/315
f 894/1332/316 919/1331/316 923/1333/316 895/1334/316
f 895/1334/317 923/1333/317 927/1335/317 896/1336/317
f 896/1336/318 927/1335/318 931/1337/318 897/1338/318
f 897/1338/319 931/1337/319 935/1339/319 898/1340/319
f 898/1340/257 935/1339/257 939/1341/257 899/1342/257
f 899/1342/320 939/1341/320 943/1343/320 900/1344/320
f 900/1344/321 943/1343/321 947/1345/321 901/1346/321
f 901/1346/322 947/1345/322 951/1347/322 902/1348/322
f 902/1348/323 951/1347/323 955/1349/323 903/1350/323
f 903/1350/324 955/1349/324 959/1351/324 904/1352/324
f 904/1352/325 959/1351/325 963/1326/325 905/1325/325
f 891/1353/326 907/1354/326 911/1355/326 892/1356/326
f 892/1356/327 911/1355/327 915/1330/327 893/1329/327
f 891/1357/33 892/1358/33 893/1359/33 894/1360/33 895/1361/33 896/1362/33 897/1363/33 898/1364/33 899/1365/33 900/1366/33 901/1367/33 902/1368/33 903/1369/33 904/1370/33 905/1371/33
f 911/1355/328 907/1354/328 909/1372/328 913/1373/328
f 913/1374/329 909/1375/329 908/1376/329 912/1377/329
f 912/1377/330 908/1376/330 906/1378/330 910/1379/330
f 915/1330/331 911/1355/331 913/1380/331 917/1381/331
f 917/1382/332 913/1383/332 912/1377/332 916/1384/332
f 916/1384/333 912/1377/333 910/1379/333 914/1385/333
f 919/1331/334 915/1330/334 917/1381/334 921/1386/334
f 921/1387/370 917/1388/370 916/1384/370 920/1389/370
f 920/1389/336 916/1384/336 914/1385/336 918/1390/336
f 923/1333/337 919/1331/337 921/1386/337 925/1391/337
f 925/1392/338 921/1387/338 920/1389/338 924/1393/338
f 924/1393/339 920/1389/339 918/1390/339 922/1394/339
f 927/1335/340 923/1333/340 925/1391/340 929/1395/340
f 929/1396/341 925/1392/341 924/1393/341 928/1397/341
f 928/1397/342 924/1393/342 922/1394/342 926/1398/342
f 931/1337/343 927/1335/343 929/1395/343 933/1399/343
f 933/1400/344 929/1401/344 928/1397/344 932/1402/344
f 932/1402/345 928/1397/345 926/1398/345 930/1403/345
f 935/1339/346 931/1337/346 933/1399/346 937/1404/346
f 937/1405/347 933/1400/347 932/1402/347 936/1406/347
f 936/1406/348 932/1402/348 930/1403/348 934/1407/348
f 939/1341/136 935/1339/136 937/1404/136 941/1408/136
f 941/1409/135 937/1405/135 936/1406/135 940/1410/135
f 940/1410/134 936/1406/134 934/1407/134 938/1411/134
f 943/1343/349 939/1341/349 941/1408/349 945/1412/349
f 945/1413/350 941/1414/350 940/1410/350 944/1415/350
f 944/1415/351 940/1410/351 938/1411/351 942/1416/351
f 947/1345/352 943/1343/352 945/1412/352 949/1417/352
f 949/1418/353 945/1413/353 944/1415/353 948/1419/353
f 948/1419/354 944/1415/354 942/1416/354 946/1420/354
f 951/1347/355 947/1345/355 949/1417/355 953/1421/355
f 953/1422/356 949/1423/356 948/1419/356 952/1424/356
f 952/1424/357 948/1419/357 946/1420/357 950/1425/357
f 955/1349/358 951/1347/358 953/1421/358 957/1426/358
f 957/1427/359 953/1422/359 952/1424/359 956/1428/359
f 956/1428/360 952/1424/360 950/1425/360 954/1429/360
f 959/1351/361 955/1349/361 957/1426/361 961/1430/361
f 961/1431/362 957/1432/362 956/1428/362 960/1433/362
f 960/1433/363 956/1428/363 954/1429/363 958/1434/363
f 963/1326/364 959/1351/364 961/1430/364 965/1435/364
f 965/1436/365 961/1437/365 960/1433/365 964/1438/365
f 964/1438/366 960/1433/366 958/1434/366 962/1439/366
f 907/1327/367 963/1326/367 965/1440/367 909/1441/367
f 909/1375/368 965/1436/368 964/1438/368 908/1376/368
f 908/1376/369 964/1438/369 962/1439/369 906/1378/369
f 910/1379/130 906/1378/130 962/1439/130 958/1434/130 954/1429/130 950/1425/130 946/1420/130 942/1416/130 938/1411/130 934/1407/130 930/1403/130 926/1398/130 922/1394/130 918/1390/130 914/1385/130
f 967/1442/248 968/1443/248 978/1444/248 974/1445/248
f 795/1199/33 794/1198/33 966/1446/33 969/1447/33
f 792/1175/33 793/1174/33 968/1443/33 967/1442/33
f 793/1180/33 795/1179/33 969/1448/33 968/1449/33
f 969/1447/257 966/1446/257 971/1450/257 982/1451/257
f 968/1449/144 969/1448/144 982/1452/144 978/1453/144
f 975/1454/33 979/1455/33 983/1456/33 970/1457/33
f 971/1458/371 974/1459/371 976/1460/371 973/1461/371
f 973/1462/372 976/1463/372 977/1464/372 972/1465/372
f 972/1465/373 977/1464/373 975/1454/373 970/1457/373
f 974/1445/143 978/1444/143 980/1466/143 976/1467/143
f 976/1468/142 980/1469/142 981/1470/142 977/1464/142
f 977/1464/140 981/1470/140 979/1455/140 975/1454/140
f 978/1453/374 982/1452/374 984/1471/374 980/1472/374
f 980/1469/375 984/1473/375 985/1474/375 981/1470/375
f 981/1470/376 985/1474/376 983/1456/376 979/1455/376
f 982/1451/137 971/1450/137 973/1475/137 984/1473/137
f 984/1473/138 973/1475/138 972/1465/138 985/1474/138
f 985/1474/139 972/1465/139 970/1457/139 983/1456/139
f 966/1165/141 967/1164/141 974/1459/141 971/1458/141
f 986/1476/145 987/1477/145 989/1478/145 988/1479/145
f 988/1479/146 989/1478/146 991/1480/146 990/1481/146
f 990/1481/147 991/1480/147 993/1482/147 992/1483/147
f 992/1483/148 993/1482/148 995/1484/148 994/1485/148
f 994/1485/149 995/1484/149 997/1486/149 996/1487/149
f 996/1487/150 997/1486/150 999/1488/150 998/1489/150
f 998/1489/151 999/1488/151 1001/1490/151 1000/1491/151
f 1000/1491/144 1001/1490/144 1003/1492/144 1002/1493/144
f 1002/1493/152 1003/1492/152 1005/1494/152 1004/1495/152
f 1004/1495/153 1005/1494/153 1007/1496/153 1006/1497/153
f 1006/1497/154 1007/1496/154 1009/1498/154 1008/1499/154
f 1008/1499/155 1009/1498/155 1011/1500/155 1010/1501/155
f 1010/1501/156 1011/1500/156 1013/1502/156 1012/1503/156
f 987/1504/33 1015/1505/33 1030/1506/33 1017/1507/33
f 1012/1503/157 1013/1502/157 1015/1505/157 1014/1508/157
f 1014/1508/158 1015/1505/158 987/1504/158 986/1509/158
f 986/1510/33 988/1511/33 990/1512/33 992/1513/33 994/1514/33 996/1515/33 998/1516/33 1000/1517/33 1002/1518/33 1004/1519/33 1006/1520/33 1008/1521/33 1010/1522/33 1012/1523/33 1014/1524/33
f 1017/1507/158 1030/1506/158 1045/1525/158 1032/1526/158
f 993/1482/33 991/1480/33 1018/1527/33 1019/1528/33
f 1003/1492/33 1001/1490/33 1023/1529/33 1024/1530/33
f 1013/1502/33 1011/1500/33 1028/1531/33 1029/1532/33
f 989/1478/33 987/1477/33 1017/1533/33 1016/1534/33
f 999/1488/33 997/1486/33 1021/1535/33 1022/1536/33
f 1009/1498/33 1007/1496/33 1026/1537/33 1027/1538/33
f 995/1484/33 993/1482/33 1019/1528/33 1020/1539/33
f 1005/1494/33 1003/1492/33 1024/1530/33 1025/1540/33
f 1015/1505/33 1013/1502/33 1029/1532/33 1030/1506/33
f 991/1480/33 989/1478/33 1016/1534/33 1018/1527/33
f 1001/1490/33 999/1488/33 1022/1536/33 1023/1529/33
f 1011/1500/33 1009/1498/33 1027/1538/33 1028/1531/33
f 997/1486/33 995/1484/33 1020/1539/33 1021/1535/33
f 1007/1496/33 1005/1494/33 1025/1540/33 1026/1537/33
f 1031/1541/130 1032/1542/130 1045/1543/130 1044/1544/130 1043/1545/130 1042/1546/130 1041/1547/130 1040/1548/130 1039/1549/130 1038/1550/130 1037/1551/130 1036/1552/130 1035/1553/130 1034/1554/130 1033/1555/130
f 1024/1530/144 1023/1529/144 1038/1556/144 1039/1557/144
f 1016/1534/145 1017/1533/145 1032/1558/145 1031/1559/145
f 1025/1540/152 1024/1530/152 1039/1557/152 1040/1560/152
f 1018/1527/146 1016/1534/146 1031/1559/146 1033/1561/146
f 1026/1537/153 1025/1540/153 1040/1560/153 1041/1562/153
f 1019/1528/147 1018/1527/147 1033/1561/147 1034/1563/147
f 1027/1538/154 1026/1537/154 1041/1562/154 1042/1564/154
f 1020/1539/148 1019/1528/148 1034/1563/148 1035/1565/148
f 1028/1531/155 1027/1538/155 1042/1564/155 1043/1566/155
f 1021/1535/149 1020/1539/149 1035/1565/149 1036/1567/149
f 1029/1532/156 1028/1531/156 1043/1566/156 1044/1568/156
f 1022/1536/150 1021/1535/150 1036/1567/150 1037/1569/150
f 1030/1506/157 1029/1532/157 1044/1568/157 1045/1525/157
f 1023/1529/151 1022/1536/151 1037/1569/151 1038/1556/151
f 1046/1570/145 1047/1571/145 1049/1572/145 1048/1573/145
f 1048/1573/146 1049/1572/146 1051/1574/146 1050/1575/146
f 1050/1575/147 1051/1574/147 1053/1576/147 1052/1577/147
f 1052/1577/148 1053/1576/148 1055/1578/148 1054/1579/148
f 1054/1579/149 1055/1578/149 1057/1580/149 1056/1581/149
f 1056/1581/150 1057/1580/150 1059/1582/150 1058/1583/150
f 1058/1583/151 1059/1582/151 1061/1584/151 1060/1585/151
f 1060/1585/144 1061/1584/144 1063/1586/144 1062/1587/144
f 1062/1587/152 1063/1586/152 1065/1588/152 1064/1589/152
f 1064/1589/153 1065/1588/153 1067/1590/153 1066/1591/153
f 1066/1591/154 1067/1590/154 1069/1592/154 1068/1593/154
f 1068/1593/155 1069/1592/155 1071/1594/155 1070/1595/155
f 1070/1595/156 1071/1594/156 1073/1596/156 1072/1597/156
f 1047/1598/33 1075/1599/33 1090/1600/33 1077/1601/33
f 1072/1597/157 1073/1596/157 1075/1599/157 1074/1602/157
f 1074/1602/158 1075/1599/158 1047/1598/158 1046/1603/158
f 1046/1604/33 1048/1605/33 1050/1606/33 1052/1607/33 1054/1608/33 1056/1609/33 1058/1610/33 1060/1611/33 1062/1612/33 1064/1613/33 1066/1614/33 1068/1615/33 1070/1616/33 1072/1617/33 1074/1618/33
f 1077/1601/158 1090/1600/158 1105/1619/158 1092/1620/158
f 1053/1576/33 1051/1574/33 1078/1621/33 1079/1622/33
f 1063/1586/33 1061/1584/33 1083/1623/33 1084/1624/33
f 1073/1596/33 1071/1594/33 1088/1625/33 1089/1626/33
f 1049/1572/33 1047/1571/33 1077/1627/33 1076/1628/33
f 1059/1582/33 1057/1580/33 1081/1629/33 1082/1630/33
f 1069/1592/33 1067/1590/33 1086/1631/33 1087/1632/33
f 1055/1578/33 1053/1576/33 1079/1622/33 1080/1633/33
f 1065/1588/33 1063/1586/33 1084/1624/33 1085/1634/33
f 1075/1599/33 1073/1596/33 1089/1626/33 1090/1600/33
f 1051/1574/33 1049/1572/33 1076/1628/33 1078/1621/33
f 1061/1584/33 1059/1582/33 1082/1630/33 1083/1623/33
f 1071/1594/33 1069/1592/33 1087/1632/33 1088/1625/33
f 1057/1580/33 1055/1578/33 1080/1633/33 1081/1629/33
f 1067/1590/33 1065/1588/33 1085/1634/33 1086/1631/33
f 1091/1635/130 1092/1636/130 1105/1637/130 1104/1638/130 1103/1639/130 1102/1640/130 1101/1641/130 1100/1642/130 1099/1643/130 1098/1644/130 1097/1645/130 1096/1646/130 1095/1647/130 1094/1648/130 1093/1649/130
f 1084/1624/144 1083/1623/144 1098/1650/144 1099/1651/144
f 1076/1628/145 1077/1627/145 1092/1652/145 1091/1653/145
f 1085/1634/152 1084/1624/152 1099/1651/152 1100/1654/152
f 1078/1621/146 1076/1628/146 1091/1653/146 1093/1655/146
f 1086/1631/153 1085/1634/153 1100/1654/153 1101/1656/153
f 1079/1622/147 1078/1621/147 1093/1655/147 1094/1657/147
f 1087/1632/154 1086/1631/154 1101/1656/154 1102/1658/154
f 1080/1633/148 1079/1622/148 1094/1657/148 1095/1659/148
f 1088/1625/155 1087/1632/155 1102/1658/155 1103/1660/155
f 1081/1629/149 1080/1633/149 1095/1659/149 1096/1661/149
f 1089/1626/156 1088/1625/156 1103/1660/156 1104/1662/156
f 1082/1630/150 1081/1629/150 1096/1661/150 1097/1663/150
f 1090/1600/157 1089/1626/157 1104/1662/157 1105/1619/157
f 1083/1623/151 1082/1630/151 1097/1663/151 1098/1650/151
f 1109/1664/377 1108/1665/377 1114/1666/377 1117/1667/377
f 1108/1665/248 1109/1664/248 1113/1668/248 1112/1669/248
f 1112/1669/130 1113/1668/130 1111/1670/130 1110/1671/130
f 1110/1671/257 1111/1670/257 1107/1672/257 1106/1673/257
f 1108/1674/144 1112/1669/144 1110/1671/144 1106/1675/144
f 1113/1668/141 1109/1676/141 1107/1677/141 1111/1670/141
f 1106/1673/378 1107/1672/378 1116/1678/378 1115/1679/378
f 1107/1677/141 1109/1676/141 1117/1680/141 1116/1681/141
f 1108/1674/144 1106/1675/144 1115/1682/144 1114/1683/144
f 1117/1667/379 1114/1666/379 1119/1684/379 1130/1685/379
f 1123/1686/33 1127/1687/33 1131/1688/33 1118/1689/33
f 1115/1679/380 1116/1678/380 1126/1690/380 1122/1691/380
f 1116/1681/141 1117/1680/141 1130/1692/141 1126/1693/141
f 1119/1694/381 1122/1695/381 1124/1696/381 1121/1697/381
f 1121/1698/382 1124/1699/382 1125/1700/382 1120/1701/382
f 1120/1701/383 1125/1700/383 1123/1686/383 1118/1689/383
f 1122/1691/384 1126/1690/384 1128/1702/384 1124/1703/384
f 1124/1699/385 1128/1704/385 1129/1705/385 1125/1700/385
f 1125/1700/386 1129/1705/386 1127/1687/386 1123/1686/386
f 1126/1693/387 1130/1692/387 1132/1706/387 1128/1707/387
f 1128/1704/388 1132/1708/388 1133/1709/388 1129/1705/388
f 1129/1705/389 1133/1709/389 1131/1688/389 1127/1687/389
f 1130/1685/390 1119/1684/390 1121/1698/390 1132/1708/390
f 1132/1708/391 1121/1698/391 1120/1701/391 1133/1709/391
f 1133/1709/392 1120/1701/392 1118/1689/392 1131/1688/392
f 1114/1683/144 1115/1682/144 1122/1695/144 1119/1694/144
f 1134/1710/33 1135/1711/33 1137/1712/33 1136/1713/33
f 1136/1713/248 1137/1712/248 1141/1714/248 1140/1715/248
f 1140/1715/130 1141/1714/130 1139/1716/130 1138/1717/130
f 1138/1717/257 1139/1716/257 1135/1718/257 1134/1719/257
f 1136/1713/393 1140/1715/393 1144/1720/393 1142/1721/393
f 1141/1714/141 1137/1722/141 1135/1723/141 1139/1716/141
f 1142/1724/144 1144/1720/144 1145/1725/144 1143/1726/144
f 1134/1710/394 1136/1713/394 1142/1721/394 1143/1727/394
f 1140/1715/395 1138/1717/395 1145/1725/395 1144/1720/395
f 1138/1717/396 1134/1719/396 1143/1728/396 1145/1725/396
f 1146/1729/33 1147/1730/33 1149/1731/33 1148/1732/33
f 1148/1732/248 1149/1731/248 1153/1733/248 1152/1734/248
f 1152/1734/130 1153/1733/130 1151/1735/130 1150/1736/130
f 1150/1736/257 1151/1735/257 1147/1737/257 1146/1738/257
f 1148/1739/144 1152/1734/144 1150/1736/144 1146/1740/144
f 1153/1733/141 1149/1741/141 1147/1742/141 1151/1735/141
f 1156/1743/397 1154/1744/397 1175/1745/397 1174/1746/397
f 1156/1747/248 1157/1748/248 1161/1749/248 1160/1750/248
f 1159/1751/257 1158/1752/257 1164/1753/257 1165/1754/257
f 1158/1752/257 1159/1751/257 1155/1755/257 1154/1756/257
f 1156/1743/144 1160/1750/144 1158/1752/144 1154/1744/144
f 1161/1749/141 1157/1757/141 1155/1758/141 1159/1751/141
f 1162/1759/398 1165/1754/398 1169/1760/398 1166/1761/398
f 1158/1752/399 1160/1750/399 1163/1762/399 1164/1753/399
f 1161/1749/400 1159/1751/400 1165/1754/400 1162/1759/400
f 1160/1750/248 1161/1749/248 1162/1759/248 1163/1762/248
f 1167/1763/248 1166/1761/248 1170/1764/248 1171/1765/248
f 1163/1762/248 1162/1759/248 1166/1761/248 1167/1763/248
f 1165/1754/257 1164/1753/257 1168/1766/257 1169/1760/257
f 1164/1753/401 1163/1762/401 1167/1763/401 1168/1766/401
f 1171/1765/402 1170/1764/402 1173/1767/402 1172/1768/402
f 1169/1760/257 1168/1766/257 1172/1768/257 1173/1767/257
f 1168/1766/403 1167/1763/403 1171/1765/403 1172/1768/403
f 1166/1761/404 1169/1760/404 1173/1767/404 1170/1764/404
f 1176/1769/405 1177/1770/405 1181/1771/405 1180/1772/405
f 1157/1748/248 1156/1747/248 1174/1773/248 1177/1774/248
f 1154/1756/257 1155/1755/257 1176/1775/257 1175/1776/257
f 1155/1758/406 1157/1757/406 1177/1770/406 1176/1769/406
f 1178/1777/407 1179/1778/407 1183/1779/407 1182/1780/407
f 1174/1746/408 1175/1745/408 1179/1778/408 1178/1777/408
f 1177/1774/248 1174/1773/248 1178/1781/248 1181/1782/248
f 1175/1776/257 1176/1775/257 1180/1783/257 1179/1784/257
f 1183/1785/409 1184/1786/409 1185/1787/409 1182/1788/409
f 1181/1782/248 1178/1781/248 1182/1788/248 1185/1787/248
f 1179/1784/257 1180/1783/257 1184/1789/257 1183/1790/257
f 1180/1772/410 1181/1771/410 1185/1791/410 1184/1792/410
f 1186/1793/33 1187/1794/33 1189/1795/33 1188/1796/33
f 1188/1796/248 1189/1795/248 1193/1797/248 1192/1798/248
f 1192/1798/130 1193/1797/130 1191/1799/130 1190/1800/130
f 1190/1800/257 1191/1799/257 1187/1801/257 1186/1802/257
f 1188/1803/144 1192/1798/144 1190/1800/144 1186/1804/144
f 1193/1797/141 1189/1805/141 1187/1806/141 1191/1799/141
f 1194/1807/33 1195/1808/33 1197/1809/33 1196/1810/33
f 1196/1810/248 1197/1809/248 1201/1811/248 1200/1812/248
f 1200/1812/130 1201/1811/130 1199/1813/130 1198/1814/130
f 1198/1814/257 1199/1813/257 1195/1815/257 1194/1816/257
f 1196/1817/144 1200/1812/144 1198/1814/144 1194/1818/144
f 1201/1811/141 1197/1819/141 1195/1820/141 1199/1813/141
f 1259/1821/411 1252/1822/411 1205/1823/411 1231/1824/411
f 1231/1824/248 1205/1823/248 1209/1825/248 1232/1826/248
f 1277/1827/412 1271/1828/412 1207/1829/412 1233/1830/412
f 1233/1830/257 1207/1829/257 1203/1831/257 1230/1832/257
f 1270/1833/144 1280/1834/144 1206/1835/144 1202/1836/144
f 1271/1828/141 1279/1837/141 1203/1838/141 1207/1829/141
f 1229/1839/257 1213/1840/257 1210/1841/257 1226/1842/257
f 1276/1843/130 1272/1844/130 1213/1840/130 1229/1839/130
f 1227/1845/248 1211/1846/248 1212/1847/248 1228/1848/248
f 1258/1849/33 1254/1850/33 1211/1846/33 1227/1845/33
f 1260/1851/413 1255/1852/413 1214/1853/413 1234/1854/413
f 1234/1854/248 1214/1853/248 1215/1855/248 1235/1856/248
f 1278/1857/414 1273/1858/414 1216/1859/414 1236/1860/414
f 1236/1860/257 1216/1859/257 1217/1861/257 1237/1862/257
f 1224/1863/257 1221/1864/257 1218/1865/257 1225/1866/257
f 1275/1867/130 1274/1868/130 1221/1864/130 1224/1863/130
f 1222/1869/248 1219/1870/248 1220/1871/248 1223/1872/248
f 1257/1873/33 1256/1874/33 1219/1870/33 1222/1869/33
f 1254/1850/33 1257/1873/33 1222/1869/33 1211/1846/33
f 1211/1846/248 1222/1869/248 1223/1872/248 1212/1847/248
f 1272/1844/130 1275/1867/130 1224/1863/130 1213/1840/130
f 1213/1840/257 1224/1863/257 1225/1866/257 1210/1841/257
f 1255/1852/33 1258/1849/33 1227/1845/33 1214/1853/33
f 1214/1853/248 1227/1845/248 1228/1848/248 1215/1855/248
f 1273/1858/130 1276/1843/130 1229/1839/130 1216/1859/130
f 1216/1859/257 1229/1839/257 1226/1842/257 1217/1861/257
f 1221/1864/257 1233/1830/257 1230/1832/257 1218/1865/257
f 1274/1868/415 1277/1827/415 1233/1830/415 1221/1864/415
f 1219/1870/248 1231/1824/248 1232/1826/248 1220/1871/248
f 1256/1874/416 1259/1821/416 1231/1824/416 1219/1870/416
f 1206/1835/257 1236/1860/257 1237/1862/257 1202/1875/257
f 1280/1834/417 1278/1857/417 1236/1860/417 1206/1835/417
f 1204/1876/248 1234/1854/248 1235/1856/248 1208/1877/248
f 1261/1878/418 1260/1851/418 1234/1854/418 1204/1876/418
f 1270/1879/418 1287/1880/418 1251/1881/418 1238/1882/418
f 1253/1883/417 1269/1884/417 1250/1885/417 1240/1886/417
f 1263/1887/130 1266/1888/130 1245/1889/130 1242/1890/130
f 1281/1891/33 1284/1892/33 1244/1893/33 1243/1894/33
f 1285/1895/33 1281/1891/33 1243/1894/33 1246/1896/33
f 1267/1897/130 1263/1887/130 1242/1890/130 1247/1898/130
f 1262/1899/141 1252/1900/141 1239/1901/141 1241/1902/141
f 1261/1903/144 1253/1883/144 1240/1886/144 1238/1904/144
f 1268/1905/412 1262/1899/412 1241/1902/412 1248/1906/412
f 1286/1907/411 1279/1908/411 1239/1909/411 1249/1910/411
f 1232/1826/412 1209/1825/412 1262/1899/412 1268/1905/412
f 1204/1911/144 1208/1877/144 1253/1883/144 1261/1903/144
f 1209/1825/141 1205/1912/141 1252/1900/141 1262/1899/141
f 1228/1848/130 1212/1847/130 1263/1887/130 1267/1897/130
f 1235/1856/414 1215/1855/414 1264/1913/414 1269/1884/414
f 1223/1872/130 1220/1871/130 1265/1914/130 1266/1888/130
f 1212/1847/130 1223/1872/130 1266/1888/130 1263/1887/130
f 1215/1855/130 1228/1848/130 1267/1897/130 1264/1913/130
f 1220/1871/415 1232/1826/415 1268/1905/415 1265/1914/415
f 1208/1877/417 1235/1856/417 1269/1884/417 1253/1883/417
f 1238/1882/418 1251/1881/418 1260/1851/418 1261/1878/418
f 1284/1892/141 1275/1867/141 1245/1889/141 1244/1893/141
f 1243/1894/33 1244/1893/33 1257/1873/33 1254/1850/33
f 1266/1888/141 1257/1873/141 1244/1893/141 1245/1889/141
f 1257/1873/257 1266/1888/257 1265/1914/257 1256/1874/257
f 1246/1896/33 1243/1894/33 1254/1850/33 1258/1849/33
f 1249/1910/411 1239/1909/411 1252/1822/411 1259/1821/411
f 1230/1915/411 1203/1916/411 1279/1908/411 1286/1907/411
f 1226/1917/33 1210/1918/33 1281/1891/33 1285/1895/33
f 1237/1919/413 1217/1920/413 1282/1921/413 1287/1880/413
f 1225/1922/33 1218/1923/33 1283/1924/33 1284/1892/33
f 1210/1918/33 1225/1922/33 1284/1892/33 1281/1891/33
f 1217/1920/33 1226/1917/33 1285/1895/33 1282/1921/33
f 1218/1923/416 1230/1915/416 1286/1907/416 1283/1924/416
f 1202/1925/418 1237/1919/418 1287/1880/418 1270/1879/418
f 1240/1886/417 1250/1885/417 1278/1857/417 1280/1834/417
f 1275/1867/248 1284/1892/248 1283/1924/248 1274/1868/248
f 1283/1924/248 1286/1907/248 1277/1827/248 1274/1868/248
f 1242/1890/130 1245/1889/130 1275/1867/130 1272/1844/130
f 1256/1874/257 1265/1914/257 1268/1905/257 1259/1821/257
f 1268/1905/144 1248/1906/144 1277/1827/144 1286/1907/144 1249/1910/144 1259/1821/144
f 1247/1898/130 1242/1890/130 1272/1844/130 1276/1843/130
f 1241/1902/141 1239/1901/141 1279/1837/141 1271/1828/141
f 1238/1904/144 1240/1886/144 1280/1834/144 1270/1833/144
f 1248/1906/412 1241/1902/412 1271/1828/412 1277/1827/412
f 1282/1921/248 1285/1895/248 1276/1843/248 1273/1858/248
f 1287/1880/248 1282/1921/248 1273/1858/248 1278/1857/248
f 1269/1884/257 1264/1913/257 1255/1852/257 1260/1851/257
f 1264/1913/257 1267/1897/257 1258/1849/257 1255/1852/257
f 1267/1897/144 1247/1898/144 1246/1896/144 1258/1849/144
f 1285/1895/144 1246/1896/144 1247/1898/144 1276/1843/144
f 1269/1884/141 1260/1851/141 1251/1881/141 1250/1885/141
f 1287/1880/141 1278/1857/141 1250/1885/141 1251/1881/141
f 1288/1926/419 1289/1927/419 1291/1928/419 1290/1929/419
f 1290/1929/420 1291/1928/420 1293/1930/420 1292/1931/420
f 1292/1931/421 1293/1930/421 1295/1932/421 1294/1933/421
f 1294/1933/422 1295/1932/422 1297/1934/422 1296/1935/422
f 1296/1935/423 1297/1934/423 1299/1936/423 1298/1937/423
f 1298/1937/424 1299/1936/424 1301/1938/424 1300/1939/424
f 1300/1939/425 1301/1938/425 1303/1940/425 1302/1941/425
f 1302/1941/144 1303/1940/144 1305/1942/144 1304/1943/144
f 1304/1943/426 1305/1942/426 1307/1944/426 1306/1945/426
f 1306/1945/427 1307/1944/427 1309/1946/427 1308/1947/427
f 1308/1947/428 1309/1946/428 1311/1948/428 1310/1949/428
f 1310/1949/429 1311/1948/429 1313/1950/429 1312/1951/429
f 1312/1951/430 1313/1950/430 1315/1952/430 1314/1953/430
f 1295/1932/257 1293/1930/257 1320/1954/257 1321/1955/257
f 1314/1953/431 1315/1952/431 1317/1956/431 1316/1957/431
f 1316/1957/432 1317/1956/432 1289/1958/432 1288/1959/432
f 1288/1960/257 1290/1961/257 1292/1962/257 1294/1963/257 1296/1964/257 1298/1965/257 1300/1966/257 1302/1967/257 1304/1968/257 1306/1969/257 1308/1970/257 1310/1971/257 1312/1972/257 1314/1973/257 1316/1974/257
f 1318/1975/433 1319/1976/433 1334/1977/433 1333/1978/433
f 1305/1942/257 1303/1940/257 1325/1979/257 1326/1980/257
f 1291/1928/257 1289/1927/257 1319/1976/257 1318/1975/257
f 1315/1952/257 1313/1950/257 1330/1981/257 1331/1982/257
f 1301/1938/257 1299/1936/257 1323/1983/257 1324/1984/257
f 1311/1948/257 1309/1946/257 1328/1985/257 1329/1986/257
f 1297/1934/257 1295/1932/257 1321/1955/257 1322/1987/257
f 1307/1944/257 1305/1942/257 1326/1980/257 1327/1988/257
f 1317/1956/257 1315/1952/257 1331/1982/257 1332/1989/257
f 1293/1930/257 1291/1928/257 1318/1975/257 1320/1954/257
f 1303/1940/257 1301/1938/257 1324/1984/257 1325/1979/257
f 1313/1950/257 1311/1948/257 1329/1986/257 1330/1981/257
f 1299/1936/257 1297/1934/257 1322/1987/257 1323/1983/257
f 1309/1946/257 1307/1944/257 1327/1988/257 1328/1985/257
f 1289/1958/257 1317/1956/257 1332/1989/257 1319/1990/257
f 1341/1991/434 1340/1992/434 1355/1993/434 1356/1994/434
f 1327/1988/435 1326/1980/435 1341/1991/435 1342/1995/435
f 1320/1954/436 1318/1975/436 1333/1978/436 1335/1996/436
f 1328/1985/437 1327/1988/437 1342/1995/437 1343/1997/437
f 1321/1955/438 1320/1954/438 1335/1996/438 1336/1998/438
f 1329/1986/439 1328/1985/439 1343/1997/439 1344/1999/439
f 1322/1987/440 1321/1955/440 1336/1998/440 1337/2000/440
f 1330/1981/441 1329/1986/441 1344/1999/441 1345/2001/441
f 1323/1983/442 1322/1987/442 1337/2000/442 1338/2002/442
f 1331/1982/443 1330/1981/443 1345/2001/443 1346/2003/443
f 1324/1984/444 1323/1983/444 1338/2002/444 1339/2004/444
f 1332/1989/445 1331/1982/445 1346/2003/445 1347/2005/445
f 1325/1979/446 1324/1984/446 1339/2004/446 1340/1992/446
f 1319/1990/447 1332/1989/447 1347/2005/447 1334/2006/447
f 1326/1980/448 1325/1979/448 1340/1992/448 1341/1991/448
f 1351/2007/449 1350/2008/449 1368/2009/449 1370/2010/449
f 1333/1978/450 1334/1977/450 1349/2011/450 1348/2012/450
f 1342/1995/451 1341/1991/451 1356/1994/451 1357/2013/451
f 1335/1996/452 1333/1978/452 1348/2012/452 1350/2008/452
f 1343/1997/453 1342/1995/453 1357/2013/453 1358/2014/453
f 1336/1998/454 1335/1996/454 1350/2008/454 1351/2007/454
f 1344/1999/455 1343/1997/455 1358/2014/455 1359/2015/455
f 1337/2000/456 1336/1998/456 1351/2007/456 1352/2016/456
f 1345/2001/457 1344/1999/457 1359/2015/457 1360/2017/457
f 1338/2002/458 1337/2000/458 1352/2016/458 1353/2018/458
f 1346/2003/459 1345/2001/459 1360/2017/459 1361/2019/459
f 1339/2004/460 1338/2002/460 1353/2018/460 1354/2020/460
f 1347/2005/461 1346/2003/461 1361/2019/461 1362/2021/461
f 1340/1992/462 1339/2004/462 1354/2020/462 1355/1993/462
f 1334/2006/463 1347/2005/463 1362/2021/463 1349/2022/463
f 1350/2008/464 1348/2012/464 1364/2023/464 1368/2009/464
f 1357/2013/465 1356/1994/465 1380/2024/465 1382/2025/465
f 1363/2026/248 1366/2027/248 1391/2028/248 1389/2029/248 1387/2030/248 1385/2031/248 1383/2032/248 1381/2033/248 1379/2034/248 1377/2035/248 1375/2036/248 1373/2037/248 1371/2038/248 1369/2039/248 1367/2040/248
f 1358/2014/466 1357/2013/466 1382/2025/466 1384/2041/466
f 1349/2022/467 1362/2021/467 1392/2042/467 1365/2043/467
f 1359/2015/468 1358/2014/468 1384/2041/468 1386/2044/468
f 1352/2016/469 1351/2007/469 1370/2010/469 1372/2045/469
f 1360/2017/470 1359/2015/470 1386/2044/470 1388/2046/470
f 1353/2018/471 1352/2016/471 1372/2045/471 1374/2047/471
f 1361/2019/472 1360/2017/472 1388/2046/472 1390/2048/472
f 1354/2020/473 1353/2018/473 1374/2047/473 1376/2049/473
f 1362/2021/474 1361/2019/474 1390/2048/474 1392/2042/474
f 1355/1993/475 1354/2020/475 1376/2049/475 1378/2050/475
f 1356/1994/476 1355/1993/476 1378/2050/476 1380/2024/476
f 1364/2051/477 1365/2052/477 1366/2027/477 1363/2026/477
f 1368/2053/478 1364/2051/478 1363/2026/478 1367/2040/478
f 1370/2054/479 1368/2053/479 1367/2040/479 1369/2039/479
f 1372/2055/480 1370/2054/480 1369/2039/480 1371/2038/480
f 1374/2056/481 1372/2055/481 1371/2038/481 1373/2037/481
f 1376/2057/482 1374/2056/482 1373/2037/482 1375/2036/482
f 1378/2058/483 1376/2057/483 1375/2036/483 1377/2035/483
f 1380/2059/484 1378/2058/484 1377/2035/484 1379/2034/484
f 1382/2060/485 1380/2059/485 1379/2034/485 1381/2033/485
f 1384/2061/486 1382/2060/486 1381/2033/486 1383/2032/486
f 1386/2062/487 1384/2061/487 1383/2032/487 1385/2031/487
f 1388/2063/488 1386/2062/488 1385/2031/488 1387/2030/488
f 1390/2064/489 1388/2063/489 1387/2030/489 1389/2029/489
f 1392/2065/490 1390/2064/490 1389/2029/490 1391/2028/490
f 1365/2052/491 1392/2065/491 1391/2028/491 1366/2027/491
f 1348/2012/492 1349/2011/492 1365/2066/492 1364/2023/492
f 1393/2067/33 1394/2068/33 1396/2069/33 1395/2070/33
f 1395/2070/248 1396/2069/248 1400/2071/248 1399/2072/248
f 1399/2072/130 1400/2071/130 1398/2073/130 1397/2074/130
f 1397/2074/257 1398/2073/257 1394/2075/257 1393/2076/257
f 1395/2077/144 1399/2072/144 1397/2074/144 1393/2078/144
f 1400/2071/141 1396/2079/141 1394/2080/141 1398/2073/141
f 1505/2081/493 1403/2082/493 1461/2083/493 1515/2084/493
f 1404/2085/494 1402/2086/494 1425/2087/494 1426/2088/494
f 1506/2089/495 1406/2090/495 1475/2091/495 1519/2092/495
f 1524/2093/496 1401/2094/496 1486/2095/496 1537/2096/496
f 1408/2097/497 1407/2098/497 1435/2099/497 1436/2100/497
f 1421/2101/498 1419/2102/498 1433/2103/498 1437/2104/498
f 1420/2105/499 1424/2106/499 1440/2107/499 1434/2108/499
f 1527/2109/500 1525/2110/500 1415/2111/500 1420/2112/500
f 1417/2113/501 1423/2114/501 1413/2115/501 1409/2116/501
f 1509/2117/257 1422/2118/257 1412/2119/257 1507/2120/257
f 1417/2121/144 1409/2122/144 1411/2123/144 1421/2124/144
f 1405/2125/502 1404/2085/502 1426/2088/502 1428/2126/502
f 1402/2086/503 1406/2090/503 1430/2127/503 1425/2087/503
f 1528/2128/504 1422/2129/504 1438/2130/504 1532/2131/504
f 1527/2132/505 1420/2133/505 1434/2134/505 1531/2135/505
f 1526/2136/506 1528/2137/506 1424/2138/506 1416/2139/506
f 1416/2140/141 1424/2106/141 1420/2105/141 1415/2141/141
f 1411/2142/507 1414/2143/507 1419/2102/507 1421/2101/507
f 1508/2144/248 1410/2145/248 1418/2146/248 1510/2147/248
f 1514/2148/248 1431/2149/248 1429/2150/248 1511/2151/248
f 1437/2104/507 1433/2103/507 1428/2152/507 1426/2153/507
f 1440/2107/141 1436/2154/141 1435/2155/141 1434/2108/141
f 1532/2131/506 1530/2156/506 1436/2100/506 1440/2157/506
f 1425/2158/144 1427/2159/144 1437/2160/144 1426/2161/144
f 1512/2162/257 1432/2163/257 1438/2130/257 1513/2164/257
f 1425/2087/501 1430/2127/501 1439/2165/501 1427/2166/501
f 1529/2167/500 1531/2135/500 1434/2134/500 1435/2168/500
f 1506/2089/508 1401/2094/508 1432/2163/508 1512/2162/508
f 1510/2169/509 1418/2170/509 1431/2149/509 1514/2148/509
f 1417/2121/510 1421/2124/510 1437/2160/510 1427/2159/510
f 1523/2171/511 1403/2082/511 1429/2172/511 1529/2173/511
f 1509/2174/512 1423/2114/512 1439/2165/512 1513/2164/512
f 1524/2093/513 1408/2097/513 1436/2100/513 1530/2156/513
f 1505/2081/514 1405/2125/514 1428/2126/514 1511/2175/514
f 1423/2114/515 1417/2113/515 1427/2166/515 1439/2165/515
f 1523/2171/516 1407/2098/516 1498/2176/516 1533/2177/516
f 1540/2178/130 1536/2179/130 1497/2180/130 1502/2181/130
f 1406/2090/517 1402/2086/517 1442/2182/517 1475/2091/517
f 1446/2183/130 1450/2184/130 1473/2185/130 1441/2186/130
f 1404/2085/518 1405/2125/518 1451/2187/518 1445/2188/518
f 1407/2098/519 1408/2097/519 1501/2189/519 1498/2176/519
f 1518/2190/130 1463/2191/130 1487/2192/130 1522/2193/130
f 1449/2194/520 1452/2195/520 1454/2196/520 1453/2197/520
f 1452/2195/521 1456/2198/521 1457/2199/521 1454/2196/521
f 1450/2184/522 1455/2200/522 1457/2199/522 1456/2198/522
f 1455/2200/523 1459/2201/523 1460/2202/523 1457/2199/523
f 1451/2187/524 1458/2203/524 1460/2202/524 1459/2201/524
f 1458/2203/525 1453/2197/525 1454/2196/525 1460/2202/525
f 1454/2196/526 1457/2199/526 1460/2202/526
f 1461/2083/527 1464/2204/527 1466/2205/527 1465/2206/527
f 1464/2204/528 1468/2207/528 1469/2208/528 1466/2205/528
f 1462/2209/529 1467/2210/529 1469/2208/529 1468/2207/529
f 1467/2210/530 1471/2211/530 1472/2212/530 1469/2208/530
f 1463/2191/531 1470/2213/531 1472/2212/531 1471/2211/531
f 1470/2213/532 1465/2206/532 1466/2205/532 1472/2212/532
f 1466/2205/533 1469/2208/533 1472/2212/533
f 1473/2185/534 1476/2214/534 1478/2215/534 1477/2216/534
f 1476/2214/535 1480/2217/535 1481/2218/535 1478/2215/535
f 1474/2219/536 1479/2220/536 1481/2218/536 1480/2217/536
f 1479/2220/537 1483/2221/537 1484/2222/537 1481/2218/537
f 1475/2091/538 1482/2223/538 1484/2222/538 1483/2221/538
f 1482/2223/539 1477/2216/539 1478/2215/539 1484/2222/539
f 1478/2215/540 1481/2218/540 1484/2222/540
f 1485/2224/541 1488/2225/541 1490/2226/541 1489/2227/541
f 1488/2225/542 1492/2228/542 1493/2229/542 1490/2226/542
f 1486/2095/543 1491/2230/543 1493/2229/543 1492/2228/543
f 1491/2230/544 1495/2231/544 1496/2232/544 1493/2229/544
f 1487/2192/545 1494/2233/545 1496/2232/545 1495/2231/545
f 1494/2233/546 1489/2227/546 1490/2226/546 1496/2232/546
f 1490/2226/547 1493/2229/547 1496/2232/547
f 1442/2182/548 1445/2188/548 1447/2234/548 1444/2235/548
f 1444/2235/549 1447/2234/549 1448/2236/549 1443/2237/549
f 1443/2237/550 1448/2236/550 1446/2183/550 1441/2186/550
f 1515/2084/551 1461/2083/551 1465/2206/551 1516/2238/551
f 1516/2238/552 1465/2206/552 1470/2213/552 1517/2239/552
f 1517/2239/553 1470/2213/553 1463/2191/553 1518/2190/553
f 1475/2091/554 1442/2182/554 1444/2235/554 1482/2223/554
f 1482/2223/555 1444/2235/555 1443/2237/555 1477/2216/555
f 1477/2216/556 1443/2237/556 1441/2186/556 1473/2185/556
f 1462/2209/130 1485/2224/130 1489/2227/130 1467/2210/130
f 1467/2210/130 1489/2227/130 1494/2233/130 1471/2211/130
f 1471/2211/130 1494/2233/130 1487/2192/130 1463/2191/130
f 1445/2188/557 1451/2187/557 1459/2201/557 1447/2234/557
f 1447/2234/558 1459/2201/558 1455/2200/558 1448/2236/558
f 1448/2236/559 1455/2200/559 1450/2184/559 1446/2183/559
f 1519/2092/560 1475/2091/560 1483/2221/560 1520/2240/560
f 1520/2240/561 1483/2221/561 1479/2220/561 1521/2241/561
f 1521/2241/562 1479/2220/562 1474/2219/562 1522/2193/562
f 1449/2194/130 1474/2219/130 1480/2217/130 1452/2195/130
f 1452/2195/130 1480/2217/130 1476/2214/130 1456/2198/130
f 1456/2198/130 1476/2214/130 1473/2185/130 1450/2184/130
f 1498/2176/563 1501/2189/563 1503/2242/563 1500/2243/563
f 1500/2243/564 1503/2242/564 1504/2244/564 1499/2245/564
f 1499/2245/565 1504/2244/565 1502/2181/565 1497/2180/565
f 1533/2177/566 1498/2176/566 1500/2243/566 1534/2246/566
f 1534/2246/567 1500/2243/567 1499/2245/567 1535/2247/567
f 1535/2247/568 1499/2245/568 1497/2180/568 1536/2179/568
f 1537/2096/569 1486/2095/569 1492/2248/569 1538/2249/569
f 1538/2249/570 1492/2248/570 1488/2225/570 1539/2250/570
f 1539/2250/571 1488/2225/571 1485/2224/571 1540/2178/571
f 1402/2086/572 1404/2085/572 1445/2188/572 1442/2182/572
f 1495/2231/562 1521/2241/562 1522/2193/562 1487/2192/562
f 1491/2230/561 1520/2240/561 1521/2241/561 1495/2231/561
f 1486/2095/560 1519/2092/560 1520/2240/560 1491/2230/560
f 1453/2197/553 1517/2239/553 1518/2190/553 1449/2194/553
f 1458/2203/552 1516/2238/552 1517/2239/552 1453/2197/552
f 1451/2187/573 1515/2084/573 1516/2238/573 1458/2203/573
f 1449/2194/130 1518/2190/130 1522/2193/130 1474/2219/130
f 1403/2082/514 1505/2081/514 1511/2175/514 1429/2172/514
f 1422/2129/512 1509/2174/512 1513/2164/512 1438/2130/512
f 1419/2102/509 1510/2169/509 1514/2148/509 1433/2103/509
f 1406/2090/508 1506/2089/508 1512/2162/508 1430/2127/508
f 1430/2127/257 1512/2162/257 1513/2164/257 1439/2165/257
f 1433/2103/248 1514/2148/248 1511/2151/248 1428/2152/248
f 1414/2143/248 1508/2251/248 1510/2169/248 1419/2102/248
f 1423/2114/257 1509/2174/257 1507/2252/257 1413/2115/257
f 1401/2094/495 1506/2089/495 1519/2092/495 1486/2095/495
f 1405/2125/493 1505/2081/493 1515/2084/493 1451/2187/493
f 1504/2244/574 1539/2250/574 1540/2178/574 1502/2181/574
f 1503/2242/575 1538/2249/575 1539/2250/575 1504/2244/575
f 1501/2189/576 1537/2096/576 1538/2249/576 1503/2242/576
f 1468/2207/577 1535/2247/577 1536/2179/577 1462/2209/577
f 1464/2204/578 1534/2246/578 1535/2247/578 1468/2207/578
f 1461/2083/579 1533/2177/579 1534/2246/579 1464/2204/579
f 1485/2224/130 1462/2209/130 1536/2179/130 1540/2178/130
f 1403/2082/516 1523/2171/516 1533/2177/516 1461/2083/516
f 1401/2094/513 1524/2093/513 1530/2156/513 1432/2163/513
f 1407/2098/511 1523/2171/511 1529/2173/511 1435/2099/511
f 1429/2150/500 1431/2149/500 1531/2135/500 1529/2167/500
f 1438/2130/506 1432/2163/506 1530/2156/506 1532/2131/506
f 1412/2253/506 1422/2129/506 1528/2128/506 1526/2254/506
f 1418/2170/505 1527/2132/505 1531/2135/505 1431/2149/505
f 1424/2255/504 1528/2128/504 1532/2131/504 1440/2157/504
f 1418/2170/500 1410/2256/500 1525/2257/500 1527/2132/500
f 1408/2097/496 1524/2093/496 1537/2096/496 1501/2189/496
f 1412/2253/33 1526/2254/33 1543/2258/33 1551/2259/33
f 1544/2260/144 1542/2261/144 1554/2262/144 1556/2263/144
f 1413/2115/33 1507/2252/33 1549/2264/33 1547/2265/33
f 1416/2140/33 1415/2141/33 1542/2261/33 1544/2260/33
f 1411/2123/33 1409/2122/33 1548/2266/33 1546/2267/33
f 1414/2143/33 1411/2142/33 1546/2268/33 1545/2269/33
f 1507/2270/33 1412/2271/33 1551/2272/33 1549/2273/33
f 1415/2274/33 1525/2275/33 1541/2276/33 1542/2277/33
f 1508/2251/33 1414/2143/33 1545/2269/33 1550/2278/33
f 1525/2257/33 1410/2256/33 1552/2279/33 1541/2280/33
f 1410/2281/33 1508/2282/33 1550/2283/33 1552/2284/33
f 1409/2116/33 1413/2115/33 1547/2265/33 1548/2285/33
f 1526/2286/33 1416/2287/33 1544/2288/33 1543/2289/33
f 1553/2290/33 1564/2291/33 1562/2292/33 1557/2293/33 1558/2294/33 1560/2295/33 1559/2296/33 1561/2297/33 1563/2298/33 1555/2299/33 1556/2300/33 1554/2301/33
f 1552/2284/257 1550/2283/257 1562/2302/257 1564/2303/257
f 1546/2267/141 1548/2266/141 1560/2304/141 1558/2305/141
f 1545/2269/580 1546/2268/580 1558/2306/580 1557/2307/580
f 1541/2280/581 1552/2279/581 1564/2308/581 1553/2309/581
f 1542/2277/581 1541/2276/581 1553/2310/581 1554/2311/581
f 1550/2278/257 1545/2269/257 1557/2307/257 1562/2312/257
f 1548/2285/582 1547/2265/582 1559/2313/582 1560/2314/582
f 1551/2259/583 1543/2258/583 1555/2315/583 1563/2316/583
f 1543/2289/583 1544/2288/583 1556/2317/583 1555/2318/583
f 1549/2273/248 1551/2272/248 1563/2319/248 1561/2320/248
f 1547/2265/248 1549/2264/248 1561/2321/248 1559/2313/248
