# Blender v2.93.0 OBJ File: ''
# www.blender.org
mtllib menotte.mtl
o Plane
v -0.016573 0.108277 0.293227
v -0.016573 0.093700 0.280831
v -0.016573 0.072579 0.271398
v -0.016573 0.048586 0.268285
v -0.016573 0.068663 0.236368
v -0.016573 0.066675 0.240555
v -0.016573 0.072438 0.242724
v -0.016573 0.103771 0.254522
v -0.016573 0.125820 0.270226
v -0.016573 0.019120 0.274461
v -0.016573 0.069485 0.227631
v -0.016573 0.064859 0.218077
v -0.016573 0.026490 0.180190
v -0.016573 0.015550 0.176482
v -0.016573 -0.005857 0.185282
v -0.016573 -0.026856 0.193001
v -0.016573 -0.042085 0.196313
v -0.016573 -0.053533 0.206308
v -0.016573 -0.067718 0.218692
v -0.016573 -0.081903 0.231076
v -0.016573 -0.086242 0.242601
v -0.016573 -0.098700 0.262583
v -0.016573 -0.107815 0.274777
v -0.016573 -0.104816 0.288653
v -0.016573 -0.091428 0.314255
v -0.016573 -0.085327 0.333000
v -0.016573 -0.049992 0.342686
v -0.016573 -0.028819 0.312663
v -0.016573 -0.007330 0.289667
v -0.016573 -0.084805 0.379663
v -0.016573 -0.075083 0.418277
v -0.016573 -0.057017 0.448929
v -0.016573 -0.037989 0.467196
v -0.016573 0.020173 0.456446
v -0.016573 -0.005920 0.447115
v -0.016573 -0.031947 0.428433
v -0.016573 -0.045430 0.406579
v -0.016573 -0.054087 0.373219
v -0.016573 0.068985 0.452620
v -0.016573 0.082335 0.486185
v -0.016573 0.104420 0.475585
v -0.016573 0.121906 0.467366
v -0.016573 0.143042 0.459287
v -0.016573 0.152694 0.448940
v -0.016573 0.155860 0.439441
v -0.016573 0.152852 0.432140
v -0.016573 0.154840 0.427954
v -0.016573 0.162816 0.391481
v -0.016573 0.167440 0.369372
v -0.016573 0.165819 0.335454
v -0.016573 0.121175 0.307460
v -0.016573 0.132177 0.325419
v -0.016573 0.138476 0.344075
v -0.016573 0.139695 0.361804
v -0.016573 0.134147 0.388335
v -0.016573 0.123361 0.410427
v -0.016573 0.118653 0.415069
v -0.016573 0.111351 0.418734
v -0.016573 0.106531 0.426295
v -0.016573 0.087051 0.442645
v -0.016573 0.154778 0.305802
v -0.016573 0.143543 0.287591
v -0.016573 0.061518 0.492328
v -0.016573 0.049089 0.456972
v -0.016573 -0.018054 0.480870
v -0.016573 0.008236 0.490770
v -0.016573 0.037328 0.494322
v 0.003406 0.108277 0.293227
v 0.003406 0.125820 0.270226
v 0.003406 0.103771 0.254522
v 0.003406 0.072438 0.242724
v 0.003406 0.066675 0.240555
v 0.003406 0.068663 0.236368
v 0.003406 0.048586 0.268285
v 0.003406 0.072579 0.271398
v 0.003406 0.093700 0.280831
v 0.003406 0.019120 0.274461
v 0.003406 0.019983 0.263423
v 0.003406 0.033051 0.256535
v 0.003406 0.054368 0.246880
v 0.003406 -0.007330 0.289667
v 0.003406 -0.028819 0.312663
v 0.003406 -0.049992 0.342686
v 0.003406 -0.039005 0.315758
v 0.003406 -0.010949 0.286023
v 0.003406 0.136699 0.418102
v 0.003406 0.143677 0.420318
v 0.008991 0.143677 0.420318
v 0.008991 0.136699 0.418102
v 0.003406 0.026490 0.180190
v 0.003406 0.064859 0.218077
v 0.008991 0.064859 0.218077
v 0.008991 0.026490 0.180190
v 0.003406 0.154778 0.305802
v 0.003406 0.143543 0.287591
v 0.003406 0.121175 0.307460
v 0.003406 0.165819 0.335454
v 0.003406 0.152694 0.448940
v 0.003406 0.143042 0.459287
v 0.008991 0.143042 0.459287
v 0.008991 0.152694 0.448940
v 0.003406 -0.031947 0.428433
v 0.003406 -0.045430 0.406579
v -0.006583 -0.086242 0.242601
v -0.006583 -0.081903 0.231076
v 0.003406 -0.081903 0.231076
v 0.003406 -0.086242 0.242601
v -0.006583 0.143543 0.287591
v -0.006583 0.125820 0.270226
v 0.003406 -0.054087 0.373219
v -0.006583 -0.053533 0.206308
v -0.006583 -0.042085 0.196313
v 0.003406 -0.042085 0.196313
v 0.003406 -0.053533 0.206308
v -0.006583 0.103771 0.254522
v -0.006583 -0.026856 0.193001
v 0.003406 -0.026856 0.193001
v -0.006583 0.072438 0.242724
v -0.006583 -0.005857 0.185282
v 0.003406 -0.005857 0.185282
v -0.006583 0.066675 0.240555
v -0.006583 0.015550 0.176482
v 0.003406 0.015550 0.176482
v -0.006583 0.162816 0.391481
v -0.006583 0.154840 0.427954
v 0.003406 0.154840 0.427954
v 0.003406 0.162816 0.391481
v -0.006583 0.026490 0.180190
v -0.006583 0.152852 0.432140
v 0.003406 0.152852 0.432140
v -0.006583 0.064859 0.218077
v -0.006583 0.155860 0.439441
v 0.003406 0.155860 0.439441
v -0.006583 0.069485 0.227631
v 0.003406 0.069485 0.227631
v -0.006583 0.152694 0.448940
v -0.006583 0.068663 0.236368
v -0.006583 0.143042 0.459287
v -0.006583 0.121906 0.467366
v 0.003406 0.121906 0.467366
v -0.006583 0.104420 0.475585
v 0.003406 0.104420 0.475585
v -0.006583 0.082335 0.486185
v 0.003406 0.082335 0.486185
v 0.003406 0.132177 0.325419
v -0.006583 0.061518 0.492328
v 0.003406 0.061518 0.492328
v 0.003406 0.138476 0.344075
v -0.006583 0.037328 0.494322
v 0.003406 0.037328 0.494322
v 0.003406 0.139695 0.361804
v -0.006583 0.008236 0.490770
v 0.003406 0.008236 0.490770
v 0.003406 0.134147 0.388335
v -0.006583 -0.018054 0.480870
v 0.003406 -0.018054 0.480870
v 0.003406 0.123361 0.410427
v -0.006583 -0.037989 0.467196
v 0.003406 -0.037989 0.467196
v 0.003406 0.118653 0.415069
v -0.006583 -0.057017 0.448929
v 0.003406 -0.057017 0.448929
v 0.003406 0.116123 0.416339
v 0.003406 0.111351 0.418734
v -0.006583 -0.075083 0.418277
v 0.003406 -0.075083 0.418277
v 0.003406 0.106531 0.426295
v -0.006583 -0.084805 0.379663
v 0.003406 -0.084805 0.379663
v 0.003406 0.087051 0.442645
v -0.006583 -0.085327 0.333000
v 0.003406 -0.085327 0.333000
v 0.003406 0.068985 0.452620
v -0.006583 -0.091428 0.314255
v 0.003406 -0.091428 0.314255
v 0.003406 0.049089 0.456972
v -0.006583 -0.104816 0.288653
v 0.003406 -0.104816 0.288653
v -0.006583 0.165819 0.335454
v -0.006583 0.167440 0.369372
v 0.003406 0.167440 0.369372
v 0.003406 0.020173 0.456446
v -0.006583 -0.107815 0.274777
v 0.003406 -0.107815 0.274777
v -0.006583 0.154778 0.305802
v 0.003406 -0.005920 0.447115
v -0.006583 -0.098700 0.262583
v 0.003406 -0.098700 0.262583
v 0.003406 0.149931 0.425552
v 0.003406 0.125212 0.419123
v 0.008991 0.015550 0.176482
v 0.008991 -0.005857 0.185282
v 0.008991 -0.075083 0.418277
v 0.008991 -0.057017 0.448929
v 0.008991 0.155860 0.439441
v 0.008991 0.037328 0.494322
v 0.008991 0.061518 0.492328
v 0.008991 -0.104816 0.288653
v 0.008991 -0.091428 0.314255
v 0.008991 0.069485 0.227631
v 0.011724 0.064604 0.238547
v 0.011724 0.053179 0.244419
v 0.011724 0.031849 0.254080
v 0.011724 0.023094 0.258695
v 0.011724 0.028755 0.186268
v 0.011724 0.062604 0.219690
v 0.011724 0.066693 0.228135
v 0.011724 0.065988 0.235632
v 0.008991 0.125212 0.419123
v 0.011724 0.072414 0.453848
v 0.011724 0.088604 0.444909
v 0.011724 0.108609 0.428118
v 0.011724 0.113250 0.420838
v 0.011724 0.116370 0.419272
v 0.011724 0.124922 0.421892
v 0.011724 0.136394 0.420872
v 0.011724 0.142336 0.422760
v 0.011724 0.147690 0.427240
v 0.011724 0.150339 0.433213
v 0.011724 0.152946 0.439542
v 0.011724 0.150290 0.447512
v 0.011724 0.141475 0.456960
v 0.011724 0.120836 0.464850
v 0.011724 0.103246 0.473117
v 0.011724 0.083792 0.482455
v 0.008991 0.068663 0.236368
v 0.008991 -0.039005 0.315758
v 0.008991 -0.010949 0.286023
v 0.008991 0.152852 0.432140
v 0.008991 0.149931 0.425552
v 0.008991 0.066675 0.240555
v 0.008991 0.121906 0.467366
v 0.008991 0.111351 0.418734
v 0.008991 0.106531 0.426295
v 0.008991 0.054368 0.246880
v 0.008991 0.104420 0.475585
v 0.008991 0.082335 0.486185
v 0.008991 0.019983 0.263423
v 0.008991 0.033051 0.256535
v 0.011724 0.061014 0.489627
v 0.011724 0.037382 0.491576
v 0.011724 0.008893 0.488097
v 0.011724 -0.016782 0.478430
v 0.011724 -0.030993 0.468682
v 0.011724 0.020399 0.459183
v 0.011724 0.049360 0.459710
v 0.011724 0.067303 0.455785
v 0.011724 0.078689 0.484412
v 0.008991 0.008236 0.490770
v 0.008991 0.116123 0.416339
v 0.008991 -0.018054 0.480870
v 0.008991 -0.037989 0.467196
v 0.011724 -0.053018 0.344690
v 0.011724 -0.056866 0.373386
v 0.011724 -0.047971 0.407663
v 0.011724 -0.033985 0.430333
v 0.011724 -0.007202 0.449558
v 0.011724 0.009701 0.455603
v 0.011724 -0.037108 0.464254
v 0.011724 -0.054854 0.447218
v 0.011724 -0.072529 0.417228
v 0.011724 -0.082076 0.379310
v 0.011724 -0.082555 0.336593
v 0.008991 -0.084805 0.379663
v 0.008991 0.087051 0.442645
v 0.008991 -0.085327 0.333000
v 0.008991 0.068985 0.452620
v 0.008991 0.049089 0.456972
v 0.011724 0.017357 0.261958
v 0.011724 -0.012764 0.283965
v 0.011724 -0.041342 0.314253
v 0.011724 -0.051607 0.339410
v 0.011724 -0.083185 0.330754
v 0.011724 -0.088900 0.313191
v 0.011724 -0.102223 0.287715
v 0.011724 -0.104881 0.275416
v 0.011724 -0.096443 0.264126
v 0.011724 -0.083780 0.243817
v 0.011724 -0.079588 0.232683
v 0.011724 -0.065776 0.220624
v 0.011724 -0.051964 0.208566
v 0.011724 -0.040817 0.198834
v 0.011724 -0.026091 0.195630
v 0.011724 -0.004865 0.187829
v 0.011724 0.015642 0.179399
v 0.011724 0.023600 0.182096
v 0.008991 0.020173 0.456446
v 0.008991 -0.107815 0.274777
v 0.008991 -0.005920 0.447115
v 0.008991 -0.098700 0.262583
v 0.008991 -0.031947 0.428433
v 0.008991 -0.086242 0.242601
v 0.008991 -0.045430 0.406579
v 0.008991 -0.081903 0.231076
v 0.008991 -0.054087 0.373219
v 0.008991 -0.042085 0.196313
v 0.008991 -0.053533 0.206308
v 0.008991 -0.049992 0.342686
v 0.008991 -0.026856 0.193001
v 0.008991 -0.067718 0.218692
v 0.003406 -0.067718 0.218692
v 0.003708 -0.077222 0.210752
v 0.010442 -0.077222 0.210752
v 0.010442 -0.060118 0.195820
v -0.006583 -0.067718 0.218692
v 0.003708 -0.060118 0.195820
v 0.012197 -0.066440 0.185017
v 0.004074 -0.066440 0.185017
v 0.004074 -0.087072 0.203031
v 0.012197 -0.087072 0.203031
v -0.008337 -0.060118 0.195820
v -0.008337 -0.077222 0.210752
v -0.010456 -0.066440 0.185017
v 0.003618 -0.074741 0.179951
v -0.007813 -0.074741 0.179951
v -0.010456 -0.087072 0.203031
v -0.007813 -0.090972 0.194122
v 0.003618 -0.090972 0.194122
v 0.010009 -0.074741 0.179951
v 0.010009 -0.090972 0.194122
v 0.000064 0.052498 0.210789
v 0.013733 0.052498 0.210789
v 0.013733 0.046316 0.203253
v 0.000064 0.046316 0.203253
v 0.000064 0.033264 0.213962
v 0.013733 0.033264 0.213962
v 0.013733 0.039446 0.221497
v 0.000064 0.039446 0.221497
v 0.013733 0.049064 0.219911
v 0.000064 0.049064 0.219911
v 0.013733 0.036698 0.204839
v 0.000064 0.036698 0.204839
v 0.016052 0.045372 0.205759
v 0.016052 0.038397 0.206910
v 0.016052 0.035906 0.213526
v 0.016052 0.040390 0.218991
v 0.016052 0.047365 0.217840
v 0.016052 0.049856 0.211225
v 0.000064 -0.023719 0.204649
v 0.013733 -0.023719 0.204649
v 0.013733 -0.029902 0.197114
v 0.000064 -0.029902 0.197114
v 0.000064 -0.042954 0.207822
v 0.013733 -0.042954 0.207822
v 0.013733 -0.036772 0.215358
v 0.000064 -0.036772 0.215358
v 0.013733 -0.027154 0.213772
v 0.000064 -0.027154 0.213772
v 0.013733 -0.039519 0.198700
v 0.000064 -0.039519 0.198700
v 0.016052 -0.030846 0.199620
v 0.016052 -0.037821 0.200771
v 0.016052 -0.040312 0.207387
v 0.016052 -0.035828 0.212852
v 0.016052 -0.028853 0.211701
v 0.016052 -0.026362 0.205085
v 0.000064 -0.062426 0.239192
v 0.013733 -0.062426 0.239192
v 0.013733 -0.068609 0.231656
v 0.000064 -0.068609 0.231656
v 0.000064 -0.081661 0.242364
v 0.013733 -0.081661 0.242364
v 0.013733 -0.075478 0.249900
v 0.000064 -0.075478 0.249900
v 0.013733 -0.065861 0.248314
v 0.000064 -0.065861 0.248314
v 0.013733 -0.078226 0.233242
v 0.000064 -0.078226 0.233242
v 0.016052 -0.069552 0.234162
v 0.016052 -0.076527 0.235313
v 0.016052 -0.079018 0.241929
v 0.016052 -0.074535 0.247394
v 0.016052 -0.067559 0.246243
v 0.016052 -0.065068 0.239628
v 0.000064 -0.067968 0.313064
v 0.013733 -0.067968 0.313064
v 0.013733 -0.074150 0.305529
v 0.000064 -0.074150 0.305529
v 0.000064 -0.087203 0.316237
v 0.013733 -0.087203 0.316237
v 0.013733 -0.081020 0.323773
v 0.000064 -0.081020 0.323773
v 0.013733 -0.071402 0.322186
v 0.000064 -0.071402 0.322186
v 0.013733 -0.083768 0.307115
v 0.000064 -0.083768 0.307115
v 0.016052 -0.075094 0.308035
v 0.016052 -0.082069 0.309185
v 0.016052 -0.084560 0.315801
v 0.016052 -0.080076 0.321266
v 0.016052 -0.073101 0.320116
v 0.016052 -0.070610 0.313500
v 0.000064 0.141634 0.437981
v 0.013733 0.141634 0.437981
v 0.013733 0.135452 0.430445
v 0.000064 0.135452 0.430445
v 0.000064 0.122399 0.441154
v 0.013733 0.122399 0.441154
v 0.013733 0.128582 0.448689
v 0.000064 0.128582 0.448689
v 0.013733 0.138199 0.447103
v 0.000064 0.138199 0.447103
v 0.013733 0.125834 0.432031
v 0.000064 0.125834 0.432031
v 0.016052 0.134508 0.432951
v 0.016052 0.127533 0.434102
v 0.016052 0.125042 0.440718
v 0.016052 0.129526 0.446183
v 0.016052 0.136501 0.445032
v 0.016052 0.138992 0.438417
v -0.004670 0.052498 0.210789
v -0.018339 0.052498 0.210789
v -0.018339 0.046316 0.203253
v -0.004670 0.046316 0.203253
v -0.004670 0.033264 0.213962
v -0.018339 0.033264 0.213962
v -0.018339 0.039446 0.221497
v -0.004670 0.039446 0.221497
v -0.018339 0.049064 0.219911
v -0.004670 0.049064 0.219911
v -0.018339 0.036698 0.204839
v -0.004670 0.036698 0.204839
v -0.020658 0.045372 0.205759
v -0.020658 0.038397 0.206910
v -0.020658 0.035906 0.213526
v -0.020658 0.040390 0.218991
v -0.020658 0.047365 0.217840
v -0.020658 0.049856 0.211225
v -0.004670 -0.023719 0.204649
v -0.018339 -0.023719 0.204649
v -0.018339 -0.029902 0.197114
v -0.004670 -0.029902 0.197114
v -0.004670 -0.042954 0.207822
v -0.018339 -0.042954 0.207822
v -0.018339 -0.036772 0.215358
v -0.004670 -0.036772 0.215358
v -0.018339 -0.027154 0.213772
v -0.004670 -0.027154 0.213772
v -0.018339 -0.039519 0.198700
v -0.004670 -0.039519 0.198700
v -0.020658 -0.030846 0.199620
v -0.020658 -0.037821 0.200771
v -0.020658 -0.040312 0.207387
v -0.020658 -0.035828 0.212852
v -0.020658 -0.028853 0.211701
v -0.020658 -0.026362 0.205085
v -0.004670 -0.062426 0.239192
v -0.018339 -0.062426 0.239192
v -0.018339 -0.068609 0.231656
v -0.004670 -0.068609 0.231656
v -0.004670 -0.081661 0.242364
v -0.018339 -0.081661 0.242364
v -0.018339 -0.075478 0.249900
v -0.004670 -0.075478 0.249900
v -0.018339 -0.065861 0.248314
v -0.004670 -0.065861 0.248314
v -0.018339 -0.078226 0.233242
v -0.004670 -0.078226 0.233242
v -0.020658 -0.069552 0.234162
v -0.020658 -0.076527 0.235313
v -0.020658 -0.079018 0.241929
v -0.020658 -0.074535 0.247394
v -0.020658 -0.067559 0.246243
v -0.020658 -0.065068 0.239628
v -0.004670 -0.067968 0.313064
v -0.018339 -0.067968 0.313064
v -0.018339 -0.074150 0.305529
v -0.004670 -0.074150 0.305529
v -0.004670 -0.087203 0.316237
v -0.018339 -0.087203 0.316237
v -0.018339 -0.081020 0.323773
v -0.004670 -0.081020 0.323773
v -0.018339 -0.071402 0.322186
v -0.004670 -0.071402 0.322186
v -0.018339 -0.083768 0.307115
v -0.004670 -0.083768 0.307115
v -0.020658 -0.075094 0.308035
v -0.020658 -0.082069 0.309185
v -0.020658 -0.084560 0.315801
v -0.020658 -0.080076 0.321266
v -0.020658 -0.073101 0.320116
v -0.020658 -0.070610 0.313500
v -0.004670 0.141634 0.437981
v -0.018339 0.141634 0.437981
v -0.018339 0.135452 0.430445
v -0.004670 0.135452 0.430445
v -0.004670 0.122399 0.441154
v -0.018339 0.122399 0.441154
v -0.018339 0.128582 0.448689
v -0.004670 0.128582 0.448689
v -0.018339 0.138199 0.447103
v -0.004670 0.138199 0.447103
v -0.018339 0.125834 0.432031
v -0.004670 0.125834 0.432031
v -0.020658 0.134508 0.432951
v -0.020658 0.127533 0.434102
v -0.020658 0.125042 0.440718
v -0.020658 0.129526 0.446183
v -0.020658 0.136501 0.445032
v -0.020658 0.138992 0.438417
v -0.016573 0.121522 -0.287787
v -0.016573 0.106395 -0.276067
v -0.016573 0.084867 -0.267606
v -0.016573 0.060756 -0.265590
v -0.016573 0.079358 -0.232792
v -0.016573 0.077563 -0.237064
v -0.016573 0.083418 -0.238969
v -0.016573 0.115256 -0.249327
v -0.016573 0.137998 -0.264009
v -0.016573 0.031603 -0.273102
v -0.016573 0.079781 -0.224026
v -0.016573 0.074724 -0.214692
v -0.016573 0.034668 -0.178594
v -0.016573 0.023571 -0.175388
v -0.016573 0.002588 -0.185154
v -0.016573 -0.018038 -0.193822
v -0.016573 -0.033100 -0.197825
v -0.016573 -0.044081 -0.208331
v -0.016573 -0.057687 -0.221349
v -0.016573 -0.071292 -0.234366
v -0.016573 -0.075102 -0.246077
v -0.016573 -0.086637 -0.266605
v -0.016573 -0.095186 -0.279202
v -0.016573 -0.091558 -0.292927
v -0.016573 -0.077018 -0.317892
v -0.016573 -0.070069 -0.336340
v -0.016573 -0.034329 -0.344406
v -0.016573 -0.014546 -0.313449
v -0.016573 0.005873 -0.289498
v -0.016573 -0.067420 -0.382931
v -0.016573 -0.055949 -0.421061
v -0.016573 -0.036506 -0.450859
v -0.016573 -0.016665 -0.468240
v -0.016573 0.040947 -0.454851
v -0.016573 0.014456 -0.446718
v -0.016573 -0.012395 -0.429241
v -0.016573 -0.026860 -0.408024
v -0.016573 -0.037028 -0.375093
v -0.016573 0.089534 -0.448804
v -0.016573 0.104400 -0.481726
v -0.016573 0.125978 -0.470130
v -0.016573 0.143072 -0.461123
v -0.016573 0.163817 -0.452089
v -0.016573 0.172989 -0.441314
v -0.016573 0.175718 -0.431680
v -0.016573 0.172381 -0.424524
v -0.016573 0.174175 -0.420251
v -0.016573 0.180481 -0.383453
v -0.016573 0.184093 -0.361156
v -0.016573 0.180928 -0.327348
v -0.016573 0.135055 -0.301416
v -0.016573 0.146864 -0.318855
v -0.016573 0.154007 -0.337204
v -0.016573 0.156033 -0.354861
v -0.016573 0.151699 -0.381617
v -0.016573 0.141931 -0.404177
v -0.016573 0.137439 -0.409028
v -0.016573 0.130312 -0.413023
v -0.016573 0.125841 -0.420795
v -0.016573 0.107127 -0.438017
v -0.016573 0.168548 -0.298229
v -0.016573 0.156494 -0.280549
v -0.016573 0.083884 -0.488811
v -0.016573 0.069857 -0.454058
v -0.016573 0.003872 -0.480991
v -0.016573 0.030587 -0.489682
v -0.016573 0.059810 -0.491905
v 0.003406 0.121522 -0.287787
v 0.003406 0.137998 -0.264009
v 0.003406 0.115256 -0.249327
v 0.003406 0.083418 -0.238969
v 0.003406 0.077563 -0.237064
v 0.003406 0.079358 -0.232792
v 0.003406 0.060756 -0.265590
v 0.003406 0.084867 -0.267606
v 0.003406 0.106395 -0.276067
v 0.003406 0.031603 -0.273102
v 0.003406 0.031962 -0.262037
v 0.003406 0.044702 -0.254561
v 0.003406 0.065557 -0.243944
v 0.003406 0.005873 -0.289498
v 0.003406 -0.014546 -0.313449
v 0.003406 -0.034329 -0.344406
v 0.003406 -0.024580 -0.317005
v 0.003406 0.002091 -0.286023
v 0.003406 0.155604 -0.411236
v 0.003406 0.162676 -0.413132
v 0.008991 0.162676 -0.413132
v 0.008991 0.155604 -0.411236
v 0.003406 0.034668 -0.178594
v 0.003406 0.074724 -0.214692
v 0.008991 0.074724 -0.214692
v 0.008991 0.034668 -0.178594
v 0.003406 0.168548 -0.298229
v 0.003406 0.156494 -0.280549
v 0.003406 0.135055 -0.301416
v 0.003406 0.180928 -0.327348
v 0.003406 0.172989 -0.441314
v 0.003406 0.163817 -0.452089
v 0.008991 0.163817 -0.452089
v 0.008991 0.172989 -0.441314
v 0.003406 -0.012395 -0.429241
v 0.003406 -0.026860 -0.408024
v -0.006583 -0.075102 -0.246077
v -0.006583 -0.071292 -0.234366
v 0.003406 -0.071292 -0.234366
v 0.003406 -0.075102 -0.246077
v -0.006583 0.156494 -0.280549
v -0.006583 0.137998 -0.264009
v 0.003406 -0.037028 -0.375093
v -0.006583 -0.044081 -0.208331
v -0.006583 -0.033100 -0.197825
v 0.003406 -0.033100 -0.197825
v 0.003406 -0.044081 -0.208331
v -0.006583 0.115256 -0.249327
v -0.006583 -0.018038 -0.193822
v 0.003406 -0.018038 -0.193822
v -0.006583 0.083418 -0.238969
v -0.006583 0.002588 -0.185154
v 0.003406 0.002588 -0.185154
v -0.006583 0.077563 -0.237064
v -0.006583 0.023571 -0.175388
v 0.003406 0.023571 -0.175388
v -0.006583 0.180481 -0.383453
v -0.006583 0.174175 -0.420251
v 0.003406 0.174175 -0.420251
v 0.003406 0.180481 -0.383453
v -0.006583 0.034668 -0.178594
v -0.006583 0.172381 -0.424524
v 0.003406 0.172381 -0.424524
v -0.006583 0.074724 -0.214692
v -0.006583 0.175718 -0.431680
v 0.003406 0.175718 -0.431680
v -0.006583 0.079781 -0.224026
v 0.003406 0.079781 -0.224026
v -0.006583 0.172989 -0.441314
v -0.006583 0.079358 -0.232792
v -0.006583 0.163817 -0.452089
v -0.006583 0.143072 -0.461123
v 0.003406 0.143072 -0.461123
v -0.006583 0.125978 -0.470130
v 0.003406 0.125978 -0.470130
v -0.006583 0.104400 -0.481726
v 0.003406 0.104400 -0.481726
v 0.003406 0.146864 -0.318855
v -0.006583 0.083884 -0.488811
v 0.003406 0.083884 -0.488811
v 0.003406 0.154007 -0.337204
v -0.006583 0.059810 -0.491905
v 0.003406 0.059810 -0.491905
v 0.003406 0.156033 -0.354861
v -0.006583 0.030587 -0.489682
v 0.003406 0.030587 -0.489682
v 0.003406 0.151699 -0.381617
v -0.006583 0.003872 -0.480991
v 0.003406 0.003872 -0.480991
v 0.003406 0.141931 -0.404177
v -0.006583 -0.016665 -0.468240
v 0.003406 -0.016665 -0.468240
v 0.003406 0.137439 -0.409028
v -0.006583 -0.036506 -0.450859
v 0.003406 -0.036506 -0.450859
v 0.003406 0.134970 -0.410412
v 0.003406 0.130312 -0.413023
v -0.006583 -0.055949 -0.421061
v 0.003406 -0.055949 -0.421061
v 0.003406 0.125841 -0.420795
v -0.006583 -0.067420 -0.382931
v 0.003406 -0.067420 -0.382931
v 0.003406 0.107127 -0.438017
v -0.006583 -0.070069 -0.336340
v 0.003406 -0.070069 -0.336340
v 0.003406 0.089534 -0.448804
v -0.006583 -0.077018 -0.317892
v 0.003406 -0.077018 -0.317892
v 0.003406 0.069857 -0.454058
v -0.006583 -0.091558 -0.292927
v 0.003406 -0.091558 -0.292927
v -0.006583 0.180928 -0.327348
v -0.006583 0.184093 -0.361156
v 0.003406 0.184093 -0.361156
v 0.003406 0.040947 -0.454851
v -0.006583 -0.095186 -0.279202
v 0.003406 -0.095186 -0.279202
v -0.006583 0.168548 -0.298229
v 0.003406 0.014456 -0.446718
v -0.006583 -0.086637 -0.266605
v 0.003406 -0.086637 -0.266605
v 0.003406 0.169162 -0.418075
v 0.003406 0.144176 -0.412779
v 0.008991 0.023571 -0.175388
v 0.008991 0.002588 -0.185154
v 0.008991 -0.055949 -0.421061
v 0.008991 -0.036506 -0.450859
v 0.008991 0.175718 -0.431680
v 0.008991 0.059810 -0.491905
v 0.008991 0.083884 -0.488811
v 0.008991 -0.091558 -0.292927
v 0.008991 -0.077018 -0.317892
v 0.008991 0.079781 -0.224026
v 0.011724 0.075402 -0.235153
v 0.011724 0.064257 -0.241540
v 0.011724 0.043389 -0.252163
v 0.011724 0.034853 -0.257172
v 0.011724 0.037209 -0.184562
v 0.011724 0.072546 -0.216407
v 0.011724 0.077015 -0.224657
v 0.011724 0.076652 -0.232178
v 0.008991 0.144176 -0.412779
v 0.011724 0.093015 -0.449875
v 0.011724 0.108781 -0.440207
v 0.011724 0.128000 -0.422522
v 0.011724 0.132305 -0.415038
v 0.011724 0.135350 -0.413332
v 0.011724 0.144012 -0.415559
v 0.011724 0.155426 -0.414017
v 0.011724 0.161448 -0.415632
v 0.011724 0.167001 -0.419863
v 0.011724 0.169919 -0.425710
v 0.011724 0.172812 -0.431913
v 0.011724 0.170522 -0.439996
v 0.011724 0.162147 -0.449837
v 0.011724 0.141888 -0.458658
v 0.011724 0.124693 -0.467719
v 0.011724 0.105685 -0.477933
v 0.008991 0.079358 -0.232792
v 0.008991 -0.024580 -0.317005
v 0.008991 0.002091 -0.286023
v 0.008991 0.172381 -0.424524
v 0.008991 0.169162 -0.418075
v 0.008991 0.077563 -0.237064
v 0.008991 0.143072 -0.461123
v 0.008991 0.130312 -0.413023
v 0.008991 0.125841 -0.420795
v 0.008991 0.065557 -0.243944
v 0.008991 0.125978 -0.470130
v 0.008991 0.104400 -0.481726
v 0.008991 0.031962 -0.262037
v 0.008991 0.044702 -0.254561
v 0.011724 0.083257 -0.486136
v 0.011724 0.059739 -0.489159
v 0.011724 0.031121 -0.486983
v 0.011724 0.005032 -0.478495
v 0.011724 -0.009608 -0.469405
v 0.011724 0.041298 -0.457575
v 0.011724 0.070252 -0.456780
v 0.011724 0.087998 -0.452043
v 0.011724 0.100677 -0.480121
v 0.008991 0.030587 -0.489682
v 0.008991 0.134970 -0.410412
v 0.008991 0.003872 -0.480991
v 0.008991 -0.016665 -0.468240
v 0.011724 -0.037260 -0.346546
v 0.011724 -0.039797 -0.375388
v 0.011724 -0.029349 -0.409224
v 0.011724 -0.014344 -0.431233
v 0.011724 0.013287 -0.449217
v 0.011724 0.030447 -0.454485
v 0.011724 -0.015919 -0.465261
v 0.011724 -0.034422 -0.449051
v 0.011724 -0.053446 -0.419897
v 0.011724 -0.064711 -0.382453
v 0.011724 -0.067135 -0.339803
v 0.008991 -0.067420 -0.382931
v 0.008991 0.107127 -0.438017
v 0.008991 -0.070069 -0.336340
v 0.008991 0.089534 -0.448804
v 0.008991 0.069857 -0.454058
v 0.011724 0.029271 -0.260693
v 0.011724 0.000184 -0.284050
v 0.011724 -0.026984 -0.315608
v 0.011724 -0.036091 -0.341207
v 0.011724 -0.068031 -0.333999
v 0.011724 -0.074541 -0.316715
v 0.011724 -0.089011 -0.291872
v 0.011724 -0.092227 -0.279707
v 0.011724 -0.084311 -0.268044
v 0.011724 -0.072587 -0.247180
v 0.011724 -0.068907 -0.235865
v 0.011724 -0.055659 -0.223190
v 0.011724 -0.042411 -0.210515
v 0.011724 -0.031719 -0.200285
v 0.011724 -0.017154 -0.196414
v 0.011724 0.003694 -0.187653
v 0.011724 0.023796 -0.178297
v 0.011724 0.031869 -0.180629
v 0.008991 0.040947 -0.454851
v 0.008991 -0.095186 -0.279202
v 0.008991 0.014456 -0.446718
v 0.008991 -0.086637 -0.266605
v 0.008991 -0.012395 -0.429241
v 0.008991 -0.075102 -0.246077
v 0.008991 -0.026860 -0.408024
v 0.008991 -0.071292 -0.234366
v 0.008991 -0.037028 -0.375093
v 0.008991 -0.033100 -0.197825
v 0.008991 -0.044081 -0.208331
v 0.008991 -0.034329 -0.344406
v 0.008991 -0.018038 -0.193822
v 0.008991 -0.057687 -0.221349
v 0.003406 -0.057687 -0.221349
v 0.003708 -0.067543 -0.213850
v 0.010442 -0.067543 -0.213850
v 0.010442 -0.051137 -0.198153
v -0.006583 -0.057687 -0.221349
v 0.003708 -0.051137 -0.198153
v 0.012197 -0.057944 -0.187650
v 0.004074 -0.057944 -0.187650
v 0.004074 -0.077735 -0.206585
v 0.012197 -0.077735 -0.206585
v -0.008337 -0.051137 -0.198153
v -0.008337 -0.067543 -0.213850
v -0.010456 -0.057944 -0.187650
v 0.003618 -0.066468 -0.182967
v -0.007813 -0.066468 -0.182967
v -0.010456 -0.077735 -0.206585
v -0.007813 -0.082037 -0.197863
v 0.003618 -0.082037 -0.197863
v 0.010009 -0.066468 -0.182967
v 0.010009 -0.082037 -0.197863
v 0.000064 0.062045 -0.207975
v 0.013733 0.062045 -0.207975
v 0.013733 0.055525 -0.200729
v 0.000064 0.055525 -0.200729
v 0.000064 0.042974 -0.212021
v 0.013733 0.042974 -0.212021
v 0.013733 0.049494 -0.219267
v 0.000064 0.049494 -0.219267
v 0.013733 0.059029 -0.217244
v 0.000064 0.059029 -0.217244
v 0.013733 0.045990 -0.202752
v 0.000064 0.045990 -0.202752
v 0.016052 0.054696 -0.203276
v 0.016052 0.047781 -0.204743
v 0.016052 0.045594 -0.211465
v 0.016052 0.050322 -0.216721
v 0.016052 0.057238 -0.215253
v 0.016052 0.059425 -0.208531
v 0.000064 -0.014374 -0.205315
v 0.013733 -0.014374 -0.205315
v 0.013733 -0.020893 -0.198069
v 0.000064 -0.020893 -0.198069
v 0.000064 -0.033444 -0.209361
v 0.013733 -0.033444 -0.209361
v 0.013733 -0.026924 -0.216608
v 0.000064 -0.026924 -0.216608
v 0.013733 -0.017389 -0.214585
v 0.000064 -0.017389 -0.214585
v 0.013733 -0.030429 -0.200092
v 0.000064 -0.030429 -0.200092
v 0.016052 -0.021722 -0.200616
v 0.016052 -0.028637 -0.202083
v 0.016052 -0.030824 -0.208806
v 0.016052 -0.026096 -0.214061
v 0.016052 -0.019181 -0.212594
v 0.016052 -0.016994 -0.205871
v 0.000064 -0.051466 -0.241586
v 0.013733 -0.051466 -0.241586
v 0.013733 -0.057986 -0.234339
v 0.000064 -0.057986 -0.234339
v 0.000064 -0.070536 -0.245632
v 0.013733 -0.070536 -0.245632
v 0.013733 -0.064017 -0.252878
v 0.000064 -0.064017 -0.252878
v 0.013733 -0.054482 -0.250855
v 0.000064 -0.054482 -0.250855
v 0.013733 -0.067521 -0.236362
v 0.000064 -0.067521 -0.236362
v 0.016052 -0.058814 -0.236886
v 0.016052 -0.065730 -0.238353
v 0.016052 -0.067917 -0.245076
v 0.016052 -0.063188 -0.250331
v 0.016052 -0.056273 -0.248864
v 0.016052 -0.054086 -0.242141
v 0.000064 -0.053636 -0.315634
v 0.013733 -0.053636 -0.315634
v 0.013733 -0.060155 -0.308388
v 0.000064 -0.060155 -0.308388
v 0.000064 -0.072706 -0.319680
v 0.013733 -0.072706 -0.319680
v 0.013733 -0.066187 -0.326926
v 0.000064 -0.066187 -0.326926
v 0.013733 -0.056651 -0.324903
v 0.000064 -0.056651 -0.324903
v 0.013733 -0.069691 -0.310411
v 0.000064 -0.069691 -0.310411
v 0.016052 -0.060984 -0.310935
v 0.016052 -0.067899 -0.312402
v 0.016052 -0.070086 -0.319124
v 0.016052 -0.065358 -0.324380
v 0.016052 -0.058443 -0.322912
v 0.016052 -0.056256 -0.316190
v 0.000064 0.161441 -0.430869
v 0.013733 0.161441 -0.430869
v 0.013733 0.154921 -0.423623
v 0.000064 0.154921 -0.423623
v 0.000064 0.142370 -0.434916
v 0.013733 0.142370 -0.434916
v 0.013733 0.148890 -0.442162
v 0.000064 0.148890 -0.442162
v 0.013733 0.158425 -0.440139
v 0.000064 0.158425 -0.440139
v 0.013733 0.145386 -0.425646
v 0.000064 0.145386 -0.425646
v 0.016052 0.154092 -0.426170
v 0.016052 0.147177 -0.427637
v 0.016052 0.144990 -0.434360
v 0.016052 0.149718 -0.439615
v 0.016052 0.156634 -0.438148
v 0.016052 0.158821 -0.431425
v -0.004670 0.062045 -0.207975
v -0.018339 0.062045 -0.207975
v -0.018339 0.055525 -0.200729
v -0.004670 0.055525 -0.200729
v -0.004670 0.042974 -0.212021
v -0.018339 0.042974 -0.212021
v -0.018339 0.049494 -0.219267
v -0.004670 0.049494 -0.219267
v -0.018339 0.059029 -0.217244
v -0.004670 0.059029 -0.217244
v -0.018339 0.045990 -0.202752
v -0.004670 0.045990 -0.202752
v -0.020658 0.054696 -0.203276
v -0.020658 0.047781 -0.204743
v -0.020658 0.045594 -0.211465
v -0.020658 0.050322 -0.216721
v -0.020658 0.057238 -0.215253
v -0.020658 0.059425 -0.208531
v -0.004670 -0.014374 -0.205315
v -0.018339 -0.014374 -0.205315
v -0.018339 -0.020893 -0.198069
v -0.004670 -0.020893 -0.198069
v -0.004670 -0.033444 -0.209361
v -0.018339 -0.033444 -0.209361
v -0.018339 -0.026924 -0.216608
v -0.004670 -0.026924 -0.216608
v -0.018339 -0.017389 -0.214585
v -0.004670 -0.017389 -0.214585
v -0.018339 -0.030429 -0.200092
v -0.004670 -0.030429 -0.200092
v -0.020658 -0.021722 -0.200616
v -0.020658 -0.028637 -0.202083
v -0.020658 -0.030824 -0.208806
v -0.020658 -0.026096 -0.214061
v -0.020658 -0.019181 -0.212594
v -0.020658 -0.016994 -0.205871
v -0.004670 -0.051466 -0.241586
v -0.018339 -0.051466 -0.241586
v -0.018339 -0.057986 -0.234339
v -0.004670 -0.057986 -0.234339
v -0.004670 -0.070537 -0.245632
v -0.018339 -0.070537 -0.245632
v -0.018339 -0.064017 -0.252878
v -0.004670 -0.064017 -0.252878
v -0.018339 -0.054482 -0.250855
v -0.004670 -0.054482 -0.250855
v -0.018339 -0.067521 -0.236362
v -0.004670 -0.067521 -0.236362
v -0.020658 -0.058814 -0.236886
v -0.020658 -0.065730 -0.238353
v -0.020658 -0.067917 -0.245076
v -0.020658 -0.063188 -0.250331
v -0.020658 -0.056273 -0.248864
v -0.020658 -0.054086 -0.242141
v -0.004670 -0.053636 -0.315634
v -0.018339 -0.053636 -0.315634
v -0.018339 -0.060155 -0.308388
v -0.004670 -0.060155 -0.308388
v -0.004670 -0.072706 -0.319680
v -0.018339 -0.072706 -0.319680
v -0.018339 -0.066187 -0.326926
v -0.004670 -0.066187 -0.326926
v -0.018339 -0.056651 -0.324903
v -0.004670 -0.056651 -0.324903
v -0.018339 -0.069691 -0.310411
v -0.004670 -0.069691 -0.310411
v -0.020658 -0.060984 -0.310935
v -0.020658 -0.067899 -0.312402
v -0.020658 -0.070086 -0.319124
v -0.020658 -0.065358 -0.324379
v -0.020658 -0.058443 -0.322912
v -0.020658 -0.056256 -0.316190
v -0.004670 0.161441 -0.430869
v -0.018339 0.161441 -0.430869
v -0.018339 0.154921 -0.423623
v -0.004670 0.154921 -0.423623
v -0.004670 0.142370 -0.434916
v -0.018339 0.142370 -0.434916
v -0.018339 0.148890 -0.442162
v -0.004670 0.148890 -0.442162
v -0.018339 0.158425 -0.440139
v -0.004670 0.158425 -0.440139
v -0.018339 0.145386 -0.425646
v -0.004670 0.145386 -0.425646
v -0.020658 0.154092 -0.426170
v -0.020658 0.147177 -0.427637
v -0.020658 0.144990 -0.434360
v -0.020658 0.149718 -0.439615
v -0.020658 0.156634 -0.438148
v -0.020658 0.158821 -0.431425
v 0.002317 -0.153999 0.106320
v 0.002317 -0.129350 0.061092
v 0.009647 -0.127094 0.065723
v 0.009647 -0.149278 0.106428
v 0.009647 -0.122582 0.074983
v 0.009647 -0.139836 0.106643
v 0.002317 -0.120325 0.079614
v 0.002317 -0.135115 0.106750
v -0.005013 -0.122582 0.074983
v -0.005013 -0.139836 0.106643
v -0.005013 -0.127094 0.065723
v -0.005013 -0.149278 0.106428
v 0.002317 -0.082139 0.062169
v 0.009647 -0.084604 0.066691
v 0.009647 -0.089534 0.075737
v 0.002317 -0.091999 0.080260
v -0.005013 -0.089534 0.075737
v -0.005013 -0.084604 0.066691
v 0.002317 -0.059577 0.108473
v 0.009647 -0.064298 0.108365
v 0.009647 -0.073740 0.108150
v 0.002317 -0.078461 0.108042
v -0.005013 -0.073740 0.108150
v -0.005013 -0.064298 0.108365
v 0.002317 -0.084226 0.153700
v 0.009647 -0.086482 0.149070
v 0.009647 -0.090994 0.139809
v 0.002317 -0.093250 0.135179
v -0.005013 -0.090994 0.139809
v -0.005013 -0.086482 0.149070
v 0.002317 -0.131437 0.152624
v 0.009647 -0.128972 0.148101
v 0.009647 -0.124042 0.139056
v 0.002317 -0.121577 0.134533
v -0.005013 -0.124042 0.139056
v -0.005013 -0.128972 0.148101
v -0.034001 -0.080833 0.053465
v -0.015842 -0.092146 0.007417
v -0.018483 -0.100032 0.011816
v -0.034826 -0.089850 0.053259
v -0.014851 -0.102712 0.020913
v -0.027562 -0.094792 0.053146
v -0.008579 -0.097506 0.025611
v -0.019474 -0.090718 0.053239
v -0.005938 -0.089620 0.021212
v -0.018649 -0.081701 0.053445
v -0.009570 -0.086940 0.012115
v -0.025913 -0.076758 0.053557
v 0.020475 -0.116859 0.006854
v 0.014203 -0.122273 0.011309
v 0.010571 -0.120011 0.020519
v 0.013212 -0.112334 0.025273
v 0.019484 -0.106919 0.020817
v 0.023116 -0.109182 0.011608
v 0.038634 -0.130259 0.052338
v 0.030546 -0.134333 0.052245
v 0.023282 -0.129391 0.052358
v 0.024107 -0.120373 0.052563
v 0.032195 -0.116299 0.052656
v 0.039459 -0.121241 0.052543
v 0.020475 -0.118945 0.098385
v 0.014203 -0.124151 0.093688
v 0.010571 -0.121471 0.084591
v 0.013212 -0.113586 0.080192
v 0.019484 -0.108380 0.084889
v 0.023116 -0.111060 0.093986
v -0.015842 -0.094232 0.098949
v -0.018483 -0.101910 0.094195
v -0.014851 -0.104172 0.084985
v -0.008579 -0.098758 0.080530
v -0.005938 -0.091080 0.085284
v -0.009570 -0.088818 0.094493
v 0.002317 -0.151495 -0.003527
v 0.002317 -0.126846 -0.048755
v 0.009647 -0.124590 -0.044124
v 0.009647 -0.146774 -0.003419
v 0.009647 -0.120077 -0.034864
v 0.009647 -0.137332 -0.003204
v 0.002317 -0.117821 -0.030233
v 0.002317 -0.132611 -0.003096
v -0.005013 -0.120077 -0.034864
v -0.005013 -0.137332 -0.003204
v -0.005013 -0.124590 -0.044124
v -0.005013 -0.146774 -0.003419
v 0.002317 -0.079635 -0.047679
v 0.009647 -0.082100 -0.043156
v 0.009647 -0.087030 -0.034110
v 0.002317 -0.089494 -0.029587
v -0.005013 -0.087030 -0.034110
v -0.005013 -0.082100 -0.043156
v 0.002317 -0.057072 -0.001375
v 0.009647 -0.061794 -0.001482
v 0.009647 -0.071236 -0.001697
v 0.002317 -0.075957 -0.001805
v -0.005013 -0.071236 -0.001697
v -0.005013 -0.061794 -0.001482
v 0.002317 -0.081721 0.043853
v 0.009647 -0.083978 0.039223
v 0.009647 -0.088490 0.029962
v 0.002317 -0.090746 0.025332
v -0.005013 -0.088490 0.029962
v -0.005013 -0.083978 0.039223
v 0.002317 -0.128933 0.042777
v 0.009647 -0.126468 0.038254
v 0.009647 -0.121538 0.029209
v 0.002317 -0.119073 0.024686
v -0.005013 -0.121538 0.029209
v -0.005013 -0.126468 0.038254
v -0.034001 -0.078304 -0.057460
v -0.015842 -0.089617 -0.103507
v -0.018483 -0.097503 -0.099108
v -0.034826 -0.087321 -0.057665
v -0.014851 -0.100183 -0.090011
v -0.027562 -0.092264 -0.057778
v -0.008579 -0.094977 -0.085314
v -0.019474 -0.088189 -0.057685
v -0.005938 -0.087091 -0.089713
v -0.018649 -0.079172 -0.057479
v -0.009570 -0.084411 -0.098810
v -0.025913 -0.074229 -0.057367
v 0.020475 -0.114330 -0.104071
v 0.014203 -0.119745 -0.099615
v 0.010571 -0.117482 -0.090405
v 0.013212 -0.109805 -0.085651
v 0.019484 -0.104390 -0.090107
v 0.023116 -0.106653 -0.099317
v 0.038634 -0.127730 -0.058586
v 0.030546 -0.131805 -0.058679
v 0.023282 -0.126862 -0.058566
v 0.024107 -0.117845 -0.058361
v 0.032195 -0.113770 -0.058268
v 0.039459 -0.118713 -0.058381
v 0.020475 -0.116417 -0.012539
v 0.014203 -0.121623 -0.017236
v 0.010571 -0.118943 -0.026333
v 0.013212 -0.111057 -0.030733
v 0.019484 -0.105851 -0.026035
v 0.023116 -0.108531 -0.016938
v -0.015842 -0.091704 -0.011975
v -0.018483 -0.099381 -0.016729
v -0.014851 -0.101644 -0.025939
v -0.008579 -0.096229 -0.030394
v -0.005938 -0.088552 -0.025640
v -0.009570 -0.086289 -0.016431
v 0.002317 -0.148969 -0.114362
v 0.002317 -0.124320 -0.159590
v 0.009647 -0.122063 -0.154960
v 0.009647 -0.144247 -0.114255
v 0.009647 -0.117551 -0.145699
v 0.009647 -0.134805 -0.114039
v 0.002317 -0.115295 -0.141069
v 0.002317 -0.130084 -0.113932
v -0.005013 -0.117551 -0.145699
v -0.005013 -0.134805 -0.114039
v -0.005013 -0.122063 -0.154960
v -0.005013 -0.144247 -0.114255
v 0.002317 -0.077108 -0.158514
v 0.009647 -0.079573 -0.153991
v 0.009647 -0.084503 -0.144946
v 0.002317 -0.086968 -0.140423
v -0.005013 -0.084503 -0.144946
v -0.005013 -0.079573 -0.153991
v 0.002317 -0.054546 -0.112210
v 0.009647 -0.059267 -0.112318
v 0.009647 -0.068709 -0.112533
v 0.002317 -0.073430 -0.112640
v -0.005013 -0.068709 -0.112533
v -0.005013 -0.059267 -0.112318
v 0.002317 -0.079195 -0.066982
v 0.009647 -0.081451 -0.071613
v 0.009647 -0.085964 -0.080873
v 0.002317 -0.088220 -0.085504
v -0.005013 -0.085964 -0.080873
v -0.005013 -0.081451 -0.071613
v 0.002317 -0.126406 -0.068058
v 0.009647 -0.123941 -0.072581
v 0.009647 -0.119011 -0.081627
v 0.002317 -0.116547 -0.086149
v -0.005013 -0.119011 -0.081627
v -0.005013 -0.123941 -0.072581
v -0.037788 -0.065506 -0.167082
v -0.011175 -0.055306 -0.208209
v -0.012565 -0.064891 -0.207645
v -0.036516 -0.074072 -0.170630
v -0.009866 -0.070026 -0.199490
v -0.028495 -0.077166 -0.170701
v -0.005778 -0.065575 -0.191900
v -0.021746 -0.071695 -0.167223
v -0.004389 -0.055990 -0.192464
v -0.023018 -0.063130 -0.163675
v -0.007087 -0.050855 -0.200619
v -0.031038 -0.060035 -0.163605
v 0.028929 -0.070779 -0.208562
v 0.023529 -0.078818 -0.207962
v 0.018207 -0.080858 -0.199737
v 0.018284 -0.074860 -0.192111
v 0.023684 -0.066821 -0.192711
v 0.029007 -0.064781 -0.200936
v 0.042421 -0.096453 -0.167788
v 0.035672 -0.101924 -0.171265
v 0.027651 -0.098829 -0.171195
v 0.026379 -0.090264 -0.167646
v 0.033128 -0.084793 -0.164169
v 0.041149 -0.087887 -0.164240
v 0.015808 -0.106653 -0.126661
v 0.011720 -0.111104 -0.134251
v 0.009022 -0.105969 -0.142406
v 0.010412 -0.096384 -0.142970
v 0.014499 -0.091933 -0.135380
v 0.017198 -0.097068 -0.127225
v -0.024296 -0.091180 -0.126308
v -0.024374 -0.097178 -0.133933
v -0.019051 -0.095138 -0.142159
v -0.013651 -0.087100 -0.142759
v -0.013573 -0.081101 -0.135133
v -0.018896 -0.083141 -0.126908
v -0.037788 -0.073023 0.162686
v -0.011175 -0.064708 0.204235
v -0.012565 -0.074258 0.203234
v -0.036516 -0.081742 0.165840
v -0.009866 -0.079016 0.194854
v -0.028495 -0.084836 0.165769
v -0.005778 -0.074224 0.187474
v -0.021746 -0.079213 0.162545
v -0.004389 -0.064674 0.188475
v -0.023018 -0.070494 0.159391
v -0.007087 -0.059916 0.196855
v -0.031038 -0.067400 0.159461
v 0.028929 -0.080182 0.203882
v 0.023529 -0.088184 0.202917
v 0.018207 -0.089847 0.194607
v 0.018284 -0.083508 0.187263
v 0.023684 -0.075505 0.188228
v 0.029007 -0.073842 0.196538
v 0.042421 -0.103971 0.161980
v 0.035672 -0.109594 0.165205
v 0.027651 -0.106500 0.165276
v 0.026379 -0.097781 0.162122
v 0.033128 -0.092157 0.158897
v 0.041149 -0.095252 0.158826
v 0.015808 -0.112286 0.120431
v 0.011720 -0.117078 0.127811
v 0.009022 -0.112320 0.136191
v 0.010412 -0.102770 0.137192
v 0.014499 -0.097978 0.129812
v 0.017198 -0.102736 0.121432
v -0.024296 -0.096812 0.120784
v -0.024374 -0.103152 0.128128
v -0.019051 -0.101489 0.136438
v -0.013651 -0.093486 0.137404
v -0.013573 -0.087147 0.130059
v -0.018896 -0.088810 0.121750
vt 0.945358 0.557933
vt 0.945358 0.557933
vt 0.945358 0.557933
vt 0.945358 0.557933
vt 0.945358 0.557933
vt 0.945358 0.557933
vt 0.945358 0.557933
vt 0.945358 0.557933
vt 0.945358 0.557933
vt 0.945358 0.557933
vt 0.945358 0.557933
vt 0.945358 0.557933
vt 0.945358 0.557933
vt 0.945358 0.557933
vt 0.945358 0.557933
vt 0.945358 0.557933
vt 0.945358 0.557933
vt 0.945358 0.557933
vt 0.945358 0.557933
vt 0.945358 0.557933
vt 0.945358 0.557933
vt 0.945358 0.557933
vt 0.945358 0.557933
vt 0.945358 0.557933
vt 0.945358 0.557933
vt 0.945358 0.557933
vt 0.945358 0.557933
vt 0.945358 0.557933
vt 0.945358 0.557933
vt 0.945358 0.557933
vt 0.945358 0.557933
vt 0.945358 0.557933
vt 0.945358 0.557933
vt 0.945358 0.557933
vt 0.945358 0.557933
vt 0.945358 0.557933
vt 0.945358 0.557933
vt 0.945358 0.557933
vt 0.945358 0.557933
vt 0.945358 0.557933
vt 0.945358 0.557933
vt 0.945358 0.557933
vt 0.945358 0.557933
vt 0.945358 0.557933
vt 0.945358 0.557933
vt 0.945358 0.557933
vt 0.945358 0.557933
vt 0.945358 0.557933
vt 0.945358 0.557933
vt 0.945358 0.557933
vt 0.945358 0.557933
vt 0.945358 0.557933
vt 0.945358 0.557933
vt 0.945358 0.557933
vt 0.945358 0.557933
vt 0.945358 0.557933
vt 0.945358 0.557933
vt 0.945358 0.557933
vt 0.945358 0.557933
vt 0.945358 0.557933
vt 0.945358 0.557933
vt 0.945358 0.557933
vt 0.945358 0.557933
vt 0.945358 0.557933
vt 0.945358 0.557933
vt 0.945358 0.557933
vt 0.945358 0.557933
vt 0.945358 0.557933
vt 0.945358 0.557933
vt 0.945358 0.557933
vt 0.945358 0.557933
vt 0.945358 0.557933
vt 0.945358 0.557933
vt 0.945358 0.557933
vt 0.945358 0.557933
vt 0.945358 0.557933
vt 0.945358 0.557933
vt 0.945358 0.557933
vt 0.945358 0.557933
vt 0.945358 0.557933
vt 0.945358 0.557933
vt 0.945358 0.557933
vt 0.945358 0.557933
vt 0.945358 0.557933
vt 0.945358 0.557933
vt 0.945358 0.557933
vt 0.945358 0.557933
vt 0.945358 0.557933
vt 0.945358 0.557933
vt 0.945358 0.557933
vt 0.945358 0.557933
vt 0.945358 0.557933
vt 0.945358 0.557933
vt 0.945358 0.557933
vt 0.945358 0.557933
vt 0.945358 0.557933
vt 0.945358 0.557933
vt 0.945358 0.557933
vt 0.945358 0.557933
vt 0.945358 0.557933
vt 0.945358 0.557933
vt 0.945358 0.557933
vt 0.945358 0.557933
vt 0.945358 0.557933
vt 0.945358 0.557933
vt 0.945358 0.557933
vt 0.945358 0.557933
vt 0.945358 0.557933
vt 0.945358 0.557933
vt 0.945358 0.557933
vt 0.945358 0.557933
vt 0.945358 0.557933
vt 0.945358 0.557933
vt 0.945358 0.557933
vt 0.945358 0.557933
vt 0.945358 0.557933
vt 0.945358 0.557933
vt 0.945358 0.557933
vt 0.945358 0.557933
vt 0.945358 0.557933
vt 0.945358 0.557933
vt 0.945358 0.557933
vt 0.945358 0.557933
vt 0.945358 0.557933
vt 0.945358 0.557933
vt 0.945358 0.557933
vt 0.945358 0.557933
vt 0.945358 0.557933
vt 0.945358 0.557933
vt 0.945358 0.557933
vt 0.945358 0.557933
vt 0.945358 0.557933
vt 0.945358 0.557933
vt 0.945358 0.557933
vt 0.945358 0.557933
vt 0.945358 0.557933
vt 0.945358 0.557933
vt 0.945358 0.557933
vt 0.945358 0.557933
vt 0.945358 0.557933
vt 0.945358 0.557933
vt 0.945358 0.557933
vt 0.945358 0.557933
vt 0.945358 0.557933
vt 0.945358 0.557933
vt 0.945358 0.557933
vt 0.945358 0.557933
vt 0.945358 0.557933
vt 0.945358 0.557933
vt 0.945358 0.557933
vt 0.945358 0.557933
vt 0.945358 0.557933
vt 0.945358 0.557933
vt 0.945358 0.557933
vt 0.945358 0.557933
vt 0.945358 0.557933
vt 0.945358 0.557933
vt 0.945358 0.557933
vt 0.945358 0.557933
vt 0.945358 0.557933
vt 0.945358 0.557933
vt 0.945358 0.557933
vt 0.945358 0.557933
vt 0.945358 0.557933
vt 0.945358 0.557933
vt 0.945358 0.557933
vt 0.945358 0.557933
vt 0.945358 0.557933
vt 0.945358 0.557933
vt 0.945358 0.557933
vt 0.945358 0.557933
vt 0.945358 0.557933
vt 0.945358 0.557933
vt 0.945358 0.557933
vt 0.945358 0.557933
vt 0.945358 0.557933
vt 0.945358 0.557933
vt 0.945358 0.557933
vt 0.945358 0.557933
vt 0.945358 0.557933
vt 0.945358 0.557933
vt 0.945358 0.557933
vt 0.945358 0.557933
vt 0.945358 0.557933
vt 0.945358 0.557933
vt 0.945358 0.557933
vt 0.945358 0.557933
vt 0.945358 0.557933
vt 0.945358 0.557933
vt 0.945358 0.557933
vt 0.945358 0.557933
vt 0.945358 0.557933
vt 0.945358 0.557933
vt 0.945358 0.557933
vt 0.945358 0.557933
vt 0.945358 0.557933
vt 0.945358 0.557933
vt 0.945358 0.557933
vt 0.945358 0.557933
vt 0.945358 0.557933
vt 0.945358 0.557933
vt 0.945358 0.557933
vt 0.945358 0.557933
vt 0.945358 0.557933
vt 0.945358 0.557933
vt 0.945358 0.557933
vt 0.945358 0.557933
vt 0.945358 0.557933
vt 0.945358 0.557933
vt 0.945358 0.557933
vt 0.945358 0.557933
vt 0.945358 0.557933
vt 0.945358 0.557933
vt 0.945358 0.557933
vt 0.945358 0.557933
vt 0.945358 0.557933
vt 0.945358 0.557933
vt 0.945358 0.557933
vt 0.945358 0.557933
vt 0.945358 0.557933
vt 0.945358 0.557933
vt 0.945358 0.557933
vt 0.945358 0.557933
vt 0.945358 0.557933
vt 0.945358 0.557933
vt 0.945358 0.557933
vt 0.945358 0.557933
vt 0.945358 0.557933
vt 0.945358 0.557933
vt 0.945358 0.557933
vt 0.945358 0.557933
vt 0.945358 0.557933
vt 0.945358 0.557933
vt 0.945358 0.557933
vt 0.945358 0.557933
vt 0.945358 0.557933
vt 0.945358 0.557933
vt 0.945358 0.557933
vt 0.945358 0.557933
vt 0.945358 0.557933
vt 0.945358 0.557933
vt 0.945358 0.557933
vt 0.945358 0.557933
vt 0.945358 0.557933
vt 0.945358 0.557933
vt 0.945358 0.557933
vt 0.945358 0.557933
vt 0.945358 0.557933
vt 0.945358 0.557933
vt 0.945358 0.557933
vt 0.945358 0.557933
vt 0.945358 0.557933
vt 0.945358 0.557933
vt 0.945358 0.557933
vt 0.945358 0.557933
vt 0.945358 0.557933
vt 0.945358 0.557933
vt 0.945358 0.557933
vt 0.945358 0.557933
vt 0.945358 0.557933
vt 0.945358 0.557933
vt 0.945358 0.557933
vt 0.945358 0.557933
vt 0.945358 0.557933
vt 0.945358 0.557933
vt 0.945358 0.557933
vt 0.945358 0.557933
vt 0.945358 0.557933
vt 0.945358 0.557933
vt 0.945358 0.557933
vt 0.945358 0.557933
vt 0.945358 0.557933
vt 0.945358 0.557933
vt 0.945358 0.557933
vt 0.945358 0.557933
vt 0.945358 0.557933
vt 0.945358 0.557933
vt 0.945358 0.557933
vt 0.945358 0.557933
vt 0.945358 0.557933
vt 0.945358 0.557933
vt 0.945358 0.557933
vt 0.945358 0.557933
vt 0.945358 0.557933
vt 0.945358 0.557933
vt 0.945358 0.557933
vt 0.945358 0.557933
vt 0.945358 0.557933
vt 0.945358 0.557933
vt 0.945358 0.557933
vt 0.945358 0.557933
vt 0.945358 0.557933
vt 0.945358 0.557933
vt 0.945358 0.557933
vt 0.945358 0.557933
vt 0.945358 0.557933
vt 0.945358 0.557933
vt 0.945358 0.557933
vt 0.945358 0.557933
vt 0.945358 0.557933
vt 0.945358 0.557933
vt 0.945358 0.557933
vt 0.945358 0.557933
vt 0.945358 0.557933
vt 0.945358 0.557933
vt 0.945358 0.557933
vt 0.945358 0.557933
vt 0.945358 0.557933
vt 0.945358 0.557933
vt 0.945358 0.557933
vt 0.945358 0.557933
vt 0.945358 0.557933
vt 0.945358 0.557933
vt 0.945358 0.557933
vt 0.945358 0.557933
vt 0.945358 0.557933
vt 0.945358 0.557933
vt 0.945358 0.557933
vt 0.945358 0.557933
vt 0.945358 0.557933
vt 0.937280 0.215277
vt 0.937280 0.220781
vt 0.935197 0.220781
vt 0.935197 0.215277
vt 0.943528 0.215277
vt 0.943528 0.220781
vt 0.941445 0.220781
vt 0.941445 0.215277
vt 0.939362 0.220781
vt 0.939362 0.215277
vt 0.947693 0.215277
vt 0.947693 0.220781
vt 0.945611 0.220781
vt 0.945611 0.215277
vt 0.944569 0.215152
vt 0.947166 0.213652
vt 0.947166 0.210653
vt 0.944569 0.209154
vt 0.941972 0.210653
vt 0.941972 0.213652
vt 0.947407 0.221525
vt 0.945897 0.221525
vt 0.945324 0.221525
vt 0.943814 0.221525
vt 0.943242 0.221525
vt 0.941731 0.221525
vt 0.941159 0.221525
vt 0.939649 0.221525
vt 0.939076 0.221525
vt 0.937566 0.221525
vt 0.936994 0.221525
vt 0.935483 0.221525
vt 0.940205 0.213240
vt 0.938321 0.214328
vt 0.936438 0.213240
vt 0.936438 0.211065
vt 0.938321 0.209978
vt 0.940205 0.211065
vt 0.937280 0.215277
vt 0.937280 0.220781
vt 0.935197 0.220781
vt 0.935197 0.215277
vt 0.943528 0.215277
vt 0.943528 0.220781
vt 0.941445 0.220781
vt 0.941445 0.215277
vt 0.939362 0.220781
vt 0.939362 0.215277
vt 0.947693 0.215277
vt 0.947693 0.220781
vt 0.945611 0.220781
vt 0.945611 0.215277
vt 0.944569 0.215152
vt 0.947166 0.213652
vt 0.947166 0.210653
vt 0.944569 0.209154
vt 0.941972 0.210653
vt 0.941972 0.213652
vt 0.947407 0.221525
vt 0.945897 0.221525
vt 0.945324 0.221525
vt 0.943814 0.221525
vt 0.943242 0.221525
vt 0.941731 0.221525
vt 0.941159 0.221525
vt 0.939649 0.221525
vt 0.939076 0.221525
vt 0.937566 0.221525
vt 0.936994 0.221525
vt 0.935483 0.221525
vt 0.940205 0.213240
vt 0.938321 0.214328
vt 0.936438 0.213240
vt 0.936438 0.211065
vt 0.938321 0.209978
vt 0.940205 0.211065
vt 0.937280 0.215277
vt 0.937280 0.220781
vt 0.935197 0.220781
vt 0.935197 0.215277
vt 0.943528 0.215277
vt 0.943528 0.220781
vt 0.941445 0.220781
vt 0.941445 0.215277
vt 0.939362 0.220781
vt 0.939362 0.215277
vt 0.947693 0.215277
vt 0.947693 0.220781
vt 0.945611 0.220781
vt 0.945611 0.215277
vt 0.944569 0.215152
vt 0.947166 0.213652
vt 0.947166 0.210653
vt 0.944569 0.209154
vt 0.941972 0.210653
vt 0.941972 0.213652
vt 0.947407 0.221525
vt 0.945897 0.221525
vt 0.945324 0.221525
vt 0.943814 0.221525
vt 0.943242 0.221525
vt 0.941731 0.221525
vt 0.941159 0.221525
vt 0.939649 0.221525
vt 0.939076 0.221525
vt 0.937566 0.221525
vt 0.936994 0.221525
vt 0.935483 0.221525
vt 0.940205 0.213240
vt 0.938321 0.214328
vt 0.936438 0.213240
vt 0.936438 0.211065
vt 0.938321 0.209978
vt 0.940205 0.211065
vt 0.937280 0.215277
vt 0.937280 0.220781
vt 0.935197 0.220781
vt 0.935197 0.215277
vt 0.943528 0.215277
vt 0.943528 0.220781
vt 0.941445 0.220781
vt 0.941445 0.215277
vt 0.939362 0.220781
vt 0.939362 0.215277
vt 0.947693 0.215277
vt 0.947693 0.220781
vt 0.945611 0.220781
vt 0.945611 0.215277
vt 0.944569 0.215152
vt 0.947166 0.213652
vt 0.947166 0.210653
vt 0.944569 0.209154
vt 0.941972 0.210653
vt 0.941972 0.213652
vt 0.947407 0.221525
vt 0.945897 0.221525
vt 0.945324 0.221525
vt 0.943814 0.221525
vt 0.943242 0.221525
vt 0.941731 0.221525
vt 0.941159 0.221525
vt 0.939649 0.221525
vt 0.939076 0.221525
vt 0.937566 0.221525
vt 0.936994 0.221525
vt 0.935483 0.221525
vt 0.940205 0.213240
vt 0.938321 0.214328
vt 0.936438 0.213240
vt 0.936438 0.211065
vt 0.938321 0.209978
vt 0.940205 0.211065
vt 0.937280 0.215277
vt 0.937280 0.220781
vt 0.935197 0.220781
vt 0.935197 0.215277
vt 0.943528 0.215277
vt 0.943528 0.220781
vt 0.941445 0.220781
vt 0.941445 0.215277
vt 0.939362 0.220781
vt 0.939362 0.215277
vt 0.947693 0.215277
vt 0.947693 0.220781
vt 0.945611 0.220781
vt 0.945611 0.215277
vt 0.944569 0.215152
vt 0.947166 0.213652
vt 0.947166 0.210653
vt 0.944569 0.209154
vt 0.941972 0.210653
vt 0.941972 0.213652
vt 0.947407 0.221525
vt 0.945897 0.221525
vt 0.945324 0.221525
vt 0.943814 0.221525
vt 0.943242 0.221525
vt 0.941731 0.221525
vt 0.941159 0.221525
vt 0.939649 0.221525
vt 0.939076 0.221525
vt 0.937566 0.221525
vt 0.936994 0.221525
vt 0.935483 0.221525
vt 0.940205 0.213240
vt 0.938321 0.214328
vt 0.936438 0.213240
vt 0.936438 0.211065
vt 0.938321 0.209978
vt 0.940205 0.211065
vt 0.937280 0.215277
vt 0.937280 0.220781
vt 0.935197 0.220781
vt 0.935197 0.215277
vt 0.943528 0.215277
vt 0.943528 0.220781
vt 0.941445 0.220781
vt 0.941445 0.215277
vt 0.939362 0.220781
vt 0.939362 0.215277
vt 0.947693 0.215277
vt 0.947693 0.220781
vt 0.945611 0.220781
vt 0.945611 0.215277
vt 0.944569 0.215152
vt 0.947166 0.213652
vt 0.947166 0.210653
vt 0.944569 0.209154
vt 0.941972 0.210653
vt 0.941972 0.213652
vt 0.947407 0.221525
vt 0.945897 0.221525
vt 0.945324 0.221525
vt 0.943814 0.221525
vt 0.943242 0.221525
vt 0.941731 0.221525
vt 0.941159 0.221525
vt 0.939649 0.221525
vt 0.939076 0.221525
vt 0.937566 0.221525
vt 0.936994 0.221525
vt 0.935483 0.221525
vt 0.940205 0.213240
vt 0.938321 0.214328
vt 0.936438 0.213240
vt 0.936438 0.211065
vt 0.938321 0.209978
vt 0.940205 0.211065
vt 0.937280 0.215277
vt 0.937280 0.220781
vt 0.935197 0.220781
vt 0.935197 0.215277
vt 0.943528 0.215277
vt 0.943528 0.220781
vt 0.941445 0.220781
vt 0.941445 0.215277
vt 0.939362 0.220781
vt 0.939362 0.215277
vt 0.947693 0.215277
vt 0.947693 0.220781
vt 0.945611 0.220781
vt 0.945611 0.215277
vt 0.944569 0.215152
vt 0.947166 0.213652
vt 0.947166 0.210653
vt 0.944569 0.209154
vt 0.941972 0.210653
vt 0.941972 0.213652
vt 0.947407 0.221525
vt 0.945897 0.221525
vt 0.945324 0.221525
vt 0.943814 0.221525
vt 0.943242 0.221525
vt 0.941731 0.221525
vt 0.941159 0.221525
vt 0.939649 0.221525
vt 0.939076 0.221525
vt 0.937566 0.221525
vt 0.936994 0.221525
vt 0.935483 0.221525
vt 0.940205 0.213240
vt 0.938321 0.214328
vt 0.936438 0.213240
vt 0.936438 0.211065
vt 0.938321 0.209978
vt 0.940205 0.211065
vt 0.166667 0.500000
vt 0.166667 0.940514
vt -0.000000 0.940514
vt -0.000000 0.500000
vt 0.666667 0.500000
vt 0.666667 0.940514
vt 0.500000 0.940514
vt 0.500000 0.500000
vt 0.333333 0.940514
vt 0.333333 0.500000
vt 1.000000 0.500000
vt 1.000000 0.940514
vt 0.833333 0.940514
vt 0.833333 0.500000
vt 0.750000 0.490000
vt 0.957846 0.370000
vt 0.957846 0.130000
vt 0.750000 0.010000
vt 0.542154 0.130000
vt 0.542154 0.370000
vt 0.977104 1.000000
vt 0.856229 1.000000
vt 0.810437 1.000000
vt 0.689563 1.000000
vt 0.643771 1.000000
vt 0.522896 1.000000
vt 0.477104 1.000000
vt 0.356229 1.000000
vt 0.310437 1.000000
vt 0.189563 1.000000
vt 0.143771 1.000000
vt 0.022896 1.000000
vt 0.400740 0.337030
vt 0.250000 0.424059
vt 0.099260 0.337030
vt 0.099260 0.162970
vt 0.250000 0.075941
vt 0.400740 0.162970
vt 0.937280 0.215277
vt 0.937280 0.220781
vt 0.935197 0.220781
vt 0.935197 0.215277
vt 0.943528 0.215277
vt 0.943528 0.220781
vt 0.941445 0.220781
vt 0.941445 0.215277
vt 0.939362 0.220781
vt 0.939362 0.215277
vt 0.947693 0.215277
vt 0.947693 0.220781
vt 0.945611 0.220781
vt 0.945611 0.215277
vt 0.944569 0.215152
vt 0.947166 0.213652
vt 0.947166 0.210653
vt 0.944569 0.209154
vt 0.941972 0.210653
vt 0.941972 0.213652
vt 0.947407 0.221525
vt 0.945897 0.221525
vt 0.945324 0.221525
vt 0.943814 0.221525
vt 0.943242 0.221525
vt 0.941731 0.221525
vt 0.941159 0.221525
vt 0.939649 0.221525
vt 0.939076 0.221525
vt 0.937566 0.221525
vt 0.936994 0.221525
vt 0.935483 0.221525
vt 0.940205 0.213240
vt 0.938321 0.214328
vt 0.936438 0.213240
vt 0.936438 0.211065
vt 0.938321 0.209978
vt 0.940205 0.211065
vt 0.937280 0.215277
vt 0.937280 0.220781
vt 0.935197 0.220781
vt 0.935197 0.215277
vt 0.943528 0.215277
vt 0.943528 0.220781
vt 0.941445 0.220781
vt 0.941445 0.215277
vt 0.939362 0.220781
vt 0.939362 0.215277
vt 0.947693 0.215277
vt 0.947693 0.220781
vt 0.945611 0.220781
vt 0.945611 0.215277
vt 0.944569 0.215152
vt 0.947166 0.213652
vt 0.947166 0.210653
vt 0.944569 0.209154
vt 0.941972 0.210653
vt 0.941972 0.213652
vt 0.947407 0.221525
vt 0.945897 0.221525
vt 0.945324 0.221525
vt 0.943814 0.221525
vt 0.943242 0.221525
vt 0.941731 0.221525
vt 0.941159 0.221525
vt 0.939649 0.221525
vt 0.939076 0.221525
vt 0.937566 0.221525
vt 0.936994 0.221525
vt 0.935483 0.221525
vt 0.940205 0.213240
vt 0.938321 0.214328
vt 0.936438 0.213240
vt 0.936438 0.211065
vt 0.938321 0.209978
vt 0.940205 0.211065
vt 0.945358 0.557933
vt 0.945358 0.557933
vt 0.945358 0.557933
vt 0.945358 0.557933
vt 0.945358 0.557933
vt 0.945358 0.557933
vt 0.945358 0.557933
vt 0.945358 0.557933
vt 0.945358 0.557933
vt 0.945358 0.557933
vt 0.945358 0.557933
vt 0.945358 0.557933
vt 0.945358 0.557933
vt 0.945358 0.557933
vt 0.945358 0.557933
vt 0.945358 0.557933
vt 0.945358 0.557933
vt 0.945358 0.557933
vt 0.945358 0.557933
vt 0.945358 0.557933
vt 0.945358 0.557933
vt 0.945358 0.557933
vt 0.945358 0.557933
vt 0.945358 0.557933
vt 0.945358 0.557933
vt 0.945358 0.557933
vt 0.945358 0.557933
vt 0.945358 0.557933
vt 0.945358 0.557933
vt 0.945358 0.557933
vt 0.945358 0.557933
vt 0.945358 0.557933
vt 0.945358 0.557933
vt 0.945358 0.557933
vt 0.945358 0.557933
vt 0.945358 0.557933
vt 0.945358 0.557933
vt 0.945358 0.557933
vt 0.945358 0.557933
vt 0.945358 0.557933
vt 0.945358 0.557933
vt 0.945358 0.557933
vt 0.945358 0.557933
vt 0.945358 0.557933
vt 0.945358 0.557933
vt 0.945358 0.557933
vt 0.945358 0.557933
vt 0.945358 0.557933
vt 0.945358 0.557933
vt 0.945358 0.557933
vt 0.945358 0.557933
vt 0.945358 0.557933
vt 0.945358 0.557933
vt 0.945358 0.557933
vt 0.945358 0.557933
vt 0.945358 0.557933
vt 0.945358 0.557933
vt 0.945358 0.557933
vt 0.945358 0.557933
vt 0.945358 0.557933
vt 0.945358 0.557933
vt 0.945358 0.557933
vt 0.945358 0.557933
vt 0.945358 0.557933
vt 0.945358 0.557933
vt 0.945358 0.557933
vt 0.945358 0.557933
vt 0.945358 0.557933
vt 0.945358 0.557933
vt 0.945358 0.557933
vt 0.945358 0.557933
vt 0.945358 0.557933
vt 0.945358 0.557933
vt 0.945358 0.557933
vt 0.945358 0.557933
vt 0.945358 0.557933
vt 0.945358 0.557933
vt 0.945358 0.557933
vt 0.945358 0.557933
vt 0.945358 0.557933
vt 0.945358 0.557933
vt 0.945358 0.557933
vt 0.945358 0.557933
vt 0.945358 0.557933
vt 0.945358 0.557933
vt 0.945358 0.557933
vt 0.945358 0.557933
vt 0.945358 0.557933
vt 0.945358 0.557933
vt 0.945358 0.557933
vt 0.945358 0.557933
vt 0.945358 0.557933
vt 0.945358 0.557933
vt 0.945358 0.557933
vt 0.945358 0.557933
vt 0.945358 0.557933
vt 0.945358 0.557933
vt 0.945358 0.557933
vt 0.945358 0.557933
vt 0.945358 0.557933
vt 0.945358 0.557933
vt 0.945358 0.557933
vt 0.945358 0.557933
vt 0.945358 0.557933
vt 0.945358 0.557933
vt 0.945358 0.557933
vt 0.945358 0.557933
vt 0.945358 0.557933
vt 0.945358 0.557933
vt 0.945358 0.557933
vt 0.945358 0.557933
vt 0.945358 0.557933
vt 0.945358 0.557933
vt 0.945358 0.557933
vt 0.945358 0.557933
vt 0.945358 0.557933
vt 0.945358 0.557933
vt 0.945358 0.557933
vt 0.945358 0.557933
vt 0.945358 0.557933
vt 0.945358 0.557933
vt 0.945358 0.557933
vt 0.945358 0.557933
vt 0.945358 0.557933
vt 0.945358 0.557933
vt 0.945358 0.557933
vt 0.945358 0.557933
vt 0.945358 0.557933
vt 0.945358 0.557933
vt 0.945358 0.557933
vt 0.945358 0.557933
vt 0.945358 0.557933
vt 0.945358 0.557933
vt 0.945358 0.557933
vt 0.945358 0.557933
vt 0.945358 0.557933
vt 0.945358 0.557933
vt 0.945358 0.557933
vt 0.945358 0.557933
vt 0.945358 0.557933
vt 0.945358 0.557933
vt 0.945358 0.557933
vt 0.945358 0.557933
vt 0.945358 0.557933
vt 0.945358 0.557933
vt 0.945358 0.557933
vt 0.945358 0.557933
vt 0.945358 0.557933
vt 0.945358 0.557933
vt 0.945358 0.557933
vt 0.945358 0.557933
vt 0.945358 0.557933
vt 0.945358 0.557933
vt 0.945358 0.557933
vt 0.945358 0.557933
vt 0.945358 0.557933
vt 0.945358 0.557933
vt 0.945358 0.557933
vt 0.945358 0.557933
vt 0.945358 0.557933
vt 0.945358 0.557933
vt 0.945358 0.557933
vt 0.945358 0.557933
vt 0.945358 0.557933
vt 0.945358 0.557933
vt 0.945358 0.557933
vt 0.945358 0.557933
vt 0.945358 0.557933
vt 0.945358 0.557933
vt 0.945358 0.557933
vt 0.945358 0.557933
vt 0.945358 0.557933
vt 0.945358 0.557933
vt 0.945358 0.557933
vt 0.945358 0.557933
vt 0.945358 0.557933
vt 0.945358 0.557933
vt 0.945358 0.557933
vt 0.945358 0.557933
vt 0.945358 0.557933
vt 0.945358 0.557933
vt 0.945358 0.557933
vt 0.945358 0.557933
vt 0.945358 0.557933
vt 0.945358 0.557933
vt 0.945358 0.557933
vt 0.945358 0.557933
vt 0.945358 0.557933
vt 0.945358 0.557933
vt 0.945358 0.557933
vt 0.945358 0.557933
vt 0.945358 0.557933
vt 0.945358 0.557933
vt 0.945358 0.557933
vt 0.945358 0.557933
vt 0.945358 0.557933
vt 0.945358 0.557933
vt 0.945358 0.557933
vt 0.945358 0.557933
vt 0.945358 0.557933
vt 0.945358 0.557933
vt 0.945358 0.557933
vt 0.945358 0.557933
vt 0.945358 0.557933
vt 0.945358 0.557933
vt 0.945358 0.557933
vt 0.945358 0.557933
vt 0.945358 0.557933
vt 0.945358 0.557933
vt 0.945358 0.557933
vt 0.945358 0.557933
vt 0.945358 0.557933
vt 0.945358 0.557933
vt 0.945358 0.557933
vt 0.945358 0.557933
vt 0.945358 0.557933
vt 0.945358 0.557933
vt 0.945358 0.557933
vt 0.945358 0.557933
vt 0.945358 0.557933
vt 0.945358 0.557933
vt 0.945358 0.557933
vt 0.945358 0.557933
vt 0.945358 0.557933
vt 0.945358 0.557933
vt 0.945358 0.557933
vt 0.945358 0.557933
vt 0.945358 0.557933
vt 0.945358 0.557933
vt 0.945358 0.557933
vt 0.945358 0.557933
vt 0.945358 0.557933
vt 0.945358 0.557933
vt 0.945358 0.557933
vt 0.945358 0.557933
vt 0.945358 0.557933
vt 0.945358 0.557933
vt 0.945358 0.557933
vt 0.945358 0.557933
vt 0.945358 0.557933
vt 0.945358 0.557933
vt 0.945358 0.557933
vt 0.945358 0.557933
vt 0.945358 0.557933
vt 0.945358 0.557933
vt 0.945358 0.557933
vt 0.945358 0.557933
vt 0.945358 0.557933
vt 0.945358 0.557933
vt 0.945358 0.557933
vt 0.945358 0.557933
vt 0.945358 0.557933
vt 0.945358 0.557933
vt 0.945358 0.557933
vt 0.945358 0.557933
vt 0.945358 0.557933
vt 0.945358 0.557933
vt 0.945358 0.557933
vt 0.945358 0.557933
vt 0.945358 0.557933
vt 0.945358 0.557933
vt 0.945358 0.557933
vt 0.945358 0.557933
vt 0.945358 0.557933
vt 0.945358 0.557933
vt 0.945358 0.557933
vt 0.945358 0.557933
vt 0.945358 0.557933
vt 0.945358 0.557933
vt 0.945358 0.557933
vt 0.945358 0.557933
vt 0.945358 0.557933
vt 0.945358 0.557933
vt 0.945358 0.557933
vt 0.945358 0.557933
vt 0.945358 0.557933
vt 0.945358 0.557933
vt 0.945358 0.557933
vt 0.945358 0.557933
vt 0.945358 0.557933
vt 0.945358 0.557933
vt 0.945358 0.557933
vt 0.945358 0.557933
vt 0.945358 0.557933
vt 0.945358 0.557933
vt 0.945358 0.557933
vt 0.945358 0.557933
vt 0.945358 0.557933
vt 0.945358 0.557933
vt 0.945358 0.557933
vt 0.945358 0.557933
vt 0.945358 0.557933
vt 0.945358 0.557933
vt 0.945358 0.557933
vt 0.945358 0.557933
vt 0.945358 0.557933
vt 0.945358 0.557933
vt 0.945358 0.557933
vt 0.945358 0.557933
vt 0.945358 0.557933
vt 0.945358 0.557933
vt 0.945358 0.557933
vt 0.945358 0.557933
vt 0.945358 0.557933
vt 0.945358 0.557933
vt 0.945358 0.557933
vt 0.945358 0.557933
vt 0.945358 0.557933
vt 0.945358 0.557933
vt 0.945358 0.557933
vt 0.945358 0.557933
vt 0.945358 0.557933
vt 0.945358 0.557933
vt 0.945358 0.557933
vt 0.945358 0.557933
vt 0.945358 0.557933
vt 0.945358 0.557933
vt 0.945358 0.557933
vt 0.945358 0.557933
vt 0.945358 0.557933
vt 0.937280 0.215277
vt 0.937280 0.220781
vt 0.935197 0.220781
vt 0.935197 0.215277
vt 0.943528 0.215277
vt 0.943528 0.220781
vt 0.941445 0.220781
vt 0.941445 0.215277
vt 0.939362 0.220781
vt 0.939362 0.215277
vt 0.947693 0.215277
vt 0.947693 0.220781
vt 0.945611 0.220781
vt 0.945611 0.215277
vt 0.944569 0.215152
vt 0.947166 0.213652
vt 0.947166 0.210653
vt 0.944569 0.209154
vt 0.941972 0.210653
vt 0.941972 0.213652
vt 0.947407 0.221525
vt 0.945897 0.221525
vt 0.945324 0.221525
vt 0.943814 0.221525
vt 0.943242 0.221525
vt 0.941731 0.221525
vt 0.941159 0.221525
vt 0.939649 0.221525
vt 0.939076 0.221525
vt 0.937566 0.221525
vt 0.936994 0.221525
vt 0.935483 0.221525
vt 0.940205 0.213240
vt 0.938321 0.214328
vt 0.936438 0.213240
vt 0.936438 0.211065
vt 0.938321 0.209978
vt 0.940205 0.211065
vt 0.937280 0.215277
vt 0.937280 0.220781
vt 0.935197 0.220781
vt 0.935197 0.215277
vt 0.943528 0.215277
vt 0.943528 0.220781
vt 0.941445 0.220781
vt 0.941445 0.215277
vt 0.939362 0.220781
vt 0.939362 0.215277
vt 0.947693 0.215277
vt 0.947693 0.220781
vt 0.945611 0.220781
vt 0.945611 0.215277
vt 0.944569 0.215152
vt 0.947166 0.213652
vt 0.947166 0.210653
vt 0.944569 0.209154
vt 0.941972 0.210653
vt 0.941972 0.213652
vt 0.947407 0.221525
vt 0.945897 0.221525
vt 0.945324 0.221525
vt 0.943814 0.221525
vt 0.943242 0.221525
vt 0.941731 0.221525
vt 0.941159 0.221525
vt 0.939649 0.221525
vt 0.939076 0.221525
vt 0.937566 0.221525
vt 0.936994 0.221525
vt 0.935483 0.221525
vt 0.940205 0.213240
vt 0.938321 0.214328
vt 0.936438 0.213240
vt 0.936438 0.211065
vt 0.938321 0.209978
vt 0.940205 0.211065
vt 0.937280 0.215277
vt 0.937280 0.220781
vt 0.935197 0.220781
vt 0.935197 0.215277
vt 0.943528 0.215277
vt 0.943528 0.220781
vt 0.941445 0.220781
vt 0.941445 0.215277
vt 0.939362 0.220781
vt 0.939362 0.215277
vt 0.947693 0.215277
vt 0.947693 0.220781
vt 0.945611 0.220781
vt 0.945611 0.215277
vt 0.944569 0.215152
vt 0.947166 0.213652
vt 0.947166 0.210653
vt 0.944569 0.209154
vt 0.941972 0.210653
vt 0.941972 0.213652
vt 0.947407 0.221525
vt 0.945897 0.221525
vt 0.945324 0.221525
vt 0.943814 0.221525
vt 0.943242 0.221525
vt 0.941731 0.221525
vt 0.941159 0.221525
vt 0.939649 0.221525
vt 0.939076 0.221525
vt 0.937566 0.221525
vt 0.936994 0.221525
vt 0.935483 0.221525
vt 0.940205 0.213240
vt 0.938321 0.214328
vt 0.936438 0.213240
vt 0.936438 0.211065
vt 0.938321 0.209978
vt 0.940205 0.211065
vt 0.937280 0.215277
vt 0.937280 0.220781
vt 0.935197 0.220781
vt 0.935197 0.215277
vt 0.943528 0.215277
vt 0.943528 0.220781
vt 0.941445 0.220781
vt 0.941445 0.215277
vt 0.939362 0.220781
vt 0.939362 0.215277
vt 0.947693 0.215277
vt 0.947693 0.220781
vt 0.945611 0.220781
vt 0.945611 0.215277
vt 0.944569 0.215152
vt 0.947166 0.213652
vt 0.947166 0.210653
vt 0.944569 0.209154
vt 0.941972 0.210653
vt 0.941972 0.213652
vt 0.947407 0.221525
vt 0.945897 0.221525
vt 0.945324 0.221525
vt 0.943814 0.221525
vt 0.943242 0.221525
vt 0.941731 0.221525
vt 0.941159 0.221525
vt 0.939649 0.221525
vt 0.939076 0.221525
vt 0.937566 0.221525
vt 0.936994 0.221525
vt 0.935483 0.221525
vt 0.940205 0.213240
vt 0.938321 0.214328
vt 0.936438 0.213240
vt 0.936438 0.211065
vt 0.938321 0.209978
vt 0.940205 0.211065
vt 0.937280 0.215277
vt 0.937280 0.220781
vt 0.935197 0.220781
vt 0.935197 0.215277
vt 0.943528 0.215277
vt 0.943528 0.220781
vt 0.941445 0.220781
vt 0.941445 0.215277
vt 0.939362 0.220781
vt 0.939362 0.215277
vt 0.947693 0.215277
vt 0.947693 0.220781
vt 0.945611 0.220781
vt 0.945611 0.215277
vt 0.944569 0.215152
vt 0.947166 0.213652
vt 0.947166 0.210653
vt 0.944569 0.209154
vt 0.941972 0.210653
vt 0.941972 0.213652
vt 0.947407 0.221525
vt 0.945897 0.221525
vt 0.945324 0.221525
vt 0.943814 0.221525
vt 0.943242 0.221525
vt 0.941731 0.221525
vt 0.941159 0.221525
vt 0.939649 0.221525
vt 0.939076 0.221525
vt 0.937566 0.221525
vt 0.936994 0.221525
vt 0.935483 0.221525
vt 0.940205 0.213240
vt 0.938321 0.214328
vt 0.936438 0.213240
vt 0.936438 0.211065
vt 0.938321 0.209978
vt 0.940205 0.211065
vt 0.937280 0.215277
vt 0.937280 0.220781
vt 0.935197 0.220781
vt 0.935197 0.215277
vt 0.943528 0.215277
vt 0.943528 0.220781
vt 0.941445 0.220781
vt 0.941445 0.215277
vt 0.939362 0.220781
vt 0.939362 0.215277
vt 0.947693 0.215277
vt 0.947693 0.220781
vt 0.945611 0.220781
vt 0.945611 0.215277
vt 0.944569 0.215152
vt 0.947166 0.213652
vt 0.947166 0.210653
vt 0.944569 0.209154
vt 0.941972 0.210653
vt 0.941972 0.213652
vt 0.947407 0.221525
vt 0.945897 0.221525
vt 0.945324 0.221525
vt 0.943814 0.221525
vt 0.943242 0.221525
vt 0.941731 0.221525
vt 0.941159 0.221525
vt 0.939649 0.221525
vt 0.939076 0.221525
vt 0.937566 0.221525
vt 0.936994 0.221525
vt 0.935483 0.221525
vt 0.940205 0.213240
vt 0.938321 0.214328
vt 0.936438 0.213240
vt 0.936438 0.211065
vt 0.938321 0.209978
vt 0.940205 0.211065
vt 0.937280 0.215277
vt 0.937280 0.220781
vt 0.935197 0.220781
vt 0.935197 0.215277
vt 0.943528 0.215277
vt 0.943528 0.220781
vt 0.941445 0.220781
vt 0.941445 0.215277
vt 0.939362 0.220781
vt 0.939362 0.215277
vt 0.947693 0.215277
vt 0.947693 0.220781
vt 0.945611 0.220781
vt 0.945611 0.215277
vt 0.944569 0.215152
vt 0.947166 0.213652
vt 0.947166 0.210653
vt 0.944569 0.209154
vt 0.941972 0.210653
vt 0.941972 0.213652
vt 0.947407 0.221525
vt 0.945897 0.221525
vt 0.945324 0.221525
vt 0.943814 0.221525
vt 0.943242 0.221525
vt 0.941731 0.221525
vt 0.941159 0.221525
vt 0.939649 0.221525
vt 0.939076 0.221525
vt 0.937566 0.221525
vt 0.936994 0.221525
vt 0.935483 0.221525
vt 0.940205 0.213240
vt 0.938321 0.214328
vt 0.936438 0.213240
vt 0.936438 0.211065
vt 0.938321 0.209978
vt 0.940205 0.211065
vt 0.166667 0.500000
vt 0.166667 0.940514
vt -0.000000 0.940514
vt -0.000000 0.500000
vt 0.666667 0.500000
vt 0.666667 0.940514
vt 0.500000 0.940514
vt 0.500000 0.500000
vt 0.333333 0.940514
vt 0.333333 0.500000
vt 1.000000 0.500000
vt 1.000000 0.940514
vt 0.833333 0.940514
vt 0.833333 0.500000
vt 0.750000 0.490000
vt 0.957846 0.370000
vt 0.957846 0.130000
vt 0.750000 0.010000
vt 0.542154 0.130000
vt 0.542154 0.370000
vt 0.977104 1.000000
vt 0.856229 1.000000
vt 0.810437 1.000000
vt 0.689563 1.000000
vt 0.643771 1.000000
vt 0.522896 1.000000
vt 0.477104 1.000000
vt 0.356229 1.000000
vt 0.310437 1.000000
vt 0.189563 1.000000
vt 0.143771 1.000000
vt 0.022896 1.000000
vt 0.400740 0.337030
vt 0.250000 0.424059
vt 0.099260 0.337030
vt 0.099260 0.162970
vt 0.250000 0.075941
vt 0.400740 0.162970
vt 0.937280 0.215277
vt 0.937280 0.220781
vt 0.935197 0.220781
vt 0.935197 0.215277
vt 0.943528 0.215277
vt 0.943528 0.220781
vt 0.941445 0.220781
vt 0.941445 0.215277
vt 0.939362 0.220781
vt 0.939362 0.215277
vt 0.947693 0.215277
vt 0.947693 0.220781
vt 0.945611 0.220781
vt 0.945611 0.215277
vt 0.944569 0.215152
vt 0.947166 0.213652
vt 0.947166 0.210653
vt 0.944569 0.209154
vt 0.941972 0.210653
vt 0.941972 0.213652
vt 0.947407 0.221525
vt 0.945897 0.221525
vt 0.945324 0.221525
vt 0.943814 0.221525
vt 0.943242 0.221525
vt 0.941731 0.221525
vt 0.941159 0.221525
vt 0.939649 0.221525
vt 0.939076 0.221525
vt 0.937566 0.221525
vt 0.936994 0.221525
vt 0.935483 0.221525
vt 0.940205 0.213240
vt 0.938321 0.214328
vt 0.936438 0.213240
vt 0.936438 0.211065
vt 0.938321 0.209978
vt 0.940205 0.211065
vt 0.937280 0.215277
vt 0.937280 0.220781
vt 0.935197 0.220781
vt 0.935197 0.215277
vt 0.943528 0.215277
vt 0.943528 0.220781
vt 0.941445 0.220781
vt 0.941445 0.215277
vt 0.939362 0.220781
vt 0.939362 0.215277
vt 0.947693 0.215277
vt 0.947693 0.220781
vt 0.945611 0.220781
vt 0.945611 0.215277
vt 0.944569 0.215152
vt 0.947166 0.213652
vt 0.947166 0.210653
vt 0.944569 0.209154
vt 0.941972 0.210653
vt 0.941972 0.213652
vt 0.947407 0.221525
vt 0.945897 0.221525
vt 0.945324 0.221525
vt 0.943814 0.221525
vt 0.943242 0.221525
vt 0.941731 0.221525
vt 0.941159 0.221525
vt 0.939649 0.221525
vt 0.939076 0.221525
vt 0.937566 0.221525
vt 0.936994 0.221525
vt 0.935483 0.221525
vt 0.940205 0.213240
vt 0.938321 0.214328
vt 0.936438 0.213240
vt 0.936438 0.211065
vt 0.938321 0.209978
vt 0.940205 0.211065
vt 0.939699 0.710852
vt 0.936960 0.710852
vt 0.936960 0.708113
vt 0.939699 0.708113
vt 0.936960 0.705375
vt 0.939699 0.705375
vt 0.936960 0.702636
vt 0.939699 0.702636
vt 0.939699 0.719067
vt 0.936960 0.719067
vt 0.936960 0.716329
vt 0.939699 0.716329
vt 0.936960 0.713590
vt 0.939699 0.713590
vt 0.934222 0.710852
vt 0.934222 0.708113
vt 0.934222 0.705375
vt 0.934222 0.702636
vt 0.934222 0.719067
vt 0.934222 0.716329
vt 0.934222 0.713590
vt 0.931483 0.710852
vt 0.931483 0.708113
vt 0.931483 0.705375
vt 0.931483 0.702636
vt 0.931483 0.719067
vt 0.931483 0.716329
vt 0.931483 0.713590
vt 0.947914 0.710852
vt 0.945176 0.710852
vt 0.945176 0.708113
vt 0.947914 0.708113
vt 0.945176 0.705375
vt 0.947914 0.705375
vt 0.945176 0.702636
vt 0.947914 0.702636
vt 0.947914 0.719067
vt 0.945176 0.719067
vt 0.945176 0.716329
vt 0.947914 0.716329
vt 0.945176 0.713590
vt 0.947914 0.713590
vt 0.942437 0.710852
vt 0.942437 0.708113
vt 0.942437 0.705375
vt 0.942437 0.702636
vt 0.942437 0.719067
vt 0.942437 0.716329
vt 0.942437 0.713590
vt 0.939699 0.710852
vt 0.936960 0.710852
vt 0.936960 0.708113
vt 0.939699 0.708113
vt 0.936960 0.705375
vt 0.939699 0.705375
vt 0.936960 0.702636
vt 0.939699 0.702636
vt 0.939699 0.719067
vt 0.936960 0.719067
vt 0.936960 0.716329
vt 0.939699 0.716329
vt 0.936960 0.713590
vt 0.939699 0.713590
vt 0.934222 0.710852
vt 0.934222 0.708113
vt 0.934222 0.705375
vt 0.934222 0.702636
vt 0.934222 0.719067
vt 0.934222 0.716329
vt 0.934222 0.713590
vt 0.931483 0.710852
vt 0.931483 0.708113
vt 0.931483 0.705375
vt 0.931483 0.702636
vt 0.931483 0.719067
vt 0.931483 0.716329
vt 0.931483 0.713590
vt 0.947914 0.710852
vt 0.945176 0.710852
vt 0.945176 0.708113
vt 0.947914 0.708113
vt 0.945176 0.705375
vt 0.947914 0.705375
vt 0.945176 0.702636
vt 0.947914 0.702636
vt 0.947914 0.719067
vt 0.945176 0.719067
vt 0.945176 0.716329
vt 0.947914 0.716329
vt 0.945176 0.713590
vt 0.947914 0.713590
vt 0.942437 0.710852
vt 0.942437 0.708113
vt 0.942437 0.705375
vt 0.942437 0.702636
vt 0.942437 0.719067
vt 0.942437 0.716329
vt 0.942437 0.713590
vt 0.939699 0.710852
vt 0.936960 0.710852
vt 0.936960 0.708113
vt 0.939699 0.708113
vt 0.936960 0.705375
vt 0.939699 0.705375
vt 0.936960 0.702636
vt 0.939699 0.702636
vt 0.939699 0.719067
vt 0.936960 0.719067
vt 0.936960 0.716329
vt 0.939699 0.716329
vt 0.936960 0.713590
vt 0.939699 0.713590
vt 0.934222 0.710852
vt 0.934222 0.708113
vt 0.934222 0.705375
vt 0.934222 0.702636
vt 0.934222 0.719067
vt 0.934222 0.716329
vt 0.934222 0.713590
vt 0.931483 0.710852
vt 0.931483 0.708113
vt 0.931483 0.705375
vt 0.931483 0.702636
vt 0.931483 0.719067
vt 0.931483 0.716329
vt 0.931483 0.713590
vt 0.947914 0.710852
vt 0.945176 0.710852
vt 0.945176 0.708113
vt 0.947914 0.708113
vt 0.945176 0.705375
vt 0.947914 0.705375
vt 0.945176 0.702636
vt 0.947914 0.702636
vt 0.947914 0.719067
vt 0.945176 0.719067
vt 0.945176 0.716329
vt 0.947914 0.716329
vt 0.945176 0.713590
vt 0.947914 0.713590
vt 0.942437 0.710852
vt 0.942437 0.708113
vt 0.942437 0.705375
vt 0.942437 0.702636
vt 0.942437 0.719067
vt 0.942437 0.716329
vt 0.942437 0.713590
vt 0.939699 0.710852
vt 0.936960 0.710852
vt 0.936960 0.708113
vt 0.939699 0.708113
vt 0.936960 0.705375
vt 0.939699 0.705375
vt 0.936960 0.702636
vt 0.939699 0.702636
vt 0.939699 0.719067
vt 0.936960 0.719067
vt 0.936960 0.716329
vt 0.939699 0.716329
vt 0.936960 0.713590
vt 0.939699 0.713590
vt 0.934222 0.710852
vt 0.934222 0.708113
vt 0.934222 0.705375
vt 0.934222 0.702636
vt 0.934222 0.719067
vt 0.934222 0.716329
vt 0.934222 0.713590
vt 0.931483 0.710852
vt 0.931483 0.708113
vt 0.931483 0.705375
vt 0.931483 0.702636
vt 0.931483 0.719067
vt 0.931483 0.716329
vt 0.931483 0.713590
vt 0.947914 0.710852
vt 0.945176 0.710852
vt 0.945176 0.708113
vt 0.947914 0.708113
vt 0.945176 0.705375
vt 0.947914 0.705375
vt 0.945176 0.702636
vt 0.947914 0.702636
vt 0.947914 0.719067
vt 0.945176 0.719067
vt 0.945176 0.716329
vt 0.947914 0.716329
vt 0.945176 0.713590
vt 0.947914 0.713590
vt 0.942437 0.710852
vt 0.942437 0.708113
vt 0.942437 0.705375
vt 0.942437 0.702636
vt 0.942437 0.719067
vt 0.942437 0.716329
vt 0.942437 0.713590
vt 0.939699 0.710852
vt 0.936960 0.710852
vt 0.936960 0.708113
vt 0.939699 0.708113
vt 0.936960 0.705375
vt 0.939699 0.705375
vt 0.936960 0.702636
vt 0.939699 0.702636
vt 0.939699 0.719067
vt 0.936960 0.719067
vt 0.936960 0.716329
vt 0.939699 0.716329
vt 0.936960 0.713590
vt 0.939699 0.713590
vt 0.934222 0.710852
vt 0.934222 0.708113
vt 0.934222 0.705375
vt 0.934222 0.702636
vt 0.934222 0.719067
vt 0.934222 0.716329
vt 0.934222 0.713590
vt 0.931483 0.710852
vt 0.931483 0.708113
vt 0.931483 0.705375
vt 0.931483 0.702636
vt 0.931483 0.719067
vt 0.931483 0.716329
vt 0.931483 0.713590
vt 0.947914 0.710852
vt 0.945176 0.710852
vt 0.945176 0.708113
vt 0.947914 0.708113
vt 0.945176 0.705375
vt 0.947914 0.705375
vt 0.945176 0.702636
vt 0.947914 0.702636
vt 0.947914 0.719067
vt 0.945176 0.719067
vt 0.945176 0.716329
vt 0.947914 0.716329
vt 0.945176 0.713590
vt 0.947914 0.713590
vt 0.942437 0.710852
vt 0.942437 0.708113
vt 0.942437 0.705375
vt 0.942437 0.702636
vt 0.942437 0.719067
vt 0.942437 0.716329
vt 0.942437 0.713590
vt 0.939699 0.710852
vt 0.936960 0.710852
vt 0.936960 0.708113
vt 0.939699 0.708113
vt 0.936960 0.705375
vt 0.939699 0.705375
vt 0.936960 0.702636
vt 0.939699 0.702636
vt 0.939699 0.719067
vt 0.936960 0.719067
vt 0.936960 0.716329
vt 0.939699 0.716329
vt 0.936960 0.713590
vt 0.939699 0.713590
vt 0.934222 0.710852
vt 0.934222 0.708113
vt 0.934222 0.705375
vt 0.934222 0.702636
vt 0.934222 0.719067
vt 0.934222 0.716329
vt 0.934222 0.713590
vt 0.931483 0.710852
vt 0.931483 0.708113
vt 0.931483 0.705375
vt 0.931483 0.702636
vt 0.931483 0.719067
vt 0.931483 0.716329
vt 0.931483 0.713590
vt 0.947914 0.710852
vt 0.945176 0.710852
vt 0.945176 0.708113
vt 0.947914 0.708113
vt 0.945176 0.705375
vt 0.947914 0.705375
vt 0.945176 0.702636
vt 0.947914 0.702636
vt 0.947914 0.719067
vt 0.945176 0.719067
vt 0.945176 0.716329
vt 0.947914 0.716329
vt 0.945176 0.713590
vt 0.947914 0.713590
vt 0.942437 0.710852
vt 0.942437 0.708113
vt 0.942437 0.705375
vt 0.942437 0.702636
vt 0.942437 0.719067
vt 0.942437 0.716329
vt 0.942437 0.713590
vt 0.939699 0.710852
vt 0.936960 0.710852
vt 0.936960 0.708113
vt 0.939699 0.708113
vt 0.936960 0.705375
vt 0.939699 0.705375
vt 0.936960 0.702636
vt 0.939699 0.702636
vt 0.939699 0.719067
vt 0.936960 0.719067
vt 0.936960 0.716329
vt 0.939699 0.716329
vt 0.936960 0.713590
vt 0.939699 0.713590
vt 0.934222 0.710852
vt 0.934222 0.708113
vt 0.934222 0.705375
vt 0.934222 0.702636
vt 0.934222 0.719067
vt 0.934222 0.716329
vt 0.934222 0.713590
vt 0.931483 0.710852
vt 0.931483 0.708113
vt 0.931483 0.705375
vt 0.931483 0.702636
vt 0.931483 0.719067
vt 0.931483 0.716329
vt 0.931483 0.713590
vt 0.947914 0.710852
vt 0.945176 0.710852
vt 0.945176 0.708113
vt 0.947914 0.708113
vt 0.945176 0.705375
vt 0.947914 0.705375
vt 0.945176 0.702636
vt 0.947914 0.702636
vt 0.947914 0.719067
vt 0.945176 0.719067
vt 0.945176 0.716329
vt 0.947914 0.716329
vt 0.945176 0.713590
vt 0.947914 0.713590
vt 0.942437 0.710852
vt 0.942437 0.708113
vt 0.942437 0.705375
vt 0.942437 0.702636
vt 0.942437 0.719067
vt 0.942437 0.716329
vt 0.942437 0.713590
vn 1.0000 -0.0000 0.0000
vn -1.0000 0.0000 0.0000
vn 0.0000 0.3027 -0.9531
vn 0.0000 0.7026 -0.7116
vn 0.0000 0.7312 0.6821
vn 0.0000 0.8511 -0.5251
vn 0.0000 -0.9359 -0.3523
vn 0.0000 -0.6999 0.7143
vn 0.0000 0.9679 -0.2512
vn 0.0000 -0.6577 -0.7533
vn 0.0000 -0.5801 0.8145
vn 0.0000 0.9911 0.1329
vn 0.0000 -0.2125 -0.9772
vn 0.0000 -0.3524 0.9359
vn 0.0000 -0.3523 0.9359
vn 0.0000 0.8172 0.5763
vn 0.0000 -0.3450 -0.9386
vn 0.0000 0.7306 0.6828
vn 0.0000 -0.3802 -0.9249
vn 0.0000 0.9779 0.2092
vn 0.0000 0.9769 0.2136
vn 0.0000 0.4984 0.8669
vn 0.0000 0.3210 -0.9471
vn 0.0000 0.9034 0.4287
vn 0.0000 0.2051 0.9787
vn 0.0000 0.9246 -0.3809
vn 0.0000 0.1287 -0.9917
vn 0.0000 0.9000 -0.4358
vn 0.0000 0.9487 0.3162
vn 0.0000 0.4078 -0.9131
vn 0.0000 0.9956 0.0937
vn 0.0000 0.6478 -0.7618
vn 0.0000 0.3570 0.9341
vn 0.0000 0.8465 0.5325
vn 0.0000 0.4254 0.9050
vn 0.0000 0.4290 0.9033
vn 0.0000 0.7410 -0.6715
vn 0.0000 0.4327 0.9015
vn 0.0000 0.8376 0.5464
vn 0.0000 -0.8527 0.5224
vn 0.0000 0.2830 0.9591
vn 0.0000 -0.9475 0.3199
vn 0.0000 0.0821 0.9966
vn 0.0000 -0.9976 0.0686
vn 0.0000 -0.1212 0.9926
vn 0.0000 -0.9788 -0.2047
vn 0.0000 -0.3524 0.9358
vn 0.0000 -0.8986 -0.4387
vn 0.0000 -0.5656 0.8247
vn 0.0000 -0.7021 -0.7121
vn 0.0000 -0.6925 0.7214
vn 0.0000 -0.4486 -0.8937
vn 0.0000 -0.4486 -0.8938
vn 0.0000 -0.8615 0.5078
vn 0.0000 -0.8432 -0.5375
vn 0.0000 -0.9697 0.2442
vn 0.0000 -0.6429 -0.7660
vn 0.0000 -0.9999 0.0112
vn 0.0000 -0.4834 -0.8754
vn 0.0000 -0.9509 0.3095
vn 0.0000 -0.2137 -0.9769
vn 0.0000 -0.8862 0.4634
vn 0.0000 0.9989 -0.0477
vn 0.0000 0.0182 -0.9998
vn 0.0000 -0.9774 0.2113
vn 0.0000 -0.8511 0.5251
vn 0.0000 0.3367 -0.9416
vn 0.0000 -0.8010 -0.5987
vn 0.0000 -0.9371 0.3489
vn 0.0000 0.5831 -0.8124
vn 0.0000 -0.8486 -0.5291
vn 0.0000 0.9788 0.2047
vn 0.0000 -0.0885 -0.9961
vn 0.0000 0.7273 0.6863
vn 0.0000 0.9142 -0.4053
vn 0.0000 0.9033 0.4289
vn 0.0000 0.4571 0.8894
vn 0.0000 0.4663 0.8846
vn 0.0000 0.4126 0.9109
vn 0.0000 0.5899 0.8074
vn 0.0000 -0.4485 -0.8938
vn 0.0000 0.6418 -0.7669
vn 0.0000 0.2929 -0.9562
vn 0.0000 0.9259 0.3778
vn 0.7348 0.2429 0.6333
vn 0.7277 -0.4023 0.5555
vn 0.6552 -0.7511 0.0810
vn 0.7701 0.4013 -0.4958
vn 0.6541 -0.2680 -0.7073
vn 0.6784 0.2331 -0.6967
vn 0.6608 0.7251 0.1938
vn 0.6853 0.3600 0.6330
vn 0.7070 0.6539 -0.2694
vn 0.7070 0.6709 0.2236
vn 0.7070 0.5171 0.4824
vn 0.7071 0.2525 0.6605
vn 0.7071 0.3034 0.6388
vn 0.7071 0.3008 0.6400
vn 0.7071 0.3060 0.6375
vn 0.7071 0.2001 0.6782
vn 0.7071 0.0581 0.7047
vn 0.7070 -0.0857 0.7020
vn 0.7070 -0.2492 0.6618
vn 0.7070 -0.4001 0.5832
vn 0.7070 -0.4898 0.5102
vn 0.7070 -0.6092 0.3591
vn 0.7071 -0.6857 0.1727
vn 0.7070 -0.7072 0.0079
vn 0.7070 -0.6725 0.2188
vn 0.7071 -0.6266 0.3277
vn 0.7071 -0.6912 0.1494
vn 0.7070 -0.5665 -0.4234
vn 0.7070 -0.6001 -0.3742
vn 0.7071 -0.6618 -0.2492
vn 0.7071 -0.4651 -0.5327
vn 0.7070 -0.1503 -0.6910
vn 0.7073 -0.2440 -0.6634
vn 0.7071 -0.2689 -0.6540
vn 0.7071 0.2270 -0.6697
vn 0.7071 0.4968 -0.5032
vn 0.7070 0.6365 -0.3082
vn 0.7070 0.7041 0.0662
vn 0.7070 0.6389 0.3033
vn 0.7070 -0.3172 -0.6321
vn 0.7070 -0.5963 -0.3802
vn 0.7070 -0.4546 -0.5417
vn 0.7071 -0.3418 -0.6191
vn 0.7070 -0.1511 -0.6908
vn 0.7070 0.0129 -0.7071
vn 0.7073 0.2380 -0.6656
vn 0.7070 0.4124 -0.5745
vn 0.7073 0.6016 -0.3712
vn 0.7072 0.6844 -0.1776
vn 0.7070 0.7009 0.0940
vn 0.7071 0.6465 -0.2867
vn 0.7071 0.4538 -0.5423
vn 0.7071 0.2141 -0.6739
vn 0.7070 -0.0626 -0.7044
vn 0.7070 0.2071 -0.6762
vn 0.7070 0.4172 0.5710
vn 0.7070 0.5144 0.4853
vn 0.7071 0.6547 0.2672
vn 0.7070 0.3233 0.6290
vn 0.7070 0.2918 0.6442
vn 0.7072 0.3297 0.6254
vn 0.0000 -0.6411 0.7674
vn 0.9930 0.0775 0.0887
vn 0.0000 0.9033 0.4290
vn 0.0000 0.8631 -0.5051
vn 0.0000 -0.6169 0.7870
vn 0.0000 0.8469 -0.5317
vn -0.9899 0.0934 0.1069
vn 0.0000 0.5209 -0.8536
vn 0.0000 -0.9161 0.4010
vn -0.9855 0.1117 0.1279
vn 0.9900 0.0929 0.1064
vn 0.9733 -0.1510 -0.1729
vn -0.9617 -0.1802 -0.2064
vn 0.0000 0.7732 -0.6342
vn 0.0000 -0.7731 0.6343
vn 0.0000 0.1627 0.9867
vn 0.0000 0.9359 0.3523
vn 0.0000 -0.1627 -0.9867
vn 0.7072 -0.1151 -0.6976
vn 0.7072 -0.6617 -0.2491
vn 0.7071 -0.5466 0.4485
vn 0.7072 0.1151 0.6976
vn 0.7072 0.6617 0.2491
vn 0.7071 0.5467 -0.4485
vn 0.0000 0.7731 -0.6343
vn 0.0000 -0.7731 0.6342
vn 0.0000 0.9359 0.3524
vn 0.0000 -0.9358 -0.3524
vn 0.7071 -0.6617 -0.2492
vn 0.7071 -0.5467 0.4485
vn 0.7072 0.6616 0.2491
vn 0.7072 0.5466 -0.4485
vn 0.0000 0.9358 0.3524
vn 0.7073 -0.6616 -0.2491
vn 0.7071 0.6618 0.2492
vn 0.0000 0.1628 0.9867
vn 0.7071 -0.1150 -0.6977
vn 0.7070 -0.6619 -0.2492
vn 0.7072 -0.5465 0.4484
vn 0.7071 0.6617 0.2491
vn 0.7071 0.5466 -0.4485
vn 0.0000 0.7731 -0.6342
vn 0.0000 -0.7730 0.6343
vn 0.0000 -0.9359 -0.3524
vn 0.7072 -0.6616 -0.2491
vn 0.7072 -0.5466 0.4485
vn 0.7071 0.5467 -0.4484
vn 0.0000 -0.7732 0.6342
vn 0.7071 0.6617 0.2492
vn 0.7073 0.6616 0.2491
vn 0.0000 -0.1628 -0.9867
vn 0.7071 0.1150 0.6977
vn 0.7070 0.6619 0.2492
vn 0.7072 0.5465 -0.4484
vn 0.7071 -0.6617 -0.2491
vn 0.0000 0.7730 -0.6343
vn 0.7071 -0.5467 0.4484
vn 0.0000 -0.2590 -0.9659
vn 0.0000 -0.6695 -0.7429
vn 0.0000 -0.7615 0.6482
vn 0.0000 -0.8262 -0.5633
vn 0.0000 0.9509 -0.3094
vn 0.0000 0.6666 0.7454
vn 0.0000 -0.9555 -0.2950
vn 0.0000 0.6913 -0.7226
vn 0.0000 0.5424 0.8401
vn 0.0000 -0.9962 0.0876
vn 0.0000 0.2569 -0.9665
vn 0.0000 0.3094 0.9509
vn 0.0000 -0.8426 0.5385
vn 0.0000 0.3874 -0.9219
vn 0.0000 -0.7610 0.6488
vn 0.0000 0.4220 -0.9066
vn 0.0000 -0.9864 0.1644
vn 0.0000 -0.9856 0.1689
vn 0.0000 -0.5374 0.8433
vn 0.0000 -0.2776 -0.9607
vn 0.0000 -0.9220 0.3871
vn 0.0000 -0.9218 0.3876
vn 0.0000 -0.2495 0.9684
vn 0.0000 -0.9063 -0.4226
vn 0.0000 -0.0833 -0.9965
vn 0.0000 -0.8793 -0.4764
vn 0.0000 -0.9621 0.2725
vn 0.0000 -0.3658 -0.9307
vn 0.0000 -0.9988 0.0482
vn -0.0000 -0.9988 0.0485
vn 0.0000 -0.6125 -0.7905
vn 0.0000 -0.3993 0.9168
vn 0.0000 -0.8698 0.4933
vn 0.0000 -0.4662 0.8847
vn 0.0000 -0.4698 0.8828
vn 0.0000 -0.7096 -0.7046
vn 0.0000 -0.4734 0.8809
vn 0.0000 -0.8616 0.5076
vn 0.0000 0.8280 0.5607
vn 0.0000 -0.3264 0.9452
vn 0.0000 0.9319 0.3628
vn 0.0000 -0.1275 0.9918
vn 0.0000 0.9935 0.1140
vn 0.0000 0.0759 0.9971
vn 0.0000 0.9871 -0.1599
vn 0.0000 0.9177 -0.3973
vn 0.0000 0.5275 0.8496
vn 0.0000 0.7337 -0.6794
vn 0.0000 0.6589 0.7522
vn -0.0000 0.4890 -0.8723
vn 0.0000 0.8375 0.5465
vn 0.0000 0.8668 -0.4986
vn 0.0000 0.9576 0.2881
vn 0.0000 0.6772 -0.7358
vn 0.0000 0.9984 0.0568
vn 0.0000 0.5227 -0.8525
vn 0.0000 0.9358 0.3525
vn 0.0000 0.2580 -0.9662
vn 0.0000 0.8641 0.5033
vn 0.0000 -0.9956 -0.0932
vn 0.0000 0.0274 -0.9996
vn 0.0000 0.9668 0.2556
vn 0.0000 0.8262 0.5633
vn 0.0000 -0.2935 -0.9560
vn 0.0000 0.8274 -0.5615
vn 0.0000 0.9203 0.3913
vn 0.0000 -0.5455 -0.8381
vn 0.0000 0.8718 -0.4899
vn 0.0000 -0.9871 0.1599
vn 0.0000 0.1338 -0.9910
vn 0.0000 -0.7579 0.6524
vn 0.0000 -0.8947 -0.4466
vn 0.0000 -0.9219 0.3874
vn 0.0000 -0.4972 0.8676
vn 0.0000 -0.5061 0.8625
vn 0.0000 -0.4537 0.8912
vn 0.0000 -0.6261 0.7797
vn 0.0000 -0.6061 -0.7954
vn 0.0000 -0.2490 -0.9685
vn 0.0000 -0.9421 0.3352
vn -0.7349 -0.2715 0.6215
vn -0.7277 0.3765 0.5733
vn -0.6554 0.7465 0.1152
vn -0.7700 -0.3784 -0.5137
vn -0.6542 0.3000 -0.6943
vn -0.6784 -0.2012 -0.7066
vn -0.6607 -0.7333 0.1606
vn -0.6854 -0.3885 0.6159
vn -0.7070 -0.6409 -0.2989
vn -0.7071 -0.6804 0.1927
vn -0.7072 -0.5384 0.4582
vn -0.7070 -0.2824 0.6484
vn -0.7070 -0.3322 0.6243
vn -0.7070 -0.3297 0.6257
vn -0.7070 -0.3348 0.6229
vn -0.7071 -0.2308 0.6684
vn -0.7071 -0.0901 0.7014
vn -0.7070 0.0536 0.7052
vn -0.7070 0.2188 0.6725
vn -0.7071 0.3730 0.6008
vn -0.7071 0.4660 0.5319
vn -0.7071 0.5922 0.3864
vn -0.7072 0.6770 0.2037
vn -0.7070 0.7061 0.0401
vn -0.7071 0.6618 0.2493
vn -0.7070 0.6111 0.3559
vn -0.7070 0.6838 0.1808
vn -0.7070 0.5852 -0.3971
vn -0.7071 0.6165 -0.3464
vn -0.7070 0.6725 -0.2188
vn -0.7072 0.4887 -0.5108
vn -0.7073 0.4887 -0.5108
vn -0.7070 0.4889 -0.5110
vn -0.7072 0.1815 -0.6833
vn -0.7070 0.2740 -0.6520
vn -0.7070 0.2984 -0.6412
vn -0.7070 -0.1963 -0.6794
vn -0.7070 -0.4734 -0.5254
vn -0.7070 -0.6218 -0.3369
vn -0.7070 -0.7064 0.0341
vn -0.7072 -0.6519 0.2737
vn -0.7071 0.3457 -0.6169
vn -0.7070 0.6130 -0.3526
vn -0.7070 0.4789 -0.5204
vn -0.7070 0.3697 -0.6029
vn -0.7070 0.1824 -0.6832
vn -0.7070 0.0194 -0.7069
vn -0.7069 -0.2076 -0.6761
vn -0.7070 -0.3858 -0.5927
vn -0.7070 -0.5843 -0.3984
vn -0.7070 -0.6757 -0.2086
vn -0.7070 -0.7045 0.0620
vn -0.7070 -0.6328 -0.3158
vn -0.7070 -0.4286 -0.5625
vn -0.7070 -0.1831 -0.6831
vn -0.7071 0.0946 -0.7008
vn -0.7071 -0.1761 -0.6848
vn -0.7071 -0.4428 0.5514
vn -0.7071 -0.5359 0.4613
vn -0.7071 -0.6662 0.2370
vn -0.7070 -0.3516 0.6136
vn -0.7070 -0.3208 0.6302
vn -0.7071 -0.3579 0.6099
vn 0.0000 0.6055 0.7958
vn -0.9930 -0.0814 0.0851
vn 0.0000 0.6913 -0.7225
vn 0.0000 -0.8392 -0.5439
vn 0.0000 0.5804 0.8143
vn 0.0000 -0.8218 -0.5697
vn 0.9899 -0.0981 0.1026
vn 0.0000 -0.4815 -0.8764
vn 0.0000 0.8968 0.4424
vn 0.9855 -0.1174 0.1227
vn -0.9900 -0.0977 0.1021
vn -0.9733 0.1587 -0.1659
vn 0.9617 0.1894 -0.1980
vn 0.0000 -0.7434 -0.6689
vn 0.0000 0.7434 0.6689
vn 0.0000 -0.2075 0.9782
vn 0.0000 -0.9509 0.3094
vn 0.0000 0.2075 -0.9782
vn -0.7072 0.1467 -0.6916
vn -0.7072 0.6724 -0.2188
vn -0.7071 0.5257 0.4729
vn -0.7071 -0.1468 0.6917
vn -0.7071 -0.6724 0.2188
vn -0.7070 -0.5258 -0.4729
vn 0.0000 -0.7434 -0.6688
vn 0.0000 0.7434 0.6688
vn -0.0000 -0.9508 0.3098
vn 0.0000 0.9510 -0.3093
vn -0.7072 0.6723 -0.2187
vn -0.7072 -0.1467 0.6916
vn -0.7072 -0.6723 0.2187
vn -0.7069 -0.5258 -0.4731
vn -0.0000 0.9509 -0.3096
vn -0.7071 0.6725 -0.2187
vn -0.7072 0.5256 0.4729
vn -0.7072 -0.6724 0.2188
vn -0.7071 -0.5257 -0.4729
vn 0.0000 -0.9510 0.3093
vn -0.7070 0.6726 -0.2187
vn -0.7072 -0.5256 -0.4729
vn -0.7071 0.6724 -0.2187
vn -0.7071 -0.6724 0.2187
vn -0.7071 0.1468 -0.6917
vn -0.7071 0.6724 -0.2188
vn -0.7072 0.5255 0.4729
vn -0.7069 0.5258 0.4731
vn -0.7070 -0.5258 -0.4730
vn -0.7070 -0.5257 -0.4731
vn 0.4969 -0.7620 -0.4153
vn 0.4969 0.7620 0.4153
vn -0.4969 0.7620 0.4153
vn -0.4969 -0.7620 -0.4153
vn 0.5297 0.0193 -0.8480
vn 0.5297 -0.0193 0.8479
vn -0.5297 -0.0193 0.8479
vn -0.5297 0.0193 -0.8480
vn 0.4969 0.7801 -0.3801
vn 0.4969 -0.7801 0.3801
vn -0.4969 -0.7801 0.3801
vn -0.4969 0.7801 -0.3801
vn 0.5297 -0.0193 0.8480
vn -0.5297 -0.0193 0.8480
vn -0.9183 0.0928 -0.3849
vn -0.5626 -0.8265 -0.0188
vn -0.5627 -0.8265 -0.0188
vn 0.4149 -0.8321 0.3681
vn 0.9183 -0.0928 0.3849
vn 0.5627 0.8265 0.0188
vn -0.4150 0.8320 -0.3681
vn -0.2815 -0.3938 -0.8750
vn -0.5626 -0.8265 -0.0189
vn -0.2816 -0.4333 0.8561
vn 0.2816 0.3938 0.8750
vn 0.2816 0.4333 -0.8561
vn 0.4149 -0.8145 -0.4056
vn -0.9183 0.0752 0.3887
vn -0.4149 0.8144 0.4056
vn 0.5626 0.8265 0.0188
vn 0.9183 -0.0752 -0.3888
vn -0.4150 0.8321 -0.3680
vn 0.5627 0.8265 0.0189
vn -0.2815 -0.4333 0.8562
vn -0.2816 -0.3938 -0.8750
vn 0.2815 0.4333 -0.8562
vn 0.2816 0.3939 0.8750
vn -0.9183 0.0751 0.3887
vn 0.9183 -0.0752 -0.3887
vn -0.4149 0.8145 0.4056
vn 0.5297 0.0193 -0.8479
vn -0.5297 0.0193 -0.8479
vn 0.4968 -0.7802 0.3801
vn -0.4968 -0.7802 0.3801
vn 0.4150 -0.8321 0.3681
vn -0.2816 -0.4333 0.8562
vn 0.2815 0.3938 0.8750
vn 0.2816 0.4333 -0.8562
vn 0.4150 -0.8144 -0.4056
vn -0.4150 0.8144 0.4056
vn -0.4150 0.8321 -0.3681
vn 0.4968 0.7802 -0.3801
vn -0.4968 0.7802 -0.3801
vn -0.8462 0.0918 -0.5248
vn -0.3295 -0.8443 -0.4226
vn 0.5674 -0.8063 0.1672
vn 0.8462 -0.0918 0.5248
vn 0.3295 0.8443 0.4226
vn -0.5674 0.8063 -0.1672
vn -0.0298 -0.0544 -0.9981
vn -0.2849 -0.7520 0.5944
vn 0.0298 0.0544 0.9981
vn 0.3294 0.8443 0.4226
vn 0.2849 0.7520 -0.5944
vn 0.6804 -0.4973 -0.5383
vn -0.9593 -0.2173 0.1806
vn -0.6804 0.4973 0.5383
vn 0.9593 0.2172 -0.1806
vn -0.5675 0.8062 -0.1672
vn -0.9593 -0.2172 0.1806
vn 0.8462 -0.0677 -0.5285
vn 0.3294 0.8627 -0.3837
vn 0.3295 0.8627 -0.3837
vn -0.5674 0.7978 0.2038
vn -0.8462 0.0677 0.5285
vn -0.3295 -0.8627 0.3837
vn 0.5674 -0.7979 -0.2037
vn 0.0298 0.0999 -0.9946
vn 0.2849 0.7242 0.6280
vn -0.0298 -0.0999 0.9946
vn -0.2849 -0.7241 -0.6281
vn -0.6804 0.5213 -0.5150
vn 0.9593 0.2088 0.1903
vn 0.6805 -0.5213 0.5150
vn -0.9593 -0.2088 -0.1903
vn 0.8463 -0.0677 -0.5285
vn 0.5674 -0.7978 -0.2038
vn -0.8462 0.0678 0.5285
vn 0.2849 0.7241 0.6281
vn 0.0298 0.0999 -0.9945
vn -0.2849 -0.7242 -0.6280
vn -0.0298 -0.0999 0.9945
vn -0.6804 0.5213 -0.5151
vn 0.6804 -0.5213 0.5151
usemtl Material.005
s 1
f 1/1/1 2/2/1 3/3/1 4/4/1 5/5/1 6/6/1 7/7/1 8/8/1 9/9/1
f 10/10/2 4/4/2 6/6/2 5/5/2 11/11/2 12/12/2 13/13/2
f 10/10/2 13/13/2 14/14/2 15/15/2 16/16/2 17/17/2 18/18/2 19/19/2 20/20/2 21/21/2 22/22/2 23/23/2 24/24/2 25/25/2 26/26/2 27/27/2 28/28/2 29/29/2
f 27/27/2 26/26/2 30/30/2 31/31/2 32/32/2 33/33/2 34/34/2 35/35/2 36/36/2 37/37/2 38/38/2
f 39/39/2 40/40/2 41/41/2 42/42/2 43/43/2 44/44/2 45/45/2 46/46/2 47/47/2 48/48/2 49/49/2 50/50/2 51/51/2 52/52/2 53/53/2 54/54/2 55/55/2 56/56/2 57/57/2 58/58/2 59/59/2 60/60/2
f 61/61/1 50/50/1 51/51/1 1/1/1 9/9/1 62/62/1
f 63/63/2 40/40/2 39/39/2 64/64/2 34/34/2 33/33/2 65/65/2 66/66/2 67/67/2
f 68/68/2 69/69/2 70/70/2 71/71/2 72/72/2 73/73/2 74/74/2 75/75/2 76/76/2
f 77/77/1 78/78/1 79/79/1 80/80/1 72/72/1 74/74/1
f 77/77/1 81/81/1 82/82/1 83/83/1 84/84/1 85/85/1 78/78/1
f 86/86/3 87/87/3 88/88/3 89/89/3
f 90/90/4 91/91/4 92/92/4 93/93/4
f 94/94/2 95/95/2 69/69/2 68/68/2 96/96/2 97/97/2
f 98/98/5 99/99/5 100/100/5 101/101/5
f 37/37/6 36/36/6 102/102/6 103/103/6
f 104/104/7 105/105/7 106/106/7 107/107/7
f 108/108/8 109/109/8 69/69/8 95/95/8
f 38/38/9 37/37/9 103/103/9 110/110/9
f 111/111/10 112/112/10 113/113/10 114/114/10
f 109/109/11 115/115/11 70/70/11 69/69/11
f 27/27/12 38/38/12 110/110/12 83/83/12
f 112/112/13 116/116/13 117/117/13 113/113/13
f 115/115/14 118/118/15 71/71/15 70/70/14
f 28/28/16 27/27/16 83/83/16 82/82/16
f 116/116/17 119/119/17 120/120/17 117/117/17
f 118/118/15 121/121/15 72/72/15 71/71/15
f 29/29/18 28/28/18 82/82/18 81/81/18
f 119/119/19 122/122/19 123/123/19 120/120/19
f 124/124/20 125/125/21 126/126/21 127/127/20
f 10/10/22 29/29/22 81/81/22 77/77/22
f 122/122/23 128/128/23 90/90/23 123/123/23
f 125/125/24 129/129/24 130/130/24 126/126/24
f 4/4/25 10/10/25 77/77/25 74/74/25
f 128/128/4 131/131/4 91/91/4 90/90/4
f 129/129/26 132/132/26 133/133/26 130/130/26
f 4/4/27 3/3/27 75/75/27 74/74/27
f 131/131/28 134/134/28 135/135/28 91/91/28
f 132/132/29 136/136/29 98/98/29 133/133/29
f 3/3/30 2/2/30 76/76/30 75/75/30
f 134/134/31 137/137/31 73/73/31 135/135/31
f 136/136/5 138/138/5 99/99/5 98/98/5
f 2/2/32 1/1/32 68/68/32 76/76/32
f 138/138/33 139/139/33 140/140/33 99/99/33
f 5/5/34 4/4/34 74/74/34 73/73/34 137/137/34
f 139/139/35 141/141/36 142/142/36 140/140/35
f 1/1/37 51/51/37 96/96/37 68/68/37
f 141/141/36 143/143/38 144/144/38 142/142/36
f 6/6/39 4/4/39 74/74/39 72/72/39 121/121/39
f 52/52/40 51/51/40 96/96/40 145/145/40
f 143/143/41 146/146/41 147/147/41 144/144/41
f 53/53/42 52/52/42 145/145/42 148/148/42
f 146/146/43 149/149/43 150/150/43 147/147/43
f 54/54/44 53/53/44 148/148/44 151/151/44
f 149/149/45 152/152/45 153/153/45 150/150/45
f 55/55/46 54/54/46 151/151/46 154/154/46
f 152/152/47 155/155/47 156/156/47 153/153/47
f 56/56/48 55/55/48 154/154/48 157/157/48
f 155/155/49 158/158/49 159/159/49 156/156/49
f 57/57/50 56/56/50 157/157/50 160/160/50
f 158/158/51 161/161/51 162/162/51 159/159/51
f 58/58/52 57/57/52 160/160/52 163/163/52 164/164/53
f 161/161/54 165/165/54 166/166/54 162/162/54
f 59/59/55 58/58/55 164/164/55 167/167/55
f 165/165/56 168/168/56 169/169/56 166/166/56
f 60/60/57 59/59/57 167/167/57 170/170/57
f 168/168/58 171/171/58 172/172/58 169/169/58
f 39/39/59 60/60/59 170/170/59 173/173/59
f 171/171/60 174/174/60 175/175/60 172/172/60
f 64/64/61 39/39/61 173/173/61 176/176/61
f 174/174/62 177/177/62 178/178/62 175/175/62
f 179/179/63 180/180/63 181/181/63 97/97/63
f 34/34/64 64/64/64 176/176/64 182/182/64
f 177/177/65 183/183/65 184/184/65 178/178/65
f 185/185/66 108/108/66 95/95/66 94/94/66
f 35/35/67 34/34/67 182/182/67 186/186/67
f 183/183/68 187/187/68 188/188/68 184/184/68
f 179/179/69 185/185/69 94/94/69 97/97/69
f 36/36/70 35/35/70 186/186/70 102/102/70
f 187/187/71 104/104/71 107/107/71 188/188/71
f 180/180/72 124/124/20 127/127/20 181/181/72
f 130/130/1 189/189/1 87/87/1 86/86/1 190/190/1 163/163/1 160/160/1 157/157/1 154/154/1 151/151/1 148/148/1 145/145/1 96/96/1 97/97/1 181/181/1 127/127/1 126/126/1
f 123/123/23 90/90/23 93/93/23 191/191/23
f 120/120/19 123/123/19 191/191/19 192/192/19
f 162/162/54 166/166/54 193/193/54 194/194/54
f 133/133/29 98/98/29 101/101/29 195/195/29
f 147/147/43 150/150/43 196/196/43 197/197/43
f 175/175/62 178/178/62 198/198/62 199/199/62
f 91/91/28 135/135/28 200/200/28 92/92/28
f 201/201/1 202/202/1 203/203/1 204/204/1 205/205/1 206/206/1 207/207/1 208/208/1
f 190/190/73 86/86/73 89/89/73 209/209/73
f 210/210/1 211/211/1 212/212/1 213/213/1 214/214/1 215/215/1 216/216/1 217/217/1 218/218/1 219/219/1 220/220/1 221/221/1 222/222/1 223/223/1 224/224/1 225/225/1
f 135/135/31 73/73/31 226/226/31 200/200/31
f 85/85/74 84/84/74 227/227/74 228/228/74
f 189/189/75 130/130/75 229/229/75 230/230/75
f 73/73/76 72/72/76 231/231/76 226/226/76
f 99/99/33 140/140/33 232/232/33 100/100/33
f 167/167/55 164/164/55 233/233/55 234/234/55
f 72/72/77 80/80/77 235/235/77 231/231/77
f 140/140/35 142/142/36 236/236/36 232/232/35
f 142/142/36 144/144/38 237/237/38 236/236/36
f 79/79/78 78/78/78 238/238/78 239/239/78
f 144/144/41 147/147/41 197/197/41 237/237/41
f 80/80/79 79/79/79 239/239/79 235/235/79
f 240/240/1 241/241/1 242/242/1 243/243/1 244/244/1 245/245/1 246/246/1 247/247/1 248/248/1
f 78/78/80 85/85/80 228/228/80 238/238/80
f 150/150/45 153/153/45 249/249/45 196/196/45
f 164/164/53 163/163/52 250/250/81 233/233/81
f 153/153/47 156/156/47 251/251/47 249/249/47
f 87/87/82 189/189/82 230/230/82 88/88/82
f 156/156/49 159/159/49 252/252/49 251/251/49
f 159/159/51 162/162/51 194/194/51 252/252/51
f 253/253/1 254/254/1 255/255/1 256/256/1 257/257/1 258/258/1 259/259/1 260/260/1 261/261/1 262/262/1 263/263/1
f 163/163/83 190/190/83 209/209/83 250/250/83
f 166/166/56 169/169/56 264/264/56 193/193/56
f 170/170/57 167/167/57 234/234/57 265/265/57
f 169/169/58 172/172/58 266/266/58 264/264/58
f 173/173/59 170/170/59 265/265/59 267/267/59
f 172/172/60 175/175/60 199/199/60 266/266/60
f 176/176/61 173/173/61 267/267/61 268/268/61
f 269/269/1 270/270/1 271/271/1 272/272/1 273/273/1 274/274/1 275/275/1 276/276/1 277/277/1 278/278/1 279/279/1 280/280/1 281/281/1 282/282/1 283/283/1 284/284/1 285/285/1 286/286/1
f 182/182/64 176/176/64 268/268/64 287/287/64
f 178/178/65 184/184/65 288/288/65 198/198/65
f 186/186/67 182/182/67 287/287/67 289/289/67
f 184/184/68 188/188/68 290/290/68 288/288/68
f 102/102/70 186/186/70 289/289/70 291/291/70
f 188/188/71 107/107/71 292/292/71 290/290/71
f 103/103/6 102/102/6 291/291/6 293/293/6
f 107/107/7 106/106/7 294/294/7 292/292/7
f 110/110/9 103/103/9 293/293/9 295/295/9
f 114/114/10 113/113/10 296/296/10 297/297/10
f 83/83/12 110/110/12 295/295/12 298/298/12
f 113/113/13 117/117/13 299/299/13 296/296/13
f 84/84/84 83/83/84 298/298/84 227/227/84
f 117/117/17 120/120/17 192/192/17 299/299/17
f 237/237/85 248/248/85 225/225/85
f 252/252/86 259/259/86 244/244/86
f 266/266/87 273/273/87 263/263/87
f 93/93/88 205/205/88 286/286/88
f 210/210/89 247/247/89 267/267/89
f 245/245/90 258/258/90 287/287/90
f 253/253/91 272/272/91 298/298/91
f 204/204/92 238/238/92 269/269/92
f 220/220/93 219/219/93 229/229/93 195/195/93
f 221/221/94 220/220/94 195/195/94 101/101/94
f 222/222/95 221/221/95 101/101/95 100/100/95
f 223/223/96 222/222/96 100/100/96 232/232/96
f 224/224/97 223/223/98 232/232/98 236/236/97
f 225/225/99 224/224/97 236/236/97 237/237/99
f 240/240/100 248/248/100 237/237/100 197/197/100
f 241/241/101 240/240/101 197/197/101 196/196/101
f 242/242/102 241/241/102 196/196/102 249/249/102
f 243/243/103 242/242/103 249/249/103 251/251/103
f 244/244/104 243/243/104 251/251/104 252/252/104
f 260/260/105 259/259/105 252/252/105 194/194/105
f 261/261/106 260/260/106 194/194/106 193/193/106
f 262/262/107 261/261/107 193/193/107 264/264/107
f 263/263/108 262/262/108 264/264/108 266/266/108
f 274/274/109 273/273/109 266/266/109 199/199/109
f 275/275/110 274/274/110 199/199/110 198/198/110
f 276/276/111 275/275/111 198/198/111 288/288/111
f 277/277/112 276/276/112 288/288/112 290/290/112
f 278/278/113 277/277/113 290/290/113 292/292/113
f 279/279/114 278/278/114 292/292/114 294/294/114
f 280/280/115 279/279/115 294/294/115 300/300/115
f 283/283/116 282/282/116 296/296/116 299/299/116
f 284/284/117 283/283/117 299/299/117 192/192/117
f 285/285/118 284/284/118 192/192/118 191/191/118
f 286/286/119 285/285/119 191/191/119 93/93/119
f 206/206/120 205/205/120 93/93/120 92/92/120
f 207/207/121 206/206/121 92/92/121 200/200/121
f 208/208/122 207/207/122 200/200/122 226/226/122
f 201/201/123 208/208/123 226/226/123 231/231/123
f 214/214/124 213/213/124 233/233/124 250/250/124
f 213/213/125 212/212/125 234/234/125 233/233/125
f 212/212/126 211/211/126 265/265/126 234/234/126
f 211/211/127 210/210/127 267/267/127 265/265/127
f 247/247/128 246/246/128 268/268/128 267/267/128
f 246/246/129 245/245/129 287/287/129 268/268/129
f 258/258/130 257/257/130 289/289/130 287/287/130
f 257/257/131 256/256/131 291/291/131 289/289/131
f 256/256/132 255/255/132 293/293/132 291/291/132
f 255/255/133 254/254/133 295/295/133 293/293/133
f 254/254/134 253/253/134 298/298/134 295/295/134
f 269/269/1 286/286/1 205/205/1 204/204/1
f 273/273/1 272/272/1 253/253/1 263/263/1
f 259/259/1 258/258/1 245/245/1 244/244/1
f 248/248/1 247/247/1 210/210/1 225/225/1
f 219/219/135 218/218/135 230/230/135 229/229/135
f 218/218/136 217/217/136 88/88/136 230/230/136
f 217/217/137 216/216/137 89/89/137 88/88/137
f 216/216/138 215/215/138 209/209/138 89/89/138
f 215/215/139 214/214/139 250/250/139 209/209/139
f 238/238/140 228/228/140 270/270/140 269/269/140
f 228/228/141 227/227/141 271/271/141 270/270/141
f 227/227/142 298/298/142 272/272/142 271/271/142
f 231/231/143 235/235/143 202/202/143 201/201/143
f 235/235/144 239/239/144 203/203/144 202/202/144
f 239/239/145 238/238/145 204/204/145 203/203/145
f 130/130/26 133/133/26 195/195/26 229/229/26
f 282/282/115 281/281/115 297/297/115 296/296/115
f 300/300/146 301/301/146 302/302/146 303/303/146
f 297/297/147 300/300/147 303/303/147 304/304/147
f 105/105/10 305/305/10 301/301/10 106/106/10
f 106/106/10 301/301/10 300/300/10 294/294/10
f 281/281/115 280/280/115 300/300/115 297/297/115
f 20/20/10 19/19/10 305/305/10 105/105/10
f 19/19/10 18/18/10 111/111/10 305/305/10
f 49/49/72 48/48/20 124/124/20 180/180/72
f 22/22/71 21/21/71 104/104/71 187/187/71
f 50/50/69 61/61/69 185/185/69 179/179/69
f 23/23/68 22/22/68 187/187/68 183/183/68
f 61/61/66 62/62/66 108/108/66 185/185/66
f 24/24/65 23/23/65 183/183/65 177/177/65
f 50/50/63 49/49/63 180/180/63 179/179/63
f 25/25/62 24/24/62 177/177/62 174/174/62
f 26/26/60 25/25/60 174/174/60 171/171/60
f 30/30/58 26/26/58 171/171/58 168/168/58
f 31/31/56 30/30/56 168/168/56 165/165/56
f 32/32/54 31/31/54 165/165/54 161/161/54
f 33/33/51 32/32/51 161/161/51 158/158/51
f 65/65/49 33/33/49 158/158/49 155/155/49
f 66/66/47 65/65/47 155/155/47 152/152/47
f 67/67/45 66/66/45 152/152/45 149/149/45
f 63/63/43 67/67/43 149/149/43 146/146/43
f 40/40/41 63/63/41 146/146/41 143/143/41
f 41/41/36 40/40/38 143/143/38 141/141/36
f 42/42/35 41/41/36 141/141/36 139/139/35
f 43/43/33 42/42/33 139/139/33 138/138/33
f 44/44/5 43/43/5 138/138/5 136/136/5
f 11/11/31 5/5/31 137/137/31 134/134/31
f 45/45/29 44/44/29 136/136/29 132/132/29
f 12/12/28 11/11/28 134/134/28 131/131/28
f 46/46/26 45/45/26 132/132/26 129/129/26
f 13/13/4 12/12/4 131/131/4 128/128/4
f 47/47/148 46/46/148 129/129/24 125/125/24
f 14/14/23 13/13/23 128/128/23 122/122/23
f 48/48/20 47/47/21 125/125/21 124/124/20
f 15/15/19 14/14/19 122/122/19 119/119/19
f 7/7/15 6/6/15 121/121/15 118/118/15
f 16/16/17 15/15/17 119/119/17 116/116/17
f 8/8/14 7/7/15 118/118/15 115/115/14
f 17/17/13 16/16/13 116/116/13 112/112/13
f 9/9/11 8/8/11 115/115/11 109/109/11
f 18/18/10 17/17/10 112/112/10 111/111/10
f 62/62/8 9/9/8 109/109/8 108/108/8
f 21/21/7 20/20/7 105/105/7 104/104/7
f 306/306/149 304/304/149 307/307/149 308/308/149
f 303/303/150 302/302/150 309/309/150 310/310/150
f 111/111/151 114/114/151 306/306/151 311/311/151
f 305/305/152 111/111/152 311/311/152 312/312/152
f 301/301/146 305/305/146 312/312/146 302/302/146
f 114/114/151 297/297/151 304/304/151 306/306/151
f 313/313/153 308/308/153 314/314/153 315/315/153
f 309/309/154 316/316/154 317/317/154 318/318/154
f 312/312/155 311/311/155 313/313/155 316/316/155
f 302/302/150 312/312/150 316/316/150 309/309/150
f 311/311/149 306/306/149 308/308/149 313/313/149
f 304/304/156 303/303/156 310/310/156 307/307/156
f 318/318/10 314/314/10 319/319/10 320/320/10
f 317/317/10 315/315/10 314/314/10 318/318/10
f 307/307/157 310/310/157 320/320/157 319/319/157
f 310/310/154 309/309/154 318/318/154 320/320/154
f 308/308/153 307/307/153 319/319/153 314/314/153
f 316/316/158 313/313/158 315/315/158 317/317/158
f 321/321/159 322/322/159 323/323/159 324/324/159
f 325/325/160 326/326/160 327/327/160 328/328/160
f 328/328/161 327/327/161 329/329/161 330/330/161
f 330/330/162 329/329/162 322/322/162 321/321/162
f 324/331/163 323/332/163 331/333/163 332/334/163
f 332/334/7 331/333/7 326/326/7 325/325/7
f 324/335/2 332/336/2 325/337/2 328/338/2 330/339/2 321/340/2
f 331/333/164 323/332/164 333/341/164 334/342/164
f 326/326/165 331/333/165 334/343/165 335/344/165
f 327/327/166 326/326/166 335/345/166 336/346/166
f 329/329/167 327/327/167 336/347/167 337/348/167
f 322/322/168 329/329/168 337/349/168 338/350/168
f 323/323/169 322/322/169 338/351/169 333/352/169
f 334/353/1 333/354/1 338/355/1 337/356/1 336/357/1 335/358/1
f 339/359/170 340/360/170 341/361/170 342/362/170
f 343/363/171 344/364/171 345/365/171 346/366/171
f 346/366/161 345/365/161 347/367/161 348/368/161
f 348/368/172 347/367/172 340/360/172 339/359/172
f 342/369/163 341/370/163 349/371/163 350/372/163
f 350/372/173 349/371/173 344/364/173 343/363/173
f 342/373/2 350/374/2 343/375/2 346/376/2 348/377/2 339/378/2
f 349/371/164 341/370/164 351/379/164 352/380/164
f 344/364/174 349/371/174 352/381/174 353/382/174
f 345/365/175 344/364/175 353/383/175 354/384/175
f 347/367/167 345/365/167 354/385/167 355/386/167
f 340/360/176 347/367/176 355/387/176 356/388/176
f 341/361/177 340/360/177 356/389/177 351/390/177
f 352/391/1 351/392/1 356/393/1 355/394/1 354/395/1 353/396/1
f 357/397/170 358/398/170 359/399/170 360/400/170
f 361/401/160 362/402/160 363/403/160 364/404/160
f 364/404/161 363/403/161 365/405/161 366/406/161
f 366/406/178 365/405/178 358/398/178 357/397/178
f 360/407/163 359/408/163 367/409/163 368/410/163
f 368/410/173 367/409/173 362/402/173 361/401/173
f 360/411/2 368/412/2 361/413/2 364/414/2 366/415/2 357/416/2
f 367/409/164 359/408/164 369/417/164 370/418/164
f 362/402/179 367/409/179 370/419/179 371/420/179
f 363/403/175 362/402/175 371/421/175 372/422/175
f 365/405/167 363/403/167 372/423/167 373/424/167
f 358/398/180 365/405/180 373/425/180 374/426/180
f 359/399/169 358/398/169 374/427/169 369/428/169
f 370/429/1 369/430/1 374/431/1 373/432/1 372/433/1 371/434/1
f 375/435/170 376/436/170 377/437/170 378/438/170
f 379/439/160 380/440/160 381/441/160 382/442/160
f 382/442/181 381/441/181 383/443/181 384/444/181
f 384/444/162 383/443/162 376/436/162 375/435/162
f 378/445/163 377/446/163 385/447/163 386/448/163
f 386/448/173 385/447/173 380/440/173 379/439/173
f 378/449/2 386/450/2 379/451/2 382/452/2 384/453/2 375/454/2
f 385/447/182 377/446/182 387/455/182 388/456/182
f 380/440/183 385/447/183 388/457/183 389/458/183
f 381/441/184 380/440/184 389/459/184 390/460/184
f 383/443/167 381/441/167 390/461/167 391/462/167
f 376/436/185 383/443/185 391/463/185 392/464/185
f 377/437/186 376/436/186 392/465/186 387/466/186
f 388/467/1 387/468/1 392/469/1 391/470/1 390/471/1 389/472/1
f 393/473/187 394/474/187 395/475/187 396/476/187
f 397/477/188 398/478/188 399/479/188 400/480/188
f 400/480/161 399/479/161 401/481/161 402/482/161
f 402/482/172 401/481/172 394/474/172 393/473/172
f 396/483/163 395/484/163 403/485/163 404/486/163
f 404/486/189 403/485/189 398/478/189 397/477/189
f 396/487/2 404/488/2 397/489/2 400/490/2 402/491/2 393/492/2
f 403/485/164 395/484/164 405/493/164 406/494/164
f 398/478/190 403/485/190 406/495/190 407/496/190
f 399/479/191 398/478/191 407/497/191 408/498/191
f 401/481/167 399/479/167 408/499/167 409/500/167
f 394/474/180 401/481/180 409/501/180 410/502/180
f 395/475/192 394/474/192 410/503/192 405/504/192
f 406/505/1 405/506/1 410/507/1 409/508/1 408/509/1 407/510/1
f 411/511/193 412/512/193 413/513/193 414/514/193
f 415/515/170 416/516/170 417/517/170 418/518/170
f 418/518/163 417/517/163 419/519/163 420/520/163
f 420/520/7 419/519/7 412/512/7 411/511/7
f 414/521/161 413/522/161 421/523/161 422/524/161
f 422/524/162 421/523/162 416/516/162 415/515/162
f 414/525/2 422/526/2 415/527/2 418/528/2 420/529/2 411/530/2
f 421/523/167 413/522/167 423/531/167 424/532/167
f 416/516/168 421/523/168 424/533/168 425/534/168
f 417/517/186 416/516/186 425/535/186 426/536/186
f 419/519/164 417/517/164 426/537/164 427/538/164
f 412/512/165 419/519/165 427/539/165 428/540/165
f 413/513/175 412/512/175 428/541/175 423/542/175
f 424/543/1 423/544/1 428/545/1 427/546/1 426/547/1 425/548/1
f 429/549/160 430/550/160 431/551/160 432/552/160
f 433/553/187 434/554/187 435/555/187 436/556/187
f 436/556/163 435/555/163 437/557/163 438/558/163
f 438/558/189 437/557/189 430/550/189 429/549/189
f 432/559/161 431/560/161 439/561/161 440/562/161
f 440/562/178 439/561/178 434/554/178 433/553/178
f 432/563/2 440/564/2 433/565/2 436/566/2 438/567/2 429/568/2
f 439/561/167 431/560/167 441/569/167 442/570/167
f 434/554/194 439/561/194 442/571/194 443/572/194
f 435/555/169 434/554/169 443/573/169 444/574/169
f 437/557/164 435/555/164 444/575/164 445/576/164
f 430/550/190 437/557/190 445/577/190 446/578/190
f 431/551/191 430/550/191 446/579/191 441/580/191
f 442/581/1 441/582/1 446/583/1 445/584/1 444/585/1 443/586/1
f 447/587/160 448/588/160 449/589/160 450/590/160
f 451/591/170 452/592/170 453/593/170 454/594/170
f 454/594/163 453/593/163 455/595/163 456/596/163
f 456/596/173 455/595/173 448/588/173 447/587/173
f 450/597/161 449/598/161 457/599/161 458/600/161
f 458/600/178 457/599/178 452/592/178 451/591/178
f 450/601/2 458/602/2 451/603/2 454/604/2 456/605/2 447/606/2
f 457/599/167 449/598/167 459/607/167 460/608/167
f 452/592/195 457/599/195 460/609/195 461/610/195
f 453/593/169 452/592/169 461/611/169 462/612/169
f 455/595/164 453/593/164 462/613/164 463/614/164
f 448/588/114 455/595/114 463/615/114 464/616/114
f 449/589/175 448/588/175 464/617/175 459/618/175
f 460/619/1 459/620/1 464/621/1 463/622/1 462/623/1 461/624/1
f 465/625/160 466/626/160 467/627/160 468/628/160
f 469/629/170 470/630/170 471/631/170 472/632/170
f 472/632/196 471/631/196 473/633/196 474/634/196
f 474/634/7 473/633/7 466/626/7 465/625/7
f 468/635/161 467/636/161 475/637/161 476/638/161
f 476/638/178 475/637/178 470/630/178 469/629/178
f 468/639/2 476/640/2 469/641/2 472/642/2 474/643/2 465/644/2
f 475/637/197 467/636/197 477/645/197 478/646/197
f 470/630/198 475/637/198 478/647/198 479/648/198
f 471/631/199 470/630/199 479/649/199 480/650/199
f 473/633/164 471/631/164 480/651/164 481/652/164
f 466/626/200 473/633/200 481/653/200 482/654/200
f 467/627/166 466/626/166 482/655/166 477/656/166
f 478/657/1 477/658/1 482/659/1 481/660/1 480/661/1 479/662/1
f 483/663/171 484/664/171 485/665/171 486/666/171
f 487/667/201 488/668/201 489/669/201 490/670/201
f 490/670/163 489/669/163 491/671/163 492/672/163
f 492/672/189 491/671/189 484/664/189 483/663/189
f 486/673/161 485/674/161 493/675/161 494/676/161
f 494/676/172 493/675/172 488/668/172 487/667/172
f 486/677/2 494/678/2 487/679/2 490/680/2 492/681/2 483/682/2
f 493/675/167 485/674/167 495/683/167 496/684/167
f 488/668/176 493/675/176 496/685/176 497/686/176
f 489/669/177 488/668/177 497/687/177 498/688/177
f 491/671/164 489/669/164 498/689/164 499/690/164
f 484/664/114 491/671/114 499/691/114 500/692/114
f 485/665/202 484/664/202 500/693/202 495/694/202
f 496/695/1 495/696/1 500/697/1 499/698/1 498/699/1 497/700/1
f 501/701/2 502/702/2 503/703/2 504/704/2 505/705/2 506/706/2 507/707/2 508/708/2 509/709/2
f 510/710/1 504/704/1 506/706/1 505/705/1 511/711/1 512/712/1 513/713/1
f 510/710/1 513/713/1 514/714/1 515/715/1 516/716/1 517/717/1 518/718/1 519/719/1 520/720/1 521/721/1 522/722/1 523/723/1 524/724/1 525/725/1 526/726/1 527/727/1 528/728/1 529/729/1
f 527/727/1 526/726/1 530/730/1 531/731/1 532/732/1 533/733/1 534/734/1 535/735/1 536/736/1 537/737/1 538/738/1
f 539/739/1 540/740/1 541/741/1 542/742/1 543/743/1 544/744/1 545/745/1 546/746/1 547/747/1 548/748/1 549/749/1 550/750/1 551/751/1 552/752/1 553/753/1 554/754/1 555/755/1 556/756/1 557/757/1 558/758/1 559/759/1 560/760/1
f 561/761/2 550/750/2 551/751/2 501/701/2 509/709/2 562/762/2
f 563/763/1 540/740/1 539/739/1 564/764/1 534/734/1 533/733/1 565/765/1 566/766/1 567/767/1
f 568/768/1 569/769/1 570/770/1 571/771/1 572/772/1 573/773/1 574/774/1 575/775/1 576/776/1
f 577/777/2 578/778/2 579/779/2 580/780/2 572/772/2 574/774/2
f 577/777/2 581/781/2 582/782/2 583/783/2 584/784/2 585/785/2 578/778/2
f 586/786/203 587/787/203 588/788/203 589/789/203
f 590/790/204 591/791/204 592/792/204 593/793/204
f 594/794/1 595/795/1 569/769/1 568/768/1 596/796/1 597/797/1
f 598/798/205 599/799/205 600/800/205 601/801/205
f 537/737/206 536/736/206 602/802/206 603/803/206
f 604/804/207 605/805/207 606/806/207 607/807/207
f 608/808/208 609/809/208 569/769/208 595/795/208
f 538/738/209 537/737/209 603/803/209 610/810/209
f 611/811/210 612/812/210 613/813/210 614/814/210
f 609/809/211 615/815/211 570/770/211 569/769/211
f 527/727/212 538/738/212 610/810/212 583/783/212
f 612/812/213 616/816/213 617/817/213 613/813/213
f 615/815/214 618/818/214 571/771/214 570/770/214
f 528/728/215 527/727/215 583/783/215 582/782/215
f 616/816/216 619/819/216 620/820/216 617/817/216
f 618/818/214 621/821/214 572/772/214 571/771/214
f 529/729/217 528/728/217 582/782/217 581/781/217
f 619/819/218 622/822/218 623/823/218 620/820/218
f 624/824/219 625/825/220 626/826/220 627/827/219
f 510/710/221 529/729/221 581/781/221 577/777/221
f 622/822/222 628/828/222 590/790/222 623/823/222
f 625/825/223 629/829/223 630/830/224 626/826/224
f 504/704/225 510/710/225 577/777/225 574/774/225
f 628/828/204 631/831/204 591/791/204 590/790/204
f 629/829/226 632/832/226 633/833/226 630/830/226
f 504/704/227 503/703/227 575/775/227 574/774/227
f 631/831/228 634/834/228 635/835/228 591/791/228
f 632/832/229 636/836/229 598/798/229 633/833/229
f 503/703/230 502/702/230 576/776/230 575/775/230
f 634/834/231 637/837/231 573/773/232 635/835/232
f 636/836/205 638/838/205 599/799/205 598/798/205
f 502/702/233 501/701/233 568/768/233 576/776/233
f 638/838/234 639/839/234 640/840/234 599/799/234
f 505/705/235 504/704/235 574/774/235 573/773/235 637/837/235
f 639/839/236 641/841/237 642/842/237 640/840/236
f 501/701/238 551/751/238 596/796/238 568/768/238
f 641/841/237 643/843/239 644/844/239 642/842/237
f 506/706/240 504/704/240 574/774/240 572/772/240 621/821/240
f 552/752/241 551/751/241 596/796/241 645/845/241
f 643/843/242 646/846/242 647/847/242 644/844/242
f 553/753/243 552/752/243 645/845/243 648/848/243
f 646/846/244 649/849/244 650/850/244 647/847/244
f 554/754/245 553/753/245 648/848/245 651/851/245
f 649/849/246 652/852/246 653/853/246 650/850/246
f 555/755/247 554/754/247 651/851/247 654/854/247
f 652/852/214 655/855/214 656/856/214 653/853/214
f 556/756/248 555/755/248 654/854/248 657/857/248
f 655/855/249 658/858/249 659/859/249 656/856/249
f 557/757/250 556/756/250 657/857/250 660/860/250
f 658/858/251 661/861/251 662/862/251 659/859/251
f 558/758/252 557/757/252 660/860/252 663/863/252 664/864/252
f 661/861/253 665/865/253 666/866/253 662/862/253
f 559/759/254 558/758/254 664/864/254 667/867/254
f 665/865/255 668/868/255 669/869/255 666/866/255
f 560/760/256 559/759/256 667/867/256 670/870/256
f 668/868/257 671/871/257 672/872/257 669/869/257
f 539/739/258 560/760/258 670/870/258 673/873/258
f 671/871/259 674/874/259 675/875/259 672/872/259
f 564/764/260 539/739/260 673/873/260 676/876/260
f 674/874/261 677/877/261 678/878/261 675/875/261
f 679/879/262 680/880/262 681/881/262 597/797/262
f 534/734/263 564/764/263 676/876/263 682/882/263
f 677/877/264 683/883/264 684/884/264 678/878/264
f 685/885/265 608/808/265 595/795/265 594/794/265
f 535/735/266 534/734/266 682/882/266 686/886/266
f 683/883/267 687/887/267 688/888/267 684/884/267
f 679/879/268 685/885/268 594/794/268 597/797/268
f 536/736/269 535/735/269 686/886/269 602/802/269
f 687/887/270 604/804/270 607/807/270 688/888/270
f 680/880/271 624/824/219 627/827/219 681/881/271
f 630/830/2 689/889/2 587/787/2 586/786/2 690/890/2 663/863/2 660/860/2 657/857/2 654/854/2 651/851/2 648/848/2 645/845/2 596/796/2 597/797/2 681/881/2 627/827/2 626/826/2
f 623/823/222 590/790/222 593/793/222 691/891/222
f 620/820/218 623/823/218 691/891/218 692/892/218
f 662/862/253 666/866/253 693/893/253 694/894/253
f 633/833/229 598/798/229 601/801/229 695/895/229
f 647/847/244 650/850/244 696/896/244 697/897/244
f 675/875/261 678/878/261 698/898/261 699/899/261
f 591/791/228 635/835/228 700/900/228 592/792/228
f 701/901/2 702/902/2 703/903/2 704/904/2 705/905/2 706/906/2 707/907/2 708/908/2
f 690/890/272 586/786/272 589/789/272 709/909/272
f 710/910/2 711/911/2 712/912/2 713/913/2 714/914/2 715/915/2 716/916/2 717/917/2 718/918/2 719/919/2 720/920/2 721/921/2 722/922/2 723/923/2 724/924/2 725/925/2
f 635/835/232 573/773/232 726/926/231 700/900/231
f 585/785/273 584/784/273 727/927/273 728/928/273
f 689/889/274 630/830/274 729/929/274 730/930/274
f 573/773/275 572/772/275 731/931/275 726/926/275
f 599/799/234 640/840/234 732/932/234 600/800/234
f 667/867/254 664/864/254 733/933/254 734/934/254
f 572/772/276 580/780/276 735/935/276 731/931/276
f 640/840/236 642/842/237 736/936/237 732/932/236
f 642/842/237 644/844/239 737/937/239 736/936/237
f 579/779/277 578/778/277 738/938/277 739/939/277
f 644/844/242 647/847/242 697/897/242 737/937/242
f 580/780/278 579/779/278 739/939/278 735/935/278
f 740/940/2 741/941/2 742/942/2 743/943/2 744/944/2 745/945/2 746/946/2 747/947/2 748/948/2
f 578/778/279 585/785/279 728/928/279 738/938/279
f 650/850/246 653/853/246 749/949/246 696/896/246
f 664/864/252 663/863/252 750/950/252 733/933/252
f 653/853/214 656/856/214 751/951/214 749/949/214
f 587/787/280 689/889/280 730/930/280 588/788/280
f 656/856/249 659/859/249 752/952/249 751/951/249
f 659/859/251 662/862/251 694/894/251 752/952/251
f 753/953/2 754/954/2 755/955/2 756/956/2 757/957/2 758/958/2 759/959/2 760/960/2 761/961/2 762/962/2 763/963/2
f 663/863/281 690/890/281 709/909/281 750/950/281
f 666/866/255 669/869/255 764/964/255 693/893/255
f 670/870/256 667/867/256 734/934/256 765/965/256
f 669/869/257 672/872/257 766/966/257 764/964/257
f 673/873/258 670/870/258 765/965/258 767/967/258
f 672/872/259 675/875/259 699/899/259 766/966/259
f 676/876/260 673/873/260 767/967/260 768/968/260
f 769/969/2 770/970/2 771/971/2 772/972/2 773/973/2 774/974/2 775/975/2 776/976/2 777/977/2 778/978/2 779/979/2 780/980/2 781/981/2 782/982/2 783/983/2 784/984/2 785/985/2 786/986/2
f 682/882/263 676/876/263 768/968/263 787/987/263
f 678/878/264 684/884/264 788/988/264 698/898/264
f 686/886/266 682/882/266 787/987/266 789/989/266
f 684/884/267 688/888/267 790/990/267 788/988/267
f 602/802/269 686/886/269 789/989/269 791/991/269
f 688/888/270 607/807/270 792/992/270 790/990/270
f 603/803/206 602/802/206 791/991/206 793/993/206
f 607/807/207 606/806/207 794/994/207 792/992/207
f 610/810/209 603/803/209 793/993/209 795/995/209
f 614/814/210 613/813/210 796/996/210 797/997/210
f 583/783/212 610/810/212 795/995/212 798/998/212
f 613/813/213 617/817/213 799/999/213 796/996/213
f 584/784/282 583/783/282 798/998/282 727/927/282
f 617/817/216 620/820/216 692/892/216 799/999/216
f 737/937/283 748/948/283 725/925/283
f 752/952/284 759/959/284 744/944/284
f 766/966/285 773/973/285 763/963/285
f 593/793/286 705/905/286 786/986/286
f 710/910/287 747/947/287 767/967/287
f 745/945/288 758/958/288 787/987/288
f 753/953/289 772/972/289 798/998/289
f 704/904/290 738/938/290 769/969/290
f 720/920/291 719/919/291 729/929/291 695/895/291
f 721/921/292 720/920/292 695/895/292 601/801/292
f 722/922/293 721/921/293 601/801/293 600/800/293
f 723/923/294 722/922/294 600/800/294 732/932/294
f 724/924/295 723/923/296 732/932/296 736/936/295
f 725/925/297 724/924/295 736/936/295 737/937/297
f 740/940/298 748/948/298 737/937/298 697/897/298
f 741/941/299 740/940/299 697/897/299 696/896/299
f 742/942/300 741/941/300 696/896/300 749/949/300
f 743/943/301 742/942/301 749/949/301 751/951/301
f 744/944/302 743/943/302 751/951/302 752/952/302
f 760/960/303 759/959/303 752/952/303 694/894/303
f 761/961/304 760/960/304 694/894/304 693/893/304
f 762/962/305 761/961/305 693/893/305 764/964/305
f 763/963/306 762/962/306 764/964/306 766/966/306
f 774/974/307 773/973/307 766/966/307 699/899/307
f 775/975/308 774/974/308 699/899/308 698/898/308
f 776/976/309 775/975/309 698/898/309 788/988/309
f 777/977/310 776/976/310 788/988/310 790/990/310
f 778/978/311 777/977/311 790/990/311 792/992/311
f 779/979/312 778/978/312 792/992/312 794/994/312
f 780/980/313 779/979/314 794/994/314 800/1000/315
f 783/983/316 782/982/316 796/996/316 799/999/316
f 784/984/317 783/983/317 799/999/317 692/892/317
f 785/985/318 784/984/318 692/892/318 691/891/318
f 786/986/319 785/985/319 691/891/319 593/793/319
f 706/906/320 705/905/320 593/793/320 592/792/320
f 707/907/321 706/906/321 592/792/321 700/900/321
f 708/908/322 707/907/322 700/900/322 726/926/322
f 701/901/323 708/908/323 726/926/323 731/931/323
f 714/914/324 713/913/324 733/933/324 750/950/324
f 713/913/325 712/912/325 734/934/325 733/933/325
f 712/912/326 711/911/326 765/965/326 734/934/326
f 711/911/327 710/910/327 767/967/327 765/965/327
f 747/947/328 746/946/328 768/968/328 767/967/328
f 746/946/329 745/945/329 787/987/329 768/968/329
f 758/958/330 757/957/330 789/989/330 787/987/330
f 757/957/331 756/956/331 791/991/331 789/989/331
f 756/956/332 755/955/332 793/993/332 791/991/332
f 755/955/333 754/954/333 795/995/333 793/993/333
f 754/954/334 753/953/334 798/998/334 795/995/334
f 769/969/2 786/986/2 705/905/2 704/904/2
f 773/973/2 772/972/2 753/953/2 763/963/2
f 759/959/2 758/958/2 745/945/2 744/944/2
f 748/948/2 747/947/2 710/910/2 725/925/2
f 719/919/335 718/918/335 730/930/335 729/929/335
f 718/918/336 717/917/336 588/788/336 730/930/336
f 717/917/337 716/916/337 589/789/337 588/788/337
f 716/916/338 715/915/338 709/909/338 589/789/338
f 715/915/339 714/914/339 750/950/339 709/909/339
f 738/938/340 728/928/340 770/970/340 769/969/340
f 728/928/341 727/927/341 771/971/341 770/970/341
f 727/927/342 798/998/342 772/972/342 771/971/342
f 731/931/343 735/935/343 702/902/343 701/901/343
f 735/935/344 739/939/344 703/903/344 702/902/344
f 739/939/345 738/938/345 704/904/345 703/903/345
f 630/830/226 633/833/226 695/895/226 729/929/226
f 782/982/315 781/981/315 797/997/315 796/996/315
f 800/1000/346 801/1001/346 802/1002/346 803/1003/346
f 797/997/347 800/1000/347 803/1003/347 804/1004/347
f 605/805/210 805/1005/348 801/1001/210 606/806/210
f 606/806/210 801/1001/210 800/1000/210 794/994/210
f 781/981/315 780/980/313 800/1000/315 797/997/315
f 520/720/210 519/719/348 805/1005/348 605/805/210
f 519/719/348 518/718/210 611/811/210 805/1005/348
f 549/749/271 548/748/219 624/824/219 680/880/271
f 522/722/270 521/721/270 604/804/270 687/887/270
f 550/750/268 561/761/268 685/885/268 679/879/268
f 523/723/267 522/722/267 687/887/267 683/883/267
f 561/761/265 562/762/265 608/808/265 685/885/265
f 524/724/264 523/723/264 683/883/264 677/877/264
f 550/750/262 549/749/262 680/880/262 679/879/262
f 525/725/261 524/724/261 677/877/261 674/874/261
f 526/726/259 525/725/259 674/874/259 671/871/259
f 530/730/257 526/726/257 671/871/257 668/868/257
f 531/731/255 530/730/255 668/868/255 665/865/255
f 532/732/253 531/731/253 665/865/253 661/861/253
f 533/733/251 532/732/251 661/861/251 658/858/251
f 565/765/249 533/733/249 658/858/249 655/855/249
f 566/766/214 565/765/214 655/855/214 652/852/214
f 567/767/246 566/766/246 652/852/246 649/849/246
f 563/763/244 567/767/244 649/849/244 646/846/244
f 540/740/242 563/763/242 646/846/242 643/843/242
f 541/741/237 540/740/239 643/843/239 641/841/237
f 542/742/236 541/741/237 641/841/237 639/839/236
f 543/743/234 542/742/234 639/839/234 638/838/234
f 544/744/205 543/743/205 638/838/205 636/836/205
f 511/711/231 505/705/231 637/837/231 634/834/231
f 545/745/229 544/744/229 636/836/229 632/832/229
f 512/712/228 511/711/228 634/834/228 631/831/228
f 546/746/226 545/745/226 632/832/226 629/829/226
f 513/713/204 512/712/204 631/831/204 628/828/204
f 547/747/275 546/746/275 629/829/223 625/825/223
f 514/714/222 513/713/222 628/828/222 622/822/222
f 548/748/219 547/747/220 625/825/220 624/824/219
f 515/715/218 514/714/218 622/822/218 619/819/218
f 507/707/214 506/706/214 621/821/214 618/818/214
f 516/716/216 515/715/216 619/819/216 616/816/216
f 508/708/214 507/707/214 618/818/214 615/815/214
f 517/717/213 516/716/213 616/816/213 612/812/213
f 509/709/211 508/708/211 615/815/211 609/809/211
f 518/718/210 517/717/210 612/812/210 611/811/210
f 562/762/208 509/709/208 609/809/208 608/808/208
f 521/721/207 520/720/207 605/805/207 604/804/207
f 806/1006/349 804/1004/349 807/1007/349 808/1008/349
f 803/1003/350 802/1002/350 809/1009/350 810/1010/350
f 611/811/351 614/814/351 806/1006/351 811/1011/351
f 805/1005/352 611/811/352 811/1011/352 812/1012/352
f 801/1001/346 805/1005/346 812/1012/346 802/1002/346
f 614/814/351 797/997/351 804/1004/351 806/1006/351
f 813/1013/353 808/1008/353 814/1014/353 815/1015/353
f 809/1009/354 816/1016/354 817/1017/354 818/1018/354
f 812/1012/355 811/1011/355 813/1013/355 816/1016/355
f 802/1002/350 812/1012/350 816/1016/350 809/1009/350
f 811/1011/349 806/1006/349 808/1008/349 813/1013/349
f 804/1004/356 803/1003/356 810/1010/356 807/1007/356
f 818/1018/210 814/1014/210 819/1019/210 820/1020/210
f 817/1017/210 815/1015/210 814/1014/210 818/1018/210
f 807/1007/357 810/1010/357 820/1020/357 819/1019/357
f 810/1010/354 809/1009/354 818/1018/354 820/1020/354
f 808/1008/353 807/1007/353 819/1019/353 814/1014/353
f 816/1016/358 813/1013/358 815/1015/358 817/1017/358
f 821/1021/359 822/1022/359 823/1023/359 824/1024/359
f 825/1025/360 826/1026/360 827/1027/360 828/1028/360
f 828/1028/361 827/1027/361 829/1029/361 830/1030/361
f 830/1030/362 829/1029/362 822/1022/362 821/1021/362
f 824/1031/363 823/1032/363 831/1033/363 832/1034/363
f 832/1034/207 831/1033/207 826/1026/207 825/1025/207
f 824/1035/1 832/1036/1 825/1037/1 828/1038/1 830/1039/1 821/1040/1
f 831/1033/364 823/1032/364 833/1041/364 834/1042/364
f 826/1026/365 831/1033/365 834/1043/365 835/1044/365
f 827/1027/366 826/1026/366 835/1045/366 836/1046/366
f 829/1029/367 827/1027/367 836/1047/367 837/1048/367
f 822/1022/368 829/1029/368 837/1049/368 838/1050/368
f 823/1023/369 822/1022/369 838/1051/369 833/1052/369
f 834/1053/2 833/1054/2 838/1055/2 837/1056/2 836/1057/2 835/1058/2
f 839/1059/370 840/1060/370 841/1061/370 842/1062/370
f 843/1063/371 844/1064/371 845/1065/371 846/1066/371
f 846/1066/361 845/1065/361 847/1067/361 848/1068/361
f 848/1068/372 847/1067/372 840/1060/372 839/1059/372
f 842/1069/363 841/1070/363 849/1071/363 850/1072/363
f 850/1072/373 849/1071/373 844/1064/373 843/1063/373
f 842/1073/1 850/1074/1 843/1075/1 846/1076/1 848/1077/1 839/1078/1
f 849/1071/364 841/1070/364 851/1079/364 852/1080/364
f 844/1064/374 849/1071/374 852/1081/374 853/1082/374
f 845/1065/366 844/1064/366 853/1083/366 854/1084/366
f 847/1067/375 845/1065/375 854/1085/375 855/1086/375
f 840/1060/376 847/1067/376 855/1087/376 856/1088/376
f 841/1061/377 840/1060/377 856/1089/377 851/1090/377
f 852/1091/2 851/1092/2 856/1093/2 855/1094/2 854/1095/2 853/1096/2
f 857/1097/370 858/1098/370 859/1099/370 860/1100/370
f 861/1101/371 862/1102/371 863/1103/371 864/1104/371
f 864/1104/361 863/1103/361 865/1105/361 866/1106/361
f 866/1106/362 865/1105/362 858/1098/362 857/1097/362
f 860/1107/363 859/1108/363 867/1109/363 868/1110/363
f 868/1110/378 867/1109/378 862/1102/378 861/1101/378
f 860/1111/1 868/1112/1 861/1113/1 864/1114/1 866/1115/1 857/1116/1
f 867/1109/364 859/1108/364 869/1117/364 870/1118/364
f 862/1102/379 867/1109/379 870/1119/379 871/1120/379
f 863/1103/380 862/1102/380 871/1121/380 872/1122/380
f 865/1105/375 863/1103/375 872/1123/375 873/1124/375
f 858/1098/381 865/1105/381 873/1125/381 874/1126/381
f 859/1099/382 858/1098/382 874/1127/382 869/1128/382
f 870/1129/2 869/1130/2 874/1131/2 873/1132/2 872/1133/2 871/1134/2
f 875/1135/370 876/1136/370 877/1137/370 878/1138/370
f 879/1139/371 880/1140/371 881/1141/371 882/1142/371
f 882/1142/361 881/1141/361 883/1143/361 884/1144/361
f 884/1144/383 883/1143/383 876/1136/383 875/1135/383
f 878/1145/363 877/1146/363 885/1147/363 886/1148/363
f 886/1148/373 885/1147/373 880/1140/373 879/1139/373
f 878/1149/1 886/1150/1 879/1151/1 882/1152/1 884/1153/1 875/1154/1
f 885/1147/364 877/1146/364 887/1155/364 888/1156/364
f 880/1140/384 885/1147/384 888/1157/384 889/1158/384
f 881/1141/380 880/1140/380 889/1159/380 890/1160/380
f 883/1143/367 881/1141/367 890/1161/367 891/1162/367
f 876/1136/376 883/1143/376 891/1163/376 892/1164/376
f 877/1137/385 876/1136/385 892/1165/385 887/1166/385
f 888/1167/2 887/1168/2 892/1169/2 891/1170/2 890/1171/2 889/1172/2
f 893/1173/359 894/1174/359 895/1175/359 896/1176/359
f 897/1177/360 898/1178/360 899/1179/360 900/1180/360
f 900/1180/361 899/1179/361 901/1181/361 902/1182/361
f 902/1182/362 901/1181/362 894/1174/362 893/1173/362
f 896/1183/363 895/1184/363 903/1185/363 904/1186/363
f 904/1186/207 903/1185/207 898/1178/207 897/1177/207
f 896/1187/1 904/1188/1 897/1189/1 900/1190/1 902/1191/1 893/1192/1
f 903/1185/364 895/1184/364 905/1193/364 906/1194/364
f 898/1178/386 903/1185/386 906/1195/386 907/1196/386
f 899/1179/380 898/1178/380 907/1197/380 908/1198/380
f 901/1181/375 899/1179/375 908/1199/375 909/1200/375
f 894/1174/387 901/1181/387 909/1201/387 910/1202/387
f 895/1175/369 894/1174/369 910/1203/369 905/1204/369
f 906/1205/2 905/1206/2 910/1207/2 909/1208/2 908/1209/2 907/1210/2
f 911/1211/360 912/1212/360 913/1213/360 914/1214/360
f 915/1215/359 916/1216/359 917/1217/359 918/1218/359
f 918/1218/363 917/1217/363 919/1219/363 920/1220/363
f 920/1220/207 919/1219/207 912/1212/207 911/1211/207
f 914/1221/361 913/1222/361 921/1223/361 922/1224/361
f 922/1224/362 921/1223/362 916/1216/362 915/1215/362
f 914/1225/1 922/1226/1 915/1227/1 918/1228/1 920/1229/1 911/1230/1
f 921/1223/375 913/1222/375 923/1231/375 924/1232/375
f 916/1216/381 921/1223/381 924/1233/381 925/1234/381
f 917/1217/382 916/1216/382 925/1235/382 926/1236/382
f 919/1219/388 917/1217/388 926/1237/388 927/1238/388
f 912/1212/389 919/1219/389 927/1239/389 928/1240/389
f 913/1213/390 912/1212/390 928/1241/390 923/1242/390
f 924/1243/2 923/1244/2 928/1245/2 927/1246/2 926/1247/2 925/1248/2
f 929/1249/371 930/1250/371 931/1251/371 932/1252/371
f 933/1253/370 934/1254/370 935/1255/370 936/1256/370
f 936/1256/363 935/1255/363 937/1257/363 938/1258/363
f 938/1258/378 937/1257/378 930/1250/378 929/1249/378
f 932/1259/361 931/1260/361 939/1261/361 940/1262/361
f 940/1262/383 939/1261/383 934/1254/383 933/1253/383
f 932/1263/1 940/1264/1 933/1265/1 936/1266/1 938/1267/1 929/1268/1
f 939/1261/375 931/1260/375 941/1269/375 942/1270/375
f 934/1254/376 939/1261/376 942/1271/376 943/1272/376
f 935/1255/382 934/1254/382 943/1273/382 944/1274/382
f 937/1257/364 935/1255/364 944/1275/364 945/1276/364
f 930/1250/374 937/1257/374 945/1277/374 946/1278/374
f 931/1251/391 930/1250/391 946/1279/391 941/1280/391
f 942/1281/2 941/1282/2 946/1283/2 945/1284/2 944/1285/2 943/1286/2
f 947/1287/371 948/1288/371 949/1289/371 950/1290/371
f 951/1291/359 952/1292/359 953/1293/359 954/1294/359
f 954/1294/363 953/1293/363 955/1295/363 956/1296/363
f 956/1296/207 955/1295/207 948/1288/207 947/1287/207
f 950/1297/361 949/1298/361 957/1299/361 958/1300/361
f 958/1300/362 957/1299/362 952/1292/362 951/1291/362
f 950/1301/1 958/1302/1 951/1303/1 954/1304/1 956/1305/1 947/1306/1
f 957/1299/375 949/1298/375 959/1307/375 960/1308/375
f 952/1292/387 957/1299/387 960/1309/387 961/1310/387
f 953/1293/392 952/1292/392 961/1311/392 962/1312/392
f 955/1295/364 953/1293/364 962/1313/364 963/1314/364
f 948/1288/365 955/1295/365 963/1315/365 964/1316/365
f 949/1289/366 948/1288/366 964/1317/366 959/1318/366
f 960/1319/2 959/1320/2 964/1321/2 963/1322/2 962/1323/2 961/1324/2
f 965/1325/371 966/1326/371 967/1327/371 968/1328/371
f 969/1329/370 970/1330/370 971/1331/370 972/1332/370
f 972/1332/363 971/1331/363 973/1333/363 974/1334/363
f 974/1334/373 973/1333/373 966/1326/373 965/1325/373
f 968/1335/361 967/1336/361 975/1337/361 976/1338/361
f 976/1338/383 975/1337/383 970/1330/383 969/1329/383
f 968/1339/1 976/1340/1 969/1341/1 972/1342/1 974/1343/1 965/1344/1
f 975/1337/375 967/1336/375 977/1345/375 978/1346/375
f 970/1330/376 975/1337/376 978/1347/376 979/1348/376
f 971/1331/393 970/1330/393 979/1349/393 980/1350/393
f 973/1333/364 971/1331/364 980/1351/364 981/1352/364
f 966/1326/374 973/1333/374 981/1353/374 982/1354/374
f 967/1327/391 966/1326/391 982/1355/391 977/1356/391
f 978/1357/2 977/1358/2 982/1359/2 981/1360/2 980/1361/2 979/1362/2
f 983/1363/360 984/1364/360 985/1365/360 986/1366/360
f 987/1367/359 988/1368/359 989/1369/359 990/1370/359
f 990/1370/363 989/1369/363 991/1371/363 992/1372/363
f 992/1372/207 991/1371/207 984/1364/207 983/1363/207
f 986/1373/361 985/1374/361 993/1375/361 994/1376/361
f 994/1376/362 993/1375/362 988/1368/362 987/1367/362
f 986/1377/1 994/1378/1 987/1379/1 990/1380/1 992/1381/1 983/1382/1
f 993/1375/375 985/1374/375 995/1383/375 996/1384/375
f 988/1368/387 993/1375/387 996/1385/387 997/1386/387
f 989/1369/385 988/1368/385 997/1387/385 998/1388/385
f 991/1371/364 989/1369/364 998/1389/364 999/1390/364
f 984/1364/386 991/1371/386 999/1391/386 1000/1392/386
f 985/1365/390 984/1364/390 1000/1393/390 995/1394/390
f 996/1395/2 995/1396/2 1000/1397/2 999/1398/2 998/1399/2 997/1400/2
f 1001/1401/394 1002/1402/394 1003/1403/394 1004/1404/394
f 1004/1404/1 1003/1403/1 1005/1405/1 1006/1406/1
f 1006/1406/395 1005/1405/395 1007/1407/395 1008/1408/395
f 1008/1409/396 1007/1410/396 1009/1411/396 1010/1412/396
f 1010/1412/2 1009/1411/2 1011/1413/2 1012/1414/2
f 1012/1414/397 1011/1413/397 1002/1402/397 1001/1401/397
f 1002/1402/398 1013/1415/398 1014/1416/398 1003/1403/398
f 1003/1403/1 1014/1416/1 1015/1417/1 1005/1405/1
f 1005/1405/399 1015/1417/399 1016/1418/399 1007/1407/399
f 1007/1410/400 1016/1419/400 1017/1420/400 1009/1411/400
f 1009/1411/2 1017/1420/2 1018/1421/2 1011/1413/2
f 1011/1413/401 1018/1421/401 1013/1415/401 1002/1402/401
f 1013/1415/402 1019/1422/402 1020/1423/402 1014/1416/402
f 1014/1416/1 1020/1423/1 1021/1424/1 1015/1417/1
f 1015/1417/403 1021/1424/403 1022/1425/403 1016/1418/403
f 1016/1419/404 1022/1426/404 1023/1427/404 1017/1420/404
f 1017/1420/2 1023/1427/2 1024/1428/2 1018/1421/2
f 1018/1421/405 1024/1428/405 1019/1422/405 1013/1415/405
f 1019/1429/395 1025/1430/395 1026/1431/395 1020/1432/395
f 1020/1432/1 1026/1431/1 1027/1433/1 1021/1434/1
f 1021/1434/394 1027/1433/394 1028/1435/394 1022/1436/394
f 1022/1437/397 1028/1438/397 1029/1439/397 1023/1440/397
f 1023/1440/2 1029/1439/2 1030/1441/2 1024/1442/2
f 1024/1442/396 1030/1441/396 1025/1430/396 1019/1429/396
f 1025/1430/406 1031/1443/406 1032/1444/406 1026/1431/406
f 1026/1431/1 1032/1444/1 1033/1445/1 1027/1433/1
f 1027/1433/398 1033/1445/398 1034/1446/398 1028/1435/398
f 1028/1438/401 1034/1447/401 1035/1448/401 1029/1439/401
f 1029/1439/2 1035/1448/2 1036/1449/2 1030/1441/2
f 1030/1441/407 1036/1449/407 1031/1443/407 1025/1430/407
f 1031/1443/403 1001/1401/403 1004/1404/403 1032/1444/403
f 1032/1444/1 1004/1404/1 1006/1406/1 1033/1445/1
f 1033/1445/402 1006/1406/402 1008/1408/402 1034/1446/402
f 1034/1447/405 1008/1409/405 1010/1412/405 1035/1448/405
f 1035/1448/2 1010/1412/2 1012/1414/2 1036/1449/2
f 1036/1449/404 1012/1414/404 1001/1401/404 1031/1443/404
f 1037/1450/408 1038/1451/408 1039/1452/408 1040/1453/408
f 1040/1453/409 1039/1452/410 1041/1454/410 1042/1455/409
f 1042/1455/411 1041/1454/411 1043/1456/411 1044/1457/411
f 1044/1458/412 1043/1459/412 1045/1460/412 1046/1461/412
f 1046/1461/413 1045/1460/413 1047/1462/413 1048/1463/413
f 1048/1463/414 1047/1462/414 1038/1451/414 1037/1450/414
f 1038/1451/415 1049/1464/415 1050/1465/415 1039/1452/415
f 1039/1452/410 1050/1465/416 1051/1466/416 1041/1454/410
f 1041/1454/417 1051/1466/417 1052/1467/417 1043/1456/417
f 1043/1459/418 1052/1468/418 1053/1469/418 1045/1460/418
f 1045/1460/413 1053/1469/413 1054/1470/413 1047/1462/413
f 1047/1462/419 1054/1470/419 1049/1464/419 1038/1451/419
f 1049/1464/420 1055/1471/420 1056/1472/420 1050/1465/420
f 1050/1465/416 1056/1472/409 1057/1473/409 1051/1466/416
f 1051/1466/421 1057/1473/421 1058/1474/421 1052/1467/421
f 1052/1468/422 1058/1475/422 1059/1476/422 1053/1469/422
f 1053/1469/413 1059/1476/423 1060/1477/423 1054/1470/413
f 1054/1470/424 1060/1477/424 1055/1471/424 1049/1464/424
f 1055/1478/411 1061/1479/411 1062/1480/411 1056/1481/411
f 1056/1481/409 1062/1480/410 1063/1482/410 1057/1483/409
f 1057/1483/408 1063/1482/408 1064/1484/408 1058/1485/408
f 1058/1486/425 1064/1487/425 1065/1488/425 1059/1489/425
f 1059/1489/423 1065/1488/413 1066/1490/426 1060/1491/423
f 1060/1491/412 1066/1490/412 1061/1479/412 1055/1478/412
f 1061/1479/427 1067/1492/427 1068/1493/427 1062/1480/427
f 1062/1480/410 1068/1493/416 1069/1494/416 1063/1482/410
f 1063/1482/428 1069/1494/428 1070/1495/428 1064/1484/428
f 1064/1487/429 1070/1496/429 1071/1497/429 1065/1488/429
f 1065/1488/413 1071/1497/426 1072/1498/426 1066/1490/426
f 1066/1490/430 1072/1498/430 1067/1492/430 1061/1479/430
f 1067/1492/431 1037/1450/431 1040/1453/431 1068/1493/431
f 1068/1493/416 1040/1453/409 1042/1455/409 1069/1494/416
f 1069/1494/420 1042/1455/420 1044/1457/420 1070/1495/420
f 1070/1496/432 1044/1458/432 1046/1461/432 1071/1497/432
f 1071/1497/426 1046/1461/413 1048/1463/413 1072/1498/426
f 1072/1498/433 1048/1463/433 1037/1450/433 1067/1492/433
f 1073/1499/394 1074/1500/394 1075/1501/394 1076/1502/394
f 1076/1502/1 1075/1501/1 1077/1503/1 1078/1504/1
f 1078/1504/395 1077/1503/395 1079/1505/395 1080/1506/395
f 1080/1507/396 1079/1508/396 1081/1509/396 1082/1510/396
f 1082/1510/2 1081/1509/2 1083/1511/2 1084/1512/2
f 1084/1512/397 1083/1511/397 1074/1500/397 1073/1499/397
f 1074/1500/434 1085/1513/434 1086/1514/434 1075/1501/434
f 1075/1501/1 1086/1514/1 1087/1515/1 1077/1503/1
f 1077/1503/399 1087/1515/399 1088/1516/399 1079/1505/399
f 1079/1508/400 1088/1517/400 1089/1518/400 1081/1509/400
f 1081/1509/2 1089/1518/2 1090/1519/2 1083/1511/2
f 1083/1511/435 1090/1519/435 1085/1513/435 1074/1500/435
f 1085/1513/402 1091/1520/402 1092/1521/402 1086/1514/402
f 1086/1514/1 1092/1521/1 1093/1522/1 1087/1515/1
f 1087/1515/436 1093/1522/436 1094/1523/436 1088/1516/436
f 1088/1517/437 1094/1524/437 1095/1525/437 1089/1518/437
f 1089/1518/2 1095/1525/2 1096/1526/2 1090/1519/2
f 1090/1519/405 1096/1526/405 1091/1520/405 1085/1513/405
f 1091/1527/395 1097/1528/395 1098/1529/395 1092/1530/395
f 1092/1530/1 1098/1529/1 1099/1531/1 1093/1532/1
f 1093/1532/394 1099/1531/394 1100/1533/394 1094/1534/394
f 1094/1535/397 1100/1536/397 1101/1537/397 1095/1538/397
f 1095/1538/2 1101/1537/2 1102/1539/2 1096/1540/2
f 1096/1540/396 1102/1539/396 1097/1528/396 1091/1527/396
f 1097/1528/406 1103/1541/406 1104/1542/406 1098/1529/406
f 1098/1529/1 1104/1542/1 1105/1543/1 1099/1531/1
f 1099/1531/398 1105/1543/398 1106/1544/398 1100/1533/398
f 1100/1536/401 1106/1545/401 1107/1546/401 1101/1537/401
f 1101/1537/2 1107/1546/2 1108/1547/2 1102/1539/2
f 1102/1539/407 1108/1547/407 1103/1541/407 1097/1528/407
f 1103/1541/403 1073/1499/403 1076/1502/403 1104/1542/403
f 1104/1542/1 1076/1502/1 1078/1504/1 1105/1543/1
f 1105/1543/402 1078/1504/402 1080/1506/402 1106/1544/402
f 1106/1545/405 1080/1507/405 1082/1510/405 1107/1546/405
f 1107/1546/2 1082/1510/2 1084/1512/2 1108/1547/2
f 1108/1547/404 1084/1512/404 1073/1499/404 1103/1541/404
f 1109/1548/408 1110/1549/408 1111/1550/408 1112/1551/408
f 1112/1551/410 1111/1550/410 1113/1552/410 1114/1553/410
f 1114/1553/438 1113/1552/438 1115/1554/438 1116/1555/438
f 1116/1556/412 1115/1557/412 1117/1558/412 1118/1559/412
f 1118/1559/413 1117/1558/413 1119/1560/413 1120/1561/413
f 1120/1561/414 1119/1560/414 1110/1549/414 1109/1548/414
f 1110/1549/428 1121/1562/428 1122/1563/428 1111/1550/428
f 1111/1550/410 1122/1563/410 1123/1564/410 1113/1552/410
f 1113/1552/439 1123/1564/439 1124/1565/439 1115/1554/439
f 1115/1557/440 1124/1566/440 1125/1567/440 1117/1558/440
f 1117/1558/413 1125/1567/413 1126/1568/413 1119/1560/413
f 1119/1560/441 1126/1568/441 1121/1562/441 1110/1549/441
f 1121/1562/442 1127/1569/442 1128/1570/442 1122/1563/442
f 1122/1563/410 1128/1570/410 1129/1571/410 1123/1564/410
f 1123/1564/421 1129/1571/421 1130/1572/421 1124/1565/421
f 1124/1566/443 1130/1573/443 1131/1574/443 1125/1567/443
f 1125/1567/413 1131/1574/413 1132/1575/413 1126/1568/413
f 1126/1568/432 1132/1575/432 1127/1569/432 1121/1562/432
f 1127/1576/438 1133/1577/438 1134/1578/438 1128/1579/438
f 1128/1579/410 1134/1578/410 1135/1580/410 1129/1581/410
f 1129/1581/408 1135/1580/408 1136/1582/408 1130/1583/408
f 1130/1584/444 1136/1585/444 1137/1586/444 1131/1587/444
f 1131/1587/413 1137/1586/413 1138/1588/413 1132/1589/413
f 1132/1589/412 1138/1588/412 1133/1577/412 1127/1576/412
f 1133/1577/417 1139/1590/417 1140/1591/417 1134/1578/417
f 1134/1578/410 1140/1591/410 1141/1592/410 1135/1580/410
f 1135/1580/428 1141/1592/428 1142/1593/428 1136/1582/428
f 1136/1585/419 1142/1594/419 1143/1595/419 1137/1586/419
f 1137/1586/413 1143/1595/413 1144/1596/413 1138/1588/413
f 1138/1588/418 1144/1596/418 1139/1590/418 1133/1577/418
f 1139/1590/421 1109/1548/421 1112/1551/421 1140/1591/421
f 1140/1591/410 1112/1551/410 1114/1553/410 1141/1592/410
f 1141/1592/442 1114/1553/442 1116/1555/442 1142/1593/442
f 1142/1594/432 1116/1556/432 1118/1559/432 1143/1595/432
f 1143/1595/413 1118/1559/413 1120/1561/413 1144/1596/413
f 1144/1596/443 1120/1561/443 1109/1548/443 1139/1590/443
f 1145/1597/394 1146/1598/394 1147/1599/394 1148/1600/394
f 1148/1600/1 1147/1599/1 1149/1601/1 1150/1602/1
f 1150/1602/395 1149/1601/395 1151/1603/395 1152/1604/395
f 1152/1605/396 1151/1606/396 1153/1607/396 1154/1608/396
f 1154/1608/2 1153/1607/2 1155/1609/2 1156/1610/2
f 1156/1610/397 1155/1609/397 1146/1598/397 1145/1597/397
f 1146/1598/398 1157/1611/398 1158/1612/398 1147/1599/398
f 1147/1599/1 1158/1612/1 1159/1613/1 1149/1601/1
f 1149/1601/406 1159/1613/406 1160/1614/406 1151/1603/406
f 1151/1606/407 1160/1615/407 1161/1616/407 1153/1607/407
f 1153/1607/2 1161/1616/2 1162/1617/2 1155/1609/2
f 1155/1609/401 1162/1617/401 1157/1611/401 1146/1598/401
f 1157/1611/402 1163/1618/402 1164/1619/402 1158/1612/402
f 1158/1612/1 1164/1619/1 1165/1620/1 1159/1613/1
f 1159/1613/403 1165/1620/403 1166/1621/403 1160/1614/403
f 1160/1615/404 1166/1622/404 1167/1623/404 1161/1616/404
f 1161/1616/2 1167/1623/2 1168/1624/2 1162/1617/2
f 1162/1617/405 1168/1624/405 1163/1618/405 1157/1611/405
f 1163/1625/395 1169/1626/395 1170/1627/395 1164/1628/395
f 1164/1628/1 1170/1627/1 1171/1629/1 1165/1630/1
f 1165/1630/394 1171/1629/394 1172/1631/394 1166/1632/394
f 1166/1633/397 1172/1634/397 1173/1635/397 1167/1636/397
f 1167/1636/2 1173/1635/2 1174/1637/2 1168/1638/2
f 1168/1638/396 1174/1637/396 1169/1626/396 1163/1625/396
f 1169/1626/399 1175/1639/399 1176/1640/399 1170/1627/399
f 1170/1627/1 1176/1640/1 1177/1641/1 1171/1629/1
f 1171/1629/398 1177/1641/398 1178/1642/398 1172/1631/398
f 1172/1634/401 1178/1643/401 1179/1644/401 1173/1635/401
f 1173/1635/2 1179/1644/2 1180/1645/2 1174/1637/2
f 1174/1637/400 1180/1645/400 1175/1639/400 1169/1626/400
f 1175/1639/403 1145/1597/403 1148/1600/403 1176/1640/403
f 1176/1640/1 1148/1600/1 1150/1602/1 1177/1641/1
f 1177/1641/445 1150/1602/445 1152/1604/445 1178/1642/445
f 1178/1643/446 1152/1605/446 1154/1608/446 1179/1644/446
f 1179/1644/2 1154/1608/2 1156/1610/2 1180/1645/2
f 1180/1645/404 1156/1610/404 1145/1597/404 1175/1639/404
f 1181/1646/447 1182/1647/447 1183/1648/447 1184/1649/447
f 1184/1649/448 1183/1648/448 1185/1650/448 1186/1651/448
f 1186/1651/449 1185/1650/449 1187/1652/449 1188/1653/449
f 1188/1654/450 1187/1655/450 1189/1656/450 1190/1657/450
f 1190/1657/451 1189/1656/451 1191/1658/451 1192/1659/451
f 1192/1659/452 1191/1658/452 1182/1647/452 1181/1646/452
f 1182/1647/453 1193/1660/453 1194/1661/453 1183/1648/453
f 1183/1648/448 1194/1661/448 1195/1662/448 1185/1650/448
f 1185/1650/454 1195/1662/454 1196/1663/454 1187/1652/454
f 1187/1655/455 1196/1664/455 1197/1665/455 1189/1656/455
f 1189/1656/451 1197/1665/456 1198/1666/451 1191/1658/451
f 1191/1658/457 1198/1666/457 1193/1660/457 1182/1647/457
f 1193/1660/458 1199/1667/458 1200/1668/458 1194/1661/458
f 1194/1661/448 1200/1668/448 1201/1669/448 1195/1662/448
f 1195/1662/459 1201/1669/459 1202/1670/459 1196/1663/459
f 1196/1664/460 1202/1671/460 1203/1672/460 1197/1665/460
f 1197/1665/456 1203/1672/456 1204/1673/456 1198/1666/451
f 1198/1666/461 1204/1673/461 1199/1667/461 1193/1660/461
f 1199/1674/449 1205/1675/449 1206/1676/449 1200/1677/449
f 1200/1677/448 1206/1676/448 1207/1678/448 1201/1679/448
f 1201/1679/447 1207/1678/447 1208/1680/447 1202/1681/447
f 1202/1682/462 1208/1683/462 1209/1684/462 1203/1685/462
f 1203/1685/456 1209/1684/451 1210/1686/451 1204/1687/456
f 1204/1687/450 1210/1686/450 1205/1675/450 1199/1674/450
f 1205/1675/454 1211/1688/454 1212/1689/454 1206/1676/454
f 1206/1676/448 1212/1689/448 1213/1690/448 1207/1678/448
f 1207/1678/453 1213/1690/453 1214/1691/453 1208/1680/453
f 1208/1683/457 1214/1692/457 1215/1693/457 1209/1684/457
f 1209/1684/451 1215/1693/451 1216/1694/451 1210/1686/451
f 1210/1686/455 1216/1694/455 1211/1688/455 1205/1675/455
f 1211/1688/463 1181/1646/463 1184/1649/463 1212/1689/463
f 1212/1689/448 1184/1649/448 1186/1651/448 1213/1690/448
f 1213/1690/458 1186/1651/458 1188/1653/458 1214/1691/458
f 1214/1692/461 1188/1654/461 1190/1657/461 1215/1693/461
f 1215/1693/451 1190/1657/451 1192/1659/451 1216/1694/451
f 1216/1694/460 1192/1659/460 1181/1646/460 1211/1688/460
f 1217/1695/464 1218/1696/464 1219/1697/464 1220/1698/464
f 1220/1698/465 1219/1697/466 1221/1699/466 1222/1700/465
f 1222/1700/467 1221/1699/467 1223/1701/467 1224/1702/467
f 1224/1703/468 1223/1704/468 1225/1705/468 1226/1706/468
f 1226/1706/469 1225/1705/469 1227/1707/469 1228/1708/469
f 1228/1708/470 1227/1707/470 1218/1696/470 1217/1695/470
f 1218/1696/471 1229/1709/471 1230/1710/471 1219/1697/471
f 1219/1697/466 1230/1710/466 1231/1711/466 1221/1699/466
f 1221/1699/472 1231/1711/472 1232/1712/472 1223/1701/472
f 1223/1704/473 1232/1713/473 1233/1714/473 1225/1705/473
f 1225/1705/469 1233/1714/469 1234/1715/469 1227/1707/469
f 1227/1707/474 1234/1715/474 1229/1709/474 1218/1696/474
f 1229/1709/475 1235/1716/475 1236/1717/475 1230/1710/475
f 1230/1710/466 1236/1717/466 1237/1718/466 1231/1711/466
f 1231/1711/476 1237/1718/476 1238/1719/476 1232/1712/476
f 1232/1713/477 1238/1720/477 1239/1721/477 1233/1714/477
f 1233/1714/469 1239/1721/469 1240/1722/469 1234/1715/469
f 1234/1715/478 1240/1722/478 1235/1716/478 1229/1709/478
f 1235/1723/467 1241/1724/467 1242/1725/467 1236/1726/467
f 1236/1726/466 1242/1725/466 1243/1727/466 1237/1728/466
f 1237/1728/479 1243/1727/479 1244/1729/479 1238/1730/479
f 1238/1731/480 1244/1732/480 1245/1733/480 1239/1734/480
f 1239/1734/469 1245/1733/469 1246/1735/469 1240/1736/469
f 1240/1736/481 1246/1735/481 1241/1724/481 1235/1723/481
f 1241/1724/482 1247/1737/482 1248/1738/482 1242/1725/482
f 1242/1725/466 1248/1738/466 1249/1739/466 1243/1727/466
f 1243/1727/483 1249/1739/483 1250/1740/483 1244/1729/483
f 1244/1732/484 1250/1741/484 1251/1742/484 1245/1733/484
f 1245/1733/469 1251/1742/469 1252/1743/469 1246/1735/469
f 1246/1735/485 1252/1743/485 1247/1737/485 1241/1724/485
f 1247/1737/476 1217/1695/476 1220/1698/476 1248/1738/476
f 1248/1738/466 1220/1698/465 1222/1700/465 1249/1739/466
f 1249/1739/486 1222/1700/486 1224/1702/486 1250/1740/486
f 1250/1741/478 1224/1703/478 1226/1706/478 1251/1742/478
f 1251/1742/469 1226/1706/469 1228/1708/469 1252/1743/469
f 1252/1743/487 1228/1708/487 1217/1695/487 1247/1737/487
