# Blender v3.6.3 OBJ File: ''
# www.blender.org
mtllib relay.mtl
o Plane.001_Plane.002_Plane.001_Plane.001
v -1.978932 1.778876 3.039523
v 3.089991 1.771510 0.509232
v 3.091811 1.756175 0.494406
v -1.961992 1.726788 3.025477
v -1.966422 1.731196 -2.037036
v -1.974502 1.697344 -2.020689
v -1.975160 -1.513802 3.047724
v -1.965764 -1.490288 3.017276
v 3.081161 -1.512024 0.509184
v 3.100641 -1.492067 0.494454
v -1.966445 -1.486526 -2.015992
v -1.974480 -1.517563 -2.041732
v -2.126068 1.663630 3.069887
v -2.111416 1.614916 3.046585
v 3.089655 1.537940 0.378179
v 3.146298 1.477020 0.503559
v -2.133418 1.749032 -2.031389
v -2.093954 1.880832 -2.099519
v -2.108632 -1.363147 2.979870
v -2.115153 -1.424489 2.981605
v 3.016510 -1.227581 0.471053
v 3.059545 -1.201394 0.521826
v -2.111219 -1.350752 -2.047855
v -2.116262 -1.369230 -2.016146
v -1.978932 5.089929 3.039522
v 3.089991 5.082562 0.509232
v 3.091811 5.067228 0.494406
v -1.961992 5.037840 3.025476
v -1.966422 5.042249 -2.037036
v -1.974502 5.008397 -2.020689
v -1.965764 1.820764 3.017276
v 3.100641 1.818986 0.494454
v -1.966445 1.824527 -2.015993
v -1.974480 1.793489 -2.041732
v -2.126068 4.974682 3.069886
v -2.111416 4.925969 3.046585
v 3.089655 4.848992 0.378178
v 3.146298 4.788073 0.503558
v -2.133418 5.060084 -2.031389
v -2.093954 5.191885 -2.099519
v -2.108632 1.947906 2.979870
v -2.115153 1.886563 2.981604
v 3.016510 2.083471 0.471053
v 3.059545 2.109659 0.521826
v -2.111219 1.960301 -2.047855
v -2.116262 1.941823 -2.016146
v -1.978932 8.400981 3.039522
v 3.089991 8.393615 0.509231
v 3.091811 8.378281 0.494404
v -1.961992 8.348893 3.025476
v -1.966422 8.353302 -2.037037
v -1.974502 8.319449 -2.020690
v -1.965764 5.131816 3.017276
v 3.100641 5.130038 0.494453
v -1.966445 5.135580 -2.015994
v -1.974480 5.104542 -2.041733
v -2.126068 8.285735 3.069885
v -2.111416 8.237021 3.046583
v 3.089655 8.160045 0.378177
v 3.146298 8.099125 0.503557
v -2.133418 8.371137 -2.031390
v -2.093954 8.502937 -2.099520
v -2.108632 5.258958 2.979870
v -2.115153 5.197616 2.981604
v 3.016510 5.394524 0.471052
v 3.059545 5.420712 0.521825
v -2.111219 5.271354 -2.047857
v -2.116262 5.252875 -2.016146
v -1.978932 11.712034 3.039522
v 3.089991 11.704667 0.509231
v 3.091811 11.689333 0.494404
v -1.961992 11.659945 3.025476
v -1.966422 11.664354 -2.037037
v -1.974502 11.630502 -2.020690
v -1.965764 8.442869 3.017275
v 3.100641 8.441091 0.494452
v -1.966445 8.446632 -2.015994
v -1.974480 8.415594 -2.041734
v -2.126068 11.596787 3.069885
v -2.111416 11.548074 3.046583
v 3.089655 11.471097 0.378177
v 3.146298 11.410177 0.503557
v -2.133418 11.682190 -2.031391
v -2.093954 11.813990 -2.099520
v -2.108632 8.570010 2.979868
v -2.115153 8.508668 2.981603
v 3.016510 8.705576 0.471051
v 3.059545 8.731764 0.521824
v -2.111219 8.582406 -2.047857
v -2.116262 8.563928 -2.016148
v -1.978932 15.023087 3.039521
v 3.089991 15.015719 0.509230
v 3.091811 15.000384 0.494404
v -1.961992 14.970998 3.025475
v -1.966422 14.975406 -2.037038
v -1.974502 14.941554 -2.020690
v -1.965764 11.753922 3.017274
v 3.100641 11.752143 0.494452
v -1.966445 11.757685 -2.015994
v -1.974480 11.726646 -2.041734
v -2.126068 14.907841 3.069885
v -2.111416 14.859125 3.046583
v 3.089655 14.782149 0.378177
v 3.146298 14.721230 0.503557
v -2.133418 14.993243 -2.031391
v -2.093954 15.125042 -2.099521
v -2.108632 11.881063 2.979868
v -2.115153 11.819720 2.981603
v 3.016510 12.016628 0.471051
v 3.059545 12.042816 0.521824
v -2.111219 11.893459 -2.047857
v -2.116262 11.874980 -2.016148
v -1.978932 18.334139 3.039521
v 3.089991 18.326773 0.509230
v 3.091811 18.311438 0.494404
v -1.961992 18.282051 3.025475
v -1.966422 18.286459 -2.037038
v -1.974502 18.252607 -2.020691
v -1.965764 15.064975 3.017274
v 3.100641 15.063195 0.494452
v -1.966445 15.068736 -2.015995
v -1.974480 15.037700 -2.041734
v -2.126068 18.218893 3.069885
v -2.111416 18.170177 3.046582
v 3.089655 18.093203 0.378176
v 3.146298 18.032282 0.503556
v -2.133418 18.304295 -2.031391
v -2.093954 18.436094 -2.099521
v -2.108632 15.192116 2.979868
v -2.115153 15.130772 2.981602
v 3.016510 15.327682 0.471051
v 3.059545 15.353868 0.521824
v -2.111219 15.204512 -2.047857
v -2.116262 15.186033 -2.016148
v -1.978932 21.645191 3.039520
v 3.089991 21.637825 0.509229
v 3.091811 21.622490 0.494402
v -1.961992 21.593103 3.025474
v -1.966422 21.597511 -2.037039
v -1.974502 21.563660 -2.020692
v -1.965764 18.376028 3.017274
v 3.100641 18.374249 0.494452
v -1.966445 18.379789 -2.015996
v -1.974480 18.348753 -2.041734
v -2.126068 21.529945 3.069883
v -2.111416 21.481230 3.046581
v 3.089655 21.404255 0.378175
v 3.146298 21.343334 0.503555
v -2.133418 21.615349 -2.031392
v -2.093954 21.747147 -2.099522
v -2.108632 18.503168 2.979867
v -2.115153 18.441824 2.981601
v 3.016510 18.638735 0.471050
v 3.059545 18.664921 0.521823
v -2.111219 18.515564 -2.047858
v -2.116262 18.497086 -2.016148
v -1.978932 24.956244 3.039520
v 3.089991 24.948877 0.509229
v 3.091811 24.933542 0.494402
v -1.961992 24.904156 3.025474
v -1.966422 24.908564 -2.037039
v -1.974502 24.874712 -2.020692
v -1.965764 21.687080 3.017273
v 3.100641 21.685301 0.494450
v -1.966445 21.690842 -2.015996
v -1.974480 21.659805 -2.041736
v -2.126068 24.840998 3.069883
v -2.111416 24.792284 3.046581
v 3.089655 24.715307 0.378175
v 3.146298 24.654387 0.503555
v -2.133418 24.926401 -2.031393
v -2.093954 25.058199 -2.099522
v -2.108632 21.814220 2.979866
v -2.115153 21.752878 2.981601
v 3.016510 21.949787 0.471049
v 3.059545 21.975973 0.521822
v -2.111219 21.826616 -2.047859
v -2.116262 21.808138 -2.016150
v -1.978932 28.267296 3.039519
v 3.089991 28.259930 0.509228
v 3.091811 28.244596 0.494402
v -1.961992 28.215206 3.025474
v -1.966422 28.219618 -2.037040
v -1.974502 28.185766 -2.020692
v -1.965764 24.998133 3.017272
v 3.100641 24.996353 0.494450
v -1.966445 25.001894 -2.015996
v -1.974480 24.970858 -2.041736
v -2.126068 28.152050 3.069883
v -2.111416 28.103336 3.046581
v 3.089655 28.026360 0.378175
v 3.146298 27.965439 0.503555
v -2.133418 28.237453 -2.031393
v -2.093954 28.369251 -2.099523
v -2.108632 25.125273 2.979866
v -2.115153 25.063931 2.981601
v 3.016510 25.260839 0.471049
v 3.059545 25.287027 0.521822
v -2.111219 25.137669 -2.047859
v -2.116262 25.119190 -2.016150
v -1.978932 31.578348 3.039519
v 3.089991 31.570982 0.509228
v 3.091811 31.555651 0.494402
v -1.961992 31.526258 3.025473
v -1.966422 31.530668 -2.037040
v -1.974502 31.496817 -2.020693
v -1.965764 28.309185 3.017272
v 3.100641 28.307405 0.494450
v -1.966445 28.312946 -2.015997
v -1.974480 28.281910 -2.041736
v -2.126068 31.463102 3.069883
v -2.111416 31.414389 3.046581
v 3.089655 31.337412 0.378174
v 3.146298 31.276491 0.503554
v -2.133418 31.548506 -2.031393
v -2.093954 31.680304 -2.099523
v -2.108632 28.436325 2.979866
v -2.115153 28.374983 2.981600
v 3.016510 28.571892 0.471049
v 3.059545 28.598082 0.521822
v -2.111219 28.448719 -2.047859
v -2.116262 28.430241 -2.016150
v -1.978932 34.889404 3.039518
v 3.089991 34.882034 0.509227
v 3.091811 34.866699 0.494400
v -1.961992 34.837311 3.025472
v -1.966422 34.841721 -2.037041
v -1.974502 34.807869 -2.020694
v -1.965764 31.620237 3.017272
v 3.100641 31.618460 0.494449
v -1.966445 31.623999 -2.015997
v -1.974480 31.592962 -2.041736
v -2.126068 34.774155 3.069882
v -2.111416 34.725441 3.046579
v 3.089655 34.648468 0.378173
v 3.146298 34.587547 0.503553
v -2.133418 34.859558 -2.031394
v -2.093954 34.991356 -2.099524
v -2.108632 31.747377 2.979866
v -2.115153 31.686033 2.981600
v 3.016510 31.882944 0.471048
v 3.059545 31.909132 0.521821
v -2.111219 31.759771 -2.047860
v -2.116262 31.741293 -2.016150
v -1.978932 38.200455 3.039518
v 3.089991 38.193085 0.509227
v 3.091811 38.177757 0.494400
v -1.961992 38.148361 3.025472
v -1.966422 38.152779 -2.037041
v -1.974502 38.118927 -2.020694
v -1.965764 34.931290 3.017271
v 3.100641 34.929512 0.494448
v -1.966445 34.935051 -2.015998
v -1.974480 34.904015 -2.041737
v -2.126068 38.085205 3.069881
v -2.111416 38.036491 3.046579
v 3.089655 37.959518 0.378173
v 3.146298 37.898598 0.503553
v -2.133418 38.170609 -2.031395
v -2.093954 38.302406 -2.099524
v -2.108632 35.058434 2.979864
v -2.115153 34.997086 2.981599
v 3.016510 35.194000 0.471047
v 3.059545 35.220184 0.521820
v -2.111219 35.070824 -2.047861
v -2.116262 35.052345 -2.016152
v 0.561869 27.142530 2.026222
v 0.561869 29.746614 2.026222
v 0.363277 29.746614 1.956245
v 0.363277 27.142530 1.956245
v 1.248013 29.746614 1.508054
v 1.248013 27.142530 1.508054
v 1.186952 29.746614 1.709567
v 1.186952 27.142530 1.709567
v 0.730271 27.886942 1.802692
v 0.730271 28.878725 1.802692
v 0.655670 28.878725 1.655428
v 0.655670 27.886942 1.655428
v 0.832508 28.878725 1.565846
v 0.832508 27.886942 1.565846
v 0.907108 28.878725 1.713109
v 0.907108 27.886942 1.713109
v -1.261692 22.479382 2.843398
v -1.330210 22.479382 2.706666
v -0.936324 22.296888 2.509284
v -0.867805 22.296888 2.646015
v -0.773170 21.856312 2.427525
v -0.704652 21.856312 2.564257
v -0.936324 21.415737 2.509284
v -0.867805 21.415737 2.646015
v -1.330210 21.233246 2.706666
v -1.261692 21.233246 2.843398
v -1.724097 21.415737 2.904049
v -1.655579 21.415737 3.040780
v -1.887250 21.856312 2.985808
v -1.818732 21.856312 3.122539
v -1.724097 22.296888 2.904049
v -1.655579 22.296888 3.040780
v -1.764804 21.856312 3.095515
v -1.617446 22.254236 3.021672
v -1.633957 22.254236 2.988723
v -1.781315 21.856312 3.062567
v -0.905938 22.254236 2.665124
v -1.261692 22.419060 2.843398
v -0.758580 21.856312 2.591281
v -0.905938 21.458389 2.665124
v -1.261692 21.293564 2.843398
v -1.617446 21.458389 3.021672
v -1.278203 22.419060 2.810449
v -0.922449 22.254236 2.632175
v -0.775091 21.856312 2.558332
v -0.922449 21.458389 2.632175
v -1.278203 21.293564 2.810449
v -1.633957 21.458389 2.988723
v -1.302574 21.568369 2.761816
v -1.088865 21.568369 3.188283
v -1.027748 21.535448 3.157656
v -1.241457 21.535448 2.731189
v -1.012653 21.461475 3.150092
v -1.226363 21.461475 2.723625
v -1.054947 21.402153 3.171286
v -1.268657 21.402153 2.744820
v -1.122782 21.402153 3.205279
v -1.336491 21.402153 2.778812
v -1.165076 21.461475 3.226474
v -1.378785 21.461475 2.800007
v -1.149981 21.535448 3.218909
v -1.091839 21.461475 3.372622
v -1.076744 21.535448 3.365058
v -1.363691 21.535448 2.792442
v -0.954511 21.535448 3.303805
v -1.015627 21.568369 3.334432
v -1.049545 21.402153 3.351428
v -0.981710 21.402153 3.317435
v -0.939416 21.461475 3.296241
v -1.149981 21.698336 3.218909
v -1.088865 21.731256 3.188283
v -1.027748 21.698336 3.157656
v -0.954511 21.698336 3.303805
v -1.076744 21.698336 3.365058
v -1.015627 21.731256 3.334432
v -1.183867 21.592239 3.200697
v -1.022054 21.592239 3.119610
v -1.034916 21.603718 3.093944
v -1.196729 21.603718 3.175032
v -0.979863 21.827797 3.203805
v -1.141676 21.827797 3.284892
v -1.154538 21.839275 3.259226
v -0.992725 21.839275 3.178139
v -1.210742 21.623615 3.228195
v -1.179790 21.796423 3.289961
v -0.952988 21.796423 3.176307
v -0.983940 21.623615 3.114541
v -1.223604 21.635092 3.202529
v -0.996802 21.635092 3.088875
v -0.965850 21.807899 3.150641
v -1.192652 21.807899 3.264295
v 0.696313 35.562157 -0.910499
v 0.629152 35.562157 -0.773096
v 0.233330 35.379665 -0.966569
v 0.300491 35.379665 -1.103973
v 0.069375 34.939087 -1.046708
v 0.136537 34.939087 -1.184111
v 0.233330 34.498512 -0.966569
v 0.300491 34.498512 -1.103973
v 0.629152 34.316021 -0.773096
v 0.696313 34.316021 -0.910499
v 1.024974 34.498512 -0.579623
v 1.092135 34.498512 -0.717026
v 1.188929 34.939087 -0.499484
v 1.256090 34.939087 -0.636887
v 1.024974 35.379665 -0.579623
v 1.092135 35.379665 -0.717026
v 1.201897 34.939087 -0.663376
v 1.053815 35.337013 -0.735757
v 1.037631 35.337013 -0.702646
v 1.185713 34.939087 -0.630265
v 0.338811 35.337013 -1.085242
v 0.696313 35.501839 -0.910499
v 0.190729 34.939087 -1.157623
v 0.338811 34.541168 -1.085242
v 0.696313 34.376343 -0.910499
v 1.053815 34.541168 -0.735757
v 0.680129 35.501839 -0.877389
v 0.322627 35.337013 -1.052132
v 0.174545 34.939087 -1.124512
v 0.322628 34.541168 -1.052132
v 0.680129 34.376343 -0.877389
v 1.037631 34.541168 -0.702646
v 0.656241 34.651146 -0.828516
v 0.865717 34.651146 -1.257079
v 0.804300 34.618225 -1.287099
v 0.594824 34.618225 -0.858537
v 0.789131 34.544250 -1.294513
v 0.579655 34.544250 -0.865951
v 0.831633 34.484928 -1.273738
v 0.622157 34.484928 -0.845177
v 0.899801 34.484928 -1.240419
v 0.690325 34.484928 -0.811857
v 0.942302 34.544250 -1.219645
v 0.732827 34.544250 -0.791082
v 0.927134 34.618225 -1.227058
v 1.014089 34.544250 -1.366511
v 0.998921 34.618225 -1.373926
v 0.717658 34.618225 -0.798497
v 0.876087 34.618225 -1.433966
v 0.937504 34.651146 -1.403946
v 0.971588 34.484928 -1.387286
v 0.903420 34.484928 -1.420605
v 0.860918 34.544250 -1.441380
v 0.927134 34.781113 -1.227058
v 0.865717 34.814034 -1.257079
v 0.804300 34.781113 -1.287099
v 0.876087 34.781113 -1.433966
v 0.998921 34.781113 -1.373926
v 0.937504 34.814034 -1.403946
v 0.933205 34.675014 -1.189071
v 0.770596 34.675014 -1.268552
v 0.757990 34.686493 -1.242760
v 0.920598 34.686493 -1.163279
v 0.811952 34.910576 -1.353160
v 0.974560 34.910576 -1.273679
v 0.961953 34.922050 -1.247887
v 0.799345 34.922050 -1.327368
v 0.971367 34.706390 -1.184379
v 1.001706 34.879200 -1.246449
v 0.773789 34.879200 -1.357851
v 0.743451 34.706390 -1.295782
v 0.958760 34.717869 -1.158588
v 0.730844 34.717869 -1.269990
v 0.761183 34.890675 -1.332059
v 0.989099 34.890675 -1.220657
v 3.273160 28.587158 0.518298
v 3.153369 28.587158 0.423217
v 3.427275 28.404665 0.078133
v 3.547065 28.404665 0.173214
v 3.540730 27.964090 -0.064805
v 3.660521 27.964090 0.030276
v 3.427275 27.523516 0.078133
v 3.547065 27.523516 0.173214
v 3.153369 27.341022 0.423217
v 3.273160 27.341022 0.518298
v 2.879465 27.523516 0.768300
v 2.999255 27.523516 0.863382
v 2.766009 27.964090 0.911238
v 2.885800 27.964090 1.006320
v 2.879465 28.404665 0.768300
v 2.999255 28.404665 0.863382
v 2.923301 27.964090 0.959074
v 3.025772 28.362013 0.829974
v 2.996906 28.362013 0.807062
v 2.894434 27.964090 0.936162
v 3.520548 28.362013 0.206623
v 3.273160 28.526838 0.518298
v 3.623020 27.964090 0.077522
v 3.520548 27.566168 0.206623
v 3.273160 27.401342 0.518298
v 3.025772 27.566168 0.829974
v 3.244294 28.526838 0.495386
v 3.491682 28.362013 0.183710
v 3.594153 27.964090 0.054610
v 3.491682 27.566168 0.183710
v 3.244294 27.401342 0.495386
v 2.996906 27.566168 0.807062
v 3.201686 27.676146 0.461567
v 3.575314 27.676146 0.758128
v 3.617813 27.643225 0.704584
v 3.244187 27.643225 0.408023
v 3.628310 27.569252 0.691359
v 3.254683 27.569252 0.394799
v 3.598899 27.509932 0.728413
v 3.225272 27.509932 0.431852
v 3.551728 27.509932 0.787843
v 3.178101 27.509932 0.491282
v 3.522316 27.569252 0.824897
v 3.148689 27.569252 0.528336
v 3.532813 27.643225 0.811672
v 3.650358 27.569252 0.926527
v 3.660854 27.643225 0.913303
v 3.159187 27.643225 0.515111
v 3.745854 27.643225 0.806214
v 3.703354 27.676146 0.859759
v 3.679769 27.509932 0.889473
v 3.726940 27.509932 0.830044
v 3.756351 27.569252 0.792990
v 3.532813 27.806114 0.811672
v 3.575314 27.839035 0.758128
v 3.617813 27.806114 0.704584
v 3.745854 27.806114 0.806214
v 3.660854 27.806114 0.913303
v 3.703354 27.839035 0.859759
v 3.494408 27.700018 0.809449
v 3.606931 27.700018 0.667685
v 3.584445 27.711494 0.649837
v 3.471922 27.711494 0.791602
v 3.680694 27.935575 0.726233
v 3.568170 27.935575 0.867998
v 3.545685 27.947052 0.850150
v 3.658208 27.947052 0.708385
v 3.481636 27.731392 0.845716
v 3.535749 27.904200 0.888667
v 3.693466 27.904200 0.689967
v 3.639352 27.731392 0.647015
v 3.459150 27.742870 0.827868
v 3.616867 27.742870 0.629167
v 3.670979 27.915678 0.672119
v 3.513264 27.915678 0.870819
v -2.349209 33.498158 -0.053727
v -2.349209 36.102242 -0.053727
v -2.201859 36.102242 -0.204139
v -2.201859 33.498158 -0.204139
v -2.169567 36.102242 0.787118
v -2.169567 33.498158 0.787118
v -2.326393 36.102242 0.646615
v -2.326393 33.498158 0.646616
v -2.217791 34.242569 0.193365
v -2.217791 35.234352 0.193365
v -2.052798 35.234352 0.187990
v -2.052798 34.242569 0.187990
v -2.046343 35.234352 0.386118
v -2.046343 34.242569 0.386118
v -2.211337 35.234352 0.391494
v -2.211337 34.242569 0.391494
v 0.670115 -0.542632 1.879330
v 0.670115 0.409964 1.879330
v 0.621405 0.409964 1.783445
v 0.621405 -0.542632 1.783445
v 1.282452 -0.542632 1.447628
v 1.282452 0.409964 1.447628
v 1.346604 0.409964 1.415037
v 1.346604 -0.542632 1.415037
v 1.395315 0.409964 1.510923
v 1.395315 -0.542632 1.510923
v 1.331162 -0.542632 1.543513
v 1.331162 0.409964 1.543513
v 0.922248 0.409964 2.147949
v 0.922248 -0.542632 2.147949
v 0.891808 0.409964 2.082750
v 0.891808 -0.542632 2.082750
vt 0.998999 0.609686
vt 0.998999 0.489551
vt 0.993367 0.489551
vt 0.993367 0.609686
vt 0.550619 0.991365
vt 0.670755 0.991365
vt 0.670755 0.985734
vt 0.550619 0.985734
vt 0.991365 0.487549
vt 0.991365 0.367413
vt 0.985734 0.367413
vt 0.985734 0.487549
vt 0.367413 0.991365
vt 0.487549 0.991365
vt 0.487549 0.985734
vt 0.367413 0.985734
vt 0.998999 0.365411
vt 0.998999 0.245276
vt 0.993367 0.245276
vt 0.993367 0.365411
vt 0.245276 0.991365
vt 0.245276 0.985734
vt 0.365411 0.985734
vt 0.365411 0.991365
vt 0.998999 0.121136
vt 0.998999 0.001001
vt 0.993367 0.001001
vt 0.993367 0.121136
vt 0.123138 0.991365
vt 0.243274 0.991365
vt 0.243274 0.985734
vt 0.123138 0.985734
vt 0.991365 0.976098
vt 0.991365 0.855963
vt 0.985734 0.855963
vt 0.985734 0.976098
vt 0.855963 0.983732
vt 0.855963 0.978100
vt 0.976098 0.978100
vt 0.976098 0.983732
vt 0.991365 0.853961
vt 0.991365 0.733825
vt 0.985734 0.733825
vt 0.985734 0.853961
vt 0.733825 0.983732
vt 0.853961 0.983732
vt 0.853961 0.978100
vt 0.733825 0.978100
vt 0.991365 0.611688
vt 0.985734 0.611688
vt 0.985734 0.731823
vt 0.991365 0.731823
vt 0.731823 0.670755
vt 0.731823 0.657490
vt 0.611688 0.657490
vt 0.611688 0.670755
vt 0.991365 0.489551
vt 0.985734 0.489551
vt 0.985734 0.609686
vt 0.991365 0.609686
vt 0.731823 0.983732
vt 0.731823 0.978100
vt 0.611688 0.978100
vt 0.611688 0.983732
vt 0.991365 0.245276
vt 0.985734 0.245276
vt 0.985734 0.365411
vt 0.991365 0.365411
vt 0.609686 0.983732
vt 0.489551 0.983732
vt 0.489551 0.978100
vt 0.609686 0.978100
vt 0.991365 0.123138
vt 0.985734 0.123138
vt 0.985734 0.243274
vt 0.991365 0.243274
vt 0.487549 0.983732
vt 0.487549 0.978100
vt 0.367413 0.978100
vt 0.367413 0.983732
vt 0.991365 0.001001
vt 0.985734 0.001001
vt 0.985734 0.121136
vt 0.991365 0.121136
vt 0.365411 0.983732
vt 0.245276 0.983732
vt 0.245276 0.978100
vt 0.365411 0.978100
vt 0.983732 0.855963
vt 0.978100 0.855963
vt 0.978100 0.976098
vt 0.983732 0.976098
vt 0.243274 0.983732
vt 0.243274 0.978100
vt 0.123138 0.978100
vt 0.123138 0.983732
vt 0.518083 0.487549
vt 0.518083 0.367413
vt 0.504818 0.367413
vt 0.504818 0.487549
vt 0.001001 0.518083
vt 0.121136 0.518083
vt 0.121136 0.504818
vt 0.001001 0.504818
vt 0.472281 0.365411
vt 0.472281 0.245276
vt 0.459016 0.245276
vt 0.459016 0.365411
vt 0.062070 0.380678
vt 0.182205 0.380678
vt 0.182205 0.367413
vt 0.062070 0.367413
vt 0.472281 0.243274
vt 0.472281 0.123138
vt 0.459016 0.123138
vt 0.459016 0.243274
vt 0.184207 0.380678
vt 0.184207 0.367413
vt 0.304343 0.367413
vt 0.304343 0.380678
vt 0.487549 0.121136
vt 0.459016 0.121136
vt 0.459016 0.001001
vt 0.487549 0.001001
vt 0.062070 0.395946
vt 0.182205 0.395946
vt 0.182205 0.382680
vt 0.062070 0.382680
vt 0.487549 0.243274
vt 0.487549 0.123138
vt 0.474283 0.123138
vt 0.474283 0.243274
vt 0.184207 0.395946
vt 0.304343 0.395946
vt 0.304343 0.382680
vt 0.184207 0.382680
vt 0.319610 0.487549
vt 0.319610 0.367413
vt 0.306345 0.367413
vt 0.306345 0.487549
vt 0.062070 0.411213
vt 0.182205 0.411213
vt 0.182205 0.397948
vt 0.062070 0.397948
vt 0.487549 0.365411
vt 0.487549 0.245276
vt 0.474283 0.245276
vt 0.474283 0.365411
vt 0.184207 0.411213
vt 0.304343 0.411213
vt 0.304343 0.397948
vt 0.184207 0.397948
vt 0.334877 0.487549
vt 0.334877 0.367413
vt 0.321612 0.367413
vt 0.321612 0.487549
vt 0.062070 0.426480
vt 0.182205 0.426480
vt 0.182205 0.413215
vt 0.062070 0.413215
vt 0.350144 0.487549
vt 0.336879 0.487549
vt 0.336879 0.367413
vt 0.350144 0.367413
vt 0.184207 0.426480
vt 0.304343 0.426480
vt 0.304343 0.413215
vt 0.184207 0.413215
vt 0.365411 0.487549
vt 0.365411 0.367413
vt 0.352146 0.367413
vt 0.352146 0.487549
vt 0.001001 0.441747
vt 0.121136 0.441747
vt 0.121136 0.428482
vt 0.001001 0.428482
vt 0.380678 0.487549
vt 0.380678 0.367413
vt 0.367413 0.367413
vt 0.367413 0.487549
vt 0.123138 0.441747
vt 0.123138 0.428482
vt 0.243274 0.428482
vt 0.243274 0.441747
vt 0.395946 0.487549
vt 0.395946 0.367413
vt 0.382680 0.367413
vt 0.382680 0.487549
vt 0.001001 0.457014
vt 0.121136 0.457014
vt 0.121136 0.443749
vt 0.001001 0.443749
vt 0.983732 0.853961
vt 0.983732 0.733825
vt 0.978100 0.733825
vt 0.978100 0.853961
vt 0.001001 0.983732
vt 0.001001 0.978100
vt 0.121136 0.978100
vt 0.121136 0.983732
vt 0.983732 0.731823
vt 0.983732 0.611688
vt 0.978100 0.611688
vt 0.978100 0.731823
vt 0.855963 0.976098
vt 0.976098 0.976098
vt 0.976098 0.970467
vt 0.855963 0.970467
vt 0.983732 0.609686
vt 0.983732 0.489551
vt 0.978100 0.489551
vt 0.978100 0.609686
vt 0.855963 0.968465
vt 0.976098 0.968465
vt 0.976098 0.962833
vt 0.855963 0.962833
vt 0.983732 0.487549
vt 0.978100 0.487549
vt 0.978100 0.367413
vt 0.983732 0.367413
vt 0.855963 0.960831
vt 0.976098 0.960831
vt 0.976098 0.955199
vt 0.855963 0.955199
vt 0.983732 0.365411
vt 0.983732 0.245276
vt 0.978100 0.245276
vt 0.978100 0.365411
vt 0.855963 0.953197
vt 0.976098 0.953197
vt 0.976098 0.947566
vt 0.855963 0.947566
vt 0.983732 0.243274
vt 0.983732 0.123138
vt 0.978100 0.123138
vt 0.978100 0.243274
vt 0.855963 0.945564
vt 0.976098 0.945564
vt 0.976098 0.939932
vt 0.855963 0.939932
vt 0.983732 0.001001
vt 0.978100 0.001001
vt 0.978100 0.121136
vt 0.983732 0.121136
vt 0.365411 0.502816
vt 0.245276 0.502816
vt 0.245276 0.489551
vt 0.365411 0.489551
vt 0.976098 0.733825
vt 0.970467 0.733825
vt 0.970467 0.853961
vt 0.976098 0.853961
vt 0.976098 0.937930
vt 0.976098 0.932299
vt 0.855963 0.932299
vt 0.855963 0.937930
vt 0.976098 0.611688
vt 0.970467 0.611688
vt 0.970467 0.731823
vt 0.976098 0.731823
vt 0.976098 0.930297
vt 0.976098 0.924665
vt 0.855963 0.924665
vt 0.855963 0.930297
vt 0.976098 0.489551
vt 0.976098 0.609686
vt 0.970467 0.609686
vt 0.970467 0.489551
vt 0.976098 0.922663
vt 0.976098 0.917032
vt 0.855963 0.917032
vt 0.855963 0.922663
vt 0.976098 0.367413
vt 0.970467 0.367413
vt 0.970467 0.487549
vt 0.976098 0.487549
vt 0.976098 0.915030
vt 0.976098 0.909398
vt 0.855963 0.909398
vt 0.855963 0.915030
vt 0.976098 0.245276
vt 0.970467 0.245276
vt 0.970467 0.365411
vt 0.976098 0.365411
vt 0.976098 0.869228
vt 0.976098 0.863596
vt 0.855963 0.863596
vt 0.855963 0.869228
vt 0.518083 0.121136
vt 0.518083 0.001001
vt 0.504818 0.001001
vt 0.504818 0.121136
vt 0.123138 0.533350
vt 0.243274 0.533350
vt 0.243274 0.520085
vt 0.123138 0.520085
vt 0.518083 0.243274
vt 0.504818 0.243274
vt 0.504818 0.123138
vt 0.518083 0.123138
vt 0.245276 0.533350
vt 0.245276 0.520085
vt 0.365411 0.520085
vt 0.365411 0.533350
vt 0.518083 0.365411
vt 0.518083 0.245276
vt 0.504818 0.245276
vt 0.504818 0.365411
vt 0.367413 0.533350
vt 0.487549 0.533350
vt 0.487549 0.520085
vt 0.367413 0.520085
vt 0.457014 0.243274
vt 0.457014 0.123138
vt 0.428482 0.123138
vt 0.428482 0.243274
vt 0.001001 0.548617
vt 0.121136 0.548617
vt 0.121136 0.535352
vt 0.001001 0.535352
vt 0.533350 0.121136
vt 0.520085 0.121136
vt 0.520085 0.001001
vt 0.533350 0.001001
vt 0.123138 0.548617
vt 0.123138 0.535352
vt 0.243274 0.535352
vt 0.243274 0.548617
vt 0.533350 0.243274
vt 0.533350 0.123138
vt 0.520085 0.123138
vt 0.520085 0.243274
vt 0.245276 0.548617
vt 0.365411 0.548617
vt 0.365411 0.535352
vt 0.245276 0.535352
vt 0.533350 0.365411
vt 0.533350 0.245276
vt 0.520085 0.245276
vt 0.520085 0.365411
vt 0.367413 0.548617
vt 0.487549 0.548617
vt 0.487549 0.535352
vt 0.367413 0.535352
vt 0.533350 0.487549
vt 0.533350 0.367413
vt 0.520085 0.367413
vt 0.520085 0.487549
vt 0.001001 0.563884
vt 0.121136 0.563884
vt 0.121136 0.550619
vt 0.001001 0.550619
vt 0.548617 0.121136
vt 0.548617 0.001001
vt 0.535352 0.001001
vt 0.535352 0.121136
vt 0.123138 0.563884
vt 0.243274 0.563884
vt 0.243274 0.550619
vt 0.123138 0.550619
vt 0.548617 0.243274
vt 0.548617 0.123138
vt 0.535352 0.123138
vt 0.535352 0.243274
vt 0.245276 0.563884
vt 0.365411 0.563884
vt 0.365411 0.550619
vt 0.245276 0.550619
vt 0.548617 0.365411
vt 0.548617 0.245276
vt 0.535352 0.245276
vt 0.535352 0.365411
vt 0.367413 0.563884
vt 0.487549 0.563884
vt 0.487549 0.550619
vt 0.367413 0.550619
vt 0.548617 0.487549
vt 0.548617 0.367413
vt 0.535352 0.367413
vt 0.535352 0.487549
vt 0.001001 0.579152
vt 0.121136 0.579152
vt 0.121136 0.565886
vt 0.001001 0.565886
vt 0.960831 0.487549
vt 0.955199 0.487549
vt 0.955199 0.367413
vt 0.960831 0.367413
vt 0.123138 0.976098
vt 0.123138 0.970467
vt 0.243274 0.970467
vt 0.243274 0.976098
vt 0.960831 0.365411
vt 0.960831 0.245276
vt 0.955199 0.245276
vt 0.955199 0.365411
vt 0.001001 0.976098
vt 0.121136 0.976098
vt 0.121136 0.970467
vt 0.001001 0.970467
vt 0.960831 0.243274
vt 0.960831 0.123138
vt 0.955199 0.123138
vt 0.955199 0.243274
vt 0.733825 0.968465
vt 0.853961 0.968465
vt 0.853961 0.962833
vt 0.733825 0.962833
vt 0.960831 0.121136
vt 0.960831 0.001001
vt 0.955199 0.001001
vt 0.955199 0.121136
vt 0.611688 0.968465
vt 0.731823 0.968465
vt 0.731823 0.962833
vt 0.611688 0.962833
vt 0.953197 0.853961
vt 0.947566 0.853961
vt 0.947566 0.733825
vt 0.953197 0.733825
vt 0.489551 0.968465
vt 0.609686 0.968465
vt 0.609686 0.962833
vt 0.489551 0.962833
vt 0.953197 0.731823
vt 0.953197 0.611688
vt 0.947566 0.611688
vt 0.947566 0.731823
vt 0.367413 0.968465
vt 0.487549 0.968465
vt 0.487549 0.962833
vt 0.367413 0.962833
vt 0.953197 0.489551
vt 0.953197 0.609686
vt 0.947566 0.609686
vt 0.947566 0.489551
vt 0.121136 0.609686
vt 0.001001 0.609686
vt 0.001001 0.596421
vt 0.121136 0.596421
vt 0.953197 0.367413
vt 0.947566 0.367413
vt 0.947566 0.487549
vt 0.953197 0.487549
vt 0.365411 0.968465
vt 0.365411 0.962833
vt 0.245276 0.962833
vt 0.245276 0.968465
vt 0.953197 0.245276
vt 0.947566 0.245276
vt 0.947566 0.365411
vt 0.953197 0.365411
vt 0.243274 0.968465
vt 0.243274 0.962833
vt 0.123138 0.962833
vt 0.123138 0.968465
vt 0.953197 0.123138
vt 0.947566 0.123138
vt 0.947566 0.243274
vt 0.953197 0.243274
vt 0.121136 0.968465
vt 0.121136 0.962833
vt 0.001001 0.962833
vt 0.001001 0.968465
vt 0.953197 0.001001
vt 0.953197 0.121136
vt 0.947566 0.121136
vt 0.947566 0.001001
vt 0.853961 0.960831
vt 0.853961 0.955199
vt 0.733825 0.955199
vt 0.733825 0.960831
vt 0.945564 0.733825
vt 0.939932 0.733825
vt 0.939932 0.853961
vt 0.945564 0.853961
vt 0.731823 0.960831
vt 0.731823 0.955199
vt 0.611688 0.955199
vt 0.611688 0.960831
vt 0.594419 0.487549
vt 0.581154 0.487549
vt 0.581154 0.367413
vt 0.594419 0.367413
vt 0.489551 0.533350
vt 0.489551 0.520085
vt 0.609686 0.520085
vt 0.609686 0.533350
vt 0.609686 0.121136
vt 0.596421 0.121136
vt 0.596421 0.001001
vt 0.609686 0.001001
vt 0.489551 0.548617
vt 0.489551 0.535352
vt 0.609686 0.535352
vt 0.609686 0.548617
vt 0.609686 0.243274
vt 0.609686 0.123138
vt 0.596421 0.123138
vt 0.596421 0.243274
vt 0.489551 0.563884
vt 0.609686 0.563884
vt 0.609686 0.550619
vt 0.489551 0.550619
vt 0.426480 0.365411
vt 0.426480 0.245276
vt 0.397948 0.245276
vt 0.397948 0.365411
vt 0.489551 0.594419
vt 0.489551 0.581154
vt 0.609686 0.581154
vt 0.609686 0.594419
vt 0.609686 0.365411
vt 0.609686 0.245276
vt 0.596421 0.245276
vt 0.596421 0.365411
vt 0.489551 0.609686
vt 0.609686 0.609686
vt 0.609686 0.596421
vt 0.489551 0.596421
vt 0.609686 0.487549
vt 0.609686 0.367413
vt 0.596421 0.367413
vt 0.596421 0.487549
vt 0.001001 0.624953
vt 0.121136 0.624953
vt 0.121136 0.611688
vt 0.001001 0.611688
vt 0.624953 0.121136
vt 0.624953 0.001001
vt 0.611688 0.001001
vt 0.611688 0.121136
vt 0.123138 0.624953
vt 0.243274 0.624953
vt 0.243274 0.611688
vt 0.123138 0.611688
vt 0.624953 0.243274
vt 0.624953 0.123138
vt 0.611688 0.123138
vt 0.611688 0.243274
vt 0.245276 0.624953
vt 0.365411 0.624953
vt 0.365411 0.611688
vt 0.245276 0.611688
vt 0.624953 0.365411
vt 0.624953 0.245276
vt 0.611688 0.245276
vt 0.611688 0.365411
vt 0.367413 0.624953
vt 0.487549 0.624953
vt 0.487549 0.611688
vt 0.367413 0.611688
vt 0.624953 0.487549
vt 0.624953 0.367413
vt 0.611688 0.367413
vt 0.611688 0.487549
vt 0.489551 0.624953
vt 0.609686 0.624953
vt 0.609686 0.611688
vt 0.489551 0.611688
vt 0.624953 0.609686
vt 0.624953 0.489551
vt 0.611688 0.489551
vt 0.611688 0.609686
vt 0.001001 0.640220
vt 0.121136 0.640220
vt 0.121136 0.626955
vt 0.001001 0.626955
vt 0.640220 0.121136
vt 0.640220 0.001001
vt 0.626955 0.001001
vt 0.626955 0.121136
vt 0.123138 0.640220
vt 0.123138 0.626955
vt 0.243274 0.626955
vt 0.243274 0.640220
vt 0.945564 0.731823
vt 0.939932 0.731823
vt 0.939932 0.611688
vt 0.945564 0.611688
vt 0.733825 0.953197
vt 0.733825 0.947566
vt 0.853961 0.947566
vt 0.853961 0.953197
vt 0.930297 0.853961
vt 0.930297 0.733825
vt 0.924665 0.733825
vt 0.924665 0.853961
vt 0.733825 0.945564
vt 0.853961 0.945564
vt 0.853961 0.939932
vt 0.733825 0.939932
vt 0.930297 0.731823
vt 0.930297 0.611688
vt 0.924665 0.611688
vt 0.924665 0.731823
vt 0.611688 0.945564
vt 0.731823 0.945564
vt 0.731823 0.939932
vt 0.611688 0.939932
vt 0.930297 0.609686
vt 0.930297 0.489551
vt 0.924665 0.489551
vt 0.924665 0.609686
vt 0.489551 0.945564
vt 0.609686 0.945564
vt 0.609686 0.939932
vt 0.489551 0.939932
vt 0.930297 0.487549
vt 0.924665 0.487549
vt 0.924665 0.367413
vt 0.930297 0.367413
vt 0.367413 0.945564
vt 0.487549 0.945564
vt 0.487549 0.939932
vt 0.367413 0.939932
vt 0.930297 0.365411
vt 0.930297 0.245276
vt 0.924665 0.245276
vt 0.924665 0.365411
vt 0.245276 0.945564
vt 0.365411 0.945564
vt 0.365411 0.939932
vt 0.245276 0.939932
vt 0.930297 0.123138
vt 0.930297 0.243274
vt 0.924665 0.243274
vt 0.924665 0.123138
vt 0.609686 0.655488
vt 0.489551 0.655488
vt 0.489551 0.642222
vt 0.609686 0.642222
vt 0.930297 0.001001
vt 0.924665 0.001001
vt 0.924665 0.121136
vt 0.930297 0.121136
vt 0.243274 0.945564
vt 0.243274 0.939932
vt 0.123138 0.939932
vt 0.123138 0.945564
vt 0.922663 0.733825
vt 0.917032 0.733825
vt 0.917032 0.853961
vt 0.922663 0.853961
vt 0.121136 0.945564
vt 0.121136 0.939932
vt 0.001001 0.939932
vt 0.001001 0.945564
vt 0.922663 0.611688
vt 0.917032 0.611688
vt 0.917032 0.731823
vt 0.922663 0.731823
vt 0.853961 0.937930
vt 0.853961 0.932299
vt 0.733825 0.932299
vt 0.733825 0.937930
vt 0.922663 0.489551
vt 0.922663 0.609686
vt 0.917032 0.609686
vt 0.917032 0.489551
vt 0.731823 0.937930
vt 0.731823 0.932299
vt 0.611688 0.932299
vt 0.611688 0.937930
vt 0.922663 0.367413
vt 0.917032 0.367413
vt 0.917032 0.487549
vt 0.922663 0.487549
vt 0.609686 0.937930
vt 0.609686 0.932299
vt 0.489551 0.932299
vt 0.489551 0.937930
vt 0.670755 0.487549
vt 0.657490 0.487549
vt 0.657490 0.367413
vt 0.670755 0.367413
vt 0.489551 0.670755
vt 0.489551 0.657490
vt 0.609686 0.657490
vt 0.609686 0.670755
vt 0.670755 0.609686
vt 0.657490 0.609686
vt 0.657490 0.489551
vt 0.670755 0.489551
vt 0.001001 0.686022
vt 0.001001 0.672757
vt 0.121136 0.672757
vt 0.121136 0.686022
vt 0.686022 0.121136
vt 0.686022 0.001001
vt 0.672757 0.001001
vt 0.672757 0.121136
vt 0.123138 0.686022
vt 0.243274 0.686022
vt 0.243274 0.672757
vt 0.123138 0.672757
vt 0.395946 0.121136
vt 0.395946 0.001001
vt 0.367413 0.001001
vt 0.367413 0.121136
vt 0.245276 0.686022
vt 0.245276 0.672757
vt 0.365411 0.672757
vt 0.365411 0.686022
vt 0.686022 0.365411
vt 0.686022 0.245276
vt 0.672757 0.245276
vt 0.672757 0.365411
vt 0.367413 0.686022
vt 0.487549 0.686022
vt 0.487549 0.672757
vt 0.367413 0.672757
vt 0.686022 0.487549
vt 0.686022 0.367413
vt 0.672757 0.367413
vt 0.672757 0.487549
vt 0.489551 0.686022
vt 0.609686 0.686022
vt 0.609686 0.672757
vt 0.489551 0.672757
vt 0.686022 0.609686
vt 0.686022 0.489551
vt 0.672757 0.489551
vt 0.672757 0.609686
vt 0.001001 0.701289
vt 0.121136 0.701289
vt 0.121136 0.688024
vt 0.001001 0.688024
vt 0.701289 0.121136
vt 0.701289 0.001001
vt 0.688024 0.001001
vt 0.688024 0.121136
vt 0.123138 0.701289
vt 0.243274 0.701289
vt 0.243274 0.688024
vt 0.123138 0.688024
vt 0.701289 0.243274
vt 0.701289 0.123138
vt 0.688024 0.123138
vt 0.688024 0.243274
vt 0.245276 0.701289
vt 0.365411 0.701289
vt 0.365411 0.688024
vt 0.245276 0.688024
vt 0.701289 0.365411
vt 0.701289 0.245276
vt 0.688024 0.245276
vt 0.688024 0.365411
vt 0.367413 0.701289
vt 0.487549 0.701289
vt 0.487549 0.688024
vt 0.367413 0.688024
vt 0.701289 0.487549
vt 0.701289 0.367413
vt 0.688024 0.367413
vt 0.688024 0.487549
vt 0.489551 0.701289
vt 0.609686 0.701289
vt 0.609686 0.688024
vt 0.489551 0.688024
vt 0.701289 0.609686
vt 0.701289 0.489551
vt 0.688024 0.489551
vt 0.688024 0.609686
vt 0.001001 0.716556
vt 0.001001 0.703291
vt 0.121136 0.703291
vt 0.121136 0.716556
vt 0.922663 0.365411
vt 0.917032 0.365411
vt 0.917032 0.245276
vt 0.922663 0.245276
vt 0.367413 0.937930
vt 0.367413 0.932299
vt 0.487549 0.932299
vt 0.487549 0.937930
vt 0.922663 0.243274
vt 0.922663 0.123138
vt 0.917032 0.123138
vt 0.917032 0.243274
vt 0.489551 0.930297
vt 0.609686 0.930297
vt 0.609686 0.924665
vt 0.489551 0.924665
vt 0.907396 0.365411
vt 0.907396 0.245276
vt 0.901764 0.245276
vt 0.901764 0.365411
vt 0.489551 0.922663
vt 0.609686 0.922663
vt 0.609686 0.917032
vt 0.489551 0.917032
vt 0.907396 0.243274
vt 0.907396 0.123138
vt 0.901764 0.123138
vt 0.901764 0.243274
vt 0.367413 0.922663
vt 0.487549 0.922663
vt 0.487549 0.917032
vt 0.367413 0.917032
vt 0.907396 0.121136
vt 0.901764 0.121136
vt 0.901764 0.001001
vt 0.907396 0.001001
vt 0.245276 0.922663
vt 0.365411 0.922663
vt 0.365411 0.917032
vt 0.245276 0.917032
vt 0.899762 0.853961
vt 0.899762 0.733825
vt 0.894131 0.733825
vt 0.894131 0.853961
vt 0.123138 0.922663
vt 0.243274 0.922663
vt 0.243274 0.917032
vt 0.123138 0.917032
vt 0.899762 0.611688
vt 0.899762 0.731823
vt 0.894131 0.731823
vt 0.894131 0.611688
vt 0.487549 0.731823
vt 0.367413 0.731823
vt 0.367413 0.718558
vt 0.487549 0.718558
vt 0.899762 0.489551
vt 0.894131 0.489551
vt 0.894131 0.609686
vt 0.899762 0.609686
vt 0.121136 0.922663
vt 0.121136 0.917032
vt 0.001001 0.917032
vt 0.001001 0.922663
vt 0.899762 0.367413
vt 0.894131 0.367413
vt 0.894131 0.487549
vt 0.899762 0.487549
vt 0.853961 0.915030
vt 0.853961 0.909398
vt 0.733825 0.909398
vt 0.733825 0.915030
vt 0.899762 0.245276
vt 0.894131 0.245276
vt 0.894131 0.365411
vt 0.899762 0.365411
vt 0.731823 0.915030
vt 0.731823 0.909398
vt 0.611688 0.909398
vt 0.611688 0.915030
vt 0.899762 0.123138
vt 0.899762 0.243274
vt 0.894131 0.243274
vt 0.894131 0.123138
vt 0.609686 0.915030
vt 0.609686 0.909398
vt 0.489551 0.909398
vt 0.489551 0.915030
vt 0.899762 0.001001
vt 0.894131 0.001001
vt 0.894131 0.121136
vt 0.899762 0.121136
vt 0.487549 0.915030
vt 0.487549 0.909398
vt 0.367413 0.909398
vt 0.367413 0.915030
vt 0.747091 0.121136
vt 0.733825 0.121136
vt 0.733825 0.001001
vt 0.747091 0.001001
vt 0.611688 0.701289
vt 0.611688 0.688024
vt 0.731823 0.688024
vt 0.731823 0.701289
vt 0.747091 0.243274
vt 0.733825 0.243274
vt 0.733825 0.123138
vt 0.747091 0.123138
vt 0.611688 0.716556
vt 0.611688 0.703291
vt 0.731823 0.703291
vt 0.731823 0.716556
vt 0.747091 0.365411
vt 0.747091 0.245276
vt 0.733825 0.245276
vt 0.733825 0.365411
vt 0.611688 0.731823
vt 0.731823 0.731823
vt 0.731823 0.718558
vt 0.611688 0.718558
vt 0.426480 0.121136
vt 0.426480 0.001001
vt 0.397948 0.001001
vt 0.397948 0.121136
vt 0.001001 0.747091
vt 0.001001 0.733825
vt 0.121136 0.733825
vt 0.121136 0.747091
vt 0.747091 0.609686
vt 0.747091 0.489551
vt 0.733825 0.489551
vt 0.733825 0.609686
vt 0.123138 0.747091
vt 0.243274 0.747091
vt 0.243274 0.733825
vt 0.123138 0.733825
vt 0.747091 0.731823
vt 0.747091 0.611688
vt 0.733825 0.611688
vt 0.733825 0.731823
vt 0.245276 0.747091
vt 0.365411 0.747091
vt 0.365411 0.733825
vt 0.245276 0.733825
vt 0.762358 0.121136
vt 0.762358 0.001001
vt 0.749093 0.001001
vt 0.749093 0.121136
vt 0.367413 0.747091
vt 0.487549 0.747091
vt 0.487549 0.733825
vt 0.367413 0.733825
vt 0.762358 0.243274
vt 0.762358 0.123138
vt 0.749093 0.123138
vt 0.749093 0.243274
vt 0.489551 0.747091
vt 0.609686 0.747091
vt 0.609686 0.733825
vt 0.489551 0.733825
vt 0.762358 0.365411
vt 0.762358 0.245276
vt 0.749093 0.245276
vt 0.749093 0.365411
vt 0.611688 0.747091
vt 0.731823 0.747091
vt 0.731823 0.733825
vt 0.611688 0.733825
vt 0.762358 0.487549
vt 0.762358 0.367413
vt 0.749093 0.367413
vt 0.749093 0.487549
vt 0.001001 0.762358
vt 0.121136 0.762358
vt 0.121136 0.749093
vt 0.001001 0.749093
vt 0.762358 0.609686
vt 0.762358 0.489551
vt 0.749093 0.489551
vt 0.749093 0.609686
vt 0.123138 0.762358
vt 0.243274 0.762358
vt 0.243274 0.749093
vt 0.123138 0.749093
vt 0.762358 0.731823
vt 0.762358 0.611688
vt 0.749093 0.611688
vt 0.749093 0.731823
vt 0.245276 0.762358
vt 0.245276 0.749093
vt 0.365411 0.749093
vt 0.365411 0.762358
vt 0.892129 0.853961
vt 0.886497 0.853961
vt 0.886497 0.733825
vt 0.892129 0.733825
vt 0.245276 0.915030
vt 0.245276 0.909398
vt 0.365411 0.909398
vt 0.365411 0.915030
vt 0.892129 0.731823
vt 0.892129 0.611688
vt 0.886497 0.611688
vt 0.886497 0.731823
vt 0.123138 0.915030
vt 0.243274 0.915030
vt 0.243274 0.909398
vt 0.123138 0.909398
vt 0.892129 0.609686
vt 0.892129 0.489551
vt 0.886497 0.489551
vt 0.886497 0.609686
vt 0.245276 0.907396
vt 0.365411 0.907396
vt 0.365411 0.901764
vt 0.245276 0.901764
vt 0.876862 0.731823
vt 0.876862 0.611688
vt 0.871230 0.611688
vt 0.871230 0.731823
vt 0.245276 0.899762
vt 0.365411 0.899762
vt 0.365411 0.894131
vt 0.245276 0.894131
vt 0.876862 0.609686
vt 0.871230 0.609686
vt 0.871230 0.489551
vt 0.876862 0.489551
vt 0.123138 0.899762
vt 0.243274 0.899762
vt 0.243274 0.894131
vt 0.123138 0.894131
vt 0.876862 0.487549
vt 0.876862 0.367413
vt 0.871230 0.367413
vt 0.871230 0.487549
vt 0.001001 0.899762
vt 0.121136 0.899762
vt 0.121136 0.894131
vt 0.001001 0.894131
vt 0.876862 0.245276
vt 0.876862 0.365411
vt 0.871230 0.365411
vt 0.871230 0.245276
vt 0.609686 0.777625
vt 0.489551 0.777625
vt 0.489551 0.764360
vt 0.609686 0.764360
vt 0.876862 0.123138
vt 0.871230 0.123138
vt 0.871230 0.243274
vt 0.876862 0.243274
vt 0.853961 0.892129
vt 0.853961 0.886497
vt 0.733825 0.886497
vt 0.733825 0.892129
vt 0.876862 0.001001
vt 0.871230 0.001001
vt 0.871230 0.121136
vt 0.876862 0.121136
vt 0.731823 0.892129
vt 0.731823 0.886497
vt 0.611688 0.886497
vt 0.611688 0.892129
vt 0.869228 0.733825
vt 0.863596 0.733825
vt 0.863596 0.853961
vt 0.869228 0.853961
vt 0.609686 0.892129
vt 0.609686 0.886497
vt 0.489551 0.886497
vt 0.489551 0.892129
vt 0.869228 0.611688
vt 0.869228 0.731823
vt 0.863596 0.731823
vt 0.863596 0.611688
vt 0.487549 0.892129
vt 0.487549 0.886497
vt 0.367413 0.886497
vt 0.367413 0.892129
vt 0.869228 0.489551
vt 0.863596 0.489551
vt 0.863596 0.609686
vt 0.869228 0.609686
vt 0.365411 0.892129
vt 0.365411 0.886497
vt 0.245276 0.886497
vt 0.245276 0.892129
vt 0.792892 0.731823
vt 0.779627 0.731823
vt 0.779627 0.611688
vt 0.792892 0.611688
vt 0.489551 0.792892
vt 0.489551 0.779627
vt 0.609686 0.779627
vt 0.609686 0.792892
vt 0.808159 0.121136
vt 0.794894 0.121136
vt 0.794894 0.001001
vt 0.808159 0.001001
vt 0.611688 0.792892
vt 0.611688 0.779627
vt 0.731823 0.779627
vt 0.731823 0.792892
vt 0.808159 0.243274
vt 0.808159 0.123138
vt 0.794894 0.123138
vt 0.794894 0.243274
vt 0.001001 0.808159
vt 0.121136 0.808159
vt 0.121136 0.794894
vt 0.001001 0.794894
vt 0.334877 0.121136
vt 0.334877 0.001001
vt 0.306345 0.001001
vt 0.306345 0.121136
vt 0.123138 0.808159
vt 0.123138 0.794894
vt 0.243274 0.794894
vt 0.243274 0.808159
vt 0.808159 0.487549
vt 0.808159 0.367413
vt 0.794894 0.367413
vt 0.794894 0.487549
vt 0.245276 0.808159
vt 0.365411 0.808159
vt 0.365411 0.794894
vt 0.245276 0.794894
vt 0.808159 0.609686
vt 0.808159 0.489551
vt 0.794894 0.489551
vt 0.794894 0.609686
vt 0.367413 0.808159
vt 0.487549 0.808159
vt 0.487549 0.794894
vt 0.367413 0.794894
vt 0.808159 0.731823
vt 0.808159 0.611688
vt 0.794894 0.611688
vt 0.794894 0.731823
vt 0.489551 0.808159
vt 0.609686 0.808159
vt 0.609686 0.794894
vt 0.489551 0.794894
vt 0.823426 0.121136
vt 0.823426 0.001001
vt 0.810161 0.001001
vt 0.810161 0.121136
vt 0.611688 0.808159
vt 0.731823 0.808159
vt 0.731823 0.794894
vt 0.611688 0.794894
vt 0.823426 0.243274
vt 0.823426 0.123138
vt 0.810161 0.123138
vt 0.810161 0.243274
vt 0.001001 0.823426
vt 0.121136 0.823426
vt 0.121136 0.810161
vt 0.001001 0.810161
vt 0.823426 0.365411
vt 0.823426 0.245276
vt 0.810161 0.245276
vt 0.810161 0.365411
vt 0.123138 0.823426
vt 0.243274 0.823426
vt 0.243274 0.810161
vt 0.123138 0.810161
vt 0.823426 0.487549
vt 0.823426 0.367413
vt 0.810161 0.367413
vt 0.810161 0.487549
vt 0.245276 0.823426
vt 0.365411 0.823426
vt 0.365411 0.810161
vt 0.245276 0.810161
vt 0.823426 0.609686
vt 0.823426 0.489551
vt 0.810161 0.489551
vt 0.810161 0.609686
vt 0.367413 0.823426
vt 0.367413 0.810161
vt 0.487549 0.810161
vt 0.487549 0.823426
vt 0.869228 0.487549
vt 0.863596 0.487549
vt 0.863596 0.367413
vt 0.869228 0.367413
vt 0.123138 0.892129
vt 0.123138 0.886497
vt 0.243274 0.886497
vt 0.243274 0.892129
vt 0.869228 0.365411
vt 0.869228 0.245276
vt 0.863596 0.245276
vt 0.863596 0.365411
vt 0.001001 0.892129
vt 0.121136 0.892129
vt 0.121136 0.886497
vt 0.001001 0.886497
vt 0.869228 0.243274
vt 0.869228 0.123138
vt 0.863596 0.123138
vt 0.863596 0.243274
vt 0.733825 0.884495
vt 0.853961 0.884495
vt 0.853961 0.878864
vt 0.733825 0.878864
vt 0.869228 0.121136
vt 0.869228 0.001001
vt 0.863596 0.001001
vt 0.863596 0.121136
vt 0.001001 0.884495
vt 0.121136 0.884495
vt 0.121136 0.878864
vt 0.001001 0.878864
vt 0.815793 0.853961
vt 0.810161 0.853961
vt 0.810161 0.733825
vt 0.815793 0.733825
vt 0.001001 0.876862
vt 0.121136 0.876862
vt 0.121136 0.871230
vt 0.001001 0.871230
vt 0.808159 0.853961
vt 0.808159 0.733825
vt 0.802528 0.733825
vt 0.802528 0.853961
vt 0.733825 0.869228
vt 0.853961 0.869228
vt 0.853961 0.863596
vt 0.733825 0.863596
vt 0.998999 0.367413
vt 0.998999 0.487549
vt 0.993367 0.487549
vt 0.993367 0.367413
vt 0.609686 0.838694
vt 0.489551 0.838694
vt 0.489551 0.825428
vt 0.609686 0.825428
vt 0.800526 0.733825
vt 0.794894 0.733825
vt 0.794894 0.853961
vt 0.800526 0.853961
vt 0.731823 0.869228
vt 0.731823 0.863596
vt 0.611688 0.863596
vt 0.611688 0.869228
vt 0.792892 0.733825
vt 0.787261 0.733825
vt 0.787261 0.853961
vt 0.792892 0.853961
vt 0.609686 0.869228
vt 0.609686 0.863596
vt 0.489551 0.863596
vt 0.489551 0.869228
vt 0.785259 0.733825
vt 0.779627 0.733825
vt 0.779627 0.853961
vt 0.785259 0.853961
vt 0.853961 0.861594
vt 0.853961 0.855963
vt 0.733825 0.855963
vt 0.733825 0.861594
vt 0.777625 0.733825
vt 0.777625 0.853961
vt 0.771993 0.853961
vt 0.771993 0.733825
vt 0.731823 0.861594
vt 0.731823 0.855963
vt 0.611688 0.855963
vt 0.611688 0.861594
vt 0.769991 0.733825
vt 0.764360 0.733825
vt 0.764360 0.853961
vt 0.769991 0.853961
vt 0.609686 0.861594
vt 0.609686 0.855963
vt 0.489551 0.855963
vt 0.489551 0.861594
vt 0.853961 0.609686
vt 0.840696 0.609686
vt 0.840696 0.489551
vt 0.853961 0.489551
vt 0.489551 0.853961
vt 0.489551 0.840696
vt 0.609686 0.840696
vt 0.609686 0.853961
vt 0.853961 0.731823
vt 0.840696 0.731823
vt 0.840696 0.611688
vt 0.853961 0.611688
vt 0.611688 0.853961
vt 0.611688 0.840696
vt 0.731823 0.840696
vt 0.731823 0.853961
vt 0.747091 0.853961
vt 0.747091 0.733825
vt 0.733825 0.733825
vt 0.733825 0.853961
vt 0.001001 0.869228
vt 0.121136 0.869228
vt 0.121136 0.855963
vt 0.001001 0.855963
vt 0.426480 0.243274
vt 0.426480 0.123138
vt 0.397948 0.123138
vt 0.397948 0.243274
vt 0.245276 0.869228
vt 0.245276 0.855963
vt 0.365411 0.855963
vt 0.365411 0.869228
vt 0.762358 0.853961
vt 0.762358 0.733825
vt 0.749093 0.733825
vt 0.749093 0.853961
vt 0.367413 0.869228
vt 0.487549 0.869228
vt 0.487549 0.855963
vt 0.367413 0.855963
vt 0.853961 0.487549
vt 0.853961 0.367413
vt 0.840696 0.367413
vt 0.840696 0.487549
vt 0.367413 0.853961
vt 0.487549 0.853961
vt 0.487549 0.840696
vt 0.367413 0.840696
vt 0.853961 0.365411
vt 0.853961 0.245276
vt 0.840696 0.245276
vt 0.840696 0.365411
vt 0.245276 0.853961
vt 0.365411 0.853961
vt 0.365411 0.840696
vt 0.245276 0.840696
vt 0.853961 0.243274
vt 0.853961 0.123138
vt 0.840696 0.123138
vt 0.840696 0.243274
vt 0.123138 0.853961
vt 0.243274 0.853961
vt 0.243274 0.840696
vt 0.123138 0.840696
vt 0.853961 0.121136
vt 0.853961 0.001001
vt 0.840696 0.001001
vt 0.840696 0.121136
vt 0.001001 0.853961
vt 0.121136 0.853961
vt 0.121136 0.840696
vt 0.001001 0.840696
vt 0.838694 0.731823
vt 0.838694 0.611688
vt 0.825428 0.611688
vt 0.825428 0.731823
vt 0.611688 0.838694
vt 0.731823 0.838694
vt 0.731823 0.825428
vt 0.611688 0.825428
vt 0.838694 0.609686
vt 0.838694 0.489551
vt 0.825428 0.489551
vt 0.825428 0.609686
vt 0.367413 0.838694
vt 0.487549 0.838694
vt 0.487549 0.825428
vt 0.367413 0.825428
vt 0.838694 0.487549
vt 0.838694 0.367413
vt 0.825428 0.367413
vt 0.825428 0.487549
vt 0.245276 0.838694
vt 0.245276 0.825428
vt 0.365411 0.825428
vt 0.365411 0.838694
vt 0.823426 0.853961
vt 0.817795 0.853961
vt 0.817795 0.733825
vt 0.823426 0.733825
vt 0.123138 0.876862
vt 0.123138 0.871230
vt 0.243274 0.871230
vt 0.243274 0.876862
vt 0.831060 0.853961
vt 0.831060 0.733825
vt 0.825428 0.733825
vt 0.825428 0.853961
vt 0.245276 0.876862
vt 0.365411 0.876862
vt 0.365411 0.871230
vt 0.245276 0.871230
vt 0.838694 0.853961
vt 0.838694 0.733825
vt 0.833062 0.733825
vt 0.833062 0.853961
vt 0.367413 0.876862
vt 0.487549 0.876862
vt 0.487549 0.871230
vt 0.367413 0.871230
vt 0.846327 0.853961
vt 0.846327 0.733825
vt 0.840696 0.733825
vt 0.840696 0.853961
vt 0.489551 0.876862
vt 0.609686 0.876862
vt 0.609686 0.871230
vt 0.489551 0.871230
vt 0.853961 0.853961
vt 0.848329 0.853961
vt 0.848329 0.733825
vt 0.853961 0.733825
vt 0.611688 0.876862
vt 0.731823 0.876862
vt 0.731823 0.871230
vt 0.611688 0.871230
vt 0.861594 0.121136
vt 0.861594 0.001001
vt 0.855963 0.001001
vt 0.855963 0.121136
vt 0.733825 0.876862
vt 0.853961 0.876862
vt 0.853961 0.871230
vt 0.733825 0.871230
vt 0.861594 0.123138
vt 0.861594 0.243274
vt 0.855963 0.243274
vt 0.855963 0.123138
vt 0.243274 0.838694
vt 0.123138 0.838694
vt 0.123138 0.825428
vt 0.243274 0.825428
vt 0.861594 0.245276
vt 0.855963 0.245276
vt 0.855963 0.365411
vt 0.861594 0.365411
vt 0.243274 0.884495
vt 0.243274 0.878864
vt 0.123138 0.878864
vt 0.123138 0.884495
vt 0.861594 0.367413
vt 0.855963 0.367413
vt 0.855963 0.487549
vt 0.861594 0.487549
vt 0.365411 0.884495
vt 0.365411 0.878864
vt 0.245276 0.878864
vt 0.245276 0.884495
vt 0.861594 0.489551
vt 0.855963 0.489551
vt 0.855963 0.609686
vt 0.861594 0.609686
vt 0.487549 0.884495
vt 0.487549 0.878864
vt 0.367413 0.878864
vt 0.367413 0.884495
vt 0.861594 0.611688
vt 0.861594 0.731823
vt 0.855963 0.731823
vt 0.855963 0.611688
vt 0.609686 0.884495
vt 0.609686 0.878864
vt 0.489551 0.878864
vt 0.489551 0.884495
vt 0.861594 0.733825
vt 0.855963 0.733825
vt 0.855963 0.853961
vt 0.861594 0.853961
vt 0.731823 0.884495
vt 0.731823 0.878864
vt 0.611688 0.878864
vt 0.611688 0.884495
vt 0.838694 0.365411
vt 0.825428 0.365411
vt 0.825428 0.245276
vt 0.838694 0.245276
vt 0.001001 0.838694
vt 0.001001 0.825428
vt 0.121136 0.825428
vt 0.121136 0.838694
vt 0.838694 0.243274
vt 0.825428 0.243274
vt 0.825428 0.123138
vt 0.838694 0.123138
vt 0.611688 0.823426
vt 0.611688 0.810161
vt 0.731823 0.810161
vt 0.731823 0.823426
vt 0.838694 0.121136
vt 0.838694 0.001001
vt 0.825428 0.001001
vt 0.825428 0.121136
vt 0.489551 0.823426
vt 0.609686 0.823426
vt 0.609686 0.810161
vt 0.489551 0.810161
vt 0.395946 0.243274
vt 0.395946 0.123138
vt 0.367413 0.123138
vt 0.367413 0.243274
vt 0.367413 0.792892
vt 0.367413 0.779627
vt 0.487549 0.779627
vt 0.487549 0.792892
vt 0.792892 0.609686
vt 0.792892 0.489551
vt 0.779627 0.489551
vt 0.779627 0.609686
vt 0.245276 0.792892
vt 0.365411 0.792892
vt 0.365411 0.779627
vt 0.245276 0.779627
vt 0.792892 0.487549
vt 0.792892 0.367413
vt 0.779627 0.367413
vt 0.779627 0.487549
vt 0.123138 0.792892
vt 0.243274 0.792892
vt 0.243274 0.779627
vt 0.123138 0.779627
vt 0.792892 0.365411
vt 0.792892 0.245276
vt 0.779627 0.245276
vt 0.779627 0.365411
vt 0.001001 0.792892
vt 0.121136 0.792892
vt 0.121136 0.779627
vt 0.001001 0.779627
vt 0.792892 0.243274
vt 0.792892 0.123138
vt 0.779627 0.123138
vt 0.779627 0.243274
vt 0.611688 0.777625
vt 0.731823 0.777625
vt 0.731823 0.764360
vt 0.611688 0.764360
vt 0.792892 0.121136
vt 0.792892 0.001001
vt 0.779627 0.001001
vt 0.779627 0.121136
vt 0.367413 0.777625
vt 0.487549 0.777625
vt 0.487549 0.764360
vt 0.367413 0.764360
vt 0.777625 0.731823
vt 0.777625 0.611688
vt 0.764360 0.611688
vt 0.764360 0.731823
vt 0.245276 0.777625
vt 0.365411 0.777625
vt 0.365411 0.764360
vt 0.245276 0.764360
vt 0.777625 0.609686
vt 0.777625 0.489551
vt 0.764360 0.489551
vt 0.764360 0.609686
vt 0.123138 0.777625
vt 0.243274 0.777625
vt 0.243274 0.764360
vt 0.123138 0.764360
vt 0.777625 0.487549
vt 0.777625 0.367413
vt 0.764360 0.367413
vt 0.764360 0.487549
vt 0.001001 0.777625
vt 0.001001 0.764360
vt 0.121136 0.764360
vt 0.121136 0.777625
vt 0.876862 0.853961
vt 0.871230 0.853961
vt 0.871230 0.733825
vt 0.876862 0.733825
vt 0.367413 0.899762
vt 0.367413 0.894131
vt 0.487549 0.894131
vt 0.487549 0.899762
vt 0.884495 0.121136
vt 0.884495 0.001001
vt 0.878864 0.001001
vt 0.878864 0.121136
vt 0.489551 0.899762
vt 0.609686 0.899762
vt 0.609686 0.894131
vt 0.489551 0.894131
vt 0.884495 0.243274
vt 0.884495 0.123138
vt 0.878864 0.123138
vt 0.878864 0.243274
vt 0.611688 0.899762
vt 0.731823 0.899762
vt 0.731823 0.894131
vt 0.611688 0.894131
vt 0.884495 0.365411
vt 0.884495 0.245276
vt 0.878864 0.245276
vt 0.878864 0.365411
vt 0.733825 0.899762
vt 0.853961 0.899762
vt 0.853961 0.894131
vt 0.733825 0.894131
vt 0.884495 0.487549
vt 0.878864 0.487549
vt 0.878864 0.367413
vt 0.884495 0.367413
vt 0.001001 0.907396
vt 0.121136 0.907396
vt 0.121136 0.901764
vt 0.001001 0.901764
vt 0.884495 0.609686
vt 0.884495 0.489551
vt 0.878864 0.489551
vt 0.878864 0.609686
vt 0.123138 0.907396
vt 0.243274 0.907396
vt 0.243274 0.901764
vt 0.123138 0.901764
vt 0.884495 0.611688
vt 0.884495 0.731823
vt 0.878864 0.731823
vt 0.878864 0.611688
vt 0.731823 0.762358
vt 0.611688 0.762358
vt 0.611688 0.749093
vt 0.731823 0.749093
vt 0.884495 0.733825
vt 0.878864 0.733825
vt 0.878864 0.853961
vt 0.884495 0.853961
vt 0.487549 0.907396
vt 0.487549 0.901764
vt 0.367413 0.901764
vt 0.367413 0.907396
vt 0.892129 0.001001
vt 0.886497 0.001001
vt 0.886497 0.121136
vt 0.892129 0.121136
vt 0.609686 0.907396
vt 0.609686 0.901764
vt 0.489551 0.901764
vt 0.489551 0.907396
vt 0.892129 0.123138
vt 0.886497 0.123138
vt 0.886497 0.243274
vt 0.892129 0.243274
vt 0.731823 0.907396
vt 0.731823 0.901764
vt 0.611688 0.901764
vt 0.611688 0.907396
vt 0.892129 0.245276
vt 0.892129 0.365411
vt 0.886497 0.365411
vt 0.886497 0.245276
vt 0.853961 0.907396
vt 0.853961 0.901764
vt 0.733825 0.901764
vt 0.733825 0.907396
vt 0.892129 0.367413
vt 0.886497 0.367413
vt 0.886497 0.487549
vt 0.892129 0.487549
vt 0.121136 0.915030
vt 0.121136 0.909398
vt 0.001001 0.909398
vt 0.001001 0.915030
vt 0.777625 0.365411
vt 0.764360 0.365411
vt 0.764360 0.245276
vt 0.777625 0.245276
vt 0.489551 0.762358
vt 0.489551 0.749093
vt 0.609686 0.749093
vt 0.609686 0.762358
vt 0.777625 0.243274
vt 0.764360 0.243274
vt 0.764360 0.123138
vt 0.777625 0.123138
vt 0.367413 0.762358
vt 0.367413 0.749093
vt 0.487549 0.749093
vt 0.487549 0.762358
vt 0.777625 0.121136
vt 0.777625 0.001001
vt 0.764360 0.001001
vt 0.764360 0.121136
vt 0.611688 0.686022
vt 0.731823 0.686022
vt 0.731823 0.672757
vt 0.611688 0.672757
vt 0.365411 0.121136
vt 0.365411 0.001001
vt 0.336879 0.001001
vt 0.336879 0.121136
vt 0.611688 0.655488
vt 0.611688 0.642222
vt 0.731823 0.642222
vt 0.731823 0.655488
vt 0.731823 0.609686
vt 0.731823 0.489551
vt 0.718558 0.489551
vt 0.718558 0.609686
vt 0.611688 0.640220
vt 0.731823 0.640220
vt 0.731823 0.626955
vt 0.611688 0.626955
vt 0.731823 0.487549
vt 0.731823 0.367413
vt 0.718558 0.367413
vt 0.718558 0.487549
vt 0.611688 0.624953
vt 0.731823 0.624953
vt 0.731823 0.611688
vt 0.611688 0.611688
vt 0.731823 0.365411
vt 0.731823 0.245276
vt 0.718558 0.245276
vt 0.718558 0.365411
vt 0.489551 0.731823
vt 0.609686 0.731823
vt 0.609686 0.718558
vt 0.489551 0.718558
vt 0.731823 0.243274
vt 0.731823 0.123138
vt 0.718558 0.123138
vt 0.718558 0.243274
vt 0.245276 0.731823
vt 0.365411 0.731823
vt 0.365411 0.718558
vt 0.245276 0.718558
vt 0.731823 0.121136
vt 0.731823 0.001001
vt 0.718558 0.001001
vt 0.718558 0.121136
vt 0.123138 0.731823
vt 0.243274 0.731823
vt 0.243274 0.718558
vt 0.123138 0.718558
vt 0.716556 0.609686
vt 0.716556 0.489551
vt 0.703291 0.489551
vt 0.703291 0.609686
vt 0.001001 0.731823
vt 0.121136 0.731823
vt 0.121136 0.718558
vt 0.001001 0.718558
vt 0.716556 0.487549
vt 0.716556 0.367413
vt 0.703291 0.367413
vt 0.703291 0.487549
vt 0.489551 0.716556
vt 0.609686 0.716556
vt 0.609686 0.703291
vt 0.489551 0.703291
vt 0.716556 0.365411
vt 0.716556 0.245276
vt 0.703291 0.245276
vt 0.703291 0.365411
vt 0.367413 0.716556
vt 0.367413 0.703291
vt 0.487549 0.703291
vt 0.487549 0.716556
vt 0.907396 0.487549
vt 0.901764 0.487549
vt 0.901764 0.367413
vt 0.907396 0.367413
vt 0.611688 0.922663
vt 0.611688 0.917032
vt 0.731823 0.917032
vt 0.731823 0.922663
vt 0.907396 0.609686
vt 0.907396 0.489551
vt 0.901764 0.489551
vt 0.901764 0.609686
vt 0.733825 0.922663
vt 0.853961 0.922663
vt 0.853961 0.917032
vt 0.733825 0.917032
vt 0.907396 0.731823
vt 0.907396 0.611688
vt 0.901764 0.611688
vt 0.901764 0.731823
vt 0.001001 0.930297
vt 0.121136 0.930297
vt 0.121136 0.924665
vt 0.001001 0.924665
vt 0.907396 0.853961
vt 0.907396 0.733825
vt 0.901764 0.733825
vt 0.901764 0.853961
vt 0.123138 0.930297
vt 0.243274 0.930297
vt 0.243274 0.924665
vt 0.123138 0.924665
vt 0.915030 0.121136
vt 0.909398 0.121136
vt 0.909398 0.001001
vt 0.915030 0.001001
vt 0.245276 0.930297
vt 0.365411 0.930297
vt 0.365411 0.924665
vt 0.245276 0.924665
vt 0.915030 0.243274
vt 0.915030 0.123138
vt 0.909398 0.123138
vt 0.909398 0.243274
vt 0.367413 0.930297
vt 0.487549 0.930297
vt 0.487549 0.924665
vt 0.367413 0.924665
vt 0.915030 0.245276
vt 0.915030 0.365411
vt 0.909398 0.365411
vt 0.909398 0.245276
vt 0.365411 0.716556
vt 0.245276 0.716556
vt 0.245276 0.703291
vt 0.365411 0.703291
vt 0.915030 0.367413
vt 0.909398 0.367413
vt 0.909398 0.487549
vt 0.915030 0.487549
vt 0.731823 0.930297
vt 0.731823 0.924665
vt 0.611688 0.924665
vt 0.611688 0.930297
vt 0.915030 0.489551
vt 0.909398 0.489551
vt 0.909398 0.609686
vt 0.915030 0.609686
vt 0.853961 0.930297
vt 0.853961 0.924665
vt 0.733825 0.924665
vt 0.733825 0.930297
vt 0.915030 0.611688
vt 0.909398 0.611688
vt 0.909398 0.731823
vt 0.915030 0.731823
vt 0.121136 0.937930
vt 0.121136 0.932299
vt 0.001001 0.932299
vt 0.001001 0.937930
vt 0.915030 0.733825
vt 0.915030 0.853961
vt 0.909398 0.853961
vt 0.909398 0.733825
vt 0.243274 0.937930
vt 0.243274 0.932299
vt 0.123138 0.932299
vt 0.123138 0.937930
vt 0.922663 0.001001
vt 0.917032 0.001001
vt 0.917032 0.121136
vt 0.922663 0.121136
vt 0.365411 0.937930
vt 0.365411 0.932299
vt 0.245276 0.932299
vt 0.245276 0.937930
vt 0.716556 0.243274
vt 0.703291 0.243274
vt 0.703291 0.123138
vt 0.716556 0.123138
vt 0.123138 0.716556
vt 0.123138 0.703291
vt 0.243274 0.703291
vt 0.243274 0.716556
vt 0.716556 0.121136
vt 0.703291 0.121136
vt 0.703291 0.001001
vt 0.716556 0.001001
vt 0.367413 0.670755
vt 0.367413 0.657490
vt 0.487549 0.657490
vt 0.487549 0.670755
vt 0.670755 0.365411
vt 0.670755 0.245276
vt 0.657490 0.245276
vt 0.657490 0.365411
vt 0.245276 0.670755
vt 0.365411 0.670755
vt 0.365411 0.657490
vt 0.245276 0.657490
vt 0.395946 0.365411
vt 0.395946 0.245276
vt 0.367413 0.245276
vt 0.367413 0.365411
vt 0.123138 0.670755
vt 0.123138 0.657490
vt 0.243274 0.657490
vt 0.243274 0.670755
vt 0.670755 0.121136
vt 0.670755 0.001001
vt 0.657490 0.001001
vt 0.657490 0.121136
vt 0.123138 0.869228
vt 0.243274 0.869228
vt 0.243274 0.855963
vt 0.123138 0.855963
vt 0.655488 0.487549
vt 0.655488 0.367413
vt 0.642222 0.367413
vt 0.642222 0.487549
vt 0.001001 0.670755
vt 0.121136 0.670755
vt 0.121136 0.657490
vt 0.001001 0.657490
vt 0.655488 0.365411
vt 0.655488 0.245276
vt 0.642222 0.245276
vt 0.642222 0.365411
vt 0.367413 0.655488
vt 0.487549 0.655488
vt 0.487549 0.642222
vt 0.367413 0.642222
vt 0.655488 0.243274
vt 0.655488 0.123138
vt 0.642222 0.123138
vt 0.642222 0.243274
vt 0.245276 0.655488
vt 0.365411 0.655488
vt 0.365411 0.642222
vt 0.245276 0.642222
vt 0.655488 0.121136
vt 0.655488 0.001001
vt 0.642222 0.001001
vt 0.642222 0.121136
vt 0.123138 0.655488
vt 0.243274 0.655488
vt 0.243274 0.642222
vt 0.123138 0.642222
vt 0.640220 0.609686
vt 0.640220 0.489551
vt 0.626955 0.489551
vt 0.626955 0.609686
vt 0.001001 0.655488
vt 0.121136 0.655488
vt 0.121136 0.642222
vt 0.001001 0.642222
vt 0.640220 0.487549
vt 0.640220 0.367413
vt 0.626955 0.367413
vt 0.626955 0.487549
vt 0.489551 0.640220
vt 0.609686 0.640220
vt 0.609686 0.626955
vt 0.489551 0.626955
vt 0.640220 0.365411
vt 0.640220 0.245276
vt 0.626955 0.245276
vt 0.626955 0.365411
vt 0.367413 0.640220
vt 0.367413 0.626955
vt 0.487549 0.626955
vt 0.487549 0.640220
vt 0.937930 0.121136
vt 0.932299 0.121136
vt 0.932299 0.001001
vt 0.937930 0.001001
vt 0.001001 0.953197
vt 0.001001 0.947566
vt 0.121136 0.947566
vt 0.121136 0.953197
vt 0.937930 0.243274
vt 0.937930 0.123138
vt 0.932299 0.123138
vt 0.932299 0.243274
vt 0.123138 0.953197
vt 0.243274 0.953197
vt 0.243274 0.947566
vt 0.123138 0.947566
vt 0.937930 0.365411
vt 0.937930 0.245276
vt 0.932299 0.245276
vt 0.932299 0.365411
vt 0.245276 0.953197
vt 0.365411 0.953197
vt 0.365411 0.947566
vt 0.245276 0.947566
vt 0.937930 0.487549
vt 0.937930 0.367413
vt 0.932299 0.367413
vt 0.932299 0.487549
vt 0.367413 0.953197
vt 0.487549 0.953197
vt 0.487549 0.947566
vt 0.367413 0.947566
vt 0.937930 0.609686
vt 0.932299 0.609686
vt 0.932299 0.489551
vt 0.937930 0.489551
vt 0.489551 0.953197
vt 0.609686 0.953197
vt 0.609686 0.947566
vt 0.489551 0.947566
vt 0.937930 0.731823
vt 0.937930 0.611688
vt 0.932299 0.611688
vt 0.932299 0.731823
vt 0.611688 0.953197
vt 0.731823 0.953197
vt 0.731823 0.947566
vt 0.611688 0.947566
vt 0.937930 0.733825
vt 0.937930 0.853961
vt 0.932299 0.853961
vt 0.932299 0.733825
vt 0.365411 0.640220
vt 0.245276 0.640220
vt 0.245276 0.626955
vt 0.365411 0.626955
vt 0.945564 0.001001
vt 0.939932 0.001001
vt 0.939932 0.121136
vt 0.945564 0.121136
vt 0.121136 0.960831
vt 0.121136 0.955199
vt 0.001001 0.955199
vt 0.001001 0.960831
vt 0.945564 0.123138
vt 0.939932 0.123138
vt 0.939932 0.243274
vt 0.945564 0.243274
vt 0.243274 0.960831
vt 0.243274 0.955199
vt 0.123138 0.955199
vt 0.123138 0.960831
vt 0.945564 0.245276
vt 0.939932 0.245276
vt 0.939932 0.365411
vt 0.945564 0.365411
vt 0.365411 0.960831
vt 0.365411 0.955199
vt 0.245276 0.955199
vt 0.245276 0.960831
vt 0.945564 0.367413
vt 0.945564 0.487549
vt 0.939932 0.487549
vt 0.939932 0.367413
vt 0.487549 0.960831
vt 0.487549 0.955199
vt 0.367413 0.955199
vt 0.367413 0.960831
vt 0.945564 0.489551
vt 0.939932 0.489551
vt 0.939932 0.609686
vt 0.945564 0.609686
vt 0.609686 0.960831
vt 0.609686 0.955199
vt 0.489551 0.955199
vt 0.489551 0.960831
vt 0.640220 0.243274
vt 0.626955 0.243274
vt 0.626955 0.123138
vt 0.640220 0.123138
vt 0.489551 0.518083
vt 0.489551 0.504818
vt 0.609686 0.504818
vt 0.609686 0.518083
vt 0.594419 0.365411
vt 0.581154 0.365411
vt 0.581154 0.245276
vt 0.594419 0.245276
vt 0.489551 0.502816
vt 0.489551 0.489551
vt 0.609686 0.489551
vt 0.609686 0.502816
vt 0.594419 0.243274
vt 0.594419 0.123138
vt 0.581154 0.123138
vt 0.581154 0.243274
vt 0.367413 0.609686
vt 0.487549 0.609686
vt 0.487549 0.596421
vt 0.367413 0.596421
vt 0.457014 0.121136
vt 0.457014 0.001001
vt 0.428482 0.001001
vt 0.428482 0.121136
vt 0.245276 0.609686
vt 0.245276 0.596421
vt 0.365411 0.596421
vt 0.365411 0.609686
vt 0.579152 0.487549
vt 0.579152 0.367413
vt 0.565886 0.367413
vt 0.565886 0.487549
vt 0.123138 0.609686
vt 0.243274 0.609686
vt 0.243274 0.596421
vt 0.123138 0.596421
vt 0.579152 0.365411
vt 0.579152 0.245276
vt 0.565886 0.245276
vt 0.565886 0.365411
vt 0.367413 0.594419
vt 0.487549 0.594419
vt 0.487549 0.581154
vt 0.367413 0.581154
vt 0.579152 0.243274
vt 0.579152 0.123138
vt 0.565886 0.123138
vt 0.565886 0.243274
vt 0.245276 0.594419
vt 0.365411 0.594419
vt 0.365411 0.581154
vt 0.245276 0.581154
vt 0.579152 0.121136
vt 0.579152 0.001001
vt 0.565886 0.001001
vt 0.565886 0.121136
vt 0.123138 0.594419
vt 0.243274 0.594419
vt 0.243274 0.581154
vt 0.123138 0.581154
vt 0.563884 0.487549
vt 0.563884 0.367413
vt 0.550619 0.367413
vt 0.550619 0.487549
vt 0.001001 0.594419
vt 0.121136 0.594419
vt 0.121136 0.581154
vt 0.001001 0.581154
vt 0.563884 0.365411
vt 0.563884 0.245276
vt 0.550619 0.245276
vt 0.550619 0.365411
vt 0.367413 0.579152
vt 0.487549 0.579152
vt 0.487549 0.565886
vt 0.367413 0.565886
vt 0.563884 0.243274
vt 0.563884 0.123138
vt 0.550619 0.123138
vt 0.550619 0.243274
vt 0.245276 0.579152
vt 0.365411 0.579152
vt 0.365411 0.565886
vt 0.245276 0.565886
vt 0.563884 0.121136
vt 0.563884 0.001001
vt 0.550619 0.001001
vt 0.550619 0.121136
vt 0.123138 0.579152
vt 0.123138 0.565886
vt 0.243274 0.565886
vt 0.243274 0.579152
vt 0.960831 0.609686
vt 0.955199 0.609686
vt 0.955199 0.489551
vt 0.960831 0.489551
vt 0.245276 0.976098
vt 0.245276 0.970467
vt 0.365411 0.970467
vt 0.365411 0.976098
vt 0.960831 0.731823
vt 0.960831 0.611688
vt 0.955199 0.611688
vt 0.955199 0.731823
vt 0.367413 0.976098
vt 0.487549 0.976098
vt 0.487549 0.970467
vt 0.367413 0.970467
vt 0.960831 0.853961
vt 0.960831 0.733825
vt 0.955199 0.733825
vt 0.955199 0.853961
vt 0.489551 0.976098
vt 0.609686 0.976098
vt 0.609686 0.970467
vt 0.489551 0.970467
vt 0.968465 0.121136
vt 0.968465 0.001001
vt 0.962833 0.001001
vt 0.962833 0.121136
vt 0.611688 0.976098
vt 0.731823 0.976098
vt 0.731823 0.970467
vt 0.611688 0.970467
vt 0.968465 0.243274
vt 0.962833 0.243274
vt 0.962833 0.123138
vt 0.968465 0.123138
vt 0.733825 0.976098
vt 0.853961 0.976098
vt 0.853961 0.970467
vt 0.733825 0.970467
vt 0.968465 0.365411
vt 0.968465 0.245276
vt 0.962833 0.245276
vt 0.962833 0.365411
vt 0.855963 0.861594
vt 0.976098 0.861594
vt 0.976098 0.855963
vt 0.855963 0.855963
vt 0.968465 0.367413
vt 0.968465 0.487549
vt 0.962833 0.487549
vt 0.962833 0.367413
vt 0.121136 0.533350
vt 0.001001 0.533350
vt 0.001001 0.520085
vt 0.121136 0.520085
vt 0.968465 0.489551
vt 0.962833 0.489551
vt 0.962833 0.609686
vt 0.968465 0.609686
vt 0.976098 0.876862
vt 0.976098 0.871230
vt 0.855963 0.871230
vt 0.855963 0.876862
vt 0.968465 0.611688
vt 0.962833 0.611688
vt 0.962833 0.731823
vt 0.968465 0.731823
vt 0.976098 0.884495
vt 0.976098 0.878864
vt 0.855963 0.878864
vt 0.855963 0.884495
vt 0.968465 0.733825
vt 0.962833 0.733825
vt 0.962833 0.853961
vt 0.968465 0.853961
vt 0.976098 0.892129
vt 0.976098 0.886497
vt 0.855963 0.886497
vt 0.855963 0.892129
vt 0.976098 0.001001
vt 0.976098 0.121136
vt 0.970467 0.121136
vt 0.970467 0.001001
vt 0.976098 0.899762
vt 0.976098 0.894131
vt 0.855963 0.894131
vt 0.855963 0.899762
vt 0.976098 0.123138
vt 0.970467 0.123138
vt 0.970467 0.243274
vt 0.976098 0.243274
vt 0.976098 0.907396
vt 0.976098 0.901764
vt 0.855963 0.901764
vt 0.855963 0.907396
vt 0.502816 0.487549
vt 0.489551 0.487549
vt 0.489551 0.367413
vt 0.502816 0.367413
vt 0.367413 0.518083
vt 0.367413 0.504818
vt 0.487549 0.504818
vt 0.487549 0.518083
vt 0.502816 0.365411
vt 0.489551 0.365411
vt 0.489551 0.245276
vt 0.502816 0.245276
vt 0.245276 0.518083
vt 0.245276 0.504818
vt 0.365411 0.504818
vt 0.365411 0.518083
vt 0.502816 0.243274
vt 0.502816 0.123138
vt 0.489551 0.123138
vt 0.489551 0.243274
vt 0.123138 0.518083
vt 0.243274 0.518083
vt 0.243274 0.504818
vt 0.123138 0.504818
vt 0.457014 0.365411
vt 0.457014 0.245276
vt 0.428482 0.245276
vt 0.428482 0.365411
vt 0.367413 0.502816
vt 0.367413 0.489551
vt 0.487549 0.489551
vt 0.487549 0.502816
vt 0.502816 0.121136
vt 0.502816 0.001001
vt 0.489551 0.001001
vt 0.489551 0.121136
vt 0.123138 0.502816
vt 0.243274 0.502816
vt 0.243274 0.489551
vt 0.123138 0.489551
vt 0.487549 0.487549
vt 0.487549 0.367413
vt 0.474283 0.367413
vt 0.474283 0.487549
vt 0.001001 0.502816
vt 0.121136 0.502816
vt 0.121136 0.489551
vt 0.001001 0.489551
vt 0.472281 0.487549
vt 0.472281 0.367413
vt 0.459016 0.367413
vt 0.459016 0.487549
vt 0.123138 0.487549
vt 0.243274 0.487549
vt 0.243274 0.474283
vt 0.123138 0.474283
vt 0.457014 0.487549
vt 0.457014 0.367413
vt 0.443749 0.367413
vt 0.443749 0.487549
vt 0.001001 0.487549
vt 0.121136 0.487549
vt 0.121136 0.474283
vt 0.001001 0.474283
vt 0.441747 0.487549
vt 0.441747 0.367413
vt 0.428482 0.367413
vt 0.428482 0.487549
vt 0.123138 0.472281
vt 0.243274 0.472281
vt 0.243274 0.459016
vt 0.123138 0.459016
vt 0.426480 0.487549
vt 0.426480 0.367413
vt 0.413215 0.367413
vt 0.413215 0.487549
vt 0.001001 0.472281
vt 0.121136 0.472281
vt 0.121136 0.459016
vt 0.001001 0.459016
vt 0.411213 0.487549
vt 0.411213 0.367413
vt 0.397948 0.367413
vt 0.397948 0.487549
vt 0.123138 0.457014
vt 0.243274 0.457014
vt 0.243274 0.443749
vt 0.123138 0.443749
vt 0.594419 0.121136
vt 0.594419 0.001001
vt 0.581154 0.001001
vt 0.581154 0.121136
vt 0.489551 0.579152
vt 0.489551 0.565886
vt 0.609686 0.565886
vt 0.609686 0.579152
vt 0.655488 0.609686
vt 0.655488 0.489551
vt 0.642222 0.489551
vt 0.642222 0.609686
vt 0.245276 0.304343
vt 0.365411 0.304343
vt 0.365411 0.245276
vt 0.245276 0.245276
vt 0.670755 0.243274
vt 0.670755 0.123138
vt 0.657490 0.123138
vt 0.657490 0.243274
vt 0.245276 0.182205
vt 0.365411 0.182205
vt 0.365411 0.123138
vt 0.245276 0.123138
vt 0.212739 0.121136
vt 0.212739 0.062070
vt 0.199474 0.062070
vt 0.199474 0.121136
vt 0.197472 0.121136
vt 0.197472 0.062070
vt 0.184207 0.062070
vt 0.184207 0.121136
vt 0.243274 0.121136
vt 0.243274 0.062070
vt 0.230009 0.062070
vt 0.230009 0.121136
vt 0.228007 0.121136
vt 0.228007 0.062070
vt 0.214741 0.062070
vt 0.214741 0.121136
vt 0.151671 0.121136
vt 0.151671 0.062070
vt 0.138406 0.062070
vt 0.138406 0.121136
vt 0.136404 0.121136
vt 0.136404 0.062070
vt 0.123138 0.062070
vt 0.123138 0.121136
vt 0.334877 0.321612
vt 0.321612 0.321612
vt 0.321612 0.334877
vt 0.334877 0.334877
vt 0.151671 0.016268
vt 0.138406 0.016268
vt 0.138406 0.029533
vt 0.151671 0.029533
vt 0.182205 0.214741
vt 0.182205 0.243274
vt 0.168940 0.243274
vt 0.168940 0.214741
vt 0.166938 0.214741
vt 0.166938 0.243274
vt 0.153673 0.243274
vt 0.153673 0.214741
vt 0.212739 0.123138
vt 0.212739 0.151671
vt 0.199474 0.151671
vt 0.199474 0.123138
vt 0.197472 0.123138
vt 0.197472 0.151671
vt 0.184207 0.151671
vt 0.184207 0.123138
vt 0.243274 0.123138
vt 0.243274 0.151671
vt 0.230009 0.151671
vt 0.230009 0.123138
vt 0.228007 0.123138
vt 0.228007 0.151671
vt 0.214741 0.151671
vt 0.214741 0.123138
vt 0.060068 0.384714
vt 0.042767 0.367413
vt 0.018301 0.367413
vt 0.001001 0.384714
vt 0.001001 0.409180
vt 0.018301 0.426480
vt 0.042768 0.426480
vt 0.060068 0.409180
vt 0.212739 0.153673
vt 0.212739 0.182205
vt 0.199474 0.182205
vt 0.199474 0.153673
vt 0.197472 0.153673
vt 0.197472 0.182205
vt 0.184207 0.182205
vt 0.184207 0.153673
vt 0.281442 0.487549
vt 0.275810 0.487549
vt 0.275810 0.459016
vt 0.281442 0.459016
vt 0.044801 0.029533
vt 0.039169 0.029533
vt 0.039169 0.001001
vt 0.044801 0.001001
vt 0.037167 0.029533
vt 0.031535 0.029533
vt 0.031535 0.001001
vt 0.037167 0.001001
vt 0.060068 0.029533
vt 0.054436 0.029533
vt 0.054436 0.001001
vt 0.060068 0.001001
vt 0.052434 0.029533
vt 0.046803 0.029533
vt 0.046803 0.001001
vt 0.052434 0.001001
vt 0.014266 0.029533
vt 0.008635 0.029533
vt 0.008635 0.001001
vt 0.014266 0.001001
vt 0.006633 0.029533
vt 0.001001 0.029533
vt 0.001001 0.001001
vt 0.006633 0.001001
vt 0.029533 0.029533
vt 0.023902 0.029533
vt 0.023902 0.001001
vt 0.029533 0.001001
vt 0.021900 0.029533
vt 0.016268 0.029533
vt 0.016268 0.001001
vt 0.021900 0.001001
vt 0.287042 0.365411
vt 0.304343 0.348111
vt 0.304343 0.323645
vt 0.287042 0.306345
vt 0.262576 0.306345
vt 0.245276 0.323645
vt 0.245276 0.348111
vt 0.262576 0.365411
vt 0.105869 0.060068
vt 0.100238 0.060068
vt 0.100238 0.031535
vt 0.105869 0.031535
vt 0.098236 0.060068
vt 0.092604 0.060068
vt 0.092604 0.031535
vt 0.098236 0.031535
vt 0.121136 0.060068
vt 0.115505 0.060068
vt 0.115505 0.031535
vt 0.121136 0.031535
vt 0.113503 0.060068
vt 0.107871 0.060068
vt 0.107871 0.031535
vt 0.113503 0.031535
vt 0.075335 0.060068
vt 0.069703 0.060068
vt 0.069703 0.031535
vt 0.075335 0.031535
vt 0.067701 0.060068
vt 0.062070 0.060068
vt 0.062070 0.031535
vt 0.067701 0.031535
vt 0.090602 0.060068
vt 0.084970 0.060068
vt 0.084970 0.031535
vt 0.090602 0.031535
vt 0.082968 0.060068
vt 0.082968 0.031535
vt 0.077337 0.031535
vt 0.077337 0.060068
vt 0.105869 0.029533
vt 0.105869 0.001001
vt 0.100238 0.001001
vt 0.100238 0.029533
vt 0.098236 0.029533
vt 0.098236 0.001001
vt 0.092604 0.001001
vt 0.092604 0.029533
vt 0.121136 0.029533
vt 0.121136 0.001001
vt 0.115505 0.001001
vt 0.115505 0.029533
vt 0.113503 0.029533
vt 0.113503 0.001001
vt 0.107871 0.001001
vt 0.107871 0.029533
vt 0.296709 0.464648
vt 0.296709 0.459016
vt 0.283444 0.459016
vt 0.283444 0.464648
vt 0.075335 0.029533
vt 0.075335 0.001001
vt 0.069703 0.001001
vt 0.069703 0.029533
vt 0.067701 0.029533
vt 0.067701 0.001001
vt 0.062070 0.001001
vt 0.062070 0.029533
vt 0.136404 0.019949
vt 0.136404 0.025853
vt 0.131669 0.029533
vt 0.125766 0.028220
vt 0.123138 0.022901
vt 0.125766 0.017582
vt 0.131669 0.016268
vt 0.151671 0.010585
vt 0.146936 0.014266
vt 0.141033 0.012953
vt 0.138406 0.007633
vt 0.141033 0.002315
vt 0.146936 0.001001
vt 0.151671 0.004682
vt 0.136404 0.214741
vt 0.130772 0.214741
vt 0.130772 0.228007
vt 0.136404 0.228007
vt 0.128770 0.214741
vt 0.123138 0.214741
vt 0.123138 0.228007
vt 0.128770 0.228007
vt 0.151671 0.214741
vt 0.146039 0.214741
vt 0.146039 0.228007
vt 0.151671 0.228007
vt 0.144037 0.214741
vt 0.138406 0.214741
vt 0.138406 0.228007
vt 0.144037 0.228007
vt 0.136404 0.001001
vt 0.123138 0.001001
vt 0.123138 0.014266
vt 0.136404 0.014266
vt 0.136404 0.230009
vt 0.130772 0.230009
vt 0.130772 0.243274
vt 0.136404 0.243274
vt 0.128770 0.230009
vt 0.123138 0.230009
vt 0.123138 0.243274
vt 0.128770 0.243274
vt 0.151671 0.230009
vt 0.146039 0.230009
vt 0.146039 0.243274
vt 0.151671 0.243274
vt 0.182205 0.016268
vt 0.168940 0.016268
vt 0.168940 0.029533
vt 0.182205 0.029533
vt 0.144037 0.230009
vt 0.138406 0.230009
vt 0.138406 0.243274
vt 0.144037 0.243274
vt 0.166938 0.184207
vt 0.161306 0.184207
vt 0.161306 0.197472
vt 0.166938 0.197472
vt 0.159304 0.184207
vt 0.153673 0.184207
vt 0.153673 0.197472
vt 0.159304 0.197472
vt 0.182205 0.197472
vt 0.176574 0.197472
vt 0.176574 0.184207
vt 0.182205 0.184207
vt 0.174572 0.197472
vt 0.168940 0.197472
vt 0.168940 0.184207
vt 0.174572 0.184207
vt 0.166938 0.027633
vt 0.166938 0.018169
vt 0.165171 0.016268
vt 0.155440 0.016268
vt 0.153673 0.018169
vt 0.153673 0.027633
vt 0.155440 0.029533
vt 0.165171 0.029533
vt 0.168940 0.002768
vt 0.168940 0.012499
vt 0.170840 0.014266
vt 0.180305 0.014266
vt 0.182205 0.012499
vt 0.182205 0.002768
vt 0.180305 0.001001
vt 0.170840 0.001001
vt 0.166938 0.212739
vt 0.161306 0.212739
vt 0.161306 0.199474
vt 0.166938 0.199474
vt 0.319610 0.313978
vt 0.319610 0.319610
vt 0.313978 0.319610
vt 0.313978 0.313978
vt 0.311976 0.313978
vt 0.311976 0.319610
vt 0.306345 0.319610
vt 0.306345 0.313978
vt 0.319610 0.306345
vt 0.319610 0.311976
vt 0.313978 0.311976
vt 0.313978 0.306345
vt 0.311976 0.306345
vt 0.311976 0.311976
vt 0.306345 0.311976
vt 0.306345 0.306345
vt 0.159304 0.212739
vt 0.153673 0.212739
vt 0.153673 0.199474
vt 0.159304 0.199474
vt 0.243274 0.153673
vt 0.243274 0.182205
vt 0.230009 0.182205
vt 0.230009 0.153673
vt 0.228007 0.153673
vt 0.228007 0.182205
vt 0.214741 0.182205
vt 0.214741 0.153673
vt 0.151671 0.123138
vt 0.151671 0.151671
vt 0.138406 0.151671
vt 0.138406 0.123138
vt 0.136404 0.123138
vt 0.136404 0.151671
vt 0.123138 0.151671
vt 0.123138 0.123138
vt 0.182205 0.123138
vt 0.182205 0.151671
vt 0.168940 0.151671
vt 0.168940 0.123138
vt 0.166938 0.123138
vt 0.166938 0.151671
vt 0.153673 0.151671
vt 0.153673 0.123138
vt 0.062070 0.201507
vt 0.062070 0.225974
vt 0.079370 0.243274
vt 0.103836 0.243274
vt 0.121136 0.225974
vt 0.121136 0.201507
vt 0.103836 0.184207
vt 0.079370 0.184207
vt 0.151671 0.153673
vt 0.151671 0.182205
vt 0.138406 0.182205
vt 0.138406 0.153673
vt 0.136404 0.153673
vt 0.136404 0.182205
vt 0.123138 0.182205
vt 0.123138 0.153673
vt 0.090602 0.029533
vt 0.084970 0.029533
vt 0.084970 0.001001
vt 0.090602 0.001001
vt 0.082968 0.029533
vt 0.077337 0.029533
vt 0.077337 0.001001
vt 0.082968 0.001001
vt 0.044801 0.121136
vt 0.039169 0.121136
vt 0.039169 0.092604
vt 0.044801 0.092604
vt 0.037167 0.121136
vt 0.031535 0.121136
vt 0.031535 0.092604
vt 0.037167 0.092604
vt 0.060068 0.121136
vt 0.054436 0.121136
vt 0.054436 0.092604
vt 0.060068 0.092604
vt 0.052434 0.121136
vt 0.046803 0.121136
vt 0.046803 0.092604
vt 0.052434 0.092604
vt 0.014266 0.121136
vt 0.008635 0.121136
vt 0.008635 0.092604
vt 0.014266 0.092604
vt 0.006633 0.121136
vt 0.001001 0.121136
vt 0.001001 0.092604
vt 0.006633 0.092604
vt 0.029533 0.121136
vt 0.023902 0.121136
vt 0.023902 0.092604
vt 0.029533 0.092604
vt 0.042768 0.184207
vt 0.018301 0.184207
vt 0.001001 0.201508
vt 0.001001 0.225974
vt 0.018301 0.243274
vt 0.042768 0.243274
vt 0.060068 0.225974
vt 0.060068 0.201507
vt 0.021900 0.121136
vt 0.016268 0.121136
vt 0.016268 0.092604
vt 0.021900 0.092604
vt 0.044801 0.090602
vt 0.039169 0.090602
vt 0.039169 0.062070
vt 0.044801 0.062070
vt 0.037167 0.090602
vt 0.031535 0.090602
vt 0.031535 0.062070
vt 0.037167 0.062070
vt 0.060068 0.090602
vt 0.054436 0.090602
vt 0.054436 0.062070
vt 0.060068 0.062070
vt 0.052434 0.090602
vt 0.046803 0.090602
vt 0.046803 0.062070
vt 0.052434 0.062070
vt 0.014266 0.090602
vt 0.008635 0.090602
vt 0.008635 0.062070
vt 0.014266 0.062070
vt 0.006633 0.090602
vt 0.001001 0.090602
vt 0.001001 0.062070
vt 0.006633 0.062070
vt 0.029533 0.090602
vt 0.029533 0.062070
vt 0.023902 0.062070
vt 0.023902 0.090602
vt 0.021900 0.090602
vt 0.021900 0.062070
vt 0.016268 0.062070
vt 0.016268 0.090602
vt 0.105869 0.121136
vt 0.105869 0.092604
vt 0.100238 0.092604
vt 0.100238 0.121136
vt 0.098236 0.121136
vt 0.098236 0.092604
vt 0.092604 0.092604
vt 0.092604 0.121136
vt 0.121136 0.121136
vt 0.121136 0.092604
vt 0.115505 0.092604
vt 0.115505 0.121136
vt 0.182205 0.199474
vt 0.176574 0.199474
vt 0.176574 0.212739
vt 0.182205 0.212739
vt 0.113503 0.121136
vt 0.113503 0.092604
vt 0.107871 0.092604
vt 0.107871 0.121136
vt 0.075335 0.121136
vt 0.075335 0.092604
vt 0.069703 0.092604
vt 0.069703 0.121136
vt 0.162204 0.014266
vt 0.156300 0.012953
vt 0.153673 0.007634
vt 0.156300 0.002315
vt 0.162204 0.001001
vt 0.166938 0.004682
vt 0.166938 0.010586
vt 0.146936 0.060068
vt 0.141032 0.058754
vt 0.138406 0.053435
vt 0.141033 0.048116
vt 0.146937 0.046803
vt 0.151671 0.050484
vt 0.151671 0.056387
vt 0.174572 0.199474
vt 0.168940 0.199474
vt 0.168940 0.212739
vt 0.174572 0.212739
vt 0.136404 0.184207
vt 0.130772 0.184207
vt 0.130772 0.197472
vt 0.136404 0.197472
vt 0.128770 0.184207
vt 0.123138 0.184207
vt 0.123138 0.197472
vt 0.128770 0.197472
vt 0.151671 0.184207
vt 0.146039 0.184207
vt 0.146039 0.197472
vt 0.151671 0.197472
vt 0.136404 0.046803
vt 0.123138 0.046803
vt 0.123138 0.060068
vt 0.136404 0.060068
vt 0.144037 0.184207
vt 0.138406 0.184207
vt 0.138406 0.197472
vt 0.144037 0.197472
vt 0.136404 0.199474
vt 0.130772 0.199474
vt 0.130772 0.212739
vt 0.136404 0.212739
vt 0.128770 0.199474
vt 0.123138 0.199474
vt 0.123138 0.212739
vt 0.128770 0.212739
vt 0.151671 0.031535
vt 0.138406 0.031535
vt 0.138406 0.044801
vt 0.151671 0.044801
vt 0.151671 0.199474
vt 0.146039 0.199474
vt 0.146039 0.212739
vt 0.151671 0.212739
vt 0.144037 0.199474
vt 0.138406 0.199474
vt 0.138406 0.212739
vt 0.144037 0.212739
vt 0.228007 0.214741
vt 0.222375 0.214741
vt 0.222375 0.228007
vt 0.228007 0.228007
vt 0.220373 0.228007
vt 0.214741 0.228007
vt 0.214741 0.214741
vt 0.220373 0.214741
vt 0.243274 0.228007
vt 0.237642 0.228007
vt 0.237642 0.214741
vt 0.243274 0.214741
vt 0.136404 0.042900
vt 0.136404 0.033436
vt 0.134637 0.031535
vt 0.124906 0.031535
vt 0.123139 0.033436
vt 0.123138 0.042900
vt 0.124906 0.044801
vt 0.134637 0.044801
vt 0.182205 0.058301
vt 0.182205 0.048569
vt 0.180304 0.046803
vt 0.170840 0.046803
vt 0.168940 0.048569
vt 0.168940 0.058301
vt 0.170841 0.060068
vt 0.180305 0.060068
vt 0.235640 0.228007
vt 0.230009 0.228007
vt 0.230009 0.214741
vt 0.235640 0.214741
vt 0.334877 0.313978
vt 0.334877 0.319610
vt 0.329245 0.319610
vt 0.329245 0.313978
vt 0.327243 0.313978
vt 0.327243 0.319610
vt 0.321612 0.319610
vt 0.321612 0.313978
vt 0.334877 0.306345
vt 0.334877 0.311976
vt 0.329245 0.311976
vt 0.329245 0.306345
vt 0.327243 0.306345
vt 0.327243 0.311976
vt 0.321612 0.311976
vt 0.321612 0.306345
vt 0.228007 0.243274
vt 0.222375 0.243274
vt 0.222375 0.230009
vt 0.228007 0.230009
vt 0.182205 0.153673
vt 0.182205 0.182205
vt 0.168940 0.182205
vt 0.168940 0.153673
vt 0.166938 0.153673
vt 0.166938 0.182205
vt 0.153673 0.182205
vt 0.153673 0.153673
vt 0.029533 0.031535
vt 0.029533 0.060068
vt 0.016268 0.060068
vt 0.016268 0.031535
vt 0.014266 0.031535
vt 0.014266 0.060068
vt 0.001001 0.060068
vt 0.001001 0.031535
vt 0.060068 0.031535
vt 0.060068 0.060068
vt 0.046803 0.060068
vt 0.046803 0.031535
vt 0.044801 0.031535
vt 0.044801 0.060068
vt 0.031535 0.060068
vt 0.031535 0.031535
vt 0.079370 0.182205
vt 0.103836 0.182205
vt 0.121136 0.164905
vt 0.121136 0.140439
vt 0.103836 0.123138
vt 0.079370 0.123138
vt 0.062070 0.140439
vt 0.062070 0.164905
vt 0.304343 0.428482
vt 0.304343 0.457014
vt 0.291077 0.457014
vt 0.291077 0.428482
vt 0.289075 0.428482
vt 0.289075 0.457014
vt 0.275810 0.457014
vt 0.275810 0.428482
vt 0.067701 0.121136
vt 0.062070 0.121136
vt 0.062070 0.092604
vt 0.067701 0.092604
vt 0.090602 0.121136
vt 0.084970 0.121136
vt 0.084970 0.092604
vt 0.090602 0.092604
vt 0.082968 0.121136
vt 0.077337 0.121136
vt 0.077337 0.092604
vt 0.082968 0.092604
vt 0.105869 0.090602
vt 0.100238 0.090602
vt 0.100238 0.062070
vt 0.105869 0.062070
vt 0.098236 0.090602
vt 0.092604 0.090602
vt 0.092604 0.062070
vt 0.098236 0.062070
vt 0.121136 0.090602
vt 0.115505 0.090602
vt 0.115505 0.062070
vt 0.121136 0.062070
vt 0.113503 0.090602
vt 0.107871 0.090602
vt 0.107871 0.062070
vt 0.113503 0.062070
vt 0.075335 0.090602
vt 0.069703 0.090602
vt 0.069703 0.062070
vt 0.075335 0.062070
vt 0.067701 0.090602
vt 0.062070 0.090602
vt 0.062070 0.062070
vt 0.067701 0.062070
vt 0.001001 0.164905
vt 0.018301 0.182205
vt 0.042767 0.182205
vt 0.060068 0.164905
vt 0.060068 0.140439
vt 0.042768 0.123138
vt 0.018301 0.123139
vt 0.001001 0.140439
vt 0.090602 0.090602
vt 0.084970 0.090602
vt 0.084970 0.062070
vt 0.090602 0.062070
vt 0.082968 0.090602
vt 0.077337 0.090602
vt 0.077337 0.062070
vt 0.082968 0.062070
vt 0.350144 0.365411
vt 0.344512 0.365411
vt 0.344512 0.336879
vt 0.350144 0.336879
vt 0.342510 0.365411
vt 0.336879 0.365411
vt 0.336879 0.336879
vt 0.342510 0.336879
vt 0.365411 0.365411
vt 0.359780 0.365411
vt 0.359780 0.336879
vt 0.365411 0.336879
vt 0.357778 0.365411
vt 0.352146 0.365411
vt 0.352146 0.336879
vt 0.357778 0.336879
vt 0.319610 0.365411
vt 0.313978 0.365411
vt 0.313978 0.336879
vt 0.319610 0.336879
vt 0.311976 0.365411
vt 0.311976 0.336879
vt 0.306345 0.336879
vt 0.306345 0.365411
vt 0.334877 0.365411
vt 0.334877 0.336879
vt 0.329245 0.336879
vt 0.329245 0.365411
vt 0.327243 0.365411
vt 0.327243 0.336879
vt 0.321612 0.336879
vt 0.321612 0.365411
vt 0.350144 0.334877
vt 0.350144 0.306345
vt 0.344512 0.306345
vt 0.344512 0.334877
vt 0.342510 0.334877
vt 0.342510 0.306345
vt 0.336879 0.306345
vt 0.336879 0.334877
vt 0.220373 0.230009
vt 0.214741 0.230009
vt 0.214741 0.243274
vt 0.220373 0.243274
vt 0.365411 0.334877
vt 0.365411 0.306345
vt 0.359780 0.306345
vt 0.359780 0.334877
vt 0.357778 0.334877
vt 0.357778 0.306345
vt 0.352146 0.306345
vt 0.352146 0.334877
vt 0.156300 0.058754
vt 0.153673 0.053435
vt 0.156300 0.048116
vt 0.162204 0.046803
vt 0.166938 0.050484
vt 0.166938 0.056387
vt 0.162203 0.060068
vt 0.168940 0.038168
vt 0.171567 0.032849
vt 0.177471 0.031535
vt 0.182205 0.035216
vt 0.182205 0.041120
vt 0.177471 0.044801
vt 0.171567 0.043487
vt 0.243274 0.230009
vt 0.237642 0.230009
vt 0.237642 0.243274
vt 0.243274 0.243274
vt 0.235640 0.230009
vt 0.230009 0.230009
vt 0.230009 0.243274
vt 0.235640 0.243274
vt 0.197472 0.214741
vt 0.191841 0.214741
vt 0.191841 0.228007
vt 0.197472 0.228007
vt 0.189839 0.214741
vt 0.184207 0.214741
vt 0.184207 0.228007
vt 0.189839 0.228007
vt 0.166938 0.031535
vt 0.153673 0.031535
vt 0.153673 0.044801
vt 0.166938 0.044801
vt 0.212739 0.214741
vt 0.207108 0.214741
vt 0.207108 0.228007
vt 0.212739 0.228007
vt 0.205106 0.214741
vt 0.199474 0.214741
vt 0.199474 0.228007
vt 0.205106 0.228007
vt 0.197472 0.230009
vt 0.191841 0.230009
vt 0.191841 0.243274
vt 0.197472 0.243274
vt 0.212739 0.199474
vt 0.199474 0.199474
vt 0.199474 0.212739
vt 0.212739 0.212739
vt 0.189839 0.230009
vt 0.184207 0.230009
vt 0.184207 0.243274
vt 0.189839 0.243274
vt 0.212739 0.230009
vt 0.207108 0.230009
vt 0.207108 0.243274
vt 0.212739 0.243274
vt 0.205106 0.230009
vt 0.199474 0.230009
vt 0.199474 0.243274
vt 0.205106 0.243274
vt 0.228007 0.197472
vt 0.222375 0.197472
vt 0.222375 0.184207
vt 0.228007 0.184207
vt 0.220373 0.197472
vt 0.214741 0.197472
vt 0.214741 0.184207
vt 0.220373 0.184207
vt 0.195572 0.199474
vt 0.186108 0.199474
vt 0.184207 0.201241
vt 0.184207 0.210973
vt 0.186108 0.212739
vt 0.195572 0.212739
vt 0.197472 0.210973
vt 0.197472 0.201241
vt 0.201241 0.197472
vt 0.210973 0.197472
vt 0.212739 0.195572
vt 0.212739 0.186108
vt 0.210973 0.184207
vt 0.201241 0.184207
vt 0.199474 0.186108
vt 0.199474 0.195572
vt 0.243274 0.197472
vt 0.237642 0.197472
vt 0.237642 0.184207
vt 0.243274 0.184207
vt 0.319610 0.329245
vt 0.319610 0.334877
vt 0.313978 0.334877
vt 0.313978 0.329245
vt 0.311976 0.329245
vt 0.311976 0.334877
vt 0.306345 0.334877
vt 0.306345 0.329245
vt 0.319610 0.321612
vt 0.319610 0.327243
vt 0.313978 0.327243
vt 0.313978 0.321612
vt 0.311976 0.321612
vt 0.311976 0.327243
vt 0.306345 0.327243
vt 0.306345 0.321612
vt 0.235640 0.197472
vt 0.230009 0.197472
vt 0.230009 0.184207
vt 0.235640 0.184207
vt 0.686022 0.243274
vt 0.686022 0.123138
vt 0.672757 0.123138
vt 0.672757 0.243274
vt 0.123138 0.365411
vt 0.243274 0.365411
vt 0.243274 0.306345
vt 0.123138 0.306345
vt 0.747091 0.487549
vt 0.747091 0.367413
vt 0.733825 0.367413
vt 0.733825 0.487549
vt 0.245276 0.243274
vt 0.365411 0.243274
vt 0.365411 0.184207
vt 0.245276 0.184207
vt 0.182205 0.121136
vt 0.182205 0.062070
vt 0.168940 0.062070
vt 0.168940 0.121136
vt 0.166938 0.121136
vt 0.166938 0.062070
vt 0.153673 0.062070
vt 0.153673 0.121136
vt 0.212739 0.060068
vt 0.212739 0.001001
vt 0.199474 0.001001
vt 0.199474 0.060068
vt 0.197472 0.060068
vt 0.197472 0.001001
vt 0.184207 0.001001
vt 0.184207 0.060068
vt 0.243274 0.060068
vt 0.243274 0.001001
vt 0.230009 0.001001
vt 0.230009 0.060068
vt 0.228007 0.060068
vt 0.228007 0.001001
vt 0.214741 0.001001
vt 0.214741 0.060068
vt 0.197472 0.184207
vt 0.184207 0.184207
vt 0.184207 0.197472
vt 0.197472 0.197472
vt 0.243274 0.199474
vt 0.230009 0.199474
vt 0.230009 0.212739
vt 0.243274 0.212739
vt 0.808159 0.365411
vt 0.808159 0.245276
vt 0.794894 0.245276
vt 0.794894 0.365411
vt 0.001001 0.991365
vt 0.121136 0.991365
vt 0.121136 0.985734
vt 0.001001 0.985734
vt 0.823426 0.731823
vt 0.823426 0.611688
vt 0.810161 0.611688
vt 0.810161 0.731823
vt 0.001001 0.365411
vt 0.121136 0.365411
vt 0.121136 0.306345
vt 0.001001 0.306345
vt 0.228007 0.199474
vt 0.222375 0.199474
vt 0.222375 0.212739
vt 0.228007 0.212739
vt 0.273808 0.487549
vt 0.273808 0.428482
vt 0.260543 0.428482
vt 0.260543 0.487549
vt 0.220373 0.199474
vt 0.214741 0.199474
vt 0.214741 0.212739
vt 0.220373 0.212739
vt 0.258541 0.487549
vt 0.258541 0.428482
vt 0.245276 0.428482
vt 0.245276 0.487549
vt 0.304343 0.121136
vt 0.304343 0.001001
vt 0.245276 0.001001
vt 0.245276 0.121136
vt 0.123138 0.304343
vt 0.243274 0.304343
vt 0.243274 0.245276
vt 0.123138 0.245276
vt 0.998999 0.243274
vt 0.998999 0.123138
vt 0.993367 0.123138
vt 0.993367 0.243274
vt 0.001001 0.304343
vt 0.121136 0.304343
vt 0.121136 0.245276
vt 0.001001 0.245276
vt 0.548617 0.998999
vt 0.548617 0.993367
vt 0.489551 0.993367
vt 0.489551 0.998999
vt 0.548617 0.991365
vt 0.548617 0.985734
vt 0.489551 0.985734
vt 0.489551 0.991365
vn -0.5946 0.7959 0.1140
vn -0.6254 0.0017 -0.7803
vn -0.4508 0.2514 -0.8565
vn -0.4245 0.2540 -0.8691
vn 0.2099 0.4731 0.8556
vn -0.0369 0.6348 0.7718
vn -0.4514 0.1306 0.8827
vn -0.4634 0.0764 0.8828
vn 0.9908 -0.0199 -0.1340
vn 0.9994 0.0317 0.0167
vn 0.9940 0.1043 -0.0337
vn 0.9919 0.1120 0.0604
vn 0.9512 0.0569 0.3032
vn 0.8750 -0.0088 0.4840
vn 0.9975 0.0491 0.0510
vn 0.9908 0.1329 -0.0251
vn -0.1657 0.9027 0.3971
vn -0.6557 0.7337 0.1779
vn -0.5354 0.8444 0.0187
vn -0.5313 0.8469 0.0218
vn -0.8981 -0.4286 -0.0986
vn -0.5931 0.3852 -0.7071
vn -0.5992 -0.2650 -0.7554
vn -0.7530 0.6363 0.1677
vn -0.1769 -0.9615 0.2104
vn -0.1132 -0.9738 0.1974
vn -0.3522 -0.9250 -0.1429
vn -0.1251 -0.9613 0.2454
vn 0.9482 -0.3031 0.0950
vn 0.9596 -0.2428 -0.1420
vn 0.9790 -0.0587 0.1954
vn 0.9531 -0.1409 -0.2678
vn -0.0839 -0.9827 -0.1651
vn -0.2284 -0.9619 -0.1504
vn -0.3993 -0.9074 0.1312
vn -0.3862 -0.8713 0.3028
vn 0.1179 0.3409 0.9327
vn -0.0406 0.4384 0.8979
vn 0.0584 0.5818 0.8112
vn 0.1348 0.4877 0.8626
vn 0.9914 -0.1251 -0.0385
vn 0.9317 0.0894 0.3522
vn 1.0000 0.0039 -0.0088
vn 0.8958 0.4208 0.1433
vn 0.9081 0.4177 0.0302
vn 0.9983 0.0481 0.0315
vn 0.9583 -0.1075 -0.2648
vn 0.8027 0.4348 -0.4082
vn 0.0459 -0.9981 0.0401
vn -0.4565 -0.7874 -0.4143
vn -0.1170 -0.9905 -0.0718
vn -0.0938 -0.9955 -0.0163
vn 0.4270 0.1332 -0.8944
vn 0.6619 -0.7061 -0.2517
vn 0.3463 -0.9309 -0.1162
vn 0.4317 0.1421 -0.8908
vn -0.9960 0.0893 -0.0040
vn -0.9789 0.1056 0.1749
vn -0.9996 0.0035 0.0269
vn -0.9952 0.0836 0.0508
vn -0.4824 0.6468 -0.5907
vn -0.7759 -0.0251 -0.6303
vn -0.7839 0.0696 -0.6170
vn -0.0228 -0.6927 -0.7209
vn -0.1239 -0.7322 -0.6697
vn -0.2447 -0.5913 -0.7684
vn 0.2035 -0.5574 -0.8049
vn 0.0435 -0.6990 -0.7138
vn 0.4935 -0.0520 -0.8682
vn 0.9415 0.3356 -0.0316
vn -0.2806 -0.8437 -0.4575
vn 0.3098 0.9346 0.1750
vn 0.5661 0.8174 -0.1068
vn -0.0733 0.9897 -0.1227
vn 0.1214 0.9833 -0.1359
vn -0.1483 0.9712 0.1867
vn -0.9271 0.0792 0.3663
vn -0.9761 -0.0411 0.2133
vn -0.9967 0.0808 0.0027
vn -0.9994 -0.0337 0.0005
vn 0.1571 -0.9839 0.0853
vn 0.3977 -0.4809 0.7814
vn 0.3658 -0.5969 0.7141
vn -0.0586 -0.5796 0.8128
vn -0.2595 -0.6546 -0.7101
vn -0.6102 -0.5863 -0.5328
vn -0.6026 -0.4893 -0.6304
vn -0.1977 -0.7236 -0.6613
vn -0.9946 -0.0840 -0.0613
vn -0.9545 0.0252 -0.2973
vn -0.9315 -0.0137 -0.3634
vn -0.7775 -0.3062 -0.5492
vn 0.5242 0.4050 0.7491
vn 0.0920 -0.8385 0.5371
vn 0.0795 -0.8536 0.5149
vn 0.1409 -0.7366 -0.6614
vn -0.4141 0.4118 -0.8117
vn -0.4105 0.4052 -0.8169
vn -0.3725 0.4762 -0.7965
vn -0.7160 0.1600 -0.6795
vn 0.2357 -0.3369 0.9116
vn -0.2840 0.7748 0.5648
vn 0.3812 0.1601 0.9105
vn 0.4579 0.0102 0.8889
vn -0.4111 -0.2842 0.8662
vn -0.3864 -0.2524 0.8871
vn 0.9786 -0.2011 0.0445
vn -0.6269 -0.7494 0.2129
vn 0.1052 0.8093 -0.5779
vn 0.6650 0.6002 -0.4444
vn 0.4450 0.1825 -0.8767
vn 0.4526 0.1882 -0.8716
vn 0.3333 0.4778 -0.8128
vn -0.1022 -0.4340 -0.8951
vn 0.1185 -0.0116 -0.9929
vn 0.0930 0.0253 -0.9953
vn -0.5512 -0.1406 0.8224
vn -0.4770 -0.1315 0.8690
vn -0.3021 0.5349 0.7891
vn -0.6053 -0.0476 0.7946
vn -0.1574 0.8108 0.5637
vn 0.1756 -0.4310 0.8851
vn -0.4994 -0.3790 0.7790
vn 0.4469 -0.3340 0.8299
vn 0.1882 -0.0366 0.9815
vn 0.1955 0.0154 0.9806
vn 0.3804 0.4475 0.8094
vn 0.4768 0.4654 0.7457
vn 0.4178 0.1526 -0.8956
vn 0.2687 -0.1773 -0.9468
vn 0.4253 0.0817 -0.9014
vn 0.4554 0.0522 -0.8888
vn -0.3973 -0.1887 0.8981
vn -0.4311 -0.1478 0.8901
vn -0.3460 0.2915 0.8918
vn -0.7501 -0.3161 0.5809
vn 0.6095 -0.0054 -0.7927
vn 0.2313 -0.0115 -0.9728
vn 0.2614 0.0359 -0.9646
vn 0.1171 -0.0542 -0.9916
vn 0.4357 -0.6916 0.5761
vn -0.3456 -0.7729 0.5322
vn -0.1264 -0.8553 0.5025
vn -0.0920 -0.8515 0.5162
vn 0.6124 -0.5740 0.5437
vn 0.1252 0.1198 0.9849
vn 0.6646 -0.4476 0.5983
vn 0.5788 -0.4793 0.6598
vn -0.4092 -0.9123 0.0192
vn -0.4304 -0.9012 -0.0500
vn -0.6802 -0.7311 -0.0536
vn -0.8216 -0.5676 -0.0532
vn 0.1121 -0.9937 -0.0072
vn 0.1653 -0.9862 -0.0089
vn 0.1365 -0.9779 0.1587
vn 0.3252 -0.9454 -0.0226
vn 0.1309 0.7774 -0.6153
vn -0.2479 0.7648 -0.5946
vn 0.9629 0.2270 -0.1460
vn 0.7679 0.0208 -0.6402
vn 0.4268 0.5059 -0.7496
vn 0.8327 0.0702 -0.5492
vn 0.7123 0.3944 -0.5806
vn 0.5394 0.0276 -0.8416
vn -0.0975 0.0062 0.9952
vn 0.0917 -0.0675 0.9935
vn -0.7856 0.0658 0.6152
vn -0.8842 -0.0472 0.4646
vn 0.1641 0.9839 -0.0713
vn 0.2318 0.9697 0.0775
vn 0.0861 0.9940 0.0681
vn 0.0794 0.9968 -0.0027
vn -0.1569 -0.3116 0.9372
vn -0.1746 0.0170 0.9845
vn -0.0167 0.3561 0.9343
vn -0.3884 0.1351 0.9115
vn -0.5206 0.8536 -0.0181
vn -0.5180 0.8552 -0.0170
vn -0.5393 0.8248 -0.1696
vn -0.8938 0.4171 -0.1649
vn -0.5386 0.1517 0.8288
vn -0.7244 -0.3806 -0.5748
vn -0.3591 -0.1161 -0.9260
vn -0.6708 -0.2763 0.6882
vn 0.5241 0.8504 0.0473
vn 0.5633 0.8262 -0.0008
vn 0.8631 0.4985 -0.0813
vn 0.6412 0.7641 -0.0707
vn -0.3730 -0.0973 -0.9227
vn -0.4224 -0.2086 -0.8821
vn 0.6026 -0.2027 -0.7719
vn -0.3661 -0.5303 -0.7647
vn -0.4246 0.2539 -0.8691
vn 0.7379 0.1799 -0.6504
vn 0.4676 -0.0586 -0.8820
vn 0.4778 -0.0901 -0.8738
vn -0.3704 -0.4389 -0.8186
vn 0.8739 0.0496 0.4835
vn 0.8362 -0.0337 0.5474
vn 0.9976 -0.0359 0.0591
vn 0.9812 0.1837 0.0592
vn 0.0136 0.7528 0.6581
vn -0.3973 0.8500 0.3460
vn -0.3158 0.8259 0.4670
vn -0.2452 0.8545 0.4580
vn 0.9656 -0.0175 -0.2595
vn 0.9840 -0.0220 -0.1770
vn 0.9994 -0.0105 0.0317
vn 0.9886 -0.1029 0.1101
vn -0.1555 0.9221 0.3543
vn -0.1768 0.8836 0.4335
vn -0.2885 0.9132 0.2877
vn -0.0535 0.9243 0.3779
vn 0.9561 -0.2780 0.0928
vn 0.9653 -0.2425 -0.0966
vn 0.9760 -0.2139 0.0404
vn 0.9503 -0.1141 -0.2898
vn 0.2634 -0.7110 0.6520
vn 0.3344 -0.8107 0.4805
vn 0.3088 -0.7193 0.6224
vn 0.5258 -0.6300 0.5715
vn 0.1165 -0.4799 -0.8696
vn 0.3617 -0.1548 -0.9194
vn 0.0936 -0.4238 -0.9009
vn 0.2132 -0.2821 -0.9354
vn 0.9316 0.0894 0.3522
vn -0.4467 -0.1280 0.8855
vn -0.4412 -0.1281 0.8882
vn -0.5311 0.3608 -0.7666
vn -0.8179 -0.4325 0.3793
vn -0.4750 0.6595 -0.5825
vn -0.7759 -0.0251 -0.6304
vn -0.0419 -0.7304 -0.6817
vn -0.1543 -0.7345 -0.6608
vn -0.2447 -0.5913 -0.7685
vn -0.8523 -0.4847 0.1965
vn -0.6684 0.0961 -0.7376
vn -0.1805 -0.8201 -0.5429
vn -0.8418 -0.4826 0.2420
vn 0.0654 -0.8391 0.5400
vn -0.5050 -0.8615 0.0538
vn -0.0785 -0.9865 0.1440
vn 0.0263 -0.9771 0.2111
vn -0.9271 0.0790 0.3663
vn -0.9791 -0.0363 0.2002
vn -0.9973 0.0738 0.0024
vn 0.1556 -0.9844 0.0823
vn 0.3937 -0.4945 0.7749
vn 0.3657 -0.5972 0.7139
vn -0.0801 -0.5800 0.8106
vn -0.1725 0.8447 0.5067
vn 0.1369 0.7151 0.6855
vn 0.4614 0.8852 0.0594
vn -0.2044 0.5277 0.8245
vn -0.9946 -0.0841 -0.0613
vn -0.7775 -0.3062 -0.5493
vn 0.5217 0.4054 0.7506
vn 0.0796 -0.8536 0.5149
vn 0.1409 -0.7367 -0.6614
vn -0.4140 0.4119 -0.8117
vn -0.4104 0.4052 -0.8169
vn 0.3978 0.2671 -0.8778
vn 0.8855 0.4592 -0.0715
vn 0.8788 -0.1516 0.4524
vn 0.3818 0.2781 -0.8814
vn 0.2532 0.2492 0.9348
vn -0.4362 -0.1963 0.8782
vn -0.4342 -0.1918 0.8802
vn -0.0795 0.2710 0.9593
vn 0.4119 0.5149 -0.7518
vn 0.1097 -0.5654 -0.8175
vn 0.5618 0.1217 -0.8183
vn 0.5085 -0.0403 -0.8601
vn -0.0864 -0.2113 -0.9736
vn 0.4173 0.0731 -0.9058
vn 0.2132 0.5654 -0.7968
vn -0.1999 -0.3738 -0.9057
vn -0.1913 0.3772 -0.9062
vn 0.5267 0.4658 -0.7111
vn 0.3221 0.2556 0.9116
vn 0.3779 0.4031 0.8335
vn 0.3879 0.4114 0.8248
vn 0.4769 0.4292 0.7671
vn -0.4835 -0.1958 0.8532
vn -0.5247 -0.1821 0.8316
vn -0.3857 -0.0949 0.9177
vn -0.4894 -0.3321 0.8063
vn 0.3776 0.2786 -0.8831
vn 0.2029 0.5071 -0.8377
vn 0.8103 0.3016 -0.5025
vn 0.4148 0.1753 -0.8928
vn 0.5235 -0.5197 0.6752
vn 0.3771 -0.0023 0.9262
vn 0.6767 -0.4561 0.5780
vn 0.5797 -0.4840 0.6555
vn -0.4297 -0.9029 0.0087
vn -0.6615 -0.7484 -0.0489
vn -0.7097 -0.7029 -0.0471
vn -0.8384 -0.5424 -0.0533
vn 0.9628 0.2261 -0.1479
vn 0.7681 0.0210 -0.6400
vn -0.3400 -0.2200 0.9143
vn -0.4440 -0.2609 0.8572
vn -0.4007 -0.1301 0.9069
vn -0.0630 -0.4673 0.8818
vn 0.0201 0.0290 0.9994
vn 0.0802 -0.0586 0.9951
vn -0.7770 0.0702 0.6256
vn -0.8817 -0.0491 0.4693
vn -0.1569 -0.3117 0.9372
vn -0.5405 0.8405 -0.0377
vn -0.5157 0.8553 -0.0502
vn 0.6933 0.1703 -0.7002
vn 0.7534 -0.3905 -0.5291
vn -0.4747 -0.1393 -0.8691
vn -0.2956 0.7375 -0.6072
vn 0.5619 0.8269 0.0220
vn 0.5655 0.8247 -0.0008
vn 0.8632 0.4984 -0.0808
vn -0.3040 -0.2996 -0.9043
vn -0.3672 -0.1833 -0.9119
vn 0.6066 -0.1999 -0.7695
vn -0.3628 -0.5426 -0.7576
vn -0.5387 0.1253 0.8331
vn 0.4346 -0.2393 0.8682
vn 0.4283 -0.2372 0.8720
vn 0.2024 -0.5882 0.7830
vn 0.7380 0.1799 -0.6504
vn 0.9812 0.1836 0.0592
vn -0.3973 0.8500 0.3459
vn -0.3159 0.8259 0.4670
vn -0.2452 0.8545 0.4579
vn 0.9656 -0.0176 -0.2596
vn 0.9839 -0.0220 -0.1771
vn 0.9886 -0.1029 0.1100
vn 0.1401 -0.9256 -0.3515
vn 0.1464 -0.9002 -0.4102
vn -0.0468 -0.8619 -0.5049
vn 0.1494 -0.9055 -0.3972
vn -0.2194 0.7409 -0.6347
vn -0.1945 0.7335 -0.6512
vn -0.3381 0.7166 -0.6100
vn -0.2921 0.6393 -0.7113
vn 0.3616 -0.1549 -0.9194
vn 1.0000 0.0039 -0.0087
vn -0.0953 0.9761 -0.1952
vn 0.0603 0.9980 0.0165
vn 0.1207 0.9872 0.1041
vn -0.0721 0.9805 -0.1826
vn -0.5310 0.3609 -0.7667
vn -0.4750 0.6595 -0.5826
vn -0.8524 -0.4846 0.1965
vn -0.8418 -0.4825 0.2421
vn 0.5678 0.8168 -0.1017
vn 0.1213 0.9833 -0.1359
vn -0.1479 0.9714 0.1857
vn -0.9271 0.0789 0.3663
vn 0.5980 0.0625 -0.7990
vn -0.5174 0.3287 -0.7901
vn -0.3724 0.6050 -0.7037
vn -0.2878 0.5932 -0.7518
vn 0.5185 0.4058 0.7527
vn 0.0921 -0.8385 0.5371
vn 0.1408 -0.7367 -0.6614
vn 0.4161 -0.4254 0.8037
vn -0.0062 -0.4033 0.9151
vn 0.3512 -0.4538 0.8190
vn 0.3926 -0.4228 0.8167
vn -0.6614 -0.2167 -0.7180
vn -0.4830 0.0193 -0.8754
vn -0.3583 -0.1790 -0.9163
vn -0.2740 0.8988 -0.3421
vn 0.8788 -0.1516 0.4525
vn 0.2533 0.2492 0.9348
vn -0.0794 0.2710 0.9593
vn 0.4118 0.5149 -0.7518
vn 0.2131 0.5654 -0.7968
vn -0.1999 -0.3739 -0.9057
vn 0.5267 0.4657 -0.7111
vn -0.4191 -0.5430 -0.7277
vn -0.3288 -0.5099 -0.7949
vn -0.3944 -0.4216 -0.8165
vn -0.3956 -0.3877 -0.8326
vn 0.4430 0.2220 -0.8686
vn 0.3497 -0.0227 -0.9366
vn -0.3587 -0.1728 0.9173
vn -0.4164 -0.1705 0.8930
vn -0.3449 0.2980 0.8901
vn -0.7501 -0.3128 0.5826
vn 0.2314 -0.0115 -0.9728
vn 0.5797 -0.4839 0.6555
vn -0.8384 -0.5425 -0.0533
vn 0.9627 0.2250 -0.1503
vn 0.7684 0.0213 -0.6396
vn -0.3401 -0.2200 0.9143
vn -0.4440 -0.2608 0.8572
vn -0.7770 0.0701 0.6256
vn 0.5165 0.1096 0.8492
vn 0.0288 0.1411 0.9896
vn 0.8193 -0.3795 0.4299
vn 0.3908 0.2863 0.8748
vn 0.2023 -0.5882 0.7830
vn 0.0137 0.7528 0.6581
vn -0.3973 0.8499 0.3460
vn -0.3158 0.8259 0.4671
vn -0.2193 0.7409 -0.6348
vn -0.1945 0.7335 -0.6513
vn -0.3380 0.7166 -0.6101
vn -0.2919 0.6393 -0.7114
vn 0.0935 -0.4238 -0.9009
vn -0.4412 -0.1282 0.8882
vn -0.0420 -0.7304 -0.6817
vn -0.8417 -0.4825 0.2421
vn 0.5679 0.8168 -0.1017
vn -0.0732 0.9897 -0.1227
vn -0.3725 0.6050 -0.7037
vn 0.5226 0.4052 0.7501
vn -0.6614 -0.2168 -0.7180
vn -0.3944 -0.4217 -0.8165
vn 0.5798 -0.4839 0.6555
vn 0.1122 -0.9937 -0.0072
vn 0.9628 0.2264 -0.1472
vn 0.7681 0.0209 -0.6400
vn 0.0202 0.0291 0.9994
vn -0.8816 -0.0491 0.4694
vn -0.3885 0.1351 0.9115
vn -0.5393 0.8248 -0.1697
vn 0.8631 0.4984 -0.0812
vn 0.5165 0.1095 0.8493
vn 0.7379 0.1799 -0.6505
vn 0.4676 -0.0587 -0.8820
vn 0.4778 -0.0902 -0.8738
vn 0.9656 -0.0175 -0.2596
vn 0.9840 -0.0220 -0.1771
vn -0.0468 -0.8619 -0.5048
vn -0.2194 0.7411 -0.6346
vn -0.1945 0.7337 -0.6511
vn -0.3380 0.7168 -0.6099
vn -0.2919 0.6395 -0.7112
vn 0.1164 -0.4799 -0.8696
vn 0.8958 0.4207 0.1433
vn -0.4468 -0.1280 0.8855
vn -0.5311 0.3609 -0.7666
vn 0.5678 0.8168 -0.1018
vn -0.2045 0.5277 0.8245
vn 0.5248 0.4049 0.7488
vn 0.3926 -0.4228 0.8168
vn 0.4118 0.5149 -0.7519
vn 0.6095 -0.0054 -0.7928
vn 0.9629 0.2273 -0.1455
vn 0.7679 0.0207 -0.6403
vn -0.0629 -0.4673 0.8818
vn 0.6934 0.1704 -0.7002
vn 0.8631 0.4984 -0.0811
vn 0.5164 0.1095 0.8493
vn 0.3909 0.2863 0.8748
vn -0.5387 0.1253 0.8332
vn 0.4347 -0.2393 0.8682
vn 0.0136 0.7529 0.6580
vn -0.3159 0.8260 0.4669
vn 0.1495 -0.9055 -0.3972
vn -0.2193 0.7410 -0.6347
vn -0.1944 0.7336 -0.6512
vn -0.3380 0.7167 -0.6100
vn -0.2919 0.6394 -0.7113
vn 0.3616 -0.1548 -0.9194
vn -0.1805 -0.8201 -0.5430
vn -0.8418 -0.4825 0.2420
vn 0.1368 0.7151 0.6855
vn 0.5268 0.4046 0.7475
vn 0.0919 -0.8385 0.5371
vn 0.1410 -0.7366 -0.6614
vn -0.4342 -0.1918 0.8801
vn -0.4165 -0.1705 0.8930
vn 0.9629 0.2280 -0.1441
vn 0.7677 0.0206 -0.6405
vn 0.0137 0.7527 0.6582
vn -0.3973 0.8499 0.3462
vn -0.3158 0.8258 0.4672
vn -0.2452 0.8544 0.4581
vn 0.1401 -0.9257 -0.3515
vn 0.1464 -0.9002 -0.4101
vn -0.0468 -0.8620 -0.5048
vn 0.1495 -0.9055 -0.3971
vn 0.9503 -0.1141 -0.2897
vn -0.3379 0.7167 -0.6100
vn -0.2918 0.6395 -0.7113
vn 0.3617 -0.1549 -0.9194
vn -0.4413 -0.1281 0.8882
vn -0.5309 0.3609 -0.7667
vn -0.1543 -0.7345 -0.6609
vn 0.2035 -0.5573 -0.8050
vn -0.3724 0.6050 -0.7038
vn 0.4615 0.8852 0.0594
vn -0.2045 0.5276 0.8245
vn -0.9316 -0.0137 -0.3634
vn 0.5255 0.4048 0.7483
vn -0.4361 -0.1963 0.8782
vn 0.5618 0.1216 -0.8183
vn -0.2000 -0.3739 -0.9057
vn 0.5266 0.4657 -0.7112
vn 0.4430 0.2219 -0.8686
vn -0.6615 -0.7484 -0.0488
vn 0.9629 0.2275 -0.1450
vn 0.7678 0.0207 -0.6404
vn -0.0629 -0.4674 0.8818
vn 0.0202 0.0290 0.9994
vn 0.5164 0.1094 0.8493
vn -0.5386 0.1253 0.8332
vn 0.7380 0.1800 -0.6504
vn -0.2189 0.7410 -0.6348
vn -0.1947 0.7338 -0.6509
vn -0.3382 0.7165 -0.6101
vn -0.2916 0.6399 -0.7109
vn -0.0953 0.9761 -0.1951
vn 0.0604 0.9980 0.0166
vn -0.8179 -0.4326 0.3793
vn -0.1806 -0.8200 -0.5431
vn -0.0733 0.9897 -0.1226
vn 0.1213 0.9833 -0.1358
vn -0.1479 0.9714 0.1858
vn -0.2878 0.5933 -0.7518
vn 0.5222 0.4053 0.7504
vn -0.4189 -0.5429 -0.7279
vn -0.3959 -0.3879 -0.8324
vn 0.9628 0.2263 -0.1475
vn -0.4746 -0.1394 -0.8691
vn 0.5160 0.1091 0.8496
vn 0.3905 0.2865 0.8749
vn 0.4346 -0.2392 0.8683
vn 0.4282 -0.2371 0.8720
vn 0.4778 -0.0902 -0.8739
vn 0.0137 0.7528 0.6582
vn -0.3973 0.8499 0.3461
vn -0.2451 0.8545 0.4581
vn 0.1401 -0.9257 -0.3512
vn 0.1465 -0.9002 -0.4101
vn -0.0470 -0.8619 -0.5049
vn 0.1496 -0.9055 -0.3972
vn -0.2196 0.7410 -0.6346
vn -0.1942 0.7334 -0.6514
vn -0.3378 0.7168 -0.6100
vn -0.2919 0.6391 -0.7116
vn 0.0604 0.9980 0.0165
vn 0.1207 0.9872 0.1040
vn -0.0732 0.9897 -0.1228
vn 0.1214 0.9833 -0.1360
vn -0.1479 0.9714 0.1856
vn 0.4615 0.8852 0.0593
vn 0.5224 0.4052 0.7503
vn 0.4161 -0.4255 0.8036
vn -0.1998 -0.3739 -0.9057
vn -0.4192 -0.5431 -0.7276
vn -0.3953 -0.3876 -0.8328
vn 0.4430 0.2218 -0.8686
vn 0.3497 -0.0228 -0.9366
vn -0.3588 -0.1728 0.9173
vn -0.4162 -0.1706 0.8931
vn 0.9628 0.2264 -0.1474
vn -0.3401 -0.2201 0.9143
vn 0.5167 0.1097 0.8491
vn 0.3911 0.2861 0.8747
vn 0.2023 -0.5883 0.7829
vn 0.0134 0.7523 0.6587
vn -0.3972 0.8499 0.3463
vn -0.2448 0.8545 0.4581
vn 0.1401 -0.9257 -0.3513
vn 0.1465 -0.9002 -0.4102
vn -0.2194 0.7411 -0.6345
vn -0.1944 0.7337 -0.6510
vn -0.2918 0.6396 -0.7112
vn -0.8179 -0.4325 0.3794
vn 0.5679 0.8168 -0.1018
vn -0.1478 0.9714 0.1857
vn 0.5227 0.4052 0.7500
vn -0.6615 -0.2168 -0.7180
vn 0.5236 -0.5196 0.6752
vn 0.3773 -0.0020 0.9261
vn 0.9628 0.2265 -0.1471
vn 0.7680 0.0209 -0.6401
vn -0.4439 -0.2609 0.8572
vn -0.5406 0.8404 -0.0379
vn -0.5155 0.8554 -0.0504
vn 0.9908 -0.0200 -0.1340
vn 0.0137 0.7527 0.6583
vn -0.3973 0.8498 0.3462
vn -0.2452 0.8544 0.4582
vn -0.0467 -0.8620 -0.5048
vn -0.2198 0.7409 -0.6347
vn -0.1943 0.7334 -0.6515
vn -0.2922 0.6389 -0.7117
vn 0.5206 0.4055 0.7513
vn -0.0062 -0.4034 0.9150
vn -0.4192 -0.5431 -0.7275
vn -0.3953 -0.3875 -0.8328
vn 0.5798 -0.4840 0.6555
vn 0.9628 0.2257 -0.1487
vn 0.7682 0.0211 -0.6398
vn 0.8632 0.4984 -0.0809
vn 0.5169 0.1098 0.8490
vn 0.3912 0.2860 0.8747
vn 0.4282 -0.2372 0.8720
vn 0.0137 0.7526 0.6583
vn -0.3972 0.8499 0.3461
vn -0.2451 0.8544 0.4582
vn 0.9655 -0.0176 -0.2597
vn 0.1401 -0.9256 -0.3516
vn 0.9561 -0.2781 0.0928
vn -0.2195 0.7407 -0.6350
vn -0.1946 0.7333 -0.6515
vn -0.3382 0.7164 -0.6103
vn -0.2922 0.6389 -0.7116
vn -0.5310 0.3608 -0.7667
vn -0.4751 0.6595 -0.5825
vn 0.2035 -0.5574 -0.8050
vn 0.4614 0.8852 0.0593
vn 0.5231 0.4052 0.7498
vn 0.1409 -0.7366 -0.6615
vn -0.6615 -0.2168 -0.7179
vn 0.8855 0.4592 -0.0714
vn -0.0794 0.2711 0.9593
vn -0.0865 -0.2112 -0.9736
vn -0.1999 -0.3741 -0.9056
vn -0.4191 -0.5429 -0.7277
vn -0.7501 -0.3128 0.5827
vn 0.3771 -0.0024 0.9262
vn 0.9628 0.2266 -0.1468
vn 0.0793 0.9968 -0.0027
vn -0.0166 0.3561 0.9343
vn -0.4747 -0.1394 -0.8691
vn 0.5618 0.8270 0.0220
vn -0.3290 0.1418 0.9336
vn -0.4489 -0.0627 0.8914
vn -0.1806 -0.1526 0.9717
vn -0.2909 0.2129 0.9328
vn -0.2514 0.0356 -0.9672
vn -0.3051 -0.1526 -0.9400
vn -0.5774 -0.1526 -0.8021
vn -0.4730 0.2129 -0.8550
vn 0.8727 0.0356 0.4869
vn 0.8902 -0.1526 0.4292
vn 0.9474 -0.1418 0.2871
vn 0.9842 0.0627 0.1654
vn 0.3914 0.1271 0.9114
vn 0.3209 0.0000 0.9471
vn 0.5033 -0.1271 0.8547
vn 0.5738 0.0000 0.8190
vn 0.2089 -0.9764 0.0541
vn -0.1835 -0.9764 0.1136
vn -0.1386 -0.9899 -0.0298
vn -0.1337 -0.9899 -0.0471
vn -0.1387 0.9764 0.1653
vn 0.2154 0.9764 -0.0140
vn 0.0579 0.9899 -0.1294
vn 0.0411 0.9899 -0.1357
vn -0.8921 0.0000 0.4519
vn -0.4519 0.0000 -0.8921
vn 0.8921 0.0000 -0.4519
vn 0.4519 0.0000 0.8921
vn 0.0000 -1.0000 -0.0000
vn 0.0000 1.0000 0.0000
vn 0.5132 0.8188 -0.2572
vn 0.1677 0.9385 -0.3019
vn 0.2635 0.9623 0.0679
vn 0.5652 0.8023 -0.1919
vn 0.8301 0.1936 -0.5230
vn 0.6863 0.4619 -0.5618
vn 0.8181 0.5354 -0.2101
vn 0.9404 0.2051 -0.2713
vn 0.6968 -0.5535 -0.4562
vn 0.7518 -0.2852 -0.5946
vn 0.9404 -0.2052 -0.2713
vn 0.8181 -0.5354 -0.2100
vn 0.1302 -0.9764 -0.1723
vn 0.3257 -0.8653 -0.3811
vn 0.5587 -0.8255 -0.0801
vn 0.2635 -0.9623 0.0679
vn -0.5377 -0.8273 0.1625
vn -0.3422 -0.9385 -0.0464
vn -0.1033 -0.9623 0.2517
vn -0.3986 -0.8255 0.3996
vn -0.9158 -0.1936 0.3519
vn -0.8608 -0.4619 0.2135
vn -0.6579 -0.5354 0.5296
vn -0.7802 -0.2051 0.5909
vn -0.5932 -0.1787 -0.7849
vn -0.6594 -0.0000 -0.7518
vn -0.5932 0.1787 -0.7849
vn -0.4335 0.2527 -0.8650
vn -0.2737 0.1787 -0.9451
vn -0.2075 -0.0000 -0.9782
vn -0.2087 -0.0254 -0.9777
vn -0.5764 -0.1958 -0.7934
vn -0.7825 0.5535 0.2851
vn -0.9263 0.2852 0.2463
vn -0.8444 0.1493 0.5145
vn -0.6580 0.5354 0.5296
vn -0.2160 0.9764 0.0012
vn -0.4312 0.9019 -0.0267
vn -0.2913 0.8627 0.4135
vn -0.1564 0.9251 0.3459
vn 0.8320 -0.2703 -0.4845
vn 0.8670 -0.2442 -0.4345
vn 0.8537 -0.4379 -0.2818
vn 0.7447 -0.4659 -0.4780
vn 0.4669 0.1300 0.8747
vn 0.2436 0.0109 0.9698
vn 0.4373 -0.2170 0.8727
vn 0.5535 -0.0507 0.8313
vn 0.5424 0.0739 0.8369
vn 0.3072 0.1610 0.9379
vn 0.3542 -0.1961 0.9144
vn 0.5427 -0.0734 0.8367
vn 0.5603 -0.0255 0.8279
vn 0.4471 0.2167 0.8678
vn 0.2546 -0.0729 0.9643
vn 0.4674 -0.1299 0.8744
vn 0.5101 -0.1100 0.8531
vn 0.5812 0.1455 0.8006
vn 0.2621 0.0930 0.9606
vn 0.3785 -0.1103 0.9190
vn 0.4212 -0.1300 0.8976
vn 0.6311 -0.0109 0.7756
vn 0.3722 0.2044 0.9054
vn 0.3279 -0.0262 0.9443
vn 0.4207 -0.1299 0.8979
vn 0.5674 -0.1610 0.8075
vn 0.5205 0.1961 0.8311
vn 0.3454 0.0733 0.9356
vn 0.3279 -0.0258 0.9444
vn 0.4276 -0.2167 0.8776
vn 0.6201 0.0729 0.7812
vn 0.3457 0.0739 0.9354
vn 0.4440 0.1325 0.8862
vn 0.2581 -0.0830 0.9625
vn 0.6126 -0.0930 0.7849
vn 0.4672 0.1300 0.8746
vn 0.5048 -0.1282 0.8536
vn 0.4807 -0.1393 0.8657
vn 0.4930 -0.1344 0.8596
vn 0.4807 0.1393 0.8657
vn 0.3816 0.1282 0.9154
vn 0.3187 0.0419 0.9469
vn 0.3287 -0.0689 0.9419
vn 0.4058 -0.1393 0.9033
vn 0.2364 0.9388 -0.2504
vn 0.3440 0.9386 -0.0263
vn 0.4751 0.8641 -0.1663
vn 0.4095 0.8706 -0.2727
vn -0.8922 0.3235 0.3152
vn -0.7806 0.3194 0.5373
vn -0.7438 0.4993 0.4444
vn -0.8054 0.4883 0.3361
vn -0.3985 -0.9157 0.0515
vn -0.2270 -0.9386 0.2598
vn -0.4176 -0.8641 0.2810
vn -0.4636 -0.8706 0.1648
vn 0.3745 -0.8799 -0.2925
vn 0.4751 -0.8641 -0.1664
vn 0.2594 -0.9640 -0.0582
vn 0.2297 -0.9664 -0.1151
vn 0.7452 0.4351 -0.5054
vn 0.8538 0.4379 -0.2817
vn 0.8824 0.3786 -0.2794
vn 0.7865 0.3235 -0.5261
vn -0.4418 0.8926 0.0895
vn -0.3330 0.8895 0.3129
vn -0.2019 0.9640 0.1729
vn -0.2687 0.9609 0.0671
vn -0.8509 -0.4351 0.2945
vn -0.7367 -0.4379 0.5153
vn -0.8331 -0.2580 0.4892
vn -0.8861 -0.2703 0.3765
vn 0.4415 0.8937 -0.0796
vn 0.3809 0.8615 -0.3358
vn 0.3557 0.8988 -0.2563
vn 0.3191 0.9428 -0.0964
vn 0.9266 0.1653 -0.3378
vn 0.8834 0.1540 -0.4427
vn 0.8716 0.2225 -0.4368
vn 0.8675 0.3310 -0.3712
vn 0.7124 -0.6629 -0.2304
vn 0.6990 -0.6235 -0.3503
vn 0.7819 -0.5300 -0.3283
vn -0.0001 -0.9920 0.1266
vn 0.1266 -0.9920 0.0001
vn -0.6743 -0.5741 0.4645
vn -0.6990 -0.6235 0.3503
vn -0.6048 -0.7069 0.3666
vn -0.8458 0.1964 0.4961
vn -0.8716 0.2225 0.4368
vn -0.8675 0.3310 0.3712
vn -0.8841 0.2224 0.4110
vn -0.8026 0.2761 0.5288
vn -0.8941 0.1590 0.4187
vn -0.8616 0.1104 0.4953
vn -0.2883 0.9184 0.2710
vn -0.3948 0.9101 0.1255
vn -0.5188 0.8350 0.1833
vn -0.4868 0.8388 0.2439
vn -0.3424 -0.0549 -0.9379
vn -0.4927 -0.1145 -0.8627
vn -0.5545 -0.0292 -0.8316
vn -0.5335 0.0781 -0.8422
vn -0.4454 0.1266 -0.8864
vn -0.3565 0.0798 -0.9309
vn -0.3339 -0.0271 -0.9422
vn 0.4325 -0.0229 0.9014
vn 0.4480 -0.0000 0.8940
vn 0.4421 -0.0279 0.8965
vn 0.5545 -0.0292 0.8316
vn 0.4435 0.1266 0.8873
vn 0.3553 0.0781 0.9315
vn 0.3343 -0.0292 0.9420
vn -0.1015 -0.9920 -0.0757
vn 0.0757 -0.9920 -0.1015
vn -0.5199 0.1188 -0.8459
vn -0.4002 0.0462 -0.9153
vn -0.4007 -0.0711 -0.9134
vn -0.4446 -0.1225 -0.8873
vn 0.9007 0.2220 -0.3734
vn 0.8640 0.2065 -0.4592
vn 0.8166 0.3310 -0.4728
vn -0.7757 -0.5740 0.2622
vn -0.7124 -0.6629 0.2304
vn 0.8863 0.0235 -0.4624
vn 0.8919 0.0697 -0.4469
vn 0.9298 0.0000 -0.3680
vn 0.8724 -0.0775 -0.4827
vn 0.6110 -0.6629 -0.4327
vn 0.7310 -0.5300 -0.4298
vn -0.4837 0.8410 0.2424
vn -0.3058 0.9311 0.1987
vn -0.3422 0.9311 0.1260
vn -0.4936 0.8566 0.1504
vn 0.3159 0.9355 -0.1583
vn 0.4399 0.8942 -0.0834
vn 0.4159 0.8566 -0.3053
vn 0.3189 0.9152 -0.2465
vn -0.8801 0.0646 0.4703
vn -0.8937 0.0286 0.4478
vn -0.9253 -0.0407 0.3770
vn -0.8559 -0.0407 0.5156
vn 0.4709 0.0124 0.8821
vn 0.3864 -0.1037 0.9165
vn 0.4919 -0.0711 0.8678
vn -0.5031 0.0303 -0.8637
vn -0.3142 0.0258 -0.9490
vn -0.3460 -0.0532 -0.9367
vn -0.4463 -0.0875 -0.8906
vn 0.4316 0.0221 0.9018
vn 0.3692 -0.0150 0.9292
vn 0.5029 -0.1037 0.8581
vn 0.0241 -0.8651 -0.5010
vn 0.0804 -0.9649 -0.2502
vn -0.3453 -0.9280 -0.1399
vn -0.4016 -0.8283 -0.3908
vn -0.0945 0.9280 0.3603
vn 0.0727 0.8283 0.5556
vn 0.4158 0.8651 0.2806
vn 0.2486 0.9649 0.0853
vn 0.3704 -0.1289 0.9199
vn 0.3569 -0.1336 0.9246
vn 0.3379 -0.1582 0.9278
vn 0.2027 -0.2997 0.9322
vn 0.4330 -0.5880 0.6832
vn 0.4465 -0.5833 0.6786
vn 0.4686 -0.5616 0.6819
vn 0.6038 -0.4201 0.6774
vn -0.2657 0.5616 -0.7836
vn -0.1812 0.4201 -0.8892
vn -0.5152 0.1289 -0.8473
vn -0.5270 0.1336 -0.8393
vn -0.5409 0.1582 -0.8261
vn -0.6254 0.2998 -0.7204
vn -0.2882 0.5880 -0.7558
vn -0.2763 0.5833 -0.7638
vn 0.7832 0.1591 -0.6011
vn 0.9380 0.1864 -0.2922
vn 0.9503 -0.1591 -0.2677
vn 0.7955 -0.1865 -0.5766
vn 0.6489 0.6944 -0.3110
vn 0.5691 0.7952 -0.2093
vn 0.6152 0.7770 0.1337
vn 0.8815 0.4721 -0.0091
vn 0.6375 -0.6944 -0.3337
vn 0.5084 -0.7951 -0.3306
vn 0.2611 -0.7770 -0.5728
vn 0.5349 -0.4721 -0.7007
vn -0.8536 -0.5118 -0.0974
vn -0.7623 -0.6228 -0.1761
vn -0.5498 -0.8353 -0.0034
vn -0.7285 -0.6086 0.3145
vn -0.4329 0.5118 0.7421
vn -0.3152 0.6228 0.7161
vn -0.3264 0.8353 0.4425
vn -0.6880 0.6087 0.3953
vn -0.9764 0.0133 0.2156
vn -0.8727 -0.2448 0.4225
vn -0.7571 -0.0133 0.6532
vn -0.8608 0.2447 0.4463
vn -0.5157 0.8188 -0.2521
vn -0.3417 0.9385 0.0498
vn -0.1058 0.9623 -0.2506
vn -0.4953 0.8024 -0.3330
vn -0.9192 0.1936 -0.3428
vn -0.8629 0.4619 -0.2050
vn -0.6632 0.5354 -0.5231
vn -0.7860 0.2051 -0.5831
vn -0.7853 -0.5535 -0.2774
vn -0.9287 -0.2852 -0.2371
vn -0.7860 -0.2052 -0.5831
vn -0.6632 -0.5354 -0.5231
vn -0.2160 -0.9764 0.0009
vn -0.5006 -0.8653 -0.0279
vn -0.4025 -0.8255 -0.3957
vn -0.1058 -0.9623 -0.2506
vn 0.4553 -0.8273 0.3290
vn 0.1707 -0.9385 0.3002
vn 0.2628 -0.9623 -0.0705
vn 0.5595 -0.8255 0.0745
vn 0.8352 -0.1936 0.5147
vn 0.6918 -0.4619 0.5550
vn 0.8201 -0.5354 0.2019
vn 0.9430 -0.2051 0.2620
vn -0.2643 -0.1787 0.9477
vn -0.1978 0.0000 0.9802
vn -0.2643 0.1787 0.9477
vn -0.4249 0.2527 0.8692
vn -0.5854 0.1787 0.7908
vn -0.6519 -0.0000 0.7583
vn -0.6508 -0.0254 0.7588
vn -0.2813 -0.1958 0.9395
vn 0.7013 0.5535 0.4493
vn 0.7576 0.2852 0.5871
vn 0.9212 0.1493 0.3594
vn 0.8201 0.5354 0.2020
vn 0.1319 0.9764 0.1710
vn 0.2403 0.9019 0.3590
vn 0.5054 0.8626 -0.0192
vn 0.3699 0.9251 -0.0854
vn -0.8898 -0.2703 -0.3677
vn -0.8712 -0.2442 -0.4258
vn -0.7418 -0.4379 -0.5079
vn -0.8316 -0.4659 -0.3022
vn 0.4123 0.1300 -0.9017
vn 0.6234 0.0109 -0.7818
vn 0.4287 -0.2170 -0.8770
vn 0.3253 -0.0507 -0.9443
vn 0.3364 0.0739 -0.9388
vn 0.5594 0.1610 -0.8131
vn 0.5122 -0.1961 -0.8362
vn 0.3361 -0.0734 -0.9390
vn 0.3185 -0.0255 -0.9476
vn 0.4189 0.2167 -0.8818
vn 0.6123 -0.0729 -0.7873
vn 0.4118 -0.1299 -0.9020
vn 0.3689 -0.1100 -0.9229
vn 0.2840 0.1455 -0.9477
vn 0.6048 0.0930 -0.7909
vn 0.5012 -0.1103 -0.8583
vn 0.4582 -0.1300 -0.8793
vn 0.2339 -0.0109 -0.9722
vn 0.4941 0.2044 -0.8450
vn 0.5519 -0.0262 -0.8335
vn 0.4588 -0.1299 -0.8790
vn 0.2979 -0.1610 -0.9409
vn 0.3451 0.1961 -0.9179
vn 0.5344 0.0733 -0.8420
vn 0.5520 -0.0259 -0.8334
vn 0.4385 -0.2167 -0.8722
vn 0.2450 0.0729 -0.9668
vn 0.5341 0.0739 -0.8422
vn 0.4353 0.1325 -0.8905
vn 0.6088 -0.0830 -0.7890
vn 0.2525 -0.0930 -0.9631
vn 0.4120 0.1300 -0.9018
vn 0.3726 -0.1282 -0.9191
vn 0.3968 -0.1393 -0.9073
vn 0.3844 -0.1344 -0.9133
vn 0.3968 0.1393 -0.9073
vn 0.4964 0.1282 -0.8586
vn 0.5596 0.0419 -0.8277
vn 0.5496 -0.0689 -0.8326
vn 0.4721 -0.1393 -0.8705
vn -0.3425 0.9388 -0.0361
vn -0.2296 0.9386 -0.2576
vn -0.4204 0.8641 -0.2769
vn -0.4652 0.8706 -0.1602
vn 0.7917 0.3235 0.5182
vn 0.9006 0.3194 0.2948
vn 0.8045 0.4993 0.3218
vn 0.7557 0.4883 0.4365
vn 0.2826 -0.9157 0.2856
vn 0.3443 -0.9386 0.0229
vn 0.4767 -0.8641 0.1616
vn 0.4122 -0.8706 0.2687
vn -0.4597 -0.8799 -0.1203
vn -0.4204 -0.8641 -0.2768
vn -0.2036 -0.9640 -0.1708
vn -0.2308 -0.9664 -0.1127
vn -0.8538 0.4351 -0.2860
vn -0.7418 0.4379 -0.5079
vn -0.7573 0.3786 -0.5321
vn -0.8953 0.3235 -0.3063
vn 0.3391 0.8926 0.2970
vn 0.4507 0.8895 0.0749
vn 0.2599 0.9640 0.0556
vn 0.2164 0.9609 0.1730
vn 0.7502 -0.4351 0.4979
vn 0.8565 -0.4379 0.2733
vn 0.8943 -0.2579 0.3657
vn 0.8368 -0.2703 0.4762
vn -0.3311 0.8937 -0.3027
vn -0.4980 0.8615 -0.0992
vn -0.4195 0.8988 -0.1274
vn -0.2701 0.9428 -0.1953
vn -0.8305 0.1653 -0.5319
vn -0.8877 0.1540 -0.4339
vn -0.8759 0.2225 -0.4281
vn -0.8213 0.3310 -0.4647
vn -0.6153 -0.6629 -0.4267
vn -0.7024 -0.6235 -0.3433
vn -0.7352 -0.5300 -0.4226
vn 0.1007 -0.9920 -0.0767
vn -0.0767 -0.9920 -0.1007
vn 0.7783 -0.5740 0.2545
vn 0.7024 -0.6235 0.3433
vn 0.6583 -0.7069 0.2585
vn 0.9074 0.1964 0.3716
vn 0.8759 0.2225 0.4281
vn 0.8213 0.3310 0.4647
vn 0.8630 0.2224 0.4537
vn 0.9072 0.2761 0.3175
vn 0.8752 0.1590 0.4569
vn 0.9164 0.1104 0.3847
vn 0.3904 0.9184 0.0649
vn 0.3393 0.9101 0.2378
vn 0.4604 0.8350 0.3013
vn 0.4891 0.8388 0.2391
vn -0.5381 -0.0549 0.8411
vn -0.3871 -0.1145 0.9149
vn -0.3249 -0.0292 0.9453
vn -0.3461 0.0781 0.9349
vn -0.4346 0.1266 0.8917
vn -0.5239 0.0798 0.8480
vn -0.5467 -0.0271 0.8369
vn 0.4544 -0.0229 -0.8905
vn 0.4391 -0.0000 -0.8984
vn 0.4447 -0.0279 -0.8953
vn 0.3249 -0.0292 -0.9453
vn 0.4366 0.1266 -0.8907
vn 0.5251 0.0781 -0.8474
vn 0.5463 -0.0292 -0.8371
vn 0.0014 -0.9920 0.1266
vn -0.1266 -0.9920 0.0014
vn -0.3573 0.1188 0.9264
vn -0.4850 0.0462 0.8733
vn -0.4833 -0.0711 0.8726
vn -0.4358 -0.1225 0.8916
vn -0.8431 0.2220 -0.4897
vn -0.8891 0.2065 -0.4084
vn -0.8712 0.3310 -0.3626
vn 0.6789 -0.5740 0.4578
vn 0.6153 -0.6629 0.4267
vn -0.9052 0.0235 -0.4243
vn -0.8962 0.0697 -0.4381
vn -0.8565 0.0000 -0.5161
vn -0.9128 -0.0775 -0.4009
vn -0.7146 -0.6629 -0.2234
vn -0.7851 -0.5300 -0.3205
vn 0.4860 0.8410 0.2376
vn 0.3435 0.9311 0.1226
vn 0.3077 0.9311 0.1957
vn 0.4190 0.8566 0.3012
vn -0.3175 0.9355 -0.1552
vn -0.3331 0.8942 -0.2992
vn -0.4950 0.8566 -0.1456
vn -0.3894 0.9152 -0.1041
vn 0.9077 0.0646 0.4145
vn 0.8981 0.0286 0.4390
vn 0.8609 -0.0407 0.5071
vn 0.9290 -0.0407 0.3678
vn 0.4158 0.0124 -0.9094
vn 0.4944 -0.1037 -0.8630
vn 0.3917 -0.0711 -0.9174
vn -0.3816 0.0303 0.9238
vn -0.5640 0.0258 0.8253
vn -0.5350 -0.0532 0.8432
vn -0.4375 -0.0875 0.8950
vn 0.4553 0.0221 -0.8901
vn 0.5149 -0.0150 -0.8571
vn 0.3773 -0.1037 -0.9203
vn -0.4129 -0.8651 0.2847
vn -0.2477 -0.9649 0.0879
vn 0.0981 -0.9280 0.3594
vn -0.0671 -0.8283 0.5563
vn 0.3438 0.9280 -0.1432
vn 0.3976 0.8283 -0.3946
vn -0.0290 0.8652 -0.5006
vn -0.0830 0.9649 -0.2493
vn 0.5068 -0.1289 -0.8524
vn 0.5187 -0.1336 -0.8445
vn 0.5327 -0.1582 -0.8314
vn 0.6183 -0.2997 -0.7266
vn 0.2806 -0.5880 -0.7586
vn 0.2687 -0.5833 -0.7665
vn 0.2579 -0.5616 -0.7862
vn 0.1724 -0.4201 -0.8910
vn -0.4619 0.5616 0.6865
vn -0.5971 0.4201 0.6834
vn -0.3613 0.1289 0.9235
vn -0.3477 0.1337 0.9280
vn -0.3288 0.1582 0.9311
vn -0.1935 0.2997 0.9342
vn -0.4262 0.5880 0.6875
vn -0.4397 0.5832 0.6830
vn -0.9529 0.1591 -0.2582
vn -0.8012 0.1864 -0.5687
vn -0.7891 -0.1591 -0.5933
vn -0.9409 -0.1865 -0.2828
vn -0.6409 0.6944 -0.3273
vn -0.5116 0.7951 -0.3255
vn -0.2668 0.7770 -0.5702
vn -0.5418 0.4721 -0.6954
vn -0.6520 -0.6944 -0.3045
vn -0.5712 -0.7951 -0.2037
vn -0.6138 -0.7770 0.1398
vn -0.8816 -0.4720 -0.0003
vn 0.4403 -0.5118 0.7377
vn 0.3223 -0.6228 0.7129
vn 0.3308 -0.8353 0.4392
vn 0.6918 -0.6087 0.3885
vn 0.8525 0.5118 -0.1058
vn 0.7605 0.6228 -0.1836
vn 0.5497 0.8353 -0.0088
vn 0.7315 0.6086 0.3073
vn 0.7635 0.0133 0.6457
vn 0.8652 -0.2447 0.4377
vn 0.9785 -0.0133 0.2059
vn 0.8768 0.2448 0.4138
vn 0.3569 0.8188 -0.4496
vn 0.0247 0.9385 -0.3445
vn 0.2675 0.9623 -0.0496
vn 0.4315 0.8023 -0.4124
vn 0.5321 0.1936 -0.8242
vn 0.3854 0.4619 -0.7988
vn 0.6532 0.5354 -0.5355
vn 0.7382 0.2051 -0.6426
vn 0.4394 -0.5535 -0.7075
vn 0.4309 -0.2852 -0.8562
vn 0.7382 -0.2052 -0.6426
vn 0.6532 -0.5354 -0.5355
vn 0.0454 -0.9764 -0.2111
vn 0.1346 -0.8653 -0.4829
vn 0.4728 -0.8255 -0.3082
vn 0.2675 -0.9623 -0.0496
vn -0.4190 -0.8273 0.3741
vn -0.3299 -0.9385 0.1023
vn 0.0124 -0.9623 0.2718
vn -0.1929 -0.8255 0.5304
vn -0.6820 -0.1936 0.7053
vn -0.6905 -0.4619 0.5566
vn -0.3732 -0.5354 0.7577
vn -0.4583 -0.2051 0.8648
vn -0.8689 -0.1787 -0.4615
vn -0.9150 0.0000 -0.4036
vn -0.8689 0.1787 -0.4615
vn -0.7578 0.2527 -0.6015
vn -0.6467 0.1787 -0.7415
vn -0.6007 -0.0000 -0.7995
vn -0.6015 -0.0254 -0.7985
vn -0.8572 -0.1958 -0.4763
vn -0.5893 0.5535 0.5885
vn -0.7360 0.2852 0.6140
vn -0.5487 0.1493 0.8226
vn -0.3732 0.5354 0.7577
vn -0.1953 0.9764 0.0922
vn -0.4022 0.9019 0.1577
vn -0.0897 0.8626 0.4978
vn 0.0040 0.9251 0.3797
vn 0.5501 -0.2703 -0.7901
vn 0.6029 -0.2442 -0.7595
vn 0.6553 -0.4379 -0.6155
vn 0.4736 -0.4659 -0.7474
vn 0.7922 0.1300 0.5962
vn 0.6299 0.0109 0.7766
vn 0.7646 -0.2170 0.6069
vn 0.8525 -0.0507 0.5203
vn 0.8447 0.0739 0.5301
vn 0.6741 0.1610 0.7209
vn 0.7068 -0.1960 0.6797
vn 0.8449 -0.0734 0.5298
vn 0.8572 -0.0255 0.5144
vn 0.7714 0.2167 0.5983
vn 0.6375 -0.0729 0.7670
vn 0.7926 -0.1299 0.5957
vn 0.8223 -0.1100 0.5584
vn 0.8647 0.1455 0.4808
vn 0.6427 0.0930 0.7604
vn 0.7307 -0.1103 0.6737
vn 0.7605 -0.1300 0.6362
vn 0.8993 -0.0109 0.4371
vn 0.7193 0.2044 0.6639
vn 0.6956 -0.0261 0.7179
vn 0.7601 -0.1299 0.6367
vn 0.8551 -0.1610 0.4929
vn 0.8224 0.1961 0.5340
vn 0.7078 0.0734 0.7026
vn 0.6956 -0.0259 0.7180
vn 0.7578 -0.2167 0.6154
vn 0.8917 0.0729 0.4468
vn 0.7080 0.0739 0.7024
vn 0.7764 0.1325 0.6162
vn 0.6400 -0.0830 0.7639
vn 0.8865 -0.0930 0.4533
vn 0.7924 0.1299 0.5960
vn 0.8178 -0.1282 0.5611
vn 0.8010 -0.1393 0.5823
vn 0.8095 -0.1344 0.5715
vn 0.8010 0.1393 0.5823
vn 0.7321 0.1282 0.6691
vn 0.6883 0.0419 0.7242
vn 0.6952 -0.0689 0.7155
vn 0.7489 -0.1393 0.6479
vn 0.1088 0.9388 -0.3267
vn 0.3008 0.9386 -0.1690
vn 0.3606 0.8641 -0.3512
vn 0.2563 0.8706 -0.4200
vn -0.6761 0.3235 0.6620
vn -0.4812 0.3194 0.8164
vn -0.4870 0.4993 0.7167
vn -0.5885 0.4883 0.6444
vn -0.3396 -0.9157 0.2147
vn -0.0962 -0.9386 0.3313
vn -0.2602 -0.8641 0.4309
vn -0.3508 -0.8706 0.3449
vn 0.2163 -0.8799 -0.4231
vn 0.3606 -0.8641 -0.3512
vn 0.2106 -0.9640 -0.1622
vn 0.1597 -0.9664 -0.2012
vn 0.4626 0.4351 -0.7725
vn 0.6553 0.4379 -0.6155
vn 0.6822 0.3786 -0.6255
vn 0.4913 0.3235 -0.8087
vn -0.3629 0.8926 0.2674
vn -0.1699 0.8895 0.4241
vn -0.1101 0.9640 0.2419
vn -0.2154 0.9609 0.1742
vn -0.6473 -0.4351 0.6258
vn -0.4507 -0.4379 0.7779
vn -0.5491 -0.2580 0.7950
vn -0.6447 -0.2704 0.7151
vn 0.3667 0.8937 -0.2584
vn 0.2037 0.8615 -0.4651
vn 0.2145 0.8988 -0.3824
vn 0.2487 0.9428 -0.2219
vn 0.6977 0.1653 -0.6970
vn 0.6143 0.1540 -0.7739
vn 0.6061 0.2225 -0.7636
vn 0.6301 0.3310 -0.7024
vn 0.5487 -0.6629 -0.5094
vn 0.4861 -0.6235 -0.6124
vn 0.5705 -0.5300 -0.6274
vn 0.0533 -0.9920 0.1148
vn 0.1148 -0.9920 -0.0533
vn -0.4156 -0.5741 0.7055
vn -0.4861 -0.6235 0.6124
vn -0.3938 -0.7069 0.5875
vn -0.5576 0.1964 0.8065
vn -0.6061 0.2225 0.7636
vn -0.6301 0.3310 0.7024
vn -0.6283 0.2224 0.7455
vn -0.5048 0.2761 0.8179
vn -0.6341 0.1590 0.7567
vn -0.5724 0.1104 0.8125
vn -0.1471 0.9184 0.3673
vn -0.3050 0.9101 0.2803
vn -0.3931 0.8350 0.3850
vn -0.3385 0.8388 0.4264
vn -0.7060 -0.0549 -0.7060
vn -0.8105 -0.1145 -0.5744
vn -0.8535 -0.0292 -0.5202
vn -0.8389 0.0781 -0.5387
vn -0.7776 0.1266 -0.6159
vn -0.7158 0.0798 -0.6937
vn -0.7001 -0.0271 -0.7136
vn 0.7723 -0.0229 0.6349
vn 0.7833 0.0000 0.6217
vn 0.7790 -0.0279 0.6264
vn 0.8535 -0.0292 0.5202
vn 0.7763 0.1266 0.6175
vn 0.7150 0.0781 0.6947
vn 0.7004 -0.0292 0.7132
vn -0.1239 -0.9920 -0.0258
vn 0.0258 -0.9920 -0.1239
vn -0.8282 0.1188 -0.5478
vn -0.7489 0.0462 -0.6611
vn -0.7486 -0.0711 -0.6592
vn -0.7773 -0.1225 -0.6170
vn 0.6593 0.2220 -0.7184
vn 0.5897 0.2065 -0.7808
vn 0.5411 0.3310 -0.7731
vn -0.5928 -0.5741 0.5648
vn -0.5487 -0.6629 0.5094
vn 0.6086 0.0235 -0.7931
vn 0.6202 0.0697 -0.7813
vn 0.6879 0.0000 -0.7258
vn 0.5874 -0.0775 -0.8055
vn 0.3715 -0.6629 -0.6500
vn 0.4815 -0.5300 -0.6980
vn -0.3363 0.8410 0.4237
vn -0.1934 0.9311 0.3092
vn -0.2572 0.9311 0.2586
vn -0.3841 0.8566 0.3446
vn 0.2197 0.9355 -0.2768
vn 0.3637 0.8942 -0.2611
vn 0.2484 0.8566 -0.4523
vn 0.1852 0.9152 -0.3580
vn -0.5997 0.0646 0.7976
vn -0.6214 0.0286 0.7829
vn -0.6800 -0.0407 0.7321
vn -0.5586 -0.0407 0.8284
vn 0.7990 0.0124 0.6012
vn 0.7368 -0.1037 0.6681
vn 0.8119 -0.0711 0.5794
vn -0.8204 0.0303 -0.5710
vn -0.6851 0.0258 -0.7280
vn -0.7087 -0.0532 -0.7035
vn -0.7803 -0.0875 -0.6193
vn 0.7716 0.0221 0.6357
vn 0.7267 -0.0150 0.6868
vn 0.8179 -0.1037 0.5660
vn -0.1894 -0.8651 -0.4644
vn -0.0326 -0.9649 -0.2607
vn -0.3720 -0.9280 0.0188
vn -0.5289 -0.8283 -0.1849
vn 0.0662 0.9280 0.3666
vn 0.3002 0.8283 0.4731
vn 0.4953 0.8651 0.0791
vn 0.2613 0.9649 -0.0275
vn 0.7238 -0.1289 0.6779
vn 0.7135 -0.1336 0.6878
vn 0.6977 -0.1582 0.6987
vn 0.5770 -0.2997 0.7598
vn 0.6807 -0.5880 0.4369
vn 0.6910 -0.5833 0.4270
vn 0.7125 -0.5616 0.4206
vn 0.8332 -0.4201 0.3595
vn -0.5714 0.5616 -0.5984
vn -0.5393 0.4201 -0.7299
vn -0.8245 0.1289 -0.5510
vn -0.8318 0.1336 -0.5387
vn -0.8388 0.1582 -0.5209
vn -0.8709 0.2997 -0.3895
vn -0.5800 0.5880 -0.5638
vn -0.5727 0.5833 -0.5761
vn 0.4567 0.1591 -0.8753
vn 0.7273 0.1865 -0.6604
vn 0.7488 -0.1591 -0.6434
vn 0.4781 -0.1865 -0.8583
vn 0.4573 0.6944 -0.5557
vn 0.4277 0.7951 -0.4299
vn 0.6142 0.7770 -0.1382
vn 0.7955 0.4720 -0.3800
vn 0.4374 -0.6944 -0.5714
vn 0.3215 -0.7952 -0.5141
vn -0.0048 -0.7770 -0.6295
vn 0.1895 -0.4721 -0.8609
vn -0.8150 -0.5118 0.2717
vn -0.7655 -0.6227 0.1617
vn -0.5000 -0.8353 0.2288
vn -0.5279 -0.6086 0.5924
vn -0.0796 0.5118 0.8554
vn 0.0162 0.6228 0.7823
vn -0.1093 0.8353 0.5389
vn -0.4571 0.6087 0.6485
vn -0.7945 0.0133 0.6072
vn -0.6132 -0.2448 0.7511
vn -0.4110 -0.0133 0.9115
vn -0.5923 0.2448 0.7676
vn -0.7071 0.1418 -0.6927
vn -0.6182 -0.0627 -0.7835
vn -0.8043 -0.1526 -0.5743
vn -0.7224 0.2129 -0.6579
vn 0.9828 0.0356 0.1810
vn 0.9809 -0.1526 0.1207
vn 0.9709 -0.1526 -0.1843
vn 0.9748 0.2129 -0.0674
vn -0.8101 0.0356 0.5852
vn -0.7652 -0.1526 0.6254
vn -0.6605 -0.1418 0.7373
vn -0.5659 0.0627 0.8221
vn -0.9914 0.1271 -0.0304
vn -0.9940 -0.0000 -0.1094
vn -0.9873 -0.1271 0.0949
vn -0.9848 -0.0000 0.1739
vn -0.1374 -0.9764 0.1665
vn -0.0254 -0.9764 -0.2143
vn 0.0856 -0.9899 -0.1130
vn 0.0992 -0.9899 -0.1013
vn -0.0912 0.9764 -0.1956
vn -0.0783 0.9764 0.2011
vn 0.0928 0.9899 0.1072
vn 0.1056 0.9899 0.0946
vn -0.0326 -0.0000 -0.9995
vn 0.9995 0.0000 -0.0326
vn 0.0326 0.0000 0.9995
vn -0.9995 0.0000 0.0326
vn -0.8916 0.0000 0.4529
vn -0.4529 0.0000 -0.8915
vn 0.8916 0.0000 -0.4529
vn 0.8298 -0.1117 -0.5468
vn 0.8590 0.1508 -0.4893
vn 0.4528 0.0228 0.8913
vn 0.4325 -0.0012 0.9016
vn 0.4529 0.0000 0.8916
vn -0.1103 -0.9874 -0.1131
vn -0.0103 -0.9997 -0.0203
vn -0.0114 0.9997 -0.0197
vn 0.0197 0.9997 -0.0114
vn -0.1502 0.9874 -0.0490
vn -0.0203 -0.9997 0.0103
vn 0.7029 0.0471 0.7098
vn 0.7262 -0.1117 0.6784
vn 0.8494 -0.0888 0.5202
vn 0.8117 0.1229 0.5709
vn -0.4529 0.0000 -0.8916
vn -0.9509 0.0256 0.3083
vn -0.9365 -0.0888 0.3393
vn -0.9026 -0.0878 0.4214
vn -0.8697 0.0408 0.4918
vn -0.7758 -0.0227 -0.6306
vn -0.7894 0.0000 -0.6138
vn -0.7465 0.0777 -0.6608
vn -0.7168 -0.0000 -0.6972
vn 0.0203 -0.9997 -0.0103
vn -0.1339 -0.9874 0.0838
vn 0.0600 -0.9921 -0.1103
vn 0.0847 -0.9961 -0.0230
vn -0.1207 0.9874 0.1019
vn -0.0127 0.9997 0.0189
vn 0.0371 0.9961 0.0795
vn 0.0127 0.9921 -0.1249
usemtl Material.002
s off
f 1/1/1 2/2/2 3/3/3 4/4/4
f 2/5/5 5/6/6 6/7/7 3/8/8
f 5/9/9 1/10/10 4/11/11 6/12/12
f 1/13/13 7/14/14 8/15/15 4/16/16
f 7/17/17 2/18/18 3/19/19 8/20/20
f 2/21/21 3/22/22 10/23/23 9/24/24
f 9/25/25 11/26/26 12/27/27 10/28/28
f 11/29/29 8/30/30 7/31/31 12/32/32
f 8/33/33 9/34/34 10/35/35 7/36/36
f 9/37/37 10/38/38 5/39/39 6/40/40
f 6/41/41 11/42/42 12/43/43 5/44/44
f 11/45/45 1/46/46 4/47/47 12/48/48
f 13/49/49 14/50/50 15/51/51 16/52/52
f 16/53/53 15/54/54 17/55/55 18/56/56
f 18/57/57 17/58/58 14/59/59 13/60/60
f 13/61/61 14/62/62 19/63/63 20/64/64
f 20/65/65 19/66/66 15/67/67 16/68/68
f 16/69/69 22/70/70 21/71/71 15/72/72
f 22/73/73 21/74/74 23/75/75 24/76/76
f 24/77/77 23/78/78 20/79/79 19/80/80
f 19/81/81 20/82/82 21/83/83 22/84/84
f 22/85/85 17/86/86 18/87/87 21/88/88
f 17/89/89 18/90/90 23/91/91 24/92/92
f 24/93/93 23/94/94 14/95/95 13/96/96
f 4/97/97 3/98/98 15/99/99 14/100/100
f 2/101/101 1/102/102 13/103/103 16/104/104
f 3/105/105 6/106/106 17/107/107 15/108/108
f 5/109/109 2/110/110 16/111/111 18/112/112
f 4/113/113 8/114/114 19/115/115 14/116/116
f 10/117/117 21/118/118 18/119/119 5/120/120
f 9/121/121 22/122/122 16/123/123 2/124/124
f 7/125/125 10/126/126 21/127/127 20/128/128
f 10/129/129 12/130/130 23/131/131 21/132/132
f 11/133/133 9/134/134 22/135/135 24/136/136
f 5/137/137 12/138/138 23/139/139 18/140/140
f 12/141/141 4/142/142 14/143/143 23/144/144
f 2/145/145 7/146/146 20/147/147 16/148/148
f 12/149/149 7/150/150 20/151/151 23/152/152
f 6/153/153 4/154/154 14/155/155 17/156/156
f 1/157/157 11/158/158 24/159/159 13/160/160
f 6/161/161 17/162/162 22/163/163 9/164/164
f 7/165/165 1/166/166 13/167/167 20/168/168
f 1/169/169 5/170/170 18/171/171 13/172/172
f 11/173/173 6/174/174 17/175/175 24/176/176
f 8/177/177 3/178/178 15/179/179 19/180/180
f 3/181/181 15/182/182 21/183/183 10/184/184
f 8/185/185 11/186/186 24/187/187 19/188/188
f 9/189/189 8/190/190 19/191/191 22/192/192
f 25/193/1 26/194/2 27/195/3 28/196/193
f 26/197/194 27/198/195 30/199/196 29/200/197
f 29/201/9 25/202/10 28/203/11 30/204/12
f 25/205/198 1/206/199 31/207/200 28/208/201
f 1/209/202 26/210/203 27/211/204 31/212/205
f 26/213/206 2/214/207 32/215/208 27/216/209
f 2/217/210 32/218/211 34/219/212 33/220/213
f 33/221/214 31/222/215 1/223/216 34/224/217
f 31/225/218 2/226/219 32/227/220 1/228/221
f 2/229/222 30/230/223 29/231/224 32/232/225
f 30/233/41 33/234/226 34/235/43 29/236/44
f 33/237/45 25/238/46 28/239/47 34/240/48
f 35/241/49 36/242/50 37/243/51 38/244/52
f 38/245/227 40/246/228 39/247/229 37/248/230
f 40/249/57 39/250/58 36/251/59 35/252/60
f 35/253/231 36/254/232 41/255/63 42/256/233
f 42/257/234 41/258/235 37/259/67 38/260/68
f 38/261/236 37/262/237 43/263/238 44/264/239
f 44/265/240 46/266/241 45/267/242 43/268/243
f 46/269/244 45/270/245 42/271/246 41/272/80
f 41/273/247 42/274/248 43/275/249 44/276/250
f 44/277/251 43/278/252 40/279/253 39/280/254
f 39/281/255 40/282/90 45/283/91 46/284/256
f 46/285/257 45/286/94 36/287/258 35/288/259
f 28/289/260 27/290/261 37/291/99 36/292/100
f 26/293/101 25/294/102 35/295/103 38/296/104
f 27/297/262 37/298/263 39/299/264 30/300/265
f 29/301/266 40/302/267 38/303/268 26/304/269
f 28/305/270 31/306/271 41/307/115 36/308/116
f 32/309/272 29/310/273 40/311/274 43/312/275
f 2/313/276 26/314/277 38/315/278 44/316/279
f 1/317/280 32/318/281 43/319/282 42/320/283
f 32/321/284 43/322/285 45/323/286 34/324/287
f 33/325/288 46/326/289 44/327/290 2/328/291
f 29/329/137 34/330/138 45/331/139 40/332/140
f 34/333/141 28/334/142 36/335/143 45/336/144
f 26/337/292 1/338/293 42/339/294 38/340/295
f 34/341/296 1/342/297 42/343/298 45/344/299
f 30/345/153 28/346/154 36/347/155 39/348/156
f 25/349/157 33/350/158 46/351/300 35/352/301
f 30/353/302 2/354/303 44/355/304 39/356/305
f 1/357/306 25/358/307 35/359/308 42/360/309
f 25/361/169 29/362/170 40/363/171 35/364/172
f 33/365/310 30/366/174 39/367/175 46/368/176
f 31/369/311 27/370/312 37/371/179 41/372/180
f 27/373/313 32/374/314 43/375/315 37/376/316
f 31/377/317 33/378/318 46/379/319 41/380/188
f 2/381/320 31/382/321 41/383/322 44/384/323
f 47/385/324 50/386/325 49/387/326 48/388/327
f 48/389/328 49/390/195 52/391/196 51/392/197
f 51/393/9 47/394/10 50/395/11 52/396/12
f 47/397/198 25/398/199 53/399/200 50/400/329
f 25/401/202 48/402/330 49/403/331 53/404/332
f 48/405/333 26/406/334 54/407/208 49/408/335
f 26/409/336 55/410/337 56/411/338 54/412/339
f 55/413/214 53/414/215 25/415/216 56/416/217
f 53/417/340 25/418/341 54/419/342 26/420/343
f 26/421/222 52/422/344 51/423/224 54/424/225
f 52/425/41 55/426/226 56/427/345 51/428/44
f 55/429/45 47/430/46 50/431/47 56/432/48
f 57/433/346 60/434/347 59/435/348 58/436/349
f 60/437/227 62/438/228 61/439/350 59/440/230
f 62/441/57 61/442/58 58/443/59 57/444/60
f 57/445/351 58/446/232 63/447/63 64/448/233
f 64/449/234 63/450/235 59/451/67 60/452/68
f 60/453/352 59/454/237 65/455/238 66/456/353
f 66/457/354 65/458/74 67/459/355 68/460/356
f 68/461/357 67/462/245 64/463/246 63/464/80
f 63/465/358 66/466/359 65/467/360 64/468/361
f 66/469/251 65/470/252 62/471/253 61/472/254
f 61/473/89 62/474/90 67/475/91 68/476/92
f 68/477/362 67/478/363 58/479/258 57/480/364
f 50/481/365 58/482/366 59/483/367 49/484/368
f 48/485/369 60/486/370 57/487/371 47/488/372
f 49/489/262 59/490/263 61/491/373 52/492/265
f 51/493/374 62/494/267 60/495/268 48/496/375
f 50/497/376 53/498/271 63/499/115 58/500/116
f 54/501/272 51/502/273 62/503/274 65/504/275
f 26/505/377 48/506/378 60/507/278 66/508/379
f 25/509/380 64/510/381 65/511/382 54/512/383
f 54/513/384 56/514/385 67/515/131 65/516/132
f 55/517/386 26/518/387 66/519/388 68/520/389
f 51/521/137 56/522/390 67/523/139 62/524/140
f 56/525/141 50/526/142 58/527/143 67/528/144
f 48/529/292 25/530/293 64/531/294 60/532/391
f 56/533/296 25/534/297 64/535/298 67/536/392
f 52/537/153 50/538/154 58/539/155 61/540/156
f 47/541/157 55/542/158 68/543/393 57/544/394
f 52/545/395 26/546/396 66/547/304 61/548/305
f 25/549/306 47/550/307 57/551/397 64/552/309
f 47/553/169 51/554/170 62/555/171 57/556/172
f 55/557/310 52/558/174 61/559/175 68/560/176
f 53/561/311 49/562/312 59/563/179 63/564/180
f 49/565/313 54/566/314 65/567/315 59/568/316
f 53/569/317 55/570/318 68/571/319 63/572/188
f 26/573/398 66/574/399 63/575/400 53/576/401
f 69/577/324 72/578/325 71/579/326 70/580/402
f 70/581/328 71/582/195 74/583/196 73/584/197
f 73/585/9 69/586/10 72/587/11 74/588/12
f 69/589/198 47/590/199 75/591/200 72/592/201
f 47/593/403 70/594/404 71/595/405 75/596/205
f 70/597/333 48/598/334 76/599/208 71/600/335
f 48/601/336 77/602/337 78/603/338 76/604/339
f 77/605/214 75/606/215 47/607/216 78/608/217
f 75/609/406 47/610/407 76/611/408 48/612/409
f 48/613/222 74/614/344 73/615/410 76/616/225
f 74/617/41 77/618/226 78/619/43 73/620/44
f 77/621/45 69/622/46 72/623/47 78/624/48
f 79/625/346 82/626/347 81/627/348 80/628/349
f 82/629/227 84/630/411 83/631/350 81/632/230
f 84/633/57 83/634/58 80/635/59 79/636/60
f 79/637/351 80/638/62 85/639/63 86/640/412
f 86/641/234 85/642/66 81/643/67 82/644/68
f 82/645/352 81/646/237 87/647/238 88/648/413
f 88/649/414 87/650/415 89/651/75 90/652/356
f 90/653/77 89/654/245 86/655/246 85/656/80
f 85/657/358 88/658/359 87/659/416 86/660/361
f 88/661/251 87/662/252 84/663/253 83/664/254
f 83/665/255 84/666/90 89/667/91 90/668/256
f 90/669/417 89/670/94 80/671/95 79/672/259
f 72/673/365 80/674/366 81/675/367 71/676/368
f 70/677/418 82/678/370 79/679/371 69/680/372
f 71/681/262 81/682/263 83/683/373 74/684/265
f 73/685/266 84/686/267 82/687/268 70/688/375
f 72/689/270 75/690/271 85/691/115 80/692/116
f 76/693/272 73/694/273 84/695/274 87/696/275
f 48/697/377 70/698/378 82/699/278 88/700/379
f 47/701/380 86/702/381 87/703/419 76/704/383
f 76/705/384 78/706/385 89/707/131 87/708/132
f 77/709/386 48/710/387 88/711/388 90/712/389
f 73/713/137 78/714/138 89/715/139 84/716/140
f 78/717/141 72/718/142 80/719/143 89/720/144
f 70/721/292 47/722/293 86/723/294 82/724/420
f 78/725/296 47/726/297 86/727/298 89/728/299
f 74/729/421 72/730/154 80/731/155 83/732/156
f 69/733/157 77/734/158 90/735/422 79/736/423
f 74/737/302 48/738/396 88/739/304 83/740/305
f 47/741/424 69/742/307 79/743/397 86/744/425
f 69/745/169 73/746/170 84/747/171 79/748/172
f 77/749/310 74/750/174 83/751/175 90/752/426
f 75/753/311 71/754/312 81/755/427 85/756/180
f 71/757/313 76/758/314 87/759/315 81/760/316
f 75/761/317 77/762/318 90/763/428 85/764/188
f 48/765/429 88/766/399 85/767/400 75/768/401
f 91/769/324 94/770/325 93/771/326 92/772/327
f 92/773/430 93/774/431 96/775/432 95/776/197
f 95/777/9 91/778/10 94/779/11 96/780/12
f 91/781/198 69/782/199 97/783/200 94/784/329
f 69/785/202 92/786/404 93/787/204 97/788/205
f 92/789/433 70/790/434 98/791/208 93/792/335
f 70/793/336 99/794/337 100/795/435 98/796/339
f 99/797/214 97/798/215 69/799/216 100/800/217
f 97/801/436 69/802/437 98/803/438 70/804/439
f 70/805/440 96/806/344 95/807/410 98/808/225
f 96/809/41 99/810/226 100/811/43 95/812/441
f 99/813/45 91/814/46 94/815/47 100/816/48
f 101/817/346 104/818/347 103/819/348 102/820/349
f 104/821/442 106/822/228 105/823/443 103/824/230
f 106/825/57 105/826/58 102/827/59 101/828/60
f 101/829/351 102/830/62 107/831/63 108/832/412
f 108/833/234 107/834/66 103/835/67 104/836/68
f 104/837/236 103/838/237 109/839/238 110/840/239
f 110/841/444 109/842/74 111/843/75 112/844/356
f 112/845/77 111/846/245 108/847/246 107/848/80
f 107/849/358 110/850/359 109/851/416 108/852/361
f 110/853/251 109/854/252 106/855/253 105/856/445
f 105/857/89 106/858/90 111/859/91 112/860/256
f 112/861/446 111/862/94 102/863/95 101/864/96
f 94/865/365 102/866/366 103/867/367 93/868/447
f 92/869/369 104/870/370 101/871/371 91/872/372
f 93/873/262 103/874/263 105/875/264 96/876/265
f 95/877/266 106/878/267 104/879/268 92/880/269
f 94/881/448 97/882/271 107/883/115 102/884/116
f 98/885/272 95/886/273 106/887/274 109/888/275
f 70/889/276 92/890/277 104/891/278 110/892/279
f 69/893/380 108/894/381 109/895/382 98/896/383
f 98/897/384 100/898/385 111/899/131 109/900/132
f 99/901/386 70/902/387 110/903/388 112/904/389
f 95/905/449 100/906/138 111/907/139 106/908/140
f 100/909/141 94/910/142 102/911/143 111/912/144
f 92/913/292 69/914/293 108/915/294 104/916/420
f 100/917/296 69/918/297 108/919/298 111/920/392
f 96/921/153 94/922/154 102/923/155 105/924/156
f 91/925/157 99/926/158 112/927/450 101/928/451
f 96/929/395 70/930/396 110/931/304 105/932/452
f 69/933/306 91/934/307 101/935/397 108/936/425
f 91/937/169 95/938/170 106/939/171 101/940/172
f 99/941/310 96/942/174 105/943/175 112/944/426
f 97/945/311 93/946/312 103/947/427 107/948/180
f 93/949/453 98/950/314 109/951/315 103/952/316
f 97/953/317 99/954/318 112/955/454 107/956/188
f 70/957/455 110/958/399 107/959/400 97/960/456
f 113/961/457 116/962/458 115/963/326 114/964/327
f 114/965/194 115/966/195 118/967/196 117/968/197
f 117/969/9 113/970/10 116/971/11 118/972/12
f 113/973/198 91/974/199 119/975/200 116/976/329
f 91/977/459 114/978/330 115/979/460 119/980/332
f 114/981/206 92/982/207 120/983/208 115/984/209
f 92/985/336 121/986/337 122/987/435 120/988/461
f 121/989/214 119/990/215 91/991/216 122/992/217
f 119/993/462 91/994/463 120/995/464 92/996/465
f 92/997/222 118/998/466 117/999/224 120/1000/225
f 118/1001/41 121/1002/226 122/1003/43 117/1004/44
f 121/1005/45 113/1006/46 116/1007/47 122/1008/48
f 123/1009/346 126/1010/347 125/1011/348 124/1012/349
f 126/1013/227 128/1014/228 127/1015/443 125/1016/230
f 128/1017/57 127/1018/58 124/1019/59 123/1020/60
f 123/1021/351 124/1022/62 129/1023/63 130/1024/233
f 130/1025/234 129/1026/235 125/1027/67 126/1028/68
f 126/1029/236 125/1030/237 131/1031/467 132/1032/468
f 132/1033/354 131/1034/74 133/1035/355 134/1036/356
f 134/1037/244 133/1038/245 130/1039/246 129/1040/80
f 129/1041/358 132/1042/359 131/1043/416 130/1044/361
f 132/1045/251 131/1046/469 128/1047/253 127/1048/254
f 127/1049/89 128/1050/90 133/1051/91 134/1052/92
f 134/1053/470 133/1054/471 124/1055/95 123/1056/472
f 116/1057/365 124/1058/366 125/1059/367 115/1060/447
f 114/1061/369 126/1062/370 123/1063/371 113/1064/372
f 115/1065/262 125/1066/263 127/1067/264 118/1068/265
f 117/1069/266 128/1070/267 126/1071/473 114/1072/269
f 116/1073/376 119/1074/271 129/1075/115 124/1076/116
f 120/1077/272 117/1078/273 128/1079/274 131/1080/275
f 92/1081/276 114/1082/277 126/1083/278 132/1084/279
f 91/1085/380 130/1086/381 131/1087/382 120/1088/383
f 120/1089/384 122/1090/385 133/1091/131 131/1092/132
f 121/1093/386 92/1094/474 132/1095/388 134/1096/389
f 117/1097/137 122/1098/138 133/1099/139 128/1100/140
f 122/1101/141 116/1102/142 124/1103/143 133/1104/144
f 114/1105/292 91/1106/293 130/1107/294 126/1108/391
f 122/1109/296 91/1110/297 130/1111/298 133/1112/299
f 118/1113/153 116/1114/154 124/1115/155 127/1116/156
f 113/1117/157 121/1118/158 134/1119/475 123/1120/476
f 118/1121/302 92/1122/303 132/1123/304 127/1124/305
f 91/1125/424 113/1126/307 123/1127/397 130/1128/309
f 113/1129/169 117/1130/170 128/1131/171 123/1132/172
f 121/1133/310 118/1134/174 127/1135/175 134/1136/176
f 119/1137/311 115/1138/312 125/1139/427 129/1140/180
f 115/1141/453 120/1142/314 131/1143/315 125/1144/316
f 119/1145/317 121/1146/318 134/1147/319 129/1148/188
f 92/1149/455 132/1150/399 129/1151/400 119/1152/401
f 135/1153/324 138/1154/325 137/1155/326 136/1156/327
f 136/1157/328 137/1158/195 140/1159/196 139/1160/197
f 139/1161/9 135/1162/10 138/1163/11 140/1164/12
f 135/1165/198 113/1166/199 141/1167/200 138/1168/329
f 113/1169/477 136/1170/478 137/1171/479 141/1172/480
f 136/1173/433 114/1174/434 142/1175/208 137/1176/335
f 114/1177/481 143/1178/482 144/1179/483 142/1180/484
f 143/1181/214 141/1182/215 113/1183/216 144/1184/485
f 141/1185/462 113/1186/463 142/1187/486 114/1188/487
f 114/1189/222 140/1190/488 139/1191/224 142/1192/225
f 140/1193/41 143/1194/226 144/1195/43 139/1196/441
f 143/1197/45 135/1198/46 138/1199/47 144/1200/48
f 145/1201/346 148/1202/347 147/1203/348 146/1204/349
f 148/1205/442 150/1206/489 149/1207/490 147/1208/230
f 150/1209/57 149/1210/58 146/1211/59 145/1212/60
f 145/1213/351 146/1214/62 151/1215/63 152/1216/412
f 152/1217/491 151/1218/235 147/1219/492 148/1220/68
f 148/1221/352 147/1222/237 153/1223/467 154/1224/353
f 154/1225/354 153/1226/74 155/1227/355 156/1228/356
f 156/1229/244 155/1230/245 152/1231/246 151/1232/80
f 151/1233/358 154/1234/359 153/1235/493 152/1236/361
f 154/1237/251 153/1238/469 150/1239/494 149/1240/495
f 149/1241/89 150/1242/90 155/1243/496 156/1244/92
f 156/1245/497 155/1246/471 146/1247/95 145/1248/96
f 138/1249/365 146/1250/366 147/1251/367 137/1252/447
f 136/1253/369 148/1254/370 145/1255/371 135/1256/372
f 137/1257/262 147/1258/263 149/1259/373 140/1260/265
f 139/1261/266 150/1262/498 148/1263/268 136/1264/375
f 138/1265/376 141/1266/271 151/1267/115 146/1268/116
f 142/1269/499 139/1270/273 150/1271/274 153/1272/275
f 114/1273/377 136/1274/500 148/1275/278 154/1276/501
f 113/1277/380 152/1278/381 153/1279/382 142/1280/383
f 142/1281/502 144/1282/385 155/1283/131 153/1284/132
f 143/1285/386 114/1286/474 154/1287/388 156/1288/389
f 139/1289/449 144/1290/138 155/1291/139 150/1292/140
f 144/1293/141 138/1294/142 146/1295/143 155/1296/144
f 136/1297/292 113/1298/293 152/1299/294 148/1300/391
f 144/1301/296 113/1302/503 152/1303/298 155/1304/299
f 140/1305/153 138/1306/154 146/1307/155 149/1308/156
f 135/1309/157 143/1310/158 156/1311/504 145/1312/505
f 140/1313/302 114/1314/303 154/1315/304 149/1316/506
f 113/1317/507 135/1318/307 145/1319/397 152/1320/309
f 135/1321/169 139/1322/170 150/1323/171 145/1324/172
f 143/1325/310 140/1326/174 149/1327/175 156/1328/176
f 141/1329/311 137/1330/312 147/1331/427 151/1332/180
f 137/1333/313 142/1334/314 153/1335/315 147/1336/316
f 141/1337/317 143/1338/318 156/1339/319 151/1340/188
f 114/1341/508 154/1342/399 151/1343/400 141/1344/456
f 157/1345/509 160/1346/458 159/1347/326 158/1348/327
f 158/1349/510 159/1350/195 162/1351/196 161/1352/197
f 161/1353/9 157/1354/10 160/1355/11 162/1356/12
f 157/1357/198 135/1358/199 163/1359/200 160/1360/329
f 135/1361/202 158/1362/330 159/1363/204 163/1364/332
f 158/1365/433 136/1366/334 164/1367/208 159/1368/335
f 136/1369/336 165/1370/337 166/1371/435 164/1372/461
f 165/1373/214 163/1374/215 135/1375/216 166/1376/485
f 163/1377/511 135/1378/512 164/1379/513 136/1380/514
f 136/1381/222 162/1382/344 161/1383/410 164/1384/225
f 162/1385/41 165/1386/226 166/1387/43 161/1388/44
f 165/1389/45 157/1390/46 160/1391/47 166/1392/48
f 167/1393/515 170/1394/516 169/1395/348 168/1396/349
f 170/1397/227 172/1398/411 171/1399/350 169/1400/517
f 172/1401/57 171/1402/58 168/1403/59 167/1404/60
f 167/1405/351 168/1406/62 173/1407/63 174/1408/412
f 174/1409/234 173/1410/235 169/1411/67 170/1412/68
f 170/1413/352 169/1414/237 175/1415/518 176/1416/353
f 176/1417/354 175/1418/519 177/1419/520 178/1420/521
f 178/1421/77 177/1422/245 174/1423/246 173/1424/80
f 173/1425/358 176/1426/359 175/1427/416 174/1428/522
f 176/1429/251 175/1430/469 172/1431/253 171/1432/254
f 171/1433/89 172/1434/90 177/1435/91 178/1436/256
f 178/1437/523 177/1438/94 168/1439/95 167/1440/259
f 160/1441/365 168/1442/366 169/1443/367 159/1444/447
f 158/1445/369 170/1446/370 167/1447/371 157/1448/372
f 159/1449/262 169/1450/263 171/1451/373 162/1452/265
f 161/1453/374 172/1454/267 170/1455/268 158/1456/375
f 160/1457/376 163/1458/271 173/1459/115 168/1460/116
f 164/1461/499 161/1462/273 172/1463/274 175/1464/275
f 136/1465/377 158/1466/277 170/1467/278 176/1468/379
f 135/1469/524 174/1470/381 175/1471/419 164/1472/525
f 164/1473/384 166/1474/385 177/1475/131 175/1476/132
f 165/1477/386 136/1478/474 176/1479/388 178/1480/389
f 161/1481/137 166/1482/138 177/1483/139 172/1484/140
f 166/1485/141 160/1486/142 168/1487/143 177/1488/144
f 158/1489/292 135/1490/293 174/1491/294 170/1492/391
f 166/1493/296 135/1494/503 174/1495/298 177/1496/299
f 162/1497/153 160/1498/154 168/1499/155 171/1500/156
f 157/1501/157 165/1502/158 178/1503/526 167/1504/301
f 162/1505/302 136/1506/396 176/1507/304 171/1508/305
f 135/1509/507 157/1510/307 167/1511/397 174/1512/425
f 157/1513/169 161/1514/170 172/1515/171 167/1516/172
f 165/1517/310 162/1518/174 171/1519/175 178/1520/426
f 163/1521/311 159/1522/312 169/1523/427 173/1524/180
f 159/1525/313 164/1526/314 175/1527/527 169/1528/316
f 163/1529/317 165/1530/318 178/1531/187 173/1532/188
f 136/1533/528 176/1534/399 173/1535/400 163/1536/529
f 179/1537/324 182/1538/530 181/1539/531 180/1540/402
f 180/1541/430 181/1542/431 184/1543/532 183/1544/197
f 183/1545/9 179/1546/10 182/1547/11 184/1548/12
f 179/1549/198 157/1550/199 185/1551/200 182/1552/201
f 157/1553/533 180/1554/534 181/1555/405 185/1556/535
f 180/1557/333 158/1558/434 186/1559/208 181/1560/335
f 158/1561/536 187/1562/537 188/1563/538 186/1564/539
f 187/1565/214 185/1566/215 157/1567/216 188/1568/485
f 185/1569/540 157/1570/541 186/1571/542 158/1572/543
f 158/1573/440 184/1574/344 183/1575/410 186/1576/225
f 184/1577/41 187/1578/226 188/1579/43 183/1580/441
f 187/1581/45 179/1582/46 182/1583/47 188/1584/48
f 189/1585/346 192/1586/544 191/1587/545 190/1588/349
f 192/1589/227 194/1590/228 193/1591/350 191/1592/230
f 194/1593/57 193/1594/58 190/1595/59 189/1596/60
f 189/1597/351 190/1598/62 195/1599/63 196/1600/412
f 196/1601/234 195/1602/235 191/1603/67 192/1604/68
f 192/1605/236 191/1606/237 197/1607/238 198/1608/239
f 198/1609/444 197/1610/546 199/1611/547 200/1612/548
f 200/1613/77 199/1614/245 196/1615/246 195/1616/80
f 195/1617/358 198/1618/359 197/1619/493 196/1620/361
f 198/1621/251 197/1622/252 194/1623/549 193/1624/445
f 193/1625/89 194/1626/90 199/1627/91 200/1628/256
f 200/1629/550 199/1630/94 190/1631/95 189/1632/259
f 182/1633/551 190/1634/366 191/1635/367 181/1636/368
f 180/1637/418 192/1638/370 189/1639/371 179/1640/372
f 181/1641/262 191/1642/263 193/1643/373 184/1644/265
f 183/1645/266 194/1646/267 192/1647/473 180/1648/269
f 182/1649/270 185/1650/271 195/1651/115 190/1652/116
f 186/1653/272 183/1654/273 194/1655/274 197/1656/275
f 158/1657/276 180/1658/552 192/1659/278 198/1660/279
f 157/1661/553 196/1662/381 197/1663/382 186/1664/554
f 186/1665/555 188/1666/556 199/1667/131 197/1668/132
f 187/1669/557 158/1670/558 198/1671/388 200/1672/389
f 183/1673/449 188/1674/138 199/1675/139 194/1676/140
f 188/1677/141 182/1678/142 190/1679/143 199/1680/144
f 180/1681/292 157/1682/293 196/1683/294 192/1684/391
f 188/1685/296 157/1686/297 196/1687/298 199/1688/299
f 184/1689/153 182/1690/154 190/1691/155 193/1692/156
f 179/1693/157 187/1694/158 200/1695/559 189/1696/301
f 184/1697/560 158/1698/396 198/1699/304 193/1700/452
f 157/1701/306 179/1702/307 189/1703/397 196/1704/309
f 179/1705/169 183/1706/170 194/1707/171 189/1708/172
f 187/1709/310 184/1710/174 193/1711/175 200/1712/426
f 185/1713/311 181/1714/312 191/1715/427 195/1716/180
f 181/1717/313 186/1718/314 197/1719/315 191/1720/316
f 185/1721/317 187/1722/318 200/1723/187 195/1724/188
f 158/1725/561 198/1726/399 195/1727/400 185/1728/562
f 201/1729/324 204/1730/458 203/1731/326 202/1732/563
f 202/1733/194 203/1734/431 206/1735/196 205/1736/197
f 205/1737/9 201/1738/10 204/1739/11 206/1740/12
f 201/1741/198 179/1742/199 207/1743/200 204/1744/201
f 179/1745/564 202/1746/565 203/1747/331 207/1748/566
f 202/1749/433 180/1750/207 208/1751/208 203/1752/209
f 180/1753/567 209/1754/568 210/1755/538 208/1756/539
f 209/1757/214 207/1758/215 179/1759/216 210/1760/485
f 207/1761/569 179/1762/570 208/1763/438 180/1764/571
f 180/1765/222 206/1766/488 205/1767/224 208/1768/225
f 206/1769/41 209/1770/42 210/1771/43 205/1772/441
f 209/1773/45 201/1774/46 204/1775/47 210/1776/48
f 211/1777/515 214/1778/516 213/1779/348 212/1780/349
f 214/1781/227 216/1782/228 215/1783/350 213/1784/572
f 216/1785/57 215/1786/58 212/1787/59 211/1788/60
f 211/1789/351 212/1790/62 217/1791/63 218/1792/412
f 218/1793/234 217/1794/66 213/1795/67 214/1796/68
f 214/1797/236 213/1798/237 219/1799/238 220/1800/353
f 220/1801/573 219/1802/415 221/1803/75 222/1804/574
f 222/1805/244 221/1806/245 218/1807/246 217/1808/80
f 217/1809/358 220/1810/359 219/1811/416 218/1812/361
f 220/1813/251 219/1814/252 216/1815/253 215/1816/254
f 215/1817/89 216/1818/90 221/1819/91 222/1820/256
f 222/1821/575 221/1822/94 212/1823/95 211/1824/259
f 204/1825/551 212/1826/366 213/1827/367 203/1828/368
f 202/1829/576 214/1830/370 211/1831/371 201/1832/372
f 203/1833/262 213/1834/263 215/1835/373 206/1836/265
f 205/1837/266 216/1838/267 214/1839/268 202/1840/375
f 204/1841/270 207/1842/271 217/1843/115 212/1844/116
f 208/1845/272 205/1846/273 216/1847/274 219/1848/275
f 180/1849/276 202/1850/378 214/1851/278 220/1852/379
f 179/1853/380 218/1854/381 219/1855/382 208/1856/383
f 208/1857/555 210/1858/556 221/1859/131 219/1860/132
f 209/1861/557 180/1862/558 220/1863/388 222/1864/389
f 205/1865/449 210/1866/138 221/1867/139 216/1868/140
f 210/1869/141 204/1870/142 212/1871/143 221/1872/144
f 202/1873/577 179/1874/578 218/1875/294 214/1876/391
f 210/1877/296 179/1878/297 218/1879/298 221/1880/299
f 206/1881/153 204/1882/154 212/1883/155 215/1884/156
f 201/1885/157 209/1886/158 222/1887/579 211/1888/580
f 206/1889/302 180/1890/581 220/1891/304 215/1892/452
f 179/1893/424 201/1894/307 211/1895/397 218/1896/309
f 201/1897/169 205/1898/170 216/1899/171 211/1900/172
f 209/1901/173 206/1902/174 215/1903/175 222/1904/176
f 207/1905/582 203/1906/583 213/1907/427 217/1908/180
f 203/1909/313 208/1910/314 219/1911/315 213/1912/316
f 207/1913/317 209/1914/318 222/1915/319 217/1916/188
f 180/1917/508 220/1918/399 217/1919/400 207/1920/456
f 223/1921/457 226/1922/458 225/1923/326 224/1924/327
f 224/1925/328 225/1926/195 228/1927/196 227/1928/197
f 227/1929/584 223/1930/10 226/1931/11 228/1932/12
f 223/1933/198 201/1934/199 229/1935/200 226/1936/201
f 201/1937/585 224/1938/586 225/1939/479 229/1940/587
f 224/1941/433 202/1942/434 230/1943/208 225/1944/335
f 202/1945/481 231/1946/482 232/1947/588 230/1948/484
f 231/1949/214 229/1950/215 201/1951/216 232/1952/485
f 229/1953/589 201/1954/590 230/1955/438 202/1956/591
f 202/1957/222 228/1958/488 227/1959/224 230/1960/225
f 228/1961/41 231/1962/42 232/1963/43 227/1964/441
f 231/1965/45 223/1966/46 226/1967/47 232/1968/48
f 233/1969/346 236/1970/544 235/1971/545 234/1972/349
f 236/1973/227 238/1974/228 237/1975/350 235/1976/230
f 238/1977/57 237/1978/58 234/1979/59 233/1980/60
f 233/1981/351 234/1982/62 239/1983/63 240/1984/412
f 240/1985/234 239/1986/66 235/1987/67 236/1988/68
f 236/1989/352 235/1990/237 241/1991/238 242/1992/413
f 242/1993/444 241/1994/74 243/1995/75 244/1996/356
f 244/1997/244 243/1998/245 240/1999/246 239/2000/80
f 239/2001/358 242/2002/359 241/2003/416 240/2004/361
f 242/2005/251 241/2006/252 238/2007/253 237/2008/445
f 237/2009/89 238/2010/90 243/2011/91 244/2012/92
f 244/2013/592 243/2014/94 234/2015/258 233/2016/364
f 226/2017/365 234/2018/593 235/2019/367 225/2020/368
f 224/2021/418 236/2022/370 233/2023/371 223/2024/372
f 225/2025/262 235/2026/263 237/2027/373 228/2028/265
f 227/2029/374 238/2030/267 236/2031/268 224/2032/375
f 226/2033/270 229/2034/271 239/2035/115 234/2036/116
f 230/2037/272 227/2038/273 238/2039/274 241/2040/275
f 202/2041/377 224/2042/277 236/2043/278 242/2044/379
f 201/2045/594 240/2046/381 241/2047/382 230/2048/595
f 230/2049/384 232/2050/385 243/2051/131 241/2052/132
f 231/2053/386 202/2054/474 242/2055/388 244/2056/389
f 227/2057/449 232/2058/138 243/2059/139 238/2060/140
f 232/2061/141 226/2062/142 234/2063/143 243/2064/144
f 224/2065/292 201/2066/293 240/2067/294 236/2068/596
f 232/2069/296 201/2070/503 240/2071/298 243/2072/299
f 228/2073/153 226/2074/154 234/2075/155 237/2076/156
f 223/2077/157 231/2078/158 244/2079/597 233/2080/598
f 228/2081/302 202/2082/396 242/2083/304 237/2084/506
f 201/2085/507 223/2086/307 233/2087/397 240/2088/309
f 223/2089/169 227/2090/170 238/2091/171 233/2092/172
f 231/2093/173 228/2094/174 237/2095/175 244/2096/176
f 229/2097/311 225/2098/312 235/2099/427 239/2100/180
f 225/2101/313 230/2102/314 241/2103/315 235/2104/316
f 229/2105/317 231/2106/318 244/2107/599 239/2108/188
f 202/2109/600 242/2110/399 239/2111/400 229/2112/601
f 245/2113/457 248/2114/325 247/2115/602 246/2116/563
f 246/2117/328 247/2118/431 250/2119/196 249/2120/197
f 249/2121/584 245/2122/10 248/2123/11 250/2124/12
f 245/2125/198 223/2126/199 251/2127/200 248/2128/201
f 223/2129/603 246/2130/604 247/2131/479 251/2132/605
f 246/2133/606 224/2134/434 252/2135/208 247/2136/335
f 224/2137/607 253/2138/337 254/2139/338 252/2140/461
f 253/2141/608 251/2142/215 223/2143/216 254/2144/217
f 251/2145/609 223/2146/610 252/2147/611 224/2148/612
f 224/2149/222 250/2150/344 249/2151/224 252/2152/225
f 250/2153/41 253/2154/226 254/2155/43 249/2156/441
f 253/2157/45 245/2158/46 248/2159/47 254/2160/48
f 255/2161/515 258/2162/516 257/2163/348 256/2164/349
f 258/2165/227 260/2166/411 259/2167/613 257/2168/517
f 260/2169/57 259/2170/58 256/2171/59 255/2172/60
f 255/2173/614 256/2174/62 261/2175/63 262/2176/412
f 262/2177/234 261/2178/235 257/2179/615 258/2180/68
f 258/2181/352 257/2182/237 263/2183/518 264/2184/468
f 264/2185/354 263/2186/519 265/2187/520 266/2188/521
f 266/2189/77 265/2190/245 262/2191/246 261/2192/80
f 261/2193/358 264/2194/359 263/2195/416 262/2196/361
f 264/2197/251 263/2198/469 260/2199/616 259/2200/254
f 259/2201/255 260/2202/90 265/2203/91 266/2204/256
f 266/2205/617 265/2206/94 256/2207/95 255/2208/618
f 248/2209/551 256/2210/366 257/2211/367 247/2212/447
f 246/2213/619 258/2214/370 255/2215/371 245/2216/372
f 247/2217/262 257/2218/620 259/2219/373 250/2220/265
f 249/2221/266 260/2222/267 258/2223/473 246/2224/621
f 248/2225/270 251/2226/271 261/2227/115 256/2228/116
f 252/2229/272 249/2230/273 260/2231/622 263/2232/275
f 224/2233/377 246/2234/623 258/2235/278 264/2236/279
f 223/2237/624 262/2238/381 263/2239/382 252/2240/383
f 252/2241/502 254/2242/385 265/2243/131 263/2244/132
f 253/2245/386 224/2246/474 264/2247/388 266/2248/625
f 249/2249/449 254/2250/138 265/2251/139 260/2252/140
f 254/2253/141 248/2254/142 256/2255/143 265/2256/144
f 246/2257/292 223/2258/626 262/2259/294 258/2260/391
f 254/2261/296 223/2262/297 262/2263/298 265/2264/392
f 250/2265/153 248/2266/154 256/2267/155 259/2268/156
f 245/2269/157 253/2270/158 266/2271/627 255/2272/580
f 250/2273/395 224/2274/396 264/2275/304 259/2276/305
f 223/2277/306 245/2278/307 255/2279/308 262/2280/309
f 245/2281/169 249/2282/170 260/2283/171 255/2284/628
f 253/2285/310 250/2286/174 259/2287/629 266/2288/426
f 251/2289/311 247/2290/312 257/2291/427 261/2292/180
f 247/2293/313 252/2294/314 263/2295/630 257/2296/316
f 251/2297/631 253/2298/318 266/2299/428 261/2300/188
f 224/2301/561 264/2302/399 261/2303/400 251/2304/401
usemtl plastic
f 267/2305/632 268/2306/633 269/2307/634 270/2308/635
f 270/2309/636 269/2310/637 271/2311/638 272/2312/639
f 272/2313/640 271/2314/641 273/2315/642 274/2316/643
f 274/2317/644 273/2318/645 268/2319/646 267/2320/647
f 270/2321/648 272/2322/649 274/2323/650 267/2324/651
f 271/2325/652 269/2326/653 268/2327/654 273/2328/655
f 275/2329/656 276/2330/656 277/2331/656 278/2332/656
f 278/2333/657 277/2334/657 279/2335/657 280/2336/657
f 280/2337/658 279/2338/658 281/2339/658 282/2340/658
f 282/2341/659 281/2342/659 276/2343/659 275/2344/659
f 278/2345/660 280/2346/660 282/2347/660 275/2348/660
f 279/2349/661 277/2350/661 276/2351/661 281/2352/661
f 283/2353/662 286/2354/663 285/2355/664 284/2356/665
f 286/2357/666 288/2358/667 287/2359/668 285/2360/669
f 288/2361/670 290/2362/671 289/2363/672 287/2364/673
f 290/2365/674 292/2366/675 291/2367/676 289/2368/677
f 292/2369/678 294/2370/679 293/2371/680 291/2372/681
f 294/2373/682 296/2374/683 295/2375/684 293/2376/685
f 285/2377/686 287/2378/687 289/2379/688 291/2380/689 293/2381/690 295/2382/691 297/2383/692 284/2384/693
f 296/2385/694 298/2386/695 297/2387/696 295/2388/697
f 298/2389/698 283/2390/699 284/2391/700 297/2392/701
f 299/2393/702 302/2394/703 301/2395/704 300/2396/705
f 303/2397/706 286/2398/707 283/2399/708 304/2400/709
f 305/2401/710 288/2402/711 286/2403/712 303/2404/713
f 306/2405/714 290/2406/715 288/2407/716 305/2408/717
f 307/2409/718 292/2410/719 290/2411/720 306/2412/721
f 308/2413/722 294/2414/723 292/2415/724 307/2416/725
f 299/2417/726 296/2418/727 294/2419/728 308/2420/729
f 300/2421/730 298/2422/731 296/2423/732 299/2424/733
f 304/2425/734 283/2426/735 298/2427/736 300/2428/737
f 309/2429/738 301/2430/739 302/2431/740 314/2432/741 313/2433/742 312/2434/743 311/2435/744 310/2436/745
f 307/2437/746 313/2438/747 314/2439/748 308/2440/749
f 305/2441/750 311/2442/751 312/2443/752 306/2444/753
f 304/2445/754 309/2446/755 310/2447/756 303/2448/757
f 300/2449/758 301/2450/759 309/2451/760 304/2452/761
f 308/2453/762 314/2454/763 302/2455/764 299/2456/765
f 306/2457/766 312/2458/767 313/2459/768 307/2460/769
f 303/2461/770 310/2462/771 311/2463/772 305/2464/773
f 315/2465/774 316/2466/775 317/2467/776 318/2468/777
f 318/2469/778 317/2470/779 319/2471/780 320/2472/781
f 320/2473/782 319/2474/783 321/2475/783 322/2476/784
f 322/2477/785 321/2478/660 323/2479/660 324/2480/786
f 324/2481/787 323/2482/788 325/2483/788 326/2484/789
f 327/2485/790 325/2486/791 328/2487/792 329/2488/793
f 326/2489/794 325/2490/791 327/2491/795 330/2492/796
f 330/2493/797 327/2494/798 316/2495/799 315/2496/800
f 315/2497/801 318/2498/802 320/2499/803 322/2500/804 324/2501/805 326/2502/806 330/2503/807
f 331/2504/808 332/2505/809 329/2506/810 328/2507/811 333/2508/812 334/2509/813 335/2510/814
f 323/2511/660 321/2512/660 334/2513/815 333/2514/816
f 316/2515/817 327/2516/818 336/2517/819 337/2518/820
f 319/2519/780 317/2520/821 331/2521/822 335/2522/823
f 325/2523/788 323/2524/788 333/2525/824 328/2526/825
f 331/2527/826 317/2528/827 338/2529/828 339/2530/829
f 321/2531/783 319/2532/783 335/2533/830 334/2534/831
f 337/2535/832 336/2536/833 340/2537/834 341/2538/835
f 338/2539/836 337/2540/837 341/2541/838 339/2542/839
f 327/2543/840 329/2544/841 340/2545/842 336/2546/843
f 329/2547/844 332/2548/809 341/2549/845 340/2550/846
f 317/2551/847 316/2552/848 337/2553/849 338/2554/850
f 332/2555/809 331/2556/851 339/2557/852 341/2558/853
f 342/2559/854 345/2560/855 344/2561/856 343/2562/857
f 346/2563/858 349/2564/859 348/2565/860 347/2566/861
f 342/2567/862 343/2568/863 353/2569/864 352/2570/865 346/2571/866 347/2572/867 351/2573/868 350/2574/869
f 354/2575/870 357/2576/871 348/2577/872 349/2578/873 356/2579/874 355/2580/875 344/2581/876 345/2582/877
f 353/2583/878 355/2584/879 356/2585/880 352/2586/881
f 346/2587/882 352/2588/883 356/2589/884 349/2590/885
f 344/2591/886 355/2592/887 353/2593/888 343/2594/889
f 342/2595/890 350/2596/891 354/2597/892 345/2598/893
f 348/2599/894 357/2600/895 351/2601/896 347/2602/897
f 351/2603/898 357/2604/899 354/2605/900 350/2606/901
f 358/2607/902 361/2608/903 360/2609/904 359/2610/905
f 361/2611/906 363/2612/907 362/2613/908 360/2614/909
f 363/2615/910 365/2616/911 364/2617/912 362/2618/913
f 365/2619/914 367/2620/915 366/2621/916 364/2622/917
f 367/2623/918 369/2624/919 368/2625/920 366/2626/921
f 369/2627/922 371/2628/923 370/2629/924 368/2630/925
f 360/2631/926 362/2632/927 364/2633/928 366/2634/929 368/2635/930 370/2636/931 372/2637/932 359/2638/933
f 371/2639/934 373/2640/935 372/2641/936 370/2642/937
f 373/2643/938 358/2644/939 359/2645/940 372/2646/941
f 374/2647/942 377/2648/943 376/2649/944 375/2650/945
f 378/2651/946 361/2652/947 358/2653/948 379/2654/949
f 380/2655/950 363/2656/951 361/2657/952 378/2658/953
f 381/2659/954 365/2660/955 363/2661/956 380/2662/957
f 382/2663/958 367/2664/959 365/2665/960 381/2666/961
f 383/2667/962 369/2668/963 367/2669/964 382/2670/965
f 374/2671/966 371/2672/967 369/2673/968 383/2674/969
f 375/2675/970 373/2676/971 371/2677/972 374/2678/973
f 379/2679/974 358/2680/975 373/2681/976 375/2682/977
f 384/2683/978 376/2684/979 377/2685/980 389/2686/981 388/2687/982 387/2688/983 386/2689/984 385/2690/985
f 382/2691/986 388/2692/987 389/2693/988 383/2694/989
f 380/2695/990 386/2696/991 387/2697/992 381/2698/993
f 379/2699/994 384/2700/995 385/2701/996 378/2702/997
f 375/2703/998 376/2704/999 384/2705/1000 379/2706/1001
f 383/2707/1002 389/2708/1003 377/2709/1004 374/2710/1005
f 381/2711/1006 387/2712/1007 388/2713/1008 382/2714/1009
f 378/2715/1010 385/2716/1011 386/2717/1012 380/2718/1013
f 390/2719/1014 391/2720/1015 392/2721/1016 393/2722/1017
f 393/2723/1018 392/2724/1019 394/2725/1020 395/2726/1021
f 395/2727/1022 394/2728/1023 396/2729/1023 397/2730/1024
f 397/2731/1025 396/2732/660 398/2733/660 399/2734/1026
f 399/2735/1027 398/2736/1028 400/2737/1028 401/2738/1029
f 402/2739/1030 400/2740/1031 403/2741/1032 404/2742/1033
f 401/2743/1034 400/2744/1031 402/2745/1035 405/2746/1036
f 405/2747/1037 402/2748/1038 391/2749/1039 390/2750/1040
f 390/2751/1041 393/2752/1042 395/2753/1043 397/2754/1044 399/2755/1045 401/2756/1046 405/2757/1047
f 406/2758/1048 407/2759/1049 404/2760/1050 403/2761/1051 408/2762/1052 409/2763/1053 410/2764/1054
f 398/2765/660 396/2766/660 409/2767/1055 408/2768/1056
f 391/2769/1057 402/2770/1058 411/2771/1059 412/2772/1060
f 394/2773/1020 392/2774/1061 406/2775/1062 410/2776/1063
f 400/2777/1028 398/2778/1028 408/2779/1064 403/2780/1065
f 406/2781/1066 392/2782/1067 413/2783/1068 414/2784/1069
f 396/2785/1023 394/2786/1023 410/2787/1070 409/2788/1071
f 412/2789/1072 411/2790/1073 415/2791/1074 416/2792/1075
f 413/2793/1076 412/2794/1077 416/2795/1078 414/2796/1079
f 402/2797/1080 404/2798/1081 415/2799/1082 411/2800/1083
f 404/2801/1084 407/2802/1049 416/2803/1085 415/2804/1086
f 392/2805/1087 391/2806/1088 412/2807/1089 413/2808/1090
f 407/2809/1049 406/2810/1091 414/2811/1092 416/2812/1093
f 417/2813/1094 420/2814/1095 419/2815/1096 418/2816/1097
f 421/2817/1098 424/2818/1099 423/2819/1100 422/2820/1101
f 417/2821/1102 418/2822/1103 428/2823/1104 427/2824/1105 421/2825/1106 422/2826/1107 426/2827/1108 425/2828/1109
f 429/2829/1110 432/2830/1111 423/2831/1112 424/2832/1113 431/2833/1114 430/2834/1115 419/2835/1116 420/2836/1117
f 428/2837/1118 430/2838/1119 431/2839/1120 427/2840/1121
f 421/2841/1122 427/2842/1123 431/2843/1124 424/2844/1125
f 419/2845/1126 430/2846/1127 428/2847/1128 418/2848/1129
f 417/2849/1130 425/2850/1131 429/2851/1132 420/2852/1133
f 423/2853/1134 432/2854/1135 426/2855/1136 422/2856/1137
f 426/2857/1138 432/2858/1139 429/2859/1140 425/2860/1141
f 433/2861/1142 436/2862/1143 435/2863/1144 434/2864/1145
f 436/2865/1146 438/2866/1147 437/2867/1148 435/2868/1149
f 438/2869/1150 440/2870/1151 439/2871/1152 437/2872/1153
f 440/2873/1154 442/2874/1155 441/2875/1156 439/2876/1157
f 442/2877/1158 444/2878/1159 443/2879/1160 441/2880/1161
f 444/2881/1162 446/2882/1163 445/2883/1164 443/2884/1165
f 435/2885/1166 437/2886/1167 439/2887/1168 441/2888/1169 443/2889/1170 445/2890/1171 447/2891/1172 434/2892/1173
f 446/2893/1174 448/2894/1175 447/2895/1176 445/2896/1177
f 448/2897/1178 433/2898/1179 434/2899/1180 447/2900/1181
f 449/2901/1182 452/2902/1183 451/2903/1184 450/2904/1185
f 453/2905/1186 436/2906/1187 433/2907/1188 454/2908/1189
f 455/2909/1190 438/2910/1191 436/2911/1192 453/2912/1193
f 456/2913/1194 440/2914/1195 438/2915/1196 455/2916/1197
f 457/2917/1198 442/2918/1199 440/2919/1200 456/2920/1201
f 458/2921/1202 444/2922/1203 442/2923/1204 457/2924/1205
f 449/2925/1206 446/2926/1207 444/2927/1208 458/2928/1209
f 450/2929/1210 448/2930/1211 446/2931/1212 449/2932/1213
f 454/2933/1214 433/2934/1215 448/2935/1216 450/2936/1217
f 459/2937/1218 451/2938/1219 452/2939/1220 464/2940/1221 463/2941/1222 462/2942/1223 461/2943/1224 460/2944/1225
f 457/2945/1226 463/2946/1227 464/2947/1228 458/2948/1229
f 455/2949/1230 461/2950/1231 462/2951/1232 456/2952/1233
f 454/2953/1234 459/2954/1235 460/2955/1236 453/2956/1237
f 450/2957/1238 451/2958/1239 459/2959/1240 454/2960/1241
f 458/2961/1242 464/2962/1243 452/2963/1244 449/2964/1245
f 456/2965/1246 462/2966/1247 463/2967/1248 457/2968/1249
f 453/2969/1250 460/2970/1251 461/2971/1252 455/2972/1253
f 465/2973/1254 466/2974/1255 467/2975/1256 468/2976/1257
f 468/2977/1258 467/2978/1259 469/2979/1260 470/2980/1261
f 470/2981/1262 469/2982/1263 471/2983/1263 472/2984/1264
f 472/2985/1265 471/2986/660 473/2987/660 474/2988/1266
f 474/2989/1267 473/2990/1268 475/2991/1268 476/2992/1269
f 477/2993/1270 475/2994/1271 478/2995/1272 479/2996/1273
f 476/2997/1274 475/2998/1271 477/2999/1275 480/3000/1276
f 480/3001/1277 477/3002/1278 466/3003/1279 465/3004/1280
f 465/3005/1281 468/3006/1282 470/3007/1283 472/3008/1284 474/3009/1285 476/3010/1286 480/3011/1287
f 481/3012/1288 482/3013/1289 479/3014/1290 478/3015/1291 483/3016/1292 484/3017/1293 485/3018/1294
f 473/3019/660 471/3020/660 484/3021/1295 483/3022/1296
f 466/3023/1297 477/3024/1298 486/3025/1299 487/3026/1300
f 469/3027/1260 467/3028/1301 481/3029/1302 485/3030/1303
f 475/3031/1268 473/3032/1268 483/3033/1304 478/3034/1305
f 481/3035/1306 467/3036/1307 488/3037/1308 489/3038/1309
f 471/3039/1263 469/3040/1263 485/3041/1310 484/3042/1311
f 487/3043/1312 486/3044/1313 490/3045/1314 491/3046/1315
f 488/3047/1316 487/3048/1317 491/3049/1318 489/3050/1319
f 477/3051/1320 479/3052/1321 490/3053/1322 486/3054/1323
f 479/3055/1324 482/3056/1289 491/3057/1325 490/3058/1326
f 467/3059/1327 466/3060/1328 487/3061/1329 488/3062/1330
f 482/3063/1289 481/3064/1331 489/3065/1332 491/3066/1333
f 492/3067/1334 495/3068/1335 494/3069/1336 493/3070/1337
f 496/3071/1338 499/3072/1339 498/3073/1340 497/3074/1341
f 492/3075/1342 493/3076/1343 503/3077/1344 502/3078/1345 496/3079/1346 497/3080/1347 501/3081/1348 500/3082/1349
f 504/3083/1350 507/3084/1351 498/3085/1352 499/3086/1353 506/3087/1354 505/3088/1355 494/3089/1356 495/3090/1357
f 503/3091/1358 505/3092/1359 506/3093/1360 502/3094/1361
f 496/3095/1362 502/3096/1363 506/3097/1364 499/3098/1365
f 494/3099/1366 505/3100/1367 503/3101/1368 493/3102/1369
f 492/3103/1370 500/3104/1371 504/3105/1372 495/3106/1373
f 498/3107/1374 507/3108/1375 501/3109/1376 497/3110/1377
f 501/3111/1378 507/3112/1379 504/3113/1380 500/3114/1381
f 508/3115/1382 509/3116/1383 510/3117/1384 511/3118/1385
f 511/3119/1386 510/3120/1387 512/3121/1388 513/3122/1389
f 513/3123/1390 512/3124/1391 514/3125/1392 515/3126/1393
f 515/3127/1394 514/3128/1395 509/3129/1396 508/3130/1397
f 511/3131/1398 513/3132/1399 515/3133/1400 508/3134/1401
f 512/3135/1402 510/3136/1403 509/3137/1404 514/3138/1405
f 516/3139/1406 517/3140/1406 518/3141/1406 519/3142/1406
f 519/3143/1407 518/3144/1407 520/3145/1407 521/3146/1407
f 521/3147/1408 520/3148/1408 522/3149/1408 523/3150/1408
f 523/3151/1409 522/3152/1409 517/3153/1409 516/3154/1409
f 519/3155/660 521/3156/660 523/3157/660 516/3158/660
f 520/3159/661 518/3160/661 517/3161/661 522/3162/661
f 524/3163/1410 525/3164/1410 526/3165/1410 527/3166/1410
f 528/3167/1411 529/3168/1411 530/3169/1411 531/3170/1411
f 531/3171/1412 530/3172/1412 532/3173/1413 533/3174/1414
f 534/3175/1415 535/3176/1416 525/3177/1417 524/3178/1417
f 528/3179/660 531/3180/660 533/3181/1418 534/3182/1419
f 529/3183/661 526/3184/661 525/3185/661 535/3186/1420
f 530/3187/661 529/3188/661 535/3189/1421 532/3190/1422
f 527/3191/660 528/3192/660 534/3193/1423 524/3194/660
f 533/3195/1424 532/3196/1425 536/3197/1426 537/3198/1427
f 527/3199/1428 526/3200/1428 529/3201/1428 528/3202/1428
f 537/3203/1429 536/3204/1430 538/3205/1431 539/3206/1432
f 535/3207/1433 534/3208/1434 539/3209/1435 538/3210/1436
f 534/3211/1437 533/3212/1438 537/3213/1439 539/3214/1440
f 532/3215/1441 535/3216/1442 538/3217/1443 536/3218/1444
