# Blender v3.0.0 OBJ File: ''
# www.blender.org
mtllib remote.mtl
o Text
v -0.075569 0.199817 0.208939
v -0.076462 0.199817 0.208995
v -0.077316 0.199817 0.208945
v -0.078113 0.199817 0.208795
v -0.074728 0.199817 0.208775
v -0.078850 0.199817 0.208544
v -0.073943 0.199817 0.208507
v -0.079524 0.199817 0.208192
v -0.073220 0.199817 0.208140
v -0.080132 0.199817 0.207738
v -0.072563 0.199817 0.207680
v -0.080669 0.199817 0.207182
v -0.071978 0.199817 0.207130
v -0.081133 0.199817 0.206524
v -0.071470 0.199817 0.206497
v -0.076522 0.199817 0.206716
v -0.076035 0.199817 0.206692
v -0.076973 0.199817 0.206690
v -0.075582 0.199817 0.206619
v -0.077393 0.199817 0.206612
v -0.075163 0.199817 0.206498
v -0.077781 0.199817 0.206486
v -0.081520 0.199817 0.205764
v -0.074778 0.199817 0.206331
v -0.071043 0.199817 0.205785
v -0.078136 0.199817 0.206312
v -0.074426 0.199817 0.206119
v -0.078457 0.199817 0.206092
v -0.074110 0.199817 0.205861
v -0.078741 0.199817 0.205828
v -0.073827 0.199817 0.205560
v -0.078989 0.199817 0.205523
v -0.070702 0.199817 0.204999
v -0.081827 0.199817 0.204899
v -0.073579 0.199817 0.205217
v -0.079199 0.199817 0.205177
v -0.073367 0.199817 0.204831
v -0.079369 0.199817 0.204793
v -0.070453 0.199817 0.204144
v -0.082051 0.199817 0.203932
v -0.073189 0.199817 0.204404
v -0.079498 0.199817 0.204373
v -0.073047 0.199817 0.203937
v -0.079585 0.199817 0.203918
v -0.070299 0.199817 0.203225
v -0.072940 0.199817 0.203431
v -0.082188 0.199817 0.202861
v -0.079629 0.199817 0.203431
v -0.070247 0.199817 0.202247
v -0.082234 0.199817 0.201685
v -0.070295 0.199817 0.201337
v -0.072881 0.199817 0.201685
v -0.073007 0.199817 0.201053
v -0.070437 0.199817 0.200449
v -0.073179 0.199817 0.200474
v -0.073396 0.199817 0.199949
v -0.070672 0.199817 0.199593
v -0.073658 0.199817 0.199478
v -0.070999 0.199817 0.198782
v -0.073965 0.199817 0.199061
v -0.081613 0.199817 0.199044
v -0.081997 0.199817 0.199287
v -0.081997 0.199817 0.196742
v -0.074317 0.199817 0.198699
v -0.081230 0.199817 0.198819
v -0.080847 0.199817 0.198613
v -0.071415 0.199817 0.198025
v -0.074712 0.199817 0.198392
v -0.080464 0.199817 0.198426
v -0.080080 0.199817 0.198258
v -0.075152 0.199817 0.198139
v -0.079696 0.199817 0.198111
v -0.075637 0.199817 0.197943
v -0.079310 0.199817 0.197984
v -0.071919 0.199817 0.197334
v -0.078923 0.199817 0.197880
v -0.076164 0.199817 0.197802
v -0.078534 0.199817 0.197797
v -0.076736 0.199817 0.197717
v -0.078143 0.199817 0.197737
v -0.077748 0.199817 0.197701
v -0.077350 0.199817 0.197689
v -0.072510 0.199817 0.196719
v -0.081600 0.199817 0.196487
v -0.073185 0.199817 0.196191
v -0.081206 0.199817 0.196256
v -0.080811 0.199817 0.196047
v -0.073943 0.199817 0.195762
v -0.080413 0.199817 0.195861
v -0.080008 0.199817 0.195698
v -0.074783 0.199817 0.195442
v -0.079592 0.199817 0.195558
v -0.079163 0.199817 0.195440
v -0.075702 0.199817 0.195242
v -0.078717 0.199817 0.195343
v -0.078251 0.199817 0.195268
v -0.077762 0.199817 0.195215
v -0.076699 0.199817 0.195173
v -0.077245 0.199817 0.195184
v -0.059178 0.199817 0.206657
v -0.064120 0.199817 0.211481
v -0.064120 0.199817 0.208729
v -0.068323 0.199817 0.208729
v -0.068323 0.199817 0.206361
v -0.059178 0.199817 0.206361
v -0.061486 0.199817 0.206361
v -0.061486 0.199817 0.199346
v -0.064120 0.199817 0.206361
v -0.064120 0.199817 0.199554
v -0.064143 0.199817 0.199184
v -0.061516 0.199817 0.198761
v -0.064207 0.199817 0.198860
v -0.064308 0.199817 0.198577
v -0.061607 0.199817 0.198205
v -0.064440 0.199817 0.198335
v -0.068739 0.199817 0.198362
v -0.069004 0.199817 0.198518
v -0.069004 0.199817 0.196061
v -0.068478 0.199817 0.198219
v -0.064599 0.199817 0.198129
v -0.068220 0.199817 0.198090
v -0.061758 0.199817 0.197683
v -0.064779 0.199817 0.197959
v -0.067966 0.199817 0.197975
v -0.067714 0.199817 0.197873
v -0.064975 0.199817 0.197821
v -0.067465 0.199817 0.197785
v -0.065181 0.199817 0.197714
v -0.067218 0.199817 0.197710
v -0.065394 0.199817 0.197635
v -0.066974 0.199817 0.197649
v -0.061969 0.199817 0.197199
v -0.066731 0.199817 0.197602
v -0.065607 0.199817 0.197581
v -0.066491 0.199817 0.197568
v -0.065816 0.199817 0.197550
v -0.066252 0.199817 0.197548
v -0.066015 0.199817 0.197541
v -0.062239 0.199817 0.196757
v -0.062570 0.199817 0.196361
v -0.062961 0.199817 0.196014
v -0.068765 0.199817 0.195938
v -0.063411 0.199817 0.195722
v -0.068508 0.199817 0.195820
v -0.068238 0.199817 0.195710
v -0.063921 0.199817 0.195488
v -0.067958 0.199817 0.195607
v -0.067672 0.199817 0.195513
v -0.067383 0.199817 0.195428
v -0.064490 0.199817 0.195316
v -0.067096 0.199817 0.195354
v -0.066814 0.199817 0.195291
v -0.065119 0.199817 0.195209
v -0.066540 0.199817 0.195241
v -0.066278 0.199817 0.195204
v -0.065807 0.199817 0.195173
v -0.066033 0.199817 0.195181
v -0.049949 0.199817 0.208935
v -0.050920 0.199817 0.208995
v -0.051938 0.199817 0.208937
v -0.052902 0.199817 0.208766
v -0.049023 0.199817 0.208758
v -0.053804 0.199817 0.208490
v -0.048151 0.199817 0.208473
v -0.054639 0.199817 0.208113
v -0.047339 0.199817 0.208086
v -0.055400 0.199817 0.207642
v -0.046594 0.199817 0.207605
v -0.056081 0.199817 0.207082
v -0.045925 0.199817 0.207038
v -0.056675 0.199817 0.206441
v -0.045339 0.199817 0.206391
v -0.050890 0.199817 0.206627
v -0.050284 0.199817 0.206589
v -0.051533 0.199817 0.206589
v -0.049709 0.199817 0.206477
v -0.052140 0.199817 0.206477
v -0.049171 0.199817 0.206296
v -0.052709 0.199817 0.206296
v -0.057175 0.199817 0.205724
v -0.044842 0.199817 0.205671
v -0.048673 0.199817 0.206050
v -0.053235 0.199817 0.206049
v -0.048219 0.199817 0.205742
v -0.053714 0.199817 0.205740
v -0.047812 0.199817 0.205377
v -0.054142 0.199817 0.205373
v -0.057575 0.199817 0.204937
v -0.044444 0.199817 0.204887
v -0.047458 0.199817 0.204959
v -0.054516 0.199817 0.204953
v -0.047159 0.199817 0.204492
v -0.054830 0.199817 0.204483
v -0.057869 0.199817 0.204086
v -0.044149 0.199817 0.204045
v -0.046920 0.199817 0.203980
v -0.055082 0.199817 0.203968
v -0.058050 0.199817 0.203178
v -0.043968 0.199817 0.203153
v -0.046744 0.199817 0.203428
v -0.055266 0.199817 0.203411
v -0.046636 0.199817 0.202839
v -0.055380 0.199817 0.202816
v -0.058112 0.199817 0.202217
v -0.043905 0.199817 0.202217
v -0.046599 0.199817 0.202217
v -0.055419 0.199817 0.202188
v -0.043965 0.199817 0.201221
v -0.046634 0.199817 0.201535
v -0.058052 0.199817 0.201196
v -0.055383 0.199817 0.201493
v -0.046740 0.199817 0.200895
v -0.055277 0.199817 0.200847
v -0.044141 0.199817 0.200277
v -0.057875 0.199817 0.200236
v -0.046911 0.199817 0.200300
v -0.055102 0.199817 0.200250
v -0.047146 0.199817 0.199755
v -0.044427 0.199817 0.199393
v -0.054863 0.199817 0.199707
v -0.057588 0.199817 0.199343
v -0.047440 0.199817 0.199262
v -0.054561 0.199817 0.199219
v -0.044816 0.199817 0.198576
v -0.057195 0.199817 0.198523
v -0.047790 0.199817 0.198825
v -0.054198 0.199817 0.198788
v -0.048193 0.199817 0.198446
v -0.053777 0.199817 0.198417
v -0.045303 0.199817 0.197830
v -0.056702 0.199817 0.197780
v -0.048646 0.199817 0.198128
v -0.053301 0.199817 0.198108
v -0.049146 0.199817 0.197876
v -0.052772 0.199817 0.197863
v -0.049689 0.199817 0.197692
v -0.052192 0.199817 0.197686
v -0.045881 0.199817 0.197164
v -0.056114 0.199817 0.197119
v -0.050271 0.199817 0.197579
v -0.051564 0.199817 0.197577
v -0.050890 0.199817 0.197541
v -0.046544 0.199817 0.196582
v -0.055438 0.199817 0.196546
v -0.047286 0.199817 0.196092
v -0.054679 0.199817 0.196065
v -0.048101 0.199817 0.195699
v -0.053842 0.199817 0.195683
v -0.048982 0.199817 0.195411
v -0.052932 0.199817 0.195403
v -0.049924 0.199817 0.195234
v -0.051957 0.199817 0.195231
v -0.050920 0.199817 0.195173
v -0.027966 0.199817 0.208981
v -0.028278 0.199817 0.208995
v -0.028693 0.199817 0.208978
v -0.036220 0.199817 0.208973
v -0.036683 0.199817 0.208995
v -0.037336 0.199817 0.208952
v -0.027654 0.199817 0.208941
v -0.029096 0.199817 0.208926
v -0.035777 0.199817 0.208908
v -0.037945 0.199817 0.208827
v -0.027339 0.199817 0.208872
v -0.029484 0.199817 0.208841
v -0.035353 0.199817 0.208804
v -0.027023 0.199817 0.208776
v -0.029859 0.199817 0.208722
v -0.038509 0.199817 0.208622
v -0.034947 0.199817 0.208663
v -0.026704 0.199817 0.208652
v -0.021766 0.199817 0.195440
v -0.021766 0.199817 0.208729
v -0.024401 0.199817 0.208729
v -0.024401 0.199817 0.206982
v -0.030218 0.199817 0.208570
v -0.034559 0.199817 0.208489
v -0.026384 0.199817 0.208499
v -0.039024 0.199817 0.208342
v -0.030561 0.199817 0.208385
v -0.026061 0.199817 0.208319
v -0.034186 0.199817 0.208285
v -0.030887 0.199817 0.208167
v -0.039488 0.199817 0.207989
v -0.025735 0.199817 0.208109
v -0.033829 0.199817 0.208053
v -0.031196 0.199817 0.207916
v -0.025406 0.199817 0.207871
v -0.033487 0.199817 0.207798
v -0.039899 0.199817 0.207567
v -0.031487 0.199817 0.207634
v -0.025074 0.199817 0.207604
v -0.033158 0.199817 0.207522
v -0.031759 0.199817 0.207320
v -0.024739 0.199817 0.207308
v -0.040253 0.199817 0.207080
v -0.032842 0.199817 0.207227
v -0.032012 0.199817 0.206974
v -0.032538 0.199817 0.206918
v -0.035707 0.199817 0.206775
v -0.040549 0.199817 0.206531
v -0.024401 0.199817 0.205088
v -0.024670 0.199817 0.205389
v -0.024934 0.199817 0.205655
v -0.025193 0.199817 0.205889
v -0.025451 0.199817 0.206091
v -0.025709 0.199817 0.206264
v -0.025969 0.199817 0.206409
v -0.026235 0.199817 0.206527
v -0.026508 0.199817 0.206621
v -0.026790 0.199817 0.206691
v -0.027084 0.199817 0.206739
v -0.027391 0.199817 0.206766
v -0.027716 0.199817 0.206775
v -0.032244 0.199817 0.206598
v -0.035486 0.199817 0.206767
v -0.028036 0.199817 0.206756
v -0.036078 0.199817 0.206753
v -0.035255 0.199817 0.206728
v -0.028345 0.199817 0.206697
v -0.036435 0.199817 0.206685
v -0.035015 0.199817 0.206662
v -0.028639 0.199817 0.206598
v -0.036774 0.199817 0.206573
v -0.034768 0.199817 0.206568
v -0.028916 0.199817 0.206457
v -0.037091 0.199817 0.206417
v -0.034516 0.199817 0.206450
v -0.040783 0.199817 0.205923
v -0.029171 0.199817 0.206274
v -0.034260 0.199817 0.206309
v -0.037384 0.199817 0.206218
v -0.034002 0.199817 0.206147
v -0.029403 0.199817 0.206046
v -0.037649 0.199817 0.205976
v -0.033745 0.199817 0.205966
v -0.029607 0.199817 0.205774
v -0.037883 0.199817 0.205693
v -0.033488 0.199817 0.205768
v -0.040954 0.199817 0.205261
v -0.029781 0.199817 0.205455
v -0.033236 0.199817 0.205554
v -0.038081 0.199817 0.205368
v -0.032988 0.199817 0.205327
v -0.029921 0.199817 0.205090
v -0.038242 0.199817 0.205002
v -0.032747 0.199817 0.205088
v -0.041058 0.199817 0.204547
v -0.030026 0.199817 0.204675
v -0.024401 0.199817 0.195440
v -0.032747 0.199817 0.195440
v -0.038360 0.199817 0.204597
v -0.030091 0.199817 0.204212
v -0.038434 0.199817 0.204151
v -0.041094 0.199817 0.203786
v -0.030113 0.199817 0.203697
v -0.038459 0.199817 0.203668
v -0.041094 0.199817 0.195440
v -0.030113 0.199817 0.195440
v -0.038459 0.199817 0.195440
v -0.012379 0.199817 0.208939
v -0.013272 0.199817 0.208995
v -0.014125 0.199817 0.208945
v -0.014922 0.199817 0.208795
v -0.011537 0.199817 0.208775
v -0.015660 0.199817 0.208544
v -0.010753 0.199817 0.208507
v -0.016334 0.199817 0.208192
v -0.010029 0.199817 0.208140
v -0.016941 0.199817 0.207738
v -0.009373 0.199817 0.207680
v -0.017479 0.199817 0.207182
v -0.008788 0.199817 0.207130
v -0.017943 0.199817 0.206524
v -0.008279 0.199817 0.206497
v -0.013331 0.199817 0.206716
v -0.012845 0.199817 0.206692
v -0.013782 0.199817 0.206690
v -0.012392 0.199817 0.206619
v -0.014203 0.199817 0.206612
v -0.011973 0.199817 0.206498
v -0.014591 0.199817 0.206486
v -0.018330 0.199817 0.205764
v -0.011587 0.199817 0.206331
v -0.007852 0.199817 0.205785
v -0.014946 0.199817 0.206312
v -0.011236 0.199817 0.206119
v -0.015266 0.199817 0.206092
v -0.010919 0.199817 0.205861
v -0.015551 0.199817 0.205828
v -0.010637 0.199817 0.205560
v -0.015799 0.199817 0.205523
v -0.007512 0.199817 0.204999
v -0.018637 0.199817 0.204899
v -0.010389 0.199817 0.205216
v -0.016008 0.199817 0.205177
v -0.010176 0.199817 0.204831
v -0.016178 0.199817 0.204793
v -0.007262 0.199817 0.204144
v -0.018860 0.199817 0.203932
v -0.009999 0.199817 0.204404
v -0.016307 0.199817 0.204373
v -0.009856 0.199817 0.203937
v -0.016395 0.199817 0.203918
v -0.007109 0.199817 0.203225
v -0.009750 0.199817 0.203431
v -0.018997 0.199817 0.202860
v -0.016439 0.199817 0.203431
v -0.007056 0.199817 0.202247
v -0.019043 0.199817 0.201685
v -0.007104 0.199817 0.201337
v -0.009691 0.199817 0.201685
v -0.009817 0.199817 0.201053
v -0.007247 0.199817 0.200449
v -0.009989 0.199817 0.200474
v -0.010206 0.199817 0.199949
v -0.007482 0.199817 0.199593
v -0.010468 0.199817 0.199478
v -0.007809 0.199817 0.198782
v -0.010775 0.199817 0.199061
v -0.018422 0.199817 0.199044
v -0.018807 0.199817 0.199287
v -0.018807 0.199817 0.196742
v -0.011126 0.199817 0.198699
v -0.018039 0.199817 0.198819
v -0.017656 0.199817 0.198613
v -0.008225 0.199817 0.198025
v -0.011522 0.199817 0.198392
v -0.017273 0.199817 0.198425
v -0.016890 0.199817 0.198258
v -0.011962 0.199817 0.198139
v -0.016505 0.199817 0.198111
v -0.012446 0.199817 0.197943
v -0.016120 0.199817 0.197984
v -0.008729 0.199817 0.197334
v -0.015733 0.199817 0.197880
v -0.012974 0.199817 0.197802
v -0.015344 0.199817 0.197797
v -0.013545 0.199817 0.197717
v -0.014952 0.199817 0.197737
v -0.014558 0.199817 0.197701
v -0.014160 0.199817 0.197689
v -0.009319 0.199817 0.196719
v -0.018410 0.199817 0.196487
v -0.009994 0.199817 0.196191
v -0.018015 0.199817 0.196256
v -0.017621 0.199817 0.196047
v -0.010753 0.199817 0.195762
v -0.017223 0.199817 0.195861
v -0.016817 0.199817 0.195698
v -0.011592 0.199817 0.195442
v -0.016402 0.199817 0.195558
v -0.015973 0.199817 0.195439
v -0.012511 0.199817 0.195242
v -0.015527 0.199817 0.195343
v -0.015061 0.199817 0.195268
v -0.014571 0.199817 0.195215
v -0.013509 0.199817 0.195173
v -0.014055 0.199817 0.195184
v 0.009755 0.199817 0.195439
v 0.009755 0.199817 0.215625
v 0.006854 0.199817 0.213139
v 0.004664 0.199817 0.215625
v 0.003676 0.199817 0.215580
v 0.002755 0.199817 0.215449
v 0.001905 0.199817 0.215233
v 0.001130 0.199817 0.214935
v 0.000433 0.199817 0.214559
v -0.000183 0.199817 0.214108
v -0.000713 0.199817 0.213584
v 0.004990 0.199817 0.213139
v -0.001155 0.199817 0.212990
v 0.006854 0.199817 0.206805
v 0.004322 0.199817 0.213115
v 0.003722 0.199817 0.213044
v 0.003188 0.199817 0.212929
v -0.001504 0.199817 0.212328
v 0.002718 0.199817 0.212769
v 0.002311 0.199817 0.212567
v 0.001963 0.199817 0.212325
v -0.001758 0.199817 0.211603
v 0.001674 0.199817 0.212043
v 0.001440 0.199817 0.211722
v 0.001260 0.199817 0.211366
v -0.001913 0.199817 0.210817
v 0.001132 0.199817 0.210974
v 0.001054 0.199817 0.210548
v -0.001966 0.199817 0.209972
v 0.001024 0.199817 0.210090
v 0.001036 0.199817 0.209671
v -0.001941 0.199817 0.209400
v 0.001091 0.199817 0.209261
v -0.001866 0.199817 0.208853
v 0.001194 0.199817 0.208865
v 0.001348 0.199817 0.208489
v -0.001742 0.199817 0.208334
v 0.001559 0.199817 0.208137
v -0.001571 0.199817 0.207842
v 0.001830 0.199817 0.207815
v -0.001353 0.199817 0.207379
v 0.002167 0.199817 0.207528
v 0.002574 0.199817 0.207282
v -0.001089 0.199817 0.206945
v 0.003055 0.199817 0.207081
v 0.003615 0.199817 0.206931
v -0.000780 0.199817 0.206543
v 0.004258 0.199817 0.206837
v 0.004990 0.199817 0.206805
v 0.006854 0.199817 0.204200
v -0.000427 0.199817 0.206172
v -0.000030 0.199817 0.205835
v 0.000408 0.199817 0.205531
v 0.000888 0.199817 0.205262
v 0.001408 0.199817 0.205029
v 0.000964 0.199817 0.204712
v 0.000545 0.199817 0.204368
v 0.005641 0.199817 0.204200
v 0.005275 0.199817 0.204189
v 0.000148 0.199817 0.203997
v 0.006854 0.199817 0.195439
v 0.004915 0.199817 0.204146
v 0.004554 0.199817 0.204061
v 0.004186 0.199817 0.203924
v -0.000232 0.199817 0.203598
v 0.003806 0.199817 0.203722
v 0.003406 0.199817 0.203446
v -0.000597 0.199817 0.203173
v 0.002982 0.199817 0.203082
v -0.000952 0.199817 0.202720
v 0.002528 0.199817 0.202622
v -0.001301 0.199817 0.202241
v 0.002036 0.199817 0.202053
v -0.001648 0.199817 0.201734
v 0.001503 0.199817 0.201364
v -0.001996 0.199817 0.201200
v 0.000920 0.199817 0.200544
v -0.002350 0.199817 0.200639
v -0.002714 0.199817 0.200050
v 0.000284 0.199817 0.199583
v -0.003090 0.199817 0.199435
v -0.002380 0.199817 0.195440
v -0.003298 0.199817 0.199101
v -0.003496 0.199817 0.198790
v -0.003687 0.199817 0.198494
v -0.003876 0.199817 0.198208
v -0.004068 0.199817 0.197925
v -0.004267 0.199817 0.197637
v -0.004477 0.199817 0.197338
v -0.004702 0.199817 0.197021
v -0.004947 0.199817 0.196680
v -0.005216 0.199817 0.196307
v -0.005513 0.199817 0.195896
v -0.005843 0.199817 0.195440
v 0.015483 0.199817 0.208974
v 0.015171 0.199817 0.208995
v 0.014906 0.199817 0.208985
v 0.014643 0.199817 0.208953
v 0.015795 0.199817 0.208912
v 0.014381 0.199817 0.208900
v 0.016109 0.199817 0.208806
v 0.014120 0.199817 0.208826
v 0.013859 0.199817 0.208731
v 0.016425 0.199817 0.208655
v 0.013599 0.199817 0.208614
v 0.021712 0.199817 0.195439
v 0.021712 0.199817 0.208729
v 0.019078 0.199817 0.208729
v 0.019078 0.199817 0.205680
v 0.016743 0.199817 0.208459
v 0.013338 0.199817 0.208476
v 0.013075 0.199817 0.208315
v 0.017062 0.199817 0.208214
v 0.012811 0.199817 0.208133
v 0.017383 0.199817 0.207922
v 0.012545 0.199817 0.207930
v 0.012276 0.199817 0.207704
v 0.017706 0.199817 0.207579
v 0.012004 0.199817 0.207456
v 0.018031 0.199817 0.207185
v 0.015318 0.199817 0.206384
v 0.015116 0.199817 0.206313
v 0.014906 0.199817 0.206223
v 0.014690 0.199817 0.206117
v 0.014470 0.199817 0.205994
v 0.014249 0.199817 0.205857
v 0.014029 0.199817 0.205705
v 0.013812 0.199817 0.205541
v 0.013600 0.199817 0.205364
v 0.013395 0.199817 0.205177
v 0.018358 0.199817 0.206738
v 0.015688 0.199817 0.206468
v 0.015510 0.199817 0.206436
v 0.018687 0.199817 0.206237
v 0.016295 0.199817 0.206442
v 0.015852 0.199817 0.206479
v 0.016718 0.199817 0.206335
v 0.017118 0.199817 0.206162
v 0.019019 0.199817 0.205680
v 0.017491 0.199817 0.205927
v 0.017833 0.199817 0.205635
v 0.018828 0.199817 0.203994
v 0.018643 0.199817 0.204467
v 0.018413 0.199817 0.204901
v 0.018142 0.199817 0.205292
v 0.018964 0.199817 0.203489
v 0.019049 0.199817 0.202954
v 0.019078 0.199817 0.202395
v 0.019078 0.199817 0.195439
v 0.031396 0.199817 0.208939
v 0.030503 0.199817 0.208995
v 0.029649 0.199817 0.208945
v 0.028852 0.199817 0.208795
v 0.032237 0.199817 0.208775
v 0.028115 0.199817 0.208544
v 0.033022 0.199817 0.208507
v 0.027441 0.199817 0.208192
v 0.033745 0.199817 0.208140
v 0.026834 0.199817 0.207738
v 0.034402 0.199817 0.207680
v 0.026296 0.199817 0.207182
v 0.034987 0.199817 0.207130
v 0.025832 0.199817 0.206524
v 0.035495 0.199817 0.206497
v 0.030443 0.199817 0.206716
v 0.030930 0.199817 0.206691
v 0.029992 0.199817 0.206690
v 0.031383 0.199817 0.206619
v 0.029572 0.199817 0.206612
v 0.031802 0.199817 0.206498
v 0.029184 0.199817 0.206486
v 0.025445 0.199817 0.205763
v 0.032187 0.199817 0.206331
v 0.035922 0.199817 0.205785
v 0.028829 0.199817 0.206312
v 0.032539 0.199817 0.206119
v 0.028508 0.199817 0.206092
v 0.032856 0.199817 0.205861
v 0.028224 0.199817 0.205828
v 0.033138 0.199817 0.205560
v 0.027976 0.199817 0.205523
v 0.036263 0.199817 0.204999
v 0.025138 0.199817 0.204899
v 0.033386 0.199817 0.205216
v 0.027766 0.199817 0.205177
v 0.033598 0.199817 0.204831
v 0.027597 0.199817 0.204793
v 0.036513 0.199817 0.204144
v 0.024914 0.199817 0.203932
v 0.033776 0.199817 0.204404
v 0.027467 0.199817 0.204373
v 0.033918 0.199817 0.203937
v 0.027380 0.199817 0.203918
v 0.036666 0.199817 0.203225
v 0.034025 0.199817 0.203431
v 0.024777 0.199817 0.202860
v 0.027336 0.199817 0.203431
v 0.036718 0.199817 0.202247
v 0.024731 0.199817 0.201685
v 0.036670 0.199817 0.201337
v 0.034084 0.199817 0.201685
v 0.033958 0.199817 0.201053
v 0.036528 0.199817 0.200449
v 0.033786 0.199817 0.200474
v 0.033569 0.199817 0.199949
v 0.036293 0.199817 0.199593
v 0.033307 0.199817 0.199478
v 0.035966 0.199817 0.198782
v 0.033000 0.199817 0.199061
v 0.025352 0.199817 0.199044
v 0.024968 0.199817 0.199287
v 0.024968 0.199817 0.196742
v 0.032648 0.199817 0.198699
v 0.025736 0.199817 0.198819
v 0.026118 0.199817 0.198613
v 0.035550 0.199817 0.198025
v 0.032253 0.199817 0.198391
v 0.026502 0.199817 0.198425
v 0.026885 0.199817 0.198258
v 0.031813 0.199817 0.198139
v 0.027269 0.199817 0.198111
v 0.031329 0.199817 0.197943
v 0.027655 0.199817 0.197984
v 0.035046 0.199817 0.197334
v 0.028042 0.199817 0.197880
v 0.030801 0.199817 0.197802
v 0.028431 0.199817 0.197797
v 0.030229 0.199817 0.197717
v 0.028822 0.199817 0.197737
v 0.029217 0.199817 0.197701
v 0.029615 0.199817 0.197689
v 0.034455 0.199817 0.196719
v 0.025365 0.199817 0.196487
v 0.033780 0.199817 0.196191
v 0.025759 0.199817 0.196255
v 0.026154 0.199817 0.196047
v 0.033022 0.199817 0.195762
v 0.026552 0.199817 0.195861
v 0.026957 0.199817 0.195698
v 0.032183 0.199817 0.195442
v 0.027373 0.199817 0.195558
v 0.027802 0.199817 0.195439
v 0.031263 0.199817 0.195242
v 0.028248 0.199817 0.195343
v 0.028714 0.199817 0.195268
v 0.029203 0.199817 0.195215
v 0.030266 0.199817 0.195173
v 0.029720 0.199817 0.195184
v 0.051043 0.199817 0.188632
v 0.051043 0.199817 0.208729
v 0.048409 0.199817 0.206361
v 0.046485 0.199817 0.208729
v 0.045318 0.199817 0.208680
v 0.044245 0.199817 0.208533
v 0.043267 0.199817 0.208290
v 0.042386 0.199817 0.207953
v 0.041604 0.199817 0.207521
v 0.040921 0.199817 0.206997
v 0.040339 0.199817 0.206382
v 0.046012 0.199817 0.206361
v 0.045324 0.199817 0.206328
v 0.039860 0.199817 0.205677
v 0.048409 0.199817 0.198133
v 0.044695 0.199817 0.206230
v 0.044125 0.199817 0.206068
v 0.043615 0.199817 0.205844
v 0.043165 0.199817 0.205561
v 0.039485 0.199817 0.204883
v 0.042774 0.199817 0.205218
v 0.042444 0.199817 0.204817
v 0.039215 0.199817 0.204001
v 0.042173 0.199817 0.204361
v 0.041962 0.199817 0.203851
v 0.039052 0.199817 0.203033
v 0.041811 0.199817 0.203288
v 0.041721 0.199817 0.202674
v 0.038997 0.199817 0.201980
v 0.041690 0.199817 0.202010
v 0.041727 0.199817 0.201381
v 0.039055 0.199817 0.201007
v 0.041833 0.199817 0.200785
v 0.039224 0.199817 0.200089
v 0.042006 0.199817 0.200225
v 0.042242 0.199817 0.199707
v 0.039498 0.199817 0.199231
v 0.042536 0.199817 0.199234
v 0.042885 0.199817 0.198810
v 0.039872 0.199817 0.198440
v 0.043286 0.199817 0.198440
v 0.040339 0.199817 0.197720
v 0.043734 0.199817 0.198127
v 0.048208 0.199817 0.198040
v 0.044225 0.199817 0.197877
v 0.048005 0.199817 0.197955
v 0.047800 0.199817 0.197878
v 0.048409 0.199817 0.195765
v 0.047593 0.199817 0.197808
v 0.044756 0.199817 0.197693
v 0.047386 0.199817 0.197746
v 0.047177 0.199817 0.197693
v 0.040895 0.199817 0.197078
v 0.045323 0.199817 0.197580
v 0.046968 0.199817 0.197647
v 0.046758 0.199817 0.197609
v 0.046549 0.199817 0.197579
v 0.045923 0.199817 0.197541
v 0.046339 0.199817 0.197558
v 0.046131 0.199817 0.197545
v 0.041532 0.199817 0.196520
v 0.042246 0.199817 0.196050
v 0.043030 0.199817 0.195675
v 0.048409 0.199817 0.188632
v 0.048162 0.199817 0.195666
v 0.043879 0.199817 0.195400
v 0.047922 0.199817 0.195577
v 0.047689 0.199817 0.195498
v 0.047462 0.199817 0.195427
v 0.047240 0.199817 0.195366
v 0.044786 0.199817 0.195231
v 0.047022 0.199817 0.195314
v 0.046807 0.199817 0.195270
v 0.046594 0.199817 0.195234
v 0.046382 0.199817 0.195207
v 0.045745 0.199817 0.195173
v 0.046171 0.199817 0.195188
v 0.045959 0.199817 0.195177
v 0.065753 0.199817 0.200471
v 0.065753 0.199817 0.208729
v 0.063119 0.199817 0.208729
v 0.063119 0.199817 0.200293
v 0.057229 0.199817 0.199228
v 0.057229 0.199817 0.208729
v 0.054595 0.199817 0.208729
v 0.054595 0.199817 0.195439
v 0.065714 0.199817 0.199658
v 0.063100 0.199817 0.199844
v 0.063043 0.199817 0.199429
v 0.065600 0.199817 0.198907
v 0.062947 0.199817 0.199049
v 0.057449 0.199817 0.198936
v 0.062814 0.199817 0.198705
v 0.057679 0.199817 0.198668
v 0.065415 0.199817 0.198220
v 0.062643 0.199817 0.198398
v 0.057919 0.199817 0.198425
v 0.058169 0.199817 0.198205
v 0.062435 0.199817 0.198129
v 0.065162 0.199817 0.197598
v 0.058426 0.199817 0.198010
v 0.062188 0.199817 0.197899
v 0.058690 0.199817 0.197841
v 0.057229 0.199817 0.197126
v 0.061904 0.199817 0.197709
v 0.058962 0.199817 0.197696
v 0.061583 0.199817 0.197559
v 0.059239 0.199817 0.197577
v 0.064846 0.199817 0.197043
v 0.059522 0.199817 0.197484
v 0.061225 0.199817 0.197451
v 0.059810 0.199817 0.197417
v 0.060829 0.199817 0.197385
v 0.060101 0.199817 0.197377
v 0.060396 0.199817 0.197363
v 0.057512 0.199817 0.196839
v 0.057229 0.199817 0.195439
v 0.064469 0.199817 0.196557
v 0.057811 0.199817 0.196571
v 0.058123 0.199817 0.196322
v 0.064037 0.199817 0.196141
v 0.058447 0.199817 0.196094
v 0.063552 0.199817 0.195797
v 0.058780 0.199817 0.195888
v 0.059120 0.199817 0.195706
v 0.063019 0.199817 0.195526
v 0.059464 0.199817 0.195548
v 0.059810 0.199817 0.195416
v 0.062440 0.199817 0.195331
v 0.060155 0.199817 0.195312
v 0.061822 0.199817 0.195213
v 0.060498 0.199817 0.195235
v 0.060835 0.199817 0.195189
v 0.061166 0.199817 0.195173
v 0.074672 0.199817 0.215848
v 0.073774 0.199817 0.215891
v 0.073389 0.199817 0.215881
v 0.073005 0.199817 0.215852
v 0.072622 0.199817 0.215802
v 0.075512 0.199817 0.215720
v 0.072239 0.199817 0.215733
v 0.071859 0.199817 0.215645
v 0.076292 0.199817 0.215512
v 0.071480 0.199817 0.215536
v 0.071104 0.199817 0.215408
v 0.077007 0.199817 0.215225
v 0.070731 0.199817 0.215260
v 0.070361 0.199817 0.215092
v 0.077652 0.199817 0.214863
v 0.069995 0.199817 0.214905
v 0.069633 0.199817 0.214697
v 0.078225 0.199817 0.214430
v 0.069275 0.199817 0.214471
v 0.072559 0.199817 0.213104
v 0.072172 0.199817 0.212991
v 0.071776 0.199817 0.212846
v 0.071373 0.199817 0.212668
v 0.070963 0.199817 0.212454
v 0.070548 0.199817 0.212200
v 0.070128 0.199817 0.211906
v 0.069703 0.199817 0.211569
v 0.069275 0.199817 0.211185
v 0.078720 0.199817 0.213928
v 0.073307 0.199817 0.213244
v 0.072938 0.199817 0.213187
v 0.079134 0.199817 0.213361
v 0.074011 0.199817 0.213287
v 0.073664 0.199817 0.213276
v 0.079464 0.199817 0.212732
v 0.074465 0.199817 0.213267
v 0.074895 0.199817 0.213208
v 0.075297 0.199817 0.213112
v 0.075668 0.199817 0.212981
v 0.076006 0.199817 0.212816
v 0.076308 0.199817 0.212621
v 0.079704 0.199817 0.212044
v 0.076571 0.199817 0.212395
v 0.076793 0.199817 0.212142
v 0.076970 0.199817 0.211863
v 0.079851 0.199817 0.211301
v 0.077100 0.199817 0.211560
v 0.077180 0.199817 0.211235
v 0.079901 0.199817 0.210504
v 0.077207 0.199817 0.210889
v 0.077036 0.199817 0.209996
v 0.079729 0.199817 0.209221
v 0.076561 0.199817 0.209230
v 0.075843 0.199817 0.208557
v 0.079254 0.199817 0.208118
v 0.074944 0.199817 0.207938
v 0.078536 0.199817 0.207166
v 0.073923 0.199817 0.207339
v 0.072842 0.199817 0.206723
v 0.077637 0.199817 0.206332
v 0.071760 0.199817 0.206055
v 0.076616 0.199817 0.205588
v 0.070740 0.199817 0.205296
v 0.075535 0.199817 0.204903
v 0.069840 0.199817 0.204413
v 0.074454 0.199817 0.204246
v 0.069123 0.199817 0.203368
v 0.073433 0.199817 0.203587
v 0.072534 0.199817 0.202896
v 0.068648 0.199817 0.202125
v 0.071816 0.199817 0.202142
v 0.071341 0.199817 0.201294
v 0.068476 0.199817 0.200649
v 0.071169 0.199817 0.200323
v 0.079782 0.199817 0.197038
v 0.079782 0.199817 0.200708
v 0.079404 0.199817 0.200252
v 0.068525 0.199817 0.199876
v 0.071191 0.199817 0.200037
v 0.079011 0.199817 0.199833
v 0.071257 0.199817 0.199744
v 0.068669 0.199817 0.199143
v 0.078604 0.199817 0.199451
v 0.071366 0.199817 0.199451
v 0.078184 0.199817 0.199106
v 0.071521 0.199817 0.199163
v 0.071722 0.199817 0.198887
v 0.068902 0.199817 0.198457
v 0.077751 0.199817 0.198800
v 0.071969 0.199817 0.198629
v 0.077307 0.199817 0.198532
v 0.072262 0.199817 0.198393
v 0.076853 0.199817 0.198304
v 0.069218 0.199817 0.197821
v 0.072603 0.199817 0.198188
v 0.076388 0.199817 0.198116
v 0.072992 0.199817 0.198017
v 0.075916 0.199817 0.197969
v 0.073430 0.199817 0.197888
v 0.075435 0.199817 0.197863
v 0.073918 0.199817 0.197806
v 0.074948 0.199817 0.197799
v 0.069613 0.199817 0.197242
v 0.074455 0.199817 0.197778
v 0.070082 0.199817 0.196723
v 0.079358 0.199817 0.196734
v 0.078930 0.199817 0.196458
v 0.070618 0.199817 0.196270
v 0.078495 0.199817 0.196209
v 0.071217 0.199817 0.195889
v 0.078054 0.199817 0.195989
v 0.077604 0.199817 0.195795
v 0.071872 0.199817 0.195583
v 0.077144 0.199817 0.195628
v 0.076675 0.199817 0.195488
v 0.072580 0.199817 0.195359
v 0.076193 0.199817 0.195374
v 0.075699 0.199817 0.195285
v 0.073334 0.199817 0.195220
v 0.075191 0.199817 0.195223
v 0.074668 0.199817 0.195185
v 0.074129 0.199817 0.195173
v -0.075569 0.190983 0.208939
v -0.077316 0.190983 0.208945
v -0.076462 0.190983 0.208995
v -0.078113 0.190983 0.208795
v -0.074728 0.190983 0.208775
v -0.078850 0.190983 0.208544
v -0.073943 0.190983 0.208507
v -0.079524 0.190983 0.208192
v -0.073220 0.190983 0.208140
v -0.080131 0.190983 0.207738
v -0.072563 0.190983 0.207680
v -0.080669 0.190983 0.207182
v -0.071978 0.190983 0.207130
v -0.081133 0.190983 0.206524
v -0.071470 0.190983 0.206497
v -0.076522 0.190983 0.206716
v -0.076035 0.190983 0.206692
v -0.076973 0.190983 0.206690
v -0.075582 0.190983 0.206619
v -0.077393 0.190983 0.206612
v -0.075163 0.190983 0.206498
v -0.077781 0.190983 0.206486
v -0.081520 0.190983 0.205764
v -0.074778 0.190983 0.206331
v -0.071043 0.190983 0.205785
v -0.078136 0.190983 0.206312
v -0.074426 0.190983 0.206119
v -0.078457 0.190983 0.206092
v -0.074110 0.190983 0.205861
v -0.078741 0.190983 0.205828
v -0.073827 0.190983 0.205560
v -0.078989 0.190983 0.205523
v -0.070702 0.190983 0.204999
v -0.081827 0.190983 0.204899
v -0.073579 0.190983 0.205217
v -0.079199 0.190983 0.205177
v -0.073367 0.190983 0.204831
v -0.079369 0.190983 0.204793
v -0.070453 0.190983 0.204144
v -0.082051 0.190983 0.203932
v -0.073189 0.190983 0.204404
v -0.079498 0.190983 0.204373
v -0.073047 0.190983 0.203937
v -0.079585 0.190983 0.203918
v -0.070299 0.190983 0.203225
v -0.072940 0.190983 0.203431
v -0.082188 0.190983 0.202861
v -0.079629 0.190983 0.203431
v -0.070247 0.190983 0.202247
v -0.082234 0.190983 0.201685
v -0.070295 0.190983 0.201337
v -0.072881 0.190983 0.201685
v -0.073007 0.190983 0.201053
v -0.070437 0.190983 0.200449
v -0.073179 0.190983 0.200474
v -0.073396 0.190983 0.199949
v -0.070672 0.190983 0.199593
v -0.073658 0.190983 0.199478
v -0.070999 0.190983 0.198782
v -0.073965 0.190983 0.199061
v -0.081613 0.190983 0.199044
v -0.081997 0.190983 0.196742
v -0.081997 0.190983 0.199287
v -0.074317 0.190983 0.198699
v -0.081229 0.190983 0.198819
v -0.080847 0.190983 0.198613
v -0.071415 0.190983 0.198025
v -0.074712 0.190983 0.198392
v -0.080464 0.190983 0.198426
v -0.080080 0.190983 0.198258
v -0.075152 0.190983 0.198139
v -0.079696 0.190983 0.198111
v -0.075637 0.190983 0.197943
v -0.079310 0.190983 0.197984
v -0.071919 0.190983 0.197334
v -0.078923 0.190983 0.197880
v -0.076164 0.190983 0.197802
v -0.078534 0.190983 0.197797
v -0.076736 0.190983 0.197717
v -0.078143 0.190983 0.197737
v -0.077748 0.190983 0.197701
v -0.077350 0.190983 0.197689
v -0.072510 0.190983 0.196719
v -0.081600 0.190983 0.196487
v -0.073185 0.190983 0.196191
v -0.081206 0.190983 0.196256
v -0.080811 0.190983 0.196047
v -0.073943 0.190983 0.195762
v -0.080413 0.190983 0.195861
v -0.080008 0.190983 0.195698
v -0.074783 0.190983 0.195442
v -0.079592 0.190983 0.195558
v -0.079163 0.190983 0.195440
v -0.075702 0.190983 0.195242
v -0.078717 0.190983 0.195343
v -0.078251 0.190983 0.195268
v -0.077762 0.190983 0.195215
v -0.076699 0.190983 0.195173
v -0.077245 0.190983 0.195184
v -0.059178 0.190983 0.206657
v -0.064120 0.190983 0.208729
v -0.064120 0.190983 0.211481
v -0.068323 0.190983 0.208729
v -0.068323 0.190983 0.206361
v -0.059178 0.190983 0.206361
v -0.061486 0.190983 0.206361
v -0.061486 0.190983 0.199346
v -0.064120 0.190983 0.206361
v -0.064120 0.190983 0.199554
v -0.064143 0.190983 0.199184
v -0.061516 0.190983 0.198761
v -0.064207 0.190983 0.198860
v -0.064308 0.190983 0.198577
v -0.061607 0.190983 0.198205
v -0.064440 0.190983 0.198335
v -0.068739 0.190983 0.198362
v -0.069004 0.190983 0.196061
v -0.069004 0.190983 0.198518
v -0.068478 0.190983 0.198219
v -0.064599 0.190983 0.198129
v -0.068220 0.190983 0.198090
v -0.061758 0.190983 0.197683
v -0.064779 0.190983 0.197959
v -0.067966 0.190983 0.197975
v -0.067714 0.190983 0.197873
v -0.064975 0.190983 0.197821
v -0.067465 0.190983 0.197785
v -0.065181 0.190983 0.197714
v -0.067218 0.190983 0.197710
v -0.065394 0.190983 0.197635
v -0.066974 0.190983 0.197649
v -0.061969 0.190983 0.197199
v -0.066731 0.190983 0.197602
v -0.065607 0.190983 0.197581
v -0.066491 0.190983 0.197568
v -0.065816 0.190983 0.197550
v -0.066252 0.190983 0.197548
v -0.066015 0.190983 0.197541
v -0.062239 0.190983 0.196757
v -0.062570 0.190983 0.196361
v -0.062961 0.190983 0.196014
v -0.068765 0.190983 0.195938
v -0.063411 0.190983 0.195722
v -0.068508 0.190983 0.195820
v -0.068238 0.190983 0.195710
v -0.063921 0.190983 0.195488
v -0.067958 0.190983 0.195607
v -0.067672 0.190983 0.195513
v -0.067383 0.190983 0.195428
v -0.064490 0.190983 0.195316
v -0.067096 0.190983 0.195354
v -0.066814 0.190983 0.195291
v -0.065119 0.190983 0.195209
v -0.066540 0.190983 0.195241
v -0.066278 0.190983 0.195204
v -0.065807 0.190983 0.195173
v -0.066033 0.190983 0.195181
v -0.049949 0.190983 0.208935
v -0.051938 0.190983 0.208937
v -0.050920 0.190983 0.208995
v -0.052902 0.190983 0.208766
v -0.049023 0.190983 0.208758
v -0.053804 0.190983 0.208490
v -0.048151 0.190983 0.208473
v -0.054639 0.190983 0.208113
v -0.047339 0.190983 0.208086
v -0.055400 0.190983 0.207642
v -0.046594 0.190983 0.207605
v -0.056081 0.190983 0.207082
v -0.045925 0.190983 0.207038
v -0.056675 0.190983 0.206441
v -0.045339 0.190983 0.206391
v -0.050890 0.190983 0.206627
v -0.050284 0.190983 0.206589
v -0.051533 0.190983 0.206589
v -0.049709 0.190983 0.206477
v -0.052140 0.190983 0.206477
v -0.049171 0.190983 0.206296
v -0.052709 0.190983 0.206296
v -0.057175 0.190983 0.205724
v -0.044842 0.190983 0.205671
v -0.048673 0.190983 0.206050
v -0.053235 0.190983 0.206049
v -0.048219 0.190983 0.205742
v -0.053714 0.190983 0.205740
v -0.047812 0.190983 0.205377
v -0.054142 0.190983 0.205373
v -0.057575 0.190983 0.204937
v -0.044444 0.190983 0.204887
v -0.047458 0.190983 0.204959
v -0.054516 0.190983 0.204953
v -0.047159 0.190983 0.204492
v -0.054830 0.190983 0.204483
v -0.057869 0.190983 0.204086
v -0.044149 0.190983 0.204045
v -0.046920 0.190983 0.203980
v -0.055082 0.190983 0.203968
v -0.058050 0.190983 0.203178
v -0.043968 0.190983 0.203153
v -0.046744 0.190983 0.203428
v -0.055266 0.190983 0.203411
v -0.046636 0.190983 0.202839
v -0.055380 0.190983 0.202816
v -0.058112 0.190983 0.202217
v -0.043905 0.190983 0.202217
v -0.046599 0.190983 0.202217
v -0.055419 0.190983 0.202188
v -0.043965 0.190983 0.201221
v -0.046634 0.190983 0.201535
v -0.058052 0.190983 0.201196
v -0.055383 0.190983 0.201493
v -0.046740 0.190983 0.200895
v -0.055277 0.190983 0.200847
v -0.044141 0.190983 0.200277
v -0.057875 0.190983 0.200236
v -0.046911 0.190983 0.200300
v -0.055102 0.190983 0.200250
v -0.047146 0.190983 0.199755
v -0.044427 0.190983 0.199393
v -0.054863 0.190983 0.199707
v -0.057588 0.190983 0.199343
v -0.047440 0.190983 0.199262
v -0.054561 0.190983 0.199219
v -0.044816 0.190983 0.198576
v -0.057195 0.190983 0.198523
v -0.047790 0.190983 0.198825
v -0.054198 0.190983 0.198788
v -0.048193 0.190983 0.198446
v -0.053777 0.190983 0.198417
v -0.045303 0.190983 0.197830
v -0.056702 0.190983 0.197780
v -0.048646 0.190983 0.198128
v -0.053301 0.190983 0.198108
v -0.049146 0.190983 0.197876
v -0.052772 0.190983 0.197863
v -0.049689 0.190983 0.197692
v -0.052192 0.190983 0.197686
v -0.045881 0.190983 0.197164
v -0.056114 0.190983 0.197119
v -0.050271 0.190983 0.197579
v -0.051564 0.190983 0.197577
v -0.050890 0.190983 0.197541
v -0.046544 0.190983 0.196582
v -0.055438 0.190983 0.196546
v -0.047286 0.190983 0.196092
v -0.054679 0.190983 0.196065
v -0.048101 0.190983 0.195699
v -0.053842 0.190983 0.195683
v -0.048982 0.190983 0.195411
v -0.052932 0.190983 0.195403
v -0.049924 0.190983 0.195234
v -0.051957 0.190983 0.195231
v -0.050920 0.190983 0.195173
v -0.027966 0.190983 0.208981
v -0.028693 0.190983 0.208978
v -0.028278 0.190983 0.208995
v -0.036220 0.190983 0.208973
v -0.037336 0.190983 0.208952
v -0.036683 0.190983 0.208995
v -0.027654 0.190983 0.208941
v -0.029096 0.190983 0.208926
v -0.035777 0.190983 0.208908
v -0.037945 0.190983 0.208827
v -0.027339 0.190983 0.208872
v -0.029484 0.190983 0.208841
v -0.035353 0.190983 0.208804
v -0.027023 0.190983 0.208776
v -0.029859 0.190983 0.208722
v -0.038509 0.190983 0.208622
v -0.034947 0.190983 0.208663
v -0.026704 0.190983 0.208652
v -0.021766 0.190983 0.195440
v -0.024401 0.190983 0.208729
v -0.021766 0.190983 0.208729
v -0.024401 0.190983 0.206982
v -0.030218 0.190983 0.208570
v -0.034559 0.190983 0.208489
v -0.026384 0.190983 0.208499
v -0.039024 0.190983 0.208342
v -0.030561 0.190983 0.208385
v -0.026061 0.190983 0.208319
v -0.034186 0.190983 0.208285
v -0.030887 0.190983 0.208167
v -0.039488 0.190983 0.207989
v -0.025735 0.190983 0.208109
v -0.033829 0.190983 0.208053
v -0.031196 0.190983 0.207916
v -0.025406 0.190983 0.207871
v -0.033487 0.190983 0.207798
v -0.039899 0.190983 0.207567
v -0.031487 0.190983 0.207634
v -0.025074 0.190983 0.207604
v -0.033158 0.190983 0.207522
v -0.031759 0.190983 0.207320
v -0.024739 0.190983 0.207308
v -0.040253 0.190983 0.207080
v -0.032842 0.190983 0.207227
v -0.032012 0.190983 0.206974
v -0.032538 0.190983 0.206918
v -0.035707 0.190983 0.206775
v -0.040549 0.190983 0.206531
v -0.024401 0.190983 0.205088
v -0.024670 0.190983 0.205389
v -0.024934 0.190983 0.205655
v -0.025193 0.190983 0.205889
v -0.025451 0.190983 0.206091
v -0.025709 0.190983 0.206264
v -0.025969 0.190983 0.206409
v -0.026235 0.190983 0.206527
v -0.026508 0.190983 0.206621
v -0.026790 0.190983 0.206691
v -0.027084 0.190983 0.206739
v -0.027391 0.190983 0.206766
v -0.027716 0.190983 0.206775
v -0.032244 0.190983 0.206598
v -0.035486 0.190983 0.206767
v -0.028036 0.190983 0.206756
v -0.036078 0.190983 0.206753
v -0.035255 0.190983 0.206728
v -0.028345 0.190983 0.206697
v -0.036435 0.190983 0.206685
v -0.035015 0.190983 0.206662
v -0.028639 0.190983 0.206598
v -0.036774 0.190983 0.206573
v -0.034768 0.190983 0.206568
v -0.028916 0.190983 0.206457
v -0.037091 0.190983 0.206417
v -0.034516 0.190983 0.206450
v -0.040783 0.190983 0.205923
v -0.029171 0.190983 0.206274
v -0.034260 0.190983 0.206309
v -0.037384 0.190983 0.206218
v -0.034002 0.190983 0.206147
v -0.029403 0.190983 0.206046
v -0.037649 0.190983 0.205976
v -0.033745 0.190983 0.205966
v -0.029607 0.190983 0.205774
v -0.037883 0.190983 0.205693
v -0.033488 0.190983 0.205768
v -0.040954 0.190983 0.205261
v -0.029781 0.190983 0.205455
v -0.033236 0.190983 0.205554
v -0.038081 0.190983 0.205368
v -0.032988 0.190983 0.205327
v -0.029921 0.190983 0.205090
v -0.038242 0.190983 0.205002
v -0.032747 0.190983 0.205088
v -0.041058 0.190983 0.204547
v -0.030026 0.190983 0.204675
v -0.024401 0.190983 0.195440
v -0.032747 0.190983 0.195440
v -0.038360 0.190983 0.204597
v -0.030091 0.190983 0.204212
v -0.038434 0.190983 0.204151
v -0.041094 0.190983 0.203786
v -0.030113 0.190983 0.203697
v -0.038459 0.190983 0.203668
v -0.041094 0.190983 0.195440
v -0.030113 0.190983 0.195440
v -0.038459 0.190983 0.195440
v -0.012379 0.190983 0.208939
v -0.014125 0.190983 0.208945
v -0.013272 0.190983 0.208995
v -0.014922 0.190983 0.208795
v -0.011537 0.190983 0.208775
v -0.015660 0.190983 0.208544
v -0.010753 0.190983 0.208507
v -0.016334 0.190983 0.208192
v -0.010029 0.190983 0.208140
v -0.016941 0.190983 0.207738
v -0.009373 0.190983 0.207680
v -0.017478 0.190983 0.207182
v -0.008788 0.190983 0.207130
v -0.017943 0.190983 0.206524
v -0.008279 0.190983 0.206497
v -0.013331 0.190983 0.206716
v -0.012845 0.190983 0.206692
v -0.013782 0.190983 0.206690
v -0.012392 0.190983 0.206619
v -0.014203 0.190983 0.206612
v -0.011973 0.190983 0.206498
v -0.014591 0.190983 0.206486
v -0.018330 0.190983 0.205764
v -0.011587 0.190983 0.206331
v -0.007852 0.190983 0.205785
v -0.014946 0.190983 0.206312
v -0.011236 0.190983 0.206119
v -0.015266 0.190983 0.206092
v -0.010919 0.190983 0.205861
v -0.015551 0.190983 0.205828
v -0.010637 0.190983 0.205560
v -0.015799 0.190983 0.205523
v -0.007512 0.190983 0.204999
v -0.018637 0.190983 0.204899
v -0.010389 0.190983 0.205216
v -0.016008 0.190983 0.205177
v -0.010176 0.190983 0.204831
v -0.016178 0.190983 0.204793
v -0.007262 0.190983 0.204144
v -0.018860 0.190983 0.203932
v -0.009999 0.190983 0.204404
v -0.016307 0.190983 0.204373
v -0.009856 0.190983 0.203937
v -0.016395 0.190983 0.203918
v -0.007109 0.190983 0.203225
v -0.009750 0.190983 0.203431
v -0.018997 0.190983 0.202860
v -0.016439 0.190983 0.203431
v -0.007056 0.190983 0.202247
v -0.019043 0.190983 0.201685
v -0.007104 0.190983 0.201337
v -0.009691 0.190983 0.201685
v -0.009817 0.190983 0.201053
v -0.007247 0.190983 0.200449
v -0.009989 0.190983 0.200474
v -0.010206 0.190983 0.199949
v -0.007482 0.190983 0.199593
v -0.010468 0.190983 0.199478
v -0.007808 0.190983 0.198782
v -0.010775 0.190983 0.199061
v -0.018422 0.190983 0.199044
v -0.018807 0.190983 0.196742
v -0.018807 0.190983 0.199287
v -0.011126 0.190983 0.198699
v -0.018039 0.190983 0.198819
v -0.017656 0.190983 0.198613
v -0.008225 0.190983 0.198025
v -0.011522 0.190983 0.198392
v -0.017273 0.190983 0.198425
v -0.016890 0.190983 0.198258
v -0.011962 0.190983 0.198139
v -0.016505 0.190983 0.198111
v -0.012446 0.190983 0.197943
v -0.016120 0.190983 0.197984
v -0.008729 0.190983 0.197334
v -0.015733 0.190983 0.197880
v -0.012974 0.190983 0.197802
v -0.015344 0.190983 0.197797
v -0.013545 0.190983 0.197717
v -0.014952 0.190983 0.197737
v -0.014558 0.190983 0.197701
v -0.014160 0.190983 0.197689
v -0.009319 0.190983 0.196719
v -0.018410 0.190983 0.196487
v -0.009994 0.190983 0.196191
v -0.018015 0.190983 0.196256
v -0.017621 0.190983 0.196047
v -0.010753 0.190983 0.195762
v -0.017223 0.190983 0.195861
v -0.016817 0.190983 0.195698
v -0.011592 0.190983 0.195442
v -0.016402 0.190983 0.195558
v -0.015973 0.190983 0.195439
v -0.012511 0.190983 0.195242
v -0.015527 0.190983 0.195343
v -0.015061 0.190983 0.195268
v -0.014571 0.190983 0.195215
v -0.013509 0.190983 0.195173
v -0.014055 0.190983 0.195184
v 0.009755 0.190983 0.195439
v 0.006854 0.190983 0.213139
v 0.009755 0.190983 0.215625
v 0.004664 0.190983 0.215625
v 0.003676 0.190983 0.215580
v 0.002755 0.190983 0.215449
v 0.001905 0.190983 0.215233
v 0.001130 0.190983 0.214935
v 0.000433 0.190983 0.214559
v -0.000183 0.190983 0.214108
v -0.000713 0.190983 0.213584
v 0.004990 0.190983 0.213139
v -0.001155 0.190983 0.212990
v 0.006854 0.190983 0.206805
v 0.004322 0.190983 0.213115
v 0.003722 0.190983 0.213044
v 0.003188 0.190983 0.212929
v -0.001504 0.190983 0.212328
v 0.002718 0.190983 0.212769
v 0.002311 0.190983 0.212567
v 0.001963 0.190983 0.212325
v -0.001758 0.190983 0.211603
v 0.001674 0.190983 0.212043
v 0.001440 0.190983 0.211722
v 0.001260 0.190983 0.211366
v -0.001913 0.190983 0.210817
v 0.001132 0.190983 0.210974
v 0.001054 0.190983 0.210548
v -0.001966 0.190983 0.209972
v 0.001024 0.190983 0.210090
v 0.001036 0.190983 0.209671
v -0.001941 0.190983 0.209400
v 0.001091 0.190983 0.209261
v -0.001866 0.190983 0.208853
v 0.001194 0.190983 0.208865
v 0.001348 0.190983 0.208489
v -0.001742 0.190983 0.208334
v 0.001559 0.190983 0.208137
v -0.001571 0.190983 0.207842
v 0.001830 0.190983 0.207815
v -0.001353 0.190983 0.207379
v 0.002167 0.190983 0.207528
v 0.002574 0.190983 0.207282
v -0.001089 0.190983 0.206945
v 0.003055 0.190983 0.207081
v 0.003615 0.190983 0.206931
v -0.000780 0.190983 0.206543
v 0.004258 0.190983 0.206837
v 0.004990 0.190983 0.206805
v 0.006854 0.190983 0.204200
v -0.000427 0.190983 0.206172
v -0.000030 0.190983 0.205835
v 0.000408 0.190983 0.205531
v 0.000888 0.190983 0.205262
v 0.001408 0.190983 0.205029
v 0.000964 0.190983 0.204712
v 0.000545 0.190983 0.204368
v 0.005641 0.190983 0.204200
v 0.005275 0.190983 0.204189
v 0.000148 0.190983 0.203997
v 0.006854 0.190983 0.195439
v 0.004915 0.190983 0.204146
v 0.004554 0.190983 0.204061
v 0.004186 0.190983 0.203924
v -0.000232 0.190983 0.203598
v 0.003806 0.190983 0.203722
v 0.003406 0.190983 0.203446
v -0.000597 0.190983 0.203173
v 0.002982 0.190983 0.203082
v -0.000952 0.190983 0.202720
v 0.002528 0.190983 0.202622
v -0.001301 0.190983 0.202241
v 0.002036 0.190983 0.202053
v -0.001648 0.190983 0.201734
v 0.001503 0.190983 0.201364
v -0.001996 0.190983 0.201200
v 0.000920 0.190983 0.200544
v -0.002350 0.190983 0.200639
v -0.002714 0.190983 0.200050
v 0.000284 0.190983 0.199583
v -0.003090 0.190983 0.199435
v -0.002380 0.190983 0.195440
v -0.003298 0.190983 0.199101
v -0.003496 0.190983 0.198790
v -0.003687 0.190983 0.198494
v -0.003876 0.190983 0.198208
v -0.004068 0.190983 0.197925
v -0.004267 0.190983 0.197637
v -0.004477 0.190983 0.197338
v -0.004702 0.190983 0.197021
v -0.004947 0.190983 0.196680
v -0.005216 0.190983 0.196307
v -0.005513 0.190983 0.195896
v -0.005843 0.190983 0.195440
v 0.015483 0.190983 0.208974
v 0.014906 0.190983 0.208985
v 0.015171 0.190983 0.208995
v 0.014643 0.190983 0.208953
v 0.015795 0.190983 0.208912
v 0.014381 0.190983 0.208900
v 0.016109 0.190983 0.208806
v 0.014120 0.190983 0.208826
v 0.013859 0.190983 0.208731
v 0.016425 0.190983 0.208655
v 0.013599 0.190983 0.208614
v 0.021712 0.190983 0.195439
v 0.019078 0.190983 0.208729
v 0.021712 0.190983 0.208729
v 0.019078 0.190983 0.205680
v 0.016743 0.190983 0.208459
v 0.013338 0.190983 0.208476
v 0.013075 0.190983 0.208315
v 0.017062 0.190983 0.208214
v 0.012811 0.190983 0.208133
v 0.017383 0.190983 0.207922
v 0.012545 0.190983 0.207930
v 0.012276 0.190983 0.207704
v 0.017706 0.190983 0.207579
v 0.012004 0.190983 0.207456
v 0.018031 0.190983 0.207185
v 0.015318 0.190983 0.206384
v 0.015116 0.190983 0.206313
v 0.014906 0.190983 0.206223
v 0.014690 0.190983 0.206117
v 0.014470 0.190983 0.205994
v 0.014249 0.190983 0.205857
v 0.014029 0.190983 0.205705
v 0.013812 0.190983 0.205541
v 0.013600 0.190983 0.205364
v 0.013395 0.190983 0.205177
v 0.018358 0.190983 0.206738
v 0.015688 0.190983 0.206468
v 0.015510 0.190983 0.206436
v 0.018687 0.190983 0.206237
v 0.016295 0.190983 0.206442
v 0.015852 0.190983 0.206479
v 0.016718 0.190983 0.206335
v 0.017118 0.190983 0.206162
v 0.019019 0.190983 0.205680
v 0.017491 0.190983 0.205927
v 0.017833 0.190983 0.205635
v 0.018828 0.190983 0.203994
v 0.018643 0.190983 0.204467
v 0.018413 0.190983 0.204901
v 0.018142 0.190983 0.205292
v 0.018964 0.190983 0.203489
v 0.019049 0.190983 0.202954
v 0.019078 0.190983 0.202395
v 0.019078 0.190983 0.195439
v 0.031396 0.190983 0.208939
v 0.029649 0.190983 0.208945
v 0.030503 0.190983 0.208995
v 0.028852 0.190983 0.208795
v 0.032237 0.190983 0.208775
v 0.028115 0.190983 0.208544
v 0.033022 0.190983 0.208507
v 0.027441 0.190983 0.208192
v 0.033745 0.190983 0.208140
v 0.026834 0.190983 0.207738
v 0.034402 0.190983 0.207680
v 0.026296 0.190983 0.207182
v 0.034987 0.190983 0.207130
v 0.025832 0.190983 0.206524
v 0.035495 0.190983 0.206497
v 0.030443 0.190983 0.206716
v 0.030930 0.190983 0.206691
v 0.029992 0.190983 0.206690
v 0.031383 0.190983 0.206619
v 0.029572 0.190983 0.206612
v 0.031802 0.190983 0.206498
v 0.029184 0.190983 0.206486
v 0.025445 0.190983 0.205763
v 0.032187 0.190983 0.206331
v 0.035922 0.190983 0.205785
v 0.028829 0.190983 0.206312
v 0.032539 0.190983 0.206119
v 0.028508 0.190983 0.206092
v 0.032856 0.190983 0.205861
v 0.028224 0.190983 0.205828
v 0.033138 0.190983 0.205560
v 0.027976 0.190983 0.205523
v 0.036263 0.190983 0.204999
v 0.025138 0.190983 0.204899
v 0.033386 0.190983 0.205216
v 0.027766 0.190983 0.205177
v 0.033598 0.190983 0.204831
v 0.027597 0.190983 0.204793
v 0.036513 0.190983 0.204144
v 0.024914 0.190983 0.203932
v 0.033776 0.190983 0.204404
v 0.027467 0.190983 0.204373
v 0.033918 0.190983 0.203937
v 0.027380 0.190983 0.203918
v 0.036666 0.190983 0.203225
v 0.034025 0.190983 0.203431
v 0.024777 0.190983 0.202860
v 0.027336 0.190983 0.203431
v 0.036718 0.190983 0.202247
v 0.024731 0.190983 0.201685
v 0.036670 0.190983 0.201337
v 0.034084 0.190983 0.201685
v 0.033958 0.190983 0.201053
v 0.036528 0.190983 0.200449
v 0.033786 0.190983 0.200474
v 0.033569 0.190983 0.199949
v 0.036293 0.190983 0.199593
v 0.033307 0.190983 0.199478
v 0.035966 0.190983 0.198782
v 0.033000 0.190983 0.199061
v 0.025352 0.190983 0.199044
v 0.024968 0.190983 0.196742
v 0.024968 0.190983 0.199287
v 0.032648 0.190983 0.198699
v 0.025736 0.190983 0.198819
v 0.026118 0.190983 0.198613
v 0.035550 0.190983 0.198025
v 0.032253 0.190983 0.198391
v 0.026502 0.190983 0.198425
v 0.026885 0.190983 0.198258
v 0.031813 0.190983 0.198139
v 0.027269 0.190983 0.198111
v 0.031329 0.190983 0.197943
v 0.027655 0.190983 0.197984
v 0.035046 0.190983 0.197334
v 0.028042 0.190983 0.197880
v 0.030801 0.190983 0.197802
v 0.028431 0.190983 0.197797
v 0.030229 0.190983 0.197717
v 0.028822 0.190983 0.197737
v 0.029217 0.190983 0.197701
v 0.029615 0.190983 0.197689
v 0.034455 0.190983 0.196719
v 0.025365 0.190983 0.196487
v 0.033780 0.190983 0.196191
v 0.025759 0.190983 0.196255
v 0.026154 0.190983 0.196047
v 0.033022 0.190983 0.195762
v 0.026552 0.190983 0.195861
v 0.026957 0.190983 0.195698
v 0.032183 0.190983 0.195442
v 0.027373 0.190983 0.195558
v 0.027802 0.190983 0.195439
v 0.031263 0.190983 0.195242
v 0.028248 0.190983 0.195343
v 0.028714 0.190983 0.195268
v 0.029203 0.190983 0.195215
v 0.030266 0.190983 0.195173
v 0.029720 0.190983 0.195184
v 0.051043 0.190983 0.188632
v 0.048409 0.190983 0.206361
v 0.051043 0.190983 0.208729
v 0.046485 0.190983 0.208729
v 0.045318 0.190983 0.208680
v 0.044245 0.190983 0.208533
v 0.043267 0.190983 0.208290
v 0.042386 0.190983 0.207953
v 0.041604 0.190983 0.207521
v 0.040921 0.190983 0.206997
v 0.040339 0.190983 0.206382
v 0.046012 0.190983 0.206361
v 0.045324 0.190983 0.206328
v 0.039860 0.190983 0.205677
v 0.048409 0.190983 0.198133
v 0.044695 0.190983 0.206230
v 0.044125 0.190983 0.206068
v 0.043615 0.190983 0.205844
v 0.043165 0.190983 0.205561
v 0.039485 0.190983 0.204883
v 0.042774 0.190983 0.205218
v 0.042444 0.190983 0.204817
v 0.039215 0.190983 0.204001
v 0.042173 0.190983 0.204361
v 0.041962 0.190983 0.203851
v 0.039052 0.190983 0.203033
v 0.041811 0.190983 0.203288
v 0.041721 0.190983 0.202674
v 0.038997 0.190983 0.201980
v 0.041690 0.190983 0.202010
v 0.041727 0.190983 0.201381
v 0.039055 0.190983 0.201007
v 0.041833 0.190983 0.200785
v 0.039224 0.190983 0.200089
v 0.042006 0.190983 0.200225
v 0.042242 0.190983 0.199707
v 0.039498 0.190983 0.199231
v 0.042536 0.190983 0.199234
v 0.042885 0.190983 0.198810
v 0.039872 0.190983 0.198440
v 0.043286 0.190983 0.198440
v 0.040339 0.190983 0.197720
v 0.043734 0.190983 0.198127
v 0.048208 0.190983 0.198040
v 0.044225 0.190983 0.197877
v 0.048005 0.190983 0.197955
v 0.047800 0.190983 0.197878
v 0.048409 0.190983 0.195765
v 0.047593 0.190983 0.197808
v 0.044756 0.190983 0.197693
v 0.047386 0.190983 0.197746
v 0.047177 0.190983 0.197693
v 0.040895 0.190983 0.197078
v 0.045323 0.190983 0.197580
v 0.046968 0.190983 0.197647
v 0.046758 0.190983 0.197609
v 0.046549 0.190983 0.197579
v 0.045923 0.190983 0.197541
v 0.046339 0.190983 0.197558
v 0.046131 0.190983 0.197545
v 0.041532 0.190983 0.196520
v 0.042246 0.190983 0.196050
v 0.043030 0.190983 0.195675
v 0.048409 0.190983 0.188632
v 0.048162 0.190983 0.195666
v 0.043879 0.190983 0.195400
v 0.047922 0.190983 0.195577
v 0.047689 0.190983 0.195498
v 0.047462 0.190983 0.195427
v 0.047240 0.190983 0.195366
v 0.044786 0.190983 0.195231
v 0.047022 0.190983 0.195314
v 0.046807 0.190983 0.195270
v 0.046594 0.190983 0.195234
v 0.046382 0.190983 0.195207
v 0.045745 0.190983 0.195173
v 0.046171 0.190983 0.195188
v 0.045959 0.190983 0.195177
v 0.065753 0.190983 0.200471
v 0.063119 0.190983 0.208729
v 0.065753 0.190983 0.208729
v 0.063119 0.190983 0.200293
v 0.057229 0.190983 0.199228
v 0.054595 0.190983 0.208729
v 0.057229 0.190983 0.208729
v 0.054595 0.190983 0.195439
v 0.065714 0.190983 0.199658
v 0.063100 0.190983 0.199844
v 0.063043 0.190983 0.199429
v 0.065600 0.190983 0.198907
v 0.062947 0.190983 0.199049
v 0.057449 0.190983 0.198936
v 0.062814 0.190983 0.198705
v 0.057679 0.190983 0.198668
v 0.065415 0.190983 0.198220
v 0.062643 0.190983 0.198398
v 0.057919 0.190983 0.198425
v 0.058169 0.190983 0.198205
v 0.062435 0.190983 0.198129
v 0.065162 0.190983 0.197598
v 0.058426 0.190983 0.198010
v 0.062188 0.190983 0.197899
v 0.058690 0.190983 0.197841
v 0.057229 0.190983 0.197126
v 0.061904 0.190983 0.197709
v 0.058962 0.190983 0.197696
v 0.061583 0.190983 0.197559
v 0.059239 0.190983 0.197577
v 0.064846 0.190983 0.197043
v 0.059522 0.190983 0.197484
v 0.061225 0.190983 0.197451
v 0.059810 0.190983 0.197417
v 0.060829 0.190983 0.197385
v 0.060101 0.190983 0.197377
v 0.060396 0.190983 0.197363
v 0.057512 0.190983 0.196839
v 0.057229 0.190983 0.195439
v 0.064469 0.190983 0.196557
v 0.057811 0.190983 0.196571
v 0.058123 0.190983 0.196322
v 0.064037 0.190983 0.196141
v 0.058447 0.190983 0.196094
v 0.063552 0.190983 0.195797
v 0.058780 0.190983 0.195888
v 0.059120 0.190983 0.195706
v 0.063019 0.190983 0.195526
v 0.059464 0.190983 0.195548
v 0.059810 0.190983 0.195416
v 0.062440 0.190983 0.195331
v 0.060155 0.190983 0.195312
v 0.061822 0.190983 0.195213
v 0.060498 0.190983 0.195235
v 0.060835 0.190983 0.195189
v 0.061166 0.190983 0.195173
v 0.074672 0.190983 0.215848
v 0.073389 0.190983 0.215881
v 0.073774 0.190983 0.215891
v 0.073005 0.190983 0.215852
v 0.072622 0.190983 0.215802
v 0.075512 0.190983 0.215720
v 0.072239 0.190983 0.215733
v 0.071859 0.190983 0.215645
v 0.076292 0.190983 0.215512
v 0.071480 0.190983 0.215536
v 0.071104 0.190983 0.215408
v 0.077007 0.190983 0.215225
v 0.070731 0.190983 0.215260
v 0.070361 0.190983 0.215092
v 0.077652 0.190983 0.214863
v 0.069995 0.190983 0.214905
v 0.069633 0.190983 0.214697
v 0.078225 0.190983 0.214430
v 0.069275 0.190983 0.214471
v 0.072559 0.190983 0.213104
v 0.072172 0.190983 0.212991
v 0.071776 0.190983 0.212846
v 0.071373 0.190983 0.212668
v 0.070963 0.190983 0.212454
v 0.070548 0.190983 0.212200
v 0.070128 0.190983 0.211906
v 0.069703 0.190983 0.211569
v 0.069275 0.190983 0.211185
v 0.078720 0.190983 0.213928
v 0.073307 0.190983 0.213244
v 0.072938 0.190983 0.213187
v 0.079134 0.190983 0.213361
v 0.074011 0.190983 0.213287
v 0.073664 0.190983 0.213276
v 0.079464 0.190983 0.212732
v 0.074465 0.190983 0.213267
v 0.074895 0.190983 0.213208
v 0.075297 0.190983 0.213112
v 0.075668 0.190983 0.212981
v 0.076006 0.190983 0.212816
v 0.076308 0.190983 0.212621
v 0.079704 0.190983 0.212044
v 0.076571 0.190983 0.212395
v 0.076793 0.190983 0.212142
v 0.076970 0.190983 0.211863
v 0.079851 0.190983 0.211301
v 0.077100 0.190983 0.211560
v 0.077180 0.190983 0.211235
v 0.079901 0.190983 0.210504
v 0.077207 0.190983 0.210889
v 0.077036 0.190983 0.209996
v 0.079729 0.190983 0.209221
v 0.076561 0.190983 0.209230
v 0.075843 0.190983 0.208557
v 0.079254 0.190983 0.208118
v 0.074944 0.190983 0.207938
v 0.078536 0.190983 0.207166
v 0.073923 0.190983 0.207339
v 0.072842 0.190983 0.206723
v 0.077637 0.190983 0.206332
v 0.071760 0.190983 0.206055
v 0.076616 0.190983 0.205588
v 0.070740 0.190983 0.205296
v 0.075535 0.190983 0.204903
v 0.069840 0.190983 0.204413
v 0.074454 0.190983 0.204246
v 0.069123 0.190983 0.203368
v 0.073433 0.190983 0.203587
v 0.072534 0.190983 0.202896
v 0.068648 0.190983 0.202125
v 0.071816 0.190983 0.202142
v 0.071341 0.190983 0.201294
v 0.068476 0.190983 0.200649
v 0.071169 0.190983 0.200323
v 0.079782 0.190983 0.197038
v 0.079404 0.190983 0.200252
v 0.079782 0.190983 0.200708
v 0.068525 0.190983 0.199876
v 0.071191 0.190983 0.200037
v 0.079011 0.190983 0.199833
v 0.071257 0.190983 0.199744
v 0.068669 0.190983 0.199143
v 0.078604 0.190983 0.199451
v 0.071366 0.190983 0.199451
v 0.078184 0.190983 0.199106
v 0.071521 0.190983 0.199163
v 0.071722 0.190983 0.198887
v 0.068902 0.190983 0.198457
v 0.077751 0.190983 0.198800
v 0.071969 0.190983 0.198629
v 0.077307 0.190983 0.198532
v 0.072262 0.190983 0.198393
v 0.076853 0.190983 0.198304
v 0.069218 0.190983 0.197821
v 0.072603 0.190983 0.198188
v 0.076388 0.190983 0.198116
v 0.072993 0.190983 0.198017
v 0.075916 0.190983 0.197969
v 0.073430 0.190983 0.197888
v 0.075435 0.190983 0.197863
v 0.073918 0.190983 0.197806
v 0.074948 0.190983 0.197799
v 0.069613 0.190983 0.197242
v 0.074455 0.190983 0.197778
v 0.070082 0.190983 0.196723
v 0.079358 0.190983 0.196734
v 0.078930 0.190983 0.196458
v 0.070618 0.190983 0.196270
v 0.078495 0.190983 0.196209
v 0.071217 0.190983 0.195889
v 0.078054 0.190983 0.195989
v 0.077604 0.190983 0.195795
v 0.071872 0.190983 0.195583
v 0.077144 0.190983 0.195628
v 0.076675 0.190983 0.195488
v 0.072580 0.190983 0.195359
v 0.076193 0.190983 0.195374
v 0.075699 0.190983 0.195285
v 0.073334 0.190983 0.195220
v 0.075191 0.190983 0.195223
v 0.074668 0.190983 0.195185
v 0.074129 0.190983 0.195173
v -0.131907 0.176148 0.498283
v -0.131907 0.197210 0.498283
v -0.131907 0.197210 0.222868
v -0.131907 0.176148 0.222868
v 0.078060 0.176148 0.593275
v 0.078060 0.197210 0.593275
v -0.078060 0.197210 0.593275
v -0.078060 0.176148 0.593275
v 0.104984 0.197210 0.580548
v 0.124693 0.197210 0.545779
v 0.131907 0.197210 0.498283
v 0.131907 0.197210 0.222868
v 0.124693 0.197210 0.175372
v 0.104984 0.197210 0.140602
v 0.078060 0.197210 0.127876
v -0.078060 0.197210 0.127876
v -0.104984 0.197210 0.140602
v -0.124693 0.197210 0.175372
v -0.124693 0.197210 0.545779
v -0.104984 0.197210 0.580548
v -0.078060 0.176148 0.127876
v 0.078060 0.176148 0.127876
v 0.131907 0.176148 0.222868
v 0.131907 0.176148 0.498283
v -0.124693 0.176148 0.175372
v -0.104984 0.176148 0.140602
v 0.124693 0.176148 0.175372
v 0.104984 0.176148 0.140602
v 0.104984 0.176148 0.580548
v 0.124693 0.176148 0.545779
v -0.124693 0.176148 0.545779
v -0.104984 0.176148 0.580548
v 0.056631 0.181756 0.314324
v 0.056631 0.211058 0.314324
v 0.055543 0.211058 0.325372
v 0.055543 0.181756 0.325372
v 0.052320 0.211058 0.335995
v 0.052320 0.181756 0.335995
v 0.047087 0.211058 0.345786
v 0.047087 0.181756 0.345786
v 0.040044 0.211058 0.354368
v 0.040044 0.181756 0.354368
v 0.031462 0.211058 0.361411
v 0.031462 0.181756 0.361411
v 0.021672 0.211058 0.366644
v 0.021672 0.181756 0.366644
v 0.011048 0.211058 0.369866
v 0.011048 0.181756 0.369866
v -0.000000 0.211058 0.370955
v 0.000000 0.181756 0.370955
v -0.011048 0.211058 0.369866
v -0.011048 0.181756 0.369866
v -0.021672 0.211058 0.366644
v -0.021672 0.181756 0.366644
v -0.031462 0.211058 0.361411
v -0.031462 0.181756 0.361411
v -0.040044 0.211058 0.354368
v -0.040044 0.181756 0.354368
v -0.047087 0.211058 0.345786
v -0.047087 0.181756 0.345786
v -0.052320 0.211058 0.335995
v -0.052320 0.181756 0.335995
v -0.055543 0.211058 0.325372
v -0.055543 0.181756 0.325372
v -0.056631 0.211058 0.314324
v -0.056631 0.181756 0.314324
v -0.055543 0.211058 0.303275
v -0.055543 0.181756 0.303275
v -0.052320 0.211058 0.292652
v -0.052320 0.181756 0.292652
v -0.047087 0.211058 0.282861
v -0.047087 0.181756 0.282861
v -0.040044 0.211058 0.274279
v -0.040044 0.181756 0.274279
v -0.031462 0.211058 0.267236
v -0.031462 0.181756 0.267236
v -0.021672 0.211058 0.262003
v -0.021672 0.181756 0.262003
v -0.011048 0.211058 0.258781
v -0.011048 0.181756 0.258781
v -0.000000 0.211058 0.257692
v -0.000000 0.181756 0.257692
v 0.011048 0.211058 0.258781
v 0.011048 0.181756 0.258781
v 0.021672 0.211058 0.262003
v 0.021672 0.181756 0.262003
v 0.031462 0.211058 0.267236
v 0.031462 0.181756 0.267236
v 0.040044 0.211058 0.274279
v 0.040044 0.181756 0.274279
v 0.047087 0.211058 0.282861
v 0.047087 0.181756 0.282861
v 0.052320 0.211058 0.292652
v 0.052320 0.181756 0.292652
v 0.055543 0.211058 0.303275
v 0.055543 0.181756 0.303275
v 0.056631 0.181756 0.488085
v 0.056631 0.211058 0.488085
v 0.055543 0.211058 0.499133
v 0.055543 0.181756 0.499133
v 0.052320 0.211058 0.509757
v 0.052320 0.181756 0.509757
v 0.047087 0.211058 0.519548
v 0.047087 0.181756 0.519548
v 0.040044 0.211058 0.528129
v 0.040044 0.181756 0.528129
v 0.031462 0.211058 0.535172
v 0.031462 0.181756 0.535172
v 0.021672 0.211058 0.540406
v 0.021672 0.181756 0.540406
v 0.011048 0.211058 0.543628
v 0.011048 0.181756 0.543628
v -0.000000 0.211058 0.544716
v 0.000000 0.181756 0.544716
v -0.011048 0.211058 0.543628
v -0.011048 0.181756 0.543628
v -0.021672 0.211058 0.540406
v -0.021672 0.181756 0.540406
v -0.031462 0.211058 0.535172
v -0.031462 0.181756 0.535172
v -0.040044 0.211058 0.528129
v -0.040044 0.181756 0.528129
v -0.047087 0.211058 0.519548
v -0.047087 0.181756 0.519548
v -0.052320 0.211058 0.509757
v -0.052320 0.181756 0.509757
v -0.055543 0.211058 0.499133
v -0.055543 0.181756 0.499133
v -0.056631 0.211058 0.488085
v -0.056631 0.181756 0.488085
v -0.055543 0.211058 0.477037
v -0.055543 0.181756 0.477037
v -0.052320 0.211058 0.466413
v -0.052320 0.181756 0.466413
v -0.047087 0.211058 0.456623
v -0.047087 0.181756 0.456623
v -0.040044 0.211058 0.448041
v -0.040044 0.181756 0.448041
v -0.031462 0.211058 0.440998
v -0.031462 0.181756 0.440998
v -0.021672 0.211058 0.435765
v -0.021672 0.181756 0.435765
v -0.011048 0.211058 0.432542
v -0.011048 0.181756 0.432542
v -0.000000 0.211058 0.431454
v 0.000000 0.181756 0.431454
v 0.011048 0.211058 0.432542
v 0.011048 0.181756 0.432542
v 0.021672 0.211058 0.435765
v 0.021672 0.181756 0.435765
v 0.031462 0.211058 0.440998
v 0.031462 0.181756 0.440998
v 0.040044 0.211058 0.448041
v 0.040044 0.181756 0.448041
v 0.047087 0.211058 0.456623
v 0.047087 0.181756 0.456623
v 0.052320 0.211058 0.466413
v 0.052320 0.181756 0.466413
v 0.055543 0.211058 0.477037
v 0.055543 0.181756 0.477037
vt 0.977837 0.866758
vt 0.977919 0.866758
vt 0.977878 0.866758
vt 0.977960 0.866758
vt 0.977796 0.866758
vt 0.978001 0.866758
vt 0.977755 0.866758
vt 0.978042 0.866758
vt 0.977715 0.866758
vt 0.978083 0.866758
vt 0.977674 0.866758
vt 0.978124 0.866758
vt 0.977633 0.866758
vt 0.978165 0.866758
vt 0.977592 0.866758
vt 0.975872 0.866758
vt 0.975913 0.866758
vt 0.975831 0.866758
vt 0.975954 0.866758
vt 0.975790 0.866758
vt 0.975994 0.866758
vt 0.975749 0.866758
vt 0.978206 0.866758
vt 0.976035 0.866758
vt 0.977551 0.866758
vt 0.975708 0.866758
vt 0.976076 0.866758
vt 0.975667 0.866758
vt 0.976117 0.866758
vt 0.975626 0.866758
vt 0.976158 0.866758
vt 0.975585 0.866758
vt 0.977510 0.866758
vt 0.978247 0.866758
vt 0.976199 0.866758
vt 0.975544 0.866758
vt 0.976240 0.866758
vt 0.975503 0.866758
vt 0.977469 0.866758
vt 0.978288 0.866758
vt 0.976281 0.866758
vt 0.975462 0.866758
vt 0.976322 0.866758
vt 0.975421 0.866758
vt 0.977428 0.866758
vt 0.976363 0.866758
vt 0.978329 0.866758
vt 0.975380 0.866758
vt 0.977387 0.866758
vt 0.978370 0.866758
vt 0.977346 0.866758
vt 0.978411 0.866758
vt 0.978452 0.866758
vt 0.977305 0.866758
vt 0.978493 0.866758
vt 0.978534 0.866758
vt 0.977264 0.866758
vt 0.978575 0.866758
vt 0.977223 0.866758
vt 0.978616 0.866758
vt 0.979353 0.866758
vt 0.976404 0.866758
vt 0.979394 0.866758
vt 0.978656 0.866758
vt 0.979312 0.866758
vt 0.979271 0.866758
vt 0.977182 0.866758
vt 0.978697 0.866758
vt 0.979230 0.866758
vt 0.979189 0.866758
vt 0.978738 0.866758
vt 0.979148 0.866758
vt 0.978779 0.866758
vt 0.979107 0.866758
vt 0.977141 0.866758
vt 0.979066 0.866758
vt 0.978820 0.866758
vt 0.979025 0.866758
vt 0.978861 0.866758
vt 0.978984 0.866758
vt 0.978943 0.866758
vt 0.978902 0.866758
vt 0.977100 0.866758
vt 0.976445 0.866758
vt 0.977059 0.866758
vt 0.976486 0.866758
vt 0.976527 0.866758
vt 0.977018 0.866758
vt 0.976568 0.866758
vt 0.976609 0.866758
vt 0.976977 0.866758
vt 0.976650 0.866758
vt 0.976691 0.866758
vt 0.976936 0.866758
vt 0.976732 0.866758
vt 0.976773 0.866758
vt 0.976814 0.866758
vt 0.976895 0.866758
vt 0.976855 0.866758
vt 0.979323 0.866758
vt 0.975380 0.866758
vt 0.979394 0.866758
vt 0.975451 0.866758
vt 0.975521 0.866758
vt 0.979253 0.866758
vt 0.979182 0.866758
vt 0.979112 0.866758
vt 0.975591 0.866758
vt 0.975662 0.866758
vt 0.975732 0.866758
vt 0.979042 0.866758
vt 0.975803 0.866758
vt 0.975873 0.866758
vt 0.978971 0.866758
vt 0.975943 0.866758
vt 0.977281 0.866758
vt 0.977422 0.866758
vt 0.977352 0.866758
vt 0.977211 0.866758
vt 0.976014 0.866758
vt 0.977140 0.866758
vt 0.978901 0.866758
vt 0.976084 0.866758
vt 0.977070 0.866758
vt 0.977000 0.866758
vt 0.976155 0.866758
vt 0.976929 0.866758
vt 0.976225 0.866758
vt 0.976859 0.866758
vt 0.976296 0.866758
vt 0.976788 0.866758
vt 0.978830 0.866758
vt 0.976718 0.866758
vt 0.976366 0.866758
vt 0.976648 0.866758
vt 0.976436 0.866758
vt 0.976577 0.866758
vt 0.976507 0.866758
vt 0.978760 0.866758
vt 0.978690 0.866758
vt 0.978619 0.866758
vt 0.977493 0.866758
vt 0.978549 0.866758
vt 0.977563 0.866758
vt 0.977633 0.866758
vt 0.978478 0.866758
vt 0.977704 0.866758
vt 0.977774 0.866758
vt 0.977845 0.866758
vt 0.978408 0.866758
vt 0.977915 0.866758
vt 0.977985 0.866758
vt 0.978337 0.866758
vt 0.978056 0.866758
vt 0.978126 0.866758
vt 0.978267 0.866758
vt 0.978197 0.866758
vt 0.979351 0.866758
vt 0.977408 0.866758
vt 0.979394 0.866758
vt 0.977450 0.866758
vt 0.979309 0.866758
vt 0.977493 0.866758
vt 0.979267 0.866758
vt 0.977535 0.866758
vt 0.979225 0.866758
vt 0.977577 0.866758
vt 0.979182 0.866758
vt 0.977619 0.866758
vt 0.979140 0.866758
vt 0.977661 0.866758
vt 0.979098 0.866758
vt 0.977366 0.866758
vt 0.975380 0.866758
vt 0.977324 0.866758
vt 0.975423 0.866758
vt 0.977281 0.866758
vt 0.975465 0.866758
vt 0.977239 0.866758
vt 0.977704 0.866758
vt 0.979056 0.866758
vt 0.975507 0.866758
vt 0.977197 0.866758
vt 0.975549 0.866758
vt 0.977155 0.866758
vt 0.975591 0.866758
vt 0.977112 0.866758
vt 0.977746 0.866758
vt 0.979013 0.866758
vt 0.975634 0.866758
vt 0.977070 0.866758
vt 0.975676 0.866758
vt 0.977028 0.866758
vt 0.977788 0.866758
vt 0.978971 0.866758
vt 0.975718 0.866758
vt 0.976986 0.866758
vt 0.977830 0.866758
vt 0.978929 0.866758
vt 0.975760 0.866758
vt 0.976943 0.866758
vt 0.975803 0.866758
vt 0.976901 0.866758
vt 0.977873 0.866758
vt 0.978887 0.866758
vt 0.975845 0.866758
vt 0.976859 0.866758
vt 0.978844 0.866758
vt 0.975887 0.866758
vt 0.977915 0.866758
vt 0.976817 0.866758
vt 0.975929 0.866758
vt 0.976774 0.866758
vt 0.978802 0.866758
vt 0.977957 0.866758
vt 0.975972 0.866758
vt 0.976732 0.866758
vt 0.976014 0.866758
vt 0.978760 0.866758
vt 0.976690 0.866758
vt 0.977999 0.866758
vt 0.976056 0.866758
vt 0.976648 0.866758
vt 0.978718 0.866758
vt 0.978042 0.866758
vt 0.976098 0.866758
vt 0.976605 0.866758
vt 0.976141 0.866758
vt 0.976563 0.866758
vt 0.978675 0.866758
vt 0.978084 0.866758
vt 0.976183 0.866758
vt 0.976521 0.866758
vt 0.976225 0.866758
vt 0.976479 0.866758
vt 0.976267 0.866758
vt 0.976436 0.866758
vt 0.978633 0.866758
vt 0.978126 0.866758
vt 0.976310 0.866758
vt 0.976394 0.866758
vt 0.976352 0.866758
vt 0.978591 0.866758
vt 0.978168 0.866758
vt 0.978549 0.866758
vt 0.978211 0.866758
vt 0.978506 0.866758
vt 0.978253 0.866758
vt 0.978464 0.866758
vt 0.978295 0.866758
vt 0.978422 0.866758
vt 0.978337 0.866758
vt 0.978380 0.866758
vt 0.975835 0.866758
vt 0.975910 0.866758
vt 0.975872 0.866758
vt 0.976743 0.866758
vt 0.976819 0.866758
vt 0.976781 0.866758
vt 0.975797 0.866758
vt 0.975948 0.866758
vt 0.976705 0.866758
vt 0.976857 0.866758
vt 0.975759 0.866758
vt 0.975986 0.866758
vt 0.976668 0.866758
vt 0.975721 0.866758
vt 0.976024 0.866758
vt 0.976895 0.866758
vt 0.976630 0.866758
vt 0.975683 0.866758
vt 0.979356 0.866758
vt 0.975380 0.866758
vt 0.979394 0.866758
vt 0.975418 0.866758
vt 0.976062 0.866758
vt 0.976592 0.866758
vt 0.975645 0.866758
vt 0.976932 0.866758
vt 0.976100 0.866758
vt 0.975607 0.866758
vt 0.976554 0.866758
vt 0.976137 0.866758
vt 0.976970 0.866758
vt 0.975569 0.866758
vt 0.976516 0.866758
vt 0.976175 0.866758
vt 0.975532 0.866758
vt 0.976478 0.866758
vt 0.977008 0.866758
vt 0.976213 0.866758
vt 0.975494 0.866758
vt 0.976440 0.866758
vt 0.976251 0.866758
vt 0.975456 0.866758
vt 0.977046 0.866758
vt 0.976402 0.866758
vt 0.976289 0.866758
vt 0.976365 0.866758
vt 0.977803 0.866758
vt 0.977084 0.866758
vt 0.979280 0.866758
vt 0.979242 0.866758
vt 0.979204 0.866758
vt 0.979166 0.866758
vt 0.979129 0.866758
vt 0.979091 0.866758
vt 0.979053 0.866758
vt 0.979015 0.866758
vt 0.978977 0.866758
vt 0.978939 0.866758
vt 0.978901 0.866758
vt 0.978864 0.866758
vt 0.978826 0.866758
vt 0.976327 0.866758
vt 0.977841 0.866758
vt 0.978788 0.866758
vt 0.977766 0.866758
vt 0.977879 0.866758
vt 0.978750 0.866758
vt 0.977728 0.866758
vt 0.977917 0.866758
vt 0.978712 0.866758
vt 0.977690 0.866758
vt 0.977955 0.866758
vt 0.978674 0.866758
vt 0.977652 0.866758
vt 0.977993 0.866758
vt 0.977122 0.866758
vt 0.978636 0.866758
vt 0.978031 0.866758
vt 0.977614 0.866758
vt 0.978068 0.866758
vt 0.978598 0.866758
vt 0.977576 0.866758
vt 0.978106 0.866758
vt 0.978561 0.866758
vt 0.977538 0.866758
vt 0.978144 0.866758
vt 0.977160 0.866758
vt 0.978523 0.866758
vt 0.978182 0.866758
vt 0.977500 0.866758
vt 0.978220 0.866758
vt 0.978485 0.866758
vt 0.977463 0.866758
vt 0.978258 0.866758
vt 0.977198 0.866758
vt 0.978447 0.866758
vt 0.979318 0.866758
vt 0.978296 0.866758
vt 0.977425 0.866758
vt 0.978409 0.866758
vt 0.977387 0.866758
vt 0.977235 0.866758
vt 0.978371 0.866758
vt 0.977349 0.866758
vt 0.977273 0.866758
vt 0.978333 0.866758
vt 0.977311 0.866758
vt 0.977837 0.866758
vt 0.977919 0.866758
vt 0.977878 0.866758
vt 0.977960 0.866758
vt 0.977796 0.866758
vt 0.978001 0.866758
vt 0.977755 0.866758
vt 0.978042 0.866758
vt 0.977715 0.866758
vt 0.978083 0.866758
vt 0.977674 0.866758
vt 0.978124 0.866758
vt 0.977633 0.866758
vt 0.978165 0.866758
vt 0.977592 0.866758
vt 0.975872 0.866758
vt 0.975913 0.866758
vt 0.975831 0.866758
vt 0.975954 0.866758
vt 0.975790 0.866758
vt 0.975994 0.866758
vt 0.975749 0.866758
vt 0.978206 0.866758
vt 0.976035 0.866758
vt 0.977551 0.866758
vt 0.975708 0.866758
vt 0.976076 0.866758
vt 0.975667 0.866758
vt 0.976117 0.866758
vt 0.975626 0.866758
vt 0.976158 0.866758
vt 0.975585 0.866758
vt 0.977510 0.866758
vt 0.978247 0.866758
vt 0.976199 0.866758
vt 0.975544 0.866758
vt 0.976240 0.866758
vt 0.975503 0.866758
vt 0.977469 0.866758
vt 0.978288 0.866758
vt 0.976281 0.866758
vt 0.975462 0.866758
vt 0.976322 0.866758
vt 0.975421 0.866758
vt 0.977428 0.866758
vt 0.976363 0.866758
vt 0.978329 0.866758
vt 0.975380 0.866758
vt 0.977387 0.866758
vt 0.978370 0.866758
vt 0.977346 0.866758
vt 0.978411 0.866758
vt 0.978452 0.866758
vt 0.977305 0.866758
vt 0.978493 0.866758
vt 0.978534 0.866758
vt 0.977264 0.866758
vt 0.978575 0.866758
vt 0.977223 0.866758
vt 0.978616 0.866758
vt 0.979353 0.866758
vt 0.976404 0.866758
vt 0.979394 0.866758
vt 0.978656 0.866758
vt 0.979312 0.866758
vt 0.979271 0.866758
vt 0.977182 0.866758
vt 0.978697 0.866758
vt 0.979230 0.866758
vt 0.979189 0.866758
vt 0.978738 0.866758
vt 0.979148 0.866758
vt 0.978779 0.866758
vt 0.979107 0.866758
vt 0.977141 0.866758
vt 0.979066 0.866758
vt 0.978820 0.866758
vt 0.979025 0.866758
vt 0.978861 0.866758
vt 0.978984 0.866758
vt 0.978943 0.866758
vt 0.978902 0.866758
vt 0.977100 0.866758
vt 0.976445 0.866758
vt 0.977059 0.866758
vt 0.976486 0.866758
vt 0.976527 0.866758
vt 0.977018 0.866758
vt 0.976568 0.866758
vt 0.976609 0.866758
vt 0.976977 0.866758
vt 0.976650 0.866758
vt 0.976691 0.866758
vt 0.976936 0.866758
vt 0.976732 0.866758
vt 0.976773 0.866758
vt 0.976814 0.866758
vt 0.976895 0.866758
vt 0.976855 0.866758
vt 0.979350 0.866758
vt 0.976502 0.866758
vt 0.979394 0.866758
vt 0.976545 0.866758
vt 0.976588 0.866758
vt 0.976632 0.866758
vt 0.976675 0.866758
vt 0.976718 0.866758
vt 0.976761 0.866758
vt 0.976804 0.866758
vt 0.976847 0.866758
vt 0.976459 0.866758
vt 0.976891 0.866758
vt 0.975380 0.866758
vt 0.976416 0.866758
vt 0.976373 0.866758
vt 0.976330 0.866758
vt 0.976934 0.866758
vt 0.976286 0.866758
vt 0.976243 0.866758
vt 0.976200 0.866758
vt 0.976977 0.866758
vt 0.976157 0.866758
vt 0.976114 0.866758
vt 0.976071 0.866758
vt 0.977020 0.866758
vt 0.976028 0.866758
vt 0.975984 0.866758
vt 0.977063 0.866758
vt 0.975941 0.866758
vt 0.975898 0.866758
vt 0.977106 0.866758
vt 0.975855 0.866758
vt 0.977150 0.866758
vt 0.975812 0.866758
vt 0.975769 0.866758
vt 0.977193 0.866758
vt 0.975725 0.866758
vt 0.977236 0.866758
vt 0.975682 0.866758
vt 0.977279 0.866758
vt 0.975639 0.866758
vt 0.975596 0.866758
vt 0.977322 0.866758
vt 0.975553 0.866758
vt 0.975510 0.866758
vt 0.977365 0.866758
vt 0.975466 0.866758
vt 0.975423 0.866758
vt 0.979264 0.866758
vt 0.977408 0.866758
vt 0.977452 0.866758
vt 0.977495 0.866758
vt 0.977538 0.866758
vt 0.977581 0.866758
vt 0.977624 0.866758
vt 0.977667 0.866758
vt 0.979221 0.866758
vt 0.979178 0.866758
vt 0.977710 0.866758
vt 0.979307 0.866758
vt 0.979135 0.866758
vt 0.979092 0.866758
vt 0.979048 0.866758
vt 0.977754 0.866758
vt 0.979005 0.866758
vt 0.978962 0.866758
vt 0.977797 0.866758
vt 0.978919 0.866758
vt 0.977840 0.866758
vt 0.978876 0.866758
vt 0.977883 0.866758
vt 0.978833 0.866758
vt 0.977926 0.866758
vt 0.978789 0.866758
vt 0.977970 0.866758
vt 0.978746 0.866758
vt 0.978013 0.866758
vt 0.978056 0.866758
vt 0.978703 0.866758
vt 0.978099 0.866758
vt 0.978660 0.866758
vt 0.978142 0.866758
vt 0.978185 0.866758
vt 0.978228 0.866758
vt 0.978272 0.866758
vt 0.978315 0.866758
vt 0.978358 0.866758
vt 0.978401 0.866758
vt 0.978444 0.866758
vt 0.978487 0.866758
vt 0.978531 0.866758
vt 0.978574 0.866758
vt 0.978617 0.866758
vt 0.976346 0.866758
vt 0.976495 0.866758
vt 0.976421 0.866758
vt 0.976569 0.866758
vt 0.976272 0.866758
vt 0.976644 0.866758
vt 0.976198 0.866758
vt 0.976718 0.866758
vt 0.976792 0.866758
vt 0.976123 0.866758
vt 0.976867 0.866758
vt 0.979319 0.866758
vt 0.975380 0.866758
vt 0.979394 0.866758
vt 0.975455 0.866758
vt 0.976049 0.866758
vt 0.976941 0.866758
vt 0.977015 0.866758
vt 0.975975 0.866758
vt 0.977090 0.866758
vt 0.975900 0.866758
vt 0.977164 0.866758
vt 0.977238 0.866758
vt 0.975826 0.866758
vt 0.977313 0.866758
vt 0.975752 0.866758
vt 0.978056 0.866758
vt 0.977982 0.866758
vt 0.977907 0.866758
vt 0.977833 0.866758
vt 0.977758 0.866758
vt 0.977684 0.866758
vt 0.977610 0.866758
vt 0.977536 0.866758
vt 0.977461 0.866758
vt 0.977387 0.866758
vt 0.975677 0.866758
vt 0.978204 0.866758
vt 0.978130 0.866758
vt 0.975603 0.866758
vt 0.978353 0.866758
vt 0.978279 0.866758
vt 0.978427 0.866758
vt 0.978502 0.866758
vt 0.975529 0.866758
vt 0.978576 0.866758
vt 0.978650 0.866758
vt 0.978948 0.866758
vt 0.978873 0.866758
vt 0.978799 0.866758
vt 0.978725 0.866758
vt 0.979022 0.866758
vt 0.979096 0.866758
vt 0.979171 0.866758
vt 0.979245 0.866758
vt 0.977837 0.866758
vt 0.977919 0.866758
vt 0.977878 0.866758
vt 0.977960 0.866758
vt 0.977796 0.866758
vt 0.978001 0.866758
vt 0.977755 0.866758
vt 0.978042 0.866758
vt 0.977715 0.866758
vt 0.978083 0.866758
vt 0.977674 0.866758
vt 0.978124 0.866758
vt 0.977633 0.866758
vt 0.978165 0.866758
vt 0.977592 0.866758
vt 0.975872 0.866758
vt 0.975913 0.866758
vt 0.975831 0.866758
vt 0.975954 0.866758
vt 0.975790 0.866758
vt 0.975994 0.866758
vt 0.975749 0.866758
vt 0.978206 0.866758
vt 0.976035 0.866758
vt 0.977551 0.866758
vt 0.975708 0.866758
vt 0.976076 0.866758
vt 0.975667 0.866758
vt 0.976117 0.866758
vt 0.975626 0.866758
vt 0.976158 0.866758
vt 0.975585 0.866758
vt 0.977510 0.866758
vt 0.978247 0.866758
vt 0.976199 0.866758
vt 0.975544 0.866758
vt 0.976240 0.866758
vt 0.975503 0.866758
vt 0.977469 0.866758
vt 0.978288 0.866758
vt 0.976281 0.866758
vt 0.975462 0.866758
vt 0.976322 0.866758
vt 0.975421 0.866758
vt 0.977428 0.866758
vt 0.976363 0.866758
vt 0.978329 0.866758
vt 0.975380 0.866758
vt 0.977387 0.866758
vt 0.978370 0.866758
vt 0.977346 0.866758
vt 0.978411 0.866758
vt 0.978452 0.866758
vt 0.977305 0.866758
vt 0.978493 0.866758
vt 0.978534 0.866758
vt 0.977264 0.866758
vt 0.978575 0.866758
vt 0.977223 0.866758
vt 0.978616 0.866758
vt 0.979353 0.866758
vt 0.976404 0.866758
vt 0.979394 0.866758
vt 0.978656 0.866758
vt 0.979312 0.866758
vt 0.979271 0.866758
vt 0.977182 0.866758
vt 0.978697 0.866758
vt 0.979230 0.866758
vt 0.979189 0.866758
vt 0.978738 0.866758
vt 0.979148 0.866758
vt 0.978779 0.866758
vt 0.979107 0.866758
vt 0.977141 0.866758
vt 0.979066 0.866758
vt 0.978820 0.866758
vt 0.979025 0.866758
vt 0.978861 0.866758
vt 0.978984 0.866758
vt 0.978943 0.866758
vt 0.978902 0.866758
vt 0.977100 0.866758
vt 0.976445 0.866758
vt 0.977059 0.866758
vt 0.976486 0.866758
vt 0.976527 0.866758
vt 0.977018 0.866758
vt 0.976568 0.866758
vt 0.976609 0.866758
vt 0.976977 0.866758
vt 0.976650 0.866758
vt 0.976691 0.866758
vt 0.976936 0.866758
vt 0.976732 0.866758
vt 0.976773 0.866758
vt 0.976814 0.866758
vt 0.976895 0.866758
vt 0.976855 0.866758
vt 0.977413 0.866758
vt 0.977309 0.866758
vt 0.977465 0.866758
vt 0.977517 0.866758
vt 0.977569 0.866758
vt 0.977621 0.866758
vt 0.977674 0.866758
vt 0.977726 0.866758
vt 0.977778 0.866758
vt 0.977830 0.866758
vt 0.977882 0.866758
vt 0.977257 0.866758
vt 0.977204 0.866758
vt 0.977934 0.866758
vt 0.975380 0.866758
vt 0.977152 0.866758
vt 0.977100 0.866758
vt 0.977048 0.866758
vt 0.976996 0.866758
vt 0.977986 0.866758
vt 0.976944 0.866758
vt 0.976892 0.866758
vt 0.978038 0.866758
vt 0.976840 0.866758
vt 0.976787 0.866758
vt 0.978091 0.866758
vt 0.976735 0.866758
vt 0.976683 0.866758
vt 0.978143 0.866758
vt 0.976631 0.866758
vt 0.976579 0.866758
vt 0.978195 0.866758
vt 0.976527 0.866758
vt 0.978247 0.866758
vt 0.976475 0.866758
vt 0.976423 0.866758
vt 0.978299 0.866758
vt 0.976371 0.866758
vt 0.976318 0.866758
vt 0.978351 0.866758
vt 0.976266 0.866758
vt 0.978403 0.866758
vt 0.976214 0.866758
vt 0.975432 0.866758
vt 0.976162 0.866758
vt 0.975484 0.866758
vt 0.975537 0.866758
vt 0.979394 0.866758
vt 0.975589 0.866758
vt 0.976110 0.866758
vt 0.975641 0.866758
vt 0.975693 0.866758
vt 0.978455 0.866758
vt 0.976058 0.866758
vt 0.975745 0.866758
vt 0.975797 0.866758
vt 0.975849 0.866758
vt 0.976006 0.866758
vt 0.975901 0.866758
vt 0.975954 0.866758
vt 0.978507 0.866758
vt 0.978560 0.866758
vt 0.978612 0.866758
vt 0.977361 0.866758
vt 0.979342 0.866758
vt 0.978664 0.866758
vt 0.979289 0.866758
vt 0.979237 0.866758
vt 0.979185 0.866758
vt 0.979133 0.866758
vt 0.978716 0.866758
vt 0.979081 0.866758
vt 0.979029 0.866758
vt 0.978977 0.866758
vt 0.978925 0.866758
vt 0.978768 0.866758
vt 0.978872 0.866758
vt 0.978820 0.866758
vt 0.977204 0.866758
vt 0.977350 0.866758
vt 0.977277 0.866758
vt 0.977423 0.866758
vt 0.979175 0.866758
vt 0.979321 0.866758
vt 0.979248 0.866758
vt 0.979394 0.866758
vt 0.977132 0.866758
vt 0.977496 0.866758
vt 0.977569 0.866758
vt 0.977059 0.866758
vt 0.977642 0.866758
vt 0.979102 0.866758
vt 0.977715 0.866758
vt 0.979029 0.866758
vt 0.976986 0.866758
vt 0.977788 0.866758
vt 0.978956 0.866758
vt 0.978883 0.866758
vt 0.977861 0.866758
vt 0.976913 0.866758
vt 0.978810 0.866758
vt 0.977934 0.866758
vt 0.978737 0.866758
vt 0.975453 0.866758
vt 0.978007 0.866758
vt 0.978664 0.866758
vt 0.978080 0.866758
vt 0.978591 0.866758
vt 0.976840 0.866758
vt 0.978518 0.866758
vt 0.978153 0.866758
vt 0.978445 0.866758
vt 0.978226 0.866758
vt 0.978372 0.866758
vt 0.978299 0.866758
vt 0.975526 0.866758
vt 0.975380 0.866758
vt 0.976767 0.866758
vt 0.975599 0.866758
vt 0.975672 0.866758
vt 0.976694 0.866758
vt 0.975745 0.866758
vt 0.976621 0.866758
vt 0.975818 0.866758
vt 0.975891 0.866758
vt 0.976548 0.866758
vt 0.975964 0.866758
vt 0.976037 0.866758
vt 0.976475 0.866758
vt 0.976110 0.866758
vt 0.976402 0.866758
vt 0.976183 0.866758
vt 0.976256 0.866758
vt 0.976329 0.866758
vt 0.978962 0.866758
vt 0.979029 0.866758
vt 0.978996 0.866758
vt 0.979062 0.866758
vt 0.979095 0.866758
vt 0.978929 0.866758
vt 0.979128 0.866758
vt 0.979161 0.866758
vt 0.978896 0.866758
vt 0.979195 0.866758
vt 0.979228 0.866758
vt 0.978863 0.866758
vt 0.979261 0.866758
vt 0.979294 0.866758
vt 0.978830 0.866758
vt 0.979327 0.866758
vt 0.979360 0.866758
vt 0.978797 0.866758
vt 0.979394 0.866758
vt 0.975646 0.866758
vt 0.975612 0.866758
vt 0.975579 0.866758
vt 0.975546 0.866758
vt 0.975513 0.866758
vt 0.975480 0.866758
vt 0.975446 0.866758
vt 0.975413 0.866758
vt 0.975380 0.866758
vt 0.978763 0.866758
vt 0.975712 0.866758
vt 0.975679 0.866758
vt 0.978730 0.866758
vt 0.975778 0.866758
vt 0.975745 0.866758
vt 0.978697 0.866758
vt 0.975811 0.866758
vt 0.975845 0.866758
vt 0.975878 0.866758
vt 0.975911 0.866758
vt 0.975944 0.866758
vt 0.975977 0.866758
vt 0.978664 0.866758
vt 0.976010 0.866758
vt 0.976043 0.866758
vt 0.976077 0.866758
vt 0.978631 0.866758
vt 0.976110 0.866758
vt 0.976143 0.866758
vt 0.978598 0.866758
vt 0.976176 0.866758
vt 0.976209 0.866758
vt 0.978564 0.866758
vt 0.976243 0.866758
vt 0.976276 0.866758
vt 0.978531 0.866758
vt 0.976309 0.866758
vt 0.978498 0.866758
vt 0.976342 0.866758
vt 0.976375 0.866758
vt 0.978465 0.866758
vt 0.976408 0.866758
vt 0.978432 0.866758
vt 0.976442 0.866758
vt 0.978399 0.866758
vt 0.976475 0.866758
vt 0.978365 0.866758
vt 0.976508 0.866758
vt 0.978332 0.866758
vt 0.978299 0.866758
vt 0.976541 0.866758
vt 0.978266 0.866758
vt 0.978233 0.866758
vt 0.976574 0.866758
vt 0.978200 0.866758
vt 0.977370 0.866758
vt 0.977437 0.866758
vt 0.977403 0.866758
vt 0.976607 0.866758
vt 0.978166 0.866758
vt 0.977470 0.866758
vt 0.978133 0.866758
vt 0.976641 0.866758
vt 0.977503 0.866758
vt 0.978100 0.866758
vt 0.977536 0.866758
vt 0.978067 0.866758
vt 0.978034 0.866758
vt 0.976674 0.866758
vt 0.977569 0.866758
vt 0.978000 0.866758
vt 0.977603 0.866758
vt 0.977967 0.866758
vt 0.977636 0.866758
vt 0.976707 0.866758
vt 0.977934 0.866758
vt 0.977669 0.866758
vt 0.977901 0.866758
vt 0.977702 0.866758
vt 0.977868 0.866758
vt 0.977735 0.866758
vt 0.977835 0.866758
vt 0.977768 0.866758
vt 0.976740 0.866758
vt 0.977802 0.866758
vt 0.976773 0.866758
vt 0.977337 0.866758
vt 0.977304 0.866758
vt 0.976806 0.866758
vt 0.977271 0.866758
vt 0.976840 0.866758
vt 0.977238 0.866758
vt 0.977204 0.866758
vt 0.976873 0.866758
vt 0.977171 0.866758
vt 0.977138 0.866758
vt 0.976906 0.866758
vt 0.977105 0.866758
vt 0.977072 0.866758
vt 0.976939 0.866758
vt 0.977039 0.866758
vt 0.977006 0.866758
vt 0.976972 0.866758
vt 0.977837 0.866758
vt 0.977878 0.866758
vt 0.977919 0.866758
vt 0.977960 0.866758
vt 0.977796 0.866758
vt 0.978001 0.866758
vt 0.977755 0.866758
vt 0.978042 0.866758
vt 0.977715 0.866758
vt 0.978083 0.866758
vt 0.977674 0.866758
vt 0.978124 0.866758
vt 0.977633 0.866758
vt 0.978165 0.866758
vt 0.977592 0.866758
vt 0.975872 0.866758
vt 0.975913 0.866758
vt 0.975831 0.866758
vt 0.975954 0.866758
vt 0.975790 0.866758
vt 0.975994 0.866758
vt 0.975749 0.866758
vt 0.978206 0.866758
vt 0.976035 0.866758
vt 0.977551 0.866758
vt 0.975708 0.866758
vt 0.976076 0.866758
vt 0.975667 0.866758
vt 0.976117 0.866758
vt 0.975626 0.866758
vt 0.976158 0.866758
vt 0.975585 0.866758
vt 0.977510 0.866758
vt 0.978247 0.866758
vt 0.976199 0.866758
vt 0.975544 0.866758
vt 0.976240 0.866758
vt 0.975503 0.866758
vt 0.977469 0.866758
vt 0.978288 0.866758
vt 0.976281 0.866758
vt 0.975462 0.866758
vt 0.976322 0.866758
vt 0.975421 0.866758
vt 0.977428 0.866758
vt 0.976363 0.866758
vt 0.978329 0.866758
vt 0.975380 0.866758
vt 0.977387 0.866758
vt 0.978370 0.866758
vt 0.977346 0.866758
vt 0.978411 0.866758
vt 0.978452 0.866758
vt 0.977305 0.866758
vt 0.978493 0.866758
vt 0.978534 0.866758
vt 0.977264 0.866758
vt 0.978575 0.866758
vt 0.977223 0.866758
vt 0.978616 0.866758
vt 0.979353 0.866758
vt 0.979394 0.866758
vt 0.976404 0.866758
vt 0.978656 0.866758
vt 0.979312 0.866758
vt 0.979271 0.866758
vt 0.977182 0.866758
vt 0.978697 0.866758
vt 0.979230 0.866758
vt 0.979189 0.866758
vt 0.978738 0.866758
vt 0.979148 0.866758
vt 0.978779 0.866758
vt 0.979107 0.866758
vt 0.977141 0.866758
vt 0.979066 0.866758
vt 0.978820 0.866758
vt 0.979025 0.866758
vt 0.978861 0.866758
vt 0.978984 0.866758
vt 0.978943 0.866758
vt 0.978902 0.866758
vt 0.977100 0.866758
vt 0.976445 0.866758
vt 0.977059 0.866758
vt 0.976486 0.866758
vt 0.976527 0.866758
vt 0.977018 0.866758
vt 0.976568 0.866758
vt 0.976609 0.866758
vt 0.976977 0.866758
vt 0.976650 0.866758
vt 0.976691 0.866758
vt 0.976936 0.866758
vt 0.976732 0.866758
vt 0.976773 0.866758
vt 0.976814 0.866758
vt 0.976895 0.866758
vt 0.976855 0.866758
vt 0.979323 0.866758
vt 0.979394 0.866758
vt 0.975380 0.866758
vt 0.975451 0.866758
vt 0.975521 0.866758
vt 0.979253 0.866758
vt 0.979182 0.866758
vt 0.979112 0.866758
vt 0.975591 0.866758
vt 0.975662 0.866758
vt 0.975732 0.866758
vt 0.979042 0.866758
vt 0.975803 0.866758
vt 0.975873 0.866758
vt 0.978971 0.866758
vt 0.975943 0.866758
vt 0.977281 0.866758
vt 0.977352 0.866758
vt 0.977422 0.866758
vt 0.977211 0.866758
vt 0.976014 0.866758
vt 0.977140 0.866758
vt 0.978901 0.866758
vt 0.976084 0.866758
vt 0.977070 0.866758
vt 0.977000 0.866758
vt 0.976155 0.866758
vt 0.976929 0.866758
vt 0.976225 0.866758
vt 0.976859 0.866758
vt 0.976296 0.866758
vt 0.976788 0.866758
vt 0.978830 0.866758
vt 0.976718 0.866758
vt 0.976366 0.866758
vt 0.976648 0.866758
vt 0.976436 0.866758
vt 0.976577 0.866758
vt 0.976507 0.866758
vt 0.978760 0.866758
vt 0.978690 0.866758
vt 0.978619 0.866758
vt 0.977493 0.866758
vt 0.978549 0.866758
vt 0.977563 0.866758
vt 0.977633 0.866758
vt 0.978478 0.866758
vt 0.977704 0.866758
vt 0.977774 0.866758
vt 0.977845 0.866758
vt 0.978408 0.866758
vt 0.977915 0.866758
vt 0.977985 0.866758
vt 0.978337 0.866758
vt 0.978056 0.866758
vt 0.978126 0.866758
vt 0.978267 0.866758
vt 0.978197 0.866758
vt 0.979351 0.866758
vt 0.979394 0.866758
vt 0.977408 0.866758
vt 0.977450 0.866758
vt 0.979309 0.866758
vt 0.977493 0.866758
vt 0.979267 0.866758
vt 0.977535 0.866758
vt 0.979225 0.866758
vt 0.977577 0.866758
vt 0.979182 0.866758
vt 0.977619 0.866758
vt 0.979140 0.866758
vt 0.977661 0.866758
vt 0.979098 0.866758
vt 0.977366 0.866758
vt 0.975380 0.866758
vt 0.977324 0.866758
vt 0.975423 0.866758
vt 0.977281 0.866758
vt 0.975465 0.866758
vt 0.977239 0.866758
vt 0.977704 0.866758
vt 0.979056 0.866758
vt 0.975507 0.866758
vt 0.977197 0.866758
vt 0.975549 0.866758
vt 0.977155 0.866758
vt 0.975591 0.866758
vt 0.977112 0.866758
vt 0.977746 0.866758
vt 0.979013 0.866758
vt 0.975634 0.866758
vt 0.977070 0.866758
vt 0.975676 0.866758
vt 0.977028 0.866758
vt 0.977788 0.866758
vt 0.978971 0.866758
vt 0.975718 0.866758
vt 0.976986 0.866758
vt 0.977830 0.866758
vt 0.978929 0.866758
vt 0.975760 0.866758
vt 0.976943 0.866758
vt 0.975803 0.866758
vt 0.976901 0.866758
vt 0.977873 0.866758
vt 0.978887 0.866758
vt 0.975845 0.866758
vt 0.976859 0.866758
vt 0.978844 0.866758
vt 0.975887 0.866758
vt 0.977915 0.866758
vt 0.976817 0.866758
vt 0.975929 0.866758
vt 0.976774 0.866758
vt 0.978802 0.866758
vt 0.977957 0.866758
vt 0.975972 0.866758
vt 0.976732 0.866758
vt 0.976014 0.866758
vt 0.978760 0.866758
vt 0.976690 0.866758
vt 0.977999 0.866758
vt 0.976056 0.866758
vt 0.976648 0.866758
vt 0.978718 0.866758
vt 0.978042 0.866758
vt 0.976098 0.866758
vt 0.976605 0.866758
vt 0.976141 0.866758
vt 0.976563 0.866758
vt 0.978675 0.866758
vt 0.978084 0.866758
vt 0.976183 0.866758
vt 0.976521 0.866758
vt 0.976225 0.866758
vt 0.976479 0.866758
vt 0.976267 0.866758
vt 0.976436 0.866758
vt 0.978633 0.866758
vt 0.978126 0.866758
vt 0.976310 0.866758
vt 0.976394 0.866758
vt 0.976352 0.866758
vt 0.978591 0.866758
vt 0.978168 0.866758
vt 0.978549 0.866758
vt 0.978211 0.866758
vt 0.978506 0.866758
vt 0.978253 0.866758
vt 0.978464 0.866758
vt 0.978295 0.866758
vt 0.978422 0.866758
vt 0.978337 0.866758
vt 0.978380 0.866758
vt 0.975835 0.866758
vt 0.975872 0.866758
vt 0.975910 0.866758
vt 0.976743 0.866758
vt 0.976781 0.866758
vt 0.976819 0.866758
vt 0.975797 0.866758
vt 0.975948 0.866758
vt 0.976705 0.866758
vt 0.976857 0.866758
vt 0.975759 0.866758
vt 0.975986 0.866758
vt 0.976668 0.866758
vt 0.975721 0.866758
vt 0.976024 0.866758
vt 0.976895 0.866758
vt 0.976630 0.866758
vt 0.975683 0.866758
vt 0.979356 0.866758
vt 0.979394 0.866758
vt 0.975380 0.866758
vt 0.975418 0.866758
vt 0.976062 0.866758
vt 0.976592 0.866758
vt 0.975645 0.866758
vt 0.976932 0.866758
vt 0.976100 0.866758
vt 0.975607 0.866758
vt 0.976554 0.866758
vt 0.976137 0.866758
vt 0.976970 0.866758
vt 0.975569 0.866758
vt 0.976516 0.866758
vt 0.976175 0.866758
vt 0.975532 0.866758
vt 0.976478 0.866758
vt 0.977008 0.866758
vt 0.976213 0.866758
vt 0.975494 0.866758
vt 0.976440 0.866758
vt 0.976251 0.866758
vt 0.975456 0.866758
vt 0.977046 0.866758
vt 0.976402 0.866758
vt 0.976289 0.866758
vt 0.976365 0.866758
vt 0.977803 0.866758
vt 0.977084 0.866758
vt 0.979280 0.866758
vt 0.979242 0.866758
vt 0.979204 0.866758
vt 0.979166 0.866758
vt 0.979129 0.866758
vt 0.979091 0.866758
vt 0.979053 0.866758
vt 0.979015 0.866758
vt 0.978977 0.866758
vt 0.978939 0.866758
vt 0.978901 0.866758
vt 0.978864 0.866758
vt 0.978826 0.866758
vt 0.976327 0.866758
vt 0.977841 0.866758
vt 0.978788 0.866758
vt 0.977766 0.866758
vt 0.977879 0.866758
vt 0.978750 0.866758
vt 0.977728 0.866758
vt 0.977917 0.866758
vt 0.978712 0.866758
vt 0.977690 0.866758
vt 0.977955 0.866758
vt 0.978674 0.866758
vt 0.977652 0.866758
vt 0.977993 0.866758
vt 0.977122 0.866758
vt 0.978636 0.866758
vt 0.978031 0.866758
vt 0.977614 0.866758
vt 0.978068 0.866758
vt 0.978598 0.866758
vt 0.977576 0.866758
vt 0.978106 0.866758
vt 0.978561 0.866758
vt 0.977538 0.866758
vt 0.978144 0.866758
vt 0.977160 0.866758
vt 0.978523 0.866758
vt 0.978182 0.866758
vt 0.977500 0.866758
vt 0.978220 0.866758
vt 0.978485 0.866758
vt 0.977463 0.866758
vt 0.978258 0.866758
vt 0.977198 0.866758
vt 0.978447 0.866758
vt 0.979318 0.866758
vt 0.978296 0.866758
vt 0.977425 0.866758
vt 0.978409 0.866758
vt 0.977387 0.866758
vt 0.977235 0.866758
vt 0.978371 0.866758
vt 0.977349 0.866758
vt 0.977273 0.866758
vt 0.978333 0.866758
vt 0.977311 0.866758
vt 0.977837 0.866758
vt 0.977878 0.866758
vt 0.977919 0.866758
vt 0.977960 0.866758
vt 0.977796 0.866758
vt 0.978001 0.866758
vt 0.977755 0.866758
vt 0.978042 0.866758
vt 0.977715 0.866758
vt 0.978083 0.866758
vt 0.977674 0.866758
vt 0.978124 0.866758
vt 0.977633 0.866758
vt 0.978165 0.866758
vt 0.977592 0.866758
vt 0.975872 0.866758
vt 0.975913 0.866758
vt 0.975831 0.866758
vt 0.975954 0.866758
vt 0.975790 0.866758
vt 0.975994 0.866758
vt 0.975749 0.866758
vt 0.978206 0.866758
vt 0.976035 0.866758
vt 0.977551 0.866758
vt 0.975708 0.866758
vt 0.976076 0.866758
vt 0.975667 0.866758
vt 0.976117 0.866758
vt 0.975626 0.866758
vt 0.976158 0.866758
vt 0.975585 0.866758
vt 0.977510 0.866758
vt 0.978247 0.866758
vt 0.976199 0.866758
vt 0.975544 0.866758
vt 0.976240 0.866758
vt 0.975503 0.866758
vt 0.977469 0.866758
vt 0.978288 0.866758
vt 0.976281 0.866758
vt 0.975462 0.866758
vt 0.976322 0.866758
vt 0.975421 0.866758
vt 0.977428 0.866758
vt 0.976363 0.866758
vt 0.978329 0.866758
vt 0.975380 0.866758
vt 0.977387 0.866758
vt 0.978370 0.866758
vt 0.977346 0.866758
vt 0.978411 0.866758
vt 0.978452 0.866758
vt 0.977305 0.866758
vt 0.978493 0.866758
vt 0.978534 0.866758
vt 0.977264 0.866758
vt 0.978575 0.866758
vt 0.977223 0.866758
vt 0.978616 0.866758
vt 0.979353 0.866758
vt 0.979394 0.866758
vt 0.976404 0.866758
vt 0.978656 0.866758
vt 0.979312 0.866758
vt 0.979271 0.866758
vt 0.977182 0.866758
vt 0.978697 0.866758
vt 0.979230 0.866758
vt 0.979189 0.866758
vt 0.978738 0.866758
vt 0.979148 0.866758
vt 0.978779 0.866758
vt 0.979107 0.866758
vt 0.977141 0.866758
vt 0.979066 0.866758
vt 0.978820 0.866758
vt 0.979025 0.866758
vt 0.978861 0.866758
vt 0.978984 0.866758
vt 0.978943 0.866758
vt 0.978902 0.866758
vt 0.977100 0.866758
vt 0.976445 0.866758
vt 0.977059 0.866758
vt 0.976486 0.866758
vt 0.976527 0.866758
vt 0.977018 0.866758
vt 0.976568 0.866758
vt 0.976609 0.866758
vt 0.976977 0.866758
vt 0.976650 0.866758
vt 0.976691 0.866758
vt 0.976936 0.866758
vt 0.976732 0.866758
vt 0.976773 0.866758
vt 0.976814 0.866758
vt 0.976895 0.866758
vt 0.976855 0.866758
vt 0.979350 0.866758
vt 0.979394 0.866758
vt 0.976502 0.866758
vt 0.976545 0.866758
vt 0.976588 0.866758
vt 0.976632 0.866758
vt 0.976675 0.866758
vt 0.976718 0.866758
vt 0.976761 0.866758
vt 0.976804 0.866758
vt 0.976847 0.866758
vt 0.976459 0.866758
vt 0.976891 0.866758
vt 0.975380 0.866758
vt 0.976416 0.866758
vt 0.976373 0.866758
vt 0.976330 0.866758
vt 0.976934 0.866758
vt 0.976286 0.866758
vt 0.976243 0.866758
vt 0.976200 0.866758
vt 0.976977 0.866758
vt 0.976157 0.866758
vt 0.976114 0.866758
vt 0.976071 0.866758
vt 0.977020 0.866758
vt 0.976028 0.866758
vt 0.975984 0.866758
vt 0.977063 0.866758
vt 0.975941 0.866758
vt 0.975898 0.866758
vt 0.977106 0.866758
vt 0.975855 0.866758
vt 0.977150 0.866758
vt 0.975812 0.866758
vt 0.975769 0.866758
vt 0.977193 0.866758
vt 0.975725 0.866758
vt 0.977236 0.866758
vt 0.975682 0.866758
vt 0.977279 0.866758
vt 0.975639 0.866758
vt 0.975596 0.866758
vt 0.977322 0.866758
vt 0.975553 0.866758
vt 0.975510 0.866758
vt 0.977365 0.866758
vt 0.975466 0.866758
vt 0.975423 0.866758
vt 0.979264 0.866758
vt 0.977408 0.866758
vt 0.977452 0.866758
vt 0.977495 0.866758
vt 0.977538 0.866758
vt 0.977581 0.866758
vt 0.977624 0.866758
vt 0.977667 0.866758
vt 0.979221 0.866758
vt 0.979178 0.866758
vt 0.977710 0.866758
vt 0.979307 0.866758
vt 0.979135 0.866758
vt 0.979092 0.866758
vt 0.979048 0.866758
vt 0.977754 0.866758
vt 0.979005 0.866758
vt 0.978962 0.866758
vt 0.977797 0.866758
vt 0.978919 0.866758
vt 0.977840 0.866758
vt 0.978876 0.866758
vt 0.977883 0.866758
vt 0.978833 0.866758
vt 0.977926 0.866758
vt 0.978789 0.866758
vt 0.977970 0.866758
vt 0.978746 0.866758
vt 0.978013 0.866758
vt 0.978056 0.866758
vt 0.978703 0.866758
vt 0.978099 0.866758
vt 0.978660 0.866758
vt 0.978142 0.866758
vt 0.978185 0.866758
vt 0.978228 0.866758
vt 0.978272 0.866758
vt 0.978315 0.866758
vt 0.978358 0.866758
vt 0.978401 0.866758
vt 0.978444 0.866758
vt 0.978487 0.866758
vt 0.978531 0.866758
vt 0.978574 0.866758
vt 0.978617 0.866758
vt 0.976346 0.866758
vt 0.976421 0.866758
vt 0.976495 0.866758
vt 0.976569 0.866758
vt 0.976272 0.866758
vt 0.976644 0.866758
vt 0.976198 0.866758
vt 0.976718 0.866758
vt 0.976792 0.866758
vt 0.976123 0.866758
vt 0.976867 0.866758
vt 0.979319 0.866758
vt 0.979394 0.866758
vt 0.975380 0.866758
vt 0.975455 0.866758
vt 0.976049 0.866758
vt 0.976941 0.866758
vt 0.977015 0.866758
vt 0.975975 0.866758
vt 0.977090 0.866758
vt 0.975900 0.866758
vt 0.977164 0.866758
vt 0.977238 0.866758
vt 0.975826 0.866758
vt 0.977313 0.866758
vt 0.975752 0.866758
vt 0.978056 0.866758
vt 0.977982 0.866758
vt 0.977907 0.866758
vt 0.977833 0.866758
vt 0.977758 0.866758
vt 0.977684 0.866758
vt 0.977610 0.866758
vt 0.977536 0.866758
vt 0.977461 0.866758
vt 0.977387 0.866758
vt 0.975677 0.866758
vt 0.978204 0.866758
vt 0.978130 0.866758
vt 0.975603 0.866758
vt 0.978353 0.866758
vt 0.978279 0.866758
vt 0.978427 0.866758
vt 0.978502 0.866758
vt 0.975529 0.866758
vt 0.978576 0.866758
vt 0.978650 0.866758
vt 0.978948 0.866758
vt 0.978873 0.866758
vt 0.978799 0.866758
vt 0.978725 0.866758
vt 0.979022 0.866758
vt 0.979096 0.866758
vt 0.979171 0.866758
vt 0.979245 0.866758
vt 0.977837 0.866758
vt 0.977878 0.866758
vt 0.977919 0.866758
vt 0.977960 0.866758
vt 0.977796 0.866758
vt 0.978001 0.866758
vt 0.977755 0.866758
vt 0.978042 0.866758
vt 0.977715 0.866758
vt 0.978083 0.866758
vt 0.977674 0.866758
vt 0.978124 0.866758
vt 0.977633 0.866758
vt 0.978165 0.866758
vt 0.977592 0.866758
vt 0.975872 0.866758
vt 0.975913 0.866758
vt 0.975831 0.866758
vt 0.975954 0.866758
vt 0.975790 0.866758
vt 0.975994 0.866758
vt 0.975749 0.866758
vt 0.978206 0.866758
vt 0.976035 0.866758
vt 0.977551 0.866758
vt 0.975708 0.866758
vt 0.976076 0.866758
vt 0.975667 0.866758
vt 0.976117 0.866758
vt 0.975626 0.866758
vt 0.976158 0.866758
vt 0.975585 0.866758
vt 0.977510 0.866758
vt 0.978247 0.866758
vt 0.976199 0.866758
vt 0.975544 0.866758
vt 0.976240 0.866758
vt 0.975503 0.866758
vt 0.977469 0.866758
vt 0.978288 0.866758
vt 0.976281 0.866758
vt 0.975462 0.866758
vt 0.976322 0.866758
vt 0.975421 0.866758
vt 0.977428 0.866758
vt 0.976363 0.866758
vt 0.978329 0.866758
vt 0.975380 0.866758
vt 0.977387 0.866758
vt 0.978370 0.866758
vt 0.977346 0.866758
vt 0.978411 0.866758
vt 0.978452 0.866758
vt 0.977305 0.866758
vt 0.978493 0.866758
vt 0.978534 0.866758
vt 0.977264 0.866758
vt 0.978575 0.866758
vt 0.977223 0.866758
vt 0.978616 0.866758
vt 0.979353 0.866758
vt 0.979394 0.866758
vt 0.976404 0.866758
vt 0.978656 0.866758
vt 0.979312 0.866758
vt 0.979271 0.866758
vt 0.977182 0.866758
vt 0.978697 0.866758
vt 0.979230 0.866758
vt 0.979189 0.866758
vt 0.978738 0.866758
vt 0.979148 0.866758
vt 0.978779 0.866758
vt 0.979107 0.866758
vt 0.977141 0.866758
vt 0.979066 0.866758
vt 0.978820 0.866758
vt 0.979025 0.866758
vt 0.978861 0.866758
vt 0.978984 0.866758
vt 0.978943 0.866758
vt 0.978902 0.866758
vt 0.977100 0.866758
vt 0.976445 0.866758
vt 0.977059 0.866758
vt 0.976486 0.866758
vt 0.976527 0.866758
vt 0.977018 0.866758
vt 0.976568 0.866758
vt 0.976609 0.866758
vt 0.976977 0.866758
vt 0.976650 0.866758
vt 0.976691 0.866758
vt 0.976936 0.866758
vt 0.976732 0.866758
vt 0.976773 0.866758
vt 0.976814 0.866758
vt 0.976895 0.866758
vt 0.976855 0.866758
vt 0.977413 0.866758
vt 0.977465 0.866758
vt 0.977309 0.866758
vt 0.977517 0.866758
vt 0.977569 0.866758
vt 0.977621 0.866758
vt 0.977674 0.866758
vt 0.977726 0.866758
vt 0.977778 0.866758
vt 0.977830 0.866758
vt 0.977882 0.866758
vt 0.977257 0.866758
vt 0.977204 0.866758
vt 0.977934 0.866758
vt 0.975380 0.866758
vt 0.977152 0.866758
vt 0.977100 0.866758
vt 0.977048 0.866758
vt 0.976996 0.866758
vt 0.977986 0.866758
vt 0.976944 0.866758
vt 0.976892 0.866758
vt 0.978038 0.866758
vt 0.976840 0.866758
vt 0.976787 0.866758
vt 0.978091 0.866758
vt 0.976735 0.866758
vt 0.976683 0.866758
vt 0.978143 0.866758
vt 0.976631 0.866758
vt 0.976579 0.866758
vt 0.978195 0.866758
vt 0.976527 0.866758
vt 0.978247 0.866758
vt 0.976475 0.866758
vt 0.976423 0.866758
vt 0.978299 0.866758
vt 0.976371 0.866758
vt 0.976318 0.866758
vt 0.978351 0.866758
vt 0.976266 0.866758
vt 0.978403 0.866758
vt 0.976214 0.866758
vt 0.975432 0.866758
vt 0.976162 0.866758
vt 0.975484 0.866758
vt 0.975537 0.866758
vt 0.979394 0.866758
vt 0.975589 0.866758
vt 0.976110 0.866758
vt 0.975641 0.866758
vt 0.975693 0.866758
vt 0.978455 0.866758
vt 0.976058 0.866758
vt 0.975745 0.866758
vt 0.975797 0.866758
vt 0.975849 0.866758
vt 0.976006 0.866758
vt 0.975901 0.866758
vt 0.975954 0.866758
vt 0.978507 0.866758
vt 0.978560 0.866758
vt 0.978612 0.866758
vt 0.977361 0.866758
vt 0.979342 0.866758
vt 0.978664 0.866758
vt 0.979289 0.866758
vt 0.979237 0.866758
vt 0.979185 0.866758
vt 0.979133 0.866758
vt 0.978716 0.866758
vt 0.979081 0.866758
vt 0.979029 0.866758
vt 0.978977 0.866758
vt 0.978925 0.866758
vt 0.978768 0.866758
vt 0.978872 0.866758
vt 0.978820 0.866758
vt 0.977204 0.866758
vt 0.977277 0.866758
vt 0.977350 0.866758
vt 0.977423 0.866758
vt 0.979175 0.866758
vt 0.979248 0.866758
vt 0.979321 0.866758
vt 0.979394 0.866758
vt 0.977132 0.866758
vt 0.977496 0.866758
vt 0.977569 0.866758
vt 0.977059 0.866758
vt 0.977642 0.866758
vt 0.979102 0.866758
vt 0.977715 0.866758
vt 0.979029 0.866758
vt 0.976986 0.866758
vt 0.977788 0.866758
vt 0.978956 0.866758
vt 0.978883 0.866758
vt 0.977861 0.866758
vt 0.976913 0.866758
vt 0.978810 0.866758
vt 0.977934 0.866758
vt 0.978737 0.866758
vt 0.975453 0.866758
vt 0.978007 0.866758
vt 0.978664 0.866758
vt 0.978080 0.866758
vt 0.978591 0.866758
vt 0.976840 0.866758
vt 0.978518 0.866758
vt 0.978153 0.866758
vt 0.978445 0.866758
vt 0.978226 0.866758
vt 0.978372 0.866758
vt 0.978299 0.866758
vt 0.975526 0.866758
vt 0.975380 0.866758
vt 0.976767 0.866758
vt 0.975599 0.866758
vt 0.975672 0.866758
vt 0.976694 0.866758
vt 0.975745 0.866758
vt 0.976621 0.866758
vt 0.975818 0.866758
vt 0.975891 0.866758
vt 0.976548 0.866758
vt 0.975964 0.866758
vt 0.976037 0.866758
vt 0.976475 0.866758
vt 0.976110 0.866758
vt 0.976402 0.866758
vt 0.976183 0.866758
vt 0.976256 0.866758
vt 0.976329 0.866758
vt 0.978962 0.866758
vt 0.978996 0.866758
vt 0.979029 0.866758
vt 0.979062 0.866758
vt 0.979095 0.866758
vt 0.978929 0.866758
vt 0.979128 0.866758
vt 0.979161 0.866758
vt 0.978896 0.866758
vt 0.979195 0.866758
vt 0.979228 0.866758
vt 0.978863 0.866758
vt 0.979261 0.866758
vt 0.979294 0.866758
vt 0.978830 0.866758
vt 0.979327 0.866758
vt 0.979360 0.866758
vt 0.978797 0.866758
vt 0.979394 0.866758
vt 0.975646 0.866758
vt 0.975612 0.866758
vt 0.975579 0.866758
vt 0.975546 0.866758
vt 0.975513 0.866758
vt 0.975480 0.866758
vt 0.975446 0.866758
vt 0.975413 0.866758
vt 0.975380 0.866758
vt 0.978763 0.866758
vt 0.975712 0.866758
vt 0.975679 0.866758
vt 0.978730 0.866758
vt 0.975778 0.866758
vt 0.975745 0.866758
vt 0.978697 0.866758
vt 0.975811 0.866758
vt 0.975845 0.866758
vt 0.975878 0.866758
vt 0.975911 0.866758
vt 0.975944 0.866758
vt 0.975977 0.866758
vt 0.978664 0.866758
vt 0.976010 0.866758
vt 0.976043 0.866758
vt 0.976077 0.866758
vt 0.978631 0.866758
vt 0.976110 0.866758
vt 0.976143 0.866758
vt 0.978598 0.866758
vt 0.976176 0.866758
vt 0.976209 0.866758
vt 0.978564 0.866758
vt 0.976243 0.866758
vt 0.976276 0.866758
vt 0.978531 0.866758
vt 0.976309 0.866758
vt 0.978498 0.866758
vt 0.976342 0.866758
vt 0.976375 0.866758
vt 0.978465 0.866758
vt 0.976408 0.866758
vt 0.978432 0.866758
vt 0.976442 0.866758
vt 0.978399 0.866758
vt 0.976475 0.866758
vt 0.978365 0.866758
vt 0.976508 0.866758
vt 0.978332 0.866758
vt 0.978299 0.866758
vt 0.976541 0.866758
vt 0.978266 0.866758
vt 0.978233 0.866758
vt 0.976574 0.866758
vt 0.978200 0.866758
vt 0.977370 0.866758
vt 0.977403 0.866758
vt 0.977437 0.866758
vt 0.976607 0.866758
vt 0.978166 0.866758
vt 0.977470 0.866758
vt 0.978133 0.866758
vt 0.976641 0.866758
vt 0.977503 0.866758
vt 0.978100 0.866758
vt 0.977536 0.866758
vt 0.978067 0.866758
vt 0.978034 0.866758
vt 0.976674 0.866758
vt 0.977569 0.866758
vt 0.978000 0.866758
vt 0.977603 0.866758
vt 0.977967 0.866758
vt 0.977636 0.866758
vt 0.976707 0.866758
vt 0.977934 0.866758
vt 0.977669 0.866758
vt 0.977901 0.866758
vt 0.977702 0.866758
vt 0.977868 0.866758
vt 0.977735 0.866758
vt 0.977835 0.866758
vt 0.977768 0.866758
vt 0.976740 0.866758
vt 0.977802 0.866758
vt 0.976773 0.866758
vt 0.977337 0.866758
vt 0.977304 0.866758
vt 0.976806 0.866758
vt 0.977271 0.866758
vt 0.976840 0.866758
vt 0.977238 0.866758
vt 0.977204 0.866758
vt 0.976873 0.866758
vt 0.977171 0.866758
vt 0.977138 0.866758
vt 0.976906 0.866758
vt 0.977105 0.866758
vt 0.977072 0.866758
vt 0.976939 0.866758
vt 0.977039 0.866758
vt 0.977006 0.866758
vt 0.976972 0.866758
vt 0.940138 0.212789
vt 0.939259 0.212789
vt 0.939259 0.212270
vt 0.940138 0.212270
vt 0.940138 0.213668
vt 0.939259 0.213668
vt 0.939259 0.213148
vt 0.940138 0.213148
vt 0.939235 0.213757
vt 0.939170 0.213823
vt 0.939080 0.213847
vt 0.938560 0.213847
vt 0.938471 0.213823
vt 0.938405 0.213757
vt 0.938381 0.213668
vt 0.938381 0.213148
vt 0.938405 0.213058
vt 0.938471 0.212993
vt 0.938560 0.212969
vt 0.939080 0.212969
vt 0.939170 0.212993
vt 0.939235 0.213058
vt 0.940138 0.215424
vt 0.939259 0.215424
vt 0.939259 0.214904
vt 0.940138 0.214904
vt 0.940138 0.214546
vt 0.939259 0.214546
vt 0.939259 0.214026
vt 0.940138 0.214026
vt 0.939259 0.212180
vt 0.940138 0.212180
vt 0.940138 0.215603
vt 0.939259 0.215603
vt 0.939259 0.215513
vt 0.940138 0.215513
vt 0.940138 0.214635
vt 0.939259 0.214635
vt 0.940138 0.214815
vt 0.939259 0.214815
vt 0.940138 0.213757
vt 0.939259 0.213757
vt 0.940138 0.213936
vt 0.939259 0.213936
vt 0.940138 0.212879
vt 0.939259 0.212879
vt 0.940138 0.213058
vt 0.939259 0.213058
vt 0.941016 0.213668
vt 0.940992 0.213757
vt 0.940926 0.213823
vt 0.940836 0.213847
vt 0.940317 0.213847
vt 0.940227 0.213823
vt 0.940162 0.213757
vt 0.940162 0.213058
vt 0.940227 0.212993
vt 0.940317 0.212969
vt 0.940836 0.212969
vt 0.940926 0.212993
vt 0.940992 0.213058
vt 0.941016 0.213148
vt 0.449051 0.517912
vt 0.449051 0.524736
vt 0.448625 0.524736
vt 0.448625 0.517912
vt 0.448198 0.524736
vt 0.448198 0.517912
vt 0.447772 0.524736
vt 0.447772 0.517912
vt 0.447345 0.524736
vt 0.447345 0.517912
vt 0.446919 0.524736
vt 0.446919 0.517912
vt 0.446492 0.524736
vt 0.446492 0.517912
vt 0.446066 0.524736
vt 0.446066 0.517912
vt 0.445639 0.524736
vt 0.445639 0.517912
vt 0.445213 0.524736
vt 0.445213 0.517912
vt 0.444786 0.524736
vt 0.444786 0.517912
vt 0.444360 0.524736
vt 0.444360 0.517912
vt 0.443933 0.524736
vt 0.443933 0.517912
vt 0.443507 0.524736
vt 0.443507 0.517912
vt 0.443080 0.524736
vt 0.443080 0.517912
vt 0.442654 0.524736
vt 0.442654 0.517912
vt 0.442227 0.524736
vt 0.442227 0.517912
vt 0.441801 0.524736
vt 0.441801 0.517912
vt 0.441374 0.524736
vt 0.441374 0.517912
vt 0.440948 0.524736
vt 0.440948 0.517912
vt 0.440521 0.524736
vt 0.440521 0.517912
vt 0.440095 0.524736
vt 0.440095 0.517912
vt 0.439668 0.524736
vt 0.439668 0.517912
vt 0.439242 0.524736
vt 0.439242 0.517912
vt 0.438815 0.524736
vt 0.438815 0.517912
vt 0.438389 0.524736
vt 0.438389 0.517912
vt 0.437962 0.524736
vt 0.437962 0.517912
vt 0.437536 0.524736
vt 0.437536 0.517912
vt 0.437109 0.524736
vt 0.437109 0.517912
vt 0.436683 0.524736
vt 0.436683 0.517912
vt 0.436256 0.524736
vt 0.436256 0.517912
vt 0.439454 0.517712
vt 0.438815 0.517775
vt 0.438176 0.517712
vt 0.437562 0.517526
vt 0.436995 0.517223
vt 0.436499 0.516816
vt 0.436091 0.516319
vt 0.435789 0.515753
vt 0.435602 0.515139
vt 0.435539 0.514500
vt 0.435602 0.513861
vt 0.435789 0.513246
vt 0.436091 0.512680
vt 0.436499 0.512183
vt 0.436995 0.511776
vt 0.437562 0.511473
vt 0.438176 0.511287
vt 0.438815 0.511224
vt 0.439454 0.511287
vt 0.440069 0.511473
vt 0.440635 0.511776
vt 0.441131 0.512183
vt 0.441539 0.512680
vt 0.441841 0.513246
vt 0.442028 0.513861
vt 0.442091 0.514500
vt 0.442028 0.515139
vt 0.441841 0.515753
vt 0.441539 0.516319
vt 0.441131 0.516816
vt 0.440635 0.517223
vt 0.440069 0.517526
vt 0.435829 0.524736
vt 0.435829 0.517912
vt 0.435403 0.524736
vt 0.435403 0.517912
vt 0.445639 0.517775
vt 0.446278 0.517712
vt 0.446893 0.517526
vt 0.447459 0.517223
vt 0.447956 0.516816
vt 0.448363 0.516319
vt 0.448666 0.515753
vt 0.448852 0.515139
vt 0.448915 0.514500
vt 0.448852 0.513861
vt 0.448666 0.513246
vt 0.448363 0.512680
vt 0.447956 0.512183
vt 0.447459 0.511776
vt 0.446893 0.511473
vt 0.446278 0.511287
vt 0.445639 0.511224
vt 0.445000 0.511287
vt 0.444386 0.511473
vt 0.443819 0.511776
vt 0.443323 0.512183
vt 0.442916 0.512680
vt 0.442613 0.513246
vt 0.442427 0.513861
vt 0.442364 0.514500
vt 0.442427 0.515139
vt 0.442613 0.515753
vt 0.442916 0.516319
vt 0.443323 0.516816
vt 0.443819 0.517223
vt 0.444386 0.517526
vt 0.445000 0.517712
vt 0.167537 0.515361
vt 0.167537 0.517663
vt 0.167393 0.517663
vt 0.167393 0.515361
vt 0.167249 0.517663
vt 0.167249 0.515361
vt 0.167105 0.517663
vt 0.167105 0.515361
vt 0.166961 0.517663
vt 0.166961 0.515361
vt 0.166817 0.517663
vt 0.166817 0.515361
vt 0.166673 0.517663
vt 0.166673 0.515361
vt 0.166529 0.517663
vt 0.166529 0.515361
vt 0.166386 0.517663
vt 0.166386 0.515361
vt 0.166242 0.517663
vt 0.166242 0.515361
vt 0.166098 0.517663
vt 0.166098 0.515361
vt 0.165954 0.517663
vt 0.165954 0.515361
vt 0.165810 0.517663
vt 0.165810 0.515361
vt 0.165666 0.517663
vt 0.165666 0.515361
vt 0.165522 0.517663
vt 0.165522 0.515361
vt 0.165378 0.517663
vt 0.165378 0.515361
vt 0.165235 0.517663
vt 0.165235 0.515361
vt 0.165091 0.517663
vt 0.165091 0.515361
vt 0.164947 0.517663
vt 0.164947 0.515361
vt 0.164803 0.517663
vt 0.164803 0.515361
vt 0.164659 0.517663
vt 0.164659 0.515361
vt 0.164515 0.517663
vt 0.164515 0.515361
vt 0.164371 0.517663
vt 0.164371 0.515361
vt 0.164227 0.517663
vt 0.164227 0.515361
vt 0.164084 0.517663
vt 0.164084 0.515361
vt 0.163940 0.517663
vt 0.163940 0.515361
vt 0.163796 0.517663
vt 0.163796 0.515361
vt 0.163652 0.517663
vt 0.163652 0.515361
vt 0.163508 0.517663
vt 0.163508 0.515361
vt 0.163364 0.517663
vt 0.163364 0.515361
vt 0.163220 0.517663
vt 0.163220 0.515361
vt 0.164299 0.515294
vt 0.164084 0.515315
vt 0.163868 0.515294
vt 0.163661 0.515231
vt 0.163470 0.515129
vt 0.163302 0.514991
vt 0.163165 0.514824
vt 0.163063 0.514633
vt 0.163000 0.514426
vt 0.162979 0.514210
vt 0.163000 0.513994
vt 0.163063 0.513787
vt 0.163165 0.513596
vt 0.163302 0.513429
vt 0.163470 0.513291
vt 0.163661 0.513189
vt 0.163868 0.513126
vt 0.164084 0.513105
vt 0.164299 0.513126
vt 0.164506 0.513189
vt 0.164697 0.513291
vt 0.164865 0.513429
vt 0.165002 0.513596
vt 0.165104 0.513787
vt 0.165167 0.513994
vt 0.165189 0.514210
vt 0.165167 0.514426
vt 0.165104 0.514633
vt 0.165002 0.514824
vt 0.164865 0.514991
vt 0.164697 0.515129
vt 0.164506 0.515231
vt 0.163076 0.517663
vt 0.163076 0.515361
vt 0.162933 0.517663
vt 0.162933 0.515361
vt 0.166386 0.515315
vt 0.166601 0.515294
vt 0.166808 0.515231
vt 0.166999 0.515129
vt 0.167167 0.514991
vt 0.167304 0.514824
vt 0.167406 0.514633
vt 0.167469 0.514426
vt 0.167490 0.514210
vt 0.167469 0.513994
vt 0.167406 0.513787
vt 0.167304 0.513596
vt 0.167167 0.513429
vt 0.166999 0.513291
vt 0.166808 0.513189
vt 0.166601 0.513126
vt 0.166386 0.513105
vt 0.166170 0.513126
vt 0.165963 0.513189
vt 0.165772 0.513291
vt 0.165604 0.513429
vt 0.165467 0.513596
vt 0.165365 0.513787
vt 0.165302 0.513994
vt 0.165281 0.514210
vt 0.165302 0.514426
vt 0.165365 0.514633
vt 0.165467 0.514824
vt 0.165604 0.514991
vt 0.165772 0.515129
vt 0.165963 0.515231
vt 0.166170 0.515294
vn 0.0000 1.0000 0.0002
vn 0.0000 1.0000 -0.0001
vn 0.0000 1.0000 0.0000
vn 0.0000 1.0000 0.0001
vn 0.0000 1.0000 -0.0057
vn 0.0000 1.0000 0.0003
vn 0.0000 1.0000 -0.0002
vn 0.0000 1.0000 -0.0004
vn 0.2706 0.2706 -0.9239
vn 0.3827 0.0000 -0.9239
vn -0.3827 0.0000 -0.9239
vn 0.0000 1.0000 -0.0003
vn 0.0000 1.0000 -0.0007
vn 0.0000 1.0000 0.0022
vn 0.0000 1.0000 0.0004
vn 0.0000 1.0000 -0.0005
vn 0.0000 1.0000 0.0013
vn 0.0000 1.0000 0.0043
vn 0.0000 1.0000 -0.0019
vn 0.0000 1.0000 0.0016
vn 0.0000 1.0000 0.0005
vn 0.0000 1.0000 -0.0012
vn 0.0000 1.0000 -0.0009
vn 0.0000 1.0000 -0.0010
vn 0.0000 1.0000 -0.0074
vn 0.0000 1.0000 -0.0031
vn 0.0000 1.0000 -0.0011
vn 0.0000 1.0000 0.0010
vn 0.0000 1.0000 0.0006
vn 0.0000 -1.0000 0.0001
vn 0.0000 -1.0000 0.0000
vn 0.0000 -1.0000 -0.0001
vn 0.0000 -1.0000 0.0041
vn 0.0000 -1.0000 -0.0033
vn 0.0000 -1.0000 0.0002
vn 0.0000 -1.0000 -0.0002
vn -0.2706 -0.2706 -0.9239
vn 0.0000 -1.0000 0.0003
vn 0.0000 -1.0000 -0.0004
vn 0.0000 -1.0000 0.0005
vn 0.0000 -1.0000 -0.0018
vn 0.0000 -1.0000 -0.0022
vn 0.0000 -1.0000 -0.0005
vn 0.0000 -1.0000 0.0004
vn 0.0000 -1.0000 -0.0003
vn 0.0000 -1.0000 -0.0019
vn 0.0000 -1.0000 -0.0008
vn 0.0000 -1.0000 0.0006
vn 0.0000 -1.0000 -0.0007
vn 0.0000 -1.0000 -0.0016
vn 0.0000 -1.0000 -0.0017
vn 0.0000 -1.0000 0.0090
vn 0.0000 -1.0000 0.0011
vn 0.0000 -1.0000 -0.0014
vn -0.8913 0.0000 0.4534
vn -0.1368 0.0000 -0.9906
vn -0.8116 -0.0000 -0.5843
vn 0.8913 0.0000 0.4534
vn 0.0606 0.0000 -0.9982
vn -0.6828 0.0000 0.7306
vn 0.8552 0.0000 -0.5183
vn -0.9311 -0.0000 -0.3648
vn -0.0481 0.0000 -0.9988
vn 0.5399 0.0000 0.8417
vn 0.0481 0.0000 0.9988
vn -0.8837 -0.0000 -0.4681
vn -0.7626 0.0000 -0.6469
vn -0.8757 -0.0000 -0.4829
vn 0.7476 0.0000 -0.6642
vn -0.0257 -0.0000 0.9997
vn 0.9144 0.0000 -0.4048
vn -0.8220 -0.0005 -0.5695
vn -0.8220 0.0005 -0.5695
vn -0.0767 0.0000 0.9971
vn -0.5570 -0.0003 0.8305
vn -0.5570 0.0003 0.8305
vn 0.9600 0.0000 0.2801
vn -0.7439 -0.0000 -0.6683
vn -0.8423 0.0000 -0.5389
vn 0.4703 -0.0005 0.8825
vn 0.4703 0.0005 0.8825
vn 0.8310 0.0000 -0.5562
vn -0.1276 -0.0000 0.9918
vn -0.9654 0.0000 -0.2607
vn 0.1501 0.0000 0.9887
vn -0.9743 -0.0000 0.2251
vn -0.4225 0.0000 0.9064
vn -0.9877 -0.0000 -0.1563
vn -0.9452 0.0000 0.3266
vn 0.3937 0.0000 0.9193
vn -0.9234 0.0000 -0.3839
vn 0.9440 0.0000 0.3298
vn -0.1777 -0.0000 0.9841
vn 0.9558 0.0000 -0.2941
vn -0.9987 -0.0000 -0.0519
vn 0.8686 0.0000 -0.4955
vn 0.0000 0.0000 -1.0000
vn -0.2272 -0.0000 0.9738
vn -1.0000 0.0000 0.0000
vn -0.9059 0.0000 -0.4235
vn 0.2587 0.0000 0.9659
vn 0.3125 0.0000 0.9499
vn -0.9566 -0.0000 -0.2915
vn 0.0624 0.0000 0.9981
vn 0.8987 0.0000 -0.4386
vn 0.9820 0.0000 -0.1887
vn -0.0585 -0.0000 0.9983
vn -0.2755 -0.0000 0.9613
vn -0.2886 0.0000 0.9575
vn 0.9864 0.0003 0.1646
vn 0.9864 -0.0003 0.1646
vn -0.9807 0.0000 0.1955
vn 0.2264 0.0000 0.9740
vn -0.1853 -0.0000 0.9827
vn 0.9799 0.0000 0.1997
vn -0.3231 -0.0000 0.9464
vn 0.1918 0.0000 0.9814
vn 0.3725 0.0000 0.9280
vn -0.9785 -0.0000 -0.2062
vn -0.1633 0.0000 0.9866
vn -0.9529 0.0000 -0.3033
vn 0.1371 0.0000 0.9906
vn -0.9920 -0.0000 0.1266
vn -0.3223 -0.0000 0.9466
vn 0.9492 0.0000 -0.3146
vn -0.3685 0.0000 0.9296
vn 0.9959 0.0000 -0.0902
vn 0.3233 0.0000 0.9463
vn -0.4129 -0.0000 0.9108
vn -0.0507 0.0000 0.9987
vn -0.9835 0.0000 -0.1807
vn 0.4887 0.0000 0.8725
vn 0.0459 0.0000 0.9989
vn 0.0000 0.0000 1.0000
vn -0.4632 -0.0000 0.8863
vn 0.9822 0.0000 -0.1878
vn 0.4522 0.0000 0.8919
vn 0.9986 0.0000 0.0533
vn -0.4557 -0.0000 0.8901
vn -0.9979 0.0000 0.0643
vn -0.7126 0.0000 -0.7016
vn -0.5985 -0.0000 0.8011
vn 0.9978 0.0000 0.0664
vn -0.4966 -0.0000 0.8680
vn 1.0000 0.0000 0.0000
vn -0.9992 -0.0000 0.0393
vn 0.5742 0.0000 0.8187
vn 0.6036 0.0000 0.7973
vn 0.9986 0.0000 -0.0526
vn 0.7908 0.0000 -0.6121
vn -0.9982 0.0000 -0.0594
vn -0.7187 0.0000 0.6953
vn 0.9981 0.0000 -0.0616
vn -0.5359 0.0000 0.8443
vn 0.6845 0.0000 0.7290
vn 0.9982 0.0000 -0.0601
vn -0.9806 -0.0000 0.1960
vn 0.2794 0.0000 -0.9602
vn 0.9874 0.0000 -0.1582
vn -0.8172 -0.0000 0.5763
vn 0.0625 0.0000 0.9980
vn 0.7796 0.0000 0.6263
vn -0.9986 0.0000 0.0524
vn 0.3427 0.0000 -0.9394
vn -0.9586 -0.0000 0.2847
vn -0.0586 -0.0000 0.9983
vn -0.9983 0.0000 -0.0588
vn 0.4044 0.0000 -0.9146
vn 0.9987 0.0000 0.0517
vn -0.9241 0.0000 0.3821
vn 0.4639 0.0000 -0.8859
vn 0.9642 0.0000 -0.2652
vn -0.0505 -0.0000 -0.9987
vn 0.0582 0.0000 -0.9983
vn -0.9867 0.0000 0.1624
vn 0.5206 0.0000 -0.8538
vn 0.9868 0.0000 0.1621
vn -0.8740 -0.0000 0.4860
vn 0.5734 0.0000 -0.8193
vn 0.9277 0.0000 -0.3733
vn 0.3232 0.0000 0.9463
vn -0.1590 0.0000 -0.9873
vn 0.9831 0.0000 -0.1833
vn 0.1810 0.0000 -0.9835
vn 0.6222 0.0000 -0.7828
vn -0.8052 0.0000 0.5929
vn -0.9835 0.0000 -0.1811
vn 0.6674 0.0000 -0.7447
vn 0.5342 0.0000 0.8453
vn -0.2758 0.0000 -0.9612
vn 0.3102 0.0000 -0.9507
vn -0.9608 0.0000 0.2773
vn 0.7115 0.0000 0.7027
vn 0.9598 0.0003 0.2805
vn 0.9598 -0.0003 0.2805
vn -0.5984 0.0000 0.8012
vn -0.7177 0.0000 0.6963
vn -0.8911 0.0000 0.4537
vn 0.1522 0.0000 -0.9883
vn 0.5061 0.0000 0.8625
vn -0.9187 0.0000 0.3950
vn -0.3974 0.0000 -0.9176
vn 0.9515 0.0000 -0.3075
vn 0.2160 0.0003 -0.9764
vn 0.2160 -0.0003 -0.9764
vn 0.4746 0.0000 0.8802
vn -0.7188 -0.0000 0.6952
vn 0.8575 0.0000 0.5144
vn 0.8074 0.0000 0.5900
vn 0.9151 0.0000 0.4032
vn 0.8763 0.0000 -0.4818
vn 0.4406 0.0000 -0.8977
vn 0.0297 0.0000 -0.9996
vn -0.8172 0.0000 0.5764
vn -0.9518 0.0000 -0.3067
vn -0.6132 -0.0000 0.7899
vn 0.7797 0.0000 0.6261
vn -0.5178 0.0000 -0.8555
vn 0.0899 0.0000 -0.9960
vn 0.4394 0.0000 0.8983
vn 0.5656 0.0000 -0.8247
vn -0.8589 0.0000 0.5122
vn 0.8859 0.0000 0.4638
vn 0.8503 0.0000 0.5263
vn 0.4005 0.0000 0.9163
vn -0.6303 0.0000 -0.7764
vn 0.9029 0.0000 -0.4298
vn -0.0441 -0.0000 -0.9990
vn -0.0503 0.0000 -0.9987
vn 0.6794 0.0000 -0.7338
vn -0.4973 0.0000 0.8676
vn 0.0579 0.0000 -0.9983
vn -0.1356 -0.0000 -0.9908
vn 0.3579 0.0000 0.9338
vn -0.9018 0.0000 -0.4321
vn -0.7295 0.0000 -0.6840
vn -0.2319 0.0005 -0.9727
vn -0.2319 -0.0005 -0.9727
vn -0.1589 -0.0000 -0.9873
vn 0.7768 0.0000 -0.6298
vn -0.7807 0.0000 0.6249
vn -0.3763 0.0000 0.9265
vn 0.1813 0.0000 -0.9834
vn 0.7651 0.0000 0.6440
vn -0.3330 -0.0003 -0.9429
vn -0.3330 0.0003 -0.9429
vn 0.3113 0.0000 0.9503
vn 0.9174 0.0000 0.3979
vn -0.4372 0.0000 -0.8994
vn 0.8079 0.0000 -0.5893
vn -0.2761 -0.0000 -0.9611
vn -0.6848 0.0000 0.7287
vn -0.9423 0.0000 0.3349
vn 0.6615 0.0000 0.7499
vn -0.5439 0.0000 -0.8392
vn 0.2610 0.0000 0.9653
vn 0.9442 0.0000 0.3295
vn 0.8373 0.0000 -0.5467
vn -0.8912 -0.0000 0.4536
vn -0.2579 -0.0000 0.9662
vn -0.6505 0.0000 -0.7595
vn 0.2076 0.0000 0.9782
vn -0.3975 -0.0000 -0.9176
vn -0.8333 0.0000 -0.5527
vn -0.7524 -0.0000 -0.6587
vn -0.5735 0.0000 0.8192
vn -0.1467 -0.0000 0.9892
vn 0.5442 0.0000 0.8389
vn -0.8443 0.0000 -0.5358
vn 0.1508 0.0000 0.9886
vn 0.9810 0.0000 0.1939
vn 0.0914 0.0003 0.9958
vn 0.0914 -0.0003 0.9958
vn -0.5179 -0.0005 -0.8554
vn -0.5179 0.0005 -0.8554
vn -0.4510 0.0000 0.8925
vn 0.4192 0.0000 0.9079
vn -0.9191 -0.0000 -0.3940
vn -0.0459 -0.0000 0.9989
vn -0.9234 0.0000 -0.3838
vn -0.9710 0.0003 -0.2391
vn -0.9710 -0.0003 -0.2391
vn 0.0308 0.0000 0.9995
vn -0.3212 0.0000 0.9470
vn 0.9980 0.0000 0.0625
vn 0.6792 0.0000 -0.7339
vn 0.2927 0.0000 0.9562
vn 0.7213 0.0000 -0.6927
vn 0.7556 0.0000 -0.6550
vn -0.9969 -0.0003 -0.0785
vn -0.9969 0.0003 -0.0785
vn -0.7293 -0.0000 -0.6842
vn 0.7769 0.0000 -0.6296
vn -0.9820 -0.0000 0.1888
vn -0.5402 -0.0000 -0.8416
vn -0.7474 0.0000 -0.6644
vn 0.9912 0.0000 -0.1326
vn 0.6157 0.0000 -0.7880
vn 0.9174 0.0003 0.3979
vn 0.9174 -0.0003 0.3979
vn -0.1901 0.0000 0.9818
vn 0.1700 0.0000 0.9855
vn -0.8497 0.0000 0.5273
vn -0.5062 0.0000 -0.8624
vn -0.9422 -0.0000 0.3350
vn -0.6845 -0.0000 0.7290
vn -0.4672 -0.0000 -0.8842
vn -0.8115 -0.0000 -0.5844
vn -0.0619 0.0000 0.9981
vn 0.9184 0.0000 -0.3956
vn 0.4926 0.0000 -0.8703
vn 0.8551 0.0000 -0.5184
vn 0.0543 0.0000 0.9985
vn -0.5666 -0.0000 0.8240
vn -0.4225 -0.0000 -0.9064
vn -0.8757 -0.0000 -0.4828
vn 0.6594 0.0000 -0.7518
vn 0.7988 0.0000 -0.6016
vn 0.9145 0.0000 -0.4047
vn -0.3732 0.0000 -0.9277
vn 0.3562 0.0000 -0.9344
vn -0.6466 0.0000 -0.7628
vn -0.5006 -0.0000 0.8657
vn -0.5062 -0.0000 0.8624
vn 0.5512 0.0000 -0.8344
vn -0.4949 -0.0000 0.8689
vn -0.3205 -0.0000 -0.9473
vn -0.9743 -0.0000 0.2253
vn 0.6796 0.0000 -0.7336
vn -0.5348 0.0000 -0.8450
vn -0.2662 -0.0000 -0.9639
vn 0.4339 0.0000 -0.9010
vn 0.2127 0.0000 -0.9771
vn -0.5260 -0.0000 0.8505
vn 0.5890 0.0000 -0.8081
vn -0.4158 0.0000 -0.9095
vn -0.2112 0.0003 -0.9775
vn -0.2112 -0.0003 -0.9775
vn -0.9565 0.0005 -0.2916
vn -0.9565 -0.0005 -0.2916
vn 0.3107 0.0000 -0.9505
vn -0.5962 -0.0000 0.8028
vn -0.1583 -0.0000 -0.9874
vn 0.5353 0.0000 -0.8446
vn 0.9864 0.0000 0.1646
vn -0.2940 0.0000 -0.9558
vn -0.1076 -0.0000 -0.9942
vn -0.9242 0.0000 0.3820
vn 0.1853 0.0000 -0.9827
vn 0.0690 0.0000 -0.9976
vn -0.7008 0.0000 0.7134
vn 0.5191 0.0000 -0.8547
vn -0.0191 0.0003 -0.9998
vn -0.0191 -0.0003 -0.9998
vn -0.1732 0.0000 -0.9849
vn -0.0615 -0.0005 -0.9981
vn -0.0615 0.0005 -0.9981
vn -0.0614 -0.0005 -0.9981
vn -0.9920 -0.0000 0.1265
vn -0.8739 0.0000 0.4861
vn 0.0607 0.0000 -0.9982
vn -0.0562 0.0000 -0.9984
vn -0.8244 -0.0000 0.5660
vn 0.0435 0.0005 0.9991
vn 0.0435 -0.0005 0.9991
vn 0.5424 0.0000 -0.8401
vn -0.0413 -0.0000 0.9991
vn 0.6094 0.0000 -0.7928
vn 0.0480 0.0000 0.9988
vn -0.0450 -0.0000 0.9990
vn -0.0651 0.0000 0.9979
vn -0.9341 -0.0000 0.3570
vn 0.1295 0.0000 0.9916
vn 0.7246 0.0000 -0.6892
vn -0.1417 -0.0000 0.9899
vn 0.8723 0.0000 -0.4889
vn -0.2462 -0.0006 0.9692
vn -0.2462 0.0006 0.9692
vn -0.1268 -0.0000 0.9919
vn 0.1448 0.0000 0.9895
vn -0.3582 -0.0000 0.9336
vn -0.9933 -0.0000 0.1156
vn 0.9847 0.0000 -0.1742
vn -0.4747 -0.0000 0.8802
vn -0.2016 0.0000 0.9795
vn 0.2128 0.0000 0.9771
vn -0.5914 -0.0000 0.8064
vn -0.6134 0.0000 0.7898
vn -0.7697 -0.0000 0.6384
vn -0.7031 -0.0000 0.7111
vn -0.2143 -0.0000 0.9768
vn 0.2388 0.0000 0.9711
vn -0.9980 -0.0000 -0.0634
vn 0.9971 0.0000 0.0757
vn 0.2910 0.0000 0.9567
vn -0.8025 -0.0000 0.5966
vn -0.4971 0.0000 0.8677
vn -0.7296 -0.0000 0.6838
vn -0.8739 -0.0000 0.4860
vn -0.3032 0.0000 0.9529
vn 0.9759 0.0000 0.2183
vn 0.0356 0.0000 -0.9994
vn -0.3765 0.0000 0.9264
vn -0.3414 0.0000 0.9399
vn 0.1166 0.0000 -0.9932
vn 0.3276 0.0000 0.9448
vn -0.9813 -0.0000 -0.1925
vn -0.8053 0.0000 0.5929
vn 0.2119 0.0000 -0.9773
vn 0.5343 0.0000 0.8453
vn 0.3634 0.0000 0.9317
vn -0.6844 -0.0000 0.7291
vn 0.9365 0.0000 0.3507
vn -0.8840 -0.0000 0.4676
vn 0.3214 0.0000 -0.9469
vn -0.6341 -0.0000 0.7733
vn -0.2577 -0.0000 0.9662
vn 0.8804 0.0000 0.4743
vn 0.4438 0.0000 -0.8961
vn 0.4744 0.0000 0.8803
vn 0.8091 0.0000 0.5877
vn 0.5726 0.0000 -0.8198
vn -0.3904 0.0000 0.9207
vn 0.4086 0.0000 0.9127
vn -0.9470 -0.0000 -0.3212
vn -0.9438 -0.0000 0.3306
vn 0.4290 0.0000 0.9033
vn 0.6980 0.0000 -0.7161
vn -0.5778 -0.0000 0.8162
vn 0.7235 0.0000 0.6903
vn 0.8079 0.0000 -0.5894
vn -0.4784 0.0000 0.8782
vn 0.4008 -0.0005 0.9162
vn 0.4008 0.0005 0.9162
vn 0.8930 0.0000 -0.4501
vn -0.4752 -0.0000 0.8799
vn -0.5159 -0.0005 0.8567
vn -0.5159 0.0005 0.8567
vn 0.4883 0.0000 0.8727
vn 0.6251 0.0000 0.7805
vn -0.4974 0.0000 0.8675
vn -0.9811 -0.0000 0.1934
vn 0.4808 0.0000 0.8768
vn 0.9506 0.0000 -0.3104
vn -0.4485 -0.0000 0.8938
vn 0.9835 0.0000 -0.1808
vn -0.5399 -0.0000 -0.8417
vn -0.5554 -0.0000 0.8316
vn -0.8950 0.0000 -0.4460
vn 0.5166 0.0000 0.8562
vn -0.6054 0.0000 0.7959
vn -0.9981 -0.0000 0.0620
vn 0.5403 0.0000 0.8415
vn 0.9978 0.0000 -0.0664
vn -0.5064 0.0000 -0.8623
vn -0.3752 0.0000 0.9270
vn 0.2611 0.0000 0.9653
vn 0.5440 0.0000 0.8391
vn 0.4012 0.0000 0.9160
vn 0.9996 0.0000 0.0295
vn -0.6292 -0.0000 0.7772
vn -0.2974 -0.0000 0.9548
vn -0.9990 -0.0000 -0.0439
vn 0.5868 0.0000 0.8097
vn 0.2826 0.0000 0.9592
vn 0.9911 0.0000 0.1334
vn -0.4223 0.0003 -0.9065
vn -0.4223 -0.0003 -0.9065
vn 0.5979 0.0000 0.8016
vn -0.2155 -0.0000 0.9765
vn -0.9907 -0.0000 -0.1358
vn 0.3563 0.0000 -0.9344
vn 0.1658 0.0000 0.9862
vn 0.9680 0.0000 0.2508
vn -0.7166 0.0000 0.6975
vn 0.9253 0.0000 0.3793
vn -0.6966 0.0000 0.7175
vn -0.1303 -0.0000 0.9915
vn 0.6268 0.0005 0.7792
vn 0.6268 -0.0005 0.7792
vn -0.0460 -0.0000 0.9989
vn -0.8262 -0.0000 -0.5634
vn -0.9729 -0.0000 -0.2311
vn 0.2126 0.0000 -0.9771
vn 0.6435 0.0000 0.7654
vn 0.0533 0.0000 0.9986
vn 0.8581 0.0000 0.5135
vn 0.7212 0.0000 -0.6927
vn -0.2112 0.0000 -0.9775
vn -0.7557 0.0000 0.6549
vn -0.0435 -0.0000 0.9991
vn -0.9444 -0.0000 -0.3287
vn 0.6623 0.0000 0.7493
vn 0.7645 0.0000 0.6446
vn -0.7422 -0.0000 -0.6701
vn -0.8086 0.0000 0.5884
vn 0.5829 0.0000 -0.8125
vn -0.9046 -0.0000 -0.4263
vn 0.6810 0.0005 0.7323
vn 0.6810 -0.0005 0.7323
vn 0.6482 0.0000 0.7615
vn 0.5412 0.0000 -0.8409
vn 0.5183 0.0000 0.8552
vn -0.0614 -0.0000 -0.9981
vn -0.8073 0.0000 0.5901
vn 0.6932 0.0000 0.7207
vn -0.6451 0.0000 -0.7641
vn 0.4960 0.0000 -0.8683
vn -0.8539 -0.0000 -0.5205
vn 0.7125 0.0000 0.7017
vn 0.3851 0.0000 0.9229
vn -0.5375 -0.0000 -0.8432
vn 0.2585 0.0000 0.9660
vn 0.4472 0.0000 -0.8944
vn -0.0420 0.0000 0.9991
vn -0.8804 0.0000 0.4741
vn 0.3952 0.0000 -0.9186
vn -0.7933 -0.0006 -0.6088
vn -0.7933 0.0006 -0.6088
vn -0.1354 0.0000 0.9908
vn 0.1441 0.0000 0.9896
vn -0.2409 0.0000 0.9705
vn -0.7441 -0.0000 -0.6681
vn -0.4224 -0.0000 -0.9064
vn 0.0443 0.0000 0.9990
vn 0.3416 0.0005 -0.9398
vn 0.3416 -0.0005 -0.9398
vn -0.2659 -0.0000 -0.9640
vn -0.3579 0.0000 0.9338
vn -0.7109 -0.0000 -0.7033
vn 0.2860 0.0000 -0.9582
vn -0.4828 0.0000 0.8757
vn -0.6694 0.0000 -0.7429
vn -0.2115 -0.0000 -0.9774
vn -0.6087 0.0000 0.7934
vn -0.6180 -0.0000 -0.7862
vn -0.3025 -0.0000 -0.9531
vn 0.2308 0.0000 -0.9730
vn -0.1581 -0.0000 -0.9874
vn -0.7265 0.0000 0.6871
vn -0.5569 0.0000 -0.8306
vn -0.7238 -0.0000 -0.6900
vn 0.1759 0.0000 -0.9844
vn -0.1078 0.0000 -0.9942
vn -0.4861 -0.0000 -0.8739
vn -0.6486 -0.0000 -0.7611
vn 0.0691 0.0000 -0.9976
vn 0.0480 0.0000 -0.9988
vn -0.4068 -0.0000 -0.9135
vn -0.1806 -0.0000 -0.9836
vn -0.5694 -0.0000 -0.8220
vn -0.0193 -0.0000 -0.9998
vn 0.1223 0.0000 -0.9925
vn -0.0612 0.0003 -0.9981
vn -0.0612 -0.0003 -0.9981
vn -0.8271 0.0000 0.5621
vn -0.3238 -0.0000 -0.9461
vn -0.4889 -0.0000 -0.8723
vn 0.6985 0.0000 0.7156
vn 0.0713 0.0000 -0.9975
vn -0.2410 -0.0005 -0.9705
vn -0.2410 0.0005 -0.9705
vn -0.4084 -0.0000 -0.9128
vn 0.1541 0.0000 -0.9881
vn 0.0229 0.0000 -0.9997
vn -0.1613 0.0000 -0.9869
vn -0.0593 0.0000 -0.9982
vn -0.5806 -0.0000 0.8142
vn 0.2730 0.0000 -0.9620
vn -0.0893 0.0005 -0.9960
vn -0.0893 -0.0005 -0.9960
vn -0.6345 -0.0000 0.7729
vn 0.4017 0.0000 -0.9158
vn 0.5335 0.0000 -0.8458
vn -0.0277 -0.0000 -0.9996
vn 0.0320 0.0000 -0.9995
vn -0.9041 0.0000 0.4273
vn -0.8512 0.0003 0.5249
vn -0.8512 -0.0003 0.5249
vn -0.6829 -0.0000 0.7305
vn 0.6597 0.0000 -0.7516
vn 0.7374 0.0000 0.6755
vn 0.7707 0.0000 -0.6371
vn 0.1174 0.0000 -0.9931
vn -0.0379 0.0000 -0.9993
vn 0.0604 0.0005 -0.9982
vn 0.0604 -0.0005 -0.9982
vn 0.2279 0.0000 -0.9737
vn -0.9562 0.0000 0.2928
vn -0.9981 -0.0000 0.0612
vn 0.8598 0.0003 -0.5105
vn 0.8598 -0.0003 -0.5105
vn 0.0613 0.0000 -0.9981
vn 0.3501 0.0000 -0.9367
vn 0.9987 0.0000 -0.0515
vn 0.9242 0.0000 -0.3820
vn -0.1645 0.0000 -0.9864
vn -0.7243 -0.0000 0.6895
vn -0.9809 -0.0000 0.1944
vn 0.1862 0.0000 -0.9825
vn 0.4682 0.0000 -0.8836
vn -0.9861 0.0000 0.1659
vn -0.9419 0.0003 0.3360
vn -0.9419 -0.0003 0.3360
vn 0.9660 0.0000 -0.2587
vn 0.1865 0.0000 -0.9825
vn 0.5697 0.0000 -0.8219
vn 0.9870 0.0000 -0.1607
vn 0.9893 0.0000 -0.1458
vn -0.2687 0.0000 -0.9632
vn -0.7587 -0.0000 0.6514
vn -0.8778 0.0000 0.4790
vn 0.3196 0.0000 -0.9475
vn 0.6504 0.0000 -0.7596
vn 0.5079 0.0000 0.8614
vn -0.9987 0.0000 0.0519
vn 0.9990 0.0000 -0.0455
vn 0.3140 0.0000 -0.9494
vn -0.7867 -0.0000 0.6174
vn 0.4790 0.0000 0.8778
vn 0.9983 0.0000 0.0577
vn 0.7118 0.0000 -0.7024
vn -0.3540 0.0000 -0.9352
vn 0.4538 0.0000 -0.8911
vn -0.7914 -0.0000 0.6113
vn -0.9983 0.0000 -0.0590
vn -0.8086 -0.0000 0.5883
vn 0.4471 0.0000 0.8945
vn 0.9844 0.0003 0.1761
vn 0.9844 -0.0003 0.1761
vn 0.7570 0.0000 -0.6534
vn 0.4409 0.0005 -0.8976
vn 0.4409 -0.0005 -0.8976
vn 0.9607 0.0000 -0.2776
vn -0.9835 0.0000 -0.1810
vn -0.8253 -0.0000 0.5647
vn 0.9554 0.0000 0.2952
vn -0.4239 0.0000 -0.9057
vn 0.7905 0.0000 -0.6125
vn -0.6877 -0.0000 0.7260
vn 0.4127 -0.0005 0.9109
vn 0.4127 0.0005 0.9109
vn 0.9105 0.0000 0.4136
vn -0.9329 0.0000 0.3602
vn 0.5838 0.0005 -0.8119
vn 0.5838 -0.0005 -0.8119
vn -0.8375 -0.0000 0.5464
vn 0.3744 0.0000 0.9273
vn 0.8152 0.0000 -0.5792
vn -0.9525 0.0000 -0.3047
vn 0.8492 0.0000 0.5280
vn -0.4821 0.0000 -0.8761
vn -0.5746 -0.0003 0.8185
vn -0.5746 0.0003 0.8185
vn 0.5618 0.0000 -0.8273
vn -0.8482 -0.0000 0.5296
vn -0.8457 -0.0000 0.5336
vn 0.3335 0.0000 0.9428
vn 0.7716 0.0000 0.6360
vn -0.8518 -0.0000 0.5238
vn -0.5319 0.0000 -0.8468
vn 0.8337 0.0000 -0.5523
vn 0.8374 0.0000 -0.5465
vn -0.4606 0.0000 0.8876
vn -0.9041 0.0000 -0.4272
vn 0.7009 0.0000 -0.7133
vn 0.2896 0.0000 0.9572
vn 0.6787 0.0000 0.7344
vn 0.6739 0.0000 -0.7389
vn -0.8509 -0.0000 0.5253
vn 0.8412 0.0000 -0.5408
vn -0.3502 0.0003 0.9367
vn -0.3502 -0.0003 0.9367
vn -0.8385 0.0000 -0.5449
vn 0.2424 0.0000 0.9702
vn 0.5721 0.0000 0.8202
vn -0.5744 0.0000 -0.8186
vn 0.8002 0.0000 -0.5998
vn -0.8467 -0.0000 0.5320
vn 0.9167 -0.0003 -0.3995
vn 0.9167 0.0003 -0.3995
vn -0.4180 0.0000 0.9084
vn 0.7721 0.0000 -0.6356
vn -0.8419 -0.0000 0.5396
vn 0.1924 0.0000 0.9813
vn 0.4537 0.0000 0.8911
vn -0.8339 -0.0000 0.5520
vn -0.6120 0.0000 -0.7909
vn -0.2441 -0.0000 0.9698
vn -0.3861 0.0000 0.9225
vn -0.8310 -0.0000 0.5563
vn 0.1394 0.0000 0.9902
vn -0.9683 0.0000 0.2496
vn -0.3531 0.0000 0.9356
vn 0.8776 0.0000 -0.4795
vn -0.8281 -0.0000 0.5606
vn -0.1451 0.0003 0.9894
vn -0.1451 -0.0003 0.9894
vn -0.8208 -0.0000 0.5712
vn 0.0852 -0.0005 0.9964
vn 0.0852 0.0005 0.9964
vn -0.6454 0.0000 -0.7638
vn -0.3194 0.0000 0.9476
vn 0.8532 0.0000 -0.5215
vn -0.8169 -0.0000 0.5767
vn 0.3273 0.0000 0.9449
vn -0.0484 -0.0000 0.9988
vn -0.8139 -0.0000 0.5810
vn 0.0286 0.0000 0.9996
vn -0.6758 0.0000 -0.7371
vn -0.2854 0.0000 0.9584
vn 0.9334 0.0000 -0.3588
vn -0.8118 -0.0000 0.5839
vn 0.8528 0.0003 -0.5223
vn 0.8528 -0.0003 -0.5223
vn -0.2501 0.0000 0.9682
vn 0.9157 -0.0003 -0.4019
vn 0.9157 0.0003 -0.4019
vn -0.8108 -0.0000 0.5854
vn 0.7675 0.0000 -0.6411
vn -0.7561 0.0000 -0.6544
vn -0.8103 -0.0000 0.5860
vn 0.1961 0.0000 0.9806
vn -0.7046 0.0000 -0.7096
vn 0.6633 0.0000 -0.7484
vn -0.8102 -0.0000 0.5861
vn -0.9895 0.0000 0.1446
vn 0.0659 0.0000 0.9978
vn -0.2146 0.0000 0.9767
vn 0.9697 0.0000 -0.2442
vn -0.4577 0.0000 -0.8891
vn -0.0392 -0.0003 0.9992
vn -0.0392 0.0003 0.9992
vn 0.5444 0.0000 -0.8388
vn -0.1772 0.0000 0.9842
vn -0.1193 -0.0000 0.9929
vn -0.1397 -0.0005 0.9902
vn -0.1397 0.0005 0.9902
vn 0.1964 0.0000 0.9805
vn -0.4159 -0.0000 -0.9094
vn 0.0646 0.0000 0.9979
vn 0.9597 0.0000 -0.2809
vn -0.3785 -0.0000 -0.9256
vn -0.1974 -0.0000 0.9803
vn 0.4174 -0.0003 -0.9087
vn 0.4174 0.0003 -0.9087
vn -0.1014 0.0003 0.9948
vn -0.1014 -0.0003 0.9948
vn 0.9904 0.0000 -0.1385
vn 0.3193 0.0003 0.9476
vn 0.3193 -0.0003 0.9476
vn -0.0611 0.0000 0.9981
vn 0.9866 0.0000 -0.1634
vn -0.3449 -0.0000 -0.9387
vn -0.2727 0.0000 0.9621
vn -0.0207 0.0000 0.9998
vn -0.3130 -0.0000 -0.9498
vn -0.9989 0.0000 0.0465
vn -0.3440 -0.0000 0.9390
vn 0.9991 0.0000 -0.0435
vn 0.4309 -0.0005 0.9024
vn 0.4309 0.0005 0.9024
vn -0.2810 0.0000 -0.9597
vn -0.6590 0.0000 -0.7521
vn 0.2898 0.0000 -0.9571
vn 0.9986 0.0000 -0.0521
vn -0.5498 0.0000 -0.8353
vn -0.4089 0.0000 0.9126
vn -0.2501 -0.0000 -0.9682
vn -0.4318 0.0000 -0.9020
vn -0.2170 -0.0003 -0.9762
vn -0.2170 0.0003 -0.9762
vn 0.1666 -0.0003 -0.9860
vn 0.1666 0.0003 -0.9860
vn 0.3705 0.0000 -0.9288
vn 0.5265 0.0000 0.8501
vn -0.1809 0.0000 -0.9835
vn -0.3083 0.0000 -0.9513
vn 0.3483 0.0000 -0.9374
vn -0.4685 0.0003 0.8834
vn -0.4685 -0.0003 0.8834
vn -0.1406 -0.0000 -0.9901
vn 0.0527 0.0000 -0.9986
vn 0.3231 0.0000 -0.9463
vn -0.5210 -0.0000 0.8535
vn 0.6076 0.0000 0.7943
vn -0.0346 0.0003 -0.9994
vn -0.0346 -0.0003 -0.9994
vn 0.2958 0.0000 -0.9553
vn -0.0935 -0.0000 -0.9956
vn 0.0622 0.0000 0.9981
vn 0.2661 0.0000 -0.9639
vn -0.5675 -0.0000 0.8234
vn 0.3231 0.0000 0.9463
vn 0.6740 0.0000 0.7387
vn -0.0571 0.0000 0.9984
vn -0.1833 0.0000 -0.9831
vn -0.1743 0.0000 0.9847
vn 0.2339 0.0000 -0.9723
vn -0.6078 -0.0000 0.7941
vn 0.1873 0.0000 0.9823
vn 0.4523 0.0000 0.8918
vn 0.1993 0.0000 -0.9799
vn -0.6432 0.0000 0.7657
vn 0.7280 0.0000 0.6856
vn -0.2932 0.0000 0.9560
vn 0.1641 0.0000 -0.9864
vn 0.3108 0.0000 0.9505
vn 0.1276 0.0000 -0.9918
vn -0.6736 -0.0000 0.7391
vn 0.7716 0.0000 0.6361
vn -0.4114 0.0000 0.9115
vn 0.4298 0.0000 0.9029
vn -0.0600 0.0000 -0.9982
vn 0.0902 0.0000 -0.9959
vn 0.3339 0.0006 -0.9426
vn 0.3339 -0.0006 -0.9426
vn -0.5263 0.0000 0.8503
vn 0.0534 0.0000 -0.9986
vn 0.5427 0.0000 0.8399
vn 0.0177 0.0003 -0.9998
vn 0.0177 -0.0003 -0.9998
vn 0.3911 -0.0007 -0.9203
vn 0.3911 0.0007 -0.9203
vn 0.4423 0.0000 -0.8969
vn -0.6349 0.0000 0.7726
vn 0.6469 0.0000 0.7626
vn 0.4873 0.0000 -0.8732
vn -0.0502 0.0000 -0.9987
vn 0.5279 0.0000 -0.8493
vn -0.7337 0.0000 0.6795
vn 0.7411 0.0000 0.6714
vn 0.5667 0.0000 -0.8239
vn 0.1813 0.0003 -0.9834
vn 0.1813 -0.0003 -0.9834
vn 0.6035 0.0000 -0.7974
vn 0.9989 0.0000 -0.0477
vn 0.6395 0.0000 -0.7688
vn -0.0627 0.0000 -0.9980
vn -0.6685 0.0000 -0.7437
vn 0.0593 0.0000 -0.9982
vn -0.9991 -0.0000 0.0425
vn 0.6759 0.0005 -0.7370
vn 0.6759 -0.0005 -0.7370
vn -0.6231 0.0000 -0.7821
vn -0.8536 0.0000 -0.5210
vn 0.6931 0.0000 -0.7209
vn -0.9906 -0.0000 0.1367
vn 0.8070 0.0000 0.5905
vn -0.1909 0.0000 -0.9816
vn 0.9887 0.0000 -0.1500
vn -0.5753 0.0000 -0.8179
vn 0.1765 0.0000 -0.9843
vn 0.5786 0.0000 -0.8156
vn -0.9700 0.0003 0.2429
vn -0.9700 -0.0003 0.2429
vn -0.3191 0.0000 -0.9477
vn 0.7983 0.0000 0.6023
vn 0.2632 0.0000 -0.9648
vn 0.3042 0.0000 -0.9526
vn 0.8356 0.0000 0.5494
vn -0.5259 0.0000 -0.8506
vn -0.9325 -0.0003 0.3612
vn -0.9325 0.0003 0.3612
vn -0.8203 0.0000 0.5720
vn -0.4729 0.0000 -0.8811
vn 0.7582 0.0000 0.6520
vn -0.0829 -0.0000 -0.9966
vn 0.8231 0.0000 0.5679
vn 0.4522 0.0000 -0.8919
vn 0.5655 -0.0005 -0.8248
vn 0.5655 0.0005 -0.8248
vn 0.9655 0.0000 -0.2603
vn 0.0667 0.0000 -0.9978
vn -0.4436 0.0000 -0.8962
vn -0.4167 0.0000 -0.9090
vn -0.2461 -0.0000 -0.9692
vn 0.4253 0.0000 -0.9050
vn -0.8736 0.0000 0.4866
vn -0.3556 0.0000 -0.9346
vn 0.7126 0.0000 0.7016
vn -0.3979 -0.0000 -0.9174
vn 0.3199 0.0000 -0.9475
vn 0.8589 0.0000 0.5122
vn -0.5611 0.0000 -0.8278
vn 0.6610 0.0000 0.7504
vn 0.5420 0.0000 -0.8404
vn -0.2899 0.0000 -0.9571
vn -0.5324 -0.0000 -0.8465
vn 0.1878 0.0000 -0.9822
vn -0.7901 0.0000 0.6130
vn -0.6682 0.0000 -0.7440
vn 0.9264 0.0000 -0.3767
vn -0.6481 -0.0000 -0.7615
vn 0.6502 0.0000 -0.7597
vn -0.2173 0.0000 -0.9761
vn 0.6038 0.0000 0.7971
vn -0.9423 0.0000 0.3348
vn -0.9887 -0.0000 -0.1502
vn -0.8700 0.0000 -0.4931
vn -0.4274 -0.0000 -0.9041
vn 0.9887 0.0000 -0.1502
vn 0.8700 0.0000 -0.4931
vn 0.4274 0.0000 -0.9041
vn 0.4274 -0.0000 0.9041
vn 0.8700 -0.0000 0.4931
vn 0.9887 0.0000 0.1502
vn -0.9887 0.0000 0.1502
vn -0.8700 -0.0000 0.4931
vn -0.4274 -0.0000 0.9041
vn 0.9952 0.0000 0.0980
vn 0.9569 0.0000 0.2903
vn 0.8819 0.0000 0.4714
vn 0.7730 0.0000 0.6344
vn 0.6344 0.0000 0.7730
vn 0.4714 0.0000 0.8819
vn 0.2903 0.0000 0.9569
vn 0.0980 0.0000 0.9952
vn -0.0980 -0.0000 0.9952
vn -0.2903 -0.0000 0.9569
vn -0.4714 -0.0000 0.8819
vn -0.6344 -0.0000 0.7730
vn -0.7730 -0.0000 0.6344
vn -0.8819 -0.0000 0.4714
vn -0.9569 0.0000 0.2903
vn -0.9952 0.0000 0.0980
vn -0.9952 -0.0000 -0.0980
vn -0.9569 0.0000 -0.2903
vn -0.8819 -0.0000 -0.4714
vn -0.7730 -0.0000 -0.6344
vn -0.6344 -0.0000 -0.7730
vn -0.4714 -0.0000 -0.8819
vn -0.2903 -0.0000 -0.9569
vn -0.0980 -0.0000 -0.9952
vn 0.0980 0.0000 -0.9952
vn 0.2903 0.0000 -0.9569
vn 0.4714 0.0000 -0.8819
vn 0.6344 0.0000 -0.7730
vn 0.7730 0.0000 -0.6344
vn 0.8819 0.0000 -0.4714
vn 0.9569 0.0000 -0.2903
vn 0.9952 0.0000 -0.0980
usemtl Material.001
s 1
f 1/1/1 3/2/2 2/3/3
f 1/1/1 4/4/3 3/2/2
f 5/5/4 4/4/3 1/1/1
f 5/5/4 6/6/3 4/4/3
f 7/7/2 6/6/3 5/5/4
f 7/7/2 8/8/3 6/6/3
f 9/9/3 8/8/3 7/7/2
f 9/9/3 10/10/3 8/8/3
f 11/11/3 10/10/3 9/9/3
f 11/11/3 12/12/3 10/10/3
f 13/13/3 12/12/3 11/11/3
f 13/13/3 14/14/3 12/12/3
f 15/15/3 16/16/3 13/13/3
f 16/16/3 14/14/3 13/13/3
f 15/15/3 17/17/5 16/16/3
f 18/18/3 14/14/3 16/16/3
f 15/15/3 19/19/4 17/17/5
f 20/20/3 14/14/3 18/18/3
f 15/15/3 21/21/3 19/19/4
f 22/22/3 14/14/3 20/20/3
f 22/22/3 23/23/3 14/14/3
f 15/15/3 24/24/3 21/21/3
f 25/25/3 24/24/3 15/15/3
f 26/26/3 23/23/3 22/22/3
f 25/25/3 27/27/2 24/24/3
f 28/28/4 23/23/3 26/26/3
f 25/25/3 29/29/3 27/27/2
f 30/30/2 23/23/3 28/28/4
f 25/25/3 31/31/3 29/29/3
f 32/32/3 23/23/3 30/30/2
f 33/33/3 31/31/3 25/25/3
f 32/32/3 34/34/3 23/23/3
f 33/33/3 35/35/3 31/31/3
f 36/36/3 34/34/3 32/32/3
f 33/33/3 37/37/3 35/35/3
f 38/38/3 34/34/3 36/36/3
f 39/39/3 37/37/3 33/33/3
f 38/38/3 40/40/3 34/34/3
f 39/39/3 41/41/3 37/37/3
f 42/42/2 40/40/3 38/38/3
f 39/39/3 43/43/3 41/41/3
f 44/44/3 40/40/3 42/42/2
f 45/45/3 43/43/3 39/39/3
f 45/45/3 46/46/4 43/43/3
f 44/44/3 47/47/3 40/40/3
f 48/48/3 47/47/3 44/44/3
f 45/45/3 48/48/3 46/46/4
f 45/45/3 47/47/3 48/48/3
f 49/49/3 47/47/3 45/45/3
f 49/49/3 50/50/3 47/47/3
f 51/51/3 52/52/3 49/49/3
f 52/52/3 50/50/3 49/49/3
f 51/51/3 53/53/3 52/52/3
f 54/54/3 53/53/3 51/51/3
f 54/54/3 55/55/3 53/53/3
f 54/54/3 56/56/3 55/55/3
f 57/57/3 56/56/3 54/54/3
f 57/57/3 58/58/3 56/56/3
f 59/59/3 58/58/3 57/57/3
f 59/59/3 60/60/3 58/58/3
f 61/61/3 63/62/3 62/63/3
f 59/59/3 64/64/4 60/60/3
f 65/65/3 63/62/3 61/61/3
f 66/66/3 63/62/3 65/65/3
f 67/67/3 64/64/4 59/59/3
f 67/67/3 68/68/3 64/64/4
f 69/69/3 63/62/3 66/66/3
f 70/70/3 63/62/3 69/69/3
f 67/67/3 71/71/3 68/68/3
f 72/72/3 63/62/3 70/70/3
f 67/67/3 73/73/2 71/71/3
f 74/74/3 63/62/3 72/72/3
f 75/75/3 73/73/2 67/67/3
f 76/76/3 63/62/3 74/74/3
f 75/75/3 77/77/3 73/73/2
f 78/78/3 63/62/3 76/76/3
f 75/75/3 79/79/6 77/77/3
f 80/80/1 63/62/3 78/78/3
f 81/81/7 63/62/3 80/80/1
f 75/75/3 82/82/3 79/79/6
f 82/82/3 63/62/3 81/81/7
f 75/75/3 63/62/3 82/82/3
f 83/83/3 63/62/3 75/75/3
f 83/83/3 84/84/3 63/62/3
f 85/85/3 84/84/3 83/83/3
f 85/85/3 86/86/3 84/84/3
f 85/85/3 87/87/3 86/86/3
f 88/88/3 87/87/3 85/85/3
f 88/88/3 89/89/3 87/87/3
f 88/88/3 90/90/2 89/89/3
f 91/91/3 90/90/2 88/88/3
f 91/91/3 92/92/4 90/90/2
f 91/91/3 93/93/3 92/92/4
f 94/94/3 93/93/3 91/91/3
f 94/94/3 95/95/1 93/93/3
f 94/94/3 96/96/8 95/95/1
f 94/94/3 97/97/4 96/96/8
f 98/98/3 97/97/4 94/94/3
f 98/98/3 99/99/3 97/97/4
f 100/100/3 102/101/3 101/102/3
f 100/100/3 103/103/3 102/101/3
f 100/100/3 104/104/3 103/103/3
f 105/105/3 104/104/3 100/100/3
f 106/106/9 104/104/10 105/105/11
f 107/107/3 108/108/3 106/106/3
f 108/108/9 104/104/10 106/106/11
f 107/107/3 109/109/3 108/108/3
f 107/107/3 110/110/3 109/109/3
f 111/111/3 110/110/3 107/107/3
f 111/111/3 112/112/3 110/110/3
f 111/111/3 113/113/3 112/112/3
f 114/114/3 113/113/3 111/111/3
f 114/114/3 115/115/3 113/113/3
f 116/116/3 118/117/3 117/118/3
f 119/119/3 118/117/3 116/116/3
f 114/114/3 120/120/3 115/115/3
f 121/121/3 118/117/3 119/119/3
f 122/122/3 120/120/3 114/114/3
f 122/122/3 123/123/3 120/120/3
f 124/124/3 118/117/3 121/121/3
f 125/125/3 118/117/3 124/124/3
f 122/122/3 126/126/4 123/123/3
f 127/127/3 118/117/3 125/125/3
f 122/122/3 128/128/3 126/126/4
f 129/129/3 118/117/3 127/127/3
f 122/122/3 130/130/2 128/128/3
f 131/131/2 118/117/3 129/129/3
f 132/132/3 130/130/2 122/122/3
f 133/133/2 118/117/3 131/131/2
f 132/132/3 134/134/4 130/130/2
f 135/135/3 118/117/3 133/133/2
f 132/132/3 136/136/1 134/134/4
f 137/137/3 118/117/3 135/135/3
f 132/132/3 138/138/3 136/136/1
f 138/138/3 118/117/3 137/137/3
f 132/132/3 118/117/3 138/138/3
f 139/139/3 118/117/3 132/132/3
f 140/140/3 118/117/3 139/139/3
f 141/141/4 118/117/3 140/140/3
f 141/141/4 142/142/3 118/117/3
f 143/143/2 142/142/3 141/141/4
f 143/143/2 144/144/1 142/142/3
f 143/143/2 145/145/4 144/144/1
f 146/146/3 145/145/4 143/143/2
f 146/146/3 147/147/7 145/145/4
f 146/146/3 148/148/4 147/147/7
f 146/146/3 149/149/4 148/148/4
f 150/150/7 149/149/4 146/146/3
f 150/150/7 151/151/6 149/149/4
f 150/150/7 152/152/2 151/151/6
f 153/153/3 152/152/2 150/150/7
f 153/153/3 154/154/12 152/152/2
f 153/153/3 155/155/6 154/154/12
f 156/156/13 155/155/6 153/153/3
f 156/156/13 157/157/14 155/155/6
f 158/158/3 160/159/2 159/160/7
f 158/158/3 161/161/3 160/159/2
f 162/162/2 161/161/3 158/158/3
f 162/162/2 163/163/3 161/161/3
f 164/164/3 163/163/3 162/162/2
f 164/164/3 165/165/3 163/163/3
f 166/166/3 165/165/3 164/164/3
f 166/166/3 167/167/3 165/165/3
f 168/168/3 167/167/3 166/166/3
f 168/168/3 169/169/3 167/167/3
f 170/170/3 169/169/3 168/168/3
f 170/170/3 171/171/3 169/169/3
f 172/172/3 173/173/3 170/170/3
f 173/173/3 171/171/3 170/170/3
f 172/172/3 174/174/15 173/173/3
f 175/175/3 171/171/3 173/173/3
f 172/172/3 176/176/2 174/174/15
f 177/177/3 171/171/3 175/175/3
f 172/172/3 178/178/4 176/176/2
f 179/179/4 171/171/3 177/177/3
f 179/179/4 180/180/3 171/171/3
f 181/181/3 178/178/4 172/172/3
f 181/181/3 182/182/2 178/178/4
f 183/183/3 180/180/3 179/179/4
f 181/181/3 184/184/3 182/182/2
f 185/185/3 180/180/3 183/183/3
f 181/181/3 186/186/3 184/184/3
f 187/187/3 180/180/3 185/185/3
f 187/187/3 188/188/3 180/180/3
f 189/189/3 186/186/3 181/181/3
f 189/189/3 190/190/3 186/186/3
f 191/191/3 188/188/3 187/187/3
f 189/189/3 192/192/3 190/190/3
f 193/193/3 188/188/3 191/191/3
f 193/193/3 194/194/3 188/188/3
f 195/195/3 192/192/3 189/189/3
f 195/195/3 196/196/3 192/192/3
f 197/197/3 194/194/3 193/193/3
f 197/197/3 198/198/3 194/194/3
f 199/199/3 196/196/3 195/195/3
f 199/199/3 200/200/3 196/196/3
f 201/201/3 198/198/3 197/197/3
f 199/199/3 202/202/3 200/200/3
f 203/203/3 198/198/3 201/201/3
f 203/203/3 204/204/3 198/198/3
f 205/205/3 202/202/3 199/199/3
f 205/205/3 206/206/3 202/202/3
f 207/207/3 204/204/3 203/203/3
f 208/208/3 206/206/3 205/205/3
f 208/208/3 209/209/3 206/206/3
f 207/207/3 210/210/3 204/204/3
f 211/211/3 210/210/3 207/207/3
f 208/208/3 212/212/3 209/209/3
f 213/213/3 210/210/3 211/211/3
f 214/214/3 212/212/3 208/208/3
f 213/213/3 215/215/3 210/210/3
f 214/214/3 216/216/3 212/212/3
f 217/217/3 215/215/3 213/213/3
f 214/214/3 218/218/3 216/216/3
f 219/219/3 218/218/3 214/214/3
f 220/220/3 215/215/3 217/217/3
f 220/220/3 221/221/3 215/215/3
f 219/219/3 222/222/3 218/218/3
f 223/223/3 221/221/3 220/220/3
f 224/224/3 222/222/3 219/219/3
f 223/223/3 225/225/3 221/221/3
f 224/224/3 226/226/3 222/222/3
f 227/227/3 225/225/3 223/223/3
f 224/224/3 228/228/2 226/226/3
f 229/229/2 225/225/3 227/227/3
f 230/230/3 228/228/2 224/224/3
f 229/229/2 231/231/3 225/225/3
f 230/230/3 232/232/3 228/228/2
f 233/233/4 231/231/3 229/229/2
f 230/230/3 234/234/3 232/232/3
f 235/235/3 231/231/3 233/233/4
f 230/230/3 236/236/2 234/234/3
f 237/237/3 231/231/3 235/235/3
f 238/238/3 236/236/2 230/230/3
f 237/237/3 239/239/3 231/231/3
f 238/238/3 240/240/1 236/236/2
f 241/241/3 239/239/3 237/237/3
f 238/238/3 242/242/3 240/240/1
f 242/242/3 239/239/3 241/241/3
f 238/238/3 239/239/3 242/242/3
f 243/243/4 239/239/3 238/238/3
f 243/243/4 244/244/3 239/239/3
f 245/245/3 244/244/3 243/243/4
f 245/245/3 246/246/3 244/244/3
f 247/247/2 246/246/3 245/245/3
f 247/247/2 248/248/3 246/246/3
f 249/249/3 248/248/3 247/247/2
f 249/249/3 250/250/4 248/248/3
f 251/251/7 250/250/4 249/249/3
f 251/251/7 252/252/1 250/250/4
f 253/253/16 252/252/1 251/251/7
f 254/254/3 256/255/3 255/256/17
f 257/257/6 259/258/7 258/259/3
f 260/260/3 256/255/3 254/254/3
f 260/260/3 261/261/3 256/255/3
f 262/262/3 259/258/7 257/257/6
f 262/262/3 263/263/4 259/258/7
f 264/264/1 261/261/3 260/260/3
f 264/264/1 265/265/7 261/261/3
f 266/266/3 263/263/4 262/262/3
f 267/267/3 265/265/7 264/264/1
f 267/267/3 268/268/3 265/265/7
f 266/266/3 269/269/3 263/263/4
f 270/270/3 269/269/3 266/266/3
f 271/271/1 268/268/3 267/267/3
f 272/272/3 274/273/3 273/274/3
f 272/272/3 275/275/3 274/273/3
f 271/271/1 276/276/3 268/268/3
f 277/277/3 269/269/3 270/270/3
f 278/278/3 276/276/3 271/271/1
f 277/277/3 279/279/2 269/269/3
f 278/278/3 280/280/3 276/276/3
f 281/281/2 280/280/3 278/278/3
f 282/282/4 279/279/2 277/277/3
f 281/281/2 283/283/4 280/280/3
f 282/282/4 284/284/3 279/279/2
f 285/285/3 283/283/4 281/281/2
f 286/286/3 284/284/3 282/282/4
f 285/285/3 287/287/3 283/283/4
f 288/288/3 287/287/3 285/285/3
f 289/289/3 284/284/3 286/286/3
f 289/289/3 290/290/3 284/284/3
f 288/288/3 291/291/3 287/287/3
f 292/292/3 291/291/3 288/288/3
f 293/293/2 290/290/3 289/289/3
f 292/292/3 294/294/3 291/291/3
f 295/295/3 294/294/3 292/292/3
f 293/293/2 296/296/3 290/290/3
f 297/297/3 296/296/3 293/293/2
f 295/295/3 298/298/3 294/294/3
f 275/275/3 298/298/3 295/295/3
f 299/299/3 296/296/3 297/297/3
f 299/299/3 300/300/2 296/296/3
f 300/300/2 301/301/3 296/296/3
f 272/272/3 302/302/3 275/275/3
f 302/302/3 303/303/3 275/275/3
f 303/303/3 304/304/3 275/275/3
f 304/304/3 305/305/3 275/275/3
f 305/305/3 306/306/3 275/275/3
f 306/306/3 307/307/3 275/275/3
f 307/307/3 308/308/3 275/275/3
f 308/308/3 309/309/3 275/275/3
f 309/309/3 310/310/3 275/275/3
f 310/310/3 311/311/16 275/275/3
f 311/311/16 312/312/3 275/275/3
f 312/312/3 313/313/2 275/275/3
f 313/313/2 298/298/3 275/275/3
f 313/313/2 314/314/18 298/298/3
f 314/314/18 315/315/1 298/298/3
f 315/315/1 316/316/19 299/299/3
f 316/316/19 300/300/2 299/299/3
f 317/317/3 315/315/1 314/314/18
f 318/318/3 301/301/3 300/300/2
f 315/315/1 319/319/4 316/316/19
f 320/320/3 315/315/1 317/317/3
f 321/321/3 301/301/3 318/318/3
f 315/315/1 322/322/3 319/319/4
f 323/323/3 315/315/1 320/320/3
f 324/324/3 301/301/3 321/321/3
f 315/315/1 325/325/4 322/322/3
f 326/326/7 315/315/1 323/323/3
f 326/326/7 325/325/4 315/315/1
f 327/327/3 301/301/3 324/324/3
f 326/326/7 328/328/3 325/325/4
f 327/327/3 329/329/3 301/301/3
f 330/330/3 328/328/3 326/326/7
f 330/330/3 331/331/7 328/328/3
f 332/332/3 329/329/3 327/327/3
f 330/330/3 333/333/3 331/331/7
f 334/334/3 333/333/3 330/330/3
f 335/335/3 329/329/3 332/332/3
f 334/334/3 336/336/3 333/333/3
f 337/337/4 336/336/3 334/334/3
f 338/338/3 329/329/3 335/335/3
f 337/337/4 339/339/2 336/336/3
f 338/338/3 340/340/3 329/329/3
f 341/341/3 339/339/2 337/337/4
f 341/341/3 342/342/3 339/339/2
f 343/343/3 340/340/3 338/338/3
f 341/341/3 344/344/4 342/342/3
f 345/345/3 344/344/4 341/341/3
f 346/346/3 340/340/3 343/343/3
f 345/345/3 347/347/2 344/344/4
f 346/346/3 348/348/3 340/340/3
f 349/349/4 347/347/2 345/345/3
f 272/272/3 350/350/3 302/302/3
f 349/349/4 351/351/3 347/347/2
f 352/352/3 348/348/3 346/346/3
f 353/353/3 351/351/3 349/349/4
f 354/354/3 348/348/3 352/352/3
f 354/354/3 355/355/3 348/348/3
f 356/356/3 351/351/3 353/353/3
f 357/357/3 355/355/3 354/354/3
f 357/357/3 358/358/3 355/355/3
f 359/359/3 351/351/3 356/356/3
f 360/360/3 358/358/3 357/357/3
f 361/361/3 363/362/3 362/363/12
f 361/361/3 364/364/3 363/362/3
f 365/365/3 364/364/3 361/361/3
f 365/365/3 366/366/3 364/364/3
f 367/367/3 366/366/3 365/365/3
f 367/367/3 368/368/3 366/366/3
f 369/369/2 368/368/3 367/367/3
f 369/369/2 370/370/3 368/368/3
f 371/371/3 370/370/3 369/369/2
f 371/371/3 372/372/3 370/370/3
f 373/373/3 372/372/3 371/371/3
f 373/373/3 374/374/3 372/372/3
f 375/375/3 376/376/7 373/373/3
f 376/376/7 374/374/3 373/373/3
f 375/375/3 377/377/20 376/376/7
f 378/378/3 374/374/3 376/376/7
f 375/375/3 379/379/1 377/377/20
f 380/380/3 374/374/3 378/378/3
f 375/375/3 381/381/2 379/379/1
f 382/382/1 374/374/3 380/380/3
f 382/382/1 383/383/3 374/374/3
f 375/375/3 384/384/4 381/381/2
f 385/385/3 384/384/4 375/375/3
f 386/386/3 383/383/3 382/382/1
f 385/385/3 387/387/4 384/384/4
f 388/388/3 383/383/3 386/386/3
f 385/385/3 389/389/3 387/387/4
f 390/390/3 383/383/3 388/388/3
f 385/385/3 391/391/3 389/389/3
f 392/392/3 383/383/3 390/390/3
f 393/393/3 391/391/3 385/385/3
f 392/392/3 394/394/3 383/383/3
f 393/393/3 395/395/3 391/391/3
f 396/396/3 394/394/3 392/392/3
f 393/393/3 397/397/3 395/395/3
f 398/398/3 394/394/3 396/396/3
f 399/399/3 397/397/3 393/393/3
f 398/398/3 400/400/3 394/394/3
f 399/399/3 401/401/3 397/397/3
f 402/402/3 400/400/3 398/398/3
f 399/399/3 403/403/3 401/401/3
f 404/404/3 400/400/3 402/402/3
f 405/405/3 403/403/3 399/399/3
f 405/405/3 406/406/2 403/403/3
f 404/404/3 407/407/3 400/400/3
f 408/408/3 407/407/3 404/404/3
f 405/405/3 408/408/3 406/406/2
f 405/405/3 407/407/3 408/408/3
f 409/409/3 407/407/3 405/405/3
f 409/409/3 410/410/3 407/407/3
f 411/411/3 412/412/3 409/409/3
f 412/412/3 410/410/3 409/409/3
f 411/411/3 413/413/3 412/412/3
f 414/414/3 413/413/3 411/411/3
f 414/414/3 415/415/3 413/413/3
f 414/414/3 416/416/3 415/415/3
f 417/417/3 416/416/3 414/414/3
f 417/417/3 418/418/3 416/416/3
f 419/419/3 418/418/3 417/417/3
f 419/419/3 420/420/3 418/418/3
f 421/421/3 423/422/3 422/423/3
f 419/419/3 424/424/3 420/420/3
f 425/425/3 423/422/3 421/421/3
f 426/426/3 423/422/3 425/425/3
f 427/427/3 424/424/3 419/419/3
f 427/427/3 428/428/4 424/424/3
f 429/429/3 423/422/3 426/426/3
f 430/430/3 423/422/3 429/429/3
f 427/427/3 431/431/3 428/428/4
f 432/432/3 423/422/3 430/430/3
f 427/427/3 433/433/3 431/431/3
f 434/434/4 423/422/3 432/432/3
f 435/435/3 433/433/3 427/427/3
f 436/436/2 423/422/3 434/434/4
f 435/435/3 437/437/2 433/433/3
f 438/438/3 423/422/3 436/436/2
f 435/435/3 439/439/7 437/437/2
f 440/440/3 423/422/3 438/438/3
f 441/441/3 423/422/3 440/440/3
f 435/435/3 442/442/3 439/439/7
f 442/442/3 423/422/3 441/441/3
f 435/435/3 423/422/3 442/442/3
f 443/443/3 423/422/3 435/435/3
f 443/443/3 444/444/3 423/422/3
f 445/445/3 444/444/3 443/443/3
f 445/445/3 446/446/3 444/444/3
f 445/445/3 447/447/4 446/446/3
f 448/448/2 447/447/4 445/445/3
f 448/448/2 449/449/3 447/447/4
f 448/448/2 450/450/3 449/449/3
f 451/451/3 450/450/3 448/448/2
f 451/451/3 452/452/3 450/450/3
f 451/451/3 453/453/3 452/452/3
f 454/454/3 453/453/3 451/451/3
f 454/454/3 455/455/2 453/453/3
f 454/454/3 456/456/4 455/455/2
f 454/454/3 457/457/4 456/456/4
f 458/458/21 457/457/4 454/454/3
f 458/458/21 459/459/22 457/457/4
f 460/460/3 462/461/3 461/462/3
f 462/461/3 463/463/3 461/462/3
f 462/461/3 464/464/3 463/463/3
f 462/461/3 465/465/3 464/464/3
f 462/461/3 466/466/3 465/465/3
f 462/461/3 467/467/2 466/466/3
f 462/461/3 468/468/3 467/467/2
f 462/461/3 469/469/3 468/468/3
f 462/461/3 470/470/3 469/469/3
f 462/461/3 471/471/6 470/470/3
f 471/471/6 472/472/3 470/470/3
f 460/460/3 473/473/3 462/461/3
f 474/474/3 472/472/3 471/471/6
f 475/475/3 472/472/3 474/474/3
f 476/476/1 472/472/3 475/475/3
f 476/476/1 477/477/3 472/472/3
f 478/478/7 477/477/3 476/476/1
f 479/479/3 477/477/3 478/478/7
f 480/480/4 477/477/3 479/479/3
f 480/480/4 481/481/3 477/477/3
f 482/482/3 481/481/3 480/480/4
f 483/483/3 481/481/3 482/482/3
f 484/484/3 481/481/3 483/483/3
f 484/484/3 485/485/3 481/481/3
f 486/486/3 485/485/3 484/484/3
f 487/487/3 485/485/3 486/486/3
f 487/487/3 488/488/3 485/485/3
f 489/489/3 488/488/3 487/487/3
f 490/490/3 488/488/3 489/489/3
f 490/490/3 491/491/3 488/488/3
f 492/492/2 491/491/3 490/490/3
f 492/492/2 493/493/3 491/491/3
f 494/494/3 493/493/3 492/492/2
f 495/495/3 493/493/3 494/494/3
f 495/495/3 496/496/3 493/493/3
f 497/497/3 496/496/3 495/495/3
f 497/497/3 498/498/3 496/496/3
f 499/499/3 498/498/3 497/497/3
f 499/499/3 500/500/3 498/498/3
f 501/501/3 500/500/3 499/499/3
f 502/502/2 500/500/3 501/501/3
f 502/502/2 503/503/3 500/500/3
f 504/504/3 503/503/3 502/502/2
f 505/505/3 503/503/3 504/504/3
f 505/505/3 506/506/3 503/503/3
f 507/507/3 506/506/3 505/505/3
f 508/508/3 506/506/3 507/507/3
f 460/460/3 509/509/3 473/473/3
f 509/509/3 508/508/3 473/473/3
f 509/509/3 506/506/3 508/508/3
f 509/509/3 510/510/3 506/506/3
f 509/509/3 511/511/3 510/510/3
f 509/509/3 512/512/3 511/511/3
f 509/509/3 513/513/3 512/512/3
f 509/509/3 514/514/2 513/513/3
f 509/509/3 515/515/3 514/514/2
f 509/509/3 516/516/3 515/515/3
f 509/509/3 517/517/3 516/516/3
f 517/517/3 518/518/23 516/516/3
f 518/518/23 519/519/3 516/516/3
f 460/460/3 520/520/3 509/509/3
f 521/521/3 519/519/3 518/518/23
f 522/522/3 519/519/3 521/521/3
f 523/523/3 519/519/3 522/522/3
f 523/523/3 524/524/2 519/519/3
f 525/525/3 524/524/2 523/523/3
f 526/526/3 524/524/2 525/525/3
f 526/526/3 527/527/3 524/524/2
f 528/528/3 527/527/3 526/526/3
f 528/528/3 529/529/3 527/527/3
f 530/530/3 529/529/3 528/528/3
f 530/530/3 531/531/3 529/529/3
f 532/532/3 531/531/3 530/530/3
f 532/532/3 533/533/3 531/531/3
f 534/534/3 533/533/3 532/532/3
f 534/534/3 535/535/3 533/533/3
f 536/536/3 535/535/3 534/534/3
f 536/536/3 537/537/3 535/535/3
f 536/536/3 538/538/3 537/537/3
f 539/539/3 538/538/3 536/536/3
f 539/539/3 540/540/3 538/538/3
f 541/541/3 540/540/3 539/539/3
f 541/541/3 542/542/3 540/540/3
f 541/541/3 543/543/3 542/542/3
f 541/541/3 544/544/3 543/543/3
f 541/541/3 545/545/3 544/544/3
f 541/541/3 546/546/3 545/545/3
f 541/541/3 547/547/3 546/546/3
f 541/541/3 548/548/3 547/547/3
f 541/541/3 549/549/3 548/548/3
f 541/541/3 550/550/3 549/549/3
f 541/541/3 551/551/3 550/550/3
f 541/541/3 552/552/3 551/551/3
f 541/541/3 553/553/3 552/552/3
f 554/554/21 556/555/24 555/556/3
f 554/554/21 557/557/1 556/555/24
f 558/558/3 557/557/1 554/554/21
f 558/558/3 559/559/3 557/557/1
f 560/560/3 559/559/3 558/558/3
f 560/560/3 561/561/3 559/559/3
f 560/560/3 562/562/3 561/561/3
f 563/563/3 562/562/3 560/560/3
f 563/563/3 564/564/3 562/562/3
f 565/565/3 567/566/3 566/567/3
f 565/565/3 568/568/3 567/566/3
f 569/569/3 564/564/3 563/563/3
f 569/569/3 570/570/3 564/564/3
f 569/569/3 571/571/3 570/570/3
f 572/572/4 571/571/3 569/569/3
f 572/572/4 573/573/3 571/571/3
f 574/574/2 573/573/3 572/572/4
f 574/574/2 575/575/4 573/573/3
f 574/574/2 576/576/4 575/575/4
f 577/577/3 576/576/4 574/574/2
f 577/577/3 578/578/3 576/576/4
f 579/579/3 578/578/3 577/577/3
f 579/579/3 580/580/3 578/578/3
f 580/580/3 581/581/3 578/578/3
f 581/581/3 582/582/3 578/578/3
f 582/582/3 583/583/4 578/578/3
f 583/583/4 584/584/4 578/578/3
f 584/584/4 585/585/2 578/578/3
f 585/585/2 586/586/3 578/578/3
f 586/586/3 587/587/3 578/578/3
f 587/587/3 588/588/3 578/578/3
f 588/588/3 589/589/2 578/578/3
f 590/590/3 591/591/2 579/579/3
f 591/591/2 592/592/3 579/579/3
f 592/592/3 580/580/3 579/579/3
f 593/593/3 594/594/3 590/590/3
f 594/594/3 595/595/25 590/590/3
f 595/595/25 591/591/2 590/590/3
f 593/593/3 596/596/12 594/594/3
f 593/593/3 597/597/4 596/596/12
f 598/598/3 597/597/4 593/593/3
f 598/598/3 599/599/3 597/597/4
f 598/598/3 600/600/3 599/599/3
f 565/565/3 598/598/3 568/568/3
f 565/565/3 601/601/3 598/598/3
f 601/601/3 602/602/3 598/598/3
f 602/602/3 603/603/3 598/598/3
f 603/603/3 604/604/3 598/598/3
f 604/604/3 600/600/3 598/598/3
f 565/565/3 605/605/1 601/601/3
f 565/565/3 606/606/2 605/605/1
f 565/565/3 607/607/3 606/606/2
f 565/565/3 608/608/3 607/607/3
f 609/609/3 611/610/7 610/611/6
f 609/609/3 612/612/4 611/610/7
f 613/613/3 612/612/4 609/609/3
f 613/613/3 614/614/3 612/612/4
f 615/615/3 614/614/3 613/613/3
f 615/615/3 616/616/3 614/614/3
f 617/617/3 616/616/3 615/615/3
f 617/617/3 618/618/3 616/616/3
f 619/619/3 618/618/3 617/617/3
f 619/619/3 620/620/3 618/618/3
f 621/621/3 620/620/3 619/619/3
f 621/621/3 622/622/3 620/620/3
f 623/623/3 624/624/3 621/621/3
f 624/624/3 622/622/3 621/621/3
f 623/623/3 625/625/26 624/624/3
f 626/626/3 622/622/3 624/624/3
f 623/623/3 627/627/12 625/625/26
f 628/628/3 622/622/3 626/626/3
f 623/623/3 629/629/1 627/627/12
f 630/630/3 622/622/3 628/628/3
f 630/630/3 631/631/3 622/622/3
f 623/623/3 632/632/2 629/629/1
f 633/633/3 632/632/2 623/623/3
f 634/634/3 631/631/3 630/630/3
f 633/633/3 635/635/3 632/632/2
f 636/636/3 631/631/3 634/634/3
f 633/633/3 637/637/3 635/635/3
f 638/638/3 631/631/3 636/636/3
f 633/633/3 639/639/3 637/637/3
f 640/640/3 631/631/3 638/638/3
f 641/641/3 639/639/3 633/633/3
f 640/640/3 642/642/3 631/631/3
f 641/641/3 643/643/3 639/639/3
f 644/644/2 642/642/3 640/640/3
f 641/641/3 645/645/3 643/643/3
f 646/646/4 642/642/3 644/644/2
f 647/647/3 645/645/3 641/641/3
f 646/646/4 648/648/3 642/642/3
f 647/647/3 649/649/3 645/645/3
f 650/650/3 648/648/3 646/646/4
f 647/647/3 651/651/3 649/649/3
f 652/652/3 648/648/3 650/650/3
f 653/653/3 651/651/3 647/647/3
f 653/653/3 654/654/2 651/651/3
f 652/652/3 655/655/3 648/648/3
f 656/656/3 655/655/3 652/652/3
f 653/653/3 656/656/3 654/654/2
f 653/653/3 655/655/3 656/656/3
f 657/657/3 655/655/3 653/653/3
f 657/657/3 658/658/3 655/655/3
f 659/659/3 660/660/3 657/657/3
f 660/660/3 658/658/3 657/657/3
f 659/659/3 661/661/3 660/660/3
f 662/662/3 661/661/3 659/659/3
f 662/662/3 663/663/3 661/661/3
f 662/662/3 664/664/3 663/663/3
f 665/665/3 664/664/3 662/662/3
f 665/665/3 666/666/3 664/664/3
f 667/667/3 666/666/3 665/665/3
f 667/667/3 668/668/3 666/666/3
f 669/669/3 671/670/3 670/671/3
f 667/667/3 672/672/3 668/668/3
f 673/673/3 671/670/3 669/669/3
f 674/674/3 671/670/3 673/673/3
f 675/675/3 672/672/3 667/667/3
f 675/675/3 676/676/3 672/672/3
f 677/677/3 671/670/3 674/674/3
f 678/678/3 671/670/3 677/677/3
f 675/675/3 679/679/2 676/676/3
f 680/680/3 671/670/3 678/678/3
f 675/675/3 681/681/3 679/679/2
f 682/682/3 671/670/3 680/680/3
f 683/683/3 681/681/3 675/675/3
f 684/684/3 671/670/3 682/682/3
f 683/683/3 685/685/3 681/681/3
f 686/686/3 671/670/3 684/684/3
f 683/683/3 687/687/4 685/685/3
f 688/688/3 671/670/3 686/686/3
f 689/689/3 671/670/3 688/688/3
f 683/683/3 690/690/3 687/687/4
f 690/690/3 671/670/3 689/689/3
f 683/683/3 671/670/3 690/690/3
f 691/691/3 671/670/3 683/683/3
f 691/691/3 692/692/3 671/670/3
f 693/693/3 692/692/3 691/691/3
f 693/693/3 694/694/3 692/692/3
f 693/693/3 695/695/3 694/694/3
f 696/696/3 695/695/3 693/693/3
f 696/696/3 697/697/3 695/695/3
f 696/696/3 698/698/3 697/697/3
f 699/699/3 698/698/3 696/696/3
f 699/699/3 700/700/3 698/698/3
f 699/699/3 701/701/3 700/700/3
f 702/702/3 701/701/3 699/699/3
f 702/702/3 703/703/15 701/701/3
f 702/702/3 704/704/8 703/703/15
f 702/702/3 705/705/4 704/704/8
f 706/706/3 705/705/4 702/702/3
f 706/706/3 707/707/3 705/705/4
f 708/708/3 710/709/3 709/710/3
f 710/709/3 711/711/3 709/710/3
f 710/709/3 712/712/3 711/711/3
f 710/709/3 713/713/3 712/712/3
f 710/709/3 714/714/3 713/713/3
f 710/709/3 715/715/3 714/714/3
f 710/709/3 716/716/3 715/715/3
f 710/709/3 717/717/3 716/716/3
f 710/709/3 718/718/3 717/717/3
f 710/709/3 719/719/3 718/718/3
f 719/719/3 720/720/27 718/718/3
f 720/720/27 721/721/3 718/718/3
f 708/708/3 722/722/3 710/709/3
f 723/723/3 721/721/3 720/720/27
f 724/724/7 721/721/3 723/723/3
f 725/725/3 721/721/3 724/724/7
f 726/726/3 721/721/3 725/725/3
f 726/726/3 727/727/3 721/721/3
f 728/728/3 727/727/3 726/726/3
f 729/729/3 727/727/3 728/728/3
f 729/729/3 730/730/3 727/727/3
f 731/731/3 730/730/3 729/729/3
f 732/732/3 730/730/3 731/731/3
f 732/732/3 733/733/3 730/730/3
f 734/734/3 733/733/3 732/732/3
f 735/735/3 733/733/3 734/734/3
f 735/735/3 736/736/3 733/733/3
f 737/737/3 736/736/3 735/735/3
f 738/738/3 736/736/3 737/737/3
f 738/738/3 739/739/3 736/736/3
f 740/740/3 739/739/3 738/738/3
f 740/740/3 741/741/3 739/739/3
f 742/742/3 741/741/3 740/740/3
f 743/743/3 741/741/3 742/742/3
f 743/743/3 744/744/3 741/741/3
f 745/745/3 744/744/3 743/743/3
f 746/746/4 744/744/3 745/745/3
f 746/746/4 747/747/3 744/744/3
f 748/748/3 747/747/3 746/746/4
f 748/748/3 749/749/3 747/747/3
f 750/750/3 749/749/3 748/748/3
f 708/708/3 751/751/3 722/722/3
f 752/752/3 749/749/3 750/750/3
f 708/708/3 753/753/3 751/751/3
f 708/708/3 754/754/3 753/753/3
f 708/708/3 755/755/3 754/754/3
f 755/755/3 756/756/3 754/754/3
f 757/757/3 749/749/3 752/752/3
f 755/755/3 758/758/3 756/756/3
f 755/755/3 759/759/3 758/758/3
f 757/757/3 760/760/3 749/749/3
f 761/761/3 760/760/3 757/757/3
f 755/755/3 762/762/3 759/759/3
f 755/755/3 763/763/3 762/762/3
f 755/755/3 764/764/3 763/763/3
f 765/765/3 760/760/3 761/761/3
f 755/755/3 766/766/3 764/764/3
f 755/755/3 767/767/4 766/766/3
f 755/755/3 765/765/3 767/767/4
f 755/755/3 760/760/3 765/765/3
f 755/755/3 768/768/3 760/760/3
f 755/755/3 769/769/3 768/768/3
f 755/755/3 770/770/3 769/769/3
f 708/708/3 771/771/3 755/755/3
f 772/772/3 770/770/3 755/755/3
f 772/772/3 773/773/4 770/770/3
f 774/774/3 773/773/4 772/772/3
f 775/775/3 773/773/4 774/774/3
f 776/776/8 773/773/4 775/775/3
f 777/777/21 773/773/4 776/776/8
f 777/777/21 778/778/2 773/773/4
f 779/779/3 778/778/2 777/777/21
f 780/780/3 778/778/2 779/779/3
f 781/781/3 778/778/2 780/780/3
f 782/782/3 778/778/2 781/781/3
f 782/782/3 783/783/15 778/778/2
f 784/784/3 783/783/15 782/782/3
f 785/785/3 783/783/15 784/784/3
f 786/786/3 788/787/3 787/788/3
f 786/786/3 789/789/3 788/787/3
f 790/790/3 792/791/3 791/792/3
f 790/790/3 793/793/3 792/791/3
f 794/794/3 789/789/3 786/786/3
f 794/794/3 795/795/3 789/789/3
f 794/794/3 796/796/3 795/795/3
f 797/797/2 796/796/3 794/794/3
f 797/797/2 798/798/3 796/796/3
f 799/799/3 793/793/3 790/790/3
f 797/797/2 800/800/3 798/798/3
f 801/801/3 793/793/3 799/799/3
f 802/802/3 800/800/3 797/797/2
f 802/802/3 803/803/3 800/800/3
f 804/804/3 793/793/3 801/801/3
f 805/805/3 793/793/3 804/804/3
f 802/802/3 806/806/3 803/803/3
f 807/807/3 806/806/3 802/802/3
f 808/808/3 793/793/3 805/805/3
f 807/807/3 809/809/4 806/806/3
f 810/810/3 811/811/1 808/808/3
f 811/811/1 793/793/3 808/808/3
f 807/807/3 812/812/3 809/809/4
f 813/813/3 811/811/1 810/810/3
f 807/807/3 814/814/3 812/812/3
f 815/815/3 811/811/1 813/813/3
f 816/816/3 814/814/3 807/807/3
f 817/817/3 811/811/1 815/815/3
f 816/816/3 818/818/3 814/814/3
f 819/819/3 811/811/1 817/817/3
f 816/816/3 820/820/3 818/818/3
f 821/821/28 811/811/1 819/819/3
f 816/816/3 822/822/4 820/820/3
f 822/822/4 811/811/1 821/821/28
f 816/816/3 811/811/1 822/822/4
f 816/816/3 823/823/3 811/811/1
f 824/824/3 793/793/3 811/811/1
f 825/825/3 823/823/3 816/816/3
f 825/825/3 826/826/3 823/823/3
f 825/825/3 827/827/2 826/826/3
f 828/828/4 827/827/2 825/825/3
f 828/828/4 829/829/2 827/827/2
f 830/830/3 829/829/2 828/828/4
f 830/830/3 831/831/3 829/829/2
f 830/830/3 832/832/3 831/831/3
f 833/833/4 832/832/3 830/830/3
f 833/833/4 834/834/2 832/832/3
f 833/833/4 835/835/1 834/834/2
f 836/836/7 835/835/1 833/833/4
f 836/836/7 837/837/4 835/835/1
f 838/838/3 837/837/4 836/836/7
f 838/838/3 839/839/4 837/837/4
f 838/838/3 840/840/12 839/839/4
f 841/841/3 840/840/12 838/838/3
f 842/842/3 844/843/3 843/844/3
f 842/842/3 845/845/6 844/843/3
f 842/842/3 846/846/3 845/845/6
f 847/847/3 846/846/3 842/842/3
f 847/847/3 848/848/4 846/846/3
f 847/847/3 849/849/4 848/848/4
f 850/850/4 849/849/4 847/847/3
f 850/850/4 851/851/2 849/849/4
f 850/850/4 852/852/2 851/851/2
f 853/853/3 852/852/2 850/850/4
f 853/853/3 854/854/3 852/852/2
f 853/853/3 855/855/3 854/854/3
f 856/856/2 855/855/3 853/853/3
f 856/856/2 857/857/3 855/855/3
f 856/856/2 858/858/3 857/857/3
f 859/859/3 858/858/3 856/856/2
f 859/859/3 860/860/3 858/858/3
f 859/859/3 861/861/3 860/860/3
f 861/861/3 862/862/3 860/860/3
f 862/862/3 863/863/3 860/860/3
f 863/863/3 864/864/3 860/860/3
f 864/864/3 865/865/3 860/860/3
f 865/865/3 866/866/3 860/860/3
f 866/866/3 867/867/3 860/860/3
f 867/867/3 868/868/3 860/860/3
f 868/868/3 869/869/3 860/860/3
f 870/870/3 871/871/3 859/859/3
f 871/871/3 872/872/3 859/859/3
f 872/872/3 861/861/3 859/859/3
f 873/873/3 874/874/3 870/870/3
f 874/874/3 875/875/3 870/870/3
f 875/875/3 871/871/3 870/870/3
f 876/876/3 877/877/3 873/873/3
f 877/877/3 874/874/3 873/873/3
f 876/876/3 878/878/29 877/877/3
f 876/876/3 879/879/8 878/878/29
f 876/876/3 880/880/1 879/879/8
f 876/876/3 881/881/3 880/880/1
f 876/876/3 882/882/3 881/881/3
f 883/883/3 882/882/3 876/876/3
f 883/883/3 884/884/3 882/882/3
f 883/883/3 885/885/3 884/884/3
f 883/883/3 886/886/3 885/885/3
f 887/887/3 886/886/3 883/883/3
f 887/887/3 888/888/3 886/886/3
f 887/887/3 889/889/3 888/888/3
f 890/890/3 889/889/3 887/887/3
f 890/890/3 891/891/3 889/889/3
f 890/890/3 892/892/3 891/891/3
f 893/893/3 892/892/3 890/890/3
f 893/893/3 894/894/3 892/892/3
f 893/893/3 895/895/3 894/894/3
f 896/896/3 895/895/3 893/893/3
f 896/896/3 897/897/3 895/895/3
f 898/898/3 897/897/3 896/896/3
f 898/898/3 899/899/3 897/897/3
f 898/898/3 900/900/3 899/899/3
f 901/901/3 900/900/3 898/898/3
f 901/901/3 902/902/3 900/900/3
f 903/903/3 902/902/3 901/901/3
f 903/903/3 904/904/3 902/902/3
f 905/905/3 904/904/3 903/903/3
f 905/905/3 906/906/3 904/904/3
f 907/907/3 906/906/3 905/905/3
f 907/907/3 908/908/3 906/906/3
f 909/909/3 908/908/3 907/907/3
f 910/910/3 908/908/3 909/909/3
f 910/910/3 911/911/3 908/908/3
f 912/912/3 911/911/3 910/910/3
f 913/913/3 911/911/3 912/912/3
f 913/913/3 914/914/3 911/911/3
f 915/915/3 914/914/3 913/913/3
f 916/916/3 918/917/3 917/918/3
f 915/915/3 919/919/3 914/914/3
f 920/920/3 919/919/3 915/915/3
f 916/916/3 921/921/3 918/917/3
f 922/922/3 919/919/3 920/920/3
f 922/922/3 923/923/3 919/919/3
f 916/916/3 924/924/3 921/921/3
f 925/925/2 923/923/3 922/922/3
f 916/916/3 926/926/3 924/924/3
f 927/927/3 923/923/3 925/925/2
f 928/928/3 923/923/3 927/927/3
f 928/928/3 929/929/3 923/923/3
f 916/916/3 930/930/3 926/926/3
f 931/931/4 929/929/3 928/928/3
f 916/916/3 932/932/3 930/930/3
f 933/933/4 929/929/3 931/931/4
f 916/916/3 934/934/3 932/932/3
f 933/933/4 935/935/3 929/929/3
f 936/936/2 935/935/3 933/933/4
f 916/916/3 937/937/3 934/934/3
f 938/938/3 935/935/3 936/936/2
f 916/916/3 939/939/3 937/937/3
f 940/940/3 935/935/3 938/938/3
f 916/916/3 941/941/4 939/939/3
f 942/942/3 935/935/3 940/940/3
f 916/916/3 943/943/3 941/941/4
f 942/942/3 944/944/3 935/935/3
f 945/945/3 944/944/3 942/942/3
f 916/916/3 945/945/3 943/943/3
f 916/916/3 944/944/3 945/945/3
f 916/916/3 946/946/3 944/944/3
f 947/947/3 946/946/3 916/916/3
f 948/948/3 946/946/3 947/947/3
f 948/948/3 949/949/3 946/946/3
f 950/950/3 949/949/3 948/948/3
f 950/950/3 951/951/3 949/949/3
f 952/952/2 951/951/3 950/950/3
f 953/953/1 951/951/3 952/952/2
f 953/953/1 954/954/2 951/951/3
f 955/955/3 954/954/2 953/953/1
f 956/956/3 954/954/2 955/955/3
f 956/956/3 957/957/3 954/954/2
f 958/958/3 957/957/3 956/956/3
f 959/959/3 957/957/3 958/958/3
f 959/959/3 960/960/3 957/957/3
f 961/961/3 960/960/3 959/959/3
f 962/962/3 960/960/3 961/961/3
f 962/962/3 963/963/3 960/960/3
f 964/964/30 966/965/31 965/966/31
f 964/964/30 965/966/31 967/967/30
f 968/968/31 964/964/30 967/967/30
f 968/968/31 967/967/30 969/969/31
f 970/970/32 968/968/31 969/969/31
f 970/970/32 969/969/31 971/971/31
f 972/972/31 970/970/32 971/971/31
f 972/972/31 971/971/31 973/973/31
f 974/974/31 972/972/31 973/973/31
f 974/974/31 973/973/31 975/975/31
f 976/976/31 974/974/31 975/975/31
f 976/976/31 975/975/31 977/977/31
f 978/978/31 976/976/31 979/979/31
f 979/979/31 976/976/31 977/977/31
f 978/978/31 979/979/31 980/980/33
f 981/981/34 979/979/31 977/977/31
f 978/978/31 980/980/33 982/982/31
f 983/983/31 981/981/34 977/977/31
f 978/978/31 982/982/31 984/984/31
f 985/985/31 983/983/31 977/977/31
f 985/985/31 977/977/31 986/986/31
f 978/978/31 984/984/31 987/987/32
f 988/988/31 978/978/31 987/987/32
f 989/989/31 985/985/31 986/986/31
f 988/988/31 987/987/32 990/990/31
f 991/991/31 989/989/31 986/986/31
f 988/988/31 990/990/31 992/992/31
f 993/993/31 991/991/31 986/986/31
f 988/988/31 992/992/31 994/994/31
f 995/995/31 993/993/31 986/986/31
f 996/996/31 988/988/31 994/994/31
f 995/995/31 986/986/31 997/997/31
f 996/996/31 994/994/31 998/998/31
f 999/999/31 995/995/31 997/997/31
f 996/996/31 998/998/31 1000/1000/31
f 1001/1001/31 999/999/31 997/997/31
f 1002/1002/31 996/996/31 1000/1000/31
f 1001/1001/31 997/997/31 1003/1003/31
f 1002/1002/31 1000/1000/31 1004/1004/31
f 1005/1005/31 1001/1001/31 1003/1003/31
f 1002/1002/31 1004/1004/31 1006/1006/31
f 1007/1007/31 1005/1005/31 1003/1003/31
f 1008/1008/31 1002/1002/31 1006/1006/31
f 1008/1008/31 1006/1006/31 1009/1009/31
f 1007/1007/31 1003/1003/31 1010/1010/31
f 1011/1011/31 1007/1007/31 1010/1010/31
f 1008/1008/31 1009/1009/31 1011/1011/31
f 1008/1008/31 1011/1011/31 1010/1010/31
f 1012/1012/31 1008/1008/31 1010/1010/31
f 1012/1012/31 1010/1010/31 1013/1013/31
f 1014/1014/31 1012/1012/31 1015/1015/30
f 1015/1015/30 1012/1012/31 1013/1013/31
f 1014/1014/31 1015/1015/30 1016/1016/31
f 1017/1017/31 1014/1014/31 1016/1016/31
f 1017/1017/31 1016/1016/31 1018/1018/31
f 1017/1017/31 1018/1018/31 1019/1019/31
f 1020/1020/31 1017/1017/31 1019/1019/31
f 1020/1020/31 1019/1019/31 1021/1021/31
f 1022/1022/31 1020/1020/31 1021/1021/31
f 1022/1022/31 1021/1021/31 1023/1023/31
f 1024/1024/31 1026/1025/31 1025/1026/31
f 1022/1022/31 1023/1023/31 1027/1027/31
f 1028/1028/31 1024/1024/31 1025/1026/31
f 1029/1029/31 1028/1028/31 1025/1026/31
f 1030/1030/31 1022/1022/31 1027/1027/31
f 1030/1030/31 1027/1027/31 1031/1031/31
f 1032/1032/31 1029/1029/31 1025/1026/31
f 1033/1033/31 1032/1032/31 1025/1026/31
f 1030/1030/31 1031/1031/31 1034/1034/30
f 1035/1035/32 1033/1033/31 1025/1026/31
f 1030/1030/31 1034/1034/30 1036/1036/30
f 1037/1037/30 1035/1035/32 1025/1026/31
f 1038/1038/31 1030/1030/31 1036/1036/30
f 1039/1039/32 1037/1037/30 1025/1026/31
f 1038/1038/31 1036/1036/30 1040/1040/32
f 1041/1041/31 1039/1039/32 1025/1026/31
f 1038/1038/31 1040/1040/32 1042/1042/35
f 1043/1043/35 1041/1041/31 1025/1026/31
f 1044/1044/31 1043/1043/35 1025/1026/31
f 1038/1038/31 1042/1042/35 1045/1045/31
f 1045/1045/31 1044/1044/31 1025/1026/31
f 1038/1038/31 1045/1045/31 1025/1026/31
f 1046/1046/31 1038/1038/31 1025/1026/31
f 1046/1046/31 1025/1026/31 1047/1047/31
f 1048/1048/31 1046/1046/31 1047/1047/31
f 1048/1048/31 1047/1047/31 1049/1049/31
f 1048/1048/31 1049/1049/31 1050/1050/31
f 1051/1051/31 1048/1048/31 1050/1050/31
f 1051/1051/31 1050/1050/31 1052/1052/31
f 1051/1051/31 1052/1052/31 1053/1053/31
f 1054/1054/31 1051/1051/31 1053/1053/31
f 1054/1054/31 1053/1053/31 1055/1055/32
f 1054/1054/31 1055/1055/32 1056/1056/32
f 1057/1057/31 1054/1054/31 1056/1056/32
f 1057/1057/31 1056/1056/32 1058/1058/35
f 1057/1057/31 1058/1058/35 1059/1059/35
f 1057/1057/31 1059/1059/35 1060/1060/36
f 1061/1061/31 1057/1057/31 1060/1060/36
f 1061/1061/31 1060/1060/36 1062/1062/31
f 1063/1063/31 1065/1064/31 1064/1065/31
f 1063/1063/31 1064/1065/31 1066/1066/31
f 1063/1063/31 1066/1066/31 1067/1067/31
f 1068/1068/31 1063/1063/31 1067/1067/31
f 1069/1069/37 1068/1068/11 1067/1067/10
f 1070/1070/31 1069/1069/31 1071/1071/31
f 1071/1071/37 1069/1069/11 1067/1067/10
f 1070/1070/31 1071/1071/31 1072/1072/31
f 1070/1070/31 1072/1072/31 1073/1073/31
f 1074/1074/31 1070/1070/31 1073/1073/31
f 1074/1074/31 1073/1073/31 1075/1075/31
f 1074/1074/31 1075/1075/31 1076/1076/31
f 1077/1077/31 1074/1074/31 1076/1076/31
f 1077/1077/31 1076/1076/31 1078/1078/31
f 1079/1079/31 1081/1080/31 1080/1081/32
f 1082/1082/31 1079/1079/31 1080/1081/32
f 1077/1077/31 1078/1078/31 1083/1083/31
f 1084/1084/31 1082/1082/31 1080/1081/32
f 1085/1085/31 1077/1077/31 1083/1083/31
f 1085/1085/31 1083/1083/31 1086/1086/31
f 1087/1087/31 1084/1084/31 1080/1081/32
f 1088/1088/31 1087/1087/31 1080/1081/32
f 1085/1085/31 1086/1086/31 1089/1089/30
f 1090/1090/30 1088/1088/31 1080/1081/32
f 1085/1085/31 1089/1089/30 1091/1091/30
f 1092/1092/31 1090/1090/30 1080/1081/32
f 1085/1085/31 1091/1091/30 1093/1093/31
f 1094/1094/31 1092/1092/31 1080/1081/32
f 1095/1095/31 1085/1085/31 1093/1093/31
f 1096/1096/31 1094/1094/31 1080/1081/32
f 1095/1095/31 1093/1093/31 1097/1097/38
f 1098/1098/31 1096/1096/31 1080/1081/32
f 1095/1095/31 1097/1097/38 1099/1099/36
f 1100/1100/31 1098/1098/31 1080/1081/32
f 1095/1095/31 1099/1099/36 1101/1101/31
f 1101/1101/31 1100/1100/31 1080/1081/32
f 1095/1095/31 1101/1101/31 1080/1081/32
f 1102/1102/31 1095/1095/31 1080/1081/32
f 1103/1103/31 1102/1102/31 1080/1081/32
f 1104/1104/31 1103/1103/31 1080/1081/32
f 1104/1104/31 1080/1081/32 1105/1105/36
f 1106/1106/31 1104/1104/31 1105/1105/36
f 1106/1106/31 1105/1105/36 1107/1107/31
f 1106/1106/31 1107/1107/31 1108/1108/30
f 1109/1109/31 1106/1106/31 1108/1108/30
f 1109/1109/31 1108/1108/30 1110/1110/31
f 1109/1109/31 1110/1110/31 1111/1111/30
f 1109/1109/31 1111/1111/30 1112/1112/32
f 1113/1113/31 1109/1109/31 1112/1112/32
f 1113/1113/31 1112/1112/32 1114/1114/32
f 1113/1113/31 1114/1114/32 1115/1115/32
f 1116/1116/31 1113/1113/31 1115/1115/32
f 1116/1116/31 1115/1115/32 1117/1117/39
f 1116/1116/31 1117/1117/39 1118/1118/40
f 1119/1119/31 1116/1116/31 1118/1118/40
f 1119/1119/31 1118/1118/40 1120/1120/31
f 1121/1121/31 1123/1122/31 1122/1123/30
f 1121/1121/31 1122/1123/30 1124/1124/30
f 1125/1125/32 1121/1121/31 1124/1124/30
f 1125/1125/32 1124/1124/30 1126/1126/31
f 1127/1127/31 1125/1125/32 1126/1126/31
f 1127/1127/31 1126/1126/31 1128/1128/31
f 1129/1129/31 1127/1127/31 1128/1128/31
f 1129/1129/31 1128/1128/31 1130/1130/31
f 1131/1131/31 1129/1129/31 1130/1130/31
f 1131/1131/31 1130/1130/31 1132/1132/31
f 1133/1133/31 1131/1131/31 1132/1132/31
f 1133/1133/31 1132/1132/31 1134/1134/31
f 1135/1135/31 1133/1133/31 1136/1136/31
f 1136/1136/31 1133/1133/31 1134/1134/31
f 1135/1135/31 1136/1136/31 1137/1137/41
f 1138/1138/42 1136/1136/31 1134/1134/31
f 1135/1135/31 1137/1137/41 1139/1139/32
f 1140/1140/31 1138/1138/42 1134/1134/31
f 1135/1135/31 1139/1139/32 1141/1141/30
f 1142/1142/31 1140/1140/31 1134/1134/31
f 1142/1142/31 1134/1134/31 1143/1143/31
f 1144/1144/31 1135/1135/31 1141/1141/30
f 1144/1144/31 1141/1141/30 1145/1145/31
f 1146/1146/30 1142/1142/31 1143/1143/31
f 1144/1144/31 1145/1145/31 1147/1147/31
f 1148/1148/31 1146/1146/30 1143/1143/31
f 1144/1144/31 1147/1147/31 1149/1149/31
f 1150/1150/31 1148/1148/31 1143/1143/31
f 1150/1150/31 1143/1143/31 1151/1151/31
f 1152/1152/31 1144/1144/31 1149/1149/31
f 1152/1152/31 1149/1149/31 1153/1153/31
f 1154/1154/31 1150/1150/31 1151/1151/31
f 1152/1152/31 1153/1153/31 1155/1155/31
f 1156/1156/31 1154/1154/31 1151/1151/31
f 1156/1156/31 1151/1151/31 1157/1157/31
f 1158/1158/31 1152/1152/31 1155/1155/31
f 1158/1158/31 1155/1155/31 1159/1159/31
f 1160/1160/31 1156/1156/31 1157/1157/31
f 1160/1160/31 1157/1157/31 1161/1161/31
f 1162/1162/31 1158/1158/31 1159/1159/31
f 1162/1162/31 1159/1159/31 1163/1163/31
f 1164/1164/31 1160/1160/31 1161/1161/31
f 1162/1162/31 1163/1163/31 1165/1165/31
f 1166/1166/31 1164/1164/31 1161/1161/31
f 1166/1166/31 1161/1161/31 1167/1167/31
f 1168/1168/31 1162/1162/31 1165/1165/31
f 1168/1168/31 1165/1165/31 1169/1169/31
f 1170/1170/31 1166/1166/31 1167/1167/31
f 1171/1171/31 1168/1168/31 1169/1169/31
f 1171/1171/31 1169/1169/31 1172/1172/31
f 1170/1170/31 1167/1167/31 1173/1173/31
f 1174/1174/31 1170/1170/31 1173/1173/31
f 1171/1171/31 1172/1172/31 1175/1175/31
f 1176/1176/31 1174/1174/31 1173/1173/31
f 1177/1177/31 1171/1171/31 1175/1175/31
f 1176/1176/31 1173/1173/31 1178/1178/31
f 1177/1177/31 1175/1175/31 1179/1179/31
f 1180/1180/31 1176/1176/31 1178/1178/31
f 1177/1177/31 1179/1179/31 1181/1181/31
f 1182/1182/31 1177/1177/31 1181/1181/31
f 1183/1183/31 1180/1180/31 1178/1178/31
f 1183/1183/31 1178/1178/31 1184/1184/31
f 1182/1182/31 1181/1181/31 1185/1185/31
f 1186/1186/31 1183/1183/31 1184/1184/31
f 1187/1187/31 1182/1182/31 1185/1185/31
f 1186/1186/31 1184/1184/31 1188/1188/31
f 1187/1187/31 1185/1185/31 1189/1189/31
f 1190/1190/31 1186/1186/31 1188/1188/31
f 1187/1187/31 1189/1189/31 1191/1191/31
f 1192/1192/31 1190/1190/31 1188/1188/31
f 1193/1193/31 1187/1187/31 1191/1191/31
f 1192/1192/31 1188/1188/31 1194/1194/31
f 1193/1193/31 1191/1191/31 1195/1195/31
f 1196/1196/30 1192/1192/31 1194/1194/31
f 1193/1193/31 1195/1195/31 1197/1197/32
f 1198/1198/31 1196/1196/30 1194/1194/31
f 1193/1193/31 1197/1197/32 1199/1199/31
f 1200/1200/30 1198/1198/31 1194/1194/31
f 1201/1201/31 1193/1193/31 1199/1199/31
f 1200/1200/30 1194/1194/31 1202/1202/31
f 1201/1201/31 1199/1199/31 1203/1203/30
f 1204/1204/31 1200/1200/30 1202/1202/31
f 1201/1201/31 1203/1203/30 1205/1205/31
f 1205/1205/31 1204/1204/31 1202/1202/31
f 1201/1201/31 1205/1205/31 1202/1202/31
f 1206/1206/31 1201/1201/31 1202/1202/31
f 1206/1206/31 1202/1202/31 1207/1207/31
f 1208/1208/31 1206/1206/31 1207/1207/31
f 1208/1208/31 1207/1207/31 1209/1209/31
f 1210/1210/31 1208/1208/31 1209/1209/31
f 1210/1210/31 1209/1209/31 1211/1211/31
f 1212/1212/31 1210/1210/31 1211/1211/31
f 1212/1212/31 1211/1211/31 1213/1213/31
f 1214/1214/31 1212/1212/31 1213/1213/31
f 1214/1214/31 1213/1213/31 1215/1215/32
f 1216/1216/43 1214/1214/31 1215/1215/32
f 1217/1217/31 1219/1218/31 1218/1219/44
f 1220/1220/38 1222/1221/31 1221/1222/32
f 1223/1223/43 1217/1217/31 1218/1219/44
f 1223/1223/43 1218/1219/44 1224/1224/38
f 1225/1225/35 1220/1220/38 1221/1222/32
f 1225/1225/35 1221/1222/32 1226/1226/32
f 1227/1227/45 1223/1223/43 1224/1224/38
f 1227/1227/45 1224/1224/38 1228/1228/35
f 1229/1229/31 1225/1225/35 1226/1226/32
f 1230/1230/31 1227/1227/45 1228/1228/35
f 1230/1230/31 1228/1228/35 1231/1231/31
f 1229/1229/31 1226/1226/32 1232/1232/31
f 1233/1233/31 1229/1229/31 1232/1232/31
f 1234/1234/36 1230/1230/31 1231/1231/31
f 1235/1235/31 1237/1236/31 1236/1237/31
f 1235/1235/31 1236/1237/31 1238/1238/31
f 1234/1234/36 1231/1231/31 1239/1239/30
f 1240/1240/31 1233/1233/31 1232/1232/31
f 1241/1241/31 1234/1234/36 1239/1239/30
f 1240/1240/31 1232/1232/31 1242/1242/31
f 1241/1241/31 1239/1239/30 1243/1243/30
f 1244/1244/31 1241/1241/31 1243/1243/30
f 1245/1245/31 1240/1240/31 1242/1242/31
f 1244/1244/31 1243/1243/30 1246/1246/31
f 1245/1245/31 1242/1242/31 1247/1247/31
f 1248/1248/31 1244/1244/31 1246/1246/31
f 1249/1249/31 1245/1245/31 1247/1247/31
f 1248/1248/31 1246/1246/31 1250/1250/31
f 1251/1251/31 1248/1248/31 1250/1250/31
f 1252/1252/31 1249/1249/31 1247/1247/31
f 1252/1252/31 1247/1247/31 1253/1253/31
f 1251/1251/31 1250/1250/31 1254/1254/31
f 1255/1255/31 1251/1251/31 1254/1254/31
f 1256/1256/31 1252/1252/31 1253/1253/31
f 1255/1255/31 1254/1254/31 1257/1257/31
f 1258/1258/31 1255/1255/31 1257/1257/31
f 1256/1256/31 1253/1253/31 1259/1259/31
f 1260/1260/31 1256/1256/31 1259/1259/31
f 1258/1258/31 1257/1257/31 1261/1261/31
f 1238/1238/31 1258/1258/31 1261/1261/31
f 1262/1262/31 1260/1260/31 1259/1259/31
f 1262/1262/31 1259/1259/31 1263/1263/32
f 1263/1263/32 1259/1259/31 1264/1264/31
f 1235/1235/31 1238/1238/31 1265/1265/31
f 1265/1265/31 1238/1238/31 1266/1266/31
f 1266/1266/31 1238/1238/31 1267/1267/31
f 1267/1267/31 1238/1238/31 1268/1268/31
f 1268/1268/31 1238/1238/31 1269/1269/31
f 1269/1269/31 1238/1238/31 1270/1270/30
f 1270/1270/30 1238/1238/31 1271/1271/31
f 1271/1271/31 1238/1238/31 1272/1272/36
f 1272/1272/36 1238/1238/31 1273/1273/31
f 1273/1273/31 1238/1238/31 1274/1274/31
f 1274/1274/31 1238/1238/31 1275/1275/31
f 1275/1275/31 1238/1238/31 1276/1276/31
f 1276/1276/31 1238/1238/31 1261/1261/31
f 1276/1276/31 1261/1261/31 1277/1277/31
f 1277/1277/31 1261/1261/31 1278/1278/31
f 1278/1278/31 1262/1262/31 1279/1279/46
f 1279/1279/46 1262/1262/31 1263/1263/32
f 1280/1280/31 1277/1277/31 1278/1278/31
f 1281/1281/31 1263/1263/32 1264/1264/31
f 1278/1278/31 1279/1279/46 1282/1282/35
f 1283/1283/31 1280/1280/31 1278/1278/31
f 1284/1284/31 1281/1281/31 1264/1264/31
f 1278/1278/31 1282/1282/35 1285/1285/32
f 1286/1286/31 1283/1283/31 1278/1278/31
f 1287/1287/31 1284/1284/31 1264/1264/31
f 1278/1278/31 1285/1285/32 1288/1288/35
f 1289/1289/31 1286/1286/31 1278/1278/31
f 1289/1289/31 1278/1278/31 1288/1288/35
f 1290/1290/35 1287/1287/31 1264/1264/31
f 1289/1289/31 1288/1288/35 1291/1291/32
f 1290/1290/35 1264/1264/31 1292/1292/31
f 1293/1293/31 1289/1289/31 1291/1291/32
f 1293/1293/31 1291/1291/32 1294/1294/31
f 1295/1295/31 1290/1290/35 1292/1292/31
f 1293/1293/31 1294/1294/31 1296/1296/30
f 1297/1297/32 1293/1293/31 1296/1296/30
f 1298/1298/30 1295/1295/31 1292/1292/31
f 1297/1297/32 1296/1296/30 1299/1299/31
f 1300/1300/31 1297/1297/32 1299/1299/31
f 1301/1301/31 1298/1298/30 1292/1292/31
f 1300/1300/31 1299/1299/31 1302/1302/32
f 1301/1301/31 1292/1292/31 1303/1303/31
f 1304/1304/31 1300/1300/31 1302/1302/32
f 1304/1304/31 1302/1302/32 1305/1305/31
f 1306/1306/31 1301/1301/31 1303/1303/31
f 1304/1304/31 1305/1305/31 1307/1307/30
f 1308/1308/31 1304/1304/31 1307/1307/30
f 1309/1309/30 1306/1306/31 1303/1303/31
f 1308/1308/31 1307/1307/30 1310/1310/32
f 1309/1309/30 1303/1303/31 1311/1311/31
f 1312/1312/31 1308/1308/31 1310/1310/32
f 1235/1235/31 1265/1265/31 1313/1313/31
f 1312/1312/31 1310/1310/32 1314/1314/31
f 1315/1315/31 1309/1309/30 1311/1311/31
f 1316/1316/31 1312/1312/31 1314/1314/31
f 1317/1317/31 1315/1315/31 1311/1311/31
f 1317/1317/31 1311/1311/31 1318/1318/31
f 1319/1319/31 1316/1316/31 1314/1314/31
f 1320/1320/31 1317/1317/31 1318/1318/31
f 1320/1320/31 1318/1318/31 1321/1321/31
f 1322/1322/31 1319/1319/31 1314/1314/31
f 1323/1323/31 1320/1320/31 1321/1321/31
f 1324/1324/31 1326/1325/38 1325/1326/36
f 1324/1324/31 1325/1326/36 1327/1327/31
f 1328/1328/31 1324/1324/31 1327/1327/31
f 1328/1328/31 1327/1327/31 1329/1329/31
f 1330/1330/31 1328/1328/31 1329/1329/31
f 1330/1330/31 1329/1329/31 1331/1331/31
f 1332/1332/31 1330/1330/31 1331/1331/31
f 1332/1332/31 1331/1331/31 1333/1333/31
f 1334/1334/31 1332/1332/31 1333/1333/31
f 1334/1334/31 1333/1333/31 1335/1335/31
f 1336/1336/31 1334/1334/31 1335/1335/31
f 1336/1336/31 1335/1335/31 1337/1337/31
f 1338/1338/31 1336/1336/31 1339/1339/35
f 1339/1339/35 1336/1336/31 1337/1337/31
f 1338/1338/31 1339/1339/35 1340/1340/47
f 1341/1341/31 1339/1339/35 1337/1337/31
f 1338/1338/31 1340/1340/47 1342/1342/31
f 1343/1343/31 1341/1341/31 1337/1337/31
f 1338/1338/31 1342/1342/31 1344/1344/30
f 1345/1345/31 1343/1343/31 1337/1337/31
f 1345/1345/31 1337/1337/31 1346/1346/31
f 1338/1338/31 1344/1344/30 1347/1347/31
f 1348/1348/31 1338/1338/31 1347/1347/31
f 1349/1349/31 1345/1345/31 1346/1346/31
f 1348/1348/31 1347/1347/31 1350/1350/31
f 1351/1351/31 1349/1349/31 1346/1346/31
f 1348/1348/31 1350/1350/31 1352/1352/30
f 1353/1353/31 1351/1351/31 1346/1346/31
f 1348/1348/31 1352/1352/30 1354/1354/31
f 1355/1355/31 1353/1353/31 1346/1346/31
f 1356/1356/31 1348/1348/31 1354/1354/31
f 1355/1355/31 1346/1346/31 1357/1357/31
f 1356/1356/31 1354/1354/31 1358/1358/31
f 1359/1359/31 1355/1355/31 1357/1357/31
f 1356/1356/31 1358/1358/31 1360/1360/31
f 1361/1361/31 1359/1359/31 1357/1357/31
f 1362/1362/31 1356/1356/31 1360/1360/31
f 1361/1361/31 1357/1357/31 1363/1363/31
f 1362/1362/31 1360/1360/31 1364/1364/31
f 1365/1365/31 1361/1361/31 1363/1363/31
f 1362/1362/31 1364/1364/31 1366/1366/31
f 1367/1367/31 1365/1365/31 1363/1363/31
f 1368/1368/31 1362/1362/31 1366/1366/31
f 1368/1368/31 1366/1366/31 1369/1369/32
f 1367/1367/31 1363/1363/31 1370/1370/31
f 1371/1371/31 1367/1367/31 1370/1370/31
f 1368/1368/31 1369/1369/32 1371/1371/31
f 1368/1368/31 1371/1371/31 1370/1370/31
f 1372/1372/31 1368/1368/31 1370/1370/31
f 1372/1372/31 1370/1370/31 1373/1373/31
f 1374/1374/31 1372/1372/31 1375/1375/31
f 1375/1375/31 1372/1372/31 1373/1373/31
f 1374/1374/31 1375/1375/31 1376/1376/31
f 1377/1377/31 1374/1374/31 1376/1376/31
f 1377/1377/31 1376/1376/31 1378/1378/31
f 1377/1377/31 1378/1378/31 1379/1379/31
f 1380/1380/31 1377/1377/31 1379/1379/31
f 1380/1380/31 1379/1379/31 1381/1381/31
f 1382/1382/31 1380/1380/31 1381/1381/31
f 1382/1382/31 1381/1381/31 1383/1383/31
f 1384/1384/31 1386/1385/31 1385/1386/31
f 1382/1382/31 1383/1383/31 1387/1387/31
f 1388/1388/31 1384/1384/31 1385/1386/31
f 1389/1389/31 1388/1388/31 1385/1386/31
f 1390/1390/31 1382/1382/31 1387/1387/31
f 1390/1390/31 1387/1387/31 1391/1391/32
f 1392/1392/31 1389/1389/31 1385/1386/31
f 1393/1393/31 1392/1392/31 1385/1386/31
f 1390/1390/31 1391/1391/32 1394/1394/31
f 1395/1395/31 1393/1393/31 1385/1386/31
f 1390/1390/31 1394/1394/31 1396/1396/30
f 1397/1397/31 1395/1395/31 1385/1386/31
f 1398/1398/31 1390/1390/31 1396/1396/30
f 1399/1399/31 1397/1397/31 1385/1386/31
f 1398/1398/31 1396/1396/30 1400/1400/31
f 1401/1401/36 1399/1399/31 1385/1386/31
f 1398/1398/31 1400/1400/31 1402/1402/36
f 1403/1403/31 1401/1401/36 1385/1386/31
f 1404/1404/31 1403/1403/31 1385/1386/31
f 1398/1398/31 1402/1402/36 1405/1405/31
f 1405/1405/31 1404/1404/31 1385/1386/31
f 1398/1398/31 1405/1405/31 1385/1386/31
f 1406/1406/31 1398/1398/31 1385/1386/31
f 1406/1406/31 1385/1386/31 1407/1407/31
f 1408/1408/31 1406/1406/31 1407/1407/31
f 1408/1408/31 1407/1407/31 1409/1409/31
f 1408/1408/31 1409/1409/31 1410/1410/31
f 1411/1411/32 1408/1408/31 1410/1410/31
f 1411/1411/32 1410/1410/31 1412/1412/30
f 1411/1411/32 1412/1412/30 1413/1413/31
f 1414/1414/31 1411/1411/32 1413/1413/31
f 1414/1414/31 1413/1413/31 1415/1415/30
f 1414/1414/31 1415/1415/30 1416/1416/30
f 1417/1417/31 1414/1414/31 1416/1416/30
f 1417/1417/31 1416/1416/30 1418/1418/38
f 1417/1417/31 1418/1418/38 1419/1419/36
f 1417/1417/31 1419/1419/36 1420/1420/32
f 1421/1421/31 1417/1417/31 1420/1420/32
f 1421/1421/31 1420/1420/32 1422/1422/31
f 1423/1423/31 1425/1424/31 1424/1425/31
f 1424/1425/31 1425/1424/31 1426/1426/31
f 1424/1425/31 1426/1426/31 1427/1427/31
f 1424/1425/31 1427/1427/31 1428/1428/31
f 1424/1425/31 1428/1428/31 1429/1429/31
f 1424/1425/31 1429/1429/31 1430/1430/31
f 1424/1425/31 1430/1430/31 1431/1431/31
f 1424/1425/31 1431/1431/31 1432/1432/31
f 1424/1425/31 1432/1432/31 1433/1433/31
f 1424/1425/31 1433/1433/31 1434/1434/31
f 1434/1434/31 1433/1433/31 1435/1435/31
f 1423/1423/31 1424/1425/31 1436/1436/31
f 1437/1437/31 1434/1434/31 1435/1435/31
f 1438/1438/31 1437/1437/31 1435/1435/31
f 1439/1439/36 1438/1438/31 1435/1435/31
f 1439/1439/36 1435/1435/31 1440/1440/31
f 1441/1441/36 1439/1439/36 1440/1440/31
f 1442/1442/31 1441/1441/36 1440/1440/31
f 1443/1443/31 1442/1442/31 1440/1440/31
f 1443/1443/31 1440/1440/31 1444/1444/31
f 1445/1445/31 1443/1443/31 1444/1444/31
f 1446/1446/31 1445/1445/31 1444/1444/31
f 1447/1447/31 1446/1446/31 1444/1444/31
f 1447/1447/31 1444/1444/31 1448/1448/31
f 1449/1449/30 1447/1447/31 1448/1448/31
f 1450/1450/31 1449/1449/30 1448/1448/31
f 1450/1450/31 1448/1448/31 1451/1451/31
f 1452/1452/31 1450/1450/31 1451/1451/31
f 1453/1453/31 1452/1452/31 1451/1451/31
f 1453/1453/31 1451/1451/31 1454/1454/31
f 1455/1455/31 1453/1453/31 1454/1454/31
f 1455/1455/31 1454/1454/31 1456/1456/31
f 1457/1457/30 1455/1455/31 1456/1456/31
f 1458/1458/31 1457/1457/30 1456/1456/31
f 1458/1458/31 1456/1456/31 1459/1459/31
f 1460/1460/31 1458/1458/31 1459/1459/31
f 1460/1460/31 1459/1459/31 1461/1461/31
f 1462/1462/31 1460/1460/31 1461/1461/31
f 1462/1462/31 1461/1461/31 1463/1463/31
f 1464/1464/31 1462/1462/31 1463/1463/31
f 1465/1465/30 1464/1464/31 1463/1463/31
f 1465/1465/30 1463/1463/31 1466/1466/31
f 1467/1467/32 1465/1465/30 1466/1466/31
f 1468/1468/31 1467/1467/32 1466/1466/31
f 1468/1468/31 1466/1466/31 1469/1469/31
f 1470/1470/31 1468/1468/31 1469/1469/31
f 1471/1471/31 1470/1470/31 1469/1469/31
f 1423/1423/31 1436/1436/31 1472/1472/31
f 1472/1472/31 1436/1436/31 1471/1471/31
f 1472/1472/31 1471/1471/31 1469/1469/31
f 1472/1472/31 1469/1469/31 1473/1473/30
f 1472/1472/31 1473/1473/30 1474/1474/31
f 1472/1472/31 1474/1474/31 1475/1475/32
f 1472/1472/31 1475/1475/32 1476/1476/30
f 1472/1472/31 1476/1476/30 1477/1477/31
f 1472/1472/31 1477/1477/31 1478/1478/31
f 1472/1472/31 1478/1478/31 1479/1479/31
f 1472/1472/31 1479/1479/31 1480/1480/48
f 1480/1480/48 1479/1479/31 1481/1481/31
f 1481/1481/31 1479/1479/31 1482/1482/31
f 1423/1423/31 1472/1472/31 1483/1483/31
f 1484/1484/31 1481/1481/31 1482/1482/31
f 1485/1485/31 1484/1484/31 1482/1482/31
f 1486/1486/31 1485/1485/31 1482/1482/31
f 1486/1486/31 1482/1482/31 1487/1487/31
f 1488/1488/31 1486/1486/31 1487/1487/31
f 1489/1489/30 1488/1488/31 1487/1487/31
f 1489/1489/30 1487/1487/31 1490/1490/31
f 1491/1491/31 1489/1489/30 1490/1490/31
f 1491/1491/31 1490/1490/31 1492/1492/31
f 1493/1493/32 1491/1491/31 1492/1492/31
f 1493/1493/32 1492/1492/31 1494/1494/31
f 1495/1495/31 1493/1493/32 1494/1494/31
f 1495/1495/31 1494/1494/31 1496/1496/31
f 1497/1497/31 1495/1495/31 1496/1496/31
f 1497/1497/31 1496/1496/31 1498/1498/31
f 1499/1499/31 1497/1497/31 1498/1498/31
f 1499/1499/31 1498/1498/31 1500/1500/32
f 1499/1499/31 1500/1500/32 1501/1501/31
f 1502/1502/31 1499/1499/31 1501/1501/31
f 1502/1502/31 1501/1501/31 1503/1503/31
f 1504/1504/31 1502/1502/31 1503/1503/31
f 1504/1504/31 1503/1503/31 1505/1505/31
f 1504/1504/31 1505/1505/31 1506/1506/31
f 1504/1504/31 1506/1506/31 1507/1507/31
f 1504/1504/31 1507/1507/31 1508/1508/31
f 1504/1504/31 1508/1508/31 1509/1509/31
f 1504/1504/31 1509/1509/31 1510/1510/31
f 1504/1504/31 1510/1510/31 1511/1511/31
f 1504/1504/31 1511/1511/31 1512/1512/31
f 1504/1504/31 1512/1512/31 1513/1513/31
f 1504/1504/31 1513/1513/31 1514/1514/31
f 1504/1504/31 1514/1514/31 1515/1515/31
f 1504/1504/31 1515/1515/31 1516/1516/30
f 1517/1517/31 1519/1518/31 1518/1519/49
f 1517/1517/31 1518/1519/49 1520/1520/36
f 1521/1521/31 1517/1517/31 1520/1520/36
f 1521/1521/31 1520/1520/36 1522/1522/31
f 1523/1523/32 1521/1521/31 1522/1522/31
f 1523/1523/32 1522/1522/31 1524/1524/30
f 1523/1523/32 1524/1524/30 1525/1525/30
f 1526/1526/31 1523/1523/32 1525/1525/30
f 1526/1526/31 1525/1525/30 1527/1527/32
f 1528/1528/31 1530/1529/31 1529/1530/31
f 1528/1528/31 1529/1530/31 1531/1531/31
f 1532/1532/32 1526/1526/31 1527/1527/32
f 1532/1532/32 1527/1527/32 1533/1533/30
f 1532/1532/32 1533/1533/30 1534/1534/30
f 1535/1535/31 1532/1532/32 1534/1534/30
f 1535/1535/31 1534/1534/30 1536/1536/31
f 1537/1537/31 1535/1535/31 1536/1536/31
f 1537/1537/31 1536/1536/31 1538/1538/31
f 1537/1537/31 1538/1538/31 1539/1539/32
f 1540/1540/30 1537/1537/31 1539/1539/32
f 1540/1540/30 1539/1539/32 1541/1541/31
f 1542/1542/31 1540/1540/30 1541/1541/31
f 1542/1542/31 1541/1541/31 1543/1543/31
f 1543/1543/31 1541/1541/31 1544/1544/35
f 1544/1544/35 1541/1541/31 1545/1545/32
f 1545/1545/32 1541/1541/31 1546/1546/32
f 1546/1546/32 1541/1541/31 1547/1547/31
f 1547/1547/31 1541/1541/31 1548/1548/30
f 1548/1548/30 1541/1541/31 1549/1549/31
f 1549/1549/31 1541/1541/31 1550/1550/31
f 1550/1550/31 1541/1541/31 1551/1551/31
f 1551/1551/31 1541/1541/31 1552/1552/32
f 1553/1553/31 1542/1542/31 1554/1554/31
f 1554/1554/31 1542/1542/31 1555/1555/31
f 1555/1555/31 1542/1542/31 1543/1543/31
f 1556/1556/31 1553/1553/31 1557/1557/31
f 1557/1557/31 1553/1553/31 1558/1558/31
f 1558/1558/31 1553/1553/31 1554/1554/31
f 1556/1556/31 1557/1557/31 1559/1559/32
f 1556/1556/31 1559/1559/32 1560/1560/31
f 1561/1561/31 1556/1556/31 1560/1560/31
f 1561/1561/31 1560/1560/31 1562/1562/31
f 1561/1561/31 1562/1562/31 1563/1563/32
f 1528/1528/31 1531/1531/31 1561/1561/31
f 1528/1528/31 1561/1561/31 1564/1564/31
f 1564/1564/31 1561/1561/31 1565/1565/31
f 1565/1565/31 1561/1561/31 1566/1566/31
f 1566/1566/31 1561/1561/31 1567/1567/31
f 1567/1567/31 1561/1561/31 1563/1563/32
f 1528/1528/31 1564/1564/31 1568/1568/30
f 1528/1528/31 1568/1568/30 1569/1569/32
f 1528/1528/31 1569/1569/32 1570/1570/30
f 1528/1528/31 1570/1570/30 1571/1571/31
f 1572/1572/32 1574/1573/45 1573/1574/30
f 1572/1572/32 1573/1574/30 1575/1575/30
f 1576/1576/31 1572/1572/32 1575/1575/30
f 1576/1576/31 1575/1575/30 1577/1577/31
f 1578/1578/31 1576/1576/31 1577/1577/31
f 1578/1578/31 1577/1577/31 1579/1579/31
f 1580/1580/31 1578/1578/31 1579/1579/31
f 1580/1580/31 1579/1579/31 1581/1581/31
f 1582/1582/31 1580/1580/31 1581/1581/31
f 1582/1582/31 1581/1581/31 1583/1583/31
f 1584/1584/31 1582/1582/31 1583/1583/31
f 1584/1584/31 1583/1583/31 1585/1585/31
f 1586/1586/31 1584/1584/31 1587/1587/31
f 1587/1587/31 1584/1584/31 1585/1585/31
f 1586/1586/31 1587/1587/31 1588/1588/50
f 1589/1589/31 1587/1587/31 1585/1585/31
f 1586/1586/31 1588/1588/50 1590/1590/31
f 1591/1591/31 1589/1589/31 1585/1585/31
f 1586/1586/31 1590/1590/31 1592/1592/30
f 1593/1593/36 1591/1591/31 1585/1585/31
f 1593/1593/36 1585/1585/31 1594/1594/31
f 1586/1586/31 1592/1592/30 1595/1595/31
f 1596/1596/31 1586/1586/31 1595/1595/31
f 1597/1597/31 1593/1593/36 1594/1594/31
f 1596/1596/31 1595/1595/31 1598/1598/30
f 1599/1599/31 1597/1597/31 1594/1594/31
f 1596/1596/31 1598/1598/30 1600/1600/32
f 1601/1601/32 1599/1599/31 1594/1594/31
f 1596/1596/31 1600/1600/32 1602/1602/31
f 1603/1603/31 1601/1601/32 1594/1594/31
f 1604/1604/31 1596/1596/31 1602/1602/31
f 1603/1603/31 1594/1594/31 1605/1605/31
f 1604/1604/31 1602/1602/31 1606/1606/31
f 1607/1607/31 1603/1603/31 1605/1605/31
f 1604/1604/31 1606/1606/31 1608/1608/31
f 1609/1609/31 1607/1607/31 1605/1605/31
f 1610/1610/31 1604/1604/31 1608/1608/31
f 1609/1609/31 1605/1605/31 1611/1611/31
f 1610/1610/31 1608/1608/31 1612/1612/31
f 1613/1613/31 1609/1609/31 1611/1611/31
f 1610/1610/31 1612/1612/31 1614/1614/31
f 1615/1615/31 1613/1613/31 1611/1611/31
f 1616/1616/31 1610/1610/31 1614/1614/31
f 1616/1616/31 1614/1614/31 1617/1617/32
f 1615/1615/31 1611/1611/31 1618/1618/31
f 1619/1619/31 1615/1615/31 1618/1618/31
f 1616/1616/31 1617/1617/32 1619/1619/31
f 1616/1616/31 1619/1619/31 1618/1618/31
f 1620/1620/31 1616/1616/31 1618/1618/31
f 1620/1620/31 1618/1618/31 1621/1621/31
f 1622/1622/31 1620/1620/31 1623/1623/32
f 1623/1623/32 1620/1620/31 1621/1621/31
f 1622/1622/31 1623/1623/32 1624/1624/31
f 1625/1625/31 1622/1622/31 1624/1624/31
f 1625/1625/31 1624/1624/31 1626/1626/31
f 1625/1625/31 1626/1626/31 1627/1627/31
f 1628/1628/31 1625/1625/31 1627/1627/31
f 1628/1628/31 1627/1627/31 1629/1629/31
f 1630/1630/31 1628/1628/31 1629/1629/31
f 1630/1630/31 1629/1629/31 1631/1631/32
f 1632/1632/31 1634/1633/31 1633/1634/31
f 1630/1630/31 1631/1631/32 1635/1635/31
f 1636/1636/31 1632/1632/31 1633/1634/31
f 1637/1637/31 1636/1636/31 1633/1634/31
f 1638/1638/31 1630/1630/31 1635/1635/31
f 1638/1638/31 1635/1635/31 1639/1639/32
f 1640/1640/31 1637/1637/31 1633/1634/31
f 1641/1641/31 1640/1640/31 1633/1634/31
f 1638/1638/31 1639/1639/32 1642/1642/31
f 1643/1643/30 1641/1641/31 1633/1634/31
f 1638/1638/31 1642/1642/31 1644/1644/31
f 1645/1645/32 1643/1643/30 1633/1634/31
f 1646/1646/31 1638/1638/31 1644/1644/31
f 1647/1647/31 1645/1645/32 1633/1634/31
f 1646/1646/31 1644/1644/31 1648/1648/32
f 1649/1649/31 1647/1647/31 1633/1634/31
f 1646/1646/31 1648/1648/32 1650/1650/30
f 1651/1651/31 1649/1649/31 1633/1634/31
f 1652/1652/31 1651/1651/31 1633/1634/31
f 1646/1646/31 1650/1650/30 1653/1653/31
f 1653/1653/31 1652/1652/31 1633/1634/31
f 1646/1646/31 1653/1653/31 1633/1634/31
f 1654/1654/31 1646/1646/31 1633/1634/31
f 1654/1654/31 1633/1634/31 1655/1655/31
f 1656/1656/31 1654/1654/31 1655/1655/31
f 1656/1656/31 1655/1655/31 1657/1657/31
f 1656/1656/31 1657/1657/31 1658/1658/31
f 1659/1659/31 1656/1656/31 1658/1658/31
f 1659/1659/31 1658/1658/31 1660/1660/31
f 1659/1659/31 1660/1660/31 1661/1661/31
f 1662/1662/31 1659/1659/31 1661/1661/31
f 1662/1662/31 1661/1661/31 1663/1663/30
f 1662/1662/31 1663/1663/30 1664/1664/31
f 1665/1665/31 1662/1662/31 1664/1664/31
f 1665/1665/31 1664/1664/31 1666/1666/45
f 1665/1665/31 1666/1666/45 1667/1667/38
f 1665/1665/31 1667/1667/38 1668/1668/32
f 1669/1669/31 1665/1665/31 1668/1668/32
f 1669/1669/31 1668/1668/32 1670/1670/31
f 1671/1671/31 1673/1672/31 1672/1673/31
f 1672/1673/31 1673/1672/31 1674/1674/31
f 1672/1673/31 1674/1674/31 1675/1675/31
f 1672/1673/31 1675/1675/31 1676/1676/31
f 1672/1673/31 1676/1676/31 1677/1677/31
f 1672/1673/31 1677/1677/31 1678/1678/31
f 1672/1673/31 1678/1678/31 1679/1679/31
f 1672/1673/31 1679/1679/31 1680/1680/31
f 1672/1673/31 1680/1680/31 1681/1681/31
f 1672/1673/31 1681/1681/31 1682/1682/31
f 1682/1682/31 1681/1681/31 1683/1683/31
f 1683/1683/31 1681/1681/31 1684/1684/31
f 1671/1671/31 1672/1673/31 1685/1685/31
f 1686/1686/51 1683/1683/31 1684/1684/31
f 1687/1687/35 1686/1686/51 1684/1684/31
f 1688/1688/31 1687/1687/35 1684/1684/31
f 1689/1689/30 1688/1688/31 1684/1684/31
f 1689/1689/30 1684/1684/31 1690/1690/31
f 1691/1691/31 1689/1689/30 1690/1690/31
f 1692/1692/31 1691/1691/31 1690/1690/31
f 1692/1692/31 1690/1690/31 1693/1693/31
f 1694/1694/31 1692/1692/31 1693/1693/31
f 1695/1695/31 1694/1694/31 1693/1693/31
f 1695/1695/31 1693/1693/31 1696/1696/31
f 1697/1697/31 1695/1695/31 1696/1696/31
f 1698/1698/31 1697/1697/31 1696/1696/31
f 1698/1698/31 1696/1696/31 1699/1699/31
f 1700/1700/31 1698/1698/31 1699/1699/31
f 1701/1701/31 1700/1700/31 1699/1699/31
f 1701/1701/31 1699/1699/31 1702/1702/31
f 1703/1703/31 1701/1701/31 1702/1702/31
f 1703/1703/31 1702/1702/31 1704/1704/31
f 1705/1705/31 1703/1703/31 1704/1704/31
f 1706/1706/31 1705/1705/31 1704/1704/31
f 1706/1706/31 1704/1704/31 1707/1707/31
f 1708/1708/31 1706/1706/31 1707/1707/31
f 1709/1709/31 1708/1708/31 1707/1707/31
f 1709/1709/31 1707/1707/31 1710/1710/31
f 1711/1711/31 1709/1709/31 1710/1710/31
f 1711/1711/31 1710/1710/31 1712/1712/31
f 1713/1713/31 1711/1711/31 1712/1712/31
f 1671/1671/31 1685/1685/31 1714/1714/31
f 1715/1715/31 1713/1713/31 1712/1712/31
f 1671/1671/31 1714/1714/31 1716/1716/31
f 1671/1671/31 1716/1716/31 1717/1717/31
f 1671/1671/31 1717/1717/31 1718/1718/31
f 1718/1718/31 1717/1717/31 1719/1719/31
f 1720/1720/31 1715/1715/31 1712/1712/31
f 1718/1718/31 1719/1719/31 1721/1721/31
f 1718/1718/31 1721/1721/31 1722/1722/31
f 1720/1720/31 1712/1712/31 1723/1723/31
f 1724/1724/31 1720/1720/31 1723/1723/31
f 1718/1718/31 1722/1722/31 1725/1725/31
f 1718/1718/31 1725/1725/31 1726/1726/31
f 1718/1718/31 1726/1726/31 1727/1727/31
f 1728/1728/31 1724/1724/31 1723/1723/31
f 1718/1718/31 1727/1727/31 1729/1729/31
f 1718/1718/31 1729/1729/31 1730/1730/31
f 1718/1718/31 1730/1730/31 1728/1728/31
f 1718/1718/31 1728/1728/31 1723/1723/31
f 1718/1718/31 1723/1723/31 1731/1731/31
f 1718/1718/31 1731/1731/31 1732/1732/31
f 1718/1718/31 1732/1732/31 1733/1733/31
f 1671/1671/31 1718/1718/31 1734/1734/31
f 1735/1735/31 1718/1718/31 1733/1733/31
f 1735/1735/31 1733/1733/31 1736/1736/30
f 1737/1737/31 1735/1735/31 1736/1736/30
f 1738/1738/31 1737/1737/31 1736/1736/30
f 1739/1739/31 1738/1738/31 1736/1736/30
f 1740/1740/43 1739/1739/31 1736/1736/30
f 1740/1740/43 1736/1736/30 1741/1741/30
f 1742/1742/48 1740/1740/43 1741/1741/30
f 1743/1743/31 1742/1742/48 1741/1741/30
f 1744/1744/31 1743/1743/31 1741/1741/30
f 1745/1745/31 1744/1744/31 1741/1741/30
f 1745/1745/31 1741/1741/30 1746/1746/40
f 1747/1747/30 1745/1745/31 1746/1746/40
f 1748/1748/52 1747/1747/30 1746/1746/40
f 1749/1749/31 1751/1750/31 1750/1751/31
f 1749/1749/31 1750/1751/31 1752/1752/31
f 1753/1753/31 1755/1754/31 1754/1755/31
f 1753/1753/31 1754/1755/31 1756/1756/31
f 1757/1757/31 1749/1749/31 1752/1752/31
f 1757/1757/31 1752/1752/31 1758/1758/31
f 1757/1757/31 1758/1758/31 1759/1759/31
f 1760/1760/31 1757/1757/31 1759/1759/31
f 1760/1760/31 1759/1759/31 1761/1761/31
f 1762/1762/31 1753/1753/31 1756/1756/31
f 1760/1760/31 1761/1761/31 1763/1763/31
f 1764/1764/31 1762/1762/31 1756/1756/31
f 1765/1765/31 1760/1760/31 1763/1763/31
f 1765/1765/31 1763/1763/31 1766/1766/31
f 1767/1767/31 1764/1764/31 1756/1756/31
f 1768/1768/31 1767/1767/31 1756/1756/31
f 1765/1765/31 1766/1766/31 1769/1769/31
f 1770/1770/31 1765/1765/31 1769/1769/31
f 1771/1771/31 1768/1768/31 1756/1756/31
f 1770/1770/31 1769/1769/31 1772/1772/31
f 1773/1773/31 1771/1771/31 1774/1774/35
f 1774/1774/35 1771/1771/31 1756/1756/31
f 1770/1770/31 1772/1772/31 1775/1775/31
f 1776/1776/31 1773/1773/31 1774/1774/35
f 1770/1770/31 1775/1775/31 1777/1777/30
f 1778/1778/31 1776/1776/31 1774/1774/35
f 1779/1779/31 1770/1770/31 1777/1777/30
f 1780/1780/31 1778/1778/31 1774/1774/35
f 1779/1779/31 1777/1777/30 1781/1781/32
f 1782/1782/31 1780/1780/31 1774/1774/35
f 1779/1779/31 1781/1781/32 1783/1783/35
f 1784/1784/31 1782/1782/31 1774/1774/35
f 1779/1779/31 1783/1783/35 1785/1785/31
f 1785/1785/31 1784/1784/31 1774/1774/35
f 1779/1779/31 1785/1785/31 1774/1774/35
f 1779/1779/31 1774/1774/35 1786/1786/31
f 1787/1787/31 1774/1774/35 1756/1756/31
f 1788/1788/31 1779/1779/31 1786/1786/31
f 1788/1788/31 1786/1786/31 1789/1789/31
f 1788/1788/31 1789/1789/31 1790/1790/31
f 1791/1791/31 1788/1788/31 1790/1790/31
f 1791/1791/31 1790/1790/31 1792/1792/31
f 1793/1793/31 1791/1791/31 1792/1792/31
f 1793/1793/31 1792/1792/31 1794/1794/31
f 1793/1793/31 1794/1794/31 1795/1795/31
f 1796/1796/31 1793/1793/31 1795/1795/31
f 1796/1796/31 1795/1795/31 1797/1797/31
f 1796/1796/31 1797/1797/31 1798/1798/30
f 1799/1799/31 1796/1796/31 1798/1798/30
f 1799/1799/31 1798/1798/30 1800/1800/31
f 1801/1801/36 1799/1799/31 1800/1800/31
f 1801/1801/36 1800/1800/31 1802/1802/44
f 1801/1801/36 1802/1802/44 1803/1803/45
f 1804/1804/31 1801/1801/36 1803/1803/45
f 1805/1805/36 1807/1806/53 1806/1807/47
f 1805/1805/36 1806/1807/47 1808/1808/38
f 1805/1805/36 1808/1808/38 1809/1809/30
f 1810/1810/31 1805/1805/36 1809/1809/30
f 1810/1810/31 1809/1809/30 1811/1811/32
f 1810/1810/31 1811/1811/32 1812/1812/30
f 1813/1813/31 1810/1810/31 1812/1812/30
f 1813/1813/31 1812/1812/30 1814/1814/31
f 1813/1813/31 1814/1814/31 1815/1815/36
f 1816/1816/31 1813/1813/31 1815/1815/36
f 1816/1816/31 1815/1815/36 1817/1817/30
f 1816/1816/31 1817/1817/30 1818/1818/32
f 1819/1819/30 1816/1816/31 1818/1818/32
f 1819/1819/30 1818/1818/32 1820/1820/31
f 1819/1819/30 1820/1820/31 1821/1821/32
f 1822/1822/31 1819/1819/30 1821/1821/32
f 1822/1822/31 1821/1821/32 1823/1823/31
f 1822/1822/31 1823/1823/31 1824/1824/31
f 1824/1824/31 1823/1823/31 1825/1825/31
f 1825/1825/31 1823/1823/31 1826/1826/31
f 1826/1826/31 1823/1823/31 1827/1827/31
f 1827/1827/31 1823/1823/31 1828/1828/31
f 1828/1828/31 1823/1823/31 1829/1829/31
f 1829/1829/31 1823/1823/31 1830/1830/31
f 1830/1830/31 1823/1823/31 1831/1831/31
f 1831/1831/31 1823/1823/31 1832/1832/31
f 1833/1833/31 1822/1822/31 1834/1834/54
f 1834/1834/54 1822/1822/31 1835/1835/31
f 1835/1835/31 1822/1822/31 1824/1824/31
f 1836/1836/31 1833/1833/31 1837/1837/31
f 1837/1837/31 1833/1833/31 1838/1838/31
f 1838/1838/31 1833/1833/31 1834/1834/54
f 1839/1839/31 1836/1836/31 1840/1840/31
f 1840/1840/31 1836/1836/31 1837/1837/31
f 1839/1839/31 1840/1840/31 1841/1841/39
f 1839/1839/31 1841/1841/39 1842/1842/32
f 1839/1839/31 1842/1842/32 1843/1843/31
f 1839/1839/31 1843/1843/31 1844/1844/31
f 1839/1839/31 1844/1844/31 1845/1845/30
f 1846/1846/31 1839/1839/31 1845/1845/30
f 1846/1846/31 1845/1845/30 1847/1847/31
f 1846/1846/31 1847/1847/31 1848/1848/31
f 1846/1846/31 1848/1848/31 1849/1849/30
f 1850/1850/31 1846/1846/31 1849/1849/30
f 1850/1850/31 1849/1849/30 1851/1851/31
f 1850/1850/31 1851/1851/31 1852/1852/31
f 1853/1853/31 1850/1850/31 1852/1852/31
f 1853/1853/31 1852/1852/31 1854/1854/31
f 1853/1853/31 1854/1854/31 1855/1855/31
f 1856/1856/31 1853/1853/31 1855/1855/31
f 1856/1856/31 1855/1855/31 1857/1857/31
f 1856/1856/31 1857/1857/31 1858/1858/31
f 1859/1859/31 1856/1856/31 1858/1858/31
f 1859/1859/31 1858/1858/31 1860/1860/31
f 1861/1861/31 1859/1859/31 1860/1860/31
f 1861/1861/31 1860/1860/31 1862/1862/31
f 1861/1861/31 1862/1862/31 1863/1863/31
f 1864/1864/31 1861/1861/31 1863/1863/31
f 1864/1864/31 1863/1863/31 1865/1865/31
f 1866/1866/31 1864/1864/31 1865/1865/31
f 1866/1866/31 1865/1865/31 1867/1867/31
f 1868/1868/31 1866/1866/31 1867/1867/31
f 1868/1868/31 1867/1867/31 1869/1869/31
f 1870/1870/31 1868/1868/31 1869/1869/31
f 1870/1870/31 1869/1869/31 1871/1871/31
f 1872/1872/30 1870/1870/31 1871/1871/31
f 1873/1873/31 1872/1872/30 1871/1871/31
f 1873/1873/31 1871/1871/31 1874/1874/31
f 1875/1875/31 1873/1873/31 1874/1874/31
f 1876/1876/31 1875/1875/31 1874/1874/31
f 1876/1876/31 1874/1874/31 1877/1877/31
f 1878/1878/31 1876/1876/31 1877/1877/31
f 1879/1879/31 1881/1880/31 1880/1881/31
f 1878/1878/31 1877/1877/31 1882/1882/31
f 1883/1883/31 1878/1878/31 1882/1882/31
f 1879/1879/31 1880/1881/31 1884/1884/31
f 1885/1885/31 1883/1883/31 1882/1882/31
f 1885/1885/31 1882/1882/31 1886/1886/31
f 1879/1879/31 1884/1884/31 1887/1887/31
f 1888/1888/31 1885/1885/31 1886/1886/31
f 1879/1879/31 1887/1887/31 1889/1889/31
f 1890/1890/31 1888/1888/31 1886/1886/31
f 1891/1891/31 1890/1890/31 1886/1886/31
f 1891/1891/31 1886/1886/31 1892/1892/31
f 1879/1879/31 1889/1889/31 1893/1893/31
f 1894/1894/31 1891/1891/31 1892/1892/31
f 1879/1879/31 1893/1893/31 1895/1895/31
f 1896/1896/30 1894/1894/31 1892/1892/31
f 1879/1879/31 1895/1895/31 1897/1897/31
f 1896/1896/30 1892/1892/31 1898/1898/31
f 1899/1899/31 1896/1896/30 1898/1898/31
f 1879/1879/31 1897/1897/31 1900/1900/31
f 1901/1901/31 1899/1899/31 1898/1898/31
f 1879/1879/31 1900/1900/31 1902/1902/31
f 1903/1903/31 1901/1901/31 1898/1898/31
f 1879/1879/31 1902/1902/31 1904/1904/31
f 1905/1905/31 1903/1903/31 1898/1898/31
f 1879/1879/31 1904/1904/31 1906/1906/32
f 1905/1905/31 1898/1898/31 1907/1907/31
f 1908/1908/31 1905/1905/31 1907/1907/31
f 1879/1879/31 1906/1906/32 1908/1908/31
f 1879/1879/31 1908/1908/31 1907/1907/31
f 1879/1879/31 1907/1907/31 1909/1909/31
f 1910/1910/31 1879/1879/31 1909/1909/31
f 1911/1911/31 1910/1910/31 1909/1909/31
f 1911/1911/31 1909/1909/31 1912/1912/31
f 1913/1913/31 1911/1911/31 1912/1912/31
f 1913/1913/31 1912/1912/31 1914/1914/31
f 1915/1915/31 1913/1913/31 1914/1914/31
f 1916/1916/31 1915/1915/31 1914/1914/31
f 1916/1916/31 1914/1914/31 1917/1917/31
f 1918/1918/31 1916/1916/31 1917/1917/31
f 1919/1919/31 1918/1918/31 1917/1917/31
f 1919/1919/31 1917/1917/31 1920/1920/31
f 1921/1921/31 1919/1919/31 1920/1920/31
f 1922/1922/31 1921/1921/31 1920/1920/31
f 1922/1922/31 1920/1920/31 1923/1923/30
f 1924/1924/40 1922/1922/31 1923/1923/30
f 1925/1925/47 1924/1924/40 1923/1923/30
f 1925/1925/47 1923/1923/30 1926/1926/31
f 188/188/55 1151/1151/55 1143/1143/55 180/180/55
f 840/840/56 1803/1803/56 1802/1802/56 839/839/56
f 395/395/57 1358/1358/57 1354/1354/57 391/391/57
f 181/181/58 1144/1144/58 1152/1152/58 189/189/58
f 838/838/59 1801/1801/59 1804/1804/59 841/841/59
f 809/809/60 1772/1772/60 1769/1769/60 806/806/60
f 392/392/61 1355/1355/61 1359/1359/61 396/396/61
f 601/601/62 1564/1564/62 1565/1565/62 602/602/62
f 841/841/63 1804/1804/63 1803/1803/63 840/840/63
f 808/808/64 1771/1771/64 1773/1773/64 810/810/64
f 843/844/65 1807/1806/65 1805/1805/65 842/842/65
f 602/602/66 1565/1565/66 1566/1566/66 603/603/66
f 190/190/67 1153/1153/67 1149/1149/67 186/186/67
f 397/397/68 1360/1360/68 1358/1358/68 395/395/68
f 187/187/69 1150/1150/69 1154/1154/69 191/191/69
f 844/843/70 1806/1807/70 1807/1806/70 843/844/70
f 396/396/71 1359/1359/71 1361/1361/71 398/398/71
f 603/603/72 1566/1566/73 1567/1567/72 604/604/73
f 845/845/74 1808/1808/74 1806/1807/74 844/843/74
f 812/812/75 1775/1775/76 1772/1772/75 809/809/76
f 393/393/77 1356/1356/77 1362/1362/77 399/399/77
f 604/604/78 1567/1567/78 1563/1563/78 600/600/78
f 192/192/79 1155/1155/79 1153/1153/79 190/190/79
f 810/810/80 1773/1773/81 1776/1776/80 813/813/81
f 191/191/82 1154/1154/82 1156/1156/82 193/193/82
f 846/846/83 1809/1809/83 1808/1808/83 845/845/83
f 605/605/84 1568/1568/84 1564/1564/84 601/601/84
f 842/842/85 1805/1805/85 1810/1810/85 847/847/85
f 400/400/86 1363/1363/86 1357/1357/86 394/394/86
f 814/814/87 1777/1777/87 1775/1775/87 812/812/87
f 606/606/88 1569/1569/88 1568/1568/88 605/605/88
f 194/194/89 1157/1157/89 1151/1151/89 188/188/89
f 813/813/90 1776/1776/90 1778/1778/90 815/815/90
f 401/401/91 1364/1364/91 1360/1360/91 397/397/91
f 189/189/92 1152/1152/92 1158/1158/92 195/195/92
f 848/848/93 1811/1811/93 1809/1809/93 846/846/93
f 398/398/94 1361/1361/94 1365/1365/94 402/402/94
f 607/607/95 1570/1570/95 1569/1569/95 606/606/95
f 807/807/96 1770/1770/96 1779/1779/96 816/816/96
f 565/565/97 1528/1528/97 1571/1571/97 608/608/97
f 849/849/98 1812/1812/98 1811/1811/98 848/848/98
f 608/608/99 1571/1571/99 1570/1570/99 607/607/99
f 196/196/100 1159/1159/100 1155/1155/100 192/192/100
f 847/847/101 1810/1810/101 1813/1813/101 850/850/101
f 815/815/102 1778/1778/102 1780/1780/102 817/817/102
f 403/403/103 1366/1366/103 1364/1364/103 401/401/103
f 610/611/104 1574/1573/104 1572/1572/104 609/609/104
f 193/193/105 1156/1156/105 1160/1160/105 197/197/105
f 402/402/106 1365/1365/106 1367/1367/106 404/404/106
f 611/610/107 1573/1574/107 1574/1573/107 610/611/107
f 851/851/108 1814/1814/108 1812/1812/108 849/849/108
f 818/818/109 1781/1781/109 1777/1777/109 814/814/109
f 399/399/110 1362/1362/111 1368/1368/110 405/405/111
f 198/198/112 1161/1161/112 1157/1157/112 194/194/112
f 817/817/113 1780/1780/113 1782/1782/113 819/819/113
f 612/612/114 1575/1575/114 1573/1574/114 611/610/114
f 195/195/115 1158/1158/115 1162/1162/115 199/199/115
f 852/852/116 1815/1815/116 1814/1814/116 851/851/116
f 609/609/117 1572/1572/117 1576/1576/117 613/613/117
f 850/850/118 1813/1813/118 1816/1816/118 853/853/118
f 406/406/119 1369/1369/119 1366/1366/119 403/403/119
f 820/820/120 1783/1783/120 1781/1781/120 818/818/120
f 200/200/121 1163/1163/121 1159/1159/121 196/196/121
f 819/819/122 1782/1782/122 1784/1784/122 821/821/122
f 407/407/123 1370/1370/123 1363/1363/123 400/400/123
f 614/614/124 1577/1577/124 1575/1575/124 612/612/124
f 197/197/125 1160/1160/125 1164/1164/125 201/201/125
f 854/854/126 1817/1817/126 1815/1815/126 852/852/126
f 404/404/127 1367/1367/127 1371/1371/127 408/408/127
f 613/613/128 1576/1576/128 1578/1578/128 615/615/128
f 855/855/129 1818/1818/129 1817/1817/129 854/854/129
f 822/822/130 1785/1785/130 1783/1783/130 820/820/130
f 202/202/131 1165/1165/131 1163/1163/131 200/200/131
f 853/853/132 1816/1816/132 1819/1819/132 856/856/132
f 821/821/133 1784/1784/133 1785/1785/133 822/822/133
f 408/408/134 1371/1371/134 1369/1369/134 406/406/134
f 616/616/135 1579/1579/135 1577/1577/135 614/614/135
f 201/201/136 1164/1164/136 1166/1166/136 203/203/136
f 615/615/137 1578/1578/137 1580/1580/137 617/617/137
f 405/405/138 1368/1368/138 1372/1372/138 409/409/138
f 857/857/139 1820/1820/139 1818/1818/139 855/855/139
f 204/204/140 1167/1167/140 1161/1161/140 198/198/140
f 823/823/141 1786/1786/141 1774/1774/141 811/811/141
f 618/618/142 1581/1581/142 1579/1579/142 616/616/142
f 199/199/143 1162/1162/143 1168/1168/143 205/205/143
f 858/858/144 1821/1821/144 1820/1820/144 857/857/144
f 811/811/145 1774/1774/145 1787/1787/145 824/824/145
f 410/410/146 1373/1373/146 1370/1370/146 407/407/146
f 617/617/147 1580/1580/147 1582/1582/147 619/619/147
f 856/856/148 1819/1819/148 1822/1822/148 859/859/148
f 824/824/97 1787/1787/97 1756/1756/97 793/793/97
f 409/409/149 1372/1372/149 1374/1374/149 411/411/149
f 816/816/150 1779/1779/150 1788/1788/150 825/825/150
f 206/206/151 1169/1169/151 1165/1165/151 202/202/151
f 620/620/152 1583/1583/152 1581/1581/152 618/618/152
f 203/203/153 1166/1166/153 1170/1170/153 207/207/153
f 860/860/154 1823/1823/154 1821/1821/154 858/858/154
f 412/412/97 1375/1375/97 1373/1373/97 410/410/97
f 619/619/155 1582/1582/155 1584/1584/155 621/621/155
f 205/205/156 1168/1168/156 1171/1171/156 208/208/156
f 413/413/157 1376/1376/157 1375/1375/157 412/412/157
f 861/861/158 1824/1824/158 1825/1825/158 862/862/158
f 411/411/159 1374/1374/159 1377/1377/159 414/414/159
f 622/622/160 1585/1585/160 1583/1583/160 620/620/160
f 2/3/161 966/965/161 964/964/161 1/1/161
f 621/621/162 1584/1584/162 1586/1586/162 623/623/162
f 209/209/163 1172/1172/163 1169/1169/163 206/206/163
f 862/862/164 1825/1825/164 1826/1826/164 863/863/164
f 415/415/165 1378/1378/165 1376/1376/165 413/413/165
f 3/2/166 965/966/166 966/965/166 2/3/166
f 210/210/167 1173/1173/167 1167/1167/167 204/204/167
f 863/863/168 1826/1826/168 1827/1827/168 864/864/168
f 207/207/169 1170/1170/169 1174/1174/169 211/211/169
f 416/416/170 1379/1379/170 1378/1378/170 415/415/170
f 4/4/114 967/967/114 965/966/114 3/2/114
f 864/864/171 1827/1827/171 1828/1828/171 865/865/171
f 414/414/172 1377/1377/172 1380/1380/172 417/417/172
f 1/1/117 964/964/117 968/968/117 5/5/117
f 625/625/173 1588/1588/173 1587/1587/173 624/624/173
f 624/624/174 1587/1587/174 1589/1589/174 626/626/174
f 212/212/175 1175/1175/175 1172/1172/175 209/209/175
f 865/865/176 1828/1828/176 1829/1829/176 866/866/176
f 211/211/177 1174/1174/177 1176/1176/177 213/213/177
f 418/418/178 1381/1381/178 1379/1379/178 416/416/178
f 6/6/124 969/969/124 967/967/124 4/4/124
f 866/866/179 1829/1829/179 1830/1830/179 867/867/179
f 417/417/180 1380/1380/180 1382/1382/180 419/419/180
f 5/5/181 968/968/181 970/970/181 7/7/181
f 627/627/182 1590/1590/182 1588/1588/182 625/625/182
f 208/208/183 1171/1171/183 1177/1177/183 214/214/183
f 626/626/184 1589/1589/184 1591/1591/184 628/628/184
f 867/867/185 1830/1830/185 1831/1831/185 868/868/185
f 420/420/186 1383/1383/186 1381/1381/186 418/418/186
f 8/8/135 971/971/135 969/969/135 6/6/135
f 215/215/187 1178/1178/187 1173/1173/187 210/210/187
f 868/868/188 1831/1831/188 1832/1832/188 869/869/188
f 422/423/189 1386/1385/189 1384/1384/189 421/421/189
f 7/7/137 970/970/137 972/972/137 9/9/137
f 629/629/190 1592/1592/190 1590/1590/190 627/627/190
f 869/869/99 1832/1832/99 1823/1823/99 860/860/99
f 628/628/191 1591/1591/191 1593/1593/191 630/630/191
f 216/216/192 1179/1179/192 1175/1175/192 212/212/192
f 859/859/193 1822/1822/193 1833/1833/193 870/870/193
f 423/422/99 1385/1386/99 1386/1385/99 422/423/99
f 213/213/194 1176/1176/195 1180/1180/194 217/217/195
f 10/10/196 973/973/196 971/971/196 8/8/196
f 424/424/197 1387/1387/197 1383/1383/197 420/420/197
f 9/9/147 972/972/147 974/974/147 11/11/147
f 631/631/198 1594/1594/198 1585/1585/198 622/622/198
f 871/871/199 1834/1834/199 1835/1835/199 872/872/199
f 421/421/200 1384/1384/200 1388/1388/200 425/425/200
f 218/218/201 1181/1181/201 1179/1179/201 216/216/201
f 632/632/202 1595/1595/202 1592/1592/202 629/629/202
f 214/214/203 1177/1177/203 1182/1182/203 219/219/203
f 872/872/204 1835/1835/205 1824/1824/204 861/861/205
f 425/425/206 1388/1388/206 1389/1389/206 426/426/206
f 12/12/207 975/975/207 973/973/207 10/10/207
f 623/623/208 1586/1586/208 1596/1596/208 633/633/208
f 870/870/209 1833/1833/209 1836/1836/209 873/873/209
f 11/11/155 974/974/155 976/976/155 13/13/155
f 217/217/210 1180/1180/210 1183/1183/210 220/220/210
f 419/419/211 1382/1382/211 1390/1390/211 427/427/211
f 630/630/212 1593/1593/212 1597/1597/212 634/634/212
f 874/874/213 1837/1837/213 1838/1838/213 875/875/213
f 14/14/214 977/977/214 975/975/214 12/12/214
f 221/221/215 1184/1184/215 1178/1178/215 215/215/215
f 428/428/216 1391/1391/216 1387/1387/216 424/424/216
f 13/13/217 976/976/217 978/978/217 15/15/217
f 635/635/218 1598/1598/218 1595/1595/218 632/632/218
f 875/875/219 1838/1838/219 1834/1834/219 871/871/219
f 426/426/220 1389/1389/220 1392/1392/220 429/429/220
f 634/634/221 1597/1597/221 1599/1599/221 636/636/221
f 222/222/222 1185/1185/222 1181/1181/222 218/218/222
f 873/873/223 1836/1836/223 1839/1839/223 876/876/223
f 220/220/224 1183/1183/224 1186/1186/224 223/223/224
f 429/429/225 1392/1392/225 1393/1393/225 430/430/225
f 637/637/226 1600/1600/226 1598/1598/226 635/635/226
f 219/219/227 1182/1182/227 1187/1187/227 224/224/227
f 877/877/228 1840/1840/228 1837/1837/228 874/874/228
f 17/17/229 980/980/229 979/979/229 16/16/229
f 636/636/230 1599/1599/230 1601/1601/230 638/638/230
f 431/431/231 1394/1394/231 1391/1391/231 428/428/231
f 16/16/232 979/979/232 981/981/232 18/18/232
f 878/878/233 1841/1841/233 1840/1840/233 877/877/233
f 430/430/234 1393/1393/234 1395/1395/234 432/432/234
f 225/225/235 1188/1188/235 1184/1184/235 221/221/235
f 639/639/236 1602/1602/236 1600/1600/236 637/637/236
f 879/879/237 1842/1842/238 1841/1841/237 878/878/238
f 19/19/239 982/982/239 980/980/239 17/17/239
f 638/638/240 1601/1601/240 1603/1603/240 640/640/240
f 226/226/241 1189/1189/241 1185/1185/241 222/222/241
f 433/433/242 1396/1396/242 1394/1394/242 431/431/242
f 18/18/243 981/981/243 983/983/243 20/20/243
f 223/223/244 1186/1186/244 1190/1190/244 227/227/244
f 880/880/245 1843/1843/246 1842/1842/245 879/879/246
f 432/432/247 1395/1395/247 1397/1397/247 434/434/247
f 633/633/248 1596/1596/248 1604/1604/248 641/641/248
f 881/881/249 1844/1844/249 1843/1843/249 880/880/249
f 427/427/250 1390/1390/250 1398/1398/250 435/435/250
f 21/21/251 984/984/251 982/982/251 19/19/251
f 228/228/252 1191/1191/252 1189/1189/252 226/226/252
f 20/20/191 983/983/191 985/985/191 22/22/191
f 642/642/253 1605/1605/253 1594/1594/253 631/631/253
f 227/227/254 1190/1190/254 1192/1192/254 229/229/254
f 882/882/255 1845/1845/255 1844/1844/255 881/881/255
f 434/434/256 1397/1397/256 1399/1399/256 436/436/256
f 876/876/257 1839/1839/257 1846/1846/257 883/883/257
f 643/643/57 1606/1606/57 1602/1602/57 639/639/57
f 224/224/258 1187/1187/258 1193/1193/258 230/230/258
f 23/23/259 986/986/259 977/977/259 14/14/259
f 640/640/61 1603/1603/61 1607/1607/61 644/644/61
f 437/437/260 1400/1400/260 1396/1396/260 433/433/260
f 884/884/261 1847/1847/261 1845/1845/261 882/882/261
f 436/436/262 1399/1399/262 1401/1401/262 438/438/262
f 24/24/263 987/987/263 984/984/263 21/21/263
f 231/231/264 1194/1194/264 1188/1188/264 225/225/264
f 15/15/208 978/978/208 988/988/208 25/25/208
f 645/645/68 1608/1608/68 1606/1606/68 643/643/68
f 885/885/265 1848/1848/265 1847/1847/265 884/884/265
f 644/644/71 1607/1607/71 1609/1609/71 646/646/71
f 232/232/266 1195/1195/266 1191/1191/266 228/228/266
f 439/439/267 1402/1402/267 1400/1400/267 437/437/267
f 22/22/212 985/985/212 989/989/212 26/26/212
f 229/229/268 1192/1192/268 1196/1196/268 233/233/268
f 886/886/269 1849/1849/269 1848/1848/269 885/885/269
f 438/438/270 1401/1401/270 1403/1403/270 440/440/270
f 641/641/77 1604/1604/77 1610/1610/77 647/647/77
f 883/883/271 1846/1846/271 1850/1850/271 887/887/271
f 440/440/272 1403/1403/273 1404/1404/272 441/441/273
f 27/27/274 990/990/275 987/987/274 24/24/275
f 234/234/276 1197/1197/276 1195/1195/276 232/232/276
f 26/26/221 989/989/221 991/991/221 28/28/221
f 648/648/86 1611/1611/86 1605/1605/86 642/642/86
f 233/233/277 1196/1196/277 1198/1198/277 235/235/277
f 888/888/278 1851/1851/278 1849/1849/278 886/886/278
f 442/442/279 1405/1405/279 1402/1402/279 439/439/279
f 649/649/280 1612/1612/280 1608/1608/280 645/645/280
f 889/889/281 1852/1852/282 1851/1851/281 888/888/282
f 441/441/283 1404/1404/283 1405/1405/283 442/442/283
f 29/29/226 992/992/226 990/990/226 27/27/226
f 646/646/94 1609/1609/94 1613/1613/94 650/650/94
f 236/236/284 1199/1199/284 1197/1197/284 234/234/284
f 887/887/285 1850/1850/285 1853/1853/285 890/890/285
f 28/28/286 991/991/286 993/993/286 30/30/286
f 235/235/287 1198/1198/287 1200/1200/287 237/237/287
f 435/435/288 1398/1398/288 1406/1406/288 443/443/288
f 651/651/103 1614/1614/103 1612/1612/103 649/649/103
f 230/230/289 1193/1193/289 1201/1201/289 238/238/289
f 891/891/290 1854/1854/291 1852/1852/290 889/889/291
f 31/31/292 994/994/292 992/992/292 29/29/292
f 650/650/106 1613/1613/106 1615/1615/106 652/652/106
f 30/30/293 993/993/293 995/995/293 32/32/293
f 892/892/294 1855/1855/294 1854/1854/294 891/891/294
f 444/444/295 1407/1407/295 1385/1386/295 423/422/295
f 647/647/110 1610/1610/111 1616/1616/110 653/653/111
f 239/239/296 1202/1202/296 1194/1194/296 231/231/296
f 890/890/297 1853/1853/297 1856/1856/297 893/893/297
f 443/443/298 1406/1406/298 1408/1408/298 445/445/298
f 25/25/299 988/988/300 996/996/299 33/33/300
f 240/240/301 1203/1203/301 1199/1199/301 236/236/301
f 654/654/119 1617/1617/119 1614/1614/119 651/651/119
f 237/237/302 1200/1200/302 1204/1204/302 241/241/302
f 894/894/303 1857/1857/303 1855/1855/303 892/892/303
f 446/446/304 1409/1409/304 1407/1407/304 444/444/304
f 34/34/305 997/997/305 986/986/305 23/23/305
f 655/655/123 1618/1618/123 1611/1611/123 648/648/123
f 895/895/306 1858/1858/306 1857/1857/306 894/894/306
f 447/447/307 1410/1410/307 1409/1409/307 446/446/307
f 35/35/308 998/998/308 994/994/308 31/31/308
f 652/652/127 1615/1615/127 1619/1619/127 656/656/127
f 242/242/309 1205/1205/309 1203/1203/309 240/240/309
f 893/893/310 1856/1856/310 1859/1859/310 896/896/310
f 445/445/311 1408/1408/311 1411/1411/311 448/448/311
f 32/32/312 995/995/312 999/999/312 36/36/312
f 241/241/313 1204/1204/313 1205/1205/313 242/242/313
f 656/656/134 1619/1619/134 1617/1617/134 654/654/134
f 897/897/314 1860/1860/314 1858/1858/314 895/895/314
f 449/449/315 1412/1412/315 1410/1410/315 447/447/315
f 37/37/316 1000/1000/316 998/998/316 35/35/316
f 238/238/317 1201/1201/317 1206/1206/317 243/243/317
f 896/896/318 1859/1859/318 1861/1861/318 898/898/318
f 36/36/319 999/999/319 1001/1001/319 38/38/319
f 653/653/138 1616/1616/138 1620/1620/138 657/657/138
f 450/450/320 1413/1413/320 1412/1412/320 449/449/320
f 448/448/321 1411/1411/321 1414/1414/321 451/451/321
f 33/33/77 996/996/77 1002/1002/77 39/39/77
f 244/244/322 1207/1207/322 1202/1202/322 239/239/322
f 899/899/323 1862/1862/323 1860/1860/324 897/897/324
f 658/658/146 1621/1621/146 1618/1618/146 655/655/146
f 243/243/325 1206/1206/325 1208/1208/325 245/245/325
f 657/657/149 1620/1620/149 1622/1622/149 659/659/149
f 900/900/326 1863/1863/326 1862/1862/323 899/899/323
f 452/452/327 1415/1415/327 1413/1413/327 450/450/327
f 40/40/328 1003/1003/328 997/997/328 34/34/328
f 898/898/329 1861/1861/329 1864/1864/329 901/901/329
f 246/246/330 1209/1209/330 1207/1207/330 244/244/330
f 453/453/331 1416/1416/331 1415/1415/331 452/452/331
f 41/41/91 1004/1004/91 1000/1000/91 37/37/91
f 660/660/97 1623/1623/97 1621/1621/97 658/658/97
f 245/245/332 1208/1208/332 1210/1210/332 247/247/332
f 451/451/333 1414/1414/333 1417/1417/333 454/454/333
f 38/38/94 1001/1001/94 1005/1005/94 42/42/94
f 902/902/334 1865/1865/334 1863/1863/334 900/900/334
f 661/661/157 1624/1624/157 1623/1623/157 660/660/157
f 901/901/335 1864/1864/335 1866/1866/335 903/903/335
f 659/659/159 1622/1622/159 1625/1625/159 662/662/159
f 248/248/336 1211/1211/336 1209/1209/336 246/246/336
f 455/455/337 1418/1418/338 1416/1416/337 453/453/338
f 43/43/339 1006/1006/340 1004/1004/339 41/41/340
f 247/247/341 1210/1210/341 1212/1212/341 249/249/341
f 42/42/106 1005/1005/106 1007/1007/106 44/44/106
f 904/904/342 1867/1867/342 1865/1865/342 902/902/342
f 456/456/343 1419/1419/343 1418/1418/343 455/455/343
f 663/663/165 1626/1626/165 1624/1624/165 661/661/165
f 903/903/344 1866/1866/344 1868/1868/344 905/905/344
f 39/39/345 1002/1002/345 1008/1008/345 45/45/345
f 250/250/346 1213/1213/346 1211/1211/346 248/248/346
f 457/457/347 1420/1420/347 1419/1419/347 456/456/347
f 664/664/348 1627/1627/348 1626/1626/348 663/663/348
f 249/249/349 1212/1212/349 1214/1214/349 251/251/349
f 454/454/350 1417/1417/350 1421/1421/350 458/458/350
f 662/662/172 1625/1625/172 1628/1628/172 665/665/172
f 906/906/351 1869/1869/351 1867/1867/351 904/904/351
f 46/46/119 1009/1009/119 1006/1006/119 43/43/119
f 905/905/352 1868/1868/352 1870/1870/352 907/907/352
f 458/458/353 1421/1421/354 1422/1422/353 459/459/354
f 252/252/355 1215/1215/355 1213/1213/355 250/250/355
f 459/459/356 1422/1422/357 1420/1420/358 457/457/357
f 47/47/359 1010/1010/359 1003/1003/359 40/40/359
f 666/666/360 1629/1629/360 1627/1627/360 664/664/360
f 251/251/361 1214/1214/361 1216/1216/361 253/253/361
f 461/462/145 1425/1424/145 1423/1423/145 460/460/145
f 44/44/127 1007/1007/127 1011/1011/127 48/48/127
f 665/665/180 1628/1628/180 1630/1630/180 667/667/180
f 253/253/362 1216/1216/362 1215/1215/362 252/252/362
f 908/908/363 1871/1871/363 1869/1869/363 906/906/363
f 255/256/364 1219/1218/365 1217/1217/364 254/254/365
f 907/907/366 1870/1870/366 1872/1872/366 909/909/366
f 48/48/134 1011/1011/134 1009/1009/134 46/46/134
f 668/668/186 1631/1631/186 1629/1629/186 666/666/186
f 256/255/367 1218/1219/367 1219/1218/367 255/256/367
f 909/909/368 1872/1872/368 1873/1873/368 910/910/368
f 463/463/134 1426/1426/134 1425/1424/134 461/462/134
f 670/671/189 1634/1633/189 1632/1632/189 669/669/189
f 258/259/369 1222/1221/369 1220/1220/369 257/257/369
f 45/45/138 1008/1008/138 1012/1012/138 49/49/138
f 464/464/370 1427/1427/370 1426/1426/370 463/463/370
f 671/670/99 1633/1634/99 1634/1633/99 670/671/99
f 259/258/371 1221/1222/371 1222/1221/371 258/259/371
f 911/911/372 1874/1874/372 1871/1871/372 908/908/372
f 254/254/373 1217/1217/373 1223/1223/373 260/260/373
f 910/910/374 1873/1873/374 1875/1875/374 912/912/374
f 465/465/375 1428/1428/375 1427/1427/375 464/464/375
f 50/50/146 1013/1013/146 1010/1010/146 47/47/146
f 672/672/197 1635/1635/197 1631/1631/197 668/668/197
f 49/49/149 1012/1012/149 1014/1014/149 51/51/149
f 669/669/200 1632/1632/200 1636/1636/200 673/673/200
f 912/912/376 1875/1875/376 1876/1876/376 913/913/376
f 466/466/377 1429/1429/378 1428/1428/377 465/465/378
f 261/261/379 1224/1224/379 1218/1219/379 256/255/379
f 673/673/206 1636/1636/206 1637/1637/206 674/674/206
f 257/257/380 1220/1220/380 1225/1225/380 262/262/380
f 467/467/381 1430/1430/381 1429/1429/381 466/466/381
f 52/52/97 1015/1015/97 1013/1013/97 50/50/97
f 914/914/382 1877/1877/382 1874/1874/382 911/911/382
f 667/667/211 1630/1630/211 1638/1638/211 675/675/211
f 913/913/383 1876/1876/383 1878/1878/383 915/915/383
f 468/468/384 1431/1431/384 1430/1430/384 467/467/384
f 53/53/157 1016/1016/157 1015/1015/157 52/52/157
f 263/263/385 1226/1226/385 1221/1222/385 259/258/385
f 51/51/159 1014/1014/159 1017/1017/159 54/54/159
f 260/260/386 1223/1223/386 1227/1227/386 264/264/386
f 917/918/145 1881/1880/145 1879/1879/145 916/916/145
f 469/469/387 1432/1432/387 1431/1431/387 468/468/387
f 676/676/388 1639/1639/388 1635/1635/388 672/672/388
f 674/674/220 1637/1637/220 1640/1640/220 677/677/220
f 918/917/389 1880/1881/389 1881/1880/389 917/918/389
f 470/470/390 1433/1433/390 1432/1432/390 469/469/390
f 55/55/165 1018/1018/165 1016/1016/165 53/53/165
f 265/265/391 1228/1228/391 1224/1224/391 261/261/391
f 462/461/97 1424/1425/97 1434/1434/97 471/471/97
f 677/677/225 1640/1640/225 1641/1641/225 678/678/225
f 262/262/392 1225/1225/392 1229/1229/392 266/266/392
f 919/919/393 1882/1882/393 1877/1877/393 914/914/393
f 56/56/170 1019/1019/170 1018/1018/170 55/55/170
f 915/915/394 1878/1878/394 1883/1883/394 920/920/394
f 54/54/172 1017/1017/172 1020/1020/172 57/57/172
f 264/264/395 1227/1227/395 1230/1230/395 267/267/395
f 472/472/396 1435/1435/396 1433/1433/396 470/470/396
f 679/679/397 1642/1642/397 1639/1639/397 676/676/397
f 678/678/234 1641/1641/234 1643/1643/234 680/680/234
f 921/921/398 1884/1884/398 1880/1881/398 918/917/398
f 473/473/99 1436/1436/99 1424/1425/99 462/461/99
f 58/58/399 1021/1021/399 1019/1019/399 56/56/399
f 268/268/400 1231/1231/400 1228/1228/400 265/265/400
f 920/920/401 1883/1883/401 1885/1885/401 922/922/401
f 471/471/402 1434/1434/402 1437/1437/402 474/474/402
f 57/57/180 1020/1020/180 1022/1022/180 59/59/180
f 681/681/403 1644/1644/403 1642/1642/403 679/679/403
f 269/269/404 1232/1232/404 1226/1226/404 263/263/404
f 474/474/405 1437/1437/405 1438/1438/405 475/475/405
f 680/680/247 1643/1643/247 1645/1645/247 682/682/247
f 266/266/406 1229/1229/406 1233/1233/406 270/270/406
f 923/923/407 1886/1886/407 1882/1882/407 919/919/407
f 60/60/408 1023/1023/408 1021/1021/408 58/58/408
f 475/475/409 1438/1438/409 1439/1439/409 476/476/409
f 62/63/410 1026/1025/410 1024/1024/410 61/61/410
f 675/675/250 1638/1638/250 1646/1646/250 683/683/250
f 267/267/411 1230/1230/411 1234/1234/411 271/271/411
f 924/924/412 1887/1887/412 1884/1884/412 921/921/412
f 922/922/413 1885/1885/413 1888/1888/413 925/925/413
f 63/62/99 1025/1026/99 1026/1025/99 62/63/99
f 682/682/256 1645/1645/256 1647/1647/256 684/684/256
f 273/274/145 1237/1236/145 1235/1235/145 272/272/145
f 477/477/414 1440/1440/414 1435/1435/414 472/472/414
f 476/476/415 1439/1439/415 1441/1441/415 478/478/415
f 64/64/197 1027/1027/197 1023/1023/197 60/60/197
f 274/273/134 1236/1237/134 1237/1236/134 273/274/134
f 926/926/416 1889/1889/416 1887/1887/416 924/924/416
f 61/61/200 1024/1024/200 1028/1028/200 65/65/200
f 685/685/417 1648/1648/417 1644/1644/417 681/681/417
f 925/925/418 1888/1888/418 1890/1890/418 927/927/418
f 478/478/419 1441/1441/419 1442/1442/419 479/479/419
f 684/684/262 1647/1647/262 1649/1649/262 686/686/262
f 275/275/99 1238/1238/99 1236/1237/99 274/273/99
f 65/65/420 1028/1028/420 1029/1029/420 66/66/420
f 927/927/421 1890/1890/421 1891/1891/421 928/928/421
f 479/479/422 1442/1442/422 1443/1443/422 480/480/422
f 276/276/423 1239/1239/423 1231/1231/423 268/268/423
f 59/59/211 1022/1022/211 1030/1030/211 67/67/211
f 687/687/267 1650/1650/267 1648/1648/267 685/685/267
f 270/270/424 1233/1233/424 1240/1240/424 277/277/424
f 686/686/270 1649/1649/270 1651/1651/270 688/688/270
f 929/929/425 1892/1892/425 1886/1886/425 923/923/425
f 481/481/426 1444/1444/426 1440/1440/426 477/477/426
f 271/271/427 1234/1234/427 1241/1241/427 278/278/427
f 480/480/428 1443/1443/428 1445/1445/428 482/482/428
f 68/68/216 1031/1031/216 1027/1027/216 64/64/216
f 688/688/272 1651/1651/273 1652/1652/272 689/689/273
f 930/930/429 1893/1893/429 1889/1889/429 926/926/429
f 66/66/220 1029/1029/220 1032/1032/220 69/69/220
f 928/928/430 1891/1891/430 1894/1894/430 931/931/430
f 482/482/431 1445/1445/431 1446/1446/431 483/483/431
f 279/279/432 1242/1242/432 1232/1232/432 269/269/432
f 69/69/433 1032/1032/434 1033/1033/433 70/70/434
f 690/690/279 1653/1653/279 1650/1650/279 687/687/279
f 483/483/435 1446/1446/435 1447/1447/435 484/484/435
f 689/689/283 1652/1652/283 1653/1653/283 690/690/283
f 280/280/436 1243/1243/436 1239/1239/436 276/276/436
f 932/932/437 1895/1895/438 1893/1893/437 930/930/438
f 278/278/439 1241/1241/439 1244/1244/439 281/281/439
f 931/931/440 1894/1894/440 1896/1896/440 933/933/440
f 71/71/441 1034/1034/441 1031/1031/441 68/68/441
f 485/485/442 1448/1448/442 1444/1444/442 481/481/442
f 70/70/234 1033/1033/234 1035/1035/234 72/72/234
f 683/683/288 1646/1646/288 1654/1654/288 691/691/288
f 277/277/443 1240/1240/443 1245/1245/443 282/282/443
f 484/484/444 1447/1447/444 1449/1449/444 486/486/444
f 934/934/445 1897/1897/445 1895/1895/445 932/932/445
f 486/486/446 1449/1449/446 1450/1450/446 487/487/446
f 73/73/242 1036/1036/242 1034/1034/242 71/71/242
f 692/692/447 1655/1655/447 1633/1634/447 671/670/447
f 283/283/448 1246/1246/448 1243/1243/448 280/280/448
f 935/935/449 1898/1898/449 1892/1892/449 929/929/449
f 72/72/247 1035/1035/247 1037/1037/247 74/74/247
f 691/691/298 1654/1654/298 1656/1656/298 693/693/298
f 933/933/450 1896/1896/450 1899/1899/450 936/936/450
f 284/284/451 1247/1247/451 1242/1242/451 279/279/451
f 488/488/452 1451/1451/452 1448/1448/452 485/485/452
f 67/67/250 1030/1030/250 1038/1038/250 75/75/250
f 281/281/453 1244/1244/453 1248/1248/453 285/285/453
f 487/487/454 1450/1450/454 1452/1452/454 489/489/454
f 694/694/455 1657/1657/455 1655/1655/455 692/692/455
f 937/937/456 1900/1900/456 1897/1897/456 934/934/456
f 74/74/457 1037/1037/457 1039/1039/457 76/76/457
f 282/282/458 1245/1245/458 1249/1249/458 286/286/458
f 936/936/459 1899/1899/459 1901/1901/459 938/938/459
f 489/489/460 1452/1452/460 1453/1453/460 490/490/460
f 695/695/307 1658/1658/307 1657/1657/307 694/694/307
f 693/693/311 1656/1656/311 1659/1659/311 696/696/311
f 77/77/260 1040/1040/260 1036/1036/260 73/73/260
f 287/287/461 1250/1250/461 1246/1246/461 283/283/461
f 939/939/462 1902/1902/462 1900/1900/462 937/937/462
f 491/491/463 1454/1454/463 1451/1451/463 488/488/463
f 76/76/262 1039/1039/262 1041/1041/262 78/78/262
f 285/285/464 1248/1248/464 1251/1251/464 288/288/464
f 938/938/465 1901/1901/465 1903/1903/465 940/940/465
f 490/490/466 1453/1453/466 1455/1455/466 492/492/466
f 697/697/467 1660/1660/468 1658/1658/467 695/695/468
f 286/286/469 1249/1249/469 1252/1252/469 289/289/469
f 79/79/267 1042/1042/267 1040/1040/267 77/77/267
f 698/698/320 1661/1661/320 1660/1660/320 697/697/320
f 941/941/470 1904/1904/470 1902/1902/470 939/939/470
f 493/493/471 1456/1456/471 1454/1454/471 491/491/471
f 78/78/270 1041/1041/270 1043/1043/270 80/80/270
f 696/696/472 1659/1659/472 1662/1662/472 699/699/472
f 940/940/473 1903/1903/473 1905/1905/473 942/942/473
f 492/492/474 1455/1455/474 1457/1457/474 494/494/474
f 290/290/475 1253/1253/475 1247/1247/475 284/284/475
f 80/80/272 1043/1043/273 1044/1044/272 81/81/273
f 494/494/476 1457/1457/476 1458/1458/476 495/495/476
f 700/700/327 1663/1663/327 1661/1661/327 698/698/327
f 291/291/477 1254/1254/477 1250/1250/477 287/287/477
f 943/943/478 1906/1906/478 1904/1904/478 941/941/478
f 288/288/479 1251/1251/480 1255/1255/479 292/292/480
f 82/82/481 1045/1045/481 1042/1042/481 79/79/481
f 701/701/331 1664/1664/331 1663/1663/331 700/700/331
f 944/944/482 1907/1907/482 1898/1898/482 935/935/482
f 496/496/483 1459/1459/483 1456/1456/483 493/493/483
f 81/81/283 1044/1044/283 1045/1045/283 82/82/283
f 699/699/484 1662/1662/484 1665/1665/484 702/702/484
f 289/289/485 1252/1252/485 1256/1256/485 293/293/485
f 942/942/486 1905/1905/486 1908/1908/486 945/945/486
f 495/495/487 1458/1458/487 1460/1460/487 497/497/487
f 75/75/488 1038/1038/488 1046/1046/488 83/83/488
f 703/703/489 1666/1666/489 1664/1664/489 701/701/489
f 294/294/490 1257/1257/490 1254/1254/490 291/291/490
f 945/945/491 1908/1908/491 1906/1906/491 943/943/491
f 498/498/492 1461/1461/492 1459/1459/492 496/496/492
f 292/292/493 1255/1255/493 1258/1258/493 295/295/493
f 497/497/494 1460/1460/494 1462/1462/494 499/499/494
f 704/704/343 1667/1667/343 1666/1666/343 703/703/343
f 84/84/447 1047/1047/447 1025/1026/447 63/62/447
f 946/946/495 1909/1909/495 1907/1907/495 944/944/495
f 83/83/298 1046/1046/298 1048/1048/298 85/85/298
f 705/705/347 1668/1668/347 1667/1667/347 704/704/347
f 296/296/496 1259/1259/496 1253/1253/496 290/290/496
f 916/916/497 1879/1879/497 1910/1910/497 947/947/497
f 500/500/498 1463/1463/498 1461/1461/498 498/498/498
f 702/702/350 1665/1665/350 1669/1669/350 706/706/350
f 293/293/499 1256/1256/500 1260/1260/499 297/297/500
f 499/499/501 1462/1462/501 1464/1464/501 501/501/501
f 947/947/502 1910/1910/502 1911/1911/502 948/948/502
f 86/86/455 1049/1049/455 1047/1047/455 84/84/455
f 706/706/353 1669/1669/354 1670/1670/353 707/707/354
f 501/501/503 1464/1464/503 1465/1465/503 502/502/503
f 707/707/504 1670/1670/504 1668/1668/504 705/705/504
f 298/298/505 1261/1261/505 1257/1257/505 294/294/505
f 87/87/307 1050/1050/307 1049/1049/307 86/86/307
f 709/710/145 1673/1672/145 1671/1671/145 708/708/145
f 295/295/506 1258/1258/506 1238/1238/506 275/275/506
f 949/949/507 1912/1912/507 1909/1909/507 946/946/507
f 85/85/311 1048/1048/311 1051/1051/311 88/88/311
f 948/948/508 1911/1911/508 1913/1913/508 950/950/508
f 503/503/509 1466/1466/509 1463/1463/509 500/500/509
f 297/297/510 1260/1260/510 1262/1262/510 299/299/510
f 502/502/511 1465/1465/511 1467/1467/511 504/504/511
f 89/89/315 1052/1052/315 1050/1050/315 87/87/315
f 711/711/134 1674/1674/134 1673/1672/134 709/710/134
f 951/951/512 1914/1914/512 1912/1912/512 949/949/512
f 504/504/513 1467/1467/513 1468/1468/513 505/505/513
f 950/950/514 1913/1913/514 1915/1915/514 952/952/514
f 90/90/320 1053/1053/320 1052/1052/320 89/89/320
f 712/712/515 1675/1675/515 1674/1674/515 711/711/515
f 88/88/321 1051/1051/321 1054/1054/321 91/91/321
f 301/301/516 1264/1264/516 1259/1259/516 296/296/516
f 952/952/517 1915/1915/517 1916/1916/517 953/953/517
f 506/506/518 1469/1469/519 1466/1466/518 503/503/519
f 713/713/520 1676/1676/520 1675/1675/520 712/712/520
f 505/505/521 1468/1468/521 1470/1470/521 507/507/521
f 92/92/327 1055/1055/327 1053/1053/327 90/90/327
f 714/714/522 1677/1677/522 1676/1676/522 713/713/522
f 302/302/523 1265/1265/523 1266/1266/523 303/303/523
f 954/954/524 1917/1917/524 1914/1914/524 951/951/524
f 507/507/525 1470/1470/525 1471/1471/525 508/508/525
f 953/953/526 1916/1916/527 1918/1918/526 955/955/527
f 93/93/528 1056/1056/528 1055/1055/528 92/92/528
f 715/715/529 1678/1678/529 1677/1677/529 714/714/529
f 303/303/530 1266/1266/530 1267/1267/530 304/304/530
f 91/91/484 1054/1054/484 1057/1057/484 94/94/484
f 955/955/531 1918/1918/531 1919/1919/531 956/956/531
f 716/716/532 1679/1679/532 1678/1678/532 715/715/532
f 304/304/533 1267/1267/533 1268/1268/533 305/305/533
f 508/508/134 1471/1471/134 1436/1436/134 473/473/134
f 95/95/534 1058/1058/534 1056/1056/534 93/93/534
f 717/717/535 1680/1680/535 1679/1679/535 716/716/535
f 305/305/536 1268/1268/536 1269/1269/536 306/306/536
f 957/957/537 1920/1920/537 1917/1917/537 954/954/537
f 956/956/538 1919/1919/538 1921/1921/538 958/958/538
f 96/96/539 1059/1059/539 1058/1058/539 95/95/539
f 718/718/540 1681/1681/540 1680/1680/540 717/717/540
f 306/306/541 1269/1269/541 1270/1270/541 307/307/541
f 510/510/542 1473/1473/542 1469/1469/542 506/506/542
f 710/709/97 1672/1673/97 1682/1682/97 719/719/97
f 958/958/543 1921/1921/543 1922/1922/543 959/959/543
f 97/97/544 1060/1060/544 1059/1059/544 96/96/544
f 307/307/545 1270/1270/545 1271/1271/545 308/308/545
f 511/511/546 1474/1474/546 1473/1473/546 510/510/546
f 94/94/547 1057/1057/547 1061/1061/547 98/98/547
f 719/719/548 1682/1682/548 1683/1683/548 720/720/548
f 308/308/549 1271/1271/549 1272/1272/549 309/309/549
f 960/960/550 1923/1923/550 1920/1920/550 957/957/550
f 512/512/551 1475/1475/551 1474/1474/551 511/511/551
f 98/98/552 1061/1061/552 1062/1062/552 99/99/552
f 959/959/553 1922/1922/553 1924/1924/553 961/961/553
f 99/99/554 1062/1062/555 1060/1060/554 97/97/555
f 721/721/556 1684/1684/556 1681/1681/556 718/718/556
f 309/309/557 1272/1272/557 1273/1273/557 310/310/557
f 513/513/558 1476/1476/558 1475/1475/558 512/512/558
f 101/102/559 1065/1064/559 1063/1063/559 100/100/559
f 961/961/560 1924/1924/560 1925/1925/560 962/962/560
f 722/722/99 1685/1685/99 1672/1673/99 710/709/99
f 310/310/561 1273/1273/562 1274/1274/561 311/311/562
f 514/514/563 1477/1477/563 1476/1476/563 513/513/563
f 102/101/99 1064/1065/99 1065/1064/99 101/102/99
f 720/720/564 1683/1683/564 1686/1686/564 723/723/564
f 962/962/565 1925/1925/565 1926/1926/565 963/963/565
f 311/311/566 1274/1274/566 1275/1275/566 312/312/566
f 963/963/567 1926/1926/567 1923/1923/567 960/960/567
f 515/515/568 1478/1478/568 1477/1477/568 514/514/568
f 103/103/134 1066/1066/134 1064/1065/134 102/101/134
f 723/723/569 1686/1686/569 1687/1687/569 724/724/569
f 312/312/570 1275/1275/571 1276/1276/570 313/313/571
f 516/516/572 1479/1479/572 1478/1478/572 515/515/572
f 104/104/99 1067/1067/99 1066/1066/99 103/103/99
f 724/724/573 1687/1687/573 1688/1688/573 725/725/573
f 509/509/97 1472/1472/97 1480/1480/97 517/517/97
f 100/100/145 1063/1063/145 1068/1068/145 105/105/145
f 725/725/574 1688/1688/574 1689/1689/574 726/726/574
f 313/313/575 1276/1276/575 1277/1277/575 314/314/575
f 517/517/576 1480/1480/576 1481/1481/576 518/518/576
f 105/105/97 1068/1068/97 1069/1069/97 106/106/97
f 106/106/145 1069/1069/145 1070/1070/145 107/107/145
f 727/727/577 1690/1690/577 1684/1684/577 721/721/577
f 315/315/578 1278/1278/579 1261/1261/578 298/298/579
f 519/519/580 1482/1482/580 1479/1479/580 516/516/580
f 726/726/581 1689/1689/581 1691/1691/581 728/728/581
f 299/299/582 1262/1262/582 1278/1278/582 315/315/582
f 460/460/97 1423/1423/97 1483/1483/97 520/520/97
f 520/520/99 1483/1483/99 1472/1472/99 509/509/99
f 108/108/97 1071/1071/97 1067/1067/97 104/104/97
f 728/728/583 1691/1691/583 1692/1692/583 729/729/583
f 518/518/584 1481/1481/584 1484/1484/584 521/521/584
f 316/316/585 1279/1279/585 1263/1263/585 300/300/585
f 109/109/99 1072/1072/99 1071/1071/99 108/108/99
f 314/314/586 1277/1277/587 1280/1280/586 317/317/587
f 521/521/588 1484/1484/588 1485/1485/588 522/522/588
f 730/730/589 1693/1693/589 1690/1690/589 727/727/589
f 110/110/590 1073/1073/590 1072/1072/590 109/109/590
f 729/729/591 1692/1692/592 1694/1694/591 731/731/592
f 300/300/593 1263/1263/593 1281/1281/593 318/318/593
f 522/522/594 1485/1485/594 1486/1486/594 523/523/594
f 107/107/595 1070/1070/595 1074/1074/595 111/111/595
f 731/731/596 1694/1694/596 1695/1695/596 732/732/596
f 319/319/597 1282/1282/597 1279/1279/597 316/316/597
f 524/524/598 1487/1487/598 1482/1482/598 519/519/598
f 112/112/599 1075/1075/599 1073/1073/599 110/110/599
f 317/317/600 1280/1280/600 1283/1283/600 320/320/600
f 523/523/601 1486/1486/601 1488/1488/601 525/525/601
f 733/733/602 1696/1696/602 1693/1693/602 730/730/602
f 113/113/603 1076/1076/604 1075/1075/603 112/112/604
f 732/732/605 1695/1695/605 1697/1697/605 734/734/605
f 318/318/606 1281/1281/606 1284/1284/606 321/321/606
f 525/525/607 1488/1488/607 1489/1489/607 526/526/607
f 111/111/608 1074/1074/608 1077/1077/608 114/114/608
f 734/734/609 1697/1697/609 1698/1698/609 735/735/609
f 322/322/610 1285/1285/610 1282/1282/610 319/319/610
f 527/527/611 1490/1490/611 1487/1487/611 524/524/611
f 115/115/612 1078/1078/612 1076/1076/612 113/113/612
f 320/320/613 1283/1283/613 1286/1286/613 323/323/613
f 526/526/614 1489/1489/614 1491/1491/614 528/528/614
f 117/118/615 1081/1080/615 1079/1079/615 116/116/615
f 736/736/616 1699/1699/616 1696/1696/616 733/733/616
f 735/735/617 1698/1698/617 1700/1700/617 737/737/617
f 321/321/618 1284/1284/618 1287/1287/618 324/324/618
f 118/117/99 1080/1081/99 1081/1080/99 117/118/99
f 529/529/619 1492/1492/619 1490/1490/619 527/527/619
f 116/116/620 1079/1079/620 1082/1082/620 119/119/620
f 737/737/621 1700/1700/621 1701/1701/621 738/738/621
f 528/528/622 1491/1491/622 1493/1493/622 530/530/622
f 325/325/623 1288/1288/623 1285/1285/623 322/322/623
f 323/323/624 1286/1286/624 1289/1289/624 326/326/624
f 120/120/625 1083/1083/625 1078/1078/625 115/115/625
f 739/739/626 1702/1702/626 1699/1699/626 736/736/626
f 531/531/627 1494/1494/627 1492/1492/627 529/529/627
f 119/119/628 1082/1082/628 1084/1084/628 121/121/628
f 738/738/629 1701/1701/630 1703/1703/629 740/740/630
f 530/530/631 1493/1493/631 1495/1495/631 532/532/631
f 324/324/632 1287/1287/633 1290/1290/632 327/327/633
f 114/114/634 1077/1077/634 1085/1085/634 122/122/634
f 741/741/635 1704/1704/635 1702/1702/635 739/739/635
f 533/533/636 1496/1496/636 1494/1494/636 531/531/636
f 740/740/637 1703/1703/637 1705/1705/637 742/742/637
f 328/328/638 1291/1291/638 1288/1288/638 325/325/638
f 532/532/639 1495/1495/639 1497/1497/639 534/534/639
f 123/123/640 1086/1086/640 1083/1083/640 120/120/640
f 121/121/641 1084/1084/642 1087/1087/641 124/124/642
f 742/742/643 1705/1705/643 1706/1706/643 743/743/643
f 329/329/644 1292/1292/644 1264/1264/644 301/301/644
f 326/326/645 1289/1289/646 1293/1293/645 330/330/646
f 535/535/647 1498/1498/647 1496/1496/647 533/533/647
f 124/124/648 1087/1087/648 1088/1088/648 125/125/648
f 534/534/649 1497/1497/649 1499/1499/649 536/536/649
f 744/744/650 1707/1707/650 1704/1704/650 741/741/650
f 743/743/651 1706/1706/651 1708/1708/651 745/745/651
f 331/331/652 1294/1294/652 1291/1291/652 328/328/652
f 126/126/653 1089/1089/654 1086/1086/653 123/123/654
f 327/327/655 1290/1290/655 1295/1295/655 332/332/655
f 537/537/656 1500/1500/656 1498/1498/657 535/535/657
f 125/125/658 1088/1088/658 1090/1090/658 127/127/658
f 745/745/659 1708/1708/659 1709/1709/659 746/746/659
f 538/538/660 1501/1501/660 1500/1500/656 537/537/656
f 333/333/661 1296/1296/661 1294/1294/661 331/331/661
f 536/536/662 1499/1499/662 1502/1502/663 539/539/663
f 128/128/664 1091/1091/664 1089/1089/664 126/126/664
f 747/747/665 1710/1710/665 1707/1707/665 744/744/665
f 330/330/666 1293/1293/666 1297/1297/666 334/334/666
f 127/127/667 1090/1090/667 1092/1092/667 129/129/667
f 746/746/668 1709/1709/668 1711/1711/668 748/748/668
f 332/332/669 1295/1295/669 1298/1298/669 335/335/669
f 540/540/670 1503/1503/670 1501/1501/660 538/538/660
f 539/539/663 1502/1502/663 1504/1504/671 541/541/671
f 130/130/672 1093/1093/673 1091/1091/672 128/128/673
f 749/749/674 1712/1712/674 1710/1710/674 747/747/674
f 129/129/675 1092/1092/675 1094/1094/675 131/131/675
f 748/748/676 1711/1711/676 1713/1713/676 750/750/676
f 336/336/677 1299/1299/677 1296/1296/677 333/333/677
f 334/334/678 1297/1297/678 1300/1300/678 337/337/678
f 542/542/679 1505/1505/679 1503/1503/670 540/540/670
f 122/122/680 1085/1085/681 1095/1095/680 132/132/681
f 751/751/682 1714/1714/682 1685/1685/682 722/722/682
f 335/335/683 1298/1298/683 1301/1301/683 338/338/683
f 543/543/684 1506/1506/684 1505/1505/679 542/542/679
f 131/131/685 1094/1094/685 1096/1096/685 133/133/685
f 750/750/686 1713/1713/686 1715/1715/686 752/752/686
f 544/544/687 1507/1507/687 1506/1506/684 543/543/684
f 339/339/688 1302/1302/688 1299/1299/688 336/336/688
f 134/134/689 1097/1097/689 1093/1093/689 130/130/689
f 753/753/690 1716/1716/690 1714/1714/690 751/751/690
f 545/545/691 1508/1508/691 1507/1507/687 544/544/687
f 133/133/692 1096/1096/692 1098/1098/692 135/135/692
f 340/340/693 1303/1303/693 1292/1292/693 329/329/693
f 754/754/694 1717/1717/694 1716/1716/694 753/753/694
f 337/337/695 1300/1300/695 1304/1304/695 341/341/695
f 546/546/696 1509/1509/696 1508/1508/691 545/545/691
f 136/136/697 1099/1099/698 1097/1097/697 134/134/698
f 547/547/699 1510/1510/699 1509/1509/696 546/546/696
f 135/135/700 1098/1098/701 1100/1100/700 137/137/701
f 342/342/702 1305/1305/702 1302/1302/702 339/339/702
f 756/756/703 1719/1719/703 1717/1717/703 754/754/703
f 338/338/704 1301/1301/704 1306/1306/704 343/343/704
f 548/548/705 1511/1511/705 1510/1510/699 547/547/699
f 752/752/706 1715/1715/706 1720/1720/706 757/757/706
f 138/138/707 1101/1101/707 1099/1099/707 136/136/707
f 549/549/708 1512/1512/708 1511/1511/705 548/548/705
f 137/137/709 1100/1100/709 1101/1101/709 138/138/709
f 344/344/710 1307/1307/710 1305/1305/710 342/342/710
f 758/758/711 1721/1721/711 1719/1719/711 756/756/711
f 341/341/712 1304/1304/712 1308/1308/712 345/345/712
f 550/550/713 1513/1513/713 1512/1512/708 549/549/708
f 132/132/714 1095/1095/715 1102/1102/714 139/139/715
f 759/759/716 1722/1722/716 1721/1721/716 758/758/716
f 343/343/717 1306/1306/718 1309/1309/717 346/346/718
f 551/551/719 1514/1514/719 1513/1513/713 550/550/713
f 139/139/720 1102/1102/720 1103/1103/720 140/140/720
f 760/760/721 1723/1723/721 1712/1712/721 749/749/721
f 552/552/722 1515/1515/722 1514/1514/719 551/551/719
f 757/757/723 1720/1720/723 1724/1724/723 761/761/723
f 347/347/724 1310/1310/724 1307/1307/724 344/344/724
f 541/541/97 1504/1504/97 1516/1516/97 553/553/97
f 140/140/725 1103/1103/725 1104/1104/725 141/141/725
f 553/553/726 1516/1516/726 1515/1515/722 552/552/722
f 348/348/727 1311/1311/727 1303/1303/727 340/340/727
f 555/556/728 1519/1518/728 1517/1517/728 554/554/728
f 762/762/729 1725/1725/729 1722/1722/729 759/759/729
f 345/345/730 1308/1308/730 1312/1312/730 349/349/730
f 142/142/731 1105/1105/731 1080/1081/731 118/117/731
f 556/555/732 1518/1519/733 1519/1518/732 555/556/733
f 141/141/734 1104/1104/734 1106/1106/734 143/143/734
f 763/763/735 1726/1726/735 1725/1725/735 762/762/735
f 272/272/97 1235/1235/97 1313/1313/97 350/350/97
f 350/350/99 1313/1313/99 1265/1265/99 302/302/99
f 557/557/736 1520/1520/736 1518/1519/736 556/555/736
f 764/764/737 1727/1727/738 1726/1726/737 763/763/738
f 554/554/739 1517/1517/739 1521/1521/739 558/558/739
f 144/144/740 1107/1107/740 1105/1105/740 142/142/740
f 761/761/741 1724/1724/741 1728/1728/741 765/765/741
f 351/351/99 1314/1314/99 1310/1310/99 347/347/99
f 346/346/742 1309/1309/742 1315/1315/742 352/352/742
f 145/145/743 1108/1108/743 1107/1107/743 144/144/743
f 559/559/744 1522/1522/744 1520/1520/744 557/557/744
f 143/143/745 1106/1106/746 1109/1109/745 146/146/746
f 766/766/747 1729/1729/748 1727/1727/747 764/764/748
f 349/349/749 1312/1312/749 1316/1316/749 353/353/749
f 558/558/750 1521/1521/751 1523/1523/750 560/560/751
f 767/767/752 1730/1730/752 1729/1729/752 766/766/752
f 352/352/753 1315/1315/753 1317/1317/753 354/354/753
f 147/147/754 1110/1110/754 1108/1108/754 145/145/754
f 561/561/755 1524/1524/755 1522/1522/755 559/559/755
f 765/765/756 1728/1728/756 1730/1730/756 767/767/756
f 148/148/757 1111/1111/757 1110/1110/757 147/147/757
f 355/355/758 1318/1318/758 1311/1311/758 348/348/758
f 562/562/759 1525/1525/759 1524/1524/759 561/561/759
f 353/353/760 1316/1316/760 1319/1319/760 356/356/760
f 560/560/761 1523/1523/762 1526/1526/761 563/563/762
f 149/149/763 1112/1112/763 1111/1111/763 148/148/763
f 768/768/764 1731/1731/764 1723/1723/764 760/760/764
f 146/146/765 1109/1109/765 1113/1113/765 150/150/765
f 354/354/766 1317/1317/766 1320/1320/766 357/357/766
f 769/769/767 1732/1732/767 1731/1731/767 768/768/767
f 564/564/768 1527/1527/768 1525/1525/768 562/562/768
f 566/567/145 1530/1529/145 1528/1528/145 565/565/145
f 151/151/769 1114/1114/769 1112/1112/769 149/149/769
f 770/770/770 1733/1733/770 1732/1732/770 769/769/770
f 358/358/99 1321/1321/99 1318/1318/99 355/355/99
f 708/708/97 1671/1671/97 1734/1734/97 771/771/97
f 356/356/145 1319/1319/145 1322/1322/145 359/359/145
f 567/566/134 1529/1530/134 1530/1529/134 566/567/134
f 152/152/771 1115/1115/772 1114/1114/771 151/151/772
f 771/771/99 1734/1734/99 1718/1718/99 755/755/99
f 359/359/97 1322/1322/97 1314/1314/97 351/351/97
f 150/150/773 1113/1113/774 1116/1116/773 153/153/774
f 755/755/775 1718/1718/775 1735/1735/775 772/772/775
f 357/357/145 1320/1320/145 1323/1323/145 360/360/145
f 568/568/99 1531/1531/99 1529/1530/99 567/566/99
f 360/360/97 1323/1323/97 1321/1321/97 358/358/97
f 563/563/776 1526/1526/776 1532/1532/776 569/569/776
f 362/363/104 1326/1325/104 1324/1324/104 361/361/104
f 154/154/777 1117/1117/777 1115/1115/777 152/152/777
f 773/773/778 1736/1736/778 1733/1733/778 770/770/778
f 772/772/779 1735/1735/779 1737/1737/779 774/774/779
f 363/362/107 1325/1326/107 1326/1325/107 362/363/107
f 570/570/780 1533/1533/781 1527/1527/780 564/564/781
f 155/155/782 1118/1118/782 1117/1117/782 154/154/782
f 153/153/783 1116/1116/783 1119/1119/783 156/156/783
f 774/774/784 1737/1737/784 1738/1738/784 775/775/784
f 364/364/114 1327/1327/114 1325/1326/114 363/362/114
f 571/571/785 1534/1534/785 1533/1533/785 570/570/785
f 361/361/117 1324/1324/117 1328/1328/117 365/365/117
f 569/569/786 1532/1532/786 1535/1535/786 572/572/786
f 156/156/787 1119/1119/788 1120/1120/787 157/157/788
f 775/775/789 1738/1738/789 1739/1739/789 776/776/789
f 157/157/790 1120/1120/790 1118/1118/790 155/155/790
f 159/160/791 1123/1122/791 1121/1121/791 158/158/791
f 776/776/792 1739/1739/792 1740/1740/792 777/777/792
f 366/366/124 1329/1329/124 1327/1327/124 364/364/124
f 573/573/793 1536/1536/793 1534/1534/793 571/571/793
f 365/365/794 1328/1328/794 1330/1330/794 367/367/794
f 572/572/795 1535/1535/795 1537/1537/795 574/574/795
f 160/159/796 1122/1123/796 1123/1122/796 159/160/796
f 778/778/797 1741/1741/797 1736/1736/797 773/773/797
f 161/161/798 1124/1124/798 1122/1123/798 160/159/798
f 777/777/799 1740/1740/799 1742/1742/799 779/779/799
f 368/368/135 1331/1331/135 1329/1329/135 366/366/135
f 575/575/800 1538/1538/800 1536/1536/800 573/573/800
f 158/158/801 1121/1121/801 1125/1125/801 162/162/801
f 367/367/802 1330/1330/802 1332/1332/802 369/369/802
f 779/779/803 1742/1742/803 1743/1743/803 780/780/803
f 576/576/804 1539/1539/804 1538/1538/804 575/575/804
f 574/574/805 1537/1537/805 1540/1540/805 577/577/805
f 163/163/806 1126/1126/806 1124/1124/806 161/161/806
f 780/780/807 1743/1743/807 1744/1744/807 781/781/807
f 370/370/196 1333/1333/196 1331/1331/196 368/368/196
f 162/162/808 1125/1125/808 1127/1127/808 164/164/808
f 369/369/147 1332/1332/147 1334/1334/147 371/371/147
f 781/781/809 1744/1744/809 1745/1745/809 782/782/809
f 578/578/810 1541/1541/810 1539/1539/810 576/576/810
f 577/577/811 1540/1540/811 1542/1542/811 579/579/811
f 165/165/812 1128/1128/812 1126/1126/812 163/163/812
f 372/372/207 1335/1335/207 1333/1333/207 370/370/207
f 164/164/813 1127/1127/813 1129/1129/813 166/166/813
f 783/783/814 1746/1746/814 1741/1741/814 778/778/814
f 371/371/155 1334/1334/155 1336/1336/155 373/373/155
f 782/782/815 1745/1745/815 1747/1747/815 784/784/815
f 580/580/816 1543/1543/817 1544/1544/816 581/581/817
f 167/167/818 1130/1130/818 1128/1128/818 165/165/818
f 784/784/819 1747/1747/819 1748/1748/819 785/785/819
f 374/374/214 1337/1337/214 1335/1335/214 372/372/214
f 166/166/820 1129/1129/820 1131/1131/820 168/168/820
f 785/785/821 1748/1748/822 1746/1746/821 783/783/822
f 373/373/162 1336/1336/162 1338/1338/162 375/375/162
f 581/581/823 1544/1544/824 1545/1545/823 582/582/824
f 787/788/145 1751/1750/145 1749/1749/145 786/786/145
f 582/582/825 1545/1545/825 1546/1546/825 583/583/825
f 169/169/826 1132/1132/826 1130/1130/826 167/167/826
f 788/787/134 1750/1751/134 1751/1750/134 787/788/134
f 168/168/827 1131/1131/827 1133/1133/827 170/170/827
f 583/583/828 1546/1546/828 1547/1547/828 584/584/828
f 789/789/99 1752/1752/99 1750/1751/99 788/787/99
f 377/377/829 1340/1340/829 1339/1339/829 376/376/829
f 791/792/145 1755/1754/145 1753/1753/145 790/790/145
f 376/376/232 1339/1339/232 1341/1341/232 378/378/232
f 584/584/830 1547/1547/830 1548/1548/830 585/585/830
f 171/171/831 1134/1134/831 1132/1132/831 169/169/831
f 170/170/832 1133/1133/832 1135/1135/832 172/172/832
f 792/791/134 1754/1755/134 1755/1754/134 791/792/134
f 585/585/833 1548/1548/833 1549/1549/833 586/586/833
f 379/379/239 1342/1342/239 1340/1340/239 377/377/239
f 793/793/99 1756/1756/99 1754/1755/99 792/791/99
f 378/378/834 1341/1341/835 1343/1343/834 380/380/835
f 586/586/836 1549/1549/836 1550/1550/836 587/587/836
f 786/786/837 1749/1749/837 1757/1757/837 794/794/837
f 587/587/838 1550/1550/838 1551/1551/838 588/588/838
f 174/174/839 1137/1137/839 1136/1136/839 173/173/839
f 826/826/840 1789/1789/840 1786/1786/840 823/823/840
f 381/381/251 1344/1344/251 1342/1342/251 379/379/251
f 173/173/841 1136/1136/841 1138/1138/841 175/175/841
f 795/795/842 1758/1758/842 1752/1752/842 789/789/842
f 380/380/191 1343/1343/191 1345/1345/191 382/382/191
f 588/588/843 1551/1551/844 1552/1552/843 589/589/844
f 827/827/845 1790/1790/845 1789/1789/845 826/826/845
f 589/589/846 1552/1552/846 1541/1541/846 578/578/846
f 825/825/847 1788/1788/847 1791/1791/847 828/828/847
f 796/796/848 1759/1759/848 1758/1758/848 795/795/848
f 579/579/849 1542/1542/849 1553/1553/849 590/590/849
f 176/176/850 1139/1139/850 1137/1137/850 174/174/850
f 794/794/851 1757/1757/851 1760/1760/851 797/797/851
f 383/383/198 1346/1346/198 1337/1337/198 374/374/198
f 175/175/184 1138/1138/184 1140/1140/184 177/177/184
f 829/829/852 1792/1792/852 1790/1790/852 827/827/852
f 384/384/202 1347/1347/202 1344/1344/202 381/381/202
f 591/591/853 1554/1554/853 1555/1555/853 592/592/853
f 828/828/854 1791/1791/854 1793/1793/854 830/830/854
f 798/798/855 1761/1761/856 1759/1759/855 796/796/856
f 375/375/208 1338/1338/208 1348/1348/208 385/385/208
f 178/178/857 1141/1141/857 1139/1139/857 176/176/857
f 790/790/858 1753/1753/858 1762/1762/858 799/799/858
f 592/592/859 1555/1555/859 1543/1543/859 580/580/859
f 177/177/860 1140/1140/860 1142/1142/860 179/179/860
f 382/382/212 1345/1345/212 1349/1349/212 386/386/212
f 590/590/861 1553/1553/861 1556/1556/861 593/593/861
f 831/831/862 1794/1794/862 1792/1792/862 829/829/862
f 800/800/863 1763/1763/864 1761/1761/863 798/798/864
f 180/180/865 1143/1143/865 1134/1134/865 171/171/865
f 832/832/866 1795/1795/866 1794/1794/866 831/831/866
f 799/799/867 1762/1762/867 1764/1764/867 801/801/867
f 387/387/218 1350/1350/218 1347/1347/218 384/384/218
f 594/594/868 1557/1557/868 1558/1558/868 595/595/868
f 172/172/869 1135/1135/869 1144/1144/869 181/181/869
f 830/830/870 1793/1793/870 1796/1796/870 833/833/870
f 386/386/871 1349/1349/872 1351/1351/871 388/388/872
f 797/797/873 1760/1760/873 1765/1765/873 802/802/873
f 595/595/874 1558/1558/874 1554/1554/874 591/591/874
f 182/182/875 1145/1145/875 1141/1141/875 178/178/875
f 834/834/876 1797/1797/876 1795/1795/876 832/832/876
f 389/389/226 1352/1352/226 1350/1350/226 387/387/226
f 596/596/877 1559/1559/877 1557/1557/877 594/594/877
f 179/179/878 1142/1142/878 1146/1146/878 183/183/878
f 803/803/879 1766/1766/879 1763/1763/879 800/800/879
f 388/388/329 1351/1351/329 1353/1353/329 390/390/329
f 835/835/880 1798/1798/880 1797/1797/880 834/834/880
f 801/801/881 1764/1764/881 1767/1767/881 804/804/881
f 597/597/882 1560/1560/882 1559/1559/882 596/596/882
f 833/833/883 1796/1796/883 1799/1799/883 836/836/883
f 593/593/884 1556/1556/884 1561/1561/884 598/598/884
f 184/184/885 1147/1147/885 1145/1145/885 182/182/885
f 804/804/886 1767/1767/886 1768/1768/886 805/805/886
f 391/391/236 1354/1354/236 1352/1352/236 389/389/236
f 183/183/887 1146/1146/887 1148/1148/887 185/185/887
f 390/390/240 1353/1353/240 1355/1355/240 392/392/240
f 837/837/888 1800/1800/888 1798/1798/888 835/835/888
f 599/599/889 1562/1562/889 1560/1560/889 597/597/889
f 836/836/890 1799/1799/890 1801/1801/890 838/838/890
f 806/806/891 1769/1769/891 1766/1766/891 803/803/891
f 385/385/248 1348/1348/248 1356/1356/248 393/393/248
f 186/186/892 1149/1149/892 1147/1147/892 184/184/892
f 802/802/893 1765/1765/893 1770/1770/893 807/807/893
f 600/600/894 1563/1563/894 1562/1562/894 599/599/894
f 185/185/895 1148/1148/895 1150/1150/895 187/187/895
f 839/839/896 1802/1802/896 1800/1800/896 837/837/896
f 805/805/897 1768/1768/897 1771/1771/897 808/808/897
f 394/394/898 1357/1357/898 1346/1346/898 383/383/898
f 598/598/134 1561/1561/134 1531/1531/134 568/568/134
f 1927/1927/99 1928/1928/99 1929/1929/99 1930/1930/99
f 1931/1931/134 1932/1932/134 1933/1933/134 1934/1934/134
f 1932/1932/3 1935/1935/3 1936/1936/3 1937/1937/3 1938/1938/3 1939/1939/3 1940/1940/3 1941/1941/3 1942/1942/3 1943/1943/3 1944/1944/3 1929/1945/3 1928/1946/3 1945/1947/3 1946/1948/3 1933/1933/3
f 1947/1949/97 1942/1950/97 1941/1951/97 1948/1952/97
f 1949/1953/145 1938/1954/145 1937/1955/145 1950/1956/145
f 1930/1930/899 1929/1929/899 1944/1957/899 1951/1958/899
f 1951/1959/900 1944/1960/900 1943/1961/900 1952/1962/900
f 1952/1962/901 1943/1961/901 1942/1950/901 1947/1949/901
f 1938/1954/902 1949/1953/902 1953/1963/902 1939/1964/902
f 1939/1964/903 1953/1963/903 1954/1965/903 1940/1966/903
f 1940/1966/904 1954/1965/904 1948/1952/904 1941/1951/904
f 1932/1932/905 1931/1931/905 1955/1967/905 1935/1968/905
f 1935/1968/906 1955/1967/906 1956/1969/906 1936/1970/906
f 1936/1970/907 1956/1969/907 1950/1956/907 1937/1955/907
f 1928/1928/908 1927/1927/908 1957/1971/908 1945/1972/908
f 1945/1972/909 1957/1971/909 1958/1973/909 1946/1974/909
f 1946/1974/910 1958/1973/910 1934/1934/910 1933/1933/910
f 1948/1975/31 1954/1976/31 1953/1977/31 1949/1978/31 1950/1979/31 1956/1980/31 1955/1981/31 1931/1931/31 1934/1934/31 1958/1982/31 1957/1983/31 1927/1984/31 1930/1985/31 1951/1986/31 1952/1987/31 1947/1988/31
f 1959/1989/911 1960/1990/911 1961/1991/911 1962/1992/911
f 1962/1992/912 1961/1991/912 1963/1993/912 1964/1994/912
f 1964/1994/913 1963/1993/913 1965/1995/913 1966/1996/913
f 1966/1996/914 1965/1995/914 1967/1997/914 1968/1998/914
f 1968/1998/915 1967/1997/915 1969/1999/915 1970/2000/915
f 1970/2000/916 1969/1999/916 1971/2001/916 1972/2002/916
f 1972/2002/917 1971/2001/917 1973/2003/917 1974/2004/917
f 1974/2004/918 1973/2003/918 1975/2005/918 1976/2006/918
f 1976/2006/919 1975/2005/919 1977/2007/919 1978/2008/919
f 1978/2008/920 1977/2007/920 1979/2009/920 1980/2010/920
f 1980/2010/921 1979/2009/921 1981/2011/921 1982/2012/921
f 1982/2012/922 1981/2011/922 1983/2013/922 1984/2014/922
f 1984/2014/923 1983/2013/923 1985/2015/923 1986/2016/923
f 1986/2016/924 1985/2015/924 1987/2017/924 1988/2018/924
f 1988/2018/925 1987/2017/925 1989/2019/925 1990/2020/925
f 1990/2020/926 1989/2019/926 1991/2021/926 1992/2022/926
f 1992/2022/927 1991/2021/927 1993/2023/927 1994/2024/927
f 1994/2024/928 1993/2023/928 1995/2025/928 1996/2026/928
f 1996/2026/929 1995/2025/929 1997/2027/929 1998/2028/929
f 1998/2028/930 1997/2027/930 1999/2029/930 2000/2030/930
f 2000/2030/931 1999/2029/931 2001/2031/931 2002/2032/931
f 2002/2032/932 2001/2031/932 2003/2033/932 2004/2034/932
f 2004/2034/933 2003/2033/933 2005/2035/933 2006/2036/933
f 2006/2036/934 2005/2035/934 2007/2037/934 2008/2038/934
f 2008/2038/935 2007/2037/935 2009/2039/935 2010/2040/935
f 2010/2040/936 2009/2039/936 2011/2041/936 2012/2042/936
f 2012/2042/937 2011/2041/937 2013/2043/937 2014/2044/937
f 2014/2044/938 2013/2043/938 2015/2045/938 2016/2046/938
f 2016/2046/939 2015/2045/939 2017/2047/939 2018/2048/939
f 2018/2048/940 2017/2047/940 2019/2049/940 2020/2050/940
f 1961/2051/3 1960/2052/3 2021/2053/3 2019/2054/3 2017/2055/3 2015/2056/3 2013/2057/3 2011/2058/3 2009/2059/3 2007/2060/3 2005/2061/3 2003/2062/3 2001/2063/3 1999/2064/3 1997/2065/3 1995/2066/3 1993/2067/3 1991/2068/3 1989/2069/3 1987/2070/3 1985/2071/3 1983/2072/3 1981/2073/3 1979/2074/3 1977/2075/3 1975/2076/3 1973/2077/3 1971/2078/3 1969/2079/3 1967/2080/3 1965/2081/3 1963/2082/3
f 2020/2050/941 2019/2049/941 2021/2083/941 2022/2084/941
f 2022/2084/942 2021/2083/942 1960/2085/942 1959/2086/942
f 1959/2087/31 1962/2088/31 1964/2089/31 1966/2090/31 1968/2091/31 1970/2092/31 1972/2093/31 1974/2094/31 1976/2095/31 1978/2096/31 1980/2097/31 1982/2098/31 1984/2099/31 1986/2100/31 1988/2101/31 1990/2102/31 1992/2103/31 1994/2104/31 1996/2105/31 1998/2106/31 2000/2107/31 2002/2108/31 2004/2109/31 2006/2110/31 2008/2111/31 2010/2112/31 2012/2113/31 2014/2114/31 2016/2115/31 2018/2116/31 2020/2117/31 2022/2118/31
f 2023/2119/911 2024/2120/911 2025/2121/911 2026/2122/911
f 2026/2122/912 2025/2121/912 2027/2123/912 2028/2124/912
f 2028/2124/913 2027/2123/913 2029/2125/913 2030/2126/913
f 2030/2126/914 2029/2125/914 2031/2127/914 2032/2128/914
f 2032/2128/915 2031/2127/915 2033/2129/915 2034/2130/915
f 2034/2130/916 2033/2129/916 2035/2131/916 2036/2132/916
f 2036/2132/917 2035/2131/917 2037/2133/917 2038/2134/917
f 2038/2134/918 2037/2133/918 2039/2135/918 2040/2136/918
f 2040/2136/919 2039/2135/919 2041/2137/919 2042/2138/919
f 2042/2138/920 2041/2137/920 2043/2139/920 2044/2140/920
f 2044/2140/921 2043/2139/921 2045/2141/921 2046/2142/921
f 2046/2142/922 2045/2141/922 2047/2143/922 2048/2144/922
f 2048/2144/923 2047/2143/923 2049/2145/923 2050/2146/923
f 2050/2146/924 2049/2145/924 2051/2147/924 2052/2148/924
f 2052/2148/925 2051/2147/925 2053/2149/925 2054/2150/925
f 2054/2150/926 2053/2149/926 2055/2151/926 2056/2152/926
f 2056/2152/927 2055/2151/927 2057/2153/927 2058/2154/927
f 2058/2154/928 2057/2153/928 2059/2155/928 2060/2156/928
f 2060/2156/929 2059/2155/929 2061/2157/929 2062/2158/929
f 2062/2158/930 2061/2157/930 2063/2159/930 2064/2160/930
f 2064/2160/931 2063/2159/931 2065/2161/931 2066/2162/931
f 2066/2162/932 2065/2161/932 2067/2163/932 2068/2164/932
f 2068/2164/933 2067/2163/933 2069/2165/933 2070/2166/933
f 2070/2166/934 2069/2165/934 2071/2167/934 2072/2168/934
f 2072/2168/935 2071/2167/935 2073/2169/935 2074/2170/935
f 2074/2170/936 2073/2169/936 2075/2171/936 2076/2172/936
f 2076/2172/937 2075/2171/937 2077/2173/937 2078/2174/937
f 2078/2174/938 2077/2173/938 2079/2175/938 2080/2176/938
f 2080/2176/939 2079/2175/939 2081/2177/939 2082/2178/939
f 2082/2178/940 2081/2177/940 2083/2179/940 2084/2180/940
f 2025/2181/3 2024/2182/3 2085/2183/3 2083/2184/3 2081/2185/3 2079/2186/3 2077/2187/3 2075/2188/3 2073/2189/3 2071/2190/3 2069/2191/3 2067/2192/3 2065/2193/3 2063/2194/3 2061/2195/3 2059/2196/3 2057/2197/3 2055/2198/3 2053/2199/3 2051/2200/3 2049/2201/3 2047/2202/3 2045/2203/3 2043/2204/3 2041/2205/3 2039/2206/3 2037/2207/3 2035/2208/3 2033/2209/3 2031/2210/3 2029/2211/3 2027/2212/3
f 2084/2180/941 2083/2179/941 2085/2213/941 2086/2214/941
f 2086/2214/942 2085/2213/942 2024/2215/942 2023/2216/942
f 2023/2217/31 2026/2218/31 2028/2219/31 2030/2220/31 2032/2221/31 2034/2222/31 2036/2223/31 2038/2224/31 2040/2225/31 2042/2226/31 2044/2227/31 2046/2228/31 2048/2229/31 2050/2230/31 2052/2231/31 2054/2232/31 2056/2233/31 2058/2234/31 2060/2235/31 2062/2236/31 2064/2237/31 2066/2238/31 2068/2239/31 2070/2240/31 2072/2241/31 2074/2242/31 2076/2243/31 2078/2244/31 2080/2245/31 2082/2246/31 2084/2247/31 2086/2248/31
