# Blender v3.0.0 OBJ File: ''
# www.blender.org
mtllib atm.mtl
o atm
v -0.487340 -0.270221 -0.605916
v -0.487340 -0.270222 0.403334
v -0.487340 0.002164 0.403334
v -0.487340 0.002164 -0.605916
v 0.294793 -0.280710 -0.605916
v 0.334876 0.002164 -0.605916
v 0.499969 0.002164 -0.605916
v 0.419802 -0.280710 -0.605916
v 0.499969 -0.270222 0.403334
v 0.499969 -0.270221 -0.605916
v 0.499969 0.002164 0.403334
v -0.322149 -0.270222 0.403334
v -0.322149 0.002164 0.403334
v 0.334876 -1.512529 0.403334
v 0.334876 -1.512528 -0.605916
v 0.499969 -1.512528 -0.605916
v 0.499969 -1.512529 0.403334
v -0.322149 0.002164 -0.605916
v 0.294793 -0.280710 0.036747
v 0.294793 -0.280710 -0.273613
v 0.419802 -0.280710 -0.273613
v 0.419802 -0.280710 0.036747
v -0.407173 -0.363105 -0.605916
v -0.407173 -0.280710 -0.605916
v 0.419802 -1.357747 -0.605916
v 0.499969 -1.455409 -0.605916
v 0.419802 -1.403669 -0.605916
v -0.282066 -1.403669 -0.605916
v -0.322149 -1.512528 -0.605916
v -0.487340 -1.512528 -0.605916
v -0.407173 -1.403669 -0.605916
v 0.419802 -0.363105 0.004975
v 0.294793 -0.363105 0.004975
v -0.407173 -0.363105 0.004975
v -0.407173 -0.363105 -0.289500
v -0.407173 -0.280710 -0.273613
v -0.407173 -0.280710 0.036747
v 0.419802 -1.357747 -0.174857
v 0.419802 -1.357747 -0.379416
v 0.419802 -1.403669 -0.379416
v 0.419802 -1.403669 -0.174857
v -0.282066 -1.403669 -0.174857
v -0.282066 -1.403669 -0.379416
v -0.407173 -1.403669 -0.379416
v -0.407173 -1.403669 -0.174857
v 0.419802 -1.018473 -0.174857
v 0.419802 -1.018473 -0.379416
v 0.419802 -1.172652 -0.379416
v 0.419802 -1.172652 -0.174857
v -0.407173 -1.272452 -0.174857
v -0.407173 -1.272452 -0.379416
v -0.407173 -1.172652 -0.379416
v -0.407173 -1.172652 -0.174857
v -0.282066 -1.403669 -0.495170
v -0.407173 -1.403669 -0.495170
v 0.419802 -1.018473 -0.605916
v 0.499969 -1.052651 -0.605916
v 0.499969 -1.236722 -0.605916
v 0.419802 -1.172652 -0.605916
v -0.407173 -1.272452 -0.605916
v -0.487340 -1.358916 -0.605916
v -0.487340 -1.236722 -0.605916
v -0.407173 -1.172652 -0.605916
v -0.487340 -1.358917 0.403334
v -0.322149 -1.358917 0.403334
v -0.322149 -1.236722 0.403334
v -0.487340 -1.236722 0.403334
v 0.499969 -1.358917 0.403334
v 0.499969 -1.358916 -0.605916
v 0.499969 -1.236722 0.403334
v 0.220266 -1.214290 -0.495170
v 0.294793 -1.172652 -0.495170
v 0.419802 -1.172652 -0.495170
v 0.270748 -1.214290 -0.495170
v -0.407173 -1.272452 -0.495170
v -0.407173 -1.172652 -0.495170
v 0.294793 -1.172652 -0.174857
v 0.419802 -1.357747 -0.495170
v 0.419802 -1.403669 -0.495170
v -0.258120 -1.260579 -0.452803
v -0.258120 -1.272452 -0.495170
v -0.258120 -1.214290 -0.495170
v -0.258120 -1.214290 -0.452803
v -0.207539 -1.362031 -0.495170
v -0.258120 -1.362031 -0.495170
v 0.270748 -1.336928 -0.495170
v 0.270748 -1.362031 -0.495170
v 0.006314 -1.214290 -0.494657
v 0.006314 -1.214290 -0.452803
v 0.220266 -1.214290 -0.452803
v 0.220266 -1.214290 -0.494657
v 0.270748 -1.214290 -0.452803
v -0.207539 -1.362031 -0.452803
v -0.258120 -1.362031 -0.452803
v 0.270748 -1.336928 -0.452803
v 0.270748 -1.362031 -0.452803
v 0.270748 -1.272452 -0.495170
v 0.270748 -1.260579 -0.452803
v 0.006314 -1.362031 -0.494657
v 0.006314 -1.362031 -0.452803
v -0.207539 -1.362031 -0.494657
v -0.258120 -1.336928 -0.495170
v -0.407173 -1.357747 -0.495170
v 0.419802 -1.272452 -0.495170
v -0.258120 -1.336928 -0.452803
v 0.419802 -1.272452 -0.174857
v -0.407173 -1.357747 -0.174857
v -0.487340 -1.455409 -0.605916
v -0.487340 -1.455410 0.403334
v 0.499969 -1.455410 0.403334
v -0.322149 -1.455410 0.403334
v -0.407173 -1.357747 -0.605916
v -0.407173 -1.357747 -0.379416
v 0.419802 -1.272452 -0.379416
v 0.419802 -1.272452 -0.605916
v 0.006314 -1.455410 0.403334
v 0.334876 -1.455410 0.403334
v 0.334876 -1.358917 0.403334
v 0.006314 -1.358917 0.403334
v 0.006318 -1.301567 -0.452803
v 0.006314 -1.336928 -0.452803
v -0.207539 -1.336928 -0.452803
v -0.182060 -1.301567 -0.452803
v 0.220266 -1.362031 -0.452803
v 0.220266 -1.362031 -0.495170
v 0.006314 -1.362031 -0.495170
v -0.207539 -1.214290 -0.452803
v -0.207539 -1.214290 -0.495170
v 0.006314 -1.214290 -0.495170
v 0.006314 -1.336928 -0.494657
v 0.220266 -1.336928 -0.452803
v 0.220266 -1.336928 -0.494657
v 0.294793 -1.403669 -0.495170
v 0.006314 -1.403669 -0.495170
v -0.282066 -1.172652 -0.495170
v -0.282066 -1.172652 -0.174857
v 0.006314 -1.172652 -0.174857
v 0.006314 -1.172652 -0.495170
v 0.334876 -1.236722 0.403334
v 0.006314 -1.236722 0.403334
v 0.294793 -1.403669 -0.174857
v 0.006314 -1.403669 -0.174857
v 0.294793 -1.403669 -0.379416
v 0.006314 -1.403669 -0.379416
v 0.006314 -0.363105 0.004975
v -0.282066 -0.363105 0.004975
v -0.282066 -0.280710 0.036747
v 0.006314 -0.280710 0.036747
v 0.294793 -1.403669 -0.605916
v 0.006314 -1.512528 -0.605916
v 0.006314 -1.403669 -0.605916
v -0.282066 -0.280710 -0.273613
v 0.006314 -0.280710 -0.273613
v 0.334876 0.002164 0.403334
v 0.006314 0.002164 -0.605916
v 0.006314 0.002164 0.403334
v -0.322149 -1.512529 0.403334
v 0.006314 -1.512529 0.403334
v 0.006314 -0.270222 0.403334
v 0.334876 -0.270222 0.403334
v -0.282066 -0.280710 -0.605916
v 0.006314 -0.280710 -0.605916
v 0.194782 -1.295939 -0.452803
v 0.220266 -1.260579 -0.452803
v 0.194782 -1.301567 -0.452803
v 0.270748 -1.214290 -0.494657
v -0.487340 -1.512529 0.403334
v 0.270748 -1.336928 -0.494657
v 0.270748 -1.362031 -0.494657
v -0.258120 -1.362031 -0.494657
v 0.270748 -1.260579 -0.494657
v 0.006314 -1.260579 -0.494657
v 0.006314 -1.260579 -0.452803
v -0.207539 -1.260579 -0.452803
v -0.207539 -1.260579 -0.494657
v -0.258120 -1.336928 -0.494657
v -0.258120 -1.260579 -0.494657
v 0.220266 -1.260579 -0.494657
v -0.207539 -1.214290 -0.494657
v -0.258120 -1.214290 -0.494657
v -0.207539 -1.336928 -0.494657
v 0.220266 -1.362031 -0.494657
v 0.194782 -1.295939 -0.440762
v 0.194782 -1.301567 -0.440762
v 0.006318 -1.301567 -0.440762
v 0.006318 -1.295939 -0.452803
v -0.182060 -1.295939 -0.452803
v -0.182060 -1.301567 -0.440762
v -0.182060 -1.295939 -0.440762
v 0.006318 -1.295939 -0.440762
v 0.006314 -1.052652 0.403334
v -0.322149 -1.052652 0.403334
v -0.407173 -1.018473 -0.174857
v -0.177327 -1.018473 -0.174857
v 0.072713 -1.018473 -0.174857
v 0.371483 -1.018473 -0.174857
v 0.499969 -1.052652 0.403334
v 0.334876 -1.052652 0.403334
v 0.419802 -0.829464 -0.605916
v 0.499969 -0.826997 -0.605916
v 0.419802 -0.829464 -0.174857
v 0.419802 -0.829464 -0.379416
v -0.407173 -1.018473 -0.379416
v -0.487340 -1.052651 -0.605916
v -0.407173 -1.018473 -0.605916
v -0.487340 -1.052652 0.403334
v 0.419802 -0.764380 -0.149760
v 0.419802 -0.764380 -0.366867
v 0.419802 -0.764380 -0.605916
v 0.499969 -0.749294 -0.605916
v 0.006314 -0.826998 0.403334
v -0.322149 -0.826998 0.403334
v -0.391294 -0.842522 -0.174687
v -0.407173 -0.829464 -0.174857
v -0.177327 -0.829464 -0.174857
v -0.193206 -0.842522 -0.174687
v 0.361938 -0.917682 -0.174857
v 0.371483 -0.829464 -0.174857
v 0.361938 -0.930256 -0.174857
v 0.499969 -0.826998 0.403334
v 0.334876 -0.826998 0.403334
v 0.072713 -0.829464 -0.174857
v -0.407173 -0.829464 -0.379416
v -0.487340 -0.826997 -0.605916
v -0.407173 -0.829464 -0.605916
v -0.487340 -0.826998 0.403334
v 0.419802 -0.363105 -0.605916
v 0.419802 -0.363105 -0.289500
v 0.006314 -0.749295 0.403334
v -0.322149 -0.749295 0.403334
v -0.407173 -0.764380 -0.149760
v -0.282066 -0.764380 -0.149760
v 0.006314 -0.764380 -0.149760
v 0.294793 -0.764380 -0.149760
v 0.499969 -0.749295 0.403334
v 0.334876 -0.749295 0.403334
v -0.407173 -0.764380 -0.366867
v -0.487340 -0.749294 -0.605916
v -0.407173 -0.764380 -0.605916
v -0.487340 -0.749295 0.403334
v 0.287862 -0.372984 0.016234
v 0.287862 -0.764617 -0.134783
v 0.006315 -0.372984 0.016234
v 0.006315 -0.764617 -0.134783
v -0.275136 -0.764617 -0.134783
v -0.275136 -0.372984 0.016234
v -0.209491 -0.930215 -0.174687
v -0.193206 -1.005416 -0.174687
v -0.391294 -1.005416 -0.174687
v -0.375010 -0.930215 -0.174687
v -0.375010 -0.917723 -0.140268
v -0.375010 -0.917723 -0.174687
v -0.209491 -0.917723 -0.174687
v -0.209491 -0.917723 -0.140268
v -0.209491 -0.930215 -0.140268
v -0.375010 -0.930215 -0.140268
v 0.361938 -0.930256 -0.161038
v 0.082259 -0.930256 -0.174857
v 0.082259 -0.930256 -0.161038
v 0.082259 -0.917682 -0.174857
v 0.082259 -0.917682 -0.161038
v 0.361938 -0.917682 -0.161038
v -0.407173 -0.764380 -0.475421
v -0.407173 -0.363105 -0.436737
v 0.419802 -0.280710 -0.428794
v 0.419802 -0.363105 -0.436737
v -0.407173 -0.829464 -0.481695
v 0.419802 -0.764380 -0.475421
v -0.407173 -1.018473 -0.481695
v 0.419802 -0.829464 -0.481695
v -0.407173 -1.172652 -0.481695
v 0.419802 -1.018473 -0.481695
v 0.419802 -1.272452 -0.481695
v 0.419802 -1.357747 -0.481695
v -0.407173 -1.403669 -0.481695
v -0.407173 -1.357747 -0.481695
v 0.006314 -1.403669 -0.481695
v -0.282066 -1.403669 -0.481695
v -0.407173 -0.280710 -0.428794
v -0.282066 -0.280710 -0.428794
v 0.006314 -0.281675 -0.273613
v -0.282066 -0.281675 -0.273613
v 0.419802 -1.403669 -0.481695
v 0.294793 -1.403669 -0.481695
v 0.294793 -0.281675 -0.428794
v 0.294793 -0.280710 -0.428794
v 0.294793 -0.281675 -0.273613
v 0.419802 -1.172652 -0.481695
v -0.407173 -1.272452 -0.481695
v 0.006314 -0.280710 -0.428794
v 0.006314 -0.281675 -0.428794
v -0.282066 -0.281675 -0.428794
v 0.012583 -0.287944 -0.279882
v 0.012583 -0.287944 -0.422525
v 0.288524 -0.287944 -0.422525
v 0.288524 -0.287944 -0.279882
v 0.009449 -0.286108 -0.426958
v 0.006314 -0.287944 -0.422525
v 0.006314 -0.286640 -0.426352
v 0.000046 -0.287944 -0.422525
v 0.003180 -0.286108 -0.426958
v 0.003180 -0.286108 -0.275449
v 0.000046 -0.287944 -0.279882
v 0.006314 -0.287944 -0.279882
v 0.006314 -0.286640 -0.276055
v 0.009449 -0.286108 -0.275449
v 0.292957 -0.286108 -0.426958
v 0.292957 -0.286108 -0.275449
v -0.280230 -0.286108 -0.426958
v -0.275798 -0.287944 -0.422525
v -0.275798 -0.287944 -0.279882
v -0.280230 -0.286108 -0.275449
v -0.172350 -1.034884 -0.210208
v -0.172350 -1.051129 -0.243757
v -0.172350 -1.057130 -0.241246
v -0.172350 -1.040885 -0.207697
v 0.091044 -1.032537 -0.204601
v 0.091044 -1.034884 -0.210208
v 0.072230 -1.034884 -0.210208
v 0.072230 -1.032537 -0.204601
v 0.178842 -1.119764 -0.385500
v 0.178842 -1.115064 -0.375795
v 0.178842 -1.121066 -0.373283
v 0.178842 -1.125765 -0.382988
v 0.091044 -1.142113 -0.432861
v 0.091044 -1.119764 -0.385500
v 0.165994 -1.119764 -0.385500
v 0.165994 -1.142113 -0.432861
v 0.165994 -1.115064 -0.375795
v -0.161033 -1.125765 -0.382988
v -0.161033 -1.121066 -0.373283
v -0.172350 -1.121066 -0.373283
v -0.172350 -1.125765 -0.382988
v 0.072230 -1.125765 -0.382988
v 0.072230 -1.121066 -0.373283
v 0.003246 -1.121066 -0.373283
v 0.003246 -1.125765 -0.382988
v -0.010673 -1.119764 -0.385500
v -0.010673 -1.115064 -0.375795
v 0.003246 -1.115064 -0.375795
v 0.003246 -1.119764 -0.385500
v 0.178842 -1.142113 -0.432861
v 0.178842 -1.148115 -0.430350
v 0.178842 -1.038539 -0.202090
v 0.178842 -1.040885 -0.207697
v 0.178842 -1.034884 -0.210208
v 0.178842 -1.032537 -0.204601
v -0.106502 -1.142113 -0.432861
v -0.106502 -1.119764 -0.385500
v -0.084552 -1.119764 -0.385500
v -0.084552 -1.142113 -0.432861
v 0.165994 -1.125765 -0.382988
v 0.165994 -1.121066 -0.373283
v 0.091044 -1.121066 -0.373283
v 0.091044 -1.125765 -0.382988
v 0.072230 -1.119764 -0.385500
v 0.072230 -1.115064 -0.375795
v 0.091044 -1.115064 -0.375795
v -0.010673 -1.032537 -0.204601
v -0.010673 -1.034884 -0.210208
v -0.084552 -1.034884 -0.210208
v -0.084552 -1.032537 -0.204601
v -0.010673 -1.038539 -0.202090
v -0.010673 -1.040885 -0.207697
v 0.003246 -1.040885 -0.207697
v 0.003246 -1.038539 -0.202090
v -0.106502 -1.115064 -0.375795
v -0.084552 -1.115064 -0.375795
v -0.010673 -1.125765 -0.382988
v -0.010673 -1.121066 -0.373283
v -0.084552 -1.121066 -0.373283
v -0.084552 -1.125765 -0.382988
v -0.084552 -1.148115 -0.430350
v -0.106502 -1.125765 -0.382988
v -0.106502 -1.148115 -0.430350
v 0.072230 -1.038539 -0.202090
v 0.072230 -1.040885 -0.207697
v 0.091044 -1.040885 -0.207697
v 0.091044 -1.038539 -0.202090
v -0.172350 -1.148115 -0.430350
v -0.172350 -1.119764 -0.385500
v -0.172350 -1.142113 -0.432861
v 0.165994 -1.148115 -0.430350
v 0.091044 -1.148115 -0.430350
v 0.165994 -1.038539 -0.202090
v 0.165994 -1.040885 -0.207697
v -0.161033 -1.119764 -0.385500
v -0.161033 -1.115064 -0.375795
v 0.003246 -1.034884 -0.210208
v 0.003246 -1.032537 -0.204601
v -0.106502 -1.121066 -0.373283
v -0.010673 -1.142113 -0.432861
v 0.072230 -1.148115 -0.430350
v 0.003246 -1.148115 -0.430350
v -0.161033 -1.032537 -0.204601
v -0.161033 -1.034884 -0.210208
v -0.172350 -1.032537 -0.204601
v -0.172350 -1.038539 -0.202090
v -0.161033 -1.040885 -0.207697
v -0.161033 -1.038539 -0.202090
v -0.172350 -1.115064 -0.375795
v -0.106502 -1.083325 -0.295343
v -0.106502 -1.062105 -0.251520
v -0.161033 -1.062105 -0.251520
v -0.161033 -1.083325 -0.295343
v -0.172350 -1.077324 -0.297854
v -0.172350 -1.056104 -0.254031
v -0.161033 -1.056104 -0.254031
v -0.161033 -1.077324 -0.297854
v 0.003246 -1.099718 -0.348636
v 0.003246 -1.101496 -0.347775
v 0.003246 -1.083229 -0.310050
v 0.003246 -1.081450 -0.310911
v 0.178842 -1.083325 -0.295343
v 0.178842 -1.062105 -0.251520
v 0.165994 -1.062105 -0.251520
v 0.165994 -1.083325 -0.295343
v -0.084552 -1.083325 -0.295343
v -0.084552 -1.062105 -0.251520
v 0.165994 -1.099718 -0.348636
v 0.165994 -1.101496 -0.347775
v 0.091044 -1.101496 -0.347775
v 0.091044 -1.099718 -0.348636
v 0.072230 -1.099718 -0.348636
v 0.072230 -1.101496 -0.347775
v 0.003246 -1.083325 -0.295343
v 0.003246 -1.062105 -0.251520
v -0.010673 -1.062105 -0.251520
v -0.010673 -1.083325 -0.295343
v 0.091044 -1.083325 -0.295343
v 0.091044 -1.062105 -0.251520
v 0.072230 -1.062105 -0.251520
v 0.072230 -1.083325 -0.295343
v 0.091044 -1.075545 -0.298715
v 0.091044 -1.077324 -0.297854
v 0.091044 -1.056104 -0.254031
v 0.091044 -1.054325 -0.254893
v -0.106502 -1.077324 -0.297854
v -0.106502 -1.056104 -0.254031
v -0.084552 -1.056104 -0.254031
v -0.084552 -1.077324 -0.297854
v 0.072230 -1.077324 -0.297854
v 0.072230 -1.056104 -0.254031
v -0.010673 -1.077324 -0.297854
v -0.010673 -1.056104 -0.254031
v 0.003246 -1.056104 -0.254031
v 0.003246 -1.077324 -0.297854
v -0.172350 -1.062105 -0.251520
v -0.172350 -1.083325 -0.295343
v 0.165994 -1.077324 -0.297854
v 0.165994 -1.056104 -0.254031
v 0.178842 -1.056104 -0.254031
v 0.178842 -1.077324 -0.297854
v -0.172350 -1.083229 -0.310050
v -0.172350 -1.089231 -0.307539
v -0.172350 -1.101496 -0.347775
v -0.172350 -1.107498 -0.345263
v -0.106502 -1.089231 -0.307539
v -0.161033 -1.089231 -0.307539
v -0.161033 -1.083229 -0.310050
v 0.091044 -1.083229 -0.310050
v 0.165994 -1.083229 -0.310050
v 0.178842 -1.089231 -0.307539
v 0.165994 -1.089231 -0.307539
v -0.084552 -1.089231 -0.307539
v -0.106502 -1.083229 -0.310050
v -0.084552 -1.083229 -0.310050
v -0.010673 -1.083229 -0.310050
v 0.003246 -1.089231 -0.307539
v -0.010673 -1.089231 -0.307539
v 0.091044 -1.089231 -0.307539
v 0.072230 -1.089231 -0.307539
v 0.072230 -1.083229 -0.310050
v 0.178842 -1.083229 -0.310050
v -0.106502 -1.107498 -0.345263
v -0.161033 -1.107498 -0.345263
v -0.161033 -1.101496 -0.347775
v -0.084552 -1.081450 -0.310911
v -0.010673 -1.081450 -0.310911
v 0.178842 -1.107498 -0.345263
v 0.165994 -1.107498 -0.345263
v -0.084552 -1.107498 -0.345263
v 0.072230 -1.075545 -0.298715
v 0.003246 -1.075545 -0.298715
v 0.091044 -1.081450 -0.310911
v 0.003246 -1.107498 -0.345263
v -0.010673 -1.107498 -0.345263
v 0.091044 -1.107498 -0.345263
v 0.072230 -1.107498 -0.345263
v -0.106502 -1.075545 -0.298715
v -0.161033 -1.075545 -0.298715
v -0.106502 -1.101496 -0.347775
v -0.084552 -1.101496 -0.347775
v -0.010673 -1.101496 -0.347775
v 0.178842 -1.101496 -0.347775
v 0.178842 -1.051129 -0.243757
v 0.178842 -1.057130 -0.241246
v 0.165994 -1.051129 -0.243757
v -0.161033 -1.057130 -0.241246
v 0.072230 -1.057130 -0.241246
v 0.003246 -1.057130 -0.241246
v -0.010673 -1.051129 -0.243757
v 0.003246 -1.051129 -0.243757
v 0.165994 -1.057130 -0.241246
v 0.091044 -1.057130 -0.241246
v 0.072230 -1.051129 -0.243757
v 0.091044 -1.051129 -0.243757
v -0.106502 -1.051129 -0.243757
v -0.084552 -1.051129 -0.243757
v -0.010673 -1.057130 -0.241246
v -0.084552 -1.057130 -0.241246
v -0.161033 -1.051129 -0.243757
v -0.106502 -1.057130 -0.241246
v -0.106502 -1.040885 -0.207697
v -0.084552 -1.040885 -0.207697
v 0.003246 -1.034365 -0.210460
v 0.072230 -1.034365 -0.210460
v 0.003246 -1.050610 -0.244009
v 0.091044 -1.050610 -0.244009
v 0.091044 -1.034365 -0.210460
v -0.106502 -1.034884 -0.210208
v 0.165994 -1.034884 -0.210208
v 0.165994 -1.054325 -0.254893
v -0.161033 -1.054325 -0.254893
v -0.106502 -1.054325 -0.254893
v -0.084552 -1.054325 -0.254893
v -0.010673 -1.054325 -0.254893
v 0.003246 -1.054325 -0.254893
v 0.072230 -1.054325 -0.254893
v 0.165994 -1.081450 -0.310911
v -0.106502 -1.081450 -0.310911
v -0.106502 -1.099718 -0.348636
v -0.010673 -1.099718 -0.348636
v 0.072230 -1.081450 -0.310911
v -0.010673 -1.075545 -0.298715
v -0.084552 -1.075545 -0.298715
v -0.161033 -1.081450 -0.310911
v 0.005750 -1.072201 -0.297553
v 0.005750 -1.053163 -0.258237
v 0.069727 -1.053163 -0.258237
v 0.069727 -1.072201 -0.297553
v 0.005750 -1.096373 -0.347474
v 0.005750 -1.080288 -0.314256
v 0.069727 -1.080288 -0.314256
v 0.069727 -1.096373 -0.347474
v 0.093548 -1.072201 -0.297553
v 0.093548 -1.053163 -0.258237
v 0.163490 -1.053163 -0.258237
v 0.163490 -1.072201 -0.297553
v -0.082049 -1.072201 -0.297553
v -0.082049 -1.053163 -0.258237
v -0.013177 -1.053163 -0.258237
v -0.013177 -1.072201 -0.297553
v 0.165994 -1.075545 -0.298715
v -0.084552 -1.099718 -0.348636
v 0.093548 -1.096373 -0.347474
v 0.093548 -1.080288 -0.314256
v 0.163490 -1.080288 -0.314256
v 0.163490 -1.096373 -0.347474
v -0.161033 -1.099718 -0.348636
v -0.158529 -1.096373 -0.347474
v -0.158529 -1.080288 -0.314256
v -0.109005 -1.080288 -0.314256
v -0.109005 -1.096373 -0.347474
v -0.158529 -1.072201 -0.297553
v -0.158529 -1.053163 -0.258237
v -0.109005 -1.053163 -0.258237
v -0.109005 -1.072201 -0.297553
v -0.082049 -1.096373 -0.347474
v -0.082049 -1.080288 -0.314256
v -0.013177 -1.080288 -0.314256
v -0.013177 -1.096373 -0.347474
v 0.003979 -1.053051 -0.256324
v 0.003979 -1.073632 -0.298827
v 0.091777 -1.053051 -0.256324
v 0.091777 -1.073632 -0.298827
v -0.083819 -1.053051 -0.256324
v -0.083819 -1.073632 -0.298827
v 0.071497 -1.053051 -0.256324
v 0.071497 -1.073632 -0.298827
v -0.011407 -1.053051 -0.256324
v -0.011407 -1.073632 -0.298827
v -0.107235 -1.053051 -0.256324
v -0.107235 -1.073632 -0.298827
v 0.165261 -1.053051 -0.256324
v 0.165260 -1.073632 -0.298827
v -0.160299 -1.053051 -0.256324
v -0.160299 -1.073632 -0.298827
v 0.165261 -1.080177 -0.312343
v 0.091777 -1.080177 -0.312343
v -0.107235 -1.080177 -0.312343
v -0.160299 -1.080177 -0.312343
v -0.011406 -1.080177 -0.312343
v -0.083819 -1.080177 -0.312343
v 0.071497 -1.080177 -0.312343
v 0.003979 -1.080177 -0.312343
v 0.003979 -1.097805 -0.348748
v 0.091777 -1.097805 -0.348748
v -0.083819 -1.097805 -0.348748
v 0.071497 -1.097805 -0.348748
v -0.011407 -1.097805 -0.348748
v -0.107235 -1.097805 -0.348748
v 0.165260 -1.097805 -0.348748
v -0.160299 -1.097805 -0.348748
v 0.165994 -1.032537 -0.204601
v -0.106502 -1.032537 -0.204601
v -0.106502 -1.038539 -0.202090
v -0.084552 -1.038539 -0.202090
v 0.165994 -1.034365 -0.210460
v 0.165994 -1.050610 -0.244009
v -0.106502 -1.034365 -0.210460
v -0.106502 -1.050610 -0.244009
v -0.010673 -1.034365 -0.210460
v -0.010673 -1.050610 -0.244009
v 0.072230 -1.050610 -0.244009
v -0.083042 -1.048593 -0.243308
v -0.083042 -1.033664 -0.212477
v -0.012183 -1.033664 -0.212477
v -0.012183 -1.048593 -0.243308
v -0.161033 -1.050610 -0.244009
v 0.092554 -1.048593 -0.243308
v 0.092554 -1.033664 -0.212477
v 0.164484 -1.033664 -0.212477
v 0.164484 -1.048593 -0.243308
v -0.084552 -1.050610 -0.244009
v -0.084552 -1.034365 -0.210460
v -0.161033 -1.034365 -0.210460
v -0.159523 -1.048593 -0.243308
v -0.159523 -1.033664 -0.212477
v -0.108012 -1.033664 -0.212477
v -0.108012 -1.048593 -0.243308
v 0.071788 -1.033596 -0.211323
v 0.070720 -1.033664 -0.212477
v 0.004756 -1.033664 -0.212477
v 0.003688 -1.033596 -0.211323
v 0.165552 -1.033596 -0.211323
v 0.091486 -1.033596 -0.211323
v -0.011115 -1.033596 -0.211323
v -0.084110 -1.033596 -0.211323
v -0.106944 -1.033596 -0.211323
v -0.160590 -1.033596 -0.211323
v 0.004756 -1.048593 -0.243308
v 0.003688 -1.049456 -0.244076
v 0.091486 -1.049456 -0.244076
v -0.084110 -1.049456 -0.244076
v 0.071788 -1.049456 -0.244076
v 0.070720 -1.048593 -0.243308
v -0.011115 -1.049456 -0.244076
v -0.106944 -1.049456 -0.244076
v 0.165552 -1.049456 -0.244076
v -0.160590 -1.049456 -0.244076
v -0.084552 -1.150933 -0.437083
v -0.106502 -1.150933 -0.437083
v -0.010673 -1.144931 -0.439595
v 0.003246 -1.142113 -0.432861
v 0.003246 -1.144931 -0.439595
v -0.172350 -1.144931 -0.439595
v -0.161033 -1.142113 -0.432861
v -0.161033 -1.144931 -0.439595
v -0.106502 -1.144931 -0.439595
v -0.084552 -1.144931 -0.439595
v -0.161033 -1.150933 -0.437083
v -0.161033 -1.148115 -0.430350
v -0.172350 -1.150933 -0.437083
v -0.010673 -1.150933 -0.437083
v -0.010673 -1.148115 -0.430350
v 0.003246 -1.150933 -0.437083
v 0.165994 -1.144931 -0.439595
v 0.178842 -1.144931 -0.439595
v 0.072230 -1.142113 -0.432861
v 0.072230 -1.144931 -0.439595
v 0.072230 -1.150933 -0.437083
v 0.091044 -1.144931 -0.439595
v 0.165994 -1.150933 -0.437083
v 0.091044 -1.150933 -0.437083
v 0.178842 -1.150933 -0.437083
v 0.003246 -1.141665 -0.433073
v 0.003246 -1.119315 -0.385712
v 0.072230 -1.119315 -0.385712
v 0.072230 -1.141665 -0.433073
v 0.004176 -1.139954 -0.432629
v 0.004176 -1.118399 -0.386950
v 0.071300 -1.118399 -0.386950
v 0.071300 -1.139954 -0.432629
v 0.003519 -1.118836 -0.386239
v 0.071958 -1.118836 -0.386239
v 0.003519 -1.140953 -0.433107
v 0.071958 -1.140953 -0.433107
vt 0.274569 0.372761
vt 0.506425 0.373165
vt 0.506425 0.454896
vt 0.274569 0.454492
vt 0.702983 0.077631
vt 0.713056 0.000000
vt 0.754546 0.000000
vt 0.734399 0.077631
vt 0.274569 0.081731
vt 0.042714 0.082135
vt 0.042714 0.000404
vt 0.274569 0.000000
vt 0.754546 0.487364
vt 0.713031 0.487364
vt 0.713031 0.415686
vt 0.754546 0.415686
vt 0.483661 0.504499
vt 0.263249 0.504499
vt 0.263249 0.454896
vt 0.483661 0.454896
vt 0.263249 0.504528
vt 0.042714 0.504528
vt 0.042714 0.454896
vt 0.263249 0.454896
vt 0.042714 0.962441
vt 0.110494 0.962441
vt 0.110494 1.000000
vt 0.042714 1.000000
vt 0.526571 0.100243
vt 0.506425 0.074752
vt 0.506425 0.000000
vt 0.526571 0.077631
vt 0.734399 0.373209
vt 0.754546 0.400011
vt 0.754546 0.415686
vt 0.734399 0.385812
vt 0.558012 0.385812
vt 0.547939 0.415686
vt 0.506425 0.415686
vt 0.526571 0.385812
vt 0.773092 0.000000
vt 0.773092 0.037559
vt 0.754546 0.037559
vt 0.754546 0.000000
vt 0.761845 0.560938
vt 0.829494 0.560820
vt 0.825845 0.585549
vt 0.754546 0.585673
vt 0.803157 0.908929
vt 0.850151 0.909011
vt 0.850151 0.922790
vt 0.803157 0.922708
vt 0.183067 0.962411
vt 0.227766 0.962411
vt 0.227766 1.000000
vt 0.183067 1.000000
vt 0.803157 0.807128
vt 0.850151 0.807210
vt 0.850151 0.853472
vt 0.803157 0.853390
vt 0.803158 0.288011
vt 0.850151 0.287929
vt 0.850151 0.317874
vt 0.803158 0.317956
vt 0.428194 0.789123
vt 0.358239 0.789123
vt 0.358239 0.751534
vt 0.428194 0.751534
vt 0.734399 0.280100
vt 0.754546 0.289479
vt 0.754546 0.339995
vt 0.734399 0.322412
vt 0.526571 0.349801
vt 0.506425 0.373530
vt 0.506425 0.339995
vt 0.526571 0.322412
vt 0.449157 0.764551
vt 0.407642 0.764551
vt 0.407642 0.732396
vt 0.449157 0.732396
vt 0.274569 0.408400
vt 0.042714 0.408804
vt 0.042714 0.372139
vt 0.274569 0.371735
vt 0.259842 0.146080
vt 0.491698 0.146484
vt 0.491698 0.183150
vt 0.259842 0.182745
vt 0.945657 0.436980
vt 0.955215 0.459372
vt 0.955215 0.496931
vt 0.945657 0.452148
vt 0.632631 0.902293
vt 0.632631 0.814319
vt 0.657678 0.814275
vt 0.657678 0.902249
vt 0.277259 0.962441
vt 0.347252 0.962441
vt 0.347252 1.000000
vt 0.277259 1.000000
vt 0.669204 0.814295
vt 0.669204 0.902270
vt 0.657678 0.902249
vt 0.657678 0.814275
vt 0.754546 0.828164
vt 0.744813 0.831744
vt 0.744813 0.814292
vt 0.754546 0.814275
vt 0.911743 0.308446
vt 0.902185 0.286054
vt 0.902185 0.248466
vt 0.911743 0.293249
vt 0.917505 0.452148
vt 0.912726 0.496931
vt 0.902185 0.496931
vt 0.911743 0.452148
vt 0.932306 0.293249
vt 0.932306 0.248466
vt 0.955215 0.248466
vt 0.945657 0.293249
vt 0.902185 0.748595
vt 0.911331 0.748595
vt 0.911331 0.812877
vt 0.902185 0.812877
vt 0.488899 0.886061
vt 0.498151 0.886061
vt 0.498151 0.901229
vt 0.488899 0.901229
vt 0.488899 0.727132
vt 0.498156 0.727132
vt 0.498156 0.742330
vt 0.488899 0.742330
vt 0.743678 0.821824
vt 0.733945 0.821807
vt 0.733945 0.814275
vt 0.743678 0.814292
vt 0.743678 0.858622
vt 0.733945 0.858605
vt 0.733945 0.841154
vt 0.743678 0.844733
vt 0.920471 0.748595
vt 0.911331 0.748595
vt 0.911331 0.684343
vt 0.920471 0.684343
vt 0.917505 0.293249
vt 0.912726 0.248466
vt 0.932306 0.496931
vt 0.932306 0.452148
vt 0.754546 0.851073
vt 0.744813 0.851090
vt 0.715659 0.814376
vt 0.715659 0.902351
vt 0.690611 0.902307
vt 0.690611 0.814332
vt 0.611224 0.902331
vt 0.611224 0.814356
vt 0.259842 0.117127
vt 0.491698 0.117531
vt 0.274569 0.437354
vt 0.042714 0.437758
vt 0.449157 0.789943
vt 0.407642 0.789943
vt 0.526571 0.373209
vt 0.506425 0.400011
vt 0.803158 0.262417
vt 0.850151 0.262335
vt 0.850151 0.883418
vt 0.803157 0.883336
vt 0.754546 0.373530
vt 0.734399 0.349801
vt 0.325096 0.789943
vt 0.242525 0.789943
vt 0.242525 0.764551
vt 0.325096 0.764551
vt 0.498307 0.519177
vt 0.506425 0.519178
vt 0.506425 0.583431
vt 0.498307 0.575776
vt 0.488899 0.598598
vt 0.498156 0.598598
vt 0.498156 0.662880
vt 0.488899 0.662880
vt 0.488899 0.757527
vt 0.498151 0.757527
vt 0.498151 0.821779
vt 0.488899 0.821779
vt 0.715659 0.878527
vt 0.724805 0.878527
vt 0.724805 0.942809
vt 0.715659 0.942809
vt 0.911743 0.436980
vt 0.902185 0.459372
vt 0.902185 0.372698
vt 0.911743 0.372698
vt 0.277259 0.789123
vt 0.347252 0.789123
vt 0.347252 0.875767
vt 0.277259 0.875767
vt 0.945657 0.308446
vt 0.955215 0.286054
vt 0.955215 0.372698
vt 0.945657 0.372698
vt 0.242525 0.732396
vt 0.325096 0.732396
vt 0.428194 0.962441
vt 0.358239 0.962441
vt 0.358239 0.875767
vt 0.428194 0.875767
vt 0.183067 0.789093
vt 0.227766 0.789093
vt 0.227766 0.875767
vt 0.183067 0.875767
vt 0.773092 0.124233
vt 0.773092 0.210877
vt 0.754546 0.210877
vt 0.754546 0.124233
vt 0.702983 0.385812
vt 0.713056 0.415686
vt 0.630485 0.415686
vt 0.630485 0.385812
vt 0.042714 0.789123
vt 0.110494 0.789123
vt 0.110494 0.875767
vt 0.042714 0.875767
vt 0.263249 0.701932
vt 0.042714 0.701932
vt 0.042714 0.603215
vt 0.263249 0.603215
vt 0.483661 0.701903
vt 0.263249 0.701903
vt 0.263249 0.603216
vt 0.483661 0.603216
vt 0.630485 0.487364
vt 0.547914 0.487364
vt 0.547914 0.415686
vt 0.630485 0.415686
vt 0.558012 0.077631
vt 0.547939 0.000000
vt 0.630485 0.000000
vt 0.630485 0.077631
vt 0.506425 0.487364
vt 0.506425 0.415686
vt 0.263249 0.751534
vt 0.042714 0.751534
vt 0.183067 0.751534
vt 0.227766 0.751534
vt 0.428194 1.000000
vt 0.358239 1.000000
vt 0.547914 0.773852
vt 0.506425 0.773852
vt 0.506425 0.741697
vt 0.547914 0.741697
vt 0.488899 0.583431
vt 0.498156 0.583431
vt 0.547914 0.799244
vt 0.506425 0.799244
vt 0.497016 0.462553
vt 0.488899 0.454896
vt 0.506425 0.454896
vt 0.498307 0.462553
vt 0.911331 0.828045
vt 0.902185 0.828045
vt 0.483661 0.751534
vt 0.263249 0.751534
vt 0.042714 0.751534
vt 0.110494 0.751534
vt 0.773092 0.248465
vt 0.754546 0.248465
vt 0.277259 0.751535
vt 0.347252 0.751535
vt 0.437809 0.893865
vt 0.447424 0.893849
vt 0.447424 0.901381
vt 0.437809 0.901398
vt 0.488899 0.742330
vt 0.498151 0.742330
vt 0.911331 0.669146
vt 0.920471 0.669146
vt 0.713031 0.814275
vt 0.630485 0.814275
vt 0.630485 0.799244
vt 0.713031 0.799244
vt 0.437809 0.870956
vt 0.447424 0.870940
vt 0.724805 0.878557
vt 0.733945 0.878557
vt 0.733945 0.942809
vt 0.724805 0.942809
vt 0.547914 0.814275
vt 0.506425 0.814275
vt 0.428194 0.857050
vt 0.437809 0.857067
vt 0.437809 0.864599
vt 0.428194 0.864583
vt 0.803158 0.248638
vt 0.850151 0.248556
vt 0.754546 0.814275
vt 0.754546 0.799244
vt 0.274569 0.454493
vt 0.042714 0.454896
vt 0.274569 0.000000
vt 0.506425 0.000404
vt 0.506425 0.017543
vt 0.274569 0.017139
vt 0.599698 0.902351
vt 0.599698 0.814376
vt 0.754546 0.858605
vt 0.744813 0.858622
vt 0.437809 0.887508
vt 0.428194 0.887492
vt 0.589072 0.973174
vt 0.589072 0.958007
vt 0.599698 0.958007
vt 0.599698 0.973174
vt 0.571546 0.973174
vt 0.571546 0.958007
vt 0.589072 0.893724
vt 0.589072 0.829472
vt 0.599698 0.829472
vt 0.599698 0.893724
vt 0.589072 0.814275
vt 0.599698 0.814275
vt 0.571546 0.829472
vt 0.571546 0.814275
vt 0.565784 0.829472
vt 0.565784 0.814275
vt 0.565784 0.958007
vt 0.565784 0.893724
vt 0.571546 0.893724
vt 0.565784 0.973174
vt 0.715659 0.814275
vt 0.724805 0.814275
vt 0.437809 0.901398
vt 0.428194 0.901381
vt 0.743678 0.858622
vt 0.753294 0.858639
vt 0.753294 0.881548
vt 0.743678 0.881531
vt 0.902185 0.669146
vt 0.911331 0.669146
vt 0.911331 0.684343
vt 0.902185 0.684343
vt 0.920471 0.812877
vt 0.911331 0.812877
vt 0.724805 0.814275
vt 0.733945 0.814275
vt 0.437809 0.857067
vt 0.447424 0.857050
vt 0.733945 0.858639
vt 0.743560 0.858622
vt 0.743560 0.881531
vt 0.733945 0.881548
vt 0.920471 0.828045
vt 0.911331 0.828045
vt 0.486268 0.733730
vt 0.486268 0.737037
vt 0.484855 0.737040
vt 0.484855 0.733733
vt 0.488899 0.741437
vt 0.486268 0.741437
vt 0.486268 0.684813
vt 0.488899 0.684813
vt 0.497016 0.519177
vt 0.488899 0.519178
vt 0.497016 0.575776
vt 0.488899 0.583431
vt 0.502113 0.867233
vt 0.502113 0.810635
vt 0.503405 0.810635
vt 0.503405 0.867233
vt 0.502113 0.923857
vt 0.503405 0.923857
vt 0.498908 0.867233
vt 0.501538 0.867233
vt 0.501538 0.923857
vt 0.498908 0.923857
vt 0.486268 0.628214
vt 0.488899 0.628214
vt 0.484855 0.740347
vt 0.484855 0.737040
vt 0.486268 0.737042
vt 0.486268 0.740349
vt 0.498908 0.810635
vt 0.501538 0.810635
vt 0.713031 0.741697
vt 0.630485 0.741697
vt 0.630485 0.693259
vt 0.713031 0.693259
vt 0.956844 0.210877
vt 0.956844 0.248466
vt 0.921452 0.248465
vt 0.921452 0.179408
vt 0.956844 0.037559
vt 0.956844 0.124233
vt 0.921452 0.104283
vt 0.921452 0.014518
vt 0.506425 0.693259
vt 0.547914 0.693259
vt 0.734399 0.228229
vt 0.754546 0.227552
vt 0.803157 0.750415
vt 0.850151 0.750497
vt 0.850151 0.364137
vt 0.803158 0.364219
vt 0.956844 0.000000
vt 0.921452 0.000000
vt 0.506425 0.289479
vt 0.526571 0.280100
vt 0.754546 0.741697
vt 0.754546 0.693259
vt 0.286195 0.506602
vt 0.054340 0.507006
vt 0.054340 0.451775
vt 0.286195 0.451371
vt 0.274569 0.082757
vt 0.506425 0.083162
vt 0.506425 0.138393
vt 0.274569 0.137989
vt 0.358240 0.751534
vt 0.358240 0.820592
vt 0.358240 0.895717
vt 0.358239 0.985482
vt 0.358240 1.000000
vt 0.797392 0.730876
vt 0.847268 0.730963
vt 0.734399 0.210367
vt 0.754546 0.206227
vt 0.630485 0.633879
vt 0.713031 0.633879
vt 0.881064 0.243695
vt 0.878065 0.248465
vt 0.878065 0.179408
vt 0.881064 0.184179
vt 0.898315 0.017385
vt 0.878065 0.014518
vt 0.901202 0.017385
vt 0.506425 0.633879
vt 0.547914 0.633879
vt 0.325096 0.683958
vt 0.242525 0.683958
vt 0.242525 0.624578
vt 0.325096 0.624578
vt 0.878065 0.104283
vt 0.850151 0.420850
vt 0.803158 0.420932
vt 0.878065 0.000000
vt 0.506425 0.227552
vt 0.526571 0.228229
vt 0.754546 0.633879
vt 0.054340 0.384066
vt 0.286195 0.383662
vt 0.506425 0.206102
vt 0.274569 0.205697
vt 0.734399 0.100243
vt 0.754546 0.074752
vt 0.761845 0.610409
vt 0.829494 0.610527
vt 0.630485 0.613431
vt 0.713031 0.613431
vt 0.863415 0.248465
vt 0.863415 0.210877
vt 0.863415 0.124233
vt 0.863415 0.037559
vt 0.506425 0.613431
vt 0.547914 0.613431
vt 0.847268 0.440384
vt 0.797392 0.440471
vt 0.863415 0.000000
vt 0.506425 0.206227
vt 0.526571 0.210367
vt 0.754546 0.613431
vt 0.274569 0.248795
vt 0.042714 0.249199
vt 0.042714 0.225884
vt 0.274569 0.225480
vt 0.506425 0.229417
vt 0.274569 0.229013
vt 0.754546 0.585673
vt 0.825845 0.585798
vt 0.503085 0.585274
vt 0.506425 0.583431
vt 0.506425 0.711174
vt 0.503085 0.709948
vt 0.775490 0.124233
vt 0.775490 0.039642
vt 0.863643 0.039642
vt 0.863643 0.124233
vt 0.863643 0.208795
vt 0.775490 0.208795
vt 0.485643 0.456979
vt 0.488899 0.454896
vt 0.488899 0.541570
vt 0.485643 0.541570
vt 0.503085 0.709948
vt 0.499746 0.711174
vt 0.499746 0.583431
vt 0.503085 0.585274
vt 0.488899 0.628214
vt 0.485643 0.626132
vt 0.901194 0.189072
vt 0.918457 0.184179
vt 0.918457 0.243695
vt 0.901194 0.238802
vt 0.498908 0.760904
vt 0.506425 0.760904
vt 0.506425 0.810635
vt 0.498908 0.810635
vt 0.898327 0.238802
vt 0.898327 0.189072
vt 0.902185 0.877775
vt 0.902185 0.828044
vt 0.905052 0.828044
vt 0.905052 0.877775
vt 0.447424 0.901398
vt 0.447424 0.910851
vt 0.444289 0.910856
vt 0.444289 0.901403
vt 0.506425 0.760904
vt 0.498904 0.760904
vt 0.498904 0.711174
vt 0.506425 0.711174
vt 0.484620 0.750890
vt 0.484620 0.741437
vt 0.487755 0.741442
vt 0.487755 0.750895
vt 0.506425 0.894665
vt 0.503405 0.894665
vt 0.503405 0.810635
vt 0.506425 0.810635
vt 0.901202 0.101415
vt 0.898315 0.101415
vt 0.450442 0.941080
vt 0.450442 0.857050
vt 0.453328 0.857050
vt 0.453328 0.941080
vt 0.740001 0.905629
vt 0.740001 0.901834
vt 0.743157 0.901840
vt 0.743157 0.905635
vt 0.447424 0.857050
vt 0.450442 0.857050
vt 0.450442 0.941080
vt 0.447424 0.941080
vt 0.737101 0.901834
vt 0.737101 0.905629
vt 0.733945 0.905635
vt 0.733945 0.901840
vt 0.872206 0.440340
vt 0.863319 0.560761
vt 0.861495 0.585860
vt 0.863319 0.610586
vt 0.873648 0.420809
vt 0.872206 0.731007
vt 0.873648 0.364096
vt 0.873648 0.750538
vt 0.873648 0.317833
vt 0.873648 0.807251
vt 0.873647 0.883459
vt 0.873647 0.909052
vt 0.873648 0.248515
vt 0.873648 0.262295
vt 0.250115 0.875767
vt 0.250115 0.962411
vt 0.144384 0.751534
vt 0.144384 0.789123
vt 0.487967 0.828081
vt 0.487755 0.828081
vt 0.487755 0.741437
vt 0.487967 0.741437
vt 0.250115 0.751534
vt 0.250115 0.789093
vt 0.487443 0.857050
vt 0.487685 0.857051
vt 0.487685 0.899672
vt 0.487443 0.899671
vt 0.873647 0.853513
vt 0.873648 0.287888
vt 0.250115 1.000000
vt 0.873647 0.922831
vt 0.861495 0.585487
vt 0.144384 0.962441
vt 0.144384 1.000000
vt 0.183067 0.962441
vt 0.183067 1.000000
vt 0.902185 0.560693
vt 0.902185 0.585416
vt 0.902185 0.909102
vt 0.902185 0.922881
vt 0.277259 0.962411
vt 0.277259 1.000000
vt 0.902185 0.807301
vt 0.902185 0.853563
vt 0.902185 0.287838
vt 0.902185 0.317784
vt 0.902185 0.262245
vt 0.902185 0.883509
vt 0.277259 0.789093
vt 0.277259 0.875767
vt 0.183067 0.789123
vt 0.183067 0.875767
vt 0.144384 0.875767
vt 0.277259 0.751534
vt 0.183067 0.751534
vt 0.902185 0.248466
vt 0.902185 0.750588
vt 0.902185 0.364046
vt 0.902185 0.731059
vt 0.902185 0.420759
vt 0.902185 0.610654
vt 0.902185 0.440288
vt 0.902185 0.585931
vt 0.484475 0.541570
vt 0.484253 0.541570
vt 0.484253 0.454896
vt 0.484475 0.454896
vt 0.484475 0.628214
vt 0.484253 0.628214
vt 0.487967 0.914755
vt 0.487755 0.914755
vt 0.934174 0.581170
vt 0.903022 0.581170
vt 0.903021 0.498263
vt 0.934174 0.498263
vt 0.454629 0.879129
vt 0.454871 0.879129
vt 0.454871 0.921750
vt 0.454629 0.921750
vt 0.902185 0.582111
vt 0.903022 0.583053
vt 0.902279 0.583053
vt 0.903022 0.584936
vt 0.902185 0.583995
vt 0.485514 0.542512
vt 0.485514 0.540628
vt 0.485643 0.541570
vt 0.935273 0.583995
vt 0.934174 0.584936
vt 0.934174 0.583053
vt 0.935103 0.583053
vt 0.935273 0.582111
vt 0.488822 0.829023
vt 0.488822 0.827139
vt 0.488899 0.828081
vt 0.486354 0.857537
vt 0.486354 0.899149
vt 0.902185 0.496931
vt 0.935273 0.496931
vt 0.902185 0.669146
vt 0.903022 0.667814
vt 0.934174 0.667814
vt 0.935273 0.669146
vt 0.453540 0.921263
vt 0.453540 0.879651
vt 0.488822 0.914203
vt 0.488822 0.741988
vt 0.485514 0.627663
vt 0.485514 0.455448
vt 0.908603 0.829736
vt 0.908570 0.840167
vt 0.906969 0.840393
vt 0.907002 0.829963
vt 0.565784 0.893412
vt 0.564391 0.893412
vt 0.564391 0.887759
vt 0.565784 0.887759
vt 0.906653 0.844946
vt 0.906663 0.847963
vt 0.905062 0.847737
vt 0.905052 0.844719
vt 0.508097 0.893412
vt 0.520039 0.893412
vt 0.520039 0.915931
vt 0.508097 0.915931
vt 0.522494 0.915931
vt 0.522494 0.919791
vt 0.520039 0.919791
vt 0.441810 0.853650
vt 0.444267 0.853650
vt 0.444267 0.857050
vt 0.441810 0.857050
vt 0.441810 0.783566
vt 0.444267 0.783566
vt 0.444267 0.804292
vt 0.441810 0.804292
vt 0.520039 0.862851
vt 0.522494 0.862851
vt 0.522494 0.867033
vt 0.520039 0.867033
vt 0.906736 0.830303
vt 0.905135 0.830076
vt 0.905150 0.900909
vt 0.905227 0.899217
vt 0.906828 0.899444
vt 0.906752 0.901136
vt 0.508097 0.834059
vt 0.520039 0.834059
vt 0.520039 0.840654
vt 0.508097 0.840654
vt 0.441810 0.755395
vt 0.444267 0.755395
vt 0.444267 0.777913
vt 0.441810 0.777913
vt 0.520039 0.887759
vt 0.522494 0.887759
vt 0.522494 0.893412
vt 0.565784 0.862851
vt 0.564391 0.862851
vt 0.564391 0.840654
vt 0.565784 0.840654
vt 0.487566 0.808474
vt 0.486173 0.808474
vt 0.486173 0.804292
vt 0.487566 0.804292
vt 0.522494 0.834059
vt 0.522494 0.840654
vt 0.441810 0.808474
vt 0.444267 0.808474
vt 0.444267 0.830671
vt 0.441810 0.830671
vt 0.429866 0.830671
vt 0.441810 0.837266
vt 0.429866 0.837266
vt 0.487566 0.783566
vt 0.486173 0.783566
vt 0.486173 0.777913
vt 0.487566 0.777913
vt 0.906910 0.899104
vt 0.906828 0.884461
vt 0.908429 0.884235
vt 0.908511 0.898878
vt 0.429866 0.755395
vt 0.429866 0.777913
vt 0.487566 0.755395
vt 0.486173 0.755395
vt 0.486173 0.751534
vt 0.487566 0.751534
vt 0.520039 0.817675
vt 0.522494 0.817675
vt 0.564391 0.867033
vt 0.565784 0.867033
vt 0.444267 0.837266
vt 0.508097 0.862851
vt 0.441810 0.751534
vt 0.444267 0.751534
vt 0.429866 0.783566
vt 0.429866 0.804292
vt 0.565784 0.817675
vt 0.564391 0.817675
vt 0.564391 0.814275
vt 0.565784 0.814275
vt 0.487566 0.857050
vt 0.486173 0.857050
vt 0.486173 0.853650
vt 0.487566 0.853650
vt 0.520039 0.814275
vt 0.522494 0.814275
vt 0.463992 0.837266
vt 0.475083 0.837266
vt 0.475083 0.853650
vt 0.463992 0.853650
vt 0.542215 0.814275
vt 0.553303 0.814275
vt 0.553303 0.817675
vt 0.542215 0.817675
vt 0.739554 0.913563
vt 0.739067 0.913604
vt 0.739067 0.901875
vt 0.739554 0.901834
vt 0.463992 0.751534
vt 0.475083 0.751534
vt 0.475083 0.755395
vt 0.463992 0.755395
vt 0.463992 0.830671
vt 0.475083 0.830671
vt 0.484420 0.673252
vt 0.484002 0.673252
vt 0.484002 0.650733
vt 0.484420 0.650733
vt 0.474396 0.899533
vt 0.473978 0.899533
vt 0.473978 0.878807
vt 0.474396 0.878807
vt 0.463992 0.804292
vt 0.475083 0.804292
vt 0.475083 0.808474
vt 0.463992 0.808474
vt 0.463992 0.777913
vt 0.475083 0.777913
vt 0.475083 0.783566
vt 0.463992 0.783566
vt 0.441040 0.915022
vt 0.440553 0.915063
vt 0.440553 0.901439
vt 0.441040 0.901398
vt 0.542215 0.834059
vt 0.553303 0.834059
vt 0.553303 0.840654
vt 0.542215 0.840654
vt 0.542215 0.887759
vt 0.553303 0.887759
vt 0.553303 0.893412
vt 0.542215 0.893412
vt 0.542215 0.862851
vt 0.553303 0.862851
vt 0.553303 0.867033
vt 0.542215 0.867033
vt 0.475083 0.857050
vt 0.463992 0.857050
vt 0.542215 0.915931
vt 0.553303 0.915931
vt 0.553303 0.919791
vt 0.542215 0.919791
vt 0.906741 0.872195
vt 0.906784 0.885820
vt 0.905183 0.885593
vt 0.905140 0.871968
vt 0.908516 0.856985
vt 0.908504 0.860777
vt 0.906903 0.861004
vt 0.906915 0.857212
vt 0.908466 0.872506
vt 0.906865 0.872732
vt 0.460905 0.837266
vt 0.460905 0.853650
vt 0.539129 0.814275
vt 0.539129 0.817675
vt 0.539129 0.893412
vt 0.539129 0.915931
vt 0.460905 0.751534
vt 0.460905 0.755395
vt 0.460905 0.830671
vt 0.539129 0.834059
vt 0.539129 0.840654
vt 0.539129 0.862851
vt 0.460905 0.804292
vt 0.460905 0.808474
vt 0.460905 0.777913
vt 0.460905 0.783566
vt 0.539129 0.867033
vt 0.539129 0.887759
vt 0.460905 0.857050
vt 0.539129 0.919791
vt 0.906729 0.868403
vt 0.905127 0.868177
vt 0.908438 0.881217
vt 0.906837 0.881444
vt 0.451358 0.837266
vt 0.451358 0.853650
vt 0.529584 0.814275
vt 0.529584 0.817675
vt 0.753742 0.880819
vt 0.753294 0.880819
vt 0.753294 0.858622
vt 0.753742 0.858622
vt 0.451358 0.751534
vt 0.451358 0.755395
vt 0.451358 0.830671
vt 0.744372 0.857198
vt 0.743954 0.857198
vt 0.743954 0.836472
vt 0.744372 0.836472
vt 0.601079 0.902391
vt 0.601565 0.902351
vt 0.601565 0.914079
vt 0.601078 0.914120
vt 0.451358 0.804292
vt 0.451358 0.808474
vt 0.451358 0.777913
vt 0.451358 0.783566
vt 0.503823 0.911048
vt 0.503405 0.911048
vt 0.503405 0.894664
vt 0.503823 0.894664
vt 0.529584 0.834059
vt 0.529584 0.840654
vt 0.529584 0.887759
vt 0.529584 0.893412
vt 0.529584 0.862851
vt 0.529584 0.867033
vt 0.451358 0.857050
vt 0.529584 0.915931
vt 0.529584 0.919791
vt 0.906691 0.856675
vt 0.905090 0.856448
vt 0.906794 0.889014
vt 0.905194 0.888787
vt 0.555903 0.915931
vt 0.555903 0.919791
vt 0.477683 0.853650
vt 0.477683 0.857050
vt 0.477683 0.783566
vt 0.477683 0.804292
vt 0.555903 0.862851
vt 0.555903 0.867033
vt 0.477683 0.755395
vt 0.477683 0.777913
vt 0.555903 0.887759
vt 0.555903 0.893412
vt 0.555903 0.834059
vt 0.555903 0.840654
vt 0.477683 0.808474
vt 0.477683 0.830671
vt 0.555903 0.817675
vt 0.477683 0.837266
vt 0.477683 0.751534
vt 0.555903 0.814275
vt 0.908559 0.843361
vt 0.906959 0.843588
vt 0.486173 0.837266
vt 0.486173 0.830671
vt 0.483792 0.627233
vt 0.483661 0.627233
vt 0.483661 0.606507
vt 0.483792 0.606507
vt 0.498642 0.782360
vt 0.498784 0.782348
vt 0.498784 0.792779
vt 0.498642 0.792790
vt 0.498642 0.771918
vt 0.498784 0.771906
vt 0.498784 0.782336
vt 0.498642 0.782348
vt 0.564391 0.834059
vt 0.564391 0.915931
vt 0.564391 0.919791
vt 0.484451 0.717968
vt 0.484002 0.717968
vt 0.484002 0.695449
vt 0.484451 0.695449
vt 0.505571 0.911048
vt 0.505122 0.911048
vt 0.505122 0.894665
vt 0.505571 0.894665
vt 0.744438 0.836472
vt 0.743989 0.836472
vt 0.743989 0.814275
vt 0.744438 0.814275
vt 0.753742 0.901546
vt 0.753294 0.901546
vt 0.753294 0.880819
vt 0.753742 0.880819
vt 0.439189 0.901398
vt 0.439676 0.901439
vt 0.439676 0.913168
vt 0.439190 0.913127
vt 0.600185 0.914120
vt 0.599698 0.914079
vt 0.599698 0.902351
vt 0.600185 0.902391
vt 0.744015 0.902274
vt 0.744502 0.902315
vt 0.744502 0.914044
vt 0.744015 0.914003
vt 0.737548 0.901834
vt 0.738035 0.901875
vt 0.738035 0.913604
vt 0.737548 0.913563
vt 0.438256 0.901439
vt 0.438743 0.901398
vt 0.438743 0.915022
vt 0.438256 0.915063
vt 0.484421 0.695449
vt 0.484002 0.695449
vt 0.484002 0.673252
vt 0.484421 0.673252
vt 0.475285 0.913888
vt 0.474837 0.913888
vt 0.474837 0.897504
vt 0.475285 0.897504
vt 0.484450 0.740487
vt 0.484002 0.740487
vt 0.484002 0.717968
vt 0.484450 0.717968
vt 0.475217 0.877750
vt 0.485165 0.877750
vt 0.485165 0.896972
vt 0.475217 0.896972
vt 0.441934 0.901398
vt 0.442421 0.901439
vt 0.442421 0.915063
vt 0.441934 0.915022
vt 0.734326 0.882080
vt 0.742731 0.882080
vt 0.742731 0.901302
vt 0.734326 0.901302
vt 0.453709 0.857583
vt 0.463656 0.857583
vt 0.463656 0.878597
vt 0.453709 0.878597
vt 0.744127 0.902274
vt 0.743678 0.902274
vt 0.743678 0.881548
vt 0.744127 0.881548
vt 0.464463 0.857582
vt 0.474411 0.857582
vt 0.474411 0.878275
vt 0.464463 0.878275
vt 0.484420 0.650733
vt 0.484002 0.650733
vt 0.484002 0.628214
vt 0.484420 0.628214
vt 0.436928 0.901439
vt 0.437415 0.901398
vt 0.437415 0.915022
vt 0.436928 0.915063
vt 0.499306 0.711144
vt 0.498888 0.711144
vt 0.498888 0.688947
vt 0.499306 0.688947
vt 0.472913 0.900353
vt 0.464508 0.900353
vt 0.464508 0.879339
vt 0.472913 0.879339
vt 0.486801 0.899672
vt 0.487288 0.899712
vt 0.487288 0.913337
vt 0.486801 0.913296
vt 0.738620 0.913563
vt 0.738134 0.913604
vt 0.738134 0.901875
vt 0.738621 0.901834
vt 0.753741 0.901587
vt 0.754227 0.901546
vt 0.754227 0.913275
vt 0.753740 0.913316
vt 0.476147 0.911169
vt 0.475660 0.911128
vt 0.475660 0.897504
vt 0.476147 0.897545
vt 0.489279 0.901760
vt 0.497684 0.901760
vt 0.497684 0.916640
vt 0.489279 0.916640
vt 0.442868 0.901398
vt 0.443355 0.901439
vt 0.443355 0.915063
vt 0.442868 0.915022
vt 0.474456 0.916296
vt 0.464508 0.916296
vt 0.464508 0.901417
vt 0.474456 0.901417
vt 0.504682 0.911048
vt 0.504264 0.911048
vt 0.504264 0.894664
vt 0.504682 0.894664
vt 0.463702 0.900354
vt 0.455297 0.900354
vt 0.455297 0.879661
vt 0.463702 0.879661
vt 0.485591 0.877218
vt 0.474837 0.877218
vt 0.443802 0.915063
vt 0.443355 0.914895
vt 0.443355 0.901680
vt 0.443802 0.901439
vt 0.464082 0.857050
vt 0.453328 0.857050
vt 0.441487 0.901566
vt 0.441487 0.914781
vt 0.474837 0.857050
vt 0.464082 0.857050
vt 0.436481 0.914895
vt 0.436481 0.901680
vt 0.442421 0.901566
vt 0.442421 0.914781
vt 0.485591 0.897504
vt 0.474837 0.897504
vt 0.486354 0.899840
vt 0.486354 0.913054
vt 0.474837 0.878807
vt 0.464082 0.878807
vt 0.441487 0.901566
vt 0.441487 0.914781
vt 0.464082 0.900885
vt 0.474837 0.900885
vt 0.476594 0.911001
vt 0.476594 0.897786
vt 0.464082 0.879129
vt 0.453328 0.879128
vt 0.464082 0.916828
vt 0.474837 0.916828
vt 0.437809 0.914895
vt 0.437809 0.901680
vt 0.484861 0.650512
vt 0.484861 0.628434
vt 0.504264 0.910828
vt 0.504264 0.894885
vt 0.484861 0.695228
vt 0.484861 0.673472
vt 0.744813 0.856978
vt 0.744813 0.836692
vt 0.464082 0.878807
vt 0.464082 0.900885
vt 0.484825 0.718188
vt 0.484825 0.740266
vt 0.498110 0.917172
vt 0.498110 0.901229
vt 0.475660 0.897724
vt 0.475660 0.913667
vt 0.454871 0.879129
vt 0.454871 0.900885
vt 0.754117 0.858843
vt 0.754117 0.880599
vt 0.743157 0.901834
vt 0.743157 0.881548
vt 0.744502 0.881768
vt 0.744502 0.902054
vt 0.733945 0.881548
vt 0.740001 0.902003
vt 0.740001 0.913321
vt 0.473294 0.900885
vt 0.600632 0.913951
vt 0.600632 0.902633
vt 0.464082 0.900885
vt 0.739067 0.902003
vt 0.739067 0.913321
vt 0.737101 0.902003
vt 0.737101 0.913321
vt 0.733945 0.901834
vt 0.743568 0.902443
vt 0.743568 0.913762
vt 0.464082 0.879129
vt 0.600632 0.913951
vt 0.600632 0.902633
vt 0.488899 0.917172
vt 0.438743 0.901567
vt 0.438743 0.912885
vt 0.473294 0.878807
vt 0.488899 0.901229
vt 0.753294 0.913147
vt 0.753294 0.901828
vt 0.484860 0.673031
vt 0.484860 0.650953
vt 0.505122 0.910828
vt 0.505122 0.894885
vt 0.499746 0.710923
vt 0.499746 0.689167
vt 0.474837 0.899313
vt 0.474837 0.879027
vt 0.754117 0.881040
vt 0.754117 0.901326
vt 0.744813 0.814495
vt 0.744813 0.836252
vt 0.505946 0.894885
vt 0.505946 0.910828
vt 0.484826 0.695669
vt 0.484826 0.717747
vt 0.444289 0.901398
vt 0.444289 0.915022
vt 0.499746 0.583431
vt 0.499746 0.587291
vt 0.498259 0.587291
vt 0.498259 0.583431
vt 0.499746 0.636189
vt 0.499746 0.640371
vt 0.498259 0.640371
vt 0.498259 0.636189
vt 0.499746 0.609810
vt 0.499746 0.615462
vt 0.498259 0.615462
vt 0.498259 0.609810
vt 0.499746 0.662568
vt 0.499746 0.669163
vt 0.498259 0.669163
vt 0.498259 0.662568
vt 0.499746 0.685547
vt 0.498259 0.685547
vt 0.499746 0.688947
vt 0.498259 0.688947
vt 0.487566 0.830671
vt 0.565784 0.915931
vt 0.565784 0.834059
vt 0.487566 0.837266
vt 0.565784 0.919791
vt 0.908527 0.828044
vt 0.906926 0.828271
vt 0.498642 0.803233
vt 0.498784 0.803244
vt 0.498784 0.813675
vt 0.498642 0.813663
vt 0.498514 0.803232
vt 0.498372 0.803221
vt 0.498372 0.792790
vt 0.498514 0.792802
vt 0.501843 0.821077
vt 0.501701 0.821065
vt 0.501701 0.810635
vt 0.501844 0.810647
vt 0.498642 0.761464
vt 0.498784 0.761475
vt 0.498784 0.771906
vt 0.498642 0.771894
vt 0.483784 0.584310
vt 0.483661 0.584310
vt 0.483661 0.563584
vt 0.483784 0.563584
vt 0.477533 0.897825
vt 0.485334 0.897825
vt 0.485334 0.919114
vt 0.477533 0.919114
vt 0.498464 0.734637
vt 0.498342 0.734637
vt 0.498342 0.718254
vt 0.498464 0.718254
vt 0.483792 0.563584
vt 0.483661 0.563584
vt 0.483661 0.541065
vt 0.483792 0.541065
vt 0.753064 0.903480
vt 0.745263 0.903480
vt 0.745263 0.881869
vt 0.753064 0.881869
vt 0.498514 0.761452
vt 0.498372 0.761464
vt 0.498372 0.751033
vt 0.498514 0.751021
vt 0.484144 0.750917
vt 0.484002 0.750929
vt 0.484002 0.740498
vt 0.484144 0.740487
vt 0.436251 0.917195
vt 0.428451 0.917195
vt 0.428451 0.901719
vt 0.436251 0.901719
vt 0.483784 0.498142
vt 0.483661 0.498142
vt 0.483661 0.475623
vt 0.483784 0.475623
vt 0.483888 0.584310
vt 0.484019 0.584310
vt 0.484019 0.606507
vt 0.483888 0.606507
vt 0.483784 0.520338
vt 0.483661 0.520338
vt 0.483661 0.498141
vt 0.483784 0.498141
vt 0.498503 0.751022
vt 0.498372 0.751022
vt 0.498372 0.734638
vt 0.498503 0.734638
vt 0.463158 0.921346
vt 0.462901 0.921025
vt 0.462901 0.901206
vt 0.463158 0.900885
vt 0.484019 0.606640
vt 0.484019 0.627101
vt 0.745006 0.881548
vt 0.745006 0.903801
vt 0.484019 0.541198
vt 0.484019 0.563451
vt 0.485591 0.919435
vt 0.485591 0.897504
vt 0.483661 0.606374
vt 0.483661 0.584443
vt 0.428194 0.901398
vt 0.428194 0.917516
vt 0.498729 0.734770
vt 0.498729 0.750888
vt 0.455100 0.901206
vt 0.454871 0.900885
vt 0.498372 0.792689
vt 0.498372 0.782506
vt 0.753294 0.903801
vt 0.498372 0.782247
vt 0.498372 0.772064
vt 0.477304 0.897504
vt 0.498784 0.751123
vt 0.498784 0.761306
vt 0.498372 0.761565
vt 0.498372 0.771748
vt 0.454871 0.921346
vt 0.455100 0.921025
vt 0.502113 0.820975
vt 0.502113 0.810792
vt 0.477304 0.919435
vt 0.498784 0.803131
vt 0.498784 0.792948
vt 0.436481 0.901398
vt 0.498372 0.803334
vt 0.498372 0.813517
vt 0.753294 0.881548
vt 0.436481 0.917516
vt 0.484414 0.740588
vt 0.484414 0.750771
vt 0.484049 0.498009
vt 0.484049 0.475756
vt 0.498730 0.734505
vt 0.498730 0.718387
vt 0.484049 0.520206
vt 0.484049 0.498274
vt 0.484049 0.584177
vt 0.484049 0.563716
vt 0.428194 0.830671
vt 0.428194 0.837266
vt 0.506425 0.862851
vt 0.508097 0.867033
vt 0.506425 0.867033
vt 0.506425 0.814275
vt 0.508097 0.814275
vt 0.508097 0.817675
vt 0.506425 0.817675
vt 0.506425 0.834059
vt 0.506425 0.840654
vt 0.428194 0.853650
vt 0.429866 0.853650
vt 0.429866 0.857050
vt 0.428194 0.857050
vt 0.428194 0.808474
vt 0.429866 0.808474
vt 0.428194 0.804292
vt 0.506425 0.915931
vt 0.508097 0.919791
vt 0.506425 0.919791
vt 0.429866 0.751534
vt 0.508097 0.887759
vt 0.486268 0.628214
vt 0.486268 0.631614
vt 0.484861 0.631614
vt 0.484861 0.628214
vt 0.486268 0.680972
vt 0.486268 0.701698
vt 0.484861 0.701698
vt 0.484861 0.680972
vt 0.486268 0.707351
vt 0.486268 0.729870
vt 0.484861 0.729870
vt 0.484861 0.707351
vt 0.486268 0.654593
vt 0.486268 0.676790
vt 0.484861 0.676790
vt 0.484861 0.654593
vt 0.486268 0.647998
vt 0.484861 0.647998
vt 0.486268 0.733730
vt 0.484861 0.733730
vt 0.428194 0.783566
vt 0.428194 0.777913
vt 0.506425 0.887759
vt 0.506425 0.893412
vt 0.907002 0.901136
vt 0.908603 0.900909
vt 0.428194 0.755395
vt 0.428194 0.751534
vt 0.906828 0.828271
vt 0.905226 0.828044
vt 0.498607 0.688957
vt 0.498730 0.688947
vt 0.498730 0.703590
vt 0.498607 0.703600
vt 0.498607 0.703600
vt 0.498730 0.703610
vt 0.498730 0.718254
vt 0.498607 0.718244
vt 0.483767 0.475623
vt 0.483661 0.475623
vt 0.483661 0.454896
vt 0.483767 0.454896
vt 0.474837 0.857050
vt 0.486354 0.857050
vt 0.486354 0.877218
vt 0.474837 0.877218
vt 0.483915 0.540983
vt 0.483774 0.541065
vt 0.483774 0.520339
vt 0.483915 0.520420
vt 0.484058 0.540785
vt 0.484058 0.520618
vt 0.483930 0.454978
vt 0.484154 0.455176
vt 0.484154 0.475343
vt 0.483930 0.475541
vt 0.498441 0.703663
vt 0.498441 0.718154
vt 0.498259 0.703777
vt 0.498259 0.717900
vt 0.498441 0.689046
vt 0.498441 0.703537
vt 0.498259 0.689300
vt 0.498259 0.703424
vt 0.483661 0.541065
vt 0.483661 0.520339
vn -1.0000 -0.0000 0.0000
vn 0.0000 0.0000 -1.0000
vn 1.0000 -0.0000 0.0000
vn 0.0000 -0.0000 1.0000
vn 0.0000 -1.0000 -0.0000
vn 0.0000 1.0000 0.0000
vn 0.0000 0.3598 -0.9330
vn 0.0000 0.9011 -0.4337
vn -0.0022 -0.0018 -1.0000
vn 0.0000 -0.0130 -0.9999
vn 0.0022 -0.0018 -1.0000
vn -0.0094 0.0000 -1.0000
vn -0.8969 0.1591 -0.4126
vn 0.0000 -0.7517 -0.6595
vn 0.0000 0.9999 0.0158
vn 0.8970 0.1591 -0.4125
vn 0.0022 0.0018 -1.0000
vn -0.0022 0.0018 -1.0000
vn 0.0107 0.0000 -0.9999
vn 0.0000 0.0130 -0.9999
vn 0.0291 -0.9306 -0.3648
vn -0.0291 -0.9306 -0.3648
vn 0.0000 -0.4414 -0.8973
vn -0.0291 -0.9306 0.3648
vn 0.0291 -0.9306 0.3648
vn -0.0000 -0.4414 0.8973
vn 0.9239 -0.3826 0.0000
vn 0.3826 -0.9239 0.0000
vn -0.3827 -0.9239 0.0000
vn -0.9239 -0.3827 0.0000
vn -0.9239 -0.3826 0.0000
vn 0.0000 -0.3826 0.9239
vn 0.0000 -0.9239 0.3826
vn 0.0000 -0.9239 0.3827
vn 0.0000 -0.3827 0.9239
vn 0.0000 -0.9239 -0.3827
vn 0.0000 -0.9239 -0.3826
vn 0.0000 -0.3826 -0.9239
vn 0.0000 0.9224 -0.3861
vn 0.0000 0.9225 -0.3861
vn 0.0000 0.9044 -0.4268
vn 0.0000 0.9022 -0.4313
vn 0.0000 0.9000 -0.4358
vn 0.0000 -0.9022 0.4313
vn 0.0000 -0.9000 0.4358
vn 0.0000 0.9015 -0.4328
vn 0.0000 -0.9225 0.3860
vn 0.0000 -0.9044 0.4268
vn 0.0000 -0.9225 0.3859
vn 0.0000 -0.4358 -0.9000
vn 0.0000 -0.4359 -0.9000
vn 0.0000 0.9001 -0.4358
vn 0.0000 0.4357 0.9001
vn 0.0000 0.4356 0.9001
vn 0.0000 -0.4356 -0.9001
vn -0.0000 -0.4360 -0.8999
vn 0.0000 -0.4361 -0.8999
vn 0.0000 0.4356 0.9002
vn 0.0000 0.4361 0.8999
vn 0.0000 0.4358 0.9001
vn 0.0000 0.4360 0.8999
vn -0.0000 0.4360 0.9000
vn -0.3824 0.8316 -0.4027
vn -0.3828 0.8315 -0.4026
vn -0.3823 0.8317 -0.4027
vn -0.9239 0.3443 -0.1667
vn -0.3826 0.8316 -0.4026
vn -0.3829 0.8315 -0.4026
vn -0.3830 0.8314 -0.4025
vn -0.3831 0.8314 -0.4025
vn 0.9239 0.3443 -0.1667
vn 0.3826 0.8316 -0.4027
vn 0.3825 0.8316 -0.4027
vn 0.9237 0.3447 -0.1669
vn 0.9238 0.3447 -0.1669
vn 0.9239 0.3444 -0.1667
vn 0.3824 0.8316 -0.4027
vn -0.3826 0.8316 -0.4027
vn -0.3825 0.8316 -0.4027
vn -0.9237 0.3447 -0.1669
vn -0.9238 0.3447 -0.1669
vn 0.0000 -0.0585 -0.9983
vn 0.0000 -0.0584 -0.9983
vn 0.0000 0.6649 -0.7469
vn 0.0000 0.6650 -0.7469
vn 0.0000 0.9983 -0.0580
vn 0.0000 0.9983 -0.0579
vn 0.0000 0.7474 0.6644
vn 0.0000 0.7473 0.6644
vn 0.0000 0.7474 0.6643
vn 0.0000 0.7473 0.6645
vn -0.3827 0.8315 -0.4026
vn -0.9239 0.3444 -0.1668
vn -0.9240 0.3443 -0.1667
vn -0.3821 0.8316 -0.4030
vn -0.3823 0.8316 -0.4029
vn -0.3822 0.8316 -0.4030
vn -0.3822 0.8316 -0.4029
vn 0.9239 0.3444 -0.1668
vn 0.3829 0.8314 -0.4026
vn 0.3828 0.8315 -0.4026
vn 0.3822 0.8316 -0.4029
vn 0.3823 0.8316 -0.4029
vn -0.3821 0.8316 -0.4029
vn -0.9237 0.3448 -0.1670
vn 0.0000 0.6647 -0.7471
vn 0.0000 0.6647 -0.7472
vn 0.0000 0.6646 -0.7472
vn 0.0000 0.9983 -0.0585
vn 0.0000 0.9983 -0.0584
vn 0.0000 0.7469 0.6650
vn 0.0000 0.7469 0.6649
vn 0.0000 0.9983 -0.0586
vn 0.0000 0.7468 0.6650
vn 0.0000 0.3859 0.9225
vn -0.0000 -0.4357 -0.9001
vn 0.0000 -0.4358 -0.9001
vn 0.0000 0.4359 0.9000
vn 0.0000 0.4358 0.9000
vn 0.0000 0.9983 -0.0588
vn 0.0000 0.9983 -0.0587
vn 0.0000 0.7465 0.6653
vn 0.0000 0.7466 0.6653
vn 0.0000 0.9983 -0.0590
vn 0.0000 0.7470 0.6648
vn -0.0000 0.7471 0.6648
vn 0.0000 0.7466 0.6652
vn -0.3822 0.8317 -0.4027
vn -0.9240 0.3441 -0.1666
vn -0.9240 0.3442 -0.1667
vn -0.9238 0.3445 -0.1669
vn 0.9240 0.3441 -0.1666
vn 0.9240 0.3442 -0.1667
vn 0.3822 0.8317 -0.4027
vn 0.3828 0.8315 -0.4025
vn 0.3827 0.8316 -0.4026
vn -0.3827 0.8315 -0.4027
vn -0.9239 0.3443 -0.1669
vn -0.9239 0.3444 -0.1669
vn 0.0000 -0.0580 -0.9983
vn 0.0000 0.6648 -0.7471
vn 0.0000 0.6648 -0.7470
vn 0.0000 -0.9225 0.3861
vn 0.0000 0.9225 -0.3860
vn 0.0000 -0.3861 -0.9225
vn -0.0000 -0.4272 -0.9041
vn 0.0000 -0.4272 -0.9042
vn 0.0000 0.7404 0.6722
vn 0.0000 0.7404 0.6721
vn 0.0000 0.8517 0.5241
vn 0.0000 0.8517 0.5240
vn 0.0000 0.4316 -0.9021
vn 0.0000 0.4316 -0.9020
vn -0.0000 -0.0483 -0.9988
vn 0.9240 0.3459 -0.1632
vn 0.9239 0.3459 -0.1633
vn 0.9240 0.3458 -0.1632
vn 0.7282 0.6198 -0.2925
vn 0.7280 0.6200 -0.2926
vn 0.7280 0.6200 -0.2925
vn -0.9237 0.3464 -0.1635
vn -0.9237 0.3465 -0.1635
vn -0.7284 0.6196 -0.2924
vn -0.7285 0.6195 -0.2924
vn -0.7285 0.6195 -0.2923
vn -0.7285 0.6196 -0.2924
vn 0.0000 0.4269 0.9043
vn -0.0000 0.4272 0.9042
vn 0.0000 0.4270 0.9042
usemtl Material.002
s 1
f 1/1/1 2/2/1 3/3/1
f 3/3/1 4/4/1 1/1/1
f 5/5/2 6/6/2 7/7/2
f 7/7/2 8/8/2 5/5/2
f 9/9/3 10/10/3 7/11/3
f 7/11/3 11/12/3 9/9/3
f 2/13/4 12/14/4 13/15/4
f 13/15/4 3/16/4 2/13/4
f 14/17/5 15/18/5 16/19/5
f 16/19/5 17/20/5 14/17/5
f 13/21/6 18/22/6 4/23/6
f 4/23/6 3/24/6 13/21/6
f 19/25/5 20/26/5 21/27/5
f 21/27/5 22/28/5 19/25/5
f 23/29/2 1/30/2 4/31/2
f 4/31/2 24/32/2 23/29/2
f 25/33/2 26/34/2 16/35/2
f 16/35/2 27/36/2 25/33/2
f 28/37/2 29/38/2 30/39/2
f 30/39/2 31/40/2 28/37/2
f 32/41/7 33/42/7 19/43/7
f 19/43/7 22/44/7 32/41/7
f 34/45/3 35/46/3 36/47/3
f 36/47/3 37/48/3 34/45/3
f 38/49/1 39/50/1 40/51/1
f 40/51/1 41/52/1 38/49/1
f 42/53/6 43/54/6 44/55/6
f 44/55/6 45/56/6 42/53/6
f 46/57/1 47/58/1 48/59/1
f 48/59/1 49/60/1 46/57/1
f 50/61/3 51/62/3 52/63/3
f 52/63/3 53/64/3 50/61/3
f 54/65/5 42/66/5 45/67/5
f 45/67/5 55/68/5 54/65/5
f 56/69/2 57/70/2 58/71/2
f 58/71/2 59/72/2 56/69/2
f 60/73/2 61/74/2 62/75/2
f 62/75/2 63/76/2 60/73/2
f 64/77/4 65/78/4 66/79/4
f 66/79/4 67/80/4 64/77/4
f 68/81/3 69/82/3 58/83/3
f 58/83/3 70/84/3 68/81/3
f 61/85/1 64/86/1 67/87/1
f 67/87/1 62/88/1 61/85/1
f 71/89/2 72/90/2 73/91/2
f 73/91/2 74/92/2 71/89/2
f 75/93/1 50/94/1 53/95/1
f 53/95/1 76/96/1 75/93/1
f 72/97/6 77/98/6 49/99/6
f 49/99/6 73/100/6 72/97/6
f 78/101/3 38/102/3 41/103/3
f 41/103/3 79/104/3 78/101/3
f 80/105/3 81/106/3 82/107/3
f 82/107/3 83/108/3 80/105/3
f 84/109/2 54/110/2 55/111/2
f 55/111/2 85/112/2 84/109/2
f 86/113/2 78/114/2 79/115/2
f 79/115/2 87/116/2 86/113/2
f 81/117/2 75/118/2 76/119/2
f 76/119/2 82/120/2 81/117/2
f 88/121/6 89/122/6 90/123/6
f 90/123/6 91/124/6 88/121/6
f 90/125/5 71/126/5 74/127/5
f 74/127/5 92/128/5 90/125/5
f 93/129/6 84/130/6 85/131/6
f 85/131/6 94/132/6 93/129/6
f 95/133/1 86/134/1 87/135/1
f 87/135/1 96/136/1 95/133/1
f 92/137/1 74/138/1 97/139/1
f 97/139/1 98/140/1 92/137/1
f 99/141/5 100/142/5 93/143/5
f 93/143/5 101/144/5 99/141/5
f 102/145/2 103/146/2 75/118/2
f 75/118/2 81/117/2 102/145/2
f 74/92/2 73/91/2 104/147/2
f 104/147/2 97/148/2 74/92/2
f 105/149/3 102/150/3 81/106/3
f 81/106/3 80/105/3 105/149/3
f 73/151/3 49/152/3 106/153/3
f 106/153/3 104/154/3 73/151/3
f 103/155/1 107/156/1 50/94/1
f 50/94/1 75/93/1 103/155/1
f 108/157/1 109/158/1 64/86/1
f 64/86/1 61/85/1 108/157/1
f 110/159/3 26/160/3 69/82/3
f 69/82/3 68/81/3 110/159/3
f 109/161/4 111/162/4 65/78/4
f 65/78/4 64/77/4 109/161/4
f 112/163/2 108/164/2 61/74/2
f 61/74/2 60/73/2 112/163/2
f 107/165/3 113/166/3 51/62/3
f 51/62/3 50/61/3 107/165/3
f 49/60/1 48/59/1 114/167/1
f 114/167/1 106/168/1 49/60/1
f 59/72/2 58/71/2 69/169/2
f 69/169/2 115/170/2 59/72/2
f 116/171/4 117/172/4 118/173/4
f 118/173/4 119/174/4 116/171/4
f 120/175/2 121/176/2 122/177/2
f 122/177/2 123/178/2 120/175/2
f 124/179/6 125/180/6 126/181/6
f 126/181/6 100/182/6 124/179/6
f 127/183/5 128/184/5 129/185/5
f 129/185/5 89/186/5 127/183/5
f 130/187/6 121/188/6 131/189/6
f 131/189/6 132/190/6 130/187/6
f 125/191/2 133/192/2 134/193/2
f 134/193/2 126/194/2 125/191/2
f 135/195/6 136/196/6 137/197/6
f 137/197/6 138/198/6 135/195/6
f 128/199/2 135/200/2 138/201/2
f 138/201/2 129/202/2 128/199/2
f 119/174/4 118/173/4 139/203/4
f 139/203/4 140/204/4 119/174/4
f 133/205/5 141/206/5 142/207/5
f 142/207/5 134/208/5 133/205/5
f 141/209/6 143/210/6 144/211/6
f 144/211/6 142/212/6 141/209/6
f 145/213/7 146/214/7 147/215/7
f 147/215/7 148/216/7 145/213/7
f 149/217/2 15/218/2 150/219/2
f 150/219/2 151/220/2 149/217/2
f 147/221/5 152/222/5 153/223/5
f 153/223/5 148/224/5 147/221/5
f 154/225/6 6/226/6 155/227/6
f 155/227/6 156/228/6 154/225/6
f 157/229/5 29/230/5 150/231/5
f 150/231/5 158/232/5 157/229/5
f 159/233/4 160/234/4 154/235/4
f 154/235/4 156/236/4 159/233/4
f 161/237/2 18/238/2 155/239/2
f 155/239/2 162/240/2 161/237/2
f 160/234/4 9/241/4 11/242/4
f 11/242/4 154/235/4 160/234/4
f 11/243/6 7/244/6 6/226/6
f 6/226/6 154/225/6 11/243/6
f 27/36/2 16/35/2 15/218/2
f 15/218/2 149/217/2 27/36/2
f 41/245/6 40/246/6 143/210/6
f 143/210/6 141/209/6 41/245/6
f 79/247/5 41/248/5 141/206/5
f 141/206/5 133/205/5 79/247/5
f 118/249/4 68/250/4 70/251/4
f 70/251/4 139/252/4 118/249/4
f 87/116/2 79/115/2 133/192/2
f 133/192/2 125/191/2 87/116/2
f 96/253/6 87/254/6 125/180/6
f 125/180/6 124/179/6 96/253/6
f 117/255/4 110/256/4 68/250/4
f 68/250/4 118/249/4 117/255/4
f 163/257/2 164/258/2 131/259/2
f 131/259/2 165/260/2 163/257/2
f 89/186/5 129/185/5 71/126/5
f 71/126/5 90/125/5 89/186/5
f 91/124/6 90/123/6 92/261/6
f 92/261/6 166/262/6 91/124/6
f 138/198/6 137/197/6 77/98/6
f 77/98/6 72/97/6 138/198/6
f 129/202/2 138/201/2 72/90/2
f 72/90/2 71/89/2 129/202/2
f 33/42/7 145/213/7 148/216/7
f 148/216/7 19/43/7 33/42/7
f 148/224/5 153/223/5 20/26/5
f 20/26/5 19/25/5 148/224/5
f 158/232/5 150/231/5 15/18/5
f 15/18/5 14/17/5 158/232/5
f 162/240/2 155/239/2 6/6/2
f 6/6/2 5/5/2 162/240/2
f 24/32/2 4/31/2 18/238/2
f 18/238/2 161/237/2 24/32/2
f 167/263/5 30/264/5 29/230/5
f 29/230/5 157/229/5 167/263/5
f 37/265/5 36/266/5 152/222/5
f 152/222/5 147/221/5 37/265/5
f 146/214/7 34/267/7 37/268/7
f 37/268/7 147/215/7 146/214/7
f 82/120/2 76/119/2 135/200/2
f 135/200/2 128/199/2 82/120/2
f 76/269/6 53/270/6 136/196/6
f 136/196/6 135/195/6 76/269/6
f 168/271/3 95/272/3 96/273/3
f 96/273/3 169/274/3 168/271/3
f 83/275/5 82/276/5 128/184/5
f 128/184/5 127/183/5 83/275/5
f 101/144/5 93/143/5 94/277/5
f 94/277/5 170/278/5 101/144/5
f 111/162/4 116/171/4 119/174/4
f 119/174/4 65/78/4 111/162/4
f 100/182/6 126/181/6 84/130/6
f 84/130/6 93/129/6 100/182/6
f 126/194/2 134/193/2 54/110/2
f 54/110/2 84/109/2 126/194/2
f 65/78/4 119/174/4 140/204/4
f 140/204/4 66/79/4 65/78/4
f 134/208/5 142/207/5 42/66/5
f 42/66/5 54/65/5 134/208/5
f 142/212/6 144/211/6 43/54/6
f 43/54/6 42/53/6 142/212/6
f 151/220/2 150/219/2 29/38/2
f 29/38/2 28/37/2 151/220/2
f 156/228/6 155/227/6 18/22/6
f 18/22/6 13/21/6 156/228/6
f 12/14/4 159/233/4 156/236/4
f 156/236/4 13/15/4 12/14/4
f 157/279/4 158/280/4 116/281/4
f 116/281/4 111/282/4 157/279/4
f 171/283/3 98/284/3 95/272/3
f 95/272/3 168/271/3 171/283/3
f 172/285/5 173/286/5 174/287/5
f 174/287/5 175/288/5 172/285/5
f 14/289/4 17/290/4 110/256/4
f 110/256/4 117/255/4 14/289/4
f 170/291/1 94/292/1 105/293/1
f 105/293/1 176/294/1 170/291/1
f 158/280/4 14/289/4 117/255/4
f 117/255/4 116/281/4 158/280/4
f 45/295/3 44/296/3 113/166/3
f 113/166/3 107/165/3 45/295/3
f 31/40/2 30/39/2 108/164/2
f 108/164/2 112/163/2 31/40/2
f 167/297/4 157/279/4 111/282/4
f 111/282/4 109/298/4 167/297/4
f 17/299/3 16/300/3 26/160/3
f 26/160/3 110/159/3 17/299/3
f 30/301/1 167/302/1 109/303/1
f 109/303/1 108/304/1 30/301/1
f 55/305/1 45/306/1 107/156/1
f 107/156/1 103/155/1 55/305/1
f 94/307/3 85/308/3 102/150/3
f 102/150/3 105/149/3 94/307/3
f 85/112/2 55/111/2 103/146/2
f 103/146/2 102/145/2 85/112/2
f 176/294/1 105/293/1 80/309/1
f 80/309/1 177/310/1 176/294/1
f 98/140/1 97/139/1 86/134/1
f 86/134/1 95/133/1 98/140/1
f 97/148/2 104/147/2 78/114/2
f 78/114/2 86/113/2 97/148/2
f 104/154/3 106/153/3 38/102/3
f 38/102/3 78/101/3 104/154/3
f 106/168/1 114/167/1 39/50/1
f 39/50/1 38/49/1 106/168/1
f 115/170/2 69/169/2 26/34/2
f 26/34/2 25/33/2 115/170/2
f 171/311/2 178/312/2 91/313/2
f 91/313/2 166/314/2 171/311/2
f 168/315/2 132/316/2 178/312/2
f 178/312/2 171/311/2 168/315/2
f 172/317/2 175/318/2 179/319/2
f 179/319/2 88/320/2 172/317/2
f 178/312/2 172/317/2 88/320/2
f 88/320/2 91/313/2 178/312/2
f 175/318/2 177/321/2 180/322/2
f 180/322/2 179/319/2 175/318/2
f 181/323/2 176/324/2 177/321/2
f 177/321/2 175/318/2 181/323/2
f 101/325/2 170/326/2 176/324/2
f 176/324/2 181/323/2 101/325/2
f 182/327/2 99/328/2 130/329/2
f 130/329/2 132/316/2 182/327/2
f 99/328/2 101/325/2 181/323/2
f 181/323/2 130/329/2 99/328/2
f 169/330/2 182/327/2 132/316/2
f 132/316/2 168/315/2 169/330/2
f 181/331/6 122/332/6 121/188/6
f 121/188/6 130/187/6 181/331/6
f 177/310/1 80/309/1 83/333/1
f 83/333/1 180/334/1 177/310/1
f 132/335/1 131/336/1 164/337/1
f 164/337/1 178/338/1 132/335/1
f 180/339/6 83/340/6 127/341/6
f 127/341/6 179/342/6 180/339/6
f 182/343/5 124/344/5 100/142/5
f 100/142/5 99/141/5 182/343/5
f 178/345/5 164/346/5 173/286/5
f 173/286/5 172/285/5 178/345/5
f 166/347/3 92/348/3 98/284/3
f 98/284/3 171/283/3 166/347/3
f 175/349/3 174/350/3 122/351/3
f 122/351/3 181/352/3 175/349/3
f 179/342/6 127/341/6 89/122/6
f 89/122/6 88/121/6 179/342/6
f 169/353/5 96/354/5 124/344/5
f 124/344/5 182/343/5 169/353/5
f 183/355/1 163/356/1 165/357/1
f 165/357/1 184/358/1 183/355/1
f 184/359/6 165/360/6 120/361/6
f 120/361/6 185/362/6 184/359/6
f 186/363/2 173/364/2 164/258/2
f 164/258/2 163/257/2 186/363/2
f 165/260/2 131/259/2 121/176/2
f 121/176/2 120/175/2 165/260/2
f 187/365/2 174/366/2 173/364/2
f 173/364/2 186/363/2 187/365/2
f 123/178/2 122/177/2 174/366/2
f 174/366/2 187/365/2 123/178/2
f 185/367/2 188/368/2 189/369/2
f 189/369/2 190/370/2 185/367/2
f 184/371/2 185/367/2 190/370/2
f 190/370/2 183/372/2 184/371/2
f 190/373/5 186/374/5 163/375/5
f 163/375/5 183/376/5 190/373/5
f 185/362/6 120/361/6 123/377/6
f 123/377/6 188/378/6 185/362/6
f 188/379/3 123/380/3 187/381/3
f 187/381/3 189/382/3 188/379/3
f 189/383/5 187/384/5 186/374/5
f 186/374/5 190/373/5 189/383/5
f 66/385/4 140/386/4 191/387/4
f 191/387/4 192/388/4 66/385/4
f 136/389/2 53/390/2 193/391/2
f 193/391/2 194/392/2 136/389/2
f 77/393/2 137/394/2 195/395/2
f 195/395/2 196/396/2 77/393/2
f 139/252/4 70/251/4 197/397/4
f 197/397/4 198/398/4 139/252/4
f 140/386/4 139/252/4 198/398/4
f 198/398/4 191/387/4 140/386/4
f 137/394/2 136/389/2 194/392/2
f 194/392/2 195/395/2 137/394/2
f 199/399/2 200/400/2 57/70/2
f 57/70/2 56/69/2 199/399/2
f 201/401/1 202/402/1 47/58/1
f 47/58/1 46/57/1 201/401/1
f 53/64/3 52/63/3 203/403/3
f 203/403/3 193/404/3 53/64/3
f 49/405/2 77/393/2 196/396/2
f 196/396/2 46/406/2 49/405/2
f 63/76/2 62/75/2 204/407/2
f 204/407/2 205/408/2 63/76/2
f 67/409/4 66/385/4 192/388/4
f 192/388/4 206/410/4 67/409/4
f 70/411/3 58/412/3 57/413/3
f 57/413/3 197/414/3 70/411/3
f 62/415/1 67/416/1 206/417/1
f 206/417/1 204/418/1 62/415/1
f 138/198/8 135/195/8 76/269/8
f 138/198/8 76/269/8 193/419/8
f 138/198/8 193/419/8 194/420/8
f 138/198/8 194/420/8 195/421/8
f 138/198/8 195/421/8 196/422/8
f 138/198/8 196/422/8 46/423/8
f 138/198/8 46/423/8 73/100/8
f 138/198/8 73/100/8 72/97/8
f 207/424/1 208/425/1 202/402/1
f 202/402/1 201/401/1 207/424/1
f 209/426/2 210/427/2 200/400/2
f 200/400/2 199/399/2 209/426/2
f 192/388/4 191/387/4 211/428/4
f 211/428/4 212/429/4 192/388/4
f 213/430/9 214/431/10 215/432/10
f 215/432/10 216/433/11 213/430/9
f 217/434/2 218/435/2 196/396/2
f 196/396/2 219/436/2 217/434/2
f 198/398/4 197/397/4 220/437/4
f 220/437/4 221/438/4 198/398/4
f 191/439/4 198/440/4 221/441/4
f 221/441/4 211/442/4 191/439/4
f 195/395/2 194/392/12 215/432/12
f 215/432/12 222/443/2 195/395/2
f 193/404/3 203/403/3 223/444/3
f 223/444/3 214/445/3 193/404/3
f 46/406/2 196/396/2 218/435/2
f 218/435/2 201/446/2 46/406/2
f 205/408/2 204/407/2 224/447/2
f 224/447/2 225/448/2 205/408/2
f 206/410/4 192/388/4 212/429/4
f 212/429/4 226/449/4 206/410/4
f 197/414/3 57/413/3 200/450/3
f 200/450/3 220/451/3 197/414/3
f 204/418/1 206/417/1 226/452/1
f 226/452/1 224/453/1 204/418/1
f 227/454/2 10/455/2 210/427/2
f 210/427/2 209/426/2 227/454/2
f 32/456/1 228/457/1 208/425/1
f 208/425/1 207/424/1 32/456/1
f 212/429/4 211/428/4 229/458/4
f 229/458/4 230/459/4 212/429/4
f 215/432/7 214/431/7 231/460/7
f 231/460/7 232/461/7 215/432/7
f 218/435/7 222/443/7 233/462/7
f 233/462/7 234/463/7 218/435/7
f 221/438/4 220/437/4 235/464/4
f 235/464/4 236/465/4 221/438/4
f 211/428/4 221/438/4 236/465/4
f 236/465/4 229/458/4 211/428/4
f 222/443/7 215/432/7 232/461/7
f 232/461/7 233/462/7 222/443/7
f 214/445/3 223/444/3 237/466/3
f 237/466/3 231/467/3 214/445/3
f 201/446/7 218/435/7 234/463/7
f 234/463/7 207/468/7 201/446/7
f 225/448/2 224/447/2 238/469/2
f 238/469/2 239/470/2 225/448/2
f 226/449/4 212/429/4 230/459/4
f 230/459/4 240/471/4 226/449/4
f 220/472/3 200/473/3 210/474/3
f 210/474/3 235/475/3 220/472/3
f 224/453/1 226/452/1 240/476/1
f 240/476/1 238/477/1 224/453/1
f 22/478/1 21/479/1 228/457/1
f 228/457/1 32/456/1 22/478/1
f 8/8/2 7/7/2 10/455/2
f 10/455/2 227/454/2 8/8/2
f 230/459/4 229/458/4 159/233/4
f 159/233/4 12/14/4 230/459/4
f 232/461/7 231/460/7 34/267/7
f 34/267/7 146/214/7 232/461/7
f 241/480/13 33/481/13 234/482/13
f 234/482/13 242/483/13 241/480/13
f 236/465/4 235/464/4 9/241/4
f 9/241/4 160/234/4 236/465/4
f 229/458/4 236/465/4 160/234/4
f 160/234/4 159/233/4 229/458/4
f 243/484/14 145/213/14 33/42/14
f 33/42/14 241/485/14 243/484/14
f 231/467/3 237/466/3 35/46/3
f 35/46/3 34/45/3 231/467/3
f 207/468/7 234/463/7 33/42/7
f 33/42/7 32/41/7 207/468/7
f 239/470/2 238/469/2 1/30/2
f 1/30/2 23/29/2 239/470/2
f 240/471/4 230/459/4 12/14/4
f 12/14/4 2/13/4 240/471/4
f 235/475/3 210/474/3 10/10/3
f 10/10/3 9/9/3 235/475/3
f 238/477/1 240/476/1 2/2/1
f 2/2/1 1/1/1 238/477/1
f 242/486/7 244/487/7 243/484/7
f 243/484/7 241/485/7 242/486/7
f 244/487/7 245/488/7 246/489/7
f 246/489/7 243/484/7 244/487/7
f 242/490/15 234/491/15 233/492/15
f 233/492/15 244/493/15 242/490/15
f 246/489/14 146/214/14 145/213/14
f 145/213/14 243/484/14 246/489/14
f 245/494/16 232/495/16 146/496/16
f 146/496/16 246/497/16 245/494/16
f 244/493/15 233/492/15 232/498/15
f 232/498/15 245/499/15 244/493/15
f 247/500/2 248/501/17 249/502/18
f 249/502/18 250/503/2 247/500/2
f 216/433/11 215/432/12 194/392/12
f 194/392/12 248/501/17 216/433/11
f 249/502/18 193/391/19 214/431/19
f 214/431/19 213/430/9 249/502/18
f 248/501/17 194/392/20 193/391/20
f 193/391/20 249/502/18 248/501/17
f 251/504/5 252/505/5 253/506/5
f 253/506/5 254/507/5 251/504/5
f 250/503/2 249/502/18 213/430/9
f 213/430/9 252/508/2 250/503/2
f 252/508/2 213/430/9 216/433/11
f 216/433/11 253/509/2 252/508/2
f 253/509/2 216/433/11 248/501/17
f 248/501/17 247/500/2 253/509/2
f 255/510/2 256/511/2 251/512/2
f 251/512/2 254/513/2 255/510/2
f 254/514/1 253/515/1 247/516/1
f 247/516/1 255/517/1 254/514/1
f 255/518/6 247/519/6 250/520/6
f 250/520/6 256/521/6 255/518/6
f 256/522/3 250/523/3 252/524/3
f 252/524/3 251/525/3 256/522/3
f 257/526/6 219/527/6 258/528/6
f 258/528/6 259/529/6 257/526/6
f 219/436/2 196/396/2 195/395/2
f 195/395/2 258/530/2 219/436/2
f 258/530/2 195/395/2 222/443/2
f 222/443/2 260/531/2 258/530/2
f 260/531/2 222/443/2 218/435/2
f 218/435/2 217/434/2 260/531/2
f 257/532/2 259/533/2 261/534/2
f 261/534/2 262/535/2 257/532/2
f 259/536/3 258/537/3 260/538/3
f 260/538/3 261/539/3 259/536/3
f 261/540/5 260/541/5 217/542/5
f 217/542/5 262/543/5 261/540/5
f 262/544/1 217/545/1 219/546/1
f 219/546/1 257/547/1 262/544/1
f 237/466/3 263/548/3 264/549/3
f 264/549/3 35/46/3 237/466/3
f 21/479/1 265/550/1 266/551/1
f 266/551/1 228/457/1 21/479/1
f 223/444/3 267/552/3 263/548/3
f 263/548/3 237/466/3 223/444/3
f 228/457/1 266/551/1 268/553/1
f 268/553/1 208/425/1 228/457/1
f 203/403/3 269/554/3 267/552/3
f 267/552/3 223/444/3 203/403/3
f 208/425/1 268/553/1 270/555/1
f 270/555/1 202/402/1 208/425/1
f 52/63/3 271/556/3 269/554/3
f 269/554/3 203/403/3 52/63/3
f 202/402/1 270/555/1 272/557/1
f 272/557/1 47/58/1 202/402/1
f 114/167/1 273/558/1 274/559/1
f 274/559/1 39/50/1 114/167/1
f 44/296/3 275/560/3 276/561/3
f 276/561/3 113/166/3 44/296/3
f 144/211/6 277/562/6 278/563/6
f 278/563/6 43/54/6 144/211/6
f 36/266/5 279/564/5 280/565/5
f 280/565/5 152/222/5 36/266/5
f 281/566/4 153/567/4 152/568/4
f 152/568/4 282/569/4 281/566/4
f 40/246/6 283/570/6 284/571/6
f 284/571/6 143/210/6 40/246/6
f 285/572/3 286/573/3 20/574/3
f 20/574/3 287/575/3 285/572/3
f 143/210/6 284/571/6 277/562/6
f 277/562/6 144/211/6 143/210/6
f 48/59/1 288/576/1 273/558/1
f 273/558/1 114/167/1 48/59/1
f 113/166/3 276/561/3 289/577/3
f 289/577/3 51/62/3 113/166/3
f 51/62/3 289/577/3 271/556/3
f 271/556/3 52/63/3 51/62/3
f 47/58/1 272/557/1 288/576/1
f 288/576/1 48/59/1 47/58/1
f 43/54/6 278/563/6 275/578/6
f 275/578/6 44/55/6 43/54/6
f 39/50/1 274/559/1 283/579/1
f 283/579/1 40/51/1 39/50/1
f 35/46/3 264/549/3 279/580/3
f 279/580/3 36/47/3 35/46/3
f 20/26/5 286/581/5 265/582/5
f 265/582/5 21/27/5 20/26/5
f 286/581/5 5/583/5 8/584/5
f 8/584/5 265/582/5 286/581/5
f 264/549/3 23/585/3 24/586/3
f 24/586/3 279/580/3 264/549/3
f 274/559/1 25/587/1 27/588/1
f 27/588/1 283/579/1 274/559/1
f 278/563/6 28/589/6 31/590/6
f 31/590/6 275/578/6 278/563/6
f 272/557/1 56/591/1 59/592/1
f 59/592/1 288/576/1 272/557/1
f 289/577/3 60/593/3 63/594/3
f 63/594/3 271/556/3 289/577/3
f 276/561/3 112/595/3 60/593/3
f 60/593/3 289/577/3 276/561/3
f 288/576/1 59/592/1 115/596/1
f 115/596/1 273/558/1 288/576/1
f 284/571/6 149/597/6 151/598/6
f 151/598/6 277/562/6 284/571/6
f 280/565/5 161/599/5 162/600/5
f 162/600/5 290/601/5 280/565/5
f 283/570/6 27/602/6 149/597/6
f 149/597/6 284/571/6 283/570/6
f 290/601/5 162/600/5 5/583/5
f 5/583/5 286/581/5 290/601/5
f 279/564/5 24/603/5 161/599/5
f 161/599/5 280/565/5 279/564/5
f 277/562/6 151/598/6 28/589/6
f 28/589/6 278/563/6 277/562/6
f 275/560/3 31/604/3 112/595/3
f 112/595/3 276/561/3 275/560/3
f 273/558/1 115/596/1 25/587/1
f 25/587/1 274/559/1 273/558/1
f 270/555/1 199/605/1 56/591/1
f 56/591/1 272/557/1 270/555/1
f 271/556/3 63/594/3 205/606/3
f 205/606/3 269/554/3 271/556/3
f 268/553/1 209/607/1 199/605/1
f 199/605/1 270/555/1 268/553/1
f 269/554/3 205/606/3 225/608/3
f 225/608/3 267/552/3 269/554/3
f 266/551/1 227/609/1 209/607/1
f 209/607/1 268/553/1 266/551/1
f 267/552/3 225/608/3 239/610/3
f 239/610/3 263/548/3 267/552/3
f 265/550/1 8/611/1 227/609/1
f 227/609/1 266/551/1 265/550/1
f 263/548/3 239/610/3 23/585/3
f 23/585/3 264/549/3 263/548/3
f 291/612/2 290/613/2 286/614/2
f 286/614/2 285/615/2 291/612/2
f 292/616/2 280/617/2 290/613/2
f 290/613/2 291/612/2 292/616/2
f 287/618/4 20/619/4 153/567/4
f 153/567/4 281/566/4 287/618/4
f 293/620/5 294/621/5 295/622/5
f 295/622/5 296/623/5 293/620/5
f 282/624/1 152/625/1 280/626/1
f 280/626/1 292/627/1 282/624/1
f 297/628/21 294/621/21 298/629/21
f 298/629/21 299/630/21 297/628/21
f 298/629/22 300/631/22 301/632/22
f 301/632/22 299/630/22 298/629/22
f 301/633/23 291/612/23 297/634/23
f 297/634/23 299/635/23 301/633/23
f 302/636/24 303/637/24 304/638/24
f 304/638/24 305/639/24 302/636/24
f 304/638/25 293/620/25 306/640/25
f 306/640/25 305/639/25 304/638/25
f 306/641/26 281/566/26 302/642/26
f 302/642/26 305/643/26 306/641/26
f 298/629/5 294/621/5 293/620/5
f 293/620/5 304/638/5 298/629/5
f 300/631/5 298/629/5 304/638/5
f 304/638/5 303/637/5 300/631/5
f 307/644/27 285/572/27 287/575/27
f 287/575/27 308/645/27 307/644/27
f 295/622/28 307/646/28 308/647/28
f 308/647/28 296/623/28 295/622/28
f 309/648/29 310/649/29 311/650/29
f 311/650/29 312/651/29 309/648/29
f 292/627/30 309/652/30 312/653/31
f 312/653/31 282/624/31 292/627/30
f 308/654/32 287/618/32 281/566/32
f 281/566/32 306/641/32 308/654/32
f 296/623/33 308/647/33 306/640/34
f 306/640/34 293/620/34 296/623/33
f 302/642/35 281/566/35 282/569/32
f 282/569/32 312/655/32 302/642/35
f 303/637/34 302/636/34 312/651/33
f 312/651/33 311/650/33 303/637/34
f 301/632/36 300/631/36 310/649/37
f 310/649/37 309/648/37 301/632/36
f 291/612/38 301/633/38 309/656/38
f 309/656/38 292/616/38 291/612/38
f 307/646/37 295/622/37 294/621/36
f 294/621/36 297/628/36 307/646/37
f 285/615/38 307/657/38 297/634/38
f 297/634/38 291/612/38 285/615/38
f 311/650/5 310/649/5 300/631/5
f 300/631/5 303/637/5 311/650/5
f 313/658/1 314/659/1 315/660/1
f 315/660/1 316/661/1 313/658/1
f 317/662/39 318/663/39 319/664/40
f 319/664/40 320/665/40 317/662/39
f 321/666/3 322/667/3 323/668/3
f 323/668/3 324/669/3 321/666/3
f 325/670/41 326/671/42 327/672/42
f 327/672/42 328/673/41 325/670/41
f 327/672/42 329/674/43 322/675/43
f 322/675/43 321/676/42 327/672/42
f 330/677/44 331/678/45 332/679/45
f 332/679/45 333/680/44 330/677/44
f 334/681/44 335/682/45 336/683/45
f 336/683/45 337/684/44 334/681/44
f 338/685/42 339/686/43 340/687/43
f 340/687/43 341/688/46 338/685/42
f 342/689/3 321/666/3 324/669/3
f 324/669/3 343/690/3 342/689/3
f 344/691/3 345/692/3 346/693/3
f 346/693/3 347/694/3 344/691/3
f 348/695/41 349/696/42 350/697/42
f 350/697/42 351/698/41 348/695/41
f 352/699/44 353/700/45 354/701/45
f 354/701/45 355/702/44 352/699/44
f 356/703/46 357/704/43 358/705/43
f 358/705/43 326/671/42 356/703/46
f 359/706/40 360/707/40 361/708/39
f 361/708/39 362/709/39 359/706/40
f 363/710/47 364/711/47 365/712/47
f 365/712/47 366/713/47 363/710/47
f 349/696/42 367/714/43 368/715/43
f 368/715/43 350/697/42 349/696/42
f 369/716/44 370/717/45 371/718/45
f 371/718/45 372/719/44 369/716/44
f 373/720/48 372/719/44 374/721/44
f 374/721/44 375/722/48 373/720/48
f 376/723/47 377/724/47 378/725/47
f 378/725/47 379/726/47 376/723/47
f 341/688/46 340/687/43 357/704/43
f 357/704/43 356/703/46 341/688/46
f 380/727/1 333/728/1 381/729/1
f 381/729/1 382/730/1 380/727/1
f 355/702/44 354/701/45 335/682/45
f 335/682/45 334/681/44 355/702/44
f 383/731/48 352/699/44 355/702/44
f 355/702/44 384/732/48 383/731/48
f 337/684/44 336/683/45 370/717/45
f 370/717/45 369/716/44 337/684/44
f 385/733/47 386/734/47 345/735/47
f 345/735/47 344/736/49 385/733/47
f 350/697/42 368/715/43 339/686/43
f 339/686/43 338/685/42 350/697/42
f 387/737/42 388/738/43 367/714/43
f 367/714/43 349/696/42 387/737/42
f 320/665/40 319/664/40 389/739/40
f 389/739/40 390/740/40 320/665/40
f 372/719/44 371/718/45 391/741/45
f 391/741/45 374/721/44 372/719/44
f 351/698/41 350/697/42 338/685/42
f 338/685/42 392/742/41 351/698/41
f 324/743/44 323/744/45 353/700/45
f 353/700/45 352/699/44 324/743/44
f 393/745/48 334/681/44 337/684/44
f 337/684/44 394/746/48 393/745/48
f 326/671/42 358/705/43 329/674/43
f 329/674/43 327/672/42 326/671/42
f 395/747/39 396/748/39 313/749/39
f 313/749/39 397/750/39 395/747/39
f 398/751/47 316/752/47 399/753/47
f 399/753/47 400/754/47 398/751/47
f 381/755/42 401/756/43 388/738/43
f 388/738/43 387/737/42 381/755/42
f 374/721/44 391/741/45 331/678/45
f 331/678/45 330/677/44 374/721/44
f 384/732/48 355/702/44 334/681/44
f 334/681/44 393/745/48 384/732/48
f 402/757/45 403/758/45 404/759/45
f 404/759/45 405/760/45 402/757/45
f 406/761/43 407/762/43 408/763/43
f 408/763/43 409/764/43 406/761/43
f 410/765/1 411/766/1 412/767/1
f 412/767/1 413/768/1 410/765/1
f 414/769/45 415/770/45 416/771/45
f 416/771/45 417/772/45 414/769/45
f 418/773/45 419/774/45 403/758/45
f 403/758/45 402/757/45 418/773/45
f 420/775/50 421/776/50 422/777/51
f 422/777/51 423/778/51 420/775/50
f 424/779/50 425/780/50 411/781/50
f 411/781/50 410/782/50 424/779/50
f 426/783/45 427/784/45 428/785/45
f 428/785/45 429/786/45 426/783/45
f 430/787/45 431/788/45 432/789/45
f 432/789/45 433/790/45 430/787/45
f 434/791/1 435/792/1 436/793/1
f 436/793/1 437/794/1 434/791/1
f 429/786/45 428/785/45 419/774/45
f 419/774/45 418/773/45 429/786/45
f 438/795/43 439/796/43 440/797/43
f 440/797/43 441/798/43 438/795/43
f 442/799/43 443/800/43 436/801/43
f 436/801/43 435/802/43 442/799/43
f 417/772/45 416/771/45 431/788/45
f 431/788/45 430/787/45 417/772/45
f 444/803/43 445/804/43 446/805/43
f 446/805/43 447/806/43 444/803/43
f 433/790/45 432/789/45 427/784/45
f 427/784/45 426/783/45 433/790/45
f 405/760/45 404/759/45 448/807/45
f 448/807/45 449/808/45 405/760/45
f 450/809/43 451/810/43 452/811/43
f 452/811/43 453/812/43 450/809/43
f 453/813/3 452/814/3 415/815/3
f 415/815/3 414/816/3 453/813/3
f 406/817/1 454/818/1 455/819/1
f 455/819/1 449/820/1 406/817/1
f 454/818/1 456/821/1 457/822/1
f 457/822/1 455/819/1 454/818/1
f 458/823/45 402/757/45 405/760/45
f 405/760/45 459/824/45 458/823/45
f 454/825/43 406/761/43 409/764/43
f 409/764/43 460/826/43 454/825/43
f 461/827/43 435/802/43 450/809/43
f 450/809/43 462/828/52 461/827/43
f 463/829/45 414/769/45 417/772/45
f 417/772/45 464/830/45 463/829/45
f 465/831/45 418/773/45 402/757/45
f 402/757/45 458/823/45 465/831/45
f 460/826/43 409/764/43 438/795/43
f 438/795/43 466/832/43 460/826/43
f 467/833/52 441/798/43 444/803/43
f 444/803/43 468/834/43 467/833/52
f 469/835/45 426/783/45 429/786/45
f 429/786/45 470/836/45 469/835/45
f 471/837/45 430/787/45 433/790/45
f 433/790/45 472/838/45 471/837/45
f 412/839/43 447/806/43 442/799/43
f 442/799/43 473/840/43 412/839/43
f 470/836/45 429/786/45 418/773/45
f 418/773/45 465/831/45 470/836/45
f 466/832/43 438/795/43 441/798/43
f 441/798/43 467/833/52 466/832/43
f 473/840/43 442/799/43 435/802/43
f 435/802/43 461/827/43 473/840/43
f 464/830/45 417/772/45 430/787/45
f 430/787/45 471/837/45 464/830/45
f 468/834/43 444/803/43 447/806/43
f 447/806/43 412/839/43 468/834/43
f 472/838/45 433/790/45 426/783/45
f 426/783/45 469/835/45 472/838/45
f 459/824/45 405/760/45 449/808/45
f 449/808/45 455/841/45 459/824/45
f 462/828/52 450/809/43 453/812/43
f 453/812/43 474/842/43 462/828/52
f 474/843/3 453/813/3 414/816/3
f 414/816/3 463/844/3 474/843/3
f 456/821/1 401/845/1 332/846/1
f 332/846/1 457/822/1 456/821/1
f 475/847/45 458/823/45 459/824/45
f 459/824/45 476/848/45 475/847/45
f 456/849/43 454/825/43 460/826/43
f 460/826/43 477/850/43 456/849/43
f 478/851/53 467/852/53 468/853/54
f 468/853/54 479/854/54 478/851/53
f 480/855/45 463/829/45 464/830/45
f 464/830/45 481/856/45 480/855/45
f 482/857/45 465/831/45 458/823/45
f 458/823/45 475/847/45 482/857/45
f 483/858/55 442/859/55 447/860/55
f 447/860/55 484/861/55 483/858/55
f 423/862/1 422/863/1 461/864/1
f 461/864/1 485/865/1 423/862/1
f 486/866/45 469/835/45 470/836/45
f 470/836/45 487/867/45 486/866/45
f 488/868/45 471/837/45 472/838/45
f 472/838/45 489/869/45 488/868/45
f 490/870/51 438/871/56 409/872/57
f 409/872/57 491/873/57 490/870/51
f 487/867/45 470/836/45 465/831/45
f 465/831/45 482/857/45 487/867/45
f 492/874/43 466/832/43 467/833/52
f 467/833/52 493/875/43 492/874/43
f 425/876/43 473/840/43 461/827/43
f 461/827/43 422/877/43 425/876/43
f 481/856/45 464/830/45 471/837/45
f 471/837/45 488/868/45 481/856/45
f 494/878/43 468/834/43 412/839/43
f 412/839/43 411/879/43 494/878/43
f 489/869/45 472/838/45 469/835/45
f 469/835/45 486/866/45 489/869/45
f 476/848/45 459/824/45 455/841/45
f 455/841/45 457/880/45 476/848/45
f 421/881/43 462/828/52 474/842/43
f 474/842/43 495/882/43 421/881/43
f 495/883/3 474/843/3 463/844/3
f 463/844/3 480/884/3 495/883/3
f 401/845/1 381/729/1 333/728/1
f 333/728/1 332/846/1 401/845/1
f 391/741/45 475/847/45 476/848/45
f 476/848/45 331/678/45 391/741/45
f 401/756/43 456/849/43 477/850/43
f 477/850/43 388/738/43 401/756/43
f 358/705/43 422/877/43 421/881/43
f 421/881/43 329/674/43 358/705/43
f 323/744/45 480/855/45 481/856/45
f 481/856/45 353/700/45 323/744/45
f 371/718/45 482/857/45 475/847/45
f 475/847/45 391/741/45 371/718/45
f 388/738/43 477/850/43 492/874/43
f 492/874/43 367/714/43 388/738/43
f 368/715/43 493/875/43 494/878/43
f 494/878/43 339/686/43 368/715/43
f 336/683/45 486/866/45 487/867/45
f 487/867/45 370/717/45 336/683/45
f 354/701/45 488/868/45 489/869/45
f 489/869/45 335/682/45 354/701/45
f 340/687/43 411/879/43 425/876/43
f 425/876/43 357/704/43 340/687/43
f 370/717/45 487/867/45 482/857/45
f 482/857/45 371/718/45 370/717/45
f 367/714/43 492/874/43 493/875/43
f 493/875/43 368/715/43 367/714/43
f 357/704/43 425/876/43 422/877/43
f 422/877/43 358/705/43 357/704/43
f 353/700/45 481/856/45 488/868/45
f 488/868/45 354/701/45 353/700/45
f 339/686/43 494/878/43 411/879/43
f 411/879/43 340/687/43 339/686/43
f 335/682/45 489/869/45 486/866/45
f 486/866/45 336/683/45 335/682/45
f 331/678/45 476/848/45 457/880/45
f 457/880/45 332/679/45 331/678/45
f 329/674/43 421/881/43 495/882/43
f 495/882/43 322/675/43 329/674/43
f 322/667/3 495/883/3 480/884/3
f 480/884/3 323/668/3 322/667/3
f 452/814/3 496/885/3 497/886/3
f 497/886/3 415/815/3 452/814/3
f 451/810/43 498/887/43 496/888/43
f 496/888/43 452/811/43 451/810/43
f 404/759/45 499/889/45 315/890/45
f 315/890/45 448/807/45 404/759/45
f 432/789/45 500/891/45 501/892/45
f 501/892/45 427/784/45 432/789/45
f 445/804/43 502/893/43 503/894/43
f 503/894/43 446/805/43 445/804/43
f 416/771/45 504/895/45 505/896/45
f 505/896/45 431/788/45 416/771/45
f 443/800/43 506/897/43 507/898/43
f 507/898/43 436/801/43 443/800/43
f 439/796/43 508/899/43 509/900/43
f 509/900/43 440/797/43 439/796/43
f 428/785/45 510/901/45 511/902/45
f 511/902/45 419/774/45 428/785/45
f 446/805/43 503/894/43 506/897/43
f 506/897/43 443/800/43 446/805/43
f 431/788/45 505/896/45 500/891/45
f 500/891/45 432/789/45 431/788/45
f 427/784/45 501/892/45 510/901/45
f 510/901/45 428/785/45 427/784/45
f 440/797/43 509/900/43 502/893/43
f 502/893/43 445/804/43 440/797/43
f 408/763/43 512/903/43 508/899/43
f 508/899/43 439/796/43 408/763/43
f 419/774/45 511/902/45 513/904/45
f 513/904/45 403/758/45 419/774/45
f 415/770/45 497/905/45 504/895/45
f 504/895/45 416/771/45 415/770/45
f 436/801/43 507/898/43 498/887/43
f 498/887/43 451/810/43 436/801/43
f 407/762/43 314/906/43 512/903/43
f 512/903/43 408/763/43 407/762/43
f 403/758/45 513/904/45 499/889/45
f 499/889/45 404/759/45 403/758/45
f 407/907/1 406/817/1 449/820/1
f 449/820/1 448/908/1 407/907/1
f 513/904/45 514/909/45 399/753/45
f 399/753/45 499/889/45 513/904/45
f 314/906/43 313/749/43 396/748/43
f 396/748/43 512/903/43 314/906/43
f 497/905/45 345/735/45 386/734/45
f 386/734/45 504/895/45 497/905/45
f 511/902/45 515/910/45 514/909/45
f 514/909/45 513/904/45 511/902/45
f 516/911/58 389/912/54 319/913/54
f 319/913/54 517/914/54 516/911/58
f 518/915/1 503/916/1 389/917/1
f 389/917/1 516/918/1 518/915/1
f 501/892/45 365/712/45 364/711/45
f 364/711/45 510/901/45 501/892/45
f 505/896/45 378/725/45 377/724/45
f 377/724/45 500/891/45 505/896/45
f 519/919/1 507/920/1 318/921/1
f 318/921/1 520/922/1 519/919/1
f 510/901/45 364/711/45 515/910/45
f 515/910/45 511/902/45 510/901/45
f 508/899/43 521/923/43 361/708/43
f 361/708/43 509/900/43 508/899/43
f 506/897/43 319/664/43 318/663/43
f 318/663/43 507/898/43 506/897/43
f 504/895/45 386/734/45 378/725/45
f 378/725/45 505/896/45 504/895/45
f 502/893/43 360/707/43 389/739/43
f 389/739/43 503/894/43 502/893/43
f 500/891/45 377/724/45 365/712/45
f 365/712/45 501/892/45 500/891/45
f 499/889/45 399/753/45 316/752/45
f 316/752/45 315/890/45 499/889/45
f 498/887/43 522/924/43 346/925/43
f 346/925/43 496/888/43 498/887/43
f 496/885/3 346/693/3 345/692/3
f 345/692/3 497/886/3 496/885/3
f 314/659/1 407/907/1 448/908/1
f 448/908/1 315/660/1 314/659/1
f 437/926/59 436/927/59 451/928/59
f 451/928/59 523/929/59 437/926/59
f 524/930/53 408/931/54 439/932/54
f 439/932/54 525/933/60 524/930/53
f 526/934/59 440/935/59 445/936/59
f 445/936/59 527/937/59 526/934/59
f 528/938/61 446/939/61 443/940/59
f 443/940/59 529/941/59 528/938/61
f 530/942/3 462/943/3 421/944/3
f 421/944/3 420/945/3 530/942/3
f 531/946/3 466/947/3 492/948/3
f 492/948/3 532/949/3 531/946/3
f 479/950/3 468/951/3 494/952/3
f 494/952/3 533/953/3 479/950/3
f 534/954/3 473/955/3 425/956/3
f 425/956/3 424/957/3 534/954/3
f 491/958/1 409/959/1 408/960/1
f 408/960/1 524/961/1 491/958/1
f 535/962/55 444/963/55 441/964/55
f 441/964/55 536/965/55 535/962/55
f 537/966/53 460/967/59 466/968/61
f 466/968/61 531/969/61 537/966/53
f 485/970/53 461/971/62 462/972/59
f 462/972/59 530/973/59 485/970/53
f 538/974/43 539/975/43 540/976/43
f 540/976/43 541/977/43 538/974/43
f 525/978/3 439/979/3 438/980/3
f 438/980/3 490/981/3 525/978/3
f 542/982/43 543/983/43 544/984/43
f 544/984/43 545/985/43 542/982/43
f 546/986/43 547/987/43 548/988/43
f 548/988/43 549/989/43 546/986/43
f 413/990/53 412/991/53 473/992/54
f 473/992/54 534/993/54 413/990/53
f 550/994/43 551/995/43 552/996/43
f 552/996/43 553/997/43 550/994/43
f 554/998/55 450/999/55 435/1000/55
f 435/1000/55 434/1001/55 554/998/55
f 536/1002/1 441/1003/1 440/1004/1
f 440/1004/1 526/1005/1 536/1002/1
f 533/1006/50 494/1007/50 493/1008/51
f 493/1008/51 555/1009/51 533/1006/50
f 556/1010/43 557/1011/43 558/1012/43
f 558/1012/43 559/1013/43 556/1010/43
f 527/1014/3 445/1015/3 444/1016/3
f 444/1016/3 535/1017/3 527/1014/3
f 555/1018/1 493/1019/1 467/1020/1
f 467/1020/1 478/1021/1 555/1018/1
f 560/1022/1 477/1023/1 460/1024/1
f 460/1024/1 537/1025/1 560/1022/1
f 523/1026/3 451/1027/3 450/1028/3
f 450/1028/3 554/1029/3 523/1026/3
f 561/1030/43 562/1031/43 563/1032/43
f 563/1032/43 564/1033/43 561/1030/43
f 529/1034/3 443/1035/3 442/1036/3
f 442/1036/3 483/1037/3 529/1034/3
f 565/1038/43 566/1039/43 567/1040/43
f 567/1040/43 568/1041/43 565/1038/43
f 532/1042/50 492/1043/50 477/1044/50
f 477/1044/50 560/1045/50 532/1042/50
f 569/1046/43 570/1047/43 571/1048/43
f 571/1048/43 572/1049/43 569/1046/43
f 573/1050/63 539/975/64 538/974/64
f 538/974/64 574/1051/65 573/1050/63
f 528/1052/66 573/1053/66 574/1054/66
f 574/1054/66 484/1055/66 528/1052/66
f 575/1056/64 547/987/63 546/986/67
f 546/986/67 576/1057/65 575/1056/64
f 437/794/66 575/1058/66 576/1059/66
f 576/1059/66 434/791/66 437/794/66
f 577/1060/68 551/995/69 550/994/70
f 550/994/70 578/1061/64 577/1060/68
f 526/1005/66 577/1062/66 578/1063/66
f 578/1063/66 536/1002/66 526/1005/66
f 579/1064/71 529/1034/71 483/1037/71
f 483/1037/71 580/1065/71 579/1064/71
f 540/976/72 579/1066/72 580/1067/73
f 580/1067/73 541/977/73 540/976/72
f 581/1068/74 527/1014/74 535/1017/75
f 535/1017/75 582/1069/75 581/1068/74
f 552/996/72 581/1070/72 582/1071/73
f 582/1071/73 553/997/73 552/996/72
f 583/1072/71 525/978/71 490/981/71
f 490/981/71 584/1073/71 583/1072/71
f 567/1040/72 583/1074/72 584/1075/73
f 584/1075/73 568/1041/73 567/1040/72
f 585/1076/71 523/1026/71 554/1029/76
f 554/1029/76 586/1077/75 585/1076/71
f 548/988/77 585/1078/77 586/1079/73
f 586/1079/73 549/989/73 548/988/77
f 587/1080/78 566/1039/78 565/1038/79
f 565/1038/79 588/1081/79 587/1080/78
f 524/961/80 587/1082/80 588/1083/81
f 588/1083/81 491/958/81 524/961/80
f 586/1084/82 554/998/82 434/1001/83
f 434/1001/83 576/1085/83 586/1084/82
f 549/989/84 586/1079/84 576/1057/84
f 576/1057/84 546/986/84 549/989/84
f 584/1086/82 490/870/82 491/873/83
f 491/873/83 588/1087/83 584/1086/82
f 568/1041/85 584/1075/85 588/1081/84
f 588/1081/84 565/1038/84 568/1041/85
f 582/1088/83 535/962/83 536/965/83
f 536/965/83 578/1089/83 582/1088/83
f 553/997/84 582/1071/84 578/1061/84
f 578/1061/84 550/994/84 553/997/84
f 580/1090/82 483/858/82 484/861/82
f 484/861/82 574/1091/82 580/1090/82
f 541/977/84 580/1067/84 574/1051/84
f 574/1051/84 538/974/84 541/977/84
f 589/1092/86 558/1012/86 557/1011/87
f 557/1011/87 590/1093/87 589/1092/86
f 530/973/88 589/1094/88 590/1095/88
f 590/1095/88 485/970/88 530/973/88
f 591/1096/87 563/1032/87 562/1031/86
f 562/1031/86 592/1097/86 591/1096/87
f 531/969/88 591/1098/88 592/1099/88
f 592/1099/88 537/966/89 531/969/88
f 593/1100/87 571/1048/87 570/1047/86
f 570/1047/86 594/1101/86 593/1100/87
f 479/854/90 593/1102/90 594/1103/91
f 594/1103/91 478/851/91 479/854/90
f 595/1104/87 544/984/87 543/983/87
f 543/983/87 596/1105/87 595/1104/87
f 534/993/88 595/1106/88 596/1107/88
f 596/1107/88 413/990/88 534/993/88
f 596/1105/64 543/983/64 542/982/92
f 542/982/92 597/1108/92 596/1105/64
f 413/768/93 596/1109/93 597/1110/94
f 597/1110/94 410/765/94 413/768/93
f 590/1093/95 557/1011/96 556/1010/97
f 556/1010/97 598/1111/97 590/1093/95
f 485/865/93 590/1112/93 598/1113/94
f 598/1113/94 423/862/94 485/865/93
f 594/1101/98 570/1047/98 569/1046/95
f 569/1046/95 599/1114/95 594/1101/98
f 478/1021/93 594/1115/93 599/1116/94
f 599/1116/94 555/1018/94 478/1021/93
f 595/1117/99 534/954/99 424/957/71
f 424/957/71 600/1118/71 595/1117/99
f 544/984/100 595/1104/100 600/1119/100
f 600/1119/100 545/985/100 544/984/100
f 593/1120/99 479/950/99 533/953/75
f 533/953/75 601/1121/76 593/1120/99
f 571/1048/101 593/1100/101 601/1122/100
f 601/1122/100 572/1049/100 571/1048/101
f 591/1123/99 531/946/99 532/949/71
f 532/949/71 602/1124/71 591/1123/99
f 563/1032/102 591/1096/102 602/1125/103
f 602/1125/103 564/1033/103 563/1032/102
f 589/1126/99 530/942/99 420/945/75
f 420/945/75 603/1127/75 589/1126/99
f 558/1012/101 589/1092/101 603/1128/100
f 603/1128/100 559/1013/100 558/1012/101
f 592/1097/98 562/1031/98 561/1030/104
f 561/1030/104 604/1129/104 592/1097/98
f 537/1025/105 592/1130/105 604/1131/81
f 604/1131/81 560/1022/81 537/1025/105
f 603/1132/82 420/775/82 423/778/83
f 423/778/83 598/1133/83 603/1132/82
f 559/1013/106 603/1128/106 598/1111/107
f 598/1111/107 556/1010/107 559/1013/106
f 602/1134/82 532/1042/82 560/1045/83
f 560/1045/83 604/1135/83 602/1134/82
f 564/1033/106 602/1125/106 604/1129/108
f 604/1129/108 561/1030/108 564/1033/106
f 601/1136/83 533/1006/83 555/1009/83
f 555/1009/83 599/1137/83 601/1136/83
f 572/1049/106 601/1122/106 599/1114/106
f 599/1114/106 569/1046/106 572/1049/106
f 600/1138/82 424/779/82 410/782/83
f 410/782/83 597/1139/83 600/1138/82
f 545/985/106 600/1119/106 597/1108/108
f 597/1108/108 542/982/108 545/985/106
f 579/1066/109 540/976/109 539/975/110
f 539/975/110 573/1050/110 579/1066/109
f 529/941/111 579/1140/111 573/1141/112
f 573/1141/112 528/938/112 529/941/111
f 581/1070/113 552/996/113 551/995/110
f 551/995/110 577/1060/110 581/1070/113
f 527/937/114 581/1142/114 577/1143/112
f 577/1143/112 526/934/112 527/937/114
f 583/1074/113 567/1040/113 566/1039/109
f 566/1039/109 587/1080/109 583/1074/113
f 525/933/111 583/1144/111 587/1145/112
f 587/1145/112 524/930/112 525/933/111
f 585/1078/113 548/988/113 547/987/109
f 547/987/109 575/1056/109 585/1078/113
f 523/929/111 585/1146/111 575/1147/111
f 575/1147/111 437/926/111 523/929/111
f 484/1055/1 447/1148/1 446/1149/1
f 446/1149/1 528/1052/1 484/1055/1
f 347/1150/115 605/1151/115 385/1152/115
f 385/1152/115 344/1153/115 347/1150/115
f 390/1154/115 359/1155/115 363/1156/115
f 363/1156/115 366/1157/115 390/1154/115
f 317/1158/115 320/1159/115 376/1160/115
f 376/1160/115 379/1161/115 317/1158/115
f 362/1162/115 606/1163/115 607/1164/115
f 607/1164/115 608/1165/115 362/1162/115
f 320/1159/115 390/1154/115 366/1157/115
f 366/1157/115 376/1160/115 320/1159/115
f 359/1155/115 362/1162/115 608/1165/115
f 608/1165/115 363/1156/115 359/1155/115
f 606/1163/115 395/1166/115 400/1167/115
f 400/1167/115 607/1164/115 606/1163/115
f 605/1151/115 317/1158/115 379/1161/115
f 379/1161/115 385/1152/115 605/1151/115
f 395/1166/115 397/1168/115 398/1169/115
f 398/1169/115 400/1167/115 395/1166/115
f 608/1170/47 515/910/47 364/711/47
f 364/711/47 363/710/47 608/1170/47
f 605/1171/39 522/924/39 318/663/39
f 318/663/39 317/662/39 605/1171/39
f 362/709/39 361/708/39 521/923/39
f 521/923/39 606/1172/39 362/709/39
f 607/1173/47 514/909/47 515/910/47
f 515/910/47 608/1170/47 607/1173/47
f 379/726/47 378/725/47 386/734/47
f 386/734/47 385/733/47 379/726/47
f 366/713/47 365/712/47 377/724/47
f 377/724/47 376/723/47 366/713/47
f 606/1172/39 521/923/39 396/748/39
f 396/748/39 395/747/39 606/1172/39
f 390/740/40 389/739/40 360/707/40
f 360/707/40 359/706/40 390/740/40
f 400/754/47 399/753/47 514/909/47
f 514/909/47 607/1173/47 400/754/47
f 347/1174/39 346/925/39 522/924/39
f 522/924/39 605/1171/39 347/1174/39
f 397/1175/1 313/658/1 316/661/1
f 316/661/1 398/1176/1 397/1175/1
f 609/1177/3 522/1178/3 498/1179/3
f 498/1179/3 610/1180/3 609/1177/3
f 611/1181/3 521/1182/3 508/1183/3
f 508/1183/3 612/1184/3 611/1181/3
f 613/1185/3 360/1186/3 502/1187/3
f 502/1187/3 614/1188/3 613/1185/3
f 517/1189/3 319/1190/3 506/1191/3
f 506/1191/3 615/1192/3 517/1189/3
f 615/1193/50 506/1194/50 503/1195/50
f 503/1195/50 518/1196/50 615/1193/50
f 616/1197/43 617/1198/43 618/1199/43
f 618/1199/43 619/1200/43 616/1197/43
f 612/1201/116 508/1202/116 512/1203/117
f 512/1203/117 620/1204/117 612/1201/116
f 520/1205/60 318/1206/118 522/1207/118
f 522/1207/118 609/1208/60 520/1205/60
f 621/1209/43 622/1210/43 623/1211/43
f 623/1211/43 624/1212/43 621/1209/43
f 625/1213/1 509/1214/1 361/1215/1
f 361/1215/1 626/1216/1 625/1213/1
f 620/1217/1 512/1218/1 396/1219/1
f 396/1219/1 627/1220/1 620/1217/1
f 628/1221/43 629/1222/43 630/1223/43
f 630/1223/43 631/1224/43 628/1221/43
f 610/1225/51 498/1226/117 507/1227/51
f 507/1227/51 519/1228/51 610/1225/51
f 626/1229/53 361/1230/53 360/1231/54
f 360/1231/54 613/1232/54 626/1229/53
f 614/1233/50 502/1234/50 509/1235/51
f 509/1235/51 625/1236/50 614/1233/50
f 627/1237/118 396/1238/119 521/1239/119
f 521/1239/119 611/1240/60 627/1237/118
f 632/1241/120 633/1242/120 634/1243/121
f 634/1243/121 635/1244/121 632/1241/120
f 517/914/122 632/1245/122 635/1246/123
f 635/1246/123 516/911/123 517/914/122
f 636/1247/124 623/1211/124 622/1210/120
f 622/1210/120 637/1248/120 636/1247/124
f 609/1208/125 636/1249/125 637/1250/126
f 637/1250/126 520/1205/125 609/1208/125
f 638/1251/120 618/1199/120 617/1198/120
f 617/1198/120 639/1252/120 638/1251/120
f 613/1232/123 638/1253/123 639/1254/127
f 639/1254/127 626/1229/127 613/1232/123
f 640/1255/120 630/1223/120 629/1222/121
f 629/1222/121 641/1256/121 640/1255/120
f 611/1240/111 640/1257/112 641/1258/114
f 641/1258/114 627/1237/123 611/1240/111
f 635/1244/128 634/1243/128 642/1259/63
f 642/1259/63 643/1260/63 635/1244/128
f 516/918/129 635/1261/129 643/1262/130
f 643/1262/130 518/915/130 516/918/129
f 637/1248/128 622/1210/128 621/1209/63
f 621/1209/63 644/1263/63 637/1248/128
f 520/922/129 637/1264/129 644/1265/130
f 644/1265/130 519/919/130 520/922/129
f 639/1252/92 617/1198/92 616/1197/92
f 616/1197/92 645/1266/63 639/1252/92
f 626/1216/129 639/1267/131 645/1268/130
f 645/1268/130 625/1213/130 626/1216/129
f 632/1269/132 517/1189/132 615/1192/133
f 615/1192/133 646/1270/133 632/1269/132
f 633/1242/134 632/1241/134 646/1271/77
f 646/1271/77 647/1272/77 633/1242/134
f 638/1273/132 613/1185/132 614/1188/133
f 614/1188/133 648/1274/133 638/1273/132
f 618/1199/134 638/1251/134 648/1275/77
f 648/1275/77 619/1200/77 618/1199/134
f 640/1276/132 611/1181/132 612/1184/133
f 612/1184/133 649/1277/133 640/1276/132
f 630/1223/134 640/1255/134 649/1278/77
f 649/1278/77 631/1224/77 630/1223/134
f 636/1279/132 609/1177/132 610/1180/133
f 610/1180/133 650/1280/133 636/1279/132
f 623/1211/135 636/1247/135 650/1281/136
f 650/1281/136 624/1212/136 623/1211/135
f 641/1256/79 629/1222/79 628/1221/137
f 628/1221/137 651/1282/137 641/1256/79
f 627/1220/138 641/1283/138 651/1284/138
f 651/1284/138 620/1217/139 627/1220/138
f 650/1285/140 610/1225/140 519/1228/140
f 519/1228/140 644/1286/140 650/1285/140
f 624/1212/141 650/1281/141 644/1263/142
f 644/1263/142 621/1209/142 624/1212/141
f 649/1287/140 612/1201/140 620/1204/140
f 620/1204/140 651/1288/140 649/1287/140
f 631/1224/84 649/1278/84 651/1282/142
f 651/1282/142 628/1221/141 631/1224/84
f 648/1289/140 614/1233/140 625/1236/140
f 625/1236/140 645/1290/140 648/1289/140
f 619/1200/142 648/1275/142 645/1266/142
f 645/1266/142 616/1197/142 619/1200/142
f 646/1291/140 615/1193/140 518/1196/140
f 518/1196/140 643/1292/140 646/1291/140
f 647/1272/142 646/1271/142 643/1260/106
f 643/1260/106 642/1259/106 647/1272/142
f 642/1259/43 634/1243/43 633/1242/43
f 633/1242/43 647/1272/43 642/1259/43
f 652/1293/143 373/720/143 375/722/143
f 375/722/143 653/1294/143 652/1293/143
f 654/1295/144 392/742/144 655/1296/144
f 655/1296/144 656/1297/144 654/1295/144
f 657/1298/144 382/1299/144 658/1300/144
f 658/1300/144 659/1301/144 657/1298/144
f 660/1302/144 348/695/144 351/698/144
f 351/698/144 661/1303/144 660/1302/144
f 662/1304/143 663/1305/143 380/1306/143
f 380/1306/143 664/1307/143 662/1304/143
f 653/1294/143 375/722/143 663/1305/143
f 663/1305/143 662/1304/143 653/1294/143
f 665/1308/143 666/1309/143 373/720/143
f 373/720/143 652/1293/143 665/1308/143
f 667/1310/143 394/746/143 666/1309/143
f 666/1309/143 665/1308/143 667/1310/143
f 668/1311/144 328/673/144 342/1312/144
f 342/1312/144 669/1313/144 668/1311/144
f 375/722/48 374/721/44 330/677/44
f 330/677/44 663/1305/48 375/722/48
f 394/746/48 337/684/44 369/716/44
f 369/716/44 666/1309/48 394/746/48
f 328/673/41 327/672/42 321/676/42
f 321/676/42 342/1312/41 328/673/41
f 658/1300/41 387/737/42 349/696/42
f 349/696/42 348/695/41 658/1300/41
f 663/1305/48 330/677/44 333/680/44
f 333/680/44 380/1306/48 663/1305/48
f 343/1314/48 324/743/44 352/699/44
f 352/699/44 383/731/48 343/1314/48
f 382/1299/41 381/755/42 387/737/42
f 387/737/42 658/1300/41 382/1299/41
f 670/1315/41 356/703/46 326/671/42
f 326/671/42 325/670/41 670/1315/41
f 392/742/41 338/685/42 341/688/46
f 341/688/46 655/1296/41 392/742/41
f 666/1309/48 369/716/44 372/719/44
f 372/719/44 373/720/48 666/1309/48
f 657/1316/145 659/1317/145 662/1318/145
f 662/1318/145 664/1319/145 657/1316/145
f 656/1320/145 671/1321/145 672/1322/145
f 672/1322/145 667/1323/145 656/1320/145
f 673/1324/145 668/1325/145 674/1326/145
f 674/1326/145 675/1327/145 673/1324/145
f 661/1328/145 654/1329/145 665/1330/145
f 665/1330/145 652/1331/145 661/1328/145
f 671/1321/145 673/1324/145 675/1327/145
f 675/1327/145 672/1322/145 671/1321/145
f 654/1329/145 656/1320/145 667/1323/145
f 667/1323/145 665/1330/145 654/1329/145
f 660/1332/145 661/1328/145 652/1331/145
f 652/1331/145 653/1333/145 660/1332/145
f 668/1325/145 669/1334/145 676/1335/145
f 676/1335/145 674/1326/145 668/1325/145
f 659/1317/145 660/1332/145 653/1333/145
f 653/1333/145 662/1318/145 659/1317/145
f 672/1336/143 393/745/143 394/746/143
f 394/746/143 667/1310/143 672/1336/143
f 659/1301/144 658/1300/144 348/695/144
f 348/695/144 660/1302/144 659/1301/144
f 675/1337/143 384/732/143 393/745/143
f 393/745/143 672/1336/143 675/1337/143
f 656/1297/144 655/1296/144 670/1315/144
f 670/1315/144 671/1338/144 656/1297/144
f 671/1338/144 670/1315/144 325/670/144
f 325/670/144 673/1339/144 671/1338/144
f 673/1339/144 325/670/144 328/673/144
f 328/673/144 668/1311/144 673/1339/144
f 664/1340/1 380/727/1 382/730/1
f 382/730/1 657/1341/1 664/1340/1
f 674/1342/143 383/731/143 384/732/143
f 384/732/143 675/1337/143 674/1342/143
f 676/1343/143 343/1314/143 383/731/143
f 383/731/143 674/1342/143 676/1343/143
f 669/1344/3 342/689/3 343/690/3
f 343/690/3 676/1345/3 669/1344/3
f 661/1303/144 351/698/144 392/742/144
f 392/742/144 654/1295/144 661/1303/144
f 677/1346/1 655/1347/1 341/1348/1
f 341/1348/1 678/1349/1 677/1346/1
f 679/1350/3 356/1351/3 670/1352/3
f 670/1352/3 680/1353/3 679/1350/3
f 680/1354/146 670/1355/147 655/1356/147
f 655/1356/147 677/1357/147 680/1354/146
f 681/1358/41 682/1359/41 683/1360/41
f 683/1360/41 684/1361/41 681/1358/41
f 685/1362/148 678/1363/148 679/1364/149
f 679/1364/149 686/1365/149 685/1362/148
f 682/1366/150 685/1362/151 686/1365/151
f 686/1365/151 683/1367/151 682/1366/150
f 687/1368/152 681/1369/152 684/1370/153
f 684/1370/153 688/1371/153 687/1368/152
f 677/1357/154 687/1368/154 688/1371/154
f 688/1371/154 680/1354/154 677/1357/154
f 686/1372/155 679/1350/156 680/1353/157
f 680/1353/157 688/1373/157 686/1372/155
f 683/1374/158 686/1372/159 688/1373/160
f 688/1373/160 684/1375/160 683/1374/158
f 687/1376/161 677/1346/161 678/1349/162
f 678/1349/162 685/1377/162 687/1376/161
f 681/1378/163 687/1376/164 685/1377/165
f 685/1377/165 682/1379/166 681/1378/163
f 678/1363/167 341/1380/168 356/1381/169
f 356/1381/169 679/1364/169 678/1363/167
