# Blender v2.93.3 OBJ File: 'radar2blend.blend'
# www.blender.org
mtllib radar.mtl
o Cube_Cube.001
v -1.000083 -2.908786 0.815850
v -1.000083 2.918961 0.815850
v -1.000083 -2.908786 -0.890404
v -1.000083 2.918961 -1.098555
v 0.999917 -2.908786 0.815850
v 0.999917 2.918961 0.815850
v 0.999917 -2.908786 -0.890404
v 0.999917 2.918961 -1.098555
v -1.000083 0.005087 0.815850
v -1.000083 0.005087 -1.141352
v 0.999917 0.005087 -1.141352
v 0.999917 0.005087 0.815850
v -1.000083 -1.451850 -0.674630
v 0.999917 -1.451850 -0.674630
v 0.999917 -1.451850 0.815850
v -1.000083 -1.451850 0.815850
v -1.000083 -0.723381 0.815850
v -1.000083 -0.723381 -0.854945
v 0.999917 -0.723381 -0.854945
v 0.999917 -0.723381 0.815850
v -1.000083 -2.180318 -0.697533
v 0.999917 -2.180318 -0.697533
v 0.999917 -2.180318 0.819211
v -1.000083 -2.180318 0.819211
v -1.000082 2.933827 0.817721
v -1.000082 2.910585 0.817721
v -1.000083 2.933827 -2.328243
v -1.000083 2.910585 -2.328243
v 0.999917 2.933827 0.817721
v 0.999917 2.910585 0.817721
v 0.999917 2.933827 -2.328243
v 0.999917 2.910585 -2.328243
v 1.001600 0.286615 -1.123392
v 1.001600 2.919169 -1.088169
v 1.001600 -0.001884 -1.139018
v 1.001601 2.919169 -2.322846
v 0.989836 0.286615 -1.123392
v 0.989836 2.919169 -1.088169
v 0.989836 -0.001884 -1.139018
v 0.989836 2.919169 -2.322846
v 1.001600 1.592288 -1.105923
v 1.001600 1.289583 -1.575061
v 0.989836 1.289583 -1.575061
v 0.989836 1.592288 -1.105923
v -0.986700 0.286615 -1.123392
v -0.986700 2.919169 -1.088169
v -0.986700 -0.001884 -1.139018
v -0.986700 2.919169 -2.322846
v -0.998464 0.286615 -1.123392
v -0.998464 2.919169 -1.088169
v -0.998464 -0.001884 -1.139018
v -0.998464 2.919169 -2.322846
v -0.986700 1.602892 -1.105781
v -0.986700 1.302606 -1.581142
v -0.998464 1.302606 -1.581142
v -0.998464 1.602892 -1.105781
v 0.991577 0.286615 -1.123832
v 0.991577 2.919169 -1.110136
v 0.991577 0.286615 -1.117294
v 0.991577 2.919169 -1.710804
v -0.994480 0.286615 -1.123832
v -0.994480 2.919169 -1.110136
v -0.994480 0.286615 -1.117294
v -0.994480 2.919169 -1.710804
v 0.991577 1.602893 -1.116984
v 0.991577 1.602893 -1.414049
v -0.994480 1.602893 -1.414049
v -0.994480 1.602893 -1.116984
v 0.991577 2.261031 -1.113560
v 0.991577 2.261031 -1.562426
v -0.994480 2.261031 -1.562426
v -0.994480 2.261031 -1.113560
v 0.991577 2.590100 -1.111848
v 0.991577 2.590100 -1.636615
v -0.994480 2.590100 -1.636615
v -0.994480 2.590100 -1.111848
v 0.991577 0.944754 -1.265671
v -0.994480 0.944754 -1.265671
v -0.994480 0.944754 -1.120408
v 0.991577 0.944754 -1.120408
v 0.991577 0.615685 -1.191482
v -0.994480 0.615685 -1.191482
v -0.994480 0.615685 -1.122120
v 0.991577 0.615685 -1.122120
v 0.991577 1.273823 -1.118696
v 0.991577 1.273823 -1.339860
v -0.994480 1.273823 -1.339860
v -0.994480 1.273823 -1.118696
v 0.991577 1.931962 -1.488238
v -0.994480 1.931962 -1.488238
v -0.994480 1.931962 -1.115272
v 0.991577 1.931962 -1.115272
v 0.991577 2.425566 -1.599521
v -0.994480 2.425566 -1.599521
v -0.994480 2.425566 -1.112704
v 0.991577 2.425566 -1.112704
v -0.001451 0.286615 -1.117294
v -0.001451 2.919169 -1.710804
v -0.001451 0.286615 -1.123832
v -0.001451 2.919169 -1.110136
v -0.001451 1.602893 -1.116984
v -0.001451 1.602893 -1.248411
v -0.001451 2.261031 -1.113560
v -0.001451 2.261031 -1.291697
v -0.001451 2.590100 -1.111848
v -0.001451 2.590100 -1.636615
v -0.001451 0.944754 -1.265671
v -0.001451 0.944754 -1.120408
v -0.001451 0.615685 -1.122120
v -0.001451 0.615685 -1.191482
v -0.001451 1.273823 -1.118696
v -0.001451 1.931962 -1.488238
v -0.001451 1.931962 -1.115272
v -0.001451 2.425566 -1.328792
v -0.001451 2.425566 -1.112704
v 0.495063 0.286615 -1.117294
v 0.495063 2.919169 -1.110136
v 0.495063 1.602893 -1.116984
v 0.495063 2.261031 -1.113560
v 0.495063 2.590100 -1.111848
v 0.495063 0.944754 -1.120408
v 0.495063 0.615685 -1.122120
v 0.495063 1.273823 -1.118696
v 0.495063 1.931962 -1.115272
v 0.495063 2.425566 -1.112704
v 0.495063 2.919169 -1.710804
v 0.495063 0.286615 -1.123832
v 0.495063 1.602893 -1.248411
v 0.495063 2.261031 -1.291697
v 0.495063 2.590100 -1.636615
v 0.495063 0.944754 -1.265671
v 0.495063 0.615685 -1.191482
v 0.495063 1.273823 -1.174222
v 0.495063 1.931962 -1.488238
v 0.495063 2.425566 -1.328792
v 0.743320 0.286615 -1.117294
v 0.743320 2.919169 -1.110136
v 0.743320 1.602893 -1.116984
v 0.743320 2.261031 -1.113560
v 0.743320 2.590100 -1.111848
v 0.743320 0.944754 -1.120408
v 0.743320 0.615685 -1.122120
v 0.743320 1.273823 -1.118696
v 0.743320 1.931962 -1.115272
v 0.743320 2.425566 -1.112704
v 0.743320 2.919169 -1.710804
v 0.743320 0.286615 -1.123832
v 0.743320 1.602893 -1.414049
v 0.743320 2.261031 -1.562426
v 0.743320 2.590100 -1.636615
v 0.743320 0.944754 -1.265671
v 0.743320 0.615685 -1.191482
v 0.743320 1.273823 -1.339860
v 0.743320 1.931962 -1.488238
v 0.743320 2.425566 -1.599521
v -0.497966 2.919169 -1.710804
v -0.497966 0.286615 -1.123832
v -0.497966 1.602893 -1.248411
v -0.497966 2.261031 -1.291697
v -0.497966 2.590100 -1.636615
v -0.497966 0.944754 -1.265671
v -0.497966 0.615685 -1.191482
v -0.497966 1.273823 -1.174222
v -0.497966 1.931962 -1.488238
v -0.497966 2.425566 -1.328792
v -0.497966 0.286615 -1.117294
v -0.497966 2.919169 -1.110136
v -0.497966 1.602893 -1.116984
v -0.497966 2.261031 -1.113560
v -0.497966 2.590100 -1.111848
v -0.497966 0.944754 -1.120408
v -0.497966 0.615685 -1.122120
v -0.497966 1.273823 -1.118696
v -0.497966 1.931962 -1.115272
v -0.497966 2.425566 -1.112704
v -0.249709 0.286615 -1.117294
v -0.249709 2.919169 -1.110136
v -0.249709 1.602893 -1.116984
v -0.249709 2.261031 -1.113560
v -0.249709 2.590100 -1.111848
v -0.249709 0.944754 -1.120408
v -0.249709 0.615685 -1.122120
v -0.249709 1.273823 -1.118696
v -0.249709 1.931962 -1.115272
v -0.249709 2.425566 -1.112704
v -0.249709 2.919169 -1.710804
v -0.249709 0.286615 -1.123832
v -0.249709 1.602893 -1.248411
v -0.249709 2.261031 -1.291697
v -0.249709 2.590100 -1.636615
v -0.249709 0.944754 -1.265671
v -0.249709 0.615685 -1.191482
v -0.249709 1.273823 -1.174222
v -0.249709 1.931962 -1.488238
v -0.249709 2.425566 -1.328792
v -0.746223 2.919169 -1.710804
v -0.746223 0.286615 -1.123832
v -0.746223 1.602893 -1.414049
v -0.746223 2.261031 -1.562426
v -0.746223 2.590100 -1.636615
v -0.746223 0.944754 -1.265671
v -0.746223 0.615685 -1.191482
v -0.746223 1.273823 -1.339860
v -0.746223 1.931962 -1.488238
v -0.746223 2.425566 -1.599521
v -0.746223 0.286615 -1.117294
v -0.746223 2.919169 -1.110136
v -0.746223 1.602893 -1.116984
v -0.746223 2.261031 -1.113560
v -0.746223 2.590100 -1.111848
v -0.746223 0.944754 -1.120408
v -0.746223 0.615685 -1.122120
v -0.746223 1.273823 -1.118696
v -0.746223 1.931962 -1.115272
v -0.746223 2.425566 -1.112704
v 0.246806 2.919169 -1.710804
v 0.246806 0.286615 -1.123832
v 0.246806 1.602893 -1.248411
v 0.246806 2.261031 -1.291697
v 0.246806 2.590100 -1.636615
v 0.246806 0.944754 -1.265671
v 0.246806 0.615685 -1.191482
v 0.246806 1.273823 -1.174222
v 0.246806 1.931962 -1.488238
v 0.246806 2.425566 -1.328792
v 0.246806 0.286615 -1.117294
v 0.246806 2.919169 -1.110136
v 0.246806 1.602893 -1.116984
v 0.246806 2.261031 -1.113560
v 0.246806 2.590100 -1.111848
v 0.246806 0.944754 -1.120408
v 0.246806 0.615685 -1.122120
v 0.246806 1.273823 -1.118696
v 0.246806 1.931962 -1.115272
v 0.246806 2.425566 -1.112704
v 0.991577 2.096496 -1.114416
v 0.991577 2.096496 -1.525332
v -0.994480 2.096496 -1.525332
v -0.994480 2.096496 -1.114416
v -0.001451 2.096496 -1.254603
v -0.001451 2.096496 -1.114416
v 0.495063 2.096496 -1.254603
v 0.495063 2.096496 -1.114416
v 0.743320 2.096496 -1.525332
v 0.743320 2.096496 -1.114416
v -0.497966 2.096496 -1.114416
v -0.497966 2.096496 -1.254603
v -0.249709 2.096496 -1.254603
v -0.249709 2.096496 -1.114416
v -0.746223 2.096496 -1.114416
v -0.746223 2.096496 -1.525332
v 0.246806 2.096496 -1.114416
v 0.246806 2.096496 -1.254603
v 0.991577 1.767427 -1.451143
v -0.994480 1.767427 -1.451143
v -0.994480 1.767427 -1.116128
v 0.991577 1.767427 -1.116128
v -0.001451 1.767427 -1.116128
v -0.001451 1.767427 -1.451143
v 0.495063 1.767427 -1.451143
v 0.495063 1.767427 -1.116128
v 0.743320 1.767427 -1.451143
v 0.743320 1.767427 -1.116128
v -0.497966 1.767427 -1.116128
v -0.497966 1.767427 -1.451143
v -0.249709 1.767427 -1.451143
v -0.249709 1.767427 -1.116128
v -0.746223 1.767427 -1.116128
v -0.746223 1.767427 -1.451143
v 0.246806 1.767427 -1.116128
v 0.246806 1.767427 -1.451143
v 0.991577 1.438358 -1.117840
v 0.991577 1.438358 -1.376954
v -0.994480 1.438358 -1.376954
v -0.994480 1.438358 -1.117840
v -0.001451 1.438358 -1.117840
v 0.495063 1.438358 -1.211316
v 0.495063 1.438358 -1.117840
v 0.743320 1.438358 -1.376954
v 0.743320 1.438358 -1.117840
v -0.497966 1.438358 -1.117840
v -0.497966 1.438358 -1.211316
v -0.249709 1.438358 -1.211316
v -0.249709 1.438358 -1.117840
v -0.746223 1.438358 -1.117840
v -0.746223 1.438358 -1.376954
v 0.246806 1.438358 -1.117840
v 0.246806 1.438358 -1.211316
v 0.991577 1.109288 -1.302766
v -0.994480 1.109288 -1.302766
v -0.994480 1.109288 -1.119552
v 0.991577 1.109288 -1.119552
v -0.001451 1.109288 -1.119552
v -0.001451 1.109288 -1.137128
v 0.495063 1.109288 -1.137128
v 0.495063 1.109288 -1.119552
v 0.743320 1.109288 -1.302766
v 0.743320 1.109288 -1.119552
v -0.497966 1.109288 -1.119552
v -0.497966 1.109288 -1.137128
v -0.249709 1.109288 -1.137128
v -0.249709 1.109288 -1.119552
v -0.746223 1.109288 -1.119552
v -0.746223 1.109288 -1.302766
v 0.246806 1.109288 -1.119552
v 0.246806 1.109288 -1.137128
v 0.991577 0.780219 -1.121264
v 0.991577 0.780219 -1.228577
v -0.994480 0.780219 -1.228577
v -0.994480 0.780219 -1.121264
v -0.001451 0.780219 -1.121264
v -0.001451 0.780219 -1.228577
v 0.495063 0.780219 -1.228577
v 0.495063 0.780219 -1.121264
v 0.743320 0.780219 -1.228577
v 0.743320 0.780219 -1.121264
v -0.497966 0.780219 -1.121264
v -0.497966 0.780219 -1.228577
v -0.249709 0.780219 -1.228577
v -0.249709 0.780219 -1.121264
v -0.746223 0.780219 -1.121264
v -0.746223 0.780219 -1.228577
v 0.246806 0.780219 -1.121264
v 0.246806 0.780219 -1.228577
v 0.619192 2.919169 -1.710804
v 0.619192 0.286615 -1.123832
v 0.619192 1.602893 -1.271121
v 0.619192 2.261031 -1.352913
v 0.619192 2.590100 -1.636615
v 0.619192 0.944754 -1.265671
v 0.619192 0.615685 -1.191482
v 0.619192 1.273823 -1.196932
v 0.619192 1.931962 -1.488238
v 0.619192 2.425566 -1.390007
v 0.619192 0.286615 -1.117294
v 0.619192 2.919169 -1.110136
v 0.619192 1.602893 -1.116984
v 0.619192 2.261031 -1.113560
v 0.619192 2.590100 -1.111848
v 0.619192 0.944754 -1.120408
v 0.619192 0.615685 -1.122120
v 0.619192 1.273823 -1.118696
v 0.619192 1.931962 -1.115272
v 0.619192 2.425566 -1.112704
v 0.619192 2.096496 -1.114416
v 0.619192 2.096496 -1.315819
v 0.619192 1.767427 -1.116128
v 0.619192 1.767427 -1.451143
v 0.619192 1.438358 -1.117840
v 0.619192 1.438358 -1.234027
v 0.619192 1.109288 -1.119552
v 0.619192 1.109288 -1.159838
v 0.619192 0.780219 -1.121264
v 0.619192 0.780219 -1.228577
v 0.122677 2.919169 -1.710804
v 0.122677 0.286615 -1.123832
v 0.122677 1.602893 -1.248411
v 0.122677 2.261031 -1.291697
v 0.122677 2.590100 -1.636615
v 0.122677 0.944754 -1.265671
v 0.122677 0.615685 -1.191482
v 0.122677 1.931962 -1.488238
v 0.122677 2.425566 -1.328792
v 0.122677 0.286615 -1.117294
v 0.122677 2.919169 -1.110136
v 0.122677 1.602893 -1.116984
v 0.122677 2.261031 -1.113560
v 0.122677 2.590100 -1.111848
v 0.122677 0.944754 -1.120408
v 0.122677 0.615685 -1.122120
v 0.122677 1.273823 -1.118696
v 0.122677 1.931962 -1.115272
v 0.122677 2.425566 -1.112704
v 0.122677 2.096496 -1.114416
v 0.122677 2.096496 -1.254603
v 0.122677 1.767427 -1.116128
v 0.122677 1.767427 -1.451143
v 0.122677 1.438358 -1.117840
v 0.122677 1.109288 -1.119552
v 0.122677 1.109288 -1.137128
v 0.122677 0.780219 -1.121264
v 0.122677 0.780219 -1.228577
v 0.991577 1.027021 -1.284218
v -0.994480 1.027021 -1.284218
v -0.994480 1.027021 -1.119980
v -0.001451 1.027021 -1.119980
v -0.001451 1.027021 -1.141291
v 0.495063 1.027021 -1.141291
v 0.495063 1.027021 -1.119980
v 0.743320 1.027021 -1.284218
v 0.743320 1.027021 -1.119980
v -0.497966 1.027021 -1.119980
v -0.497966 1.027021 -1.141291
v -0.249709 1.027021 -1.141291
v -0.249709 1.027021 -1.119980
v -0.746223 1.027021 -1.119980
v -0.746223 1.027021 -1.284218
v 0.246806 1.027021 -1.119980
v 0.246806 1.027021 -1.141291
v 0.991577 1.027021 -1.119980
v 0.619192 1.027021 -1.182700
v 0.619192 1.027021 -1.119980
v 0.122677 1.027021 -1.141291
v 0.122677 1.027021 -1.119980
v -0.622094 0.286615 -1.117294
v -0.622094 2.919169 -1.110136
v -0.622094 1.602893 -1.116984
v -0.622094 2.261031 -1.113560
v -0.622094 2.590100 -1.111848
v -0.622094 0.944754 -1.120408
v -0.622094 0.615685 -1.122120
v -0.622094 1.273823 -1.118696
v -0.622094 1.931962 -1.115272
v -0.622094 2.425566 -1.112704
v -0.622094 2.919169 -1.710804
v -0.622094 0.286615 -1.123832
v -0.622094 1.602893 -1.271121
v -0.622094 2.261031 -1.352913
v -0.622094 2.590100 -1.636615
v -0.622094 0.944754 -1.265671
v -0.622094 0.615685 -1.191482
v -0.622094 1.273823 -1.196932
v -0.622094 1.931962 -1.488238
v -0.622094 2.425566 -1.390007
v -0.622094 2.096496 -1.315819
v -0.622094 2.096496 -1.114416
v -0.622094 1.767427 -1.451143
v -0.622094 1.767427 -1.116128
v -0.622094 1.438358 -1.234027
v -0.622094 1.438358 -1.117840
v -0.622094 1.109288 -1.159838
v -0.622094 1.109288 -1.119552
v -0.622094 0.780219 -1.228577
v -0.622094 0.780219 -1.121264
v -0.622094 1.027021 -1.119980
v -0.622094 1.027021 -1.182700
v 0.991577 1.685235 -1.432613
v -0.994480 1.685235 -1.432613
v -0.994480 1.685235 -1.116556
v -0.001451 1.685235 -1.116556
v -0.001451 1.685235 -1.289761
v 0.495063 1.685235 -1.289761
v 0.495063 1.685235 -1.116556
v 0.743320 1.685235 -1.432613
v 0.743320 1.685235 -1.116556
v -0.497966 1.685235 -1.116556
v -0.497966 1.685235 -1.289761
v -0.249709 1.685235 -1.289761
v -0.249709 1.685235 -1.116556
v -0.746223 1.685235 -1.116556
v -0.746223 1.685235 -1.432613
v 0.246806 1.685235 -1.116556
v 0.246806 1.685235 -1.289761
v 0.991577 1.685235 -1.116556
v 0.619192 1.685235 -1.331133
v 0.619192 1.685235 -1.116556
v 0.122677 1.685235 -1.289761
v 0.122677 1.685235 -1.116556
v -0.622094 1.685235 -1.116556
v -0.622094 1.685235 -1.331133
v 0.991577 2.014229 -1.506785
v -0.994480 2.014229 -1.506785
v -0.994480 2.014229 -1.114844
v -0.001451 2.014229 -1.297271
v -0.001451 2.014229 -1.114844
v 0.495063 2.014229 -1.297271
v 0.495063 2.014229 -1.114844
v 0.743320 2.014229 -1.506785
v 0.743320 2.014229 -1.114844
v -0.497966 2.014229 -1.114844
v -0.497966 2.014229 -1.297271
v -0.249709 2.014229 -1.297271
v -0.249709 2.014229 -1.114844
v -0.746223 2.014229 -1.114844
v -0.746223 2.014229 -1.506785
v 0.246806 2.014229 -1.114844
v 0.246806 2.014229 -1.297271
v 0.991577 2.014229 -1.114844
v 0.619192 2.014229 -1.364954
v 0.619192 2.014229 -1.114844
v 0.122677 2.014229 -1.297271
v 0.122677 2.014229 -1.114844
v -0.622094 2.014229 -1.114844
v -0.622094 2.014229 -1.364954
v 0.991577 2.507833 -1.112276
v 0.991577 2.507833 -1.618068
v -0.994480 2.507833 -1.618068
v -0.994480 2.507833 -1.112276
v -0.001451 2.507833 -1.408555
v -0.001451 2.507833 -1.112276
v 0.495063 2.507833 -1.408555
v 0.495063 2.507833 -1.112276
v 0.743320 2.507833 -1.618068
v 0.743320 2.507833 -1.112276
v -0.497966 2.507833 -1.112276
v -0.497966 2.507833 -1.408555
v -0.249709 2.507833 -1.408555
v -0.249709 2.507833 -1.112276
v -0.746223 2.507833 -1.112276
v -0.746223 2.507833 -1.618068
v 0.246806 2.507833 -1.112276
v 0.246806 2.507833 -1.408555
v 0.619192 2.507833 -1.112276
v 0.619192 2.507833 -1.476237
v 0.122677 2.507833 -1.112276
v 0.122677 2.507833 -1.408555
v -0.622094 2.507833 -1.476237
v -0.622094 2.507833 -1.112276
v 0.991577 2.754635 -1.110991
v 0.991577 2.754635 -1.673709
v -0.994480 2.754635 -1.673709
v -0.994480 2.754635 -1.110991
v -0.001451 2.754635 -1.110991
v -0.001451 2.754635 -1.673709
v 0.495063 2.754635 -1.673709
v 0.495063 2.754635 -1.110991
v 0.743320 2.754635 -1.673709
v 0.743320 2.754635 -1.110991
v -0.497966 2.754635 -1.110991
v -0.497966 2.754635 -1.673709
v -0.249709 2.754635 -1.673709
v -0.249709 2.754635 -1.110991
v -0.746223 2.754635 -1.110991
v -0.746223 2.754635 -1.673709
v 0.246806 2.754635 -1.110991
v 0.246806 2.754635 -1.673709
v 0.619192 2.754635 -1.110991
v 0.619192 2.754635 -1.673709
v 0.122677 2.754635 -1.110991
v 0.122677 2.754635 -1.673709
v -0.622094 2.754635 -1.673709
v -0.622094 2.754635 -1.110991
v 0.991577 2.343298 -1.580974
v -0.994480 2.343298 -1.580974
v -0.994480 2.343298 -1.113132
v 0.991577 2.343298 -1.113132
v -0.001451 2.343298 -1.113132
v -0.001451 2.343298 -1.310244
v 0.495063 2.343298 -1.310244
v 0.495063 2.343298 -1.113132
v 0.743320 2.343298 -1.580974
v 0.743320 2.343298 -1.113132
v -0.497966 2.343298 -1.113132
v -0.497966 2.343298 -1.310244
v -0.249709 2.343298 -1.310244
v -0.249709 2.343298 -1.113132
v -0.746223 2.343298 -1.113132
v -0.746223 2.343298 -1.580974
v 0.246806 2.343298 -1.113132
v 0.246806 2.343298 -1.310244
v 0.619192 2.343298 -1.113132
v 0.619192 2.343298 -1.371460
v 0.122677 2.343298 -1.113132
v 0.122677 2.343298 -1.310244
v -0.622094 2.343298 -1.371460
v -0.622094 2.343298 -1.113132
v 0.991577 2.178764 -1.113988
v 0.991577 2.178764 -1.543879
v -0.994480 2.178764 -1.543879
v -0.994480 2.178764 -1.113988
v -0.001451 2.178764 -1.273150
v -0.001451 2.178764 -1.113988
v 0.495063 2.178764 -1.273150
v 0.495063 2.178764 -1.113988
v 0.743320 2.178764 -1.543879
v 0.743320 2.178764 -1.113988
v -0.497966 2.178764 -1.113988
v -0.497966 2.178764 -1.273150
v -0.249709 2.178764 -1.273150
v -0.249709 2.178764 -1.113988
v -0.746223 2.178764 -1.113988
v -0.746223 2.178764 -1.543879
v 0.246806 2.178764 -1.113988
v 0.246806 2.178764 -1.273150
v 0.619192 2.178764 -1.113988
v 0.619192 2.178764 -1.334366
v 0.122677 2.178764 -1.113988
v 0.122677 2.178764 -1.273150
v -0.622094 2.178764 -1.334366
v -0.622094 2.178764 -1.113988
v 0.991577 1.849694 -1.115700
v 0.991577 1.849694 -1.469690
v -0.994480 1.849694 -1.469690
v -0.994480 1.849694 -1.115700
v -0.001451 1.849694 -1.115700
v -0.001451 1.849694 -1.469690
v 0.495063 1.849694 -1.469690
v 0.495063 1.849694 -1.115700
v 0.743320 1.849694 -1.469690
v 0.743320 1.849694 -1.115700
v -0.497966 1.849694 -1.115700
v -0.497966 1.849694 -1.469690
v -0.249709 1.849694 -1.469690
v -0.249709 1.849694 -1.115700
v -0.746223 1.849694 -1.115700
v -0.746223 1.849694 -1.469690
v 0.246806 1.849694 -1.115700
v 0.246806 1.849694 -1.469690
v 0.619192 1.849694 -1.115700
v 0.619192 1.849694 -1.469690
v 0.122677 1.849694 -1.115700
v 0.122677 1.849694 -1.469690
v -0.622094 1.849694 -1.469690
v -0.622094 1.849694 -1.115700
v 0.991577 1.520625 -1.117412
v 0.991577 1.520625 -1.395502
v -0.994480 1.520625 -1.395502
v -0.994480 1.520625 -1.117412
v -0.001451 1.520625 -1.229864
v -0.001451 1.520625 -1.117412
v 0.495063 1.520625 -1.229864
v 0.495063 1.520625 -1.117412
v 0.743320 1.520625 -1.395502
v 0.743320 1.520625 -1.117412
v -0.497966 1.520625 -1.117412
v -0.497966 1.520625 -1.229864
v -0.249709 1.520625 -1.229864
v -0.249709 1.520625 -1.117412
v -0.746223 1.520625 -1.117412
v -0.746223 1.520625 -1.395502
v 0.246806 1.520625 -1.117412
v 0.246806 1.520625 -1.229864
v 0.619192 1.520625 -1.117412
v 0.619192 1.520625 -1.252574
v 0.122677 1.520625 -1.117412
v 0.122677 1.520625 -1.229864
v -0.622094 1.520625 -1.252574
v -0.622094 1.520625 -1.117412
v 0.991577 1.356091 -1.358407
v -0.994480 1.356091 -1.358407
v -0.994480 1.356091 -1.118268
v -0.001451 1.356091 -1.118268
v 0.495063 1.356091 -1.192769
v 0.495063 1.356091 -1.118268
v 0.743320 1.356091 -1.358407
v 0.743320 1.356091 -1.118268
v -0.497966 1.356091 -1.118268
v -0.497966 1.356091 -1.192769
v -0.249709 1.356091 -1.192769
v -0.249709 1.356091 -1.118268
v -0.746223 1.356091 -1.118268
v -0.746223 1.356091 -1.358407
v 0.246806 1.356091 -1.118268
v 0.246806 1.356091 -1.192769
v 0.991577 1.356091 -1.118268
v 0.619192 1.356091 -1.215480
v 0.619192 1.356091 -1.118268
v 0.122677 1.356091 -1.118268
v -0.622094 1.356091 -1.118268
v -0.622094 1.356091 -1.215480
v 0.991577 1.191556 -1.119124
v 0.991577 1.191556 -1.321313
v -0.994480 1.191556 -1.321313
v -0.994480 1.191556 -1.119124
v -0.001451 1.191556 -1.119124
v -0.001451 1.191556 -1.155675
v 0.495063 1.191556 -1.155675
v 0.495063 1.191556 -1.119124
v 0.743320 1.191556 -1.321313
v 0.743320 1.191556 -1.119124
v -0.497966 1.191556 -1.119124
v -0.497966 1.191556 -1.155675
v -0.249709 1.191556 -1.155675
v -0.249709 1.191556 -1.119124
v -0.746223 1.191556 -1.119124
v -0.746223 1.191556 -1.321313
v 0.246806 1.191556 -1.119124
v 0.246806 1.191556 -1.155675
v 0.619192 1.191556 -1.119124
v 0.619192 1.191556 -1.178385
v 0.122677 1.191556 -1.119124
v 0.122677 1.191556 -1.155675
v -0.622094 1.191556 -1.178385
v -0.622094 1.191556 -1.119124
v 0.991577 0.862486 -1.120836
v 0.991577 0.862486 -1.247124
v -0.994480 0.862486 -1.247124
v -0.994480 0.862486 -1.120836
v -0.001451 0.862486 -1.120836
v -0.001451 0.862486 -1.247124
v 0.495063 0.862486 -1.247124
v 0.495063 0.862486 -1.120836
v 0.743320 0.862486 -1.247124
v 0.743320 0.862486 -1.120836
v -0.497966 0.862486 -1.120836
v -0.497966 0.862486 -1.247124
v -0.249709 0.862486 -1.247124
v -0.249709 0.862486 -1.120836
v -0.746223 0.862486 -1.120836
v -0.746223 0.862486 -1.247124
v 0.246806 0.862486 -1.120836
v 0.246806 0.862486 -1.247124
v 0.619192 0.862486 -1.120836
v 0.619192 0.862486 -1.247124
v 0.122677 0.862486 -1.120836
v 0.122677 0.862486 -1.247124
v -0.622094 0.862486 -1.247124
v -0.622094 0.862486 -1.120836
v 0.991577 0.697952 -1.210030
v -0.994480 0.697952 -1.210030
v -0.994480 0.697952 -1.121692
v -0.001451 0.697952 -1.121692
v -0.001451 0.697952 -1.210030
v 0.495063 0.697952 -1.210030
v 0.495063 0.697952 -1.121692
v 0.743320 0.697952 -1.210030
v 0.743320 0.697952 -1.121692
v -0.497966 0.697952 -1.121692
v -0.497966 0.697952 -1.210030
v -0.249709 0.697952 -1.210030
v -0.249709 0.697952 -1.121692
v -0.746223 0.697952 -1.121692
v -0.746223 0.697952 -1.210030
v 0.246806 0.697952 -1.121692
v 0.246806 0.697952 -1.210030
v 0.991577 0.697952 -1.121692
v 0.619192 0.697952 -1.210030
v 0.619192 0.697952 -1.121692
v 0.122677 0.697952 -1.210030
v 0.122677 0.697952 -1.121692
v -0.622094 0.697952 -1.121692
v -0.622094 0.697952 -1.210030
v 0.991577 2.672368 -1.655162
v -0.994480 2.672368 -1.655162
v -0.994480 2.672368 -1.111420
v -0.001451 2.672368 -1.111420
v -0.001451 2.672368 -1.655162
v 0.495063 2.672368 -1.655162
v 0.495063 2.672368 -1.111420
v 0.743320 2.672368 -1.655162
v 0.743320 2.672368 -1.111420
v -0.497966 2.672368 -1.111420
v -0.497966 2.672368 -1.655162
v -0.249709 2.672368 -1.655162
v -0.249709 2.672368 -1.111420
v -0.746223 2.672368 -1.111420
v -0.746223 2.672368 -1.655162
v 0.246806 2.672368 -1.111420
v 0.246806 2.672368 -1.655162
v 0.619192 2.672368 -1.111420
v 0.619192 2.672368 -1.655162
v 0.122677 2.672368 -1.111420
v 0.122677 2.672368 -1.655162
v -0.622094 2.672368 -1.655162
v -0.622094 2.672368 -1.111420
v 0.991577 2.672368 -1.111420
v 0.991577 2.836902 -1.110564
v 0.991577 2.836902 -1.692257
v -0.994480 2.836902 -1.692257
v -0.994480 2.836902 -1.110564
v -0.001451 2.836902 -1.110564
v -0.001451 2.836902 -1.692257
v 0.495063 2.836902 -1.692257
v 0.495063 2.836902 -1.110564
v 0.743320 2.836902 -1.692257
v 0.743320 2.836902 -1.110564
v -0.497966 2.836902 -1.110564
v -0.497966 2.836902 -1.692257
v -0.249709 2.836902 -1.692257
v -0.249709 2.836902 -1.110564
v -0.746223 2.836902 -1.110564
v -0.746223 2.836902 -1.692257
v 0.246806 2.836902 -1.110564
v 0.246806 2.836902 -1.692257
v 0.619192 2.836902 -1.110564
v 0.619192 2.836902 -1.692257
v 0.122677 2.836902 -1.110564
v 0.122677 2.836902 -1.692257
v -0.622094 2.836902 -1.692257
v -0.622094 2.836902 -1.110564
v 0.991577 0.446579 -1.153358
v -0.994480 0.446579 -1.153358
v -0.994480 0.446579 -1.123000
v 0.991577 0.446579 -1.123000
v -0.001451 0.446579 -1.153358
v -0.001451 0.446579 -1.123000
v 0.495063 0.446579 -1.153358
v 0.495063 0.446579 -1.123000
v 0.743320 0.446579 -1.153358
v 0.743320 0.446579 -1.123000
v -0.497966 0.446579 -1.123000
v -0.497966 0.446579 -1.153358
v -0.249709 0.446579 -1.153358
v -0.249709 0.446579 -1.123000
v -0.746223 0.446579 -1.123000
v -0.746223 0.446579 -1.153358
v 0.246806 0.446579 -1.123000
v 0.246806 0.446579 -1.153358
v 0.619192 0.446579 -1.123000
v 0.619192 0.446579 -1.153358
v 0.122677 0.446579 -1.123000
v 0.122677 0.446579 -1.153358
v -0.622094 0.446579 -1.153358
v -0.622094 0.446579 -1.123000
v 0.991577 0.531132 -1.122560
v 0.991577 0.531132 -1.172420
v -0.994480 0.531132 -1.172420
v -0.994480 0.531132 -1.122560
v -0.001451 0.531132 -1.172420
v -0.001451 0.531132 -1.122560
v 0.495063 0.531132 -1.172420
v 0.495063 0.531132 -1.122560
v 0.743320 0.531132 -1.172420
v 0.743320 0.531132 -1.122560
v -0.497966 0.531132 -1.122560
v -0.497966 0.531132 -1.172420
v -0.249709 0.531132 -1.172420
v -0.249709 0.531132 -1.122560
v -0.746223 0.531132 -1.122560
v -0.746223 0.531132 -1.172420
v 0.246806 0.531132 -1.122560
v 0.246806 0.531132 -1.172420
v 0.619192 0.531132 -1.122560
v 0.619192 0.531132 -1.172420
v 0.122677 0.531132 -1.122560
v 0.122677 0.531132 -1.172420
v -0.622094 0.531132 -1.172420
v -0.622094 0.531132 -1.122560
v 0.991577 0.366597 -1.135326
v -0.994480 0.366597 -1.135326
v -0.994480 0.366597 -1.123416
v -0.001451 0.366597 -1.135326
v -0.001451 0.366597 -1.123416
v 0.495063 0.366597 -1.135326
v 0.495063 0.366597 -1.123416
v 0.743320 0.366597 -1.135326
v 0.743320 0.366597 -1.123416
v -0.497966 0.366597 -1.123416
v -0.497966 0.366597 -1.135326
v -0.249709 0.366597 -1.135326
v -0.249709 0.366597 -1.123416
v -0.746223 0.366597 -1.123416
v -0.746223 0.366597 -1.135326
v 0.246806 0.366597 -1.123416
v 0.246806 0.366597 -1.135326
v 0.619192 0.366597 -1.123416
v 0.619192 0.366597 -1.135326
v 0.122677 0.366597 -1.123416
v 0.122677 0.366597 -1.135326
v -0.622094 0.366597 -1.135326
v -0.622094 0.366597 -1.123416
v 0.991577 0.366597 -1.123416
v 0.113884 1.244382 -1.204998
v 0.131470 1.244382 -1.204998
v 0.131470 1.287210 -1.214654
v 0.113884 1.287210 -1.214654
v 0.122677 1.244382 -1.204998
v 0.122677 1.265796 -1.209826
v 0.131470 1.265796 -1.209826
v 0.122677 1.287210 -1.214654
v 0.113884 1.265796 -1.209826
v 0.007341 1.244382 -1.204998
v 0.007341 1.287210 -1.214654
v -0.010244 1.287210 -1.214654
v -0.010244 1.244382 -1.204998
v 0.007341 1.265796 -1.209826
v -0.001451 1.265796 -1.209826
v -0.001451 1.287210 -1.214654
v -0.010244 1.265796 -1.209826
v -0.001451 1.244382 -1.204998
v -0.010244 1.326650 -1.223545
v 0.007341 1.326650 -1.223545
v 0.007341 1.369478 -1.233201
v -0.010244 1.369477 -1.233201
v -0.001451 1.326650 -1.223545
v -0.001451 1.348064 -1.228373
v 0.007341 1.348064 -1.228373
v -0.001451 1.369478 -1.233201
v -0.010244 1.348064 -1.228373
v -0.240916 1.244382 -1.204998
v -0.240916 1.287210 -1.214654
v -0.249709 1.267927 -1.200376
v -0.240916 1.265796 -1.209826
v -0.245930 1.265276 -1.207936
v -0.247137 1.274422 -1.208856
v -0.247139 1.253548 -1.204147
v -0.240916 1.326650 -1.223545
v -0.240916 1.369478 -1.233201
v -0.249709 1.350199 -1.218902
v -0.240916 1.348064 -1.228373
v -0.245930 1.347545 -1.226479
v -0.247137 1.356700 -1.227400
v -0.247139 1.335805 -1.222685
v 0.238013 1.326650 -1.223545
v 0.246806 1.350199 -1.218902
v 0.238013 1.369477 -1.233201
v 0.244236 1.335805 -1.222685
v 0.243027 1.347544 -1.226479
v 0.244234 1.356700 -1.227400
v 0.238013 1.348064 -1.228373
v 0.238013 1.287210 -1.214654
v 0.238013 1.244382 -1.204998
v 0.246806 1.267927 -1.200376
v 0.238013 1.265796 -1.209826
v 0.243027 1.265276 -1.207936
v 0.244236 1.253548 -1.204147
v 0.244234 1.274422 -1.208856
v 0.007341 1.491184 -1.260640
v -0.001451 1.514703 -1.256130
v -0.010244 1.491184 -1.260640
v 0.003186 1.506881 -1.261322
v -0.001451 1.503772 -1.261726
v -0.006089 1.506881 -1.261322
v -0.001451 1.491184 -1.260640
v 0.007341 1.451745 -1.251748
v -0.010244 1.451745 -1.251748
v -0.010244 1.408917 -1.242093
v 0.007341 1.408917 -1.242093
v -0.001451 1.451745 -1.251748
v -0.001451 1.430331 -1.246920
v -0.010244 1.430331 -1.246920
v -0.001451 1.408917 -1.242093
v 0.007341 1.430331 -1.246920
v -0.240916 1.491184 -1.260640
v -0.249709 1.514714 -1.256084
v -0.247133 1.506946 -1.261305
v -0.240916 1.451745 -1.251748
v -0.249709 1.432461 -1.237471
v -0.240916 1.408917 -1.242093
v -0.247137 1.438956 -1.245951
v -0.245930 1.429811 -1.245030
v -0.247139 1.418083 -1.241241
v -0.240916 1.430331 -1.246920
v 0.238013 1.491184 -1.260640
v 0.246806 1.514714 -1.256084
v 0.244230 1.506946 -1.261305
v 0.238013 1.451745 -1.251748
v 0.238013 1.408917 -1.242093
v 0.246806 1.432461 -1.237471
v 0.238013 1.430331 -1.246920
v 0.243027 1.429811 -1.245030
v 0.244236 1.418082 -1.241241
v 0.244234 1.438956 -1.245951
v 0.113884 1.408917 -1.242093
v 0.131470 1.408917 -1.242093
v 0.131470 1.451745 -1.251748
v 0.113884 1.451745 -1.251748
v 0.122677 1.408917 -1.242093
v 0.122677 1.430331 -1.246920
v 0.131470 1.430331 -1.246920
v 0.122677 1.451745 -1.251748
v 0.113884 1.430331 -1.246920
v 0.113884 1.326650 -1.223545
v 0.131470 1.326650 -1.223545
v 0.131470 1.369478 -1.233201
v 0.113884 1.369477 -1.233201
v 0.122677 1.326650 -1.223545
v 0.122677 1.348063 -1.228373
v 0.131470 1.348064 -1.228373
v 0.122677 1.369478 -1.233201
v 0.113884 1.348064 -1.228373
v 0.113884 1.491184 -1.260640
v 0.131470 1.491184 -1.260640
v 0.122677 1.514703 -1.256130
v 0.122677 1.491184 -1.260640
v 0.122677 1.503772 -1.261726
v 0.127314 1.506881 -1.261322
v 0.118040 1.506881 -1.261322
v 0.007341 1.204943 -1.196106
v -0.010244 1.204943 -1.196106
v -0.001451 1.185634 -1.181941
v -0.001451 1.204943 -1.196106
v -0.001451 1.193107 -1.191687
v -0.005927 1.190423 -1.189961
v 0.003024 1.190423 -1.189961
v -0.240916 1.204943 -1.196106
v -0.249709 1.185644 -1.181896
v -0.247133 1.190420 -1.189945
v 0.238013 1.204943 -1.196106
v 0.246806 1.185644 -1.181896
v 0.244230 1.190420 -1.189945
v 0.113884 1.204943 -1.196106
v 0.122677 1.185634 -1.181941
v 0.131470 1.204943 -1.196106
v 0.118201 1.190423 -1.189961
v 0.122677 1.193107 -1.191686
v 0.127153 1.190423 -1.189961
v 0.122677 1.204943 -1.196106
vt 0.142309 0.751959
vt 0.148595 0.751959
vt 0.148595 0.737303
vt 0.142309 0.737303
vt 0.148595 0.722648
vt 0.142309 0.722648
vt 0.148595 0.707993
vt 0.142309 0.707993
vt 0.148595 0.693337
vt 0.142309 0.693337
vt 0.123450 0.722648
vt 0.136022 0.722648
vt 0.136022 0.707993
vt 0.123450 0.707993
vt 0.161167 0.722648
vt 0.161167 0.707993
vt 0.140737 0.707993
vt 0.140737 0.693337
vt 0.125278 0.711145
vt 0.126849 0.711145
vt 0.126849 0.709031
vt 0.125278 0.709031
vt 0.140737 0.737303
vt 0.140737 0.722648
vt 0.140737 0.751959
vt 0.137594 0.751959
vt 0.139165 0.751959
vt 0.139165 0.737303
vt 0.137594 0.737303
vt 0.139165 0.722648
vt 0.137594 0.722648
vt 0.139165 0.707993
vt 0.137594 0.707993
vt 0.139165 0.693337
vt 0.137594 0.693337
vt 0.136022 0.693337
vt 0.136022 0.737303
vt 0.136022 0.751959
vt 0.164629 0.701967
vt 0.174804 0.701967
vt 0.174804 0.712142
vt 0.164629 0.712142
vt 0.174804 0.722317
vt 0.164629 0.722317
vt 0.174804 0.732492
vt 0.164629 0.732492
vt 0.174804 0.742667
vt 0.164629 0.742667
vt 0.154454 0.722317
vt 0.154454 0.732492
vt 0.184979 0.722317
vt 0.184979 0.732492
vt 0.144773 0.742324
vt 0.145400 0.742324
vt 0.145400 0.743568
vt 0.144773 0.743568
vt 0.145400 0.744812
vt 0.144773 0.744812
vt 0.172773 0.726535
vt 0.183480 0.726535
vt 0.183480 0.747778
vt 0.172773 0.747778
vt 0.183480 0.769021
vt 0.172773 0.769021
vt 0.142912 0.744812
vt 0.144156 0.744812
vt 0.144156 0.746056
vt 0.142912 0.746056
vt 0.204723 0.726535
vt 0.204723 0.747778
vt 0.144773 0.746056
vt 0.144773 0.747300
vt 0.144156 0.747300
vt 0.144156 0.743568
vt 0.144156 0.742324
vt 0.144778 0.742324
vt 0.145400 0.742324
vt 0.145400 0.743568
vt 0.144778 0.743568
vt 0.145400 0.744812
vt 0.144778 0.744812
vt 0.145400 0.746056
vt 0.144778 0.746056
vt 0.145400 0.747300
vt 0.144778 0.747300
vt 0.142912 0.744812
vt 0.144156 0.744812
vt 0.144156 0.746056
vt 0.142912 0.746056
vt 0.146644 0.744812
vt 0.146644 0.746056
vt 0.144156 0.747300
vt 0.144156 0.743568
vt 0.144156 0.742324
vt 0.145361 0.742324
vt 0.145400 0.742324
vt 0.145400 0.743568
vt 0.145361 0.743568
vt 0.418196 0.735356
vt 0.418235 0.735356
vt 0.418235 0.735511
vt 0.418196 0.735511
vt 0.145361 0.744812
vt 0.145400 0.744812
vt 0.145400 0.746056
vt 0.145361 0.746056
vt 0.182817 0.766365
vt 0.183480 0.766365
vt 0.183480 0.769021
vt 0.182817 0.769021
vt 0.159582 0.726535
vt 0.162238 0.726535
vt 0.162238 0.747778
vt 0.159582 0.747778
vt 0.146489 0.744812
vt 0.146644 0.744812
vt 0.146644 0.746056
vt 0.146489 0.746056
vt 0.172195 0.766365
vt 0.172859 0.766365
vt 0.172859 0.769021
vt 0.172195 0.769021
vt 0.144739 0.744812
vt 0.144778 0.744812
vt 0.144778 0.746056
vt 0.144739 0.746056
vt 0.417574 0.735356
vt 0.417613 0.735356
vt 0.417613 0.735511
vt 0.417574 0.735511
vt 0.172195 0.684050
vt 0.172859 0.684050
vt 0.172859 0.705293
vt 0.172195 0.705293
vt 0.177506 0.766365
vt 0.178170 0.766365
vt 0.178170 0.769021
vt 0.177506 0.769021
vt 0.145050 0.744812
vt 0.145089 0.744812
vt 0.145089 0.746056
vt 0.145050 0.746056
vt 0.417885 0.735356
vt 0.417924 0.735356
vt 0.417924 0.735511
vt 0.417885 0.735511
vt 0.177506 0.684050
vt 0.178170 0.684050
vt 0.178170 0.705293
vt 0.177506 0.705293
vt 0.180161 0.766365
vt 0.180825 0.766365
vt 0.180825 0.769021
vt 0.180161 0.769021
vt 0.145206 0.744812
vt 0.145245 0.744812
vt 0.145245 0.746056
vt 0.145206 0.746056
vt 0.418040 0.735356
vt 0.418079 0.735356
vt 0.418079 0.735511
vt 0.418040 0.735511
vt 0.180161 0.684050
vt 0.180825 0.684050
vt 0.180825 0.705293
vt 0.180161 0.705293
vt 0.144428 0.742324
vt 0.144467 0.742324
vt 0.144467 0.743568
vt 0.144428 0.743568
vt 0.417263 0.735356
vt 0.417302 0.735356
vt 0.417302 0.735511
vt 0.417263 0.735511
vt 0.144428 0.744812
vt 0.144467 0.744812
vt 0.144467 0.746056
vt 0.144428 0.746056
vt 0.166884 0.766365
vt 0.167548 0.766365
vt 0.167548 0.769021
vt 0.166884 0.769021
vt 0.144272 0.747145
vt 0.144312 0.747145
vt 0.144312 0.747300
vt 0.144272 0.747300
vt 0.164211 0.726535
vt 0.164893 0.726535
vt 0.164893 0.747778
vt 0.164211 0.747778
vt 0.437045 0.714579
vt 0.437727 0.714579
vt 0.437727 0.717234
vt 0.437045 0.717234
vt 0.144272 0.742324
vt 0.144312 0.742324
vt 0.144312 0.743568
vt 0.144272 0.743568
vt 0.169540 0.684050
vt 0.170204 0.684050
vt 0.170204 0.705293
vt 0.169540 0.705293
vt 0.417418 0.735356
vt 0.417457 0.735356
vt 0.417457 0.735511
vt 0.417418 0.735511
vt 0.144584 0.744812
vt 0.144623 0.744812
vt 0.144623 0.746056
vt 0.144584 0.746056
vt 0.169540 0.766365
vt 0.170204 0.766365
vt 0.170204 0.769021
vt 0.169540 0.769021
vt 0.174850 0.684050
vt 0.175514 0.684050
vt 0.175514 0.705293
vt 0.174851 0.705293
vt 0.417729 0.735356
vt 0.417768 0.735356
vt 0.417768 0.735511
vt 0.417729 0.735511
vt 0.144895 0.744812
vt 0.144934 0.744812
vt 0.144934 0.746056
vt 0.144895 0.746056
vt 0.174851 0.766365
vt 0.175514 0.766365
vt 0.175514 0.769021
vt 0.174851 0.769021
vt 0.178834 0.684050
vt 0.179497 0.684050
vt 0.179497 0.705293
vt 0.178834 0.705293
vt 0.417962 0.735356
vt 0.418001 0.735356
vt 0.418001 0.735511
vt 0.417962 0.735511
vt 0.145128 0.744812
vt 0.145167 0.744812
vt 0.145167 0.746056
vt 0.145128 0.746056
vt 0.178834 0.766365
vt 0.179497 0.766365
vt 0.179497 0.769021
vt 0.178834 0.769021
vt 0.178834 0.755744
vt 0.179497 0.755744
vt 0.179497 0.758399
vt 0.178834 0.758399
vt 0.799311 0.840225
vt 0.799350 0.840225
vt 0.799350 0.840302
vt 0.799311 0.840302
vt 0.174851 0.755744
vt 0.175514 0.755744
vt 0.175514 0.758399
vt 0.174851 0.758399
vt 0.144895 0.744113
vt 0.144934 0.744113
vt 0.144934 0.744190
vt 0.144895 0.744190
vt 0.169540 0.755744
vt 0.170204 0.755744
vt 0.170204 0.758399
vt 0.169540 0.758399
vt 0.705632 0.244467
vt 0.705651 0.244467
vt 0.705651 0.244534
vt 0.705632 0.244534
vt 0.144272 0.744113
vt 0.144312 0.744113
vt 0.144312 0.744190
vt 0.144272 0.744190
vt 0.144272 0.746523
vt 0.144312 0.746523
vt 0.144312 0.746678
vt 0.144272 0.746678
vt 0.166884 0.755744
vt 0.167548 0.755744
vt 0.167548 0.758399
vt 0.166884 0.758399
vt 0.144428 0.744113
vt 0.144467 0.744113
vt 0.144467 0.744190
vt 0.144428 0.744190
vt 0.799388 0.840225
vt 0.799427 0.840225
vt 0.799427 0.840302
vt 0.799388 0.840302
vt 0.180161 0.755744
vt 0.180825 0.755744
vt 0.180825 0.758399
vt 0.180161 0.758399
vt 0.799233 0.840225
vt 0.799272 0.840225
vt 0.799272 0.840302
vt 0.799233 0.840302
vt 0.177506 0.755744
vt 0.178170 0.755744
vt 0.178170 0.758399
vt 0.177506 0.758399
vt 0.789621 0.852626
vt 0.789660 0.852626
vt 0.789660 0.852704
vt 0.789621 0.852704
vt 0.172195 0.755744
vt 0.172859 0.755744
vt 0.172859 0.758399
vt 0.172195 0.758399
vt 0.145867 0.744812
vt 0.146022 0.744812
vt 0.146022 0.746056
vt 0.145867 0.746056
vt 0.143456 0.744812
vt 0.143534 0.744812
vt 0.143534 0.746056
vt 0.143456 0.746056
vt 0.182817 0.755744
vt 0.183480 0.755744
vt 0.183480 0.758399
vt 0.182817 0.758399
vt 0.145361 0.744113
vt 0.145400 0.744113
vt 0.145400 0.744190
vt 0.145361 0.744190
vt 0.145361 0.743802
vt 0.145400 0.743802
vt 0.145400 0.743879
vt 0.145361 0.743879
vt 0.143145 0.744812
vt 0.143223 0.744812
vt 0.143223 0.746056
vt 0.143145 0.746056
vt 0.789621 0.852315
vt 0.789660 0.852315
vt 0.789660 0.852393
vt 0.789621 0.852393
vt 0.799233 0.839914
vt 0.799272 0.839914
vt 0.799272 0.839991
vt 0.799233 0.839991
vt 0.799388 0.839914
vt 0.799427 0.839914
vt 0.799427 0.839991
vt 0.799388 0.839991
vt 0.144428 0.743802
vt 0.144467 0.743802
vt 0.144467 0.743879
vt 0.144428 0.743879
vt 0.144272 0.743802
vt 0.144312 0.743802
vt 0.144312 0.743879
vt 0.144272 0.743879
vt 0.789465 0.852315
vt 0.789504 0.852315
vt 0.789504 0.852393
vt 0.789465 0.852393
vt 0.144895 0.743802
vt 0.144934 0.743802
vt 0.144934 0.743879
vt 0.144895 0.743879
vt 0.799311 0.839914
vt 0.799350 0.839914
vt 0.799350 0.839991
vt 0.799311 0.839991
vt 0.178834 0.761055
vt 0.179497 0.761055
vt 0.179497 0.763710
vt 0.178834 0.763710
vt 0.174851 0.761055
vt 0.175514 0.761055
vt 0.175514 0.763710
vt 0.174851 0.763710
vt 0.169540 0.761055
vt 0.170204 0.761055
vt 0.170204 0.763710
vt 0.169540 0.763710
vt 0.144272 0.746834
vt 0.144312 0.746834
vt 0.144312 0.746989
vt 0.144272 0.746989
vt 0.166884 0.761055
vt 0.167548 0.761055
vt 0.167548 0.763710
vt 0.166884 0.763710
vt 0.180161 0.761055
vt 0.180825 0.761055
vt 0.180825 0.763710
vt 0.180161 0.763710
vt 0.177506 0.761055
vt 0.178170 0.761055
vt 0.178170 0.763710
vt 0.177506 0.763710
vt 0.172195 0.761055
vt 0.172859 0.761055
vt 0.172859 0.763710
vt 0.172195 0.763710
vt 0.146178 0.744812
vt 0.146333 0.744812
vt 0.146333 0.746056
vt 0.146178 0.746056
vt 0.182817 0.761055
vt 0.183480 0.761055
vt 0.183480 0.763710
vt 0.182817 0.763710
vt 0.489271 0.698613
vt 0.489310 0.698613
vt 0.489310 0.698768
vt 0.489271 0.698768
vt 0.470404 0.717215
vt 0.470412 0.717215
vt 0.470412 0.717245
vt 0.470404 0.717245
vt 0.408117 0.707914
vt 0.408156 0.707914
vt 0.408156 0.708069
vt 0.408117 0.708069
vt 0.433334 0.714271
vt 0.433374 0.714271
vt 0.433374 0.714427
vt 0.433334 0.714427
vt 0.516475 0.726516
vt 0.516514 0.726516
vt 0.516514 0.726672
vt 0.516475 0.726672
vt 0.449044 0.700163
vt 0.449083 0.700163
vt 0.449083 0.700318
vt 0.449044 0.700318
vt 0.408584 0.707914
vt 0.408622 0.707914
vt 0.408622 0.708069
vt 0.408584 0.708069
vt 0.408273 0.707914
vt 0.408311 0.707914
vt 0.408311 0.708069
vt 0.408273 0.708069
vt 0.142912 0.744812
vt 0.143068 0.744812
vt 0.143068 0.746056
vt 0.142912 0.746056
vt 0.408895 0.707914
vt 0.408933 0.707914
vt 0.408933 0.708069
vt 0.408895 0.708069
vt 0.178834 0.765038
vt 0.179497 0.765038
vt 0.174851 0.765038
vt 0.175514 0.765038
vt 0.169540 0.765038
vt 0.170204 0.765038
vt 0.144272 0.747067
vt 0.144312 0.747067
vt 0.166884 0.765038
vt 0.167548 0.765038
vt 0.180161 0.765038
vt 0.180825 0.765038
vt 0.177506 0.765038
vt 0.178170 0.765038
vt 0.172195 0.765038
vt 0.172859 0.765038
vt 0.146411 0.744812
vt 0.146411 0.746056
vt 0.182817 0.765038
vt 0.183480 0.765038
vt 0.145361 0.746290
vt 0.145400 0.746290
vt 0.145400 0.746367
vt 0.145361 0.746367
vt 0.145633 0.744812
vt 0.145711 0.744812
vt 0.145711 0.746056
vt 0.145633 0.746056
vt 0.172195 0.751761
vt 0.172859 0.751761
vt 0.172859 0.753089
vt 0.172195 0.753089
vt 0.177506 0.751761
vt 0.178170 0.751761
vt 0.178170 0.753089
vt 0.177506 0.753089
vt 0.180161 0.751761
vt 0.180825 0.751761
vt 0.180825 0.753089
vt 0.180161 0.753089
vt 0.166884 0.751761
vt 0.167548 0.751761
vt 0.167548 0.753089
vt 0.166884 0.753089
vt 0.164211 0.751761
vt 0.164893 0.751761
vt 0.164893 0.753089
vt 0.164211 0.753089
vt 0.169540 0.751761
vt 0.170204 0.751761
vt 0.170204 0.753089
vt 0.169540 0.753089
vt 0.174851 0.751761
vt 0.175514 0.751761
vt 0.175514 0.753089
vt 0.174851 0.753089
vt 0.178834 0.751761
vt 0.179497 0.751761
vt 0.179497 0.753089
vt 0.178834 0.753089
vt 0.799311 0.840458
vt 0.799350 0.840458
vt 0.799350 0.840613
vt 0.799311 0.840614
vt 0.144895 0.744346
vt 0.144934 0.744346
vt 0.144934 0.744501
vt 0.144895 0.744501
vt 0.789465 0.852860
vt 0.789504 0.852860
vt 0.789504 0.853015
vt 0.789465 0.853015
vt 0.164211 0.718569
vt 0.164893 0.718569
vt 0.164893 0.721225
vt 0.164211 0.721225
vt 0.144428 0.744346
vt 0.144467 0.744346
vt 0.144467 0.744501
vt 0.144428 0.744501
vt 0.799388 0.840458
vt 0.799427 0.840458
vt 0.799427 0.840613
vt 0.799388 0.840613
vt 0.799233 0.840458
vt 0.799272 0.840458
vt 0.799272 0.840613
vt 0.799233 0.840614
vt 0.789621 0.852860
vt 0.789660 0.852860
vt 0.789660 0.853015
vt 0.789621 0.853015
vt 0.154272 0.726535
vt 0.156927 0.726535
vt 0.156927 0.747778
vt 0.154272 0.747778
vt 0.145361 0.744346
vt 0.145400 0.744346
vt 0.145400 0.744501
vt 0.145361 0.744501
vt 0.143690 0.744812
vt 0.143690 0.746056
vt 0.144312 0.744346
vt 0.144272 0.744346
vt 0.705594 0.244467
vt 0.705612 0.244467
vt 0.705612 0.244534
vt 0.705594 0.244534
vt 0.182817 0.753089
vt 0.183480 0.753089
vt 0.164893 0.755744
vt 0.164211 0.755744
vt 0.178834 0.747778
vt 0.179497 0.747778
vt 0.179497 0.750433
vt 0.178834 0.750433
vt 0.174850 0.747778
vt 0.175514 0.747778
vt 0.175514 0.750433
vt 0.174851 0.750433
vt 0.169540 0.747778
vt 0.170204 0.747778
vt 0.170204 0.750433
vt 0.169540 0.750433
vt 0.164893 0.750433
vt 0.164211 0.750434
vt 0.166884 0.747778
vt 0.167548 0.747778
vt 0.167548 0.750433
vt 0.166884 0.750433
vt 0.145245 0.746212
vt 0.145206 0.746212
vt 0.177506 0.747778
vt 0.178170 0.747778
vt 0.178170 0.750433
vt 0.177506 0.750433
vt 0.172195 0.747778
vt 0.172859 0.747778
vt 0.172859 0.750433
vt 0.172195 0.750433
vt 0.145556 0.744812
vt 0.145556 0.746056
vt 0.145400 0.746212
vt 0.145361 0.746212
vt 0.799311 0.840691
vt 0.799350 0.840691
vt 0.799350 0.840769
vt 0.799311 0.840769
vt 0.144895 0.744579
vt 0.144934 0.744579
vt 0.144934 0.744657
vt 0.144895 0.744657
vt 0.789465 0.853093
vt 0.789504 0.853093
vt 0.789504 0.853171
vt 0.789465 0.853171
vt 0.164211 0.722552
vt 0.164893 0.722552
vt 0.164893 0.723880
vt 0.164211 0.723880
vt 0.144428 0.744579
vt 0.144467 0.744579
vt 0.144467 0.744657
vt 0.144428 0.744657
vt 0.799388 0.840691
vt 0.799427 0.840691
vt 0.799427 0.840769
vt 0.799388 0.840769
vt 0.799233 0.840691
vt 0.799272 0.840691
vt 0.799272 0.840769
vt 0.799233 0.840769
vt 0.789621 0.853093
vt 0.789660 0.853093
vt 0.789660 0.853171
vt 0.789621 0.853171
vt 0.158255 0.726535
vt 0.158255 0.747778
vt 0.145361 0.744579
vt 0.145400 0.744579
vt 0.145400 0.744657
vt 0.145361 0.744657
vt 0.182817 0.759727
vt 0.183480 0.759727
vt 0.146100 0.744812
vt 0.146100 0.746056
vt 0.172195 0.759727
vt 0.172859 0.759727
vt 0.177506 0.759727
vt 0.178170 0.759727
vt 0.180161 0.759727
vt 0.180825 0.759727
vt 0.166884 0.759727
vt 0.167548 0.759727
vt 0.144272 0.746756
vt 0.144312 0.746756
vt 0.169540 0.759727
vt 0.170204 0.759727
vt 0.174851 0.759727
vt 0.175514 0.759727
vt 0.178834 0.759727
vt 0.179497 0.759727
vt 0.145400 0.744035
vt 0.145361 0.744035
vt 0.143379 0.744812
vt 0.143379 0.746056
vt 0.789660 0.852549
vt 0.789621 0.852549
vt 0.799272 0.840147
vt 0.799233 0.840147
vt 0.799427 0.840147
vt 0.799388 0.840147
vt 0.144467 0.744035
vt 0.144428 0.744035
vt 0.144312 0.744035
vt 0.144272 0.744035
vt 0.789504 0.852549
vt 0.789465 0.852549
vt 0.144934 0.744035
vt 0.144895 0.744035
vt 0.799350 0.840147
vt 0.799311 0.840147
vt 0.799155 0.839991
vt 0.799194 0.839991
vt 0.799194 0.840147
vt 0.799155 0.840147
vt 0.176178 0.759727
vt 0.176842 0.759727
vt 0.176842 0.761055
vt 0.176178 0.761055
vt 0.799155 0.840691
vt 0.799194 0.840691
vt 0.799194 0.840769
vt 0.799155 0.840769
vt 0.176178 0.747778
vt 0.176842 0.747778
vt 0.176842 0.750433
vt 0.176178 0.750433
vt 0.176178 0.753089
vt 0.176842 0.753089
vt 0.176842 0.755744
vt 0.176178 0.755744
vt 0.799155 0.840302
vt 0.799194 0.840302
vt 0.799194 0.840458
vt 0.799155 0.840458
vt 0.799194 0.840613
vt 0.799155 0.840613
vt 0.176178 0.751761
vt 0.176842 0.751761
vt 0.176178 0.765038
vt 0.176842 0.765038
vt 0.176842 0.766365
vt 0.176178 0.766365
vt 0.482954 0.716784
vt 0.482961 0.716784
vt 0.482961 0.716814
vt 0.482954 0.716814
vt 0.176842 0.763710
vt 0.176178 0.763710
vt 0.799155 0.839914
vt 0.799194 0.839914
vt 0.176842 0.758399
vt 0.176178 0.758399
vt 0.799155 0.840225
vt 0.799194 0.840225
vt 0.176178 0.684050
vt 0.176842 0.684050
vt 0.176842 0.705293
vt 0.176178 0.705293
vt 0.417807 0.735356
vt 0.417846 0.735356
vt 0.417846 0.735511
vt 0.417807 0.735511
vt 0.144972 0.744812
vt 0.145011 0.744812
vt 0.145011 0.746056
vt 0.144972 0.746056
vt 0.176842 0.769021
vt 0.176178 0.769021
vt 0.789699 0.852393
vt 0.789737 0.852393
vt 0.789737 0.852549
vt 0.789699 0.852549
vt 0.173523 0.759727
vt 0.174187 0.759727
vt 0.174187 0.761055
vt 0.173523 0.761055
vt 0.789699 0.853093
vt 0.789737 0.853093
vt 0.789737 0.853171
vt 0.789699 0.853171
vt 0.173523 0.747778
vt 0.174187 0.747778
vt 0.174187 0.750433
vt 0.173523 0.750433
vt 0.173523 0.753089
vt 0.174187 0.753089
vt 0.174187 0.755744
vt 0.173523 0.755744
vt 0.789699 0.852704
vt 0.789737 0.852704
vt 0.789737 0.852860
vt 0.789699 0.852860
vt 0.789737 0.853015
vt 0.789699 0.853015
vt 0.173523 0.751761
vt 0.174187 0.751761
vt 0.173523 0.765038
vt 0.174187 0.765038
vt 0.174187 0.766365
vt 0.173523 0.766365
vt 0.408350 0.707914
vt 0.408389 0.707914
vt 0.408389 0.708069
vt 0.408350 0.708069
vt 0.174187 0.763710
vt 0.173523 0.763710
vt 0.789699 0.852315
vt 0.789737 0.852315
vt 0.789699 0.852626
vt 0.789737 0.852626
vt 0.174187 0.758399
vt 0.173523 0.758399
vt 0.174187 0.769021
vt 0.173523 0.769021
vt 0.144817 0.744812
vt 0.144856 0.744812
vt 0.144856 0.746056
vt 0.144817 0.746056
vt 0.417651 0.735356
vt 0.417690 0.735356
vt 0.417690 0.735511
vt 0.417651 0.735511
vt 0.173523 0.684050
vt 0.174187 0.684050
vt 0.174187 0.705293
vt 0.173523 0.705293
vt 0.789543 0.852393
vt 0.789582 0.852393
vt 0.789582 0.852549
vt 0.789543 0.852549
vt 0.170867 0.759727
vt 0.171531 0.759727
vt 0.171531 0.761055
vt 0.170867 0.761055
vt 0.789543 0.853093
vt 0.789582 0.853093
vt 0.789582 0.853171
vt 0.789543 0.853171
vt 0.170867 0.747778
vt 0.171531 0.747778
vt 0.171531 0.750433
vt 0.170867 0.750433
vt 0.170867 0.753089
vt 0.171531 0.753089
vt 0.171531 0.755744
vt 0.170867 0.755744
vt 0.742866 0.591861
vt 0.742866 0.592017
vt 0.742866 0.592017
vt 0.742866 0.591861
vt 0.789543 0.852860
vt 0.789582 0.852860
vt 0.789582 0.853015
vt 0.789543 0.853015
vt 0.170867 0.751761
vt 0.171531 0.751761
vt 0.170867 0.765038
vt 0.171531 0.765038
vt 0.171531 0.766365
vt 0.170867 0.766365
vt 0.465552 0.704813
vt 0.465591 0.704813
vt 0.465591 0.704969
vt 0.465552 0.704969
vt 0.171531 0.763710
vt 0.170867 0.763710
vt 0.789543 0.852315
vt 0.789582 0.852315
vt 0.171531 0.758399
vt 0.170867 0.758399
vt 0.742827 0.592017
vt 0.742788 0.592017
vt 0.742788 0.592017
vt 0.742827 0.592017
vt 0.170867 0.684050
vt 0.171531 0.684050
vt 0.171531 0.705293
vt 0.170867 0.705293
vt 0.417496 0.735356
vt 0.417535 0.735356
vt 0.417535 0.735511
vt 0.417496 0.735511
vt 0.144661 0.744812
vt 0.144700 0.744812
vt 0.144700 0.746056
vt 0.144661 0.746056
vt 0.171531 0.769021
vt 0.170867 0.769021
vt 0.789388 0.852393
vt 0.789426 0.852393
vt 0.789426 0.852549
vt 0.789388 0.852549
vt 0.168212 0.759727
vt 0.168876 0.759727
vt 0.168876 0.761055
vt 0.168212 0.761055
vt 0.789388 0.853093
vt 0.789426 0.853093
vt 0.789426 0.853171
vt 0.789388 0.853171
vt 0.168212 0.747778
vt 0.168876 0.747778
vt 0.168876 0.750433
vt 0.168212 0.750433
vt 0.168212 0.753089
vt 0.168876 0.753089
vt 0.168876 0.755744
vt 0.168212 0.755744
vt 0.789388 0.852704
vt 0.789426 0.852704
vt 0.789426 0.852860
vt 0.789388 0.852860
vt 0.789426 0.853015
vt 0.789388 0.853015
vt 0.168212 0.751761
vt 0.168876 0.751761
vt 0.168212 0.765038
vt 0.168876 0.765038
vt 0.168876 0.766365
vt 0.168212 0.766365
vt 0.483999 0.711014
vt 0.484038 0.711014
vt 0.484038 0.711170
vt 0.483999 0.711170
vt 0.168876 0.763710
vt 0.168212 0.763710
vt 0.789388 0.852315
vt 0.789426 0.852315
vt 0.789388 0.852626
vt 0.789426 0.852626
vt 0.168876 0.758399
vt 0.168212 0.758399
vt 0.168876 0.769021
vt 0.168212 0.769021
vt 0.144506 0.744812
vt 0.144545 0.744812
vt 0.144545 0.746056
vt 0.144506 0.746056
vt 0.417340 0.735356
vt 0.417379 0.735356
vt 0.417379 0.735511
vt 0.417340 0.735511
vt 0.168212 0.684050
vt 0.168876 0.684050
vt 0.168876 0.705293
vt 0.168212 0.705293
vt 0.144350 0.743879
vt 0.144389 0.743879
vt 0.144389 0.744035
vt 0.144350 0.744035
vt 0.165557 0.759727
vt 0.166221 0.759727
vt 0.166221 0.761055
vt 0.165557 0.761055
vt 0.144350 0.744579
vt 0.144389 0.744579
vt 0.144389 0.744657
vt 0.144350 0.744657
vt 0.165557 0.747778
vt 0.166221 0.747778
vt 0.166221 0.750433
vt 0.165557 0.750433
vt 0.165557 0.753089
vt 0.166221 0.753089
vt 0.166221 0.755744
vt 0.165557 0.755744
vt 0.144350 0.744190
vt 0.144389 0.744190
vt 0.144389 0.744346
vt 0.144350 0.744346
vt 0.144389 0.744501
vt 0.144350 0.744501
vt 0.165557 0.751761
vt 0.166221 0.751761
vt 0.144350 0.747067
vt 0.144389 0.747067
vt 0.144389 0.747145
vt 0.144350 0.747145
vt 0.407884 0.707914
vt 0.407923 0.707914
vt 0.407923 0.708069
vt 0.407884 0.708069
vt 0.144350 0.746834
vt 0.144389 0.746834
vt 0.144389 0.746989
vt 0.144350 0.746989
vt 0.144350 0.743802
vt 0.144389 0.743802
vt 0.144350 0.744113
vt 0.144389 0.744113
vt 0.166221 0.758399
vt 0.165557 0.758399
vt 0.144389 0.747300
vt 0.144350 0.747300
vt 0.144350 0.744812
vt 0.144389 0.744812
vt 0.144389 0.746056
vt 0.144350 0.746056
vt 0.417185 0.735356
vt 0.417224 0.735356
vt 0.417224 0.735511
vt 0.417185 0.735511
vt 0.144350 0.742324
vt 0.144389 0.742324
vt 0.144389 0.743568
vt 0.144350 0.743568
vt 0.144350 0.743724
vt 0.144389 0.743724
vt 0.789388 0.852238
vt 0.789426 0.852238
vt 0.789543 0.852238
vt 0.789582 0.852238
vt 0.789699 0.852238
vt 0.789737 0.852238
vt 0.799155 0.839836
vt 0.799194 0.839836
vt 0.799311 0.839836
vt 0.799350 0.839836
vt 0.144895 0.743724
vt 0.144934 0.743724
vt 0.789465 0.852238
vt 0.789504 0.852238
vt 0.144272 0.743724
vt 0.144312 0.743724
vt 0.144428 0.743724
vt 0.144467 0.743724
vt 0.799388 0.839836
vt 0.799427 0.839836
vt 0.799233 0.839836
vt 0.799272 0.839836
vt 0.789621 0.852238
vt 0.789660 0.852238
vt 0.145361 0.743724
vt 0.145400 0.743724
vt 0.742788 0.591706
vt 0.742827 0.591706
vt 0.742827 0.591706
vt 0.742788 0.591706
vt 0.742866 0.591706
vt 0.742866 0.591783
vt 0.742866 0.591783
vt 0.742866 0.591706
vt 0.789349 0.852549
vt 0.789349 0.852626
vt 0.789349 0.852238
vt 0.789349 0.852315
vt 0.144506 0.742324
vt 0.144506 0.743568
vt 0.814152 0.856271
vt 0.814191 0.856271
vt 0.814191 0.856426
vt 0.814152 0.856426
vt 0.789349 0.852704
vt 0.789349 0.852393
vt 0.811051 0.866034
vt 0.811090 0.866034
vt 0.811090 0.866189
vt 0.811051 0.866189
vt 0.789349 0.852860
vt 0.789349 0.853015
vt 0.789349 0.853093
vt 0.789349 0.853171
vt 0.180161 0.750433
vt 0.180825 0.750433
vt 0.774158 0.862472
vt 0.774197 0.862472
vt 0.774197 0.862627
vt 0.774158 0.862627
vt 0.781909 0.855183
vt 0.781948 0.855183
vt 0.781948 0.855338
vt 0.781909 0.855338
vt 0.799116 0.840613
vt 0.799116 0.840691
vt 0.799116 0.840147
vt 0.799116 0.840225
vt 0.799116 0.839836
vt 0.799116 0.839914
vt 0.799116 0.862472
vt 0.799155 0.862472
vt 0.799155 0.862627
vt 0.799116 0.862627
vt 0.799116 0.840302
vt 0.799116 0.839991
vt 0.811455 0.867584
vt 0.811462 0.867584
vt 0.811462 0.867614
vt 0.811455 0.867614
vt 0.799116 0.840458
vt 0.799116 0.840769
vt 0.180161 0.747778
vt 0.800900 0.847432
vt 0.800939 0.847432
vt 0.800939 0.847587
vt 0.800900 0.847587
vt 0.780747 0.831468
vt 0.780786 0.831468
vt 0.780786 0.831623
vt 0.780747 0.831623
vt 0.145283 0.746212
vt 0.145322 0.746212
vt 0.145322 0.746290
vt 0.145283 0.746290
vt 0.145283 0.744501
vt 0.145322 0.744501
vt 0.145322 0.744579
vt 0.145283 0.744579
vt 0.145283 0.744035
vt 0.145322 0.744035
vt 0.145322 0.744113
vt 0.145283 0.744113
vt 0.181489 0.758399
vt 0.182153 0.758399
vt 0.182153 0.759727
vt 0.181489 0.759727
vt 0.145283 0.743724
vt 0.145322 0.743724
vt 0.145322 0.743802
vt 0.145283 0.743802
vt 0.181489 0.763710
vt 0.182153 0.763710
vt 0.182153 0.765038
vt 0.181489 0.765038
vt 0.145283 0.743879
vt 0.145322 0.743879
vt 0.182153 0.761055
vt 0.181489 0.761055
vt 0.145322 0.744657
vt 0.145283 0.744657
vt 0.145283 0.746056
vt 0.145322 0.746056
vt 0.181489 0.753089
vt 0.182153 0.753089
vt 0.182153 0.755744
vt 0.181489 0.755744
vt 0.145283 0.744190
vt 0.145322 0.744190
vt 0.145322 0.744346
vt 0.145283 0.744346
vt 0.145322 0.746367
vt 0.145283 0.746367
vt 0.182153 0.766365
vt 0.181489 0.766365
vt 0.408817 0.707914
vt 0.408856 0.707914
vt 0.408856 0.708069
vt 0.408817 0.708069
vt 0.182153 0.769021
vt 0.181489 0.769021
vt 0.145283 0.744812
vt 0.145322 0.744812
vt 0.418118 0.735356
vt 0.418157 0.735356
vt 0.418157 0.735511
vt 0.418118 0.735511
vt 0.145283 0.742324
vt 0.145322 0.742324
vt 0.145322 0.743568
vt 0.145283 0.743568
vt 0.794621 0.875335
vt 0.794660 0.875335
vt 0.794660 0.875491
vt 0.794621 0.875491
vt 0.783770 0.850070
vt 0.783809 0.850070
vt 0.783809 0.850226
vt 0.783770 0.850226
vt 0.789893 0.842781
vt 0.789932 0.842781
vt 0.789932 0.842936
vt 0.789893 0.842936
vt 0.817796 0.868673
vt 0.817835 0.868672
vt 0.817835 0.868828
vt 0.817796 0.868828
vt 0.144856 0.744501
vt 0.144856 0.744579
vt 0.144856 0.744035
vt 0.144856 0.744113
vt 0.144856 0.743724
vt 0.144856 0.743802
vt 0.144856 0.743879
vt 0.144856 0.744657
vt 0.144856 0.744190
vt 0.144856 0.744346
vt 0.764934 0.848982
vt 0.764942 0.848982
vt 0.764942 0.849011
vt 0.764934 0.849011
vt 0.789737 0.846970
vt 0.789776 0.846970
vt 0.789776 0.847125
vt 0.789737 0.847125
vt 0.705632 0.244545
vt 0.705651 0.244545
vt 0.705651 0.244612
vt 0.705632 0.244612
vt 0.780281 0.852082
vt 0.780320 0.852082
vt 0.780320 0.852238
vt 0.780281 0.852238
vt 0.742710 0.591783
vt 0.742710 0.591706
vt 0.742710 0.591706
vt 0.742710 0.591783
vt 0.786481 0.877974
vt 0.786520 0.877974
vt 0.786520 0.878129
vt 0.786481 0.878129
vt 0.742749 0.591706
vt 0.742749 0.591706
vt 0.774002 0.865572
vt 0.774041 0.865572
vt 0.774041 0.865728
vt 0.774002 0.865728
vt 0.742710 0.592017
vt 0.742710 0.591861
vt 0.742710 0.591861
vt 0.742710 0.592017
vt 0.805006 0.861383
vt 0.805045 0.861383
vt 0.805045 0.861539
vt 0.805006 0.861539
vt 0.742749 0.592017
vt 0.742749 0.592017
vt 0.789465 0.852626
vt 0.789465 0.852704
vt 0.789426 0.852082
vt 0.789465 0.852082
vt 0.780125 0.871773
vt 0.780164 0.871773
vt 0.780164 0.871928
vt 0.780125 0.871928
vt 0.166221 0.763710
vt 0.166221 0.765038
vt 0.166221 0.766365
vt 0.783070 0.848982
vt 0.783109 0.848982
vt 0.783109 0.849137
vt 0.783070 0.849137
vt 0.166221 0.769021
vt 0.792371 0.850070
vt 0.792410 0.850070
vt 0.792410 0.850226
vt 0.792371 0.850226
vt 0.144312 0.744501
vt 0.144312 0.744579
vt 0.164893 0.758399
vt 0.164893 0.759727
vt 0.745788 0.881074
vt 0.745827 0.881074
vt 0.745827 0.881230
vt 0.745788 0.881230
vt 0.144312 0.744812
vt 0.144312 0.746056
vt 0.796944 0.838130
vt 0.796983 0.838130
vt 0.796983 0.838286
vt 0.796944 0.838286
vt 0.144312 0.744657
vt 0.164893 0.761055
vt 0.145245 0.742324
vt 0.145245 0.743568
vt 0.821130 0.843869
vt 0.821169 0.843869
vt 0.821169 0.844025
vt 0.821130 0.844025
vt 0.145245 0.744113
vt 0.145245 0.744190
vt 0.145245 0.743802
vt 0.145245 0.743879
vt 0.774624 0.852082
vt 0.774663 0.852082
vt 0.774663 0.852238
vt 0.774624 0.852238
vt 0.145245 0.746290
vt 0.145245 0.746367
vt 0.145245 0.744346
vt 0.145245 0.744501
vt 0.145245 0.744579
vt 0.145245 0.744657
vt 0.145245 0.744035
vt 0.145245 0.743724
vt 0.796405 0.862934
vt 0.796444 0.862934
vt 0.796444 0.863089
vt 0.796405 0.863089
vt 0.808806 0.831468
vt 0.808845 0.831468
vt 0.808845 0.831623
vt 0.808806 0.831623
vt 0.162883 0.750433
vt 0.163528 0.750433
vt 0.163528 0.751761
vt 0.162883 0.751761
vt 0.162883 0.721225
vt 0.163528 0.721225
vt 0.163528 0.722552
vt 0.162883 0.722552
vt 0.144194 0.744035
vt 0.144232 0.744035
vt 0.144232 0.744113
vt 0.144194 0.744113
vt 0.144194 0.746678
vt 0.144232 0.746678
vt 0.144232 0.746756
vt 0.144194 0.746756
vt 0.144194 0.743724
vt 0.144232 0.743724
vt 0.144232 0.743802
vt 0.144194 0.743802
vt 0.144194 0.746989
vt 0.144232 0.746989
vt 0.144232 0.747067
vt 0.144194 0.747067
vt 0.144194 0.743879
vt 0.144232 0.743879
vt 0.144232 0.746834
vt 0.144194 0.746834
vt 0.163528 0.723880
vt 0.162883 0.723880
vt 0.162883 0.747778
vt 0.163528 0.747778
vt 0.162883 0.753089
vt 0.163528 0.753089
vt 0.163528 0.755744
vt 0.162883 0.755744
vt 0.144194 0.744190
vt 0.144232 0.744190
vt 0.144232 0.744346
vt 0.144194 0.744346
vt 0.162883 0.718569
vt 0.163528 0.718569
vt 0.144232 0.747145
vt 0.144194 0.747145
vt 0.433256 0.714271
vt 0.433294 0.714271
vt 0.433294 0.714427
vt 0.433256 0.714427
vt 0.144194 0.746523
vt 0.144232 0.746523
vt 0.144194 0.742324
vt 0.144232 0.742324
vt 0.144232 0.743568
vt 0.144194 0.743568
vt 0.435718 0.714579
vt 0.436363 0.714579
vt 0.436363 0.717234
vt 0.435718 0.717234
vt 0.436363 0.738477
vt 0.435718 0.738477
vt 0.144232 0.747300
vt 0.144194 0.747300
vt 0.808294 0.841225
vt 0.808334 0.841225
vt 0.808334 0.841380
vt 0.808294 0.841380
vt 0.786707 0.847896
vt 0.787390 0.847896
vt 0.787390 0.850551
vt 0.786707 0.850551
vt 0.437045 0.738477
vt 0.144156 0.747145
vt 0.144156 0.747300
vt 0.162883 0.726535
vt 0.162238 0.723880
vt 0.144156 0.742324
vt 0.144156 0.743568
vt 0.144156 0.744113
vt 0.144156 0.744190
vt 0.144156 0.746523
vt 0.144156 0.746678
vt 0.144156 0.743802
vt 0.144156 0.743879
vt 0.144156 0.746834
vt 0.144156 0.746989
vt 0.144156 0.743724
vt 0.144156 0.747067
vt 0.162238 0.751761
vt 0.162238 0.753089
vt 0.162238 0.718569
vt 0.162238 0.721225
vt 0.144156 0.744346
vt 0.162238 0.755744
vt 0.162238 0.750433
vt 0.162238 0.722552
vt 0.144156 0.746756
vt 0.144156 0.744035
vt 0.705555 0.244467
vt 0.705573 0.244467
vt 0.705573 0.244534
vt 0.705555 0.244534
vt 0.705594 0.244545
vt 0.705612 0.244545
vt 0.705612 0.244612
vt 0.705594 0.244612
vt 0.705594 0.244623
vt 0.705612 0.244623
vt 0.705612 0.244767
vt 0.705594 0.244767
vt 0.705516 0.244545
vt 0.705534 0.244545
vt 0.705534 0.244612
vt 0.705516 0.244612
vt 0.705632 0.244623
vt 0.705651 0.244623
vt 0.705651 0.244767
vt 0.705632 0.244767
vt 0.705555 0.244623
vt 0.705573 0.244623
vt 0.705573 0.244767
vt 0.705555 0.244767
vt 0.705516 0.244467
vt 0.705535 0.244467
vt 0.705535 0.244534
vt 0.705516 0.244534
vt 0.705516 0.244623
vt 0.705534 0.244623
vt 0.705534 0.244767
vt 0.705516 0.244767
vt 0.705534 0.244539
vt 0.705545 0.244539
vt 0.705545 0.244545
vt 0.705545 0.244534
vt 0.705555 0.244539
vt 0.705555 0.244545
vt 0.705545 0.244612
vt 0.705545 0.244617
vt 0.705535 0.244617
vt 0.705555 0.244612
vt 0.705555 0.244617
vt 0.705545 0.244623
vt 0.705573 0.244617
vt 0.705583 0.244617
vt 0.705583 0.244623
vt 0.705573 0.244612
vt 0.705583 0.244612
vt 0.705594 0.244617
vt 0.705545 0.244767
vt 0.705545 0.244770
vt 0.705537 0.244773
vt 0.705547 0.244773
vt 0.742742 0.592017
vt 0.742748 0.592017
vt 0.742751 0.592017
vt 0.705583 0.244767
vt 0.705583 0.244770
vt 0.705576 0.244773
vt 0.705586 0.244773
vt 0.742781 0.592017
vt 0.742787 0.592017
vt 0.742790 0.592017
vt 0.705576 0.244462
vt 0.705582 0.244462
vt 0.705583 0.244467
vt 0.742790 0.591706
vt 0.742788 0.591706
vt 0.742780 0.591706
vt 0.705586 0.244462
vt 0.705545 0.244467
vt 0.705545 0.244464
vt 0.705547 0.244462
vt 0.705537 0.244462
vt 0.742752 0.591706
vt 0.742749 0.591706
vt 0.742742 0.591706
vt 0.705661 0.244614
vt 0.705661 0.244617
vt 0.705651 0.244617
vt 0.742866 0.591864
vt 0.742866 0.591861
vt 0.742866 0.591858
vt 0.705661 0.244620
vt 0.705632 0.244617
vt 0.705622 0.244617
vt 0.705622 0.244612
vt 0.705622 0.244623
vt 0.705612 0.244617
vt 0.705625 0.244773
vt 0.705622 0.244773
vt 0.705622 0.244767
vt 0.742819 0.592017
vt 0.742826 0.592017
vt 0.742829 0.592017
vt 0.705615 0.244773
vt 0.705622 0.244467
vt 0.705622 0.244464
vt 0.705625 0.244462
vt 0.705615 0.244462
vt 0.742829 0.591706
vt 0.742827 0.591706
vt 0.742819 0.591706
vt 0.705612 0.244539
vt 0.705622 0.244539
vt 0.705622 0.244545
vt 0.705622 0.244534
vt 0.705632 0.244539
vt 0.705573 0.244545
vt 0.705573 0.244539
vt 0.705583 0.244539
vt 0.705583 0.244545
vt 0.705583 0.244534
vt 0.705594 0.244539
vt 0.705651 0.244539
vt 0.705656 0.244539
vt 0.705661 0.244542
vt 0.705661 0.244536
vt 0.742866 0.591786
vt 0.742866 0.591783
vt 0.742866 0.591780
vt 0.705516 0.244617
vt 0.705509 0.244617
vt 0.705506 0.244614
vt 0.705506 0.244620
vt 0.742710 0.591858
vt 0.742710 0.591861
vt 0.742710 0.591864
vt 0.705506 0.244542
vt 0.705506 0.244539
vt 0.705516 0.244539
vt 0.742710 0.591781
vt 0.742710 0.591783
vt 0.742710 0.591786
vt 0.705506 0.244537
vt 0.742861 0.592017
vt 0.705657 0.244773
vt 0.705657 0.244462
vt 0.742861 0.591706
vt 0.742712 0.592017
vt 0.705507 0.244773
vt 0.705507 0.244462
vt 0.742712 0.591706
vn -1.0000 -0.0000 0.0000
vn 0.0000 0.0147 -0.9999
vn 1.0000 0.0000 0.0000
vn 0.0000 0.0000 1.0000
vn 0.0000 -1.0000 0.0000
vn 0.0000 1.0000 0.0000
vn 0.0000 -0.3659 -0.9307
vn 0.0000 0.0314 -0.9995
vn 0.0000 0.0046 1.0000
vn 0.0000 -0.2403 -0.9707
vn 0.0000 -0.0046 1.0000
vn 0.0000 0.2559 -0.9667
vn 0.0000 0.0000 -1.0000
vn 0.0000 0.4171 0.9089
vn 0.0000 0.0134 -0.9999
vn 0.0000 0.0541 -0.9985
vn 0.0000 0.3199 0.9475
vn 0.0000 0.4170 0.9089
vn 0.0000 0.3210 0.9471
vn 0.0000 0.2199 0.9755
vn 0.0000 0.0052 -1.0000
vn 0.0000 0.9407 0.3393
vn 0.1757 0.2165 0.9603
vn 0.4335 0.1982 0.8791
vn 0.1057 0.9156 0.3878
vn -0.8547 0.1142 0.5064
vn -0.7469 0.1462 0.6487
vn -0.3607 0.6865 0.6313
vn 0.0000 -0.4604 0.8877
vn -0.8120 -0.1067 0.5738
vn 0.4129 -0.4438 0.7953
vn 0.0000 0.8911 0.4538
vn -0.2983 0.6151 0.7298
vn 0.0838 0.8604 0.5026
vn 0.0000 -0.9755 0.2199
vn 0.0000 -0.0505 0.9987
vn -0.7015 -0.0187 0.7124
vn 0.2470 -0.1571 0.9562
vn 0.7015 -0.0187 0.7124
vn 0.7469 0.1462 0.6487
vn 0.2983 0.6151 0.7298
vn 0.8120 -0.1067 0.5738
vn 0.8547 0.1142 0.5064
vn 0.3607 0.6865 0.6313
vn 0.0000 -0.8341 0.5517
vn 0.3558 -0.3407 0.8702
vn 0.1031 -0.7792 0.6183
vn -0.3558 -0.3407 0.8702
vn -0.1031 -0.7792 0.6183
vn -0.2470 -0.1571 0.9562
vn -0.1757 0.2165 0.9603
vn -0.0838 0.8604 0.5026
vn -0.4129 -0.4438 0.7953
vn -0.4335 0.1982 0.8791
vn -0.1057 0.9156 0.3878
vn -0.2147 0.5119 0.8318
vn 0.0000 0.4488 0.8936
vn 0.6642 0.3219 0.6747
vn 0.2147 0.5119 0.8318
vn -0.6642 0.3219 0.6747
vn -0.1255 -0.8789 0.4602
vn 0.0000 -0.9184 0.3956
vn 0.4342 -0.4837 0.7599
vn 0.1255 -0.8789 0.4602
vn -0.4342 -0.4837 0.7599
vn -0.3433 0.6671 0.6612
vn 0.0000 0.6961 0.7180
vn 0.7666 0.3449 0.5417
vn 0.0000 0.6961 0.7179
vn -0.7666 0.3449 0.5417
vn 0.3433 0.6671 0.6612
vn 0.0000 0.9755 -0.2199
vn 0.3869 0.2188 0.8958
vn 0.3964 0.1848 0.8993
vn 0.9033 0.0943 0.4185
vn 0.3876 0.2187 0.8955
vn 0.3971 0.1847 0.8990
vn 0.9037 0.0941 0.4177
vn -0.3876 0.2187 0.8955
vn -0.9037 0.0941 0.4177
vn -0.3971 0.1847 0.8990
vn -0.3964 0.1848 0.8993
vn -0.3869 0.2188 0.8958
vn -0.9033 0.0943 0.4185
vn -0.0430 0.0561 0.9975
vn 0.0000 -0.4557 0.8902
vn 0.0429 0.0561 0.9975
vn 0.0430 0.0561 0.9975
vn -0.0438 0.3779 0.9248
vn 0.0438 0.3779 0.9248
vn 0.0000 0.7935 0.6085
vn 0.9362 0.0772 0.3428
vn 0.4162 0.1999 0.8870
vn -0.4162 0.1999 0.8870
vn -0.9362 0.0772 0.3428
vn 0.9356 0.0778 0.3443
vn 0.4142 0.2004 0.8878
vn -0.4142 0.2004 0.8879
vn -0.9356 0.0778 0.3443
vn -0.0000 -0.5554 0.8316
vn -0.0001 0.0428 0.9991
vn 0.0000 0.0428 0.9991
vn -0.0000 -0.5531 0.8331
vn 0.0000 0.0435 0.9991
vn 0.9362 0.0773 0.3427
vn 0.4162 0.2000 0.8870
vn -0.4162 0.2000 0.8870
vn -0.9362 0.0773 0.3427
vn 0.9356 0.0774 0.3444
vn 0.4144 0.1999 0.8879
vn -0.4144 0.1999 0.8878
vn -0.9356 0.0774 0.3444
vn -0.0001 0.3902 0.9207
vn -0.0002 0.8593 0.5115
vn 0.0000 0.3902 0.9207
vn 0.0001 0.8593 0.5115
vn 0.0000 0.3898 0.9209
vn 0.0000 0.8586 0.5127
usemtl Material
s off
f 9/1/1 2/2/1 4/3/1 10/4/1
f 10/4/2 4/3/2 8/5/2 11/6/2
f 11/6/3 8/5/3 6/7/3 12/8/3
f 12/8/4 6/7/4 2/9/4 9/10/4
f 3/11/5 7/12/5 5/13/5 1/14/5
f 8/5/6 4/15/6 2/16/6 6/7/6
f 20/17/4 12/8/4 9/10/4 17/18/4
f 19/19/3 11/20/3 12/21/3 20/22/3
f 18/23/7 10/4/7 11/6/7 19/24/7
f 17/25/1 9/1/1 10/4/1 18/23/1
f 24/26/1 16/27/1 13/28/1 21/29/1
f 21/29/8 13/28/8 14/30/8 22/31/8
f 22/31/3 14/30/3 15/32/3 23/33/3
f 23/33/9 15/32/9 16/34/9 24/35/9
f 16/27/1 17/25/1 18/23/1 13/28/1
f 13/28/10 18/23/10 19/24/10 14/30/10
f 14/30/3 19/24/3 20/17/3 15/32/3
f 15/32/4 20/17/4 17/18/4 16/34/4
f 5/13/11 23/33/11 24/35/11 1/36/11
f 7/12/3 22/31/3 23/33/3 5/13/3
f 3/37/12 21/29/12 22/31/12 7/12/12
f 1/38/1 24/26/1 21/29/1 3/37/1
f 25/39/3 26/40/3 28/41/3 27/42/3
f 27/42/4 28/41/4 32/43/4 31/44/4
f 31/44/1 32/43/1 30/45/1 29/46/1
f 29/46/13 30/45/13 26/47/13 25/48/13
f 27/49/5 31/44/5 29/46/5 25/50/5
f 32/43/6 28/51/6 26/52/6 30/45/6
f 41/53/1 34/54/1 36/55/1 42/56/1
f 42/56/14 36/55/14 40/57/14 43/58/14
f 43/59/3 40/60/3 38/61/3 44/62/3
f 44/62/15 38/61/15 34/63/15 41/64/15
f 35/65/16 39/66/16 37/67/16 33/68/16
f 40/60/5 36/69/5 34/70/5 38/61/5
f 37/67/15 44/71/15 41/72/15 33/73/15
f 39/66/3 43/58/3 44/71/3 37/67/3
f 35/74/17 42/56/17 43/58/17 39/66/17
f 33/75/1 41/53/1 42/56/1 35/74/1
f 53/76/1 46/77/1 48/78/1 54/79/1
f 54/79/18 48/78/18 52/80/18 55/81/18
f 55/81/3 52/80/3 50/82/3 56/83/3
f 56/83/15 50/82/15 46/84/15 53/85/15
f 47/86/16 51/87/16 49/88/16 45/89/16
f 52/80/5 48/90/5 46/91/5 50/82/5
f 49/88/15 56/83/15 53/85/15 45/92/15
f 51/87/3 55/81/3 56/83/3 49/88/3
f 47/93/19 54/79/19 55/81/19 51/87/19
f 45/94/1 53/76/1 54/79/1 47/93/1
f 747/95/1 58/96/1 60/97/1 748/98/1
f 762/99/20 196/100/20 64/101/20 749/102/20
f 749/103/3 64/104/3 62/105/3 750/106/3
f 756/107/21 137/108/21 58/109/21 747/110/21
f 206/111/5 63/112/5 61/113/5 197/114/5
f 146/115/5 60/116/5 58/117/5 137/118/5
f 614/119/21 138/120/21 65/121/21 605/122/21
f 607/123/3 67/124/3 68/125/3 608/126/3
f 620/127/20 198/128/20 67/129/20 607/130/20
f 605/131/1 65/132/1 66/133/1 606/134/1
f 566/135/21 139/136/21 69/137/21 557/138/21
f 559/139/3 71/140/3 72/141/3 560/142/3
f 572/143/20 199/144/20 71/145/20 559/146/20
f 557/147/1 69/148/1 70/149/1 558/150/1
f 494/151/21 140/152/21 73/153/21 485/154/21
f 487/155/3 75/156/3 76/157/3 488/158/3
f 500/159/20 200/160/20 75/161/20 487/162/20
f 485/163/1 73/164/1 74/165/1 486/166/1
f 675/167/1 80/168/1 77/169/1 676/170/1
f 690/171/20 201/172/20 78/173/20 677/174/20
f 677/175/3 78/176/3 79/177/3 678/178/3
f 684/179/21 141/180/21 80/181/21 675/182/21
f 804/183/21 142/184/21 84/185/21 795/186/21
f 797/187/3 82/188/3 83/189/3 798/190/3
f 810/191/20 202/192/20 82/193/20 797/194/20
f 795/195/1 84/196/1 81/197/1 796/198/1
f 651/199/1 85/200/1 86/201/1 652/202/1
f 666/203/20 203/204/20 87/205/20 653/206/20
f 653/207/3 87/208/3 88/209/3 654/210/3
f 660/211/21 143/212/21 85/213/21 651/214/21
f 581/215/1 92/216/1 89/217/1 582/218/1
f 596/219/20 204/220/20 90/221/20 583/222/20
f 583/223/3 90/224/3 91/225/3 584/226/3
f 590/227/21 144/228/21 92/229/21 581/230/21
f 536/231/1 96/232/1 93/233/1 533/234/1
f 548/235/20 205/236/20 94/237/20 534/238/20
f 534/239/3 94/240/3 95/241/3 535/242/3
f 542/243/21 145/244/21 96/245/21 536/246/21
f 546/247/21 185/248/21 115/249/21 537/250/21
f 554/251/20 363/252/20 114/253/20 538/254/20
f 594/255/21 184/256/21 113/257/21 585/258/21
f 602/259/20 362/260/20 112/261/20 586/262/20
f 664/263/21 183/264/21 111/265/21 655/266/21
f 927/267/20 924/268/20 953/269/20 936/270/20
f 816/271/20 361/272/20 110/273/20 799/274/20
f 808/275/21 182/276/21 109/277/21 800/278/21
f 688/279/21 181/280/21 108/281/21 679/282/21
f 696/283/20 360/284/20 107/285/20 680/286/20
f 506/287/22 359/288/22 106/289/22 489/290/22
f 498/291/21 180/292/21 105/293/21 490/294/21
f 578/295/20 358/296/20 104/297/20 561/298/20
f 570/299/21 179/300/21 103/301/21 562/302/21
f 626/303/20 357/304/20 102/305/20 609/306/20
f 618/307/21 178/308/21 101/309/21 610/310/21
f 186/311/5 98/312/5 100/313/5 177/314/5
f 364/315/5 97/316/5 99/317/5 356/318/5
f 760/319/21 177/320/21 100/321/21 751/322/21
f 768/323/20 355/324/20 98/325/20 752/326/20
f 766/327/20 325/328/20 126/329/20 753/330/20
f 335/331/5 116/332/5 127/333/5 326/334/5
f 624/335/23 327/336/23 128/337/23 611/338/23
f 576/339/24 328/340/24 129/341/24 563/342/24
f 504/343/25 329/344/25 130/345/25 491/346/25
f 694/347/20 330/348/20 131/349/20 681/350/20
f 814/351/20 331/352/20 132/353/20 801/354/20
f 670/355/23 332/356/23 133/357/23 657/358/23
f 600/359/20 333/360/20 134/361/20 587/362/20
f 552/363/24 334/364/24 135/365/24 539/366/24
f 549/367/21 235/368/21 125/369/21 540/370/21
f 597/371/21 234/372/21 124/373/21 588/374/21
f 667/375/21 233/376/21 123/377/21 658/378/21
f 811/379/21 232/380/21 122/381/21 802/382/21
f 691/383/21 231/384/21 121/385/21 682/386/21
f 501/387/21 230/388/21 120/389/21 492/390/21
f 573/391/21 229/392/21 119/393/21 564/394/21
f 621/395/21 228/396/21 118/397/21 612/398/21
f 216/399/5 126/400/5 117/401/5 227/402/5
f 763/403/21 227/404/21 117/405/21 754/406/21
f 533/407/20 93/408/20 155/409/20 541/410/20
f 582/411/20 89/412/20 154/413/20 589/414/20
f 652/415/20 86/416/20 153/417/20 659/418/20
f 796/419/20 81/420/20 152/421/20 803/422/20
f 676/423/20 77/424/20 151/425/20 683/426/20
f 486/427/20 74/428/20 150/429/20 493/430/20
f 558/431/20 70/432/20 149/433/20 565/434/20
f 606/435/20 66/436/20 148/437/20 613/438/20
f 59/439/5 136/440/5 147/441/5 57/442/5
f 748/443/20 60/444/20 146/445/20 755/446/20
f 551/447/21 344/448/21 145/244/21 542/243/21
f 599/449/21 343/450/21 144/228/21 590/227/21
f 669/451/21 342/452/21 143/212/21 660/211/21
f 813/453/21 341/454/21 142/184/21 804/183/21
f 693/455/21 340/456/21 141/180/21 684/179/21
f 503/457/21 339/458/21 140/152/21 494/151/21
f 575/459/21 338/460/21 139/136/21 566/135/21
f 623/461/21 337/462/21 138/120/21 614/119/21
f 325/463/5 146/115/5 137/118/5 336/464/5
f 765/465/21 336/466/21 137/108/21 756/107/21
f 770/467/21 406/468/21 167/469/21 757/470/21
f 415/471/5 156/472/5 167/473/5 406/474/5
f 628/475/21 407/476/21 168/477/21 615/478/21
f 580/479/21 408/480/21 169/481/21 567/482/21
f 508/483/21 409/484/21 170/485/21 495/486/21
f 698/487/21 410/488/21 171/489/21 685/490/21
f 818/491/21 411/492/21 172/493/21 805/494/21
f 674/495/21 412/496/21 173/497/21 661/498/21
f 604/499/21 413/500/21 174/501/21 591/502/21
f 556/503/21 414/504/21 175/505/21 543/506/21
f 545/507/20 195/508/20 165/509/20 544/510/20
f 593/511/20 194/512/20 164/513/20 592/514/20
f 663/515/20 193/516/20 163/517/20 662/518/20
f 807/519/20 192/520/20 162/521/20 806/522/20
f 687/523/20 191/524/20 161/525/20 686/526/20
f 497/527/22 190/528/22 160/529/22 496/530/22
f 569/531/20 189/532/20 159/533/20 568/534/20
f 617/535/20 188/536/20 158/537/20 616/538/20
f 176/539/5 166/540/5 157/541/5 187/542/5
f 759/543/20 186/544/20 156/545/20 758/546/20
f 752/326/20 98/325/20 186/544/20 759/543/20
f 97/316/5 176/547/5 187/548/5 99/317/5
f 609/306/20 102/305/20 188/536/20 617/535/20
f 561/298/20 104/297/20 189/532/20 569/531/20
f 489/290/22 106/289/22 190/528/22 497/527/22
f 680/286/20 107/285/20 191/524/20 687/523/20
f 799/274/20 110/273/20 192/549/20 807/550/20
f 886/551/20 928/552/20 935/553/20 945/554/20
f 586/262/20 112/261/20 194/512/20 593/511/20
f 538/254/20 114/253/20 195/508/20 545/507/20
f 757/555/21 167/556/21 177/320/21 760/319/21
f 156/472/5 186/311/5 177/314/5 167/473/5
f 615/478/21 168/477/21 178/308/21 618/307/21
f 567/482/21 169/481/21 179/300/21 570/299/21
f 495/486/21 170/485/21 180/292/21 498/291/21
f 685/490/21 171/489/21 181/280/21 688/279/21
f 805/494/21 172/493/21 182/557/21 808/558/21
f 661/498/21 173/497/21 183/264/21 664/263/21
f 591/502/21 174/501/21 184/256/21 594/255/21
f 543/506/21 175/505/21 185/248/21 546/247/21
f 535/559/21 95/560/21 215/561/21 547/562/21
f 584/563/21 91/564/21 214/565/21 595/566/21
f 654/567/21 88/568/21 213/569/21 665/570/21
f 798/190/21 83/189/21 212/571/21 809/572/21
f 678/573/21 79/574/21 211/575/21 689/576/21
f 488/158/21 76/157/21 210/577/21 499/578/21
f 560/579/21 72/580/21 209/581/21 571/582/21
f 608/583/21 68/584/21 208/585/21 619/586/21
f 64/104/5 196/587/5 207/588/5 62/105/5
f 750/106/21 62/105/21 207/589/21 761/590/21
f 555/591/26 424/592/26 205/593/26 548/594/26
f 603/595/20 423/596/20 204/597/20 596/598/20
f 673/599/27 422/600/27 203/601/27 666/602/27
f 817/603/20 421/604/20 202/605/20 810/606/20
f 697/607/20 420/608/20 201/609/20 690/610/20
f 507/611/28 419/612/28 200/613/28 500/614/28
f 579/615/26 418/616/26 199/617/26 572/618/26
f 627/619/27 417/620/27 198/621/27 620/622/27
f 405/623/5 206/111/5 197/114/5 416/624/5
f 769/625/20 415/626/20 196/627/20 762/628/20
f 767/629/21 365/630/21 227/404/21 763/403/21
f 355/631/5 216/399/5 227/402/5 365/632/5
f 625/633/21 366/634/21 228/396/21 621/395/21
f 577/635/21 367/636/21 229/392/21 573/391/21
f 505/637/21 368/638/21 230/388/21 501/387/21
f 695/639/21 369/640/21 231/384/21 691/383/21
f 815/641/21 370/642/21 232/380/21 811/379/21
f 671/643/21 371/644/21 233/376/21 667/375/21
f 601/645/21 372/646/21 234/372/21 597/371/21
f 553/647/21 373/648/21 235/368/21 549/367/21
f 753/330/20 126/329/20 216/649/20 764/650/20
f 116/332/5 226/651/5 217/652/5 127/333/5
f 611/338/20 128/337/20 218/653/20 622/654/20
f 563/342/20 129/341/20 219/655/20 574/656/20
f 491/346/22 130/345/22 220/657/22 502/658/22
f 681/350/20 131/349/20 221/659/20 692/660/20
f 801/354/20 132/353/20 222/661/20 812/662/20
f 657/358/20 133/357/20 223/663/20 668/664/20
f 587/362/20 134/361/20 224/665/20 598/666/20
f 539/366/20 135/365/20 225/667/20 550/668/20
f 466/669/29 242/670/29 253/671/29 477/672/29
f 482/673/21 374/674/21 252/675/21 476/676/21
f 484/677/30 425/678/30 251/679/30 475/680/30
f 463/681/21 239/682/21 250/683/21 474/684/21
f 470/685/21 246/686/21 249/687/21 473/688/21
f 464/689/29 240/690/29 248/691/29 472/692/29
f 472/692/29 248/691/29 247/693/29 471/694/29
f 483/695/21 426/696/21 246/686/21 470/685/21
f 480/697/21 345/698/21 245/699/21 469/700/21
f 461/701/20 237/702/20 244/703/20 468/704/20
f 476/676/21 252/675/21 243/705/21 467/706/21
f 479/707/31 346/708/31 242/670/31 466/669/31
f 473/688/21 249/687/21 241/709/21 465/710/21
f 481/711/29 375/712/29 240/690/29 464/689/29
f 478/713/1 236/714/1 237/715/1 461/716/1
f 475/717/20 251/718/20 238/719/20 462/720/20
f 462/721/3 238/722/3 239/723/3 463/724/3
f 469/700/21 245/699/21 236/725/21 478/726/21
f 442/727/32 260/728/32 271/729/32 453/730/32
f 458/731/21 376/732/21 270/733/21 452/734/21
f 460/735/33 427/736/33 269/737/33 451/738/33
f 439/739/21 256/740/21 268/741/21 450/742/21
f 446/743/21 264/744/21 267/745/21 449/746/21
f 441/747/32 259/748/32 266/749/32 448/750/32
f 448/750/32 266/749/32 265/751/32 447/752/32
f 459/753/21 428/754/21 264/744/21 446/743/21
f 456/755/21 347/756/21 263/757/21 445/758/21
f 437/759/20 254/760/20 262/761/20 444/762/20
f 452/734/21 270/733/21 261/763/21 443/764/21
f 455/765/34 348/766/34 260/728/34 442/727/34
f 457/767/32 377/768/32 259/748/32 441/747/32
f 449/746/21 267/745/21 258/769/21 440/770/21
f 445/758/21 263/757/21 257/771/21 454/772/21
f 438/773/3 255/774/3 256/775/3 439/776/3
f 451/777/20 269/778/20 255/779/20 438/780/20
f 454/781/1 257/782/1 254/783/1 437/784/1
f 633/785/20 277/786/20 288/787/20 644/788/20
f 648/789/21 378/790/21 287/791/21 643/792/21
f 650/793/27 429/794/27 286/795/27 642/796/27
f 631/797/21 275/798/21 285/799/21 641/800/21
f 637/801/21 281/802/21 284/803/21 640/804/21
f 609/805/35 617/806/35 915/807/35 899/808/35
f 639/809/20 283/810/20 282/811/20 638/812/20
f 649/813/21 430/814/21 281/802/21 637/801/21
f 647/815/21 349/816/21 280/817/21 636/818/21
f 629/819/20 273/820/20 279/821/20 635/822/20
f 643/792/21 287/791/21 278/823/21 634/824/21
f 646/825/23 350/826/23 277/786/23 633/785/23
f 640/804/21 284/803/21 276/827/21 632/828/21
f 283/829/3 639/830/3 879/831/3 918/832/3
f 645/833/1 272/834/1 273/835/1 629/836/1
f 642/837/20 286/838/20 274/839/20 630/840/20
f 630/841/3 274/842/3 275/843/3 631/844/3
f 636/818/21 280/817/21 272/845/21 645/846/21
f 388/847/36 295/848/36 306/849/36 399/850/36
f 404/851/21 379/852/21 305/853/21 398/854/21
f 436/855/37 431/856/37 304/857/37 397/858/37
f 385/859/21 291/860/21 303/861/21 396/862/21
f 392/863/21 299/864/21 302/865/21 395/866/21
f 387/867/36 294/868/36 301/869/36 394/870/36
f 394/870/36 301/869/36 300/871/36 393/872/36
f 435/873/21 432/874/21 299/864/21 392/863/21
f 402/875/21 351/876/21 298/877/21 391/878/21
f 383/879/20 289/880/20 297/881/20 390/882/20
f 398/854/21 305/853/21 296/883/21 389/884/21
f 401/885/38 352/886/38 295/848/38 388/847/38
f 403/887/36 380/888/36 294/868/36 387/867/36
f 395/866/21 302/865/21 293/889/21 386/890/21
f 391/878/21 298/877/21 292/891/21 400/892/21
f 384/893/3 290/894/3 291/895/3 385/896/3
f 397/897/20 304/898/20 290/899/20 384/900/20
f 400/901/1 292/902/1 289/903/1 383/904/1
f 704/905/20 313/906/20 324/907/20 715/908/20
f 720/909/21 381/910/21 323/911/21 714/912/21
f 722/913/20 433/914/20 322/915/20 713/916/20
f 701/917/21 310/918/21 321/919/21 712/920/21
f 708/921/21 317/922/21 320/923/21 711/924/21
f 703/925/20 312/926/20 319/927/20 710/928/20
f 710/928/20 319/927/20 318/929/20 709/930/20
f 721/931/21 434/932/21 317/922/21 708/921/21
f 718/933/21 353/934/21 316/935/21 707/936/21
f 699/937/20 308/938/20 315/939/20 706/940/20
f 714/941/21 323/942/21 314/943/21 705/944/21
f 717/945/20 354/946/20 313/906/20 704/905/20
f 719/947/20 382/948/20 312/926/20 703/925/20
f 711/924/21 320/923/21 311/949/21 702/950/21
f 707/936/21 316/935/21 307/951/21 716/952/21
f 700/953/3 309/954/3 310/955/3 701/956/3
f 713/957/20 322/958/20 309/959/20 700/960/20
f 716/961/1 307/962/1 308/963/1 699/964/1
f 706/965/20 315/966/20 354/946/20 717/945/20
f 705/944/21 314/943/21 353/934/21 718/933/21
f 390/967/39 297/968/39 352/886/39 401/885/39
f 389/884/21 296/883/21 351/876/21 402/875/21
f 635/969/40 279/970/40 350/826/40 646/825/40
f 634/824/21 278/823/21 349/816/21 647/815/21
f 444/971/41 262/972/41 348/766/41 455/765/41
f 443/764/21 261/763/21 347/756/21 456/755/21
f 468/973/42 244/974/42 346/708/42 479/707/42
f 467/706/21 243/705/21 345/698/21 480/697/21
f 754/406/21 117/405/21 336/466/21 765/465/21
f 126/400/5 325/463/5 336/464/5 117/401/5
f 612/398/21 118/397/21 337/462/21 623/461/21
f 564/394/21 119/393/21 338/460/21 575/459/21
f 492/390/21 120/389/21 339/458/21 503/457/21
f 682/386/21 121/385/21 340/456/21 693/455/21
f 802/382/21 122/381/21 341/454/21 813/453/21
f 658/378/21 123/377/21 342/452/21 669/451/21
f 588/374/21 124/373/21 343/450/21 599/449/21
f 540/370/21 125/369/21 344/448/21 551/447/21
f 541/975/43 155/976/43 334/364/43 552/363/43
f 589/977/20 154/978/20 333/360/20 600/359/20
f 659/979/40 153/980/40 332/356/40 670/355/40
f 803/981/20 152/982/20 331/352/20 814/351/20
f 683/983/20 151/984/20 330/348/20 694/347/20
f 493/985/44 150/986/44 329/344/44 504/343/44
f 565/987/43 149/988/43 328/340/43 576/339/43
f 613/989/40 148/990/40 327/336/40 624/335/40
f 136/440/5 335/331/5 326/334/5 147/441/5
f 755/991/20 146/992/20 325/328/20 766/327/20
f 715/908/20 324/907/20 382/948/20 719/947/20
f 702/950/21 311/949/21 381/910/21 720/909/21
f 399/850/36 306/849/36 380/888/36 403/887/36
f 386/890/21 293/889/21 379/852/21 404/851/21
f 644/993/1 288/994/1 929/995/1 885/996/1
f 632/828/21 276/827/21 378/790/21 648/789/21
f 453/730/32 271/729/32 377/768/32 457/767/32
f 440/770/21 258/769/21 376/732/21 458/731/21
f 477/672/29 253/671/29 375/712/29 481/711/29
f 465/710/21 241/709/21 374/674/21 482/673/21
f 537/250/21 115/249/21 373/648/21 553/647/21
f 585/258/21 113/257/21 372/646/21 601/645/21
f 655/266/21 111/265/21 371/644/21 671/643/21
f 800/278/21 109/277/21 370/642/21 815/641/21
f 679/282/21 108/281/21 369/640/21 695/639/21
f 490/294/21 105/293/21 368/638/21 505/637/21
f 562/302/21 103/301/21 367/636/21 577/635/21
f 610/310/21 101/309/21 366/634/21 625/633/21
f 98/312/5 355/631/5 365/632/5 100/313/5
f 751/322/21 100/321/21 365/630/21 767/629/21
f 764/650/20 216/649/20 355/324/20 768/323/20
f 226/651/5 364/315/5 356/318/5 217/652/5
f 622/654/20 218/653/20 357/304/20 626/303/20
f 574/656/20 219/655/20 358/296/20 578/295/20
f 502/658/22 220/657/22 359/288/22 506/287/22
f 692/660/20 221/659/20 360/284/20 696/283/20
f 812/662/20 222/661/20 361/272/20 816/271/20
f 622/997/35 626/998/35 954/999/35 925/1000/35
f 598/666/20 224/665/20 362/260/20 602/259/20
f 550/668/20 225/667/20 363/252/20 554/251/20
f 108/281/21 386/890/21 404/851/21 369/640/21
f 221/1001/45 399/850/45 403/887/45 360/1002/45
f 121/385/21 389/884/21 402/875/21 340/456/21
f 151/1003/46 390/967/46 401/885/46 330/1004/46
f 80/168/1 400/1005/1 383/1006/1 77/169/1
f 201/1007/20 397/1008/20 384/1009/20 78/1010/20
f 78/176/3 384/893/3 385/896/3 79/177/3
f 141/180/21 391/878/21 400/892/21 80/181/21
f 181/280/21 395/866/21 386/890/21 108/281/21
f 360/1002/45 403/887/45 387/867/45 107/1011/45
f 330/1004/47 401/885/47 388/847/47 131/1012/47
f 231/384/21 398/854/21 389/884/21 121/385/21
f 77/1013/20 383/1014/20 390/1015/20 151/1016/20
f 340/456/21 402/875/21 391/878/21 141/180/21
f 410/488/21 435/873/21 392/863/21 171/489/21
f 191/1017/45 394/870/45 393/872/45 161/1018/45
f 107/1011/45 387/867/45 394/870/45 191/1017/45
f 171/489/21 392/863/21 395/866/21 181/280/21
f 79/574/21 385/859/21 396/862/21 211/575/21
f 420/1019/48 436/855/48 397/858/48 201/1020/48
f 369/640/21 404/851/21 398/854/21 231/384/21
f 131/1012/45 388/847/45 399/850/45 221/1001/45
f 161/1018/49 393/872/49 436/855/49 420/1019/49
f 211/575/21 396/862/21 435/873/21 410/488/21
f 712/920/21 321/919/21 434/932/21 721/931/21
f 709/930/20 318/929/20 433/914/20 722/913/20
f 396/862/21 303/861/21 432/874/21 435/873/21
f 393/872/50 300/871/50 431/856/50 436/855/50
f 641/800/21 285/799/21 430/814/21 649/813/21
f 638/812/51 282/811/51 429/794/51 650/793/51
f 450/742/21 268/741/21 428/754/21 459/753/21
f 447/752/52 265/751/52 427/736/52 460/735/52
f 474/684/21 250/683/21 426/696/21 483/695/21
f 471/694/53 247/693/53 425/678/53 484/677/53
f 758/546/20 156/545/20 415/626/20 769/625/20
f 166/540/5 405/623/5 416/624/5 157/541/5
f 616/538/51 158/537/51 417/620/51 627/619/51
f 568/534/54 159/533/54 418/616/54 579/615/54
f 496/530/55 160/529/55 419/612/55 507/611/55
f 686/526/20 161/525/20 420/608/20 697/607/20
f 806/522/20 162/521/20 421/604/20 817/603/20
f 662/518/51 163/517/51 422/600/51 673/599/51
f 592/514/20 164/513/20 423/596/20 603/595/20
f 544/510/54 165/509/54 424/592/54 555/591/54
f 547/562/21 215/561/21 414/504/21 556/503/21
f 595/566/21 214/565/21 413/500/21 604/499/21
f 665/570/21 213/569/21 412/496/21 674/495/21
f 809/572/21 212/571/21 411/492/21 818/491/21
f 689/576/21 211/575/21 410/488/21 698/487/21
f 499/1021/21 210/1022/21 409/484/21 508/483/21
f 571/582/21 209/581/21 408/480/21 580/479/21
f 619/586/21 208/585/21 407/476/21 628/475/21
f 196/587/5 415/471/5 406/474/5 207/588/5
f 761/590/21 207/589/21 406/468/21 770/467/21
f 158/537/56 447/752/56 460/735/56 417/620/56
f 208/585/21 450/742/21 459/753/21 407/476/21
f 101/309/21 440/770/21 458/731/21 366/634/21
f 218/653/57 453/730/57 457/767/57 357/304/57
f 118/397/21 443/764/21 456/755/21 337/462/21
f 148/990/58 444/971/58 455/765/58 327/336/58
f 65/132/1 454/781/1 437/784/1 66/133/1
f 198/1023/20 451/1024/20 438/1025/20 67/1026/20
f 67/124/3 438/773/3 439/776/3 68/125/3
f 138/120/21 445/758/21 454/772/21 65/121/21
f 178/308/21 449/746/21 440/770/21 101/309/21
f 357/304/57 457/767/57 441/747/57 102/305/57
f 327/336/59 455/765/59 442/727/59 128/337/59
f 228/396/21 452/734/21 443/764/21 118/397/21
f 66/1027/20 437/1028/20 444/1029/20 148/1030/20
f 337/462/21 456/755/21 445/758/21 138/120/21
f 407/476/21 459/753/21 446/743/21 168/477/21
f 188/536/57 448/750/57 447/752/57 158/537/57
f 102/305/57 441/747/57 448/750/57 188/536/57
f 168/477/21 446/743/21 449/746/21 178/308/21
f 68/584/21 439/739/21 450/742/21 208/585/21
f 417/620/60 460/735/60 451/738/60 198/621/60
f 366/634/21 458/731/21 452/734/21 228/396/21
f 128/337/57 442/727/57 453/730/57 218/653/57
f 164/1031/61 471/694/61 484/677/61 423/1032/61
f 214/565/21 474/684/21 483/695/21 413/500/21
f 113/257/21 465/710/21 482/673/21 372/646/21
f 224/1033/62 477/672/62 481/711/62 362/1034/62
f 124/373/21 467/706/21 480/697/21 343/450/21
f 154/1035/63 468/973/63 479/707/63 333/1036/63
f 144/228/21 469/700/21 478/726/21 92/229/21
f 90/224/3 462/721/3 463/724/3 91/225/3
f 204/1037/20 475/1038/20 462/1039/20 90/1040/20
f 92/216/1 478/713/1 461/716/1 89/217/1
f 362/1034/62 481/711/62 464/689/62 112/1041/62
f 184/256/21 473/688/21 465/710/21 113/257/21
f 333/1036/64 479/707/64 466/669/64 134/1042/64
f 234/372/21 476/676/21 467/706/21 124/373/21
f 89/1043/20 461/1044/20 468/1045/20 154/1046/20
f 343/450/21 480/697/21 469/700/21 144/228/21
f 413/500/21 483/695/21 470/685/21 174/501/21
f 194/1047/62 472/692/62 471/694/62 164/1031/62
f 112/1041/62 464/689/62 472/692/62 194/1047/62
f 174/501/21 470/685/21 473/688/21 184/256/21
f 91/564/21 463/681/21 474/684/21 214/565/21
f 423/1032/65 484/677/65 475/680/65 204/1048/65
f 372/646/21 482/673/21 476/676/21 234/372/21
f 134/1042/62 466/669/62 477/672/62 224/1033/62
f 215/561/21 499/1021/21 508/483/21 414/504/21
f 165/509/66 496/530/66 507/611/66 424/592/66
f 225/667/67 502/658/67 506/287/67 363/252/67
f 115/249/21 490/294/21 505/637/21 373/648/21
f 155/976/68 493/985/68 504/343/68 334/364/68
f 125/369/21 492/390/21 503/457/21 344/448/21
f 135/365/69 491/346/69 502/658/69 225/667/69
f 373/648/21 505/637/21 501/387/21 235/368/21
f 424/592/70 507/611/70 500/614/70 205/593/70
f 95/560/21 488/1049/21 499/1021/21 215/561/21
f 175/505/21 495/486/21 498/291/21 185/248/21
f 114/253/67 489/290/67 497/527/67 195/508/67
f 195/508/69 497/527/69 496/530/69 165/509/69
f 414/504/21 508/483/21 495/486/21 175/505/21
f 344/448/21 503/457/21 494/151/21 145/244/21
f 93/1050/20 486/1051/20 493/1052/20 155/1053/20
f 235/368/21 501/387/21 492/390/21 125/369/21
f 334/364/71 504/343/71 491/346/71 135/365/71
f 185/248/21 498/291/21 490/294/21 115/249/21
f 363/252/69 506/287/69 489/290/69 114/253/69
f 96/232/1 485/163/1 486/166/1 93/233/1
f 205/1054/20 500/1055/20 487/1056/20 94/1057/20
f 94/240/3 487/155/3 488/158/3 95/241/3
f 145/244/21 494/151/21 485/154/21 96/245/21
f 736/1058/21 523/1059/21 532/1060/21 745/1061/21
f 733/1062/20 520/1063/20 531/1064/20 744/1065/20
f 739/1066/20 526/1067/20 530/1068/20 743/1069/20
f 726/1070/21 513/1071/21 529/1072/21 742/1073/21
f 730/1074/20 517/1075/20 528/1076/20 741/1077/20
f 729/1078/21 516/1079/21 527/1080/21 740/1081/21
f 728/1082/20 515/1083/20 526/1067/20 739/1066/20
f 742/1073/21 529/1072/21 525/1084/21 738/1085/21
f 744/1065/20 531/1064/20 524/1086/20 737/1087/20
f 725/1088/21 512/1089/21 523/1059/21 736/1058/21
f 732/1090/21 519/1091/21 522/1092/21 735/1093/21
f 727/1094/20 514/1095/20 521/1096/20 734/1097/20
f 734/1097/20 521/1096/20 520/1063/20 733/1062/20
f 745/1061/21 532/1060/21 519/1098/21 732/1099/21
f 740/1081/21 527/1080/21 518/1100/21 731/1101/21
f 723/1102/20 510/1103/20 517/1104/20 730/1105/20
f 738/1085/21 525/1084/21 516/1079/21 729/1078/21
f 741/1077/20 528/1076/20 515/1083/20 728/1082/20
f 743/1069/20 530/1068/20 514/1095/20 727/1094/20
f 735/1093/21 522/1092/21 513/1071/21 726/1070/21
f 731/1101/21 518/1100/21 509/1106/21 746/1107/21
f 724/1108/3 511/1109/3 512/1089/3 725/1088/3
f 737/1110/20 524/1111/20 511/1112/20 724/1113/20
f 746/1114/1 509/1115/1 510/1116/1 723/1117/1
f 209/581/21 547/562/21 556/503/21 408/480/21
f 159/533/54 544/510/54 555/591/54 418/616/54
f 219/655/20 550/668/20 554/251/20 358/296/20
f 103/301/21 537/250/21 553/647/21 367/636/21
f 149/988/43 541/975/43 552/363/43 328/340/43
f 119/393/21 540/370/21 551/447/21 338/460/21
f 129/341/20 539/366/20 550/668/20 219/655/20
f 367/636/21 553/647/21 549/367/21 229/392/21
f 418/616/26 555/591/26 548/594/26 199/617/26
f 72/580/21 535/559/21 547/562/21 209/581/21
f 169/481/21 543/506/21 546/247/21 179/300/21
f 104/297/20 538/254/20 545/507/20 189/532/20
f 189/532/20 545/507/20 544/510/20 159/533/20
f 408/480/21 556/503/21 543/506/21 169/481/21
f 338/460/21 551/447/21 542/243/21 139/136/21
f 70/1118/20 533/1119/20 541/1120/20 149/1121/20
f 229/392/21 549/367/21 540/370/21 119/393/21
f 328/340/24 552/363/24 539/366/24 129/341/24
f 358/296/20 554/251/20 538/254/20 104/297/20
f 179/300/21 546/247/21 537/250/21 103/301/21
f 139/136/21 542/243/21 536/246/21 69/137/21
f 71/140/3 534/239/3 535/242/3 72/141/3
f 199/1122/20 548/1123/20 534/1124/20 71/1125/20
f 69/148/1 536/231/1 533/234/1 70/149/1
f 250/683/21 571/582/21 580/479/21 426/696/21
f 247/693/54 568/534/54 579/615/54 425/678/54
f 253/671/20 574/656/20 578/295/20 375/712/20
f 241/709/21 562/302/21 577/635/21 374/674/21
f 244/974/43 565/987/43 576/339/43 346/708/43
f 243/705/21 564/394/21 575/459/21 345/698/21
f 242/670/20 563/342/20 574/656/20 253/671/20
f 374/674/21 577/635/21 573/391/21 252/675/21
f 425/678/26 579/615/26 572/618/26 251/679/26
f 239/682/21 560/579/21 571/582/21 250/683/21
f 246/686/21 567/482/21 570/299/21 249/687/21
f 240/690/20 561/298/20 569/531/20 248/691/20
f 248/691/20 569/531/20 568/534/20 247/693/20
f 426/696/21 580/479/21 567/482/21 246/686/21
f 345/698/21 575/459/21 566/135/21 245/699/21
f 237/1126/20 558/1127/20 565/1128/20 244/1129/20
f 252/675/21 573/391/21 564/394/21 243/705/21
f 346/708/24 576/339/24 563/342/24 242/670/24
f 249/687/21 570/299/21 562/302/21 241/709/21
f 375/712/20 578/295/20 561/298/20 240/690/20
f 236/714/1 557/147/1 558/150/1 237/715/1
f 251/1130/20 572/1131/20 559/1132/20 238/1133/20
f 238/722/3 559/139/3 560/142/3 239/723/3
f 245/699/21 566/135/21 557/138/21 236/725/21
f 268/741/21 595/566/21 604/499/21 428/754/21
f 265/1134/20 592/514/20 603/595/20 427/1135/20
f 271/1136/20 598/666/20 602/259/20 377/1137/20
f 258/769/21 585/258/21 601/645/21 376/732/21
f 262/1138/20 589/977/20 600/359/20 348/1139/20
f 261/763/21 588/374/21 599/449/21 347/756/21
f 260/1140/20 587/362/20 598/666/20 271/1136/20
f 376/732/21 601/645/21 597/371/21 270/733/21
f 427/1135/20 603/595/20 596/598/20 269/1141/20
f 256/740/21 584/563/21 595/566/21 268/741/21
f 264/744/21 591/502/21 594/255/21 267/745/21
f 259/1142/20 586/262/20 593/511/20 266/1143/20
f 266/1143/20 593/511/20 592/514/20 265/1134/20
f 428/754/21 604/499/21 591/502/21 264/744/21
f 347/756/21 599/449/21 590/227/21 263/757/21
f 254/1144/20 582/1145/20 589/1146/20 262/1147/20
f 270/733/21 597/371/21 588/374/21 261/763/21
f 348/1139/20 600/359/20 587/362/20 260/1140/20
f 377/1137/20 602/259/20 586/262/20 259/1142/20
f 267/745/21 594/255/21 585/258/21 258/769/21
f 263/757/21 590/227/21 581/230/21 257/771/21
f 255/774/3 583/223/3 584/226/3 256/775/3
f 269/1148/20 596/1149/20 583/1150/20 255/1151/20
f 257/782/1 581/215/1 582/218/1 254/783/1
f 285/799/21 619/586/21 628/475/21 430/814/21
f 282/811/51 616/538/51 627/619/51 429/794/51
f 617/806/3 283/829/3 918/832/3 915/807/3
f 276/827/21 610/310/21 625/633/21 378/790/21
f 279/970/40 613/989/40 624/335/40 350/826/40
f 278/823/21 612/398/21 623/461/21 349/816/21
f 277/786/20 611/338/20 622/654/20 288/787/20
f 378/790/21 625/633/21 621/395/21 287/791/21
f 429/794/27 627/619/27 620/622/27 286/795/27
f 275/798/21 608/583/21 619/586/21 285/799/21
f 281/802/21 615/478/21 618/307/21 284/803/21
f 937/1152/20 952/1153/20 898/1154/20 905/1155/20
f 283/810/20 617/535/20 616/538/20 282/811/20
f 430/814/21 628/475/21 615/478/21 281/802/21
f 349/816/21 623/461/21 614/119/21 280/817/21
f 273/1156/20 606/1157/20 613/1158/20 279/1159/20
f 287/791/21 621/395/21 612/398/21 278/823/21
f 350/826/23 624/335/23 611/338/23 277/786/23
f 284/803/21 618/307/21 610/310/21 276/827/21
f 672/1160/72 668/1161/72 970/1162/72 973/1163/72
f 272/834/1 605/131/1 606/134/1 273/835/1
f 286/1164/20 620/1165/20 607/1166/20 274/1167/20
f 274/842/3 607/123/3 608/126/3 275/843/3
f 280/817/21 614/119/21 605/122/21 272/845/21
f 163/517/51 638/812/51 650/793/51 422/600/51
f 213/569/21 641/800/21 649/813/21 412/496/21
f 111/265/21 632/828/21 648/789/21 371/644/21
f 223/1168/1 644/993/1 885/996/1 893/1169/1
f 123/377/21 634/824/21 647/815/21 342/452/21
f 153/980/40 635/969/40 646/825/40 332/356/40
f 143/212/21 636/818/21 645/846/21 85/213/21
f 87/208/3 630/841/3 631/844/3 88/209/3
f 203/1170/20 642/1171/20 630/1172/20 87/1173/20
f 85/200/1 645/833/1 629/836/1 86/201/1
f 663/1174/72 656/1175/72 961/1176/72 967/1177/72
f 183/264/21 640/804/21 632/828/21 111/265/21
f 332/356/23 646/825/23 633/785/23 133/357/23
f 233/376/21 643/792/21 634/824/21 123/377/21
f 86/1178/20 629/1179/20 635/1180/20 153/1181/20
f 342/452/21 647/815/21 636/818/21 143/212/21
f 412/496/21 649/813/21 637/801/21 173/497/21
f 193/516/20 639/809/20 638/812/20 163/517/20
f 639/830/3 193/1182/3 872/1183/3 879/831/3
f 173/497/21 637/801/21 640/804/21 183/264/21
f 88/568/21 631/797/21 641/800/21 213/569/21
f 422/600/27 650/793/27 642/796/27 203/601/27
f 371/644/21 648/789/21 643/792/21 233/376/21
f 133/357/20 633/785/20 644/788/20 223/663/20
f 303/861/21 665/570/21 674/495/21 432/874/21
f 300/871/51 662/518/51 673/599/51 431/856/51
f 306/849/20 668/664/20 672/1184/20 380/888/20
f 293/889/21 655/266/21 671/643/21 379/852/21
f 297/968/40 659/979/40 670/355/40 352/886/40
f 296/883/21 658/378/21 669/451/21 351/876/21
f 295/848/20 657/358/20 668/664/20 306/849/20
f 379/852/21 671/643/21 667/375/21 305/853/21
f 431/856/27 673/599/27 666/602/27 304/857/27
f 291/860/21 654/567/21 665/570/21 303/861/21
f 299/864/21 661/498/21 664/263/21 302/865/21
f 294/868/20 656/1185/20 663/515/20 301/869/20
f 301/869/20 663/515/20 662/518/20 300/871/20
f 432/874/21 674/495/21 661/498/21 299/864/21
f 351/876/21 669/451/21 660/211/21 298/877/21
f 289/1186/20 652/1187/20 659/979/20 297/968/20
f 305/853/21 667/375/21 658/378/21 296/883/21
f 352/886/23 670/355/23 657/358/23 295/848/23
f 380/888/20 672/1184/20 656/1185/20 294/868/20
f 302/865/21 664/263/21 655/266/21 293/889/21
f 298/877/21 660/211/21 651/214/21 292/891/21
f 290/894/3 653/207/3 654/210/3 291/895/3
f 304/1188/20 666/1189/20 653/1190/20 290/1191/20
f 292/902/1 651/199/1 652/202/1 289/903/1
f 321/919/21 689/576/21 698/487/21 434/932/21
f 318/929/20 686/526/20 697/607/20 433/914/20
f 324/907/20 692/660/20 696/283/20 382/948/20
f 311/949/21 679/282/21 695/639/21 381/910/21
f 315/966/20 683/983/20 694/347/20 354/946/20
f 314/1192/21 682/386/21 693/455/21 353/1193/21
f 313/906/20 681/350/20 692/660/20 324/907/20
f 381/910/21 695/639/21 691/383/21 323/911/21
f 433/914/20 697/607/20 690/610/20 322/915/20
f 310/918/21 678/573/21 689/576/21 321/919/21
f 317/922/21 685/490/21 688/279/21 320/923/21
f 312/926/20 680/286/20 687/523/20 319/927/20
f 319/927/20 687/523/20 686/526/20 318/929/20
f 434/932/21 698/487/21 685/490/21 317/922/21
f 353/1193/21 693/455/21 684/179/21 316/1194/21
f 308/1195/20 676/1196/20 683/1197/20 315/1198/20
f 323/911/21 691/383/21 682/386/21 314/1192/21
f 354/946/20 694/347/20 681/350/20 313/906/20
f 382/948/20 696/283/20 680/286/20 312/926/20
f 320/923/21 688/279/21 679/282/21 311/949/21
f 316/1194/21 684/179/21 675/182/21 307/1199/21
f 309/954/3 677/175/3 678/178/3 310/955/3
f 322/1200/20 690/1201/20 677/1202/20 309/1203/20
f 307/962/1 675/167/1 676/170/1 308/963/1
f 162/1204/20 709/930/20 722/913/20 421/1205/20
f 212/571/21 712/920/21 721/931/21 411/492/21
f 109/1206/21 702/950/21 720/909/21 370/1207/21
f 222/661/20 715/908/20 719/947/20 361/272/20
f 122/381/21 705/944/21 718/933/21 341/454/21
f 152/982/20 706/965/20 717/945/20 331/352/20
f 84/196/1 716/961/1 699/964/1 81/197/1
f 202/1208/20 713/1209/20 700/1210/20 82/1211/20
f 82/1212/3 700/953/3 701/956/3 83/1213/3
f 142/184/21 707/936/21 716/952/21 84/185/21
f 182/557/21 711/924/21 702/950/21 109/1206/21
f 361/272/20 719/947/20 703/925/20 110/273/20
f 331/352/20 717/945/20 704/905/20 132/353/20
f 232/380/21 714/941/21 705/944/21 122/381/21
f 81/1214/20 699/1215/20 706/1216/20 152/1217/20
f 341/454/21 718/933/21 707/936/21 142/184/21
f 411/492/21 721/931/21 708/921/21 172/493/21
f 192/549/20 710/928/20 709/930/20 162/1204/20
f 110/273/20 703/925/20 710/928/20 192/549/20
f 172/493/21 708/921/21 711/924/21 182/557/21
f 83/189/21 701/917/21 712/920/21 212/571/21
f 421/1205/20 722/913/20 713/916/20 202/1218/20
f 370/1207/21 720/909/21 714/912/21 232/1219/21
f 132/353/20 704/905/20 715/908/20 222/661/20
f 73/1220/1 746/1114/1 723/1117/1 74/1221/1
f 200/1222/20 737/1223/20 724/1224/20 75/1225/20
f 75/156/3 724/1108/3 725/1088/3 76/157/3
f 140/152/21 731/1101/21 746/1107/21 73/153/21
f 180/292/21 735/1093/21 726/1070/21 105/293/21
f 359/1226/20 743/1069/20 727/1094/20 106/1227/20
f 329/1228/20 741/1077/20 728/1082/20 130/1229/20
f 230/388/21 738/1085/21 729/1078/21 120/389/21
f 74/1230/20 723/1231/20 730/1232/20 150/1233/20
f 339/458/21 740/1081/21 731/1101/21 140/152/21
f 409/1234/21 745/1061/21 732/1099/21 170/1235/21
f 190/1236/20 734/1097/20 733/1062/20 160/1237/20
f 106/1227/20 727/1094/20 734/1097/20 190/1236/20
f 170/485/21 732/1090/21 735/1093/21 180/292/21
f 76/157/21 725/1088/21 736/1058/21 210/577/21
f 419/1238/20 744/1065/20 737/1087/20 200/1239/20
f 368/638/21 742/1073/21 738/1085/21 230/388/21
f 130/1229/20 728/1082/20 739/1066/20 220/1240/20
f 120/389/21 729/1078/21 740/1081/21 339/458/21
f 150/1241/20 730/1074/20 741/1077/20 329/1228/20
f 105/293/21 726/1070/21 742/1073/21 368/638/21
f 220/1240/20 739/1066/20 743/1069/20 359/1226/20
f 160/1237/20 733/1062/20 744/1065/20 419/1238/20
f 210/577/21 736/1058/21 745/1061/21 409/1234/21
f 523/1059/21 761/590/21 770/467/21 532/1060/21
f 520/1063/20 758/546/20 769/625/20 531/1064/20
f 526/1067/20 764/650/20 768/323/20 530/1068/20
f 513/1071/21 751/322/21 767/629/21 529/1072/21
f 517/1075/20 755/991/20 766/327/20 528/1076/20
f 516/1079/21 754/406/21 765/465/21 527/1080/21
f 515/1083/20 753/330/20 764/650/20 526/1067/20
f 529/1072/21 767/629/21 763/403/21 525/1084/21
f 531/1064/20 769/625/20 762/628/20 524/1086/20
f 512/1089/21 750/106/21 761/590/21 523/1059/21
f 519/1091/21 757/555/21 760/319/21 522/1092/21
f 514/1095/20 752/326/20 759/543/20 521/1096/20
f 521/1096/20 759/543/20 758/546/20 520/1063/20
f 532/1060/21 770/467/21 757/470/21 519/1098/21
f 527/1080/21 765/465/21 756/107/21 518/1100/21
f 510/1242/20 748/1243/20 755/1244/20 517/1245/20
f 525/1084/21 763/403/21 754/406/21 516/1079/21
f 528/1076/20 766/327/20 753/330/20 515/1083/20
f 530/1068/20 768/323/20 752/326/20 514/1095/20
f 522/1092/21 760/319/21 751/322/21 513/1071/21
f 518/1100/21 756/107/21 747/110/21 509/1106/21
f 511/1109/3 749/103/3 750/106/3 512/1089/3
f 524/1246/20 762/1247/20 749/1248/20 511/1249/20
f 509/1115/1 747/95/1 748/98/1 510/1116/1
f 832/1250/21 785/1251/21 794/1252/21 841/1253/21
f 829/1254/20 782/1255/20 793/1256/20 840/1257/20
f 835/1258/20 788/1259/20 792/1260/20 839/1261/20
f 823/1262/21 776/1263/21 791/1264/21 838/1265/21
f 826/1266/20 779/1267/20 790/1268/20 837/1269/20
f 825/1270/21 778/1271/21 789/1272/21 836/1273/21
f 824/1274/20 777/1275/20 788/1259/20 835/1258/20
f 838/1265/21 791/1264/21 787/1276/21 834/1277/21
f 840/1257/20 793/1256/20 786/1278/20 833/1279/20
f 821/1280/21 773/1281/21 785/1251/21 832/1250/21
f 828/1282/21 781/1283/21 784/1284/21 831/1285/21
f 822/1286/20 775/1287/20 783/1288/20 830/1289/20
f 830/1290/20 783/1291/20 782/1255/20 829/1254/20
f 841/1253/21 794/1252/21 781/1283/21 828/1282/21
f 836/1273/21 789/1272/21 780/1292/21 827/1293/21
f 819/1294/20 771/1295/20 779/1296/20 826/1297/20
f 834/1277/21 787/1276/21 778/1271/21 825/1270/21
f 837/1269/20 790/1268/20 777/1275/20 824/1274/20
f 831/1298/21 784/1299/21 776/1263/21 823/1262/21
f 839/1261/20 792/1260/20 775/1287/20 822/1286/20
f 842/1300/1 774/1301/1 771/1302/1 819/1303/1
f 833/1304/20 786/1305/20 772/1306/20 820/1307/20
f 820/1307/3 772/1306/3 773/1308/3 821/1309/3
f 827/1293/21 780/1292/21 774/1310/21 842/1311/21
f 785/1251/21 809/572/21 818/491/21 794/1252/21
f 782/1255/20 806/522/20 817/603/20 793/1256/20
f 788/1259/20 812/662/20 816/271/20 792/1260/20
f 776/1263/21 800/278/21 815/641/21 791/1264/21
f 779/1267/20 803/981/20 814/351/20 790/1268/20
f 778/1271/21 802/382/21 813/453/21 789/1272/21
f 777/1275/20 801/354/20 812/662/20 788/1259/20
f 791/1264/21 815/641/21 811/379/21 787/1276/21
f 793/1256/20 817/603/20 810/606/20 786/1278/20
f 773/1281/21 798/190/21 809/572/21 785/1251/21
f 781/1283/21 805/494/21 808/558/21 784/1284/21
f 775/1287/20 799/274/20 807/550/20 783/1288/20
f 783/1291/20 807/519/20 806/522/20 782/1255/20
f 794/1252/21 818/491/21 805/494/21 781/1283/21
f 789/1272/21 813/453/21 804/183/21 780/1292/21
f 771/1312/20 796/1313/20 803/1314/20 779/1315/20
f 787/1276/21 811/379/21 802/382/21 778/1271/21
f 790/1268/20 814/351/20 801/354/20 777/1275/20
f 784/1299/21 808/275/21 800/278/21 776/1263/21
f 792/1260/20 816/271/20 799/274/20 775/1287/20
f 774/1301/1 795/195/1 796/198/1 771/1302/1
f 786/1316/20 810/1317/20 797/1318/20 772/1319/20
f 772/1306/3 797/194/3 798/1320/3 773/1308/3
f 780/1292/21 804/183/21 795/186/21 774/1310/21
f 147/1321/21 827/1293/21 842/1311/21 57/1322/21
f 63/112/3 820/1323/3 821/1280/3 61/113/3
f 206/1324/20 833/1279/20 820/1323/20 63/112/20
f 57/1325/1 842/1300/1 819/1303/1 59/1326/1
f 364/1327/20 839/1261/20 822/1286/20 97/1328/20
f 187/1329/21 831/1298/21 823/1262/21 99/1330/21
f 335/1331/20 837/1269/20 824/1274/20 116/1332/20
f 217/1333/21 834/1277/21 825/1270/21 127/1334/21
f 59/1326/20 819/1303/20 826/1266/20 136/1335/20
f 326/1336/21 836/1273/21 827/1293/21 147/1321/21
f 416/1337/21 841/1253/21 828/1282/21 157/1338/21
f 176/1339/20 830/1290/20 829/1254/20 166/1340/20
f 97/1328/20 822/1286/20 830/1289/20 176/1341/20
f 157/1338/21 828/1282/21 831/1285/21 187/1342/21
f 61/113/21 821/1280/21 832/1250/21 197/1343/21
f 405/1344/20 840/1257/20 833/1279/20 206/1324/20
f 356/1345/21 838/1265/21 834/1277/21 217/1333/21
f 116/1332/20 824/1274/20 835/1258/20 226/1346/20
f 127/1334/21 825/1270/21 836/1273/21 326/1336/21
f 136/1335/20 826/1266/20 837/1269/20 335/1331/20
f 99/1330/21 823/1262/21 838/1265/21 356/1345/21
f 226/1346/20 835/1258/20 839/1261/20 364/1327/20
f 166/1340/20 829/1254/20 840/1257/20 405/1344/20
f 197/1343/21 832/1250/21 841/1253/21 416/1337/21
f 891/1347/20 884/1348/20 944/1349/20 845/1350/20
f 946/1351/20 934/1352/20 908/1353/20 863/1354/20
f 193/1182/3 663/1174/3 967/1177/3 872/1183/3
f 864/1355/20 907/1356/20 919/1357/20 878/1358/20
f 668/1161/1 223/1168/1 893/1169/1 970/1162/1
f 972/1359/20 843/1360/20 852/1361/20 959/1362/20
f 656/1175/72 672/1160/72 973/1163/72 961/1176/72
f 626/998/35 609/805/35 899/808/35 954/999/35
f 906/1363/20 900/1364/20 914/1365/20 917/1366/20
f 854/1367/20 861/1368/20 877/1369/20 871/1370/20
f 969/1371/20 892/1372/20 844/1373/20 974/1374/20
f 960/1375/20 855/1376/20 870/1377/20 966/1378/20
f 288/994/1 622/997/1 925/1000/1 929/995/1
f 843/1360/20 847/1379/20 848/1380/20 851/1381/20
f 844/1373/20 849/1382/20 848/1380/20 847/1379/20
f 845/1350/20 850/1383/20 848/1380/20 849/1382/20
f 846/1384/20 851/1381/20 848/1380/20 850/1383/20
f 852/1361/20 856/1385/20 857/1386/20 860/1387/20
f 853/1388/20 858/1389/20 857/1386/20 856/1385/20
f 854/1367/20 859/1390/20 857/1386/20 858/1389/20
f 855/1376/20 860/1387/20 857/1386/20 859/1390/20
f 861/1368/20 865/1391/20 866/1392/20 869/1393/20
f 862/1394/20 867/1395/20 866/1392/20 865/1391/20
f 863/1354/20 868/1396/20 866/1392/20 867/1395/20
f 864/1355/20 869/1393/20 866/1392/20 868/1396/20
f 870/1377/73 873/1397/73 874/1398/73 876/1399/73
f 871/1370/74 875/1400/74 874/1398/74 873/1397/74
f 872/1183/75 876/1401/75 874/1402/75 875/1403/75
f 877/1369/76 880/1404/76 881/1405/76 883/1406/76
f 878/1358/77 882/1407/77 881/1405/77 880/1404/77
f 879/831/78 883/1408/78 881/1409/78 882/1410/78
f 884/1348/79 887/1411/79 888/1412/79 890/1413/79
f 885/996/80 889/1414/80 888/1415/80 887/1416/80
f 886/551/81 890/1413/81 888/1412/81 889/1417/81
f 891/1347/82 894/1418/82 895/1419/82 897/1420/82
f 892/1372/83 896/1421/83 895/1419/83 894/1418/83
f 893/1169/84 897/1422/84 895/1423/84 896/1424/84
f 898/1154/85 901/1425/85 902/1426/85 904/1427/85
f 899/808/86 903/1428/86 902/1429/86 901/1430/86
f 900/1364/87 904/1427/87 902/1426/87 903/1431/87
f 905/1155/20 909/1432/20 910/1433/20 913/1434/20
f 906/1363/20 911/1435/20 910/1433/20 909/1432/20
f 907/1356/20 912/1436/20 910/1433/20 911/1435/20
f 908/1353/20 913/1434/20 910/1433/20 912/1436/20
f 917/1366/74 920/1437/74 921/1438/74 923/1439/74
f 918/832/75 922/1440/75 921/1441/75 920/1442/75
f 919/1357/73 923/1439/73 921/1438/73 922/1443/73
f 927/267/82 930/1444/82 931/1445/82 933/1446/82
f 928/552/83 932/1447/83 931/1445/83 930/1444/83
f 929/995/84 933/1448/84 931/1449/84 932/1450/84
f 934/1352/20 938/1451/20 939/1452/20 942/1453/20
f 935/553/20 940/1454/20 939/1452/20 938/1451/20
f 936/270/20 941/1455/20 939/1452/20 940/1454/20
f 937/1152/20 942/1453/20 939/1452/20 941/1455/20
f 943/1456/20 947/1457/20 948/1458/20 951/1459/20
f 944/1349/20 949/1460/20 948/1458/20 947/1457/20
f 945/554/20 950/1461/20 948/1458/20 949/1460/20
f 946/1351/20 951/1459/20 948/1458/20 950/1461/20
f 952/1153/88 955/1462/88 956/1463/88 958/1464/88
f 953/269/85 957/1465/85 956/1463/85 955/1462/85
f 954/999/86 958/1466/86 956/1467/86 957/1468/86
f 959/1362/89 962/1469/89 963/1470/89 965/1471/89
f 960/1375/90 964/1472/90 963/1470/90 962/1469/90
f 961/1176/91 965/1473/91 963/1474/91 964/1475/91
f 972/1359/90 975/1476/90 976/1477/90 978/1478/90
f 973/1163/91 977/1479/91 976/1480/91 975/1481/91
f 974/1374/89 978/1478/89 976/1477/89 977/1482/89
f 846/1384/20 853/1388/20 856/1385/20 851/1381/20
f 851/1381/20 856/1385/20 852/1361/20 843/1360/20
f 861/1368/20 854/1367/20 858/1389/20 865/1391/20
f 865/1391/20 858/1389/20 853/1388/20 862/1394/20
f 854/1367/20 871/1370/20 873/1397/20 859/1390/20
f 859/1390/20 873/1397/20 870/1377/20 855/1376/20
f 879/831/92 872/1183/92 875/1403/92 883/1408/92
f 883/1406/93 875/1400/93 871/1370/93 877/1369/93
f 884/1348/94 891/1347/94 897/1420/94 887/1411/94
f 887/1416/95 897/1422/95 893/1169/95 885/996/95
f 900/1364/20 906/1363/20 909/1432/20 904/1427/20
f 904/1427/20 909/1432/20 905/1155/20 898/1154/20
f 915/807/96 918/832/96 920/1442/96 916/1483/96
f 916/1484/97 920/1437/97 917/1366/97 914/1365/97
f 924/268/98 927/267/98 933/1446/98 926/1485/98
f 926/1486/99 933/1448/99 929/995/99 925/1000/99
f 906/1363/20 917/1366/20 923/1439/20 911/1435/20
f 911/1435/20 923/1439/20 919/1357/20 907/1356/20
f 937/1152/20 905/1155/20 913/1434/20 942/1453/20
f 942/1453/20 913/1434/20 908/1353/20 934/1352/20
f 891/1347/20 845/1350/20 849/1382/20 894/1418/20
f 894/1418/20 849/1382/20 844/1373/20 892/1372/20
f 927/267/20 936/270/20 940/1454/20 930/1444/20
f 930/1444/20 940/1454/20 935/553/20 928/552/20
f 943/1456/20 846/1384/20 850/1383/20 947/1457/20
f 947/1457/20 850/1383/20 845/1350/20 944/1349/20
f 952/1153/20 937/1152/20 941/1455/20 955/1462/20
f 955/1462/20 941/1455/20 936/270/20 953/269/20
f 925/1000/100 954/999/100 957/1468/100 926/1486/100
f 926/1485/101 957/1465/101 953/269/101 924/268/101
f 899/808/100 915/807/100 916/1483/100 903/1428/100
f 903/1431/102 916/1484/102 914/1365/102 900/1364/102
f 954/999/103 899/808/103 901/1430/103 958/1466/103
f 958/1464/104 901/1425/104 898/1154/104 952/1153/104
f 907/1356/20 864/1355/20 868/1396/20 912/1436/20
f 912/1436/20 868/1396/20 863/1354/20 908/1353/20
f 918/832/105 879/831/105 882/1410/105 922/1440/105
f 922/1443/106 882/1407/106 878/1358/106 919/1357/106
f 928/552/107 886/551/107 889/1417/107 932/1447/107
f 932/1450/108 889/1414/108 885/996/108 929/995/108
f 934/1352/20 946/1351/20 950/1461/20 938/1451/20
f 938/1451/20 950/1461/20 945/554/20 935/553/20
f 886/551/20 945/554/20 949/1460/20 890/1413/20
f 890/1413/20 949/1460/20 944/1349/20 884/1348/20
f 946/1351/20 863/1354/20 867/1395/20 951/1459/20
f 951/1459/20 867/1395/20 862/1394/20 943/1456/20
f 864/1355/20 878/1358/20 880/1404/20 869/1393/20
f 869/1393/20 880/1404/20 877/1369/20 861/1368/20
f 855/1376/20 960/1375/20 962/1469/20 860/1387/20
f 860/1387/20 962/1469/20 959/1362/20 852/1361/20
f 872/1183/109 967/1177/109 968/1487/109 876/1401/109
f 876/1399/110 968/1488/110 966/1378/110 870/1377/110
f 892/1372/111 969/1371/111 971/1489/111 896/1421/111
f 896/1424/112 971/1490/112 970/1162/112 893/1169/112
f 843/1360/20 972/1359/20 978/1478/20 847/1379/20
f 847/1379/20 978/1478/20 974/1374/20 844/1373/20
f 969/1371/113 974/1374/113 977/1482/113 971/1489/113
f 971/1490/114 977/1479/114 973/1163/114 970/1162/114
f 960/1375/115 966/1378/115 968/1488/115 964/1472/115
f 964/1475/116 968/1487/116 967/1177/116 961/1176/116
f 972/1359/117 959/1362/117 965/1471/117 975/1476/117
f 975/1481/118 965/1473/118 961/1176/118 973/1163/118
f 846/1384/20 943/1456/20 862/1394/20 853/1388/20
