# Blender v3.0.0 OBJ File: ''
# www.blender.org
mtllib desklamp.mtl
o base
v 0.000000 -0.246866 0.120966
v 0.000000 -0.226001 0.118632
v 0.014774 -0.224958 0.119647
v 0.017373 -0.245640 0.122160
v 0.000000 -0.266875 0.127326
v 0.019304 -0.265513 0.128653
v 0.000000 -0.285259 0.137468
v 0.020493 -0.283813 0.138876
v 0.000000 -0.166265 0.135891
v 0.000000 -0.149860 0.148995
v 0.004076 -0.165977 0.136172
v 0.000000 -0.184911 0.126241
v 0.007996 -0.184347 0.126790
v 0.000000 -0.205081 0.120412
v 0.011608 -0.204262 0.121210
v 0.022771 -0.201836 0.123573
v 0.028981 -0.221871 0.122653
v 0.034078 -0.242010 0.125695
v 0.037866 -0.261479 0.132581
v 0.040198 -0.279531 0.143046
v 0.007996 -0.165125 0.137001
v 0.015685 -0.182676 0.128417
v 0.011608 -0.163742 0.138348
v 0.022771 -0.179962 0.131060
v 0.033057 -0.197897 0.127409
v 0.042075 -0.216857 0.127536
v 0.049474 -0.236115 0.131437
v 0.054973 -0.254928 0.138961
v 0.058359 -0.272576 0.149819
v 0.053551 -0.210110 0.134107
v 0.062969 -0.228181 0.139163
v 0.069967 -0.246113 0.147546
v 0.074277 -0.263217 0.158933
v 0.014774 -0.161881 0.140161
v 0.028981 -0.176311 0.134616
v 0.042075 -0.192596 0.132572
v 0.017373 -0.159612 0.142370
v 0.034078 -0.171861 0.138949
v 0.049474 -0.186136 0.138862
v 0.062969 -0.201888 0.142114
v 0.074043 -0.218513 0.148578
v 0.082272 -0.235371 0.158007
v 0.087340 -0.251814 0.170039
v 0.069967 -0.192508 0.151248
v 0.082272 -0.207483 0.159319
v 0.091417 -0.223115 0.169942
v 0.097047 -0.238803 0.182709
v 0.019304 -0.157025 0.144891
v 0.037866 -0.166785 0.143892
v 0.054973 -0.178766 0.146039
v 0.020493 -0.154217 0.147625
v 0.040198 -0.161276 0.149257
v 0.058359 -0.170769 0.153827
v 0.074277 -0.182330 0.161160
v 0.087340 -0.195515 0.170974
v 0.097047 -0.209817 0.182893
v 0.103025 -0.224686 0.196457
v 0.089051 -0.183069 0.183095
v 0.098948 -0.195988 0.196360
v 0.105043 -0.210005 0.210754
v 0.020894 -0.151296 0.150469
v 0.040986 -0.155548 0.154835
v 0.059502 -0.162453 0.161926
v 0.075732 -0.171746 0.171468
v 0.040198 -0.149820 0.160414
v 0.058359 -0.154137 0.170025
v 0.074277 -0.161161 0.181776
v 0.087340 -0.170623 0.195216
v 0.097047 -0.182158 0.209828
v 0.103025 -0.195323 0.225052
v 0.020493 -0.148376 0.153313
v 0.091417 -0.168860 0.222779
v 0.097047 -0.181206 0.238800
v 0.019304 -0.145568 0.156048
v 0.037866 -0.144311 0.165778
v 0.054973 -0.146140 0.177812
v 0.069967 -0.150983 0.191687
v 0.082272 -0.158655 0.206871
v 0.034078 -0.139235 0.170722
v 0.049474 -0.138770 0.184989
v 0.062969 -0.141603 0.200822
v 0.074043 -0.147625 0.217612
v 0.082272 -0.156604 0.234714
v 0.087340 -0.168196 0.251470
v 0.017373 -0.142980 0.158568
v 0.069967 -0.145862 0.245175
v 0.074277 -0.156792 0.262576
v 0.014774 -0.140711 0.160777
v 0.028981 -0.134785 0.175055
v 0.042075 -0.132311 0.191280
v 0.053551 -0.133381 0.208829
v 0.062969 -0.137957 0.227027
v 0.033057 -0.127009 0.196443
v 0.042075 -0.126634 0.215400
v 0.049474 -0.130023 0.234754
v 0.054973 -0.137046 0.253760
v 0.058359 -0.147433 0.271690
v 0.011608 -0.138850 0.162590
v 0.022771 -0.131134 0.178611
v 0.007996 -0.137466 0.163937
v 0.015685 -0.128420 0.181254
v 0.022771 -0.123070 0.200279
v 0.028981 -0.121621 0.220283
v 0.034078 -0.124128 0.240495
v 0.037866 -0.130496 0.260140
v 0.040198 -0.140479 0.278462
v 0.011608 -0.120644 0.202641
v 0.014774 -0.118533 0.223289
v 0.017373 -0.120497 0.244031
v 0.019304 -0.126462 0.264068
v 0.020493 -0.136197 0.282632
v 0.004076 -0.136615 0.164767
v 0.007996 -0.126750 0.182881
v 0.000000 -0.136327 0.165047
v 0.000000 -0.126186 0.183430
v 0.000000 -0.119825 0.203439
v 0.000000 -0.117491 0.224305
v 0.000000 -0.119272 0.245224
v 0.000000 -0.125100 0.265395
v 0.000000 -0.134751 0.284041
v -0.014774 -0.118533 0.223289
v -0.017373 -0.120497 0.244030
v -0.019304 -0.126462 0.264068
v -0.020493 -0.136197 0.282632
v -0.004076 -0.136615 0.164767
v -0.007996 -0.126750 0.182881
v -0.011608 -0.120644 0.202641
v -0.007996 -0.137466 0.163937
v -0.015685 -0.128420 0.181254
v -0.022771 -0.123070 0.200279
v -0.028981 -0.121621 0.220283
v -0.034078 -0.124128 0.240495
v -0.037866 -0.130496 0.260140
v -0.040198 -0.140479 0.278462
v -0.049474 -0.130023 0.234754
v -0.054973 -0.137046 0.253760
v -0.058359 -0.147433 0.271690
v -0.011608 -0.138850 0.162590
v -0.022771 -0.131134 0.178611
v -0.033057 -0.127009 0.196443
v -0.042075 -0.126634 0.215400
v -0.014774 -0.140711 0.160777
v -0.028981 -0.134785 0.175055
v -0.042075 -0.132311 0.191280
v -0.053551 -0.133381 0.208829
v -0.062969 -0.137957 0.227027
v -0.069967 -0.145862 0.245175
v -0.074277 -0.156792 0.262576
v -0.074043 -0.147625 0.217612
v -0.082272 -0.156604 0.234714
v -0.087340 -0.168196 0.251470
v -0.017373 -0.142980 0.158568
v -0.034078 -0.139235 0.170722
v -0.049474 -0.138770 0.184989
v -0.062969 -0.141603 0.200822
v -0.037866 -0.144311 0.165778
v -0.054973 -0.146140 0.177812
v -0.069967 -0.150983 0.191687
v -0.082272 -0.158655 0.206871
v -0.091417 -0.168860 0.222779
v -0.097047 -0.181206 0.238800
v -0.019304 -0.145568 0.156048
v -0.097047 -0.182158 0.209828
v -0.103025 -0.195323 0.225051
v -0.020493 -0.148376 0.153313
v -0.040198 -0.149820 0.160414
v -0.058359 -0.154137 0.170025
v -0.074277 -0.161161 0.181776
v -0.087340 -0.170623 0.195216
v -0.040986 -0.155548 0.154835
v -0.059502 -0.162453 0.161926
v -0.075732 -0.171746 0.171468
v -0.089051 -0.183069 0.183095
v -0.098948 -0.195988 0.196360
v -0.105043 -0.210005 0.210754
v -0.020894 -0.151296 0.150469
v -0.097047 -0.209817 0.182893
v -0.103025 -0.224686 0.196457
v -0.020493 -0.154217 0.147625
v -0.040198 -0.161276 0.149257
v -0.058359 -0.170769 0.153827
v -0.074277 -0.182330 0.161160
v -0.087340 -0.195515 0.170974
v -0.054973 -0.178766 0.146039
v -0.069967 -0.192508 0.151248
v -0.082272 -0.207483 0.159319
v -0.091416 -0.223115 0.169942
v -0.097047 -0.238803 0.182709
v -0.019304 -0.157025 0.144891
v -0.037866 -0.166785 0.143892
v -0.017373 -0.159612 0.142370
v -0.034078 -0.171861 0.138949
v -0.049474 -0.186136 0.138862
v -0.062969 -0.201888 0.142114
v -0.074043 -0.218513 0.148578
v -0.082272 -0.235371 0.158007
v -0.087340 -0.251814 0.170038
v -0.053551 -0.210110 0.134107
v -0.062969 -0.228181 0.139163
v -0.069967 -0.246113 0.147546
v -0.074277 -0.263217 0.158933
v -0.014774 -0.161881 0.140161
v -0.028981 -0.176311 0.134616
v -0.042074 -0.192596 0.132571
v -0.011608 -0.163742 0.138348
v -0.022771 -0.179962 0.131060
v -0.033057 -0.197897 0.127409
v -0.042075 -0.216857 0.127536
v -0.049474 -0.236115 0.131437
v -0.054973 -0.254928 0.138961
v -0.058359 -0.272576 0.149819
v -0.028981 -0.221871 0.122653
v -0.034078 -0.242010 0.125695
v -0.037866 -0.261479 0.132581
v -0.040198 -0.279530 0.143047
v -0.007996 -0.165125 0.137001
v -0.015685 -0.182676 0.128417
v -0.022771 -0.201836 0.123573
v -0.004076 -0.165977 0.136172
v -0.007996 -0.184347 0.126790
v -0.011608 -0.204262 0.121210
v -0.014774 -0.224958 0.119647
v -0.017373 -0.245640 0.122160
v -0.019304 -0.265513 0.128653
v -0.020493 -0.283813 0.138876
v -0.027466 -0.425011 0.234209
v -0.020561 -0.341625 0.198133
v -0.000008 -0.343070 0.196727
v -0.000008 -0.426939 0.232330
v 0.053854 -0.419300 0.239773
v 0.040308 -0.337349 0.202298
v 0.058522 -0.330404 0.209061
v 0.078191 -0.410026 0.248808
v 0.074486 -0.321057 0.218163
v 0.099524 -0.397543 0.260968
v 0.087588 -0.309669 0.229254
v 0.117033 -0.382331 0.275787
v 0.097324 -0.296676 0.241908
v 0.130045 -0.364973 0.292694
v 0.103319 -0.282577 0.255638
v 0.138059 -0.346136 0.311041
v 0.105343 -0.267915 0.269916
v 0.140765 -0.326545 0.330120
v 0.103319 -0.253253 0.284195
v 0.138059 -0.306953 0.349199
v 0.097324 -0.239155 0.297925
v 0.130045 -0.288114 0.367543
v 0.087588 -0.226161 0.310578
v 0.117033 -0.270752 0.384447
v 0.074486 -0.214773 0.321669
v 0.099524 -0.255536 0.399262
v 0.058522 -0.205426 0.330771
v 0.078191 -0.243050 0.411418
v 0.040308 -0.198481 0.337535
v 0.053854 -0.233772 0.420449
v 0.020545 -0.194204 0.341700
v 0.027450 -0.228059 0.426011
v -0.000008 -0.192760 0.343106
v -0.000008 -0.226130 0.427888
v -0.020561 -0.194204 0.341700
v -0.027466 -0.228059 0.426011
v -0.040324 -0.198481 0.337535
v -0.053870 -0.233772 0.420449
v -0.058538 -0.205426 0.330771
v -0.078207 -0.243050 0.411418
v -0.074502 -0.214773 0.321669
v -0.099539 -0.255536 0.399262
v -0.087604 -0.226161 0.310578
v -0.117049 -0.270752 0.384447
v -0.097339 -0.239155 0.297925
v -0.130061 -0.288114 0.367543
v -0.103335 -0.253253 0.284195
v -0.138075 -0.306953 0.349199
v -0.105359 -0.267915 0.269916
v -0.140781 -0.326545 0.330120
v -0.103335 -0.282577 0.255638
v -0.138075 -0.346136 0.311041
v -0.097339 -0.296676 0.241908
v -0.130061 -0.364973 0.292694
v -0.087604 -0.309669 0.229254
v -0.117049 -0.382331 0.275787
v -0.074502 -0.321057 0.218163
v -0.099539 -0.397543 0.260968
v -0.058538 -0.330404 0.209061
v -0.078207 -0.410026 0.248808
v -0.040324 -0.337349 0.202298
v -0.053870 -0.419300 0.239773
v 0.103319 -0.237058 0.208897
v 0.105343 -0.222396 0.223175
v 0.027450 -0.425011 0.234209
v 0.020545 -0.341626 0.198133
v 0.029523 -0.438796 0.233555
v -0.000008 -0.440870 0.231535
v 0.028824 -0.440867 0.240888
v -0.000008 -0.442892 0.238915
v 0.025538 -0.430668 0.254242
v -0.000008 -0.432463 0.252494
v 0.057920 -0.432653 0.239539
v 0.056544 -0.434869 0.246729
v 0.050095 -0.425354 0.259417
v 0.084089 -0.422677 0.249256
v 0.082084 -0.425130 0.256213
v 0.072714 -0.416729 0.267816
v 0.107026 -0.409252 0.262332
v 0.104464 -0.412029 0.268973
v 0.092525 -0.405131 0.279111
v 0.125849 -0.392894 0.278264
v 0.122824 -0.396070 0.284514
v 0.108770 -0.391009 0.292863
v 0.139835 -0.374232 0.296440
v 0.136463 -0.377869 0.302241
v 0.120833 -0.374910 0.308542
v 0.148448 -0.353982 0.316161
v 0.144860 -0.358124 0.321469
v 0.128256 -0.357452 0.325543
v 0.151356 -0.332923 0.336670
v 0.147695 -0.337592 0.341464
v 0.130762 -0.339301 0.343219
v 0.148448 -0.311864 0.357178
v 0.144860 -0.317060 0.361459
v 0.128256 -0.321151 0.360895
v 0.139835 -0.291613 0.376898
v 0.136463 -0.297315 0.380688
v 0.120833 -0.303692 0.377897
v 0.125849 -0.272950 0.395072
v 0.122825 -0.279114 0.398413
v 0.108770 -0.287593 0.393575
v 0.107026 -0.256589 0.411002
v 0.104464 -0.263155 0.413955
v 0.092525 -0.273472 0.407327
v 0.084089 -0.243162 0.424076
v 0.082084 -0.250053 0.426713
v 0.072714 -0.261873 0.418623
v 0.057920 -0.233184 0.433791
v 0.056544 -0.240314 0.436197
v 0.050095 -0.253249 0.427022
v 0.029523 -0.227040 0.439774
v 0.028824 -0.234315 0.442038
v 0.025538 -0.247935 0.432197
v -0.000008 -0.224966 0.441794
v -0.000008 -0.232290 0.444011
v -0.000008 -0.246140 0.433945
v -0.029539 -0.227040 0.439774
v -0.028839 -0.234315 0.442038
v -0.025554 -0.247935 0.432197
v -0.057936 -0.233185 0.433791
v -0.056559 -0.240314 0.436197
v -0.050111 -0.253249 0.427022
v -0.084105 -0.243162 0.424076
v -0.082100 -0.250053 0.426713
v -0.072729 -0.261873 0.418623
v -0.107042 -0.256589 0.411002
v -0.104480 -0.263155 0.413955
v -0.092540 -0.273472 0.407327
v -0.125865 -0.272950 0.395072
v -0.122840 -0.279114 0.398413
v -0.108786 -0.287593 0.393575
v -0.139851 -0.291613 0.376898
v -0.136479 -0.297315 0.380688
v -0.120848 -0.303692 0.377897
v -0.148464 -0.311864 0.357178
v -0.144875 -0.317060 0.361459
v -0.128272 -0.321151 0.360895
v -0.151371 -0.332923 0.336670
v -0.147710 -0.337592 0.341464
v -0.130778 -0.339301 0.343219
v -0.148464 -0.353982 0.316161
v -0.144875 -0.358124 0.321469
v -0.128272 -0.357452 0.325543
v -0.139851 -0.374232 0.296440
v -0.136479 -0.377869 0.302241
v -0.120848 -0.374910 0.308542
v -0.125865 -0.392894 0.278264
v -0.122840 -0.396070 0.284515
v -0.108786 -0.391009 0.292863
v -0.107042 -0.409252 0.262332
v -0.104480 -0.412029 0.268973
v -0.092540 -0.405131 0.279111
v -0.084105 -0.422677 0.249256
v -0.082100 -0.425131 0.256213
v -0.072729 -0.416729 0.267816
v -0.057936 -0.432653 0.239539
v -0.056559 -0.434869 0.246729
v -0.050111 -0.425354 0.259417
v -0.029539 -0.438796 0.233555
v -0.028839 -0.440867 0.240888
v -0.025554 -0.430668 0.254242
v -0.000008 -0.423196 0.242978
v -0.025554 -0.421401 0.244726
v -0.120848 -0.294425 0.368382
v -0.108786 -0.278327 0.384060
v 0.025538 -0.421401 0.244726
v -0.130778 -0.330034 0.333704
v -0.128272 -0.311884 0.351380
v 0.072714 -0.407463 0.258301
v 0.050095 -0.416087 0.249901
v -0.120848 -0.365644 0.299026
v -0.128272 -0.348185 0.316028
v 0.108770 -0.381743 0.283348
v 0.092525 -0.395864 0.269596
v -0.092540 -0.395864 0.269596
v -0.108786 -0.381743 0.283348
v 0.128256 -0.348185 0.316028
v 0.120833 -0.365644 0.299026
v -0.050111 -0.416087 0.249901
v -0.072729 -0.407463 0.258301
v 0.128256 -0.311884 0.351380
v 0.130762 -0.330034 0.333704
v 0.108770 -0.278327 0.384060
v 0.120833 -0.294425 0.368382
v 0.072714 -0.252607 0.409107
v 0.092525 -0.264205 0.397812
v 0.025538 -0.238668 0.422681
v 0.050095 -0.243982 0.417506
v -0.025554 -0.238668 0.422681
v -0.000008 -0.236873 0.424429
v -0.072729 -0.252607 0.409107
v -0.050111 -0.243982 0.417506
v -0.092540 -0.264205 0.397812
v 0.025370 -1.244080 -0.214754
v -0.025370 -1.244080 -0.214754
v -0.025370 -0.807189 -0.440250
v 0.025370 -0.807189 -0.440250
v 0.025370 -1.220809 -0.169666
v 0.025370 -1.229266 -0.186052
v 0.025370 -0.792374 -0.411547
v 0.025370 -0.783917 -0.395161
v 0.025370 -1.235623 -0.198368
v 0.025370 -0.798732 -0.423864
v -0.025370 -1.229266 -0.186052
v -0.025370 -1.220809 -0.169666
v -0.025370 -0.783917 -0.395161
v -0.025370 -0.792374 -0.411547
v -0.025370 -1.235623 -0.198368
v -0.025370 -0.798732 -0.423864
v 0.000000 -0.212942 0.216314
v 0.000000 -0.155381 0.090338
v 0.002680 -0.155093 0.090346
v 0.002680 -0.212655 0.216323
v 0.005257 -0.154242 0.090371
v 0.005257 -0.211804 0.216347
v 0.007632 -0.152860 0.090411
v 0.007632 -0.210421 0.216388
v 0.009714 -0.150999 0.090466
v 0.009714 -0.208561 0.216442
v 0.011422 -0.148733 0.090531
v 0.011422 -0.206294 0.216508
v 0.012692 -0.146146 0.090607
v 0.012692 -0.203708 0.216583
v 0.013473 -0.143340 0.090689
v 0.013473 -0.200902 0.216665
v 0.013737 -0.140421 0.090774
v 0.013737 -0.197983 0.216750
v 0.013473 -0.137503 0.090859
v 0.013473 -0.195064 0.216835
v 0.012692 -0.134697 0.090941
v 0.012692 -0.192258 0.216917
v 0.011422 -0.132110 0.091016
v 0.011422 -0.189672 0.216992
v 0.009714 -0.129844 0.091082
v 0.009714 -0.187405 0.217059
v 0.007632 -0.127983 0.091137
v 0.007632 -0.185545 0.217113
v 0.005257 -0.126601 0.091177
v 0.005257 -0.184162 0.217153
v 0.002680 -0.125750 0.091202
v 0.002680 -0.183311 0.217178
v 0.000000 -0.125462 0.091210
v 0.000000 -0.183023 0.217186
v -0.002680 -0.125750 0.091202
v -0.002680 -0.183311 0.217178
v -0.005257 -0.126601 0.091177
v -0.005257 -0.184162 0.217153
v -0.007632 -0.127983 0.091137
v -0.007632 -0.185545 0.217113
v -0.009714 -0.129844 0.091082
v -0.009714 -0.187405 0.217059
v -0.011422 -0.132110 0.091016
v -0.011422 -0.189672 0.216992
v -0.012692 -0.134697 0.090941
v -0.012692 -0.192258 0.216917
v -0.013473 -0.137503 0.090859
v -0.013473 -0.195064 0.216835
v -0.013737 -0.140421 0.090774
v -0.013737 -0.197983 0.216750
v -0.013473 -0.143340 0.090689
v -0.013473 -0.200902 0.216665
v -0.012692 -0.146146 0.090607
v -0.012692 -0.203708 0.216583
v -0.011422 -0.148733 0.090531
v -0.011422 -0.206294 0.216508
v -0.009714 -0.150999 0.090466
v -0.009714 -0.208561 0.216442
v -0.007632 -0.152860 0.090411
v -0.007632 -0.210421 0.216388
v -0.005257 -0.154242 0.090371
v -0.005257 -0.211804 0.216347
v -0.002680 -0.155093 0.090346
v -0.002680 -0.212655 0.216323
v -0.025370 -0.756901 -0.400971
v 0.025370 -0.756901 -0.400971
v 0.025370 -0.144067 0.042163
v -0.025370 -0.144067 0.042163
v -0.025370 -0.746096 -0.415914
v -0.025370 -0.133263 0.027221
v 0.025370 -0.765023 -0.389739
v -0.025370 -0.765023 -0.389739
v -0.025370 -0.152189 0.053396
v 0.025370 -0.152189 0.053396
v 0.025370 -0.775827 -0.374796
v 0.025370 -0.162994 0.068338
v 0.025370 -0.746096 -0.415914
v 0.025370 -0.133263 0.027221
v -0.025370 -0.775827 -0.374796
v -0.025370 -0.162994 0.068338
v 0.058522 -0.159907 0.284030
v 0.074486 -0.169254 0.274928
v 0.071019 -0.154986 0.255327
v 0.055797 -0.146075 0.264006
v -0.087604 -0.180642 0.263837
v -0.097339 -0.193635 0.251184
v 0.103319 -0.207734 0.237454
v -0.103335 -0.207734 0.237454
v 0.097324 -0.193635 0.251184
v -0.105359 -0.222396 0.223175
v 0.087588 -0.180642 0.263837
v -0.103335 -0.237058 0.208897
v -0.097339 -0.251156 0.195167
v -0.087604 -0.264150 0.182513
v 0.040308 -0.152962 0.290793
v -0.000008 -0.297551 0.149986
v 0.020545 -0.296107 0.151392
v -0.074502 -0.275538 0.171422
v 0.020545 -0.148685 0.294958
v 0.040308 -0.291830 0.155557
v -0.058538 -0.284885 0.162320
v -0.000008 -0.147241 0.296365
v 0.058522 -0.284885 0.162320
v -0.040324 -0.291830 0.155557
v -0.020561 -0.148685 0.294958
v 0.074486 -0.275538 0.171422
v -0.020561 -0.296107 0.151392
v -0.040324 -0.152962 0.290793
v 0.087588 -0.264150 0.182513
v -0.058538 -0.159907 0.284030
v 0.097324 -0.251156 0.195167
v -0.074502 -0.169253 0.274928
v 0.019588 -0.275933 0.137542
v -0.000008 -0.277310 0.136202
v -0.019604 -0.275933 0.137542
v -0.038447 -0.271856 0.141513
v -0.055813 -0.265234 0.147962
v -0.071034 -0.256323 0.156640
v -0.083526 -0.245464 0.167215
v -0.092808 -0.233076 0.179279
v -0.098524 -0.219634 0.192370
v -0.100454 -0.205654 0.205984
v -0.098524 -0.191675 0.219598
v -0.092808 -0.178233 0.232689
v -0.083526 -0.165844 0.244753
v -0.071034 -0.154986 0.255327
v -0.055813 -0.146075 0.264006
v -0.038447 -0.139453 0.270454
v -0.019604 -0.135375 0.274425
v -0.000008 -0.133998 0.275766
v 0.019588 -0.135375 0.274425
v 0.038431 -0.139453 0.270454
v 0.083510 -0.165844 0.244753
v 0.092793 -0.178233 0.232689
v 0.098509 -0.191675 0.219598
v 0.100439 -0.205654 0.205984
v 0.098509 -0.219634 0.192370
v 0.092793 -0.233076 0.179279
v 0.083510 -0.245464 0.167215
v 0.071019 -0.256323 0.156640
v 0.055797 -0.265234 0.147962
v 0.038431 -0.271856 0.141513
v -0.000008 -0.423196 0.242978
v 0.025538 -0.421401 0.244726
v 0.050095 -0.416087 0.249901
v 0.072714 -0.407463 0.258301
v 0.092525 -0.395864 0.269596
v 0.108770 -0.381743 0.283348
v 0.120833 -0.365644 0.299026
v 0.128256 -0.348185 0.316028
v 0.130762 -0.330035 0.333704
v 0.128256 -0.311884 0.351380
v 0.120833 -0.294426 0.368382
v 0.108770 -0.278327 0.384060
v 0.092525 -0.264205 0.397812
v 0.072714 -0.252607 0.409107
v 0.050095 -0.243982 0.417506
v 0.025538 -0.238668 0.422681
v -0.000008 -0.236873 0.424429
v -0.025554 -0.238668 0.422681
v -0.050111 -0.243982 0.417506
v -0.072729 -0.252607 0.409107
v -0.092540 -0.264205 0.397812
v -0.108786 -0.278327 0.384060
v -0.120848 -0.294426 0.368382
v -0.128272 -0.311884 0.351380
v -0.130778 -0.330035 0.333704
v -0.128272 -0.348185 0.316028
v -0.120848 -0.365644 0.299026
v -0.108786 -0.381743 0.283348
v -0.092540 -0.395864 0.269596
v -0.072729 -0.407463 0.258301
v -0.050111 -0.416087 0.249901
v -0.025554 -0.421401 0.244726
vt 0.371328 0.811386
vt 0.354256 0.810160
vt 0.354256 0.795608
vt 0.371328 0.794275
vt 0.390314 0.812300
vt 0.390314 0.793288
vt 0.410483 0.812866
vt 0.410483 0.792683
vt 0.536293 0.806105
vt 0.556680 0.808113
vt 0.536293 0.810120
vt 0.516676 0.804173
vt 0.516676 0.812048
vt 0.498585 0.802391
vt 0.498585 0.813824
vt 0.482714 0.800828
vt 0.482714 0.815379
vt 0.500816 0.825037
vt 0.485553 0.829651
vt 0.353985 0.781350
vt 0.371010 0.777509
vt 0.389961 0.774658
vt 0.410108 0.772906
vt 0.537076 0.814057
vt 0.518213 0.819772
vt 0.538612 0.817766
vt 0.521226 0.827048
vt 0.505191 0.835600
vt 0.491121 0.843095
vt 0.353455 0.767933
vt 0.370387 0.761732
vt 0.389267 0.757127
vt 0.409372 0.754296
vt 0.352684 0.755872
vt 0.369481 0.747550
vt 0.388261 0.741369
vt 0.408304 0.737566
vt 0.540843 0.821105
vt 0.525602 0.833596
vt 0.511543 0.845106
vt 0.499206 0.855194
vt 0.543681 0.823943
vt 0.531170 0.839164
vt 0.519627 0.853190
vt 0.509495 0.865483
vt 0.335902 0.748650
vt 0.352684 0.757881
vt 0.351724 0.769130
vt 0.334773 0.761877
vt 0.317138 0.741791
vt 0.315883 0.756487
vt 0.297113 0.737566
vt 0.295781 0.753168
vt 0.351010 0.781963
vt 0.333933 0.776967
vt 0.314951 0.773254
vt 0.294791 0.770968
vt 0.547019 0.826174
vt 0.537718 0.843539
vt 0.529133 0.859542
vt 0.521594 0.873567
vt 0.550729 0.827710
vt 0.544994 0.846553
vt 0.539695 0.863917
vt 0.535037 0.879136
vt 0.350570 0.795887
vt 0.333416 0.793340
vt 0.314376 0.791448
vt 0.294181 0.790282
vt 0.333242 0.810369
vt 0.314182 0.810369
vt 0.293975 0.810369
vt 0.554666 0.828493
vt 0.552717 0.848089
vt 0.550909 0.866148
vt 0.549309 0.881975
vt 0.350422 0.810369
vt 0.560592 0.848089
vt 0.562341 0.866148
vt 0.563860 0.881975
vt 0.350570 0.824850
vt 0.333416 0.827397
vt 0.314376 0.829289
vt 0.294181 0.830455
vt 0.558681 0.828493
vt 0.314951 0.847483
vt 0.294791 0.849769
vt 0.562618 0.827710
vt 0.568316 0.846553
vt 0.573555 0.863917
vt 0.578132 0.879136
vt 0.351010 0.838774
vt 0.333934 0.843771
vt 0.575592 0.843539
vt 0.584117 0.859542
vt 0.591575 0.873567
vt 0.351724 0.851608
vt 0.334773 0.858860
vt 0.315883 0.864250
vt 0.295781 0.867569
vt 0.566327 0.826174
vt 0.317138 0.878947
vt 0.297113 0.883171
vt 0.569665 0.823943
vt 0.582140 0.839164
vt 0.593623 0.853190
vt 0.603674 0.865483
vt 0.352684 0.862856
vt 0.335902 0.872087
vt 0.601707 0.845106
vt 0.613964 0.855194
vt 0.513620 0.554804
vt 0.530736 0.564617
vt 0.529346 0.574975
vt 0.511986 0.566984
vt 0.494646 0.547600
vt 0.492830 0.561133
vt 0.474542 0.543282
vt 0.472614 0.557649
vt 0.572504 0.821105
vt 0.587708 0.833596
vt 0.574735 0.817766
vt 0.592083 0.827048
vt 0.608059 0.835600
vt 0.622048 0.843095
vt 0.528314 0.587127
vt 0.510772 0.581273
vt 0.491481 0.577011
vt 0.471182 0.574505
vt 0.612434 0.825037
vt 0.627616 0.829651
vt 0.527678 0.600607
vt 0.510025 0.597124
vt 0.490651 0.594624
vt 0.470300 0.593203
vt 0.576271 0.814057
vt 0.595097 0.819772
vt 0.577054 0.810120
vt 0.596633 0.812048
vt 0.614665 0.813824
vt 0.630455 0.815379
vt 0.527463 0.614897
vt 0.509772 0.613927
vt 0.490370 0.613294
vt 0.470003 0.613022
vt 0.527678 0.629446
vt 0.510025 0.631035
vt 0.490651 0.632304
vt 0.470300 0.633203
vt 0.577054 0.806105
vt 0.596633 0.804173
vt 0.614665 0.802391
vt 0.630455 0.800828
vt 0.576271 0.802168
vt 0.595097 0.796449
vt 0.612434 0.791178
vt 0.627616 0.786556
vt 0.528314 0.643697
vt 0.510772 0.647792
vt 0.491481 0.650923
vt 0.471182 0.652969
vt 0.511986 0.663554
vt 0.492830 0.668436
vt 0.472614 0.671561
vt 0.574735 0.798458
vt 0.592083 0.789174
vt 0.608059 0.780615
vt 0.622048 0.773113
vt 0.529346 0.657101
vt 0.572504 0.795120
vt 0.587708 0.782626
vt 0.601707 0.771109
vt 0.613964 0.761014
vt 0.530736 0.669143
vt 0.513620 0.677714
vt 0.494646 0.684171
vt 0.474542 0.688265
vt 0.802816 0.474990
vt 0.821580 0.481849
vt 0.820451 0.495076
vt 0.801561 0.489686
vt 0.782791 0.470766
vt 0.781459 0.486368
vt 0.569665 0.792282
vt 0.582140 0.777057
vt 0.593623 0.763025
vt 0.603674 0.750724
vt 0.838362 0.491080
vt 0.837401 0.502329
vt 0.575592 0.772682
vt 0.584117 0.756673
vt 0.591575 0.742640
vt 0.836688 0.515162
vt 0.819612 0.510166
vt 0.800629 0.506454
vt 0.780468 0.504168
vt 0.566327 0.790051
vt 0.800054 0.524647
vt 0.779859 0.523482
vt 0.562618 0.788515
vt 0.568316 0.769668
vt 0.573555 0.752298
vt 0.578132 0.737072
vt 0.836248 0.529086
vt 0.819095 0.526540
vt 0.560593 0.768132
vt 0.562341 0.750068
vt 0.563860 0.734233
vt 0.836100 0.543568
vt 0.818920 0.543568
vt 0.799860 0.543568
vt 0.779653 0.543568
vt 0.558681 0.787731
vt 0.800054 0.562488
vt 0.779859 0.563654
vt 0.554666 0.787731
vt 0.552717 0.768132
vt 0.550909 0.750068
vt 0.549309 0.734233
vt 0.836248 0.558049
vt 0.819095 0.560596
vt 0.539696 0.752298
vt 0.535037 0.737072
vt 0.836688 0.571974
vt 0.819611 0.576970
vt 0.800629 0.580682
vt 0.780468 0.582968
vt 0.550729 0.788515
vt 0.544994 0.769668
vt 0.547019 0.790051
vt 0.537718 0.772682
vt 0.529133 0.756673
vt 0.521594 0.742640
vt 0.837401 0.584807
vt 0.820451 0.592060
vt 0.801561 0.597449
vt 0.781459 0.600768
vt 0.838362 0.596055
vt 0.821580 0.605286
vt 0.802816 0.612146
vt 0.782791 0.616370
vt 0.543681 0.792282
vt 0.531170 0.777057
vt 0.519627 0.763025
vt 0.509495 0.750724
vt 0.540843 0.795120
vt 0.525602 0.782626
vt 0.511543 0.771109
vt 0.499206 0.761014
vt 0.501164 0.740628
vt 0.489065 0.752727
vt 0.386981 0.877926
vt 0.368329 0.870448
vt 0.369481 0.858292
vt 0.388261 0.864419
vt 0.406945 0.882534
vt 0.408304 0.868196
vt 0.352684 0.850050
vt 0.353455 0.837914
vt 0.370387 0.844021
vt 0.389267 0.848562
vt 0.409372 0.851362
vt 0.538612 0.798458
vt 0.521227 0.789174
vt 0.505191 0.780615
vt 0.491121 0.773113
vt 0.537076 0.802168
vt 0.518213 0.796449
vt 0.500816 0.791178
vt 0.485553 0.786556
vt 0.353985 0.824444
vt 0.371010 0.828183
vt 0.389961 0.830963
vt 0.410108 0.832680
vt 0.680440 0.800545
vt 0.765656 0.809685
vt 0.765467 0.829561
vt 0.680188 0.827098
vt 0.681186 0.880629
vt 0.766216 0.869629
vt 0.767125 0.888283
vt 0.682398 0.905553
vt 0.768349 0.905045
vt 0.684029 0.927952
vt 0.298189 0.543282
vt 0.382656 0.567718
vt 0.381319 0.583299
vt 0.296401 0.564097
vt 0.380326 0.601076
vt 0.295071 0.587847
vt 0.379715 0.620365
vt 0.294252 0.613620
vt 0.379508 0.640424
vt 0.293975 0.640424
vt 0.379715 0.660484
vt 0.294252 0.667228
vt 0.380326 0.679772
vt 0.295071 0.693001
vt 0.381320 0.697549
vt 0.296401 0.716751
vt 0.382656 0.713130
vt 0.298189 0.737566
vt 0.022412 0.303163
vt 0.107512 0.328684
vt 0.105587 0.343098
vt 0.019844 0.322425
vt 0.104156 0.360008
vt 0.017936 0.345019
vt 0.103276 0.378762
vt 0.016761 0.370075
vt 0.102978 0.398641
vt 0.016365 0.396633
vt 0.103276 0.418880
vt 0.016761 0.423672
vt 0.104156 0.438702
vt 0.017936 0.450154
vt 0.105587 0.457344
vt 0.019844 0.475063
vt 0.107511 0.474092
vt 0.022412 0.497442
vt 0.004214 0.700188
vt 0.088680 0.724624
vt 0.087344 0.740205
vt 0.002425 0.721003
vt 0.086351 0.757982
vt 0.001095 0.744754
vt 0.085740 0.777271
vt 0.000277 0.770526
vt 0.085533 0.797330
vt 0.000000 0.797330
vt 0.085740 0.817390
vt 0.000277 0.824134
vt 0.086351 0.836678
vt 0.001095 0.849907
vt 0.087344 0.854455
vt 0.002425 0.873657
vt 0.088680 0.870036
vt 0.004214 0.894472
vt 0.684029 0.733684
vt 0.768349 0.759646
vt 0.767125 0.774043
vt 0.682397 0.752923
vt 0.766216 0.790940
vt 0.681186 0.775500
vt 0.443316 0.620365
vt 0.443110 0.640424
vt 0.680440 0.854139
vt 0.765656 0.849801
vt 0.283670 0.161053
vt 0.283671 0.134011
vt 0.293975 0.132979
vt 0.293975 0.162063
vt 0.201321 0.604678
vt 0.201592 0.633761
vt 0.195398 0.633465
vt 0.195133 0.605072
vt 0.580722 0.158139
vt 0.575206 0.185993
vt 0.559326 0.181200
vt 0.564214 0.156520
vt 0.278419 0.107492
vt 0.288326 0.104459
vt 0.202396 0.662250
vt 0.196183 0.661276
vt 0.564388 0.212232
vt 0.549742 0.204444
vt 0.268117 0.082514
vt 0.277245 0.077600
vt 0.203701 0.689051
vt 0.197458 0.687434
vt 0.548685 0.235846
vt 0.535835 0.225357
vt 0.253158 0.060037
vt 0.261158 0.053433
vt 0.205456 0.713134
vt 0.199172 0.710932
vt 0.528705 0.255927
vt 0.518148 0.243133
vt 0.234118 0.040926
vt 0.240684 0.032888
vt 0.205168 0.295301
vt 0.203247 0.317682
vt 0.197030 0.319726
vt 0.198903 0.297892
vt 0.505220 0.271706
vt 0.497367 0.257095
vt 0.211725 0.025916
vt 0.216610 0.016753
vt 0.201819 0.343215
vt 0.195638 0.344628
vt 0.479133 0.282580
vt 0.474293 0.266712
vt 0.186842 0.015584
vt 0.189861 0.005648
vt 0.200940 0.370920
vt 0.194782 0.371642
vt 0.451446 0.288134
vt 0.449812 0.271622
vt 0.160425 0.010328
vt 0.161466 0.000000
vt 0.200643 0.399732
vt 0.194492 0.399732
vt 0.423220 0.288158
vt 0.424859 0.271643
vt 0.133490 0.010352
vt 0.132514 0.000025
vt 0.200940 0.428544
vt 0.194782 0.427822
vt 0.395536 0.282651
vt 0.400386 0.266775
vt 0.107074 0.015654
vt 0.104117 0.005723
vt 0.201819 0.456249
vt 0.195638 0.454836
vt 0.369455 0.271824
vt 0.377326 0.257202
vt 0.082193 0.026029
vt 0.077368 0.016874
vt 0.203247 0.481782
vt 0.197030 0.479738
vt 0.345977 0.256090
vt 0.356560 0.243286
vt 0.059802 0.041078
vt 0.053293 0.033051
vt 0.205168 0.504163
vt 0.198903 0.501572
vt 0.326005 0.236049
vt 0.338887 0.225554
vt 0.040762 0.060221
vt 0.032819 0.053632
vt 0.012452 0.295301
vt 0.009689 0.316011
vt 0.003657 0.318335
vt 0.006355 0.298128
vt 0.310307 0.212469
vt 0.324990 0.204680
vt 0.025804 0.082721
vt 0.016731 0.077828
vt 0.007636 0.340306
vt 0.001652 0.342047
vt 0.299491 0.186254
vt 0.315411 0.181464
vt 0.015502 0.107715
vt 0.005649 0.104707
vt 0.006371 0.367253
vt 0.000417 0.368352
vt 0.293975 0.158413
vt 0.310525 0.156800
vt 0.010250 0.134242
vt 0.000000 0.133237
vt 0.005944 0.395816
vt 0.000000 0.396238
vt 0.293976 0.130019
vt 0.310525 0.131642
vt 0.006371 0.424896
vt 0.000417 0.424629
vt 0.299492 0.102165
vt 0.315412 0.106962
vt 0.010249 0.161284
vt 0.015500 0.187804
vt 0.005649 0.190841
vt 0.000000 0.162321
vt 0.007636 0.453377
vt 0.001652 0.452431
vt 0.310310 0.075926
vt 0.324997 0.083717
vt 0.025803 0.212781
vt 0.016731 0.217701
vt 0.009689 0.480162
vt 0.003657 0.478574
vt 0.326013 0.052312
vt 0.338904 0.062805
vt 0.040762 0.235258
vt 0.032817 0.241867
vt 0.012452 0.504224
vt 0.006355 0.502051
vt 0.345993 0.032231
vt 0.356591 0.045029
vt 0.059802 0.254369
vt 0.053291 0.262413
vt 0.576839 0.432872
vt 0.574917 0.455253
vt 0.568700 0.457297
vt 0.570573 0.435463
vt 0.369478 0.016452
vt 0.377372 0.031067
vt 0.082195 0.269380
vt 0.077365 0.278548
vt 0.573490 0.480787
vt 0.567309 0.482199
vt 0.395565 0.005578
vt 0.400445 0.021450
vt 0.107078 0.279712
vt 0.104114 0.289652
vt 0.572610 0.508492
vt 0.566452 0.509213
vt 0.423252 0.000024
vt 0.424926 0.016540
vt 0.133495 0.284967
vt 0.132510 0.295301
vt 0.572314 0.537303
vt 0.566163 0.537303
vt 0.451479 0.000000
vt 0.449879 0.016519
vt 0.160430 0.284943
vt 0.161462 0.295276
vt 0.572610 0.566115
vt 0.566452 0.565393
vt 0.479162 0.005507
vt 0.474352 0.021387
vt 0.186846 0.279641
vt 0.189858 0.289578
vt 0.573490 0.593820
vt 0.567309 0.592407
vt 0.505243 0.016334
vt 0.497412 0.030960
vt 0.211727 0.269266
vt 0.216607 0.278427
vt 0.574917 0.619353
vt 0.568700 0.617309
vt 0.528721 0.032068
vt 0.518178 0.044876
vt 0.234118 0.254218
vt 0.240682 0.262250
vt 0.576839 0.641734
vt 0.570573 0.639143
vt 0.548693 0.052109
vt 0.535851 0.062608
vt 0.253157 0.235075
vt 0.261157 0.241668
vt 0.205456 0.504224
vt 0.203700 0.524909
vt 0.197458 0.527205
vt 0.199172 0.507022
vt 0.564391 0.075689
vt 0.549748 0.083482
vt 0.268115 0.212574
vt 0.277244 0.217473
vt 0.202396 0.549186
vt 0.196183 0.550898
vt 0.575207 0.101904
vt 0.559327 0.106698
vt 0.278418 0.187580
vt 0.288326 0.190593
vt 0.201592 0.576120
vt 0.195398 0.577191
vt 0.580722 0.129744
vt 0.564214 0.131361
vt 0.560905 0.495061
vt 0.560535 0.519769
vt 0.547665 0.519950
vt 0.548034 0.495242
vt 0.853553 0.490086
vt 0.852323 0.512111
vt 0.839375 0.512111
vt 0.840605 0.490086
vt 0.560905 0.544925
vt 0.548034 0.545106
vt 0.851566 0.535997
vt 0.851310 0.560829
vt 0.838362 0.560829
vt 0.838618 0.535997
vt 0.561999 0.569555
vt 0.563775 0.592707
vt 0.550905 0.592887
vt 0.549129 0.569736
vt 0.851566 0.585662
vt 0.852323 0.609547
vt 0.839375 0.609547
vt 0.838618 0.585662
vt 0.547584 0.543282
vt 0.545927 0.562602
vt 0.532979 0.562602
vt 0.534636 0.543282
vt 0.853553 0.631572
vt 0.855210 0.650893
vt 0.842262 0.650892
vt 0.840605 0.631572
vt 0.544697 0.584627
vt 0.543940 0.608513
vt 0.530992 0.608513
vt 0.531749 0.584627
vt 0.563775 0.450759
vt 0.561999 0.471758
vt 0.549129 0.471939
vt 0.550905 0.450940
vt 0.543684 0.633345
vt 0.543940 0.658178
vt 0.530992 0.658178
vt 0.530736 0.633345
vt 0.544696 0.682063
vt 0.545927 0.704089
vt 0.532979 0.704089
vt 0.531749 0.682063
vt 0.192564 0.700188
vt 0.191045 0.718054
vt 0.178087 0.718170
vt 0.179605 0.700304
vt 0.189917 0.739037
vt 0.189221 0.762330
vt 0.176262 0.762445
vt 0.176958 0.739153
vt 0.188986 0.787033
vt 0.189221 0.812191
vt 0.176262 0.812306
vt 0.176027 0.787149
vt 0.189917 0.836828
vt 0.191045 0.859993
vt 0.178087 0.860109
vt 0.176958 0.836944
vt 0.855210 0.470766
vt 0.842262 0.470766
vt 0.566164 0.613489
vt 0.553293 0.613670
vt 0.566164 0.432872
vt 0.553293 0.433053
vt 0.547584 0.723409
vt 0.534636 0.723409
vt 0.192564 0.880794
vt 0.179605 0.880910
vt 0.289319 0.836052
vt 0.289503 0.836048
vt 0.289503 0.837798
vt 0.289319 0.837802
vt 0.291681 0.836556
vt 0.291749 0.836556
vt 0.291749 0.838343
vt 0.291681 0.838343
vt 0.289319 0.837835
vt 0.289251 0.837835
vt 0.289251 0.836048
vt 0.289319 0.836048
vt 0.291681 0.838343
vt 0.291614 0.838343
vt 0.291614 0.836556
vt 0.291681 0.836556
vt 0.291866 0.836556
vt 0.291681 0.836547
vt 0.291681 0.834948
vt 0.291866 0.834956
vt 0.289251 0.837835
vt 0.289184 0.837835
vt 0.289184 0.836048
vt 0.289251 0.836048
vt 0.291497 0.834948
vt 0.291681 0.834956
vt 0.291681 0.836556
vt 0.291497 0.836547
vt 0.291497 0.836698
vt 0.291313 0.836702
vt 0.291313 0.834952
vt 0.291497 0.834948
vt 0.560495 0.432872
vt 0.559742 0.309897
vt 0.562381 0.309786
vt 0.563134 0.432761
vt 0.564969 0.309262
vt 0.565722 0.432237
vt 0.567407 0.308344
vt 0.568160 0.431319
vt 0.569601 0.307069
vt 0.570354 0.430044
vt 0.630455 0.877297
vt 0.630455 0.742196
vt 0.632443 0.741507
vt 0.632443 0.876608
vt 0.634734 0.740655
vt 0.634734 0.875756
vt 0.637240 0.739674
vt 0.637240 0.874775
vt 0.639866 0.738601
vt 0.639866 0.873702
vt 0.642510 0.737477
vt 0.642510 0.872578
vt 0.645071 0.736345
vt 0.645071 0.871447
vt 0.647449 0.735250
vt 0.647449 0.870351
vt 0.649555 0.734233
vt 0.649555 0.869334
vt 0.429440 0.737566
vt 0.429440 0.870836
vt 0.427567 0.871887
vt 0.427567 0.738618
vt 0.425367 0.872684
vt 0.425367 0.739414
vt 0.422925 0.873193
vt 0.422925 0.739924
vt 0.420334 0.873397
vt 0.420334 0.740128
vt 0.417694 0.873287
vt 0.417694 0.740018
vt 0.415107 0.872868
vt 0.415107 0.739599
vt 0.412672 0.872155
vt 0.412672 0.738886
vt 0.410483 0.871177
vt 0.410483 0.737907
vt 0.668655 0.742196
vt 0.668655 0.877297
vt 0.666549 0.876280
vt 0.666549 0.741179
vt 0.664170 0.875185
vt 0.664170 0.740083
vt 0.661610 0.874053
vt 0.661610 0.738952
vt 0.658966 0.872929
vt 0.658966 0.737828
vt 0.656340 0.871856
vt 0.656340 0.736755
vt 0.653834 0.870875
vt 0.653834 0.735774
vt 0.651542 0.870023
vt 0.651542 0.734922
vt 0.649555 0.869334
vt 0.649555 0.734233
vt 0.551408 0.429333
vt 0.550655 0.306358
vt 0.552521 0.307786
vt 0.553274 0.430761
vt 0.554715 0.308877
vt 0.555468 0.431852
vt 0.557154 0.309590
vt 0.549189 0.304648
vt 0.548179 0.302722
vt 0.547664 0.300655
vt 0.547664 0.298524
vt 0.548179 0.296414
vt 0.549189 0.294404
vt 0.550655 0.292571
vt 0.552521 0.290986
vt 0.554715 0.289711
vt 0.557153 0.288793
vt 0.559742 0.288269
vt 0.562381 0.288158
vt 0.564969 0.288465
vt 0.567407 0.289178
vt 0.569601 0.290269
vt 0.571467 0.291697
vt 0.572933 0.293406
vt 0.573943 0.295332
vt 0.574458 0.297400
vt 0.574458 0.299531
vt 0.573943 0.301641
vt 0.572933 0.303652
vt 0.571467 0.305484
vt 0.557906 0.432565
vt 0.555136 0.656021
vt 0.555136 0.653385
vt 0.555553 0.650818
vt 0.556371 0.648418
vt 0.557559 0.646277
vt 0.559070 0.644476
vt 0.560848 0.643087
vt 0.562822 0.642161
vt 0.564919 0.641734
vt 0.567056 0.641824
vt 0.569153 0.642425
vt 0.571128 0.643516
vt 0.572905 0.645055
vt 0.574416 0.646981
vt 0.575604 0.649222
vt 0.576422 0.651690
vt 0.576839 0.654292
vt 0.576839 0.656927
vt 0.576422 0.659494
vt 0.575604 0.661895
vt 0.574416 0.664036
vt 0.572905 0.665836
vt 0.571128 0.667226
vt 0.569153 0.668152
vt 0.567056 0.668578
vt 0.564919 0.668489
vt 0.562822 0.667887
vt 0.560848 0.666796
vt 0.559070 0.665258
vt 0.557559 0.663332
vt 0.556371 0.661091
vt 0.555553 0.658622
vt 0.290757 0.834948
vt 0.290942 0.834948
vt 0.290942 0.837683
vt 0.290757 0.837683
vt 0.292067 0.834948
vt 0.292134 0.834948
vt 0.292134 0.837709
vt 0.292067 0.837709
vt 0.290942 0.834948
vt 0.291127 0.834948
vt 0.291127 0.837681
vt 0.290942 0.837681
vt 0.291933 0.834948
vt 0.292000 0.834948
vt 0.292000 0.837709
vt 0.291933 0.837709
vt 0.291127 0.834948
vt 0.291313 0.834948
vt 0.291313 0.837681
vt 0.291127 0.837681
vt 0.291933 0.837709
vt 0.291866 0.837709
vt 0.291866 0.834948
vt 0.291933 0.834948
vt 0.292067 0.837709
vt 0.292000 0.837709
vt 0.292000 0.834948
vt 0.292067 0.834948
vt 0.290572 0.834948
vt 0.290757 0.834948
vt 0.290757 0.837683
vt 0.290572 0.837683
vt 0.168806 0.342210
vt 0.170731 0.327796
vt 0.194492 0.331163
vt 0.192657 0.344906
vt 0.150945 0.740205
vt 0.149952 0.757982
vt 0.443316 0.660484
vt 0.149341 0.777270
vt 0.443927 0.679772
vt 0.149134 0.797330
vt 0.444921 0.697549
vt 0.149341 0.817389
vt 0.446257 0.713130
vt 0.149952 0.836678
vt 0.150945 0.854455
vt 0.167376 0.359119
vt 0.829123 0.828992
vt 0.829311 0.849233
vt 0.152281 0.870036
vt 0.166495 0.377874
vt 0.829871 0.869061
vt 0.832004 0.759078
vt 0.830781 0.773475
vt 0.166198 0.397752
vt 0.830781 0.887714
vt 0.829871 0.790371
vt 0.166495 0.417992
vt 0.832004 0.904477
vt 0.829311 0.809117
vt 0.167376 0.437813
vt 0.446257 0.567718
vt 0.444921 0.583299
vt 0.168806 0.456456
vt 0.443927 0.601076
vt 0.170731 0.473204
vt 0.152281 0.724624
vt 0.003749 0.630706
vt 0.000000 0.611774
vt 0.000000 0.592475
vt 0.003749 0.573550
vt 0.011104 0.555726
vt 0.021782 0.539688
vt 0.035372 0.526053
vt 0.051352 0.515344
vt 0.069108 0.507973
vt 0.087957 0.504224
vt 0.107176 0.504239
vt 0.126026 0.508020
vt 0.143782 0.515420
vt 0.159762 0.526156
vt 0.173352 0.539814
vt 0.184029 0.555869
vt 0.191384 0.573706
vt 0.195133 0.592637
vt 0.195133 0.611936
vt 0.191384 0.630862
vt 0.184029 0.648686
vt 0.173352 0.664724
vt 0.159762 0.678359
vt 0.143782 0.689068
vt 0.126026 0.696438
vt 0.107176 0.700188
vt 0.087957 0.700172
vt 0.069107 0.696391
vt 0.051351 0.688991
vt 0.035372 0.678256
vt 0.021782 0.664598
vt 0.011104 0.648542
vt 0.173806 0.834846
vt 0.174753 0.851795
vt 0.191294 0.361028
vt 0.852992 0.829226
vt 0.853172 0.848524
vt 0.176027 0.866651
vt 0.190454 0.378909
vt 0.853706 0.867429
vt 0.855740 0.762566
vt 0.854573 0.776293
vt 0.190170 0.397862
vt 0.854573 0.885214
vt 0.853706 0.792403
vt 0.190454 0.417159
vt 0.855740 0.901196
vt 0.853172 0.810276
vt 0.191294 0.436058
vt 0.470003 0.571103
vt 0.468729 0.585959
vt 0.192657 0.453833
vt 0.467782 0.602908
vt 0.194492 0.469801
vt 0.467199 0.621299
vt 0.176027 0.728009
vt 0.174753 0.742864
vt 0.467002 0.640424
vt 0.173806 0.759814
vt 0.467199 0.659550
vt 0.173223 0.778204
vt 0.467782 0.677941
vt 0.173027 0.797330
vt 0.468729 0.694890
vt 0.173223 0.816456
vt 0.470003 0.709746
vt 0.270612 0.870384
vt 0.270612 0.869254
vt 0.270832 0.868146
vt 0.271262 0.867103
vt 0.271886 0.866165
vt 0.272680 0.865369
vt 0.273613 0.864743
vt 0.274649 0.864313
vt 0.275749 0.864095
vt 0.276870 0.864096
vt 0.277970 0.864316
vt 0.279006 0.864748
vt 0.279940 0.865376
vt 0.280734 0.866174
vt 0.281359 0.867114
vt 0.281790 0.868158
vt 0.282009 0.869267
vt 0.282009 0.870397
vt 0.281790 0.871505
vt 0.281360 0.872548
vt 0.280735 0.873486
vt 0.279941 0.874282
vt 0.279008 0.874907
vt 0.277972 0.875338
vt 0.276873 0.875556
vt 0.275752 0.875555
vt 0.274652 0.875335
vt 0.273615 0.874903
vt 0.272682 0.874275
vt 0.271887 0.873477
vt 0.271262 0.872537
vt 0.270832 0.871493
vn 0.0759 -0.1109 -0.9909
vn 0.0865 -0.3018 -0.9494
vn 0.0938 -0.4809 -0.8717
vn 0.0096 0.6241 -0.7813
vn 0.0286 0.4595 -0.8877
vn 0.0464 0.2773 -0.9597
vn 0.0624 0.0847 -0.9945
vn 0.1847 0.1021 -0.9775
vn 0.2248 -0.0897 -0.9703
vn 0.2563 -0.2776 -0.9259
vn 0.2779 -0.4547 -0.8462
vn 0.0286 0.6268 -0.7787
vn 0.0846 0.4675 -0.8799
vn 0.1374 0.2902 -0.9470
vn 0.0465 0.6321 -0.7735
vn 0.1375 0.4831 -0.8647
vn 0.2231 0.3157 -0.9223
vn 0.2999 0.1363 -0.9442
vn 0.3651 -0.0480 -0.9297
vn 0.4162 -0.2302 -0.8797
vn 0.4513 -0.4032 -0.7961
vn 0.4913 0.0124 -0.8709
vn 0.5601 -0.1613 -0.8126
vn 0.6073 -0.3285 -0.7233
vn 0.0625 0.6397 -0.7660
vn 0.1850 0.5059 -0.8425
vn 0.3002 0.3526 -0.8863
vn 0.4036 0.1859 -0.8958
vn 0.0761 0.6495 -0.7565
vn 0.2254 0.5348 -0.8143
vn 0.3658 0.3996 -0.8406
vn 0.4918 0.2491 -0.8343
vn 0.5987 0.0893 -0.7960
vn 0.6825 -0.0736 -0.7272
vn 0.7400 -0.2335 -0.6308
vn 0.6831 0.1798 -0.7079
vn 0.7786 0.0295 -0.6268
vn 0.8443 -0.1217 -0.5219
vn 0.0869 0.6610 -0.7453
vn 0.2571 0.5689 -0.7812
vn 0.4173 0.4548 -0.7868
vn 0.5611 0.3234 -0.7620
vn 0.2790 0.6067 -0.7443
vn 0.4528 0.5162 -0.7270
vn 0.6088 0.4060 -0.6816
vn 0.7412 0.2803 -0.6100
vn 0.8448 0.1441 -0.5153
vn 0.9161 0.0025 -0.4009
vn 0.0943 0.6738 -0.7329
vn 0.8786 0.2657 -0.3968
vn 0.9527 0.1344 -0.2725
vn 0.0980 0.6873 -0.7197
vn 0.2902 0.6469 -0.7052
vn 0.4709 0.5814 -0.6635
vn 0.6332 0.4936 -0.5962
vn 0.7708 0.3869 -0.5061
vn 0.4709 0.6479 -0.5988
vn 0.6332 0.5829 -0.5092
vn 0.7708 0.4957 -0.4002
vn 0.8786 0.3896 -0.2761
vn 0.9527 0.2688 -0.1416
vn 0.0980 0.7012 -0.7062
vn 0.2902 0.6879 -0.6653
vn 0.9161 0.4007 -0.0132
vn 0.0942 0.7148 -0.6930
vn 0.2790 0.7280 -0.6263
vn 0.4528 0.7130 -0.5353
vn 0.6088 0.6706 -0.4239
vn 0.7412 0.6024 -0.2963
vn 0.8448 0.5113 -0.1577
vn 0.4173 0.7744 -0.4755
vn 0.5611 0.7531 -0.3435
vn 0.6831 0.7029 -0.1984
vn 0.7786 0.6258 -0.0461
vn 0.8443 0.5249 0.1078
vn 0.0868 0.7276 -0.6805
vn 0.2571 0.7658 -0.5894
vn 0.7400 0.6367 0.2167
vn 0.0761 0.7390 -0.6693
vn 0.2254 0.7999 -0.5562
vn 0.3658 0.8297 -0.4217
vn 0.4918 0.8274 -0.2711
vn 0.5987 0.7933 -0.1104
vn 0.6825 0.7289 0.0543
vn 0.4036 0.8906 -0.2096
vn 0.4913 0.8702 -0.0355
vn 0.5601 0.8166 0.1397
vn 0.6073 0.7318 0.3092
vn 0.0625 0.7488 -0.6598
vn 0.1850 0.8288 -0.5280
vn 0.3002 0.8767 -0.3759
vn 0.0465 0.7565 -0.6524
vn 0.1375 0.8516 -0.5059
vn 0.2231 0.9136 -0.3400
vn 0.2999 0.9402 -0.1612
vn 0.3651 0.9307 0.0234
vn 0.4162 0.8855 0.2068
vn 0.4513 0.8065 0.3820
vn 0.1847 0.9744 -0.1279
vn 0.2248 0.9723 0.0639
vn 0.2563 0.9329 0.2530
vn 0.2779 0.8579 0.4321
vn 0.0285 0.7618 -0.6472
vn 0.0846 0.8673 -0.4906
vn 0.1373 0.9390 -0.3152
vn 0.0097 0.7645 -0.6445
vn 0.0286 0.8752 -0.4828
vn 0.0464 0.9520 -0.3026
vn 0.0624 0.9919 -0.1110
vn 0.0759 0.9935 0.0846
vn 0.0865 0.9571 0.2765
vn 0.0938 0.8842 0.4576
vn -0.0759 0.9935 0.0846
vn -0.0865 0.9571 0.2765
vn -0.0938 0.8842 0.4576
vn -0.0097 0.7645 -0.6445
vn -0.0286 0.8752 -0.4828
vn -0.0464 0.9520 -0.3026
vn -0.0624 0.9919 -0.1110
vn -0.0846 0.8673 -0.4906
vn -0.1373 0.9390 -0.3152
vn -0.1847 0.9744 -0.1279
vn -0.2248 0.9723 0.0639
vn -0.2563 0.9329 0.2530
vn -0.2779 0.8579 0.4321
vn -0.0285 0.7618 -0.6472
vn -0.4162 0.8855 0.2068
vn -0.4513 0.8065 0.3820
vn -0.0465 0.7565 -0.6524
vn -0.1375 0.8516 -0.5059
vn -0.2231 0.9136 -0.3400
vn -0.2999 0.9402 -0.1612
vn -0.3651 0.9307 0.0234
vn -0.1850 0.8288 -0.5280
vn -0.3002 0.8767 -0.3759
vn -0.4036 0.8906 -0.2096
vn -0.4913 0.8702 -0.0355
vn -0.5601 0.8166 0.1397
vn -0.6073 0.7318 0.3092
vn -0.0625 0.7488 -0.6598
vn -0.6825 0.7289 0.0543
vn -0.7400 0.6367 0.2167
vn -0.0761 0.7390 -0.6693
vn -0.2254 0.7999 -0.5562
vn -0.3658 0.8297 -0.4217
vn -0.4918 0.8274 -0.2711
vn -0.5987 0.7933 -0.1104
vn -0.4173 0.7744 -0.4755
vn -0.5611 0.7531 -0.3435
vn -0.6831 0.7029 -0.1984
vn -0.7786 0.6258 -0.0461
vn -0.8443 0.5249 0.1078
vn -0.0868 0.7276 -0.6805
vn -0.2571 0.7658 -0.5894
vn -0.9161 0.4007 -0.0132
vn -0.0942 0.7148 -0.6930
vn -0.2790 0.7280 -0.6263
vn -0.4528 0.7130 -0.5353
vn -0.6088 0.6706 -0.4239
vn -0.7412 0.6024 -0.2963
vn -0.8448 0.5113 -0.1577
vn -0.4709 0.6479 -0.5988
vn -0.6332 0.5829 -0.5092
vn -0.7708 0.4957 -0.4002
vn -0.8786 0.3896 -0.2761
vn -0.9527 0.2688 -0.1416
vn -0.0980 0.7012 -0.7062
vn -0.2902 0.6879 -0.6653
vn -0.9527 0.1344 -0.2725
vn -0.0980 0.6873 -0.7197
vn -0.2902 0.6469 -0.7052
vn -0.4709 0.5814 -0.6635
vn -0.6332 0.4936 -0.5962
vn -0.7708 0.3869 -0.5061
vn -0.8786 0.2657 -0.3968
vn -0.6088 0.4059 -0.6816
vn -0.7412 0.2803 -0.6100
vn -0.8448 0.1440 -0.5153
vn -0.9161 0.0025 -0.4009
vn -0.0943 0.6738 -0.7329
vn -0.2790 0.6067 -0.7443
vn -0.4528 0.5162 -0.7270
vn -0.0869 0.6610 -0.7453
vn -0.2571 0.5689 -0.7812
vn -0.4173 0.4548 -0.7868
vn -0.5611 0.3234 -0.7620
vn -0.6831 0.1798 -0.7079
vn -0.7786 0.0295 -0.6268
vn -0.8443 -0.1217 -0.5219
vn -0.5987 0.0893 -0.7960
vn -0.6825 -0.0736 -0.7272
vn -0.7400 -0.2335 -0.6308
vn -0.0761 0.6495 -0.7565
vn -0.2254 0.5348 -0.8143
vn -0.3658 0.3996 -0.8406
vn -0.4918 0.2491 -0.8343
vn -0.0625 0.6397 -0.7660
vn -0.1850 0.5059 -0.8425
vn -0.3002 0.3526 -0.8863
vn -0.4036 0.1859 -0.8958
vn -0.4913 0.0124 -0.8709
vn -0.5601 -0.1613 -0.8126
vn -0.6073 -0.3285 -0.7233
vn -0.3651 -0.0480 -0.9297
vn -0.4162 -0.2302 -0.8797
vn -0.4513 -0.4032 -0.7961
vn -0.0465 0.6321 -0.7735
vn -0.1375 0.4831 -0.8647
vn -0.2231 0.3157 -0.9223
vn -0.2999 0.1363 -0.9442
vn -0.0846 0.4675 -0.8800
vn -0.1374 0.2902 -0.9470
vn -0.1847 0.1021 -0.9775
vn -0.2248 -0.0897 -0.9703
vn -0.2563 -0.2776 -0.9259
vn -0.2779 -0.4547 -0.8462
vn -0.0286 0.6268 -0.7787
vn -0.0865 -0.3018 -0.9494
vn -0.0938 -0.4809 -0.8717
vn -0.0096 0.6241 -0.7813
vn -0.0286 0.4595 -0.8877
vn -0.0464 0.2773 -0.9597
vn -0.0624 0.0847 -0.9945
vn -0.0759 -0.1109 -0.9909
vn -0.0901 -0.3892 -0.9168
vn 0.4334 -0.3145 -0.8445
vn 0.5837 -0.2426 -0.7749
vn 0.7118 -0.1509 -0.6860
vn 0.8126 -0.0429 -0.5812
vn 0.8822 0.0772 -0.4645
vn 0.9177 0.2048 -0.3405
vn 0.9177 0.3349 -0.2138
vn 0.8822 0.4623 -0.0895
vn 0.8126 0.5822 0.0275
vn 0.7118 0.6898 0.1327
vn 0.5837 0.7810 0.2220
vn 0.4335 0.8525 0.2920
vn 0.2668 0.9017 0.3402
vn 0.0901 0.9267 0.3648
vn -0.0901 0.9267 0.3648
vn -0.2668 0.9017 0.3402
vn -0.4335 0.8525 0.2920
vn -0.5837 0.7810 0.2220
vn -0.7118 0.6898 0.1327
vn -0.8126 0.5822 0.0275
vn -0.8822 0.4624 -0.0895
vn -0.9177 0.3349 -0.2138
vn -0.9177 0.2048 -0.3405
vn -0.8822 0.0772 -0.4646
vn -0.8126 -0.0429 -0.5812
vn -0.7118 -0.1509 -0.6860
vn -0.5837 -0.2426 -0.7749
vn -0.4334 -0.3145 -0.8445
vn -0.2668 -0.3640 -0.8924
vn 0.9951 -0.0705 -0.0687
vn 0.2668 -0.3640 -0.8924
vn 0.0901 -0.3892 -0.9168
vn 0.0642 0.0569 -0.9963
vn 0.0855 -0.9609 -0.2632
vn 0.0140 -0.7930 0.6091
vn 0.1900 0.0750 -0.9789
vn 0.2534 -0.9370 -0.2404
vn 0.0416 -0.7891 0.6129
vn 0.3087 0.1105 -0.9447
vn 0.4119 -0.8901 -0.1953
vn 0.0676 -0.7814 0.6204
vn 0.4155 0.1620 -0.8951
vn 0.5549 -0.8217 -0.1297
vn 0.0910 -0.7702 0.6312
vn 0.5063 0.2275 -0.8318
vn 0.6771 -0.7345 -0.0458
vn 0.1110 -0.7560 0.6451
vn 0.5778 0.3045 -0.7573
vn 0.7734 -0.6316 0.0534
vn 0.1268 -0.7392 0.6615
vn 0.6270 0.3901 -0.6743
vn 0.8400 -0.5171 0.1642
vn 0.1376 -0.7205 0.6797
vn 0.6521 0.4808 -0.5862
vn 0.8740 -0.3955 0.2822
vn 0.1432 -0.7006 0.6991
vn 0.6521 0.5732 -0.4962
vn 0.8740 -0.2716 0.4028
vn 0.1432 -0.6803 0.7188
vn 0.6270 0.6638 -0.4078
vn 0.8400 -0.1504 0.5213
vn 0.1376 -0.6604 0.7382
vn 0.5778 0.7489 -0.3245
vn 0.7734 -0.0367 0.6328
vn 0.1268 -0.6417 0.7564
vn 0.5063 0.8255 -0.2495
vn 0.6771 0.0652 0.7330
vn 0.1110 -0.6249 0.7728
vn 0.4154 0.8905 -0.1856
vn 0.5549 0.1514 0.8180
vn 0.0910 -0.6106 0.7867
vn 0.3087 0.9415 -0.1355
vn 0.4119 0.2188 0.8846
vn 0.0676 -0.5994 0.7976
vn 0.1900 0.9766 -0.1009
vn 0.2534 0.2651 0.9303
vn 0.0416 -0.5918 0.8050
vn 0.0642 0.9945 -0.0833
vn 0.0855 0.2886 0.9536
vn 0.0140 -0.5878 0.8089
vn -0.0642 0.9945 -0.0833
vn -0.0855 0.2886 0.9536
vn -0.0140 -0.5878 0.8089
vn -0.1901 0.9766 -0.1009
vn -0.2534 0.2651 0.9303
vn -0.0416 -0.5918 0.8050
vn -0.3087 0.9415 -0.1355
vn -0.4119 0.2188 0.8846
vn -0.0676 -0.5994 0.7976
vn -0.4154 0.8905 -0.1856
vn -0.5550 0.1514 0.8180
vn -0.0910 -0.6106 0.7867
vn -0.5063 0.8255 -0.2495
vn -0.6771 0.0652 0.7330
vn -0.1110 -0.6249 0.7728
vn -0.5777 0.7489 -0.3245
vn -0.7734 -0.0367 0.6328
vn -0.1268 -0.6417 0.7564
vn -0.6270 0.6638 -0.4078
vn -0.8400 -0.1504 0.5213
vn -0.1376 -0.6604 0.7382
vn -0.6521 0.5732 -0.4962
vn -0.8740 -0.2716 0.4029
vn -0.1432 -0.6803 0.7188
vn -0.6521 0.4808 -0.5862
vn -0.8740 -0.3955 0.2822
vn -0.1432 -0.7006 0.6991
vn -0.6270 0.3901 -0.6743
vn -0.8400 -0.5171 0.1642
vn -0.1376 -0.7205 0.6797
vn -0.5777 0.3045 -0.7573
vn -0.7734 -0.6316 0.0534
vn -0.1268 -0.7392 0.6615
vn -0.5063 0.2275 -0.8318
vn -0.6771 -0.7345 -0.0458
vn -0.1110 -0.7560 0.6451
vn -0.4155 0.1620 -0.8951
vn -0.5550 -0.8217 -0.1297
vn -0.0910 -0.7702 0.6312
vn -0.3087 0.1105 -0.9447
vn -0.4119 -0.8901 -0.1953
vn -0.0676 -0.7814 0.6204
vn -0.1900 0.0750 -0.9789
vn -0.2534 -0.9370 -0.2403
vn -0.0416 -0.7891 0.6129
vn -0.0642 0.0569 -0.9963
vn -0.0855 -0.9609 -0.2632
vn -0.0140 -0.7930 0.6091
vn 0.0976 0.7130 0.6943
vn 0.8811 -0.3388 -0.3300
vn -0.0976 0.7130 0.6943
vn -0.4698 0.6324 0.6159
vn 0.9566 0.2088 0.2033
vn -0.7717 0.4556 0.4437
vn 0.7717 0.4556 0.4437
vn -0.9566 0.2088 0.2033
vn 0.4698 0.6324 0.6159
vn -0.9951 -0.0705 -0.0687
vn -0.8811 -0.3388 -0.3300
vn -0.6328 -0.5547 -0.5402
vn -0.2892 -0.6858 -0.6679
vn 0.0976 -0.7130 -0.6943
vn 0.4698 -0.6324 -0.6159
vn 0.7717 -0.4556 -0.4437
vn 0.9566 -0.2088 -0.2033
vn -0.2892 0.6858 0.6679
vn 0.9951 0.0705 0.0687
vn -0.6328 0.5547 0.5402
vn 0.8811 0.3388 0.3300
vn -0.8811 0.3388 0.3300
vn 0.6328 0.5547 0.5402
vn -0.9951 0.0705 0.0687
vn 0.2892 0.6858 0.6679
vn -0.9566 -0.2088 -0.2033
vn -0.7717 -0.4556 -0.4437
vn -0.4698 -0.6324 -0.6159
vn -0.0976 -0.7130 -0.6943
vn 0.2892 -0.6858 -0.6679
vn 0.6328 -0.5547 -0.5402
vn 0.0000 -0.4586 -0.8886
vn 1.0000 -0.0000 0.0000
vn -1.0000 -0.0000 0.0000
vn 0.0000 0.4586 0.8886
vn 0.0984 -0.9051 -0.4136
vn 0.2912 -0.8701 -0.3976
vn 0.4727 -0.8015 -0.3662
vn 0.6358 -0.7020 -0.3208
vn 0.7741 -0.5758 -0.2631
vn 0.8826 -0.4275 -0.1953
vn 0.9572 -0.2632 -0.1203
vn 0.9952 -0.0888 -0.0406
vn 0.9952 0.0888 0.0406
vn 0.9572 0.2632 0.1203
vn 0.8827 0.4275 0.1953
vn 0.7741 0.5758 0.2631
vn 0.6358 0.7020 0.3208
vn 0.4727 0.8015 0.3662
vn 0.2912 0.8701 0.3976
vn 0.0984 0.9051 0.4136
vn -0.0984 0.9051 0.4136
vn -0.2912 0.8701 0.3976
vn -0.4728 0.8015 0.3662
vn -0.6357 0.7021 0.3208
vn -0.7741 0.5758 0.2631
vn -0.8827 0.4275 0.1953
vn -0.9572 0.2632 0.1203
vn -0.9952 0.0888 0.0406
vn -0.9952 -0.0888 -0.0406
vn -0.9572 -0.2632 -0.1203
vn -0.8826 -0.4275 -0.1953
vn -0.7741 -0.5758 -0.2631
vn -0.6357 -0.7021 -0.3208
vn -0.4728 -0.8015 -0.3662
vn 0.0000 0.0291 -0.9996
vn -0.2912 -0.8701 -0.3976
vn -0.0984 -0.9051 -0.4136
vn -0.0000 -0.0291 0.9996
vn 0.0000 -0.5860 0.8103
vn 0.0000 0.5860 -0.8103
vn 0.6201 0.6824 0.3870
vn 0.0976 -0.7130 -0.6944
vn 0.2891 0.6858 0.6679
vn -0.0000 0.6977 -0.7164
vn -0.8634 -0.1931 -0.4660
vn 0.4605 0.7584 0.4612
vn 0.0957 -0.5603 -0.8227
vn -0.7563 -0.3077 -0.5774
vn 0.2834 0.8107 0.5123
vn 0.2834 -0.5336 -0.7968
vn -0.6201 -0.4049 -0.6719
vn 0.0957 0.8373 0.5383
vn 0.4605 -0.4812 -0.7459
vn -0.4605 -0.4812 -0.7459
vn -0.0957 0.8373 0.5383
vn 0.6201 -0.4049 -0.6719
vn -0.2834 -0.5336 -0.7968
vn -0.2834 0.8107 0.5123
vn 0.7563 -0.3077 -0.5774
vn -0.0957 -0.5603 -0.8227
vn -0.4605 0.7584 0.4613
vn 0.8634 -0.1931 -0.4660
vn -0.6201 0.6824 0.3870
vn 0.9374 -0.0656 -0.3420
vn -0.7563 0.5854 0.2923
vn 0.9752 0.0699 -0.2101
vn -0.8634 0.4710 0.1807
vn 0.9752 0.2081 -0.0755
vn -0.9374 0.3436 0.0565
vn 0.9374 0.3436 0.0565
vn -0.9752 0.2082 -0.0755
vn 0.8634 0.4710 0.1807
vn -0.9752 0.0700 -0.2101
vn 0.7563 0.5854 0.2923
vn -0.9374 -0.0656 -0.3420
vn -0.0000 -0.6977 0.7164
usemtl Material.001
s 1
f 1/1/1 2/2/1 3/3/1 4/4/1
f 5/5/2 1/1/2 4/4/2 6/6/2
f 7/7/3 5/5/3 6/6/3 8/8/3
f 9/9/4 10/10/4 11/11/4
f 12/12/5 9/9/5 11/11/5 13/13/5
f 14/14/6 12/12/6 13/13/6 15/15/6
f 2/16/7 14/14/7 15/15/7 3/17/7
f 3/17/8 15/15/8 16/18/8 17/19/8
f 4/4/9 3/3/9 17/20/9 18/21/9
f 6/6/10 4/4/10 18/21/10 19/22/10
f 8/8/11 6/6/11 19/22/11 20/23/11
f 11/11/12 10/10/12 21/24/12
f 13/13/13 11/11/13 21/24/13 22/25/13
f 15/15/14 13/13/14 22/25/14 16/18/14
f 21/24/15 10/10/15 23/26/15
f 22/25/16 21/24/16 23/26/16 24/27/16
f 16/18/17 22/25/17 24/27/17 25/28/17
f 17/19/18 16/18/18 25/28/18 26/29/18
f 18/21/19 17/20/19 26/30/19 27/31/19
f 19/22/20 18/21/20 27/31/20 28/32/20
f 20/23/21 19/22/21 28/32/21 29/33/21
f 27/31/22 26/30/22 30/34/22 31/35/22
f 28/32/23 27/31/23 31/35/23 32/36/23
f 29/33/24 28/32/24 32/36/24 33/37/24
f 23/26/25 10/10/25 34/38/25
f 24/27/26 23/26/26 34/38/26 35/39/26
f 25/28/27 24/27/27 35/39/27 36/40/27
f 26/29/28 25/28/28 36/40/28 30/41/28
f 34/38/29 10/10/29 37/42/29
f 35/39/30 34/38/30 37/42/30 38/43/30
f 36/40/31 35/39/31 38/43/31 39/44/31
f 30/41/32 36/40/32 39/44/32 40/45/32
f 31/46/33 30/47/33 40/48/33 41/49/33
f 32/50/34 31/46/34 41/49/34 42/51/34
f 33/52/35 32/50/35 42/51/35 43/53/35
f 41/49/36 40/48/36 44/54/36 45/55/36
f 42/51/37 41/49/37 45/55/37 46/56/37
f 43/53/38 42/51/38 46/56/38 47/57/38
f 37/42/39 10/10/39 48/58/39
f 38/43/40 37/42/40 48/58/40 49/59/40
f 39/44/41 38/43/41 49/59/41 50/60/41
f 40/45/42 39/44/42 50/60/42 44/61/42
f 49/59/43 48/58/43 51/62/43 52/63/43
f 50/60/44 49/59/44 52/63/44 53/64/44
f 44/61/45 50/60/45 53/64/45 54/65/45
f 45/55/46 44/54/46 54/66/46 55/67/46
f 46/56/47 45/55/47 55/67/47 56/68/47
f 47/57/48 46/56/48 56/68/48 57/69/48
f 48/58/49 10/10/49 51/62/49
f 56/68/50 55/67/50 58/70/50 59/71/50
f 57/69/51 56/68/51 59/71/51 60/72/51
f 51/62/52 10/10/52 61/73/52
f 52/63/53 51/62/53 61/73/53 62/74/53
f 53/64/54 52/63/54 62/74/54 63/75/54
f 54/65/55 53/64/55 63/75/55 64/76/55
f 55/67/56 54/66/56 64/77/56 58/70/56
f 63/75/57 62/74/57 65/78/57 66/79/57
f 64/76/58 63/75/58 66/79/58 67/80/58
f 58/70/59 64/77/59 67/81/59 68/82/59
f 59/71/60 58/70/60 68/82/60 69/83/60
f 60/72/61 59/71/61 69/83/61 70/84/61
f 61/73/62 10/10/62 71/85/62
f 62/74/63 61/73/63 71/85/63 65/78/63
f 70/84/64 69/83/64 72/86/64 73/87/64
f 71/85/65 10/10/65 74/88/65
f 65/78/66 71/85/66 74/88/66 75/89/66
f 66/79/67 65/78/67 75/89/67 76/90/67
f 67/80/68 66/79/68 76/90/68 77/91/68
f 68/82/69 67/81/69 77/92/69 78/93/69
f 69/83/70 68/82/70 78/93/70 72/86/70
f 76/90/71 75/89/71 79/94/71 80/95/71
f 77/91/72 76/90/72 80/95/72 81/96/72
f 78/93/73 77/92/73 81/97/73 82/98/73
f 72/86/74 78/93/74 82/98/74 83/99/74
f 73/87/75 72/86/75 83/99/75 84/100/75
f 74/88/76 10/10/76 85/101/76
f 75/89/77 74/88/77 85/101/77 79/94/77
f 84/100/78 83/99/78 86/102/78 87/103/78
f 85/101/79 10/10/79 88/104/79
f 79/94/80 85/101/80 88/104/80 89/105/80
f 80/95/81 79/94/81 89/105/81 90/106/81
f 81/96/82 80/95/82 90/106/82 91/107/82
f 82/98/83 81/97/83 91/108/83 92/109/83
f 83/99/84 82/98/84 92/109/84 86/102/84
f 91/107/85 90/106/85 93/110/85 94/111/85
f 92/112/86 91/113/86 94/114/86 95/115/86
f 86/116/87 92/112/87 95/115/87 96/117/87
f 87/118/88 86/116/88 96/117/88 97/119/88
f 88/104/89 10/10/89 98/120/89
f 89/105/90 88/104/90 98/120/90 99/121/90
f 90/106/91 89/105/91 99/121/91 93/110/91
f 98/120/92 10/10/92 100/122/92
f 99/121/93 98/120/93 100/122/93 101/123/93
f 93/110/94 99/121/94 101/123/94 102/124/94
f 94/111/95 93/110/95 102/124/95 103/125/95
f 95/115/96 94/114/96 103/126/96 104/127/96
f 96/117/97 95/115/97 104/127/97 105/128/97
f 97/119/98 96/117/98 105/128/98 106/129/98
f 103/125/99 102/124/99 107/130/99 108/131/99
f 104/127/100 103/126/100 108/132/100 109/133/100
f 105/128/101 104/127/101 109/133/101 110/134/101
f 106/129/102 105/128/102 110/134/102 111/135/102
f 100/122/103 10/10/103 112/136/103
f 101/123/104 100/122/104 112/136/104 113/137/104
f 102/124/105 101/123/105 113/137/105 107/130/105
f 112/136/106 10/10/106 114/138/106
f 113/137/107 112/136/107 114/138/107 115/139/107
f 107/130/108 113/137/108 115/139/108 116/140/108
f 108/131/109 107/130/109 116/140/109 117/141/109
f 109/133/110 108/132/110 117/142/110 118/143/110
f 110/134/111 109/133/111 118/143/111 119/144/111
f 111/135/112 110/134/112 119/144/112 120/145/112
f 118/143/113 117/142/113 121/146/113 122/147/113
f 119/144/114 118/143/114 122/147/114 123/148/114
f 120/145/115 119/144/115 123/148/115 124/149/115
f 114/138/116 10/10/116 125/150/116
f 115/139/117 114/138/117 125/150/117 126/151/117
f 116/140/118 115/139/118 126/151/118 127/152/118
f 117/141/119 116/140/119 127/152/119 121/153/119
f 126/151/120 125/150/120 128/154/120 129/155/120
f 127/152/121 126/151/121 129/155/121 130/156/121
f 121/153/122 127/152/122 130/156/122 131/157/122
f 122/147/123 121/146/123 131/158/123 132/159/123
f 123/148/124 122/147/124 132/159/124 133/160/124
f 124/149/125 123/148/125 133/160/125 134/161/125
f 125/150/126 10/10/126 128/154/126
f 133/160/127 132/159/127 135/162/127 136/163/127
f 134/161/128 133/160/128 136/163/128 137/164/128
f 128/154/129 10/10/129 138/165/129
f 129/155/130 128/154/130 138/165/130 139/166/130
f 130/156/131 129/155/131 139/166/131 140/167/131
f 131/157/132 130/156/132 140/167/132 141/168/132
f 132/159/133 131/158/133 141/169/133 135/162/133
f 139/166/134 138/165/134 142/170/134 143/171/134
f 140/167/135 139/166/135 143/171/135 144/172/135
f 141/168/136 140/167/136 144/172/136 145/173/136
f 135/162/137 141/169/137 145/174/137 146/175/137
f 136/163/138 135/162/138 146/175/138 147/176/138
f 137/164/139 136/163/139 147/176/139 148/177/139
f 138/165/140 10/10/140 142/170/140
f 147/178/141 146/179/141 149/180/141 150/181/141
f 148/182/142 147/178/142 150/181/142 151/183/142
f 142/170/143 10/10/143 152/184/143
f 143/171/144 142/170/144 152/184/144 153/185/144
f 144/172/145 143/171/145 153/185/145 154/186/145
f 145/173/146 144/172/146 154/186/146 155/187/146
f 146/179/147 145/188/147 155/189/147 149/180/147
f 154/186/148 153/185/148 156/190/148 157/191/148
f 155/187/149 154/186/149 157/191/149 158/192/149
f 149/180/150 155/189/150 158/193/150 159/194/150
f 150/181/151 149/180/151 159/194/151 160/195/151
f 151/183/152 150/181/152 160/195/152 161/196/152
f 152/184/153 10/10/153 162/197/153
f 153/185/154 152/184/154 162/197/154 156/190/154
f 161/196/155 160/195/155 163/198/155 164/199/155
f 162/197/156 10/10/156 165/200/156
f 156/190/157 162/197/157 165/200/157 166/201/157
f 157/191/158 156/190/158 166/201/158 167/202/158
f 158/192/159 157/191/159 167/202/159 168/203/159
f 159/194/160 158/193/160 168/204/160 169/205/160
f 160/195/161 159/194/161 169/205/161 163/198/161
f 167/202/162 166/201/162 170/206/162 171/207/162
f 168/203/163 167/202/163 171/207/163 172/208/163
f 169/205/164 168/204/164 172/209/164 173/210/164
f 163/198/165 169/205/165 173/210/165 174/211/165
f 164/199/166 163/198/166 174/211/166 175/212/166
f 165/200/167 10/10/167 176/213/167
f 166/201/168 165/200/168 176/213/168 170/206/168
f 175/212/169 174/211/169 177/214/169 178/215/169
f 176/213/170 10/10/170 179/216/170
f 170/206/171 176/213/171 179/216/171 180/217/171
f 171/207/172 170/206/172 180/217/172 181/218/172
f 172/208/173 171/207/173 181/218/173 182/219/173
f 173/210/174 172/209/174 182/220/174 183/221/174
f 174/211/175 173/210/175 183/221/175 177/214/175
f 182/219/176 181/218/176 184/222/176 185/223/176
f 183/221/177 182/220/177 185/224/177 186/225/177
f 177/214/178 183/221/178 186/225/178 187/226/178
f 178/215/179 177/214/179 187/226/179 188/227/179
f 179/216/180 10/10/180 189/228/180
f 180/217/181 179/216/181 189/228/181 190/229/181
f 181/218/182 180/217/182 190/229/182 184/222/182
f 189/228/183 10/10/183 191/230/183
f 190/229/184 189/228/184 191/230/184 192/231/184
f 184/222/185 190/229/185 192/231/185 193/232/185
f 185/223/186 184/222/186 193/232/186 194/233/186
f 186/225/187 185/224/187 194/234/187 195/235/187
f 187/226/188 186/225/188 195/235/188 196/236/188
f 188/227/189 187/226/189 196/236/189 197/237/189
f 195/235/190 194/234/190 198/238/190 199/239/190
f 196/236/191 195/235/191 199/239/191 200/240/191
f 197/237/192 196/236/192 200/240/192 201/241/192
f 191/230/193 10/10/193 202/242/193
f 192/231/194 191/230/194 202/242/194 203/243/194
f 193/232/195 192/231/195 203/243/195 204/244/195
f 194/233/196 193/232/196 204/244/196 198/245/196
f 202/242/197 10/10/197 205/246/197
f 203/243/198 202/242/198 205/246/198 206/247/198
f 204/244/199 203/243/199 206/247/199 207/248/199
f 198/245/200 204/244/200 207/248/200 208/249/200
f 199/250/201 198/245/201 208/249/201 209/251/201
f 200/252/202 199/253/202 209/254/202 210/255/202
f 201/256/203 200/252/203 210/255/203 211/257/203
f 209/254/204 208/258/204 212/259/204 213/260/204
f 210/255/205 209/254/205 213/260/205 214/261/205
f 211/257/206 210/255/206 214/261/206 215/262/206
f 205/246/207 10/10/207 216/263/207
f 206/247/208 205/246/208 216/263/208 217/264/208
f 207/248/209 206/247/209 217/264/209 218/265/209
f 208/249/210 207/248/210 218/265/210 212/266/210
f 217/264/211 216/263/211 219/267/211 220/268/211
f 218/265/212 217/264/212 220/268/212 221/269/212
f 212/266/213 218/265/213 221/269/213 222/270/213
f 213/260/214 212/259/214 222/271/214 223/272/214
f 214/261/215 213/260/215 223/272/215 224/273/215
f 215/262/216 214/261/216 224/273/216 225/274/216
f 216/263/217 10/10/217 219/267/217
f 224/273/218 223/272/218 1/1/218 5/5/218
f 225/274/219 224/273/219 5/5/219 7/7/219
f 219/267/220 10/10/220 9/9/220
f 220/268/221 219/267/221 9/9/221 12/12/221
f 221/269/222 220/268/222 12/12/222 14/14/222
f 222/270/223 221/269/223 14/14/223 2/16/223
f 223/272/224 222/271/224 2/2/224 1/1/224
f 226/275/225 227/276/225 228/277/225 229/278/225
f 230/279/226 231/280/226 232/281/226 233/282/226
f 233/282/227 232/281/227 234/283/227 235/284/227
f 235/285/228 234/286/228 236/287/228 237/288/228
f 237/288/229 236/287/229 238/289/229 239/290/229
f 239/290/230 238/289/230 240/291/230 241/292/230
f 241/292/231 240/291/231 242/293/231 243/294/231
f 243/294/232 242/293/232 244/295/232 245/296/232
f 245/296/233 244/295/233 246/297/233 247/298/233
f 247/298/234 246/297/234 248/299/234 249/300/234
f 249/300/235 248/299/235 250/301/235 251/302/235
f 251/303/236 250/304/236 252/305/236 253/306/236
f 253/306/237 252/305/237 254/307/237 255/308/237
f 255/308/238 254/307/238 256/309/238 257/310/238
f 257/310/239 256/309/239 258/311/239 259/312/239
f 259/312/240 258/311/240 260/313/240 261/314/240
f 261/314/241 260/313/241 262/315/241 263/316/241
f 263/316/242 262/315/242 264/317/242 265/318/242
f 265/318/243 264/317/243 266/319/243 267/320/243
f 267/321/244 266/322/244 268/323/244 269/324/244
f 269/324/245 268/323/245 270/325/245 271/326/245
f 271/326/246 270/325/246 272/327/246 273/328/246
f 273/328/247 272/327/247 274/329/247 275/330/247
f 275/330/248 274/329/248 276/331/248 277/332/248
f 277/332/249 276/331/249 278/333/249 279/334/249
f 279/334/250 278/333/250 280/335/250 281/336/250
f 281/336/251 280/335/251 282/337/251 283/338/251
f 283/339/252 282/340/252 284/341/252 285/342/252
f 285/342/253 284/341/253 286/343/253 287/344/253
f 287/344/254 286/343/254 227/276/254 226/275/254
f 242/293/255 240/291/255 288/345/255 289/346/255
f 290/347/256 291/348/256 231/280/256 230/279/256
f 229/278/257 228/277/257 291/348/257 290/347/257
f 229/349/258 290/350/258 292/351/258 293/352/258
f 293/353/259 292/354/259 294/355/259 295/356/259
f 295/357/260 294/358/260 296/359/260 297/360/260
f 290/350/261 230/361/261 298/362/261 292/351/261
f 292/354/262 298/363/262 299/364/262 294/355/262
f 294/358/263 299/365/263 300/366/263 296/359/263
f 230/361/264 233/367/264 301/368/264 298/362/264
f 298/363/265 301/369/265 302/370/265 299/364/265
f 299/365/266 302/371/266 303/372/266 300/366/266
f 233/367/267 235/373/267 304/374/267 301/368/267
f 301/369/268 304/375/268 305/376/268 302/370/268
f 302/371/269 305/377/269 306/378/269 303/372/269
f 235/373/270 237/379/270 307/380/270 304/374/270
f 304/381/271 307/382/271 308/383/271 305/384/271
f 305/377/272 308/385/272 309/386/272 306/378/272
f 237/379/273 239/387/273 310/388/273 307/380/273
f 307/382/274 310/389/274 311/390/274 308/383/274
f 308/385/275 311/391/275 312/392/275 309/386/275
f 239/387/276 241/393/276 313/394/276 310/388/276
f 310/389/277 313/395/277 314/396/277 311/390/277
f 311/391/278 314/397/278 315/398/278 312/392/278
f 241/393/279 243/399/279 316/400/279 313/394/279
f 313/395/280 316/401/280 317/402/280 314/396/280
f 314/397/281 317/403/281 318/404/281 315/398/281
f 243/399/282 245/405/282 319/406/282 316/400/282
f 316/401/283 319/407/283 320/408/283 317/402/283
f 317/403/284 320/409/284 321/410/284 318/404/284
f 245/405/285 247/411/285 322/412/285 319/406/285
f 319/407/286 322/413/286 323/414/286 320/408/286
f 320/409/287 323/415/287 324/416/287 321/410/287
f 247/411/288 249/417/288 325/418/288 322/412/288
f 322/413/289 325/419/289 326/420/289 323/414/289
f 323/415/290 326/421/290 327/422/290 324/416/290
f 249/417/291 251/423/291 328/424/291 325/418/291
f 325/419/292 328/425/292 329/426/292 326/420/292
f 326/421/293 329/427/293 330/428/293 327/422/293
f 251/423/294 253/429/294 331/430/294 328/424/294
f 328/431/295 331/432/295 332/433/295 329/434/295
f 329/427/296 332/435/296 333/436/296 330/428/296
f 253/429/297 255/437/297 334/438/297 331/430/297
f 331/432/298 334/439/298 335/440/298 332/433/298
f 332/435/299 335/441/299 336/442/299 333/436/299
f 255/437/300 257/443/300 337/444/300 334/438/300
f 334/439/301 337/445/301 338/446/301 335/440/301
f 335/441/302 338/447/302 339/448/302 336/442/302
f 257/443/303 259/449/303 340/450/303 337/444/303
f 337/445/304 340/451/304 341/452/304 338/446/304
f 338/447/305 341/453/305 342/454/305 339/448/305
f 259/312/306 261/314/306 343/455/306 340/451/306
f 340/451/307 343/455/307 344/456/307 341/452/307
f 341/453/308 344/457/308 345/458/308 342/454/308
f 261/459/309 263/460/309 346/461/309 343/462/309
f 343/455/310 346/463/310 347/464/310 344/456/310
f 344/457/311 347/465/311 348/466/311 345/458/311
f 263/460/312 265/467/312 349/468/312 346/461/312
f 346/463/313 349/469/313 350/470/313 347/464/313
f 347/465/314 350/471/314 351/472/314 348/466/314
f 265/467/315 267/473/315 352/474/315 349/468/315
f 349/469/316 352/475/316 353/476/316 350/470/316
f 350/471/317 353/477/317 354/478/317 351/472/317
f 267/473/318 269/479/318 355/480/318 352/474/318
f 352/481/319 355/482/319 356/483/319 353/484/319
f 353/477/320 356/485/320 357/486/320 354/478/320
f 269/479/321 271/487/321 358/488/321 355/480/321
f 355/482/322 358/489/322 359/490/322 356/483/322
f 356/485/323 359/491/323 360/492/323 357/486/323
f 271/487/324 273/493/324 361/494/324 358/488/324
f 358/489/325 361/495/325 362/496/325 359/490/325
f 359/491/326 362/497/326 363/498/326 360/492/326
f 273/493/327 275/499/327 364/500/327 361/494/327
f 361/495/328 364/501/328 365/502/328 362/496/328
f 362/497/329 365/503/329 366/504/329 363/498/329
f 275/499/330 277/505/330 367/506/330 364/500/330
f 364/501/331 367/507/331 368/508/331 365/502/331
f 365/503/332 368/509/332 369/510/332 366/504/332
f 277/505/333 279/511/333 370/512/333 367/506/333
f 367/507/334 370/513/334 371/514/334 368/508/334
f 368/509/335 371/515/335 372/516/335 369/510/335
f 279/511/336 281/517/336 373/518/336 370/512/336
f 370/513/337 373/519/337 374/520/337 371/514/337
f 371/515/338 374/521/338 375/522/338 372/516/338
f 281/517/339 283/523/339 376/524/339 373/518/339
f 373/519/340 376/525/340 377/526/340 374/520/340
f 374/521/341 377/527/341 378/528/341 375/522/341
f 283/523/342 285/529/342 379/530/342 376/524/342
f 376/531/343 379/532/343 380/533/343 377/534/343
f 377/527/344 380/535/344 381/536/344 378/528/344
f 285/529/345 287/537/345 382/538/345 379/530/345
f 379/532/346 382/539/346 383/540/346 380/533/346
f 380/535/347 383/541/347 384/542/347 381/536/347
f 287/537/348 226/543/348 385/544/348 382/538/348
f 382/539/349 385/545/349 386/546/349 383/540/349
f 383/541/350 386/547/350 387/548/350 384/542/350
f 226/543/351 229/349/351 293/352/351 385/544/351
f 385/545/352 293/353/352 295/356/352 386/546/352
f 386/547/353 295/357/353 297/360/353 387/548/353
f 387/549/354 297/550/354 388/551/354 389/552/354
f 357/553/355 360/554/355 390/555/355 391/556/355
f 297/550/356 296/557/356 392/558/356 388/551/356
f 363/559/255 366/560/255 393/561/255 394/562/255
f 300/563/357 303/564/357 395/565/357 396/566/357
f 369/567/358 372/568/358 397/569/358 398/570/358
f 306/571/359 309/572/359 399/573/359 400/574/359
f 375/575/360 378/576/360 401/577/360 402/578/360
f 312/579/361 315/580/361 403/581/361 404/582/361
f 381/583/362 384/584/362 405/585/362 406/586/362
f 318/587/363 321/588/363 407/589/363 408/590/363
f 324/591/364 327/592/364 409/593/364 410/594/364
f 330/595/365 333/596/365 411/597/365 412/598/365
f 336/599/366 339/600/366 413/601/366 414/602/366
f 342/603/367 345/604/367 415/605/367 416/606/367
f 348/607/368 351/608/368 417/609/368 418/610/368
f 354/611/369 357/553/369 391/556/369 419/612/369
f 360/554/370 363/559/370 394/562/370 390/555/370
f 296/557/371 300/563/371 396/566/371 392/558/371
f 366/560/372 369/567/372 398/570/372 393/561/372
f 303/564/373 306/613/373 400/614/373 395/565/373
f 372/568/374 375/575/374 402/578/374 397/569/374
f 309/572/375 312/579/375 404/582/375 399/573/375
f 378/615/376 381/583/376 406/586/376 401/616/376
f 315/580/377 318/587/377 408/590/377 403/581/377
f 384/584/378 387/549/378 389/552/378 405/585/378
f 321/588/379 324/591/379 410/594/379 407/589/379
f 327/592/380 330/617/380 412/618/380 409/593/380
f 333/596/381 336/599/381 414/602/381 411/597/381
f 339/600/382 342/603/382 416/606/382 413/601/382
f 345/604/383 348/607/383 418/610/383 415/605/383
f 351/608/384 354/619/384 419/620/384 417/609/384
f 420/621/385 421/622/385 422/623/385 423/624/385
f 424/625/386 425/626/386 426/627/386 427/628/386
f 428/629/386 420/630/386 423/631/386 429/632/386
f 430/633/387 431/634/387 432/635/387 433/636/387
f 431/637/388 424/638/388 427/639/388 432/640/388
f 421/641/387 434/642/387 435/643/387 422/644/387
f 434/645/388 428/646/388 429/647/388 435/648/388
f 425/649/385 430/650/385 433/651/385 426/652/385
f 436/653/389 437/654/389 438/655/389 439/656/389
f 439/656/390 438/655/390 440/657/390 441/658/390
f 441/658/391 440/657/391 442/659/391 443/660/391
f 443/660/392 442/659/392 444/661/392 445/662/392
f 445/663/393 444/664/393 446/665/393 447/666/393
f 447/666/394 446/665/394 448/667/394 449/668/394
f 449/668/395 448/667/395 450/669/395 451/670/395
f 451/670/396 450/669/396 452/671/396 453/672/396
f 453/672/397 452/671/397 454/673/397 455/674/397
f 455/674/398 454/673/398 456/675/398 457/676/398
f 457/676/399 456/675/399 458/677/399 459/678/399
f 459/678/400 458/677/400 460/679/400 461/680/400
f 461/681/401 460/682/401 462/683/401 463/684/401
f 463/684/402 462/683/402 464/685/402 465/686/402
f 465/686/403 464/685/403 466/687/403 467/688/403
f 467/688/404 466/687/404 468/689/404 469/690/404
f 469/690/405 468/689/405 470/691/405 471/692/405
f 471/692/406 470/691/406 472/693/406 473/694/406
f 473/694/407 472/693/407 474/695/407 475/696/407
f 475/696/408 474/695/408 476/697/408 477/698/408
f 477/699/409 476/700/409 478/701/409 479/702/409
f 479/702/410 478/701/410 480/703/410 481/704/410
f 481/704/411 480/703/411 482/705/411 483/706/411
f 483/706/412 482/705/412 484/707/412 485/708/412
f 485/708/413 484/707/413 486/709/413 487/710/413
f 487/710/414 486/709/414 488/711/414 489/712/414
f 489/712/415 488/711/415 490/713/415 491/714/415
f 491/714/416 490/713/416 492/715/416 493/716/416
f 493/717/417 492/718/417 494/719/417 495/720/417
f 495/720/418 494/719/418 496/721/418 497/722/418
f 438/655/419 437/654/419 498/723/419 496/721/419 494/719/419 492/718/419 490/724/419 488/725/419 486/726/419 484/727/419 482/728/419 480/729/419 478/730/419 476/731/419 474/732/419 472/733/419 470/734/419 468/735/419 466/736/419 464/737/419 462/738/419 460/739/419 458/740/419 456/741/419 454/742/419 452/743/419 450/744/419 448/745/419 446/746/419 444/661/419 442/659/419 440/657/419
f 497/722/420 496/721/420 498/723/420 499/747/420
f 499/747/421 498/723/421 437/654/421 436/653/421
f 436/748/422 439/749/422 441/750/422 443/751/422 445/752/422 447/753/422 449/754/422 451/755/422 453/756/422 455/757/422 457/758/422 459/759/422 461/760/422 463/761/422 465/762/422 467/763/422 469/764/422 471/765/422 473/766/422 475/767/422 477/768/422 479/769/422 481/770/422 483/771/422 485/772/422 487/773/422 489/774/422 491/775/422 493/776/422 495/777/422 497/778/422 499/779/422
f 500/780/423 501/781/423 502/782/423 503/783/423
f 504/784/387 500/785/387 503/786/387 505/787/387
f 506/788/424 507/789/424 508/790/424 509/791/424
f 510/792/386 506/793/386 509/794/386 511/795/386
f 512/796/424 504/797/424 505/798/424 513/799/424
f 507/800/387 514/801/387 515/802/387 508/803/387
f 501/804/386 512/805/386 513/806/386 502/807/386
f 514/808/423 510/809/423 511/810/423 515/811/423
f 516/812/425 517/813/425 518/814/425 519/815/425
f 270/325/375 268/323/375 520/816/375 521/817/375
f 244/295/372 242/293/372 289/346/372 522/818/372
f 272/327/361 270/325/361 521/817/361 523/819/361
f 246/297/358 244/295/358 522/818/358 524/820/358
f 274/329/377 272/327/377 523/819/377 525/821/377
f 248/299/374 246/297/374 524/820/374 526/822/374
f 276/331/363 274/329/363 525/821/363 527/823/363
f 250/301/360 248/299/360 526/822/360 517/824/360
f 278/333/379 276/331/379 527/823/379 528/825/379
f 252/305/376 250/304/376 517/813/376 516/812/376
f 280/335/364 278/333/364 528/825/364 529/826/364
f 254/307/362 252/305/362 516/812/362 530/827/362
f 291/348/426 228/277/426 531/828/426 532/829/426
f 282/337/380 280/335/380 529/826/380 533/830/380
f 256/309/427 254/307/427 530/827/427 534/831/427
f 231/280/383 291/348/383 532/829/383 535/832/383
f 284/341/365 282/340/365 533/833/365 536/834/365
f 258/311/354 256/309/354 534/831/354 537/835/354
f 232/281/368 231/280/368 535/832/368 538/836/368
f 286/343/381 284/341/381 536/834/381 539/837/381
f 260/313/356 258/311/356 537/835/356 540/838/356
f 234/283/384 232/281/384 538/836/384 541/839/384
f 227/276/366 286/343/366 539/837/366 542/840/366
f 262/315/371 260/313/371 540/838/371 543/841/371
f 236/287/369 234/286/369 541/842/369 544/843/369
f 228/277/382 227/276/382 542/840/382 531/828/382
f 264/317/357 262/315/357 543/841/357 545/844/357
f 238/289/355 236/287/355 544/843/355 546/845/355
f 266/319/373 264/317/373 545/844/373 547/846/373
f 240/291/370 238/289/370 546/845/370 288/345/370
f 268/323/359 266/322/359 547/847/359 520/816/359
f 548/848/428 549/849/428 550/850/428 551/851/428 552/852/428 553/853/428 554/854/428 555/855/428 556/856/428 557/857/428 558/858/428 559/859/428 560/860/428 561/861/428 562/862/428 563/863/428 564/864/428 565/865/428 566/866/428 567/867/428 519/868/428 518/869/428 568/870/428 569/871/428 570/872/428 571/873/428 572/874/428 573/875/428 574/876/428 575/877/428 576/878/428 577/879/428
f 529/826/429 528/825/429 555/880/429 554/881/429
f 530/827/430 516/812/430 519/815/430 567/882/430
f 532/829/431 531/828/431 549/883/431 548/884/431
f 533/830/432 529/826/432 554/881/432 553/885/432
f 534/831/433 530/827/433 567/882/433 566/886/433
f 535/832/434 532/829/434 548/884/434 577/887/434
f 536/834/435 533/833/435 553/888/435 552/889/435
f 537/835/436 534/831/436 566/886/436 565/890/436
f 538/836/437 535/832/437 577/887/437 576/891/437
f 539/837/438 536/834/438 552/889/438 551/892/438
f 540/838/439 537/835/439 565/890/439 564/893/439
f 541/839/440 538/836/440 576/891/440 575/894/440
f 542/840/441 539/837/441 551/892/441 550/895/441
f 543/841/442 540/838/442 564/893/442 563/896/442
f 544/843/443 541/842/443 575/897/443 574/898/443
f 531/828/444 542/840/444 550/895/444 549/883/444
f 545/844/445 543/841/445 563/896/445 562/899/445
f 546/845/446 544/843/446 574/898/446 573/900/446
f 547/846/447 545/844/447 562/899/447 561/901/447
f 288/345/448 546/845/448 573/900/448 572/902/448
f 520/816/449 547/847/449 561/903/449 560/904/449
f 289/346/450 288/345/450 572/902/450 571/905/450
f 521/817/451 520/816/451 560/904/451 559/906/451
f 522/818/452 289/346/452 571/905/452 570/907/452
f 523/819/453 521/817/453 559/906/453 558/908/453
f 524/820/454 522/818/454 570/907/454 569/909/454
f 525/821/455 523/819/455 558/908/455 557/910/455
f 526/822/456 524/820/456 569/909/456 568/911/456
f 527/823/457 525/821/457 557/910/457 556/912/457
f 517/824/458 526/822/458 568/911/458 518/913/458
f 528/825/459 527/823/459 556/912/459 555/880/459
usemtl Material.005
f 578/914/460 579/915/460 580/916/460 581/917/460 582/918/460 583/919/460 584/920/460 585/921/460 586/922/460 587/923/460 588/924/460 589/925/460 590/926/460 591/927/460 592/928/460 593/929/460 594/930/460 595/931/460 596/932/460 597/933/460 598/934/460 599/935/460 600/936/460 601/937/460 602/938/460 603/939/460 604/940/460 605/941/460 606/942/460 607/943/460 608/944/460 609/945/460
o colored
v -0.001625 -1.380136 -0.310136
v -0.001625 -1.363833 -0.309922
v 0.000000 -1.363794 -0.310078
v 0.000000 -1.380136 -0.310296
v 0.003187 -1.361611 -0.309432
v 0.001625 -1.361495 -0.309892
v 0.001625 -1.361495 -0.309892
v 0.003187 -1.361611 -0.309432
v 0.004627 -1.361797 -0.308685
v 0.003187 -1.361611 -0.309432
v 0.003187 -1.361611 -0.309432
v 0.004627 -1.361797 -0.308685
v 0.005889 -1.362049 -0.307680
v 0.004627 -1.361797 -0.308685
v 0.004627 -1.361797 -0.308685
v 0.005889 -1.362049 -0.307680
v 0.006925 -1.362355 -0.306456
v 0.005889 -1.362049 -0.307680
v 0.005889 -1.362049 -0.307680
v 0.006925 -1.362355 -0.306456
v 0.007694 -1.362705 -0.305059
v 0.006925 -1.362355 -0.306456
v 0.006925 -1.362355 -0.306456
v 0.007694 -1.362705 -0.305059
v 0.008168 -1.363085 -0.303544
v 0.007694 -1.362705 -0.305059
v 0.007694 -1.362705 -0.305059
v 0.008168 -1.363085 -0.303544
v 0.008328 -1.363480 -0.301968
v 0.008168 -1.363085 -0.303544
v 0.008168 -1.363085 -0.303544
v 0.008328 -1.363480 -0.301968
v 0.008168 -1.363874 -0.300392
v 0.008328 -1.363480 -0.301968
v 0.008328 -1.363480 -0.301968
v 0.008168 -1.363874 -0.300392
v 0.007694 -1.364254 -0.298876
v 0.008168 -1.363874 -0.300392
v 0.008168 -1.363874 -0.300392
v 0.007694 -1.364254 -0.298876
v 0.006925 -1.364604 -0.297480
v 0.007694 -1.364254 -0.298876
v 0.007694 -1.364254 -0.298876
v 0.006925 -1.364604 -0.297480
v 0.005889 -1.364910 -0.296256
v 0.006925 -1.364604 -0.297480
v 0.006925 -1.364604 -0.297480
v 0.005889 -1.364910 -0.296256
v 0.004627 -1.365162 -0.295251
v 0.005889 -1.364910 -0.296256
v 0.005889 -1.364910 -0.296256
v 0.004627 -1.365162 -0.295251
v 0.003187 -1.365349 -0.294505
v 0.004627 -1.365162 -0.295251
v 0.004627 -1.365162 -0.295251
v 0.003187 -1.365349 -0.294505
v 0.001625 -1.365464 -0.294045
v 0.003187 -1.365349 -0.294505
v 0.003187 -1.365349 -0.294505
v 0.001625 -1.365464 -0.294045
v 0.000000 -1.365503 -0.293889
v 0.001625 -1.365464 -0.294045
v 0.001625 -1.365464 -0.294045
v 0.000000 -1.365503 -0.293889
v -0.001625 -1.365464 -0.294045
v 0.000000 -1.365503 -0.293889
v 0.000000 -1.365503 -0.293889
v -0.001625 -1.365464 -0.294045
v -0.003187 -1.365349 -0.294505
v -0.001625 -1.365464 -0.294045
v -0.001625 -1.365464 -0.294045
v -0.003187 -1.365349 -0.294505
v -0.004627 -1.365162 -0.295251
v -0.003187 -1.365349 -0.294505
v -0.003187 -1.365349 -0.294505
v -0.004627 -1.365162 -0.295251
v -0.005889 -1.364910 -0.296256
v -0.004627 -1.365162 -0.295251
v -0.004627 -1.365162 -0.295251
v -0.005889 -1.364910 -0.296256
v -0.006925 -1.364604 -0.297480
v -0.005889 -1.364910 -0.296256
v -0.005889 -1.364910 -0.296256
v -0.006925 -1.364604 -0.297480
v -0.007694 -1.364254 -0.298876
v -0.006925 -1.364604 -0.297480
v -0.006925 -1.364604 -0.297480
v -0.007694 -1.364254 -0.298876
v -0.008168 -1.363874 -0.300392
v -0.007694 -1.364254 -0.298876
v -0.007694 -1.364254 -0.298876
v -0.008168 -1.363874 -0.300392
v -0.008328 -1.363480 -0.301968
v -0.008168 -1.363874 -0.300392
v -0.008168 -1.363874 -0.300392
v -0.008328 -1.363480 -0.301968
v -0.008168 -1.363085 -0.303544
v -0.008328 -1.363480 -0.301968
v -0.008328 -1.363480 -0.301968
v -0.008168 -1.363085 -0.303544
v -0.007694 -1.362705 -0.305059
v -0.008168 -1.363085 -0.303544
v -0.008168 -1.363085 -0.303544
v -0.007694 -1.362705 -0.305059
v -0.006925 -1.362355 -0.306456
v -0.007694 -1.362705 -0.305059
v -0.007694 -1.362705 -0.305059
v -0.006925 -1.362355 -0.306456
v -0.005889 -1.362049 -0.307680
v -0.006925 -1.362355 -0.306456
v -0.006925 -1.362355 -0.306456
v -0.005889 -1.362049 -0.307680
v -0.004627 -1.361797 -0.308685
v -0.005889 -1.362049 -0.307680
v -0.005889 -1.362049 -0.307680
v -0.004627 -1.361797 -0.308685
v -0.003187 -1.361611 -0.309432
v -0.004627 -1.361797 -0.308685
v -0.004627 -1.361797 -0.308685
v -0.003187 -1.361611 -0.309432
v -0.004627 -1.380136 -0.295044
v -0.004627 -1.367512 -0.295218
v -0.005889 -1.367265 -0.296228
v -0.005889 -1.380136 -0.296079
v -0.001625 -1.361495 -0.309892
v -0.003187 -1.361611 -0.309432
v -0.003187 -1.361611 -0.309432
v -0.001625 -1.361495 -0.309892
v 0.000000 -1.361456 -0.310047
v -0.001625 -1.361495 -0.309892
v -0.001625 -1.361495 -0.309892
v 0.000000 -1.361456 -0.310047
v 0.001625 -1.380136 -0.310136
v 0.003187 -1.380136 -0.309662
v 0.004627 -1.380136 -0.308893
v 0.005889 -1.380136 -0.307857
v 0.006925 -1.380136 -0.306595
v 0.007694 -1.380136 -0.305155
v 0.008168 -1.380136 -0.303593
v 0.008328 -1.380136 -0.301968
v 0.008168 -1.380136 -0.300344
v 0.007694 -1.380136 -0.298781
v 0.006925 -1.380136 -0.297341
v 0.005889 -1.380136 -0.296079
v 0.004627 -1.380136 -0.295044
v 0.003187 -1.380136 -0.294274
v 0.001625 -1.380136 -0.293800
v 0.000000 -1.380136 -0.293640
v -0.001625 -1.380136 -0.293800
v -0.003187 -1.380136 -0.294274
v -0.006925 -1.380136 -0.297341
v -0.007694 -1.380136 -0.298781
v -0.008168 -1.380136 -0.300344
v -0.008328 -1.380136 -0.301968
v -0.008168 -1.380136 -0.303593
v -0.007694 -1.380136 -0.305155
v -0.006925 -1.380136 -0.306595
v -0.005889 -1.380136 -0.307857
v -0.004627 -1.380136 -0.308893
v -0.003187 -1.380136 -0.309662
v -0.004627 -1.328056 -0.293288
v -0.005889 -1.328505 -0.292338
v -0.005889 -1.315624 -0.290944
v -0.004627 -1.315582 -0.291979
v -0.005889 -1.364398 -0.307704
v -0.004627 -1.364142 -0.308712
v 0.007694 -1.365064 -0.305072
v 0.008168 -1.365446 -0.303551
v 0.001625 -1.367808 -0.294006
v 0.000000 -1.367845 -0.293849
v -0.008328 -1.365843 -0.301968
v -0.008168 -1.365446 -0.303551
v 0.003187 -1.363951 -0.309461
v 0.004627 -1.364142 -0.308712
v 0.006925 -1.366963 -0.297459
v 0.005889 -1.367265 -0.296228
v -0.006925 -1.366963 -0.297459
v -0.003187 -1.363951 -0.309461
v 0.008328 -1.365843 -0.301968
v -0.001625 -1.367808 -0.294006
v -0.007694 -1.365064 -0.305072
v 0.005889 -1.364398 -0.307704
v 0.004627 -1.367512 -0.295218
v -0.007694 -1.366617 -0.298862
v 0.008168 -1.366239 -0.300385
v -0.003187 -1.367695 -0.294468
v -0.006925 -1.364709 -0.306475
v 0.006925 -1.364709 -0.306475
v 0.003187 -1.367695 -0.294468
v -0.008168 -1.366239 -0.300385
v 0.001625 -1.359582 -0.308480
v 0.000000 -1.359545 -0.308637
v 0.000000 -1.354357 -0.304813
v 0.001625 -1.354435 -0.304681
v 0.007694 -1.366617 -0.298862
v 0.001625 -1.363833 -0.309922
v 0.004627 -1.335282 -0.280847
v 0.005889 -1.334668 -0.281759
v 0.005889 -1.316098 -0.279175
v 0.004627 -1.316140 -0.278141
v 0.000000 -1.336125 -0.279614
v 0.001625 -1.336028 -0.279754
v 0.001625 -1.316190 -0.276898
v 0.000000 -1.316197 -0.276738
v 0.004627 -1.328056 -0.293288
v 0.003187 -1.327733 -0.293996
v 0.003187 -1.315551 -0.292747
v 0.004627 -1.315582 -0.291979
v -0.003187 -1.327733 -0.293995
v -0.003187 -1.315551 -0.292747
v -0.001625 -1.336028 -0.279754
v -0.001625 -1.316190 -0.276898
v 0.005889 -1.328505 -0.292338
v 0.005889 -1.315624 -0.290944
v -0.001625 -1.327538 -0.294432
v -0.001625 -1.315532 -0.293221
v -0.003187 -1.335743 -0.280170
v -0.003187 -1.316171 -0.277372
v 0.006925 -1.329074 -0.291186
v 0.006925 -1.315675 -0.289682
v -0.004627 -1.335282 -0.280847
v -0.004627 -1.316140 -0.278141
v 0.007694 -1.329752 -0.289876
v 0.007694 -1.315733 -0.288244
v 0.001625 -1.327538 -0.294432
v 0.001625 -1.315532 -0.293221
v -0.005889 -1.334668 -0.281759
v -0.005889 -1.316098 -0.279175
v 0.008168 -1.330523 -0.288462
v 0.008168 -1.315796 -0.286683
v -0.006925 -1.333931 -0.282874
v -0.006925 -1.316048 -0.280437
v 0.008328 -1.331362 -0.286999
v 0.008328 -1.315861 -0.285059
v -0.007694 -1.333107 -0.284151
v -0.007694 -1.315990 -0.281875
v 0.008168 -1.332236 -0.285544
v 0.008168 -1.315927 -0.283436
v -0.008168 -1.332236 -0.285544
v -0.008168 -1.315927 -0.283436
v 0.007694 -1.333107 -0.284151
v 0.007694 -1.315990 -0.281875
v -0.008328 -1.331362 -0.286999
v -0.008328 -1.315861 -0.285059
v 0.006925 -1.333931 -0.282874
v 0.006925 -1.316048 -0.280437
v -0.008168 -1.330523 -0.288462
v -0.008168 -1.315796 -0.286683
v 0.004627 -1.363299 -0.293712
v 0.005889 -1.363030 -0.294716
v 0.005889 -1.361196 -0.293214
v 0.004627 -1.361676 -0.292369
v -0.007694 -1.329752 -0.289876
v -0.007694 -1.315733 -0.288244
v -0.006925 -1.329074 -0.291186
v -0.006925 -1.315675 -0.289682
v 0.003187 -1.335743 -0.280170
v 0.003187 -1.316171 -0.277372
v 0.000000 -1.327473 -0.294580
v 0.000000 -1.315525 -0.293381
v 0.000000 -1.279987 -0.263243
v 0.001625 -1.279899 -0.263377
v 0.001625 -1.272951 -0.255652
v 0.000000 -1.273050 -0.255526
v -0.006925 -1.360422 -0.304997
v -0.007694 -1.360768 -0.303582
v -0.007694 -1.356863 -0.300604
v -0.006925 -1.356163 -0.301780
v 0.003187 -1.363501 -0.292967
v 0.003187 -1.362030 -0.291742
v -0.005889 -1.360122 -0.306238
v -0.005889 -1.355548 -0.302813
v 0.001625 -1.363626 -0.292508
v 0.001625 -1.362246 -0.291355
v -0.001625 -1.359582 -0.308480
v -0.001625 -1.354435 -0.304681
v -0.004627 -1.359876 -0.307256
v -0.004627 -1.355043 -0.303661
v 0.000000 -1.363668 -0.292353
v 0.000000 -1.362319 -0.291224
v 0.004627 -1.359876 -0.307256
v 0.003187 -1.359694 -0.308014
v 0.003187 -1.354667 -0.304292
v 0.004627 -1.355043 -0.303661
v -0.003187 -1.359694 -0.308014
v -0.003187 -1.354667 -0.304292
v -0.001625 -1.363626 -0.292508
v -0.001625 -1.362246 -0.291355
v 0.005889 -1.360122 -0.306238
v 0.005889 -1.355548 -0.302813
v -0.003187 -1.363501 -0.292967
v -0.003187 -1.362030 -0.291742
v 0.006925 -1.360422 -0.304997
v 0.006925 -1.356163 -0.301780
v -0.004627 -1.363299 -0.293712
v -0.004627 -1.361676 -0.292369
v 0.007694 -1.360768 -0.303582
v 0.007694 -1.356863 -0.300604
v -0.005889 -1.363030 -0.294716
v -0.005889 -1.361196 -0.293214
v 0.008168 -1.361147 -0.302049
v 0.008168 -1.357619 -0.299329
v -0.006925 -1.362705 -0.295942
v -0.006925 -1.360605 -0.294241
v 0.008328 -1.361544 -0.300457
v 0.008328 -1.358403 -0.298005
v -0.007694 -1.362339 -0.297344
v -0.007694 -1.359925 -0.295412
v 0.008168 -1.361947 -0.298868
v 0.008168 -1.359182 -0.296683
v -0.008168 -1.361947 -0.298868
v -0.008168 -1.359182 -0.296683
v 0.007694 -1.362339 -0.297344
v 0.007694 -1.359925 -0.295412
v -0.008328 -1.361544 -0.300457
v -0.008328 -1.358403 -0.298005
v 0.006925 -1.362705 -0.295942
v 0.006925 -1.360605 -0.294241
v -0.008168 -1.361147 -0.302049
v -0.008168 -1.357619 -0.299329
v -0.004627 -1.279227 -0.264430
v -0.003187 -1.279642 -0.263777
v -0.003187 -1.272659 -0.256025
v -0.004627 -1.272183 -0.256630
v 0.004627 -1.272550 -0.276990
v 0.003187 -1.272215 -0.277724
v 0.003187 -1.263153 -0.268126
v 0.004627 -1.263628 -0.267521
v -0.003187 -1.272215 -0.277724
v -0.004627 -1.272550 -0.276990
v -0.004627 -1.263628 -0.267521
v -0.003187 -1.263153 -0.268126
v -0.001625 -1.279899 -0.263377
v -0.001625 -1.272951 -0.255652
v 0.005889 -1.273004 -0.276006
v 0.005889 -1.264268 -0.266707
v -0.001625 -1.272011 -0.278178
v -0.001625 -1.262861 -0.268499
v -0.001625 -1.310102 -0.276850
v -0.003187 -1.309951 -0.277310
v 0.006925 -1.273565 -0.274814
v 0.006925 -1.265048 -0.265714
v 0.007694 -1.274216 -0.273464
v 0.007694 -1.265937 -0.264582
v 0.001625 -1.272011 -0.278178
v 0.001625 -1.262861 -0.268499
v -0.005889 -1.278677 -0.265316
v -0.005889 -1.271543 -0.257444
v 0.008168 -1.274939 -0.272016
v 0.008168 -1.266902 -0.263353
v -0.006925 -1.278017 -0.266408
v -0.006925 -1.270764 -0.258437
v 0.008328 -1.275709 -0.270528
v 0.008328 -1.267906 -0.262076
v -0.007694 -1.277280 -0.267670
v -0.007694 -1.269875 -0.259569
v 0.008168 -1.276500 -0.269061
v 0.008168 -1.268910 -0.260798
v -0.008168 -1.276500 -0.269061
v -0.008168 -1.268910 -0.260798
v 0.007694 -1.277280 -0.267670
v 0.007694 -1.269875 -0.259569
v -0.008328 -1.275709 -0.270528
v -0.008328 -1.267906 -0.262076
v 0.006925 -1.278017 -0.266408
v 0.006925 -1.270764 -0.258437
v -0.008168 -1.274939 -0.272016
v -0.008168 -1.266902 -0.263353
v 0.005889 -1.278677 -0.265316
v 0.005889 -1.271543 -0.257444
v -0.007694 -1.274216 -0.273464
v -0.007694 -1.265937 -0.264582
v 0.004627 -1.279227 -0.264430
v 0.004627 -1.272183 -0.256630
v -0.006925 -1.273565 -0.274814
v -0.006925 -1.265048 -0.265714
v 0.003187 -1.279642 -0.263777
v 0.003187 -1.272659 -0.256025
v -0.005889 -1.273004 -0.276006
v -0.005889 -1.264268 -0.266707
v 0.000000 -1.271942 -0.278331
v 0.000000 -1.262762 -0.268625
v -0.008168 -1.251267 -0.216274
v -0.007694 -1.252829 -0.216299
v -0.007694 -1.252829 -0.216299
v -0.008168 -1.251267 -0.216274
v 0.005889 -1.303658 -0.290236
v 0.006925 -1.304373 -0.289057
v -0.001625 -1.302331 -0.292355
v 0.000000 -1.302237 -0.292503
v -0.004627 -1.309697 -0.278054
v 0.007694 -1.305168 -0.287706
v -0.005889 -1.309335 -0.279055
v 0.008168 -1.305997 -0.286234
v -0.006925 -1.308860 -0.280271
v 0.008328 -1.306817 -0.284695
v -0.007694 -1.308275 -0.281654
v 0.008168 -1.307587 -0.283148
v -0.008168 -1.307587 -0.283148
v 0.007694 -1.308275 -0.281654
v -0.008328 -1.306817 -0.284695
v 0.006925 -1.308860 -0.280271
v -0.008168 -1.305997 -0.286234
v 0.005889 -1.309335 -0.279055
v -0.007694 -1.305168 -0.287706
v 0.004627 -1.309697 -0.278054
v -0.006925 -1.304373 -0.289057
v 0.003187 -1.309951 -0.277310
v 0.001625 -1.302331 -0.292355
v -0.005889 -1.303658 -0.290236
v 0.001625 -1.310102 -0.276850
v 0.003187 -1.302610 -0.291915
v -0.004627 -1.303060 -0.291200
v 0.000000 -1.310152 -0.276695
v 0.004627 -1.303060 -0.291200
v -0.003187 -1.302610 -0.291915
v -0.007694 -1.246456 -0.216197
v -0.008168 -1.248018 -0.216222
v -0.008168 -1.248018 -0.216222
v -0.007694 -1.246456 -0.216197
v 0.007694 -1.252829 -0.216299
v 0.008168 -1.251267 -0.216274
v 0.008168 -1.251267 -0.216274
v 0.007694 -1.252829 -0.216299
v -0.008328 -1.249643 -0.216248
v -0.008168 -1.251267 -0.216274
v -0.008168 -1.251267 -0.216274
v -0.008328 -1.249643 -0.216248
v 0.006925 -1.254269 -0.216322
v 0.007694 -1.252829 -0.216299
v 0.007694 -1.252829 -0.216299
v 0.006925 -1.254269 -0.216322
v -0.008168 -1.263881 -0.254322
v -0.008328 -1.262482 -0.255111
v 0.005889 -1.255531 -0.216342
v 0.006925 -1.254269 -0.216322
v 0.006925 -1.254269 -0.216322
v 0.005889 -1.255531 -0.216342
v -0.008168 -1.248018 -0.216222
v -0.008328 -1.249643 -0.216248
v -0.008328 -1.249643 -0.216248
v -0.008168 -1.248018 -0.216222
v 0.004627 -1.256566 -0.216359
v 0.005889 -1.255531 -0.216342
v 0.005889 -1.255531 -0.216342
v 0.004627 -1.256566 -0.216359
v -0.006925 -1.245016 -0.216174
v -0.007694 -1.246456 -0.216197
v -0.007694 -1.246456 -0.216197
v -0.006925 -1.245016 -0.216174
v 0.003187 -1.257336 -0.216371
v 0.004627 -1.256566 -0.216359
v 0.004627 -1.256566 -0.216359
v 0.003187 -1.257336 -0.216371
v -0.005889 -1.243755 -0.216154
v -0.006925 -1.245016 -0.216174
v -0.006925 -1.245016 -0.216174
v -0.005889 -1.243755 -0.216154
v 0.001625 -1.257810 -0.216379
v 0.003187 -1.257336 -0.216371
v 0.003187 -1.257336 -0.216371
v 0.001625 -1.257810 -0.216379
v -0.004627 -1.242719 -0.216138
v -0.005889 -1.243755 -0.216154
v -0.005889 -1.243755 -0.216154
v -0.004627 -1.242719 -0.216138
v 0.000000 -1.257969 -0.216381
v 0.001625 -1.257810 -0.216379
v 0.001625 -1.257810 -0.216379
v 0.000000 -1.257969 -0.216381
v 0.003187 -1.241949 -0.216125
v 0.001625 -1.241476 -0.216118
v 0.001625 -1.241476 -0.216118
v 0.003187 -1.241949 -0.216125
v -0.003187 -1.241949 -0.216125
v -0.004627 -1.242719 -0.216138
v -0.004627 -1.242719 -0.216138
v -0.003187 -1.241949 -0.216125
v -0.001625 -1.257810 -0.216379
v 0.000000 -1.257969 -0.216381
v 0.000000 -1.257969 -0.216381
v -0.001625 -1.257810 -0.216379
v 0.005889 -1.243755 -0.216154
v 0.004627 -1.242719 -0.216138
v 0.004627 -1.242719 -0.216138
v 0.005889 -1.243755 -0.216154
v -0.001625 -1.241476 -0.216118
v -0.003187 -1.241949 -0.216125
v -0.003187 -1.241949 -0.216125
v -0.001625 -1.241476 -0.216118
v -0.003187 -1.257336 -0.216371
v -0.001625 -1.257810 -0.216379
v -0.001625 -1.257810 -0.216379
v -0.003187 -1.257336 -0.216371
v 0.006925 -1.245016 -0.216174
v 0.005889 -1.243755 -0.216154
v 0.005889 -1.243755 -0.216154
v 0.006925 -1.245016 -0.216174
v 0.000000 -1.247210 -0.192329
v -0.001625 -1.247342 -0.192419
v -0.001625 -1.251937 -0.185640
v 0.000000 -1.251804 -0.185550
v -0.004627 -1.256566 -0.216359
v -0.003187 -1.257336 -0.216371
v -0.003187 -1.257336 -0.216371
v -0.004627 -1.256566 -0.216359
v 0.007694 -1.246456 -0.216197
v 0.006925 -1.245016 -0.216174
v 0.006925 -1.245016 -0.216174
v 0.007694 -1.246456 -0.216197
v -0.005889 -1.255531 -0.216342
v -0.004627 -1.256566 -0.216359
v -0.004627 -1.256566 -0.216359
v -0.005889 -1.255531 -0.216342
v 0.008168 -1.248018 -0.216222
v 0.007694 -1.246456 -0.216197
v 0.007694 -1.246456 -0.216197
v 0.008168 -1.248018 -0.216222
v 0.004627 -1.242719 -0.216138
v 0.003187 -1.241949 -0.216125
v 0.003187 -1.241949 -0.216125
v 0.004627 -1.242719 -0.216138
v -0.006925 -1.254269 -0.216322
v -0.005889 -1.255531 -0.216342
v -0.005889 -1.255531 -0.216342
v -0.006925 -1.254269 -0.216322
v 0.008328 -1.249643 -0.216248
v 0.008168 -1.248018 -0.216222
v 0.008168 -1.248018 -0.216222
v 0.008328 -1.249643 -0.216248
v -0.007694 -1.252829 -0.216299
v -0.006925 -1.254269 -0.216322
v -0.006925 -1.254269 -0.216322
v -0.007694 -1.252829 -0.216299
v 0.008168 -1.251267 -0.216274
v 0.008328 -1.249643 -0.216248
v 0.008328 -1.249643 -0.216248
v 0.008168 -1.251267 -0.216274
v -0.006925 -1.248343 -0.236173
v -0.007694 -1.249545 -0.235459
v -0.007694 -1.247957 -0.225560
v -0.006925 -1.246572 -0.225525
v 0.007694 -1.265224 -0.253561
v 0.006925 -1.266460 -0.252858
v -0.008168 -1.261079 -0.255898
v 0.005889 -1.267541 -0.252242
v -0.007694 -1.259728 -0.256653
v 0.004627 -1.268427 -0.251735
v -0.006925 -1.258480 -0.257346
v 0.003187 -1.269084 -0.251359
v 0.000000 -1.255260 -0.259119
v 0.001625 -1.255400 -0.259042
v -0.005889 -1.257384 -0.257952
v 0.001625 -1.269489 -0.251127
v 0.003187 -1.255813 -0.258816
v -0.004627 -1.256483 -0.258448
v 0.000000 -1.269626 -0.251049
v 0.004627 -1.256483 -0.258448
v -0.003187 -1.255813 -0.258816
v -0.001625 -1.269489 -0.251127
v 0.005889 -1.257384 -0.257952
v -0.001625 -1.255400 -0.259042
v -0.003187 -1.269084 -0.251359
v 0.006925 -1.258480 -0.257346
v -0.004627 -1.268427 -0.251735
v 0.007694 -1.259728 -0.256653
v -0.005889 -1.267541 -0.252242
v 0.008168 -1.261079 -0.255898
v -0.006925 -1.266460 -0.252858
v 0.008328 -1.262482 -0.255111
v -0.007694 -1.265224 -0.253561
v 0.008168 -1.263881 -0.254322
v 0.003187 -1.258573 -0.230406
v 0.004627 -1.257941 -0.230751
v 0.004627 -1.257462 -0.225732
v 0.003187 -1.258162 -0.225746
v 0.000000 -1.245253 -0.238067
v -0.001625 -1.245386 -0.237984
v -0.001625 -1.243139 -0.225420
v 0.000000 -1.242983 -0.225414
v -0.005889 -1.247289 -0.236809
v -0.005889 -1.245353 -0.225492
v 0.001625 -1.258961 -0.230194
v 0.001625 -1.258591 -0.225755
v 0.003187 -1.245782 -0.237737
v 0.001625 -1.245386 -0.237984
v 0.001625 -1.243139 -0.225420
v 0.003187 -1.243600 -0.225436
v -0.004627 -1.246425 -0.237338
v -0.004627 -1.244348 -0.225460
v 0.000000 -1.259091 -0.230123
v 0.000000 -1.258735 -0.225758
v 0.004627 -1.246425 -0.237338
v 0.004627 -1.244348 -0.225460
v -0.003187 -1.245782 -0.237737
v -0.003187 -1.243600 -0.225436
v -0.001625 -1.258961 -0.230194
v -0.001625 -1.258591 -0.225755
v 0.005889 -1.247289 -0.236809
v 0.005889 -1.245353 -0.225492
v -0.003187 -1.258573 -0.230406
v -0.003187 -1.258162 -0.225746
v 0.006925 -1.248343 -0.236173
v 0.006925 -1.246572 -0.225525
v 0.001625 -1.241476 -0.216118
v 0.000000 -1.241316 -0.216115
v 0.000000 -1.241316 -0.216115
v 0.001625 -1.241476 -0.216118
v -0.004627 -1.257941 -0.230751
v -0.004627 -1.257462 -0.225732
v 0.007694 -1.249545 -0.235459
v 0.007694 -1.247957 -0.225560
v -0.005889 -1.257089 -0.231217
v -0.005889 -1.256513 -0.225714
v 0.008168 -1.250849 -0.234699
v 0.008168 -1.249454 -0.225593
v -0.006925 -1.256047 -0.231787
v -0.006925 -1.255346 -0.225695
v 0.008328 -1.252203 -0.233925
v 0.008328 -1.251000 -0.225622
v -0.007694 -1.254854 -0.232443
v -0.007694 -1.254005 -0.225672
v 0.008168 -1.253556 -0.233163
v 0.008168 -1.252537 -0.225649
v -0.008168 -1.253556 -0.233163
v -0.008168 -1.252537 -0.225649
v 0.007694 -1.254854 -0.232443
v 0.007694 -1.254005 -0.225672
v -0.008328 -1.252203 -0.233925
v -0.008328 -1.251000 -0.225622
v 0.006925 -1.256047 -0.231787
v 0.006925 -1.255346 -0.225695
v -0.008168 -1.250849 -0.234699
v -0.008168 -1.249454 -0.225593
v 0.005889 -1.257089 -0.231217
v 0.005889 -1.256513 -0.225714
v -0.006925 -1.257933 -0.199598
v -0.005889 -1.258978 -0.200306
v -0.005889 -1.263573 -0.193527
v -0.006925 -1.262528 -0.192819
v -0.004627 -1.259835 -0.200887
v -0.003187 -1.260472 -0.201319
v -0.003187 -1.265067 -0.194540
v -0.004627 -1.264430 -0.194108
v 0.007694 -1.251466 -0.195214
v 0.006925 -1.250273 -0.194406
v 0.006925 -1.254868 -0.187627
v 0.007694 -1.256060 -0.188435
v -0.005889 -1.256465 -0.206983
v -0.004627 -1.257408 -0.206995
v -0.004627 -1.257305 -0.208137
v -0.005889 -1.256405 -0.207579
v 0.008168 -1.252759 -0.196090
v 0.008168 -1.257353 -0.189312
v 0.004627 -1.248372 -0.193117
v 0.003187 -1.247735 -0.192685
v 0.003187 -1.252329 -0.185906
v 0.004627 -1.252966 -0.186338
v 0.008328 -1.254104 -0.197002
v 0.008328 -1.258698 -0.190223
v -0.007694 -1.256742 -0.198790
v -0.007694 -1.261336 -0.192011
v 0.008168 -1.255448 -0.197913
v 0.008168 -1.260043 -0.191135
v -0.008168 -1.255448 -0.197913
v -0.008168 -1.260043 -0.191135
v 0.007694 -1.256742 -0.198790
v 0.007694 -1.261336 -0.192011
v -0.008328 -1.254104 -0.197002
v -0.008328 -1.258698 -0.190223
v 0.006925 -1.257933 -0.199598
v 0.006925 -1.262528 -0.192819
v -0.008168 -1.252759 -0.196090
v -0.008168 -1.257353 -0.189312
v 0.005889 -1.258978 -0.200306
v 0.005889 -1.263573 -0.193527
v -0.007694 -1.251466 -0.195214
v -0.007694 -1.256060 -0.188435
v 0.004627 -1.259835 -0.200887
v 0.004627 -1.264430 -0.194108
v -0.006925 -1.250273 -0.194406
v -0.006925 -1.254868 -0.187627
v 0.003187 -1.260472 -0.201319
v 0.003187 -1.265067 -0.194540
v -0.005889 -1.249229 -0.193698
v -0.005889 -1.253824 -0.186919
v 0.001625 -1.260865 -0.201585
v 0.001625 -1.265459 -0.194806
v -0.004627 -1.248372 -0.193117
v -0.004627 -1.252966 -0.186338
v 0.000000 -1.260997 -0.201675
v 0.000000 -1.265592 -0.194896
v 0.001625 -1.243151 -0.206836
v 0.000000 -1.242996 -0.206836
v 0.000000 -1.244337 -0.199431
v 0.001625 -1.244470 -0.199525
v -0.003187 -1.247735 -0.192685
v -0.003187 -1.252329 -0.185906
v -0.001625 -1.260865 -0.201585
v -0.001625 -1.265459 -0.194806
v 0.005889 -1.249229 -0.193698
v 0.005889 -1.253824 -0.186919
v 0.001625 -1.251937 -0.185640
v 0.008168 -1.249438 -0.206882
v 0.007694 -1.247948 -0.206864
v 0.007694 -1.248654 -0.202446
v 0.008168 -1.249974 -0.203353
v -0.006925 -1.255305 -0.206967
v -0.006925 -1.255314 -0.206890
v 0.008328 -1.250979 -0.206903
v 0.008328 -1.251353 -0.204287
v -0.007694 -1.253970 -0.206947
v -0.007694 -1.254075 -0.206091
v 0.008168 -1.252509 -0.206925
v 0.008168 -1.252737 -0.205213
v -0.008168 -1.252509 -0.206925
v -0.008168 -1.252737 -0.205213
v 0.007694 -1.253970 -0.206947
v 0.007694 -1.254075 -0.206091
v -0.008328 -1.250979 -0.206903
v -0.008328 -1.251353 -0.204287
v 0.006925 -1.255305 -0.206967
v 0.006925 -1.255314 -0.206890
v -0.008168 -1.249438 -0.206882
v -0.008168 -1.249974 -0.203353
v 0.005889 -1.256465 -0.206983
v 0.005889 -1.256405 -0.207579
v -0.007694 -1.247948 -0.206864
v -0.007694 -1.248654 -0.202446
v 0.004627 -1.257408 -0.206995
v 0.004627 -1.257305 -0.208137
v -0.006925 -1.246568 -0.206851
v -0.006925 -1.247441 -0.201606
v 0.003187 -1.258103 -0.207004
v 0.003187 -1.257976 -0.208547
v -0.001625 -1.243151 -0.206836
v -0.001625 -1.244470 -0.199525
v -0.005889 -1.245354 -0.206843
v -0.005889 -1.246380 -0.200866
v 0.001625 -1.258528 -0.207009
v 0.001625 -1.258391 -0.208797
v 0.003187 -1.243610 -0.206836
v 0.003187 -1.244867 -0.199804
v -0.004627 -1.244354 -0.206838
v -0.004627 -1.245512 -0.200258
v 0.000000 -1.258671 -0.207010
v 0.000000 -1.258531 -0.208882
v 0.004627 -1.244354 -0.206838
v 0.004627 -1.245512 -0.200258
v -0.003187 -1.243610 -0.206836
v -0.003187 -1.244867 -0.199804
v -0.001625 -1.258528 -0.207009
v -0.001625 -1.258391 -0.208797
v 0.005889 -1.245354 -0.206843
v 0.005889 -1.246380 -0.200866
v -0.003187 -1.258103 -0.207004
v -0.003187 -1.257976 -0.208547
v 0.006925 -1.246568 -0.206851
v 0.006925 -1.247441 -0.201606
v 0.001625 -1.247342 -0.192419
v 0.000000 -1.291584 -0.290169
v 0.001625 -1.291667 -0.290022
v 0.000000 -1.280495 -0.284982
v 0.001625 -1.280569 -0.284833
v 0.003187 -1.291915 -0.289588
v 0.003187 -1.280789 -0.284394
v 0.004627 -1.292315 -0.288883
v 0.004627 -1.281147 -0.283681
v 0.005889 -1.292851 -0.287933
v 0.005889 -1.281631 -0.282724
v 0.006925 -1.293499 -0.286775
v 0.006925 -1.282222 -0.281562
v 0.007694 -1.294228 -0.285452
v 0.007694 -1.282899 -0.280239
v 0.008168 -1.295006 -0.284016
v 0.008168 -1.283638 -0.278812
v 0.008328 -1.295795 -0.282520
v 0.008328 -1.284409 -0.277335
v 0.008168 -1.296563 -0.281024
v 0.008168 -1.285184 -0.275868
v 0.007694 -1.297277 -0.279584
v 0.007694 -1.285932 -0.274466
v 0.006925 -1.297913 -0.278257
v 0.006925 -1.286624 -0.273183
v 0.005889 -1.298453 -0.277094
v 0.005889 -1.287232 -0.272065
v 0.004627 -1.298885 -0.276139
v 0.004627 -1.287732 -0.271152
v 0.003187 -1.299198 -0.275430
v 0.003187 -1.288104 -0.270476
v 0.001625 -1.299389 -0.274993
v 0.001625 -1.288334 -0.270062
v 0.000000 -1.299453 -0.274845
v 0.000000 -1.288411 -0.269922
v -0.001625 -1.299389 -0.274993
v -0.001625 -1.288334 -0.270062
v -0.003187 -1.299198 -0.275430
v -0.003187 -1.288104 -0.270476
v -0.004627 -1.298885 -0.276139
v -0.004627 -1.287732 -0.271152
v -0.005889 -1.298453 -0.277094
v -0.005889 -1.287232 -0.272065
v -0.006925 -1.297913 -0.278257
v -0.006925 -1.286624 -0.273183
v -0.007694 -1.297277 -0.279584
v -0.007694 -1.285932 -0.274466
v -0.008168 -1.296563 -0.281024
v -0.008168 -1.285184 -0.275868
v -0.008328 -1.295795 -0.282520
v -0.008328 -1.284409 -0.277335
v -0.008168 -1.295006 -0.284016
v -0.008168 -1.283638 -0.278812
v -0.007694 -1.294228 -0.285452
v -0.007694 -1.282899 -0.280239
v -0.006925 -1.293499 -0.286775
v -0.006925 -1.282222 -0.281562
v -0.005889 -1.292851 -0.287933
v -0.005889 -1.281631 -0.282724
v -0.004627 -1.292315 -0.288883
v -0.004627 -1.281147 -0.283681
v -0.003187 -1.291915 -0.289588
v -0.003187 -1.280789 -0.284394
v -0.001625 -1.291667 -0.290022
v -0.001625 -1.280569 -0.284833
v 0.000000 -1.251223 -0.252881
v 0.001625 -1.251362 -0.252803
v 0.000000 -1.247560 -0.245176
v 0.001625 -1.247697 -0.245095
v 0.003187 -1.251772 -0.252572
v 0.003187 -1.248101 -0.244856
v 0.004627 -1.252439 -0.252196
v 0.004627 -1.248757 -0.244469
v 0.005889 -1.253336 -0.251691
v 0.005889 -1.249641 -0.243952
v 0.006925 -1.254427 -0.251076
v 0.006925 -1.250717 -0.243326
v 0.007694 -1.255672 -0.250375
v 0.007694 -1.251944 -0.242618
v 0.008168 -1.257020 -0.249615
v 0.008168 -1.253276 -0.241856
v 0.008328 -1.258421 -0.248826
v 0.008328 -1.254659 -0.241072
v 0.008168 -1.259820 -0.248038
v 0.008168 -1.256041 -0.240294
v 0.007694 -1.261164 -0.247280
v 0.007694 -1.257368 -0.239550
v 0.006925 -1.262400 -0.246582
v 0.006925 -1.258589 -0.238870
v 0.005889 -1.263483 -0.245971
v 0.005889 -1.259658 -0.238276
v 0.004627 -1.264371 -0.245469
v 0.004627 -1.260532 -0.237789
v 0.003187 -1.265030 -0.245097
v 0.003187 -1.261182 -0.237428
v 0.001625 -1.265435 -0.244868
v 0.001625 -1.261581 -0.237206
v 0.000000 -1.265572 -0.244790
v 0.000000 -1.261716 -0.237131
v -0.001625 -1.265435 -0.244868
v -0.001625 -1.261581 -0.237206
v -0.003187 -1.265030 -0.245097
v -0.003187 -1.261182 -0.237428
v -0.004627 -1.264371 -0.245469
v -0.004627 -1.260532 -0.237789
v -0.005889 -1.263483 -0.245971
v -0.005889 -1.259658 -0.238276
v -0.006925 -1.262400 -0.246582
v -0.006925 -1.258589 -0.238870
v -0.007694 -1.261164 -0.247280
v -0.007694 -1.257368 -0.239550
v -0.008168 -1.259820 -0.248038
v -0.008168 -1.256041 -0.240294
v -0.008328 -1.258421 -0.248826
v -0.008328 -1.254659 -0.241072
v -0.008168 -1.257020 -0.249615
v -0.008168 -1.253276 -0.241856
v -0.007694 -1.255672 -0.250375
v -0.007694 -1.251944 -0.242618
v -0.006925 -1.254427 -0.251076
v -0.006925 -1.250717 -0.243326
v -0.005889 -1.253336 -0.251691
v -0.005889 -1.249641 -0.243952
v -0.004627 -1.252439 -0.252196
v -0.004627 -1.248757 -0.244469
v -0.003187 -1.251772 -0.252572
v -0.003187 -1.248101 -0.244856
v -0.001625 -1.251362 -0.252803
v -0.001625 -1.247697 -0.245095
v 0.000000 -1.241316 -0.216115
v -0.001625 -1.241476 -0.216118
v -0.001625 -1.241476 -0.216118
v 0.000000 -1.241316 -0.216115
v 0.000000 -1.242149 -0.220765
v 0.000000 -1.241668 -0.218080
v 0.000000 -1.241804 -0.218839
v 0.000000 -1.241316 -0.216115
v 0.001625 -1.241476 -0.216118
v 0.001625 -1.241899 -0.218484
v 0.001625 -1.242307 -0.220769
v 0.001625 -1.242307 -0.220769
v 0.003187 -1.241949 -0.216125
v 0.003187 -1.242369 -0.218493
v 0.003187 -1.242775 -0.220781
v 0.003187 -1.242775 -0.220781
v 0.004627 -1.242719 -0.216138
v 0.004627 -1.243133 -0.218509
v 0.004627 -1.243534 -0.220799
v 0.004627 -1.243534 -0.220799
v 0.005889 -1.243755 -0.216154
v 0.005889 -1.244161 -0.218529
v 0.005889 -1.244553 -0.220823
v 0.005889 -1.244553 -0.220823
v 0.006925 -1.245016 -0.216174
v 0.006925 -1.245412 -0.218553
v 0.006925 -1.245794 -0.220850
v 0.006925 -1.245794 -0.220850
v 0.007694 -1.246456 -0.216197
v 0.007694 -1.246838 -0.218579
v 0.007694 -1.247207 -0.220879
v 0.007694 -1.247207 -0.220879
v 0.008168 -1.248018 -0.216222
v 0.008168 -1.248383 -0.218606
v 0.008168 -1.248736 -0.220908
v 0.008168 -1.248736 -0.220908
v 0.008328 -1.249643 -0.216248
v 0.008328 -1.249988 -0.218633
v 0.008328 -1.250321 -0.220936
v 0.008328 -1.250321 -0.220936
v 0.008168 -1.251267 -0.216274
v 0.008168 -1.251590 -0.218658
v 0.008168 -1.251902 -0.220961
v 0.008168 -1.251902 -0.220961
v 0.007694 -1.252829 -0.216299
v 0.007694 -1.253128 -0.218683
v 0.007694 -1.253417 -0.220986
v 0.007694 -1.253417 -0.220986
v 0.006925 -1.254269 -0.216322
v 0.006925 -1.254543 -0.218706
v 0.006925 -1.254808 -0.221008
v 0.006925 -1.254808 -0.221008
v 0.005889 -1.255531 -0.216342
v 0.005889 -1.255780 -0.218726
v 0.005889 -1.256022 -0.221028
v 0.005889 -1.256022 -0.221028
v 0.004627 -1.256566 -0.216359
v 0.004627 -1.256794 -0.218743
v 0.004627 -1.257014 -0.221045
v 0.004627 -1.257014 -0.221045
v 0.003187 -1.257336 -0.216371
v 0.003187 -1.257546 -0.218755
v 0.003187 -1.257749 -0.221058
v 0.003187 -1.257749 -0.221058
v 0.001625 -1.257810 -0.216379
v 0.001625 -1.258008 -0.218763
v 0.001625 -1.258200 -0.221067
v 0.001625 -1.258200 -0.221067
v 0.000000 -1.257969 -0.216381
v 0.000000 -1.258131 -0.218363
v 0.000000 -1.258352 -0.221070
v 0.000000 -1.258194 -0.219128
v -0.001625 -1.257810 -0.216379
v -0.001625 -1.258008 -0.218763
v -0.001625 -1.258200 -0.221067
v -0.001625 -1.258200 -0.221067
v -0.003187 -1.257336 -0.216371
v -0.003187 -1.257546 -0.218755
v -0.003187 -1.257749 -0.221058
v -0.003187 -1.257749 -0.221058
v -0.004627 -1.256566 -0.216359
v -0.004627 -1.256794 -0.218743
v -0.004627 -1.257014 -0.221045
v -0.004627 -1.257014 -0.221045
v -0.005889 -1.255531 -0.216342
v -0.005889 -1.255780 -0.218726
v -0.005889 -1.256022 -0.221028
v -0.005889 -1.256022 -0.221028
v -0.006925 -1.254269 -0.216322
v -0.006925 -1.254543 -0.218706
v -0.006925 -1.254808 -0.221008
v -0.006925 -1.254808 -0.221008
v -0.007694 -1.252829 -0.216299
v -0.007694 -1.253128 -0.218683
v -0.007694 -1.253417 -0.220986
v -0.007694 -1.253417 -0.220986
v -0.008168 -1.251267 -0.216274
v -0.008168 -1.251590 -0.218658
v -0.008168 -1.251902 -0.220961
v -0.008168 -1.251902 -0.220961
v -0.008328 -1.249643 -0.216248
v -0.008328 -1.249988 -0.218633
v -0.008328 -1.250321 -0.220936
v -0.008328 -1.250321 -0.220936
v -0.008168 -1.248018 -0.216222
v -0.008168 -1.248383 -0.218606
v -0.008168 -1.248736 -0.220908
v -0.008168 -1.248736 -0.220908
v -0.007694 -1.246456 -0.216197
v -0.007694 -1.246838 -0.218579
v -0.007694 -1.247207 -0.220879
v -0.007694 -1.247207 -0.220879
v -0.006925 -1.245016 -0.216174
v -0.006925 -1.245412 -0.218553
v -0.006925 -1.245794 -0.220850
v -0.006925 -1.245794 -0.220850
v -0.005889 -1.243755 -0.216154
v -0.005889 -1.244161 -0.218529
v -0.005889 -1.244553 -0.220823
v -0.005889 -1.244553 -0.220823
v -0.004627 -1.242719 -0.216138
v -0.004627 -1.243133 -0.218509
v -0.004627 -1.243534 -0.220799
v -0.004627 -1.243534 -0.220799
v -0.003187 -1.241949 -0.216125
v -0.003187 -1.242369 -0.218493
v -0.003187 -1.242775 -0.220781
v -0.003187 -1.242775 -0.220781
v -0.001625 -1.241476 -0.216118
v -0.001625 -1.241899 -0.218484
v -0.001625 -1.242307 -0.220769
v -0.001625 -1.242307 -0.220769
v 0.000000 -1.241316 -0.216115
v 0.000000 -1.241670 -0.214154
v 0.000000 -1.241807 -0.213397
v 0.000000 -1.242155 -0.211475
v 0.001625 -1.242313 -0.211477
v 0.001625 -1.241902 -0.213757
v 0.001625 -1.242313 -0.211477
v 0.001625 -1.241476 -0.216118
v 0.003187 -1.242780 -0.211481
v 0.003187 -1.242372 -0.213763
v 0.003187 -1.242780 -0.211481
v 0.003187 -1.241949 -0.216125
v 0.004627 -1.243536 -0.211488
v 0.004627 -1.243135 -0.213772
v 0.004627 -1.243536 -0.211488
v 0.004627 -1.242719 -0.216138
v 0.005889 -1.244554 -0.211499
v 0.005889 -1.244161 -0.213786
v 0.005889 -1.244554 -0.211499
v 0.005889 -1.243755 -0.216154
v 0.006925 -1.245792 -0.211513
v 0.006925 -1.245411 -0.213803
v 0.006925 -1.245792 -0.211513
v 0.006925 -1.245016 -0.216174
v 0.007694 -1.247202 -0.211531
v 0.007694 -1.246835 -0.213823
v 0.007694 -1.247202 -0.211531
v 0.007694 -1.246456 -0.216197
v 0.008168 -1.248728 -0.211552
v 0.008168 -1.248379 -0.213847
v 0.008168 -1.248728 -0.211552
v 0.008168 -1.248018 -0.216222
v 0.008328 -1.250311 -0.211576
v 0.008328 -1.249982 -0.213871
v 0.008328 -1.250311 -0.211576
v 0.008328 -1.249643 -0.216248
v 0.008168 -1.251888 -0.211599
v 0.008168 -1.251583 -0.213896
v 0.008168 -1.251888 -0.211599
v 0.008168 -1.251267 -0.216274
v 0.007694 -1.253400 -0.211623
v 0.007694 -1.253120 -0.213920
v 0.007694 -1.253400 -0.211623
v 0.007694 -1.252829 -0.216299
v 0.006925 -1.254787 -0.211644
v 0.006925 -1.254532 -0.213943
v 0.006925 -1.254787 -0.211644
v 0.006925 -1.254269 -0.216322
v 0.005889 -1.255998 -0.211663
v 0.005889 -1.255768 -0.213962
v 0.005889 -1.255998 -0.211663
v 0.005889 -1.255531 -0.216342
v 0.004627 -1.256987 -0.211677
v 0.004627 -1.256780 -0.213977
v 0.004627 -1.256987 -0.211677
v 0.004627 -1.256566 -0.216359
v 0.003187 -1.257560 -0.213627
v 0.003187 -1.257498 -0.214392
v 0.003187 -1.257719 -0.211687
v 0.003187 -1.257336 -0.216371
v 0.001625 -1.258169 -0.211694
v 0.001625 -1.257992 -0.213995
v 0.001625 -1.258169 -0.211694
v 0.001625 -1.257810 -0.216379
v 0.000000 -1.258175 -0.213636
v 0.000000 -1.258118 -0.214401
v 0.000000 -1.258320 -0.211696
v 0.000000 -1.257969 -0.216381
v -0.001625 -1.258169 -0.211694
v -0.001625 -1.257992 -0.213995
v -0.001625 -1.258169 -0.211694
v -0.001625 -1.257810 -0.216379
v -0.003187 -1.257719 -0.211687
v -0.003187 -1.257531 -0.213988
v -0.003187 -1.257719 -0.211687
v -0.003187 -1.257336 -0.216371
v -0.004627 -1.256987 -0.211677
v -0.004627 -1.256780 -0.213977
v -0.004627 -1.256987 -0.211677
v -0.004627 -1.256566 -0.216359
v -0.005889 -1.255998 -0.211663
v -0.005889 -1.255768 -0.213962
v -0.005889 -1.255998 -0.211663
v -0.005889 -1.255531 -0.216342
v -0.006925 -1.254787 -0.211644
v -0.006925 -1.254532 -0.213943
v -0.006925 -1.254787 -0.211644
v -0.006925 -1.254269 -0.216322
v -0.007694 -1.253400 -0.211623
v -0.007694 -1.253119 -0.213920
v -0.007694 -1.253400 -0.211623
v -0.007694 -1.252829 -0.216299
v -0.008168 -1.251888 -0.211599
v -0.008168 -1.251583 -0.213896
v -0.008168 -1.251888 -0.211599
v -0.008168 -1.251267 -0.216274
v -0.008328 -1.250311 -0.211576
v -0.008328 -1.249982 -0.213871
v -0.008328 -1.250311 -0.211576
v -0.008328 -1.249643 -0.216248
v -0.008168 -1.248728 -0.211552
v -0.008168 -1.248379 -0.213847
v -0.008168 -1.248728 -0.211552
v -0.008168 -1.248018 -0.216222
v -0.007694 -1.247202 -0.211531
v -0.007694 -1.246835 -0.213823
v -0.007694 -1.247202 -0.211531
v -0.007694 -1.246456 -0.216197
v -0.006925 -1.245792 -0.211513
v -0.006925 -1.245411 -0.213803
v -0.006925 -1.245792 -0.211513
v -0.006925 -1.245016 -0.216174
v -0.005889 -1.244554 -0.211499
v -0.005889 -1.244161 -0.213786
v -0.005889 -1.244554 -0.211499
v -0.005889 -1.243755 -0.216154
v -0.004627 -1.243536 -0.211488
v -0.004627 -1.243135 -0.213772
v -0.004627 -1.243536 -0.211488
v -0.004627 -1.242719 -0.216138
v -0.003187 -1.242780 -0.211481
v -0.003187 -1.242372 -0.213763
v -0.003187 -1.242780 -0.211481
v -0.003187 -1.241949 -0.216125
v -0.001625 -1.241966 -0.213399
v -0.001625 -1.241830 -0.214156
v -0.001625 -1.242313 -0.211477
v -0.001625 -1.241476 -0.216118
v 0.000000 -1.245471 -0.195733
v 0.001625 -1.245604 -0.195824
v 0.003187 -1.245997 -0.196094
v 0.004627 -1.246637 -0.196532
v 0.005889 -1.247497 -0.197121
v 0.006925 -1.248547 -0.197838
v 0.007694 -1.249745 -0.198656
v 0.008168 -1.251046 -0.199541
v 0.008328 -1.252401 -0.200459
v 0.008168 -1.253757 -0.201375
v 0.007694 -1.255063 -0.202252
v 0.006925 -1.256269 -0.203057
v 0.005889 -1.257327 -0.203760
v 0.004627 -1.258197 -0.204334
v 0.003187 -1.258844 -0.204760
v 0.001625 -1.259243 -0.205021
v 0.000000 -1.259378 -0.205109
v -0.001625 -1.259243 -0.205021
v -0.003187 -1.258844 -0.204760
v -0.004627 -1.258197 -0.204334
v -0.005889 -1.257327 -0.203760
v -0.006925 -1.256269 -0.203057
v -0.007694 -1.255063 -0.202252
v -0.008168 -1.253757 -0.201375
v -0.008328 -1.252401 -0.200459
v -0.008168 -1.251046 -0.199541
v -0.007694 -1.249745 -0.198656
v -0.006925 -1.248547 -0.197838
v -0.005889 -1.247497 -0.197121
v -0.004627 -1.246637 -0.196532
v -0.003187 -1.245997 -0.196094
v -0.001625 -1.245604 -0.195824
v 0.000000 -1.348683 -0.301360
v 0.001625 -1.348761 -0.301225
v 0.000000 -1.341581 -0.298202
v 0.001625 -1.341656 -0.298063
v 0.000000 -1.334133 -0.295821
v 0.001625 -1.334204 -0.295678
v 0.003187 -1.348993 -0.300827
v 0.003187 -1.341882 -0.297653
v 0.003187 -1.334416 -0.295254
v 0.004627 -1.349370 -0.300180
v 0.004627 -1.342249 -0.296986
v 0.004627 -1.334765 -0.294566
v 0.005889 -1.349878 -0.299311
v 0.005889 -1.342747 -0.296091
v 0.005889 -1.335242 -0.293642
v 0.006925 -1.350498 -0.298253
v 0.006925 -1.343361 -0.295001
v 0.006925 -1.335838 -0.292519
v 0.007694 -1.351207 -0.297047
v 0.007694 -1.344069 -0.293760
v 0.007694 -1.336535 -0.291242
v 0.008168 -1.351977 -0.295741
v 0.008168 -1.344846 -0.292416
v 0.008168 -1.337313 -0.289860
v 0.008328 -1.352779 -0.294384
v 0.008328 -1.345665 -0.291021
v 0.008328 -1.338144 -0.288427
v 0.008168 -1.353580 -0.293029
v 0.008168 -1.346492 -0.289629
v 0.008168 -1.338998 -0.287000
v 0.007694 -1.354350 -0.291727
v 0.007694 -1.347295 -0.288292
v 0.007694 -1.339835 -0.285632
v 0.006925 -1.355057 -0.290526
v 0.006925 -1.348040 -0.287062
v 0.006925 -1.340621 -0.284375
v 0.005889 -1.355675 -0.289475
v 0.005889 -1.348695 -0.285985
v 0.005889 -1.341319 -0.283276
v 0.004627 -1.356180 -0.288611
v 0.004627 -1.349235 -0.285101
v 0.004627 -1.341896 -0.282375
v 0.003187 -1.356554 -0.287969
v 0.003187 -1.349636 -0.284445
v 0.003187 -1.342328 -0.281706
v 0.001625 -1.356783 -0.287573
v 0.001625 -1.349883 -0.284041
v 0.001625 -1.342595 -0.281295
v 0.000000 -1.356861 -0.287440
v 0.000000 -1.349967 -0.283904
v 0.000000 -1.342685 -0.281156
v -0.001625 -1.356783 -0.287573
v -0.001625 -1.349883 -0.284041
v -0.001625 -1.342595 -0.281295
v -0.003187 -1.356554 -0.287969
v -0.003187 -1.349636 -0.284445
v -0.003187 -1.342328 -0.281706
v -0.004627 -1.356180 -0.288611
v -0.004627 -1.349235 -0.285101
v -0.004627 -1.341896 -0.282375
v -0.005889 -1.355675 -0.289475
v -0.005889 -1.348695 -0.285985
v -0.005889 -1.341319 -0.283276
v -0.006925 -1.355057 -0.290526
v -0.006925 -1.348040 -0.287062
v -0.006925 -1.340621 -0.284375
v -0.007694 -1.354350 -0.291727
v -0.007694 -1.347295 -0.288292
v -0.007694 -1.339835 -0.285632
v -0.008168 -1.353580 -0.293029
v -0.008168 -1.346492 -0.289628
v -0.008168 -1.338998 -0.287000
v -0.008328 -1.352779 -0.294384
v -0.008328 -1.345665 -0.291021
v -0.008328 -1.338144 -0.288427
v -0.008168 -1.351977 -0.295741
v -0.008168 -1.344846 -0.292416
v -0.008168 -1.337313 -0.289860
v -0.007694 -1.351207 -0.297047
v -0.007694 -1.344069 -0.293760
v -0.007694 -1.336535 -0.291242
v -0.006925 -1.350498 -0.298253
v -0.006925 -1.343361 -0.295001
v -0.006925 -1.335838 -0.292519
v -0.005889 -1.349878 -0.299311
v -0.005889 -1.342747 -0.296091
v -0.005889 -1.335242 -0.293642
v -0.004627 -1.349370 -0.300180
v -0.004627 -1.342249 -0.296986
v -0.004627 -1.334765 -0.294566
v -0.003187 -1.348993 -0.300827
v -0.003187 -1.341882 -0.297653
v -0.003187 -1.334416 -0.295254
v -0.001625 -1.348761 -0.301225
v -0.001625 -1.341656 -0.298063
v -0.001625 -1.334204 -0.295678
v 0.000000 -1.361456 -0.310047
v 0.001625 -1.361495 -0.309892
v 0.000000 -1.361456 -0.310047
v 0.001625 -1.361495 -0.309892
v -0.002228 -0.110624 0.032397
v -0.002228 -0.102962 0.027813
v 0.000000 -0.103075 0.027625
v 0.000000 -0.110736 0.032209
v 0.004370 -0.075797 0.022806
v 0.002228 -0.076234 0.022237
v 0.002228 -0.058485 0.024116
v 0.004370 -0.058981 0.024586
v 0.006344 -0.075090 0.023729
v 0.006344 -0.059783 0.025349
v 0.008075 -0.074153 0.024969
v 0.008075 -0.060857 0.026377
v 0.009495 -0.073038 0.026478
v 0.009495 -0.062151 0.027631
v 0.010551 -0.071817 0.028194
v 0.010551 -0.063602 0.029064
v 0.011200 -0.070568 0.030049
v 0.011200 -0.065138 0.030623
v 0.011420 -0.069370 0.031966
v 0.011420 -0.066684 0.032250
v 0.011200 -0.068281 0.033872
v 0.011200 -0.068176 0.033883
v 0.010551 -0.067330 0.035695
v 0.010551 -0.069561 0.035458
v 0.009495 -0.066524 0.037366
v 0.009495 -0.070803 0.036914
v 0.008075 -0.065861 0.038827
v 0.008075 -0.071868 0.038192
v 0.006344 -0.065341 0.040023
v 0.006344 -0.072732 0.039242
v 0.004370 -0.064963 0.040911
v 0.004370 -0.073368 0.040023
v 0.002228 -0.064735 0.041458
v 0.002228 -0.073759 0.040504
v 0.000000 -0.064658 0.041642
v 0.000000 -0.073890 0.040667
v -0.002228 -0.064735 0.041458
v -0.002228 -0.073759 0.040504
v -0.004370 -0.064963 0.040911
v -0.004370 -0.073368 0.040023
v -0.006344 -0.065341 0.040023
v -0.006344 -0.072732 0.039242
v -0.008075 -0.065861 0.038827
v -0.008075 -0.071868 0.038192
v -0.009495 -0.066524 0.037366
v -0.009495 -0.070803 0.036914
v -0.010550 -0.067330 0.035695
v -0.010550 -0.069561 0.035458
v -0.011200 -0.068281 0.033872
v -0.011200 -0.068176 0.033883
v -0.011420 -0.069370 0.031966
v -0.011420 -0.066684 0.032250
v -0.011200 -0.070568 0.030049
v -0.011200 -0.065138 0.030623
v -0.010550 -0.071817 0.028194
v -0.010550 -0.063602 0.029064
v -0.009495 -0.073038 0.026478
v -0.009495 -0.062151 0.027631
v -0.008075 -0.074153 0.024969
v -0.008075 -0.060857 0.026377
v -0.006344 -0.075090 0.023729
v -0.006344 -0.059783 0.025349
v -0.004370 -0.075797 0.022806
v -0.004370 -0.058981 0.024586
v -0.002228 -0.076234 0.022237
v -0.002228 -0.058485 0.024116
v 0.000000 -0.076383 0.022045
v 0.000000 -0.058318 0.023957
v 0.002228 -0.110624 0.032397
v 0.004370 -0.110290 0.032955
v 0.006344 -0.109748 0.033861
v 0.008075 -0.109019 0.035079
v 0.009495 -0.108131 0.036564
v 0.010551 -0.107117 0.038259
v 0.011200 -0.106017 0.040097
v 0.011420 -0.104874 0.042009
v 0.011200 -0.103730 0.043921
v 0.010551 -0.102630 0.045759
v 0.009495 -0.101616 0.047453
v 0.008075 -0.100728 0.048938
v 0.006344 -0.099999 0.050157
v 0.004370 -0.099457 0.051063
v 0.002228 -0.099123 0.051621
v 0.000000 -0.099011 0.051809
v -0.002228 -0.099123 0.051621
v -0.004370 -0.099457 0.051063
v -0.006344 -0.099999 0.050157
v -0.008075 -0.100728 0.048938
v -0.009495 -0.101616 0.047453
v -0.010550 -0.102630 0.045759
v -0.011200 -0.103730 0.043921
v -0.011420 -0.104874 0.042009
v -0.011200 -0.106017 0.040097
v -0.010550 -0.107117 0.038259
v -0.009495 -0.108131 0.036564
v -0.008075 -0.109019 0.035079
v -0.006344 -0.109748 0.033861
v -0.004370 -0.110290 0.032955
v 0.009495 -0.037657 0.069158
v 0.010551 -0.035882 0.068724
v 0.010551 -0.034483 0.073911
v 0.009495 -0.036465 0.073386
v 0.010551 -0.056393 0.040958
v 0.011200 -0.054990 0.039453
v 0.011200 -0.047966 0.045847
v 0.010551 -0.050138 0.046515
v -0.006344 -0.059732 0.044532
v -0.004370 -0.060417 0.045262
v -0.004370 -0.056098 0.048793
v -0.006344 -0.055112 0.048369
v -0.008075 -0.048194 0.032160
v -0.009495 -0.049340 0.033391
v -0.009495 -0.038902 0.043701
v -0.008075 -0.037035 0.043336
v 0.010551 -0.050646 0.034792
v 0.009495 -0.049340 0.033391
v 0.009495 -0.038902 0.043701
v 0.010551 -0.041023 0.044138
v 0.002228 -0.060838 0.045710
v 0.004370 -0.060417 0.045262
v 0.004370 -0.056098 0.048793
v 0.002228 -0.056699 0.049060
v -0.011420 -0.053527 0.037884
v -0.011200 -0.054990 0.039453
v -0.011200 -0.047966 0.045847
v -0.011420 -0.045659 0.045217
v 0.000000 -0.045976 0.029775
v -0.002228 -0.046121 0.029931
v -0.002228 -0.033659 0.042707
v 0.000000 -0.033422 0.042664
v 0.004370 -0.046553 0.030395
v 0.002228 -0.046121 0.029931
v 0.002228 -0.033659 0.042707
v 0.004370 -0.034361 0.042836
v 0.009495 -0.057682 0.042339
v 0.009495 -0.052091 0.047187
v -0.008075 -0.058809 0.043546
v -0.008075 -0.053765 0.047820
v -0.006344 -0.047253 0.031148
v -0.006344 -0.035501 0.043047
v 0.011200 -0.052060 0.036310
v 0.011200 -0.043310 0.044645
v 0.000000 -0.060980 0.045862
v 0.000000 -0.056901 0.049152
v -0.011200 -0.052060 0.036310
v -0.011200 -0.043310 0.044645
v 0.006344 -0.047253 0.031148
v 0.006344 -0.035501 0.043047
v 0.008075 -0.058809 0.043546
v 0.008075 -0.053765 0.047820
v -0.009495 -0.057682 0.042339
v -0.009495 -0.052091 0.047187
v -0.004370 -0.046553 0.030395
v -0.004370 -0.034361 0.042836
v 0.011420 -0.053527 0.037884
v 0.011420 -0.045659 0.045217
v -0.002228 -0.060838 0.045710
v -0.002228 -0.056699 0.049060
v -0.010550 -0.050646 0.034792
v -0.010550 -0.041023 0.044138
v 0.008075 -0.048194 0.032160
v 0.008075 -0.037035 0.043336
v 0.006344 -0.059732 0.044532
v 0.006344 -0.055112 0.048369
v -0.010550 -0.056393 0.040958
v -0.010550 -0.050138 0.046515
v 0.004370 -0.041084 0.104220
v 0.006344 -0.040155 0.104601
v 0.006344 -0.044218 0.115337
v 0.004370 -0.044974 0.114594
v -0.011200 -0.029894 0.067255
v -0.011420 -0.031925 0.067754
v -0.011420 -0.030042 0.075426
v -0.011200 -0.027758 0.076367
v 0.008075 -0.039205 0.069535
v 0.008075 -0.038187 0.073005
v -0.010550 -0.027933 0.066774
v -0.010550 -0.025559 0.077351
v 0.006344 -0.040470 0.069841
v 0.006344 -0.039590 0.072741
v -0.009495 -0.026120 0.066328
v -0.009495 -0.023534 0.078310
v 0.004370 -0.041407 0.070066
v 0.004370 -0.040627 0.072571
v -0.008075 -0.024526 0.065935
v -0.008075 -0.021763 0.079177
v 0.002228 -0.041982 0.070203
v 0.002228 -0.041264 0.072477
v 0.000000 -0.021435 0.065169
v -0.002228 -0.021638 0.065220
v -0.002228 -0.018579 0.080780
v 0.000000 -0.018356 0.080894
v -0.006344 -0.023215 0.065611
v -0.006344 -0.020314 0.079902
v 0.000000 -0.042176 0.070249
v 0.000000 -0.041478 0.072446
v 0.006344 -0.023215 0.065611
v 0.004370 -0.022240 0.065369
v 0.004370 -0.019240 0.080444
v 0.006344 -0.020314 0.079902
v -0.004370 -0.022240 0.065369
v -0.004370 -0.019240 0.080444
v -0.002228 -0.041982 0.070203
v -0.002228 -0.041264 0.072477
v 0.008075 -0.024526 0.065935
v 0.008075 -0.021763 0.079177
v -0.004370 -0.041407 0.070066
v -0.004370 -0.040627 0.072571
v 0.009495 -0.026120 0.066328
v 0.009495 -0.023534 0.078310
v -0.006344 -0.040470 0.069841
v -0.006344 -0.039590 0.072741
v 0.010551 -0.027933 0.066774
v 0.010551 -0.025558 0.077351
v 0.002228 -0.021638 0.065220
v 0.002228 -0.018579 0.080780
v -0.008075 -0.039205 0.069535
v -0.008075 -0.038187 0.073005
v 0.011200 -0.029894 0.067255
v 0.011200 -0.027758 0.076367
v -0.009495 -0.037657 0.069158
v -0.009495 -0.036465 0.073386
v 0.011420 -0.031925 0.067754
v 0.011420 -0.030042 0.075426
v -0.010550 -0.035882 0.068724
v -0.010550 -0.034483 0.073911
v 0.011200 -0.033947 0.068250
v 0.011200 -0.032314 0.074594
v -0.011200 -0.033947 0.068250
v -0.011200 -0.032314 0.074594
v -0.002228 -0.052522 0.125202
v 0.000000 -0.052670 0.125045
v 0.000000 -0.054794 0.127153
v -0.002228 -0.054691 0.127352
v -0.008075 -0.024515 0.110973
v -0.009495 -0.026066 0.110342
v -0.009495 -0.033104 0.126949
v -0.008075 -0.031913 0.128260
v 0.002228 -0.041657 0.103986
v 0.002228 -0.045440 0.114139
v 0.000000 -0.021513 0.112194
v -0.002228 -0.021710 0.112114
v -0.002228 -0.029770 0.130637
v 0.000000 -0.029620 0.130804
v -0.006344 -0.023241 0.111491
v -0.006344 -0.030938 0.129339
v 0.000000 -0.041850 0.103907
v 0.000000 -0.045598 0.113986
v 0.006344 -0.023241 0.111491
v 0.004370 -0.022294 0.111876
v 0.004370 -0.030216 0.130142
v 0.006344 -0.030938 0.129339
v -0.004370 -0.022294 0.111876
v -0.004370 -0.030216 0.130142
v -0.002228 -0.041657 0.103986
v -0.002228 -0.045440 0.114139
v 0.008075 -0.024515 0.110973
v 0.008075 -0.031913 0.128260
v -0.004370 -0.041084 0.104220
v -0.004370 -0.044974 0.114594
v 0.009495 -0.026066 0.110342
v 0.009495 -0.033104 0.126949
v -0.006344 -0.040155 0.104601
v -0.006344 -0.044218 0.115337
v 0.010551 -0.027833 0.109623
v 0.010550 -0.034467 0.125461
v 0.002228 -0.021710 0.112114
v 0.002228 -0.029770 0.130637
v -0.008075 -0.038900 0.105113
v -0.008075 -0.043203 0.116342
v 0.011200 -0.029747 0.108843
v 0.011200 -0.035952 0.123856
v -0.009495 -0.037370 0.105737
v -0.009495 -0.041972 0.117577
v 0.011420 -0.031734 0.108034
v 0.011420 -0.037504 0.122200
v -0.010550 -0.035620 0.106450
v -0.010550 -0.040574 0.119000
v 0.011200 -0.033716 0.107226
v 0.011200 -0.039065 0.120560
v -0.011200 -0.033716 0.107226
v -0.011200 -0.039065 0.120560
v 0.010551 -0.035620 0.106450
v 0.010550 -0.040574 0.119000
v -0.011420 -0.031734 0.108034
v -0.011420 -0.037504 0.122200
v 0.009495 -0.037370 0.105737
v 0.009495 -0.041972 0.117577
v -0.011200 -0.029747 0.108843
v -0.011200 -0.035952 0.123856
v 0.008075 -0.038900 0.105113
v 0.008075 -0.043203 0.116342
v -0.010550 -0.027833 0.109623
v -0.010550 -0.034467 0.125461
v -0.008075 -0.074001 0.144549
v -0.006344 -0.074588 0.143264
v -0.006344 -0.087055 0.149023
v -0.008075 -0.086219 0.150184
v 0.008075 -0.039502 0.139046
v 0.006344 -0.038540 0.140069
v 0.006344 -0.045706 0.146582
v 0.008075 -0.046285 0.145239
v -0.002228 -0.037383 0.141298
v -0.004370 -0.037824 0.140829
v -0.004370 -0.045279 0.147581
v -0.002228 -0.045016 0.148197
v -0.004370 -0.052085 0.125667
v -0.004370 -0.054385 0.127939
v 0.009495 -0.040675 0.137800
v 0.009495 -0.046995 0.143605
v -0.006344 -0.051375 0.126423
v -0.006344 -0.053892 0.128896
v 0.010551 -0.042011 0.136378
v 0.010551 -0.047813 0.141745
v 0.004370 -0.037824 0.140829
v 0.002228 -0.037383 0.141298
v 0.002228 -0.045016 0.148197
v 0.004370 -0.045279 0.147581
v -0.008075 -0.050419 0.127440
v -0.008075 -0.053238 0.130190
v 0.011200 -0.043461 0.134837
v 0.011200 -0.048712 0.139733
v -0.009495 -0.049252 0.128681
v -0.009495 -0.052451 0.131774
v 0.011420 -0.044968 0.133235
v 0.011420 -0.049660 0.137649
v -0.010550 -0.047920 0.130097
v -0.010550 -0.051567 0.133592
v 0.011200 -0.046473 0.131635
v 0.011200 -0.050624 0.135575
v -0.011200 -0.046473 0.131635
v -0.011200 -0.050624 0.135575
v 0.010551 -0.047920 0.130097
v 0.010551 -0.051567 0.133592
v -0.011420 -0.044968 0.133235
v -0.011420 -0.049660 0.137649
v 0.009495 -0.049252 0.128681
v 0.009495 -0.052451 0.131774
v -0.011200 -0.043461 0.134837
v -0.011200 -0.048712 0.139733
v 0.008075 -0.050419 0.127440
v 0.008075 -0.053238 0.130190
v -0.010550 -0.042011 0.136378
v -0.010550 -0.047813 0.141745
v 0.006344 -0.051375 0.126423
v 0.006344 -0.053892 0.128896
v -0.009495 -0.040675 0.137800
v -0.009495 -0.046995 0.143605
v 0.004370 -0.052085 0.125667
v 0.004370 -0.054385 0.127939
v -0.008075 -0.039502 0.139046
v -0.008075 -0.046285 0.145239
v 0.002228 -0.052522 0.125202
v 0.002228 -0.054691 0.127352
v 0.000000 -0.037234 0.141455
v 0.000000 -0.044928 0.148404
v -0.006344 -0.038540 0.140069
v -0.006344 -0.045706 0.146582
v -0.011200 -0.106636 0.168670
v -0.010550 -0.107871 0.166919
v -0.010550 -0.137342 0.187700
v -0.011200 -0.136107 0.189451
v 0.011200 -0.069741 0.153868
v 0.010551 -0.068856 0.155806
v 0.010551 -0.078982 0.160408
v 0.011200 -0.080216 0.158642
v -0.009495 -0.073285 0.146115
v -0.009495 -0.085203 0.151601
v 0.011420 -0.070662 0.151854
v 0.011420 -0.081504 0.156808
v -0.010550 -0.072469 0.147900
v -0.010550 -0.084048 0.153219
v 0.011200 -0.071583 0.149838
v 0.011200 -0.082798 0.154977
v -0.011200 -0.071583 0.149838
v -0.011200 -0.082798 0.154977
v 0.010551 -0.072469 0.147900
v 0.010551 -0.084048 0.153219
v -0.011420 -0.070662 0.151854
v -0.011420 -0.081504 0.156808
v 0.009496 -0.073285 0.146115
v 0.009496 -0.085203 0.151601
v -0.011200 -0.069741 0.153868
v -0.011200 -0.080216 0.158642
v 0.008075 -0.074001 0.144549
v 0.008075 -0.086219 0.150184
v -0.010550 -0.068856 0.155806
v -0.010550 -0.078982 0.160408
v 0.006344 -0.074588 0.143264
v 0.006345 -0.087055 0.149023
v -0.009495 -0.068041 0.157590
v -0.009495 -0.077850 0.162039
v 0.004370 -0.075024 0.142309
v 0.004370 -0.087677 0.148160
v -0.008075 -0.067325 0.159155
v -0.008075 -0.076862 0.163470
v 0.002228 -0.075293 0.141721
v 0.002228 -0.088061 0.147629
v 0.000000 -0.065944 0.162178
v -0.002228 -0.066035 0.161980
v -0.002228 -0.075086 0.166059
v 0.000000 -0.074963 0.166240
v -0.006344 -0.066739 0.160439
v -0.006344 -0.076054 0.164646
v 0.000000 -0.075384 0.141522
v 0.000000 -0.088190 0.147450
v 0.006344 -0.066739 0.160439
v 0.004370 -0.066303 0.161392
v 0.004370 -0.075455 0.165520
v 0.006345 -0.076054 0.164646
v -0.004370 -0.066303 0.161392
v -0.004370 -0.075455 0.165520
v -0.002228 -0.075293 0.141721
v -0.002228 -0.088061 0.147629
v 0.008075 -0.067325 0.159155
v 0.008075 -0.076862 0.163470
v -0.004370 -0.075024 0.142309
v -0.004370 -0.087677 0.148160
v 0.009496 -0.068041 0.157590
v 0.009496 -0.077850 0.162039
v 0.002228 -0.066035 0.161980
v 0.002228 -0.075086 0.166059
v 0.011200 -0.104069 0.172311
v 0.010551 -0.102834 0.174062
v 0.010551 -0.132305 0.194844
v 0.011200 -0.133539 0.193093
v 0.010551 -0.107871 0.166919
v 0.011200 -0.106636 0.168670
v 0.011200 -0.136107 0.189451
v 0.010551 -0.137342 0.187700
v -0.011420 -0.105352 0.170491
v -0.011420 -0.134823 0.191272
v 0.009496 -0.109009 0.165306
v 0.009496 -0.138480 0.186087
v -0.011200 -0.104069 0.172311
v -0.011200 -0.133539 0.193093
v 0.008075 -0.110006 0.163891
v 0.008075 -0.139477 0.184673
v -0.010550 -0.102834 0.174062
v -0.010550 -0.132305 0.194844
v 0.006345 -0.110824 0.162730
v 0.006345 -0.140295 0.183512
v -0.009495 -0.101696 0.175675
v -0.009495 -0.131167 0.196457
v 0.004370 -0.111432 0.161868
v 0.004370 -0.140903 0.182650
v -0.008075 -0.100699 0.177090
v -0.008075 -0.130170 0.197871
v 0.002228 -0.111807 0.161337
v 0.002228 -0.141278 0.182118
v 0.000000 -0.098771 0.179823
v -0.002228 -0.098898 0.179644
v -0.002228 -0.128369 0.200426
v 0.000000 -0.128243 0.200604
v -0.006344 -0.099880 0.178251
v -0.006344 -0.129351 0.199032
v 0.000000 -0.111933 0.161158
v 0.000000 -0.141404 0.181939
v 0.006345 -0.099880 0.178251
v 0.004370 -0.099272 0.179113
v 0.004370 -0.128743 0.199894
v 0.006345 -0.129351 0.199032
v -0.004370 -0.099272 0.179113
v -0.004370 -0.128743 0.199894
v -0.002228 -0.111807 0.161337
v -0.002228 -0.141278 0.182118
v 0.008075 -0.100699 0.177090
v 0.008075 -0.130170 0.197871
v -0.004370 -0.111432 0.161868
v -0.004370 -0.140903 0.182650
v 0.009496 -0.101696 0.175675
v 0.009496 -0.131167 0.196457
v -0.006344 -0.110824 0.162730
v -0.006344 -0.140295 0.183512
v 0.010551 -0.099456 0.033675
v 0.011200 -0.098356 0.035513
v 0.002228 -0.098898 0.179644
v 0.002228 -0.128369 0.200426
v -0.008075 -0.110006 0.163891
v -0.008075 -0.139477 0.184673
v -0.009495 -0.109009 0.165306
v -0.009495 -0.138480 0.186087
v 0.011420 -0.105352 0.170491
v 0.011420 -0.134823 0.191272
v -0.008075 -0.093066 0.044355
v -0.009495 -0.093955 0.042870
v 0.011420 -0.097212 0.037425
v -0.010550 -0.094969 0.041175
v 0.011200 -0.096068 0.039337
v -0.011200 -0.096068 0.039337
v 0.010551 -0.094969 0.041175
v -0.011420 -0.097212 0.037425
v 0.009495 -0.093955 0.042870
v -0.011200 -0.098356 0.035513
v 0.008075 -0.093066 0.044355
v -0.010550 -0.099456 0.033675
v 0.006344 -0.092337 0.045574
v -0.009495 -0.100469 0.031980
v 0.004370 -0.091796 0.046479
v -0.008075 -0.101357 0.030496
v 0.002228 -0.091462 0.047037
v 0.002228 -0.102962 0.027813
v -0.006344 -0.102086 0.029277
v 0.000000 -0.091349 0.047225
v 0.004370 -0.102628 0.028371
v 0.006344 -0.102086 0.029277
v -0.004370 -0.102628 0.028371
v -0.002228 -0.091462 0.047037
v 0.008075 -0.101357 0.030496
v -0.004370 -0.091796 0.046479
v 0.009495 -0.100469 0.031980
v -0.006344 -0.092337 0.045574
v 0.000000 -0.080635 0.169013
v 0.002228 -0.080760 0.168833
v 0.000000 -0.087151 0.172568
v 0.002228 -0.087277 0.172389
v 0.000000 -0.093520 0.176364
v 0.002228 -0.093646 0.176185
v 0.004370 -0.081130 0.168296
v 0.004370 -0.087650 0.171855
v 0.004370 -0.094020 0.175653
v 0.006345 -0.081733 0.167427
v 0.006345 -0.088255 0.170989
v 0.006345 -0.094628 0.174790
v 0.008075 -0.082545 0.166257
v 0.008075 -0.089070 0.169824
v 0.008075 -0.095445 0.173628
v 0.009496 -0.083537 0.164832
v 0.009496 -0.090065 0.168405
v 0.009496 -0.096442 0.172212
v 0.010551 -0.084671 0.163209
v 0.010551 -0.091201 0.166786
v 0.010551 -0.097579 0.170598
v 0.011200 -0.085905 0.161448
v 0.011200 -0.092436 0.165031
v 0.011200 -0.098814 0.168846
v 0.011420 -0.087192 0.159619
v 0.011420 -0.093721 0.163206
v 0.011420 -0.100098 0.167024
v 0.011200 -0.088482 0.157792
v 0.011200 -0.095008 0.161383
v 0.011200 -0.101383 0.165202
v 0.010551 -0.089726 0.156037
v 0.010551 -0.096246 0.159630
v 0.010551 -0.102619 0.163451
v 0.009496 -0.090874 0.154420
v 0.009496 -0.097389 0.158015
v 0.009496 -0.103758 0.161837
v 0.008075 -0.091883 0.153005
v 0.008075 -0.098392 0.156600
v 0.008075 -0.104756 0.160423
v 0.006345 -0.092712 0.151843
v 0.006345 -0.099216 0.155439
v 0.006345 -0.105576 0.159262
v 0.004370 -0.093329 0.150981
v 0.004370 -0.099828 0.154576
v 0.004370 -0.106185 0.158399
v 0.002228 -0.093709 0.150450
v 0.002228 -0.100205 0.154045
v 0.002228 -0.106560 0.157868
v 0.000000 -0.093837 0.150270
v 0.000000 -0.100332 0.153866
v 0.000000 -0.106687 0.157689
v -0.002228 -0.093709 0.150450
v -0.002228 -0.100205 0.154045
v -0.002228 -0.106560 0.157868
v -0.004370 -0.093329 0.150981
v -0.004370 -0.099828 0.154576
v -0.004370 -0.106185 0.158399
v -0.006344 -0.092712 0.151843
v -0.006344 -0.099216 0.155439
v -0.006344 -0.105576 0.159262
v -0.008075 -0.091883 0.153005
v -0.008075 -0.098392 0.156600
v -0.008075 -0.104756 0.160423
v -0.009495 -0.090874 0.154420
v -0.009495 -0.097389 0.158015
v -0.009495 -0.103758 0.161837
v -0.010550 -0.089726 0.156037
v -0.010550 -0.096246 0.159630
v -0.010550 -0.102619 0.163451
v -0.011200 -0.088482 0.157792
v -0.011200 -0.095008 0.161383
v -0.011200 -0.101383 0.165202
v -0.011420 -0.087192 0.159619
v -0.011420 -0.093721 0.163206
v -0.011420 -0.100098 0.167024
v -0.011200 -0.085905 0.161448
v -0.011200 -0.092436 0.165031
v -0.011200 -0.098814 0.168846
v -0.010550 -0.084671 0.163209
v -0.010550 -0.091201 0.166786
v -0.010550 -0.097579 0.170598
v -0.009495 -0.083537 0.164832
v -0.009495 -0.090065 0.168405
v -0.009495 -0.096442 0.172212
v -0.008075 -0.082545 0.166257
v -0.008075 -0.089070 0.169824
v -0.008075 -0.095445 0.173628
v -0.006344 -0.081733 0.167427
v -0.006344 -0.088255 0.170989
v -0.006344 -0.094628 0.174790
v -0.004370 -0.081130 0.168296
v -0.004370 -0.087650 0.171855
v -0.004370 -0.094020 0.175653
v -0.002228 -0.080760 0.168833
v -0.002228 -0.087277 0.172389
v -0.002228 -0.093646 0.176185
v 0.000000 -0.049443 0.152086
v 0.002228 -0.049532 0.151882
v 0.000000 -0.055023 0.155997
v 0.002228 -0.055112 0.155796
v 0.000000 -0.060817 0.159540
v 0.002228 -0.060907 0.159341
v 0.004370 -0.049798 0.151276
v 0.004370 -0.055380 0.155198
v 0.004370 -0.061176 0.158750
v 0.006344 -0.050229 0.150292
v 0.006344 -0.055815 0.154228
v 0.006344 -0.061612 0.157791
v 0.008075 -0.050812 0.148969
v 0.008075 -0.056401 0.152924
v 0.008075 -0.062199 0.156501
v 0.009495 -0.051525 0.147359
v 0.009495 -0.057116 0.151335
v 0.009495 -0.062915 0.154928
v 0.010551 -0.052344 0.145525
v 0.010551 -0.057934 0.149524
v 0.010551 -0.063733 0.153134
v 0.011200 -0.053240 0.143538
v 0.011200 -0.058826 0.147560
v 0.011200 -0.064620 0.151188
v 0.011420 -0.054179 0.141477
v 0.011420 -0.059757 0.145521
v 0.011420 -0.065545 0.149164
v 0.011200 -0.055127 0.139422
v 0.011200 -0.060692 0.143484
v 0.011200 -0.066471 0.147141
v 0.010551 -0.056050 0.137453
v 0.010551 -0.061597 0.141528
v 0.010551 -0.067362 0.145197
v 0.009495 -0.056909 0.135644
v 0.009495 -0.062434 0.139728
v 0.009495 -0.068185 0.143405
v 0.008075 -0.057670 0.134065
v 0.008075 -0.063172 0.138154
v 0.008075 -0.068907 0.141836
v 0.006344 -0.058300 0.132772
v 0.006344 -0.063781 0.136864
v 0.006344 -0.069500 0.140548
v 0.004370 -0.058772 0.131815
v 0.004370 -0.064234 0.135906
v 0.004370 -0.069941 0.139591
v 0.002228 -0.059064 0.131226
v 0.002228 -0.064515 0.135317
v 0.002228 -0.070214 0.139002
v 0.000000 -0.059162 0.131027
v 0.000000 -0.064609 0.135118
v 0.000000 -0.070305 0.138803
v -0.002228 -0.059064 0.131226
v -0.002228 -0.064515 0.135317
v -0.002228 -0.070214 0.139002
v -0.004370 -0.058772 0.131815
v -0.004370 -0.064234 0.135906
v -0.004370 -0.069941 0.139591
v -0.006344 -0.058300 0.132772
v -0.006344 -0.063781 0.136864
v -0.006344 -0.069500 0.140548
v -0.008075 -0.057670 0.134065
v -0.008075 -0.063172 0.138154
v -0.008075 -0.068907 0.141836
v -0.009495 -0.056909 0.135644
v -0.009495 -0.062434 0.139728
v -0.009495 -0.068185 0.143405
v -0.010550 -0.056050 0.137453
v -0.010550 -0.061597 0.141528
v -0.010550 -0.067362 0.145197
v -0.011200 -0.055127 0.139422
v -0.011200 -0.060692 0.143484
v -0.011200 -0.066471 0.147141
v -0.011420 -0.054179 0.141477
v -0.011420 -0.059757 0.145521
v -0.011420 -0.065545 0.149164
v -0.011200 -0.053240 0.143538
v -0.011200 -0.058826 0.147560
v -0.011200 -0.064620 0.151188
v -0.010550 -0.052344 0.145525
v -0.010550 -0.057934 0.149524
v -0.010550 -0.063733 0.153134
v -0.009495 -0.051525 0.147359
v -0.009495 -0.057116 0.151335
v -0.009495 -0.062915 0.154928
v -0.008075 -0.050812 0.148969
v -0.008075 -0.056401 0.152924
v -0.008075 -0.062199 0.156501
v -0.006344 -0.050229 0.150292
v -0.006344 -0.055815 0.154228
v -0.006344 -0.061612 0.157791
v -0.004370 -0.049798 0.151276
v -0.004370 -0.055380 0.155198
v -0.004370 -0.061176 0.158750
v -0.002228 -0.049532 0.151882
v -0.002228 -0.055112 0.155796
v -0.002228 -0.060907 0.159341
v 0.000000 -0.031031 0.133523
v 0.002228 -0.031181 0.133358
v 0.000000 -0.032973 0.136501
v 0.002228 -0.033123 0.136340
v 0.000000 -0.035152 0.139287
v 0.002228 -0.035301 0.139127
v 0.004370 -0.031626 0.132872
v 0.004370 -0.033566 0.135861
v 0.004370 -0.035743 0.138656
v 0.006344 -0.032348 0.132083
v 0.006344 -0.034288 0.135085
v 0.006344 -0.036462 0.137889
v 0.008075 -0.033322 0.131021
v 0.008075 -0.035258 0.134041
v 0.008075 -0.037429 0.136859
v 0.009495 -0.034509 0.129731
v 0.009495 -0.036442 0.132770
v 0.009495 -0.038607 0.135603
v 0.010550 -0.035867 0.128263
v 0.010550 -0.037793 0.131322
v 0.010550 -0.039950 0.134172
v 0.011200 -0.037344 0.126677
v 0.011200 -0.039260 0.129754
v 0.011200 -0.041408 0.132620
v 0.011420 -0.038885 0.125035
v 0.011420 -0.040788 0.128128
v 0.011420 -0.042924 0.131008
v 0.011200 -0.040431 0.123404
v 0.011200 -0.042318 0.126507
v 0.011200 -0.044440 0.129397
v 0.010550 -0.041922 0.121845
v 0.010550 -0.043792 0.124953
v 0.010550 -0.045898 0.127850
v 0.009495 -0.043302 0.120418
v 0.009495 -0.045152 0.123525
v 0.009495 -0.047242 0.126427
v 0.008075 -0.044514 0.119174
v 0.008075 -0.046346 0.122279
v 0.008075 -0.048419 0.125181
v 0.006344 -0.045511 0.118159
v 0.006344 -0.047326 0.121257
v 0.006344 -0.049385 0.124159
v 0.004370 -0.046254 0.117408
v 0.004370 -0.048055 0.120501
v 0.004370 -0.050103 0.123401
v 0.002228 -0.046712 0.116947
v 0.002228 -0.048504 0.120035
v 0.002228 -0.050545 0.122934
v 0.000000 -0.046866 0.116791
v 0.000000 -0.048656 0.119878
v 0.000000 -0.050693 0.122776
v -0.002228 -0.046712 0.116947
v -0.002228 -0.048504 0.120035
v -0.002228 -0.050545 0.122934
v -0.004370 -0.046254 0.117408
v -0.004370 -0.048055 0.120501
v -0.004370 -0.050103 0.123401
v -0.006344 -0.045511 0.118159
v -0.006344 -0.047326 0.121257
v -0.006344 -0.049385 0.124159
v -0.008075 -0.044514 0.119174
v -0.008075 -0.046346 0.122279
v -0.008075 -0.048419 0.125181
v -0.009495 -0.043302 0.120418
v -0.009495 -0.045152 0.123525
v -0.009495 -0.047242 0.126427
v -0.010550 -0.041922 0.121845
v -0.010550 -0.043792 0.124953
v -0.010550 -0.045898 0.127850
v -0.011200 -0.040431 0.123404
v -0.011200 -0.042318 0.126507
v -0.011200 -0.044440 0.129397
v -0.011420 -0.038885 0.125035
v -0.011420 -0.040788 0.128128
v -0.011420 -0.042924 0.131008
v -0.011200 -0.037344 0.126677
v -0.011200 -0.039260 0.129754
v -0.011200 -0.041408 0.132620
v -0.010550 -0.035867 0.128263
v -0.010550 -0.037793 0.131322
v -0.010550 -0.039950 0.134172
v -0.009495 -0.034509 0.129731
v -0.009495 -0.036442 0.132770
v -0.009495 -0.038607 0.135603
v -0.008075 -0.033322 0.131021
v -0.008075 -0.035258 0.134041
v -0.008075 -0.037429 0.136859
v -0.006344 -0.032348 0.132083
v -0.006344 -0.034288 0.135085
v -0.006344 -0.036462 0.137889
v -0.004370 -0.031626 0.132872
v -0.004370 -0.033566 0.135861
v -0.004370 -0.035743 0.138656
v -0.002228 -0.031181 0.133358
v -0.002228 -0.033123 0.136340
v -0.002228 -0.035301 0.139127
v 0.000000 -0.017601 0.088364
v 0.002228 -0.017816 0.088262
v 0.000000 -0.017935 0.096935
v 0.002228 -0.018142 0.096844
v 0.000000 -0.019309 0.105303
v 0.002228 -0.019510 0.105220
v 0.004370 -0.018452 0.087962
v 0.004370 -0.018756 0.096575
v 0.004370 -0.020105 0.104972
v 0.006344 -0.019487 0.087475
v 0.006344 -0.019753 0.096138
v 0.006344 -0.021071 0.104571
v 0.008075 -0.020882 0.086824
v 0.008075 -0.021095 0.095552
v 0.008075 -0.022371 0.104032
v 0.009495 -0.022584 0.086040
v 0.009495 -0.022732 0.094843
v 0.009495 -0.023955 0.103376
v 0.010551 -0.024529 0.085166
v 0.010551 -0.024600 0.094043
v 0.010551 -0.025760 0.102631
v 0.011200 -0.026641 0.084251
v 0.011200 -0.026627 0.093192
v 0.011200 -0.027717 0.101827
v 0.011420 -0.028834 0.083351
v 0.011420 -0.028732 0.092331
v 0.011420 -0.029750 0.100998
v 0.011200 -0.031021 0.082519
v 0.011200 -0.030833 0.091502
v 0.011200 -0.031780 0.100179
v 0.010551 -0.033113 0.081790
v 0.010551 -0.032847 0.090740
v 0.010551 -0.033728 0.099400
v 0.009495 -0.035030 0.081183
v 0.009495 -0.034698 0.090069
v 0.009495 -0.035520 0.098692
v 0.008075 -0.036701 0.080700
v 0.008075 -0.036314 0.089504
v 0.008075 -0.037087 0.098077
v 0.006344 -0.038065 0.080334
v 0.006344 -0.037637 0.089055
v 0.006344 -0.038371 0.097576
v 0.004370 -0.039076 0.080079
v 0.004370 -0.038619 0.088729
v 0.004370 -0.039323 0.097207
v 0.002228 -0.039697 0.079927
v 0.002228 -0.039222 0.088531
v 0.002228 -0.039910 0.096980
v 0.000000 -0.039907 0.079877
v 0.000000 -0.039425 0.088465
v 0.000000 -0.040108 0.096903
v -0.002228 -0.039697 0.079927
v -0.002228 -0.039222 0.088531
v -0.002228 -0.039910 0.096980
v -0.004370 -0.039076 0.080079
v -0.004370 -0.038619 0.088729
v -0.004370 -0.039323 0.097207
v -0.006344 -0.038065 0.080334
v -0.006344 -0.037637 0.089055
v -0.006344 -0.038371 0.097576
v -0.008075 -0.036701 0.080700
v -0.008075 -0.036314 0.089504
v -0.008075 -0.037087 0.098077
v -0.009495 -0.035030 0.081183
v -0.009495 -0.034698 0.090069
v -0.009495 -0.035520 0.098692
v -0.010550 -0.033113 0.081790
v -0.010550 -0.032847 0.090740
v -0.010550 -0.033728 0.099400
v -0.011200 -0.031021 0.082519
v -0.011200 -0.030833 0.091502
v -0.011200 -0.031780 0.100179
v -0.011420 -0.028834 0.083351
v -0.011420 -0.028732 0.092331
v -0.011420 -0.029750 0.100998
v -0.011200 -0.026641 0.084251
v -0.011200 -0.026627 0.093192
v -0.011200 -0.027717 0.101827
v -0.010550 -0.024529 0.085166
v -0.010550 -0.024600 0.094043
v -0.010550 -0.025760 0.102631
v -0.009495 -0.022584 0.086040
v -0.009495 -0.022732 0.094843
v -0.009495 -0.023955 0.103376
v -0.008075 -0.020882 0.086824
v -0.008075 -0.021095 0.095552
v -0.008075 -0.022371 0.104032
v -0.006344 -0.019487 0.087475
v -0.006344 -0.019753 0.096138
v -0.006344 -0.021071 0.104571
v -0.004370 -0.018452 0.087962
v -0.004370 -0.018756 0.096575
v -0.004370 -0.020105 0.104972
v -0.002228 -0.017816 0.088262
v -0.002228 -0.018142 0.096844
v -0.002228 -0.019510 0.105220
v 0.000000 -0.029601 0.047364
v 0.002228 -0.029828 0.047410
v 0.000000 -0.025981 0.053291
v 0.002228 -0.026198 0.053340
v 0.000000 -0.023114 0.059544
v 0.002228 -0.023323 0.059594
v 0.004370 -0.030501 0.047548
v 0.004370 -0.026841 0.053485
v 0.004370 -0.023941 0.059743
v 0.006344 -0.031592 0.047774
v 0.006344 -0.027885 0.053722
v 0.006344 -0.024943 0.059985
v 0.008075 -0.033062 0.048081
v 0.008075 -0.029290 0.054042
v 0.008075 -0.026293 0.060312
v 0.009495 -0.034851 0.048463
v 0.009495 -0.031000 0.054435
v 0.009495 -0.027934 0.060708
v 0.010551 -0.036887 0.048911
v 0.010551 -0.032946 0.054888
v 0.010551 -0.029802 0.061161
v 0.011200 -0.039086 0.049417
v 0.011200 -0.035052 0.055390
v 0.011200 -0.031825 0.061654
v 0.011420 -0.041353 0.049971
v 0.011420 -0.037231 0.055923
v 0.011420 -0.033921 0.062168
v 0.011200 -0.043595 0.050561
v 0.011200 -0.039396 0.056473
v 0.011200 -0.036008 0.062685
v 0.010551 -0.045720 0.051165
v 0.010551 -0.041461 0.057019
v 0.010551 -0.038006 0.063185
v 0.009495 -0.047649 0.051757
v 0.009495 -0.043346 0.057538
v 0.009495 -0.039838 0.063649
v 0.008075 -0.049315 0.052303
v 0.008075 -0.044986 0.058005
v 0.008075 -0.041436 0.064056
v 0.006344 -0.050666 0.052769
v 0.006344 -0.046323 0.058395
v 0.006344 -0.042742 0.064390
v 0.004370 -0.051660 0.053125
v 0.004370 -0.047310 0.058690
v 0.004370 -0.043709 0.064638
v 0.002228 -0.052269 0.053349
v 0.002228 -0.047916 0.058872
v 0.002228 -0.044304 0.064791
v 0.000000 -0.052474 0.053424
v 0.000000 -0.048120 0.058934
v 0.000000 -0.044505 0.064842
v -0.002228 -0.052269 0.053349
v -0.002228 -0.047916 0.058872
v -0.002228 -0.044304 0.064791
v -0.004370 -0.051660 0.053125
v -0.004370 -0.047310 0.058690
v -0.004370 -0.043709 0.064638
v -0.006344 -0.050666 0.052769
v -0.006344 -0.046323 0.058395
v -0.006344 -0.042742 0.064390
v -0.008075 -0.049315 0.052303
v -0.008075 -0.044986 0.058005
v -0.008075 -0.041436 0.064056
v -0.009495 -0.047649 0.051757
v -0.009495 -0.043346 0.057538
v -0.009495 -0.039838 0.063649
v -0.010550 -0.045720 0.051165
v -0.010550 -0.041461 0.057019
v -0.010550 -0.038006 0.063185
v -0.011200 -0.043595 0.050561
v -0.011200 -0.039396 0.056473
v -0.011200 -0.036008 0.062685
v -0.011420 -0.041353 0.049971
v -0.011420 -0.037231 0.055923
v -0.011420 -0.033921 0.062168
v -0.011200 -0.039086 0.049417
v -0.011200 -0.035052 0.055390
v -0.011200 -0.031825 0.061654
v -0.010550 -0.036887 0.048911
v -0.010550 -0.032946 0.054889
v -0.010550 -0.029802 0.061161
v -0.009495 -0.034851 0.048463
v -0.009495 -0.031000 0.054435
v -0.009495 -0.027934 0.060708
v -0.008075 -0.033062 0.048081
v -0.008075 -0.029290 0.054042
v -0.008075 -0.026292 0.060311
v -0.006344 -0.031592 0.047774
v -0.006344 -0.027885 0.053722
v -0.006344 -0.024943 0.059985
v -0.004370 -0.030501 0.047548
v -0.004370 -0.026841 0.053485
v -0.004370 -0.023941 0.059743
v -0.002228 -0.029828 0.047410
v -0.002228 -0.026198 0.053340
v -0.002228 -0.023323 0.059594
v 0.000000 -0.055096 0.024642
v 0.002228 -0.055256 0.024801
v 0.000000 -0.051620 0.025988
v 0.002228 -0.051773 0.026146
v 0.000000 -0.048417 0.027790
v 0.002228 -0.048565 0.027948
v 0.004370 -0.055731 0.025272
v 0.004370 -0.052228 0.026617
v 0.004370 -0.049005 0.028416
v 0.006344 -0.056500 0.026037
v 0.006344 -0.052966 0.027381
v 0.006344 -0.049719 0.029175
v 0.008075 -0.057532 0.027067
v 0.008075 -0.053957 0.028408
v 0.008075 -0.050678 0.030197
v 0.009495 -0.058779 0.028323
v 0.009495 -0.055161 0.029660
v 0.009495 -0.051846 0.031440
v 0.010551 -0.060187 0.029757
v 0.010551 -0.056526 0.031089
v 0.010551 -0.053176 0.032857
v 0.011200 -0.061691 0.031316
v 0.011200 -0.057995 0.032639
v 0.011200 -0.054613 0.034393
v 0.011420 -0.063223 0.032939
v 0.011420 -0.059507 0.034252
v 0.011420 -0.056102 0.035988
v 0.011200 -0.064720 0.034567
v 0.011200 -0.061001 0.035865
v 0.011200 -0.057585 0.037581
v 0.010551 -0.066131 0.036134
v 0.010551 -0.062423 0.037416
v 0.010551 -0.059004 0.039110
v 0.009495 -0.067408 0.037580
v 0.009495 -0.063722 0.038845
v 0.009495 -0.060307 0.040516
v 0.008075 -0.068513 0.038849
v 0.008075 -0.064853 0.040097
v 0.008075 -0.061445 0.041747
v 0.006344 -0.069413 0.039891
v 0.006344 -0.065777 0.041124
v 0.006344 -0.062377 0.042754
v 0.004370 -0.070078 0.040665
v 0.004370 -0.066462 0.041886
v 0.004370 -0.063069 0.043501
v 0.002228 -0.070487 0.041142
v 0.002228 -0.066883 0.042356
v 0.002228 -0.063495 0.043960
v 0.000000 -0.070625 0.041303
v 0.000000 -0.067026 0.042514
v 0.000000 -0.063638 0.044115
v -0.002228 -0.070487 0.041142
v -0.002228 -0.066883 0.042356
v -0.002228 -0.063495 0.043960
v -0.004370 -0.070078 0.040665
v -0.004370 -0.066462 0.041886
v -0.004370 -0.063069 0.043501
v -0.006344 -0.069413 0.039891
v -0.006344 -0.065777 0.041124
v -0.006344 -0.062377 0.042754
v -0.008075 -0.068513 0.038849
v -0.008075 -0.064853 0.040097
v -0.008075 -0.061445 0.041747
v -0.009495 -0.067408 0.037580
v -0.009495 -0.063722 0.038845
v -0.009495 -0.060307 0.040516
v -0.010550 -0.066131 0.036134
v -0.010550 -0.062423 0.037416
v -0.010550 -0.059004 0.039110
v -0.011200 -0.064720 0.034567
v -0.011200 -0.061001 0.035865
v -0.011200 -0.057585 0.037581
v -0.011420 -0.063223 0.032939
v -0.011420 -0.059507 0.034252
v -0.011420 -0.056102 0.035988
v -0.011200 -0.061691 0.031316
v -0.011200 -0.057995 0.032639
v -0.011200 -0.054613 0.034393
v -0.010550 -0.060187 0.029757
v -0.010550 -0.056526 0.031089
v -0.010550 -0.053176 0.032857
v -0.009495 -0.058779 0.028323
v -0.009495 -0.055161 0.029660
v -0.009495 -0.051846 0.031440
v -0.008075 -0.057532 0.027067
v -0.008075 -0.053957 0.028408
v -0.008075 -0.050678 0.030197
v -0.006344 -0.056500 0.026037
v -0.006344 -0.052966 0.027381
v -0.006344 -0.049719 0.029175
v -0.004370 -0.055731 0.025272
v -0.004370 -0.052228 0.026617
v -0.004370 -0.049005 0.028416
v -0.002228 -0.055256 0.024801
v -0.002228 -0.051773 0.026146
v -0.002228 -0.048565 0.027948
v 0.000000 -0.097383 0.025011
v 0.002228 -0.097268 0.025200
v 0.000000 -0.090312 0.023032
v 0.002228 -0.090189 0.023222
v 0.000000 -0.082938 0.021991
v 0.002228 -0.082803 0.022182
v 0.004370 -0.096926 0.025758
v 0.004370 -0.089825 0.023783
v 0.004370 -0.082405 0.022746
v 0.006344 -0.096372 0.026665
v 0.006344 -0.089234 0.024694
v 0.006344 -0.081761 0.023663
v 0.008075 -0.095627 0.027886
v 0.008075 -0.088444 0.025919
v 0.008075 -0.080904 0.024895
v 0.009495 -0.094721 0.029373
v 0.009495 -0.087490 0.027411
v 0.009495 -0.079876 0.026395
v 0.010551 -0.093692 0.031068
v 0.010551 -0.086415 0.029111
v 0.010551 -0.078734 0.028102
v 0.011200 -0.092581 0.032908
v 0.011200 -0.085272 0.030955
v 0.011200 -0.077542 0.029950
v 0.011420 -0.091433 0.034820
v 0.011420 -0.084112 0.032868
v 0.011420 -0.076365 0.031866
v 0.011200 -0.090293 0.036732
v 0.011200 -0.082985 0.034778
v 0.011200 -0.075255 0.033774
v 0.010551 -0.089205 0.038569
v 0.010551 -0.081928 0.036612
v 0.010551 -0.074247 0.035602
v 0.009495 -0.088207 0.040261
v 0.009495 -0.080976 0.038300
v 0.009495 -0.073362 0.037283
v 0.008075 -0.087336 0.041745
v 0.008075 -0.080153 0.039777
v 0.008075 -0.072613 0.038753
v 0.006344 -0.086623 0.042962
v 0.006344 -0.079485 0.040990
v 0.006344 -0.072012 0.039958
v 0.004370 -0.086093 0.043866
v 0.004370 -0.078992 0.041890
v 0.004370 -0.071572 0.040853
v 0.002228 -0.085768 0.044423
v 0.002228 -0.078689 0.042444
v 0.002228 -0.071303 0.041403
v 0.000000 -0.085658 0.044611
v 0.000000 -0.078586 0.042632
v 0.000000 -0.071212 0.041589
v -0.002228 -0.085768 0.044423
v -0.002228 -0.078689 0.042444
v -0.002228 -0.071303 0.041403
v -0.004370 -0.086093 0.043866
v -0.004370 -0.078992 0.041890
v -0.004370 -0.071572 0.040853
v -0.006344 -0.086623 0.042962
v -0.006344 -0.079485 0.040990
v -0.006344 -0.072012 0.039958
v -0.008075 -0.087336 0.041745
v -0.008075 -0.080153 0.039777
v -0.008075 -0.072613 0.038753
v -0.009495 -0.088207 0.040261
v -0.009495 -0.080976 0.038300
v -0.009495 -0.073362 0.037283
v -0.010550 -0.089205 0.038569
v -0.010550 -0.081928 0.036612
v -0.010550 -0.074247 0.035602
v -0.011200 -0.090293 0.036732
v -0.011200 -0.082985 0.034778
v -0.011200 -0.075255 0.033774
v -0.011420 -0.091433 0.034820
v -0.011420 -0.084113 0.032868
v -0.011420 -0.076365 0.031866
v -0.011200 -0.092581 0.032908
v -0.011200 -0.085272 0.030955
v -0.011200 -0.077542 0.029950
v -0.010550 -0.093692 0.031068
v -0.010550 -0.086415 0.029111
v -0.010550 -0.078734 0.028102
v -0.009495 -0.094721 0.029373
v -0.009495 -0.087490 0.027411
v -0.009495 -0.079876 0.026395
v -0.008075 -0.095627 0.027886
v -0.008075 -0.088444 0.025919
v -0.008075 -0.080904 0.024895
v -0.006344 -0.096372 0.026665
v -0.006344 -0.089234 0.024694
v -0.006344 -0.081761 0.023663
v -0.004370 -0.096926 0.025758
v -0.004370 -0.089825 0.023783
v -0.004370 -0.082405 0.022746
v -0.002228 -0.097268 0.025200
v -0.002228 -0.090189 0.023222
v -0.002228 -0.082803 0.022182
v 0.074263 -1.444708 -0.373344
v 0.074263 -1.363466 -0.373344
v 0.145671 -1.363466 -0.351682
v 0.145671 -1.444708 -0.351682
v 0.019141 -1.355292 -0.279964
v 0.037547 -1.355292 -0.274380
v 0.100774 -1.355292 -0.319584
v 0.049892 -1.355292 -0.332058
v 0.054509 -1.355292 -0.265314
v 0.151867 -1.355292 -0.297064
v 0.069377 -1.355292 -0.253112
v 0.200642 -1.355292 -0.263660
v 0.081578 -1.355292 -0.238244
v 0.243911 -1.355292 -0.219752
v 0.090645 -1.355292 -0.221282
v 0.278727 -1.355292 -0.166803
v 0.096228 -1.355292 -0.202876
v 0.302781 -1.355292 -0.107012
v 0.098114 -1.355292 -0.183735
v 0.314517 -1.355292 -0.043011
v 0.096228 -1.355292 -0.164594
v 0.313122 -1.355292 0.022355
v 0.090645 -1.355292 -0.146189
v 0.298488 -1.355292 0.086196
v 0.081578 -1.355292 -0.129226
v 0.271159 -1.355292 0.145717
v 0.069377 -1.355292 -0.114358
v 0.232269 -1.355292 0.198337
v 0.054509 -1.355292 -0.102156
v 0.183469 -1.355292 0.241791
v 0.037547 -1.355292 -0.093090
v 0.126841 -1.355292 0.274221
v 0.019141 -1.355292 -0.087507
v 0.064802 -1.355292 0.294246
v 0.000000 -1.355292 -0.085621
v 0.000000 -1.355292 0.301017
v -0.019141 -1.355292 -0.087506
v -0.064802 -1.355292 0.294246
v -0.037547 -1.355292 -0.093090
v -0.126841 -1.355292 0.274221
v -0.054509 -1.355292 -0.102156
v -0.183469 -1.355292 0.241791
v -0.069377 -1.355292 -0.114358
v -0.232269 -1.355292 0.198337
v -0.081578 -1.355292 -0.129226
v -0.271159 -1.355292 0.145717
v -0.090645 -1.355292 -0.146189
v -0.298488 -1.355292 0.086196
v -0.096228 -1.355292 -0.164594
v -0.313122 -1.355292 0.022355
v -0.098114 -1.355292 -0.183735
v -0.314517 -1.355292 -0.043011
v -0.096228 -1.355292 -0.202876
v -0.302781 -1.355292 -0.107012
v -0.090645 -1.355292 -0.221282
v -0.278727 -1.355292 -0.166803
v -0.081578 -1.355292 -0.238244
v -0.243911 -1.355292 -0.219752
v -0.069377 -1.355292 -0.253112
v -0.200642 -1.355292 -0.263660
v -0.054509 -1.355292 -0.265314
v -0.151867 -1.355292 -0.297064
v -0.037547 -1.355292 -0.274380
v -0.100774 -1.355292 -0.319584
v 0.059267 -1.329881 -0.243003
v 0.069691 -1.329881 -0.230301
v 0.074251 -1.329881 -0.233348
v 0.063145 -1.329881 -0.246880
v -0.019141 -1.355292 -0.279964
v -0.049892 -1.355292 -0.332058
v 0.000000 -1.355292 -0.281849
v 0.000000 -1.355292 -0.335962
v 0.000000 -1.444708 -0.380658
v 0.211482 -1.444708 -0.316505
v 0.269166 -1.444708 -0.269166
v 0.316505 -1.444708 -0.211482
v 0.351682 -1.444708 -0.145671
v 0.373344 -1.444708 -0.074263
v 0.380658 -1.444708 -0.000000
v 0.373344 -1.444708 0.074263
v 0.351682 -1.444708 0.145672
v 0.316505 -1.444708 0.211482
v 0.269166 -1.444708 0.269166
v 0.211482 -1.444708 0.316506
v 0.145671 -1.444708 0.351683
v 0.074263 -1.444708 0.373344
v 0.000000 -1.444708 0.380658
v -0.074263 -1.444708 0.373344
v -0.145671 -1.444708 0.351683
v -0.211482 -1.444708 0.316506
v -0.269166 -1.444708 0.269166
v -0.316505 -1.444708 0.211482
v -0.351682 -1.444708 0.145672
v -0.373344 -1.444708 0.074263
v -0.380658 -1.444708 -0.000000
v -0.373344 -1.444708 -0.074263
v -0.351682 -1.444708 -0.145671
v -0.316506 -1.444708 -0.211482
v -0.269166 -1.444708 -0.269166
v -0.211482 -1.444708 -0.316505
v -0.145671 -1.444708 -0.351682
v -0.074263 -1.444708 -0.373344
v 0.000000 -1.363465 -0.380658
v -0.074263 -1.363466 -0.373344
v 0.211482 -1.363466 -0.316505
v 0.269166 -1.363466 -0.269166
v 0.316505 -1.363466 -0.211482
v 0.351682 -1.363466 -0.145671
v 0.373344 -1.363466 -0.074263
v 0.380658 -1.363466 0.000000
v 0.373344 -1.363466 0.074263
v 0.351682 -1.363466 0.145671
v 0.316505 -1.363466 0.211482
v 0.269166 -1.363466 0.269166
v 0.211482 -1.363466 0.316506
v 0.145671 -1.363466 0.351682
v 0.074263 -1.363466 0.373344
v 0.000000 -1.363466 0.380658
v -0.074263 -1.363466 0.373344
v -0.145671 -1.363466 0.351682
v -0.211482 -1.363466 0.316506
v -0.269166 -1.363466 0.269166
v -0.316505 -1.363466 0.211483
v -0.351682 -1.363466 0.145672
v -0.373344 -1.363466 0.074263
v -0.380658 -1.363466 0.000000
v -0.373344 -1.363466 -0.074263
v -0.351682 -1.363466 -0.145672
v -0.316506 -1.363466 -0.211482
v -0.269166 -1.363466 -0.269166
v -0.211482 -1.363466 -0.316505
v -0.145671 -1.363466 -0.351682
v 0.083817 -1.329881 -0.183735
v 0.082206 -1.329881 -0.200087
v 0.082206 -1.291524 -0.200087
v 0.083817 -1.291523 -0.183735
v -0.032075 -1.329881 -0.106298
v -0.046566 -1.329881 -0.114044
v -0.049613 -1.329881 -0.109485
v -0.034174 -1.329881 -0.101232
v 0.077437 -1.329881 -0.215811
v 0.082503 -1.329881 -0.217909
v 0.032075 -1.329881 -0.261172
v 0.046566 -1.329881 -0.253426
v 0.049613 -1.329881 -0.257986
v 0.034174 -1.329881 -0.266238
v -0.059267 -1.329881 -0.124468
v -0.063145 -1.329881 -0.120590
v 0.087585 -1.329881 -0.201157
v -0.069691 -1.329881 -0.137169
v -0.074251 -1.329881 -0.134122
v 0.089301 -1.329881 -0.183735
v -0.077437 -1.329881 -0.151660
v -0.082503 -1.329881 -0.149561
v 0.082206 -1.329881 -0.167383
v 0.087585 -1.329881 -0.166313
v -0.082206 -1.329881 -0.167383
v -0.087585 -1.329881 -0.166313
v 0.077437 -1.329881 -0.151660
v 0.082503 -1.329881 -0.149561
v -0.083817 -1.329881 -0.183735
v -0.089301 -1.329881 -0.183735
v 0.069691 -1.329881 -0.137169
v 0.074251 -1.329881 -0.134122
v -0.082206 -1.329881 -0.200087
v -0.087585 -1.329881 -0.201157
v 0.059267 -1.329881 -0.124468
v 0.063145 -1.329881 -0.120590
v -0.077437 -1.329881 -0.215811
v -0.082503 -1.329881 -0.217909
v 0.046566 -1.329881 -0.114044
v 0.049613 -1.329881 -0.109485
v -0.069691 -1.329881 -0.230301
v -0.074251 -1.329881 -0.233348
v 0.032075 -1.329881 -0.106298
v 0.034174 -1.329881 -0.101232
v -0.059267 -1.329881 -0.243003
v -0.063145 -1.329881 -0.246880
v 0.016352 -1.329881 -0.101529
v 0.017422 -1.329881 -0.096150
v 0.016352 -1.329881 -0.265942
v 0.017422 -1.329881 -0.271320
v -0.046566 -1.329881 -0.253426
v -0.049613 -1.329881 -0.257986
v 0.000000 -1.329881 -0.099919
v 0.000000 -1.329881 -0.094434
v 0.000000 -1.330911 -0.281849
v 0.019141 -1.330911 -0.279963
v -0.032075 -1.329881 -0.261172
v -0.034174 -1.329881 -0.266238
v -0.016352 -1.329881 -0.101529
v -0.017422 -1.329881 -0.096150
v -0.016352 -1.329881 -0.265942
v -0.017422 -1.329881 -0.271320
v 0.037547 -1.330911 -0.274380
v 0.000000 -1.329881 -0.267552
v 0.000000 -1.329881 -0.273036
v 0.054509 -1.330911 -0.265314
v 0.069377 -1.330911 -0.253112
v 0.081578 -1.330911 -0.238244
v 0.090645 -1.330911 -0.221282
v 0.096228 -1.330911 -0.202876
v 0.098114 -1.330911 -0.183735
v 0.096228 -1.330911 -0.164594
v 0.090645 -1.330911 -0.146189
v 0.081578 -1.330911 -0.129226
v 0.069377 -1.330911 -0.114358
v 0.054509 -1.330911 -0.102156
v 0.037547 -1.330911 -0.093090
v 0.019141 -1.330911 -0.087506
v 0.000000 -1.330911 -0.085621
v -0.019141 -1.330911 -0.087506
v -0.037547 -1.330911 -0.093090
v -0.054509 -1.330911 -0.102156
v -0.069377 -1.330911 -0.114358
v -0.081578 -1.330911 -0.129226
v -0.090645 -1.330911 -0.146189
v -0.096228 -1.330911 -0.164594
v -0.098114 -1.330911 -0.183735
v -0.096228 -1.330911 -0.202876
v -0.090645 -1.330911 -0.221282
v -0.081578 -1.330911 -0.238244
v -0.069377 -1.330911 -0.253112
v -0.054509 -1.330911 -0.265314
v -0.037547 -1.330911 -0.274380
v -0.019141 -1.330911 -0.279963
v 0.016352 -1.291524 -0.265942
v 0.032075 -1.291524 -0.261172
v -0.069691 -1.291523 -0.137169
v -0.077437 -1.291523 -0.151660
v 0.082206 -1.291524 -0.167383
v -0.082206 -1.291524 -0.167383
v 0.077437 -1.291523 -0.151660
v -0.083817 -1.291523 -0.183735
v 0.069691 -1.291524 -0.137169
v -0.082206 -1.291524 -0.200087
v 0.059267 -1.291523 -0.124468
v -0.077437 -1.291524 -0.215811
v 0.046566 -1.291524 -0.114044
v -0.069691 -1.291524 -0.230301
v 0.032075 -1.291523 -0.106298
v -0.059267 -1.291524 -0.243003
v 0.016352 -1.291523 -0.101529
v 0.007760 -1.286376 -0.222747
v 0.000000 -1.286376 -0.223511
v -0.007760 -1.286376 -0.222747
v -0.015222 -1.286376 -0.220484
v -0.022098 -1.286376 -0.216808
v -0.028126 -1.286376 -0.211861
v -0.033073 -1.286376 -0.205834
v -0.036748 -1.286376 -0.198957
v -0.039012 -1.286376 -0.191495
v -0.039776 -1.286376 -0.183735
v -0.039012 -1.286376 -0.175975
v -0.036748 -1.286376 -0.168514
v -0.033073 -1.286376 -0.161637
v -0.028126 -1.286376 -0.155609
v -0.022098 -1.286376 -0.150663
v -0.015222 -1.286376 -0.146987
v -0.007760 -1.286376 -0.144723
v 0.000000 -1.286376 -0.143959
v 0.007760 -1.286376 -0.144723
v 0.015222 -1.286376 -0.146987
v 0.022098 -1.286376 -0.150663
v 0.028126 -1.286376 -0.155609
v 0.033073 -1.286376 -0.161637
v 0.036748 -1.286376 -0.168514
v 0.039012 -1.286376 -0.175975
v 0.039776 -1.286376 -0.183735
v 0.039012 -1.286376 -0.191495
v 0.036748 -1.286376 -0.198957
v 0.033073 -1.286376 -0.205833
v 0.028126 -1.286376 -0.211861
v 0.022098 -1.286376 -0.216808
v 0.015222 -1.286376 -0.220483
v -0.046566 -1.291524 -0.253426
v 0.000000 -1.291524 -0.099919
v -0.016352 -1.291524 -0.265942
v 0.000000 -1.291524 -0.267552
v -0.032075 -1.291524 -0.261172
v -0.016352 -1.291523 -0.101529
v 0.046566 -1.291524 -0.253426
v 0.059267 -1.291524 -0.243003
v -0.032075 -1.291523 -0.106298
v 0.069691 -1.291524 -0.230301
v -0.046566 -1.291524 -0.114044
v 0.077437 -1.291524 -0.215811
v -0.059267 -1.291523 -0.124468
v 0.000000 -1.289933 -0.265396
v 0.015931 -1.289933 -0.263827
v 0.000000 -1.288498 -0.259141
v 0.014711 -1.288498 -0.257692
v 0.000000 -1.287359 -0.249398
v 0.012810 -1.287359 -0.248136
v 0.000000 -1.286628 -0.237120
v 0.010415 -1.286628 -0.236095
v 0.031251 -1.289933 -0.259180
v 0.028857 -1.288498 -0.253401
v 0.025128 -1.287359 -0.244399
v 0.020430 -1.286628 -0.233057
v 0.045368 -1.289933 -0.251634
v 0.041893 -1.288498 -0.246433
v 0.036480 -1.287359 -0.238332
v 0.029659 -1.286628 -0.228123
v 0.057743 -1.289933 -0.241479
v 0.053320 -1.288498 -0.237055
v 0.046430 -1.287359 -0.230166
v 0.037749 -1.286628 -0.221484
v 0.067899 -1.289933 -0.229104
v 0.062697 -1.288498 -0.225628
v 0.054596 -1.287359 -0.220215
v 0.044389 -1.286628 -0.213394
v 0.075445 -1.289933 -0.214985
v 0.069666 -1.288498 -0.212592
v 0.060664 -1.287359 -0.208863
v 0.049322 -1.286628 -0.204165
v 0.080092 -1.289933 -0.199666
v 0.073957 -1.288498 -0.198446
v 0.064401 -1.287359 -0.196545
v 0.052360 -1.286628 -0.194150
v 0.081661 -1.289933 -0.183735
v 0.075406 -1.288498 -0.183735
v 0.065662 -1.287359 -0.183735
v 0.053385 -1.286628 -0.183735
v 0.080092 -1.289933 -0.167804
v 0.073957 -1.288498 -0.169024
v 0.064401 -1.287359 -0.170925
v 0.052360 -1.286628 -0.173320
v 0.075445 -1.289933 -0.152485
v 0.069666 -1.288498 -0.154879
v 0.060664 -1.287359 -0.158607
v 0.049322 -1.286628 -0.163305
v 0.067899 -1.289933 -0.138367
v 0.062697 -1.288498 -0.141842
v 0.054596 -1.287359 -0.147255
v 0.044389 -1.286628 -0.154076
v 0.057743 -1.289933 -0.125992
v 0.053320 -1.288498 -0.130415
v 0.046430 -1.287359 -0.137305
v 0.037749 -1.286628 -0.145986
v 0.045368 -1.289933 -0.115836
v 0.041893 -1.288498 -0.121037
v 0.036480 -1.287359 -0.129139
v 0.029659 -1.286628 -0.139347
v 0.031251 -1.289933 -0.108290
v 0.028857 -1.288498 -0.114069
v 0.025128 -1.287359 -0.123071
v 0.020430 -1.286628 -0.134413
v 0.015931 -1.289933 -0.103643
v 0.014711 -1.288498 -0.109778
v 0.012810 -1.287359 -0.119334
v 0.010415 -1.286628 -0.131375
v 0.000000 -1.289933 -0.102074
v 0.000000 -1.288498 -0.108330
v 0.000000 -1.287359 -0.118073
v 0.000000 -1.286628 -0.130350
v -0.015931 -1.289933 -0.103643
v -0.014711 -1.288498 -0.109778
v -0.012810 -1.287359 -0.119334
v -0.010415 -1.286628 -0.131375
v -0.031251 -1.289933 -0.108290
v -0.028857 -1.288498 -0.114070
v -0.025128 -1.287359 -0.123071
v -0.020430 -1.286628 -0.134413
v -0.045369 -1.289933 -0.115836
v -0.041893 -1.288498 -0.121037
v -0.036480 -1.287359 -0.129139
v -0.029659 -1.286628 -0.139347
v -0.057743 -1.289933 -0.125992
v -0.053320 -1.288498 -0.130415
v -0.046430 -1.287359 -0.137305
v -0.037749 -1.286628 -0.145986
v -0.067899 -1.289933 -0.138367
v -0.062697 -1.288498 -0.141842
v -0.054596 -1.287359 -0.147255
v -0.044389 -1.286628 -0.154076
v -0.075445 -1.289933 -0.152485
v -0.069666 -1.288498 -0.154879
v -0.060664 -1.287359 -0.158607
v -0.049322 -1.286628 -0.163305
v -0.080092 -1.289933 -0.167804
v -0.073957 -1.288498 -0.169024
v -0.064401 -1.287359 -0.170925
v -0.052360 -1.286628 -0.173320
v -0.081661 -1.289933 -0.183735
v -0.075406 -1.288498 -0.183735
v -0.065662 -1.287359 -0.183735
v -0.053385 -1.286628 -0.183735
v -0.080092 -1.289933 -0.199666
v -0.073957 -1.288498 -0.198446
v -0.064401 -1.287359 -0.196545
v -0.052360 -1.286628 -0.194150
v -0.075445 -1.289933 -0.214985
v -0.069666 -1.288498 -0.212592
v -0.060664 -1.287359 -0.208863
v -0.049322 -1.286628 -0.204165
v -0.067899 -1.289933 -0.229104
v -0.062697 -1.288498 -0.225628
v -0.054596 -1.287359 -0.220215
v -0.044388 -1.286628 -0.213394
v -0.057743 -1.289933 -0.241479
v -0.053320 -1.288498 -0.237055
v -0.046430 -1.287359 -0.230166
v -0.037749 -1.286628 -0.221484
v -0.045369 -1.289933 -0.251634
v -0.041893 -1.288498 -0.246433
v -0.036480 -1.287359 -0.238332
v -0.029659 -1.286628 -0.228123
v -0.031251 -1.289933 -0.259180
v -0.028857 -1.288498 -0.253401
v -0.025128 -1.287359 -0.244400
v -0.020430 -1.286628 -0.233057
v -0.015931 -1.289933 -0.263827
v -0.014711 -1.288498 -0.257692
v -0.012810 -1.287359 -0.248136
v -0.010415 -1.286628 -0.236095
v 0.000000 -1.330593 -0.281418
v 0.019057 -1.330593 -0.279541
v 0.000000 -1.330306 -0.280166
v 0.018813 -1.330306 -0.278313
v 0.000000 -1.330078 -0.278216
v 0.018432 -1.330078 -0.276401
v 0.000000 -1.329931 -0.275759
v 0.017953 -1.329931 -0.273991
v 0.037381 -1.330593 -0.273982
v 0.036903 -1.330306 -0.272825
v 0.036156 -1.330078 -0.271024
v 0.035216 -1.329931 -0.268754
v 0.054269 -1.330593 -0.264955
v 0.053574 -1.330306 -0.263914
v 0.052491 -1.330078 -0.262293
v 0.051126 -1.329931 -0.260250
v 0.069072 -1.330593 -0.252807
v 0.068187 -1.330306 -0.251922
v 0.066808 -1.330078 -0.250543
v 0.065071 -1.329931 -0.248806
v 0.081220 -1.330593 -0.238005
v 0.080179 -1.330306 -0.237309
v 0.078558 -1.330078 -0.236226
v 0.076515 -1.329931 -0.234861
v 0.090247 -1.330593 -0.221117
v 0.089090 -1.330306 -0.220637
v 0.087289 -1.330078 -0.219891
v 0.085019 -1.329931 -0.218951
v 0.095806 -1.330593 -0.202792
v 0.094578 -1.330306 -0.202548
v 0.092666 -1.330078 -0.202168
v 0.090256 -1.329931 -0.201688
v 0.097682 -1.330593 -0.183735
v 0.096431 -1.330306 -0.183735
v 0.094481 -1.330078 -0.183735
v 0.092024 -1.329931 -0.183735
v 0.095806 -1.330593 -0.164678
v 0.094578 -1.330306 -0.164922
v 0.092666 -1.330078 -0.165303
v 0.090256 -1.329931 -0.165782
v 0.090247 -1.330593 -0.146354
v 0.089090 -1.330306 -0.146833
v 0.087289 -1.330078 -0.147579
v 0.085019 -1.329931 -0.148519
v 0.081220 -1.330593 -0.129466
v 0.080179 -1.330306 -0.130161
v 0.078558 -1.330078 -0.131244
v 0.076515 -1.329931 -0.132610
v 0.069072 -1.330593 -0.114663
v 0.068187 -1.330306 -0.115548
v 0.066808 -1.330078 -0.116927
v 0.065071 -1.329931 -0.118664
v 0.054269 -1.330593 -0.102515
v 0.053574 -1.330306 -0.103556
v 0.052491 -1.330078 -0.105177
v 0.051126 -1.329931 -0.107220
v 0.037381 -1.330593 -0.093488
v 0.036903 -1.330306 -0.094645
v 0.036156 -1.330078 -0.096446
v 0.035216 -1.329931 -0.098716
v 0.019057 -1.330593 -0.087930
v 0.018813 -1.330306 -0.089157
v 0.018432 -1.330078 -0.091070
v 0.017953 -1.329931 -0.093479
v 0.000000 -1.330593 -0.086053
v 0.000000 -1.330306 -0.087305
v 0.000000 -1.330078 -0.089254
v 0.000000 -1.329931 -0.091711
v -0.019057 -1.330593 -0.087930
v -0.018813 -1.330306 -0.089157
v -0.018432 -1.330078 -0.091070
v -0.017953 -1.329931 -0.093479
v -0.037381 -1.330593 -0.093488
v -0.036903 -1.330306 -0.094645
v -0.036156 -1.330078 -0.096446
v -0.035216 -1.329931 -0.098716
v -0.054269 -1.330593 -0.102515
v -0.053574 -1.330306 -0.103556
v -0.052491 -1.330078 -0.105177
v -0.051126 -1.329931 -0.107220
v -0.069072 -1.330593 -0.114663
v -0.068187 -1.330306 -0.115548
v -0.066808 -1.330078 -0.116927
v -0.065071 -1.329931 -0.118664
v -0.081220 -1.330593 -0.129466
v -0.080179 -1.330306 -0.130161
v -0.078558 -1.330078 -0.131244
v -0.076515 -1.329931 -0.132610
v -0.090247 -1.330593 -0.146354
v -0.089090 -1.330306 -0.146833
v -0.087289 -1.330078 -0.147579
v -0.085019 -1.329931 -0.148519
v -0.095806 -1.330593 -0.164678
v -0.094578 -1.330306 -0.164922
v -0.092666 -1.330078 -0.165303
v -0.090256 -1.329931 -0.165782
v -0.097682 -1.330593 -0.183735
v -0.096431 -1.330306 -0.183735
v -0.094481 -1.330078 -0.183735
v -0.092024 -1.329931 -0.183735
v -0.095806 -1.330593 -0.202792
v -0.094578 -1.330306 -0.202548
v -0.092666 -1.330078 -0.202168
v -0.090256 -1.329931 -0.201688
v -0.090247 -1.330593 -0.221117
v -0.089090 -1.330306 -0.220637
v -0.087289 -1.330078 -0.219891
v -0.085019 -1.329931 -0.218951
v -0.081220 -1.330593 -0.238005
v -0.080179 -1.330306 -0.237309
v -0.078558 -1.330078 -0.236226
v -0.076515 -1.329931 -0.234861
v -0.069072 -1.330593 -0.252807
v -0.068187 -1.330306 -0.251922
v -0.066808 -1.330078 -0.250543
v -0.065071 -1.329931 -0.248806
v -0.054269 -1.330593 -0.264955
v -0.053574 -1.330306 -0.263914
v -0.052491 -1.330078 -0.262293
v -0.051126 -1.329931 -0.260250
v -0.037381 -1.330593 -0.273982
v -0.036903 -1.330306 -0.272825
v -0.036156 -1.330078 -0.271024
v -0.035216 -1.329931 -0.268754
v -0.019057 -1.330593 -0.279541
v -0.018813 -1.330306 -0.278313
v -0.018432 -1.330078 -0.276401
v -0.017953 -1.329931 -0.273991
v 0.030645 -1.220933 -0.166299
v 0.030645 -1.232082 -0.187900
v 0.027025 -1.230422 -0.184683
v 0.027025 -1.222593 -0.169516
v 0.032300 -1.275794 -0.135349
v 0.032300 -1.289850 -0.162581
v 0.032300 -1.303905 -0.189813
v 0.032300 -1.249441 -0.217924
v 0.032300 -1.235386 -0.190692
v 0.032300 -1.221330 -0.163460
v -0.028305 -1.219860 -0.164219
v 0.028305 -1.219860 -0.164219
v 0.024685 -1.221520 -0.167436
v -0.024685 -1.221520 -0.167436
v 0.028305 -1.247970 -0.218683
v -0.028305 -1.247970 -0.218683
v -0.024685 -1.246310 -0.215466
v 0.024685 -1.246310 -0.215466
v -0.030645 -1.291320 -0.161822
v -0.030645 -1.305376 -0.189054
v 0.030645 -1.305376 -0.189054
v 0.030645 -1.291320 -0.161822
v 0.028305 -1.233156 -0.189980
v -0.028305 -1.233156 -0.189980
v -0.024685 -1.231495 -0.186763
v 0.024685 -1.231495 -0.186763
v -0.030645 -1.277265 -0.134590
v 0.030645 -1.277265 -0.134590
v 0.030645 -1.304664 -0.191283
v -0.030645 -1.304664 -0.191283
v -0.030645 -1.250200 -0.219394
v 0.030645 -1.250200 -0.219394
v 0.030645 -1.235747 -0.195002
v 0.030645 -1.246897 -0.216603
v 0.027025 -1.245237 -0.213386
v 0.027025 -1.237408 -0.198218
v -0.028305 -1.234674 -0.192921
v 0.028305 -1.234674 -0.192921
v 0.024685 -1.236334 -0.196139
v -0.024685 -1.236334 -0.196139
v -0.030645 -1.275035 -0.133878
v 0.030645 -1.275035 -0.133878
v 0.030645 -1.220571 -0.161989
v -0.030645 -1.220571 -0.161989
v -0.030645 -1.246897 -0.216603
v -0.030645 -1.235747 -0.195002
v -0.027025 -1.237408 -0.198218
v -0.027025 -1.245237 -0.213386
v 0.025370 -0.798732 -0.423864
v 0.025370 -0.807189 -0.440250
v -0.025370 -0.807189 -0.440250
v -0.025370 -0.798732 -0.423864
v 0.025370 -0.783917 -0.395161
v 0.025370 -0.792375 -0.411547
v -0.025370 -0.792375 -0.411547
v -0.025370 -0.783917 -0.395161
v -0.030645 -1.232082 -0.187900
v -0.030645 -1.220933 -0.166299
v -0.027025 -1.222593 -0.169516
v -0.027025 -1.230422 -0.184683
v -0.032300 -1.221330 -0.163460
v -0.032300 -1.249441 -0.217924
v -0.032300 -1.275794 -0.135349
v -0.032300 -1.303905 -0.189813
v -0.032300 -1.235386 -0.190692
v 0.025370 -1.235623 -0.198368
v 0.025370 -1.244080 -0.214754
v -0.025370 -1.244080 -0.214754
v -0.025370 -1.235623 -0.198368
v 0.025370 -1.220809 -0.169666
v 0.025370 -1.229266 -0.186051
v -0.025370 -1.229266 -0.186051
v -0.025370 -1.220809 -0.169666
v -0.032300 -1.289850 -0.162581
v -0.025370 -0.756901 -0.400971
v -0.025370 -0.746096 -0.415914
v -0.028031 -0.742889 -0.416879
v -0.028031 -0.755469 -0.400372
v -0.025370 -0.765022 -0.389739
v 0.025370 -0.765022 -0.389739
v 0.028031 -0.764005 -0.388567
v -0.028031 -0.764005 -0.388567
v -0.025370 -0.775827 -0.374797
v -0.028031 -0.775739 -0.371448
v 0.025370 -0.756901 -0.400971
v 0.028031 -0.755469 -0.400372
v 0.025370 -0.746096 -0.415914
v 0.028031 -0.742889 -0.416879
v 0.025370 -0.775827 -0.374797
v 0.028031 -0.775739 -0.371448
v -0.033627 -0.760837 -0.388827
v 0.029217 -0.760837 -0.388827
v 0.034434 -0.757781 -0.393055
v 0.029217 -0.754724 -0.397282
v -0.033627 -0.754724 -0.397282
v -0.033627 -0.738077 -0.420304
v 0.029217 -0.738077 -0.420304
v 0.031316 -0.736847 -0.422005
v -0.035726 -0.736847 -0.422005
v -0.035726 -0.778714 -0.364105
v 0.031316 -0.778714 -0.364105
v 0.029217 -0.777484 -0.365806
v -0.033627 -0.777484 -0.365806
v -0.038843 -0.781240 -0.365932
v -0.038843 -0.739374 -0.423832
v -0.038843 -0.797274 -0.465699
v -0.038843 -0.839140 -0.407799
v -0.035726 -0.841667 -0.409625
v -0.035726 -0.799800 -0.467525
v 0.035726 -0.799800 -0.467525
v 0.035726 -0.841667 -0.409625
v 0.038843 -0.839140 -0.407799
v 0.038843 -0.797274 -0.465699
v 0.038843 -0.739374 -0.423832
v 0.038843 -0.760307 -0.394881
v 0.038843 -0.781240 -0.365932
v 0.035726 -0.753370 -0.399154
v 0.035726 -0.739431 -0.418432
v 0.033627 -0.740661 -0.416731
v 0.033627 -0.752141 -0.400855
v 0.035726 -0.795447 -0.468225
v -0.035726 -0.795447 -0.468225
v -0.035726 -0.737547 -0.426358
v 0.035726 -0.737547 -0.426358
v 0.035726 -0.776131 -0.367678
v 0.035726 -0.762191 -0.386956
v 0.033627 -0.763421 -0.385255
v 0.033627 -0.774901 -0.369378
v -0.035726 -0.840967 -0.405272
v -0.035726 -0.783067 -0.363405
v 0.035726 -0.840967 -0.405272
v 0.035726 -0.783067 -0.363405
v 0.039901 -0.105059 0.125678
v 0.039901 -0.070644 0.053678
v -0.039901 -0.070644 0.053678
v -0.039901 -0.105059 0.125678
v 0.043372 -0.180190 0.089766
v 0.043372 -0.145775 0.017766
v 0.043372 -0.073775 0.052181
v 0.043372 -0.108190 0.124181
v 0.039901 -0.144278 0.014635
v -0.039901 -0.144278 0.014635
v -0.039901 -0.072279 0.049050
v 0.039901 -0.072279 0.049050
v -0.043372 -0.108190 0.124181
v -0.043372 -0.073775 0.052181
v -0.043372 -0.145775 0.017766
v -0.043372 -0.180190 0.089766
v -0.039901 -0.183322 0.088269
v -0.039901 -0.148907 0.016269
v 0.039901 -0.148907 0.016269
v 0.039901 -0.183322 0.088269
v -0.039901 -0.109687 0.127312
v -0.039901 -0.181687 0.092898
v 0.039901 -0.109687 0.127312
v 0.039901 -0.181687 0.092898
vt 0.944558 0.898192
vt 0.944558 0.898153
vt 0.944563 0.898153
vt 0.944563 0.898192
vt 0.944315 0.898798
vt 0.944315 0.898798
vt 0.944315 0.898798
vt 0.944315 0.898798
vt 0.944315 0.898798
vt 0.944315 0.898798
vt 0.944315 0.898798
vt 0.944315 0.898798
vt 0.944315 0.898798
vt 0.944315 0.898798
vt 0.944315 0.898798
vt 0.944315 0.898798
vt 0.944315 0.898798
vt 0.944315 0.898798
vt 0.944315 0.898798
vt 0.944315 0.898798
vt 0.944315 0.898798
vt 0.944315 0.898798
vt 0.944315 0.898798
vt 0.944315 0.898798
vt 0.944315 0.898798
vt 0.944315 0.898798
vt 0.944315 0.898798
vt 0.944315 0.898798
vt 0.944315 0.898798
vt 0.944315 0.898798
vt 0.944315 0.898798
vt 0.944315 0.898798
vt 0.944315 0.898798
vt 0.944315 0.898798
vt 0.944315 0.898798
vt 0.944315 0.898798
vt 0.944315 0.898798
vt 0.944315 0.898798
vt 0.944315 0.898798
vt 0.944315 0.898798
vt 0.944315 0.898798
vt 0.944315 0.898798
vt 0.944315 0.898798
vt 0.944315 0.898798
vt 0.944315 0.898798
vt 0.944315 0.898798
vt 0.944315 0.898798
vt 0.944315 0.898798
vt 0.944315 0.898798
vt 0.944315 0.898798
vt 0.944315 0.898798
vt 0.944315 0.898798
vt 0.944315 0.898798
vt 0.944315 0.898798
vt 0.944315 0.898798
vt 0.944315 0.898798
vt 0.944315 0.898798
vt 0.944315 0.898798
vt 0.944315 0.898798
vt 0.944315 0.898798
vt 0.944315 0.898798
vt 0.944315 0.898798
vt 0.944315 0.898798
vt 0.944315 0.898798
vt 0.944315 0.898798
vt 0.944315 0.898798
vt 0.944315 0.898798
vt 0.944315 0.898798
vt 0.944315 0.898798
vt 0.944315 0.898798
vt 0.944315 0.898798
vt 0.944315 0.898798
vt 0.944315 0.898798
vt 0.944315 0.898798
vt 0.944315 0.898798
vt 0.944315 0.898798
vt 0.944315 0.898798
vt 0.944315 0.898798
vt 0.944315 0.898798
vt 0.944315 0.898798
vt 0.944315 0.898798
vt 0.944315 0.898798
vt 0.944315 0.898798
vt 0.944315 0.898798
vt 0.944315 0.898798
vt 0.944315 0.898798
vt 0.944315 0.898798
vt 0.944315 0.898798
vt 0.944315 0.898798
vt 0.944315 0.898798
vt 0.944315 0.898798
vt 0.944315 0.898798
vt 0.944315 0.898798
vt 0.944315 0.898798
vt 0.944315 0.898798
vt 0.944315 0.898798
vt 0.944315 0.898798
vt 0.944315 0.898798
vt 0.944315 0.898798
vt 0.944315 0.898798
vt 0.944315 0.898798
vt 0.944315 0.898798
vt 0.944315 0.898798
vt 0.944315 0.898798
vt 0.944315 0.898798
vt 0.944315 0.898798
vt 0.944315 0.898798
vt 0.944315 0.898798
vt 0.944315 0.898798
vt 0.944315 0.898798
vt 0.944315 0.898798
vt 0.944315 0.898798
vt 0.944315 0.898798
vt 0.944315 0.898798
vt 0.944315 0.898798
vt 0.944315 0.898798
vt 0.944315 0.898798
vt 0.944315 0.898798
vt 0.944315 0.898798
vt 0.944315 0.898798
vt 0.944039 0.898134
vt 0.944039 0.898166
vt 0.944035 0.898168
vt 0.944035 0.898135
vt 0.944315 0.898798
vt 0.944315 0.898798
vt 0.944315 0.898798
vt 0.944315 0.898798
vt 0.944315 0.898798
vt 0.944315 0.898798
vt 0.944315 0.898798
vt 0.944315 0.898798
vt 0.944134 0.898176
vt 0.944133 0.898181
vt 0.944131 0.898185
vt 0.944129 0.898190
vt 0.944126 0.898193
vt 0.944123 0.898196
vt 0.944119 0.898198
vt 0.944115 0.898199
vt 0.944111 0.898199
vt 0.944107 0.898198
vt 0.944103 0.898196
vt 0.944100 0.898194
vt 0.944097 0.898190
vt 0.944095 0.898187
vt 0.944093 0.898182
vt 0.944092 0.898177
vt 0.944092 0.898173
vt 0.944093 0.898168
vt 0.944095 0.898163
vt 0.944097 0.898159
vt 0.944100 0.898156
vt 0.944103 0.898153
vt 0.944107 0.898151
vt 0.944111 0.898150
vt 0.944115 0.898150
vt 0.944119 0.898151
vt 0.944123 0.898152
vt 0.944126 0.898155
vt 0.944129 0.898158
vt 0.944131 0.898162
vt 0.944133 0.898167
vt 0.944134 0.898171
vt 0.944398 0.898203
vt 0.944402 0.898200
vt 0.944402 0.898229
vt 0.944398 0.898231
vt 0.944544 0.898195
vt 0.944544 0.898157
vt 0.944548 0.898155
vt 0.944548 0.898194
vt 0.944341 0.898263
vt 0.944341 0.898218
vt 0.944346 0.898219
vt 0.944346 0.898263
vt 0.944058 0.898133
vt 0.944058 0.898164
vt 0.944054 0.898164
vt 0.944054 0.898133
vt 0.944593 0.898142
vt 0.944593 0.898184
vt 0.944588 0.898186
vt 0.944588 0.898142
vt 0.944572 0.898194
vt 0.944572 0.898155
vt 0.944576 0.898157
vt 0.944576 0.898196
vt 0.944364 0.898262
vt 0.944364 0.898223
vt 0.944367 0.898224
vt 0.944368 0.898262
vt 0.944610 0.898142
vt 0.944610 0.898180
vt 0.944606 0.898181
vt 0.944607 0.898142
vt 0.944553 0.898154
vt 0.944553 0.898193
vt 0.944350 0.898220
vt 0.944351 0.898263
vt 0.944049 0.898164
vt 0.944049 0.898133
vt 0.944584 0.898187
vt 0.944584 0.898142
vt 0.944330 0.898263
vt 0.944330 0.898216
vt 0.944333 0.898216
vt 0.944333 0.898263
vt 0.944370 0.898225
vt 0.944371 0.898262
vt 0.944602 0.898182
vt 0.944602 0.898142
vt 0.944355 0.898221
vt 0.944356 0.898263
vt 0.944044 0.898164
vt 0.944044 0.898133
vt 0.944580 0.898188
vt 0.944579 0.898142
vt 0.944337 0.898217
vt 0.944337 0.898263
vt 0.944067 0.898136
vt 0.944067 0.898168
vt 0.944063 0.898166
vt 0.944063 0.898134
vt 0.944598 0.898183
vt 0.944598 0.898142
vt 0.944425 0.898256
vt 0.944420 0.898256
vt 0.944420 0.898239
vt 0.944425 0.898238
vt 0.944359 0.898223
vt 0.944360 0.898263
vt 0.944576 0.898189
vt 0.944576 0.898142
vt 0.944567 0.898154
vt 0.944567 0.898193
vt 0.943922 0.898473
vt 0.943925 0.898473
vt 0.943951 0.898522
vt 0.943949 0.898523
vt 0.944485 0.898249
vt 0.944480 0.898248
vt 0.944480 0.898203
vt 0.944485 0.898203
vt 0.944371 0.898200
vt 0.944375 0.898203
vt 0.944375 0.898230
vt 0.944371 0.898228
vt 0.944394 0.898204
vt 0.944394 0.898232
vt 0.944490 0.898249
vt 0.944490 0.898203
vt 0.943961 0.898469
vt 0.943964 0.898468
vt 0.943983 0.898501
vt 0.943980 0.898502
vt 0.944389 0.898205
vt 0.944389 0.898232
vt 0.944495 0.898248
vt 0.944494 0.898203
vt 0.943957 0.898470
vt 0.943977 0.898504
vt 0.944499 0.898246
vt 0.944499 0.898202
vt 0.943953 0.898471
vt 0.943973 0.898507
vt 0.944379 0.898204
vt 0.944379 0.898231
vt 0.944503 0.898243
vt 0.944503 0.898201
vt 0.943948 0.898471
vt 0.943969 0.898510
vt 0.943815 0.898694
vt 0.943811 0.898694
vt 0.943838 0.898645
vt 0.943841 0.898647
vt 0.943943 0.898472
vt 0.943965 0.898512
vt 0.943820 0.898694
vt 0.943844 0.898649
vt 0.943938 0.898472
vt 0.943961 0.898515
vt 0.943825 0.898694
vt 0.943848 0.898652
vt 0.943933 0.898472
vt 0.943957 0.898517
vt 0.943830 0.898695
vt 0.943852 0.898654
vt 0.943929 0.898473
vt 0.943954 0.898520
vt 0.943835 0.898695
vt 0.943856 0.898657
vt 0.944441 0.898254
vt 0.944437 0.898256
vt 0.944437 0.898249
vt 0.944441 0.898248
vt 0.943839 0.898696
vt 0.943860 0.898660
vt 0.943844 0.898697
vt 0.943864 0.898662
vt 0.944476 0.898246
vt 0.944472 0.898244
vt 0.944472 0.898200
vt 0.944476 0.898201
vt 0.943847 0.898697
vt 0.943867 0.898664
vt 0.944384 0.898205
vt 0.944384 0.898232
vt 0.944249 0.898110
vt 0.944254 0.898110
vt 0.944254 0.898140
vt 0.944249 0.898140
vt 0.943822 0.898796
vt 0.943818 0.898794
vt 0.943818 0.898780
vt 0.943822 0.898780
vt 0.944445 0.898252
vt 0.944445 0.898247
vt 0.943826 0.898797
vt 0.943825 0.898780
vt 0.944450 0.898251
vt 0.944450 0.898246
vt 0.944416 0.898256
vt 0.944416 0.898239
vt 0.944406 0.898254
vt 0.944402 0.898252
vt 0.944402 0.898236
vt 0.944406 0.898237
vt 0.944454 0.898251
vt 0.944454 0.898246
vt 0.944433 0.898253
vt 0.944430 0.898255
vt 0.944430 0.898237
vt 0.944434 0.898236
vt 0.944411 0.898255
vt 0.944411 0.898238
vt 0.944459 0.898251
vt 0.944459 0.898246
vt 0.944437 0.898251
vt 0.944437 0.898235
vt 0.944464 0.898252
vt 0.944464 0.898247
vt 0.943935 0.898371
vt 0.943939 0.898369
vt 0.943939 0.898386
vt 0.943935 0.898387
vt 0.944468 0.898254
vt 0.944468 0.898248
vt 0.943931 0.898372
vt 0.943931 0.898387
vt 0.944472 0.898256
vt 0.944472 0.898249
vt 0.943927 0.898374
vt 0.943927 0.898387
vt 0.943797 0.898785
vt 0.943793 0.898784
vt 0.943793 0.898777
vt 0.943796 0.898777
vt 0.943922 0.898376
vt 0.943922 0.898388
vt 0.943801 0.898787
vt 0.943800 0.898778
vt 0.943918 0.898378
vt 0.943918 0.898388
vt 0.943805 0.898789
vt 0.943805 0.898778
vt 0.943914 0.898380
vt 0.943913 0.898389
vt 0.943809 0.898791
vt 0.943809 0.898779
vt 0.943910 0.898381
vt 0.943909 0.898389
vt 0.943814 0.898792
vt 0.943814 0.898779
vt 0.943906 0.898382
vt 0.943906 0.898389
vt 0.944236 0.898108
vt 0.944240 0.898109
vt 0.944240 0.898140
vt 0.944236 0.898139
vt 0.943849 0.898276
vt 0.943845 0.898278
vt 0.943846 0.898239
vt 0.943850 0.898239
vt 0.943827 0.898278
vt 0.943822 0.898276
vt 0.943823 0.898239
vt 0.943827 0.898239
vt 0.944244 0.898110
vt 0.944244 0.898140
vt 0.943853 0.898275
vt 0.943853 0.898238
vt 0.943831 0.898279
vt 0.943832 0.898240
vt 0.944490 0.898188
vt 0.944495 0.898188
vt 0.944014 0.898631
vt 0.944018 0.898630
vt 0.944011 0.898667
vt 0.944007 0.898667
vt 0.944010 0.898632
vt 0.944003 0.898667
vt 0.943841 0.898278
vt 0.943841 0.898240
vt 0.944232 0.898107
vt 0.944232 0.898138
vt 0.944005 0.898633
vt 0.943998 0.898667
vt 0.943873 0.898531
vt 0.943869 0.898531
vt 0.943863 0.898500
vt 0.943867 0.898500
vt 0.944000 0.898634
vt 0.943994 0.898667
vt 0.943878 0.898532
vt 0.943871 0.898500
vt 0.943995 0.898634
vt 0.943989 0.898667
vt 0.943882 0.898532
vt 0.943876 0.898500
vt 0.943991 0.898635
vt 0.943984 0.898667
vt 0.943887 0.898533
vt 0.943880 0.898500
vt 0.943986 0.898635
vt 0.943980 0.898666
vt 0.943892 0.898534
vt 0.943885 0.898500
vt 0.943983 0.898635
vt 0.943976 0.898666
vt 0.943897 0.898535
vt 0.943890 0.898499
vt 0.944263 0.898108
vt 0.944267 0.898107
vt 0.944267 0.898138
vt 0.944263 0.898139
vt 0.943901 0.898535
vt 0.943894 0.898499
vt 0.944259 0.898109
vt 0.944259 0.898140
vt 0.943905 0.898536
vt 0.943898 0.898499
vt 0.943836 0.898279
vt 0.943837 0.898240
vt 0.943818 0.898275
vt 0.943819 0.898238
vt 0.944315 0.898798
vt 0.944315 0.898798
vt 0.944315 0.898798
vt 0.944315 0.898798
vt 0.943999 0.898532
vt 0.943995 0.898533
vt 0.944389 0.898263
vt 0.944384 0.898263
vt 0.944499 0.898186
vt 0.943990 0.898533
vt 0.944503 0.898184
vt 0.943985 0.898534
vt 0.943849 0.898628
vt 0.943853 0.898629
vt 0.943980 0.898534
vt 0.943857 0.898630
vt 0.943975 0.898535
vt 0.943862 0.898631
vt 0.943970 0.898536
vt 0.943867 0.898632
vt 0.943966 0.898537
vt 0.943872 0.898633
vt 0.943962 0.898538
vt 0.943877 0.898633
vt 0.943960 0.898539
vt 0.943882 0.898634
vt 0.944472 0.898184
vt 0.944476 0.898186
vt 0.944379 0.898262
vt 0.943886 0.898634
vt 0.944480 0.898187
vt 0.944375 0.898260
vt 0.944402 0.898257
vt 0.944398 0.898260
vt 0.944485 0.898188
vt 0.944371 0.898257
vt 0.944393 0.898262
vt 0.944003 0.898532
vt 0.944315 0.898798
vt 0.944315 0.898798
vt 0.944315 0.898798
vt 0.944315 0.898798
vt 0.944315 0.898798
vt 0.944315 0.898798
vt 0.944315 0.898798
vt 0.944315 0.898798
vt 0.944315 0.898798
vt 0.944315 0.898798
vt 0.944315 0.898798
vt 0.944315 0.898798
vt 0.944315 0.898798
vt 0.944315 0.898798
vt 0.944315 0.898798
vt 0.944315 0.898798
vt 0.943869 0.898477
vt 0.943873 0.898475
vt 0.944315 0.898798
vt 0.944315 0.898798
vt 0.944315 0.898798
vt 0.944315 0.898798
vt 0.944315 0.898798
vt 0.944315 0.898798
vt 0.944315 0.898798
vt 0.944315 0.898798
vt 0.944315 0.898798
vt 0.944315 0.898798
vt 0.944315 0.898798
vt 0.944315 0.898798
vt 0.944315 0.898798
vt 0.944315 0.898798
vt 0.944315 0.898798
vt 0.944315 0.898798
vt 0.944315 0.898798
vt 0.944315 0.898798
vt 0.944315 0.898798
vt 0.944315 0.898798
vt 0.944315 0.898798
vt 0.944315 0.898798
vt 0.944315 0.898798
vt 0.944315 0.898798
vt 0.944315 0.898798
vt 0.944315 0.898798
vt 0.944315 0.898798
vt 0.944315 0.898798
vt 0.944315 0.898798
vt 0.944315 0.898798
vt 0.944315 0.898798
vt 0.944315 0.898798
vt 0.944315 0.898798
vt 0.944315 0.898798
vt 0.944315 0.898798
vt 0.944315 0.898798
vt 0.944315 0.898798
vt 0.944315 0.898798
vt 0.944315 0.898798
vt 0.944315 0.898798
vt 0.944315 0.898798
vt 0.944315 0.898798
vt 0.944315 0.898798
vt 0.944315 0.898798
vt 0.944315 0.898798
vt 0.944315 0.898798
vt 0.944315 0.898798
vt 0.944315 0.898798
vt 0.944315 0.898798
vt 0.944315 0.898798
vt 0.944315 0.898798
vt 0.944315 0.898798
vt 0.944315 0.898798
vt 0.944315 0.898798
vt 0.944315 0.898798
vt 0.944315 0.898798
vt 0.944315 0.898798
vt 0.944315 0.898798
vt 0.944315 0.898798
vt 0.944315 0.898798
vt 0.944315 0.898798
vt 0.944315 0.898798
vt 0.944315 0.898798
vt 0.944315 0.898798
vt 0.944421 0.898162
vt 0.944416 0.898163
vt 0.944415 0.898140
vt 0.944420 0.898140
vt 0.944315 0.898798
vt 0.944315 0.898798
vt 0.944315 0.898798
vt 0.944315 0.898798
vt 0.944315 0.898798
vt 0.944315 0.898798
vt 0.944315 0.898798
vt 0.944315 0.898798
vt 0.944315 0.898798
vt 0.944315 0.898798
vt 0.944315 0.898798
vt 0.944315 0.898798
vt 0.944315 0.898798
vt 0.944315 0.898798
vt 0.944315 0.898798
vt 0.944315 0.898798
vt 0.944315 0.898798
vt 0.944315 0.898798
vt 0.944315 0.898798
vt 0.944315 0.898798
vt 0.944315 0.898798
vt 0.944315 0.898798
vt 0.944315 0.898798
vt 0.944315 0.898798
vt 0.944315 0.898798
vt 0.944315 0.898798
vt 0.944315 0.898798
vt 0.944315 0.898798
vt 0.944315 0.898798
vt 0.944315 0.898798
vt 0.944315 0.898798
vt 0.944315 0.898798
vt 0.944315 0.898798
vt 0.944315 0.898798
vt 0.944315 0.898798
vt 0.944315 0.898798
vt 0.943853 0.898408
vt 0.943849 0.898409
vt 0.943828 0.898388
vt 0.943830 0.898385
vt 0.943978 0.898688
vt 0.943974 0.898686
vt 0.943878 0.898473
vt 0.943971 0.898685
vt 0.943882 0.898471
vt 0.944267 0.898157
vt 0.944263 0.898157
vt 0.943886 0.898469
vt 0.944259 0.898157
vt 0.943837 0.898204
vt 0.943842 0.898204
vt 0.943889 0.898467
vt 0.944254 0.898157
vt 0.943846 0.898204
vt 0.943819 0.898205
vt 0.943823 0.898205
vt 0.944249 0.898157
vt 0.943850 0.898205
vt 0.943827 0.898205
vt 0.944244 0.898157
vt 0.943854 0.898205
vt 0.943832 0.898204
vt 0.944240 0.898157
vt 0.944002 0.898699
vt 0.943999 0.898698
vt 0.944236 0.898157
vt 0.943995 0.898696
vt 0.944232 0.898157
vt 0.943991 0.898694
vt 0.943858 0.898482
vt 0.943861 0.898480
vt 0.943986 0.898692
vt 0.943865 0.898478
vt 0.943982 0.898690
vt 0.944259 0.898226
vt 0.944263 0.898226
vt 0.944263 0.898240
vt 0.944259 0.898239
vt 0.943836 0.898136
vt 0.943831 0.898136
vt 0.943829 0.898101
vt 0.943834 0.898101
vt 0.943856 0.898406
vt 0.943832 0.898382
vt 0.944254 0.898226
vt 0.944254 0.898238
vt 0.943845 0.898136
vt 0.943841 0.898136
vt 0.943839 0.898101
vt 0.943844 0.898102
vt 0.943822 0.898136
vt 0.943818 0.898136
vt 0.943816 0.898105
vt 0.943820 0.898103
vt 0.944249 0.898226
vt 0.944249 0.898238
vt 0.943849 0.898136
vt 0.943848 0.898103
vt 0.943826 0.898136
vt 0.943825 0.898102
vt 0.944244 0.898226
vt 0.944244 0.898238
vt 0.943852 0.898136
vt 0.943851 0.898104
vt 0.944240 0.898226
vt 0.944240 0.898239
vt 0.943966 0.898759
vt 0.943969 0.898760
vt 0.943946 0.898784
vt 0.943944 0.898781
vt 0.944315 0.898798
vt 0.944315 0.898798
vt 0.944315 0.898798
vt 0.944315 0.898798
vt 0.944236 0.898226
vt 0.944235 0.898240
vt 0.943962 0.898757
vt 0.943941 0.898778
vt 0.944232 0.898226
vt 0.944232 0.898241
vt 0.943958 0.898755
vt 0.943938 0.898774
vt 0.943829 0.898419
vt 0.943826 0.898420
vt 0.943813 0.898409
vt 0.943815 0.898406
vt 0.943954 0.898753
vt 0.943936 0.898771
vt 0.943832 0.898417
vt 0.943818 0.898403
vt 0.943949 0.898751
vt 0.943933 0.898767
vt 0.943836 0.898415
vt 0.943820 0.898400
vt 0.943945 0.898750
vt 0.943931 0.898763
vt 0.943841 0.898413
vt 0.943823 0.898396
vt 0.943942 0.898748
vt 0.943929 0.898760
vt 0.943845 0.898411
vt 0.943825 0.898392
vt 0.943939 0.898746
vt 0.943927 0.898757
vt 0.944267 0.898226
vt 0.944267 0.898241
vt 0.944512 0.898202
vt 0.944508 0.898202
vt 0.944503 0.898179
vt 0.944507 0.898178
vt 0.944468 0.898156
vt 0.944463 0.898156
vt 0.944463 0.898133
vt 0.944468 0.898134
vt 0.944055 0.898241
vt 0.944059 0.898242
vt 0.944054 0.898266
vt 0.944050 0.898265
vt 0.944067 0.898173
vt 0.944067 0.898170
vt 0.944070 0.898170
vt 0.944069 0.898173
vt 0.944051 0.898240
vt 0.944046 0.898264
vt 0.944434 0.898160
vt 0.944430 0.898161
vt 0.944429 0.898139
vt 0.944433 0.898138
vt 0.944472 0.898135
vt 0.944046 0.898239
vt 0.944041 0.898263
vt 0.944516 0.898201
vt 0.944511 0.898177
vt 0.944041 0.898238
vt 0.944036 0.898262
vt 0.944521 0.898200
vt 0.944516 0.898176
vt 0.944037 0.898237
vt 0.944032 0.898261
vt 0.944525 0.898199
vt 0.944520 0.898175
vt 0.944032 0.898236
vt 0.944027 0.898260
vt 0.944530 0.898198
vt 0.944525 0.898174
vt 0.944029 0.898235
vt 0.944024 0.898259
vt 0.944535 0.898197
vt 0.944530 0.898173
vt 0.944441 0.898157
vt 0.944437 0.898159
vt 0.944437 0.898136
vt 0.944441 0.898135
vt 0.944539 0.898196
vt 0.944534 0.898172
vt 0.944444 0.898156
vt 0.944444 0.898134
vt 0.944542 0.898195
vt 0.944537 0.898171
vt 0.944449 0.898156
vt 0.944449 0.898133
vt 0.944406 0.898162
vt 0.944402 0.898161
vt 0.944402 0.898139
vt 0.944406 0.898139
vt 0.944454 0.898155
vt 0.944454 0.898133
vt 0.944535 0.898148
vt 0.944530 0.898147
vt 0.944530 0.898131
vt 0.944535 0.898132
vt 0.944411 0.898162
vt 0.944411 0.898140
vt 0.944459 0.898155
vt 0.944459 0.898133
vt 0.944437 0.898159
vt 0.944437 0.898136
vt 0.944063 0.898243
vt 0.944058 0.898266
vt 0.944327 0.898191
vt 0.944326 0.898186
vt 0.944326 0.898181
vt 0.944327 0.898177
vt 0.944328 0.898172
vt 0.944331 0.898168
vt 0.944334 0.898165
vt 0.944338 0.898162
vt 0.944342 0.898160
vt 0.944346 0.898160
vt 0.944351 0.898160
vt 0.944355 0.898161
vt 0.944359 0.898162
vt 0.944363 0.898165
vt 0.944366 0.898169
vt 0.944368 0.898173
vt 0.944370 0.898177
vt 0.944371 0.898182
vt 0.944371 0.898187
vt 0.944370 0.898192
vt 0.944368 0.898196
vt 0.944366 0.898200
vt 0.944363 0.898203
vt 0.944359 0.898206
vt 0.944355 0.898208
vt 0.944351 0.898209
vt 0.944346 0.898208
vt 0.944342 0.898207
vt 0.944338 0.898206
vt 0.944334 0.898203
vt 0.944331 0.898199
vt 0.944328 0.898195
vt 0.944048 0.898207
vt 0.944052 0.898205
vt 0.944055 0.898218
vt 0.944050 0.898217
vt 0.944067 0.898177
vt 0.944067 0.898177
vt 0.944043 0.898209
vt 0.944045 0.898216
vt 0.944515 0.898226
vt 0.944511 0.898225
vt 0.944511 0.898225
vt 0.944515 0.898224
vt 0.944039 0.898210
vt 0.944040 0.898215
vt 0.944519 0.898228
vt 0.944520 0.898223
vt 0.944035 0.898212
vt 0.944036 0.898214
vt 0.944523 0.898229
vt 0.944525 0.898222
vt 0.944031 0.898213
vt 0.944031 0.898213
vt 0.944527 0.898231
vt 0.944530 0.898221
vt 0.944329 0.898259
vt 0.944328 0.898263
vt 0.944329 0.898263
vt 0.944327 0.898259
vt 0.944531 0.898233
vt 0.944534 0.898220
vt 0.944316 0.898198
vt 0.944315 0.898194
vt 0.944316 0.898194
vt 0.944319 0.898198
vt 0.944535 0.898234
vt 0.944538 0.898219
vt 0.944317 0.898202
vt 0.944320 0.898202
vt 0.944525 0.898147
vt 0.944525 0.898131
vt 0.944538 0.898236
vt 0.944542 0.898218
vt 0.944317 0.898207
vt 0.944322 0.898207
vt 0.944539 0.898149
vt 0.944539 0.898133
vt 0.944516 0.898148
vt 0.944512 0.898149
vt 0.944512 0.898136
vt 0.944516 0.898133
vt 0.944317 0.898212
vt 0.944322 0.898211
vt 0.944543 0.898151
vt 0.944543 0.898136
vt 0.944521 0.898147
vt 0.944521 0.898132
vt 0.944317 0.898216
vt 0.944321 0.898216
vt 0.944059 0.898202
vt 0.944061 0.898201
vt 0.944066 0.898220
vt 0.944063 0.898220
vt 0.944316 0.898221
vt 0.944320 0.898221
vt 0.944055 0.898204
vt 0.944059 0.898219
vt 0.944425 0.898162
vt 0.944425 0.898140
vt 0.944315 0.898225
vt 0.944317 0.898225
vt 0.943836 0.898362
vt 0.943831 0.898362
vt 0.943833 0.898339
vt 0.943838 0.898339
vt 0.943835 0.898309
vt 0.943840 0.898309
vt 0.943840 0.898361
vt 0.943842 0.898338
vt 0.943844 0.898308
vt 0.943844 0.898360
vt 0.943846 0.898337
vt 0.943848 0.898307
vt 0.944016 0.898562
vt 0.944012 0.898562
vt 0.944023 0.898597
vt 0.944019 0.898598
vt 0.944022 0.898630
vt 0.944008 0.898563
vt 0.944015 0.898599
vt 0.944004 0.898563
vt 0.944011 0.898599
vt 0.943999 0.898564
vt 0.944006 0.898600
vt 0.943994 0.898565
vt 0.944001 0.898601
vt 0.943989 0.898565
vt 0.943996 0.898602
vt 0.943985 0.898566
vt 0.943992 0.898602
vt 0.943980 0.898567
vt 0.943988 0.898603
vt 0.943977 0.898567
vt 0.943984 0.898603
vt 0.943974 0.898568
vt 0.944263 0.898048
vt 0.944266 0.898046
vt 0.944267 0.898077
vt 0.944263 0.898078
vt 0.944472 0.898160
vt 0.944476 0.898162
vt 0.944259 0.898050
vt 0.944259 0.898079
vt 0.944480 0.898163
vt 0.944254 0.898050
vt 0.944254 0.898080
vt 0.944485 0.898164
vt 0.944249 0.898051
vt 0.944249 0.898080
vt 0.944490 0.898164
vt 0.944244 0.898050
vt 0.944244 0.898080
vt 0.944494 0.898163
vt 0.944240 0.898050
vt 0.944240 0.898079
vt 0.944499 0.898162
vt 0.944235 0.898048
vt 0.944235 0.898078
vt 0.944503 0.898160
vt 0.944232 0.898046
vt 0.944232 0.898077
vt 0.943863 0.898599
vt 0.943867 0.898600
vt 0.943871 0.898563
vt 0.943874 0.898564
vt 0.943871 0.898600
vt 0.943879 0.898564
vt 0.943876 0.898601
vt 0.943883 0.898565
vt 0.943881 0.898602
vt 0.943888 0.898566
vt 0.943886 0.898603
vt 0.943893 0.898566
vt 0.943891 0.898603
vt 0.943898 0.898567
vt 0.943895 0.898604
vt 0.943902 0.898568
vt 0.943899 0.898604
vt 0.943906 0.898569
vt 0.943889 0.898635
vt 0.943902 0.898605
vt 0.943819 0.898337
vt 0.943815 0.898336
vt 0.943817 0.898305
vt 0.943821 0.898307
vt 0.943821 0.898361
vt 0.943817 0.898360
vt 0.943824 0.898338
vt 0.943826 0.898308
vt 0.943826 0.898362
vt 0.943828 0.898339
vt 0.943830 0.898309
vt 0.943837 0.898182
vt 0.943842 0.898182
vt 0.943837 0.898157
vt 0.943841 0.898157
vt 0.943846 0.898182
vt 0.943846 0.898157
vt 0.943850 0.898183
vt 0.943850 0.898157
vt 0.943854 0.898183
vt 0.943853 0.898157
vt 0.943994 0.898720
vt 0.943991 0.898718
vt 0.943982 0.898742
vt 0.943979 0.898741
vt 0.943987 0.898716
vt 0.943975 0.898739
vt 0.943983 0.898715
vt 0.943971 0.898737
vt 0.943978 0.898713
vt 0.943966 0.898735
vt 0.943974 0.898711
vt 0.943962 0.898733
vt 0.943970 0.898709
vt 0.943958 0.898731
vt 0.943966 0.898707
vt 0.943954 0.898729
vt 0.943963 0.898705
vt 0.943951 0.898728
vt 0.944267 0.898179
vt 0.944263 0.898179
vt 0.944267 0.898205
vt 0.944263 0.898205
vt 0.944259 0.898179
vt 0.944259 0.898204
vt 0.944254 0.898179
vt 0.944254 0.898204
vt 0.944249 0.898179
vt 0.944249 0.898204
vt 0.944244 0.898179
vt 0.944244 0.898204
vt 0.944240 0.898179
vt 0.944240 0.898204
vt 0.944236 0.898179
vt 0.944236 0.898205
vt 0.944232 0.898179
vt 0.944232 0.898205
vt 0.943850 0.898461
vt 0.943853 0.898460
vt 0.943838 0.898439
vt 0.943841 0.898437
vt 0.943857 0.898458
vt 0.943845 0.898435
vt 0.943861 0.898456
vt 0.943849 0.898433
vt 0.943865 0.898454
vt 0.943853 0.898431
vt 0.943870 0.898452
vt 0.943858 0.898430
vt 0.943874 0.898450
vt 0.943862 0.898428
vt 0.943878 0.898448
vt 0.943866 0.898426
vt 0.943881 0.898447
vt 0.943869 0.898425
vt 0.943819 0.898183
vt 0.943823 0.898183
vt 0.943818 0.898158
vt 0.943823 0.898157
vt 0.943827 0.898183
vt 0.943827 0.898157
vt 0.943832 0.898182
vt 0.943832 0.898157
vt 0.944315 0.898798
vt 0.944315 0.898798
vt 0.944315 0.898798
vt 0.944315 0.898798
vt 0.944330 0.898263
vt 0.944330 0.898250
vt 0.944330 0.898242
vt 0.944330 0.898245
vt 0.944330 0.898237
vt 0.944330 0.898237
vt 0.944330 0.898237
vt 0.944315 0.898798
vt 0.944315 0.898798
vt 0.944315 0.898798
vt 0.944315 0.898798
vt 0.944315 0.898798
vt 0.944329 0.898249
vt 0.944329 0.898249
vt 0.944329 0.898256
vt 0.944329 0.898263
vt 0.944329 0.898249
vt 0.944329 0.898263
vt 0.944315 0.898798
vt 0.944315 0.898785
vt 0.944315 0.898778
vt 0.944315 0.898785
vt 0.944329 0.898263
vt 0.944329 0.898263
vt 0.944329 0.898256
vt 0.944329 0.898249
vt 0.944315 0.898798
vt 0.944315 0.898791
vt 0.944315 0.898784
vt 0.944315 0.898578
vt 0.944315 0.898565
vt 0.944315 0.898559
vt 0.944315 0.898565
vt 0.944315 0.898784
vt 0.944315 0.898791
vt 0.944315 0.898798
vt 0.943926 0.898804
vt 0.943936 0.898794
vt 0.943931 0.898799
vt 0.943926 0.898804
vt 0.944315 0.898798
vt 0.944315 0.898798
vt 0.944330 0.898263
vt 0.944330 0.898263
vt 0.944330 0.898256
vt 0.944330 0.898249
vt 0.943924 0.898801
vt 0.943934 0.898791
vt 0.943929 0.898796
vt 0.943924 0.898801
vt 0.944315 0.898244
vt 0.944315 0.898256
vt 0.944315 0.898256
vt 0.943921 0.898798
vt 0.943921 0.898798
vt 0.943926 0.898793
vt 0.943931 0.898788
vt 0.944330 0.898263
vt 0.944330 0.898249
vt 0.944330 0.898256
vt 0.944330 0.898263
vt 0.944315 0.898527
vt 0.944315 0.898514
vt 0.944315 0.898508
vt 0.944315 0.898514
vt 0.944330 0.898249
vt 0.944330 0.898249
vt 0.944330 0.898256
vt 0.944330 0.898263
vt 0.943919 0.898794
vt 0.943929 0.898784
vt 0.943924 0.898789
vt 0.943919 0.898794
vt 0.944315 0.898798
vt 0.944315 0.898798
vt 0.944315 0.898798
vt 0.944315 0.898798
vt 0.943916 0.898790
vt 0.943916 0.898790
vt 0.943921 0.898785
vt 0.943926 0.898780
vt 0.944315 0.898784
vt 0.944315 0.898791
vt 0.944315 0.898798
vt 0.944315 0.898375
vt 0.944315 0.898388
vt 0.944315 0.898395
vt 0.944315 0.898388
vt 0.943913 0.898786
vt 0.943913 0.898786
vt 0.943918 0.898781
vt 0.943923 0.898777
vt 0.944329 0.898249
vt 0.944329 0.898263
vt 0.944329 0.898256
vt 0.944329 0.898249
vt 0.944315 0.898798
vt 0.944315 0.898798
vt 0.944315 0.898798
vt 0.944315 0.898798
vt 0.944315 0.898798
vt 0.944315 0.898791
vt 0.944315 0.898784
vt 0.943910 0.898782
vt 0.943921 0.898773
vt 0.943916 0.898778
vt 0.943910 0.898782
vt 0.944315 0.898279
vt 0.944315 0.898292
vt 0.944315 0.898298
vt 0.944315 0.898292
vt 0.944315 0.898798
vt 0.944315 0.898798
vt 0.944315 0.898798
vt 0.943908 0.898779
vt 0.943918 0.898769
vt 0.943913 0.898774
vt 0.943908 0.898779
vt 0.944315 0.898779
vt 0.944315 0.898791
vt 0.943906 0.898776
vt 0.943906 0.898776
vt 0.943911 0.898771
vt 0.943916 0.898767
vt 0.944329 0.898263
vt 0.944329 0.898249
vt 0.944329 0.898256
vt 0.944329 0.898263
vt 0.944315 0.898798
vt 0.944315 0.898798
vt 0.944315 0.898798
vt 0.944315 0.898798
vt 0.944315 0.898798
vt 0.944315 0.898791
vt 0.944315 0.898784
vt 0.944315 0.898798
vt 0.944315 0.898798
vt 0.944315 0.898784
vt 0.944315 0.898791
vt 0.944315 0.898798
vt 0.944329 0.898263
vt 0.944329 0.898249
vt 0.944329 0.898256
vt 0.944329 0.898263
vt 0.944315 0.898798
vt 0.944315 0.898798
vt 0.944329 0.898263
vt 0.944329 0.898263
vt 0.944329 0.898256
vt 0.944329 0.898249
vt 0.944315 0.898798
vt 0.944315 0.898791
vt 0.944315 0.898784
vt 0.944254 0.898250
vt 0.944315 0.898784
vt 0.944315 0.898790
vt 0.944315 0.898798
vt 0.944249 0.898262
vt 0.944249 0.898255
vt 0.944249 0.898257
vt 0.944249 0.898262
vt 0.944249 0.898250
vt 0.944330 0.898249
vt 0.944330 0.898249
vt 0.944330 0.898256
vt 0.944330 0.898263
vt 0.944315 0.898784
vt 0.944315 0.898777
vt 0.944315 0.898770
vt 0.944244 0.898250
vt 0.944244 0.898256
vt 0.944244 0.898250
vt 0.944330 0.898249
vt 0.944330 0.898249
vt 0.944330 0.898256
vt 0.944330 0.898263
vt 0.944330 0.898263
vt 0.944330 0.898249
vt 0.944330 0.898263
vt 0.944240 0.898251
vt 0.944240 0.898257
vt 0.944240 0.898251
vt 0.944330 0.898263
vt 0.944330 0.898263
vt 0.944330 0.898256
vt 0.944330 0.898249
vt 0.944315 0.898770
vt 0.944315 0.898763
vt 0.944315 0.898756
vt 0.944315 0.898756
vt 0.944315 0.898756
vt 0.944329 0.898249
vt 0.944329 0.898249
vt 0.944329 0.898256
vt 0.944329 0.898263
vt 0.943793 0.898391
vt 0.943803 0.898400
vt 0.943798 0.898395
vt 0.943793 0.898391
vt 0.944232 0.898254
vt 0.944232 0.898260
vt 0.944232 0.898254
vt 0.943795 0.898387
vt 0.943795 0.898387
vt 0.943800 0.898392
vt 0.943805 0.898397
vt 0.944315 0.898742
vt 0.944315 0.898749
vt 0.944315 0.898756
vt 0.944315 0.898723
vt 0.944315 0.898736
vt 0.944330 0.898249
vt 0.944330 0.898249
vt 0.944330 0.898256
vt 0.944330 0.898263
vt 0.943797 0.898384
vt 0.943807 0.898394
vt 0.943802 0.898389
vt 0.943797 0.898384
vt 0.944315 0.898395
vt 0.944315 0.898407
vt 0.944315 0.898413
vt 0.944315 0.898407
vt 0.944330 0.898263
vt 0.944330 0.898263
vt 0.944330 0.898256
vt 0.944330 0.898249
vt 0.943800 0.898380
vt 0.943810 0.898390
vt 0.943805 0.898385
vt 0.943800 0.898380
vt 0.944315 0.898742
vt 0.944315 0.898742
vt 0.944315 0.898742
vt 0.944315 0.898742
vt 0.944330 0.898263
vt 0.944330 0.898263
vt 0.944330 0.898256
vt 0.944330 0.898249
vt 0.943803 0.898376
vt 0.943813 0.898386
vt 0.943808 0.898381
vt 0.943803 0.898376
vt 0.944315 0.898723
vt 0.944315 0.898736
vt 0.944315 0.898742
vt 0.944315 0.898736
vt 0.943806 0.898372
vt 0.943806 0.898372
vt 0.943811 0.898377
vt 0.943815 0.898382
vt 0.944329 0.898263
vt 0.944329 0.898249
vt 0.944329 0.898256
vt 0.944329 0.898263
vt 0.944315 0.898704
vt 0.944315 0.898716
vt 0.944315 0.898723
vt 0.944315 0.898716
vt 0.944329 0.898249
vt 0.944329 0.898249
vt 0.944329 0.898256
vt 0.944329 0.898263
vt 0.943808 0.898369
vt 0.943818 0.898378
vt 0.943813 0.898374
vt 0.943808 0.898369
vt 0.944315 0.898704
vt 0.944315 0.898691
vt 0.944315 0.898684
vt 0.944315 0.898691
vt 0.943811 0.898365
vt 0.943811 0.898365
vt 0.943816 0.898370
vt 0.943820 0.898375
vt 0.944315 0.898684
vt 0.944315 0.898670
vt 0.944315 0.898677
vt 0.944315 0.898684
vt 0.944315 0.898375
vt 0.944315 0.898362
vt 0.944315 0.898356
vt 0.944315 0.898362
vt 0.943813 0.898362
vt 0.943813 0.898362
vt 0.943818 0.898367
vt 0.943823 0.898372
vt 0.944315 0.898628
vt 0.944315 0.898642
vt 0.944315 0.898636
vt 0.944315 0.898628
vt 0.944315 0.898642
vt 0.944315 0.898642
vt 0.944315 0.898642
vt 0.944315 0.898642
vt 0.944315 0.898635
vt 0.944315 0.898628
vt 0.944315 0.898628
vt 0.944315 0.898614
vt 0.944315 0.898337
vt 0.944315 0.898350
vt 0.944315 0.898356
vt 0.944315 0.898350
vt 0.944330 0.898249
vt 0.944330 0.898249
vt 0.944330 0.898256
vt 0.944330 0.898263
vt 0.944315 0.898628
vt 0.944315 0.898614
vt 0.944315 0.898621
vt 0.944315 0.898628
vt 0.944315 0.898298
vt 0.944315 0.898311
vt 0.944315 0.898601
vt 0.944315 0.898601
vt 0.944315 0.898608
vt 0.944315 0.898614
vt 0.944315 0.898606
vt 0.944315 0.898592
vt 0.944315 0.898317
vt 0.944315 0.898330
vt 0.944315 0.898337
vt 0.944315 0.898330
vt 0.944329 0.898235
vt 0.944329 0.898235
vt 0.944329 0.898241
vt 0.944329 0.898243
vt 0.944329 0.898249
vt 0.944329 0.898263
vt 0.944329 0.898255
vt 0.944329 0.898263
vt 0.944329 0.898249
vt 0.944315 0.898559
vt 0.944315 0.898559
vt 0.944315 0.898559
vt 0.944315 0.898559
vt 0.944330 0.898249
vt 0.944330 0.898249
vt 0.944330 0.898256
vt 0.944330 0.898263
vt 0.944330 0.898249
vt 0.944330 0.898263
vt 0.944315 0.898599
vt 0.944315 0.898609
vt 0.944315 0.898614
vt 0.944315 0.898609
vt 0.944330 0.898249
vt 0.944330 0.898249
vt 0.944330 0.898256
vt 0.944330 0.898263
vt 0.944330 0.898263
vt 0.944330 0.898249
vt 0.944330 0.898263
vt 0.944315 0.898798
vt 0.944315 0.898798
vt 0.944315 0.898798
vt 0.944315 0.898798
vt 0.944055 0.898174
vt 0.944055 0.898174
vt 0.944057 0.898181
vt 0.944058 0.898187
vt 0.944329 0.898249
vt 0.944329 0.898263
vt 0.944329 0.898256
vt 0.944329 0.898249
vt 0.944315 0.898477
vt 0.944315 0.898487
vt 0.944315 0.898492
vt 0.944315 0.898487
vt 0.944053 0.898175
vt 0.944053 0.898175
vt 0.944054 0.898182
vt 0.944056 0.898189
vt 0.944315 0.898656
vt 0.944315 0.898670
vt 0.944315 0.898663
vt 0.944315 0.898656
vt 0.944315 0.898756
vt 0.944315 0.898756
vt 0.944315 0.898756
vt 0.944315 0.898756
vt 0.944049 0.898176
vt 0.944049 0.898176
vt 0.944051 0.898183
vt 0.944052 0.898190
vt 0.944315 0.898784
vt 0.944315 0.898798
vt 0.944315 0.898798
vt 0.944315 0.898798
vt 0.944315 0.898798
vt 0.944045 0.898178
vt 0.944045 0.898178
vt 0.944047 0.898185
vt 0.944048 0.898192
vt 0.944315 0.898784
vt 0.944315 0.898461
vt 0.944315 0.898450
vt 0.944315 0.898445
vt 0.944315 0.898450
vt 0.944329 0.898249
vt 0.944329 0.898249
vt 0.944329 0.898256
vt 0.944329 0.898263
vt 0.944041 0.898180
vt 0.944044 0.898193
vt 0.944043 0.898187
vt 0.944041 0.898180
vt 0.944315 0.898543
vt 0.944315 0.898554
vt 0.944315 0.898559
vt 0.944315 0.898554
vt 0.944037 0.898182
vt 0.944037 0.898182
vt 0.944038 0.898188
vt 0.944040 0.898195
vt 0.944315 0.898742
vt 0.944315 0.898749
vt 0.944315 0.898756
vt 0.944315 0.898756
vt 0.944315 0.898756
vt 0.944315 0.898756
vt 0.944315 0.898756
vt 0.944032 0.898183
vt 0.944032 0.898183
vt 0.944034 0.898190
vt 0.944036 0.898197
vt 0.944329 0.898249
vt 0.944329 0.898263
vt 0.944329 0.898256
vt 0.944329 0.898249
vt 0.944315 0.898543
vt 0.944315 0.898532
vt 0.944315 0.898527
vt 0.944315 0.898532
vt 0.944329 0.898263
vt 0.944329 0.898263
vt 0.944329 0.898256
vt 0.944329 0.898249
vt 0.944028 0.898185
vt 0.944031 0.898198
vt 0.944030 0.898192
vt 0.944028 0.898185
vt 0.944315 0.898598
vt 0.944315 0.898609
vt 0.944315 0.898614
vt 0.944315 0.898609
vt 0.944507 0.898144
vt 0.944507 0.898144
vt 0.944507 0.898151
vt 0.944507 0.898157
vt 0.944329 0.898249
vt 0.944329 0.898263
vt 0.944329 0.898256
vt 0.944329 0.898249
vt 0.944032 0.898174
vt 0.944032 0.898163
vt 0.944032 0.898157
vt 0.944032 0.898163
vt 0.944070 0.898185
vt 0.944070 0.898185
vt 0.944070 0.898192
vt 0.944070 0.898199
vt 0.944330 0.898249
vt 0.944330 0.898263
vt 0.944330 0.898256
vt 0.944330 0.898249
vt 0.944028 0.898172
vt 0.944028 0.898161
vt 0.944028 0.898156
vt 0.944028 0.898161
vt 0.944315 0.898592
vt 0.944315 0.898592
vt 0.944315 0.898585
vt 0.944315 0.898578
vt 0.944067 0.898185
vt 0.944067 0.898199
vt 0.944067 0.898192
vt 0.944067 0.898185
vt 0.944330 0.898263
vt 0.944330 0.898243
vt 0.944330 0.898241
vt 0.944330 0.898249
vt 0.944315 0.898592
vt 0.944315 0.898592
vt 0.944315 0.898598
vt 0.944315 0.898601
vt 0.944330 0.898235
vt 0.944330 0.898235
vt 0.944315 0.898606
vt 0.944315 0.898606
vt 0.944315 0.898606
vt 0.944315 0.898606
vt 0.944329 0.898249
vt 0.944329 0.898249
vt 0.944329 0.898256
vt 0.944329 0.898263
vt 0.944329 0.898263
vt 0.944329 0.898249
vt 0.944329 0.898263
vt 0.944319 0.898187
vt 0.944319 0.898189
vt 0.944319 0.898182
vt 0.944319 0.898194
vt 0.944319 0.898194
vt 0.944330 0.898263
vt 0.944330 0.898257
vt 0.944330 0.898263
vt 0.944315 0.898742
vt 0.944315 0.898742
vt 0.944315 0.898742
vt 0.944315 0.898742
vt 0.944329 0.898249
vt 0.944329 0.898249
vt 0.944329 0.898256
vt 0.944329 0.898263
vt 0.944330 0.898263
vt 0.944330 0.898249
vt 0.944330 0.898263
vt 0.944393 0.898163
vt 0.944393 0.898174
vt 0.944393 0.898180
vt 0.944393 0.898174
vt 0.944315 0.898656
vt 0.944315 0.898656
vt 0.944315 0.898649
vt 0.944315 0.898642
vt 0.944329 0.898263
vt 0.944329 0.898249
vt 0.944329 0.898256
vt 0.944329 0.898263
vt 0.944398 0.898162
vt 0.944398 0.898173
vt 0.944398 0.898178
vt 0.944398 0.898173
vt 0.944325 0.898225
vt 0.944325 0.898225
vt 0.944325 0.898217
vt 0.944325 0.898211
vt 0.944329 0.898249
vt 0.944329 0.898263
vt 0.944329 0.898256
vt 0.944401 0.898160
vt 0.944401 0.898171
vt 0.944401 0.898177
vt 0.944401 0.898171
vt 0.944330 0.898249
vt 0.944330 0.898249
vt 0.944330 0.898256
vt 0.944330 0.898263
vt 0.944328 0.898225
vt 0.944328 0.898211
vt 0.944328 0.898218
vt 0.944315 0.898279
vt 0.944315 0.898268
vt 0.944315 0.898263
vt 0.944315 0.898268
vt 0.944329 0.898249
vt 0.944329 0.898249
vt 0.944325 0.898225
vt 0.944325 0.898211
vt 0.944325 0.898218
vt 0.944315 0.898742
vt 0.944315 0.898742
vt 0.944315 0.898742
vt 0.944315 0.898742
vt 0.944330 0.898249
vt 0.944330 0.898249
vt 0.944330 0.898256
vt 0.944330 0.898263
vt 0.944507 0.898253
vt 0.944511 0.898240
vt 0.944509 0.898246
vt 0.944507 0.898253
vt 0.944315 0.898742
vt 0.944315 0.898742
vt 0.944315 0.898742
vt 0.944315 0.898742
vt 0.944330 0.898263
vt 0.944330 0.898263
vt 0.944330 0.898256
vt 0.944330 0.898249
vt 0.944512 0.898255
vt 0.944515 0.898241
vt 0.944513 0.898248
vt 0.944512 0.898255
vt 0.944315 0.898429
vt 0.944315 0.898419
vt 0.944315 0.898413
vt 0.944315 0.898419
vt 0.944329 0.898263
vt 0.944329 0.898263
vt 0.944329 0.898256
vt 0.944329 0.898249
vt 0.944516 0.898257
vt 0.944520 0.898243
vt 0.944518 0.898250
vt 0.944516 0.898257
vt 0.944315 0.898445
vt 0.944315 0.898435
vt 0.944315 0.898429
vt 0.944315 0.898435
vt 0.944521 0.898258
vt 0.944521 0.898258
vt 0.944522 0.898251
vt 0.944524 0.898245
vt 0.944329 0.898249
vt 0.944329 0.898263
vt 0.944329 0.898256
vt 0.944329 0.898249
vt 0.944315 0.898477
vt 0.944315 0.898466
vt 0.944315 0.898461
vt 0.944315 0.898466
vt 0.944315 0.898756
vt 0.944315 0.898749
vt 0.944315 0.898742
vt 0.944525 0.898260
vt 0.944528 0.898246
vt 0.944526 0.898253
vt 0.944525 0.898260
vt 0.944315 0.898756
vt 0.944315 0.898756
vt 0.944315 0.898756
vt 0.944315 0.898756
vt 0.944330 0.898249
vt 0.944330 0.898249
vt 0.944330 0.898256
vt 0.944330 0.898263
vt 0.944529 0.898261
vt 0.944532 0.898248
vt 0.944530 0.898255
vt 0.944529 0.898261
vt 0.944315 0.898784
vt 0.944315 0.898784
vt 0.944315 0.898784
vt 0.944315 0.898784
vt 0.944315 0.898798
vt 0.944532 0.898263
vt 0.944535 0.898249
vt 0.944534 0.898256
vt 0.944532 0.898263
vt 0.944315 0.898508
vt 0.944315 0.898497
vt 0.944315 0.898492
vt 0.944315 0.898497
vt 0.944330 0.898249
vt 0.944330 0.898249
vt 0.944330 0.898256
vt 0.944330 0.898263
vt 0.944330 0.898249
vt 0.944330 0.898263
vt 0.944315 0.898798
vt 0.944315 0.898787
vt 0.944315 0.898782
vt 0.944315 0.898787
vt 0.944330 0.898249
vt 0.944330 0.898249
vt 0.944330 0.898256
vt 0.944330 0.898263
vt 0.944329 0.898263
vt 0.944329 0.898249
vt 0.944329 0.898263
vt 0.944329 0.898235
vt 0.944329 0.898255
vt 0.944329 0.898257
vt 0.944329 0.898249
vt 0.944329 0.898263
vt 0.944329 0.898263
vt 0.944315 0.898798
vt 0.944315 0.898790
vt 0.944315 0.898784
vt 0.943833 0.898082
vt 0.943838 0.898088
vt 0.943833 0.898075
vt 0.943838 0.898075
vt 0.943838 0.898088
vt 0.943843 0.898089
vt 0.943838 0.898075
vt 0.943842 0.898076
vt 0.943843 0.898089
vt 0.943847 0.898090
vt 0.943842 0.898076
vt 0.943846 0.898077
vt 0.943847 0.898090
vt 0.943850 0.898092
vt 0.943846 0.898077
vt 0.943850 0.898079
vt 0.943934 0.898791
vt 0.943924 0.898801
vt 0.943931 0.898788
vt 0.943929 0.898784
vt 0.943921 0.898798
vt 0.943919 0.898794
vt 0.943926 0.898780
vt 0.943916 0.898790
vt 0.943923 0.898777
vt 0.943921 0.898773
vt 0.943913 0.898786
vt 0.943910 0.898782
vt 0.943918 0.898769
vt 0.943908 0.898779
vt 0.944266 0.898254
vt 0.944263 0.898252
vt 0.944263 0.898265
vt 0.944263 0.898252
vt 0.944259 0.898251
vt 0.944263 0.898265
vt 0.944259 0.898263
vt 0.944259 0.898251
vt 0.944254 0.898263
vt 0.944249 0.898262
vt 0.944244 0.898263
vt 0.944244 0.898263
vt 0.944240 0.898263
vt 0.944235 0.898252
vt 0.944240 0.898263
vt 0.944235 0.898265
vt 0.944235 0.898252
vt 0.944235 0.898265
vt 0.944232 0.898266
vt 0.943805 0.898397
vt 0.943807 0.898394
vt 0.943795 0.898387
vt 0.943797 0.898384
vt 0.943810 0.898390
vt 0.943800 0.898380
vt 0.943813 0.898386
vt 0.943803 0.898376
vt 0.943815 0.898382
vt 0.943818 0.898378
vt 0.943806 0.898372
vt 0.943808 0.898369
vt 0.943820 0.898375
vt 0.943811 0.898365
vt 0.943816 0.898092
vt 0.943820 0.898090
vt 0.943815 0.898079
vt 0.943819 0.898077
vt 0.943820 0.898090
vt 0.943824 0.898089
vt 0.943819 0.898077
vt 0.943824 0.898076
vt 0.943824 0.898089
vt 0.943829 0.898088
vt 0.943824 0.898076
vt 0.943828 0.898075
vt 0.943829 0.898088
vt 0.943834 0.898088
vt 0.943828 0.898075
vt 0.943833 0.898075
vt 0.944535 0.898169
vt 0.944530 0.898168
vt 0.944530 0.898162
vt 0.944535 0.898158
vt 0.944539 0.898170
vt 0.944535 0.898169
vt 0.944535 0.898158
vt 0.944539 0.898160
vt 0.944543 0.898171
vt 0.944539 0.898170
vt 0.944539 0.898160
vt 0.944543 0.898161
vt 0.944053 0.898175
vt 0.944056 0.898189
vt 0.944049 0.898176
vt 0.944052 0.898190
vt 0.944045 0.898178
vt 0.944048 0.898192
vt 0.944037 0.898182
vt 0.944041 0.898180
vt 0.944044 0.898193
vt 0.944040 0.898195
vt 0.944032 0.898183
vt 0.944036 0.898197
vt 0.944024 0.898186
vt 0.944028 0.898185
vt 0.944031 0.898198
vt 0.944027 0.898200
vt 0.944503 0.898144
vt 0.944503 0.898158
vt 0.944507 0.898171
vt 0.944503 0.898171
vt 0.944024 0.898149
vt 0.944028 0.898150
vt 0.944024 0.898160
vt 0.944024 0.898171
vt 0.944512 0.898171
vt 0.944507 0.898171
vt 0.944507 0.898164
vt 0.944512 0.898160
vt 0.944507 0.898148
vt 0.944512 0.898149
vt 0.944319 0.898194
vt 0.944315 0.898182
vt 0.944324 0.898193
vt 0.944393 0.898185
vt 0.944389 0.898186
vt 0.944389 0.898175
vt 0.944389 0.898164
vt 0.944398 0.898184
vt 0.944393 0.898185
vt 0.944322 0.898211
vt 0.944322 0.898197
vt 0.944325 0.898197
vt 0.944503 0.898252
vt 0.944507 0.898238
vt 0.944507 0.898253
vt 0.944511 0.898240
vt 0.944512 0.898255
vt 0.944515 0.898241
vt 0.944521 0.898258
vt 0.944516 0.898257
vt 0.944520 0.898243
vt 0.944524 0.898245
vt 0.944525 0.898260
vt 0.944528 0.898246
vt 0.944529 0.898261
vt 0.944532 0.898248
vt 0.944516 0.898169
vt 0.944512 0.898170
vt 0.944512 0.898160
vt 0.944516 0.898159
vt 0.944521 0.898168
vt 0.944516 0.898169
vt 0.944516 0.898159
vt 0.944521 0.898158
vt 0.944525 0.898168
vt 0.944521 0.898168
vt 0.944521 0.898158
vt 0.944525 0.898157
vt 0.944530 0.898168
vt 0.944525 0.898168
vt 0.944525 0.898162
vt 0.944530 0.898158
vt 0.944315 0.898798
vt 0.944315 0.898798
vt 0.944315 0.898798
vt 0.944315 0.898798
vt 0.944315 0.898798
vt 0.944315 0.898798
vt 0.944315 0.898798
vt 0.944315 0.898798
vt 0.944315 0.898798
vt 0.944315 0.898798
vt 0.944315 0.898798
vt 0.944315 0.898798
vt 0.944315 0.898798
vt 0.944315 0.898798
vt 0.944315 0.898798
vt 0.944315 0.898798
vt 0.944315 0.898798
vt 0.944315 0.898798
vt 0.944315 0.898798
vt 0.944315 0.898798
vt 0.944315 0.898798
vt 0.944315 0.898798
vt 0.944315 0.898798
vt 0.944315 0.898798
vt 0.944315 0.898798
vt 0.944315 0.898798
vt 0.944315 0.898798
vt 0.944315 0.898798
vt 0.944315 0.898798
vt 0.944315 0.898798
vt 0.944315 0.898798
vt 0.944315 0.898798
vt 0.944315 0.898798
vt 0.944315 0.898798
vt 0.944315 0.898798
vt 0.944315 0.898798
vt 0.944315 0.898798
vt 0.944315 0.898798
vt 0.944315 0.898798
vt 0.944315 0.898798
vt 0.944315 0.898798
vt 0.944315 0.898798
vt 0.944315 0.898798
vt 0.944315 0.898798
vt 0.944315 0.898798
vt 0.944425 0.898180
vt 0.944420 0.898181
vt 0.944421 0.898172
vt 0.944425 0.898172
vt 0.944429 0.898180
vt 0.944430 0.898171
vt 0.944433 0.898179
vt 0.944434 0.898170
vt 0.944067 0.898232
vt 0.944064 0.898231
vt 0.944066 0.898243
vt 0.944060 0.898231
vt 0.944056 0.898230
vt 0.944051 0.898229
vt 0.944047 0.898228
vt 0.944042 0.898227
vt 0.944037 0.898226
vt 0.944033 0.898225
vt 0.944028 0.898213
vt 0.944029 0.898224
vt 0.944024 0.898212
vt 0.944026 0.898223
vt 0.944026 0.898235
vt 0.944316 0.898171
vt 0.944317 0.898166
vt 0.944444 0.898166
vt 0.944440 0.898167
vt 0.944316 0.898161
vt 0.944449 0.898166
vt 0.944453 0.898174
vt 0.944448 0.898174
vt 0.944454 0.898165
vt 0.944458 0.898174
vt 0.944458 0.898165
vt 0.944463 0.898174
vt 0.944463 0.898166
vt 0.944467 0.898175
vt 0.944468 0.898166
vt 0.944471 0.898176
vt 0.944472 0.898167
vt 0.944513 0.898213
vt 0.944517 0.898212
vt 0.944521 0.898211
vt 0.944526 0.898210
vt 0.944531 0.898209
vt 0.944535 0.898208
vt 0.944540 0.898207
vt 0.944543 0.898207
vt 0.944406 0.898180
vt 0.944402 0.898179
vt 0.944402 0.898170
vt 0.944406 0.898171
vt 0.944411 0.898181
vt 0.944411 0.898172
vt 0.944415 0.898181
vt 0.944416 0.898172
vt 0.944421 0.898221
vt 0.944425 0.898221
vt 0.944421 0.898202
vt 0.944426 0.898201
vt 0.944422 0.898184
vt 0.944427 0.898184
vt 0.944430 0.898220
vt 0.944430 0.898201
vt 0.944431 0.898183
vt 0.944434 0.898219
vt 0.944434 0.898199
vt 0.944435 0.898181
vt 0.943942 0.898386
vt 0.943943 0.898405
vt 0.943940 0.898406
vt 0.943948 0.898428
vt 0.943945 0.898428
vt 0.943955 0.898450
vt 0.943952 0.898451
vt 0.943937 0.898406
vt 0.943941 0.898429
vt 0.943948 0.898451
vt 0.943932 0.898407
vt 0.943937 0.898430
vt 0.943944 0.898452
vt 0.943928 0.898407
vt 0.943932 0.898430
vt 0.943939 0.898453
vt 0.943923 0.898408
vt 0.943928 0.898431
vt 0.943934 0.898453
vt 0.943919 0.898408
vt 0.943923 0.898431
vt 0.943930 0.898453
vt 0.943914 0.898408
vt 0.943918 0.898431
vt 0.943925 0.898454
vt 0.943910 0.898409
vt 0.943914 0.898432
vt 0.943921 0.898454
vt 0.943907 0.898409
vt 0.943910 0.898432
vt 0.943917 0.898454
vt 0.944437 0.898231
vt 0.944441 0.898230
vt 0.944437 0.898212
vt 0.944441 0.898210
vt 0.944437 0.898193
vt 0.944441 0.898192
vt 0.943914 0.898454
vt 0.944445 0.898229
vt 0.944445 0.898209
vt 0.944445 0.898191
vt 0.944441 0.898178
vt 0.944445 0.898177
vt 0.944450 0.898228
vt 0.944450 0.898209
vt 0.944450 0.898190
vt 0.944454 0.898228
vt 0.944454 0.898208
vt 0.944454 0.898190
vt 0.944459 0.898228
vt 0.944459 0.898209
vt 0.944459 0.898190
vt 0.944464 0.898229
vt 0.944464 0.898209
vt 0.944464 0.898191
vt 0.944495 0.898262
vt 0.944490 0.898263
vt 0.944468 0.898230
vt 0.944468 0.898210
vt 0.944468 0.898192
vt 0.944499 0.898260
vt 0.944472 0.898231
vt 0.944472 0.898212
vt 0.943797 0.898735
vt 0.943794 0.898734
vt 0.943800 0.898712
vt 0.943804 0.898712
vt 0.943808 0.898694
vt 0.943793 0.898757
vt 0.943797 0.898758
vt 0.943801 0.898735
vt 0.943807 0.898713
vt 0.943801 0.898758
vt 0.943805 0.898735
vt 0.943812 0.898713
vt 0.943806 0.898759
vt 0.943810 0.898736
vt 0.943816 0.898713
vt 0.943810 0.898759
vt 0.943814 0.898736
vt 0.943821 0.898714
vt 0.943815 0.898759
vt 0.943819 0.898737
vt 0.943826 0.898714
vt 0.943819 0.898760
vt 0.943824 0.898737
vt 0.943831 0.898715
vt 0.943823 0.898760
vt 0.943828 0.898738
vt 0.943835 0.898715
vt 0.943827 0.898761
vt 0.943832 0.898738
vt 0.943839 0.898716
vt 0.944403 0.898218
vt 0.944407 0.898220
vt 0.944403 0.898199
vt 0.944407 0.898200
vt 0.944404 0.898181
vt 0.944408 0.898182
vt 0.943842 0.898716
vt 0.943851 0.898698
vt 0.944411 0.898220
vt 0.944412 0.898201
vt 0.944412 0.898183
vt 0.944416 0.898221
vt 0.944416 0.898202
vt 0.944417 0.898184
vt 0.944315 0.898798
vt 0.944315 0.898798
vt 0.944315 0.898798
vt 0.944315 0.898798
vt 0.944315 0.898798
vt 0.944315 0.898798
vt 0.944315 0.898798
vt 0.944315 0.898798
vt 0.944315 0.898798
vt 0.944315 0.898798
vt 0.944315 0.898798
vt 0.944315 0.898798
vt 0.944315 0.898798
vt 0.944315 0.898798
vt 0.944315 0.898798
vt 0.944315 0.898798
vt 0.944315 0.898798
vt 0.944315 0.898798
vt 0.944315 0.898798
vt 0.944315 0.898798
vt 0.944315 0.898798
vt 0.944315 0.898798
vt 0.944315 0.898798
vt 0.944315 0.898798
vt 0.944315 0.898798
vt 0.944315 0.898798
vt 0.944315 0.898798
vt 0.944315 0.898798
vt 0.944315 0.898798
vt 0.944315 0.898798
vt 0.944315 0.898798
vt 0.944315 0.898798
vt 0.944315 0.898798
vt 0.944315 0.898798
vt 0.944315 0.898798
vt 0.944315 0.898798
vt 0.944315 0.898798
vt 0.944315 0.898798
vt 0.944315 0.898798
vt 0.944315 0.898798
vt 0.944315 0.898798
vt 0.944315 0.898798
vt 0.944315 0.898798
vt 0.944315 0.898798
vt 0.944315 0.898798
vt 0.944315 0.898798
vt 0.944315 0.898798
vt 0.944315 0.898798
vt 0.944315 0.898798
vt 0.944315 0.898798
vt 0.944315 0.898798
vt 0.944315 0.898798
vt 0.944315 0.898798
vt 0.944315 0.898798
vt 0.944315 0.898798
vt 0.944315 0.898798
vt 0.944315 0.898798
vt 0.944315 0.898798
vt 0.944315 0.898798
vt 0.944315 0.898798
vt 0.944315 0.898798
vt 0.944315 0.898798
vt 0.944315 0.898798
vt 0.944315 0.898798
vt 0.944315 0.898798
vt 0.944315 0.898798
vt 0.944315 0.898798
vt 0.944315 0.898798
vt 0.944563 0.898147
vt 0.944567 0.898148
vt 0.944567 0.898148
vt 0.944572 0.898149
vt 0.944572 0.898149
vt 0.944576 0.898151
vt 0.944330 0.898209
vt 0.944333 0.898209
vt 0.944333 0.898209
vt 0.944337 0.898210
vt 0.944337 0.898210
vt 0.944341 0.898211
vt 0.944341 0.898211
vt 0.944346 0.898212
vt 0.944346 0.898212
vt 0.944350 0.898213
vt 0.944350 0.898213
vt 0.944355 0.898214
vt 0.944355 0.898214
vt 0.944359 0.898216
vt 0.944359 0.898216
vt 0.944363 0.898216
vt 0.944363 0.898216
vt 0.944367 0.898217
vt 0.944067 0.898183
vt 0.944067 0.898177
vt 0.944070 0.898179
vt 0.944067 0.898174
vt 0.944063 0.898172
vt 0.944063 0.898172
vt 0.944058 0.898170
vt 0.944058 0.898170
vt 0.944054 0.898170
vt 0.944054 0.898170
vt 0.944049 0.898170
vt 0.944049 0.898170
vt 0.944044 0.898170
vt 0.944044 0.898170
vt 0.944039 0.898172
vt 0.944039 0.898172
vt 0.944035 0.898174
vt 0.944610 0.898187
vt 0.944606 0.898188
vt 0.944606 0.898188
vt 0.944602 0.898189
vt 0.944602 0.898189
vt 0.944598 0.898190
vt 0.944598 0.898190
vt 0.944593 0.898191
vt 0.944593 0.898191
vt 0.944588 0.898193
vt 0.944588 0.898193
vt 0.944584 0.898194
vt 0.944584 0.898194
vt 0.944580 0.898195
vt 0.944580 0.898195
vt 0.944576 0.898196
vt 0.944544 0.898151
vt 0.944548 0.898149
vt 0.944548 0.898149
vt 0.944553 0.898148
vt 0.944553 0.898148
vt 0.944558 0.898147
vt 0.944558 0.898147
vt 0.944563 0.898147
vt 0.944425 0.898262
vt 0.944420 0.898263
vt 0.944430 0.898261
vt 0.944425 0.898262
vt 0.944433 0.898259
vt 0.944430 0.898261
vt 0.944437 0.898257
vt 0.944433 0.898259
vt 0.943936 0.898364
vt 0.943939 0.898362
vt 0.943932 0.898365
vt 0.943936 0.898364
vt 0.943927 0.898367
vt 0.943932 0.898365
vt 0.943923 0.898369
vt 0.943927 0.898367
vt 0.943918 0.898371
vt 0.943923 0.898369
vt 0.943914 0.898372
vt 0.943918 0.898371
vt 0.943910 0.898374
vt 0.943914 0.898372
vt 0.943907 0.898375
vt 0.943910 0.898374
vt 0.944441 0.898261
vt 0.944437 0.898263
vt 0.944445 0.898259
vt 0.944441 0.898261
vt 0.944450 0.898258
vt 0.944445 0.898259
vt 0.944454 0.898258
vt 0.944450 0.898258
vt 0.944459 0.898258
vt 0.944454 0.898258
vt 0.944464 0.898259
vt 0.944459 0.898258
vt 0.944468 0.898261
vt 0.944464 0.898259
vt 0.944472 0.898263
vt 0.944468 0.898261
vt 0.943797 0.898793
vt 0.943793 0.898791
vt 0.943801 0.898794
vt 0.943797 0.898793
vt 0.943805 0.898796
vt 0.943801 0.898794
vt 0.943810 0.898798
vt 0.943805 0.898796
vt 0.943814 0.898800
vt 0.943810 0.898798
vt 0.943818 0.898801
vt 0.943814 0.898800
vt 0.943822 0.898803
vt 0.943818 0.898801
vt 0.943826 0.898804
vt 0.943822 0.898803
vt 0.944406 0.898261
vt 0.944402 0.898259
vt 0.944411 0.898262
vt 0.944406 0.898261
vt 0.944416 0.898263
vt 0.944411 0.898262
vt 0.944420 0.898263
vt 0.944416 0.898263
vt 0.944201 0.898264
vt 0.944202 0.898238
vt 0.944208 0.898238
vt 0.944207 0.898264
vt 0.944221 0.898164
vt 0.944215 0.898164
vt 0.944213 0.898124
vt 0.944219 0.898127
vt 0.944226 0.898164
vt 0.944225 0.898130
vt 0.944410 0.898270
vt 0.944406 0.898267
vt 0.944451 0.898263
vt 0.944449 0.898267
vt 0.944414 0.898274
vt 0.944446 0.898271
vt 0.944418 0.898279
vt 0.944443 0.898276
vt 0.944423 0.898283
vt 0.944439 0.898282
vt 0.944428 0.898288
vt 0.944436 0.898288
vt 0.944432 0.898293
vt 0.944432 0.898293
vt 0.944384 0.898152
vt 0.944389 0.898155
vt 0.944389 0.898155
vt 0.944384 0.898158
vt 0.944379 0.898149
vt 0.944379 0.898161
vt 0.944375 0.898146
vt 0.944375 0.898164
vt 0.944071 0.898162
vt 0.944070 0.898156
vt 0.944084 0.898155
vt 0.944087 0.898161
vt 0.944071 0.898168
vt 0.944090 0.898166
vt 0.944072 0.898174
vt 0.944092 0.898173
vt 0.944072 0.898181
vt 0.944092 0.898179
vt 0.944071 0.898187
vt 0.944092 0.898186
vt 0.944071 0.898193
vt 0.944090 0.898192
vt 0.944070 0.898199
vt 0.944087 0.898198
vt 0.944374 0.898184
vt 0.944371 0.898186
vt 0.944371 0.898164
vt 0.944374 0.898166
vt 0.944379 0.898182
vt 0.944379 0.898169
vt 0.944383 0.898179
vt 0.944383 0.898172
vt 0.944389 0.898175
vt 0.944389 0.898176
vt 0.944136 0.898783
vt 0.944140 0.898778
vt 0.944140 0.898778
vt 0.944144 0.898784
vt 0.944131 0.898788
vt 0.944147 0.898790
vt 0.944126 0.898793
vt 0.944151 0.898795
vt 0.944122 0.898797
vt 0.944154 0.898800
vt 0.944118 0.898801
vt 0.944157 0.898804
vt 0.944189 0.898163
vt 0.944184 0.898162
vt 0.944182 0.898132
vt 0.944188 0.898128
vt 0.944195 0.898163
vt 0.944194 0.898125
vt 0.944202 0.898164
vt 0.944200 0.898124
vt 0.944208 0.898164
vt 0.944207 0.898123
vt 0.944067 0.898229
vt 0.944068 0.898223
vt 0.944070 0.898217
vt 0.944074 0.898211
vt 0.944079 0.898206
vt 0.944084 0.898203
vt 0.944090 0.898200
vt 0.944097 0.898199
vt 0.944104 0.898199
vt 0.944110 0.898200
vt 0.944116 0.898203
vt 0.944122 0.898206
vt 0.944126 0.898211
vt 0.944130 0.898217
vt 0.944133 0.898223
vt 0.944134 0.898229
vt 0.944134 0.898236
vt 0.944133 0.898242
vt 0.944130 0.898249
vt 0.944126 0.898254
vt 0.944122 0.898259
vt 0.944116 0.898262
vt 0.944110 0.898265
vt 0.944104 0.898266
vt 0.944097 0.898266
vt 0.944090 0.898265
vt 0.944084 0.898262
vt 0.944079 0.898259
vt 0.944074 0.898254
vt 0.944070 0.898249
vt 0.944068 0.898242
vt 0.944067 0.898236
vt 0.944542 0.898377
vt 0.944546 0.898375
vt 0.944554 0.898389
vt 0.944548 0.898389
vt 0.944471 0.898307
vt 0.944474 0.898301
vt 0.944498 0.898316
vt 0.944492 0.898319
vt 0.944272 0.898096
vt 0.944278 0.898097
vt 0.944278 0.898113
vt 0.944272 0.898113
vt 0.944197 0.898795
vt 0.944195 0.898791
vt 0.944231 0.898767
vt 0.944236 0.898769
vt 0.944484 0.898285
vt 0.944487 0.898280
vt 0.944523 0.898304
vt 0.944517 0.898307
vt 0.944297 0.898098
vt 0.944304 0.898097
vt 0.944304 0.898113
vt 0.944297 0.898112
vt 0.944185 0.898775
vt 0.944182 0.898770
vt 0.944206 0.898755
vt 0.944212 0.898759
vt 0.943881 0.898328
vt 0.943874 0.898328
vt 0.943876 0.898276
vt 0.943883 0.898276
vt 0.943894 0.898328
vt 0.943887 0.898328
vt 0.943889 0.898276
vt 0.943895 0.898277
vt 0.944468 0.898311
vt 0.944487 0.898322
vt 0.944267 0.898095
vt 0.944267 0.898114
vt 0.943862 0.898326
vt 0.943856 0.898325
vt 0.943858 0.898280
vt 0.943863 0.898278
vt 0.944480 0.898291
vt 0.944511 0.898310
vt 0.944291 0.898098
vt 0.944291 0.898112
vt 0.944188 0.898781
vt 0.944219 0.898762
vt 0.943899 0.898327
vt 0.943901 0.898278
vt 0.944465 0.898315
vt 0.944482 0.898325
vt 0.944176 0.898760
vt 0.944173 0.898756
vt 0.944190 0.898746
vt 0.944195 0.898749
vt 0.943868 0.898327
vt 0.943870 0.898277
vt 0.944477 0.898296
vt 0.944504 0.898313
vt 0.944284 0.898098
vt 0.944284 0.898112
vt 0.944192 0.898786
vt 0.944225 0.898765
vt 0.943904 0.898326
vt 0.943905 0.898280
vt 0.944309 0.898096
vt 0.944314 0.898095
vt 0.944315 0.898114
vt 0.944309 0.898113
vt 0.944179 0.898765
vt 0.944200 0.898752
vt 0.944489 0.898276
vt 0.944528 0.898302
vt 0.943929 0.898342
vt 0.943923 0.898344
vt 0.943925 0.898316
vt 0.943931 0.898315
vt 0.944271 0.898704
vt 0.944265 0.898701
vt 0.944275 0.898680
vt 0.944283 0.898679
vt 0.944537 0.898379
vt 0.944542 0.898388
vt 0.944276 0.898707
vt 0.944290 0.898677
vt 0.944309 0.898190
vt 0.944315 0.898191
vt 0.944315 0.898202
vt 0.944309 0.898199
vt 0.944281 0.898709
vt 0.944296 0.898676
vt 0.944304 0.898189
vt 0.944304 0.898197
vt 0.944286 0.898711
vt 0.944302 0.898674
vt 0.944297 0.898189
vt 0.944297 0.898195
vt 0.943883 0.898201
vt 0.943876 0.898201
vt 0.943875 0.898157
vt 0.943882 0.898157
vt 0.943864 0.898202
vt 0.943858 0.898203
vt 0.943857 0.898166
vt 0.943862 0.898162
vt 0.944291 0.898188
vt 0.944291 0.898195
vt 0.943901 0.898203
vt 0.943896 0.898202
vt 0.943894 0.898159
vt 0.943900 0.898162
vt 0.943870 0.898201
vt 0.943869 0.898159
vt 0.944284 0.898189
vt 0.944284 0.898195
vt 0.943906 0.898204
vt 0.943905 0.898166
vt 0.944278 0.898189
vt 0.944278 0.898197
vt 0.944573 0.898362
vt 0.944578 0.898360
vt 0.944594 0.898396
vt 0.944588 0.898395
vt 0.944272 0.898190
vt 0.944272 0.898199
vt 0.944568 0.898365
vt 0.944582 0.898394
vt 0.943889 0.898201
vt 0.943888 0.898157
vt 0.944267 0.898191
vt 0.944267 0.898202
vt 0.944563 0.898367
vt 0.944575 0.898392
vt 0.944250 0.898694
vt 0.944245 0.898692
vt 0.944250 0.898683
vt 0.944256 0.898682
vt 0.944557 0.898370
vt 0.944567 0.898391
vt 0.944255 0.898696
vt 0.944262 0.898682
vt 0.944552 0.898372
vt 0.944560 0.898390
vt 0.944260 0.898699
vt 0.944268 0.898681
vt 0.943952 0.898279
vt 0.943945 0.898279
vt 0.943945 0.898270
vt 0.943952 0.898270
vt 0.944312 0.898581
vt 0.944308 0.898581
vt 0.944297 0.898529
vt 0.944301 0.898526
vt 0.943935 0.898341
vt 0.943937 0.898315
vt 0.943996 0.898346
vt 0.943990 0.898345
vt 0.943992 0.898296
vt 0.943999 0.898296
vt 0.943977 0.898343
vt 0.943971 0.898341
vt 0.943974 0.898295
vt 0.943980 0.898295
vt 0.943942 0.898341
vt 0.943943 0.898315
vt 0.944014 0.898342
vt 0.944009 0.898344
vt 0.944011 0.898295
vt 0.944017 0.898295
vt 0.943983 0.898345
vt 0.943986 0.898296
vt 0.943948 0.898341
vt 0.943950 0.898315
vt 0.944604 0.898490
vt 0.944608 0.898491
vt 0.944596 0.898547
vt 0.944593 0.898545
vt 0.943955 0.898342
vt 0.943957 0.898315
vt 0.944599 0.898489
vt 0.944589 0.898542
vt 0.943961 0.898344
vt 0.943963 0.898316
vt 0.944594 0.898489
vt 0.944584 0.898538
vt 0.944003 0.898345
vt 0.944005 0.898296
vt 0.943966 0.898346
vt 0.943968 0.898316
vt 0.944588 0.898488
vt 0.944579 0.898535
vt 0.944272 0.898588
vt 0.944267 0.898589
vt 0.944261 0.898554
vt 0.944266 0.898551
vt 0.944582 0.898486
vt 0.944573 0.898531
vt 0.944278 0.898587
vt 0.944271 0.898548
vt 0.944576 0.898485
vt 0.944568 0.898527
vt 0.944284 0.898586
vt 0.944276 0.898544
vt 0.944570 0.898484
vt 0.944563 0.898523
vt 0.944290 0.898585
vt 0.944281 0.898540
vt 0.944564 0.898483
vt 0.944558 0.898520
vt 0.944296 0.898584
vt 0.944287 0.898536
vt 0.944559 0.898482
vt 0.944553 0.898517
vt 0.944302 0.898583
vt 0.944292 0.898533
vt 0.944555 0.898481
vt 0.944550 0.898514
vt 0.943970 0.898194
vt 0.943964 0.898195
vt 0.943964 0.898155
vt 0.943969 0.898155
vt 0.944023 0.898258
vt 0.944018 0.898259
vt 0.944018 0.898231
vt 0.944023 0.898231
vt 0.943993 0.898260
vt 0.943987 0.898260
vt 0.943987 0.898231
vt 0.943993 0.898230
vt 0.943958 0.898279
vt 0.943958 0.898270
vt 0.944573 0.898578
vt 0.944577 0.898580
vt 0.944561 0.898602
vt 0.944558 0.898598
vt 0.943964 0.898279
vt 0.943964 0.898269
vt 0.944569 0.898574
vt 0.944555 0.898593
vt 0.944012 0.898260
vt 0.944006 0.898260
vt 0.944006 0.898230
vt 0.944013 0.898230
vt 0.943970 0.898280
vt 0.943970 0.898269
vt 0.944564 0.898571
vt 0.944551 0.898588
vt 0.944251 0.898515
vt 0.944247 0.898517
vt 0.944241 0.898508
vt 0.944244 0.898504
vt 0.944558 0.898567
vt 0.944547 0.898583
vt 0.944256 0.898511
vt 0.944247 0.898499
vt 0.944553 0.898563
vt 0.944543 0.898577
vt 0.944261 0.898508
vt 0.944251 0.898494
vt 0.944548 0.898560
vt 0.944539 0.898572
vt 0.944266 0.898504
vt 0.944255 0.898488
vt 0.944543 0.898556
vt 0.944536 0.898567
vt 0.944272 0.898500
vt 0.944259 0.898483
vt 0.944539 0.898553
vt 0.944532 0.898563
vt 0.944277 0.898497
vt 0.944263 0.898478
vt 0.943927 0.898279
vt 0.943922 0.898280
vt 0.943922 0.898268
vt 0.943927 0.898269
vt 0.944281 0.898493
vt 0.944266 0.898473
vt 0.943932 0.898279
vt 0.943932 0.898270
vt 0.944286 0.898490
vt 0.944269 0.898468
vt 0.943938 0.898279
vt 0.943939 0.898270
vt 0.944000 0.898260
vt 0.944000 0.898230
vt 0.943981 0.898259
vt 0.943975 0.898259
vt 0.943975 0.898232
vt 0.943981 0.898231
vt 0.944108 0.898365
vt 0.944104 0.898369
vt 0.944031 0.898291
vt 0.944035 0.898287
vt 0.944499 0.898642
vt 0.944502 0.898647
vt 0.944476 0.898666
vt 0.944471 0.898662
vt 0.944192 0.898450
vt 0.944189 0.898454
vt 0.944157 0.898430
vt 0.944160 0.898427
vt 0.944495 0.898636
vt 0.944466 0.898657
vt 0.944195 0.898445
vt 0.944165 0.898423
vt 0.944491 0.898631
vt 0.944461 0.898652
vt 0.944199 0.898440
vt 0.944169 0.898419
vt 0.944487 0.898626
vt 0.944457 0.898648
vt 0.944203 0.898435
vt 0.944174 0.898414
vt 0.944484 0.898621
vt 0.944452 0.898644
vt 0.944207 0.898429
vt 0.944179 0.898409
vt 0.944481 0.898617
vt 0.944449 0.898640
vt 0.944210 0.898424
vt 0.944184 0.898405
vt 0.943927 0.898195
vt 0.943922 0.898194
vt 0.943922 0.898155
vt 0.943926 0.898155
vt 0.944214 0.898420
vt 0.944188 0.898401
vt 0.943933 0.898195
vt 0.943932 0.898154
vt 0.944217 0.898416
vt 0.944192 0.898397
vt 0.943939 0.898195
vt 0.943938 0.898154
vt 0.943999 0.898156
vt 0.943992 0.898156
vt 0.943991 0.898127
vt 0.943998 0.898127
vt 0.943980 0.898157
vt 0.943974 0.898157
vt 0.943973 0.898127
vt 0.943979 0.898127
vt 0.943945 0.898196
vt 0.943945 0.898154
vt 0.944017 0.898156
vt 0.944011 0.898156
vt 0.944010 0.898126
vt 0.944016 0.898126
vt 0.943986 0.898156
vt 0.943985 0.898127
vt 0.943952 0.898196
vt 0.943951 0.898154
vt 0.944022 0.898157
vt 0.944021 0.898126
vt 0.943958 0.898195
vt 0.943958 0.898155
vt 0.944506 0.898651
vt 0.944509 0.898655
vt 0.944484 0.898673
vt 0.944480 0.898670
vt 0.944005 0.898156
vt 0.944004 0.898127
vt 0.944410 0.898715
vt 0.944414 0.898720
vt 0.944341 0.898797
vt 0.944337 0.898793
vt 0.944396 0.898702
vt 0.944400 0.898706
vt 0.944327 0.898784
vt 0.944323 0.898779
vt 0.944113 0.898360
vt 0.944040 0.898283
vt 0.944391 0.898698
vt 0.944318 0.898775
vt 0.944118 0.898356
vt 0.944045 0.898278
vt 0.944388 0.898694
vt 0.944315 0.898772
vt 0.944123 0.898351
vt 0.944049 0.898274
vt 0.943926 0.898074
vt 0.943921 0.898074
vt 0.943921 0.897967
vt 0.943926 0.897967
vt 0.944127 0.898347
vt 0.944054 0.898270
vt 0.943931 0.898074
vt 0.943931 0.897967
vt 0.944131 0.898344
vt 0.944057 0.898266
vt 0.943937 0.898074
vt 0.943938 0.897967
vt 0.943996 0.898046
vt 0.943990 0.898046
vt 0.943988 0.897939
vt 0.943995 0.897939
vt 0.943977 0.898046
vt 0.943971 0.898046
vt 0.943970 0.897939
vt 0.943976 0.897939
vt 0.943944 0.898074
vt 0.943944 0.897967
vt 0.944014 0.898045
vt 0.944009 0.898045
vt 0.944008 0.897939
vt 0.944013 0.897939
vt 0.943983 0.898046
vt 0.943982 0.897939
vt 0.943950 0.898074
vt 0.943951 0.897967
vt 0.944019 0.898045
vt 0.944018 0.897938
vt 0.943957 0.898074
vt 0.943957 0.897967
vt 0.944419 0.898723
vt 0.944422 0.898727
vt 0.944349 0.898804
vt 0.944346 0.898801
vt 0.943963 0.898074
vt 0.943963 0.897967
vt 0.944322 0.898329
vt 0.944341 0.898311
vt 0.944346 0.898316
vt 0.944326 0.898333
vt 0.944003 0.898046
vt 0.944001 0.897939
vt 0.943969 0.898074
vt 0.943969 0.897967
vt 0.944100 0.898373
vt 0.944096 0.898377
vt 0.944023 0.898299
vt 0.944026 0.898296
vt 0.944405 0.898711
vt 0.944332 0.898788
vt 0.944545 0.898239
vt 0.944543 0.898233
vt 0.944543 0.898226
vt 0.944545 0.898219
vt 0.944547 0.898213
vt 0.944551 0.898208
vt 0.944555 0.898203
vt 0.944561 0.898199
vt 0.944567 0.898197
vt 0.944574 0.898196
vt 0.944580 0.898196
vt 0.944587 0.898197
vt 0.944593 0.898199
vt 0.944598 0.898203
vt 0.944603 0.898208
vt 0.944607 0.898213
vt 0.944609 0.898219
vt 0.944610 0.898226
vt 0.944610 0.898233
vt 0.944609 0.898239
vt 0.944607 0.898245
vt 0.944603 0.898251
vt 0.944598 0.898255
vt 0.944593 0.898259
vt 0.944587 0.898262
vt 0.944580 0.898263
vt 0.944574 0.898263
vt 0.944567 0.898262
vt 0.944561 0.898259
vt 0.944555 0.898255
vt 0.944551 0.898251
vt 0.944547 0.898245
vt 0.944055 0.898715
vt 0.944074 0.898733
vt 0.944071 0.898737
vt 0.944051 0.898719
vt 0.944350 0.898321
vt 0.944331 0.898338
vt 0.944067 0.898741
vt 0.944047 0.898723
vt 0.944355 0.898325
vt 0.944335 0.898343
vt 0.944063 0.898746
vt 0.944043 0.898728
vt 0.944359 0.898330
vt 0.944339 0.898348
vt 0.944058 0.898751
vt 0.944039 0.898733
vt 0.944363 0.898334
vt 0.944343 0.898352
vt 0.944054 0.898756
vt 0.944034 0.898738
vt 0.944366 0.898338
vt 0.944347 0.898356
vt 0.944049 0.898760
vt 0.944030 0.898743
vt 0.944134 0.898265
vt 0.944135 0.898238
vt 0.944139 0.898239
vt 0.944138 0.898265
vt 0.944046 0.898765
vt 0.944026 0.898747
vt 0.944145 0.898239
vt 0.944144 0.898265
vt 0.944042 0.898768
vt 0.944023 0.898751
vt 0.944151 0.898239
vt 0.944150 0.898265
vt 0.944215 0.898238
vt 0.944214 0.898265
vt 0.944182 0.898264
vt 0.944183 0.898238
vt 0.944189 0.898238
vt 0.944188 0.898264
vt 0.944157 0.898239
vt 0.944157 0.898266
vt 0.944220 0.898265
vt 0.944221 0.898239
vt 0.944226 0.898239
vt 0.944225 0.898266
vt 0.944195 0.898238
vt 0.944194 0.898264
vt 0.944164 0.898239
vt 0.944163 0.898266
vt 0.944231 0.898240
vt 0.944230 0.898266
vt 0.944170 0.898240
vt 0.944170 0.898266
vt 0.944315 0.898320
vt 0.944334 0.898302
vt 0.944338 0.898306
vt 0.944318 0.898324
vt 0.944177 0.898240
vt 0.944176 0.898266
vt 0.944182 0.898240
vt 0.944181 0.898266
vt 0.943997 0.898108
vt 0.944004 0.898108
vt 0.943997 0.898086
vt 0.944003 0.898086
vt 0.943996 0.898064
vt 0.944003 0.898064
vt 0.944010 0.898108
vt 0.944009 0.898086
vt 0.944009 0.898064
vt 0.944015 0.898108
vt 0.944015 0.898086
vt 0.944014 0.898064
vt 0.944020 0.898107
vt 0.944019 0.898085
vt 0.944019 0.898063
vt 0.944469 0.898685
vt 0.944465 0.898681
vt 0.944452 0.898699
vt 0.944448 0.898695
vt 0.944436 0.898714
vt 0.944432 0.898710
vt 0.944461 0.898677
vt 0.944444 0.898692
vt 0.944428 0.898706
vt 0.944456 0.898673
vt 0.944439 0.898687
vt 0.944423 0.898702
vt 0.944451 0.898669
vt 0.944435 0.898683
vt 0.944418 0.898698
vt 0.944447 0.898664
vt 0.944430 0.898678
vt 0.944414 0.898693
vt 0.944442 0.898660
vt 0.944425 0.898674
vt 0.944409 0.898689
vt 0.944438 0.898655
vt 0.944421 0.898670
vt 0.944405 0.898685
vt 0.944434 0.898652
vt 0.944417 0.898666
vt 0.944401 0.898681
vt 0.943922 0.898136
vt 0.943926 0.898136
vt 0.943921 0.898114
vt 0.943926 0.898114
vt 0.943921 0.898092
vt 0.943926 0.898092
vt 0.943932 0.898136
vt 0.943931 0.898114
vt 0.943931 0.898092
vt 0.943938 0.898136
vt 0.943938 0.898114
vt 0.943937 0.898092
vt 0.943944 0.898136
vt 0.943944 0.898114
vt 0.943944 0.898092
vt 0.943951 0.898136
vt 0.943951 0.898114
vt 0.943950 0.898092
vt 0.943957 0.898136
vt 0.943957 0.898114
vt 0.943957 0.898092
vt 0.943963 0.898136
vt 0.943963 0.898114
vt 0.943963 0.898092
vt 0.943969 0.898136
vt 0.943969 0.898114
vt 0.943969 0.898092
vt 0.944142 0.898419
vt 0.944146 0.898415
vt 0.944125 0.898405
vt 0.944129 0.898401
vt 0.944109 0.898390
vt 0.944113 0.898386
vt 0.944150 0.898411
vt 0.944133 0.898397
vt 0.944117 0.898382
vt 0.944155 0.898407
vt 0.944138 0.898393
vt 0.944122 0.898378
vt 0.944159 0.898403
vt 0.944143 0.898388
vt 0.944126 0.898373
vt 0.944164 0.898398
vt 0.944147 0.898384
vt 0.944131 0.898369
vt 0.944169 0.898394
vt 0.944152 0.898379
vt 0.944136 0.898365
vt 0.944173 0.898390
vt 0.944156 0.898375
vt 0.944140 0.898361
vt 0.944177 0.898386
vt 0.944160 0.898372
vt 0.944144 0.898357
vt 0.943973 0.898108
vt 0.943978 0.898108
vt 0.943972 0.898086
vt 0.943978 0.898086
vt 0.943972 0.898064
vt 0.943977 0.898064
vt 0.943984 0.898108
vt 0.943984 0.898086
vt 0.943983 0.898064
vt 0.943991 0.898108
vt 0.943990 0.898086
vt 0.943990 0.898064
vt 0.944000 0.898213
vt 0.944006 0.898213
vt 0.944000 0.898193
vt 0.944006 0.898193
vt 0.943999 0.898173
vt 0.944006 0.898173
vt 0.944012 0.898213
vt 0.944012 0.898193
vt 0.944012 0.898173
vt 0.944018 0.898213
vt 0.944018 0.898193
vt 0.944017 0.898173
vt 0.944023 0.898214
vt 0.944022 0.898194
vt 0.944022 0.898174
vt 0.944550 0.898616
vt 0.944548 0.898612
vt 0.944537 0.898631
vt 0.944534 0.898627
vt 0.944522 0.898644
vt 0.944519 0.898640
vt 0.944544 0.898607
vt 0.944530 0.898622
vt 0.944516 0.898636
vt 0.944540 0.898602
vt 0.944526 0.898617
vt 0.944512 0.898631
vt 0.944536 0.898597
vt 0.944523 0.898611
vt 0.944508 0.898625
vt 0.944532 0.898591
vt 0.944519 0.898606
vt 0.944504 0.898620
vt 0.944529 0.898586
vt 0.944515 0.898601
vt 0.944500 0.898615
vt 0.944525 0.898581
vt 0.944511 0.898596
vt 0.944497 0.898610
vt 0.944522 0.898577
vt 0.944508 0.898592
vt 0.944494 0.898606
vt 0.943923 0.898251
vt 0.943927 0.898252
vt 0.943923 0.898231
vt 0.943927 0.898232
vt 0.943923 0.898211
vt 0.943927 0.898211
vt 0.943933 0.898252
vt 0.943933 0.898232
vt 0.943933 0.898212
vt 0.943939 0.898253
vt 0.943939 0.898232
vt 0.943939 0.898212
vt 0.943945 0.898253
vt 0.943945 0.898233
vt 0.943945 0.898212
vt 0.943952 0.898253
vt 0.943952 0.898232
vt 0.943952 0.898212
vt 0.943958 0.898252
vt 0.943959 0.898232
vt 0.943958 0.898212
vt 0.943965 0.898252
vt 0.943965 0.898232
vt 0.943965 0.898212
vt 0.943970 0.898251
vt 0.943970 0.898231
vt 0.943970 0.898211
vt 0.944230 0.898494
vt 0.944233 0.898490
vt 0.944216 0.898479
vt 0.944219 0.898475
vt 0.944202 0.898465
vt 0.944205 0.898461
vt 0.944237 0.898485
vt 0.944223 0.898470
vt 0.944208 0.898456
vt 0.944241 0.898480
vt 0.944227 0.898465
vt 0.944212 0.898451
vt 0.944244 0.898475
vt 0.944231 0.898460
vt 0.944216 0.898446
vt 0.944248 0.898469
vt 0.944235 0.898454
vt 0.944220 0.898440
vt 0.944252 0.898464
vt 0.944238 0.898449
vt 0.944224 0.898435
vt 0.944256 0.898459
vt 0.944242 0.898444
vt 0.944227 0.898430
vt 0.944259 0.898455
vt 0.944245 0.898440
vt 0.944230 0.898426
vt 0.943975 0.898215
vt 0.943981 0.898214
vt 0.943975 0.898195
vt 0.943980 0.898194
vt 0.943974 0.898174
vt 0.943980 0.898174
vt 0.943987 0.898213
vt 0.943986 0.898193
vt 0.943986 0.898173
vt 0.943993 0.898213
vt 0.943993 0.898193
vt 0.943993 0.898173
vt 0.943999 0.898288
vt 0.944006 0.898288
vt 0.944000 0.898279
vt 0.944006 0.898278
vt 0.944000 0.898269
vt 0.944006 0.898269
vt 0.944012 0.898288
vt 0.944012 0.898278
vt 0.944012 0.898268
vt 0.944017 0.898287
vt 0.944018 0.898277
vt 0.944018 0.898267
vt 0.944022 0.898294
vt 0.944022 0.898286
vt 0.944022 0.898276
vt 0.944022 0.898267
vt 0.944591 0.898553
vt 0.944586 0.898551
vt 0.944587 0.898563
vt 0.944583 0.898561
vt 0.944582 0.898573
vt 0.944578 0.898570
vt 0.944582 0.898547
vt 0.944578 0.898557
vt 0.944573 0.898567
vt 0.944576 0.898544
vt 0.944573 0.898554
vt 0.944568 0.898563
vt 0.944571 0.898540
vt 0.944567 0.898550
vt 0.944563 0.898560
vt 0.944566 0.898536
vt 0.944562 0.898546
vt 0.944557 0.898556
vt 0.944560 0.898532
vt 0.944557 0.898542
vt 0.944552 0.898552
vt 0.944555 0.898529
vt 0.944552 0.898539
vt 0.944548 0.898549
vt 0.944551 0.898526
vt 0.944548 0.898536
vt 0.944543 0.898546
vt 0.944548 0.898523
vt 0.943926 0.898308
vt 0.943921 0.898308
vt 0.943922 0.898299
vt 0.943926 0.898298
vt 0.943922 0.898289
vt 0.943927 0.898288
vt 0.943931 0.898307
vt 0.943932 0.898297
vt 0.943932 0.898288
vt 0.943937 0.898307
vt 0.943938 0.898297
vt 0.943938 0.898287
vt 0.943944 0.898307
vt 0.943944 0.898297
vt 0.943945 0.898287
vt 0.943950 0.898307
vt 0.943951 0.898297
vt 0.943951 0.898287
vt 0.943957 0.898307
vt 0.943957 0.898297
vt 0.943958 0.898288
vt 0.943963 0.898308
vt 0.943964 0.898298
vt 0.943964 0.898288
vt 0.943969 0.898308
vt 0.943969 0.898299
vt 0.943969 0.898289
vt 0.944259 0.898545
vt 0.944264 0.898542
vt 0.944256 0.898535
vt 0.944260 0.898532
vt 0.944252 0.898525
vt 0.944256 0.898522
vt 0.944268 0.898539
vt 0.944265 0.898529
vt 0.944260 0.898519
vt 0.944274 0.898535
vt 0.944270 0.898525
vt 0.944266 0.898515
vt 0.944279 0.898531
vt 0.944275 0.898521
vt 0.944271 0.898512
vt 0.944285 0.898527
vt 0.944281 0.898517
vt 0.944276 0.898508
vt 0.944290 0.898524
vt 0.944286 0.898514
vt 0.944281 0.898504
vt 0.944294 0.898520
vt 0.944291 0.898510
vt 0.944286 0.898501
vt 0.944299 0.898517
vt 0.944295 0.898507
vt 0.944290 0.898498
vt 0.943974 0.898287
vt 0.943980 0.898288
vt 0.943975 0.898277
vt 0.943980 0.898278
vt 0.943975 0.898267
vt 0.943980 0.898268
vt 0.943986 0.898288
vt 0.943986 0.898278
vt 0.943987 0.898269
vt 0.943993 0.898288
vt 0.943993 0.898279
vt 0.943993 0.898269
vt 0.943881 0.898137
vt 0.943887 0.898137
vt 0.943880 0.898116
vt 0.943886 0.898116
vt 0.943878 0.898097
vt 0.943885 0.898097
vt 0.944001 0.898362
vt 0.943995 0.898362
vt 0.943893 0.898139
vt 0.943892 0.898118
vt 0.943891 0.898099
vt 0.944008 0.898360
vt 0.943899 0.898142
vt 0.943898 0.898121
vt 0.943896 0.898102
vt 0.944013 0.898359
vt 0.943904 0.898146
vt 0.944601 0.898418
vt 0.944605 0.898419
vt 0.944609 0.898444
vt 0.944605 0.898444
vt 0.944610 0.898469
vt 0.944606 0.898469
vt 0.944595 0.898417
vt 0.944600 0.898443
vt 0.944601 0.898468
vt 0.944589 0.898416
vt 0.944594 0.898442
vt 0.944596 0.898467
vt 0.944582 0.898414
vt 0.944588 0.898440
vt 0.944590 0.898466
vt 0.944576 0.898413
vt 0.944581 0.898439
vt 0.944583 0.898465
vt 0.944569 0.898412
vt 0.944575 0.898438
vt 0.944577 0.898464
vt 0.944562 0.898411
vt 0.944568 0.898437
vt 0.944571 0.898462
vt 0.944556 0.898410
vt 0.944562 0.898436
vt 0.944565 0.898461
vt 0.944551 0.898410
vt 0.944557 0.898435
vt 0.944560 0.898460
vt 0.944314 0.898223
vt 0.944309 0.898220
vt 0.944314 0.898246
vt 0.944309 0.898243
vt 0.944314 0.898266
vt 0.944309 0.898263
vt 0.944556 0.898459
vt 0.944304 0.898218
vt 0.944304 0.898240
vt 0.944303 0.898261
vt 0.943927 0.898358
vt 0.943922 0.898360
vt 0.944297 0.898217
vt 0.944297 0.898239
vt 0.944297 0.898259
vt 0.943934 0.898357
vt 0.944291 0.898216
vt 0.944291 0.898238
vt 0.944290 0.898259
vt 0.943940 0.898357
vt 0.944284 0.898217
vt 0.944284 0.898239
vt 0.944284 0.898259
vt 0.943947 0.898357
vt 0.944278 0.898218
vt 0.944278 0.898240
vt 0.944278 0.898261
vt 0.943953 0.898358
vt 0.944272 0.898220
vt 0.944272 0.898243
vt 0.944272 0.898263
vt 0.943959 0.898360
vt 0.944267 0.898223
vt 0.944267 0.898246
vt 0.944267 0.898266
vt 0.943965 0.898362
vt 0.944259 0.898661
vt 0.944264 0.898661
vt 0.944266 0.898636
vt 0.944271 0.898635
vt 0.944268 0.898610
vt 0.944273 0.898610
vt 0.944270 0.898660
vt 0.944276 0.898634
vt 0.944279 0.898609
vt 0.944277 0.898659
vt 0.944283 0.898633
vt 0.944285 0.898608
vt 0.944284 0.898658
vt 0.944289 0.898632
vt 0.944291 0.898606
vt 0.944291 0.898657
vt 0.944296 0.898631
vt 0.944298 0.898605
vt 0.944297 0.898655
vt 0.944302 0.898630
vt 0.944304 0.898604
vt 0.944303 0.898654
vt 0.944308 0.898628
vt 0.944310 0.898603
vt 0.944309 0.898653
vt 0.944313 0.898627
vt 0.944315 0.898602
vt 0.943856 0.898145
vt 0.943862 0.898142
vt 0.943855 0.898124
vt 0.943860 0.898120
vt 0.943854 0.898105
vt 0.943859 0.898101
vt 0.943976 0.898359
vt 0.943970 0.898357
vt 0.943868 0.898139
vt 0.943867 0.898118
vt 0.943865 0.898099
vt 0.943982 0.898361
vt 0.943874 0.898137
vt 0.943873 0.898116
vt 0.943871 0.898097
vt 0.943988 0.898362
vt 0.943883 0.898258
vt 0.943890 0.898259
vt 0.943883 0.898238
vt 0.943890 0.898238
vt 0.943883 0.898217
vt 0.943890 0.898218
vt 0.943896 0.898259
vt 0.943896 0.898239
vt 0.943896 0.898218
vt 0.943901 0.898261
vt 0.943901 0.898240
vt 0.943901 0.898219
vt 0.943906 0.898262
vt 0.943906 0.898241
vt 0.943906 0.898221
vt 0.944542 0.898313
vt 0.944537 0.898315
vt 0.944557 0.898328
vt 0.944552 0.898330
vt 0.944569 0.898345
vt 0.944565 0.898347
vt 0.944532 0.898318
vt 0.944547 0.898333
vt 0.944560 0.898349
vt 0.944526 0.898321
vt 0.944541 0.898336
vt 0.944554 0.898352
vt 0.944520 0.898324
vt 0.944535 0.898339
vt 0.944548 0.898355
vt 0.944513 0.898327
vt 0.944529 0.898342
vt 0.944543 0.898358
vt 0.944508 0.898330
vt 0.944523 0.898344
vt 0.944537 0.898360
vt 0.944502 0.898333
vt 0.944518 0.898347
vt 0.944532 0.898362
vt 0.944498 0.898335
vt 0.944514 0.898349
vt 0.944528 0.898364
vt 0.944315 0.898132
vt 0.944309 0.898131
vt 0.944315 0.898153
vt 0.944309 0.898152
vt 0.944315 0.898174
vt 0.944309 0.898173
vt 0.944304 0.898131
vt 0.944304 0.898151
vt 0.944304 0.898172
vt 0.944297 0.898130
vt 0.944297 0.898151
vt 0.944297 0.898171
vt 0.944291 0.898130
vt 0.944291 0.898151
vt 0.944291 0.898171
vt 0.944284 0.898130
vt 0.944284 0.898151
vt 0.944284 0.898171
vt 0.944278 0.898131
vt 0.944278 0.898151
vt 0.944278 0.898172
vt 0.944272 0.898131
vt 0.944272 0.898152
vt 0.944272 0.898173
vt 0.944267 0.898132
vt 0.944267 0.898153
vt 0.944267 0.898174
vt 0.944206 0.898736
vt 0.944210 0.898739
vt 0.944222 0.898722
vt 0.944226 0.898724
vt 0.944236 0.898707
vt 0.944240 0.898709
vt 0.944216 0.898741
vt 0.944231 0.898727
vt 0.944245 0.898711
vt 0.944221 0.898744
vt 0.944237 0.898730
vt 0.944251 0.898714
vt 0.944228 0.898747
vt 0.944243 0.898733
vt 0.944256 0.898716
vt 0.944234 0.898750
vt 0.944249 0.898735
vt 0.944262 0.898719
vt 0.944240 0.898753
vt 0.944255 0.898738
vt 0.944268 0.898722
vt 0.944246 0.898756
vt 0.944260 0.898741
vt 0.944273 0.898724
vt 0.944251 0.898758
vt 0.944265 0.898743
vt 0.944277 0.898726
vt 0.943858 0.898262
vt 0.943864 0.898260
vt 0.943859 0.898241
vt 0.943864 0.898239
vt 0.943859 0.898220
vt 0.943864 0.898219
vt 0.943870 0.898259
vt 0.943870 0.898238
vt 0.943870 0.898218
vt 0.943876 0.898258
vt 0.943877 0.898238
vt 0.943877 0.898218
vt 0.943885 0.898362
vt 0.943878 0.898362
vt 0.943879 0.898355
vt 0.943886 0.898355
vt 0.943880 0.898346
vt 0.943887 0.898346
vt 0.943881 0.898337
vt 0.943887 0.898337
vt 0.943891 0.898362
vt 0.943892 0.898355
vt 0.943893 0.898346
vt 0.943893 0.898336
vt 0.943896 0.898361
vt 0.943897 0.898354
vt 0.943898 0.898345
vt 0.943899 0.898336
vt 0.944461 0.898263
vt 0.944459 0.898267
vt 0.944472 0.898265
vt 0.944470 0.898268
vt 0.944483 0.898268
vt 0.944481 0.898272
vt 0.943903 0.898335
vt 0.944456 0.898271
vt 0.944467 0.898273
vt 0.944478 0.898276
vt 0.944453 0.898276
vt 0.944464 0.898278
vt 0.944475 0.898281
vt 0.944450 0.898282
vt 0.944461 0.898283
vt 0.944472 0.898287
vt 0.944446 0.898287
vt 0.944458 0.898289
vt 0.944469 0.898292
vt 0.944443 0.898293
vt 0.944454 0.898295
vt 0.944465 0.898298
vt 0.944429 0.898298
vt 0.944440 0.898298
vt 0.944451 0.898300
vt 0.944462 0.898303
vt 0.944426 0.898303
vt 0.944437 0.898303
vt 0.944448 0.898305
vt 0.944459 0.898307
vt 0.944424 0.898307
vt 0.944434 0.898307
vt 0.944445 0.898309
vt 0.944456 0.898311
vt 0.944309 0.898063
vt 0.944314 0.898061
vt 0.944314 0.898068
vt 0.944309 0.898070
vt 0.944314 0.898077
vt 0.944309 0.898078
vt 0.944314 0.898087
vt 0.944309 0.898088
vt 0.944303 0.898064
vt 0.944303 0.898070
vt 0.944303 0.898079
vt 0.944303 0.898089
vt 0.944325 0.898257
vt 0.944322 0.898263
vt 0.944315 0.898262
vt 0.944317 0.898256
vt 0.944297 0.898071
vt 0.944297 0.898080
vt 0.944297 0.898089
vt 0.944326 0.898251
vt 0.944319 0.898250
vt 0.944290 0.898071
vt 0.944291 0.898080
vt 0.944291 0.898089
vt 0.944327 0.898244
vt 0.944320 0.898244
vt 0.944284 0.898071
vt 0.944284 0.898080
vt 0.944284 0.898089
vt 0.944326 0.898238
vt 0.944319 0.898237
vt 0.944278 0.898070
vt 0.944278 0.898079
vt 0.944278 0.898089
vt 0.944325 0.898231
vt 0.944317 0.898231
vt 0.944272 0.898070
vt 0.944272 0.898078
vt 0.944272 0.898088
vt 0.944322 0.898225
vt 0.944315 0.898225
vt 0.944267 0.898068
vt 0.944267 0.898077
vt 0.944267 0.898087
vt 0.944135 0.898768
vt 0.944132 0.898764
vt 0.944142 0.898764
vt 0.944145 0.898768
vt 0.944154 0.898762
vt 0.944156 0.898767
vt 0.944165 0.898759
vt 0.944167 0.898764
vt 0.944137 0.898773
vt 0.944148 0.898773
vt 0.944159 0.898771
vt 0.944170 0.898769
vt 0.944151 0.898778
vt 0.944162 0.898777
vt 0.944173 0.898774
vt 0.944154 0.898784
vt 0.944166 0.898782
vt 0.944177 0.898779
vt 0.944158 0.898790
vt 0.944169 0.898788
vt 0.944180 0.898785
vt 0.944161 0.898795
vt 0.944172 0.898793
vt 0.944183 0.898790
vt 0.944164 0.898800
vt 0.944176 0.898798
vt 0.944186 0.898795
vt 0.944167 0.898804
vt 0.944178 0.898803
vt 0.944189 0.898799
vt 0.943859 0.898361
vt 0.943854 0.898360
vt 0.943854 0.898353
vt 0.943860 0.898354
vt 0.943855 0.898344
vt 0.943861 0.898345
vt 0.943856 0.898334
vt 0.943861 0.898335
vt 0.943865 0.898361
vt 0.943866 0.898355
vt 0.943867 0.898346
vt 0.943868 0.898336
vt 0.943872 0.898362
vt 0.943873 0.898355
vt 0.943873 0.898346
vt 0.943874 0.898337
vt 0.944209 0.898220
vt 0.944215 0.898220
vt 0.944209 0.898199
vt 0.944215 0.898200
vt 0.944209 0.898180
vt 0.944215 0.898180
vt 0.944221 0.898221
vt 0.944222 0.898200
vt 0.944221 0.898180
vt 0.944227 0.898221
vt 0.944227 0.898200
vt 0.944227 0.898181
vt 0.944231 0.898222
vt 0.944232 0.898201
vt 0.944369 0.898282
vt 0.944366 0.898278
vt 0.944387 0.898271
vt 0.944390 0.898274
vt 0.944349 0.898292
vt 0.944353 0.898296
vt 0.944372 0.898286
vt 0.944394 0.898278
vt 0.944357 0.898300
vt 0.944377 0.898290
vt 0.944398 0.898283
vt 0.944361 0.898305
vt 0.944381 0.898295
vt 0.944403 0.898287
vt 0.944365 0.898310
vt 0.944386 0.898300
vt 0.944407 0.898292
vt 0.944370 0.898314
vt 0.944390 0.898304
vt 0.944412 0.898297
vt 0.944374 0.898319
vt 0.944394 0.898309
vt 0.944416 0.898302
vt 0.944436 0.898298
vt 0.944378 0.898323
vt 0.944398 0.898313
vt 0.944419 0.898306
vt 0.944439 0.898302
vt 0.944381 0.898327
vt 0.944401 0.898317
vt 0.944422 0.898309
vt 0.944442 0.898306
vt 0.944135 0.898220
vt 0.944140 0.898220
vt 0.944135 0.898199
vt 0.944140 0.898199
vt 0.944135 0.898178
vt 0.944139 0.898179
vt 0.944145 0.898220
vt 0.944145 0.898200
vt 0.944145 0.898179
vt 0.944151 0.898221
vt 0.944151 0.898200
vt 0.944151 0.898180
vt 0.944158 0.898221
vt 0.944158 0.898200
vt 0.944157 0.898180
vt 0.944157 0.898164
vt 0.944164 0.898221
vt 0.944164 0.898200
vt 0.944164 0.898180
vt 0.944163 0.898164
vt 0.944171 0.898221
vt 0.944171 0.898200
vt 0.944170 0.898180
vt 0.944170 0.898164
vt 0.944177 0.898221
vt 0.944177 0.898200
vt 0.944176 0.898180
vt 0.944176 0.898163
vt 0.944182 0.898221
vt 0.944182 0.898200
vt 0.944182 0.898180
vt 0.944181 0.898163
vt 0.944089 0.898744
vt 0.944086 0.898748
vt 0.944109 0.898754
vt 0.944106 0.898758
vt 0.944130 0.898762
vt 0.944127 0.898765
vt 0.944150 0.898765
vt 0.944147 0.898769
vt 0.944082 0.898752
vt 0.944102 0.898762
vt 0.944124 0.898770
vt 0.944144 0.898773
vt 0.944078 0.898757
vt 0.944098 0.898767
vt 0.944120 0.898774
vt 0.944073 0.898762
vt 0.944094 0.898772
vt 0.944115 0.898779
vt 0.944069 0.898767
vt 0.944089 0.898777
vt 0.944111 0.898784
vt 0.944065 0.898771
vt 0.944085 0.898781
vt 0.944106 0.898789
vt 0.944061 0.898776
vt 0.944081 0.898786
vt 0.944102 0.898793
vt 0.944057 0.898779
vt 0.944077 0.898789
vt 0.944098 0.898797
vt 0.944184 0.898219
vt 0.944189 0.898219
vt 0.944184 0.898199
vt 0.944190 0.898199
vt 0.944184 0.898179
vt 0.944190 0.898179
vt 0.944196 0.898219
vt 0.944196 0.898199
vt 0.944196 0.898179
vt 0.944202 0.898220
vt 0.944202 0.898199
vt 0.944202 0.898179
vt 0.947182 0.865794
vt 0.947182 0.866721
vt 0.947118 0.866721
vt 0.947118 0.865794
vt 0.945740 0.865408
vt 0.945764 0.865401
vt 0.945845 0.865597
vt 0.945780 0.865607
vt 0.945786 0.865389
vt 0.945911 0.865576
vt 0.945805 0.865373
vt 0.945973 0.865542
vt 0.945820 0.865354
vt 0.946029 0.865494
vt 0.945832 0.865332
vt 0.946074 0.865433
vt 0.945839 0.865309
vt 0.946105 0.865361
vt 0.945842 0.865284
vt 0.946120 0.865284
vt 0.945839 0.865259
vt 0.946118 0.865204
vt 0.945832 0.865236
vt 0.946099 0.865125
vt 0.945820 0.865214
vt 0.946064 0.865051
vt 0.945805 0.865195
vt 0.946014 0.864985
vt 0.945786 0.865179
vt 0.945951 0.864931
vt 0.945764 0.865167
vt 0.945879 0.864890
vt 0.945740 0.865160
vt 0.945799 0.864865
vt 0.945715 0.865158
vt 0.945715 0.864856
vt 0.945691 0.865160
vt 0.945632 0.864865
vt 0.945667 0.865167
vt 0.945552 0.864890
vt 0.945645 0.865179
vt 0.945479 0.864931
vt 0.945626 0.865195
vt 0.945417 0.864985
vt 0.945610 0.865214
vt 0.945367 0.865051
vt 0.945599 0.865236
vt 0.945331 0.865125
vt 0.945591 0.865259
vt 0.945313 0.865204
vt 0.945589 0.865284
vt 0.945311 0.865284
vt 0.945591 0.865309
vt 0.945326 0.865361
vt 0.945599 0.865332
vt 0.945357 0.865433
vt 0.945610 0.865354
vt 0.945401 0.865494
vt 0.945626 0.865373
vt 0.945457 0.865542
vt 0.945645 0.865389
vt 0.945520 0.865576
vt 0.945667 0.865401
vt 0.945586 0.865597
vt 0.945792 0.865360
vt 0.945805 0.865344
vt 0.945811 0.865348
vt 0.945797 0.865365
vt 0.945691 0.865408
vt 0.945651 0.865607
vt 0.945715 0.865410
vt 0.945715 0.865609
vt 0.946736 0.865774
vt 0.946831 0.865764
vt 0.946923 0.865736
vt 0.947008 0.865691
vt 0.947082 0.865630
vt 0.947143 0.865556
vt 0.947188 0.865471
vt 0.947216 0.865379
vt 0.947225 0.865284
vt 0.947216 0.865188
vt 0.947188 0.865097
vt 0.947143 0.865012
vt 0.947082 0.864938
vt 0.947008 0.864877
vt 0.946923 0.864831
vt 0.946831 0.864804
vt 0.946736 0.864794
vt 0.946640 0.864804
vt 0.946548 0.864831
vt 0.946464 0.864877
vt 0.946389 0.864938
vt 0.946328 0.865012
vt 0.946283 0.865097
vt 0.946255 0.865188
vt 0.946246 0.865284
vt 0.946255 0.865379
vt 0.946283 0.865471
vt 0.946328 0.865556
vt 0.946389 0.865630
vt 0.946464 0.865691
vt 0.946548 0.865736
vt 0.946640 0.865764
vt 0.947246 0.865794
vt 0.947246 0.866721
vt 0.945269 0.865794
vt 0.945269 0.866721
vt 0.945205 0.866721
vt 0.945205 0.865794
vt 0.947054 0.865794
vt 0.947054 0.866721
vt 0.946991 0.866721
vt 0.946991 0.865794
vt 0.946927 0.866721
vt 0.946927 0.865794
vt 0.946863 0.866721
vt 0.946863 0.865794
vt 0.946799 0.866721
vt 0.946799 0.865794
vt 0.946736 0.866721
vt 0.946736 0.865794
vt 0.946672 0.866721
vt 0.946672 0.865794
vt 0.946608 0.866721
vt 0.946608 0.865794
vt 0.946544 0.866721
vt 0.946544 0.865794
vt 0.946481 0.866721
vt 0.946481 0.865794
vt 0.946417 0.866721
vt 0.946417 0.865794
vt 0.946353 0.866721
vt 0.946353 0.865794
vt 0.946289 0.866721
vt 0.946289 0.865794
vt 0.946225 0.866721
vt 0.946225 0.865794
vt 0.946162 0.866721
vt 0.946162 0.865794
vt 0.946098 0.866721
vt 0.946098 0.865794
vt 0.946034 0.866721
vt 0.946034 0.865794
vt 0.945970 0.866721
vt 0.945970 0.865794
vt 0.945907 0.866721
vt 0.945907 0.865794
vt 0.945843 0.866721
vt 0.945843 0.865794
vt 0.945779 0.866721
vt 0.945779 0.865794
vt 0.945715 0.866721
vt 0.945715 0.865794
vt 0.945652 0.866721
vt 0.945652 0.865794
vt 0.945588 0.866721
vt 0.945588 0.865794
vt 0.945524 0.866721
vt 0.945524 0.865794
vt 0.945460 0.866721
vt 0.945460 0.865794
vt 0.945396 0.866721
vt 0.945396 0.865794
vt 0.945333 0.866721
vt 0.945333 0.865794
vt 0.945823 0.865284
vt 0.945821 0.865305
vt 0.945821 0.865305
vt 0.945823 0.865284
vt 0.945674 0.865184
vt 0.945655 0.865194
vt 0.945652 0.865188
vt 0.945671 0.865178
vt 0.945815 0.865325
vt 0.945821 0.865328
vt 0.945757 0.865384
vt 0.945775 0.865374
vt 0.945779 0.865379
vt 0.945759 0.865390
vt 0.945639 0.865208
vt 0.945634 0.865203
vt 0.945828 0.865306
vt 0.945626 0.865224
vt 0.945620 0.865220
vt 0.945830 0.865284
vt 0.945616 0.865243
vt 0.945609 0.865240
vt 0.945821 0.865263
vt 0.945828 0.865262
vt 0.945610 0.865263
vt 0.945603 0.865262
vt 0.945815 0.865243
vt 0.945821 0.865240
vt 0.945607 0.865284
vt 0.945600 0.865284
vt 0.945805 0.865224
vt 0.945811 0.865220
vt 0.945610 0.865305
vt 0.945603 0.865306
vt 0.945792 0.865208
vt 0.945797 0.865203
vt 0.945616 0.865325
vt 0.945609 0.865328
vt 0.945775 0.865194
vt 0.945779 0.865188
vt 0.945626 0.865344
vt 0.945620 0.865348
vt 0.945757 0.865184
vt 0.945759 0.865178
vt 0.945639 0.865360
vt 0.945634 0.865365
vt 0.945736 0.865178
vt 0.945738 0.865171
vt 0.945736 0.865390
vt 0.945738 0.865397
vt 0.945655 0.865374
vt 0.945652 0.865379
vt 0.945715 0.865176
vt 0.945715 0.865169
vt 0.945715 0.865410
vt 0.945740 0.865408
vt 0.945674 0.865384
vt 0.945671 0.865390
vt 0.945694 0.865178
vt 0.945693 0.865171
vt 0.945694 0.865390
vt 0.945693 0.865397
vt 0.945764 0.865401
vt 0.945715 0.865392
vt 0.945715 0.865399
vt 0.945786 0.865389
vt 0.945805 0.865373
vt 0.945820 0.865354
vt 0.945832 0.865332
vt 0.945839 0.865309
vt 0.945842 0.865284
vt 0.945839 0.865259
vt 0.945832 0.865236
vt 0.945820 0.865214
vt 0.945805 0.865195
vt 0.945786 0.865179
vt 0.945764 0.865167
vt 0.945740 0.865160
vt 0.945715 0.865158
vt 0.945691 0.865160
vt 0.945667 0.865167
vt 0.945645 0.865179
vt 0.945626 0.865195
vt 0.945610 0.865214
vt 0.945599 0.865236
vt 0.945591 0.865259
vt 0.945589 0.865284
vt 0.945591 0.865309
vt 0.945599 0.865332
vt 0.945610 0.865354
vt 0.945626 0.865373
vt 0.945645 0.865389
vt 0.945667 0.865401
vt 0.945691 0.865408
vt 0.945736 0.865390
vt 0.945757 0.865384
vt 0.945626 0.865224
vt 0.945616 0.865243
vt 0.945821 0.865263
vt 0.945610 0.865263
vt 0.945815 0.865243
vt 0.945607 0.865284
vt 0.945805 0.865224
vt 0.945610 0.865305
vt 0.945792 0.865208
vt 0.945616 0.865325
vt 0.945775 0.865194
vt 0.945626 0.865344
vt 0.945757 0.865184
vt 0.945639 0.865360
vt 0.945736 0.865178
vt 0.945725 0.865334
vt 0.945715 0.865335
vt 0.945705 0.865334
vt 0.945696 0.865331
vt 0.945687 0.865327
vt 0.945679 0.865320
vt 0.945673 0.865312
vt 0.945668 0.865304
vt 0.945665 0.865294
vt 0.945664 0.865284
vt 0.945665 0.865274
vt 0.945668 0.865264
vt 0.945673 0.865255
vt 0.945679 0.865248
vt 0.945687 0.865241
vt 0.945696 0.865237
vt 0.945705 0.865234
vt 0.945715 0.865233
vt 0.945725 0.865234
vt 0.945735 0.865237
vt 0.945744 0.865241
vt 0.945752 0.865248
vt 0.945758 0.865255
vt 0.945763 0.865264
vt 0.945766 0.865274
vt 0.945767 0.865284
vt 0.945766 0.865294
vt 0.945763 0.865304
vt 0.945758 0.865312
vt 0.945752 0.865320
vt 0.945744 0.865327
vt 0.945735 0.865331
vt 0.945655 0.865374
vt 0.945715 0.865176
vt 0.945694 0.865390
vt 0.945715 0.865392
vt 0.945674 0.865384
vt 0.945694 0.865178
vt 0.945775 0.865374
vt 0.945792 0.865360
vt 0.945674 0.865184
vt 0.945805 0.865344
vt 0.945655 0.865194
vt 0.945815 0.865325
vt 0.945639 0.865208
vt 0.945715 0.865392
vt 0.945736 0.865390
vt 0.945715 0.865392
vt 0.945736 0.865390
vt 0.945715 0.865368
vt 0.945732 0.865367
vt 0.945715 0.865353
vt 0.945729 0.865351
vt 0.945757 0.865384
vt 0.945757 0.865384
vt 0.945748 0.865362
vt 0.945742 0.865347
vt 0.945775 0.865374
vt 0.945775 0.865373
vt 0.945762 0.865354
vt 0.945754 0.865341
vt 0.945792 0.865360
vt 0.945791 0.865360
vt 0.945775 0.865344
vt 0.945764 0.865332
vt 0.945805 0.865344
vt 0.945805 0.865344
vt 0.945786 0.865331
vt 0.945772 0.865322
vt 0.945815 0.865325
vt 0.945815 0.865325
vt 0.945793 0.865316
vt 0.945779 0.865310
vt 0.945821 0.865305
vt 0.945821 0.865305
vt 0.945798 0.865300
vt 0.945783 0.865297
vt 0.945823 0.865284
vt 0.945823 0.865284
vt 0.945800 0.865284
vt 0.945784 0.865284
vt 0.945821 0.865263
vt 0.945821 0.865263
vt 0.945798 0.865267
vt 0.945783 0.865270
vt 0.945815 0.865243
vt 0.945815 0.865243
vt 0.945793 0.865252
vt 0.945779 0.865258
vt 0.945805 0.865224
vt 0.945805 0.865224
vt 0.945786 0.865237
vt 0.945772 0.865246
vt 0.945792 0.865208
vt 0.945791 0.865208
vt 0.945775 0.865224
vt 0.945764 0.865235
vt 0.945775 0.865194
vt 0.945775 0.865194
vt 0.945762 0.865214
vt 0.945754 0.865227
vt 0.945757 0.865184
vt 0.945757 0.865184
vt 0.945748 0.865206
vt 0.945742 0.865220
vt 0.945736 0.865178
vt 0.945736 0.865178
vt 0.945732 0.865201
vt 0.945729 0.865217
vt 0.945715 0.865176
vt 0.945715 0.865176
vt 0.945715 0.865199
vt 0.945715 0.865215
vt 0.945694 0.865178
vt 0.945694 0.865178
vt 0.945699 0.865201
vt 0.945702 0.865217
vt 0.945674 0.865184
vt 0.945674 0.865184
vt 0.945683 0.865206
vt 0.945689 0.865220
vt 0.945655 0.865194
vt 0.945656 0.865194
vt 0.945668 0.865214
vt 0.945677 0.865227
vt 0.945639 0.865208
vt 0.945639 0.865208
vt 0.945656 0.865224
vt 0.945667 0.865235
vt 0.945626 0.865224
vt 0.945626 0.865224
vt 0.945645 0.865237
vt 0.945658 0.865246
vt 0.945616 0.865243
vt 0.945616 0.865243
vt 0.945637 0.865252
vt 0.945652 0.865258
vt 0.945610 0.865263
vt 0.945610 0.865263
vt 0.945633 0.865267
vt 0.945648 0.865270
vt 0.945608 0.865284
vt 0.945608 0.865284
vt 0.945631 0.865284
vt 0.945647 0.865284
vt 0.945610 0.865305
vt 0.945610 0.865305
vt 0.945633 0.865300
vt 0.945648 0.865297
vt 0.945616 0.865325
vt 0.945616 0.865325
vt 0.945637 0.865316
vt 0.945652 0.865310
vt 0.945626 0.865344
vt 0.945626 0.865344
vt 0.945645 0.865331
vt 0.945658 0.865322
vt 0.945639 0.865360
vt 0.945639 0.865360
vt 0.945656 0.865344
vt 0.945667 0.865332
vt 0.945655 0.865374
vt 0.945656 0.865373
vt 0.945668 0.865354
vt 0.945677 0.865341
vt 0.945674 0.865384
vt 0.945674 0.865384
vt 0.945683 0.865362
vt 0.945689 0.865347
vt 0.945694 0.865390
vt 0.945694 0.865390
vt 0.945699 0.865367
vt 0.945702 0.865351
vt 0.945715 0.865410
vt 0.945740 0.865408
vt 0.945715 0.865410
vt 0.945740 0.865408
vt 0.945715 0.865405
vt 0.945739 0.865403
vt 0.945715 0.865402
vt 0.945738 0.865400
vt 0.945764 0.865401
vt 0.945764 0.865401
vt 0.945762 0.865396
vt 0.945761 0.865393
vt 0.945786 0.865389
vt 0.945785 0.865389
vt 0.945783 0.865385
vt 0.945781 0.865382
vt 0.945805 0.865373
vt 0.945805 0.865373
vt 0.945801 0.865370
vt 0.945799 0.865368
vt 0.945820 0.865354
vt 0.945820 0.865354
vt 0.945816 0.865351
vt 0.945814 0.865350
vt 0.945832 0.865332
vt 0.945832 0.865332
vt 0.945828 0.865330
vt 0.945825 0.865329
vt 0.945839 0.865309
vt 0.945839 0.865309
vt 0.945835 0.865308
vt 0.945831 0.865307
vt 0.945842 0.865284
vt 0.945842 0.865284
vt 0.945837 0.865284
vt 0.945834 0.865284
vt 0.945839 0.865259
vt 0.945839 0.865259
vt 0.945835 0.865260
vt 0.945831 0.865261
vt 0.945832 0.865236
vt 0.945832 0.865236
vt 0.945828 0.865237
vt 0.945825 0.865239
vt 0.945820 0.865214
vt 0.945820 0.865214
vt 0.945816 0.865216
vt 0.945814 0.865218
vt 0.945805 0.865195
vt 0.945805 0.865195
vt 0.945801 0.865198
vt 0.945799 0.865200
vt 0.945786 0.865179
vt 0.945785 0.865179
vt 0.945783 0.865183
vt 0.945781 0.865185
vt 0.945764 0.865167
vt 0.945764 0.865167
vt 0.945762 0.865172
vt 0.945761 0.865175
vt 0.945740 0.865160
vt 0.945740 0.865160
vt 0.945739 0.865165
vt 0.945738 0.865168
vt 0.945715 0.865158
vt 0.945715 0.865158
vt 0.945715 0.865162
vt 0.945715 0.865166
vt 0.945691 0.865160
vt 0.945691 0.865160
vt 0.945692 0.865165
vt 0.945692 0.865168
vt 0.945667 0.865167
vt 0.945667 0.865167
vt 0.945669 0.865172
vt 0.945670 0.865175
vt 0.945645 0.865179
vt 0.945645 0.865179
vt 0.945648 0.865183
vt 0.945650 0.865185
vt 0.945626 0.865195
vt 0.945626 0.865195
vt 0.945629 0.865198
vt 0.945632 0.865200
vt 0.945610 0.865214
vt 0.945610 0.865214
vt 0.945614 0.865216
vt 0.945617 0.865218
vt 0.945599 0.865236
vt 0.945599 0.865236
vt 0.945603 0.865237
vt 0.945606 0.865239
vt 0.945591 0.865259
vt 0.945591 0.865259
vt 0.945596 0.865260
vt 0.945599 0.865261
vt 0.945589 0.865284
vt 0.945589 0.865284
vt 0.945594 0.865284
vt 0.945597 0.865284
vt 0.945591 0.865309
vt 0.945591 0.865309
vt 0.945596 0.865308
vt 0.945599 0.865307
vt 0.945599 0.865332
vt 0.945599 0.865332
vt 0.945603 0.865330
vt 0.945606 0.865329
vt 0.945610 0.865354
vt 0.945610 0.865354
vt 0.945614 0.865351
vt 0.945617 0.865350
vt 0.945626 0.865373
vt 0.945626 0.865373
vt 0.945629 0.865370
vt 0.945632 0.865368
vt 0.945645 0.865389
vt 0.945645 0.865389
vt 0.945648 0.865385
vt 0.945650 0.865382
vt 0.945667 0.865401
vt 0.945667 0.865401
vt 0.945669 0.865396
vt 0.945670 0.865393
vt 0.945691 0.865408
vt 0.945691 0.865408
vt 0.945692 0.865403
vt 0.945692 0.865400
vt 0.947242 0.866814
vt 0.947199 0.866814
vt 0.947147 0.866814
vt 0.947092 0.866814
vt 0.947033 0.866814
vt 0.946972 0.866814
vt 0.946927 0.866814
vt 0.946908 0.866814
vt 0.946844 0.866814
vt 0.946778 0.866814
vt 0.946736 0.866814
vt 0.946711 0.866814
vt 0.946644 0.866814
vt 0.946576 0.866814
vt 0.946544 0.866814
vt 0.946507 0.866814
vt 0.946439 0.866814
vt 0.946370 0.866814
vt 0.946301 0.866814
vt 0.946232 0.866814
vt 0.946163 0.866814
vt 0.946098 0.866814
vt 0.946034 0.866814
vt 0.945970 0.866814
vt 0.945944 0.866814
vt 0.945907 0.866814
vt 0.945843 0.866814
vt 0.945779 0.866814
vt 0.945740 0.866814
vt 0.945715 0.866814
vt 0.945652 0.866814
vt 0.945607 0.866814
vt 0.945588 0.866814
vt 0.945542 0.866814
vt 0.945524 0.866814
vt 0.945460 0.866814
vt 0.945418 0.866814
vt 0.945396 0.866814
vt 0.945333 0.866814
vt 0.945269 0.866814
vt 0.945209 0.866814
vt 0.946002 0.866317
vt 0.946194 0.866317
vt 0.946165 0.866346
vt 0.946030 0.866346
vt 0.945983 0.865807
vt 0.946225 0.865807
vt 0.946467 0.865807
vt 0.946467 0.866291
vt 0.946225 0.866291
vt 0.945983 0.866291
vt 0.945983 0.866783
vt 0.945983 0.866336
vt 0.946012 0.866364
vt 0.946012 0.866754
vt 0.946467 0.866336
vt 0.946467 0.866783
vt 0.946439 0.866754
vt 0.946439 0.866364
vt 0.946225 0.865297
vt 0.946467 0.865297
vt 0.946467 0.865781
vt 0.946225 0.865781
vt 0.946212 0.866336
vt 0.946212 0.866783
vt 0.946184 0.866754
vt 0.946184 0.866364
vt 0.945983 0.865297
vt 0.945983 0.865781
vt 0.946494 0.865807
vt 0.946978 0.865807
vt 0.946978 0.866291
vt 0.946494 0.866291
vt 0.946257 0.866317
vt 0.946449 0.866317
vt 0.946420 0.866346
vt 0.946286 0.866346
vt 0.946239 0.866783
vt 0.946239 0.866336
vt 0.946267 0.866364
vt 0.946267 0.866754
vt 0.945473 0.865807
vt 0.945957 0.865807
vt 0.945957 0.866291
vt 0.945473 0.866291
vt 0.946449 0.866801
vt 0.946257 0.866801
vt 0.946286 0.866773
vt 0.946420 0.866773
vt 0.946280 0.866359
vt 0.946426 0.866359
vt 0.946426 0.866760
vt 0.946280 0.866760
vt 0.946025 0.866359
vt 0.946171 0.866359
vt 0.946171 0.866760
vt 0.946025 0.866760
vt 0.946194 0.866801
vt 0.946002 0.866801
vt 0.946030 0.866773
vt 0.946165 0.866773
vt 0.945983 0.866814
vt 0.945970 0.866801
vt 0.946474 0.866808
vt 0.946467 0.866814
vt 0.945460 0.865807
vt 0.945473 0.865794
vt 0.946467 0.865271
vt 0.946481 0.865271
vt 0.945939 0.866304
vt 0.946225 0.866814
vt 0.946280 0.866359
vt 0.946426 0.866359
vt 0.946426 0.866760
vt 0.946280 0.866760
vt 0.946025 0.866359
vt 0.946171 0.866359
vt 0.946171 0.866760
vt 0.946025 0.866760
vt 0.945460 0.866291
vt 0.946257 0.864774
vt 0.946449 0.864774
vt 0.946467 0.864787
vt 0.946225 0.864787
vt 0.946481 0.864787
vt 0.945983 0.865271
vt 0.946225 0.865271
vt 0.946978 0.865794
vt 0.945492 0.866304
vt 0.946959 0.866304
vt 0.945983 0.864787
vt 0.946280 0.866760
vt 0.946426 0.866760
vt 0.946426 0.866760
vt 0.946278 0.866760
vt 0.946171 0.866760
vt 0.946171 0.866359
vt 0.946171 0.866354
vt 0.946171 0.866765
vt 0.946025 0.866760
vt 0.946025 0.866760
vt 0.946280 0.866359
vt 0.946280 0.866354
vt 0.946426 0.866359
vt 0.946426 0.866359
vt 0.946025 0.866359
vt 0.946025 0.866359
vt 0.946191 0.866780
vt 0.946191 0.866367
vt 0.946225 0.866333
vt 0.946260 0.866367
vt 0.946260 0.866780
vt 0.946446 0.866780
vt 0.946446 0.866367
vt 0.946460 0.866354
vt 0.946460 0.866794
vt 0.945991 0.866794
vt 0.945991 0.866354
vt 0.946005 0.866367
vt 0.946005 0.866780
vt 0.945991 0.864794
vt 0.946460 0.864794
vt 0.946460 0.865263
vt 0.945991 0.865263
vt 0.945991 0.865304
vt 0.946460 0.865304
vt 0.946460 0.865774
vt 0.945991 0.865774
vt 0.945991 0.865815
vt 0.946460 0.865815
vt 0.946460 0.866284
vt 0.946225 0.866284
vt 0.945991 0.866284
vt 0.946275 0.866325
vt 0.946431 0.866325
vt 0.946417 0.866338
vt 0.946289 0.866338
vt 0.946501 0.865815
vt 0.946970 0.865815
vt 0.946970 0.866284
vt 0.946501 0.866284
vt 0.946020 0.866325
vt 0.946176 0.866325
vt 0.946162 0.866338
vt 0.946034 0.866338
vt 0.945970 0.865304
vt 0.945460 0.866284
vt 0.945481 0.866304
vt 0.945481 0.866304
vt 0.946460 0.864774
vt 0.946481 0.864794
vt 0.946481 0.865263
vt 0.945970 0.865774
vt 0.945970 0.866325
vt 0.946005 0.866339
vt 0.946460 0.866304
vt 0.945481 0.865815
vt 0.945460 0.865815
vt 0.945950 0.865815
vt 0.945481 0.865794
vt 0.945950 0.865794
vt 0.945950 0.866284
vt 0.945921 0.866304
vt 0.946481 0.866794
vt 0.945991 0.864774
vt 0.945991 0.866325
vt 0.946460 0.866325
vt 0.946460 0.866794
vt 0.945991 0.866794
vt 0.945991 0.865814
vt 0.946460 0.865814
vt 0.946460 0.866284
vt 0.945991 0.866284
vt 0.946501 0.865814
vt 0.946970 0.865814
vt 0.946970 0.866284
vt 0.946501 0.866284
vt 0.945991 0.864794
vt 0.946460 0.864794
vt 0.946460 0.865263
vt 0.945991 0.865263
vt 0.945991 0.865304
vt 0.946460 0.865304
vt 0.946460 0.865774
vt 0.945991 0.865774
vt 0.945481 0.866284
vt 0.945481 0.866304
vt 0.945460 0.866284
vt 0.946970 0.866304
vt 0.946991 0.866284
vt 0.945970 0.865263
vt 0.946481 0.865304
vt 0.945950 0.866284
vt 0.945970 0.865774
vt 0.945970 0.864794
vt 0.945991 0.864774
vt 0.946460 0.864774
vt 0.946991 0.865814
vt 0.945481 0.865814
vn -0.0969 0.0132 -0.9952
vn -0.0963 0.0132 -0.9953
vn 0.0000 0.0000 1.0000
vn -0.6291 0.0099 0.7773
vn -0.6230 0.0102 0.7822
vn -0.6287 0.0101 0.7776
vn 0.0000 -1.0000 -0.0000
vn -0.6259 0.0827 -0.7755
vn -0.6299 0.0082 -0.7767
vn -0.6248 0.0080 -0.7807
vn -0.6296 0.0075 -0.7769
vn 0.9559 0.0012 -0.2937
vn 0.9558 0.0010 -0.2940
vn 0.9548 0.0010 -0.2973
vn 0.0967 0.0168 0.9952
vn 0.0959 0.0168 0.9953
vn 0.0959 0.0168 0.9952
vn -0.9951 0.0001 -0.0992
vn -0.9949 0.0000 -0.1006
vn -0.9950 0.0001 -0.1000
vn 0.4670 0.0105 -0.8842
vn 0.4667 0.0100 -0.8843
vn 0.4623 0.0098 -0.8867
vn 0.7687 0.0065 0.6396
vn 0.7684 0.0067 0.6400
vn 0.7637 0.0067 0.6455
vn -0.7687 0.0065 0.6396
vn -0.7637 0.0067 0.6455
vn -0.7684 0.0067 0.6400
vn -0.4670 0.0105 -0.8842
vn -0.4623 0.0098 -0.8867
vn -0.4667 0.0100 -0.8843
vn 0.9951 0.0001 -0.0992
vn 0.9950 0.0001 -0.1000
vn 0.9949 -0.0000 -0.1007
vn -0.0967 0.0168 0.9952
vn -0.0959 0.0168 0.9952
vn -0.0959 0.0168 0.9953
vn -0.9559 0.0012 -0.2937
vn -0.9548 0.0010 -0.2973
vn -0.9558 0.0010 -0.2940
vn 0.6299 0.0082 -0.7767
vn 0.6296 0.0075 -0.7769
vn 0.6248 0.0080 -0.7807
vn 0.6291 0.0099 0.7773
vn 0.6287 0.0101 0.7776
vn 0.6230 0.0102 0.7822
vn -0.8792 0.0036 0.4765
vn -0.8761 0.0035 0.4821
vn -0.8790 0.0034 0.4768
vn -0.2871 0.0123 -0.9578
vn -0.2854 0.0123 -0.9583
vn -0.2870 0.0122 -0.9579
vn 0.9951 0.0001 0.0992
vn 0.9950 0.0001 0.1001
vn 0.9949 0.0000 0.1004
vn -0.2866 0.0155 0.9579
vn -0.2822 0.0163 0.9592
vn -0.2841 0.0154 0.9587
vn -0.8795 0.0032 -0.4759
vn -0.8768 0.0033 -0.4809
vn -0.8793 0.0032 -0.4763
vn 0.7692 0.0056 -0.6390
vn 0.7689 0.0054 -0.6393
vn 0.7649 0.0055 -0.6441
vn 0.4660 0.0130 0.8847
vn 0.4658 0.0130 0.8848
vn 0.4600 0.0131 0.8878
vn -0.9559 0.0013 0.2938
vn -0.9546 0.0012 0.2978
vn -0.9558 0.0012 0.2942
vn 0.0917 0.5911 -0.8014
vn 0.0924 0.5910 -0.8013
vn 0.9559 0.0013 0.2938
vn 0.9558 0.0012 0.2942
vn 0.9546 0.0012 0.2978
vn -0.4660 0.0130 0.8847
vn -0.4600 0.0131 0.8878
vn -0.4658 0.0130 0.8848
vn -0.7692 0.0056 -0.6390
vn -0.7649 0.0055 -0.6441
vn -0.7689 0.0054 -0.6393
vn 0.8795 0.0032 -0.4759
vn 0.8793 0.0032 -0.4763
vn 0.8768 0.0033 -0.4809
vn 0.2866 0.0155 0.9579
vn 0.2841 0.0154 0.9587
vn 0.2822 0.0163 0.9592
vn -0.9951 0.0001 0.0992
vn -0.9949 0.0000 0.1004
vn -0.9950 0.0001 0.1001
vn 0.0969 0.0132 -0.9952
vn 0.0963 0.0132 -0.9953
vn 0.2871 0.0123 -0.9578
vn 0.2870 0.0122 -0.9579
vn 0.2854 0.0123 -0.9583
vn 0.8792 0.0036 0.4765
vn 0.8790 0.0034 0.4768
vn 0.8761 0.0035 0.4821
vn 0.6248 -0.1085 0.7732
vn 0.0955 -0.1420 0.9852
vn 0.4632 0.0914 -0.8815
vn -0.4631 0.0914 -0.8816
vn -0.0955 -0.1420 0.9852
vn 0.6259 0.0827 -0.7755
vn -0.2845 0.0969 -0.9538
vn -0.2835 -0.1362 0.9492
vn 0.7658 0.0705 -0.6392
vn -0.4621 -0.1248 0.8780
vn 0.8773 0.0545 -0.4768
vn 0.2844 0.0970 -0.9538
vn -0.6248 -0.1085 0.7732
vn 0.9550 0.0349 -0.2945
vn -0.7651 -0.0879 0.6379
vn 0.9949 0.0131 -0.0998
vn 0.9949 0.0197 -0.0987
vn 0.9948 0.0053 -0.1019
vn 0.9947 0.0108 -0.1024
vn -0.8770 -0.0642 0.4763
vn 0.9949 -0.0137 0.0998
vn 0.9949 -0.0201 0.0986
vn 0.9947 -0.0051 0.1026
vn 0.9947 -0.0114 0.1024
vn -0.9549 -0.0386 0.2943
vn 0.9549 -0.0386 0.2943
vn -0.9949 -0.0201 0.0986
vn -0.9949 -0.0137 0.0998
vn -0.9947 -0.0114 0.1024
vn -0.9947 -0.0051 0.1026
vn 0.8770 -0.0642 0.4763
vn -0.9949 0.0197 -0.0987
vn -0.9949 0.0131 -0.0998
vn -0.9947 0.0108 -0.1024
vn -0.9948 0.0053 -0.1019
vn 0.5982 -0.5093 0.6187
vn 0.6018 -0.5077 0.6165
vn 0.6022 -0.5072 0.6165
vn -0.9550 0.0349 -0.2945
vn 0.7651 -0.0879 0.6379
vn -0.8773 0.0545 -0.4768
vn 0.4621 -0.1248 0.8780
vn -0.7658 0.0705 -0.6392
vn 0.2835 -0.1362 0.9492
vn -0.0959 0.0996 -0.9904
vn 0.0957 -0.7402 0.6655
vn -0.8681 0.3001 -0.3954
vn -0.8658 0.3025 -0.3986
vn -0.8684 0.2997 -0.3950
vn 0.4367 -0.5741 0.6926
vn 0.4398 -0.5732 0.6914
vn 0.4401 -0.5732 0.6911
vn -0.7522 0.3961 -0.5266
vn -0.7485 0.3986 -0.5300
vn -0.7526 0.3957 -0.5263
vn 0.2651 -0.6179 0.7402
vn 0.2662 -0.6175 0.7402
vn 0.2677 -0.6172 0.7399
vn -0.0917 0.5911 -0.8014
vn -0.0924 0.5910 -0.8013
vn -0.6102 0.4738 -0.6349
vn -0.6056 0.4759 -0.6377
vn -0.6105 0.4736 -0.6347
vn 0.0894 -0.6391 0.7639
vn 0.0899 -0.6391 0.7638
vn 0.4444 0.5340 -0.7192
vn 0.4488 0.5328 -0.7174
vn 0.4491 0.5324 -0.7176
vn -0.4488 0.5328 -0.7174
vn -0.4444 0.5340 -0.7192
vn -0.4491 0.5324 -0.7176
vn -0.0894 -0.6391 0.7639
vn -0.0899 -0.6391 0.7638
vn 0.6056 0.4759 -0.6377
vn 0.6102 0.4738 -0.6349
vn 0.6105 0.4736 -0.6347
vn -0.2744 0.5718 -0.7731
vn -0.2712 0.5724 -0.7738
vn -0.2745 0.5715 -0.7733
vn -0.2662 -0.6175 0.7402
vn -0.2651 -0.6179 0.7402
vn -0.2677 -0.6172 0.7399
vn 0.7485 0.3986 -0.5300
vn 0.7522 0.3961 -0.5266
vn 0.7526 0.3957 -0.5263
vn -0.4398 -0.5732 0.6914
vn -0.4366 -0.5741 0.6926
vn -0.4401 -0.5732 0.6911
vn 0.8658 0.3025 -0.3986
vn 0.8681 0.3001 -0.3954
vn 0.8684 0.2997 -0.3950
vn 0.2712 0.5724 -0.7738
vn 0.2744 0.5718 -0.7731
vn 0.2748 0.5714 -0.7733
vn -0.6018 -0.5077 0.6165
vn -0.5982 -0.5093 0.6187
vn -0.6022 -0.5072 0.6165
vn 0.9500 0.1899 -0.2479
vn 0.9510 0.1881 -0.2455
vn 0.9511 0.1879 -0.2451
vn -0.7463 -0.4204 0.5160
vn -0.7432 -0.4227 0.5187
vn -0.7466 -0.4201 0.5159
vn 0.9943 0.0651 -0.0839
vn 0.9944 0.0649 -0.0837
vn 0.9946 0.0562 -0.0877
vn 0.9943 0.0644 -0.0849
vn -0.8653 -0.3143 0.3904
vn -0.8632 -0.3166 0.3932
vn -0.8656 -0.3140 0.3901
vn 0.9943 -0.0658 0.0837
vn 0.9944 -0.0656 0.0835
vn 0.9945 -0.0569 0.0875
vn 0.9943 -0.0650 0.0844
vn -0.9502 -0.1939 0.2438
vn -0.9493 -0.1956 0.2459
vn -0.9503 -0.1937 0.2436
vn 0.9494 -0.1956 0.2459
vn 0.9502 -0.1939 0.2438
vn 0.9503 -0.1937 0.2436
vn -0.9944 -0.0656 0.0835
vn -0.9943 -0.0658 0.0837
vn -0.9943 -0.0650 0.0844
vn -0.9945 -0.0569 0.0875
vn 0.8632 -0.3166 0.3932
vn 0.8653 -0.3143 0.3904
vn 0.8656 -0.3140 0.3901
vn -0.9944 0.0649 -0.0837
vn -0.9943 0.0651 -0.0839
vn -0.9943 0.0644 -0.0849
vn -0.9946 0.0562 -0.0877
vn 0.7432 -0.4227 0.5187
vn 0.7463 -0.4204 0.5160
vn 0.7466 -0.4201 0.5159
vn -0.9510 0.1881 -0.2455
vn -0.9500 0.1899 -0.2479
vn -0.9511 0.1879 -0.2451
vn -0.4627 -0.6583 0.5938
vn 0.4638 0.6445 -0.6079
vn -0.4638 0.6445 -0.6079
vn -0.0957 -0.7402 0.6655
vn 0.6266 0.5676 -0.5340
vn -0.2850 0.6968 -0.6583
vn -0.2864 -0.0085 0.9581
vn 0.7665 0.4685 -0.4393
vn -0.2840 -0.7127 0.6414
vn 0.8778 0.3501 -0.3270
vn 0.2850 0.6968 -0.6583
vn -0.6256 -0.5785 0.5234
vn 0.9552 0.2167 -0.2015
vn -0.7658 -0.4761 0.4323
vn 0.9950 0.0734 -0.0680
vn 0.9949 0.0793 -0.0626
vn 0.9949 0.0743 -0.0680
vn -0.8774 -0.3545 0.3233
vn 0.9950 -0.0736 0.0678
vn 0.9949 -0.0796 0.0627
vn 0.9949 -0.0747 0.0680
vn -0.9551 -0.2184 0.2001
vn 0.9551 -0.2184 0.2001
vn -0.9950 -0.0736 0.0678
vn -0.9949 -0.0747 0.0680
vn -0.9949 -0.0796 0.0627
vn 0.8774 -0.3545 0.3233
vn -0.9950 0.0734 -0.0680
vn -0.9949 0.0743 -0.0680
vn -0.9949 0.0793 -0.0626
vn 0.7658 -0.4761 0.4323
vn -0.9552 0.2167 -0.2015
vn 0.6256 -0.5785 0.5234
vn -0.8778 0.3501 -0.3270
vn 0.4627 -0.6583 0.5938
vn -0.7665 0.4685 -0.4393
vn 0.2840 -0.7127 0.6414
vn -0.0961 0.7232 -0.6839
vn -0.6266 0.5676 -0.5340
vn 0.7675 0.0367 -0.6401
vn -0.0963 0.0654 -0.9932
vn -0.4661 -0.0104 0.8847
vn 0.8785 0.0254 -0.4770
vn -0.6289 -0.0122 0.7774
vn 0.9556 0.0143 -0.2944
vn -0.7684 -0.0131 0.6399
vn 0.9950 0.0043 -0.0994
vn -0.8790 -0.0124 0.4768
vn 0.9950 -0.0037 0.0994
vn -0.9557 -0.0093 0.2942
vn 0.9557 -0.0093 0.2942
vn -0.9950 -0.0037 0.0994
vn 0.8790 -0.0124 0.4768
vn -0.9950 0.0043 -0.0994
vn 0.7684 -0.0131 0.6399
vn -0.9556 0.0143 -0.2944
vn 0.6289 -0.0122 0.7774
vn -0.8785 0.0254 -0.4770
vn 0.4661 -0.0104 0.8847
vn 0.0963 0.0654 -0.9932
vn -0.7675 0.0367 -0.6401
vn 0.2864 -0.0085 0.9581
vn 0.2853 0.0621 -0.9564
vn -0.6276 0.0471 -0.7771
vn 0.0967 -0.0074 0.9953
vn 0.4646 0.0559 -0.8837
vn -0.4646 0.0559 -0.8837
vn -0.0967 -0.0074 0.9953
vn 0.6276 0.0471 -0.7771
vn -0.2853 0.0621 -0.9564
vn -0.9949 -0.0843 0.0549
vn -0.9948 -0.0807 0.0618
vn -0.0981 0.8238 0.5584
vn -0.8658 0.4939 -0.0807
vn -0.8723 0.4825 -0.0786
vn -0.8662 0.4932 -0.0804
vn 0.8765 -0.3809 0.2943
vn -0.9950 0.0839 -0.0545
vn -0.9949 0.0802 -0.0618
vn 0.7644 -0.5108 0.3935
vn -0.9548 0.2340 -0.1830
vn 0.6239 -0.6197 0.4762
vn -0.8770 0.3782 -0.2965
vn 0.4611 -0.7041 0.5400
vn 0.0957 0.7815 -0.6166
vn -0.7652 0.5062 -0.3977
vn 0.2828 -0.7616 0.5831
vn 0.2840 0.7529 -0.5938
vn -0.6251 0.6134 -0.4827
vn 0.0953 -0.7906 0.6048
vn 0.4623 0.6965 -0.5488
vn -0.4623 0.6965 -0.5488
vn -0.0953 -0.7906 0.6048
vn 0.6251 0.6134 -0.4827
vn -0.2840 0.7529 -0.5938
vn -0.2828 -0.7616 0.5831
vn 0.7652 0.5062 -0.3977
vn -0.0957 0.7815 -0.6166
vn -0.4611 -0.7041 0.5400
vn 0.8770 0.3782 -0.2965
vn -0.6239 -0.6197 0.4762
vn 0.9548 0.2340 -0.1830
vn -0.7644 -0.5108 0.3935
vn 0.9949 0.0802 -0.0618
vn 0.9950 0.0839 -0.0545
vn -0.8765 -0.3809 0.2943
vn 0.9948 -0.0807 0.0618
vn 0.9949 -0.0843 0.0549
vn -0.9547 -0.2351 0.1822
vn 0.9547 -0.2351 0.1822
vn 0.4261 -0.9009 0.0828
vn -0.0914 0.9802 -0.1756
vn -0.0927 0.9801 -0.1755
vn -0.0928 0.9801 -0.1755
vn -0.7489 0.6534 -0.1103
vn 0.2570 -0.9629 0.0826
vn 0.2571 -0.9628 0.0832
vn 0.2696 -0.9594 0.0827
vn 0.2724 0.9473 -0.1687
vn 0.2726 0.9474 -0.1679
vn 0.2758 0.9463 -0.1685
vn -0.6068 0.7832 -0.1355
vn 0.0857 -0.9929 0.0819
vn 0.0881 -0.9927 0.0819
vn 0.0880 -0.9927 0.0819
vn 0.4458 0.8816 -0.1552
vn 0.4461 0.8815 -0.1549
vn 0.4559 0.8766 -0.1540
vn -0.4458 0.8816 -0.1552
vn -0.4559 0.8766 -0.1540
vn -0.4461 0.8815 -0.1549
vn -0.0857 -0.9929 0.0819
vn -0.0883 -0.9927 0.0818
vn 0.6068 0.7832 -0.1355
vn -0.2724 0.9473 -0.1687
vn -0.2758 0.9463 -0.1685
vn -0.2726 0.9474 -0.1679
vn -0.2570 -0.9629 0.0826
vn -0.2696 -0.9594 0.0827
vn -0.2571 -0.9628 0.0832
vn 0.7489 0.6534 -0.1103
vn -0.4261 -0.9009 0.0829
vn 0.8658 0.4939 -0.0807
vn 0.8662 0.4932 -0.0804
vn 0.8723 0.4825 -0.0786
vn -0.5885 -0.8044 0.0807
vn 0.9498 0.3089 -0.0485
vn 0.9500 0.3084 -0.0486
vn 0.9528 0.2999 -0.0473
vn -0.7365 -0.6724 0.0740
vn 0.9943 0.1055 -0.0158
vn 0.9943 0.1053 -0.0159
vn 0.9947 0.1020 -0.0156
vn -0.8598 -0.5070 0.0611
vn 0.9942 -0.1062 0.0149
vn 0.9942 -0.1061 0.0146
vn 0.9946 -0.1026 0.0139
vn -0.9483 -0.3146 0.0411
vn -0.9519 -0.3037 0.0395
vn -0.9485 -0.3142 0.0409
vn 0.9483 -0.3146 0.0411
vn 0.9485 -0.3142 0.0409
vn 0.9519 -0.3037 0.0395
vn -0.9942 -0.1062 0.0149
vn -0.9946 -0.1026 0.0139
vn -0.9942 -0.1061 0.0146
vn 0.8598 -0.5070 0.0611
vn -0.9943 0.1055 -0.0158
vn -0.9947 0.1020 -0.0156
vn -0.9943 0.1053 -0.0159
vn 0.7365 -0.6724 0.0740
vn -0.9498 0.3089 -0.0485
vn -0.9528 0.2999 -0.0473
vn -0.9500 0.3084 -0.0486
vn 0.5885 -0.8044 0.0807
vn -0.7730 -0.5251 -0.3559
vn -0.4714 -0.7300 -0.4948
vn 0.8819 0.3902 0.2645
vn 0.5990 0.7973 0.0745
vn 0.9569 0.2403 0.1629
vn 0.4713 0.7301 0.4949
vn -0.6344 -0.6399 -0.4337
vn 0.9950 0.0831 0.0556
vn 0.9949 0.0896 0.0452
vn 0.9952 0.0811 0.0549
vn -0.8819 -0.3903 -0.2645
vn 0.9951 -0.0825 -0.0554
vn 0.9950 -0.0894 -0.0445
vn 0.9952 -0.0811 -0.0549
vn -0.9569 -0.2403 -0.1629
vn 0.9569 -0.2403 -0.1629
vn -0.9950 -0.0894 -0.0445
vn -0.9951 -0.0825 -0.0554
vn -0.9952 -0.0811 -0.0549
vn 0.8819 -0.3903 -0.2645
vn -0.9949 0.0896 0.0452
vn -0.9950 0.0831 0.0556
vn -0.9952 0.0811 0.0549
vn 0.7730 -0.5251 -0.3559
vn -0.9569 0.2403 0.1629
vn 0.6344 -0.6399 -0.4337
vn -0.8819 0.3902 0.2645
vn 0.4714 -0.7300 -0.4948
vn -0.7730 0.5252 0.3560
vn 0.2903 -0.7921 -0.5369
vn -0.6345 0.6398 0.4337
vn 0.0981 -0.8238 -0.5584
vn 0.0943 0.9797 0.1771
vn 0.0921 0.9799 0.1771
vn -0.4713 0.7301 0.4949
vn -0.0981 -0.8238 -0.5584
vn 0.6345 0.6398 0.4337
vn -0.2904 0.7921 0.5369
vn -0.2903 -0.7921 -0.5369
vn 0.7730 0.5252 0.3560
vn -0.0000 -0.5611 0.8278
vn 0.9531 0.2992 0.0465
vn 0.9512 0.3049 0.0475
vn 0.9511 0.3051 0.0477
vn 0.7444 0.6645 0.0654
vn 0.9946 0.1028 0.0152
vn 0.9945 0.1037 0.0153
vn 0.9945 0.1036 0.0169
vn 0.9947 0.0990 0.0261
vn -0.8656 -0.4968 -0.0621
vn -0.8693 -0.4908 -0.0584
vn -0.8650 -0.4981 -0.0605
vn 0.9945 -0.1033 -0.0143
vn 0.9944 -0.1043 -0.0144
vn 0.9944 -0.1040 -0.0160
vn 0.9947 -0.0992 -0.0254
vn -0.9503 -0.3088 -0.0400
vn -0.9521 -0.3032 -0.0388
vn -0.9502 -0.3090 -0.0399
vn 0.9521 -0.3035 -0.0379
vn 0.9503 -0.3088 -0.0394
vn 0.9502 -0.3090 -0.0399
vn -0.9944 -0.1043 -0.0144
vn -0.9945 -0.1033 -0.0143
vn -0.9947 -0.0992 -0.0254
vn -0.9944 -0.1040 -0.0160
vn 0.8693 -0.4909 -0.0578
vn 0.8653 -0.4975 -0.0611
vn 0.8650 -0.4982 -0.0602
vn -0.9945 0.1037 0.0153
vn -0.9946 0.1028 0.0152
vn -0.9947 0.0990 0.0261
vn -0.9945 0.1036 0.0169
vn -0.7444 0.6646 0.0650
vn -0.9512 0.3048 0.0474
vn -0.9530 0.2993 0.0464
vn -0.9511 0.3051 0.0477
vn -0.5990 0.7973 0.0741
vn -0.8686 0.4889 0.0804
vn -0.8730 0.4813 0.0789
vn -0.8684 0.4893 0.0800
vn -0.4365 0.8965 0.0765
vn -0.0933 0.9798 0.1771
vn -0.0921 0.9799 0.1771
vn -0.7529 0.6488 0.1099
vn -0.7597 0.6412 0.1085
vn -0.7527 0.6491 0.1099
vn -0.2646 0.9614 0.0759
vn 0.2772 0.9457 0.1699
vn 0.2746 0.9465 0.1698
vn 0.2744 0.9465 0.1700
vn -0.6108 0.7801 0.1355
vn -0.6188 0.7740 0.1344
vn -0.6105 0.7803 0.1357
vn -0.0885 0.9932 0.0752
vn 0.4569 0.8758 0.1559
vn 0.4492 0.8796 0.1565
vn 0.4491 0.8798 0.1560
vn -0.4492 0.8796 0.1565
vn -0.4569 0.8758 0.1559
vn -0.4491 0.8798 0.1560
vn 0.0885 0.9932 0.0752
vn 0.6188 0.7740 0.1344
vn 0.6108 0.7801 0.1355
vn 0.6105 0.7803 0.1357
vn -0.2746 0.9465 0.1696
vn -0.2772 0.9457 0.1699
vn -0.2744 0.9465 0.1700
vn 0.2646 0.9614 0.0759
vn 0.7597 0.6412 0.1085
vn 0.7529 0.6489 0.1099
vn 0.7527 0.6491 0.1099
vn 0.2904 0.7921 0.5369
vn 0.4365 0.8965 0.0765
vn 0.8730 0.4813 0.0789
vn 0.8686 0.4889 0.0804
vn 0.8684 0.4893 0.0800
vn 0.0999 0.2128 -0.9720
vn 0.1023 0.4214 -0.9011
vn 0.0999 0.6108 -0.7855
vn 0.2952 0.2036 -0.9335
vn 0.3017 0.4036 -0.8638
vn 0.2952 0.5866 -0.7542
vn 0.4781 0.1859 -0.8584
vn 0.4870 0.3691 -0.7916
vn 0.4780 0.5394 -0.6932
vn 0.6414 0.1608 -0.7502
vn 0.6501 0.3204 -0.6890
vn 0.6410 0.4715 -0.6056
vn 0.7784 0.1299 -0.6142
vn 0.7852 0.2603 -0.5619
vn 0.7781 0.3861 -0.4955
vn 0.8851 0.0947 -0.4556
vn 0.8892 0.1916 -0.4155
vn 0.8848 0.2865 -0.3674
vn 0.9581 0.0572 -0.2806
vn 0.9597 0.1173 -0.2555
vn 0.9580 0.1765 -0.2260
vn 0.9953 0.0189 -0.0949
vn 0.9955 0.0394 -0.0864
vn 0.9953 0.0597 -0.0763
vn 0.9953 -0.0186 0.0952
vn 0.9954 -0.0395 0.0869
vn 0.9953 -0.0599 0.0765
vn 0.9574 -0.0540 0.2835
vn 0.9586 -0.1173 0.2594
vn 0.9573 -0.1784 0.2274
vn 0.8824 -0.0861 0.4625
vn 0.8850 -0.1912 0.4246
vn 0.8822 -0.2911 0.3701
vn 0.7728 -0.1137 0.6244
vn 0.7763 -0.2581 0.5751
vn 0.7726 -0.3930 0.4987
vn 0.6332 -0.1362 0.7619
vn 0.6369 -0.3150 0.7036
vn 0.6329 -0.4798 0.6076
vn 0.4693 -0.1530 0.8697
vn 0.4725 -0.3595 0.8046
vn 0.4691 -0.5479 0.6926
vn 0.2884 -0.1642 0.9433
vn 0.2906 -0.3900 0.8738
vn 0.2883 -0.5945 0.7506
vn 0.0973 -0.1698 0.9807
vn 0.0980 -0.4054 0.9089
vn 0.0972 -0.6182 0.7800
vn -0.0973 -0.1698 0.9807
vn -0.0980 -0.4054 0.9089
vn -0.0972 -0.6182 0.7800
vn -0.2884 -0.1642 0.9433
vn -0.2906 -0.3900 0.8738
vn -0.2883 -0.5945 0.7506
vn -0.4693 -0.1530 0.8697
vn -0.4725 -0.3595 0.8046
vn -0.4691 -0.5479 0.6926
vn -0.6332 -0.1362 0.7619
vn -0.6369 -0.3150 0.7036
vn -0.6329 -0.4798 0.6076
vn -0.7728 -0.1137 0.6244
vn -0.7763 -0.2581 0.5751
vn -0.7726 -0.3930 0.4987
vn -0.8824 -0.0861 0.4625
vn -0.8850 -0.1912 0.4246
vn -0.8822 -0.2911 0.3701
vn -0.9574 -0.0540 0.2835
vn -0.9586 -0.1173 0.2594
vn -0.9573 -0.1784 0.2274
vn -0.9953 -0.0186 0.0952
vn -0.9954 -0.0395 0.0869
vn -0.9953 -0.0599 0.0765
vn -0.9953 0.0189 -0.0949
vn -0.9955 0.0394 -0.0864
vn -0.9953 0.0597 -0.0763
vn -0.9581 0.0572 -0.2806
vn -0.9597 0.1173 -0.2555
vn -0.9580 0.1765 -0.2260
vn -0.8851 0.0947 -0.4556
vn -0.8892 0.1916 -0.4155
vn -0.8848 0.2865 -0.3674
vn -0.7784 0.1299 -0.6142
vn -0.7852 0.2603 -0.5619
vn -0.7781 0.3861 -0.4955
vn -0.6414 0.1608 -0.7502
vn -0.6501 0.3204 -0.6890
vn -0.6410 0.4715 -0.6056
vn -0.4781 0.1859 -0.8584
vn -0.4870 0.3691 -0.7916
vn -0.4780 0.5394 -0.6932
vn -0.2952 0.2036 -0.9335
vn -0.3017 0.4036 -0.8638
vn -0.2952 0.5866 -0.7542
vn -0.0999 0.2128 -0.9720
vn -0.1023 0.4214 -0.9011
vn -0.0999 0.6108 -0.7855
vn 0.0961 0.7232 -0.6839
vn 0.0972 0.8355 -0.5408
vn 0.0970 0.8989 -0.4274
vn 0.0942 0.9469 -0.3075
vn 0.2882 0.8039 -0.5203
vn 0.2876 0.8649 -0.4114
vn 0.2800 0.9129 -0.2970
vn 0.4682 0.7419 -0.4800
vn 0.4673 0.7982 -0.3801
vn 0.4566 0.8457 -0.2761
vn 0.6310 0.6514 -0.4213
vn 0.6299 0.7010 -0.3344
vn 0.6187 0.7464 -0.2449
vn 0.7700 0.5358 -0.3464
vn 0.7689 0.5768 -0.2758
vn 0.7594 0.6177 -0.2042
vn 0.8799 0.3991 -0.2579
vn 0.8790 0.4299 -0.2062
vn 0.8729 0.4628 -0.1543
vn 0.9560 0.2464 -0.1592
vn 0.9556 0.2655 -0.1278
vn 0.9530 0.2870 -0.0967
vn 0.9951 0.0865 -0.0486
vn 0.9946 0.0976 -0.0341
vn 0.9949 0.0907 -0.0435
vn 0.9947 0.0973 -0.0332
vn 0.9951 -0.0866 0.0488
vn 0.9946 -0.0976 0.0346
vn 0.9949 -0.0909 0.0439
vn 0.9947 -0.0974 0.0337
vn 0.9558 -0.2470 0.1597
vn 0.9552 -0.2659 0.1301
vn 0.9524 -0.2875 0.1010
vn 0.8789 -0.4005 0.2590
vn 0.8773 -0.4305 0.2121
vn 0.8705 -0.4636 0.1652
vn 0.7679 -0.5378 0.3479
vn 0.7653 -0.5768 0.2858
vn 0.7544 -0.6173 0.2231
vn 0.6280 -0.6533 0.4228
vn 0.6246 -0.6990 0.3484
vn 0.6113 -0.7432 0.2720
vn 0.4649 -0.7432 0.4812
vn 0.4615 -0.7933 0.3972
vn 0.4488 -0.8382 0.3100
vn 0.2855 -0.8044 0.5209
vn 0.2830 -0.8571 0.4305
vn 0.2737 -0.9013 0.3359
vn 0.0962 -0.8354 0.5411
vn 0.0956 -0.8892 0.4473
vn 0.0919 -0.9326 0.3489
vn -0.0962 -0.8354 0.5411
vn -0.0956 -0.8892 0.4473
vn -0.0919 -0.9326 0.3489
vn -0.2855 -0.8044 0.5209
vn -0.2830 -0.8571 0.4305
vn -0.2737 -0.9013 0.3359
vn -0.4649 -0.7432 0.4812
vn -0.4615 -0.7933 0.3972
vn -0.4487 -0.8382 0.3100
vn -0.6280 -0.6533 0.4228
vn -0.6246 -0.6990 0.3484
vn -0.6113 -0.7432 0.2720
vn -0.7679 -0.5378 0.3479
vn -0.7653 -0.5768 0.2858
vn -0.7544 -0.6173 0.2231
vn -0.8789 -0.4005 0.2590
vn -0.8773 -0.4305 0.2121
vn -0.8705 -0.4636 0.1652
vn -0.9558 -0.2470 0.1597
vn -0.9552 -0.2659 0.1301
vn -0.9524 -0.2875 0.1010
vn -0.9951 -0.0866 0.0488
vn -0.9949 -0.0909 0.0439
vn -0.9946 -0.0976 0.0346
vn -0.9947 -0.0974 0.0337
vn -0.9951 0.0865 -0.0486
vn -0.9949 0.0907 -0.0435
vn -0.9946 0.0976 -0.0341
vn -0.9947 0.0973 -0.0332
vn -0.9560 0.2464 -0.1592
vn -0.9556 0.2655 -0.1278
vn -0.9530 0.2870 -0.0967
vn -0.8799 0.3991 -0.2579
vn -0.8790 0.4299 -0.2062
vn -0.8729 0.4628 -0.1543
vn -0.7700 0.5358 -0.3464
vn -0.7689 0.5769 -0.2758
vn -0.7594 0.6177 -0.2042
vn -0.6310 0.6514 -0.4213
vn -0.6299 0.7010 -0.3344
vn -0.6187 0.7464 -0.2449
vn -0.4682 0.7419 -0.4800
vn -0.4673 0.7982 -0.3801
vn -0.4566 0.8457 -0.2761
vn -0.2882 0.8039 -0.5203
vn -0.2876 0.8649 -0.4114
vn -0.2800 0.9129 -0.2970
vn -0.0972 0.8355 -0.5408
vn -0.0970 0.8989 -0.4274
vn -0.0942 0.9469 -0.3075
vn -0.3124 -0.9350 0.1677
vn -0.3124 -0.9351 0.1676
vn -0.9158 0.0000 0.0000
vn -0.9158 -0.3954 0.0709
vn 0.2193 -0.9603 0.1722
vn 0.2193 0.0000 0.0000
vn -1.0000 0.0000 0.0000
vn 1.0000 0.0000 0.0000
vn 1.0000 -0.0005 0.0000
vn 1.0000 0.0051 -0.0013
vn -1.0000 -0.0051 0.0013
vn -1.0000 0.0005 0.0000
vn 0.9999 -0.0043 0.0000
vn 0.9998 -0.0189 -0.0000
vn 0.9998 -0.0203 0.0000
vn 0.9997 -0.0233 0.0000
vn -0.9998 0.0217 -0.0000
vn -0.9998 0.0174 -0.0000
vn -0.9998 0.0203 -0.0000
vn -0.9998 0.0043 0.0000
vn -0.9999 0.0048 0.0000
vn -0.9999 0.0150 -0.0021
vn -0.9999 0.0149 -0.0021
vn 0.9999 -0.0149 0.0021
vn 0.9999 -0.0150 0.0021
vn 0.9999 -0.0048 0.0000
vn -0.9994 -0.0119 0.0000
vn -0.9998 0.0214 -0.0022
vn 0.9998 -0.0214 0.0022
vn 0.9998 -0.0213 0.0022
vn 0.9994 0.0119 0.0000
vn 1.0000 -0.0074 0.0000
vn -1.0000 0.0074 0.0000
vn -0.9999 0.0000 0.0000
vn -0.9999 -0.0132 -0.0000
vn 0.9999 0.0132 -0.0000
vn 0.9999 0.0000 0.0000
vn -0.9994 0.0139 0.0000
vn -0.9990 0.0433 -0.0106
vn -0.9990 0.0432 -0.0106
vn 0.9990 -0.0433 0.0106
vn 0.9994 -0.0139 0.0000
vn 1.0000 0.0032 0.0000
vn 1.0000 0.0091 0.0000
vn 1.0000 0.0087 0.0000
vn 1.0000 0.0080 -0.0000
vn -1.0000 -0.0082 -0.0000
vn -1.0000 -0.0095 0.0000
vn -1.0000 -0.0087 -0.0000
vn -1.0000 -0.0032 0.0000
vn -0.9975 0.0000 0.0000
vn -0.9975 0.0712 -0.0035
vn 0.9975 -0.0712 0.0035
vn 0.9975 0.0000 0.0000
vn 1.0000 -0.0028 0.0000
vn 1.0000 0.0016 -0.0007
vn 1.0000 0.0017 -0.0007
vn 1.0000 0.0019 -0.0007
vn -1.0000 -0.0018 0.0007
vn -1.0000 -0.0015 0.0007
vn -1.0000 -0.0017 0.0007
vn -1.0000 0.0028 0.0000
vn -1.0000 0.0039 -0.0047
vn -1.0000 0.0038 -0.0046
vn -1.0000 0.0036 -0.0044
vn 1.0000 -0.0037 0.0045
vn 1.0000 -0.0040 0.0048
vn 1.0000 -0.0038 0.0046
vn -0.9999 -0.0118 -0.0000
vn -0.9999 -0.0121 0.0000
vn -0.9999 -0.0127 0.0000
vn 0.9999 0.0124 -0.0000
vn 0.9999 0.0116 -0.0000
vn 0.9999 0.0121 -0.0000
vn -1.0000 -0.0030 0.0000
vn -1.0000 -0.0063 -0.0001
vn -1.0000 -0.0065 -0.0001
vn -1.0000 -0.0069 -0.0001
vn 1.0000 0.0066 0.0001
vn 1.0000 0.0061 0.0001
vn 1.0000 0.0065 0.0001
vn 1.0000 0.0030 0.0000
vn -0.9176 0.0000 0.0000
vn -0.9176 -0.3962 0.0323
vn 0.8278 -0.5591 0.0456
vn 0.8278 0.0000 0.0000
vn 0.7041 -0.7078 0.0578
vn -1.0000 0.0030 0.0000
vn -1.0000 0.0066 -0.0001
vn -1.0000 0.0065 -0.0001
vn -1.0000 0.0061 -0.0001
vn 1.0000 -0.0063 0.0001
vn 1.0000 -0.0069 0.0001
vn 1.0000 -0.0065 0.0001
vn 1.0000 -0.0030 0.0000
vn -1.0000 -0.0056 0.0005
vn -1.0000 -0.0053 0.0005
vn -1.0000 -0.0048 0.0004
vn 1.0000 0.0051 -0.0005
vn 1.0000 0.0059 -0.0005
vn 1.0000 0.0053 -0.0005
vn -1.0000 -0.0037 -0.0091
vn -1.0000 -0.0038 -0.0092
vn -0.9999 -0.0039 -0.0095
vn 0.9999 0.0039 0.0094
vn 1.0000 0.0037 0.0090
vn 1.0000 0.0038 0.0092
vn 1.0000 0.0028 0.0000
vn 1.0000 0.0026 0.0000
vn 1.0000 0.0027 0.0000
vn -1.0000 -0.0028 0.0000
vn 0.9995 0.0000 0.0000
vn 0.9995 -0.0311 0.0058
vn -0.9995 0.0311 -0.0058
vn -0.9995 0.0000 0.0000
vn -0.9975 -0.0712 -0.0000
vn 0.9975 0.0712 0.0000
vn 1.0000 -0.0032 0.0000
vn 1.0000 -0.0082 -0.0000
vn 1.0000 -0.0087 -0.0000
vn 1.0000 -0.0095 -0.0000
vn -1.0000 0.0091 -0.0000
vn -1.0000 0.0080 0.0000
vn -1.0000 0.0087 0.0000
vn -1.0000 0.0032 0.0000
vn -0.9994 -0.0139 0.0000
vn -0.9990 -0.0443 0.0071
vn 0.9990 0.0443 -0.0071
vn 0.9994 0.0139 0.0000
vn 1.0000 0.0074 0.0000
vn -1.0000 -0.0074 0.0000
vn -0.9999 0.0119 0.0000
vn -0.9999 0.0119 0.0022
vn 0.9999 -0.0119 -0.0022
vn 0.9999 -0.0119 0.0000
vn -1.0000 -0.0048 0.0000
vn -1.0000 0.0006 -0.0000
vn 1.0000 -0.0006 -0.0000
vn 1.0000 0.0048 0.0000
vn 0.9997 0.0043 0.0000
vn 0.9996 0.0266 0.0014
vn 0.9997 0.0252 0.0013
vn 0.9998 0.0222 0.0011
vn -0.9997 -0.0236 -0.0012
vn -0.9996 -0.0281 -0.0015
vn -0.9997 -0.0252 -0.0013
vn -0.9998 -0.0043 0.0000
vn 0.9999 0.0005 0.0000
vn 0.9999 -0.0099 0.0013
vn -0.9999 0.0099 -0.0013
vn -0.9999 -0.0005 0.0000
vn -1.0000 -0.0052 0.0007
vn 1.0000 0.0052 -0.0007
vn -0.5540 0.0000 0.0000
vn -0.5540 -0.8192 -0.1483
vn -0.5540 -0.8192 -0.1482
vn -0.9451 -0.3215 -0.0582
vn -0.9451 0.0000 0.0000
vn -0.1331 -0.9752 -0.1766
vn -0.1331 -0.9753 -0.1766
vn 1.0000 0.0016 0.0000
vn 1.0000 0.0058 0.0001
vn -1.0000 -0.0073 -0.0001
vn -1.0000 -0.0031 0.0000
vn -1.0000 0.0014 -0.0002
vn 1.0000 -0.0014 0.0002
vn 0.9999 -0.0046 0.0000
vn 0.9998 -0.0196 -0.0013
vn 0.9998 -0.0197 -0.0013
vn -0.9998 0.0197 0.0013
vn -0.9998 0.0196 0.0013
vn -0.9999 0.0046 0.0000
vn -0.9999 -0.0029 0.0000
vn -1.0000 0.0089 0.0012
vn -1.0000 0.0093 0.0012
vn -0.9999 0.0102 0.0013
vn 1.0000 -0.0098 -0.0012
vn 1.0000 -0.0084 -0.0011
vn 1.0000 -0.0093 -0.0012
vn 0.9999 0.0029 0.0000
vn 0.9998 0.0028 0.0000
vn 0.9998 -0.0180 -0.0027
vn -0.9998 0.0180 0.0027
vn -0.9998 -0.0028 0.0000
vn 0.9977 0.0166 0.0000
vn 0.9966 0.0828 0.0000
vn 0.9966 0.0826 0.0000
vn 0.9966 0.0821 0.0000
vn -0.9997 -0.0238 0.0000
vn -0.9998 -0.0167 0.0000
vn -0.9999 -0.0083 0.0000
vn -0.9999 -0.0172 0.0005
vn 0.9999 0.0172 -0.0005
vn 0.9999 0.0083 0.0000
vn 0.9999 -0.0106 -0.0016
vn -0.9999 0.0106 0.0016
vn 0.9999 -0.0030 0.0000
vn 0.9999 -0.0126 0.0005
vn -0.9999 0.0126 -0.0005
vn -0.9999 0.0030 0.0000
vn -1.0000 -0.0037 0.0000
vn -1.0000 -0.0063 -0.0004
vn 1.0000 0.0090 0.0004
vn 1.0000 0.0037 0.0000
vn 0.9999 0.0098 0.0000
vn 1.0000 0.0055 -0.0004
vn -1.0000 -0.0055 0.0004
vn -0.9999 -0.0098 0.0000
vn -0.9980 -0.0624 0.0000
vn -0.9985 -0.0540 0.0017
vn -0.9985 -0.0539 0.0017
vn 0.9985 0.0539 -0.0017
vn 0.9985 0.0540 -0.0017
vn 0.9980 0.0624 0.0000
vn -0.9987 0.0023 0.0000
vn -0.9988 -0.0483 -0.0032
vn 0.9988 0.0483 0.0032
vn 0.9987 -0.0023 0.0000
vn -0.8902 0.4539 0.0376
vn -0.8901 0.4542 0.0375
vn -0.8900 0.4545 0.0376
vn -0.8901 0.4542 0.0377
vn 0.9731 0.0000 0.0000
vn 0.9731 0.2297 0.0190
vn -0.9984 0.0560 0.0040
vn -0.9984 0.0558 0.0040
vn -0.9984 0.0000 0.0000
vn 0.9996 0.0006 0.0000
vn 0.9996 -0.0272 -0.0012
vn 0.9996 -0.0271 -0.0012
vn -0.9996 0.0278 0.0012
vn -0.9996 0.0000 0.0000
vn 0.7068 -0.7054 -0.0528
vn 0.7068 -0.7054 -0.0529
vn -0.2833 0.0000 0.0000
vn -0.2833 -0.9564 -0.0716
vn -0.2833 -0.9564 -0.0718
vn 0.9695 -0.2445 -0.0183
vn 0.9695 0.0000 0.0000
vn 0.9998 -0.0006 0.0000
vn 0.9998 0.0183 0.0005
vn -0.9998 -0.0189 -0.0005
vn -0.9998 0.0000 0.0000
vn -0.9701 0.0000 0.0000
vn -0.9701 0.2425 0.0115
vn 0.9701 -0.2425 -0.0115
vn 0.9701 0.0000 0.0000
vn -1.0000 -0.0023 0.0000
vn -1.0000 -0.0052 0.0012
vn 1.0000 0.0052 -0.0012
vn 1.0000 0.0023 0.0000
vn -0.9980 0.0624 0.0000
vn -0.9986 0.0535 0.0004
vn 0.9986 -0.0535 -0.0004
vn 0.9980 -0.0624 0.0000
vn 0.9999 -0.0098 0.0000
vn 1.0000 0.0030 0.0004
vn -1.0000 -0.0030 -0.0004
vn -0.9999 0.0098 0.0000
vn 1.0000 0.0054 0.0000
vn 1.0000 0.0075 0.0006
vn -1.0000 -0.0096 -0.0006
vn -1.0000 -0.0053 0.0000
vn 1.0000 0.0030 0.0010
vn -1.0000 -0.0030 -0.0010
vn 1.0000 -0.0033 0.0000
vn -1.0000 0.0033 0.0000
vn -1.0000 0.0083 0.0000
vn -1.0000 0.0083 0.0010
vn 1.0000 -0.0083 -0.0010
vn 1.0000 -0.0083 0.0000
vn 0.9981 -0.0166 0.0000
vn 0.9972 -0.0752 0.0004
vn 0.9972 -0.0754 0.0004
vn 0.9971 -0.0759 0.0004
vn -0.9999 0.0167 0.0000
vn 0.9999 -0.0028 0.0000
vn 1.0000 0.0075 0.0013
vn -1.0000 -0.0075 -0.0013
vn -0.9999 0.0028 0.0000
vn -1.0000 0.0029 0.0000
vn -1.0000 0.0090 0.0013
vn -1.0000 0.0086 0.0012
vn -1.0000 0.0077 0.0010
vn 1.0000 -0.0081 -0.0011
vn 1.0000 -0.0095 -0.0014
vn 1.0000 -0.0086 -0.0012
vn 1.0000 -0.0029 0.0000
vn 1.0000 0.0046 0.0000
vn 0.9999 0.0101 0.0013
vn 0.9999 0.0100 0.0013
vn -0.9999 -0.0100 -0.0013
vn -0.9999 -0.0101 -0.0013
vn -1.0000 -0.0046 0.0000
vn 0.9995 -0.0317 -0.0058
vn 0.9995 -0.0316 -0.0058
vn -0.9999 0.0023 0.0000
vn -0.9998 0.0178 0.0024
vn -0.9998 0.0177 0.0024
vn -1.0000 -0.0051 -0.0019
vn -1.0000 -0.0049 -0.0018
vn -1.0000 -0.0050 -0.0019
vn -1.0000 -0.0009 0.0000
vn 0.0942 0.9800 -0.1756
vn 0.0946 0.9799 -0.1755
vn 0.0952 0.9799 -0.1754
vn 0.0956 0.9798 -0.1754
vn 0.2815 0.9447 -0.1682
vn 0.2833 0.9442 -0.1682
vn 0.4565 0.8763 -0.1542
vn 0.4618 0.8736 -0.1536
vn 0.4620 0.8734 -0.1538
vn 0.6181 0.7746 -0.1340
vn 0.6184 0.7743 -0.1341
vn 0.6243 0.7697 -0.1332
vn 0.6246 0.7696 -0.1331
vn 0.7591 0.6419 -0.1083
vn 0.7594 0.6415 -0.1084
vn 0.7647 0.6354 -0.1074
vn 0.7649 0.6351 -0.1072
vn 0.8729 0.4816 -0.0784
vn 0.8766 0.4750 -0.0774
vn 0.8768 0.4746 -0.0775
vn 0.9530 0.2992 -0.0469
vn 0.9547 0.2939 -0.0461
vn 0.9548 0.2936 -0.0460
vn 0.9947 0.1017 -0.0152
vn 0.9948 0.1007 -0.0150
vn 0.9949 0.0994 -0.0148
vn 0.9947 -0.1020 0.0143
vn 0.9948 -0.1010 0.0142
vn 0.9949 -0.0995 0.0139
vn 0.9522 -0.3029 0.0400
vn 0.9547 -0.2950 0.0389
vn 0.9548 -0.2948 0.0384
vn 0.8693 -0.4907 0.0590
vn 0.8767 -0.4777 0.0574
vn 0.7518 -0.6555 0.0720
vn 0.7645 -0.6408 0.0704
vn 0.6071 -0.7907 0.0792
vn 0.6238 -0.7777 0.0779
vn 0.4439 -0.8923 0.0820
vn 0.4609 -0.8837 0.0812
vn 0.2700 -0.9593 0.0824
vn 0.2761 -0.9576 0.0821
vn 0.2823 -0.9558 0.0819
vn 0.0927 -0.9923 0.0819
vn 0.0951 -0.9921 0.0821
vn 0.0954 -0.9921 0.0818
vn -0.0919 -0.9924 0.0818
vn -0.0948 -0.9921 0.0819
vn -0.0957 -0.9920 0.0821
vn -0.2761 -0.9576 0.0821
vn -0.2700 -0.9593 0.0824
vn -0.2822 -0.9559 0.0818
vn -0.4438 -0.8923 0.0820
vn -0.4609 -0.8837 0.0812
vn -0.6071 -0.7907 0.0792
vn -0.6238 -0.7777 0.0779
vn -0.7518 -0.6555 0.0720
vn -0.7645 -0.6408 0.0704
vn -0.8693 -0.4907 0.0590
vn -0.8767 -0.4777 0.0574
vn -0.9547 -0.2951 0.0389
vn -0.9522 -0.3028 0.0398
vn -0.9548 -0.2948 0.0384
vn -0.9948 -0.1010 0.0142
vn -0.9947 -0.1021 0.0143
vn -0.9949 -0.0995 0.0139
vn -0.9948 0.1007 -0.0150
vn -0.9947 0.1017 -0.0152
vn -0.9949 0.0994 -0.0148
vn -0.9547 0.2939 -0.0461
vn -0.9530 0.2992 -0.0469
vn -0.9548 0.2936 -0.0460
vn -0.8766 0.4750 -0.0774
vn -0.8729 0.4816 -0.0784
vn -0.8768 0.4746 -0.0775
vn -0.7591 0.6419 -0.1083
vn -0.7647 0.6354 -0.1074
vn -0.7594 0.6415 -0.1084
vn -0.7649 0.6351 -0.1072
vn -0.6181 0.7746 -0.1340
vn -0.6243 0.7697 -0.1332
vn -0.6184 0.7743 -0.1341
vn -0.6246 0.7696 -0.1331
vn -0.4618 0.8736 -0.1536
vn -0.4565 0.8763 -0.1542
vn -0.4620 0.8734 -0.1538
vn -0.2832 0.9444 -0.1674
vn -0.2815 0.9447 -0.1682
vn -0.2833 0.9442 -0.1682
vn -0.0948 0.9799 -0.1755
vn -0.0955 0.9799 -0.1754
vn 0.0962 0.9795 0.1769
vn 0.0949 0.9796 0.1772
vn 0.0957 0.9795 0.1771
vn 0.2845 0.9436 0.1695
vn 0.2802 0.9449 0.1695
vn 0.2823 0.9442 0.1696
vn 0.4635 0.8725 0.1547
vn 0.4604 0.8741 0.1550
vn 0.4634 0.8726 0.1544
vn 0.6263 0.7680 0.1335
vn 0.6194 0.7735 0.1346
vn 0.6261 0.7682 0.1336
vn 0.7663 0.6335 0.1071
vn 0.7602 0.6406 0.1085
vn 0.7661 0.6337 0.1073
vn 0.8776 0.4731 0.0772
vn 0.8734 0.4806 0.0790
vn 0.8774 0.4734 0.0776
vn 0.9552 0.2925 0.0456
vn 0.9532 0.2987 0.0464
vn 0.9551 0.2928 0.0455
vn 0.9950 0.0993 0.0146
vn 0.9949 0.0993 0.0146
vn 0.9947 0.1015 0.0149
vn 0.9948 0.1004 0.0148
vn 0.9950 -0.0991 -0.0137
vn 0.9947 -0.1020 -0.0142
vn 0.9948 -0.1007 -0.0139
vn 0.9551 -0.2940 -0.0375
vn 0.9523 -0.3027 -0.0386
vn 0.9550 -0.2942 -0.0375
vn 0.8772 -0.4768 -0.0555
vn 0.8694 -0.4909 -0.0571
vn 0.7653 -0.6401 -0.0674
vn 0.7517 -0.6559 -0.0690
vn 0.6247 -0.7774 -0.0737
vn 0.6067 -0.7914 -0.0750
vn 0.4614 -0.8839 -0.0759
vn 0.4431 -0.8932 -0.0767
vn 0.2848 -0.9557 -0.0751
vn 0.2702 -0.9598 -0.0765
vn 0.0952 -0.9926 -0.0752
vn 0.0927 -0.9928 -0.0752
vn 0.0927 -0.9929 -0.0752
vn 0.0901 -0.9931 -0.0753
vn -0.0960 -0.9925 -0.0754
vn -0.0917 -0.9929 -0.0752
vn -0.0949 -0.9926 -0.0754
vn -0.0907 -0.9930 -0.0751
vn -0.2829 -0.9561 -0.0757
vn -0.2691 -0.9601 -0.0762
vn -0.4614 -0.8839 -0.0759
vn -0.4431 -0.8932 -0.0767
vn -0.6247 -0.7774 -0.0737
vn -0.6067 -0.7914 -0.0750
vn -0.7653 -0.6401 -0.0674
vn -0.7517 -0.6559 -0.0690
vn -0.8772 -0.4768 -0.0555
vn -0.8694 -0.4909 -0.0571
vn -0.9551 -0.2940 -0.0375
vn -0.9550 -0.2942 -0.0375
vn -0.9523 -0.3027 -0.0386
vn -0.9950 -0.0991 -0.0137
vn -0.9948 -0.1007 -0.0139
vn -0.9947 -0.1020 -0.0142
vn -0.9949 0.0993 0.0146
vn -0.9948 0.1004 0.0148
vn -0.9947 0.1015 0.0149
vn -0.9552 0.2925 0.0456
vn -0.9551 0.2928 0.0454
vn -0.9532 0.2987 0.0464
vn -0.8778 0.4728 0.0772
vn -0.8774 0.4734 0.0776
vn -0.8734 0.4806 0.0790
vn -0.7663 0.6335 0.1071
vn -0.7661 0.6337 0.1073
vn -0.7602 0.6406 0.1085
vn -0.6263 0.7680 0.1335
vn -0.6261 0.7682 0.1336
vn -0.6194 0.7735 0.1346
vn -0.4635 0.8725 0.1547
vn -0.4633 0.8726 0.1544
vn -0.4604 0.8741 0.1550
vn -0.2845 0.9436 0.1695
vn -0.2823 0.9442 0.1696
vn -0.2803 0.9449 0.1694
vn -0.0962 0.9795 0.1771
vn -0.0948 0.9796 0.1771
vn -0.0958 0.9795 0.1771
vn 0.0914 0.9802 -0.1756
vn 0.0947 0.9518 0.2918
vn 0.0976 0.8863 0.4527
vn 0.2814 0.9177 0.2804
vn 0.2891 0.8528 0.4350
vn 0.4590 0.8502 0.2579
vn 0.4697 0.7869 0.4003
vn 0.6211 0.7507 0.2253
vn 0.6325 0.6909 0.3502
vn 0.7619 0.6211 0.1837
vn 0.7715 0.5681 0.2865
vn 0.8747 0.4655 0.1353
vn 0.8809 0.4230 0.2121
vn 0.9539 0.2887 0.0821
vn 0.9565 0.2611 0.1301
vn 0.9948 0.0980 0.0272
vn 0.9951 0.0883 0.0437
vn 0.9948 -0.0982 -0.0265
vn 0.9951 -0.0884 -0.0434
vn 0.9536 -0.2913 -0.0762
vn 0.9564 -0.2626 -0.1278
vn 0.8736 -0.4717 -0.1195
vn 0.8806 -0.4268 -0.2061
vn 0.7597 -0.6316 -0.1549
vn 0.7708 -0.5745 -0.2755
vn 0.6180 -0.7648 -0.1820
vn 0.6316 -0.6999 -0.3335
vn 0.4554 -0.8673 -0.2011
vn 0.4686 -0.7982 -0.3785
vn 0.2787 -0.9365 -0.2129
vn 0.2883 -0.8658 -0.4091
vn 0.0936 -0.9713 -0.2186
vn 0.0972 -0.9001 -0.4246
vn -0.0936 -0.9713 -0.2186
vn -0.0972 -0.9001 -0.4246
vn -0.2787 -0.9365 -0.2129
vn -0.2883 -0.8658 -0.4091
vn -0.4554 -0.8673 -0.2011
vn -0.4686 -0.7982 -0.3785
vn -0.6180 -0.7648 -0.1820
vn -0.6316 -0.6999 -0.3335
vn -0.7597 -0.6316 -0.1549
vn -0.7708 -0.5745 -0.2755
vn -0.8736 -0.4717 -0.1195
vn -0.8806 -0.4267 -0.2061
vn -0.9536 -0.2913 -0.0762
vn -0.9564 -0.2626 -0.1278
vn -0.9948 -0.0982 -0.0265
vn -0.9951 -0.0884 -0.0434
vn -0.9948 0.0980 0.0272
vn -0.9951 0.0883 0.0437
vn -0.9539 0.2887 0.0821
vn -0.9565 0.2611 0.1301
vn -0.8747 0.4655 0.1353
vn -0.8809 0.4230 0.2121
vn -0.7619 0.6211 0.1837
vn -0.7715 0.5681 0.2865
vn -0.6211 0.7507 0.2253
vn -0.6325 0.6909 0.3502
vn -0.4590 0.8502 0.2579
vn -0.4697 0.7869 0.4003
vn -0.2814 0.9177 0.2804
vn -0.2891 0.8528 0.4350
vn -0.0947 0.9518 0.2918
vn -0.0976 0.8863 0.4527
vn 0.0981 0.8238 0.5584
vn 0.0946 0.5177 -0.8503
vn 0.0957 0.4046 -0.9095
vn 0.0961 0.3033 -0.9480
vn 0.0953 0.1827 -0.9785
vn 0.2806 0.4998 -0.8194
vn 0.2839 0.3904 -0.8758
vn 0.2848 0.2927 -0.9128
vn 0.2826 0.1769 -0.9428
vn 0.4578 0.4642 -0.7582
vn 0.4625 0.3621 -0.8093
vn 0.4639 0.2718 -0.8431
vn 0.4610 0.1651 -0.8719
vn 0.6200 0.4113 -0.6682
vn 0.6253 0.3203 -0.7116
vn 0.6271 0.2406 -0.7408
vn 0.6239 0.1474 -0.7675
vn 0.7607 0.3421 -0.5516
vn 0.7657 0.2657 -0.5858
vn 0.7674 0.1999 -0.6092
vn 0.7645 0.1236 -0.6327
vn 0.8738 0.2579 -0.4122
vn 0.8773 0.1999 -0.4363
vn 0.8787 0.1505 -0.4531
vn 0.8768 0.0940 -0.4716
vn 0.9535 0.1611 -0.2548
vn 0.9551 0.1246 -0.2688
vn 0.9558 0.0939 -0.2788
vn 0.9549 0.0592 -0.2909
vn 0.9943 0.0548 -0.0909
vn 0.9945 0.0460 -0.0943
vn 0.9949 0.0423 -0.0919
vn 0.9949 0.0330 -0.0948
vn 0.9950 0.0314 -0.0948
vn 0.9949 0.0216 -0.0983
vn 0.9943 -0.0551 0.0914
vn 0.9945 -0.0460 0.0938
vn 0.9949 -0.0427 0.0916
vn 0.9950 -0.0334 0.0943
vn 0.9950 -0.0318 0.0945
vn 0.9949 -0.0221 0.0981
vn 0.9530 -0.1663 0.2533
vn 0.9552 -0.1287 0.2664
vn 0.9562 -0.0976 0.2759
vn 0.9552 -0.0629 0.2891
vn 0.8721 -0.2711 0.4075
vn 0.8778 -0.2109 0.4301
vn 0.8804 -0.1604 0.4463
vn 0.8780 -0.1038 0.4673
vn 0.7569 -0.3650 0.5420
vn 0.7666 -0.2857 0.5750
vn 0.7711 -0.2182 0.5982
vn 0.7670 -0.1415 0.6258
vn 0.6146 -0.4439 0.6521
vn 0.6268 -0.3499 0.6962
vn 0.6324 -0.2684 0.7266
vn 0.6275 -0.1742 0.7589
vn 0.4518 -0.5049 0.7355
vn 0.4639 -0.4008 0.7900
vn 0.4697 -0.3086 0.8271
vn 0.4648 -0.2002 0.8625
vn 0.2761 -0.5462 0.7909
vn 0.2849 -0.4359 0.8537
vn 0.2891 -0.3367 0.8961
vn 0.2856 -0.2184 0.9331
vn 0.0929 -0.5670 0.8185
vn 0.0963 -0.4538 0.8859
vn 0.0978 -0.3511 0.9312
vn 0.0963 -0.2276 0.9690
vn -0.0929 -0.5670 0.8185
vn -0.0963 -0.4538 0.8859
vn -0.0978 -0.3511 0.9312
vn -0.0963 -0.2276 0.9690
vn -0.2761 -0.5462 0.7909
vn -0.2849 -0.4359 0.8537
vn -0.2891 -0.3367 0.8961
vn -0.2856 -0.2184 0.9331
vn -0.4518 -0.5049 0.7355
vn -0.4639 -0.4008 0.7900
vn -0.4697 -0.3086 0.8271
vn -0.4648 -0.2003 0.8625
vn -0.6146 -0.4439 0.6521
vn -0.6268 -0.3499 0.6962
vn -0.6324 -0.2684 0.7266
vn -0.6275 -0.1742 0.7589
vn -0.7569 -0.3650 0.5420
vn -0.7666 -0.2857 0.5750
vn -0.7711 -0.2182 0.5982
vn -0.7670 -0.1415 0.6258
vn -0.8721 -0.2711 0.4075
vn -0.8778 -0.2109 0.4301
vn -0.8804 -0.1604 0.4463
vn -0.8780 -0.1038 0.4673
vn -0.9530 -0.1663 0.2533
vn -0.9552 -0.1288 0.2664
vn -0.9562 -0.0976 0.2759
vn -0.9552 -0.0629 0.2891
vn -0.9945 -0.0461 0.0939
vn -0.9943 -0.0550 0.0915
vn -0.9950 -0.0334 0.0944
vn -0.9949 -0.0428 0.0917
vn -0.9949 -0.0221 0.0982
vn -0.9950 -0.0318 0.0945
vn -0.9945 0.0460 -0.0943
vn -0.9943 0.0548 -0.0909
vn -0.9949 0.0330 -0.0948
vn -0.9949 0.0423 -0.0919
vn -0.9949 0.0216 -0.0983
vn -0.9950 0.0314 -0.0948
vn -0.9535 0.1611 -0.2548
vn -0.9551 0.1246 -0.2688
vn -0.9558 0.0939 -0.2788
vn -0.9549 0.0592 -0.2909
vn -0.8738 0.2579 -0.4122
vn -0.8773 0.1999 -0.4363
vn -0.8787 0.1505 -0.4531
vn -0.8768 0.0940 -0.4716
vn -0.7607 0.3421 -0.5516
vn -0.7656 0.2657 -0.5858
vn -0.7674 0.1999 -0.6092
vn -0.7645 0.1236 -0.6327
vn -0.6200 0.4113 -0.6682
vn -0.6253 0.3203 -0.7116
vn -0.6271 0.2406 -0.7408
vn -0.6239 0.1474 -0.7675
vn -0.4578 0.4642 -0.7582
vn -0.4625 0.3621 -0.8093
vn -0.4639 0.2718 -0.8431
vn -0.4609 0.1652 -0.8719
vn -0.2806 0.4998 -0.8194
vn -0.2839 0.3904 -0.8758
vn -0.2849 0.2927 -0.9128
vn -0.2828 0.1769 -0.9427
vn -0.0946 0.5177 -0.8503
vn -0.0957 0.4046 -0.9095
vn -0.0960 0.3033 -0.9481
vn -0.0952 0.1827 -0.9785
vn 0.0959 0.0996 -0.9904
vn 0.0957 0.0131 -0.9953
vn 0.2835 0.0122 -0.9589
vn 0.4619 0.0106 -0.8869
vn 0.6246 0.0083 -0.7809
vn 0.7647 0.0057 -0.6444
vn 0.8766 0.0032 -0.4812
vn 0.9547 0.0012 -0.2976
vn 0.9949 0.0001 -0.1007
vn 0.9949 0.0001 0.1007
vn 0.9545 0.0013 0.2982
vn 0.8759 0.0036 0.4824
vn 0.7634 0.0066 0.6459
vn 0.6226 0.0100 0.7825
vn 0.4598 0.0131 0.8879
vn 0.2819 0.0154 0.9593
vn 0.0951 0.0167 0.9953
vn -0.0951 0.0167 0.9953
vn -0.2819 0.0154 0.9593
vn -0.4598 0.0131 0.8879
vn -0.6226 0.0100 0.7825
vn -0.7634 0.0066 0.6459
vn -0.8759 0.0036 0.4824
vn -0.9545 0.0013 0.2982
vn -0.9949 0.0001 0.1007
vn -0.9949 0.0001 -0.1007
vn -0.9547 0.0012 -0.2976
vn -0.8766 0.0032 -0.4812
vn -0.7647 0.0057 -0.6444
vn -0.6246 0.0083 -0.7809
vn -0.4619 0.0106 -0.8869
vn -0.2835 0.0122 -0.9589
vn -0.0957 0.0131 -0.9953
vn 0.0910 0.5912 -0.8014
vn 0.2711 0.5721 -0.7741
vn 0.4441 0.5338 -0.7196
vn 0.6053 0.4761 -0.6379
vn 0.7481 0.3988 -0.5304
vn 0.8655 0.3028 -0.3991
vn 0.9499 0.1902 -0.2481
vn 0.9943 0.0652 -0.0841
vn 0.9943 -0.0659 0.0839
vn 0.9492 -0.1958 0.2462
vn 0.8630 -0.3169 0.3936
vn 0.7428 -0.4228 0.5191
vn 0.5979 -0.5092 0.6191
vn 0.4363 -0.5744 0.6926
vn 0.2650 -0.6177 0.7405
vn 0.0889 -0.6391 0.7640
vn -0.0889 -0.6391 0.7640
vn -0.2650 -0.6177 0.7405
vn -0.4363 -0.5744 0.6926
vn -0.5979 -0.5092 0.6191
vn -0.7428 -0.4228 0.5191
vn -0.8630 -0.3169 0.3936
vn -0.9492 -0.1958 0.2462
vn -0.9943 -0.0659 0.0839
vn -0.9943 0.0652 -0.0841
vn -0.9499 0.1902 -0.2481
vn -0.8655 0.3028 -0.3991
vn -0.7481 0.3988 -0.5304
vn -0.6053 0.4761 -0.6379
vn -0.4441 0.5338 -0.7196
vn -0.2711 0.5721 -0.7741
vn -0.0910 0.5912 -0.8014
vn -0.0979 -0.5109 -0.8540
vn 0.2356 0.1023 -0.9664
vn 0.3929 0.0968 -0.9145
vn 0.5485 0.0880 -0.8315
vn 0.6977 0.0754 -0.7124
vn 0.8314 0.0585 -0.5526
vn 0.9349 0.0374 -0.3528
vn 0.9933 0.0032 -0.1159
vn 0.9926 0.0109 -0.1206
vn 0.9926 0.0146 -0.1202
vn 0.9932 0.0212 -0.1142
vn 0.9932 -0.0032 0.1162
vn 0.9926 -0.0111 0.1207
vn 0.9926 -0.0145 0.1204
vn 0.9932 -0.0212 0.1145
vn -0.9349 0.0374 -0.3528
vn -0.8312 0.0585 -0.5529
vn -0.6977 0.0753 -0.7125
vn -0.5485 0.0879 -0.8315
vn -0.3928 0.0966 -0.9145
vn -0.2357 0.1021 -0.9665
vn -0.0784 0.1047 -0.9914
vn 0.0784 0.1047 -0.9914
vn 0.2357 0.1021 -0.9664
vn 0.3927 0.0966 -0.9146
vn 0.5485 0.0879 -0.8315
vn 0.6977 0.0753 -0.7125
vn 0.8313 0.0585 -0.5528
vn 0.9349 0.0374 -0.3530
vn -0.9926 -0.0111 0.1207
vn -0.9932 -0.0032 0.1162
vn -0.9932 -0.0210 0.1144
vn -0.9926 -0.0143 0.1203
vn -0.9926 0.0110 -0.1206
vn -0.9933 0.0033 -0.1159
vn -0.9933 0.0209 -0.1140
vn -0.9927 0.0143 -0.1200
vn -0.9349 0.0374 -0.3529
vn -0.8313 0.0585 -0.5527
vn -0.6977 0.0754 -0.7124
vn -0.5485 0.0880 -0.8315
vn -0.3929 0.0968 -0.9145
vn -0.2357 0.1023 -0.9664
vn -0.0784 0.1049 -0.9914
vn 0.0000 -0.8582 0.5134
vn 0.8625 -0.4880 0.1343
vn 0.9512 -0.2065 0.2294
vn -0.4434 -0.5701 0.6917
vn -0.7535 0.4636 -0.4660
vn 0.8693 0.3460 -0.3531
vn 0.2698 -0.6077 0.7470
vn -0.9950 -0.0596 0.0798
vn -0.9948 -0.0690 0.0749
vn -0.9945 -0.0761 0.0714
vn -0.9945 -0.0717 0.0760
vn -0.0923 0.7131 -0.6950
vn 0.2747 0.6875 -0.6722
vn 0.8676 -0.3282 0.3736
vn -0.6058 -0.5115 0.6094
vn -0.6114 0.5615 -0.5576
vn 0.9516 0.2131 -0.2214
vn 0.0906 -0.6259 0.7746
vn -0.9950 0.0602 -0.0797
vn -0.9948 0.0701 -0.0742
vn -0.9946 0.0766 -0.0703
vn -0.9946 0.0724 -0.0750
vn 0.4497 0.6367 -0.6264
vn 0.7498 -0.4307 0.5022
vn -0.7498 -0.4307 0.5022
vn -0.4496 0.6367 -0.6264
vn 0.9943 0.0720 -0.0786
vn 0.9946 0.0624 -0.0834
vn 0.9945 0.0726 -0.0752
vn 0.9945 0.0769 -0.0705
vn -0.0906 -0.6259 0.7746
vn -0.9516 0.2131 -0.2214
vn 0.6114 0.5615 -0.5576
vn 0.6058 -0.5115 0.6094
vn -0.8676 -0.3281 0.3735
vn -0.2747 0.6875 -0.6722
vn 0.9944 -0.0711 0.0781
vn 0.9947 -0.0609 0.0834
vn 0.9945 -0.0719 0.0761
vn 0.9945 -0.0763 0.0716
vn -0.2699 -0.6077 0.7469
vn -0.8693 0.3459 -0.3530
vn 0.7535 0.4636 -0.4660
vn 0.4435 -0.5701 0.6916
vn -0.9512 -0.2065 0.2294
vn 0.4471 -0.8371 -0.3153
vn -0.9942 0.1014 -0.0349
vn -0.9941 0.1052 -0.0267
vn -0.9944 0.1040 -0.0167
vn -0.9943 0.1039 -0.0233
vn 0.7418 -0.6446 0.1850
vn -0.9497 0.3053 -0.0699
vn 0.5960 -0.7696 0.2292
vn -0.8650 0.4900 -0.1077
vn 0.4342 -0.8612 0.2642
vn -0.7472 0.6502 -0.1379
vn 0.2633 -0.9206 0.2885
vn -0.0907 0.9773 -0.1917
vn -0.6040 0.7807 -0.1606
vn 0.0881 -0.9496 0.3009
vn 0.4428 0.8790 -0.1767
vn -0.4428 0.8791 -0.1767
vn -0.0881 -0.9496 0.3009
vn 0.6040 0.7807 -0.1606
vn -0.2701 0.9445 -0.1868
vn -0.2633 -0.9206 0.2885
vn 0.7472 0.6502 -0.1379
vn -0.4341 -0.8612 0.2642
vn 0.8649 0.4902 -0.1078
vn 0.2700 0.9446 -0.1868
vn -0.5960 -0.7696 0.2292
vn 0.9498 0.3051 -0.0699
vn -0.7418 -0.6446 0.1850
vn 0.9941 0.1052 -0.0267
vn 0.9942 0.1014 -0.0349
vn 0.9943 0.1039 -0.0233
vn 0.9944 0.1040 -0.0167
vn -0.8625 -0.4878 0.1343
vn 0.9941 -0.1049 0.0275
vn 0.9944 -0.0996 0.0361
vn 0.9943 -0.1038 0.0246
vn 0.9944 -0.1041 0.0178
vn -0.9491 -0.3045 0.0801
vn 0.9491 -0.3046 0.0801
vn -0.9944 -0.0996 0.0361
vn -0.9941 -0.1049 0.0275
vn -0.9944 -0.1041 0.0178
vn -0.9943 -0.1038 0.0246
vn -0.0959 -0.7010 -0.7067
vn -0.7562 0.6020 0.2564
vn 0.2728 -0.9012 -0.3368
vn -0.0932 0.9129 0.3975
vn -0.6146 0.7248 0.3114
vn 0.0916 -0.9332 -0.3474
vn 0.4527 0.8184 0.3540
vn -0.4527 0.8184 0.3540
vn -0.0916 -0.9332 -0.3474
vn 0.6146 0.7248 0.3114
vn -0.2772 0.8813 0.3828
vn -0.2728 -0.9012 -0.3368
vn 0.7562 0.6020 0.2564
vn -0.4470 -0.8371 -0.3153
vn 0.8710 0.4528 0.1908
vn 0.2772 0.8813 0.3828
vn -0.6094 -0.7409 -0.2822
vn 0.9522 0.2819 0.1173
vn -0.7526 -0.6143 -0.2371
vn 0.9945 0.0976 0.0391
vn 0.9946 0.0997 0.0288
vn 0.9946 0.0957 0.0402
vn 0.9946 0.0932 0.0448
vn -0.8692 -0.4603 -0.1804
vn 0.9944 -0.0987 -0.0384
vn 0.9946 -0.0999 -0.0282
vn 0.9946 -0.0961 -0.0397
vn 0.9946 -0.0937 -0.0445
vn -0.9518 -0.2850 -0.1134
vn 0.9518 -0.2850 -0.1134
vn -0.9946 -0.0999 -0.0282
vn -0.9944 -0.0987 -0.0384
vn -0.9946 -0.0937 -0.0445
vn -0.9946 -0.0961 -0.0397
vn 0.8692 -0.4604 -0.1804
vn -0.9946 0.0997 0.0288
vn -0.9945 0.0976 0.0391
vn -0.9946 0.0933 0.0448
vn -0.9946 0.0957 0.0402
vn 0.7526 -0.6143 -0.2371
vn -0.9522 0.2820 0.1173
vn 0.6094 -0.7410 -0.2822
vn -0.8710 0.4527 0.1908
vn -0.6314 -0.3250 -0.7041
vn 0.6272 0.5245 0.5758
vn -0.2854 0.6430 0.7107
vn -0.2844 -0.6743 -0.6815
vn 0.7670 0.4333 0.4732
vn -0.4633 -0.6219 -0.6314
vn 0.8780 0.3244 0.3519
vn 0.2853 0.6430 0.7107
vn -0.6260 -0.5454 -0.5573
vn 0.9554 0.2010 0.2165
vn -0.7662 -0.4476 -0.4610
vn 0.9948 0.0710 0.0737
vn 0.9948 0.0742 0.0695
vn 0.9950 0.0681 0.0735
vn 0.9950 0.0648 0.0761
vn -0.8778 -0.3322 -0.3452
vn 0.9947 -0.0717 -0.0733
vn 0.9948 -0.0746 -0.0700
vn 0.9950 -0.0685 -0.0733
vn 0.9950 -0.0652 -0.0759
vn -0.9552 -0.2042 -0.2141
vn 0.9553 -0.2041 -0.2141
vn -0.9950 -0.0709 -0.0699
vn -0.9948 -0.0706 -0.0734
vn -0.9950 -0.0649 -0.0755
vn -0.9950 -0.0681 -0.0728
vn 0.8777 -0.3323 -0.3453
vn -0.9950 0.0706 0.0702
vn -0.9950 0.0707 0.0700
vn -0.9950 0.0644 0.0757
vn -0.9950 0.0677 0.0731
vn 0.7662 -0.4476 -0.4610
vn -0.9553 0.2011 0.2166
vn 0.6260 -0.5454 -0.5573
vn -0.8781 0.3243 0.3518
vn 0.4633 -0.6219 -0.6313
vn -0.7670 0.4333 0.4732
vn 0.2843 -0.6743 -0.6815
vn -0.0962 0.6673 0.7386
vn -0.6272 0.5245 0.5758
vn 0.0959 -0.7010 -0.7067
vn 0.4646 0.5950 0.6558
vn -0.4645 0.5950 0.6559
vn -0.9570 -0.1636 -0.2398
vn -0.9570 -0.1636 -0.2397
vn -0.9570 -0.1673 -0.2372
vn 0.9563 0.1212 0.2662
vn 0.9564 0.1287 0.2622
vn 0.9563 0.1216 0.2660
vn -0.7705 -0.2668 -0.5790
vn 0.9951 0.0434 0.0885
vn 0.9951 0.0433 0.0885
vn 0.9951 0.0437 0.0891
vn 0.9951 0.0415 0.0902
vn -0.8803 -0.1982 -0.4310
vn 0.9949 -0.0432 -0.0912
vn 0.9951 -0.0434 -0.0885
vn 0.9950 -0.0437 -0.0894
vn 0.9950 -0.0418 -0.0903
vn -0.9563 -0.1219 -0.2658
vn -0.9563 -0.1223 -0.2655
vn -0.9564 -0.1293 -0.2619
vn 0.9563 -0.1219 -0.2658
vn 0.9564 -0.1293 -0.2619
vn 0.9563 -0.1223 -0.2656
vn -0.9951 -0.0435 -0.0886
vn -0.9951 -0.0436 -0.0886
vn -0.9951 -0.0412 -0.0894
vn -0.9952 -0.0433 -0.0882
vn 0.8803 -0.1982 -0.4310
vn -0.9953 0.0435 0.0860
vn -0.9951 0.0435 0.0886
vn -0.9952 0.0410 0.0891
vn -0.9952 0.0430 0.0880
vn 0.7705 -0.2668 -0.5790
vn -0.9563 0.1212 0.2662
vn -0.9563 0.1216 0.2660
vn -0.9564 0.1287 0.2622
vn 0.6313 -0.3250 -0.7041
vn -0.8802 0.1962 0.4321
vn 0.4685 -0.3706 -0.8020
vn -0.7703 0.2631 0.5808
vn 0.2882 -0.4020 -0.8691
vn -0.0974 0.4087 0.9074
vn -0.6310 0.3196 0.7069
vn 0.0971 -0.4180 -0.9032
vn 0.4682 0.3635 0.8054
vn -0.4682 0.3635 0.8054
vn -0.0971 -0.4180 -0.9032
vn 0.6310 0.3196 0.7069
vn -0.2880 0.3936 0.8730
vn -0.2882 -0.4020 -0.8691
vn 0.7703 0.2631 0.5808
vn -0.4684 -0.3706 -0.8020
vn 0.8802 0.1962 0.4321
vn 0.2880 0.3936 0.8730
vn 0.9570 0.1636 0.2398
vn 0.9570 0.1635 0.2398
vn 0.9570 0.1673 0.2372
vn 0.9570 -0.1636 -0.2397
vn 0.9570 -0.1636 -0.2398
vn 0.9570 -0.1673 -0.2372
vn -0.9953 -0.0548 -0.0796
vn -0.9952 -0.0553 -0.0810
vn -0.9952 -0.0565 -0.0802
vn 0.8819 -0.2717 -0.3852
vn -0.9953 0.0549 0.0796
vn -0.9952 0.0553 0.0810
vn -0.9952 0.0565 0.0802
vn 0.7730 -0.3656 -0.5185
vn -0.9570 0.1635 0.2398
vn -0.9570 0.1636 0.2398
vn -0.9570 0.1673 0.2372
vn 0.6344 -0.4454 -0.6317
vn -0.8819 0.2717 0.3852
vn 0.4713 -0.5083 -0.7208
vn -0.7730 0.3656 0.5185
vn 0.2903 -0.5515 -0.7820
vn -0.0979 0.5735 0.8133
vn -0.6345 0.4454 0.6317
vn 0.0980 -0.5735 -0.8133
vn 0.4713 0.5083 0.7208
vn -0.4713 0.5083 0.7208
vn -0.0980 -0.5735 -0.8133
vn 0.6341 0.4456 0.6319
vn -0.2903 0.5515 0.7820
vn -0.2903 -0.5515 -0.7820
vn 0.7730 0.3656 0.5185
vn -0.4713 -0.5083 -0.7208
vn 0.9569 -0.1490 -0.2491
vn 0.2903 0.5515 0.7820
vn -0.6344 -0.4455 -0.6317
vn 0.8819 0.2717 0.3852
vn -0.7730 -0.3656 -0.5185
vn 0.9952 0.0553 0.0810
vn 0.9953 0.0549 0.0796
vn 0.9952 0.0565 0.0802
vn -0.8819 -0.2717 -0.3852
vn 0.9952 -0.0553 -0.0810
vn 0.9953 -0.0548 -0.0796
vn 0.9952 -0.0565 -0.0802
vn -0.0000 -0.8173 0.5763
vn -0.7730 0.3257 0.5444
vn 0.9952 -0.0503 -0.0840
vn 0.9950 -0.0415 -0.0908
vn 0.9950 -0.0508 -0.0858
vn -0.8820 0.2420 0.4044
vn 0.9952 0.0503 0.0841
vn 0.9950 0.0419 0.0912
vn 0.9950 0.0508 0.0860
vn -0.9570 0.1489 0.2490
vn 0.9569 0.1490 0.2491
vn -0.9952 0.0503 0.0841
vn -0.9950 0.0508 0.0860
vn -0.9950 0.0419 0.0912
vn 0.8819 0.2420 0.4046
vn -0.9952 -0.0503 -0.0840
vn -0.9950 -0.0508 -0.0858
vn -0.9950 -0.0415 -0.0908
vn 0.7730 0.3257 0.5444
vn -0.9569 -0.1491 -0.2492
vn 0.6344 0.3968 0.6634
vn -0.8820 -0.2420 -0.4045
vn 0.4714 0.4528 0.7568
vn -0.7730 -0.3257 -0.5444
vn 0.2903 0.4913 0.8212
vn 0.0979 -0.5109 -0.8540
vn -0.6344 -0.3969 -0.6634
vn 0.0981 0.5109 0.8540
vn 0.4715 -0.4527 -0.7568
vn -0.4714 -0.4527 -0.7568
vn -0.0981 0.5109 0.8540
vn 0.6344 -0.3969 -0.6634
vn -0.2903 -0.4912 -0.8212
vn -0.2904 0.4913 0.8212
vn 0.7730 -0.3257 -0.5444
vn -0.4713 0.4528 0.7569
vn 0.8819 -0.2421 -0.4046
vn 0.2903 -0.4912 -0.8212
vn -0.6344 0.3968 0.6634
vn 0.0970 0.4371 0.8941
vn 0.0974 0.4766 0.8737
vn 0.0977 0.5095 0.8549
vn 0.0978 0.5475 0.8311
vn 0.2884 0.4207 0.8601
vn 0.2894 0.4585 0.8403
vn 0.2898 0.4901 0.8221
vn 0.2902 0.5264 0.7991
vn 0.4686 0.3884 0.7935
vn 0.4699 0.4230 0.7748
vn 0.4707 0.4519 0.7578
vn 0.4712 0.4852 0.7365
vn 0.6316 0.3412 0.6962
vn 0.6329 0.3712 0.6795
vn 0.6336 0.3964 0.6644
vn 0.6343 0.4254 0.6456
vn 0.7708 0.2807 0.5719
vn 0.7719 0.3050 0.5578
vn 0.7725 0.3255 0.5453
vn 0.7729 0.3491 0.5298
vn 0.8805 0.2092 0.4254
vn 0.8812 0.2270 0.4147
vn 0.8816 0.2421 0.4053
vn 0.8819 0.2595 0.3937
vn 0.9565 0.1398 0.2560
vn 0.9563 0.1298 0.2621
vn 0.9565 0.1494 0.2507
vn 0.9564 0.1408 0.2559
vn 0.9565 0.1603 0.2437
vn 0.9565 0.1500 0.2502
vn 0.9951 0.0473 0.0866
vn 0.9951 0.0440 0.0885
vn 0.9953 0.0493 0.0836
vn 0.9953 0.0472 0.0851
vn 0.9953 0.0524 0.0810
vn 0.9954 0.0506 0.0818
vn 0.9951 -0.0475 -0.0870
vn 0.9950 -0.0445 -0.0889
vn 0.9952 -0.0497 -0.0838
vn 0.9952 -0.0472 -0.0852
vn 0.9954 -0.0520 -0.0810
vn 0.9954 -0.0504 -0.0820
vn 0.9568 -0.1398 -0.2551
vn 0.9565 -0.1300 -0.2612
vn 0.9568 -0.1492 -0.2494
vn 0.9567 -0.1406 -0.2548
vn 0.9567 -0.1601 -0.2432
vn 0.9566 -0.1502 -0.2499
vn 0.8806 -0.2108 -0.4244
vn 0.8813 -0.2282 -0.4138
vn 0.8816 -0.2428 -0.4047
vn 0.8819 -0.2598 -0.3934
vn 0.7709 -0.2838 -0.5703
vn 0.7720 -0.3072 -0.5564
vn 0.7726 -0.3269 -0.5443
vn 0.7729 -0.3497 -0.5294
vn 0.6319 -0.3457 -0.6937
vn 0.6333 -0.3743 -0.6774
vn 0.6339 -0.3984 -0.6630
vn 0.6343 -0.4262 -0.6450
vn 0.4689 -0.3943 -0.7903
vn 0.4703 -0.4271 -0.7723
vn 0.4709 -0.4546 -0.7561
vn 0.4714 -0.4863 -0.7357
vn 0.2886 -0.4277 -0.8566
vn 0.2895 -0.4635 -0.8375
vn 0.2899 -0.4933 -0.8201
vn 0.2902 -0.5277 -0.7983
vn 0.0973 -0.4447 -0.8904
vn 0.0977 -0.4820 -0.8707
vn 0.0978 -0.5130 -0.8528
vn 0.0979 -0.5488 -0.8302
vn -0.0973 -0.4447 -0.8904
vn -0.0977 -0.4820 -0.8707
vn -0.0979 -0.5130 -0.8528
vn -0.0979 -0.5488 -0.8302
vn -0.2886 -0.4277 -0.8566
vn -0.2895 -0.4635 -0.8375
vn -0.2899 -0.4933 -0.8201
vn -0.2902 -0.5277 -0.7983
vn -0.4689 -0.3943 -0.7903
vn -0.4703 -0.4271 -0.7723
vn -0.4709 -0.4546 -0.7561
vn -0.4714 -0.4863 -0.7358
vn -0.6319 -0.3457 -0.6937
vn -0.6333 -0.3743 -0.6774
vn -0.6339 -0.3984 -0.6630
vn -0.6343 -0.4262 -0.6450
vn -0.7709 -0.2838 -0.5703
vn -0.7720 -0.3072 -0.5564
vn -0.7726 -0.3269 -0.5443
vn -0.7729 -0.3497 -0.5294
vn -0.8806 -0.2108 -0.4244
vn -0.8813 -0.2282 -0.4138
vn -0.8816 -0.2428 -0.4047
vn -0.8819 -0.2598 -0.3934
vn -0.9565 -0.1300 -0.2612
vn -0.9568 -0.1398 -0.2550
vn -0.9567 -0.1406 -0.2548
vn -0.9568 -0.1492 -0.2494
vn -0.9566 -0.1502 -0.2499
vn -0.9567 -0.1601 -0.2432
vn -0.9952 -0.0438 -0.0878
vn -0.9952 -0.0469 -0.0859
vn -0.9953 -0.0472 -0.0849
vn -0.9953 -0.0492 -0.0836
vn -0.9954 -0.0504 -0.0820
vn -0.9954 -0.0520 -0.0810
vn -0.9952 0.0436 0.0874
vn -0.9952 0.0464 0.0857
vn -0.9953 0.0473 0.0847
vn -0.9953 0.0491 0.0836
vn -0.9954 0.0505 0.0818
vn -0.9953 0.0524 0.0810
vn -0.9563 0.1298 0.2621
vn -0.9565 0.1398 0.2560
vn -0.9564 0.1408 0.2559
vn -0.9565 0.1494 0.2507
vn -0.9565 0.1500 0.2502
vn -0.9565 0.1603 0.2437
vn -0.8805 0.2092 0.4254
vn -0.8812 0.2270 0.4147
vn -0.8816 0.2421 0.4053
vn -0.8819 0.2595 0.3937
vn -0.7708 0.2807 0.5719
vn -0.7719 0.3050 0.5578
vn -0.7725 0.3255 0.5453
vn -0.7729 0.3491 0.5298
vn -0.6316 0.3412 0.6962
vn -0.6329 0.3712 0.6794
vn -0.6336 0.3964 0.6644
vn -0.6343 0.4253 0.6455
vn -0.4686 0.3884 0.7935
vn -0.4699 0.4230 0.7748
vn -0.4706 0.4519 0.7578
vn -0.4712 0.4852 0.7366
vn -0.2884 0.4207 0.8601
vn -0.2894 0.4585 0.8403
vn -0.2898 0.4901 0.8221
vn -0.2902 0.5264 0.7991
vn -0.0970 0.4371 0.8941
vn -0.0974 0.4766 0.8737
vn -0.0977 0.5095 0.8549
vn -0.0979 0.5475 0.8311
vn 0.0978 0.5735 0.8133
vn 0.0964 0.6292 0.7713
vn 0.0971 0.5713 0.8149
vn 0.0976 0.5194 0.8489
vn 0.0973 0.4553 0.8850
vn 0.2863 0.6061 0.7421
vn 0.2887 0.5501 0.7836
vn 0.2891 0.5000 0.8164
vn 0.2890 0.4383 0.8511
vn 0.4658 0.5607 0.6846
vn 0.4688 0.5083 0.7224
vn 0.4694 0.4619 0.7526
vn 0.4696 0.4047 0.7847
vn 0.6286 0.4940 0.6008
vn 0.6317 0.4472 0.6332
vn 0.6322 0.4062 0.6597
vn 0.6323 0.3558 0.6882
vn 0.7681 0.4079 0.4936
vn 0.7707 0.3687 0.5197
vn 0.7713 0.3347 0.5414
vn 0.7715 0.2929 0.5648
vn 0.8788 0.3051 0.3670
vn 0.8804 0.2754 0.3861
vn 0.8807 0.2499 0.4023
vn 0.8809 0.2185 0.4199
vn 0.9557 0.1890 0.2258
vn 0.9563 0.1705 0.2375
vn 0.9565 0.1546 0.2475
vn 0.9566 0.1350 0.2584
vn 0.9950 0.0639 0.0767
vn 0.9951 0.0586 0.0801
vn 0.9951 0.0578 0.0806
vn 0.9951 0.0530 0.0838
vn 0.9951 0.0525 0.0843
vn 0.9951 0.0465 0.0877
vn 0.9950 -0.0642 -0.0764
vn 0.9951 -0.0588 -0.0798
vn 0.9951 -0.0580 -0.0804
vn 0.9951 -0.0531 -0.0835
vn 0.9950 -0.0529 -0.0847
vn 0.9950 -0.0470 -0.0882
vn 0.9556 -0.1918 -0.2237
vn 0.9562 -0.1729 -0.2361
vn 0.9564 -0.1565 -0.2466
vn 0.9565 -0.1362 -0.2578
vn 0.8786 -0.3124 -0.3613
vn 0.8800 -0.2818 -0.3824
vn 0.8805 -0.2550 -0.3997
vn 0.8809 -0.2217 -0.4182
vn 0.7676 -0.4210 -0.4832
vn 0.7698 -0.3801 -0.5127
vn 0.7706 -0.3438 -0.5366
vn 0.7714 -0.2988 -0.5618
vn 0.6278 -0.5131 -0.5853
vn 0.6305 -0.4637 -0.6224
vn 0.6315 -0.4194 -0.6522
vn 0.6324 -0.3645 -0.6835
vn 0.4650 -0.5854 -0.6642
vn 0.4675 -0.5294 -0.7080
vn 0.4685 -0.4789 -0.7425
vn 0.4695 -0.4161 -0.7788
vn 0.2856 -0.6350 -0.7178
vn 0.2874 -0.5746 -0.7663
vn 0.2882 -0.5197 -0.8043
vn 0.2890 -0.4516 -0.8441
vn 0.0963 -0.6602 -0.7449
vn 0.0968 -0.5976 -0.7959
vn 0.0971 -0.5405 -0.8357
vn 0.0974 -0.4697 -0.8774
vn -0.0963 -0.6602 -0.7449
vn -0.0968 -0.5976 -0.7959
vn -0.0971 -0.5405 -0.8357
vn -0.0975 -0.4697 -0.8774
vn -0.2857 -0.6350 -0.7178
vn -0.2875 -0.5746 -0.7663
vn -0.2882 -0.5197 -0.8043
vn -0.2890 -0.4516 -0.8441
vn -0.4650 -0.5854 -0.6642
vn -0.4673 -0.5294 -0.7080
vn -0.4683 -0.4789 -0.7425
vn -0.4694 -0.4161 -0.7788
vn -0.6278 -0.5131 -0.5853
vn -0.6305 -0.4637 -0.6224
vn -0.6315 -0.4194 -0.6522
vn -0.6325 -0.3645 -0.6835
vn -0.7676 -0.4210 -0.4832
vn -0.7698 -0.3801 -0.5127
vn -0.7706 -0.3438 -0.5366
vn -0.7714 -0.2989 -0.5618
vn -0.8786 -0.3123 -0.3612
vn -0.8801 -0.2817 -0.3823
vn -0.8806 -0.2549 -0.3996
vn -0.8809 -0.2217 -0.4181
vn -0.9556 -0.1918 -0.2237
vn -0.9562 -0.1729 -0.2361
vn -0.9564 -0.1565 -0.2466
vn -0.9565 -0.1362 -0.2578
vn -0.9952 -0.0584 -0.0791
vn -0.9951 -0.0637 -0.0758
vn -0.9952 -0.0526 -0.0823
vn -0.9952 -0.0574 -0.0795
vn -0.9953 -0.0457 -0.0859
vn -0.9952 -0.0518 -0.0827
vn -0.9952 0.0581 0.0793
vn -0.9951 0.0634 0.0759
vn -0.9952 0.0523 0.0824
vn -0.9952 0.0570 0.0796
vn -0.9953 0.0456 0.0852
vn -0.9953 0.0511 0.0825
vn -0.9557 0.1890 0.2258
vn -0.9563 0.1705 0.2375
vn -0.9565 0.1546 0.2475
vn -0.9566 0.1350 0.2584
vn -0.8788 0.3050 0.3669
vn -0.8805 0.2753 0.3860
vn -0.8808 0.2498 0.4022
vn -0.8809 0.2185 0.4198
vn -0.7681 0.4079 0.4936
vn -0.7707 0.3687 0.5197
vn -0.7712 0.3347 0.5415
vn -0.7714 0.2929 0.5649
vn -0.6286 0.4940 0.6008
vn -0.6317 0.4472 0.6332
vn -0.6323 0.4062 0.6597
vn -0.6324 0.3558 0.6881
vn -0.4657 0.5607 0.6846
vn -0.4687 0.5083 0.7224
vn -0.4693 0.4619 0.7526
vn -0.4695 0.4047 0.7847
vn -0.2863 0.6061 0.7420
vn -0.2887 0.5501 0.7836
vn -0.2891 0.5000 0.8164
vn -0.2890 0.4383 0.8511
vn -0.0964 0.6292 0.7713
vn -0.0971 0.5713 0.8149
vn -0.0972 0.5194 0.8490
vn -0.0973 0.4553 0.8850
vn 0.0970 0.4089 0.9074
vn 0.0937 0.8838 0.4584
vn 0.0958 0.8339 0.5435
vn 0.0966 0.7842 0.6130
vn 0.0971 0.7180 0.6893
vn 0.2783 0.8531 0.4414
vn 0.2843 0.8037 0.5226
vn 0.2869 0.7553 0.5893
vn 0.2880 0.6913 0.6627
vn 0.4544 0.7919 0.4079
vn 0.4631 0.7439 0.4818
vn 0.4667 0.6983 0.5427
vn 0.4681 0.6390 0.6104
vn 0.6165 0.7009 0.3587
vn 0.6255 0.6561 0.4223
vn 0.6292 0.6150 0.4753
vn 0.6308 0.5624 0.5347
vn 0.7577 0.5819 0.2954
vn 0.7652 0.5426 0.3464
vn 0.7685 0.5077 0.3895
vn 0.7699 0.4639 0.4383
vn 0.8719 0.4375 0.2198
vn 0.8768 0.4064 0.2571
vn 0.8789 0.3797 0.2888
vn 0.8798 0.3468 0.3252
vn 0.9526 0.2724 0.1353
vn 0.9547 0.2524 0.1580
vn 0.9555 0.2355 0.1774
vn 0.9560 0.2149 0.1998
vn 0.9947 0.0923 0.0464
vn 0.9948 0.0866 0.0526
vn 0.9949 0.0857 0.0539
vn 0.9949 0.0808 0.0596
vn 0.9950 0.0801 0.0604
vn 0.9950 0.0739 0.0675
vn 0.9946 -0.0927 -0.0459
vn 0.9948 -0.0870 -0.0523
vn 0.9949 -0.0860 -0.0535
vn 0.9949 -0.0811 -0.0592
vn 0.9949 -0.0808 -0.0604
vn 0.9949 -0.0745 -0.0673
vn 0.9522 -0.2758 -0.1316
vn 0.9542 -0.2559 -0.1548
vn 0.9552 -0.2390 -0.1746
vn 0.9557 -0.2182 -0.1974
vn 0.8702 -0.4457 -0.2100
vn 0.8751 -0.4152 -0.2485
vn 0.8775 -0.3886 -0.2811
vn 0.8788 -0.3553 -0.3184
vn 0.7541 -0.5955 -0.2772
vn 0.7617 -0.5574 -0.3304
vn 0.7655 -0.5229 -0.3750
vn 0.7678 -0.4790 -0.4256
vn 0.6112 -0.7189 -0.3311
vn 0.6203 -0.6762 -0.3975
vn 0.6249 -0.6359 -0.4528
vn 0.6277 -0.5838 -0.5149
vn 0.4489 -0.8128 -0.3712
vn 0.4575 -0.7679 -0.4484
vn 0.4619 -0.7239 -0.5124
vn 0.4646 -0.6658 -0.5838
vn 0.2739 -0.8757 -0.3976
vn 0.2800 -0.8299 -0.4825
vn 0.2833 -0.7839 -0.5526
vn 0.2853 -0.7219 -0.6305
vn 0.0917 -0.9072 -0.4107
vn 0.0942 -0.8611 -0.4995
vn 0.0954 -0.8142 -0.5727
vn 0.0961 -0.7504 -0.6540
vn -0.0920 -0.9072 -0.4105
vn -0.0942 -0.8611 -0.4995
vn -0.0954 -0.8142 -0.5727
vn -0.0961 -0.7504 -0.6540
vn -0.2739 -0.8757 -0.3976
vn -0.2800 -0.8299 -0.4825
vn -0.2833 -0.7839 -0.5526
vn -0.2853 -0.7219 -0.6304
vn -0.4489 -0.8128 -0.3712
vn -0.4575 -0.7679 -0.4485
vn -0.4619 -0.7240 -0.5124
vn -0.4646 -0.6658 -0.5838
vn -0.6112 -0.7189 -0.3311
vn -0.6204 -0.6761 -0.3975
vn -0.6247 -0.6361 -0.4529
vn -0.6277 -0.5838 -0.5149
vn -0.7541 -0.5955 -0.2772
vn -0.7617 -0.5574 -0.3304
vn -0.7655 -0.5229 -0.3750
vn -0.7678 -0.4790 -0.4256
vn -0.8702 -0.4457 -0.2100
vn -0.8751 -0.4152 -0.2485
vn -0.8775 -0.3886 -0.2811
vn -0.8789 -0.3553 -0.3184
vn -0.9522 -0.2758 -0.1316
vn -0.9542 -0.2559 -0.1548
vn -0.9552 -0.2390 -0.1746
vn -0.9557 -0.2183 -0.1974
vn -0.9948 -0.0870 -0.0523
vn -0.9946 -0.0926 -0.0460
vn -0.9949 -0.0811 -0.0592
vn -0.9949 -0.0860 -0.0535
vn -0.9949 -0.0745 -0.0673
vn -0.9949 -0.0808 -0.0604
vn -0.9948 0.0867 0.0527
vn -0.9946 0.0923 0.0464
vn -0.9949 0.0809 0.0596
vn -0.9949 0.0858 0.0539
vn -0.9950 0.0739 0.0675
vn -0.9950 0.0801 0.0604
vn -0.9527 0.2722 0.1351
vn -0.9546 0.2524 0.1580
vn -0.9555 0.2355 0.1774
vn -0.9560 0.2149 0.1999
vn -0.8719 0.4375 0.2198
vn -0.8768 0.4064 0.2571
vn -0.8789 0.3797 0.2888
vn -0.8798 0.3467 0.3251
vn -0.7577 0.5819 0.2954
vn -0.7652 0.5426 0.3464
vn -0.7685 0.5077 0.3895
vn -0.7699 0.4639 0.4383
vn -0.6165 0.7009 0.3587
vn -0.6255 0.6561 0.4223
vn -0.6292 0.6150 0.4753
vn -0.6308 0.5624 0.5347
vn -0.4544 0.7919 0.4079
vn -0.4631 0.7439 0.4818
vn -0.4667 0.6983 0.5427
vn -0.4681 0.6389 0.6105
vn -0.2783 0.8531 0.4414
vn -0.2843 0.8037 0.5226
vn -0.2869 0.7553 0.5893
vn -0.2880 0.6913 0.6627
vn -0.0937 0.8838 0.4584
vn -0.0958 0.8339 0.5435
vn -0.0966 0.7842 0.6130
vn -0.0971 0.7180 0.6893
vn 0.0962 0.6673 0.7386
vn 0.0924 0.9906 -0.1007
vn 0.0958 0.9947 0.0383
vn 0.0962 0.9823 0.1608
vn 0.0958 0.9482 0.3029
vn 0.2748 0.9564 -0.0989
vn 0.2842 0.9581 0.0351
vn 0.2853 0.9461 0.1532
vn 0.2843 0.9136 0.2907
vn 0.4495 0.8882 -0.0950
vn 0.4627 0.8860 0.0292
vn 0.4644 0.8747 0.1386
vn 0.4629 0.8454 0.2666
vn 0.6113 0.7865 -0.0883
vn 0.6250 0.7804 0.0215
vn 0.6266 0.7703 0.1182
vn 0.6251 0.7453 0.2320
vn 0.7533 0.6530 -0.0778
vn 0.7646 0.6444 0.0133
vn 0.7660 0.6360 0.0934
vn 0.7650 0.6159 0.1884
vn 0.8689 0.4910 -0.0625
vn 0.8759 0.4824 0.0060
vn 0.8770 0.4759 0.0663
vn 0.8764 0.4613 0.1383
vn 0.9514 0.3051 -0.0417
vn 0.9542 0.2992 0.0009
vn 0.9546 0.2953 0.0386
vn 0.9545 0.2861 0.0838
vn 0.9945 0.1037 -0.0152
vn 0.9948 0.1018 -0.0007
vn 0.9948 0.1019 0.0006
vn 0.9948 0.1008 0.0111
vn 0.9949 0.1004 0.0122
vn 0.9949 0.0972 0.0278
vn 0.9945 -0.1039 0.0164
vn 0.9947 -0.1024 0.0017
vn 0.9947 -0.1027 0.0004
vn 0.9948 -0.1017 -0.0103
vn 0.9948 -0.1010 -0.0114
vn 0.9948 -0.0977 -0.0272
vn 0.9503 -0.3070 0.0518
vn 0.9525 -0.3043 0.0077
vn 0.9533 -0.3004 -0.0316
vn 0.9538 -0.2900 -0.0788
vn 0.8650 -0.4940 0.0884
vn 0.8699 -0.4930 0.0165
vn 0.8720 -0.4872 -0.0480
vn 0.8737 -0.4702 -0.1249
vn 0.7452 -0.6553 0.1236
vn 0.7522 -0.6584 0.0268
vn 0.7559 -0.6519 -0.0604
vn 0.7589 -0.6302 -0.1640
vn 0.5997 -0.7851 0.1546
vn 0.6075 -0.7935 0.0369
vn 0.6123 -0.7876 -0.0694
vn 0.6165 -0.7628 -0.1951
vn 0.4376 -0.8811 0.1795
vn 0.4443 -0.8947 0.0456
vn 0.4493 -0.8902 -0.0753
vn 0.4534 -0.8642 -0.2182
vn 0.2657 -0.9438 0.1967
vn 0.2704 -0.9613 0.0520
vn 0.2739 -0.9585 -0.0789
vn 0.2772 -0.9321 -0.2332
vn 0.0890 -0.9746 0.2055
vn 0.0907 -0.9943 0.0553
vn 0.0920 -0.9925 -0.0805
vn 0.0932 -0.9661 -0.2406
vn -0.0890 -0.9746 0.2055
vn -0.0907 -0.9943 0.0553
vn -0.0920 -0.9925 -0.0805
vn -0.0932 -0.9661 -0.2406
vn -0.2657 -0.9438 0.1967
vn -0.2705 -0.9613 0.0520
vn -0.2740 -0.9585 -0.0789
vn -0.2772 -0.9321 -0.2332
vn -0.4375 -0.8811 0.1795
vn -0.4445 -0.8946 0.0456
vn -0.4492 -0.8902 -0.0753
vn -0.4536 -0.8641 -0.2182
vn -0.5997 -0.7851 0.1546
vn -0.6075 -0.7935 0.0369
vn -0.6123 -0.7876 -0.0694
vn -0.6165 -0.7628 -0.1951
vn -0.7452 -0.6553 0.1236
vn -0.7522 -0.6584 0.0268
vn -0.7559 -0.6519 -0.0605
vn -0.7589 -0.6302 -0.1639
vn -0.8651 -0.4938 0.0884
vn -0.8700 -0.4929 0.0165
vn -0.8720 -0.4871 -0.0480
vn -0.8736 -0.4704 -0.1249
vn -0.9502 -0.3072 0.0518
vn -0.9525 -0.3045 0.0077
vn -0.9533 -0.3002 -0.0317
vn -0.9537 -0.2902 -0.0788
vn -0.9945 -0.1039 0.0164
vn -0.9947 -0.1024 0.0017
vn -0.9948 -0.1014 -0.0103
vn -0.9947 -0.1025 0.0004
vn -0.9948 -0.1010 -0.0114
vn -0.9948 -0.0977 -0.0272
vn -0.9945 0.1037 -0.0152
vn -0.9948 0.1018 -0.0007
vn -0.9948 0.1008 0.0111
vn -0.9948 0.1019 0.0006
vn -0.9949 0.1004 0.0122
vn -0.9949 0.0972 0.0278
vn -0.9513 0.3053 -0.0418
vn -0.9541 0.2994 0.0009
vn -0.9546 0.2955 0.0386
vn -0.9546 0.2860 0.0838
vn -0.8690 0.4908 -0.0625
vn -0.8760 0.4823 0.0060
vn -0.8769 0.4761 0.0663
vn -0.8765 0.4612 0.1383
vn -0.7533 0.6530 -0.0778
vn -0.7646 0.6444 0.0133
vn -0.7660 0.6360 0.0934
vn -0.7650 0.6159 0.1884
vn -0.6113 0.7865 -0.0883
vn -0.6250 0.7804 0.0215
vn -0.6266 0.7703 0.1182
vn -0.6251 0.7453 0.2320
vn -0.4495 0.8882 -0.0950
vn -0.4627 0.8861 0.0292
vn -0.4643 0.8747 0.1386
vn -0.4628 0.8454 0.2666
vn -0.2748 0.9564 -0.0989
vn -0.2842 0.9581 0.0351
vn -0.2854 0.9461 0.1532
vn -0.2843 0.9136 0.2907
vn -0.0924 0.9906 -0.1007
vn -0.0958 0.9947 0.0383
vn -0.0962 0.9823 0.1608
vn -0.0958 0.9482 0.3029
vn 0.0932 0.9129 0.3975
vn 0.0930 0.7722 -0.6285
vn 0.0958 0.8493 -0.5192
vn 0.0957 0.9046 -0.4154
vn 0.0946 0.9538 -0.2851
vn 0.2765 0.7443 -0.6080
vn 0.2840 0.8170 -0.5018
vn 0.2839 0.8706 -0.4019
vn 0.2809 0.9190 -0.2765
vn 0.4520 0.6888 -0.5668
vn 0.4624 0.7537 -0.4671
vn 0.4621 0.8036 -0.3750
vn 0.4579 0.8504 -0.2592
vn 0.6139 0.6068 -0.5049
vn 0.6246 0.6613 -0.4153
vn 0.6243 0.7060 -0.3346
vn 0.6198 0.7494 -0.2329
vn 0.7554 0.5007 -0.4226
vn 0.7642 0.5436 -0.3473
vn 0.7637 0.5812 -0.2810
vn 0.7600 0.6192 -0.1972
vn 0.8703 0.3736 -0.3208
vn 0.8757 0.4045 -0.2638
vn 0.8753 0.4334 -0.2145
vn 0.8730 0.4635 -0.1520
vn 0.9520 0.2303 -0.2017
vn 0.9541 0.2491 -0.1662
vn 0.9539 0.2675 -0.1360
vn 0.9530 0.2871 -0.0973
vn 0.9946 0.0786 -0.0681
vn 0.9948 0.0836 -0.0590
vn 0.9948 0.0849 -0.0567
vn 0.9948 0.0902 -0.0483
vn 0.9948 0.0905 -0.0473
vn 0.9947 0.0973 -0.0341
vn 0.9945 -0.0781 0.0693
vn 0.9947 -0.0834 0.0603
vn 0.9947 -0.0849 0.0581
vn 0.9947 -0.0903 0.0499
vn 0.9947 -0.0904 0.0486
vn 0.9946 -0.0974 0.0354
vn 0.9511 -0.2251 0.2113
vn 0.9527 -0.2468 0.1774
vn 0.9524 -0.2667 0.1474
vn 0.9516 -0.2876 0.1084
vn 0.8671 -0.3592 0.3451
vn 0.8703 -0.3966 0.2919
vn 0.8696 -0.4294 0.2436
vn 0.8678 -0.4631 0.1804
vn 0.7488 -0.4729 0.4644
vn 0.7531 -0.5259 0.3953
vn 0.7519 -0.5702 0.3310
vn 0.7491 -0.6148 0.2468
vn 0.6042 -0.5631 0.5638
vn 0.6085 -0.6301 0.4824
vn 0.6070 -0.6839 0.4049
vn 0.6037 -0.7371 0.3037
vn 0.4419 -0.6289 0.6397
vn 0.4454 -0.7071 0.5493
vn 0.4436 -0.7680 0.4618
vn 0.4407 -0.8275 0.3480
vn 0.2687 -0.6714 0.6906
vn 0.2710 -0.7572 0.5943
vn 0.2698 -0.8228 0.5001
vn 0.2677 -0.8862 0.3781
vn 0.0901 -0.6922 0.7161
vn 0.0909 -0.7818 0.6169
vn 0.0905 -0.8498 0.5193
vn 0.0897 -0.9150 0.3933
vn -0.0901 -0.6922 0.7161
vn -0.0909 -0.7818 0.6169
vn -0.0905 -0.8498 0.5193
vn -0.0897 -0.9150 0.3933
vn -0.2687 -0.6714 0.6906
vn -0.2710 -0.7572 0.5943
vn -0.2698 -0.8228 0.5001
vn -0.2677 -0.8862 0.3781
vn -0.4418 -0.6289 0.6397
vn -0.4453 -0.7071 0.5493
vn -0.4440 -0.7680 0.4616
vn -0.4406 -0.8275 0.3480
vn -0.6042 -0.5631 0.5638
vn -0.6085 -0.6301 0.4824
vn -0.6070 -0.6839 0.4048
vn -0.6037 -0.7371 0.3037
vn -0.7488 -0.4729 0.4644
vn -0.7531 -0.5259 0.3953
vn -0.7519 -0.5702 0.3310
vn -0.7491 -0.6148 0.2468
vn -0.8672 -0.3591 0.3450
vn -0.8704 -0.3965 0.2918
vn -0.8697 -0.4293 0.2435
vn -0.8679 -0.4629 0.1803
vn -0.9511 -0.2252 0.2113
vn -0.9526 -0.2469 0.1775
vn -0.9524 -0.2669 0.1475
vn -0.9515 -0.2878 0.1084
vn -0.9947 -0.0833 0.0602
vn -0.9945 -0.0780 0.0693
vn -0.9947 -0.0903 0.0499
vn -0.9947 -0.0849 0.0581
vn -0.9947 -0.0904 0.0486
vn -0.9946 -0.0974 0.0354
vn -0.9948 0.0834 -0.0589
vn -0.9946 0.0785 -0.0681
vn -0.9948 0.0902 -0.0483
vn -0.9948 0.0849 -0.0567
vn -0.9948 0.0905 -0.0473
vn -0.9947 0.0973 -0.0341
vn -0.9519 0.2304 -0.2018
vn -0.9541 0.2490 -0.1662
vn -0.9539 0.2677 -0.1360
vn -0.9529 0.2872 -0.0973
vn -0.8704 0.3735 -0.3207
vn -0.8758 0.4044 -0.2637
vn -0.8754 0.4333 -0.2145
vn -0.8730 0.4634 -0.1520
vn -0.7554 0.5007 -0.4226
vn -0.7642 0.5435 -0.3473
vn -0.7638 0.5812 -0.2809
vn -0.7601 0.6192 -0.1972
vn -0.6139 0.6068 -0.5049
vn -0.6246 0.6614 -0.4154
vn -0.6242 0.7060 -0.3346
vn -0.6197 0.7495 -0.2329
vn -0.4519 0.6888 -0.5668
vn -0.4623 0.7537 -0.4671
vn -0.4620 0.8037 -0.3750
vn -0.4578 0.8504 -0.2592
vn -0.2765 0.7443 -0.6079
vn -0.2841 0.8170 -0.5018
vn -0.2839 0.8705 -0.4019
vn -0.2809 0.9190 -0.2765
vn -0.0930 0.7722 -0.6285
vn -0.0958 0.8493 -0.5192
vn -0.0957 0.9046 -0.4154
vn -0.0946 0.9538 -0.2851
vn 0.0907 0.9773 -0.1917
vn 0.0848 0.2070 -0.9747
vn 0.0916 0.3591 -0.9288
vn 0.0948 0.4878 -0.8678
vn 0.0960 0.6276 -0.7726
vn 0.2531 0.2004 -0.9465
vn 0.2723 0.3458 -0.8979
vn 0.2813 0.4688 -0.8373
vn 0.2847 0.6031 -0.7452
vn 0.4184 0.1870 -0.8888
vn 0.4457 0.3195 -0.8362
vn 0.4584 0.4315 -0.7769
vn 0.4634 0.5551 -0.6908
vn 0.5769 0.1667 -0.7996
vn 0.6065 0.2810 -0.7438
vn 0.6200 0.3776 -0.6877
vn 0.6255 0.4856 -0.6107
vn 0.7229 0.1397 -0.6767
vn 0.7485 0.2314 -0.6215
vn 0.7601 0.3092 -0.5715
vn 0.7651 0.3974 -0.5067
vn 0.8483 0.1059 -0.5189
vn 0.8652 0.1726 -0.4708
vn 0.8730 0.2292 -0.4305
vn 0.8764 0.2942 -0.3813
vn 0.9423 0.0663 -0.3282
vn 0.9495 0.1065 -0.2951
vn 0.9529 0.1406 -0.2688
vn 0.9544 0.1803 -0.2379
vn 0.9934 0.0225 -0.1127
vn 0.9942 0.0359 -0.1010
vn 0.9947 0.0472 -0.0918
vn 0.9948 0.0606 -0.0816
vn 0.9933 -0.0224 0.1131
vn 0.9942 -0.0357 0.1016
vn 0.9946 -0.0468 0.0925
vn 0.9948 -0.0599 0.0822
vn 0.9413 -0.0654 0.3311
vn 0.9481 -0.1044 0.3003
vn 0.9516 -0.1372 0.2750
vn 0.9534 -0.1753 0.2454
vn 0.8448 -0.1032 0.5250
vn 0.8600 -0.1662 0.4825
vn 0.8681 -0.2192 0.4453
vn 0.8725 -0.2804 0.4001
vn 0.7165 -0.1342 0.6846
vn 0.7383 -0.2183 0.6382
vn 0.7504 -0.2892 0.5943
vn 0.7571 -0.3704 0.5381
vn 0.5686 -0.1580 0.8073
vn 0.5926 -0.2593 0.7626
vn 0.6063 -0.3451 0.7165
vn 0.6138 -0.4427 0.6537
vn 0.4101 -0.1749 0.8951
vn 0.4314 -0.2892 0.8546
vn 0.4437 -0.3862 0.8087
vn 0.4506 -0.4959 0.7423
vn 0.2473 -0.1856 0.9510
vn 0.2617 -0.3084 0.9145
vn 0.2701 -0.4128 0.8698
vn 0.2747 -0.5304 0.8020
vn 0.0826 -0.1907 0.9782
vn 0.0877 -0.3177 0.9441
vn 0.0906 -0.4258 0.9003
vn 0.0923 -0.5473 0.8318
vn -0.0826 -0.1907 0.9782
vn -0.0877 -0.3177 0.9441
vn -0.0906 -0.4258 0.9003
vn -0.0923 -0.5473 0.8318
vn -0.2473 -0.1856 0.9510
vn -0.2618 -0.3084 0.9145
vn -0.2701 -0.4128 0.8698
vn -0.2747 -0.5304 0.8020
vn -0.4101 -0.1749 0.8951
vn -0.4316 -0.2892 0.8545
vn -0.4437 -0.3862 0.8087
vn -0.4506 -0.4959 0.7424
vn -0.5686 -0.1580 0.8073
vn -0.5926 -0.2593 0.7626
vn -0.6063 -0.3451 0.7165
vn -0.6138 -0.4427 0.6537
vn -0.7165 -0.1342 0.6846
vn -0.7383 -0.2183 0.6382
vn -0.7504 -0.2892 0.5943
vn -0.7571 -0.3704 0.5381
vn -0.8449 -0.1032 0.5249
vn -0.8601 -0.1662 0.4824
vn -0.8682 -0.2192 0.4451
vn -0.8726 -0.2803 0.3999
vn -0.9413 -0.0653 0.3313
vn -0.9481 -0.1044 0.3003
vn -0.9516 -0.1372 0.2750
vn -0.9534 -0.1753 0.2454
vn -0.9933 -0.0224 0.1132
vn -0.9942 -0.0357 0.1018
vn -0.9946 -0.0469 0.0927
vn -0.9948 -0.0598 0.0821
vn -0.9934 0.0226 -0.1129
vn -0.9942 0.0360 -0.1011
vn -0.9946 0.0473 -0.0920
vn -0.9948 0.0605 -0.0814
vn -0.9423 0.0663 -0.3282
vn -0.9495 0.1065 -0.2951
vn -0.9529 0.1406 -0.2688
vn -0.9544 0.1803 -0.2379
vn -0.8483 0.1059 -0.5188
vn -0.8653 0.1726 -0.4707
vn -0.8731 0.2291 -0.4304
vn -0.8765 0.2941 -0.3812
vn -0.7229 0.1397 -0.6767
vn -0.7485 0.2314 -0.6215
vn -0.7601 0.3092 -0.5715
vn -0.7651 0.3974 -0.5067
vn -0.5769 0.1667 -0.7996
vn -0.6065 0.2810 -0.7438
vn -0.6200 0.3776 -0.6877
vn -0.6255 0.4856 -0.6107
vn -0.4184 0.1870 -0.8888
vn -0.4456 0.3195 -0.8363
vn -0.4583 0.4316 -0.7770
vn -0.4633 0.5551 -0.6908
vn -0.2532 0.2004 -0.9464
vn -0.2724 0.3458 -0.8979
vn -0.2814 0.4688 -0.8373
vn -0.2847 0.6030 -0.7452
vn -0.0848 0.2070 -0.9747
vn -0.0916 0.3591 -0.9288
vn -0.0948 0.4878 -0.8678
vn -0.0960 0.6276 -0.7726
vn 0.0923 0.7131 -0.6950
vn 0.0978 -0.4153 -0.9044
vn 0.0957 -0.2680 -0.9586
vn 0.0923 -0.1390 -0.9860
vn 0.0851 0.0083 -0.9963
vn 0.2896 -0.3990 -0.8700
vn 0.2837 -0.2575 -0.9237
vn 0.2738 -0.1336 -0.9525
vn 0.2541 0.0084 -0.9672
vn 0.4703 -0.3672 -0.8025
vn 0.4621 -0.2369 -0.8546
vn 0.4483 -0.1229 -0.8854
vn 0.4199 0.0086 -0.9075
vn 0.6332 -0.3213 -0.7042
vn 0.6242 -0.2072 -0.7533
vn 0.6091 -0.1075 -0.7858
vn 0.5784 0.0086 -0.8157
vn 0.7718 -0.2631 -0.5789
vn 0.7640 -0.1697 -0.6225
vn 0.7509 -0.0881 -0.6545
vn 0.7243 0.0080 -0.6895
vn 0.8810 -0.1952 -0.4310
vn 0.8756 -0.1259 -0.4663
vn 0.8668 -0.0655 -0.4944
vn 0.8491 0.0068 -0.5282
vn 0.9565 -0.1200 -0.2658
vn 0.9541 -0.0775 -0.2892
vn 0.9502 -0.0404 -0.3090
vn 0.9426 0.0046 -0.3339
vn 0.9951 -0.0405 -0.0898
vn 0.9948 -0.0262 -0.0982
vn 0.9943 -0.0137 -0.1055
vn 0.9934 0.0016 -0.1147
vn 0.9951 0.0405 0.0899
vn 0.9948 0.0263 0.0985
vn 0.9943 0.0138 0.1061
vn 0.9933 -0.0016 0.1152
vn 0.9563 0.1204 0.2665
vn 0.9533 0.0782 0.2918
vn 0.9487 0.0410 0.3135
vn 0.9413 -0.0046 0.3375
vn 0.8802 0.1958 0.4323
vn 0.8726 0.1274 0.4715
vn 0.8614 0.0667 0.5035
vn 0.8449 -0.0067 0.5349
vn 0.7702 0.2640 0.5806
vn 0.7581 0.1715 0.6292
vn 0.7406 0.0897 0.6659
vn 0.7161 -0.0081 0.6979
vn 0.6309 0.3220 0.7058
vn 0.6163 0.2089 0.7593
vn 0.5957 0.1090 0.7958
vn 0.5681 -0.0085 0.8229
vn 0.4681 0.3677 0.8035
vn 0.4541 0.2380 0.8586
vn 0.4349 0.1239 0.8919
vn 0.4100 -0.0085 0.9120
vn 0.2879 0.3993 0.8705
vn 0.2779 0.2580 0.9253
vn 0.2642 0.1341 0.9551
vn 0.2471 -0.0083 0.9689
vn 0.0971 0.4154 0.9045
vn 0.0935 0.2682 0.9588
vn 0.0887 0.1392 0.9863
vn 0.0825 -0.0081 0.9966
vn -0.0971 0.4154 0.9045
vn -0.0935 0.2682 0.9588
vn -0.0887 0.1392 0.9863
vn -0.0825 -0.0081 0.9966
vn -0.2879 0.3992 0.8705
vn -0.2779 0.2580 0.9253
vn -0.2642 0.1341 0.9551
vn -0.2472 -0.0083 0.9689
vn -0.4680 0.3678 0.8035
vn -0.4540 0.2381 0.8586
vn -0.4348 0.1239 0.8920
vn -0.4100 -0.0085 0.9121
vn -0.6309 0.3220 0.7058
vn -0.6163 0.2089 0.7593
vn -0.5957 0.1090 0.7958
vn -0.5681 -0.0085 0.8229
vn -0.7702 0.2640 0.5806
vn -0.7581 0.1715 0.6292
vn -0.7406 0.0897 0.6659
vn -0.7161 -0.0081 0.6979
vn -0.8803 0.1958 0.4322
vn -0.8727 0.1273 0.4713
vn -0.8615 0.0667 0.5033
vn -0.8447 -0.0068 0.5352
vn -0.9563 0.1204 0.2663
vn -0.9532 0.0783 0.2919
vn -0.9486 0.0410 0.3137
vn -0.9412 -0.0046 0.3377
vn -0.9951 0.0405 0.0899
vn -0.9948 0.0263 0.0985
vn -0.9943 0.0138 0.1061
vn -0.9933 -0.0016 0.1152
vn -0.9951 -0.0405 -0.0898
vn -0.9948 -0.0262 -0.0982
vn -0.9943 -0.0137 -0.1055
vn -0.9934 0.0016 -0.1147
vn -0.9566 -0.1201 -0.2656
vn -0.9541 -0.0776 -0.2894
vn -0.9501 -0.0404 -0.3092
vn -0.9425 0.0046 -0.3341
vn -0.8811 -0.1951 -0.4308
vn -0.8757 -0.1259 -0.4661
vn -0.8669 -0.0654 -0.4942
vn -0.8492 0.0068 -0.5281
vn -0.7718 -0.2631 -0.5789
vn -0.7640 -0.1697 -0.6225
vn -0.7509 -0.0881 -0.6545
vn -0.7243 0.0080 -0.6895
vn -0.6332 -0.3213 -0.7042
vn -0.6242 -0.2072 -0.7533
vn -0.6091 -0.1075 -0.7858
vn -0.5784 0.0086 -0.8157
vn -0.4702 -0.3673 -0.8025
vn -0.4621 -0.2369 -0.8546
vn -0.4482 -0.1229 -0.8854
vn -0.4199 0.0086 -0.9075
vn -0.2896 -0.3990 -0.8700
vn -0.2837 -0.2575 -0.9237
vn -0.2739 -0.1336 -0.9524
vn -0.2541 0.0084 -0.9671
vn -0.0978 -0.4153 -0.9044
vn -0.0957 -0.2680 -0.9586
vn -0.0923 -0.1390 -0.9860
vn -0.0851 0.0083 -0.9963
vn 0.0784 0.1049 -0.9914
vn 0.2903 0.0000 -0.9569
vn -0.0000 1.0000 0.0000
vn 0.0980 0.0000 -0.9952
vn -0.0980 0.0000 -0.9952
vn 0.6344 0.0000 -0.7730
vn 0.7730 0.0000 -0.6344
vn 0.8819 0.0000 -0.4714
vn 0.9569 -0.0000 -0.2903
vn 0.9952 -0.0000 -0.0980
vn 0.9952 -0.0000 0.0980
vn 0.9569 0.0000 0.2903
vn 0.8819 0.0000 0.4714
vn 0.7730 0.0000 0.6344
vn 0.6344 0.0000 0.7730
vn 0.4714 0.0000 0.8819
vn 0.2903 0.0000 0.9569
vn 0.0980 0.0000 0.9952
vn -0.0980 0.0000 0.9952
vn -0.2903 0.0000 0.9569
vn -0.4714 0.0000 0.8819
vn -0.6344 0.0000 0.7730
vn -0.7730 -0.0000 0.6344
vn -0.8819 -0.0000 0.4714
vn -0.9569 0.0000 0.2903
vn -0.9952 0.0000 0.0980
vn -0.9952 0.0000 -0.0980
vn -0.9569 -0.0000 -0.2903
vn -0.8819 -0.0000 -0.4714
vn -0.7730 -0.0000 -0.6344
vn -0.6344 -0.0000 -0.7730
vn -0.4714 0.0000 -0.8819
vn -0.2903 0.0000 -0.9569
vn 0.4714 0.0000 -0.8819
vn 0.0584 0.8032 -0.5928
vn 0.0220 0.9744 -0.2235
vn 0.0114 0.9932 -0.1161
vn 0.0116 0.9982 -0.0583
vn 0.0000 0.9982 -0.0595
vn 0.0036 0.9998 -0.0181
vn 0.0000 0.9998 -0.0185
vn 0.1729 0.8033 -0.5700
vn 0.0652 0.9744 -0.2150
vn 0.0339 0.9932 -0.1116
vn 0.0228 0.9982 -0.0549
vn 0.0071 0.9998 -0.0171
vn 0.2808 0.8032 -0.5254
vn 0.1059 0.9744 -0.1981
vn 0.0550 0.9932 -0.1029
vn 0.0330 0.9982 -0.0494
vn 0.0103 0.9998 -0.0154
vn 0.3779 0.8032 -0.4605
vn 0.1425 0.9744 -0.1736
vn 0.0740 0.9932 -0.0902
vn 0.0420 0.9982 -0.0420
vn 0.0131 0.9998 -0.0131
vn 0.4605 0.8032 -0.3779
vn 0.1736 0.9744 -0.1425
vn 0.0902 0.9932 -0.0740
vn 0.0494 0.9982 -0.0330
vn 0.0154 0.9998 -0.0103
vn 0.5253 0.8032 -0.2808
vn 0.1981 0.9744 -0.1059
vn 0.1029 0.9932 -0.0550
vn 0.0549 0.9982 -0.0227
vn 0.0171 0.9998 -0.0071
vn 0.5700 0.8032 -0.1729
vn 0.2150 0.9744 -0.0652
vn 0.1116 0.9932 -0.0339
vn 0.0583 0.9982 -0.0116
vn 0.0181 0.9998 -0.0036
vn 0.5927 0.8033 -0.0584
vn 0.2235 0.9744 -0.0220
vn 0.1161 0.9932 -0.0114
vn 0.0595 0.9982 -0.0000
vn 0.0185 0.9998 0.0000
vn 0.5927 0.8033 0.0584
vn 0.2235 0.9744 0.0220
vn 0.1161 0.9932 0.0114
vn 0.0583 0.9982 0.0116
vn 0.0181 0.9998 0.0036
vn 0.5700 0.8032 0.1729
vn 0.2150 0.9744 0.0652
vn 0.1116 0.9932 0.0339
vn 0.0549 0.9982 0.0228
vn 0.0171 0.9998 0.0071
vn 0.5253 0.8033 0.2808
vn 0.1981 0.9744 0.1059
vn 0.1029 0.9932 0.0550
vn 0.0494 0.9982 0.0330
vn 0.0154 0.9998 0.0103
vn 0.4605 0.8032 0.3779
vn 0.1736 0.9745 0.1425
vn 0.0902 0.9932 0.0740
vn 0.0420 0.9982 0.0420
vn 0.0131 0.9998 0.0131
vn 0.3779 0.8032 0.4605
vn 0.1425 0.9745 0.1736
vn 0.0740 0.9932 0.0902
vn 0.0330 0.9982 0.0494
vn 0.0103 0.9998 0.0154
vn 0.2808 0.8032 0.5253
vn 0.1059 0.9744 0.1981
vn 0.0550 0.9932 0.1029
vn 0.0227 0.9982 0.0549
vn 0.0071 0.9998 0.0171
vn 0.1729 0.8033 0.5699
vn 0.0652 0.9744 0.2150
vn 0.0339 0.9932 0.1116
vn 0.0116 0.9982 0.0583
vn 0.0036 0.9998 0.0182
vn 0.0584 0.8032 0.5928
vn 0.0220 0.9744 0.2235
vn 0.0114 0.9932 0.1161
vn 0.0000 0.9982 0.0594
vn -0.0000 0.9998 0.0185
vn -0.0584 0.8032 0.5928
vn -0.0220 0.9744 0.2235
vn -0.0114 0.9932 0.1161
vn -0.0116 0.9982 0.0583
vn -0.0036 0.9998 0.0182
vn -0.1729 0.8033 0.5699
vn -0.0652 0.9744 0.2150
vn -0.0339 0.9932 0.1116
vn -0.0227 0.9982 0.0549
vn -0.0071 0.9998 0.0171
vn -0.2808 0.8033 0.5253
vn -0.1059 0.9744 0.1981
vn -0.0550 0.9932 0.1029
vn -0.0330 0.9982 0.0494
vn -0.0103 0.9998 0.0154
vn -0.3779 0.8033 0.4604
vn -0.1425 0.9744 0.1736
vn -0.0740 0.9932 0.0902
vn -0.0420 0.9982 0.0420
vn -0.0131 0.9998 0.0131
vn -0.4604 0.8033 0.3778
vn -0.1736 0.9744 0.1425
vn -0.0902 0.9932 0.0740
vn -0.0494 0.9982 0.0330
vn -0.0154 0.9998 0.0103
vn -0.5253 0.8033 0.2808
vn -0.1981 0.9744 0.1059
vn -0.1029 0.9932 0.0550
vn -0.0549 0.9982 0.0228
vn -0.0171 0.9998 0.0071
vn -0.5700 0.8032 0.1729
vn -0.2150 0.9744 0.0652
vn -0.1116 0.9932 0.0339
vn -0.0583 0.9982 0.0116
vn -0.0181 0.9998 0.0036
vn -0.5927 0.8033 0.0584
vn -0.2235 0.9744 0.0220
vn -0.1161 0.9932 0.0114
vn -0.0595 0.9982 0.0000
vn -0.0185 0.9998 0.0000
vn -0.5927 0.8033 -0.0584
vn -0.2235 0.9744 -0.0220
vn -0.1161 0.9932 -0.0114
vn -0.0583 0.9982 -0.0116
vn -0.0181 0.9998 -0.0036
vn -0.5700 0.8032 -0.1729
vn -0.2150 0.9744 -0.0652
vn -0.1116 0.9932 -0.0339
vn -0.0549 0.9982 -0.0227
vn -0.0171 0.9998 -0.0071
vn -0.5253 0.8032 -0.2808
vn -0.1981 0.9744 -0.1059
vn -0.1029 0.9932 -0.0550
vn -0.0494 0.9982 -0.0330
vn -0.0154 0.9998 -0.0103
vn -0.4605 0.8032 -0.3779
vn -0.1736 0.9744 -0.1425
vn -0.0902 0.9932 -0.0740
vn -0.0420 0.9982 -0.0420
vn -0.0131 0.9998 -0.0131
vn -0.3779 0.8032 -0.4605
vn -0.1425 0.9744 -0.1736
vn -0.0740 0.9932 -0.0902
vn -0.0330 0.9982 -0.0494
vn -0.0103 0.9998 -0.0154
vn -0.2808 0.8032 -0.5253
vn -0.1059 0.9744 -0.1981
vn -0.0550 0.9932 -0.1029
vn -0.0228 0.9982 -0.0549
vn -0.0071 0.9998 -0.0171
vn -0.1729 0.8033 -0.5700
vn -0.0652 0.9744 -0.2150
vn -0.0339 0.9932 -0.1116
vn -0.0116 0.9982 -0.0583
vn -0.0036 0.9998 -0.0181
vn -0.0584 0.8032 -0.5928
vn -0.0220 0.9744 -0.2235
vn -0.0114 0.9932 -0.1161
vn 0.0584 0.8035 -0.5924
vn 0.0220 0.9744 -0.2236
vn -0.0000 0.9979 -0.0653
vn 0.0036 0.9998 -0.0182
vn 0.0000 0.9998 -0.0186
vn 0.1729 0.8034 -0.5698
vn 0.0227 0.9982 -0.0549
vn 0.0071 0.9998 -0.0172
vn 0.2808 0.8032 -0.5253
vn 0.1060 0.9744 -0.1982
vn 0.0549 0.9932 -0.1025
vn 0.3781 0.8031 -0.4605
vn 0.1427 0.9744 -0.1740
vn 0.4604 0.8032 -0.3780
vn 0.1736 0.9745 -0.1424
vn 0.5254 0.8032 -0.2808
vn 0.1980 0.9745 -0.1059
vn 0.5703 0.8030 -0.1730
vn 0.2148 0.9745 -0.0652
vn 0.0182 0.9998 -0.0036
vn 0.2235 0.9745 -0.0220
vn 0.0594 0.9982 0.0000
vn 0.0186 0.9998 0.0000
vn 0.2236 0.9744 0.0220
vn 0.0640 0.9979 0.0123
vn 0.0640 0.9979 0.0124
vn 0.0182 0.9998 0.0036
vn 0.0549 0.9982 0.0227
vn 0.0172 0.9998 0.0071
vn 0.5256 0.8030 0.2810
vn 0.1980 0.9745 0.1059
vn 0.0155 0.9998 0.0103
vn 0.4607 0.8030 0.3781
vn 0.0132 0.9998 0.0132
vn 0.3779 0.8033 0.4603
vn 0.1424 0.9745 0.1736
vn 0.0103 0.9998 0.0155
vn 0.2809 0.8031 0.5254
vn 0.1058 0.9745 0.1980
vn 0.0550 0.9932 0.1026
vn 0.0071 0.9998 0.0172
vn 0.1729 0.8034 0.5698
vn 0.0116 0.9982 0.0582
vn 0.0036 0.9998 0.0183
vn 0.0584 0.8033 0.5927
vn 0.0220 0.9745 0.2234
vn -0.0000 0.9979 0.0653
vn 0.0000 0.9998 0.0186
vn -0.0584 0.8033 0.5927
vn -0.0220 0.9745 0.2234
vn -0.0116 0.9982 0.0582
vn -0.1729 0.8034 0.5698
vn -0.0071 0.9998 0.0172
vn -0.2809 0.8031 0.5254
vn -0.1058 0.9745 0.1980
vn -0.0103 0.9998 0.0155
vn -0.3779 0.8033 0.4603
vn -0.1424 0.9745 0.1736
vn -0.0132 0.9998 0.0132
vn -0.4607 0.8030 0.3781
vn -0.1738 0.9744 0.1426
vn -0.0155 0.9998 0.0103
vn -0.5258 0.8029 0.2810
vn -0.1980 0.9745 0.1059
vn -0.0549 0.9982 0.0227
vn -0.0172 0.9998 0.0071
vn -0.5702 0.8031 0.1729
vn -0.0640 0.9979 0.0124
vn -0.0182 0.9998 0.0036
vn -0.5929 0.8031 0.0584
vn -0.2236 0.9744 0.0220
vn -0.0594 0.9982 0.0000
vn -0.0186 0.9998 0.0000
vn -0.5929 0.8032 -0.0584
vn -0.2234 0.9745 -0.0220
vn -0.0182 0.9998 -0.0036
vn -0.5704 0.8029 -0.1731
vn -0.2148 0.9745 -0.0652
vn -0.5257 0.8029 -0.2810
vn -0.1980 0.9745 -0.1058
vn -0.1736 0.9745 -0.1425
vn -0.3779 0.8033 -0.4603
vn -0.1427 0.9744 -0.1740
vn -0.1058 0.9745 -0.1980
vn -0.0227 0.9982 -0.0549
vn -0.0071 0.9998 -0.0172
vn -0.1729 0.8034 -0.5698
vn -0.0036 0.9998 -0.0182
vn -0.0584 0.8035 -0.5924
vn -0.0220 0.9744 -0.2236
vn 0.0165 0.9831 -0.1823
vn 0.0484 0.9837 -0.1734
vn 0.0770 0.9847 -0.1561
vn 0.1001 0.9862 -0.1320
vn 0.1165 0.9877 -0.1039
vn 0.1261 0.9892 -0.0743
vn 0.1298 0.9905 -0.0452
vn 0.1284 0.9916 -0.0177
vn 0.1226 0.9924 0.0076
vn 0.1133 0.9931 0.0304
vn 0.1009 0.9936 0.0503
vn 0.0860 0.9940 0.0672
vn 0.0690 0.9943 0.0809
vn 0.0504 0.9945 0.0913
vn 0.0307 0.9947 0.0983
vn 0.0103 0.9947 0.1018
vn -0.0103 0.9947 0.1018
vn -0.0307 0.9947 0.0983
vn -0.0504 0.9945 0.0913
vn -0.0690 0.9943 0.0809
vn -0.0860 0.9940 0.0672
vn -0.1009 0.9936 0.0503
vn -0.1133 0.9931 0.0304
vn -0.1226 0.9924 0.0076
vn -0.1284 0.9916 -0.0177
vn -0.1298 0.9905 -0.0452
vn -0.1261 0.9892 -0.0743
vn -0.1165 0.9877 -0.1039
vn -0.1001 0.9862 -0.1320
vn -0.0770 0.9847 -0.1561
vn -0.0484 0.9837 -0.1734
vn -0.0165 0.9831 -0.1823
vn -0.0000 0.8886 -0.4586
vn 0.0000 0.8886 -0.4587
vn 0.0000 -0.8886 0.4586
vn 0.0000 -0.8886 0.4587
vn 0.0000 -0.4586 -0.8886
vn 0.0000 0.4586 0.8886
vn -0.3573 0.9307 -0.0780
vn -0.3574 0.6028 -0.7134
vn -0.5773 -0.2483 0.7778
vn -0.5774 -0.7778 -0.2484
vn 0.3573 0.9307 -0.0780
vn 0.3574 0.6028 -0.7134
vn 0.5773 -0.2483 0.7778
vn 0.5774 -0.7778 -0.2484
vn -0.3162 0.8430 -0.4351
vn 0.3162 0.8430 -0.4351
vn 0.6533 0.6397 0.4050
vn 0.6532 0.0405 -0.7561
vn -0.6532 0.0405 -0.7561
vn -0.6533 0.6397 0.4050
vn 0.6532 0.6398 0.4049
vn 0.6533 0.0405 -0.7560
vn -0.6533 0.0405 -0.7560
vn -0.6532 0.6398 0.4049
vn -0.7071 0.3243 0.6284
vn -0.7071 0.6283 -0.3243
vn -0.7070 -0.3243 -0.6284
vn -0.7071 -0.6284 0.3243
vn 0.0000 -0.3041 0.9526
vn 0.0000 -0.9526 -0.3041
vn 0.7071 -0.6284 0.3243
vn 0.7071 0.3243 0.6284
vn 0.7070 -0.3243 -0.6284
vn 0.7071 0.6284 -0.3243
vn 0.0000 0.9526 0.3041
vn 0.0000 0.3039 -0.9527
vn -0.7071 0.6284 -0.3243
vn -0.7071 -0.6283 0.3243
vn 0.7071 -0.6283 0.3243
vn 0.7071 0.6283 -0.3243
vn 0.0000 0.9527 0.3040
vn 0.0000 0.3041 -0.9526
vn 0.5499 0.6702 0.4984
vn 0.0000 -0.7554 0.6553
vn 0.5499 0.6833 0.4804
vn 0.0000 0.3857 -0.9226
vn -0.5499 0.6702 0.4984
vn 0.0000 0.9997 -0.0262
vn -0.5499 0.6833 0.4804
vn 0.0000 0.8104 0.5859
vn 0.0000 0.8103 0.5859
vn 0.0000 0.8103 0.5860
vn 0.0000 -0.8103 -0.5860
vn 0.0000 0.2882 0.9576
vn 0.0000 0.5860 -0.8103
vn -0.5774 -0.8061 0.1295
vn -0.5774 0.1296 0.8061
vn -0.5774 0.8061 -0.1296
vn -0.5773 -0.1296 -0.8062
vn 0.5774 -0.8061 0.1295
vn 0.5773 -0.1296 -0.8062
vn 0.3574 0.4898 0.7952
vn 0.3574 0.9086 0.2160
vn 0.5773 0.6617 0.4785
vn -0.2596 0.6017 0.7554
vn -0.5118 0.8590 -0.0105
vn -0.5119 0.2591 0.8191
vn -0.2596 0.9059 0.3347
vn -0.7071 -0.4143 0.5730
vn -0.7071 0.4143 -0.5730
vn 0.0000 -0.9873 0.1587
vn 0.0000 -0.1587 -0.9873
vn 0.7071 -0.4143 0.5730
vn 0.7071 0.4143 -0.5730
vn 0.7071 0.5730 0.4144
vn 0.0000 0.1587 0.9873
vn 0.0000 0.9873 -0.1587
vn -0.7071 0.5730 0.4143
vn -0.7071 -0.5730 -0.4143
vn 0.7071 -0.5730 -0.4143
vn 0.7071 0.5730 0.4143
vn -0.3558 0.7502 0.5574
vn 0.0000 0.9722 -0.2342
vn 0.0000 0.5799 0.8147
vn 0.3564 0.7513 0.5555
vn -0.3558 0.7643 0.5378
vn 0.0000 0.9554 0.2955
vn 0.0000 0.0820 0.9966
vn 0.3564 0.7629 0.5394
vn 0.0000 -0.5860 0.8103
vn 0.0000 0.9022 0.4313
vn 0.0000 0.4313 -0.9022
vn 0.0000 -0.9022 -0.4313
vn -0.5774 0.2719 0.7699
vn -0.5774 0.7699 -0.2719
vn -0.5774 -0.7699 0.2719
vn -0.5774 -0.2719 -0.7699
vn 0.5774 0.2719 0.7699
vn 0.5774 0.7699 -0.2719
vn 0.5774 -0.7699 0.2719
vn 0.5774 -0.2719 -0.7699
vn -0.7071 -0.3049 0.6379
vn -0.7071 0.6379 0.3049
vn -0.7071 0.3049 -0.6380
vn -0.7071 -0.6379 -0.3049
vn 0.0000 -0.9429 0.3330
vn 0.0000 -0.3330 -0.9429
vn 0.7071 -0.6379 -0.3049
vn 0.7071 -0.3049 0.6379
vn 0.7071 0.3049 -0.6380
vn 0.7071 0.6379 0.3049
vn 0.0000 0.3330 0.9429
vn 0.0000 0.9429 -0.3331
vn 0.0000 -0.4313 0.9022
usemtl Material.002
s 1
f 610/946/461 611/947/462 612/948/462 613/949/461
f 614/950/463 615/951/463 616/952/463 617/953/463
f 618/954/463 619/955/463 620/956/463 621/957/463
f 622/958/463 623/959/463 624/960/463 625/961/463
f 626/962/463 627/963/463 628/964/463 629/965/463
f 630/966/463 631/967/463 632/968/463 633/969/463
f 634/970/463 635/971/463 636/972/463 637/973/463
f 638/974/463 639/975/463 640/976/463 641/977/463
f 642/978/463 643/979/463 644/980/463 645/981/463
f 646/982/463 647/983/463 648/984/463 649/985/463
f 650/986/463 651/987/463 652/988/463 653/989/463
f 654/990/463 655/991/463 656/992/463 657/993/463
f 658/994/463 659/995/463 660/996/463 661/997/463
f 662/998/463 663/999/463 664/1000/463 665/1001/463
f 666/1002/463 667/1003/463 668/1004/463 669/1005/463
f 670/1006/463 671/1007/463 672/1008/463 673/1009/463
f 674/1010/463 675/1011/463 676/1012/463 677/1013/463
f 678/1014/463 679/1015/463 680/1016/463 681/1017/463
f 682/1018/463 683/1019/463 684/1020/463 685/1021/463
f 686/1022/463 687/1023/463 688/1024/463 689/1025/463
f 690/1026/463 691/1027/463 692/1028/463 693/1029/463
f 694/1030/463 695/1031/463 696/1032/463 697/1033/463
f 698/1034/463 699/1035/463 700/1036/463 701/1037/463
f 702/1038/463 703/1039/463 704/1040/463 705/1041/463
f 706/1042/463 707/1043/463 708/1044/463 709/1045/463
f 710/1046/463 711/1047/463 712/1048/463 713/1049/463
f 714/1050/463 715/1051/463 716/1052/463 717/1053/463
f 718/1054/463 719/1055/463 720/1056/463 721/1057/463
f 722/1058/463 723/1059/463 724/1060/463 725/1061/463
f 726/1062/463 727/1063/463 728/1064/463 729/1065/463
f 730/1066/464 731/1067/465 732/1068/466 733/1069/464
f 734/1070/463 735/1071/463 736/1072/463 737/1073/463
f 738/1074/463 739/1075/463 740/1076/463 741/1077/463
f 613/1078/467 742/1079/467 743/1080/467 744/1081/467 745/1082/467 746/1083/467 747/1084/467 748/1085/467 749/1086/467 750/1087/467 751/1088/467 752/1089/467 753/1090/467 754/1091/467 755/1092/467 756/1093/467 757/1094/467 758/1095/467 759/1096/467 730/1097/467 733/1098/467 760/1099/467 761/1100/467 762/1101/467 763/1102/467 764/1103/467 765/1104/467 766/1105/467 767/1106/467 768/1107/467 769/1108/467 610/1109/467
f 770/1110/468 771/1111/468 772/1112/468 773/1113/468
f 767/1114/469 774/1115/470 775/1116/471 768/1117/469
f 747/1118/472 776/1119/473 777/1120/474 748/1121/472
f 756/1122/475 778/1123/476 779/1124/477 757/1125/475
f 763/1126/478 780/1127/479 781/1128/480 764/1129/478
f 743/1130/481 782/1131/482 783/1132/483 744/1133/481
f 752/1134/484 784/1135/485 785/1136/486 753/1137/484
f 733/1138/487 732/1139/488 786/1140/489 760/1141/487
f 768/1117/490 775/1116/491 787/1142/492 769/1143/490
f 748/1121/493 777/1120/494 788/1144/495 749/1145/493
f 757/1125/496 779/1124/497 789/1146/498 758/1147/496
f 764/1129/499 781/1128/500 790/1148/501 765/1149/499
f 744/1150/502 783/1151/503 791/1152/504 745/1153/502
f 753/1137/505 785/1136/506 792/1154/507 754/1155/505
f 760/1141/508 786/1140/509 793/1156/510 761/1157/508
f 769/1143/511 787/1142/512 611/947/513 610/946/511
f 749/1145/514 788/1144/515 794/1158/516 750/1159/514
f 758/1147/517 789/1146/518 795/1160/519 759/1161/517
f 765/1149/520 790/1148/521 796/1162/522 766/1163/520
f 745/1153/523 791/1152/524 797/1164/525 746/1165/523
f 754/1166/526 792/1167/527 798/1168/528 755/1169/526
f 761/1157/529 793/1156/530 799/1170/531 762/1171/529
f 800/1172/532 801/1173/532 802/1174/533 803/1175/533
f 750/1159/534 794/1158/535 804/1176/536 751/1177/534
f 759/1161/537 795/1160/538 731/1067/539 730/1066/537
f 766/1163/540 796/1162/541 774/1178/542 767/1179/540
f 746/1165/543 797/1164/544 776/1119/545 747/1118/543
f 755/1169/546 798/1168/547 778/1123/548 756/1122/546
f 762/1171/549 799/1170/550 780/1127/551 763/1126/549
f 613/949/552 612/948/553 805/1180/553 742/1181/552
f 742/1181/554 805/1180/555 782/1131/556 743/1130/554
f 751/1177/557 804/1176/558 784/1135/559 752/1134/557
f 806/1182/560 807/1183/560 808/1184/560 809/1185/560
f 810/1186/561 811/1187/561 812/1188/561 813/1189/561
f 814/1190/562 815/1191/562 816/1192/562 817/1193/562
f 818/1194/563 770/1110/563 773/1113/563 819/1195/563
f 820/1196/564 810/1186/564 813/1189/564 821/1197/564
f 822/1198/565 814/1199/565 817/1200/565 823/1201/565
f 824/1202/566 818/1194/566 819/1195/566 825/1203/566
f 826/1204/567 820/1196/567 821/1197/567 827/1205/567
f 828/1206/568 822/1198/568 823/1201/568 829/1207/568
f 830/1208/569 826/1204/569 827/1205/569 831/1209/569
f 832/1210/570 828/1206/570 829/1207/570 833/1211/570
f 815/1191/571 834/1212/571 835/1213/571 816/1192/571
f 836/1214/572 830/1208/572 831/1209/572 837/1215/572
f 838/1216/573 832/1210/573 833/1211/573 839/1217/573
f 840/1218/574 836/1219/574 837/1220/574 841/1221/574
f 842/1222/575 838/1216/576 839/1217/577 843/1223/578
f 844/1224/579 840/1218/579 841/1221/579 845/1225/579
f 846/1226/580 842/1222/581 843/1223/582 847/1227/583
f 848/1228/584 844/1224/584 845/1225/584 849/1229/584
f 850/1230/585 846/1226/585 847/1227/585 851/1231/585
f 852/1232/586 848/1228/587 849/1229/588 853/1233/589
f 854/1234/590 850/1230/590 851/1231/590 855/1235/590
f 856/1236/591 852/1232/592 853/1233/593 857/1237/594
f 858/1238/595 859/1239/596 860/1240/597 861/1241/597
f 862/1242/598 856/1236/598 857/1237/598 863/1243/598
f 807/1183/599 854/1234/599 855/1235/599 808/1184/599
f 864/1244/600 862/1242/600 863/1243/600 865/1245/600
f 866/1246/601 806/1247/601 809/1248/601 867/1249/601
f 771/1250/602 864/1244/602 865/1245/602 772/1251/602
f 811/1187/603 866/1246/603 867/1249/603 812/1188/603
f 868/1252/604 824/1202/604 825/1203/604 869/1253/604
f 870/1254/605 871/1255/605 872/1256/605 873/1257/605
f 874/1258/606 875/1259/607 876/1260/608 877/1261/608
f 878/1262/609 858/1238/610 861/1241/611 879/1263/611
f 880/1264/612 874/1258/613 877/1261/614 881/1265/614
f 882/1266/615 878/1262/616 879/1263/617 883/1267/617
f 801/1173/618 884/1268/618 885/1269/619 802/1174/619
f 886/1270/620 880/1271/621 881/1272/622 887/1273/622
f 888/1274/623 882/1266/623 883/1267/624 889/1275/624
f 890/1276/625 891/1277/626 892/1278/627 893/1279/627
f 894/1280/628 886/1270/629 887/1273/630 895/1281/630
f 896/1282/631 888/1274/631 889/1275/632 897/1283/632
f 898/1284/633 890/1276/634 893/1279/635 899/1285/635
f 884/1268/636 894/1280/637 895/1281/638 885/1269/638
f 900/1286/639 896/1282/640 897/1283/641 901/1287/641
f 902/1288/642 898/1289/643 899/1290/644 903/1291/644
f 904/1292/645 900/1286/646 901/1287/647 905/1293/647
f 906/1294/648 902/1288/649 903/1291/650 907/1295/650
f 891/1277/651 800/1172/652 803/1175/653 892/1278/653
f 908/1296/654 904/1292/655 905/1293/656 909/1297/656
f 910/1298/657 906/1294/658 907/1295/659 911/1299/659
f 912/1300/660 908/1301/661 909/1302/662 913/1303/662
f 914/1304/663 910/1298/664 911/1299/665 915/1305/666
f 916/1306/667 912/1300/668 913/1303/669 917/1307/669
f 918/1308/670 914/1304/671 915/1305/672 919/1309/673
f 920/1310/674 916/1306/675 917/1307/676 921/1311/676
f 922/1312/677 918/1308/678 919/1309/679 923/1313/679
f 924/1314/680 920/1310/681 921/1311/682 925/1315/683
f 926/1316/684 922/1312/685 923/1313/686 927/1317/686
f 928/1318/687 924/1314/688 925/1315/689 929/1319/690
f 859/1320/691 926/1316/692 927/1317/693 860/1321/693
f 875/1259/694 928/1318/695 929/1319/696 876/1260/696
f 930/1322/697 931/1323/697 932/1324/697 933/1325/697
f 934/1326/698 935/1327/698 936/1328/698 937/1329/698
f 938/1330/699 939/1331/699 940/1332/699 941/1333/699
f 942/1334/700 870/1254/700 873/1257/700 943/1335/700
f 944/1336/701 934/1326/701 937/1329/701 945/1337/701
f 946/1338/702 938/1330/702 941/1333/702 947/1339/702
f 827/1205/703 821/1197/703 948/1340/703 949/1341/703
f 950/1342/704 944/1343/704 945/1344/704 951/1345/704
f 931/1323/705 942/1334/705 943/1335/705 932/1324/705
f 952/1346/706 950/1342/706 951/1345/706 953/1347/706
f 935/1327/707 954/1348/707 955/1349/707 936/1328/707
f 956/1350/708 930/1322/708 933/1325/708 957/1351/708
f 958/1352/709 952/1346/709 953/1347/709 959/1353/709
f 960/1354/710 956/1355/710 957/1356/710 961/1357/710
f 962/1358/711 958/1352/711 959/1353/712 963/1359/713
f 964/1360/714 960/1354/714 961/1357/714 965/1361/714
f 966/1362/715 962/1358/715 963/1359/716 967/1363/717
f 968/1364/718 964/1360/718 965/1361/718 969/1365/718
f 970/1366/719 966/1362/719 967/1363/719 971/1367/719
f 972/1368/720 968/1364/720 969/1365/721 973/1369/722
f 974/1370/723 970/1366/723 971/1367/723 975/1371/723
f 976/1372/724 972/1368/724 973/1369/725 977/1373/726
f 978/1374/727 974/1370/727 975/1371/727 979/1375/727
f 980/1376/728 976/1372/728 977/1373/728 981/1377/728
f 982/1378/729 978/1379/729 979/1380/729 983/1381/729
f 984/1382/730 980/1376/730 981/1377/730 985/1383/730
f 986/1384/731 982/1378/731 983/1381/731 987/1385/731
f 988/1386/732 984/1382/732 985/1383/732 989/1387/732
f 871/1255/733 986/1384/733 987/1385/733 872/1256/733
f 990/1388/734 946/1338/734 947/1339/734 991/1389/734
f 939/1331/735 988/1390/735 989/1391/735 940/1332/735
f 992/1392/463 993/1393/463 994/1394/463 995/1395/463
f 829/1207/736 823/1201/736 996/1396/736 997/1397/736
f 869/1253/737 825/1203/737 998/1398/737 999/1399/737
f 831/1209/738 827/1205/738 949/1341/738 1000/1400/738
f 833/1211/739 829/1207/739 997/1397/739 1001/1401/739
f 837/1215/740 831/1209/740 1000/1400/740 1002/1402/740
f 839/1217/741 833/1211/741 1001/1401/741 1003/1403/741
f 841/1221/742 837/1220/742 1002/1404/742 1004/1405/742
f 843/1223/578 839/1217/577 1003/1403/743 1005/1406/743
f 845/1225/744 841/1221/744 1004/1405/744 1006/1407/744
f 847/1227/583 843/1223/582 1005/1406/745 1007/1408/745
f 849/1229/746 845/1225/746 1006/1407/746 1008/1409/746
f 851/1231/747 847/1227/747 1007/1408/747 1009/1410/747
f 853/1233/589 849/1229/588 1008/1409/748 1010/1411/748
f 855/1235/749 851/1231/749 1009/1410/749 1011/1412/749
f 857/1237/594 853/1233/593 1010/1411/750 1012/1413/750
f 808/1184/751 855/1235/751 1011/1412/751 1013/1414/751
f 863/1243/752 857/1237/752 1012/1413/752 1014/1415/752
f 809/1185/753 808/1184/753 1013/1414/753 1015/1416/753
f 865/1245/754 863/1243/754 1014/1415/754 1016/1417/754
f 867/1249/755 809/1248/755 1015/1418/755 1017/1419/755
f 835/1213/756 869/1253/756 999/1399/756 1018/1420/756
f 772/1251/757 865/1245/757 1016/1417/757 1019/1421/757
f 812/1188/758 867/1249/758 1017/1419/758 1020/1422/758
f 816/1192/759 835/1213/759 1018/1420/759 1021/1423/759
f 773/1113/760 772/1112/760 1019/1424/760 1022/1425/760
f 813/1189/761 812/1188/761 1020/1422/761 1023/1426/761
f 817/1193/762 816/1192/762 1021/1423/762 1024/1427/762
f 819/1195/763 773/1113/763 1022/1425/763 1025/1428/763
f 821/1197/764 813/1189/764 1023/1426/764 948/1340/764
f 823/1201/765 817/1200/765 1024/1429/765 996/1396/765
f 825/1203/766 819/1195/766 1025/1428/766 998/1398/766
f 1026/1430/463 1027/1431/463 1028/1432/463 1029/1433/463
f 1030/1434/463 1031/1435/463 1032/1436/463 1033/1437/463
f 1034/1438/463 1035/1439/463 1036/1440/463 1037/1441/463
f 1038/1442/463 1039/1443/463 1040/1444/463 1041/1445/463
f 973/1369/722 969/1365/721 1042/1446/767 1043/1447/768
f 1044/1448/463 1045/1449/463 1046/1450/463 1047/1451/463
f 1048/1452/463 1049/1453/463 1050/1454/463 1051/1455/463
f 1052/1456/463 1053/1457/463 1054/1458/463 1055/1459/463
f 1056/1460/463 1057/1461/463 1058/1462/463 1059/1463/463
f 1060/1464/463 1061/1465/463 1062/1466/463 1063/1467/463
f 1064/1468/463 1065/1469/463 1066/1470/463 1067/1471/463
f 1068/1472/463 1069/1473/463 1070/1474/463 1071/1475/463
f 1072/1476/463 1073/1477/463 1074/1478/463 1075/1479/463
f 1076/1480/463 1077/1481/463 1078/1482/463 1079/1483/463
f 1080/1484/463 1081/1485/463 1082/1486/463 1083/1487/463
f 1084/1488/463 1085/1489/463 1086/1490/463 1087/1491/463
f 1088/1492/463 1089/1493/463 1090/1494/463 1091/1495/463
f 1092/1496/463 1093/1497/463 1094/1498/463 1095/1499/463
f 1096/1500/463 1097/1501/463 1098/1502/463 1099/1503/463
f 1100/1504/463 1101/1505/463 1102/1506/463 1103/1507/463
f 1104/1508/463 1105/1509/463 1106/1510/463 1107/1511/463
f 1108/1512/769 1109/1513/769 1110/1514/769 1111/1515/769
f 1112/1516/463 1113/1517/463 1114/1518/463 1115/1519/463
f 1116/1520/463 1117/1521/463 1118/1522/463 1119/1523/463
f 1120/1524/463 1121/1525/463 1122/1526/463 1123/1527/463
f 1124/1528/463 1125/1529/463 1126/1530/463 1127/1531/463
f 1128/1532/463 1129/1533/463 1130/1534/463 1131/1535/463
f 1132/1536/463 1133/1537/463 1134/1538/463 1135/1539/463
f 1136/1540/463 1137/1541/463 1138/1542/463 1139/1543/463
f 1140/1544/463 1141/1545/463 1142/1546/463 1143/1547/463
f 1144/1548/463 1145/1549/463 1146/1550/463 1147/1551/463
f 1148/1552/770 1149/1553/770 1150/1554/771 1151/1555/772
f 975/1371/773 971/1367/773 1152/1556/773 1153/1557/773
f 977/1373/726 973/1369/725 1043/1447/774 1154/1558/775
f 979/1375/776 975/1371/776 1153/1557/776 1155/1559/776
f 981/1377/777 977/1373/777 1154/1558/777 1156/1560/777
f 983/1381/778 979/1380/778 1155/1561/778 1157/1562/778
f 985/1383/779 981/1377/779 1156/1560/779 1158/1563/779
f 987/1385/780 983/1381/780 1157/1562/780 1159/1564/780
f 955/1349/781 991/1389/781 1160/1565/781 1161/1566/781
f 989/1387/782 985/1383/782 1158/1563/782 1162/1567/782
f 872/1256/783 987/1385/783 1159/1564/783 1163/1568/783
f 936/1328/784 955/1349/784 1161/1566/784 1164/1569/784
f 940/1332/785 989/1391/785 1162/1570/785 1165/1571/785
f 873/1257/786 872/1256/786 1163/1568/786 1166/1572/786
f 937/1329/787 936/1328/787 1164/1569/787 1167/1573/787
f 941/1333/788 940/1332/788 1165/1571/788 1168/1574/788
f 943/1335/789 873/1257/789 1166/1572/789 1169/1575/789
f 945/1337/790 937/1329/790 1167/1573/790 1170/1576/790
f 947/1339/791 941/1333/791 1168/1574/791 1171/1577/791
f 932/1324/792 943/1335/792 1169/1575/792 1172/1578/792
f 951/1345/793 945/1344/793 1170/1579/793 1173/1580/793
f 991/1389/794 947/1339/794 1171/1577/794 1160/1565/794
f 933/1325/795 932/1324/795 1172/1578/795 1174/1581/795
f 953/1347/796 951/1345/796 1173/1580/796 1175/1582/796
f 957/1351/797 933/1325/797 1174/1581/797 1176/1583/797
f 959/1353/798 953/1347/798 1175/1582/798 1177/1584/798
f 961/1357/799 957/1356/799 1176/1585/799 1178/1586/799
f 963/1359/713 959/1353/712 1177/1584/800 1179/1587/801
f 965/1361/802 961/1357/802 1178/1586/802 1180/1588/802
f 967/1363/717 963/1359/716 1179/1587/803 1181/1589/804
f 969/1365/805 965/1361/805 1180/1588/805 1042/1446/805
f 971/1367/806 967/1363/806 1181/1589/806 1152/1556/806
f 1182/1590/807 1183/1591/807 1184/1592/807 1185/1593/807
f 1186/1594/808 1187/1595/808 1188/1596/809 1189/1597/810
f 1190/1598/811 1148/1552/811 1151/1555/811 1191/1599/811
f 1192/1600/812 1182/1590/812 1185/1593/813 1193/1601/814
f 1194/1602/815 1195/1603/815 1196/1604/816 1197/1605/817
f 1198/1606/818 1190/1607/818 1191/1608/818 1199/1609/818
f 1200/1610/819 1192/1600/819 1193/1601/820 1201/1611/821
f 1202/1612/822 1194/1602/822 1197/1605/823 1203/1613/824
f 1204/1614/825 1198/1606/825 1199/1609/826 1205/1615/827
f 1206/1616/828 1200/1610/828 1201/1611/829 1207/1617/829
f 1208/1618/830 1202/1612/830 1203/1613/830 1209/1619/830
f 1187/1595/831 1204/1614/831 1205/1615/832 1188/1596/833
f 1210/1620/834 1206/1616/834 1207/1617/835 1211/1621/836
f 1212/1622/837 1208/1623/837 1209/1624/837 1213/1625/837
f 1214/1626/463 1215/1627/463 1216/1628/463 1217/1629/463
f 1218/1630/838 1210/1620/838 1211/1621/838 1219/1631/838
f 1220/1632/839 1212/1622/839 1213/1625/840 1221/1633/841
f 1222/1634/842 1218/1630/842 1219/1631/842 1223/1635/842
f 1224/1636/843 1220/1632/843 1221/1633/844 1225/1637/845
f 1226/1638/846 1222/1639/846 1223/1640/846 1227/1641/846
f 1228/1642/847 1224/1636/847 1225/1637/848 1229/1643/849
f 1230/1644/850 1226/1638/850 1227/1641/850 1231/1645/850
f 1232/1646/851 1228/1642/851 1229/1643/852 1233/1647/853
f 1234/1648/854 1230/1644/854 1231/1645/855 1235/1649/856
f 1236/1650/857 1232/1646/857 1233/1647/858 1237/1651/859
f 1238/1652/860 1234/1648/860 1235/1649/861 1239/1653/862
f 1240/1654/863 1236/1650/863 1237/1651/863 1241/1655/863
f 1242/1656/864 1238/1652/864 1239/1653/865 1243/1657/866
f 1244/1658/867 1240/1654/867 1241/1655/867 1245/1659/867
f 1149/1553/868 1242/1656/868 1243/1657/869 1150/1554/870
f 1183/1591/871 1244/1660/871 1245/1661/871 1184/1592/871
f 1246/1662/872 1247/1663/872 1248/1664/872 1249/1665/872
f 1250/1666/873 1251/1667/873 1252/1668/873 1253/1669/873
f 1254/1670/874 1255/1671/874 1256/1672/874 1257/1673/874
f 1258/1674/875 1259/1675/875 1260/1676/875 1261/1677/875
f 1262/1678/876 1254/1670/876 1257/1673/876 1263/1679/876
f 1264/1680/877 1265/1681/877 1266/1682/877 1267/1683/877
f 1247/1663/878 1250/1666/878 1253/1669/878 1248/1684/878
f 1268/1685/879 1262/1678/880 1263/1679/881 1269/1686/881
f 1270/1687/882 1246/1662/882 1249/1665/882 1271/1688/882
f 1272/1689/883 1268/1685/884 1269/1686/885 1273/1690/885
f 1274/1691/886 1270/1687/886 1271/1688/886 1275/1692/886
f 1276/1693/887 1272/1689/887 1273/1690/887 1277/1694/887
f 1278/1695/888 1274/1691/889 1275/1692/890 1279/1696/890
f 1280/1697/891 1276/1693/891 1277/1694/891 1281/1698/891
f 1282/1699/892 1278/1695/893 1279/1696/894 1283/1700/894
f 1284/1701/895 1280/1697/895 1281/1698/895 1285/1702/895
f 1286/1703/896 1282/1699/896 1283/1700/896 1287/1704/896
f 1288/1705/897 1284/1706/897 1285/1707/897 1289/1708/897
f 1290/1709/898 1286/1703/898 1287/1704/898 1291/1710/898
f 1292/1711/899 1288/1705/899 1289/1708/899 1293/1712/899
f 1294/1713/900 1290/1709/900 1291/1710/900 1295/1714/900
f 1296/1715/901 1292/1711/901 1293/1712/901 1297/1716/901
f 1298/1717/902 1294/1718/902 1295/1719/902 1299/1720/902
f 1300/1721/903 1296/1715/903 1297/1716/903 1301/1722/903
f 1302/1723/904 1303/1724/904 1304/1725/905 1305/1726/905
f 1306/1727/906 1298/1717/906 1299/1720/906 1307/1728/906
f 1308/1729/907 1300/1721/907 1301/1722/907 1309/1730/907
f 1310/1731/908 1264/1680/908 1267/1683/908 1311/1732/908
f 1109/1513/909 1306/1727/909 1307/1728/909 1110/1514/909
f 1251/1667/910 1308/1729/910 1309/1730/910 1252/1668/910
f 1255/1671/911 1310/1733/911 1311/1734/911 1256/1672/911
f 1312/1735/912 1111/1736/912 1110/1737/912 1307/1738/912 1299/1739/912 1295/1740/912 1291/1741/912 1287/1742/912 1283/1743/912 1279/1744/912 1275/1745/912 1271/1746/912 1249/1747/912 1248/1748/912 1253/1749/912 1252/1750/912 1309/1751/912 1301/1752/912 1297/1753/912 1293/1754/912 1289/1755/912 1285/1756/912 1281/1757/912 1277/1758/912 1273/1759/912 1269/1760/912 1263/1761/912 1257/1762/912 1256/1763/912 1311/1764/912 1267/1765/912 1266/1766/912
f 1313/1767/913 1314/1768/914 1315/1769/915 1316/1770/915
f 1317/1771/916 1258/1674/916 1261/1677/916 1318/1772/916
f 1319/1773/917 1313/1767/918 1316/1770/919 1320/1774/920
f 1321/1775/921 1317/1776/922 1318/1777/923 1322/1778/923
f 1323/1779/924 1319/1773/925 1320/1774/926 1324/1780/927
f 1325/1781/928 1321/1775/929 1322/1778/930 1326/1782/930
f 1327/1783/931 1323/1779/932 1324/1780/933 1328/1784/933
f 1329/1785/934 1325/1781/935 1326/1782/936 1330/1786/937
f 1331/1787/938 1327/1783/939 1328/1784/940 1332/1788/940
f 1333/1789/941 1329/1785/942 1330/1786/943 1334/1790/944
f 1335/1791/945 1331/1792/945 1332/1793/945 1336/1794/945
f 1337/1795/946 1333/1789/947 1334/1790/948 1338/1796/948
f 1339/1797/949 1335/1798/949 1336/1799/949 1340/1800/949
f 1341/1801/950 1337/1795/951 1338/1796/952 1342/1802/952
f 1343/1803/953 1339/1797/953 1340/1800/953 1344/1804/953
f 1303/1724/954 1345/1805/954 1346/1806/955 1304/1725/955
f 1347/1807/956 1341/1801/957 1342/1802/958 1348/1808/958
f 1349/1809/959 1343/1803/959 1344/1804/959 1350/1810/959
f 1351/1811/960 1302/1723/961 1305/1726/962 1352/1812/962
f 1353/1813/963 1347/1814/964 1348/1815/965 1354/1816/965
f 1355/1817/966 1349/1809/966 1350/1810/966 1356/1818/966
f 1357/1819/967 1351/1811/968 1352/1812/969 1358/1820/969
f 1359/1821/970 1353/1813/971 1354/1816/972 1360/1822/972
f 1361/1823/973 1355/1817/973 1356/1818/973 1362/1824/973
f 1363/1825/974 1357/1826/975 1358/1827/976 1364/1828/976
f 1345/1805/977 1359/1821/978 1360/1822/979 1346/1806/979
f 1365/1829/980 1361/1823/980 1362/1824/980 1366/1830/980
f 1367/1831/981 1363/1825/982 1364/1828/983 1368/1832/983
f 1265/1681/984 1369/1833/984 1312/1834/984 1266/1682/984
f 1259/1835/985 1365/1829/985 1366/1830/985 1260/1836/985
f 1314/1768/986 1367/1831/987 1368/1832/988 1315/1769/988
f 1018/1837/989 999/1838/989 1370/1839/989 1371/1840/989
f 1371/1840/990 1370/1839/990 1372/1841/990 1373/1842/990
f 1373/1842/991 1372/1841/991 990/1388/991 954/1348/991
f 1021/1843/992 1018/1837/992 1371/1840/992 1374/1844/992
f 1374/1844/993 1371/1840/993 1373/1842/993 1375/1845/993
f 1375/1845/994 1373/1842/994 954/1348/994 935/1327/994
f 1024/1846/995 1021/1843/995 1374/1844/995 1376/1847/995
f 1376/1847/996 1374/1844/996 1375/1845/996 1377/1848/996
f 1377/1848/997 1375/1845/997 935/1327/997 934/1326/997
f 996/1396/998 1024/1429/998 1376/1849/998 1378/1850/998
f 1378/1850/999 1376/1849/999 1377/1851/999 1379/1852/999
f 1379/1852/1000 1377/1851/1000 934/1853/1000 944/1343/1000
f 997/1397/1001 996/1396/1001 1378/1850/1001 1380/1854/1001
f 1380/1854/1002 1378/1850/1002 1379/1852/1002 1381/1855/1002
f 1381/1855/1003 1379/1852/1003 944/1343/1003 950/1342/1003
f 1001/1401/1004 997/1397/1004 1380/1854/1004 1382/1856/1004
f 1382/1856/1005 1380/1854/1005 1381/1855/1005 1383/1857/1005
f 1383/1857/1006 1381/1855/1006 950/1342/1006 952/1346/1006
f 1003/1403/1007 1001/1401/1007 1382/1856/1007 1384/1858/1007
f 1384/1858/1008 1382/1856/1008 1383/1857/1008 1385/1859/1008
f 1385/1859/1009 1383/1857/1009 952/1346/1009 958/1352/1009
f 1005/1406/1010 1003/1403/1010 1384/1858/1010 1386/1860/1010
f 1386/1860/1011 1384/1858/1011 1385/1859/1011 1387/1861/1011
f 1387/1861/1012 1385/1859/1012 958/1352/1012 962/1358/1012
f 1007/1408/1013 1005/1406/1013 1386/1860/1013 1388/1862/1013
f 1388/1862/1014 1386/1860/1014 1387/1861/1014 1389/1863/1014
f 1389/1863/1015 1387/1861/1015 962/1358/1015 966/1362/1015
f 1009/1410/1016 1007/1408/1016 1388/1862/1016 1390/1864/1016
f 1390/1864/1017 1388/1862/1017 1389/1863/1017 1391/1865/1017
f 1391/1865/1018 1389/1863/1018 966/1362/1018 970/1366/1018
f 1011/1412/1019 1009/1410/1019 1390/1864/1019 1392/1866/1019
f 1392/1866/1020 1390/1864/1020 1391/1865/1020 1393/1867/1020
f 1393/1867/1021 1391/1865/1021 970/1366/1021 974/1370/1021
f 1013/1414/1022 1011/1412/1022 1392/1866/1022 1394/1868/1022
f 1394/1868/1023 1392/1866/1023 1393/1867/1023 1395/1869/1023
f 1395/1869/1024 1393/1867/1024 974/1370/1024 978/1374/1024
f 1015/1416/1025 1013/1414/1025 1394/1868/1025 1396/1870/1025
f 1396/1871/1026 1394/1872/1026 1395/1873/1026 1397/1874/1026
f 1397/1874/1027 1395/1873/1027 978/1379/1027 982/1378/1027
f 1017/1419/1028 1015/1418/1028 1396/1875/1028 1398/1876/1028
f 1398/1877/1029 1396/1871/1029 1397/1874/1029 1399/1878/1029
f 1399/1878/1030 1397/1874/1030 982/1378/1030 986/1384/1030
f 1020/1422/1031 1017/1419/1031 1398/1876/1031 1400/1879/1031
f 1400/1880/1032 1398/1877/1032 1399/1878/1032 1401/1881/1032
f 1401/1881/1033 1399/1878/1033 986/1384/1033 871/1255/1033
f 1023/1426/1034 1020/1422/1034 1400/1879/1034 1402/1882/1034
f 1402/1883/1035 1400/1880/1035 1401/1881/1035 1403/1884/1035
f 1403/1884/1036 1401/1881/1036 871/1255/1036 870/1254/1036
f 948/1340/1037 1023/1426/1037 1402/1882/1037 1404/1885/1037
f 1404/1886/1038 1402/1883/1038 1403/1884/1038 1405/1887/1038
f 1405/1887/1039 1403/1884/1039 870/1254/1039 942/1334/1039
f 949/1341/1040 948/1340/1040 1404/1885/1040 1406/1888/1040
f 1406/1889/1041 1404/1886/1041 1405/1887/1041 1407/1890/1041
f 1407/1890/1042 1405/1887/1042 942/1334/1042 931/1323/1042
f 1000/1400/1043 949/1341/1043 1406/1888/1043 1408/1891/1043
f 1408/1892/1044 1406/1889/1044 1407/1890/1044 1409/1893/1044
f 1409/1893/1045 1407/1890/1045 931/1323/1045 930/1322/1045
f 1002/1402/1046 1000/1400/1046 1408/1891/1046 1410/1894/1046
f 1410/1895/1047 1408/1892/1047 1409/1893/1047 1411/1896/1047
f 1411/1896/1048 1409/1893/1048 930/1322/1048 956/1350/1048
f 1004/1405/1049 1002/1404/1049 1410/1897/1049 1412/1898/1049
f 1412/1898/1050 1410/1897/1050 1411/1899/1050 1413/1900/1050
f 1413/1900/1051 1411/1899/1051 956/1355/1051 960/1354/1051
f 1006/1407/1052 1004/1405/1052 1412/1898/1052 1414/1901/1052
f 1414/1901/1053 1412/1898/1053 1413/1900/1053 1415/1902/1053
f 1415/1902/1054 1413/1900/1054 960/1354/1054 964/1360/1054
f 1008/1409/1055 1006/1407/1055 1414/1901/1055 1416/1903/1055
f 1416/1903/1056 1414/1901/1056 1415/1902/1056 1417/1904/1056
f 1417/1904/1057 1415/1902/1057 964/1360/1057 968/1364/1057
f 1010/1411/1058 1008/1409/1058 1416/1903/1058 1418/1905/1058
f 1418/1905/1059 1416/1903/1059 1417/1904/1059 1419/1906/1059
f 1419/1906/1060 1417/1904/1060 968/1364/1060 972/1368/1060
f 1012/1413/1061 1010/1411/1061 1418/1905/1061 1420/1907/1061
f 1420/1907/1062 1418/1905/1062 1419/1906/1062 1421/1908/1062
f 1421/1908/1063 1419/1906/1063 972/1368/1063 976/1372/1063
f 1014/1415/1064 1012/1413/1064 1420/1907/1064 1422/1909/1064
f 1422/1909/1065 1420/1907/1065 1421/1908/1065 1423/1910/1065
f 1423/1910/1066 1421/1908/1066 976/1372/1066 980/1376/1066
f 1016/1417/1067 1014/1415/1067 1422/1909/1067 1424/1911/1067
f 1424/1911/1068 1422/1909/1068 1423/1910/1068 1425/1912/1068
f 1425/1912/1069 1423/1910/1069 980/1376/1069 984/1382/1069
f 1019/1421/1070 1016/1417/1070 1424/1911/1070 1426/1913/1070
f 1426/1913/1071 1424/1911/1071 1425/1912/1071 1427/1914/1071
f 1427/1914/1072 1425/1912/1072 984/1382/1072 988/1386/1072
f 1022/1915/1073 1019/1421/1073 1426/1913/1073 1428/1916/1073
f 1428/1917/1074 1426/1918/1074 1427/1919/1074 1429/1920/1074
f 1429/1920/1075 1427/1919/1075 988/1390/1075 939/1331/1075
f 1025/1921/1076 1022/1922/1076 1428/1917/1076 1430/1923/1076
f 1430/1923/1077 1428/1917/1077 1429/1920/1077 1431/1924/1077
f 1431/1924/1078 1429/1920/1078 939/1331/1078 938/1330/1078
f 998/1925/1079 1025/1921/1079 1430/1923/1079 1432/1926/1079
f 1432/1926/1080 1430/1923/1080 1431/1924/1080 1433/1927/1080
f 1433/1927/1081 1431/1924/1081 938/1330/1081 946/1338/1081
f 999/1838/1082 998/1925/1082 1432/1926/1082 1370/1839/1082
f 1370/1839/1083 1432/1926/1083 1433/1927/1083 1372/1841/1083
f 1372/1841/1084 1433/1927/1084 946/1338/1084 990/1388/1084
f 954/1348/1085 990/1388/1085 991/1389/1085 955/1349/1085
f 1161/1566/1086 1160/1565/1086 1434/1928/1086 1435/1929/1086
f 1435/1929/1087 1434/1928/1087 1436/1930/1087 1437/1931/1087
f 1437/1931/1088 1436/1930/1088 1186/1594/1088 1195/1603/1088
f 1164/1569/1089 1161/1566/1089 1435/1929/1089 1438/1932/1089
f 1438/1932/1090 1435/1929/1090 1437/1931/1090 1439/1933/1090
f 1439/1933/1091 1437/1931/1091 1195/1603/1091 1194/1602/1091
f 1167/1573/1092 1164/1569/1092 1438/1932/1092 1440/1934/1092
f 1440/1934/1093 1438/1932/1093 1439/1933/1093 1441/1935/1093
f 1441/1935/1094 1439/1933/1094 1194/1602/1094 1202/1612/1094
f 1170/1576/1095 1167/1573/1095 1440/1934/1095 1442/1936/1095
f 1442/1936/1096 1440/1934/1096 1441/1935/1096 1443/1937/1096
f 1443/1937/1097 1441/1935/1097 1202/1612/1097 1208/1618/1097
f 1173/1580/1098 1170/1579/1098 1442/1938/1098 1444/1939/1098
f 1444/1939/1099 1442/1938/1099 1443/1940/1099 1445/1941/1099
f 1445/1941/1100 1443/1940/1100 1208/1623/1100 1212/1622/1100
f 1175/1582/1101 1173/1580/1101 1444/1939/1101 1446/1942/1101
f 1446/1942/1102 1444/1939/1102 1445/1941/1102 1447/1943/1102
f 1447/1943/1103 1445/1941/1103 1212/1622/1103 1220/1632/1103
f 1177/1584/1104 1175/1582/1104 1446/1942/1104 1448/1944/1104
f 1448/1944/1105 1446/1942/1105 1447/1943/1105 1449/1945/1105
f 1449/1945/1106 1447/1943/1106 1220/1632/1106 1224/1636/1106
f 1179/1587/801 1177/1584/800 1448/1944/1107 1450/1946/1107
f 1450/1946/1107 1448/1944/1107 1449/1945/1108 1451/1947/1109
f 1451/1947/1109 1449/1945/1108 1224/1636/1110 1228/1642/1110
f 1181/1589/804 1179/1587/803 1450/1946/1111 1452/1948/1111
f 1452/1948/1111 1450/1946/1111 1451/1947/1112 1453/1949/1113
f 1453/1949/1113 1451/1947/1112 1228/1642/1114 1232/1646/1114
f 1152/1556/1115 1181/1589/1115 1452/1948/1115 1454/1950/1115
f 1454/1950/1116 1452/1948/1116 1453/1949/1116 1455/1951/1116
f 1455/1951/1117 1453/1949/1117 1232/1646/1117 1236/1650/1117
f 1153/1557/1118 1152/1556/1118 1454/1950/1118 1456/1952/1118
f 1456/1952/1119 1454/1950/1119 1455/1951/1119 1457/1953/1119
f 1457/1953/1120 1455/1951/1120 1236/1650/1120 1240/1654/1120
f 1155/1559/1121 1153/1557/1121 1456/1952/1121 1458/1954/1121
f 1458/1954/1122 1456/1952/1122 1457/1953/1122 1459/1955/1122
f 1459/1955/1123 1457/1953/1123 1240/1654/1123 1244/1658/1123
f 1157/1562/1124 1155/1561/1124 1458/1956/1124 1460/1957/1124
f 1460/1957/1125 1458/1956/1125 1459/1958/1125 1461/1959/1125
f 1461/1959/1126 1459/1958/1126 1244/1660/1126 1183/1591/1126
f 1159/1564/1127 1157/1562/1127 1460/1957/1127 1462/1960/1127
f 1462/1960/1128 1460/1957/1128 1461/1959/1128 1463/1961/1128
f 1463/1961/1129 1461/1959/1129 1183/1591/1129 1182/1590/1129
f 1163/1568/1130 1159/1564/1130 1462/1960/1130 1464/1962/1130
f 1464/1962/1131 1462/1960/1131 1463/1961/1131 1465/1963/1131
f 1465/1963/1132 1463/1961/1132 1182/1590/1132 1192/1600/1132
f 1166/1572/1133 1163/1568/1133 1464/1962/1133 1466/1964/1133
f 1466/1964/1134 1464/1962/1134 1465/1963/1134 1467/1965/1134
f 1467/1965/1135 1465/1963/1135 1192/1600/1135 1200/1610/1135
f 1169/1575/1136 1166/1572/1136 1466/1964/1136 1468/1966/1136
f 1468/1966/1137 1466/1964/1137 1467/1965/1137 1469/1967/1137
f 1469/1967/1138 1467/1965/1138 1200/1610/1138 1206/1616/1138
f 1172/1578/1139 1169/1575/1139 1468/1966/1139 1470/1968/1139
f 1470/1968/1140 1468/1966/1140 1469/1967/1140 1471/1969/1140
f 1471/1969/1141 1469/1967/1141 1206/1616/1141 1210/1620/1141
f 1174/1581/1142 1172/1578/1142 1470/1968/1142 1472/1970/1142
f 1472/1970/1143 1470/1968/1143 1471/1969/1143 1473/1971/1143
f 1473/1971/1144 1471/1969/1144 1210/1620/1144 1218/1630/1144
f 1176/1583/1145 1174/1581/1145 1472/1970/1145 1474/1972/1145
f 1474/1972/1146 1472/1970/1146 1473/1971/1146 1475/1973/1146
f 1475/1973/1147 1473/1971/1147 1218/1630/1147 1222/1634/1147
f 1178/1586/1148 1176/1585/1148 1474/1974/1148 1476/1975/1148
f 1476/1975/1149 1474/1974/1149 1475/1976/1149 1477/1977/1149
f 1477/1977/1150 1475/1976/1150 1222/1639/1150 1226/1638/1150
f 1180/1588/1151 1178/1586/1151 1476/1975/1151 1478/1978/1151
f 1478/1978/1152 1476/1975/1152 1477/1977/1152 1479/1979/1152
f 1479/1979/1153 1477/1977/1153 1226/1638/1153 1230/1644/1153
f 1042/1446/1154 1180/1588/1154 1478/1978/1154 1480/1980/1154
f 1480/1980/1155 1478/1978/1155 1479/1979/1155 1481/1981/1155
f 1481/1981/1156 1479/1979/1156 1230/1644/1156 1234/1648/1156
f 1043/1447/768 1042/1446/767 1480/1980/1157 1482/1982/1157
f 1482/1982/1157 1480/1980/1157 1481/1981/1158 1483/1983/1159
f 1483/1983/1159 1481/1981/1158 1234/1648/1160 1238/1652/1160
f 1154/1558/775 1043/1447/774 1482/1982/1161 1484/1984/1161
f 1484/1984/1161 1482/1982/1161 1483/1983/1162 1485/1985/1163
f 1485/1985/1163 1483/1983/1162 1238/1652/1164 1242/1656/1164
f 1156/1560/1165 1154/1558/1165 1484/1984/1165 1486/1986/1165
f 1486/1986/1166 1484/1984/1166 1485/1985/1166 1487/1987/1166
f 1487/1987/1167 1485/1985/1167 1242/1656/1167 1149/1553/1167
f 1158/1563/1168 1156/1560/1168 1486/1986/1168 1488/1988/1168
f 1488/1988/1169 1486/1986/1169 1487/1987/1169 1489/1989/1169
f 1489/1989/1170 1487/1987/1170 1149/1553/1170 1148/1552/1170
f 1162/1567/1171 1158/1563/1171 1488/1988/1171 1490/1990/1171
f 1490/1990/1172 1488/1988/1172 1489/1989/1172 1491/1991/1172
f 1491/1991/1173 1489/1989/1173 1148/1552/1173 1190/1598/1173
f 1165/1571/1174 1162/1570/1174 1490/1992/1174 1492/1993/1174
f 1492/1993/1175 1490/1992/1175 1491/1994/1175 1493/1995/1175
f 1493/1995/1176 1491/1994/1176 1190/1607/1176 1198/1606/1176
f 1168/1574/1177 1165/1571/1177 1492/1993/1177 1494/1996/1177
f 1494/1996/1178 1492/1993/1178 1493/1995/1178 1495/1997/1178
f 1495/1997/1179 1493/1995/1179 1198/1606/1179 1204/1614/1179
f 1171/1577/1180 1168/1574/1180 1494/1996/1180 1496/1998/1180
f 1496/1998/1181 1494/1996/1181 1495/1997/1181 1497/1999/1181
f 1497/1999/1182 1495/1997/1182 1204/1614/1182 1187/1595/1182
f 1160/1565/1183 1171/1577/1183 1496/1998/1183 1434/1928/1183
f 1434/1928/1184 1496/1998/1184 1497/1999/1184 1436/1930/1184
f 1436/1930/1185 1497/1999/1185 1187/1595/1185 1186/1594/1185
f 1498/2000/463 1499/2001/463 1500/2002/463 1501/2003/463
f 1189/2004/1186 1502/2005/1186 1503/2006/1187 1504/2007/1186
f 1498/2008/1188 1505/2009/1189 1503/2006/1189 1502/2005/1189
f 1215/2010/1190 1504/2007/1190 1503/2006/1190 1505/2009/1191
f 1214/1626/1192 1506/2011/1192 1507/2012/1192 1508/2013/1192
f 1081/1485/1193 1509/2014/1193 1507/2012/1193 1506/2011/1193
f 1196/2015/463 1508/2013/463 1507/2012/463 1509/2014/463
f 1080/2016/1194 1510/2017/1195 1511/2018/1195 1512/2019/1195
f 1129/2020/1196 1513/2021/1196 1511/2018/1196 1510/2017/1197
f 1197/2022/463 1512/2023/463 1511/2024/463 1513/2025/463
f 1128/2026/1198 1514/2027/1199 1515/2028/1200 1516/2029/1201
f 1093/1497/1202 1517/2030/1203 1515/2031/1204 1514/2032/1205
f 1203/2033/463 1516/2034/463 1515/2035/463 1517/2036/463
f 1092/1496/1206 1518/2037/1207 1519/2038/1208 1520/2039/1207
f 1105/2040/1209 1521/2041/1210 1519/2042/1209 1518/2043/1211
f 1209/2044/463 1520/2039/463 1519/2038/463 1521/2045/463
f 1104/2046/1212 1522/2047/1213 1523/2048/1213 1524/2049/1213
f 1117/2050/1214 1525/2051/1215 1523/2052/1214 1522/2053/1216
f 1213/2054/463 1524/2055/463 1523/2048/463 1525/2056/463
f 1116/2057/1217 1526/2058/1217 1527/2059/1217 1528/2060/1217
f 1125/2061/1218 1529/2062/1218 1527/2063/1218 1526/2064/1218
f 1221/2065/463 1528/2066/463 1527/2067/463 1529/2068/463
f 1124/2069/1219 1530/2070/1220 1531/2071/1220 1532/2072/1220
f 1137/2073/1221 1533/2074/1221 1531/2075/1221 1530/2076/1222
f 1225/2077/463 1532/2078/463 1531/2079/463 1533/2080/463
f 1136/2081/1223 1534/2082/1224 1535/2083/1224 1536/2084/1225
f 1145/1549/1226 1537/2085/1226 1535/2086/1226 1534/2087/1227
f 1229/2088/463 1536/2089/463 1535/2090/463 1537/2091/463
f 1144/2092/1228 1538/2093/1229 1539/2094/1230 1540/2095/1231
f 1031/2096/1232 1541/2097/1233 1539/2098/1234 1538/2099/1235
f 1233/2100/463 1540/2101/463 1539/2102/463 1541/2103/463
f 1030/1434/1236 1542/2104/1237 1543/2105/1237 1544/2106/1237
f 1039/2107/1238 1545/2108/1238 1543/2109/1238 1542/2110/1239
f 1237/2111/463 1544/2112/463 1543/2113/463 1545/2114/463
f 1038/1442/1193 1546/2115/1193 1547/2116/1193 1548/2117/1193
f 1045/2118/1192 1549/2119/1192 1547/2120/1192 1546/2121/1192
f 1241/2122/463 1548/2117/463 1547/2116/463 1549/2123/463
f 1044/2124/1240 1550/2125/1241 1551/2126/1242 1552/2127/1243
f 1053/2128/1244 1553/2129/1245 1551/2130/1246 1550/2131/1247
f 1245/2132/463 1552/2133/463 1551/2134/463 1553/2135/463
f 1052/1456/1192 1554/2136/1248 1555/2137/1249 1556/2138/1250
f 1061/1465/1251 1557/2139/1252 1555/2137/1253 1554/2136/1193
f 1184/2140/463 1556/2138/463 1555/2137/463 1557/2139/463
f 1060/1464/1219 1558/2141/1254 1559/2142/1255 1560/2143/1256
f 1069/2144/1257 1561/2145/1258 1559/2146/1259 1558/2147/1222
f 1185/2148/463 1560/2143/463 1559/2142/463 1561/2149/463
f 1068/2150/1260 1562/2151/1261 1563/2152/1262 1564/2153/1263
f 1077/1481/1264 1565/2154/1265 1563/2155/1266 1562/2156/1267
f 1193/1601/463 1564/2153/463 1563/2152/463 1565/2157/463
f 1076/1480/1268 1566/2158/1269 1567/2159/1269 1568/2160/1269
f 1089/2161/1270 1569/2162/1270 1567/2163/1270 1566/2164/1271
f 1201/1611/1272 1568/2165/1272 1567/2163/1272 1569/2162/1272
f 1088/2166/1273 1570/2167/1274 1571/2168/1275 1572/2169/1276
f 1101/1505/1277 1573/2170/1278 1571/2171/1279 1570/2172/1280
f 1207/1617/463 1572/2173/463 1571/2174/463 1573/2175/463
f 1100/2176/1192 1574/2177/1281 1575/2178/1282 1576/2179/1283
f 1113/2180/1284 1577/2181/1285 1575/2178/1286 1574/2182/1193
f 1211/1621/463 1576/2183/463 1575/2184/463 1577/2185/463
f 1112/2186/1192 1578/2187/1287 1579/2188/1288 1580/2189/1289
f 1121/1525/1290 1581/2190/1291 1579/2191/1292 1578/2192/1222
f 1219/2193/463 1580/2194/463 1579/2191/463 1581/2190/463
f 1120/2195/1293 1582/2196/1294 1583/2197/1295 1584/2198/1294
f 1133/2199/1296 1585/2200/1260 1583/2201/1296 1582/2202/1296
f 1223/1635/463 1584/2203/463 1583/2204/463 1585/2205/463
f 1132/2206/1297 1586/2207/1298 1587/2208/1298 1588/2209/1298
f 1141/1545/1299 1589/2210/1299 1587/2211/1299 1586/2212/1300
f 1227/2213/463 1588/2214/463 1587/2211/463 1589/2210/463
f 1140/2215/1236 1590/2216/1301 1591/2217/1301 1592/2218/1301
f 993/2219/1302 1593/2220/1302 1591/2221/1302 1590/2222/1239
f 1231/2223/463 1592/2224/463 1591/2225/463 1593/2226/463
f 992/2227/1303 1594/2228/1304 1595/2229/1305 1596/2230/1306
f 1035/2231/1307 1597/2232/1308 1595/2233/1309 1594/2234/1310
f 1235/2235/463 1596/2236/463 1595/2237/463 1597/2238/463
f 1034/2239/1311 1598/2240/1312 1599/2241/1312 1600/2242/1312
f 1049/2243/1313 1601/2244/1313 1599/2245/1313 1598/2246/1314
f 1239/2247/463 1600/2248/463 1599/2249/463 1601/2250/463
f 1048/2251/1219 1602/2252/1220 1603/2253/1220 1604/2254/1220
f 1027/2255/1221 1605/2256/1221 1603/2257/1221 1602/2258/1222
f 1243/2259/463 1604/2260/463 1603/2261/463 1605/2262/463
f 1026/2263/1315 1606/2264/1315 1607/2265/1315 1608/2266/1315
f 1057/2267/1316 1609/2268/1316 1607/2269/1316 1606/2270/1316
f 1150/2271/463 1608/2272/463 1607/2273/463 1609/2274/463
f 1056/2275/1317 1610/2276/1318 1611/2277/1318 1612/2278/1318
f 1065/2279/1319 1613/2280/1319 1611/2281/1319 1610/2282/1320
f 1151/2283/463 1612/2284/463 1611/2285/463 1613/2286/463
f 1064/2287/1321 1614/2288/1322 1615/2289/1322 1616/2290/1322
f 1073/2291/1323 1617/2292/1323 1615/2293/1323 1614/2294/1324
f 1191/2295/463 1616/2296/463 1615/2293/463 1617/2292/463
f 1072/2297/1325 1618/2298/1326 1619/2299/1327 1620/2300/1328
f 1085/2301/1329 1621/2302/1330 1619/2299/1331 1618/2298/1332
f 1199/2303/463 1620/2304/463 1619/2305/463 1621/2306/463
f 1084/2307/1333 1622/2308/1334 1623/2309/1334 1624/2310/1334
f 1097/2311/1335 1625/2312/1335 1623/2313/1335 1622/2314/1336
f 1205/2315/463 1624/2310/463 1623/2309/463 1625/2316/463
f 1096/2317/1192 1626/2318/1337 1627/2319/1337 1628/2320/1337
f 1499/2321/1338 1629/2322/1338 1627/2319/1338 1626/2318/1193
f 1188/2323/463 1628/2324/463 1627/2325/463 1629/2326/463
f 1216/2327/1339 1630/2328/1340 1631/2329/1341 1632/2330/1340
f 1501/2331/1342 1633/2332/1342 1631/2333/1342 1630/2328/1343
f 1303/2334/1344 1632/2330/1345 1631/2329/1344 1633/2335/1344
f 1302/2336/463 1634/2337/463 1635/2338/463 1636/2339/463
f 1082/2340/1346 1637/2341/1347 1635/2342/1347 1634/2343/1347
f 1217/2344/1348 1636/2345/1348 1635/2342/1348 1637/2341/1349
f 1351/2346/463 1638/2347/463 1639/2348/463 1640/2349/463
f 1130/2350/1192 1641/2351/1350 1639/2352/1350 1638/2353/1350
f 1083/2354/1351 1640/2355/1351 1639/2352/1351 1641/2356/1193
f 1357/2357/463 1642/2358/463 1643/2359/463 1644/2360/463
f 1094/2361/1352 1645/2362/1353 1643/2363/1354 1642/2364/1354
f 1131/2365/1355 1644/2366/1356 1643/2367/1355 1645/2368/1357
f 1363/2369/463 1646/2370/463 1647/2371/463 1648/2372/463
f 1106/2373/1358 1649/2374/1359 1647/2375/1360 1646/2376/1361
f 1095/2377/1362 1648/2378/1363 1647/2379/1364 1649/2380/1365
f 1367/2381/463 1650/2382/463 1651/2383/463 1652/2384/463
f 1118/2385/1366 1653/2386/1367 1651/2387/1367 1650/2388/1367
f 1107/1511/1368 1652/2384/1368 1651/2383/1368 1653/2389/1369
f 1314/2390/463 1654/2391/463 1655/2392/463 1656/2393/463
f 1126/2394/1370 1657/2395/1371 1655/2396/1372 1654/2397/1373
f 1119/1523/1374 1656/2393/1374 1655/2392/1374 1657/2398/1375
f 1313/2399/463 1658/2400/463 1659/2401/463 1660/2402/463
f 1138/2403/1376 1661/2404/1377 1659/2405/1377 1658/2406/1377
f 1127/2407/1378 1660/2408/1378 1659/2409/1378 1661/2410/1379
f 1319/2411/463 1662/2412/463 1663/2413/463 1664/2414/463
f 1146/2415/1222 1665/2416/1380 1663/2417/1380 1662/2418/1380
f 1139/1543/1381 1664/2419/1381 1663/2420/1381 1665/2421/1219
f 1323/2422/463 1666/2423/463 1667/2424/463 1668/2425/463
f 1032/2426/1382 1669/2427/1383 1667/2428/1383 1666/2429/1383
f 1147/2430/1384 1668/2431/1384 1667/2432/1384 1669/2433/1385
f 1327/2434/463 1670/2435/463 1671/2436/463 1672/2437/463
f 1040/2438/1386 1673/2439/1387 1671/2440/1387 1670/2441/1387
f 1033/2442/1388 1672/2443/1388 1671/2444/1388 1673/2445/1389
f 1331/2446/463 1674/2447/463 1675/2448/463 1676/2449/463
f 1046/2450/1390 1677/2451/1391 1675/2452/1391 1674/2453/1391
f 1041/2454/1392 1676/2455/1392 1675/2456/1392 1677/2457/1393
f 1335/2458/463 1678/2459/463 1679/2460/463 1680/2461/463
f 1054/2462/1394 1681/2463/1395 1679/2464/1396 1678/2465/1396
f 1047/2466/1397 1680/2467/1398 1679/2468/1397 1681/2469/1399
f 1339/2470/463 1682/2471/463 1683/2472/463 1684/2473/463
f 1062/2474/1400 1685/2475/1401 1683/2476/1401 1682/2477/1401
f 1055/2478/1402 1684/2479/1402 1683/2480/1402 1685/2481/1403
f 1343/2482/1404 1686/2483/1405 1687/2484/1406 1688/2485/1407
f 1070/2486/1408 1689/2487/1409 1687/2488/1409 1686/2489/1409
f 1063/2490/1410 1688/2485/1411 1687/2484/1411 1689/2491/1412
f 1349/2492/463 1690/2493/463 1691/2494/463 1692/2495/463
f 1078/2496/1413 1693/2497/1414 1691/2498/1414 1690/2499/1415
f 1071/2500/1416 1692/2501/1416 1691/2498/1416 1693/2502/1417
f 1355/1817/1418 1694/2503/1419 1695/2504/1418 1696/2505/1419
f 1090/2506/1420 1697/2507/1421 1695/2504/1422 1694/2503/1421
f 1079/2508/1423 1696/2505/1423 1695/2509/1423 1697/2510/1424
f 1361/2511/463 1698/2512/463 1699/2513/463 1700/2514/463
f 1102/2515/1425 1701/2516/1426 1699/2517/1426 1698/2518/1426
f 1091/2519/1427 1700/2520/1427 1699/2517/1427 1701/2521/1428
f 1365/2522/463 1702/2523/463 1703/2524/463 1704/2525/463
f 1114/2526/1429 1705/2527/1430 1703/2528/1430 1702/2529/1430
f 1103/2530/1431 1704/2531/1431 1703/2532/1431 1705/2533/1432
f 1259/2534/463 1706/2535/463 1707/2536/463 1708/2537/463
f 1122/2538/1433 1709/2539/1434 1707/2540/1434 1706/2541/1434
f 1115/2542/1435 1708/2543/1435 1707/2544/1435 1709/2539/1436
f 1258/2545/463 1710/2546/463 1711/2547/463 1712/2548/463
f 1134/2549/1437 1713/2550/1438 1711/2551/1438 1710/2552/1438
f 1123/2553/1439 1712/2554/1439 1711/2555/1439 1713/2550/1440
f 1317/2556/463 1714/2557/463 1715/2558/463 1716/2559/463
f 1142/2560/1441 1717/2561/1442 1715/2558/1442 1714/2557/1442
f 1135/2562/1443 1716/2563/1443 1715/2564/1443 1717/2561/1444
f 1321/2565/463 1718/2566/463 1719/2567/463 1720/2568/463
f 994/2569/1445 1721/2570/1446 1719/2571/1446 1718/2572/1446
f 1143/2573/1447 1720/2574/1447 1719/2575/1447 1721/2576/1448
f 1325/2577/463 1722/2578/463 1723/2579/463 1724/2580/463
f 1036/2581/1267 1725/2582/1449 1723/2583/1449 1722/2584/1449
f 995/2585/1450 1724/2586/1450 1723/2587/1450 1725/2588/1260
f 1329/2589/463 1726/2590/463 1727/2591/463 1728/2592/463
f 1050/2593/1193 1729/2594/1451 1727/2595/1451 1726/2596/1451
f 1037/2597/1452 1728/2598/1452 1727/2599/1452 1729/2600/1192
f 1333/2601/463 1730/2602/463 1731/2603/463 1732/2604/463
f 1028/2605/1453 1733/2606/1454 1731/2607/1454 1730/2608/1454
f 1051/2609/1455 1732/2610/1455 1731/2611/1455 1733/2612/1456
f 1337/2613/463 1734/2614/463 1735/2615/463 1736/2616/463
f 1058/1462/1457 1737/2617/1458 1735/2618/1459 1734/2619/1460
f 1029/2620/1461 1736/2621/1461 1735/2622/1461 1737/2623/1461
f 1341/2624/463 1738/2625/463 1739/2626/463 1740/2627/463
f 1066/2628/1462 1741/2629/1463 1739/2630/1463 1738/2631/1463
f 1059/2632/1464 1740/2633/1464 1739/2634/1464 1741/2635/1465
f 1347/2636/463 1742/2637/463 1743/2638/463 1744/2639/463
f 1074/1478/1466 1745/2640/1467 1743/2638/1468 1742/2637/1469
f 1067/2641/1470 1744/2642/1471 1743/2643/1472 1745/2644/1473
f 1353/2645/463 1746/2646/463 1747/2647/463 1748/2648/463
f 1086/2649/1474 1749/2650/1475 1747/2651/1476 1746/2652/1476
f 1075/2653/1477 1748/2654/1478 1747/2651/1477 1749/2650/1479
f 1359/2655/463 1750/2656/463 1751/2657/463 1752/2658/463
f 1098/2659/1192 1753/2660/1192 1751/2661/1192 1750/2662/1192
f 1087/2663/1193 1752/2664/1193 1751/2661/1193 1753/2665/1193
f 1345/2666/1480 1754/2667/1481 1755/2668/1481 1756/2669/1481
f 1500/2670/1482 1757/2671/1483 1755/2668/1484 1754/2667/1484
f 1099/1503/1485 1756/2672/1486 1755/2673/1487 1757/2674/1488
f 1196/1604/1489 1189/1597/1489 1504/2675/1490 1508/2676/1491
f 1508/2676/1491 1504/2675/1490 1215/2677/1492 1214/2678/1492
f 1197/1605/817 1196/1604/816 1509/2679/1493 1512/2680/1494
f 1512/2680/1494 1509/2679/1493 1081/2681/1494 1080/2682/1494
f 1203/1613/824 1197/1605/823 1513/2683/1495 1516/2684/1496
f 1516/2684/1496 1513/2683/1495 1129/2685/1497 1128/2686/1497
f 1209/1619/1498 1203/1613/1498 1517/2687/1499 1520/2688/1500
f 1520/2688/1500 1517/2687/1499 1093/2689/1501 1092/2690/1501
f 1213/1625/1502 1209/1624/1502 1521/2041/1503 1524/2691/1504
f 1524/2691/1504 1521/2041/1503 1105/2040/1505 1104/2692/1505
f 1221/1633/841 1213/1625/840 1525/2051/1506 1528/2060/1507
f 1528/2060/1507 1525/2051/1506 1117/2050/1508 1116/2057/1508
f 1225/1637/845 1221/1633/844 1529/2693/1509 1532/2694/1510
f 1532/2694/1510 1529/2693/1509 1125/2695/1511 1124/2696/1511
f 1229/1643/849 1225/1637/848 1533/2074/1512 1536/2084/1513
f 1536/2084/1513 1533/2074/1512 1137/2073/1514 1136/2081/1514
f 1233/1647/853 1229/1643/852 1537/2697/1515 1540/2095/1516
f 1540/2095/1516 1537/2697/1515 1145/2698/1517 1144/2092/1517
f 1237/1651/859 1233/1647/858 1541/2699/1518 1544/2700/1519
f 1544/2700/1519 1541/2699/1518 1031/2701/1520 1030/2702/1520
f 1241/1655/1521 1237/1651/1521 1545/2108/1521 1548/2703/1521
f 1548/2703/1522 1545/2108/1522 1039/2107/1522 1038/2704/1522
f 1245/1659/1523 1241/1655/1523 1549/2119/1523 1552/2127/1523
f 1552/2127/1524 1549/2119/1524 1045/2118/1524 1044/2124/1524
f 1184/1592/1525 1245/1661/1525 1553/2705/1525 1556/2706/1525
f 1556/2706/1526 1553/2705/1526 1053/2128/1526 1052/2707/1526
f 1185/1593/1527 1184/1592/1527 1557/2708/1527 1560/2709/1527
f 1560/2709/1528 1557/2708/1528 1061/2710/1528 1060/2711/1528
f 1193/1601/814 1185/1593/813 1561/2712/1529 1564/2153/1530
f 1564/2153/1530 1561/2712/1529 1069/2144/1531 1068/2150/1531
f 1201/1611/821 1193/1601/820 1565/2157/1532 1568/2165/1533
f 1568/2165/1533 1565/2157/1532 1077/2713/1534 1076/2714/1534
f 1207/1617/829 1201/1611/829 1569/2162/1535 1572/2173/1536
f 1572/2173/1536 1569/2162/1535 1089/2161/1537 1088/2715/1537
f 1211/1621/836 1207/1617/835 1573/2175/1538 1576/2183/1539
f 1576/2183/1539 1573/2175/1538 1101/2716/1540 1100/2717/1540
f 1219/1631/1541 1211/1621/1541 1577/2185/1541 1580/2718/1541
f 1580/2718/1542 1577/2185/1542 1113/2719/1542 1112/2720/1542
f 1223/1635/1543 1219/1631/1543 1581/2721/1543 1584/2203/1543
f 1584/2203/1544 1581/2721/1544 1121/2722/1544 1120/2723/1544
f 1227/1641/1545 1223/1640/1545 1585/2200/1545 1588/2209/1545
f 1588/2209/1546 1585/2200/1546 1133/2199/1546 1132/2206/1546
f 1231/1645/1547 1227/1641/1547 1589/2724/1547 1592/2725/1547
f 1592/2725/1548 1589/2724/1548 1141/2726/1548 1140/2727/1548
f 1235/1649/856 1231/1645/855 1593/2220/1549 1596/2728/1550
f 1596/2728/1550 1593/2220/1549 993/2219/1551 992/2729/1551
f 1239/1653/862 1235/1649/861 1597/2232/1552 1600/2730/1553
f 1600/2730/1553 1597/2232/1552 1035/2231/1554 1034/2731/1554
f 1243/1657/866 1239/1653/865 1601/2244/1555 1604/2254/1556
f 1604/2254/1556 1601/2244/1555 1049/2243/1557 1048/2251/1557
f 1150/1554/870 1243/1657/869 1605/2732/1558 1608/2733/1559
f 1608/2733/1559 1605/2732/1558 1027/2734/1560 1026/2735/1560
f 1151/1555/772 1150/1554/771 1609/2268/1561 1612/2278/1562
f 1612/2278/1562 1609/2268/1561 1057/2267/1563 1056/2275/1563
f 1191/1599/1564 1151/1555/1564 1613/2736/1565 1616/2290/1566
f 1616/2290/1566 1613/2736/1565 1065/2737/1567 1064/2287/1567
f 1199/1609/1568 1191/1608/1568 1617/2738/1569 1620/2739/1570
f 1620/2739/1570 1617/2738/1569 1073/2740/1571 1072/2741/1571
f 1205/1615/827 1199/1609/826 1621/2742/1572 1624/2743/1573
f 1624/2743/1573 1621/2742/1572 1085/2744/1574 1084/2745/1574
f 1188/1596/833 1205/1615/832 1625/2746/1575 1628/2747/1576
f 1628/2747/1576 1625/2746/1575 1097/2748/1577 1096/2749/1577
f 1189/1597/810 1188/1596/809 1629/2750/1578 1502/2751/1578
f 1502/2751/1578 1629/2750/1578 1499/2752/1579 1498/2753/1579
f 1217/2754/1580 1216/2755/1580 1632/2756/1581 1636/2757/1582
f 1636/2757/1582 1632/2756/1581 1303/1724/904 1302/1723/904
f 1083/2758/1583 1082/2759/1583 1634/2760/1584 1640/2761/1585
f 1640/2761/1585 1634/2760/1584 1302/1723/961 1351/1811/960
f 1131/2762/1586 1130/2763/1586 1638/2764/1587 1644/2765/1588
f 1644/2765/1588 1638/2764/1587 1351/1811/968 1357/1819/967
f 1095/2766/1589 1094/2361/1589 1642/2364/1590 1648/2767/1591
f 1648/2767/1591 1642/2364/1590 1357/1826/975 1363/1825/974
f 1107/2768/1592 1106/2373/1592 1646/2376/1593 1652/2769/1594
f 1652/2769/1594 1646/2376/1593 1363/1825/982 1367/1831/981
f 1119/2770/1595 1118/2385/1595 1650/2388/1596 1656/2771/1597
f 1656/2771/1597 1650/2388/1596 1367/1831/987 1314/1768/986
f 1127/2407/1598 1126/2394/1598 1654/2397/1599 1660/2408/1600
f 1660/2408/1600 1654/2397/1599 1314/1768/914 1313/1767/913
f 1139/2772/1601 1138/2773/1602 1658/2774/1603 1664/2775/1604
f 1664/2775/1604 1658/2774/1603 1313/1767/918 1319/1773/917
f 1147/2776/1605 1146/2415/1605 1662/2418/1606 1668/2777/1607
f 1668/2777/1607 1662/2418/1606 1319/1773/925 1323/1779/924
f 1033/2442/1608 1032/2426/1608 1666/2429/1609 1672/2443/1610
f 1672/2443/1610 1666/2429/1609 1323/1779/932 1327/1783/931
f 1041/2778/1611 1040/2779/1611 1670/2780/1611 1676/2781/1611
f 1676/2781/1612 1670/2780/1612 1327/1783/939 1331/1787/938
f 1047/2782/1613 1046/2450/1613 1674/2453/1613 1680/2783/1613
f 1680/2783/1614 1674/2453/1614 1331/2784/1614 1335/2785/1614
f 1055/2478/1615 1054/2462/1615 1678/2465/1615 1684/2479/1615
f 1684/2473/1616 1678/2459/1616 1335/2458/1616 1339/2470/1616
f 1063/2786/1617 1062/2787/1617 1682/2471/1617 1688/2788/1617
f 1688/2788/1618 1682/2471/1618 1339/2470/1618 1343/2789/1618
f 1071/2790/1619 1070/2791/1619 1686/2792/1619 1692/2793/1619
f 1692/2793/1620 1686/2792/1620 1343/2794/1620 1349/2795/1620
f 1079/2796/1621 1078/2496/1621 1690/2797/1622 1696/2505/1623
f 1696/2505/1623 1690/2797/1622 1349/1809/1624 1355/1817/1624
f 1091/2798/1625 1090/2506/1625 1694/2503/1626 1700/2520/1627
f 1700/2520/1627 1694/2503/1626 1355/1817/1628 1361/1823/1628
f 1103/2799/1629 1102/2800/1629 1698/2801/1629 1704/2525/1629
f 1704/2525/1630 1698/2801/1630 1361/2802/1630 1365/2522/1630
f 1115/2803/1631 1114/2804/1631 1702/2523/1631 1708/2537/1631
f 1708/2537/1632 1702/2523/1632 1365/2522/1632 1259/2534/1632
f 1123/2553/1633 1122/2538/1633 1706/2541/1633 1712/2554/1633
f 1712/2548/1634 1706/2535/1634 1259/2534/1634 1258/2545/1634
f 1135/2562/1635 1134/2549/1635 1710/2805/1635 1716/2563/1635
f 1716/2563/1636 1710/2805/1636 1258/2806/1636 1317/2807/1636
f 1143/2573/1637 1142/2808/1637 1714/2809/1637 1720/2574/1637
f 1720/2574/1638 1714/2809/1638 1317/1776/922 1321/1775/921
f 995/2585/1639 994/2810/1639 1718/2811/1640 1724/2586/1641
f 1724/2586/1641 1718/2811/1640 1321/1775/929 1325/1781/928
f 1037/2597/1642 1036/2812/1642 1722/2813/1643 1728/2598/1644
f 1728/2598/1644 1722/2813/1643 1325/1781/935 1329/1785/934
f 1051/2814/1645 1050/2815/1645 1726/2816/1646 1732/2817/1647
f 1732/2817/1647 1726/2816/1646 1329/1785/942 1333/1789/941
f 1029/2620/1648 1028/2605/1648 1730/2608/1649 1736/2621/1650
f 1736/2621/1650 1730/2608/1649 1333/1789/947 1337/1795/946
f 1059/2632/1651 1058/2818/1651 1734/2819/1652 1740/2633/1653
f 1740/2633/1653 1734/2819/1652 1337/1795/951 1341/1801/950
f 1067/2641/1654 1066/2820/1654 1738/2821/1655 1744/2642/1656
f 1744/2642/1656 1738/2821/1655 1341/1801/957 1347/1807/956
f 1075/2822/1657 1074/2823/1657 1742/2824/1658 1748/2825/1659
f 1748/2825/1659 1742/2824/1658 1347/1814/964 1353/1813/963
f 1087/2826/1660 1086/2827/1660 1746/2828/1661 1752/2829/1662
f 1752/2829/1662 1746/2828/1661 1353/1813/971 1359/1821/970
f 1099/2830/1663 1098/2831/1663 1750/2832/1664 1756/2833/1665
f 1756/2833/1665 1750/2832/1664 1359/1821/978 1345/1805/977
f 1501/2834/1666 1500/2835/1666 1754/2836/1667 1633/2837/1668
f 1633/2837/1668 1754/2836/1667 1345/1805/954 1303/1724/954
f 1026/1430/463 1029/1433/463 1737/2617/463 1606/2838/463
f 1606/2838/463 1737/2617/463 1058/1462/463 1057/1461/463
f 1066/1470/463 1065/1469/463 1610/2839/463 1741/2840/463
f 1741/2840/463 1610/2839/463 1056/1460/463 1059/1463/463
f 1052/1456/463 1055/1459/463 1685/2841/463 1554/2136/463
f 1554/2136/463 1685/2841/463 1062/1466/463 1061/1465/463
f 1070/1474/463 1069/1473/463 1558/2141/463 1689/2842/463
f 1689/2842/463 1558/2141/463 1060/1464/463 1063/1467/463
f 1498/2000/463 1501/2003/463 1630/2843/463 1505/2844/463
f 1505/2844/463 1630/2843/463 1216/1628/463 1215/1627/463
f 1082/1486/463 1081/1485/463 1506/2011/463 1637/2845/463
f 1637/2845/463 1506/2011/463 1214/1626/463 1217/1629/463
f 1074/1478/463 1073/1477/463 1614/2846/463 1745/2640/463
f 1745/2640/463 1614/2846/463 1064/1468/463 1067/1471/463
f 1078/1482/463 1077/1481/463 1562/2156/463 1693/2847/463
f 1693/2847/463 1562/2156/463 1068/1472/463 1071/1475/463
f 1130/1534/463 1129/1533/463 1510/2848/463 1641/2849/463
f 1641/2849/463 1510/2848/463 1080/1484/463 1083/1487/463
f 1086/1490/463 1085/1489/463 1618/2850/463 1749/2851/463
f 1749/2851/463 1618/2850/463 1072/1476/463 1075/1479/463
f 1090/1494/463 1089/1493/463 1566/2158/463 1697/2852/463
f 1697/2852/463 1566/2158/463 1076/1480/463 1079/1483/463
f 1094/1498/463 1093/1497/463 1514/2032/463 1645/2853/463
f 1645/2853/463 1514/2032/463 1128/1532/463 1131/1535/463
f 1098/1502/463 1097/1501/463 1622/2854/463 1753/2855/463
f 1753/2855/463 1622/2854/463 1084/1488/463 1087/1491/463
f 1102/1506/463 1101/1505/463 1570/2172/463 1701/2856/463
f 1701/2856/463 1570/2172/463 1088/1492/463 1091/1495/463
f 1106/1510/463 1105/1509/463 1518/2037/463 1649/2857/463
f 1649/2857/463 1518/2037/463 1092/1496/463 1095/1499/463
f 1500/2002/463 1499/2001/463 1626/2858/463 1757/2674/463
f 1757/2674/463 1626/2858/463 1096/1500/463 1099/1503/463
f 1114/1518/463 1113/1517/463 1574/2859/463 1705/2860/463
f 1705/2860/463 1574/2859/463 1100/1504/463 1103/1507/463
f 1118/1522/463 1117/1521/463 1522/2861/463 1653/2389/463
f 1653/2389/463 1522/2861/463 1104/1508/463 1107/1511/463
f 1122/1526/463 1121/1525/463 1578/2192/463 1709/2862/463
f 1709/2862/463 1578/2192/463 1112/1516/463 1115/1519/463
f 1126/1530/463 1125/1529/463 1526/2863/463 1657/2398/463
f 1657/2398/463 1526/2863/463 1116/1520/463 1119/1523/463
f 1134/1538/463 1133/1537/463 1582/2864/463 1713/2865/463
f 1713/2865/463 1582/2864/463 1120/1524/463 1123/1527/463
f 1138/1542/463 1137/1541/463 1530/2866/463 1661/2867/463
f 1661/2867/463 1530/2866/463 1124/1528/463 1127/1531/463
f 1142/1546/463 1141/1545/463 1586/2212/463 1717/2868/463
f 1717/2868/463 1586/2212/463 1132/1536/463 1135/1539/463
f 1146/1550/463 1145/1549/463 1534/2087/463 1665/2421/463
f 1665/2421/463 1534/2087/463 1136/1540/463 1139/1543/463
f 994/1394/463 993/1393/463 1590/2869/463 1721/2870/463
f 1721/2870/463 1590/2869/463 1140/1544/463 1143/1547/463
f 1032/1436/463 1031/1435/463 1538/2871/463 1669/2872/463
f 1669/2872/463 1538/2871/463 1144/1548/463 1147/1551/463
f 1036/1440/463 1035/1439/463 1594/2873/463 1725/2874/463
f 1725/2874/463 1594/2873/463 992/1392/463 995/1395/463
f 1040/1444/463 1039/1443/463 1542/2104/463 1673/2875/463
f 1673/2875/463 1542/2104/463 1030/1434/463 1033/1437/463
f 1050/1454/463 1049/1453/463 1598/2876/463 1729/2877/463
f 1729/2877/463 1598/2876/463 1034/1438/463 1037/1441/463
f 1046/1450/463 1045/1449/463 1546/2115/463 1677/2878/463
f 1677/2878/463 1546/2115/463 1038/1442/463 1041/1445/463
f 1028/1432/463 1027/1431/463 1602/2879/463 1733/2880/463
f 1733/2880/463 1602/2879/463 1048/1452/463 1051/1455/463
f 1054/1458/463 1053/1457/463 1550/2881/463 1681/2882/463
f 1681/2882/463 1550/2881/463 1044/1448/463 1047/1451/463
f 1195/1603/1669 1186/1594/1669 1189/1597/1489 1196/1604/1489
f 1305/2883/1670 1304/2884/1670 1758/2885/1670 1759/2886/1670
f 1759/2886/1671 1758/2885/1671 1108/1512/1671 1369/1833/1671
f 1352/2887/1672 1305/2883/1672 1759/2886/1672 1760/2888/1672
f 1760/2888/1673 1759/2886/1673 1369/1833/1673 1265/1681/1673
f 1358/2889/1674 1352/2887/1674 1760/2888/1674 1761/2890/1674
f 1761/2890/1675 1760/2888/1675 1265/1681/1675 1264/1680/1675
f 1364/1828/1676 1358/1827/1676 1761/2891/1676 1762/2892/1676
f 1762/2892/1677 1761/2891/1677 1264/2893/1677 1310/1733/1677
f 1368/1832/1678 1364/1828/1678 1762/2892/1678 1763/2894/1678
f 1763/2894/1679 1762/2892/1679 1310/1733/1679 1255/1671/1679
f 1315/1769/1680 1368/1832/1680 1763/2894/1680 1764/2895/1680
f 1764/2895/1681 1763/2894/1681 1255/1671/1681 1254/1670/1681
f 1316/1770/1682 1315/1769/1682 1764/2895/1682 1765/2896/1682
f 1765/2896/1683 1764/2895/1683 1254/1670/1683 1262/1678/1683
f 1320/1774/920 1316/1770/919 1765/2896/1684 1766/2897/1684
f 1766/2897/1685 1765/2896/1685 1262/1678/880 1268/1685/879
f 1324/1780/927 1320/1774/926 1766/2897/1686 1767/2898/1686
f 1767/2898/1687 1766/2897/1687 1268/1685/884 1272/1689/883
f 1328/1784/1688 1324/1780/1688 1767/2898/1688 1768/2899/1688
f 1768/2899/1689 1767/2898/1689 1272/1689/1689 1276/1693/1689
f 1332/1788/1690 1328/1784/1690 1768/2899/1690 1769/2900/1690
f 1769/2900/1691 1768/2899/1691 1276/1693/1691 1280/1697/1691
f 1336/2901/1692 1332/1788/1692 1769/2900/1692 1770/2902/1692
f 1770/2902/1693 1769/2900/1693 1280/1697/1693 1284/1701/1693
f 1340/2903/1694 1336/2901/1694 1770/2902/1694 1771/2904/1694
f 1771/2904/1695 1770/2902/1695 1284/1701/1695 1288/2905/1695
f 1344/1804/1696 1340/1800/1696 1771/2906/1696 1772/2907/1696
f 1772/2908/1697 1771/2909/1697 1288/1705/1697 1292/1711/1697
f 1350/1810/1698 1344/1804/1698 1772/2907/1698 1773/2910/1698
f 1773/2911/1699 1772/2908/1699 1292/1711/1699 1296/1715/1699
f 1356/2912/1700 1350/2913/1700 1773/2911/1700 1774/2914/1700
f 1774/2914/1701 1773/2911/1701 1296/1715/1701 1300/1721/1701
f 1362/2915/1702 1356/2912/1702 1774/2914/1702 1775/2916/1702
f 1775/2916/1703 1774/2914/1703 1300/1721/1703 1308/1729/1703
f 1366/2917/1704 1362/2915/1704 1775/2916/1704 1776/2918/1704
f 1776/2918/1705 1775/2916/1705 1308/1729/1705 1251/1667/1705
f 1260/2919/1706 1366/2917/1706 1776/2918/1706 1777/2920/1706
f 1777/2920/1707 1776/2918/1707 1251/1667/1707 1250/1666/1707
f 1261/2921/1708 1260/2919/1708 1777/2920/1708 1778/2922/1708
f 1778/2922/1709 1777/2920/1709 1250/1666/1709 1247/1663/1709
f 1318/1777/1710 1261/2921/1710 1778/2922/1710 1779/2923/1710
f 1779/2923/1711 1778/2922/1711 1247/1663/1711 1246/1662/1711
f 1322/1778/1712 1318/1777/1712 1779/2923/1712 1780/2924/1712
f 1780/2924/1713 1779/2923/1713 1246/1662/1713 1270/1687/1713
f 1326/1782/1714 1322/1778/1714 1780/2924/1714 1781/2925/1714
f 1781/2925/1715 1780/2924/1715 1270/1687/1715 1274/1691/1715
f 1330/1786/937 1326/1782/936 1781/2925/1716 1782/2926/1716
f 1782/2926/1717 1781/2925/1717 1274/1691/889 1278/1695/888
f 1334/1790/944 1330/1786/943 1782/2926/1718 1783/2927/1718
f 1783/2927/1719 1782/2926/1719 1278/1695/893 1282/1699/892
f 1338/1796/1720 1334/1790/1720 1783/2927/1720 1784/2928/1720
f 1784/2928/1721 1783/2927/1721 1282/1699/1721 1286/1703/1721
f 1342/1802/1722 1338/1796/1722 1784/2928/1722 1785/2929/1722
f 1785/2929/1723 1784/2928/1723 1286/1703/1723 1290/1709/1723
f 1348/1808/1724 1342/1802/1724 1785/2929/1724 1786/2930/1724
f 1786/2930/1725 1785/2929/1725 1290/1709/1725 1294/1713/1725
f 1354/2931/1726 1348/2932/1726 1786/2933/1726 1787/2934/1726
f 1787/2934/1727 1786/2933/1727 1294/1718/1727 1298/1717/1727
f 1360/2935/1728 1354/2931/1728 1787/2934/1728 1788/2936/1728
f 1788/2936/1729 1787/2934/1729 1298/1717/1729 1306/1727/1729
f 1346/2937/1730 1360/2935/1730 1788/2936/1730 1789/2938/1730
f 1789/2938/1731 1788/2936/1731 1306/1727/1731 1109/1513/1731
f 1304/2884/1732 1346/2937/1732 1789/2938/1732 1758/2885/1732
f 1758/2885/1733 1789/2938/1733 1109/1513/1733 1108/1512/1733
f 1369/1833/1734 1108/1512/1734 1111/1515/1734 1312/1834/1734
f 803/1175/1735 802/1174/1735 1790/2939/1735 1791/2940/1735
f 1791/2940/1736 1790/2939/1736 1792/2941/1736 1793/2942/1736
f 1793/2942/1737 1792/2941/1737 1794/2943/1737 1795/2944/1737
f 1795/2944/1738 1794/2943/1738 868/1252/1738 834/1212/1738
f 892/1278/1739 803/1175/1739 1791/2940/1739 1796/2945/1739
f 1796/2945/1740 1791/2940/1740 1793/2942/1740 1797/2946/1740
f 1797/2946/1741 1793/2942/1741 1795/2944/1741 1798/2947/1741
f 1798/2947/1742 1795/2944/1742 834/1212/1742 815/1191/1742
f 893/1279/1743 892/1278/1743 1796/2945/1743 1799/2948/1743
f 1799/2948/1744 1796/2945/1744 1797/2946/1744 1800/2949/1744
f 1800/2949/1745 1797/2946/1745 1798/2947/1745 1801/2950/1745
f 1801/2950/1746 1798/2947/1746 815/1191/1746 814/1190/1746
f 899/1290/1747 893/2951/1747 1799/2952/1747 1802/2953/1747
f 1802/2953/1748 1799/2952/1748 1800/2954/1748 1803/2955/1748
f 1803/2955/1749 1800/2954/1749 1801/2956/1749 1804/2957/1749
f 1804/2957/1750 1801/2956/1750 814/1199/1750 822/1198/1750
f 903/1291/1751 899/1290/1751 1802/2953/1751 1805/2958/1751
f 1805/2958/1752 1802/2953/1752 1803/2955/1752 1806/2959/1752
f 1806/2959/1753 1803/2955/1753 1804/2957/1753 1807/2960/1753
f 1807/2960/1754 1804/2957/1754 822/1198/1754 828/1206/1754
f 907/1295/1755 903/1291/1755 1805/2958/1755 1808/2961/1755
f 1808/2961/1756 1805/2958/1756 1806/2959/1756 1809/2962/1756
f 1809/2962/1757 1806/2959/1757 1807/2960/1757 1810/2963/1757
f 1810/2963/1758 1807/2960/1758 828/1206/1758 832/1210/1758
f 911/1299/1759 907/1295/1759 1808/2961/1759 1811/2964/1759
f 1811/2964/1760 1808/2961/1760 1809/2962/1760 1812/2965/1760
f 1812/2965/1761 1809/2962/1761 1810/2963/1761 1813/2966/1761
f 1813/2966/1762 1810/2963/1762 832/1210/1762 838/1216/1762
f 915/1305/666 911/1299/665 1811/2964/1763 1814/2967/1764
f 1814/2967/1764 1811/2964/1763 1812/2965/1765 1815/2968/1766
f 1815/2968/1766 1812/2965/1765 1813/2966/1767 1816/2969/1768
f 1816/2969/1768 1813/2966/1767 838/1216/576 842/1222/575
f 919/1309/673 915/1305/672 1814/2967/1769 1817/2970/1770
f 1817/2970/1770 1814/2967/1769 1815/2968/1771 1818/2971/1772
f 1818/2971/1772 1815/2968/1771 1816/2969/1773 1819/2972/1774
f 1819/2972/1774 1816/2969/1773 842/1222/581 846/1226/580
f 923/1313/1775 919/1309/1775 1817/2970/1775 1820/2973/1775
f 1820/2973/1776 1817/2970/1776 1818/2971/1776 1821/2974/1776
f 1821/2974/1777 1818/2971/1777 1819/2972/1777 1822/2975/1777
f 1822/2975/1778 1819/2972/1778 846/1226/1778 850/1230/1778
f 927/1317/1779 923/1313/1779 1820/2973/1779 1823/2976/1779
f 1823/2976/1780 1820/2973/1780 1821/2974/1780 1824/2977/1780
f 1824/2977/1781 1821/2974/1781 1822/2975/1781 1825/2978/1781
f 1825/2978/1782 1822/2975/1782 850/1230/1782 854/1234/1782
f 860/1321/1783 927/1317/1783 1823/2976/1783 1826/2979/1783
f 1826/2979/1784 1823/2976/1784 1824/2977/1784 1827/2980/1784
f 1827/2980/1785 1824/2977/1785 1825/2978/1785 1828/2981/1785
f 1828/2981/1786 1825/2978/1786 854/1234/1786 807/1183/1786
f 861/1241/1787 860/1240/1787 1826/2982/1787 1829/2983/1787
f 1829/2983/1788 1826/2982/1788 1827/2984/1788 1830/2985/1788
f 1830/2985/1789 1827/2984/1789 1828/2986/1789 1831/2987/1789
f 1831/2988/1790 1828/2981/1790 807/1183/1790 806/1182/1790
f 879/1263/1791 861/1241/1791 1829/2983/1791 1832/2989/1791
f 1832/2989/1792 1829/2983/1792 1830/2985/1792 1833/2990/1792
f 1833/2990/1793 1830/2985/1793 1831/2987/1793 1834/2991/1793
f 1834/2991/1794 1831/2987/1794 806/2992/1794 866/2993/1794
f 883/1267/1795 879/1263/1795 1832/2989/1795 1835/2994/1795
f 1835/2994/1796 1832/2989/1796 1833/2990/1796 1836/2995/1796
f 1836/2995/1797 1833/2990/1797 1834/2991/1797 1837/2996/1797
f 1837/2996/1798 1834/2991/1798 866/2993/1798 811/1187/1798
f 889/1275/1799 883/1267/1799 1835/2994/1799 1838/2997/1799
f 1838/2997/1800 1835/2994/1800 1836/2995/1800 1839/2998/1800
f 1839/2998/1801 1836/2995/1801 1837/2996/1801 1840/2999/1801
f 1840/2999/1802 1837/2996/1802 811/1187/1802 810/1186/1802
f 897/1283/1803 889/1275/1803 1838/2997/1803 1841/3000/1803
f 1841/3000/1804 1838/2997/1804 1839/2998/1804 1842/3001/1804
f 1842/3001/1805 1839/2998/1805 1840/2999/1805 1843/3002/1805
f 1843/3002/1806 1840/2999/1806 810/1186/1806 820/1196/1806
f 901/1287/1807 897/1283/1807 1841/3000/1807 1844/3003/1807
f 1844/3003/1808 1841/3000/1808 1842/3001/1808 1845/3004/1808
f 1845/3004/1809 1842/3001/1809 1843/3002/1809 1846/3005/1809
f 1846/3006/1810 1843/3007/1810 820/1196/1810 826/1204/1810
f 905/1293/1811 901/1287/1811 1844/3003/1811 1847/3008/1811
f 1847/3008/1812 1844/3003/1812 1845/3004/1812 1848/3009/1812
f 1848/3009/1813 1845/3004/1813 1846/3005/1813 1849/3010/1813
f 1849/3011/1814 1846/3006/1814 826/1204/1814 830/1208/1814
f 909/1297/1815 905/1293/1815 1847/3008/1815 1850/3012/1815
f 1850/3012/1816 1847/3008/1816 1848/3009/1816 1851/3013/1816
f 1851/3014/1817 1848/3015/1817 1849/3016/1817 1852/3017/1817
f 1852/3017/1818 1849/3016/1818 830/3018/1818 836/1219/1818
f 913/1303/1819 909/1302/1819 1850/3019/1819 1853/3020/1819
f 1853/3020/1820 1850/3019/1820 1851/3014/1820 1854/3021/1820
f 1854/3021/1821 1851/3014/1821 1852/3017/1821 1855/3022/1821
f 1855/3022/1822 1852/3017/1822 836/1219/1822 840/1218/1822
f 917/1307/1823 913/1303/1823 1853/3020/1823 1856/3023/1823
f 1856/3023/1824 1853/3020/1824 1854/3021/1824 1857/3024/1824
f 1857/3024/1825 1854/3021/1825 1855/3022/1825 1858/3025/1825
f 1858/3025/1826 1855/3022/1826 840/1218/1826 844/1224/1826
f 921/1311/1827 917/1307/1827 1856/3023/1827 1859/3026/1827
f 1859/3026/1828 1856/3023/1828 1857/3024/1828 1860/3027/1828
f 1860/3027/1829 1857/3024/1829 1858/3025/1829 1861/3028/1829
f 1861/3028/1830 1858/3025/1830 844/1224/1830 848/1228/1830
f 925/1315/683 921/1311/682 1859/3026/1831 1862/3029/1832
f 1862/3029/1832 1859/3026/1831 1860/3027/1833 1863/3030/1834
f 1863/3030/1834 1860/3027/1833 1861/3028/1835 1864/3031/1836
f 1864/3031/1836 1861/3028/1835 848/1228/587 852/1232/586
f 929/1319/690 925/1315/689 1862/3029/1837 1865/3032/1838
f 1865/3032/1838 1862/3029/1837 1863/3030/1839 1866/3033/1840
f 1866/3033/1840 1863/3030/1839 1864/3031/1841 1867/3034/1842
f 1867/3034/1842 1864/3031/1841 852/1232/592 856/1236/591
f 876/1260/1843 929/1319/1843 1865/3032/1843 1868/3035/1843
f 1868/3035/1844 1865/3032/1844 1866/3033/1844 1869/3036/1844
f 1869/3036/1845 1866/3033/1845 1867/3034/1845 1870/3037/1845
f 1870/3037/1846 1867/3034/1846 856/1236/1846 862/1242/1846
f 877/1261/1847 876/1260/1847 1868/3035/1847 1871/3038/1847
f 1871/3038/1848 1868/3035/1848 1869/3036/1848 1872/3039/1848
f 1872/3039/1849 1869/3036/1849 1870/3037/1849 1873/3040/1849
f 1873/3040/1850 1870/3037/1850 862/1242/1850 864/1244/1850
f 881/1265/1851 877/1261/1851 1871/3038/1851 1874/3041/1851
f 1874/3041/1852 1871/3038/1852 1872/3039/1852 1875/3042/1852
f 1875/3042/1853 1872/3039/1853 1873/3040/1853 1876/3043/1853
f 1876/3043/1854 1873/3040/1854 864/1244/1854 771/1250/1854
f 887/1273/1855 881/1272/1855 1874/3044/1855 1877/3045/1855
f 1877/3045/1856 1874/3044/1856 1875/3046/1856 1878/3047/1856
f 1878/3047/1857 1875/3046/1857 1876/3048/1857 1879/3049/1857
f 1879/3050/1858 1876/3043/1858 771/1250/1858 770/3051/1858
f 895/1281/1859 887/1273/1859 1877/3045/1859 1880/3052/1859
f 1880/3052/1860 1877/3045/1860 1878/3047/1860 1881/3053/1860
f 1881/3053/1861 1878/3047/1861 1879/3049/1861 1882/3054/1861
f 1882/3054/1862 1879/3049/1862 770/1110/1862 818/1194/1862
f 885/1269/1863 895/1281/1863 1880/3052/1863 1883/3055/1863
f 1883/3055/1864 1880/3052/1864 1881/3053/1864 1884/3056/1864
f 1884/3056/1865 1881/3053/1865 1882/3054/1865 1885/3057/1865
f 1885/3057/1866 1882/3054/1866 818/1194/1866 824/1202/1866
f 802/1174/1867 885/1269/1867 1883/3055/1867 1790/2939/1867
f 1790/2939/1868 1883/3055/1868 1884/3056/1868 1792/2941/1868
f 1792/2941/1869 1884/3056/1869 1885/3057/1869 1794/2943/1869
f 1794/2943/1870 1885/3057/1870 824/1202/1870 868/1252/1870
f 834/1212/1871 868/1252/1871 869/1253/1871 835/1213/1871
f 1886/3058/463 612/3059/463 738/1074/463
f 1887/3060/463 615/951/463 805/3061/463
f 614/950/463 619/955/463 782/3062/463
f 618/954/463 623/959/463 783/3063/463
f 622/958/463 627/963/463 791/3064/463
f 626/962/463 631/967/463 797/3065/463
f 630/966/463 635/971/463 776/3066/463
f 634/970/463 639/975/463 777/3067/463
f 638/974/463 643/979/463 788/3068/463
f 642/978/463 647/983/463 794/3069/463
f 646/982/463 651/987/463 804/3070/463
f 650/986/463 655/991/463 784/3071/463
f 654/990/463 659/995/463 785/3072/463
f 658/994/463 663/999/463 792/3073/463
f 662/998/463 667/1003/463 798/3074/463
f 666/1002/463 671/1007/463 778/3075/463
f 670/1006/463 675/1011/463 779/3076/463
f 674/1010/463 679/1015/463 789/3077/463
f 678/1014/463 683/1019/463 795/3078/463
f 682/1018/463 687/1023/463 731/3079/463
f 686/1022/463 691/1027/463 732/3080/463
f 690/1026/463 695/1031/463 786/3081/463
f 694/1030/463 699/1035/463 793/3082/463
f 698/1034/463 703/1039/463 799/3083/463
f 702/1038/463 707/1043/463 780/3084/463
f 706/1042/463 711/1047/463 781/3085/463
f 710/1046/463 715/1051/463 790/3086/463
f 714/1050/463 719/1055/463 796/3087/463
f 718/1054/463 723/1059/463 774/3088/463
f 722/1058/463 727/1063/463 775/3089/463
f 726/1062/463 735/1071/463 787/3090/463
f 734/1070/463 739/1075/463 611/3091/463
f 1888/3092/463 741/1077/463 801/3093/463
f 800/3094/463 616/952/463 1889/3095/463
f 891/3096/463 620/956/463 617/953/463
f 890/3097/463 624/960/463 621/957/463
f 898/3098/463 628/964/463 625/961/463
f 902/3099/463 632/968/463 629/965/463
f 906/3100/463 636/972/463 633/969/463
f 910/3101/463 640/976/463 637/973/463
f 914/3102/463 644/980/463 641/977/463
f 918/3103/463 648/984/463 645/981/463
f 922/3104/463 652/988/463 649/985/463
f 926/3105/463 656/992/463 653/989/463
f 859/3106/463 660/996/463 657/993/463
f 858/3107/463 664/1000/463 661/997/463
f 878/3108/463 668/1004/463 665/1001/463
f 882/3109/463 672/1008/463 669/1005/463
f 888/3110/463 676/1012/463 673/1009/463
f 896/3111/463 680/1016/463 677/1013/463
f 900/3112/463 684/1020/463 681/1017/463
f 904/3113/463 688/1024/463 685/1021/463
f 908/3114/463 692/1028/463 689/1025/463
f 912/3115/463 696/1032/463 693/1029/463
f 916/3116/463 700/1036/463 697/1033/463
f 920/3117/463 704/1040/463 701/1037/463
f 924/3118/463 708/1044/463 705/1041/463
f 928/3119/463 712/1048/463 709/1045/463
f 875/3120/463 716/1052/463 713/1049/463
f 874/3121/463 720/1056/463 717/1053/463
f 880/3122/463 724/1060/463 721/1057/463
f 886/3123/463 728/1064/463 725/1061/463
f 894/3124/463 736/1072/463 729/1065/463
f 884/3125/463 740/1076/463 737/1073/463
f 805/1180/553 612/948/553 1886/3126/1872 1887/3127/1872
f 782/1131/556 805/1180/555 615/3128/1873 614/3129/1873
f 783/1132/483 782/1131/482 619/3130/1874 618/3131/1874
f 791/1152/504 783/1151/503 623/3132/1875 622/3133/1875
f 797/1164/525 791/1152/524 627/3134/1876 626/3135/1876
f 776/1119/545 797/1164/544 631/3136/1877 630/3137/1877
f 777/1120/474 776/1119/473 635/3138/1878 634/3139/1878
f 788/1144/495 777/1120/494 639/3140/1879 638/3141/1879
f 794/1158/516 788/1144/515 643/3142/1880 642/3143/1880
f 804/1176/536 794/1158/535 647/3144/1881 646/3145/1881
f 784/1135/559 804/1176/558 651/3146/1882 650/3147/1882
f 785/1136/486 784/1135/485 655/3148/1883 654/3149/1883
f 792/1167/507 785/3150/506 659/3151/1884 658/3152/1884
f 798/1168/528 792/1167/527 663/3153/1885 662/3154/1885
f 778/1123/548 798/1168/547 667/3155/1886 666/3156/1886
f 779/1124/477 778/1123/476 671/3157/1887 670/3158/1887
f 789/1146/498 779/1124/497 675/3159/1888 674/3160/1888
f 795/1160/519 789/1146/518 679/3161/1889 678/3162/1889
f 731/1067/539 795/1160/538 683/3163/1890 682/3164/1890
f 732/1068/466 731/1067/465 687/3165/1891 686/3166/1891
f 786/1140/489 732/1139/488 691/3167/1892 690/3168/1892
f 793/1156/510 786/1140/509 695/3169/1893 694/3170/1893
f 799/1170/531 793/1156/530 699/3171/1894 698/3172/1894
f 780/1127/551 799/1170/550 703/3173/1895 702/3174/1895
f 781/1128/480 780/1127/479 707/3175/1896 706/3176/1896
f 790/1148/501 781/1128/500 711/3177/1897 710/3178/1897
f 796/1162/522 790/1148/521 715/3179/1898 714/3180/1898
f 774/1178/542 796/1162/541 719/3181/1899 718/3182/1899
f 775/1116/471 774/1115/470 723/3183/1900 722/3184/1900
f 787/1142/492 775/1116/491 727/3185/1901 726/3186/1901
f 611/947/513 787/1142/512 735/3187/1902 734/3188/1902
f 612/948/462 611/947/462 739/3189/1903 738/3190/1903
f 1889/3191/1904 1888/3192/1904 801/1173/532 800/1172/532
f 617/3193/1905 616/3194/1905 800/1172/652 891/1277/651
f 621/3195/1906 620/3196/1906 891/1277/626 890/1276/625
f 625/3197/1907 624/3198/1907 890/1276/634 898/1284/633
f 629/3199/1908 628/3200/1908 898/1289/643 902/1288/642
f 633/3201/1909 632/3202/1909 902/1288/649 906/1294/648
f 637/3203/1910 636/3204/1910 906/1294/658 910/1298/657
f 641/3205/1911 640/3206/1911 910/1298/664 914/1304/663
f 645/3207/1912 644/3208/1912 914/1304/671 918/1308/670
f 649/3209/1913 648/3210/1913 918/1308/678 922/1312/677
f 653/3211/1914 652/3212/1914 922/1312/685 926/1316/684
f 657/3213/1915 656/3214/1915 926/1316/692 859/1320/691
f 661/3215/1916 660/3216/1916 859/1239/596 858/1238/595
f 665/3217/1917 664/3218/1917 858/1238/610 878/1262/609
f 669/3219/1918 668/3220/1918 878/1262/616 882/1266/615
f 673/3221/1919 672/3222/1919 882/1266/623 888/1274/623
f 677/3223/1920 676/3224/1920 888/1274/631 896/1282/631
f 681/3225/1921 680/3226/1921 896/1282/640 900/1286/639
f 685/3227/1922 684/3228/1922 900/1286/646 904/1292/645
f 689/3229/1923 688/3230/1923 904/1292/655 908/1296/654
f 693/3231/1924 692/3232/1924 908/1301/661 912/1300/660
f 697/3233/1925 696/3234/1925 912/1300/668 916/1306/667
f 701/3235/1926 700/3236/1926 916/1306/675 920/1310/674
f 705/3237/1927 704/3238/1927 920/1310/681 924/1314/680
f 709/3239/1928 708/3240/1928 924/1314/688 928/1318/687
f 713/3241/1929 712/3242/1929 928/1318/695 875/1259/694
f 717/3243/1930 716/3244/1930 875/1259/607 874/1258/606
f 721/3245/1931 720/3246/1931 874/1258/613 880/1264/612
f 725/3247/1932 724/3248/1932 880/1271/621 886/1270/620
f 729/3249/1933 728/3250/1933 886/1270/629 894/1280/628
f 737/3251/1934 736/3252/1934 894/1280/637 884/1268/636
f 741/3253/1935 740/3254/1935 884/1268/618 801/1173/618
f 678/1014/463 681/1017/463 684/1020/463 683/1019/463
f 688/1024/463 687/1023/463 682/1018/463 685/1021/463
f 714/1050/463 717/1053/463 720/1056/463 719/1055/463
f 724/1060/463 723/1059/463 718/1054/463 721/1057/463
f 626/962/463 629/965/463 632/968/463 631/967/463
f 636/972/463 635/971/463 630/966/463 633/969/463
f 662/998/463 665/1001/463 668/1004/463 667/1003/463
f 672/1008/463 671/1007/463 666/1002/463 669/1005/463
f 698/1034/463 701/1037/463 704/1040/463 703/1039/463
f 708/1044/463 707/1043/463 702/1038/463 705/1041/463
f 1887/3060/463 1889/3095/463 616/952/463 615/951/463
f 620/956/463 619/955/463 614/950/463 617/953/463
f 646/982/463 649/985/463 652/988/463 651/987/463
f 656/992/463 655/991/463 650/986/463 653/989/463
f 692/1028/463 691/1027/463 686/1022/463 689/1025/463
f 728/1064/463 727/1063/463 722/1058/463 725/1061/463
f 640/976/463 639/975/463 634/970/463 637/973/463
f 676/1012/463 675/1011/463 670/1006/463 673/1009/463
f 712/1048/463 711/1047/463 706/1042/463 709/1045/463
f 624/960/463 623/959/463 618/954/463 621/957/463
f 660/996/463 659/995/463 654/990/463 657/993/463
f 696/1032/463 695/1031/463 690/1026/463 693/1029/463
f 736/1072/463 735/1071/463 726/1062/463 729/1065/463
f 644/980/463 643/979/463 638/974/463 641/977/463
f 680/1016/463 679/1015/463 674/1010/463 677/1013/463
f 716/1052/463 715/1051/463 710/1046/463 713/1049/463
f 628/964/463 627/963/463 622/958/463 625/961/463
f 664/1000/463 663/999/463 658/994/463 661/997/463
f 700/1036/463 699/1035/463 694/1030/463 697/1033/463
f 740/1076/463 739/1075/463 734/1070/463 737/1073/463
f 648/984/463 647/983/463 642/978/463 645/981/463
f 738/1074/463 741/1077/463 1888/3092/463 1886/3058/463
f 1887/3060/463 1886/3058/463 1888/3092/463 1889/3095/463
f 1890/3255/1936 1891/3256/1936 1892/3257/1936 1893/3258/1936
f 1894/3259/1937 1895/3260/1937 1896/3261/1937 1897/3262/1937
f 1898/3263/1938 1894/3259/1938 1897/3262/1938 1899/3264/1938
f 1900/3265/1939 1898/3266/1939 1899/3267/1939 1901/3268/1939
f 1902/3269/1940 1900/3265/1940 1901/3268/1940 1903/3270/1940
f 1904/3271/1941 1902/3269/1941 1903/3270/1941 1905/3272/1941
f 1906/3273/1942 1904/3271/1942 1905/3272/1942 1907/3274/1942
f 1908/3275/1943 1906/3273/1944 1907/3274/1945 1909/3276/1946
f 1910/3277/1947 1908/3275/1948 1909/3276/1949 1911/3278/1950
f 1912/3279/1951 1910/3280/1951 1911/3281/1951 1913/3282/1951
f 1914/3283/1952 1912/3279/1952 1913/3282/1952 1915/3284/1952
f 1916/3285/1953 1914/3283/1953 1915/3284/1953 1917/3286/1953
f 1918/3287/1954 1916/3288/1954 1917/3289/1954 1919/3290/1954
f 1920/3291/1955 1918/3287/1955 1919/3290/1955 1921/3292/1955
f 1922/3293/1956 1920/3291/1956 1921/3292/1956 1923/3294/1956
f 1924/3295/1957 1922/3293/1957 1923/3294/1957 1925/3296/1957
f 1926/3297/1958 1924/3295/1958 1925/3296/1958 1927/3298/1958
f 1928/3299/1959 1926/3297/1959 1927/3298/1959 1929/3300/1959
f 1930/3301/1960 1928/3299/1960 1929/3300/1960 1931/3302/1960
f 1932/3303/1961 1930/3304/1961 1931/3305/1961 1933/3306/1961
f 1934/3307/1962 1932/3303/1962 1933/3306/1962 1935/3308/1962
f 1936/3309/1963 1934/3307/1963 1935/3308/1963 1937/3310/1963
f 1938/3311/1964 1936/3309/1964 1937/3310/1964 1939/3312/1964
f 1940/3313/1965 1938/3314/1966 1939/3315/1967 1941/3316/1968
f 1942/3317/1969 1940/3313/1970 1941/3316/1971 1943/3318/1972
f 1944/3319/1973 1942/3317/1973 1943/3318/1973 1945/3320/1973
f 1946/3321/1974 1944/3319/1974 1945/3320/1974 1947/3322/1974
f 1948/3323/1975 1946/3321/1975 1947/3322/1975 1949/3324/1975
f 1950/3325/1976 1948/3326/1976 1949/3327/1976 1951/3328/1976
f 1952/3329/1977 1950/3325/1977 1951/3328/1977 1953/3330/1977
f 1954/3331/1978 1952/3329/1978 1953/3330/1978 1955/3332/1978
f 1956/3333/1979 1954/3331/1979 1955/3332/1979 1957/3334/1979
f 1893/3335/1980 1958/3336/1980 1959/3337/1980 1960/3338/1980 1961/3339/1980 1962/3340/1980 1963/3341/1980 1964/3342/1980 1965/3343/1980 1966/3344/1980 1967/3345/1980 1968/3346/1980 1969/3347/1980 1970/3348/1980 1971/3349/1980 1972/3350/1980 1973/3351/1980 1974/3352/1980 1975/3353/1980 1976/3354/1980 1977/3355/1980 1978/3356/1980 1979/3357/1980 1980/3358/1980 1981/3359/1980 1982/3360/1980 1983/3361/1980 1984/3362/1980 1985/3363/1980 1986/3364/1980 1987/3365/1980 1890/3366/1980
f 1988/3367/1981 1989/3368/1981 1990/3369/1981 1991/3370/1981
f 1992/3371/1982 1993/3372/1982 1994/3373/1982 1995/3374/1982
f 1996/3375/1983 1997/3376/1983 1998/3377/1983 1999/3378/1983
f 2000/3379/1984 2001/3380/1984 2002/3381/1984 2003/3382/1984
f 2004/3383/1985 2005/3384/1985 2006/3385/1985 2007/3386/1985
f 2008/3387/1986 2009/3388/1986 2010/3389/1986 2011/3390/1986
f 2012/3391/1987 2013/3392/1988 2014/3393/1989 2015/3394/1990
f 2016/3395/1991 2017/3396/1991 2018/3397/1991 2019/3398/1991
f 2020/3399/1992 2021/3400/1992 2022/3401/1992 2023/3402/1992
f 2024/3403/1993 1992/3371/1993 1995/3374/1993 2025/3404/1993
f 2026/3405/1994 1996/3375/1994 1999/3378/1994 2027/3406/1994
f 2028/3407/1995 2000/3408/1995 2003/3409/1995 2029/3410/1995
f 2030/3411/1996 2004/3383/1996 2007/3386/1996 2031/3412/1996
f 2032/3413/1997 2008/3387/1997 2011/3390/1997 2033/3414/1997
f 2034/3415/1998 2012/3391/1999 2015/3394/2000 2035/3416/2001
f 2036/3417/2002 2020/3399/2002 2023/3402/2002 2037/3418/2002
f 2038/3419/2003 2024/3403/2003 2025/3404/2003 2039/3420/2003
f 2040/3421/2004 2026/3422/2004 2027/3423/2004 2041/3424/2004
f 2042/3425/2005 2028/3407/2005 2029/3410/2005 2043/3426/2005
f 2044/3427/2006 2030/3411/2007 2031/3412/2008 2045/3428/2009
f 2046/3429/2010 2032/3413/2010 2033/3414/2010 2047/3430/2010
f 2048/3431/2011 2034/3415/2011 2035/3416/2011 2049/3432/2011
f 2050/3433/2012 2036/3417/2012 2037/3418/2012 2051/3434/2012
f 2052/3435/2013 2038/3436/2013 2039/3437/2013 2053/3438/2013
f 2054/3439/2014 2040/3421/2014 2041/3424/2014 2055/3440/2014
f 2017/3396/2015 2042/3425/2015 2043/3426/2015 2018/3397/2015
f 1993/3372/2016 2044/3427/2017 2045/3428/2018 1994/3373/2019
f 1997/3376/2020 2046/3429/2020 2047/3430/2020 1998/3377/2020
f 2001/3380/2021 2048/3431/2021 2049/3432/2021 2002/3381/2021
f 2005/3384/2022 2050/3441/2022 2051/3442/2022 2006/3385/2022
f 2009/3388/2023 2052/3435/2023 2053/3438/2023 2010/3389/2023
f 2013/3392/2024 2054/3439/2024 2055/3440/2024 2014/3393/2024
f 2056/3443/2025 2057/3444/2025 2058/3445/2025 2059/3446/2025
f 2060/3447/2026 2061/3448/2027 2062/3449/2028 2063/3450/2029
f 2064/3451/2030 1988/3367/2030 1991/3370/2030 2065/3452/2030
f 2066/3453/2031 2060/3447/2031 2063/3450/2031 2067/3454/2031
f 2068/3455/2032 2064/3456/2032 2065/3457/2032 2069/3458/2032
f 2070/3459/2033 2066/3453/2033 2067/3454/2033 2071/3460/2033
f 2072/3461/2034 2068/3455/2034 2069/3458/2034 2073/3462/2034
f 2074/3463/2035 2070/3459/2035 2071/3460/2035 2075/3464/2035
f 2076/3465/2036 2072/3461/2036 2073/3462/2036 2077/3466/2036
f 2078/3467/2037 2079/3468/2037 2080/3469/2037 2081/3470/2037
f 2082/3471/2038 2074/3472/2038 2075/3473/2038 2083/3474/2038
f 2084/3475/2039 2076/3465/2039 2077/3466/2039 2085/3476/2039
f 2086/3477/2040 2087/3478/2040 2088/3479/2040 2089/3480/2040
f 2090/3481/2041 2082/3471/2041 2083/3474/2041 2091/3482/2041
f 2092/3483/2042 2084/3475/2042 2085/3476/2042 2093/3484/2042
f 2094/3485/2043 2086/3477/2043 2089/3480/2043 2095/3486/2043
f 2079/3468/2044 2090/3481/2044 2091/3482/2044 2080/3469/2044
f 2096/3487/2045 2092/3483/2045 2093/3484/2045 2097/3488/2045
f 2098/3489/2046 2094/3490/2046 2095/3491/2046 2099/3492/2046
f 2100/3493/2047 2096/3487/2047 2097/3488/2047 2101/3494/2047
f 2102/3495/2048 2098/3489/2048 2099/3492/2048 2103/3496/2048
f 2087/3478/2049 2104/3497/2049 2105/3498/2049 2088/3479/2049
f 2106/3499/2050 2100/3493/2050 2101/3494/2050 2107/3500/2050
f 2108/3501/2051 2102/3495/2051 2103/3496/2051 2109/3502/2051
f 2110/3503/2052 2106/3504/2052 2107/3505/2052 2111/3506/2052
f 2112/3507/2053 2108/3501/2054 2109/3502/2055 2113/3508/2056
f 2114/3509/2057 2110/3503/2057 2111/3506/2057 2115/3510/2057
f 2116/3511/2058 2112/3507/2059 2113/3508/2060 2117/3512/2061
f 2118/3513/2062 2114/3509/2062 2115/3510/2062 2119/3514/2062
f 1989/3368/2063 2116/3511/2063 2117/3512/2063 1990/3369/2063
f 2061/3448/2064 2118/3513/2065 2119/3514/2066 2062/3449/2067
f 2120/3515/2068 2121/3516/2068 2122/3517/2068 2123/3518/2068
f 2124/3519/2069 2125/3520/2069 2126/3521/2069 2127/3522/2069
f 2128/3523/2070 2056/3443/2070 2059/3446/2070 2129/3524/2070
f 2130/3525/2071 2131/3526/2071 2132/3527/2071 2133/3528/2071
f 2134/3529/2072 2124/3530/2072 2127/3531/2072 2135/3532/2072
f 2136/3533/2073 2128/3523/2073 2129/3524/2073 2137/3534/2073
f 2138/3535/2074 2139/3536/2074 2140/3537/2074 2141/3538/2074
f 2142/3539/2075 2134/3529/2075 2135/3532/2075 2143/3540/2075
f 2144/3541/2076 2136/3533/2076 2137/3534/2076 2145/3542/2076
f 2146/3543/2077 2138/3544/2077 2141/3545/2077 2147/3546/2077
f 2131/3526/2078 2142/3539/2078 2143/3540/2078 2132/3527/2078
f 2148/3547/2079 2144/3541/2079 2145/3542/2079 2149/3548/2079
f 2150/3549/2080 2146/3543/2080 2147/3546/2080 2151/3550/2080
f 2152/3551/2081 2148/3547/2081 2149/3548/2081 2153/3552/2081
f 2154/3553/2082 2150/3549/2082 2151/3550/2082 2155/3554/2082
f 2139/3536/2083 2156/3555/2083 2157/3556/2083 2140/3537/2083
f 2158/3557/2084 2152/3551/2084 2153/3552/2084 2159/3558/2084
f 2160/3559/2085 2154/3553/2085 2155/3554/2085 2161/3560/2085
f 2162/3561/2086 2158/3562/2086 2159/3563/2086 2163/3564/2086
f 2164/3565/2087 2160/3559/2088 2161/3560/2089 2165/3566/2090
f 2166/3567/2091 2162/3561/2091 2163/3564/2091 2167/3568/2091
f 2168/3569/2092 2164/3565/2093 2165/3566/2094 2169/3570/2095
f 2170/3571/2096 2166/3567/2096 2167/3568/2096 2171/3572/2096
f 2172/3573/2097 2168/3569/2097 2169/3570/2097 2173/3574/2097
f 2174/3575/2098 2170/3571/2099 2171/3572/2100 2175/3576/2101
f 2176/3577/2102 2172/3573/2102 2173/3574/2102 2177/3578/2102
f 2178/3579/2103 2174/3575/2104 2175/3576/2105 2179/3580/2106
f 2180/3581/2107 2176/3577/2107 2177/3578/2107 2181/3582/2107
f 2182/3583/2108 2178/3579/2108 2179/3580/2108 2183/3584/2108
f 2057/3585/2109 2180/3581/2109 2181/3582/2109 2058/3586/2109
f 2125/3520/2110 2182/3583/2110 2183/3584/2110 2126/3521/2110
f 2184/3587/2111 2185/3588/2111 2186/3589/2111 2187/3590/2111
f 2188/3591/2112 2189/3592/2112 2190/3593/2112 2191/3594/2112
f 2192/3595/2113 2193/3596/2113 2194/3597/2113 2195/3598/2113
f 2196/3599/2114 2120/3515/2114 2123/3518/2114 2197/3600/2114
f 2198/3601/2115 2188/3602/2115 2191/3603/2115 2199/3604/2115
f 2200/3605/2116 2196/3599/2116 2197/3600/2116 2201/3606/2116
f 2202/3607/2117 2198/3601/2117 2199/3604/2117 2203/3608/2117
f 2204/3609/2118 2205/3610/2118 2206/3611/2118 2207/3612/2118
f 2208/3613/2119 2200/3605/2119 2201/3606/2119 2209/3614/2119
f 2210/3615/2120 2202/3607/2120 2203/3608/2120 2211/3616/2120
f 2212/3617/2121 2208/3618/2121 2209/3619/2121 2213/3620/2121
f 2214/3621/2122 2210/3615/2123 2211/3616/2124 2215/3622/2125
f 2216/3623/2126 2212/3617/2126 2213/3620/2126 2217/3624/2126
f 2218/3625/2127 2214/3621/2128 2215/3622/2129 2219/3626/2130
f 2220/3627/2131 2216/3623/2131 2217/3624/2131 2221/3628/2131
f 2222/3629/2132 2218/3625/2132 2219/3626/2132 2223/3630/2132
f 2224/3631/2133 2220/3627/2134 2221/3628/2135 2225/3632/2136
f 2226/3633/2137 2222/3629/2137 2223/3630/2137 2227/3634/2137
f 2228/3635/2138 2224/3631/2139 2225/3632/2140 2229/3636/2141
f 2230/3637/2142 2226/3633/2142 2227/3634/2142 2231/3638/2142
f 2232/3639/2143 2228/3635/2143 2229/3636/2143 2233/3640/2143
f 2234/3641/2144 2230/3642/2144 2231/3643/2144 2235/3644/2144
f 2236/3645/2145 2232/3639/2145 2233/3640/2145 2237/3646/2145
f 2238/3647/2146 2234/3641/2146 2235/3644/2146 2239/3648/2146
f 2240/3649/2147 2236/3645/2147 2237/3646/2147 2241/3650/2147
f 2242/3651/2148 2238/3647/2148 2239/3648/2148 2243/3652/2148
f 2244/3653/2149 2192/3595/2149 2195/3598/2149 2245/3654/2149
f 2246/3655/2150 2240/3656/2150 2241/3657/2150 2247/3658/2150
f 2121/3516/2151 2242/3651/2151 2243/3652/2151 2122/3517/2151
f 2189/3592/2152 2204/3609/2152 2207/3612/2152 2190/3593/2152
f 2193/3596/2153 2246/3655/2153 2247/3658/2153 2194/3597/2153
f 2248/3659/2154 2249/3660/2155 2250/3661/2156 2251/3662/2156
f 2252/3663/2157 2253/3664/2157 2254/3665/2158 2255/3666/2159
f 2256/3667/2160 2184/3668/2160 2187/3669/2160 2257/3670/2160
f 2258/3671/2161 2252/3663/2162 2255/3666/2163 2259/3672/2164
f 2260/3673/2165 2256/3667/2165 2257/3670/2165 2261/3674/2165
f 2262/3675/2166 2258/3671/2167 2259/3672/2168 2263/3676/2169
f 2264/3677/2170 2260/3673/2170 2261/3674/2171 2265/3678/2172
f 2266/3679/2173 2262/3675/2173 2263/3676/2174 2267/3680/2175
f 2268/3681/2176 2264/3677/2177 2265/3678/2178 2269/3682/2179
f 2270/3683/2180 2266/3679/2180 2267/3680/2180 2271/3684/2180
f 2272/3685/2181 2268/3681/2182 2269/3682/2183 2273/3686/2184
f 2274/3687/2185 2270/3683/2185 2271/3684/2185 2275/3688/2185
f 2276/3689/2186 2272/3685/2186 2273/3686/2187 2277/3690/2188
f 2278/3691/2189 2274/3692/2189 2275/3693/2189 2279/3694/2189
f 2280/3695/2190 2276/3689/2190 2277/3690/2190 2281/3696/2190
f 2282/3697/2191 2278/3691/2191 2279/3694/2191 2283/3698/2191
f 2284/3699/2192 2280/3695/2192 2281/3696/2192 2285/3700/2192
f 2286/3701/2193 2282/3697/2193 2283/3698/2193 2287/3702/2193
f 2288/3703/2194 2289/3704/2194 2290/3705/2194 2291/3706/2194
f 2292/3707/2195 2284/3708/2195 2285/3709/2195 2293/3710/2195
f 2294/3711/2196 2286/3701/2196 2287/3702/2196 2295/3712/2196
f 2296/3713/2197 2297/3714/2197 2298/3715/2197 2299/3716/2197
f 2300/3717/2198 2292/3707/2198 2293/3710/2198 2301/3718/2198
f 2302/3719/2199 2294/3711/2199 2295/3712/2199 2303/3720/2199
f 2304/3721/2200 2296/3713/2200 2299/3716/2200 2305/3722/2200
f 2289/3704/2201 2300/3717/2201 2301/3718/2201 2290/3705/2201
f 2306/3723/2202 2302/3719/2202 2303/3720/2202 2307/3724/2202
f 2308/3725/2203 2304/3726/2203 2305/3727/2203 2309/3728/2203
f 2185/3588/2204 2306/3723/2204 2307/3724/2204 2186/3589/2204
f 2253/3664/2205 2308/3725/2205 2309/3728/2205 2254/3665/2205
f 2297/3714/2206 2310/3729/2206 2311/3730/2206 2298/3715/2206
f 2312/3731/2207 2313/3732/2208 2314/3733/2209 2315/3734/2209
f 2316/3735/2210 2317/3736/2211 2318/3737/2212 2319/3738/2212
f 2320/3739/2213 2248/3659/2214 2251/3662/2215 2321/3740/2215
f 2322/3741/2216 2316/3735/2216 2319/3738/2216 2323/3742/2216
f 2324/3743/2217 2320/3739/2218 2321/3740/2219 2325/3744/2219
f 2326/3745/2220 2322/3741/2220 2323/3742/2220 2327/3746/2220
f 2328/3747/2221 2324/3743/2222 2325/3744/2223 2329/3748/2223
f 2330/3749/2224 2326/3750/2224 2327/3751/2224 2331/3752/2224
f 2332/3753/2225 2328/3747/2225 2329/3748/2225 2333/3754/2225
f 2334/3755/2226 2330/3749/2226 2331/3752/2226 2335/3756/2226
f 2336/3757/2227 2332/3753/2227 2333/3754/2227 2337/3758/2227
f 2338/3759/2228 2334/3755/2228 2335/3756/2228 2339/3760/2228
f 2340/3761/2229 2341/3762/2229 2342/3763/2229 2343/3764/2229
f 2344/3765/2230 2336/3766/2230 2337/3767/2230 2345/3768/2230
f 2346/3769/2231 2338/3759/2231 2339/3760/2231 2347/3770/2231
f 2348/3771/2232 2349/3772/2232 2350/3773/2232 2351/3774/2232
f 2352/3775/2233 2344/3765/2233 2345/3768/2233 2353/3776/2233
f 2354/3777/2234 2346/3769/2234 2347/3770/2234 2355/3778/2234
f 2356/3779/2235 2348/3771/2235 2351/3774/2235 2357/3780/2235
f 2341/3762/2236 2352/3775/2236 2353/3776/2236 2342/3763/2236
f 2358/3781/2237 2354/3777/2237 2355/3778/2237 2359/3782/2237
f 2360/3783/2238 2356/3784/2238 2357/3785/2238 2361/3786/2238
f 2362/3787/2239 2358/3781/2239 2359/3782/2239 2363/3788/2239
f 1963/3789/2240 2364/3790/2240 2365/3791/2240 1964/3792/2240
f 2349/3772/2241 2366/3793/2241 2367/3794/2241 2350/3773/2241
f 2368/3795/2242 2362/3787/2242 2363/3788/2242 2369/3796/2242
f 2313/3732/2243 2360/3783/2243 2361/3786/2243 2314/3733/2243
f 2370/3797/2244 2368/3798/2244 2369/3799/2244 2371/3800/2244
f 2372/3801/2245 2312/3731/2246 2315/3734/2247 2373/3802/2247
f 2249/3660/2248 2370/3797/2248 2371/3800/2248 2250/3661/2248
f 2317/3736/2249 2372/3801/2250 2373/3802/2251 2318/3737/2251
f 2367/3803/2252 2343/3804/2252 2342/3805/2252 2353/3806/2252 2345/3807/2252 2337/3808/2252 2333/3809/2252 2329/3810/2252 2325/3811/2252 2321/3812/2252 2251/3813/2252 2250/3814/2252 2371/3815/2252 2369/3816/2252 2363/3817/2252 2359/3818/2252 2355/3819/2252 2347/3820/2252 2339/3821/2252 2335/3822/2252 2331/3823/2252 2327/3824/2252 2323/3825/2252 2319/3826/2252 2318/3827/2252 2373/3828/2252 2315/3829/2252 2314/3830/2252 2361/3831/2252 2357/3832/2252 2351/3833/2252 2350/3834/2252
f 1977/3835/2253 2374/3836/2253 2375/3837/2253 1978/3838/2253
f 1964/3792/2254 2365/3791/2255 2376/3839/2256 1965/3840/2254
f 1978/3838/2257 2375/3837/2257 2377/3841/2257 1979/3842/2257
f 1965/3840/2258 2376/3839/2259 2378/3843/2260 1966/3844/2258
f 1979/3842/2261 2377/3841/2261 2379/3845/2261 1980/3846/2261
f 1966/3844/2262 2378/3843/2262 2380/3847/2262 1967/3848/2262
f 1980/3846/2263 2379/3845/2264 2381/3849/2265 1981/3850/2263
f 1967/3848/2266 2380/3847/2266 2382/3851/2266 1968/3852/2266
f 1981/3850/2267 2381/3849/2268 2383/3853/2269 1982/3854/2267
f 1968/3852/2270 2382/3851/2270 2384/3855/2270 1969/3856/2270
f 1982/3854/2271 2383/3853/2271 2385/3857/2271 1983/3858/2271
f 1969/3859/2272 2384/3860/2272 2386/3861/2272 1970/3862/2272
f 1983/3858/2273 2385/3857/2273 2387/3863/2273 1984/3864/2273
f 1970/3862/2274 2386/3861/2274 2388/3865/2274 1971/3866/2274
f 1984/3864/2275 2387/3863/2275 2389/3867/2275 1985/3868/2275
f 1971/3866/2276 2388/3865/2276 2390/3869/2276 1972/3870/2276
f 1893/3258/2277 1892/3257/2277 2391/3871/2277 1958/3872/2277
f 1985/3873/2278 2389/3874/2278 2392/3875/2278 1986/3876/2278
f 1972/3870/2279 2390/3869/2279 2393/3877/2279 1973/3878/2279
f 1959/3879/2280 2394/3880/2280 2395/3881/2280 1960/3882/2280
f 1986/3876/2281 2392/3875/2281 2396/3883/2281 1987/3884/2281
f 1973/3878/2282 2393/3877/2282 2397/3885/2282 1974/3886/2282
f 1960/3882/2283 2395/3881/2283 2398/3887/2283 1961/3888/2283
f 1987/3884/2284 2396/3883/2284 1891/3256/2284 1890/3255/2284
f 1974/3886/2285 2397/3885/2285 2399/3889/2285 1975/3890/2285
f 1961/3891/2286 2398/3892/2286 2400/3893/2286 1962/3894/2286
f 1975/3890/2287 2399/3889/2287 2401/3895/2287 1976/3896/2287
f 1962/3894/2288 2400/3893/2288 2364/3790/2288 1963/3789/2288
f 1958/3872/2289 2391/3871/2289 2394/3880/2289 1959/3879/2289
f 1976/3896/2290 2401/3895/2290 2374/3897/2290 1977/3898/2290
f 2311/3730/2291 2291/3706/2291 2402/3899/2291 2403/3900/2291
f 2403/3900/2292 2402/3899/2292 2404/3901/2292 2405/3902/2292
f 2405/3902/2293 2404/3901/2293 2406/3903/2293 2407/3904/2293
f 2407/3904/2294 2406/3903/2294 2340/3761/2294 2366/3793/2294
f 2298/3715/2295 2311/3730/2295 2403/3900/2295 2408/3905/2295
f 2408/3905/2296 2403/3900/2296 2405/3902/2296 2409/3906/2296
f 2409/3906/2297 2405/3902/2297 2407/3904/2297 2410/3907/2297
f 2410/3907/2298 2407/3904/2298 2366/3793/2298 2349/3772/2298
f 2299/3716/2299 2298/3715/2299 2408/3905/2299 2411/3908/2299
f 2411/3908/2300 2408/3905/2300 2409/3906/2300 2412/3909/2300
f 2412/3909/2301 2409/3906/2301 2410/3907/2301 2413/3910/2301
f 2413/3910/2302 2410/3907/2302 2349/3772/2302 2348/3771/2302
f 2305/3722/2303 2299/3716/2303 2411/3908/2303 2414/3911/2303
f 2414/3911/2304 2411/3908/2304 2412/3909/2304 2415/3912/2304
f 2415/3912/2305 2412/3909/2305 2413/3910/2305 2416/3913/2305
f 2416/3913/2306 2413/3910/2306 2348/3771/2306 2356/3779/2306
f 2309/3728/2307 2305/3727/2307 2414/3914/2307 2417/3915/2307
f 2417/3915/2308 2414/3914/2308 2415/3916/2308 2418/3917/2308
f 2418/3917/2309 2415/3916/2309 2416/3918/2309 2419/3919/2309
f 2419/3919/2310 2416/3918/2310 2356/3784/2310 2360/3783/2310
f 2254/3665/2311 2309/3728/2311 2417/3915/2311 2420/3920/2311
f 2420/3920/2312 2417/3915/2312 2418/3917/2312 2421/3921/2312
f 2421/3921/2313 2418/3917/2313 2419/3919/2313 2422/3922/2313
f 2422/3922/2314 2419/3919/2314 2360/3783/2314 2313/3732/2314
f 2255/3666/2159 2254/3665/2158 2420/3920/2315 2423/3923/2316
f 2423/3923/2316 2420/3920/2315 2421/3921/2317 2424/3924/2318
f 2424/3924/2318 2421/3921/2317 2422/3922/2319 2425/3925/2320
f 2425/3925/2320 2422/3922/2319 2313/3732/2208 2312/3731/2207
f 2259/3672/2164 2255/3666/2163 2423/3923/2321 2426/3926/2322
f 2426/3926/2322 2423/3923/2321 2424/3924/2323 2427/3927/2324
f 2427/3927/2324 2424/3924/2323 2425/3925/2325 2428/3928/2326
f 2428/3928/2326 2425/3925/2325 2312/3731/2246 2372/3801/2245
f 2263/3676/2169 2259/3672/2168 2426/3926/2327 2429/3929/2328
f 2429/3929/2328 2426/3926/2327 2427/3927/2329 2430/3930/2330
f 2430/3930/2330 2427/3927/2329 2428/3928/2331 2431/3931/2332
f 2431/3931/2332 2428/3928/2331 2372/3801/2250 2317/3736/2249
f 2267/3680/2175 2263/3676/2174 2429/3929/2333 2432/3932/2334
f 2432/3932/2334 2429/3929/2333 2430/3930/2335 2433/3933/2336
f 2433/3933/2336 2430/3930/2335 2431/3931/2337 2434/3934/2338
f 2434/3934/2338 2431/3931/2337 2317/3736/2211 2316/3735/2210
f 2271/3684/2339 2267/3680/2339 2432/3932/2339 2435/3935/2339
f 2435/3935/2340 2432/3932/2340 2433/3933/2340 2436/3936/2340
f 2436/3936/2341 2433/3933/2341 2434/3934/2341 2437/3937/2341
f 2437/3937/2342 2434/3934/2342 2316/3735/2342 2322/3741/2342
f 2275/3688/2343 2271/3684/2343 2435/3935/2343 2438/3938/2343
f 2438/3938/2344 2435/3935/2344 2436/3936/2344 2439/3939/2344
f 2439/3939/2345 2436/3936/2345 2437/3937/2345 2440/3940/2345
f 2440/3940/2346 2437/3937/2346 2322/3741/2346 2326/3745/2346
f 2279/3694/2347 2275/3693/2347 2438/3941/2347 2441/3942/2347
f 2441/3942/2348 2438/3941/2348 2439/3943/2348 2442/3944/2348
f 2442/3944/2349 2439/3943/2349 2440/3945/2349 2443/3946/2349
f 2443/3946/2350 2440/3945/2350 2326/3750/2350 2330/3749/2350
f 2283/3698/2351 2279/3694/2351 2441/3942/2351 2444/3947/2351
f 2444/3947/2352 2441/3942/2352 2442/3944/2352 2445/3948/2352
f 2445/3948/2353 2442/3944/2353 2443/3946/2353 2446/3949/2353
f 2446/3949/2354 2443/3946/2354 2330/3749/2354 2334/3755/2354
f 2287/3702/2355 2283/3698/2355 2444/3947/2355 2447/3950/2355
f 2447/3950/2356 2444/3947/2356 2445/3948/2356 2448/3951/2356
f 2448/3951/2357 2445/3948/2357 2446/3949/2357 2449/3952/2357
f 2449/3952/2358 2446/3949/2358 2334/3755/2358 2338/3759/2358
f 2295/3712/2359 2287/3702/2359 2447/3950/2359 2450/3953/2359
f 2450/3953/2360 2447/3950/2360 2448/3951/2360 2451/3954/2360
f 2451/3954/2361 2448/3951/2361 2449/3952/2361 2452/3955/2361
f 2452/3955/2362 2449/3952/2362 2338/3759/2362 2346/3769/2362
f 2303/3720/2363 2295/3712/2363 2450/3953/2363 2453/3956/2363
f 2453/3956/2364 2450/3953/2364 2451/3954/2364 2454/3957/2364
f 2454/3957/2365 2451/3954/2365 2452/3955/2365 2455/3958/2365
f 2455/3958/2366 2452/3955/2366 2346/3769/2366 2354/3777/2366
f 2307/3724/2367 2303/3720/2367 2453/3956/2367 2456/3959/2367
f 2456/3959/2368 2453/3956/2368 2454/3957/2368 2457/3960/2368
f 2457/3960/2369 2454/3957/2369 2455/3958/2369 2458/3961/2369
f 2458/3961/2370 2455/3958/2370 2354/3777/2370 2358/3781/2370
f 2186/3589/2371 2307/3724/2371 2456/3959/2371 2459/3962/2371
f 2459/3962/2372 2456/3959/2372 2457/3960/2372 2460/3963/2372
f 2460/3963/2373 2457/3960/2373 2458/3961/2373 2461/3964/2373
f 2461/3964/2374 2458/3961/2374 2358/3781/2374 2362/3787/2374
f 2187/3590/2375 2186/3589/2375 2459/3962/2375 2462/3965/2375
f 2462/3965/2376 2459/3962/2376 2460/3963/2376 2463/3966/2376
f 2463/3966/2377 2460/3963/2377 2461/3964/2377 2464/3967/2377
f 2464/3967/2378 2461/3964/2378 2362/3787/2378 2368/3795/2378
f 2257/3670/2379 2187/3669/2379 2462/3968/2379 2465/3969/2379
f 2465/3969/2380 2462/3968/2380 2463/3970/2380 2466/3971/2380
f 2466/3971/2381 2463/3970/2381 2464/3972/2381 2467/3973/2381
f 2467/3973/2382 2464/3972/2382 2368/3798/2382 2370/3797/2382
f 2261/3674/2383 2257/3670/2383 2465/3969/2383 2468/3974/2383
f 2468/3974/2384 2465/3969/2384 2466/3971/2384 2469/3975/2384
f 2469/3975/2385 2466/3971/2385 2467/3973/2385 2470/3976/2385
f 2470/3976/2386 2467/3973/2386 2370/3797/2386 2249/3660/2386
f 2265/3678/2172 2261/3674/2171 2468/3974/2387 2471/3977/2388
f 2471/3977/2388 2468/3974/2387 2469/3975/2389 2472/3978/2390
f 2472/3978/2390 2469/3975/2389 2470/3976/2391 2473/3979/2392
f 2473/3979/2392 2470/3976/2391 2249/3660/2155 2248/3659/2154
f 2269/3682/2179 2265/3678/2178 2471/3977/2393 2474/3980/2394
f 2474/3980/2394 2471/3977/2393 2472/3978/2395 2475/3981/2396
f 2475/3981/2396 2472/3978/2395 2473/3979/2397 2476/3982/2398
f 2476/3982/2398 2473/3979/2397 2248/3659/2214 2320/3739/2213
f 2273/3686/2184 2269/3682/2183 2474/3980/2399 2477/3983/2400
f 2477/3983/2400 2474/3980/2399 2475/3981/2401 2478/3984/2402
f 2478/3984/2402 2475/3981/2401 2476/3982/2403 2479/3985/2404
f 2479/3985/2404 2476/3982/2403 2320/3739/2218 2324/3743/2217
f 2277/3690/2188 2273/3686/2187 2477/3983/2405 2480/3986/2406
f 2480/3986/2406 2477/3983/2405 2478/3984/2407 2481/3987/2408
f 2481/3987/2408 2478/3984/2407 2479/3985/2409 2482/3988/2410
f 2482/3988/2410 2479/3985/2409 2324/3743/2222 2328/3747/2221
f 2281/3696/2411 2277/3690/2411 2480/3986/2411 2483/3989/2411
f 2483/3989/2412 2480/3986/2412 2481/3987/2412 2484/3990/2412
f 2484/3990/2413 2481/3987/2413 2482/3988/2413 2485/3991/2413
f 2485/3991/2414 2482/3988/2414 2328/3747/2414 2332/3753/2414
f 2285/3700/2415 2281/3696/2415 2483/3989/2415 2486/3992/2415
f 2486/3992/2416 2483/3989/2416 2484/3990/2416 2487/3993/2416
f 2487/3993/2417 2484/3990/2417 2485/3991/2417 2488/3994/2417
f 2488/3994/2418 2485/3991/2418 2332/3753/2418 2336/3757/2418
f 2293/3710/2419 2285/3709/2419 2486/3995/2419 2489/3996/2419
f 2489/3996/2420 2486/3995/2420 2487/3997/2420 2490/3998/2420
f 2490/3998/2421 2487/3997/2421 2488/3999/2421 2491/4000/2421
f 2491/4000/2422 2488/3999/2422 2336/3766/2422 2344/3765/2422
f 2301/3718/2423 2293/3710/2423 2489/3996/2423 2492/4001/2423
f 2492/4001/2424 2489/3996/2424 2490/3998/2424 2493/4002/2424
f 2493/4002/2425 2490/3998/2425 2491/4000/2425 2494/4003/2425
f 2494/4003/2426 2491/4000/2426 2344/3765/2426 2352/3775/2426
f 2290/3705/2427 2301/3718/2427 2492/4001/2427 2495/4004/2427
f 2495/4004/2428 2492/4001/2428 2493/4002/2428 2496/4005/2428
f 2496/4005/2429 2493/4002/2429 2494/4003/2429 2497/4006/2429
f 2497/4006/2430 2494/4003/2430 2352/3775/2430 2341/3762/2430
f 2291/3706/2431 2290/3705/2431 2495/4004/2431 2402/3899/2431
f 2402/3899/2432 2495/4004/2432 2496/4005/2432 2404/3901/2432
f 2404/3901/2433 2496/4005/2433 2497/4006/2433 2406/3903/2433
f 2406/3903/2434 2497/4006/2434 2341/3762/2434 2340/3761/2434
f 2366/3793/2435 2340/3761/2435 2343/3764/2435 2367/3794/2435
f 2206/3611/2436 2245/3654/2436 2498/4007/2436 2499/4008/2436
f 2499/4008/2437 2498/4007/2437 2500/4009/2437 2501/4010/2437
f 2501/4010/2438 2500/4009/2438 2502/4011/2438 2503/4012/2438
f 2503/4012/2439 2502/4011/2439 2288/3703/2439 2310/3729/2439
f 2207/3612/2440 2206/3611/2440 2499/4008/2440 2504/4013/2440
f 2504/4013/2441 2499/4008/2441 2501/4010/2441 2505/4014/2441
f 2505/4014/2442 2501/4010/2442 2503/4012/2442 2506/4015/2442
f 2506/4015/2443 2503/4012/2443 2310/3729/2443 2297/3714/2443
f 2190/3593/2444 2207/3612/2444 2504/4013/2444 2507/4016/2444
f 2507/4016/2445 2504/4013/2445 2505/4014/2445 2508/4017/2445
f 2508/4017/2446 2505/4014/2446 2506/4015/2446 2509/4018/2446
f 2509/4018/2447 2506/4015/2447 2297/3714/2447 2296/3713/2447
f 2191/3594/2448 2190/3593/2448 2507/4016/2448 2510/4019/2448
f 2510/4019/2449 2507/4016/2449 2508/4017/2449 2511/4020/2449
f 2511/4020/2450 2508/4017/2450 2509/4018/2450 2512/4021/2450
f 2512/4021/2451 2509/4018/2451 2296/3713/2451 2304/3721/2451
f 2199/3604/2452 2191/3603/2452 2510/4022/2452 2513/4023/2452
f 2513/4023/2453 2510/4022/2453 2511/4024/2453 2514/4025/2453
f 2514/4025/2454 2511/4024/2454 2512/4026/2454 2515/4027/2454
f 2515/4027/2455 2512/4026/2455 2304/3726/2455 2308/3725/2455
f 2203/3608/2456 2199/3604/2456 2513/4023/2456 2516/4028/2456
f 2516/4028/2457 2513/4023/2457 2514/4025/2457 2517/4029/2457
f 2517/4029/2458 2514/4025/2458 2515/4027/2458 2518/4030/2458
f 2518/4030/2459 2515/4027/2459 2308/3725/2459 2253/3664/2459
f 2211/3616/2460 2203/3608/2460 2516/4028/2460 2519/4031/2460
f 2519/4031/2461 2516/4028/2461 2517/4029/2461 2520/4032/2461
f 2520/4032/2462 2517/4029/2462 2518/4030/2462 2521/4033/2462
f 2521/4033/2463 2518/4030/2463 2253/3664/2463 2252/3663/2463
f 2215/3622/2125 2211/3616/2124 2519/4031/2464 2522/4034/2465
f 2522/4034/2465 2519/4031/2464 2520/4032/2466 2523/4035/2467
f 2523/4035/2467 2520/4032/2466 2521/4033/2468 2524/4036/2469
f 2524/4036/2469 2521/4033/2468 2252/3663/2162 2258/3671/2161
f 2219/3626/2130 2215/3622/2129 2522/4034/2470 2525/4037/2471
f 2525/4037/2471 2522/4034/2470 2523/4035/2472 2526/4038/2473
f 2526/4038/2473 2523/4035/2472 2524/4036/2474 2527/4039/2475
f 2527/4039/2475 2524/4036/2474 2258/3671/2167 2262/3675/2166
f 2223/3630/2476 2219/3626/2476 2525/4037/2476 2528/4040/2476
f 2528/4040/2477 2525/4037/2477 2526/4038/2477 2529/4041/2477
f 2529/4041/2478 2526/4038/2478 2527/4039/2478 2530/4042/2478
f 2530/4042/2479 2527/4039/2479 2262/3675/2479 2266/3679/2479
f 2227/3634/2480 2223/3630/2480 2528/4040/2480 2531/4043/2480
f 2531/4043/2481 2528/4040/2481 2529/4041/2481 2532/4044/2481
f 2532/4044/2482 2529/4041/2482 2530/4042/2482 2533/4045/2482
f 2533/4045/2483 2530/4042/2483 2266/3679/2483 2270/3683/2483
f 2231/3638/2484 2227/3634/2484 2531/4043/2484 2534/4046/2484
f 2534/4046/2485 2531/4043/2485 2532/4044/2485 2535/4047/2485
f 2535/4047/2486 2532/4044/2486 2533/4045/2486 2536/4048/2486
f 2536/4048/2487 2533/4045/2487 2270/3683/2487 2274/3687/2487
f 2235/3644/2488 2231/3643/2488 2534/4049/2488 2537/4050/2488
f 2537/4050/2489 2534/4049/2489 2535/4051/2489 2538/4052/2489
f 2538/4052/2490 2535/4051/2490 2536/4053/2490 2539/4054/2490
f 2539/4054/2491 2536/4053/2491 2274/3692/2491 2278/3691/2491
f 2239/3648/2492 2235/3644/2492 2537/4050/2492 2540/4055/2492
f 2540/4055/2493 2537/4050/2493 2538/4052/2493 2541/4056/2493
f 2541/4056/2494 2538/4052/2494 2539/4054/2494 2542/4057/2494
f 2542/4057/2495 2539/4054/2495 2278/3691/2495 2282/3697/2495
f 2243/3652/2496 2239/3648/2496 2540/4055/2496 2543/4058/2496
f 2543/4058/2497 2540/4055/2497 2541/4056/2497 2544/4059/2497
f 2544/4059/2498 2541/4056/2498 2542/4057/2498 2545/4060/2498
f 2545/4060/2499 2542/4057/2499 2282/3697/2499 2286/3701/2499
f 2122/3517/2500 2243/3652/2500 2543/4058/2500 2546/4061/2500
f 2546/4061/2501 2543/4058/2501 2544/4059/2501 2547/4062/2501
f 2547/4062/2502 2544/4059/2502 2545/4060/2502 2548/4063/2502
f 2548/4063/2503 2545/4060/2503 2286/3701/2503 2294/3711/2503
f 2123/3518/2504 2122/3517/2504 2546/4061/2504 2549/4064/2504
f 2549/4064/2505 2546/4061/2505 2547/4062/2505 2550/4065/2505
f 2550/4065/2506 2547/4062/2506 2548/4063/2506 2551/4066/2506
f 2551/4066/2507 2548/4063/2507 2294/3711/2507 2302/3719/2507
f 2197/3600/2508 2123/3518/2508 2549/4064/2508 2552/4067/2508
f 2552/4067/2509 2549/4064/2509 2550/4065/2509 2553/4068/2509
f 2553/4068/2510 2550/4065/2510 2551/4066/2510 2554/4069/2510
f 2554/4069/2511 2551/4066/2511 2302/3719/2511 2306/3723/2511
f 2201/3606/2512 2197/3600/2512 2552/4067/2512 2555/4070/2512
f 2555/4070/2513 2552/4067/2513 2553/4068/2513 2556/4071/2513
f 2556/4071/2514 2553/4068/2514 2554/4069/2514 2557/4072/2514
f 2557/4072/2515 2554/4069/2515 2306/3723/2515 2185/3588/2515
f 2209/3614/2516 2201/3606/2516 2555/4070/2516 2558/4073/2516
f 2558/4073/2517 2555/4070/2517 2556/4071/2517 2559/4074/2517
f 2559/4074/2518 2556/4071/2518 2557/4072/2518 2560/4075/2518
f 2560/4075/2519 2557/4072/2519 2185/3588/2519 2184/3587/2519
f 2213/3620/2520 2209/3619/2520 2558/4076/2520 2561/4077/2520
f 2561/4077/2521 2558/4076/2521 2559/4078/2521 2562/4079/2521
f 2562/4079/2522 2559/4078/2522 2560/4080/2522 2563/4081/2522
f 2563/4081/2523 2560/4080/2523 2184/3668/2523 2256/3667/2523
f 2217/3624/2524 2213/3620/2524 2561/4077/2524 2564/4082/2524
f 2564/4082/2525 2561/4077/2525 2562/4079/2525 2565/4083/2525
f 2565/4083/2526 2562/4079/2526 2563/4081/2526 2566/4084/2526
f 2566/4084/2527 2563/4081/2527 2256/3667/2527 2260/3673/2527
f 2221/3628/2528 2217/3624/2528 2564/4082/2528 2567/4085/2528
f 2567/4085/2529 2564/4082/2529 2565/4083/2529 2568/4086/2529
f 2568/4086/2530 2565/4083/2530 2566/4084/2530 2569/4087/2530
f 2569/4087/2531 2566/4084/2531 2260/3673/2531 2264/3677/2531
f 2225/3632/2136 2221/3628/2135 2567/4085/2532 2570/4088/2533
f 2570/4088/2533 2567/4085/2532 2568/4086/2534 2571/4089/2535
f 2571/4089/2535 2568/4086/2534 2569/4087/2536 2572/4090/2537
f 2572/4090/2537 2569/4087/2536 2264/3677/2177 2268/3681/2176
f 2229/3636/2141 2225/3632/2140 2570/4088/2538 2573/4091/2539
f 2573/4091/2539 2570/4088/2538 2571/4089/2540 2574/4092/2541
f 2574/4092/2541 2571/4089/2540 2572/4090/2542 2575/4093/2543
f 2575/4093/2543 2572/4090/2542 2268/3681/2182 2272/3685/2181
f 2233/3640/2544 2229/3636/2544 2573/4091/2544 2576/4094/2544
f 2576/4094/2545 2573/4091/2545 2574/4092/2545 2577/4095/2545
f 2577/4095/2546 2574/4092/2546 2575/4093/2546 2578/4096/2546
f 2578/4096/2547 2575/4093/2547 2272/3685/2547 2276/3689/2547
f 2237/3646/2548 2233/3640/2548 2576/4094/2548 2579/4097/2548
f 2579/4097/2549 2576/4094/2549 2577/4095/2549 2580/4098/2549
f 2580/4098/2550 2577/4095/2550 2578/4096/2550 2581/4099/2550
f 2581/4099/2551 2578/4096/2551 2276/3689/2551 2280/3695/2551
f 2241/3650/2552 2237/3646/2552 2579/4097/2552 2582/4100/2552
f 2582/4100/2553 2579/4097/2553 2580/4098/2553 2583/4101/2553
f 2583/4101/2554 2580/4098/2554 2581/4099/2554 2584/4102/2554
f 2584/4102/2555 2581/4099/2555 2280/3695/2555 2284/3699/2555
f 2247/3658/2556 2241/3657/2556 2582/4103/2556 2585/4104/2556
f 2585/4104/2557 2582/4103/2557 2583/4105/2557 2586/4106/2557
f 2586/4106/2558 2583/4105/2558 2584/4107/2558 2587/4108/2558
f 2587/4108/2559 2584/4107/2559 2284/3708/2559 2292/3707/2559
f 2194/3597/2560 2247/3658/2560 2585/4104/2560 2588/4109/2560
f 2588/4109/2561 2585/4104/2561 2586/4106/2561 2589/4110/2561
f 2589/4110/2562 2586/4106/2562 2587/4108/2562 2590/4111/2562
f 2590/4111/2563 2587/4108/2563 2292/3707/2563 2300/3717/2563
f 2195/3598/2564 2194/3597/2564 2588/4109/2564 2591/4112/2564
f 2591/4112/2565 2588/4109/2565 2589/4110/2565 2592/4113/2565
f 2592/4113/2566 2589/4110/2566 2590/4111/2566 2593/4114/2566
f 2593/4114/2567 2590/4111/2567 2300/3717/2567 2289/3704/2567
f 2245/3654/2568 2195/3598/2568 2591/4112/2568 2498/4007/2568
f 2498/4007/2569 2591/4112/2569 2592/4113/2569 2500/4009/2569
f 2500/4009/2570 2592/4113/2570 2593/4114/2570 2502/4011/2570
f 2502/4011/2571 2593/4114/2571 2289/3704/2571 2288/3703/2571
f 2310/3729/2572 2288/3703/2572 2291/3706/2572 2311/3730/2572
f 2157/3556/2573 2133/3528/2573 2594/4115/2573 2595/4116/2573
f 2595/4116/2574 2594/4115/2574 2596/4117/2574 2597/4118/2574
f 2597/4118/2575 2596/4117/2575 2598/4119/2575 2599/4120/2575
f 2599/4120/2576 2598/4119/2576 2244/3653/2576 2205/3610/2576
f 2140/3537/2577 2157/3556/2577 2595/4116/2577 2600/4121/2577
f 2600/4121/2578 2595/4116/2578 2597/4118/2578 2601/4122/2578
f 2601/4122/2579 2597/4118/2579 2599/4120/2579 2602/4123/2579
f 2602/4123/2580 2599/4120/2580 2205/3610/2580 2204/3609/2580
f 2141/3538/2581 2140/3537/2581 2600/4121/2581 2603/4124/2581
f 2603/4124/2582 2600/4121/2582 2601/4122/2582 2604/4125/2582
f 2604/4125/2583 2601/4122/2583 2602/4123/2583 2605/4126/2583
f 2605/4126/2584 2602/4123/2584 2204/3609/2584 2189/3592/2584
f 2147/4127/2585 2141/3538/2585 2603/4124/2585 2606/4128/2585
f 2606/4128/2586 2603/4124/2586 2604/4125/2586 2607/4129/2586
f 2607/4129/2587 2604/4125/2587 2605/4126/2587 2608/4130/2587
f 2608/4130/2588 2605/4126/2588 2189/3592/2588 2188/3591/2588
f 2151/3550/2589 2147/3546/2589 2606/4131/2589 2609/4132/2589
f 2609/4132/2590 2606/4131/2590 2607/4133/2590 2610/4134/2590
f 2610/4134/2591 2607/4133/2591 2608/4135/2591 2611/4136/2591
f 2611/4136/2592 2608/4135/2592 2188/3602/2592 2198/3601/2592
f 2155/3554/2593 2151/3550/2593 2609/4132/2593 2612/4137/2593
f 2612/4137/2594 2609/4132/2594 2610/4134/2594 2613/4138/2594
f 2613/4138/2595 2610/4134/2595 2611/4136/2595 2614/4139/2595
f 2614/4139/2596 2611/4136/2596 2198/3601/2596 2202/3607/2596
f 2161/3560/2597 2155/3554/2597 2612/4137/2597 2615/4140/2597
f 2615/4140/2598 2612/4137/2598 2613/4138/2598 2616/4141/2598
f 2616/4141/2599 2613/4138/2599 2614/4139/2599 2617/4142/2599
f 2617/4142/2600 2614/4139/2600 2202/3607/2600 2210/3615/2600
f 2165/3566/2090 2161/3560/2089 2615/4140/2601 2618/4143/2602
f 2618/4143/2602 2615/4140/2601 2616/4141/2603 2619/4144/2604
f 2619/4144/2604 2616/4141/2603 2617/4142/2605 2620/4145/2606
f 2620/4145/2606 2617/4142/2605 2210/3615/2123 2214/3621/2122
f 2169/3570/2095 2165/3566/2094 2618/4143/2607 2621/4146/2608
f 2621/4146/2608 2618/4143/2607 2619/4144/2609 2622/4147/2610
f 2622/4147/2610 2619/4144/2609 2620/4145/2611 2623/4148/2612
f 2623/4148/2612 2620/4145/2611 2214/3621/2128 2218/3625/2127
f 2173/3574/2613 2169/3570/2613 2621/4146/2613 2624/4149/2613
f 2624/4149/2614 2621/4146/2614 2622/4147/2614 2625/4150/2614
f 2625/4150/2615 2622/4147/2615 2623/4148/2615 2626/4151/2615
f 2626/4151/2616 2623/4148/2616 2218/3625/2616 2222/3629/2616
f 2177/3578/2617 2173/3574/2617 2624/4149/2617 2627/4152/2617
f 2627/4152/2618 2624/4149/2618 2625/4150/2618 2628/4153/2618
f 2628/4153/2619 2625/4150/2619 2626/4151/2619 2629/4154/2619
f 2629/4154/2620 2626/4151/2620 2222/3629/2620 2226/3633/2620
f 2181/3582/2621 2177/3578/2621 2627/4152/2621 2630/4155/2621
f 2630/4155/2622 2627/4152/2622 2628/4153/2622 2631/4156/2622
f 2631/4156/2623 2628/4153/2623 2629/4154/2623 2632/4157/2623
f 2632/4157/2624 2629/4154/2624 2226/3633/2624 2230/3637/2624
f 2058/3586/2625 2181/3582/2625 2630/4155/2625 2633/4158/2625
f 2633/4159/2626 2630/4160/2626 2631/4161/2626 2634/4162/2626
f 2634/4162/2627 2631/4161/2627 2632/4163/2627 2635/4164/2627
f 2635/4164/2628 2632/4163/2628 2230/3642/2628 2234/3641/2628
f 2059/3446/2629 2058/3445/2629 2633/4159/2629 2636/4165/2629
f 2636/4165/2630 2633/4159/2630 2634/4162/2630 2637/4166/2630
f 2637/4166/2631 2634/4162/2631 2635/4164/2631 2638/4167/2631
f 2638/4167/2632 2635/4164/2632 2234/3641/2632 2238/3647/2632
f 2129/3524/2633 2059/3446/2633 2636/4165/2633 2639/4168/2633
f 2639/4168/2634 2636/4165/2634 2637/4166/2634 2640/4169/2634
f 2640/4169/2635 2637/4166/2635 2638/4167/2635 2641/4170/2635
f 2641/4170/2636 2638/4167/2636 2238/3647/2636 2242/3651/2636
f 2137/3534/2637 2129/3524/2637 2639/4168/2637 2642/4171/2637
f 2642/4171/2638 2639/4168/2638 2640/4169/2638 2643/4172/2638
f 2643/4172/2639 2640/4169/2639 2641/4170/2639 2644/4173/2639
f 2644/4173/2640 2641/4170/2640 2242/3651/2640 2121/3516/2640
f 2145/3542/2641 2137/3534/2641 2642/4171/2641 2645/4174/2641
f 2645/4174/2642 2642/4171/2642 2643/4172/2642 2646/4175/2642
f 2646/4175/2643 2643/4172/2643 2644/4173/2643 2647/4176/2643
f 2647/4176/2644 2644/4173/2644 2121/3516/2644 2120/3515/2644
f 2149/3548/2645 2145/3542/2645 2645/4174/2645 2648/4177/2645
f 2648/4177/2646 2645/4174/2646 2646/4175/2646 2649/4178/2646
f 2649/4178/2647 2646/4175/2647 2647/4176/2647 2650/4179/2647
f 2650/4179/2648 2647/4176/2648 2120/3515/2648 2196/3599/2648
f 2153/3552/2649 2149/3548/2649 2648/4177/2649 2651/4180/2649
f 2651/4180/2650 2648/4177/2650 2649/4178/2650 2652/4181/2650
f 2652/4181/2651 2649/4178/2651 2650/4179/2651 2653/4182/2651
f 2653/4182/2652 2650/4179/2652 2196/3599/2652 2200/3605/2652
f 2159/3558/2653 2153/3552/2653 2651/4180/2653 2654/4183/2653
f 2654/4183/2654 2651/4180/2654 2652/4181/2654 2655/4184/2654
f 2655/4184/2655 2652/4181/2655 2653/4182/2655 2656/4185/2655
f 2656/4185/2656 2653/4182/2656 2200/3605/2656 2208/3613/2656
f 2163/3564/2657 2159/3563/2657 2654/4186/2657 2657/4187/2657
f 2657/4187/2658 2654/4186/2658 2655/4188/2658 2658/4189/2658
f 2658/4189/2659 2655/4188/2659 2656/4190/2659 2659/4191/2659
f 2659/4191/2660 2656/4190/2660 2208/3618/2660 2212/3617/2660
f 2167/3568/2661 2163/3564/2661 2657/4187/2661 2660/4192/2661
f 2660/4192/2662 2657/4187/2662 2658/4189/2662 2661/4193/2662
f 2661/4193/2663 2658/4189/2663 2659/4191/2663 2662/4194/2663
f 2662/4194/2664 2659/4191/2664 2212/3617/2664 2216/3623/2664
f 2171/3572/2665 2167/3568/2665 2660/4192/2665 2663/4195/2665
f 2663/4195/2666 2660/4192/2666 2661/4193/2666 2664/4196/2666
f 2664/4196/2667 2661/4193/2667 2662/4194/2667 2665/4197/2667
f 2665/4197/2668 2662/4194/2668 2216/3623/2668 2220/3627/2668
f 2175/3576/2101 2171/3572/2100 2663/4195/2669 2666/4198/2670
f 2666/4198/2670 2663/4195/2669 2664/4196/2671 2667/4199/2672
f 2667/4199/2672 2664/4196/2671 2665/4197/2673 2668/4200/2674
f 2668/4200/2674 2665/4197/2673 2220/3627/2134 2224/3631/2133
f 2179/3580/2106 2175/3576/2105 2666/4198/2675 2669/4201/2676
f 2669/4201/2676 2666/4198/2675 2667/4199/2677 2670/4202/2678
f 2670/4202/2678 2667/4199/2677 2668/4200/2679 2671/4203/2680
f 2671/4203/2680 2668/4200/2679 2224/3631/2139 2228/3635/2138
f 2183/3584/2681 2179/3580/2681 2669/4201/2681 2672/4204/2681
f 2672/4204/2682 2669/4201/2682 2670/4202/2682 2673/4205/2682
f 2673/4205/2683 2670/4202/2683 2671/4203/2683 2674/4206/2683
f 2674/4206/2684 2671/4203/2684 2228/3635/2684 2232/3639/2684
f 2126/3521/2685 2183/3584/2685 2672/4204/2685 2675/4207/2685
f 2675/4207/2686 2672/4204/2686 2673/4205/2686 2676/4208/2686
f 2676/4208/2687 2673/4205/2687 2674/4206/2687 2677/4209/2687
f 2677/4209/2688 2674/4206/2688 2232/3639/2688 2236/3645/2688
f 2127/3522/2689 2126/3521/2689 2675/4207/2689 2678/4210/2689
f 2678/4210/2690 2675/4207/2690 2676/4208/2690 2679/4211/2690
f 2679/4211/2691 2676/4208/2691 2677/4209/2691 2680/4212/2691
f 2680/4212/2692 2677/4209/2692 2236/3645/2692 2240/3649/2692
f 2135/3532/2693 2127/3531/2693 2678/4213/2693 2681/4214/2693
f 2681/4214/2694 2678/4213/2694 2679/4215/2694 2682/4216/2694
f 2682/4216/2695 2679/4215/2695 2680/4217/2695 2683/4218/2695
f 2683/4218/2696 2680/4217/2696 2240/3656/2696 2246/3655/2696
f 2143/3540/2697 2135/3532/2697 2681/4214/2697 2684/4219/2697
f 2684/4219/2698 2681/4214/2698 2682/4216/2698 2685/4220/2698
f 2685/4220/2699 2682/4216/2699 2683/4218/2699 2686/4221/2699
f 2686/4221/2700 2683/4218/2700 2246/3655/2700 2193/3596/2700
f 2132/3527/2701 2143/3540/2701 2684/4219/2701 2687/4222/2701
f 2687/4222/2702 2684/4219/2702 2685/4220/2702 2688/4223/2702
f 2688/4223/2703 2685/4220/2703 2686/4221/2703 2689/4224/2703
f 2689/4224/2704 2686/4221/2704 2193/3596/2704 2192/3595/2704
f 2133/3528/2705 2132/3527/2705 2687/4222/2705 2594/4115/2705
f 2594/4115/2706 2687/4222/2706 2688/4223/2706 2596/4117/2706
f 2596/4117/2707 2688/4223/2707 2689/4224/2707 2598/4119/2707
f 2598/4119/2708 2689/4224/2708 2192/3595/2708 2244/3653/2708
f 2205/3610/2709 2244/3653/2709 2245/3654/2709 2206/3611/2709
f 2105/3498/2710 2081/3470/2710 2690/4225/2710 2691/4226/2710
f 2691/4226/2711 2690/4225/2711 2692/4227/2711 2693/4228/2711
f 2693/4228/2712 2692/4227/2712 2694/4229/2712 2695/4230/2712
f 2695/4231/2713 2694/4232/2713 2130/3525/2713 2156/3555/2713
f 2088/3479/2714 2105/3498/2714 2691/4226/2714 2696/4233/2714
f 2696/4233/2715 2691/4226/2715 2693/4228/2715 2697/4234/2715
f 2697/4234/2716 2693/4228/2716 2695/4230/2716 2698/4235/2716
f 2698/4236/2717 2695/4231/2717 2156/3555/2717 2139/3536/2717
f 2089/3480/2718 2088/3479/2718 2696/4233/2718 2699/4237/2718
f 2699/4237/2719 2696/4233/2719 2697/4234/2719 2700/4238/2719
f 2700/4238/2720 2697/4234/2720 2698/4235/2720 2701/4239/2720
f 2701/4240/2721 2698/4236/2721 2139/3536/2721 2138/3535/2721
f 2095/3486/2722 2089/3480/2722 2699/4237/2722 2702/4241/2722
f 2702/4242/2723 2699/4243/2723 2700/4244/2723 2703/4245/2723
f 2703/4245/2724 2700/4244/2724 2701/4246/2724 2704/4247/2724
f 2704/4247/2725 2701/4246/2725 2138/3544/2725 2146/3543/2725
f 2099/3492/2726 2095/3491/2726 2702/4242/2726 2705/4248/2726
f 2705/4248/2727 2702/4242/2727 2703/4245/2727 2706/4249/2727
f 2706/4249/2728 2703/4245/2728 2704/4247/2728 2707/4250/2728
f 2707/4250/2729 2704/4247/2729 2146/3543/2729 2150/3549/2729
f 2103/3496/2730 2099/3492/2730 2705/4248/2730 2708/4251/2730
f 2708/4251/2731 2705/4248/2731 2706/4249/2731 2709/4252/2731
f 2709/4252/2732 2706/4249/2732 2707/4250/2732 2710/4253/2732
f 2710/4253/2733 2707/4250/2733 2150/3549/2733 2154/3553/2733
f 2109/3502/2734 2103/3496/2734 2708/4251/2734 2711/4254/2734
f 2711/4254/2735 2708/4251/2735 2709/4252/2735 2712/4255/2735
f 2712/4255/2736 2709/4252/2736 2710/4253/2736 2713/4256/2736
f 2713/4256/2737 2710/4253/2737 2154/3553/2737 2160/3559/2737
f 2113/3508/2056 2109/3502/2055 2711/4254/2738 2714/4257/2738
f 2714/4257/2739 2711/4254/2739 2712/4255/2740 2715/4258/2741
f 2715/4258/2741 2712/4255/2740 2713/4256/2742 2716/4259/2742
f 2716/4259/2743 2713/4256/2743 2160/3559/2088 2164/3565/2087
f 2117/3512/2061 2113/3508/2060 2714/4257/2744 2717/4260/2744
f 2717/4260/2745 2714/4257/2745 2715/4258/2746 2718/4261/2747
f 2718/4261/2747 2715/4258/2746 2716/4259/2748 2719/4262/2748
f 2719/4262/2749 2716/4259/2749 2164/3565/2093 2168/3569/2092
f 1990/3369/2750 2117/3512/2750 2717/4260/2750 2720/4263/2750
f 2720/4263/2751 2717/4260/2751 2718/4261/2751 2721/4264/2751
f 2721/4264/2752 2718/4261/2752 2719/4262/2752 2722/4265/2752
f 2722/4265/2753 2719/4262/2753 2168/3569/2753 2172/3573/2753
f 1991/3370/2754 1990/3369/2754 2720/4263/2754 2723/4266/2754
f 2723/4266/2755 2720/4263/2755 2721/4264/2755 2724/4267/2755
f 2724/4267/2756 2721/4264/2756 2722/4265/2756 2725/4268/2756
f 2725/4268/2757 2722/4265/2757 2172/3573/2757 2176/3577/2757
f 2065/3452/2758 1991/3370/2758 2723/4266/2758 2726/4269/2758
f 2726/4269/2759 2723/4266/2759 2724/4267/2759 2727/4270/2759
f 2727/4270/2760 2724/4267/2760 2725/4268/2760 2728/4271/2760
f 2728/4271/2761 2725/4268/2761 2176/3577/2761 2180/3581/2761
f 2069/3458/2762 2065/3457/2762 2726/4272/2762 2729/4273/2762
f 2729/4273/2763 2726/4272/2763 2727/4274/2763 2730/4275/2763
f 2730/4275/2764 2727/4274/2764 2728/4276/2764 2731/4277/2764
f 2731/4278/2765 2728/4271/2765 2180/3581/2765 2057/3585/2765
f 2073/3462/2766 2069/3458/2766 2729/4273/2766 2732/4279/2766
f 2732/4279/2767 2729/4273/2767 2730/4275/2767 2733/4280/2767
f 2733/4280/2768 2730/4275/2768 2731/4277/2768 2734/4281/2768
f 2734/4282/2769 2731/4283/2769 2057/3444/2769 2056/3443/2769
f 2077/3466/2770 2073/3462/2770 2732/4279/2770 2735/4284/2770
f 2735/4284/2771 2732/4279/2771 2733/4280/2771 2736/4285/2771
f 2736/4285/2772 2733/4280/2772 2734/4281/2772 2737/4286/2772
f 2737/4287/2773 2734/4282/2773 2056/3443/2773 2128/3523/2773
f 2085/3476/2774 2077/3466/2774 2735/4284/2774 2738/4288/2774
f 2738/4288/2775 2735/4284/2775 2736/4285/2775 2739/4289/2775
f 2739/4289/2776 2736/4285/2776 2737/4286/2776 2740/4290/2776
f 2740/4291/2777 2737/4287/2777 2128/3523/2777 2136/3533/2777
f 2093/3484/2778 2085/3476/2778 2738/4288/2778 2741/4292/2778
f 2741/4292/2779 2738/4288/2779 2739/4289/2779 2742/4293/2779
f 2742/4293/2780 2739/4289/2780 2740/4290/2780 2743/4294/2780
f 2743/4295/2781 2740/4291/2781 2136/3533/2781 2144/3541/2781
f 2097/3488/2782 2093/3484/2782 2741/4292/2782 2744/4296/2782
f 2744/4296/2783 2741/4292/2783 2742/4293/2783 2745/4297/2783
f 2745/4297/2784 2742/4293/2784 2743/4294/2784 2746/4298/2784
f 2746/4299/2785 2743/4295/2785 2144/3541/2785 2148/3547/2785
f 2101/3494/2786 2097/3488/2786 2744/4296/2786 2747/4300/2786
f 2747/4300/2787 2744/4296/2787 2745/4297/2787 2748/4301/2787
f 2748/4301/2788 2745/4297/2788 2746/4298/2788 2749/4302/2788
f 2749/4303/2789 2746/4299/2789 2148/3547/2789 2152/3551/2789
f 2107/3500/2790 2101/3494/2790 2747/4300/2790 2750/4304/2790
f 2750/4304/2791 2747/4300/2791 2748/4301/2791 2751/4305/2791
f 2751/4305/2792 2748/4301/2792 2749/4302/2792 2752/4306/2792
f 2752/4307/2793 2749/4303/2793 2152/3551/2793 2158/3557/2793
f 2111/3506/2794 2107/3505/2794 2750/4308/2794 2753/4309/2794
f 2753/4309/2795 2750/4308/2795 2751/4310/2795 2754/4311/2795
f 2754/4311/2796 2751/4310/2796 2752/4312/2796 2755/4313/2796
f 2755/4313/2797 2752/4312/2797 2158/3562/2797 2162/3561/2797
f 2115/3510/2798 2111/3506/2798 2753/4309/2798 2756/4314/2798
f 2756/4314/2799 2753/4309/2799 2754/4311/2799 2757/4315/2799
f 2757/4315/2800 2754/4311/2800 2755/4313/2800 2758/4316/2800
f 2758/4316/2801 2755/4313/2801 2162/3561/2801 2166/3567/2801
f 2119/3514/2802 2115/3510/2802 2756/4314/2802 2759/4317/2802
f 2759/4317/2803 2756/4314/2803 2757/4315/2803 2760/4318/2803
f 2760/4318/2804 2757/4315/2804 2758/4316/2804 2761/4319/2804
f 2761/4319/2805 2758/4316/2805 2166/3567/2805 2170/3571/2805
f 2062/3449/2067 2119/3514/2066 2759/4317/2806 2762/4320/2806
f 2762/4320/2807 2759/4317/2807 2760/4318/2808 2763/4321/2809
f 2763/4321/2809 2760/4318/2808 2761/4319/2810 2764/4322/2810
f 2764/4322/2811 2761/4319/2811 2170/3571/2099 2174/3575/2098
f 2063/3450/2029 2062/3449/2028 2762/4320/2812 2765/4323/2812
f 2765/4323/2813 2762/4320/2813 2763/4321/2814 2766/4324/2815
f 2766/4324/2815 2763/4321/2814 2764/4322/2816 2767/4325/2816
f 2767/4325/2817 2764/4322/2817 2174/3575/2104 2178/3579/2103
f 2067/3454/2818 2063/3450/2818 2765/4323/2818 2768/4326/2818
f 2768/4326/2819 2765/4323/2819 2766/4324/2819 2769/4327/2819
f 2769/4327/2820 2766/4324/2820 2767/4325/2820 2770/4328/2820
f 2770/4328/2821 2767/4325/2821 2178/3579/2821 2182/3583/2821
f 2071/3460/2822 2067/3454/2822 2768/4326/2822 2771/4329/2822
f 2771/4329/2823 2768/4326/2823 2769/4327/2823 2772/4330/2823
f 2772/4330/2824 2769/4327/2824 2770/4328/2824 2773/4331/2824
f 2773/4331/2825 2770/4328/2825 2182/3583/2825 2125/3520/2825
f 2075/3464/2826 2071/3460/2826 2771/4329/2826 2774/4332/2826
f 2774/4332/2827 2771/4329/2827 2772/4330/2827 2775/4333/2827
f 2775/4333/2828 2772/4330/2828 2773/4331/2828 2776/4334/2828
f 2776/4334/2829 2773/4331/2829 2125/3520/2829 2124/3519/2829
f 2083/3474/2830 2075/3473/2830 2774/4335/2830 2777/4336/2830
f 2777/4336/2831 2774/4335/2831 2775/4337/2831 2778/4338/2831
f 2778/4338/2832 2775/4337/2832 2776/4339/2832 2779/4340/2832
f 2779/4341/2833 2776/4342/2833 2124/3530/2833 2134/3529/2833
f 2091/3482/2834 2083/3474/2834 2777/4336/2834 2780/4343/2834
f 2780/4343/2835 2777/4336/2835 2778/4338/2835 2781/4344/2835
f 2781/4344/2836 2778/4338/2836 2779/4340/2836 2782/4345/2836
f 2782/4346/2837 2779/4341/2837 2134/3529/2837 2142/3539/2837
f 2080/3469/2838 2091/3482/2838 2780/4343/2838 2783/4347/2838
f 2783/4347/2839 2780/4343/2839 2781/4344/2839 2784/4348/2839
f 2784/4348/2840 2781/4344/2840 2782/4345/2840 2785/4349/2840
f 2785/4350/2841 2782/4346/2841 2142/3539/2841 2131/3526/2841
f 2081/3470/2842 2080/3469/2842 2783/4347/2842 2690/4225/2842
f 2690/4225/2843 2783/4347/2843 2784/4348/2843 2692/4227/2843
f 2692/4227/2844 2784/4348/2844 2785/4349/2844 2694/4229/2844
f 2694/4232/2845 2785/4350/2845 2131/3526/2845 2130/3525/2845
f 2156/3555/2846 2130/3525/2846 2133/3528/2846 2157/3556/2846
f 2022/3401/2847 2019/3398/2847 2786/4351/2847 2787/4352/2847
f 2787/4352/2848 2786/4351/2848 2788/4353/2848 2789/4354/2848
f 2789/4354/2849 2788/4353/2849 2790/4355/2849 2791/4356/2849
f 2791/4356/2850 2790/4355/2850 2078/3467/2850 2104/3497/2850
f 2023/3402/2851 2022/3401/2851 2787/4352/2851 2792/4357/2851
f 2792/4357/2852 2787/4352/2852 2789/4354/2852 2793/4358/2852
f 2793/4358/2853 2789/4354/2853 2791/4356/2853 2794/4359/2853
f 2794/4359/2854 2791/4356/2854 2104/3497/2854 2087/3478/2854
f 2037/3418/2855 2023/3402/2855 2792/4357/2855 2795/4360/2855
f 2795/4360/2856 2792/4357/2856 2793/4358/2856 2796/4361/2856
f 2796/4361/2857 2793/4358/2857 2794/4359/2857 2797/4362/2857
f 2797/4362/2858 2794/4359/2858 2087/3478/2858 2086/3477/2858
f 2051/3434/2859 2037/3418/2859 2795/4360/2859 2798/4363/2859
f 2798/4363/2860 2795/4360/2860 2796/4361/2860 2799/4364/2860
f 2799/4364/2861 2796/4361/2861 2797/4362/2861 2800/4365/2861
f 2800/4365/2862 2797/4362/2862 2086/3477/2862 2094/3485/2862
f 2006/3385/2863 2051/3442/2863 2798/4366/2863 2801/4367/2863
f 2801/4367/2864 2798/4366/2864 2799/4368/2864 2802/4369/2864
f 2802/4369/2865 2799/4368/2865 2800/4370/2865 2803/4371/2865
f 2803/4371/2866 2800/4370/2866 2094/3490/2866 2098/3489/2866
f 2007/3386/2867 2006/3385/2867 2801/4367/2867 2804/4372/2867
f 2804/4372/2868 2801/4367/2868 2802/4369/2868 2805/4373/2868
f 2805/4373/2869 2802/4369/2869 2803/4371/2869 2806/4374/2869
f 2806/4374/2870 2803/4371/2870 2098/3489/2870 2102/3495/2870
f 2031/3412/2871 2007/3386/2871 2804/4372/2871 2807/4375/2871
f 2807/4375/2872 2804/4372/2872 2805/4373/2872 2808/4376/2872
f 2808/4376/2873 2805/4373/2873 2806/4374/2873 2809/4377/2873
f 2809/4377/2874 2806/4374/2874 2102/3495/2874 2108/3501/2874
f 2045/3428/2009 2031/3412/2008 2807/4375/2875 2810/4378/2876
f 2810/4378/2876 2807/4375/2875 2808/4376/2877 2811/4379/2878
f 2811/4379/2878 2808/4376/2877 2809/4377/2879 2812/4380/2879
f 2812/4380/2880 2809/4377/2880 2108/3501/2054 2112/3507/2053
f 1994/3373/2019 2045/3428/2018 2810/4378/2881 2813/4381/2882
f 2813/4381/2882 2810/4378/2881 2811/4379/2883 2814/4382/2884
f 2814/4382/2884 2811/4379/2883 2812/4380/2885 2815/4383/2885
f 2815/4383/2886 2812/4380/2886 2112/3507/2059 2116/3511/2058
f 1995/3374/2887 1994/3373/2887 2813/4381/2887 2816/4384/2887
f 2816/4384/2888 2813/4381/2888 2814/4382/2888 2817/4385/2888
f 2817/4385/2889 2814/4382/2889 2815/4383/2889 2818/4386/2889
f 2818/4386/2890 2815/4383/2890 2116/3511/2890 1989/3368/2890
f 2025/3404/2891 1995/3374/2891 2816/4384/2891 2819/4387/2891
f 2819/4387/2892 2816/4384/2892 2817/4385/2892 2820/4388/2892
f 2820/4388/2893 2817/4385/2893 2818/4386/2893 2821/4389/2893
f 2821/4389/2894 2818/4386/2894 1989/3368/2894 1988/3367/2894
f 2039/3420/2895 2025/3404/2895 2819/4387/2895 2822/4390/2895
f 2822/4390/2896 2819/4387/2896 2820/4388/2896 2823/4391/2896
f 2823/4391/2897 2820/4388/2897 2821/4389/2897 2824/4392/2897
f 2824/4392/2898 2821/4389/2898 1988/3367/2898 2064/3451/2898
f 2053/3438/2899 2039/3437/2899 2822/4393/2899 2825/4394/2899
f 2825/4394/2900 2822/4393/2900 2823/4395/2900 2826/4396/2900
f 2826/4396/2901 2823/4395/2901 2824/4397/2901 2827/4398/2901
f 2827/4398/2902 2824/4397/2902 2064/3456/2902 2068/3455/2902
f 2010/3389/2903 2053/3438/2903 2825/4394/2903 2828/4399/2903
f 2828/4399/2904 2825/4394/2904 2826/4396/2904 2829/4400/2904
f 2829/4400/2905 2826/4396/2905 2827/4398/2905 2830/4401/2905
f 2830/4401/2906 2827/4398/2906 2068/3455/2906 2072/3461/2906
f 2011/3390/2907 2010/3389/2907 2828/4399/2907 2831/4402/2907
f 2831/4402/2908 2828/4399/2908 2829/4400/2908 2832/4403/2908
f 2832/4403/2909 2829/4400/2909 2830/4401/2909 2833/4404/2909
f 2833/4404/2910 2830/4401/2910 2072/3461/2910 2076/3465/2910
f 2033/3414/2911 2011/3390/2911 2831/4402/2911 2834/4405/2911
f 2834/4405/2912 2831/4402/2912 2832/4403/2912 2835/4406/2912
f 2835/4406/2913 2832/4403/2913 2833/4404/2913 2836/4407/2913
f 2836/4407/2914 2833/4404/2914 2076/3465/2914 2084/3475/2914
f 2047/3430/2915 2033/3414/2915 2834/4405/2915 2837/4408/2915
f 2837/4408/2916 2834/4405/2916 2835/4406/2916 2838/4409/2916
f 2838/4409/2917 2835/4406/2917 2836/4407/2917 2839/4410/2917
f 2839/4410/2918 2836/4407/2918 2084/3475/2918 2092/3483/2918
f 1998/3377/2919 2047/3430/2919 2837/4408/2919 2840/4411/2919
f 2840/4411/2920 2837/4408/2920 2838/4409/2920 2841/4412/2920
f 2841/4412/2921 2838/4409/2921 2839/4410/2921 2842/4413/2921
f 2842/4413/2922 2839/4410/2922 2092/3483/2922 2096/3487/2922
f 1999/3378/2923 1998/3377/2923 2840/4411/2923 2843/4414/2923
f 2843/4414/2924 2840/4411/2924 2841/4412/2924 2844/4415/2924
f 2844/4415/2925 2841/4412/2925 2842/4413/2925 2845/4416/2925
f 2845/4416/2926 2842/4413/2926 2096/3487/2926 2100/3493/2926
f 2027/3406/2927 1999/3378/2927 2843/4414/2927 2846/4417/2927
f 2846/4417/2928 2843/4414/2928 2844/4415/2928 2847/4418/2928
f 2847/4418/2929 2844/4415/2929 2845/4416/2929 2848/4419/2929
f 2848/4419/2930 2845/4416/2930 2100/3493/2930 2106/3499/2930
f 2041/3424/2931 2027/3423/2931 2846/4420/2931 2849/4421/2931
f 2849/4421/2932 2846/4420/2932 2847/4422/2932 2850/4423/2932
f 2850/4423/2933 2847/4422/2933 2848/4424/2933 2851/4425/2933
f 2851/4425/2934 2848/4424/2934 2106/3504/2934 2110/3503/2934
f 2055/3440/2935 2041/3424/2935 2849/4421/2935 2852/4426/2935
f 2852/4426/2936 2849/4421/2936 2850/4423/2936 2853/4427/2936
f 2853/4427/2937 2850/4423/2937 2851/4425/2937 2854/4428/2937
f 2854/4428/2938 2851/4425/2938 2110/3503/2938 2114/3509/2938
f 2014/3393/2939 2055/3440/2939 2852/4426/2939 2855/4429/2939
f 2855/4429/2940 2852/4426/2940 2853/4427/2940 2856/4430/2940
f 2856/4430/2941 2853/4427/2941 2854/4428/2941 2857/4431/2941
f 2857/4431/2942 2854/4428/2942 2114/3509/2942 2118/3513/2942
f 2015/3394/1990 2014/3393/1989 2855/4429/2943 2858/4432/2944
f 2858/4432/2944 2855/4429/2943 2856/4430/2945 2859/4433/2946
f 2859/4433/2946 2856/4430/2945 2857/4431/2947 2860/4434/2947
f 2860/4434/2948 2857/4431/2948 2118/3513/2065 2061/3448/2064
f 2035/3416/2001 2015/3394/2000 2858/4432/2949 2861/4435/2950
f 2861/4435/2950 2858/4432/2949 2859/4433/2951 2862/4436/2952
f 2862/4436/2952 2859/4433/2951 2860/4434/2953 2863/4437/2953
f 2863/4437/2954 2860/4434/2954 2061/3448/2027 2060/3447/2026
f 2049/3432/2955 2035/3416/2955 2861/4435/2955 2864/4438/2955
f 2864/4438/2956 2861/4435/2956 2862/4436/2956 2865/4439/2956
f 2865/4439/2957 2862/4436/2957 2863/4437/2957 2866/4440/2957
f 2866/4440/2958 2863/4437/2958 2060/3447/2958 2066/3453/2958
f 2002/3381/2959 2049/3432/2959 2864/4438/2959 2867/4441/2959
f 2867/4441/2960 2864/4438/2960 2865/4439/2960 2868/4442/2960
f 2868/4442/2961 2865/4439/2961 2866/4440/2961 2869/4443/2961
f 2869/4443/2962 2866/4440/2962 2066/3453/2962 2070/3459/2962
f 2003/3382/2963 2002/3381/2963 2867/4441/2963 2870/4444/2963
f 2870/4444/2964 2867/4441/2964 2868/4442/2964 2871/4445/2964
f 2871/4445/2965 2868/4442/2965 2869/4443/2965 2872/4446/2965
f 2872/4446/2966 2869/4443/2966 2070/3459/2966 2074/3463/2966
f 2029/3410/2967 2003/3409/2967 2870/4447/2967 2873/4448/2967
f 2873/4448/2968 2870/4447/2968 2871/4449/2968 2874/4450/2968
f 2874/4450/2969 2871/4449/2969 2872/4451/2969 2875/4452/2969
f 2875/4452/2970 2872/4451/2970 2074/3472/2970 2082/3471/2970
f 2043/3426/2971 2029/3410/2971 2873/4448/2971 2876/4453/2971
f 2876/4453/2972 2873/4448/2972 2874/4450/2972 2877/4454/2972
f 2877/4454/2973 2874/4450/2973 2875/4452/2973 2878/4455/2973
f 2878/4455/2974 2875/4452/2974 2082/3471/2974 2090/3481/2974
f 2018/3397/2975 2043/3426/2975 2876/4453/2975 2879/4456/2975
f 2879/4456/2976 2876/4453/2976 2877/4454/2976 2880/4457/2976
f 2880/4457/2977 2877/4454/2977 2878/4455/2977 2881/4458/2977
f 2881/4458/2978 2878/4455/2978 2090/3481/2978 2079/3468/2978
f 2019/3398/2979 2018/3397/2979 2879/4456/2979 2786/4351/2979
f 2786/4351/2980 2879/4456/2980 2880/4457/2980 2788/4353/2980
f 2788/4353/2981 2880/4457/2981 2881/4458/2981 2790/4355/2981
f 2790/4355/2982 2881/4458/2982 2079/3468/2982 2078/3467/2982
f 2104/3497/2983 2078/3467/2983 2081/3470/2983 2105/3498/2983
f 1896/4459/2984 1957/4460/2984 2882/4461/2984 2883/4462/2984
f 2883/4462/2985 2882/4461/2985 2884/4463/2985 2885/4464/2985
f 2885/4464/2986 2884/4463/2986 2886/4465/2986 2887/4466/2986
f 2887/4466/2987 2886/4465/2987 2016/3395/2987 2021/3400/2987
f 1897/4467/2988 1896/4459/2988 2883/4462/2988 2888/4468/2988
f 2888/4468/2989 2883/4462/2989 2885/4464/2989 2889/4469/2989
f 2889/4469/2990 2885/4464/2990 2887/4466/2990 2890/4470/2990
f 2890/4470/2991 2887/4466/2991 2021/3400/2991 2020/3399/2991
f 1899/4471/2992 1897/4467/2992 2888/4468/2992 2891/4472/2992
f 2891/4472/2993 2888/4468/2993 2889/4469/2993 2892/4473/2993
f 2892/4473/2994 2889/4469/2994 2890/4470/2994 2893/4474/2994
f 2893/4474/2995 2890/4470/2995 2020/3399/2995 2036/3417/2995
f 1901/3268/2996 1899/3267/2996 2891/4475/2996 2894/4476/2996
f 2894/4476/2997 2891/4475/2997 2892/4477/2997 2895/4478/2997
f 2895/4478/2998 2892/4477/2998 2893/4479/2998 2896/4480/2998
f 2896/4481/2999 2893/4474/2999 2036/3417/2999 2050/3433/2999
f 1903/3270/3000 1901/3268/3000 2894/4476/3000 2897/4482/3000
f 2897/4482/3001 2894/4476/3001 2895/4478/3001 2898/4483/3001
f 2898/4483/3002 2895/4478/3002 2896/4480/3002 2899/4484/3002
f 2899/4484/3003 2896/4480/3003 2050/3441/3003 2005/3384/3003
f 1905/3272/3004 1903/3270/3004 2897/4482/3004 2900/4485/3004
f 2900/4485/3005 2897/4482/3005 2898/4483/3005 2901/4486/3005
f 2901/4486/3006 2898/4483/3006 2899/4484/3006 2902/4487/3006
f 2902/4487/3007 2899/4484/3007 2005/3384/3007 2004/3383/3007
f 1907/3274/3008 1905/3272/3008 2900/4485/3008 2903/4488/3008
f 2903/4488/3009 2900/4485/3009 2901/4486/3009 2904/4489/3009
f 2904/4489/3010 2901/4486/3010 2902/4487/3010 2905/4490/3010
f 2905/4490/3011 2902/4487/3011 2004/3383/3011 2030/3411/3011
f 1909/3276/1946 1907/3274/1945 2903/4488/3012 2906/4491/3012
f 2906/4491/3013 2903/4488/3013 2904/4489/3013 2907/4492/3013
f 2907/4492/3014 2904/4489/3014 2905/4490/3014 2908/4493/3014
f 2908/4493/3015 2905/4490/3015 2030/3411/2007 2044/3427/2006
f 1911/3278/1950 1909/3276/1949 2906/4491/3016 2909/4494/3016
f 2909/4494/3017 2906/4491/3017 2907/4492/3017 2910/4495/3017
f 2910/4495/3018 2907/4492/3018 2908/4493/3018 2911/4496/3018
f 2911/4496/3019 2908/4493/3019 2044/3427/2017 1993/3372/2016
f 1913/4497/3020 1911/3278/3020 2909/4494/3020 2912/4498/3020
f 2912/4498/3021 2909/4494/3021 2910/4495/3021 2913/4499/3021
f 2913/4499/3022 2910/4495/3022 2911/4496/3022 2914/4500/3022
f 2914/4500/3023 2911/4496/3023 1993/3372/3023 1992/3371/3023
f 1915/4501/3024 1913/4497/3024 2912/4498/3024 2915/4502/3024
f 2915/4502/3025 2912/4498/3025 2913/4499/3025 2916/4503/3025
f 2916/4503/3026 2913/4499/3026 2914/4500/3026 2917/4504/3026
f 2917/4504/3027 2914/4500/3027 1992/3371/3027 2024/3403/3027
f 1917/4505/3028 1915/4501/3028 2915/4502/3028 2918/4506/3028
f 2918/4506/3029 2915/4502/3029 2916/4503/3029 2919/4507/3029
f 2919/4507/3030 2916/4503/3030 2917/4504/3030 2920/4508/3030
f 2920/4508/3031 2917/4504/3031 2024/3403/3031 2038/3419/3031
f 1919/4509/3032 1917/4510/3032 2918/4511/3032 2921/4512/3032
f 2921/4512/3033 2918/4511/3033 2919/4513/3033 2922/4514/3033
f 2922/4514/3034 2919/4513/3034 2920/4515/3034 2923/4516/3034
f 2923/4516/3035 2920/4515/3035 2038/3436/3035 2052/3435/3035
f 1921/4517/3036 1919/4509/3036 2921/4512/3036 2924/4518/3036
f 2924/4518/3037 2921/4512/3037 2922/4514/3037 2925/4519/3037
f 2925/4519/3038 2922/4514/3038 2923/4516/3038 2926/4520/3038
f 2926/4520/3039 2923/4516/3039 2052/3435/3039 2009/3388/3039
f 1923/4521/3040 1921/4522/3040 2924/4523/3040 2927/4524/3040
f 2927/4525/3041 2924/4518/3041 2925/4519/3041 2928/4526/3041
f 2928/4526/3042 2925/4519/3042 2926/4520/3042 2929/4527/3042
f 2929/4527/3043 2926/4520/3043 2009/3388/3043 2008/3387/3043
f 1925/4528/3044 1923/4521/3044 2927/4524/3044 2930/4529/3044
f 2930/4530/3045 2927/4525/3045 2928/4526/3045 2931/4531/3045
f 2931/4531/3046 2928/4526/3046 2929/4527/3046 2932/4532/3046
f 2932/4532/3047 2929/4527/3047 2008/3387/3047 2032/3413/3047
f 1927/4533/3048 1925/4528/3048 2930/4529/3048 2933/4534/3048
f 2933/4535/3049 2930/4530/3049 2931/4531/3049 2934/4536/3049
f 2934/4536/3050 2931/4531/3050 2932/4532/3050 2935/4537/3050
f 2935/4537/3051 2932/4532/3051 2032/3413/3051 2046/3429/3051
f 1929/4538/3052 1927/4533/3052 2933/4534/3052 2936/4539/3052
f 2936/4540/3053 2933/4535/3053 2934/4536/3053 2937/4541/3053
f 2937/4541/3054 2934/4536/3054 2935/4537/3054 2938/4542/3054
f 2938/4542/3055 2935/4537/3055 2046/3429/3055 1997/3376/3055
f 1931/4543/3056 1929/4538/3056 2936/4539/3056 2939/4544/3056
f 2939/4545/3057 2936/4540/3057 2937/4541/3057 2940/4546/3057
f 2940/4546/3058 2937/4541/3058 2938/4542/3058 2941/4547/3058
f 2941/4547/3059 2938/4542/3059 1997/3376/3059 1996/3375/3059
f 1933/4548/3060 1931/4543/3060 2939/4544/3060 2942/4549/3060
f 2942/4550/3061 2939/4545/3061 2940/4546/3061 2943/4551/3061
f 2943/4551/3062 2940/4546/3062 2941/4547/3062 2944/4552/3062
f 2944/4552/3063 2941/4547/3063 1996/3375/3063 2026/3405/3063
f 1935/4553/3064 1933/4554/3064 2942/4555/3064 2945/4556/3064
f 2945/4556/3065 2942/4555/3065 2943/4557/3065 2946/4558/3065
f 2946/4558/3066 2943/4557/3066 2944/4559/3066 2947/4560/3066
f 2947/4560/3067 2944/4559/3067 2026/3422/3067 2040/3421/3067
f 1937/4561/3068 1935/4553/3068 2945/4556/3068 2948/4562/3068
f 2948/4562/3069 2945/4556/3069 2946/4558/3069 2949/4563/3069
f 2949/4563/3070 2946/4558/3070 2947/4560/3070 2950/4564/3070
f 2950/4564/3071 2947/4560/3071 2040/3421/3071 2054/3439/3071
f 1939/3315/3072 1937/4561/3072 2948/4562/3072 2951/4565/3072
f 2951/4565/3073 2948/4562/3073 2949/4563/3073 2952/4566/3073
f 2952/4566/3074 2949/4563/3074 2950/4564/3074 2953/4567/3074
f 2953/4567/3075 2950/4564/3075 2054/3439/3075 2013/3392/3075
f 1941/3316/1968 1939/3315/1967 2951/4565/3076 2954/4568/3076
f 2954/4568/3077 2951/4565/3077 2952/4566/3077 2955/4569/3077
f 2955/4569/3078 2952/4566/3078 2953/4567/3078 2956/4570/3078
f 2956/4570/3079 2953/4567/3079 2013/3392/1988 2012/3391/1987
f 1943/3318/1972 1941/3316/1971 2954/4568/3080 2957/4571/3080
f 2957/4571/3081 2954/4568/3081 2955/4569/3081 2958/4572/3081
f 2958/4572/3082 2955/4569/3082 2956/4570/3082 2959/4573/3082
f 2959/4573/3083 2956/4570/3083 2012/3391/1999 2034/3415/1998
f 1945/3320/3084 1943/3318/3084 2957/4571/3084 2960/4574/3084
f 2960/4574/3085 2957/4571/3085 2958/4572/3085 2961/4575/3085
f 2961/4575/3086 2958/4572/3086 2959/4573/3086 2962/4576/3086
f 2962/4576/3087 2959/4573/3087 2034/3415/3087 2048/3431/3087
f 1947/3322/3088 1945/3320/3088 2960/4574/3088 2963/4577/3088
f 2963/4577/3089 2960/4574/3089 2961/4575/3089 2964/4578/3089
f 2964/4578/3090 2961/4575/3090 2962/4576/3090 2965/4579/3090
f 2965/4579/3091 2962/4576/3091 2048/3431/3091 2001/3380/3091
f 1949/3324/3092 1947/3322/3092 2963/4577/3092 2966/4580/3092
f 2966/4580/3093 2963/4577/3093 2964/4578/3093 2967/4581/3093
f 2967/4581/3094 2964/4578/3094 2965/4579/3094 2968/4582/3094
f 2968/4582/3095 2965/4579/3095 2001/3380/3095 2000/3379/3095
f 1951/4583/3096 1949/4584/3096 2966/4585/3096 2969/4586/3096
f 2969/4586/3097 2966/4585/3097 2967/4587/3097 2970/4588/3097
f 2970/4588/3098 2967/4587/3098 2968/4589/3098 2971/4590/3098
f 2971/4590/3099 2968/4589/3099 2000/3408/3099 2028/3407/3099
f 1953/4591/3100 1951/4583/3100 2969/4586/3100 2972/4592/3100
f 2972/4592/3101 2969/4586/3101 2970/4588/3101 2973/4593/3101
f 2973/4593/3102 2970/4588/3102 2971/4590/3102 2974/4594/3102
f 2974/4594/3103 2971/4590/3103 2028/3407/3103 2042/3425/3103
f 1955/4595/3104 1953/4591/3104 2972/4592/3104 2975/4596/3104
f 2975/4596/3105 2972/4592/3105 2973/4593/3105 2976/4597/3105
f 2976/4597/3106 2973/4593/3106 2974/4594/3106 2977/4598/3106
f 2977/4598/3107 2974/4594/3107 2042/3425/3107 2017/3396/3107
f 1957/4460/3108 1955/4595/3108 2975/4596/3108 2882/4461/3108
f 2882/4461/3109 2975/4596/3109 2976/4597/3109 2884/4463/3109
f 2884/4463/3110 2976/4597/3110 2977/4598/3110 2886/4465/3110
f 2886/4465/3111 2977/4598/3111 2017/3396/3111 2016/3395/3111
f 2021/3400/3112 2016/3395/3112 2019/3398/3112 2022/3401/3112
f 2391/3871/3113 1892/3257/3113 2978/4599/3113 2979/4600/3113
f 2979/4600/3114 2978/4599/3114 2980/4601/3114 2981/4602/3114
f 2981/4602/3115 2980/4601/3115 2982/4603/3115 2983/4604/3115
f 2983/4604/3116 2982/4603/3116 1956/3333/3116 1895/3260/3116
f 2394/3880/3117 2391/3871/3117 2979/4600/3117 2984/4605/3117
f 2984/4605/3118 2979/4600/3118 2981/4602/3118 2985/4606/3118
f 2985/4606/3119 2981/4602/3119 2983/4604/3119 2986/4607/3119
f 2986/4607/3120 2983/4604/3120 1895/3260/3120 1894/3259/3120
f 2395/3881/3121 2394/3880/3121 2984/4605/3121 2987/4608/3121
f 2987/4608/3122 2984/4605/3122 2985/4606/3122 2988/4609/3122
f 2988/4609/3123 2985/4606/3123 2986/4607/3123 2989/4610/3123
f 2989/4610/3124 2986/4607/3124 1894/3259/3124 1898/3263/3124
f 2398/3887/3125 2395/3881/3125 2987/4608/3125 2990/4611/3125
f 2990/4611/3126 2987/4608/3126 2988/4609/3126 2991/4612/3126
f 2991/4613/3127 2988/4614/3127 2989/4615/3127 2992/4616/3127
f 2992/4616/3128 2989/4615/3128 1898/3266/3128 1900/3265/3128
f 2400/3893/3129 2398/3892/3129 2990/4617/3129 2993/4618/3129
f 2993/4618/3130 2990/4617/3130 2991/4613/3130 2994/4619/3130
f 2994/4619/3131 2991/4613/3131 2992/4616/3131 2995/4620/3131
f 2995/4620/3132 2992/4616/3132 1900/3265/3132 1902/3269/3132
f 2364/3790/3133 2400/3893/3133 2993/4618/3133 2996/4621/3133
f 2996/4621/3134 2993/4618/3134 2994/4619/3134 2997/4622/3134
f 2997/4622/3135 2994/4619/3135 2995/4620/3135 2998/4623/3135
f 2998/4623/3136 2995/4620/3136 1902/3269/3136 1904/3271/3136
f 2365/3791/3137 2364/3790/3137 2996/4621/3137 2999/4624/3137
f 2999/4624/3138 2996/4621/3138 2997/4622/3138 3000/4625/3138
f 3000/4625/3139 2997/4622/3139 2998/4623/3139 3001/4626/3139
f 3001/4626/3140 2998/4623/3140 1904/3271/3140 1906/3273/3140
f 2376/3839/2256 2365/3791/2255 2999/4624/3141 3002/4627/3141
f 3002/4627/3142 2999/4624/3142 3000/4625/3142 3003/4628/3142
f 3003/4628/3143 3000/4625/3143 3001/4626/3143 3004/4629/3143
f 3004/4629/3144 3001/4626/3144 1906/3273/1944 1908/3275/1943
f 2378/3843/2260 2376/3839/2259 3002/4627/3145 3005/4630/3145
f 3005/4630/3146 3002/4627/3146 3003/4628/3146 3006/4631/3146
f 3006/4631/3147 3003/4628/3147 3004/4629/3147 3007/4632/3147
f 3007/4632/3148 3004/4629/3148 1908/3275/1948 1910/3277/1947
f 2380/3847/3149 2378/3843/3149 3005/4630/3149 3008/4633/3149
f 3008/4633/3150 3005/4630/3150 3006/4631/3150 3009/4634/3150
f 3009/4634/3151 3006/4631/3151 3007/4632/3151 3010/4635/3151
f 3010/4635/3152 3007/4632/3152 1910/3277/3152 1912/4636/3152
f 2382/3851/3153 2380/3847/3153 3008/4633/3153 3011/4637/3153
f 3011/4637/3154 3008/4633/3154 3009/4634/3154 3012/4638/3154
f 3012/4638/3155 3009/4634/3155 3010/4635/3155 3013/4639/3155
f 3013/4639/3156 3010/4635/3156 1912/4636/3156 1914/4640/3156
f 2384/3855/3157 2382/3851/3157 3011/4637/3157 3014/4641/3157
f 3014/4641/3158 3011/4637/3158 3012/4638/3158 3015/4642/3158
f 3015/4642/3159 3012/4638/3159 3013/4639/3159 3016/4643/3159
f 3016/4643/3160 3013/4639/3160 1914/4640/3160 1916/4644/3160
f 2386/3861/3161 2384/3860/3161 3014/4645/3161 3017/4646/3161
f 3017/4646/3162 3014/4645/3162 3015/4647/3162 3018/4648/3162
f 3018/4648/3163 3015/4647/3163 3016/4649/3163 3019/4650/3163
f 3019/4650/3164 3016/4649/3164 1916/3288/3164 1918/3287/3164
f 2388/3865/3165 2386/3861/3165 3017/4646/3165 3020/4651/3165
f 3020/4651/3166 3017/4646/3166 3018/4648/3166 3021/4652/3166
f 3021/4652/3167 3018/4648/3167 3019/4650/3167 3022/4653/3167
f 3022/4653/3168 3019/4650/3168 1918/3287/3168 1920/3291/3168
f 2390/3869/3169 2388/3865/3169 3020/4651/3169 3023/4654/3169
f 3023/4654/3170 3020/4651/3170 3021/4652/3170 3024/4655/3170
f 3024/4655/3171 3021/4652/3171 3022/4653/3171 3025/4656/3171
f 3025/4656/3172 3022/4653/3172 1920/3291/3172 1922/3293/3172
f 2393/3877/3173 2390/3869/3173 3023/4654/3173 3026/4657/3173
f 3026/4657/3174 3023/4654/3174 3024/4655/3174 3027/4658/3174
f 3027/4658/3175 3024/4655/3175 3025/4656/3175 3028/4659/3175
f 3028/4659/3176 3025/4656/3176 1922/3293/3176 1924/4660/3176
f 2397/3885/3177 2393/3877/3177 3026/4657/3177 3029/4661/3177
f 3029/4661/3178 3026/4657/3178 3027/4658/3178 3030/4662/3178
f 3030/4662/3179 3027/4658/3179 3028/4659/3179 3031/4663/3179
f 3031/4663/3180 3028/4659/3180 1924/4660/3180 1926/4664/3180
f 2399/3889/3181 2397/3885/3181 3029/4661/3181 3032/4665/3181
f 3032/4665/3182 3029/4661/3182 3030/4662/3182 3033/4666/3182
f 3033/4666/3183 3030/4662/3183 3031/4663/3183 3034/4667/3183
f 3034/4667/3184 3031/4663/3184 1926/4664/3184 1928/4668/3184
f 2401/3895/3185 2399/3889/3185 3032/4665/3185 3035/4669/3185
f 3035/4669/3186 3032/4665/3186 3033/4666/3186 3036/4670/3186
f 3036/4670/3187 3033/4666/3187 3034/4667/3187 3037/4671/3187
f 3037/4671/3188 3034/4667/3188 1928/4668/3188 1930/4672/3188
f 2374/3897/3189 2401/3895/3189 3035/4669/3189 3038/4673/3189
f 3038/4673/3190 3035/4669/3190 3036/4670/3190 3039/4674/3190
f 3039/4674/3191 3036/4670/3191 3037/4671/3191 3040/4675/3191
f 3040/4675/3192 3037/4671/3192 1930/4672/3192 1932/4676/3192
f 2375/3837/3193 2374/3836/3193 3038/4677/3193 3041/4678/3193
f 3041/4678/3194 3038/4677/3194 3039/4679/3194 3042/4680/3194
f 3042/4680/3195 3039/4679/3195 3040/4681/3195 3043/4682/3195
f 3043/4682/3196 3040/4681/3196 1932/4683/3196 1934/4684/3196
f 2377/3841/3197 2375/3837/3197 3041/4678/3197 3044/4685/3197
f 3044/4685/3198 3041/4678/3198 3042/4680/3198 3045/4686/3198
f 3045/4686/3199 3042/4680/3199 3043/4682/3199 3046/4687/3199
f 3046/4687/3200 3043/4682/3200 1934/4684/3200 1936/4688/3200
f 2379/3845/3201 2377/3841/3201 3044/4685/3201 3047/4689/3201
f 3047/4689/3202 3044/4685/3202 3045/4686/3202 3048/4690/3202
f 3048/4690/3203 3045/4686/3203 3046/4687/3203 3049/4691/3203
f 3049/4691/3204 3046/4687/3204 1936/4688/3204 1938/3314/3204
f 2381/3849/2265 2379/3845/2264 3047/4689/3205 3050/4692/3205
f 3050/4692/3206 3047/4689/3206 3048/4690/3206 3051/4693/3206
f 3051/4693/3207 3048/4690/3207 3049/4691/3207 3052/4694/3207
f 3052/4694/3208 3049/4691/3208 1938/3314/1966 1940/3313/1965
f 2383/3853/2269 2381/3849/2268 3050/4692/3209 3053/4695/3209
f 3053/4695/3210 3050/4692/3210 3051/4693/3210 3054/4696/3210
f 3054/4696/3211 3051/4693/3211 3052/4694/3211 3055/4697/3211
f 3055/4697/3212 3052/4694/3212 1940/3313/1970 1942/3317/1969
f 2385/3857/3213 2383/3853/3213 3053/4695/3213 3056/4698/3213
f 3056/4698/3214 3053/4695/3214 3054/4696/3214 3057/4699/3214
f 3057/4699/3215 3054/4696/3215 3055/4697/3215 3058/4700/3215
f 3058/4700/3216 3055/4697/3216 1942/3317/3216 1944/3319/3216
f 2387/3863/3217 2385/3857/3217 3056/4698/3217 3059/4701/3217
f 3059/4701/3218 3056/4698/3218 3057/4699/3218 3060/4702/3218
f 3060/4702/3219 3057/4699/3219 3058/4700/3219 3061/4703/3219
f 3061/4703/3220 3058/4700/3220 1944/3319/3220 1946/3321/3220
f 2389/3867/3221 2387/3863/3221 3059/4701/3221 3062/4704/3221
f 3062/4704/3222 3059/4701/3222 3060/4702/3222 3063/4705/3222
f 3063/4705/3223 3060/4702/3223 3061/4703/3223 3064/4706/3223
f 3064/4706/3224 3061/4703/3224 1946/3321/3224 1948/3323/3224
f 2392/3875/3225 2389/3874/3225 3062/4707/3225 3065/4708/3225
f 3065/4708/3226 3062/4707/3226 3063/4709/3226 3066/4710/3226
f 3066/4710/3227 3063/4709/3227 3064/4711/3227 3067/4712/3227
f 3067/4712/3228 3064/4711/3228 1948/3326/3228 1950/3325/3228
f 2396/3883/3229 2392/3875/3229 3065/4708/3229 3068/4713/3229
f 3068/4713/3230 3065/4708/3230 3066/4710/3230 3069/4714/3230
f 3069/4714/3231 3066/4710/3231 3067/4712/3231 3070/4715/3231
f 3070/4715/3232 3067/4712/3232 1950/3325/3232 1952/3329/3232
f 1891/3256/3233 2396/3883/3233 3068/4713/3233 3071/4716/3233
f 3071/4716/3234 3068/4713/3234 3069/4714/3234 3072/4717/3234
f 3072/4717/3235 3069/4714/3235 3070/4715/3235 3073/4718/3235
f 3073/4718/3236 3070/4715/3236 1952/3329/3236 1954/3331/3236
f 1892/3257/3237 1891/3256/3237 3071/4716/3237 2978/4599/3237
f 2978/4599/3238 3071/4716/3238 3072/4717/3238 2980/4601/3238
f 2980/4601/3239 3072/4717/3239 3073/4718/3239 2982/4603/3239
f 2982/4603/3240 3073/4718/3240 1954/3331/3240 1956/3333/3240
f 1895/3260/3241 1956/3333/3241 1957/3334/3241 1896/3261/3241
f 3074/4719/3242 3075/4720/3242 3076/4721/3242 3077/4722/3242
f 3078/4723/3243 3079/4724/3243 3080/4725/3243 3081/4726/3243
f 3079/4724/3243 3082/4727/3243 3083/4728/3243 3080/4725/3243
f 3082/4727/3243 3084/4729/3243 3085/4730/3243 3083/4728/3243
f 3084/4729/3243 3086/4731/3243 3087/4732/3243 3085/4730/3243
f 3086/4731/3243 3088/4733/3243 3089/4734/3243 3087/4732/3243
f 3088/4733/3243 3090/4735/3243 3091/4736/3243 3089/4734/3243
f 3090/4735/3243 3092/4737/3243 3093/4738/3243 3091/4736/3243
f 3092/4737/3243 3094/4739/3243 3095/4740/3243 3093/4738/3243
f 3094/4739/3243 3096/4741/3243 3097/4742/3243 3095/4740/3243
f 3096/4741/3243 3098/4743/3243 3099/4744/3243 3097/4742/3243
f 3098/4743/3243 3100/4745/3243 3101/4746/3243 3099/4744/3243
f 3100/4745/3243 3102/4747/3243 3103/4748/3243 3101/4746/3243
f 3102/4747/3243 3104/4749/3243 3105/4750/3243 3103/4748/3243
f 3104/4749/3243 3106/4751/3243 3107/4752/3243 3105/4750/3243
f 3106/4751/3243 3108/4753/3243 3109/4754/3243 3107/4752/3243
f 3108/4753/3243 3110/4755/3243 3111/4756/3243 3109/4754/3243
f 3110/4755/3243 3112/4757/3243 3113/4758/3243 3111/4756/3243
f 3112/4757/3243 3114/4759/3243 3115/4760/3243 3113/4758/3243
f 3114/4759/3243 3116/4761/3243 3117/4762/3243 3115/4760/3243
f 3116/4761/3243 3118/4763/3243 3119/4764/3243 3117/4762/3243
f 3118/4763/3243 3120/4765/3243 3121/4766/3243 3119/4764/3243
f 3120/4765/3243 3122/4767/3243 3123/4768/3243 3121/4766/3243
f 3122/4767/3243 3124/4769/3243 3125/4770/3243 3123/4768/3243
f 3124/4769/3243 3126/4771/3243 3127/4772/3243 3125/4770/3243
f 3126/4771/3243 3128/4773/3243 3129/4774/3243 3127/4772/3243
f 3128/4773/3243 3130/4775/3243 3131/4776/3243 3129/4774/3243
f 3130/4775/3243 3132/4777/3243 3133/4778/3243 3131/4776/3243
f 3132/4777/3243 3134/4779/3243 3135/4780/3243 3133/4778/3243
f 3134/4779/3243 3136/4781/3243 3137/4782/3243 3135/4780/3243
f 3138/4783/3243 3139/4784/3243 3140/4785/3243 3141/4786/3243
f 3136/4781/3243 3142/4787/3243 3143/4788/3243 3137/4782/3243
f 3142/4787/3243 3144/4789/3243 3145/4790/3243 3143/4788/3243
f 3146/4791/467 3074/4792/467 3077/4793/467 3147/4794/467 3148/4795/467 3149/4796/467 3150/4797/467 3151/4798/467 3152/4799/467 3153/4800/467 3154/4801/467 3155/4802/467 3156/4803/467 3157/4804/467 3158/4805/467 3159/4806/467 3160/4807/467 3161/4808/467 3162/4809/467 3163/4810/467 3164/4811/467 3165/4812/467 3166/4813/467 3167/4814/467 3168/4815/467 3169/4816/467 3170/4817/467 3171/4818/467 3172/4819/467 3173/4820/467 3174/4821/467 3175/4822/467
f 3146/4823/3244 3176/4824/3244 3075/4720/3244 3074/4719/3244
f 3175/4825/3245 3177/4826/3245 3176/4827/3245 3146/4828/3245
f 3147/4829/3246 3178/4830/3246 3179/4831/3246 3148/4832/3246
f 3148/4832/3247 3179/4831/3247 3180/4833/3247 3149/4834/3247
f 3149/4834/3248 3180/4833/3248 3181/4835/3248 3150/4836/3248
f 3150/4836/3249 3181/4835/3249 3182/4837/3249 3151/4838/3249
f 3151/4838/3250 3182/4837/3250 3183/4839/3250 3152/4840/3250
f 3152/4840/3251 3183/4839/3251 3184/4841/3251 3153/4842/3251
f 3153/4842/3252 3184/4841/3252 3185/4843/3252 3154/4844/3252
f 3154/4844/3253 3185/4843/3253 3186/4845/3253 3155/4846/3253
f 3155/4846/3254 3186/4845/3254 3187/4847/3254 3156/4848/3254
f 3156/4848/3255 3187/4847/3255 3188/4849/3255 3157/4850/3255
f 3157/4850/3256 3188/4849/3256 3189/4851/3256 3158/4852/3256
f 3158/4852/3257 3189/4851/3257 3190/4853/3257 3159/4854/3257
f 3159/4854/3258 3190/4853/3258 3191/4855/3258 3160/4856/3258
f 3160/4856/3259 3191/4855/3259 3192/4857/3259 3161/4858/3259
f 3161/4858/3260 3192/4857/3260 3193/4859/3260 3162/4860/3260
f 3162/4860/3261 3193/4859/3261 3194/4861/3261 3163/4862/3261
f 3163/4862/3262 3194/4861/3262 3195/4863/3262 3164/4864/3262
f 3164/4864/3263 3195/4863/3263 3196/4865/3263 3165/4866/3263
f 3165/4866/3264 3196/4865/3264 3197/4867/3264 3166/4868/3264
f 3166/4868/3265 3197/4867/3265 3198/4869/3265 3167/4870/3265
f 3167/4870/3266 3198/4869/3266 3199/4871/3266 3168/4872/3266
f 3168/4872/3267 3199/4871/3267 3200/4873/3267 3169/4874/3267
f 3169/4874/3268 3200/4873/3268 3201/4875/3268 3170/4876/3268
f 3170/4876/3269 3201/4875/3269 3202/4877/3269 3171/4878/3269
f 3171/4878/3270 3202/4877/3270 3203/4879/3270 3172/4880/3270
f 3172/4880/3271 3203/4879/3271 3204/4881/3271 3173/4882/3271
f 3173/4882/3272 3204/4881/3272 3205/4883/3272 3174/4884/3272
f 3174/4884/3273 3205/4883/3273 3177/4826/3273 3175/4825/3273
f 3077/4722/3274 3076/4721/3274 3178/4830/3274 3147/4829/3274
f 3206/4885/3250 3207/4886/3250 3208/4887/3250 3209/4888/3250
f 3210/4889/3243 3211/4890/3243 3212/4891/3243 3213/4892/3243
f 3139/4784/3243 3214/4893/3243 3215/4894/3243 3140/4785/3243
f 3216/4895/3243 3217/4896/3243 3218/4897/3243 3219/4898/3243
f 3211/4890/3243 3220/4899/3243 3221/4900/3243 3212/4891/3243
f 3214/4893/3243 3207/4886/3243 3222/4901/3243 3215/4894/3243
f 3220/4899/3243 3223/4902/3243 3224/4903/3243 3221/4900/3243
f 3207/4886/3243 3206/4885/3243 3225/4904/3243 3222/4901/3243
f 3223/4902/3243 3226/4905/3243 3227/4906/3243 3224/4903/3243
f 3206/4885/3243 3228/4907/3243 3229/4908/3243 3225/4904/3243
f 3226/4905/3243 3230/4909/3243 3231/4910/3243 3227/4906/3243
f 3228/4907/3243 3232/4911/3243 3233/4912/3243 3229/4908/3243
f 3230/4909/3243 3234/4913/3243 3235/4914/3243 3231/4910/3243
f 3232/4911/3243 3236/4915/3243 3237/4916/3243 3233/4912/3243
f 3234/4913/3243 3238/4917/3243 3239/4918/3243 3235/4914/3243
f 3236/4915/3243 3240/4919/3243 3241/4920/3243 3237/4916/3243
f 3238/4917/3243 3242/4921/3243 3243/4922/3243 3239/4918/3243
f 3240/4919/3243 3244/4923/3243 3245/4924/3243 3241/4920/3243
f 3242/4921/3243 3246/4925/3243 3247/4926/3243 3243/4922/3243
f 3244/4923/3243 3248/4927/3243 3249/4928/3243 3245/4924/3243
f 3246/4925/3243 3250/4929/3243 3251/4930/3243 3247/4926/3243
f 3248/4927/3243 3252/4931/3243 3253/4932/3243 3249/4928/3243
f 3254/4933/3243 3216/4895/3243 3219/4898/3243 3255/4934/3243
f 3250/4929/3243 3256/4935/3243 3257/4936/3243 3251/4930/3243
f 3252/4931/3243 3258/4937/3243 3259/4938/3243 3253/4932/3243
f 3078/4723/3244 3144/4789/3244 3260/4939/3244 3261/4940/3244
f 3256/4935/3243 3262/4941/3243 3263/4942/3243 3257/4936/3243
f 3258/4937/3243 3264/4943/3243 3265/4944/3243 3259/4938/3243
f 3217/4896/3243 3138/4783/3243 3141/4786/3243 3218/4897/3243
f 3262/4941/3243 3266/4945/3243 3267/4946/3243 3263/4942/3243
f 3264/4943/3243 3210/4889/3243 3213/4892/3243 3265/4944/3243
f 3079/4724/3242 3078/4723/3242 3261/4940/3242 3268/4947/3242
f 3266/4945/3243 3269/4948/3243 3270/4949/3243 3267/4946/3243
f 3082/4727/3274 3079/4724/3274 3268/4947/3274 3271/4950/3274
f 3084/4729/3246 3082/4727/3246 3271/4950/3246 3272/4951/3246
f 3086/4731/3247 3084/4729/3247 3272/4951/3247 3273/4952/3247
f 3088/4733/3248 3086/4731/3248 3273/4952/3248 3274/4953/3248
f 3090/4735/3249 3088/4733/3249 3274/4953/3249 3275/4954/3249
f 3092/4737/3250 3090/4735/3250 3275/4954/3250 3276/4955/3250
f 3094/4739/3251 3092/4737/3251 3276/4955/3251 3277/4956/3251
f 3096/4741/3252 3094/4739/3252 3277/4956/3252 3278/4957/3252
f 3098/4743/3253 3096/4741/3253 3278/4957/3253 3279/4958/3253
f 3100/4745/3254 3098/4743/3254 3279/4958/3254 3280/4959/3254
f 3102/4747/3255 3100/4745/3255 3280/4959/3255 3281/4960/3255
f 3104/4749/3256 3102/4747/3256 3281/4960/3256 3282/4961/3256
f 3106/4751/3257 3104/4749/3257 3282/4961/3257 3283/4962/3257
f 3108/4753/3258 3106/4751/3258 3283/4962/3258 3284/4963/3258
f 3110/4755/3259 3108/4753/3259 3284/4963/3259 3285/4964/3259
f 3112/4757/3260 3110/4755/3260 3285/4964/3260 3286/4965/3260
f 3114/4759/3261 3112/4757/3261 3286/4965/3261 3287/4966/3261
f 3116/4761/3262 3114/4759/3262 3287/4966/3262 3288/4967/3262
f 3118/4763/3263 3116/4761/3263 3288/4967/3263 3289/4968/3263
f 3120/4765/3264 3118/4763/3264 3289/4968/3264 3290/4969/3264
f 3122/4767/3265 3120/4765/3265 3290/4969/3265 3291/4970/3265
f 3124/4769/3266 3122/4767/3266 3291/4970/3266 3292/4971/3266
f 3126/4771/3267 3124/4769/3267 3292/4971/3267 3293/4972/3267
f 3128/4773/3268 3126/4771/3268 3293/4972/3268 3294/4973/3268
f 3130/4775/3269 3128/4773/3269 3294/4973/3269 3295/4974/3269
f 3132/4777/3270 3130/4775/3270 3295/4974/3270 3296/4975/3270
f 3134/4779/3271 3132/4777/3271 3296/4975/3271 3297/4976/3271
f 3136/4781/3272 3134/4779/3272 3297/4976/3272 3298/4977/3272
f 3142/4787/3273 3136/4781/3273 3298/4977/3273 3299/4978/3273
f 3144/4789/3245 3142/4787/3245 3299/4978/3245 3260/4939/3245
f 3216/4895/3242 3254/4933/3242 3300/4979/3242 3301/4980/3242
f 3226/4905/3264 3223/4902/3264 3302/4981/3264 3303/4982/3264
f 3228/4907/3251 3206/4885/3251 3209/4888/3251 3304/4983/3251
f 3230/4909/3265 3226/4905/3265 3303/4982/3265 3305/4984/3265
f 3232/4911/3252 3228/4907/3252 3304/4983/3252 3306/4985/3252
f 3234/4913/3266 3230/4909/3266 3305/4984/3266 3307/4986/3266
f 3236/4915/3253 3232/4911/3253 3306/4985/3253 3308/4987/3253
f 3238/4917/3267 3234/4913/3267 3307/4986/3267 3309/4988/3267
f 3240/4919/3254 3236/4915/3254 3308/4987/3254 3310/4989/3254
f 3242/4921/3268 3238/4917/3268 3309/4988/3268 3311/4990/3268
f 3244/4923/3255 3240/4919/3255 3310/4989/3255 3312/4991/3255
f 3246/4925/3269 3242/4921/3269 3311/4990/3269 3313/4992/3269
f 3248/4927/3256 3244/4923/3256 3312/4991/3256 3314/4993/3256
f 3250/4929/3270 3246/4925/3270 3313/4992/3270 3315/4994/3270
f 3252/4931/3257 3248/4927/3257 3314/4993/3257 3316/4995/3257
f 3317/4996/3243 3318/4997/3243 3319/4998/3243 3320/4999/3243 3321/5000/3243 3322/5001/3243 3323/5002/3243 3324/5003/3243 3325/5004/3243 3326/5005/3243 3327/5006/3243 3328/5007/3243 3329/5008/3243 3330/5009/3243 3331/5010/3243 3332/5011/3243 3333/5012/3243 3334/5013/3243 3335/5014/3243 3336/5015/3243 3337/5016/3243 3338/5017/3243 3339/5018/3243 3340/5019/3243 3341/5020/3243 3342/5021/3243 3343/5022/3243 3344/5023/3243 3345/5024/3243 3346/5025/3243 3347/5026/3243 3348/5027/3243
f 3256/4935/3271 3250/4929/3271 3315/4994/3271 3349/5028/3271
f 3258/4937/3258 3252/4931/3258 3316/4995/3258 3350/5029/3258
f 3269/4948/3245 3266/4945/3245 3351/5030/3245 3352/5031/3245
f 3262/4941/3272 3256/4935/3272 3349/5028/3272 3353/5032/3272
f 3264/4943/3259 3258/4937/3259 3350/5029/3259 3354/5033/3259
f 3138/4783/3246 3217/4896/3246 3355/5034/3246 3356/5035/3246
f 3266/4945/3273 3262/4941/3273 3353/5032/3273 3351/5030/3273
f 3210/4889/3260 3264/4943/3260 3354/5033/3260 3357/5036/3260
f 3139/4784/3247 3138/4783/3247 3356/5035/3247 3358/5037/3247
f 3211/4890/3261 3210/4889/3261 3357/5036/3261 3359/5038/3261
f 3214/4893/3248 3139/4784/3248 3358/5037/3248 3360/5039/3248
f 3217/4896/3274 3216/4895/3274 3301/4980/3274 3355/5034/3274
f 3220/4899/3262 3211/4890/3262 3359/5038/3262 3361/5040/3262
f 3207/4886/3249 3214/4893/3249 3360/5039/3249 3208/4887/3249
f 3223/4902/3263 3220/4899/3263 3361/5040/3263 3302/4981/3263
f 3300/4979/3275 3352/5031/3275 3362/5041/3275 3363/5042/3275
f 3363/5042/3276 3362/5041/3276 3364/5043/3276 3365/5044/3276
f 3365/5044/3277 3364/5043/3277 3366/5045/3277 3367/5046/3277
f 3367/5046/3278 3366/5045/3279 3368/5047/3279 3369/5048/3278
f 3369/5048/3280 3368/5047/3281 3318/4997/3281 3317/4996/3280
f 3301/4980/3282 3300/4979/3282 3363/5042/3282 3370/5049/3282
f 3370/5049/3283 3363/5042/3283 3365/5044/3283 3371/5050/3283
f 3371/5050/3284 3365/5044/3284 3367/5046/3284 3372/5051/3284
f 3372/5051/3285 3367/5046/3278 3369/5048/3278 3373/5052/3285
f 3373/5052/3286 3369/5048/3280 3317/4996/3280 3348/5027/3286
f 3355/5034/3287 3301/4980/3287 3370/5049/3287 3374/5053/3287
f 3374/5053/3288 3370/5049/3288 3371/5050/3288 3375/5054/3288
f 3375/5054/3289 3371/5050/3289 3372/5051/3289 3376/5055/3289
f 3376/5055/3290 3372/5051/3285 3373/5052/3285 3377/5056/3290
f 3377/5056/3291 3373/5052/3286 3348/5027/3286 3347/5026/3291
f 3356/5035/3292 3355/5034/3292 3374/5053/3292 3378/5057/3292
f 3378/5057/3293 3374/5053/3293 3375/5054/3293 3379/5058/3293
f 3379/5058/3294 3375/5054/3294 3376/5055/3294 3380/5059/3294
f 3380/5059/3295 3376/5055/3290 3377/5056/3290 3381/5060/3295
f 3381/5060/3296 3377/5056/3291 3347/5026/3291 3346/5025/3296
f 3358/5037/3297 3356/5035/3297 3378/5057/3297 3382/5061/3297
f 3382/5061/3298 3378/5057/3298 3379/5058/3298 3383/5062/3298
f 3383/5062/3299 3379/5058/3299 3380/5059/3299 3384/5063/3299
f 3384/5063/3300 3380/5059/3295 3381/5060/3295 3385/5064/3300
f 3385/5064/3301 3381/5060/3296 3346/5025/3296 3345/5024/3301
f 3360/5039/3302 3358/5037/3302 3382/5061/3302 3386/5065/3302
f 3386/5065/3303 3382/5061/3303 3383/5062/3303 3387/5066/3303
f 3387/5066/3304 3383/5062/3304 3384/5063/3304 3388/5067/3304
f 3388/5067/3305 3384/5063/3300 3385/5064/3300 3389/5068/3305
f 3389/5068/3306 3385/5064/3301 3345/5024/3301 3344/5023/3306
f 3208/4887/3307 3360/5039/3307 3386/5065/3307 3390/5069/3307
f 3390/5069/3308 3386/5065/3308 3387/5066/3308 3391/5070/3308
f 3391/5070/3309 3387/5066/3309 3388/5067/3309 3392/5071/3309
f 3392/5071/3310 3388/5067/3305 3389/5068/3305 3393/5072/3310
f 3393/5072/3311 3389/5068/3306 3344/5023/3306 3343/5022/3311
f 3209/4888/3312 3208/4887/3312 3390/5069/3312 3394/5073/3312
f 3394/5073/3313 3390/5069/3313 3391/5070/3313 3395/5074/3313
f 3395/5074/3314 3391/5070/3314 3392/5071/3314 3396/5075/3314
f 3396/5075/3315 3392/5071/3310 3393/5072/3310 3397/5076/3315
f 3397/5076/3316 3393/5072/3311 3343/5022/3311 3342/5021/3316
f 3304/4983/3317 3209/4888/3317 3394/5073/3317 3398/5077/3317
f 3398/5077/3318 3394/5073/3318 3395/5074/3318 3399/5078/3318
f 3399/5078/3319 3395/5074/3319 3396/5075/3319 3400/5079/3319
f 3400/5079/3320 3396/5075/3315 3397/5076/3315 3401/5080/3320
f 3401/5080/3321 3397/5076/3316 3342/5021/3316 3341/5020/3321
f 3306/4985/3322 3304/4983/3322 3398/5077/3322 3402/5081/3322
f 3402/5081/3323 3398/5077/3323 3399/5078/3323 3403/5082/3323
f 3403/5082/3324 3399/5078/3324 3400/5079/3324 3404/5083/3324
f 3404/5083/3325 3400/5079/3320 3401/5080/3320 3405/5084/3325
f 3405/5084/3326 3401/5080/3321 3341/5020/3321 3340/5019/3326
f 3308/4987/3327 3306/4985/3327 3402/5081/3327 3406/5085/3327
f 3406/5085/3328 3402/5081/3328 3403/5082/3328 3407/5086/3328
f 3407/5086/3329 3403/5082/3329 3404/5083/3329 3408/5087/3329
f 3408/5087/3330 3404/5083/3325 3405/5084/3325 3409/5088/3330
f 3409/5088/3331 3405/5084/3326 3340/5019/3326 3339/5018/3331
f 3310/4989/3332 3308/4987/3332 3406/5085/3332 3410/5089/3332
f 3410/5089/3333 3406/5085/3333 3407/5086/3333 3411/5090/3333
f 3411/5090/3334 3407/5086/3334 3408/5087/3334 3412/5091/3334
f 3412/5091/3335 3408/5087/3330 3409/5088/3330 3413/5092/3335
f 3413/5092/3336 3409/5088/3331 3339/5018/3331 3338/5017/3336
f 3312/4991/3337 3310/4989/3337 3410/5089/3337 3414/5093/3337
f 3414/5093/3338 3410/5089/3338 3411/5090/3338 3415/5094/3338
f 3415/5094/3339 3411/5090/3339 3412/5091/3339 3416/5095/3339
f 3416/5095/3340 3412/5091/3335 3413/5092/3335 3417/5096/3340
f 3417/5096/3341 3413/5092/3336 3338/5017/3336 3337/5016/3341
f 3314/4993/3342 3312/4991/3342 3414/5093/3342 3418/5097/3342
f 3418/5097/3343 3414/5093/3343 3415/5094/3343 3419/5098/3343
f 3419/5098/3344 3415/5094/3344 3416/5095/3344 3420/5099/3344
f 3420/5099/3345 3416/5095/3340 3417/5096/3340 3421/5100/3345
f 3421/5100/3346 3417/5096/3341 3337/5016/3341 3336/5015/3346
f 3316/4995/3347 3314/4993/3347 3418/5097/3347 3422/5101/3347
f 3422/5101/3348 3418/5097/3348 3419/5098/3348 3423/5102/3348
f 3423/5102/3349 3419/5098/3349 3420/5099/3349 3424/5103/3349
f 3424/5103/3350 3420/5099/3345 3421/5100/3345 3425/5104/3350
f 3425/5104/3351 3421/5100/3346 3336/5015/3346 3335/5014/3351
f 3350/5029/3352 3316/4995/3352 3422/5101/3352 3426/5105/3352
f 3426/5105/3353 3422/5101/3353 3423/5102/3353 3427/5106/3353
f 3427/5106/3354 3423/5102/3354 3424/5103/3354 3428/5107/3354
f 3428/5107/3355 3424/5103/3350 3425/5104/3350 3429/5108/3355
f 3429/5108/3356 3425/5104/3351 3335/5014/3351 3334/5013/3356
f 3354/5033/3357 3350/5029/3357 3426/5105/3357 3430/5109/3357
f 3430/5109/3358 3426/5105/3358 3427/5106/3358 3431/5110/3358
f 3431/5110/3359 3427/5106/3359 3428/5107/3359 3432/5111/3359
f 3432/5111/3360 3428/5107/3355 3429/5108/3355 3433/5112/3360
f 3433/5112/3361 3429/5108/3356 3334/5013/3356 3333/5012/3361
f 3357/5036/3362 3354/5033/3362 3430/5109/3362 3434/5113/3362
f 3434/5113/3363 3430/5109/3363 3431/5110/3363 3435/5114/3363
f 3435/5114/3364 3431/5110/3364 3432/5111/3364 3436/5115/3364
f 3436/5115/3365 3432/5111/3360 3433/5112/3360 3437/5116/3365
f 3437/5116/3366 3433/5112/3361 3333/5012/3361 3332/5011/3366
f 3359/5038/3367 3357/5036/3367 3434/5113/3367 3438/5117/3367
f 3438/5117/3368 3434/5113/3368 3435/5114/3368 3439/5118/3368
f 3439/5118/3369 3435/5114/3369 3436/5115/3369 3440/5119/3369
f 3440/5119/3370 3436/5115/3365 3437/5116/3365 3441/5120/3370
f 3441/5120/3371 3437/5116/3366 3332/5011/3366 3331/5010/3371
f 3361/5040/3372 3359/5038/3372 3438/5117/3372 3442/5121/3372
f 3442/5121/3373 3438/5117/3373 3439/5118/3373 3443/5122/3373
f 3443/5122/3374 3439/5118/3374 3440/5119/3374 3444/5123/3374
f 3444/5123/3375 3440/5119/3370 3441/5120/3370 3445/5124/3375
f 3445/5124/3376 3441/5120/3371 3331/5010/3371 3330/5009/3376
f 3302/4981/3377 3361/5040/3377 3442/5121/3377 3446/5125/3377
f 3446/5125/3378 3442/5121/3378 3443/5122/3378 3447/5126/3378
f 3447/5126/3379 3443/5122/3379 3444/5123/3379 3448/5127/3379
f 3448/5127/3380 3444/5123/3375 3445/5124/3375 3449/5128/3380
f 3449/5128/3381 3445/5124/3376 3330/5009/3376 3329/5008/3381
f 3303/4982/3382 3302/4981/3382 3446/5125/3382 3450/5129/3382
f 3450/5129/3383 3446/5125/3383 3447/5126/3383 3451/5130/3383
f 3451/5130/3384 3447/5126/3384 3448/5127/3384 3452/5131/3384
f 3452/5131/3385 3448/5127/3380 3449/5128/3380 3453/5132/3385
f 3453/5132/3386 3449/5128/3381 3329/5008/3381 3328/5007/3386
f 3305/4984/3387 3303/4982/3387 3450/5129/3387 3454/5133/3387
f 3454/5133/3388 3450/5129/3388 3451/5130/3388 3455/5134/3388
f 3455/5134/3389 3451/5130/3389 3452/5131/3389 3456/5135/3389
f 3456/5135/3390 3452/5131/3385 3453/5132/3385 3457/5136/3390
f 3457/5136/3391 3453/5132/3386 3328/5007/3386 3327/5006/3391
f 3307/4986/3392 3305/4984/3392 3454/5133/3392 3458/5137/3392
f 3458/5137/3393 3454/5133/3393 3455/5134/3393 3459/5138/3393
f 3459/5138/3394 3455/5134/3394 3456/5135/3394 3460/5139/3394
f 3460/5139/3395 3456/5135/3390 3457/5136/3390 3461/5140/3395
f 3461/5140/3396 3457/5136/3391 3327/5006/3391 3326/5005/3396
f 3309/4988/3397 3307/4986/3397 3458/5137/3397 3462/5141/3397
f 3462/5141/3398 3458/5137/3398 3459/5138/3398 3463/5142/3398
f 3463/5142/3399 3459/5138/3399 3460/5139/3399 3464/5143/3399
f 3464/5143/3400 3460/5139/3395 3461/5140/3395 3465/5144/3400
f 3465/5144/3401 3461/5140/3396 3326/5005/3396 3325/5004/3401
f 3311/4990/3402 3309/4988/3402 3462/5141/3402 3466/5145/3402
f 3466/5145/3403 3462/5141/3403 3463/5142/3403 3467/5146/3403
f 3467/5146/3404 3463/5142/3404 3464/5143/3404 3468/5147/3404
f 3468/5147/3405 3464/5143/3400 3465/5144/3400 3469/5148/3405
f 3469/5148/3406 3465/5144/3401 3325/5004/3401 3324/5003/3406
f 3313/4992/3407 3311/4990/3407 3466/5145/3407 3470/5149/3407
f 3470/5149/3408 3466/5145/3408 3467/5146/3408 3471/5150/3408
f 3471/5150/3409 3467/5146/3409 3468/5147/3409 3472/5151/3409
f 3472/5151/3410 3468/5147/3405 3469/5148/3405 3473/5152/3410
f 3473/5152/3411 3469/5148/3406 3324/5003/3406 3323/5002/3411
f 3315/4994/3412 3313/4992/3412 3470/5149/3412 3474/5153/3412
f 3474/5153/3413 3470/5149/3413 3471/5150/3413 3475/5154/3413
f 3475/5154/3414 3471/5150/3414 3472/5151/3414 3476/5155/3414
f 3476/5155/3415 3472/5151/3410 3473/5152/3410 3477/5156/3415
f 3477/5156/3416 3473/5152/3411 3323/5002/3411 3322/5001/3416
f 3349/5028/3417 3315/4994/3417 3474/5153/3417 3478/5157/3417
f 3478/5157/3418 3474/5153/3418 3475/5154/3418 3479/5158/3418
f 3479/5158/3419 3475/5154/3419 3476/5155/3419 3480/5159/3419
f 3480/5159/3420 3476/5155/3415 3477/5156/3415 3481/5160/3420
f 3481/5160/3421 3477/5156/3416 3322/5001/3416 3321/5000/3421
f 3353/5032/3422 3349/5028/3422 3478/5157/3422 3482/5161/3422
f 3482/5161/3423 3478/5157/3423 3479/5158/3423 3483/5162/3423
f 3483/5162/3424 3479/5158/3424 3480/5159/3424 3484/5163/3424
f 3484/5163/3425 3480/5159/3420 3481/5160/3420 3485/5164/3425
f 3485/5164/3426 3481/5160/3421 3321/5000/3421 3320/4999/3426
f 3351/5030/3427 3353/5032/3427 3482/5161/3427 3486/5165/3427
f 3486/5165/3428 3482/5161/3428 3483/5162/3428 3487/5166/3428
f 3487/5166/3429 3483/5162/3429 3484/5163/3429 3488/5167/3429
f 3488/5167/3430 3484/5163/3425 3485/5164/3425 3489/5168/3430
f 3489/5168/3431 3485/5164/3426 3320/4999/3426 3319/4998/3431
f 3352/5031/3432 3351/5030/3432 3486/5165/3432 3362/5041/3432
f 3362/5041/3433 3486/5165/3433 3487/5166/3433 3364/5043/3433
f 3364/5043/3434 3487/5166/3434 3488/5167/3434 3366/5045/3434
f 3366/5045/3279 3488/5167/3430 3489/5168/3430 3368/5047/3279
f 3368/5047/3281 3489/5168/3431 3319/4998/3431 3318/4997/3281
f 3254/4933/3244 3269/4948/3244 3352/5031/3244 3300/4979/3244
f 3261/4940/3435 3260/4939/3435 3490/5169/3435 3491/5170/3435
f 3491/5170/3436 3490/5169/3436 3492/5171/3436 3493/5172/3436
f 3493/5172/3277 3492/5171/3277 3494/5173/3277 3495/5174/3277
f 3495/5174/3278 3494/5173/3437 3496/5175/3437 3497/5176/3278
f 3497/5176/3438 3496/5175/3439 3270/4949/3439 3255/4934/3438
f 3268/4947/3440 3261/4940/3440 3491/5170/3440 3498/5177/3440
f 3498/5177/3283 3491/5170/3283 3493/5172/3283 3499/5178/3283
f 3499/5178/3284 3493/5172/3284 3495/5174/3284 3500/5179/3284
f 3500/5179/3441 3495/5174/3278 3497/5176/3278 3501/5180/3441
f 3501/5180/3442 3497/5176/3438 3255/4934/3438 3219/4898/3442
f 3271/4950/3443 3268/4947/3443 3498/5177/3443 3502/5181/3443
f 3502/5181/3444 3498/5177/3444 3499/5178/3444 3503/5182/3444
f 3503/5182/3445 3499/5178/3445 3500/5179/3445 3504/5183/3445
f 3504/5183/3290 3500/5179/3441 3501/5180/3441 3505/5184/3290
f 3505/5184/3291 3501/5180/3442 3219/4898/3442 3218/4897/3291
f 3272/4951/3446 3271/4950/3446 3502/5181/3446 3506/5185/3446
f 3506/5185/3447 3502/5181/3447 3503/5182/3447 3507/5186/3447
f 3507/5186/3294 3503/5182/3294 3504/5183/3294 3508/5187/3294
f 3508/5187/3295 3504/5183/3290 3505/5184/3290 3509/5188/3295
f 3509/5188/3296 3505/5184/3291 3218/4897/3291 3141/4786/3296
f 3273/4952/3448 3272/4951/3448 3506/5185/3448 3510/5189/3448
f 3510/5189/3449 3506/5185/3449 3507/5186/3449 3511/5190/3449
f 3511/5190/3299 3507/5186/3299 3508/5187/3299 3512/5191/3299
f 3512/5191/3300 3508/5187/3295 3509/5188/3295 3513/5192/3300
f 3513/5192/3301 3509/5188/3296 3141/4786/3296 3140/4785/3301
f 3274/4953/3450 3273/4952/3450 3510/5189/3450 3514/5193/3450
f 3514/5193/3451 3510/5189/3451 3511/5190/3451 3515/5194/3451
f 3515/5194/3304 3511/5190/3304 3512/5191/3304 3516/5195/3304
f 3516/5195/3305 3512/5191/3300 3513/5192/3300 3517/5196/3305
f 3517/5196/3306 3513/5192/3301 3140/4785/3301 3215/4894/3306
f 3275/4954/3452 3274/4953/3452 3514/5193/3452 3518/5197/3452
f 3518/5197/3453 3514/5193/3453 3515/5194/3453 3519/5198/3453
f 3519/5198/3309 3515/5194/3309 3516/5195/3309 3520/5199/3309
f 3520/5199/3310 3516/5195/3305 3517/5196/3305 3521/5200/3310
f 3521/5200/3454 3517/5196/3306 3215/4894/3306 3222/4901/3454
f 3276/4955/3312 3275/4954/3312 3518/5197/3312 3522/5201/3312
f 3522/5201/3455 3518/5197/3455 3519/5198/3455 3523/5202/3455
f 3523/5202/3314 3519/5198/3314 3520/5199/3314 3524/5203/3314
f 3524/5203/3456 3520/5199/3310 3521/5200/3310 3525/5204/3456
f 3525/5204/3457 3521/5200/3454 3222/4901/3454 3225/4904/3457
f 3277/4956/3317 3276/4955/3317 3522/5201/3317 3526/5205/3317
f 3526/5205/3458 3522/5201/3458 3523/5202/3458 3527/5206/3458
f 3527/5206/3319 3523/5202/3319 3524/5203/3319 3528/5207/3319
f 3528/5207/3459 3524/5203/3456 3525/5204/3456 3529/5208/3460
f 3529/5208/3461 3525/5204/3457 3225/4904/3457 3229/4908/3461
f 3278/4957/3322 3277/4956/3322 3526/5205/3322 3530/5209/3322
f 3530/5209/3323 3526/5205/3323 3527/5206/3323 3531/5210/3323
f 3531/5210/3324 3527/5206/3324 3528/5207/3324 3532/5211/3324
f 3532/5211/3462 3528/5207/3459 3529/5208/3460 3533/5212/3462
f 3533/5212/3463 3529/5208/3461 3229/4908/3461 3233/4912/3463
f 3279/4958/3464 3278/4957/3464 3530/5209/3464 3534/5213/3464
f 3534/5213/3465 3530/5209/3465 3531/5210/3465 3535/5214/3465
f 3535/5214/3329 3531/5210/3329 3532/5211/3329 3536/5215/3329
f 3536/5215/3330 3532/5211/3462 3533/5212/3462 3537/5216/3330
f 3537/5216/3466 3533/5212/3463 3233/4912/3463 3237/4916/3466
f 3280/4959/3467 3279/4958/3467 3534/5213/3467 3538/5217/3467
f 3538/5217/3333 3534/5213/3333 3535/5214/3333 3539/5218/3333
f 3539/5218/3334 3535/5214/3334 3536/5215/3334 3540/5219/3334
f 3540/5219/3335 3536/5215/3330 3537/5216/3330 3541/5220/3335
f 3541/5220/3468 3537/5216/3466 3237/4916/3466 3241/4920/3468
f 3281/4960/3469 3280/4959/3469 3538/5217/3469 3542/5221/3469
f 3542/5221/3470 3538/5217/3470 3539/5218/3470 3543/5222/3470
f 3543/5222/3339 3539/5218/3339 3540/5219/3339 3544/5223/3339
f 3544/5223/3340 3540/5219/3335 3541/5220/3335 3545/5224/3340
f 3545/5224/3471 3541/5220/3468 3241/4920/3468 3245/4924/3471
f 3282/4961/3472 3281/4960/3472 3542/5221/3472 3546/5225/3472
f 3546/5225/3473 3542/5221/3473 3543/5222/3473 3547/5226/3473
f 3547/5226/3474 3543/5222/3474 3544/5223/3474 3548/5227/3474
f 3548/5227/3345 3544/5223/3340 3545/5224/3340 3549/5228/3345
f 3549/5228/3475 3545/5224/3471 3245/4924/3471 3249/4928/3475
f 3283/4962/3476 3282/4961/3476 3546/5225/3476 3550/5229/3476
f 3550/5229/3348 3546/5225/3348 3547/5226/3348 3551/5230/3348
f 3551/5230/3349 3547/5226/3349 3548/5227/3349 3552/5231/3349
f 3552/5231/3477 3548/5227/3345 3549/5228/3345 3553/5232/3477
f 3553/5232/3478 3549/5228/3475 3249/4928/3475 3253/4932/3478
f 3284/4963/3479 3283/4962/3479 3550/5229/3479 3554/5233/3479
f 3554/5233/3480 3550/5229/3480 3551/5230/3480 3555/5234/3480
f 3555/5234/3354 3551/5230/3354 3552/5231/3354 3556/5235/3354
f 3556/5235/3481 3552/5231/3477 3553/5232/3477 3557/5236/3481
f 3557/5236/3482 3553/5232/3478 3253/4932/3478 3259/4938/3482
f 3285/4964/3483 3284/4963/3483 3554/5233/3483 3558/5237/3483
f 3558/5237/3484 3554/5233/3484 3555/5234/3484 3559/5238/3484
f 3559/5238/3359 3555/5234/3359 3556/5235/3359 3560/5239/3359
f 3560/5239/3485 3556/5235/3481 3557/5236/3481 3561/5240/3485
f 3561/5240/3361 3557/5236/3482 3259/4938/3482 3265/4944/3361
f 3286/4965/3486 3285/4964/3486 3558/5237/3486 3562/5241/3486
f 3562/5241/3363 3558/5237/3363 3559/5238/3363 3563/5242/3363
f 3563/5242/3364 3559/5238/3364 3560/5239/3364 3564/5243/3364
f 3564/5243/3365 3560/5239/3485 3561/5240/3485 3565/5244/3365
f 3565/5244/3487 3561/5240/3361 3265/4944/3361 3213/4892/3487
f 3287/4966/3488 3286/4965/3488 3562/5241/3488 3566/5245/3488
f 3566/5245/3489 3562/5241/3489 3563/5242/3489 3567/5246/3489
f 3567/5246/3369 3563/5242/3369 3564/5243/3369 3568/5247/3369
f 3568/5247/3370 3564/5243/3365 3565/5244/3365 3569/5248/3370
f 3569/5248/3490 3565/5244/3487 3213/4892/3487 3212/4891/3490
f 3288/4967/3491 3287/4966/3491 3566/5245/3491 3570/5249/3491
f 3570/5249/3492 3566/5245/3492 3567/5246/3492 3571/5250/3492
f 3571/5250/3374 3567/5246/3374 3568/5247/3374 3572/5251/3374
f 3572/5251/3375 3568/5247/3370 3569/5248/3370 3573/5252/3375
f 3573/5252/3493 3569/5248/3490 3212/4891/3490 3221/4900/3493
f 3289/4968/3494 3288/4967/3494 3570/5249/3494 3574/5253/3494
f 3574/5253/3495 3570/5249/3495 3571/5250/3495 3575/5254/3495
f 3575/5254/3379 3571/5250/3379 3572/5251/3379 3576/5255/3379
f 3576/5255/3380 3572/5251/3375 3573/5252/3375 3577/5256/3380
f 3577/5256/3496 3573/5252/3493 3221/4900/3493 3224/4903/3496
f 3290/4969/3497 3289/4968/3497 3574/5253/3497 3578/5257/3497
f 3578/5257/3498 3574/5253/3498 3575/5254/3498 3579/5258/3498
f 3579/5258/3384 3575/5254/3384 3576/5255/3384 3580/5259/3384
f 3580/5259/3499 3576/5255/3380 3577/5256/3380 3581/5260/3499
f 3581/5260/3500 3577/5256/3496 3224/4903/3496 3227/4906/3500
f 3291/4970/3501 3290/4969/3501 3578/5257/3501 3582/5261/3501
f 3582/5261/3388 3578/5257/3388 3579/5258/3388 3583/5262/3388
f 3583/5262/3389 3579/5258/3389 3580/5259/3389 3584/5263/3389
f 3584/5263/3502 3580/5259/3499 3581/5260/3499 3585/5264/3502
f 3585/5264/3503 3581/5260/3500 3227/4906/3500 3231/4910/3503
f 3292/4971/3504 3291/4970/3504 3582/5261/3504 3586/5265/3504
f 3586/5265/3505 3582/5261/3505 3583/5262/3505 3587/5266/3505
f 3587/5266/3394 3583/5262/3394 3584/5263/3394 3588/5267/3394
f 3588/5267/3506 3584/5263/3502 3585/5264/3502 3589/5268/3506
f 3589/5268/3507 3585/5264/3503 3231/4910/3503 3235/4914/3507
f 3293/4972/3508 3292/4971/3508 3586/5265/3508 3590/5269/3508
f 3590/5269/3509 3586/5265/3509 3587/5266/3509 3591/5270/3509
f 3591/5270/3399 3587/5266/3399 3588/5267/3399 3592/5271/3399
f 3592/5271/3400 3588/5267/3506 3589/5268/3506 3593/5272/3400
f 3593/5272/3510 3589/5268/3507 3235/4914/3507 3239/4918/3510
f 3294/4973/3511 3293/4972/3511 3590/5269/3511 3594/5273/3511
f 3594/5273/3512 3590/5269/3512 3591/5270/3512 3595/5274/3512
f 3595/5274/3404 3591/5270/3404 3592/5271/3404 3596/5275/3404
f 3596/5275/3405 3592/5271/3400 3593/5272/3400 3597/5276/3405
f 3597/5276/3406 3593/5272/3510 3239/4918/3510 3243/4922/3406
f 3295/4974/3513 3294/4973/3513 3594/5273/3513 3598/5277/3513
f 3598/5277/3514 3594/5273/3514 3595/5274/3514 3599/5278/3514
f 3599/5278/3409 3595/5274/3409 3596/5275/3409 3600/5279/3409
f 3600/5279/3410 3596/5275/3405 3597/5276/3405 3601/5280/3410
f 3601/5280/3411 3597/5276/3406 3243/4922/3406 3247/4926/3411
f 3296/4975/3412 3295/4974/3412 3598/5277/3412 3602/5281/3412
f 3602/5281/3515 3598/5277/3515 3599/5278/3515 3603/5282/3515
f 3603/5282/3414 3599/5278/3414 3600/5279/3414 3604/5283/3414
f 3604/5283/3415 3600/5279/3410 3601/5280/3410 3605/5284/3415
f 3605/5284/3416 3601/5280/3411 3247/4926/3411 3251/4930/3416
f 3297/4976/3516 3296/4975/3516 3602/5281/3516 3606/5285/3516
f 3606/5285/3517 3602/5281/3517 3603/5282/3517 3607/5286/3517
f 3607/5286/3419 3603/5282/3419 3604/5283/3419 3608/5287/3419
f 3608/5287/3420 3604/5283/3415 3605/5284/3415 3609/5288/3420
f 3609/5288/3421 3605/5284/3416 3251/4930/3416 3257/4936/3421
f 3298/4977/3422 3297/4976/3422 3606/5285/3422 3610/5289/3422
f 3610/5289/3518 3606/5285/3518 3607/5286/3518 3611/5290/3518
f 3611/5290/3424 3607/5286/3424 3608/5287/3424 3612/5291/3424
f 3612/5291/3519 3608/5287/3420 3609/5288/3420 3613/5292/3519
f 3613/5292/3520 3609/5288/3421 3257/4936/3421 3263/4942/3520
f 3299/4978/3521 3298/4977/3521 3610/5289/3521 3614/5293/3521
f 3614/5293/3428 3610/5289/3428 3611/5290/3428 3615/5294/3428
f 3615/5294/3429 3611/5290/3429 3612/5291/3429 3616/5295/3429
f 3616/5295/3430 3612/5291/3519 3613/5292/3519 3617/5296/3430
f 3617/5296/3522 3613/5292/3520 3263/4942/3520 3267/4946/3522
f 3260/4939/3523 3299/4978/3523 3614/5293/3523 3490/5169/3523
f 3490/5169/3524 3614/5293/3524 3615/5294/3524 3492/5171/3524
f 3492/5171/3434 3615/5294/3434 3616/5295/3434 3494/5173/3434
f 3494/5173/3437 3616/5295/3430 3617/5296/3430 3496/5175/3437
f 3496/5175/3439 3617/5296/3522 3267/4946/3522 3270/4949/3439
f 3269/4948/3243 3254/4933/3243 3255/4934/3243 3270/4949/3243
f 3075/4720/3525 3176/4824/3525 3145/5297/3525 3081/5298/3525
f 3076/4721/3526 3075/4720/3526 3081/5298/3526 3080/5299/3526
f 3178/4830/3527 3076/4721/3527 3080/5299/3527 3083/5300/3527
f 3179/4831/3528 3178/4830/3528 3083/5300/3528 3085/5301/3528
f 3180/4833/3529 3179/4831/3529 3085/5301/3529 3087/5302/3529
f 3181/4835/3530 3180/4833/3530 3087/5303/3530 3089/5304/3530
f 3182/4837/3531 3181/4835/3531 3089/5304/3531 3091/5305/3531
f 3183/4839/3532 3182/4837/3532 3091/5305/3532 3093/5306/3532
f 3184/4841/3533 3183/4839/3533 3093/5307/3533 3095/5308/3533
f 3185/4843/3534 3184/4841/3534 3095/5308/3534 3097/5309/3534
f 3186/4845/3535 3185/4843/3535 3097/5309/3535 3099/5310/3535
f 3187/4847/3536 3186/4845/3536 3099/5311/3536 3101/5312/3536
f 3188/4849/3537 3187/4847/3537 3101/5312/3537 3103/5313/3537
f 3189/4851/3538 3188/4849/3538 3103/5313/3538 3105/5314/3538
f 3190/4853/3539 3189/4851/3539 3105/5314/3539 3107/5315/3539
f 3191/4855/3540 3190/4853/3540 3107/5315/3540 3109/5316/3540
f 3192/4857/3541 3191/4855/3541 3109/5316/3541 3111/5317/3541
f 3193/4859/3542 3192/4857/3542 3111/5317/3542 3113/5318/3542
f 3194/4861/3543 3193/4859/3543 3113/5318/3543 3115/5319/3543
f 3195/4863/3544 3194/4861/3544 3115/5319/3544 3117/5320/3544
f 3196/4865/3545 3195/4863/3545 3117/5321/3545 3119/5322/3545
f 3197/4867/3546 3196/4865/3546 3119/5322/3546 3121/5323/3546
f 3198/4869/3547 3197/4867/3547 3121/5323/3547 3123/5324/3547
f 3199/4871/3548 3198/4869/3548 3123/5325/3548 3125/5326/3548
f 3200/4873/3549 3199/4871/3549 3125/5326/3549 3127/5327/3549
f 3201/4875/3550 3200/4873/3550 3127/5328/3550 3129/5329/3550
f 3202/4877/3551 3201/4875/3551 3129/5330/3551 3131/5331/3551
f 3203/4879/3552 3202/4877/3552 3131/5331/3552 3133/5332/3552
f 3204/4881/3553 3203/4879/3553 3133/5333/3553 3135/5334/3553
f 3205/4883/3554 3204/4881/3554 3135/5334/3554 3137/5335/3554
f 3177/4826/3555 3205/4883/3555 3137/5335/3555 3143/5336/3555
f 3176/4827/3556 3177/4826/3556 3143/5336/3556 3145/5337/3556
f 3144/4789/3243 3078/4723/3243 3081/4726/3243 3145/4790/3243
f 3618/5338/3557 3619/5339/3558 3620/5340/3558 3621/5341/3557
f 3622/5342/1193 3623/5343/1193 3624/5344/1193 3625/5345/1193 3626/5346/1193 3627/5347/1193
f 3628/5348/3557 3629/5349/3557 3630/5350/3557 3631/5351/3557
f 3632/5352/3557 3633/5353/3557 3634/5354/3557 3635/5355/3557
f 3636/5356/3559 3637/5357/3560 3638/5358/3560 3639/5359/3559
f 3640/5360/3558 3641/5361/3558 3642/5362/3558 3643/5363/3558
f 3644/5364/3559 3636/5356/3559 3639/5359/3559 3645/5365/3559
f 3646/5366/3561 3647/5367/3561 3648/5368/3561 3649/5369/3561
f 3650/5370/3558 3651/5371/3557 3652/5372/3557 3653/5373/3558
f 3654/5374/3558 3655/5375/3558 3656/5376/3558 3657/5377/3558
f 3658/5378/3562 3659/5379/3562 3660/5380/3562 3661/5381/3562
f 3662/5382/3557 3663/5383/3558 3664/5384/3558 3665/5385/3557
f 3666/5386/3558 3667/5387/3558 3668/5388/3558 3669/5389/3558
f 3670/5390/3558 3671/5391/3558 3672/5392/3558 3673/5393/3558
f 3674/5394/3558 3675/5395/3557 3676/5396/3557 3677/5397/3558
f 3678/5398/3563 3661/5399/3563 3628/5348/3563 3675/5395/3563
f 3662/5382/3564 3633/5353/3564 3648/5400/3564 3679/5401/3564
f 3658/5378/3565 3680/5402/3565 3644/5403/3565
f 3681/5404/3566 3647/5405/3566 3637/5357/3566
f 3660/5380/3567 3627/5347/3567 3618/5338/3567 3629/5406/3567
f 3625/5345/3568 3649/5369/3568 3632/5352/3568 3651/5371/3568
f 3659/5379/3569 3645/5365/3569 3622/5342/3569
f 3638/5358/3570 3646/5366/3570 3624/5344/3570
f 3663/5383/3571 3682/5407/3571 3674/5394/3571 3641/5361/3571 3654/5374/3571
f 3619/5339/3572 3626/5346/3572 3650/5370/3572 3655/5375/3572 3640/5360/3572
f 3683/5408/3573 3656/5376/3573 3653/5373/3573
f 3652/5372/3574 3635/5355/3574 3684/5409/3574
f 3634/5354/3575 3665/5385/3575 3685/5410/3575
f 3686/5411/3576 3664/5384/3576 3657/5377/3576
f 3687/5412/3577 3630/5350/3577 3621/5341/3577
f 3620/5340/3578 3643/5363/3578 3688/5413/3578
f 3642/5362/3579 3677/5397/3579 3689/5414/3579
f 3690/5415/3580 3676/5396/3580 3631/5351/3580
f 3658/5378/3581 3661/5381/3581 3678/5416/3581 3680/5402/3581
f 3663/5417/3582 3662/5418/3582 3679/5419/3582 3682/5420/3582
f 3648/5421/3583 3647/5405/3583 3681/5404/3583 3679/5419/3583
f 3636/5356/3584 3644/5364/3584 3680/5422/3584 3691/5423/3584
f 3659/5379/3585 3658/5378/3585 3644/5403/3585 3645/5365/3585
f 3647/5367/3586 3646/5366/3586 3638/5358/3586 3637/5424/3586
f 3623/5343/3587 3622/5342/3587 3645/5365/3587 3639/5359/3587
f 3660/5380/3588 3659/5379/3588 3622/5342/3588 3627/5347/3588
f 3646/5366/3589 3649/5369/3589 3625/5345/3589 3624/5344/3589
f 3619/5339/3590 3618/5338/3590 3627/5347/3590 3626/5346/3590
f 3661/5381/3591 3660/5380/3591 3629/5406/3591 3628/5425/3591
f 3649/5369/3592 3648/5368/3592 3633/5426/3592 3632/5352/3592
f 3675/5395/3593 3674/5394/3593 3682/5407/3593 3678/5398/3593
f 3637/5357/3594 3636/5356/3584 3691/5423/3584 3681/5404/3594
f 3624/5344/3595 3623/5343/3587 3639/5359/3587 3638/5358/3595
f 3651/5371/3596 3650/5370/3596 3626/5346/3596 3625/5345/3596
f 3655/5375/3558 3654/5374/3558 3641/5361/3558 3640/5360/3558
f 3684/5409/3596 3683/5408/3596 3653/5373/3596 3652/5372/3596
f 3683/5408/3597 3686/5411/3597 3657/5377/3597 3656/5376/3597
f 3635/5355/3598 3634/5354/3598 3685/5410/3598 3684/5409/3598
f 3686/5411/3582 3685/5410/3582 3665/5385/3582 3664/5384/3582
f 3656/5376/3558 3655/5375/3558 3650/5370/3558 3653/5373/3558
f 3632/5352/3557 3635/5355/3557 3652/5372/3557 3651/5371/3557
f 3662/5382/3557 3665/5385/3557 3634/5354/3557 3633/5353/3557
f 3654/5374/3558 3657/5377/3558 3664/5384/3558 3663/5383/3558
f 3688/5413/3590 3687/5412/3590 3621/5341/3590 3620/5340/3590
f 3631/5351/3597 3630/5350/3597 3687/5412/3597 3690/5415/3597
f 3643/5363/3598 3642/5362/3598 3689/5414/3598 3688/5413/3598
f 3690/5415/3593 3689/5414/3593 3677/5397/3593 3676/5396/3593
f 3630/5350/3557 3629/5349/3557 3618/5338/3557 3621/5341/3557
f 3640/5360/3558 3643/5363/3558 3620/5340/3558 3619/5339/3558
f 3674/5394/3558 3677/5397/3558 3642/5362/3558 3641/5361/3558
f 3628/5348/3557 3631/5351/3557 3676/5396/3557 3675/5395/3557
f 3678/5427/1192 3682/5420/1192 3679/5419/1192 3681/5404/1192 3691/5423/1192 3680/5422/1192
f 3692/5428/3599 3693/5429/3599 3694/5430/3599 3695/5431/3599
f 3696/5432/3600 3697/5433/3600 3698/5434/3600 3699/5435/3600
f 3700/5436/3601 3696/5432/3601 3699/5435/3601 3701/5437/3601
f 3702/5438/3602 3692/5428/3602 3695/5431/3602 3703/5439/3602
f 3704/5440/3603 3702/5438/3603 3703/5439/3603 3705/5441/3603
f 3706/5442/3604 3700/5436/3604 3701/5437/3604 3707/5443/3604
f 3697/5433/3605 3706/5442/3605 3707/5443/3605 3698/5434/3605
f 3708/5444/3606 3709/5445/3607 3710/5446/3608 3711/5447/3608 3712/5448/3606 3713/5449/3606 3714/5450/3607 3715/5451/3608 3716/5452/3606 3717/5453/3606 3718/5454/3606 3719/5455/3606 3720/5456/3606
f 3721/5457/1192 3722/5458/1192 3723/5459/1192 3724/5460/1192
f 3725/5461/3609 3726/5462/3609 3727/5463/3609 3728/5464/3609
f 3729/5465/1193 3730/5466/1193 3731/5467/1193 3732/5468/1193 3733/5469/1193
f 3693/5429/3610 3704/5440/3610 3705/5441/3610 3694/5430/3610
f 3734/5470/3608 3735/5471/3608 3736/5472/3608 3737/5473/3608
f 3738/5474/3611 3739/5475/3611 3740/5476/3611 3741/5477/3611
f 3742/5478/3606 3743/5479/3608 3744/5480/3608 3745/5481/3606
f 3724/5460/3612 3725/5461/3612 3746/5482/3612
f 3721/5483/3613 3747/5484/3613 3717/5485/3613
f 3722/5458/3614 3716/5486/3614 3740/5487/3614
f 3723/5459/3615 3739/5488/3615 3726/5462/3615
f 3728/5464/3616 3729/5465/3616 3748/5489/3616
f 3727/5463/3617 3738/5474/3617 3730/5466/3617
f 3749/5490/3618 3733/5469/3618 3742/5478/3618 3718/5491/3618
f 3731/5467/3619 3741/5477/3619 3715/5492/3619 3735/5471/3619
f 3743/5479/3620 3732/5468/3620 3734/5470/3620 3710/5446/3620
f 3736/5472/3621 3714/5450/3621 3705/5441/3621
f 3737/5473/3622 3703/5439/3622 3711/5447/3622
f 3744/5480/3623 3709/5445/3623 3698/5434/3623
f 3745/5481/3624 3707/5443/3624 3719/5455/3624
f 3746/5493/3625 3747/5484/3625 3721/5483/3625 3724/5494/3625
f 3740/5487/3626 3739/5488/3626 3723/5459/3626 3722/5458/3626
f 3748/5495/3627 3746/5493/3627 3725/5496/3627 3728/5497/3627
f 3739/5488/3628 3738/5474/3628 3727/5463/3628 3726/5462/3628
f 3749/5498/3629 3748/5495/3629 3729/5465/3629 3733/5469/3629
f 3738/5474/3630 3741/5477/3630 3731/5467/3630 3730/5466/3630
f 3743/5479/3631 3742/5478/3631 3733/5469/3631 3732/5468/3631
f 3747/5484/3632 3749/5498/3632 3718/5499/3632 3717/5485/3632
f 3741/5477/3633 3740/5500/3633 3716/5452/3633 3715/5451/3633
f 3717/5501/3634 3716/5486/3634 3722/5458/3634 3721/5457/3634
f 3726/5462/3635 3725/5461/3635 3724/5460/3635 3723/5459/3635
f 3730/5466/3636 3729/5465/3636 3728/5464/3636 3727/5463/3636
f 3735/5471/3637 3734/5470/3637 3732/5468/3637 3731/5467/3637
f 3705/5441/3638 3703/5439/3638 3737/5473/3638 3736/5472/3638
f 3703/5439/3639 3695/5431/3639 3712/5448/3639 3711/5447/3639
f 3714/5450/3640 3713/5449/3640 3694/5430/3640 3705/5441/3640
f 3695/5431/3641 3694/5430/3641 3713/5449/3641 3712/5448/3641
f 3711/5447/3608 3710/5446/3608 3734/5470/3608 3737/5473/3608
f 3715/5451/3608 3714/5450/3607 3736/5472/3608 3735/5471/3608
f 3698/5434/3642 3707/5443/3642 3745/5481/3642 3744/5480/3642
f 3720/5456/3643 3719/5455/3643 3707/5443/3643 3701/5437/3643
f 3709/5445/3644 3708/5444/3644 3699/5435/3644 3698/5434/3644
f 3701/5437/3645 3699/5435/3645 3708/5444/3645 3720/5456/3645
f 3719/5455/3606 3718/5454/3606 3742/5478/3606 3745/5481/3606
f 3710/5446/3608 3709/5445/3607 3744/5480/3608 3743/5479/3608
f 3746/5493/3646 3748/5495/3646 3749/5498/3646 3747/5484/3646
f 3750/5502/3647 3751/5503/3647 3752/5504/3647 3753/5505/3647
f 3754/5506/1193 3755/5507/1193 3756/5508/1193 3757/5509/1193
f 3758/5510/3648 3759/5511/3648 3760/5512/3648 3761/5513/3648
f 3762/5514/1192 3763/5515/1192 3764/5516/1192 3765/5517/1192
f 3766/5518/3649 3767/5519/3649 3768/5520/3649 3769/5521/3649
f 3770/5522/3650 3753/5523/3650 3762/5524/3650
f 3752/5525/3651 3760/5512/3651 3763/5526/3651
f 3771/5527/3652 3765/5517/3652 3766/5518/3652
f 3759/5528/3653 3767/5519/3653 3764/5516/3653
f 3772/5529/3654 3757/5509/3654 3750/5502/3654
f 3761/5513/3655 3751/5503/3655 3756/5508/3655
f 3773/5530/3656 3769/5521/3656 3754/5506/3656
f 3758/5510/3657 3755/5507/3657 3768/5520/3657
f 3771/5527/3658 3770/5531/3658 3762/5514/3658 3765/5517/3658
f 3753/5532/3659 3752/5533/3659 3763/5515/3659 3762/5514/3659
f 3760/5512/3660 3759/5511/3660 3764/5534/3660 3763/5526/3660
f 3767/5519/3661 3766/5518/3661 3765/5517/3661 3764/5516/3661
f 3773/5530/3662 3771/5527/3662 3766/5518/3662 3769/5521/3662
f 3759/5528/3663 3758/5510/3663 3768/5520/3663 3767/5519/3663
f 3755/5507/3664 3754/5506/3664 3769/5521/3664 3768/5520/3664
f 3772/5529/3665 3773/5530/3665 3754/5506/3665 3757/5509/3665
f 3758/5510/3666 3761/5513/3666 3756/5508/3666 3755/5507/3666
f 3751/5503/3667 3750/5502/3667 3757/5509/3667 3756/5508/3667
f 3770/5522/3668 3772/5529/3668 3750/5502/3668 3753/5523/3668
f 3761/5513/3669 3760/5512/3669 3752/5525/3669 3751/5503/3669
f 3771/5535/3670 3773/5530/3670 3772/5529/3670 3770/5522/3670
